{"type":"FeatureCollection","features":[{"type":"Feature","properties":{"district_code":"01","name":"Centro"},"geometry":{"type":"Polygon","coordinates":[[[-3.69316,40.40735],[-3.6932,40.4072],[-3.69323,40.40699],[-3.69368,40.40713],[-3.69385,40.40726],[-3.6939,40.40729],[-3.69397,40.40729],[-3.6941,40.40727],[-3.69529,40.40695],[-3.69541,40.407],[-3.69787,40.40635],[-3.69794,40.40633],[-3.69938,40.40593],[-3.70008,40.40573],[-3.70098,40.4055],[-3.701,40.4055],[-3.70255,40.40507],[-3.70297,40.40506],[-3.70389,40.4052],[-3.70651,40.40568],[-3.7071,40.4058],[-3.7084,40.40607],[-3.70954,40.40628],[-3.70991,40.40633],[-3.71128,40.40656],[-3.71168,40.40666],[-3.71205,40.40674],[-3.71369,40.40744],[-3.71523,40.40808],[-3.71677,40.4087],[-3.71834,40.41111],[-3.71785,40.41208],[-3.71694,40.41392],[-3.71943,40.41393],[-3.71964,40.41394],[-3.7205,40.41395],[-3.72295,40.41399],[-3.72285,40.41533],[-3.72238,40.41717],[-3.72216,40.41804],[-3.72205,40.41846],[-3.72184,40.41858],[-3.72151,40.41877],[-3.72107,40.41912],[-3.7207,40.41947],[-3.7204,40.41989],[-3.7203,40.42007],[-3.7202,40.42024],[-3.72019,40.42025],[-3.71806,40.42029],[-3.7168,40.42034],[-3.71598,40.42035],[-3.7155,40.4204],[-3.7155,40.4204],[-3.7139,40.42148],[-3.71338,40.42182],[-3.71333,40.4219],[-3.71317,40.42206],[-3.71304,40.42219],[-3.71172,40.42296],[-3.71116,40.42329],[-3.71092,40.42342],[-3.71089,40.42343],[-3.71171,40.4243],[-3.71246,40.42536],[-3.71317,40.42641],[-3.7139,40.42746],[-3.71413,40.42778],[-3.71453,40.42832],[-3.7156,40.42977],[-3.7162,40.4306],[-3.71623,40.43065],[-3.71463,40.43048],[-3.71352,40.43036],[-3.71186,40.43019],[-3.7105,40.43006],[-3.70883,40.42988],[-3.70772,40.42978],[-3.70741,40.42976],[-3.70581,40.42961],[-3.70364,40.42924],[-3.70241,40.42906],[-3.70195,40.42897],[-3.69941,40.42843],[-3.69713,40.42794],[-3.69576,40.42764],[-3.69512,40.42734],[-3.69385,40.42671],[-3.69139,40.42549],[-3.69046,40.42526],[-3.69072,40.42447],[-3.69131,40.42314],[-3.69309,40.41934],[-3.69297,40.41888],[-3.69317,40.41848],[-3.69348,40.41694],[-3.6936,40.41634],[-3.69364,40.41588],[-3.69344,40.41513],[-3.6932,40.41403],[-3.6929,40.41264],[-3.69265,40.41147],[-3.69237,40.4102],[-3.69222,40.40971],[-3.69194,40.40908],[-3.69203,40.4087],[-3.69186,40.40844],[-3.69256,40.408],[-3.69284,40.40778],[-3.69297,40.40762],[-3.69297,40.40762],[-3.69301,40.40757],[-3.69316,40.40735]]]}},{"type":"Feature","properties":{"district_code":"02","name":"Arganzuela"},"geometry":{"type":"Polygon","coordinates":[[[-3.70389,40.4052],[-3.70297,40.40506],[-3.70255,40.40507],[-3.701,40.4055],[-3.70098,40.4055],[-3.70008,40.40573],[-3.69938,40.40593],[-3.69794,40.40633],[-3.69787,40.40635],[-3.69541,40.407],[-3.69529,40.40695],[-3.6941,40.40727],[-3.69397,40.40729],[-3.6939,40.40729],[-3.69385,40.40726],[-3.69368,40.40713],[-3.69323,40.40699],[-3.6932,40.4072],[-3.69316,40.40735],[-3.69301,40.40757],[-3.69297,40.40762],[-3.69297,40.40762],[-3.69284,40.40778],[-3.69256,40.408],[-3.69186,40.40844],[-3.69151,40.40815],[-3.6914,40.40811],[-3.69118,40.40799],[-3.69082,40.40776],[-3.69025,40.40733],[-3.69021,40.40736],[-3.68988,40.40712],[-3.68916,40.40672],[-3.68887,40.40654],[-3.68862,40.40639],[-3.68779,40.40563],[-3.6867,40.40463],[-3.68467,40.40323],[-3.68464,40.40322],[-3.6826,40.40239],[-3.68252,40.40236],[-3.68251,40.40236],[-3.68246,40.40235],[-3.68237,40.40235],[-3.68229,40.40237],[-3.68208,40.40227],[-3.68121,40.40187],[-3.68061,40.40159],[-3.68008,40.40134],[-3.67963,40.40106],[-3.6796,40.40104],[-3.67904,40.4008],[-3.6768,40.39895],[-3.67629,40.39867],[-3.67595,40.39841],[-3.6757,40.39822],[-3.67505,40.39754],[-3.67495,40.39739],[-3.67443,40.39657],[-3.67352,40.39432],[-3.67352,40.39431],[-3.67454,40.39375],[-3.67526,40.39326],[-3.67644,40.39233],[-3.67756,40.39148],[-3.67829,40.39091],[-3.67872,40.3905],[-3.67915,40.38999],[-3.68235,40.38512],[-3.68273,40.38465],[-3.68294,40.38444],[-3.68315,40.38428],[-3.68335,40.38414],[-3.6836,40.384],[-3.68397,40.38388],[-3.68431,40.38379],[-3.68487,40.38368],[-3.68698,40.38328],[-3.68745,40.38316],[-3.68822,40.38297],[-3.68876,40.38279],[-3.68911,40.38266],[-3.68948,40.38249],[-3.68975,40.38233],[-3.69215,40.38411],[-3.69464,40.38617],[-3.69562,40.38698],[-3.69809,40.3891],[-3.69956,40.39065],[-3.70239,40.39364],[-3.70338,40.39445],[-3.7044,40.39508],[-3.70464,40.39523],[-3.70734,40.39589],[-3.70823,40.39611],[-3.70879,40.39628],[-3.7097,40.39655],[-3.71029,40.3968],[-3.7108,40.39701],[-3.71139,40.39733],[-3.71216,40.39789],[-3.71274,40.39836],[-3.71318,40.39874],[-3.71345,40.39896],[-3.71405,40.39935],[-3.7149,40.39967],[-3.7159,40.39992],[-3.71642,40.39998],[-3.71677,40.4],[-3.71707,40.39998],[-3.71731,40.39996],[-3.71896,40.39983],[-3.71901,40.39983],[-3.71932,40.39984],[-3.71973,40.3999],[-3.71999,40.39995],[-3.72035,40.40009],[-3.72113,40.40051],[-3.72171,40.40095],[-3.72184,40.40115],[-3.72195,40.40133],[-3.72222,40.40196],[-3.72225,40.40207],[-3.7224,40.40257],[-3.72258,40.40379],[-3.72266,40.40418],[-3.72272,40.40455],[-3.72274,40.40522],[-3.72265,40.40583],[-3.72237,40.40674],[-3.72226,40.40705],[-3.72222,40.40717],[-3.72182,40.40851],[-3.72261,40.41138],[-3.72276,40.41171],[-3.72287,40.41191],[-3.7229,40.41197],[-3.72292,40.41201],[-3.72292,40.41237],[-3.72292,40.41238],[-3.72295,40.41399],[-3.7205,40.41395],[-3.71964,40.41394],[-3.71943,40.41393],[-3.71694,40.41392],[-3.71785,40.41208],[-3.71834,40.41111],[-3.71677,40.4087],[-3.71523,40.40808],[-3.71369,40.40744],[-3.71205,40.40674],[-3.71168,40.40666],[-3.71128,40.40656],[-3.70991,40.40633],[-3.70954,40.40628],[-3.7084,40.40607],[-3.7071,40.4058],[-3.70651,40.40568],[-3.70389,40.4052]]]}},{"type":"Feature","properties":{"district_code":"03","name":"Retiro"},"geometry":{"type":"Polygon","coordinates":[[[-3.66409,40.40852],[-3.66515,40.40646],[-3.66521,40.40634],[-3.66557,40.40556],[-3.66633,40.40386],[-3.66669,40.40289],[-3.66678,40.40262],[-3.66828,40.39964],[-3.66926,40.39832],[-3.66963,40.39783],[-3.67006,40.39739],[-3.6704,40.39707],[-3.67096,40.39657],[-3.67108,40.39644],[-3.67204,40.39531],[-3.67292,40.39467],[-3.67352,40.39431],[-3.67352,40.39432],[-3.67443,40.39657],[-3.67495,40.39739],[-3.67505,40.39754],[-3.6757,40.39822],[-3.67595,40.39841],[-3.67629,40.39867],[-3.6768,40.39895],[-3.67904,40.4008],[-3.6796,40.40104],[-3.67963,40.40106],[-3.68008,40.40134],[-3.68061,40.40159],[-3.68121,40.40187],[-3.68208,40.40227],[-3.68229,40.40237],[-3.68237,40.40235],[-3.68246,40.40235],[-3.68251,40.40236],[-3.68252,40.40236],[-3.6826,40.40239],[-3.68464,40.40322],[-3.68467,40.40323],[-3.6867,40.40463],[-3.68779,40.40563],[-3.68862,40.40639],[-3.68887,40.40654],[-3.68916,40.40672],[-3.68988,40.40712],[-3.69021,40.40736],[-3.69025,40.40733],[-3.69082,40.40776],[-3.69118,40.40799],[-3.6914,40.40811],[-3.69151,40.40815],[-3.69186,40.40844],[-3.69203,40.4087],[-3.69194,40.40908],[-3.69222,40.40971],[-3.69237,40.4102],[-3.69265,40.41147],[-3.6929,40.41264],[-3.6932,40.41403],[-3.69344,40.41513],[-3.69364,40.41588],[-3.6936,40.41634],[-3.69348,40.41694],[-3.69317,40.41848],[-3.69297,40.41888],[-3.69309,40.41934],[-3.69219,40.41951],[-3.68872,40.42],[-3.68592,40.42058],[-3.68587,40.42059],[-3.6852,40.42071],[-3.68475,40.42079],[-3.68459,40.42082],[-3.68446,40.42084],[-3.6831,40.42106],[-3.68244,40.42117],[-3.68122,40.42142],[-3.67996,40.42166],[-3.67943,40.42168],[-3.67897,40.42167],[-3.67893,40.42167],[-3.67752,40.42161],[-3.676,40.42154],[-3.67439,40.42146],[-3.67283,40.42139],[-3.669,40.42119],[-3.66502,40.42021],[-3.66292,40.41966],[-3.6587,40.41867],[-3.65897,40.41744],[-3.65944,40.41655],[-3.66059,40.4147],[-3.66105,40.41394],[-3.66116,40.41377],[-3.66148,40.41325],[-3.66249,40.41165],[-3.66253,40.41157],[-3.66292,40.41096],[-3.66292,40.41096],[-3.66339,40.4099],[-3.66376,40.40917],[-3.66409,40.40852]]]}},{"type":"Feature","properties":{"district_code":"04","name":"Salamanca"},"geometry":{"type":"Polygon","coordinates":[[[-3.6594,40.43827],[-3.65959,40.43698],[-3.6596,40.43692],[-3.65969,40.43639],[-3.65971,40.43624],[-3.65983,40.43559],[-3.6599,40.43512],[-3.66002,40.43466],[-3.66019,40.43394],[-3.66081,40.43142],[-3.66059,40.42946],[-3.66011,40.42694],[-3.65965,40.42451],[-3.65954,40.42383],[-3.65915,40.42146],[-3.6587,40.41867],[-3.66292,40.41966],[-3.66502,40.42021],[-3.669,40.42119],[-3.67283,40.42139],[-3.67439,40.42146],[-3.676,40.42154],[-3.67752,40.42161],[-3.67893,40.42167],[-3.67897,40.42167],[-3.67943,40.42168],[-3.67996,40.42166],[-3.68122,40.42142],[-3.68244,40.42117],[-3.6831,40.42106],[-3.68446,40.42084],[-3.68459,40.42082],[-3.68475,40.42079],[-3.6852,40.42071],[-3.68587,40.42059],[-3.68592,40.42058],[-3.68872,40.42],[-3.69219,40.41951],[-3.69309,40.41934],[-3.69131,40.42314],[-3.69072,40.42447],[-3.69046,40.42526],[-3.69006,40.42663],[-3.68971,40.428],[-3.68935,40.42939],[-3.68904,40.43062],[-3.68845,40.4329],[-3.68841,40.43305],[-3.68876,40.43517],[-3.68878,40.4352],[-3.68939,40.4361],[-3.69072,40.43798],[-3.68626,40.4378],[-3.68519,40.43775],[-3.68419,40.4377],[-3.68312,40.43765],[-3.68177,40.43759],[-3.6805,40.43752],[-3.67913,40.43744],[-3.67801,40.43739],[-3.67762,40.4374],[-3.67761,40.4374],[-3.67743,40.43741],[-3.67703,40.43758],[-3.67593,40.43825],[-3.67531,40.43863],[-3.67514,40.4387],[-3.67492,40.43878],[-3.67474,40.43883],[-3.67447,40.43889],[-3.67334,40.43909],[-3.67235,40.43927],[-3.67183,40.43939],[-3.67132,40.43954],[-3.67093,40.43969],[-3.67049,40.43986],[-3.67011,40.44005],[-3.66979,40.44022],[-3.66845,40.44101],[-3.66682,40.44196],[-3.66611,40.44237],[-3.66528,40.44284],[-3.6643,40.4433],[-3.66427,40.44331],[-3.66267,40.44389],[-3.6606,40.44461],[-3.66012,40.44394],[-3.65975,40.44328],[-3.65949,40.44262],[-3.65935,40.44214],[-3.65931,40.44174],[-3.65925,40.44083],[-3.65924,40.44068],[-3.65923,40.4405],[-3.65929,40.43924],[-3.6593,40.43893],[-3.6594,40.43827]]]}},{"type":"Feature","properties":{"district_code":"05","name":"Chamart\u00edn"},"geometry":{"type":"Polygon","coordinates":[[[-3.67365,40.48246],[-3.67368,40.48219],[-3.67371,40.48205],[-3.67388,40.4812],[-3.67404,40.48043],[-3.67408,40.48024],[-3.67417,40.47976],[-3.6742,40.47957],[-3.67423,40.47937],[-3.67436,40.47873],[-3.67439,40.47836],[-3.6744,40.47819],[-3.67444,40.47779],[-3.67443,40.4772],[-3.67439,40.47661],[-3.67437,40.47642],[-3.67437,40.47642],[-3.67433,40.47611],[-3.67423,40.47558],[-3.67418,40.47545],[-3.67408,40.47515],[-3.67374,40.47413],[-3.67356,40.47375],[-3.67325,40.47306],[-3.672,40.47142],[-3.67111,40.47025],[-3.66841,40.4667],[-3.66823,40.46636],[-3.66772,40.46538],[-3.66494,40.46003],[-3.66485,40.45982],[-3.66435,40.45854],[-3.66381,40.45682],[-3.66342,40.45508],[-3.6633,40.4543],[-3.66313,40.45316],[-3.6629,40.45173],[-3.66284,40.45137],[-3.66258,40.45015],[-3.66234,40.44911],[-3.66229,40.44895],[-3.66216,40.44847],[-3.66188,40.44768],[-3.66169,40.44698],[-3.66148,40.44638],[-3.6612,40.44567],[-3.6606,40.44461],[-3.66267,40.44389],[-3.66427,40.44331],[-3.6643,40.4433],[-3.66528,40.44284],[-3.66611,40.44237],[-3.66682,40.44196],[-3.66845,40.44101],[-3.66979,40.44022],[-3.67011,40.44005],[-3.67049,40.43986],[-3.67093,40.43969],[-3.67132,40.43954],[-3.67183,40.43939],[-3.67235,40.43927],[-3.67334,40.43909],[-3.67447,40.43889],[-3.67474,40.43883],[-3.67492,40.43878],[-3.67514,40.4387],[-3.67531,40.43863],[-3.67593,40.43825],[-3.67703,40.43758],[-3.67743,40.43741],[-3.67761,40.4374],[-3.67762,40.4374],[-3.67801,40.43739],[-3.67913,40.43744],[-3.6805,40.43752],[-3.68177,40.43759],[-3.68312,40.43765],[-3.68419,40.4377],[-3.68519,40.43775],[-3.68626,40.4378],[-3.69072,40.43798],[-3.69112,40.43921],[-3.69179,40.44126],[-3.69126,40.44621],[-3.69114,40.44747],[-3.6907,40.45213],[-3.69031,40.45614],[-3.69003,40.45905],[-3.68989,40.46058],[-3.68975,40.46199],[-3.68959,40.46342],[-3.68934,40.46604],[-3.68907,40.46714],[-3.68855,40.46903],[-3.68831,40.46991],[-3.68795,40.47124],[-3.68755,40.47266],[-3.68712,40.47415],[-3.6871,40.47425],[-3.6864,40.47669],[-3.68562,40.47959],[-3.68532,40.48052],[-3.68526,40.48076],[-3.68514,40.48124],[-3.68511,40.48143],[-3.68508,40.4817],[-3.6851,40.48194],[-3.68511,40.48199],[-3.68515,40.48215],[-3.68523,40.48229],[-3.6851,40.48229],[-3.68487,40.48227],[-3.68483,40.48228],[-3.68472,40.48228],[-3.68453,40.48229],[-3.68425,40.48233],[-3.68394,40.4824],[-3.68362,40.48249],[-3.68333,40.48258],[-3.68216,40.48298],[-3.68191,40.48305],[-3.68143,40.48319],[-3.68116,40.48326],[-3.68094,40.48333],[-3.6808,40.48336],[-3.68047,40.48345],[-3.68023,40.48351],[-3.68006,40.48355],[-3.67936,40.48371],[-3.67899,40.48377],[-3.67868,40.48382],[-3.67852,40.48384],[-3.67835,40.48386],[-3.67829,40.48387],[-3.67817,40.48388],[-3.67803,40.48389],[-3.678,40.48389],[-3.67778,40.48391],[-3.6774,40.48393],[-3.67734,40.48393],[-3.67729,40.48394],[-3.67664,40.48396],[-3.67636,40.48397],[-3.67592,40.48399],[-3.67495,40.48401],[-3.67447,40.48402],[-3.67346,40.48406],[-3.67352,40.48342],[-3.67362,40.4827],[-3.67365,40.48246]]]}},{"type":"Feature","properties":{"district_code":"06","name":"Tetu\u00e1n"},"geometry":{"type":"Polygon","coordinates":[[[-3.69764,40.47454],[-3.6975,40.47454],[-3.69726,40.47454],[-3.69704,40.47457],[-3.69685,40.47461],[-3.6967,40.47466],[-3.69654,40.4747],[-3.69638,40.47474],[-3.6962,40.47478],[-3.696,40.47479],[-3.69571,40.47477],[-3.69537,40.47472],[-3.69504,40.47464],[-3.69468,40.47458],[-3.69435,40.47456],[-3.69403,40.47454],[-3.69374,40.47457],[-3.69348,40.47461],[-3.69315,40.47467],[-3.69284,40.47472],[-3.69259,40.47473],[-3.69234,40.47472],[-3.69203,40.47466],[-3.69177,40.47459],[-3.69153,40.47453],[-3.69127,40.47447],[-3.69099,40.47445],[-3.69072,40.47448],[-3.69023,40.47456],[-3.68979,40.47464],[-3.68944,40.47469],[-3.68923,40.47469],[-3.68908,40.47461],[-3.68895,40.4745],[-3.68886,40.47443],[-3.68712,40.47415],[-3.68755,40.47266],[-3.68795,40.47124],[-3.68831,40.46991],[-3.68855,40.46903],[-3.68907,40.46714],[-3.68934,40.46604],[-3.68959,40.46342],[-3.68975,40.46199],[-3.68989,40.46058],[-3.69003,40.45905],[-3.69031,40.45614],[-3.6907,40.45213],[-3.69114,40.44747],[-3.69126,40.44621],[-3.69501,40.44641],[-3.69557,40.44644],[-3.69713,40.44651],[-3.69866,40.44659],[-3.69933,40.44662],[-3.70033,40.44667],[-3.70094,40.4467],[-3.70395,40.44686],[-3.70607,40.44698],[-3.70678,40.44702],[-3.70831,40.44709],[-3.70889,40.44796],[-3.70897,40.44809],[-3.70987,40.44952],[-3.71019,40.45002],[-3.71029,40.45007],[-3.71034,40.45009],[-3.71099,40.45112],[-3.71173,40.45229],[-3.71194,40.4524],[-3.71327,40.45304],[-3.71268,40.45392],[-3.71279,40.45418],[-3.7129,40.45439],[-3.71302,40.45461],[-3.71313,40.4549],[-3.71287,40.45547],[-3.7122,40.45646],[-3.7115,40.45749],[-3.71051,40.45902],[-3.70982,40.46009],[-3.70903,40.46129],[-3.7086,40.46206],[-3.70854,40.46217],[-3.70852,40.46222],[-3.70848,40.4623],[-3.70847,40.46241],[-3.70849,40.46251],[-3.70851,40.46256],[-3.70852,40.46259],[-3.70911,40.46349],[-3.70927,40.46404],[-3.70934,40.46416],[-3.70942,40.46428],[-3.7098,40.46483],[-3.71092,40.466],[-3.71101,40.46607],[-3.71117,40.46614],[-3.71139,40.46626],[-3.71277,40.46801],[-3.71328,40.46851],[-3.71321,40.46861],[-3.71317,40.46867],[-3.71306,40.46884],[-3.71304,40.46887],[-3.71296,40.46899],[-3.71287,40.46916],[-3.71281,40.46933],[-3.71279,40.46937],[-3.71274,40.46947],[-3.71272,40.46957],[-3.71272,40.46957],[-3.7127,40.46964],[-3.71268,40.46974],[-3.71264,40.46989],[-3.7126,40.47001],[-3.71251,40.47022],[-3.71242,40.47035],[-3.71237,40.47043],[-3.71217,40.47066],[-3.71209,40.47073],[-3.71195,40.47084],[-3.71166,40.47102],[-3.71162,40.47104],[-3.71139,40.47114],[-3.71113,40.47122],[-3.71071,40.47131],[-3.70855,40.4715],[-3.70743,40.4716],[-3.70732,40.47161],[-3.70521,40.47181],[-3.70488,40.47184],[-3.70466,40.47187],[-3.70461,40.47189],[-3.70439,40.47195],[-3.70399,40.4721],[-3.70375,40.47225],[-3.70347,40.47248],[-3.70344,40.47251],[-3.70319,40.47274],[-3.70319,40.47275],[-3.70209,40.47377],[-3.70182,40.47402],[-3.70182,40.47402],[-3.70163,40.47419],[-3.70148,40.47432],[-3.7014,40.4744],[-3.70134,40.47445],[-3.70126,40.47451],[-3.70116,40.47458],[-3.70107,40.47464],[-3.70091,40.47473],[-3.70072,40.47481],[-3.70068,40.47483],[-3.70051,40.47489],[-3.70029,40.47494],[-3.69999,40.47498],[-3.69972,40.47498],[-3.69955,40.47497],[-3.69955,40.47497],[-3.69944,40.47497],[-3.69923,40.47493],[-3.69904,40.4749],[-3.69899,40.47489],[-3.69888,40.47485],[-3.69872,40.47478],[-3.69851,40.47469],[-3.69837,40.47465],[-3.69817,40.47459],[-3.698,40.47456],[-3.69788,40.47455],[-3.69782,40.47454],[-3.69764,40.47454]]]}},{"type":"Feature","properties":{"district_code":"07","name":"Chamber\u00ed"},"geometry":{"type":"Polygon","coordinates":[[[-3.69126,40.44621],[-3.69179,40.44126],[-3.69112,40.43921],[-3.69072,40.43798],[-3.68939,40.4361],[-3.68878,40.4352],[-3.68876,40.43517],[-3.68841,40.43305],[-3.68845,40.4329],[-3.68904,40.43062],[-3.68935,40.42939],[-3.68971,40.428],[-3.69006,40.42663],[-3.69046,40.42526],[-3.69139,40.42549],[-3.69385,40.42671],[-3.69512,40.42734],[-3.69576,40.42764],[-3.69713,40.42794],[-3.69941,40.42843],[-3.70195,40.42897],[-3.70241,40.42906],[-3.70364,40.42924],[-3.70581,40.42961],[-3.70741,40.42976],[-3.70772,40.42978],[-3.70883,40.42988],[-3.7105,40.43006],[-3.71186,40.43019],[-3.71352,40.43036],[-3.71463,40.43048],[-3.71623,40.43065],[-3.71699,40.43168],[-3.71717,40.43192],[-3.71748,40.43235],[-3.71761,40.43252],[-3.71796,40.433],[-3.71761,40.43309],[-3.71727,40.4331],[-3.71723,40.4331],[-3.71841,40.43478],[-3.71827,40.43554],[-3.71812,40.43637],[-3.71807,40.43664],[-3.71763,40.43923],[-3.71761,40.43943],[-3.7176,40.4395],[-3.7176,40.43964],[-3.71762,40.43986],[-3.71764,40.43994],[-3.71765,40.43998],[-3.71788,40.44043],[-3.71816,40.44097],[-3.71917,40.44285],[-3.71959,40.44347],[-3.71979,40.44376],[-3.71993,40.44494],[-3.71992,40.44499],[-3.71992,40.44503],[-3.71989,40.44509],[-3.71986,40.44514],[-3.71978,40.44521],[-3.71958,40.44539],[-3.71899,40.44594],[-3.71819,40.44667],[-3.718,40.4467],[-3.71767,40.44673],[-3.71744,40.44671],[-3.71727,40.44668],[-3.71712,40.44663],[-3.71571,40.44609],[-3.71552,40.44602],[-3.71475,40.44577],[-3.71229,40.4464],[-3.71045,40.44686],[-3.70921,40.44713],[-3.70831,40.44709],[-3.70678,40.44702],[-3.70607,40.44698],[-3.70395,40.44686],[-3.70094,40.4467],[-3.70033,40.44667],[-3.69933,40.44662],[-3.69866,40.44659],[-3.69713,40.44651],[-3.69557,40.44644],[-3.69501,40.44641],[-3.69126,40.44621]]]}},{"type":"Feature","properties":{"district_code":"08","name":"Fuencarral - El Pardo"},"geometry":{"type":"Polygon","coordinates":[[[-3.65761,40.51172],[-3.65761,40.51172],[-3.65761,40.51172],[-3.65761,40.51172],[-3.65775,40.51147],[-3.65787,40.51123],[-3.65795,40.51102],[-3.65801,40.51087],[-3.65807,40.51068],[-3.65814,40.51045],[-3.65817,40.5103],[-3.65822,40.5101],[-3.65824,40.50992],[-3.65827,40.50976],[-3.65828,40.5096],[-3.6583,40.50945],[-3.6583,40.50938],[-3.6583,40.50932],[-3.6583,40.50913],[-3.65831,40.50898],[-3.6583,40.50876],[-3.6583,40.50858],[-3.65829,40.50839],[-3.65828,40.50819],[-3.65827,40.508],[-3.65825,40.50776],[-3.65824,40.50757],[-3.65822,40.5074],[-3.6582,40.50699],[-3.65817,40.50658],[-3.65816,40.50619],[-3.65815,40.50583],[-3.65816,40.50549],[-3.65819,40.50522],[-3.65824,40.50496],[-3.65833,40.50461],[-3.65839,40.5044],[-3.65846,40.50422],[-3.65856,40.50402],[-3.65864,40.50385],[-3.65873,40.50367],[-3.65883,40.50351],[-3.65893,40.50335],[-3.65911,40.50309],[-3.65921,40.50297],[-3.65958,40.50249],[-3.66005,40.50191],[-3.66041,40.50147],[-3.66108,40.5007],[-3.66152,40.50018],[-3.66178,40.4999],[-3.66227,40.49937],[-3.66289,40.49879],[-3.66346,40.49829],[-3.66412,40.49775],[-3.66486,40.49713],[-3.66601,40.4962],[-3.6665,40.49581],[-3.66699,40.49542],[-3.66711,40.49532],[-3.66758,40.49495],[-3.66789,40.49471],[-3.66854,40.4942],[-3.66925,40.49365],[-3.67002,40.49303],[-3.67019,40.49289],[-3.67047,40.49266],[-3.67065,40.49251],[-3.67099,40.4922],[-3.67118,40.492],[-3.67144,40.49172],[-3.67163,40.49148],[-3.67181,40.49125],[-3.67196,40.49102],[-3.67211,40.49079],[-3.67222,40.49058],[-3.67235,40.49032],[-3.67246,40.49007],[-3.6726,40.48973],[-3.67271,40.48942],[-3.6728,40.48914],[-3.67284,40.489],[-3.67289,40.48876],[-3.67298,40.48837],[-3.67306,40.48794],[-3.67314,40.48742],[-3.67317,40.4872],[-3.67322,40.48674],[-3.67333,40.48561],[-3.67335,40.48525],[-3.67342,40.48455],[-3.67346,40.48406],[-3.67447,40.48402],[-3.67495,40.48401],[-3.67592,40.48399],[-3.67636,40.48397],[-3.67664,40.48396],[-3.67729,40.48394],[-3.67734,40.48393],[-3.6774,40.48393],[-3.67778,40.48391],[-3.678,40.48389],[-3.67803,40.48389],[-3.67817,40.48388],[-3.67829,40.48387],[-3.67835,40.48386],[-3.67852,40.48384],[-3.67868,40.48382],[-3.67899,40.48377],[-3.67936,40.48371],[-3.68006,40.48355],[-3.68023,40.48351],[-3.68047,40.48345],[-3.6808,40.48336],[-3.68094,40.48333],[-3.68116,40.48326],[-3.68143,40.48319],[-3.68191,40.48305],[-3.68216,40.48298],[-3.68333,40.48258],[-3.68362,40.48249],[-3.68394,40.4824],[-3.68425,40.48233],[-3.68453,40.48229],[-3.68472,40.48228],[-3.68483,40.48228],[-3.68487,40.48227],[-3.6851,40.48229],[-3.68523,40.48229],[-3.68515,40.48215],[-3.68511,40.48199],[-3.6851,40.48194],[-3.68508,40.4817],[-3.68511,40.48143],[-3.68514,40.48124],[-3.68526,40.48076],[-3.68532,40.48052],[-3.68562,40.47959],[-3.6864,40.47669],[-3.6871,40.47425],[-3.68712,40.47415],[-3.68886,40.47443],[-3.68895,40.4745],[-3.68908,40.47461],[-3.68923,40.47469],[-3.68944,40.47469],[-3.68979,40.47464],[-3.69023,40.47456],[-3.69072,40.47448],[-3.69099,40.47445],[-3.69127,40.47447],[-3.69153,40.47453],[-3.69177,40.47459],[-3.69203,40.47466],[-3.69234,40.47472],[-3.69259,40.47473],[-3.69284,40.47472],[-3.69315,40.47467],[-3.69348,40.47461],[-3.69374,40.47457],[-3.69403,40.47454],[-3.69435,40.47456],[-3.69468,40.47458],[-3.69504,40.47464],[-3.69537,40.47472],[-3.69571,40.47477],[-3.696,40.47479],[-3.6962,40.47478],[-3.69638,40.47474],[-3.69654,40.4747],[-3.6967,40.47466],[-3.69685,40.47461],[-3.69704,40.47457],[-3.69726,40.47454],[-3.6975,40.47454],[-3.69764,40.47454],[-3.69782,40.47454],[-3.69788,40.47455],[-3.698,40.47456],[-3.69817,40.47459],[-3.69837,40.47465],[-3.69851,40.47469],[-3.69872,40.47478],[-3.69888,40.47485],[-3.69899,40.47489],[-3.69904,40.4749],[-3.69923,40.47493],[-3.69944,40.47497],[-3.69955,40.47497],[-3.69955,40.47497],[-3.69972,40.47498],[-3.69999,40.47498],[-3.70029,40.47494],[-3.70051,40.47489],[-3.70068,40.47483],[-3.70072,40.47481],[-3.70091,40.47473],[-3.70107,40.47464],[-3.70116,40.47458],[-3.70126,40.47451],[-3.70134,40.47445],[-3.7014,40.4744],[-3.70148,40.47432],[-3.70163,40.47419],[-3.70182,40.47402],[-3.70182,40.47402],[-3.70209,40.47377],[-3.70319,40.47275],[-3.70319,40.47274],[-3.70344,40.47251],[-3.70347,40.47248],[-3.70375,40.47225],[-3.70399,40.4721],[-3.70439,40.47195],[-3.70461,40.47189],[-3.70466,40.47187],[-3.70488,40.47184],[-3.70521,40.47181],[-3.70732,40.47161],[-3.70743,40.4716],[-3.70855,40.4715],[-3.71071,40.47131],[-3.71113,40.47122],[-3.71139,40.47114],[-3.71162,40.47104],[-3.71166,40.47102],[-3.71195,40.47084],[-3.71209,40.47073],[-3.71217,40.47066],[-3.71237,40.47043],[-3.71242,40.47035],[-3.71251,40.47022],[-3.7126,40.47001],[-3.71264,40.46989],[-3.71268,40.46974],[-3.7127,40.46964],[-3.71272,40.46957],[-3.71272,40.46957],[-3.71274,40.46947],[-3.71279,40.46937],[-3.71281,40.46933],[-3.71287,40.46916],[-3.71296,40.46899],[-3.71304,40.46887],[-3.71306,40.46884],[-3.71317,40.46867],[-3.71321,40.46861],[-3.71328,40.46851],[-3.71337,40.4686],[-3.71352,40.46876],[-3.71365,40.46889],[-3.71379,40.46904],[-3.71404,40.46932],[-3.71421,40.46948],[-3.71454,40.46963],[-3.7157,40.46992],[-3.71764,40.47041],[-3.7197,40.47093],[-3.72007,40.47102],[-3.72043,40.47111],[-3.728,40.47296],[-3.72853,40.47288],[-3.72925,40.47278],[-3.72959,40.47273],[-3.73039,40.47266],[-3.73139,40.47263],[-3.73193,40.47265],[-3.73223,40.47265],[-3.73242,40.47266],[-3.73321,40.47271],[-3.73342,40.47273],[-3.73356,40.47274],[-3.73394,40.47279],[-3.73437,40.47286],[-3.73463,40.4729],[-3.7349,40.47295],[-3.73567,40.47311],[-3.73595,40.47318],[-3.73756,40.47356],[-3.73937,40.47398],[-3.74029,40.47419],[-3.74083,40.4743],[-3.7413,40.47436],[-3.74142,40.47436],[-3.74147,40.47437],[-3.74226,40.47441],[-3.74323,40.47443],[-3.74365,40.47444],[-3.74469,40.47445],[-3.7457,40.47447],[-3.74626,40.47447],[-3.74662,40.47448],[-3.74729,40.47448],[-3.74747,40.47448],[-3.74789,40.47442],[-3.74814,40.47438],[-3.74835,40.47434],[-3.74861,40.47428],[-3.74885,40.47419],[-3.749,40.47413],[-3.74919,40.47404],[-3.74932,40.47398],[-3.74944,40.4739],[-3.74957,40.47382],[-3.74972,40.47371],[-3.74985,40.47361],[-3.74996,40.4735],[-3.75005,40.47341],[-3.75018,40.47326],[-3.75027,40.47315],[-3.75037,40.473],[-3.75047,40.47284],[-3.75057,40.47262],[-3.75066,40.47232],[-3.75069,40.47208],[-3.75069,40.47184],[-3.75066,40.47155],[-3.75043,40.47058],[-3.75036,40.47031],[-3.75032,40.47012],[-3.75059,40.47065],[-3.75072,40.47108],[-3.75135,40.47313],[-3.75147,40.47366],[-3.7515,40.47381],[-3.75152,40.47393],[-3.75156,40.47414],[-3.75163,40.47454],[-3.75175,40.47561],[-3.75179,40.47617],[-3.75176,40.4766],[-3.75172,40.47685],[-3.75151,40.47842],[-3.75151,40.47846],[-3.75356,40.47824],[-3.75355,40.47821],[-3.75354,40.47815],[-3.75408,40.4781],[-3.75437,40.47807],[-3.75445,40.47806],[-3.7545,40.47819],[-3.75449,40.47831],[-3.75449,40.47832],[-3.75448,40.47852],[-3.75441,40.47866],[-3.75434,40.47886],[-3.75433,40.47891],[-3.75429,40.47909],[-3.75425,40.47926],[-3.75425,40.47938],[-3.75426,40.47938],[-3.75431,40.4794],[-3.75435,40.47941],[-3.75437,40.47941],[-3.75439,40.47942],[-3.75442,40.47942],[-3.75445,40.47943],[-3.75447,40.47943],[-3.75447,40.47944],[-3.75449,40.47946],[-3.75451,40.47946],[-3.75453,40.47947],[-3.75459,40.47949],[-3.75463,40.47951],[-3.7548,40.47955],[-3.75489,40.47959],[-3.75495,40.47962],[-3.75505,40.47966],[-3.75508,40.47967],[-3.75512,40.47968],[-3.75517,40.47969],[-3.75531,40.47967],[-3.75535,40.47968],[-3.75541,40.47969],[-3.75547,40.47971],[-3.75549,40.47971],[-3.75552,40.47972],[-3.75553,40.47972],[-3.75555,40.47972],[-3.75559,40.47972],[-3.7556,40.47972],[-3.75561,40.47972],[-3.75567,40.47971],[-3.75576,40.4797],[-3.75578,40.4797],[-3.75583,40.47968],[-3.75585,40.47967],[-3.75588,40.47966],[-3.75591,40.47963],[-3.75591,40.4796],[-3.75591,40.47952],[-3.75591,40.47951],[-3.75597,40.47947],[-3.75604,40.47945],[-3.75605,40.47945],[-3.7561,40.47945],[-3.75613,40.47945],[-3.7562,40.47947],[-3.75623,40.47948],[-3.75624,40.47948],[-3.75637,40.4796],[-3.75651,40.47971],[-3.75656,40.47973],[-3.75666,40.47973],[-3.75675,40.47971],[-3.75677,40.47971],[-3.75684,40.47972],[-3.75687,40.47972],[-3.75694,40.47972],[-3.75703,40.47973],[-3.75706,40.47975],[-3.75706,40.47975],[-3.75708,40.47976],[-3.75712,40.47977],[-3.75714,40.47977],[-3.75718,40.47978],[-3.75734,40.47977],[-3.75735,40.47976],[-3.75742,40.47975],[-3.75757,40.47971],[-3.75745,40.47931],[-3.75747,40.47913],[-3.7575,40.47904],[-3.75751,40.479],[-3.7576,40.47886],[-3.7577,40.4787],[-3.75773,40.47862],[-3.75776,40.47855],[-3.75777,40.47854],[-3.7578,40.47837],[-3.75815,40.47465],[-3.75819,40.47456],[-3.7582,40.4745],[-3.75826,40.47441],[-3.75827,40.47438],[-3.7583,40.47434],[-3.75837,40.47427],[-3.7584,40.47424],[-3.75846,40.4742],[-3.75856,40.47415],[-3.75857,40.47414],[-3.75869,40.4741],[-3.75885,40.47408],[-3.75899,40.47408],[-3.75917,40.4741],[-3.75919,40.4741],[-3.7591,40.47407],[-3.7586,40.47383],[-3.75845,40.47375],[-3.75837,40.47367],[-3.75829,40.47353],[-3.75826,40.47335],[-3.75829,40.47257],[-3.75839,40.47256],[-3.75842,40.47256],[-3.75861,40.47257],[-3.75871,40.47261],[-3.75877,40.47263],[-3.7588,40.47264],[-3.75886,40.47263],[-3.75889,40.47263],[-3.75901,40.47261],[-3.75905,40.4726],[-3.7591,40.47258],[-3.75917,40.47255],[-3.75923,40.47253],[-3.75933,40.47248],[-3.75943,40.47247],[-3.75947,40.47246],[-3.7595,40.47245],[-3.75951,40.47244],[-3.7596,40.47237],[-3.75966,40.47234],[-3.75973,40.47231],[-3.75984,40.47229],[-3.75987,40.47228],[-3.7599,40.47228],[-3.75996,40.47228],[-3.7601,40.4723],[-3.76021,40.4723],[-3.76024,40.47231],[-3.76025,40.47231],[-3.76039,40.47233],[-3.76048,40.47233],[-3.76081,40.47231],[-3.76106,40.47231],[-3.76156,40.4723],[-3.76197,40.47229],[-3.76227,40.47229],[-3.76241,40.47229],[-3.76251,40.47231],[-3.76259,40.47232],[-3.76277,40.47236],[-3.76303,40.47242],[-3.76314,40.47242],[-3.76321,40.47243],[-3.76336,40.47242],[-3.76341,40.47242],[-3.76348,40.47244],[-3.76359,40.47252],[-3.76355,40.47339],[-3.76363,40.4734],[-3.76587,40.47393],[-3.76592,40.47394],[-3.76643,40.47406],[-3.76645,40.47408],[-3.76646,40.47408],[-3.76647,40.47408],[-3.76686,40.47412],[-3.76762,40.47419],[-3.76809,40.47423],[-3.76811,40.47423],[-3.76833,40.47426],[-3.76856,40.47428],[-3.76874,40.47429],[-3.76892,40.47431],[-3.76905,40.47432],[-3.76934,40.47433],[-3.76945,40.47435],[-3.76958,40.47436],[-3.77033,40.47443],[-3.77086,40.47448],[-3.77106,40.4745],[-3.77147,40.47451],[-3.77155,40.47451],[-3.77171,40.47451],[-3.77203,40.47452],[-3.77225,40.47452],[-3.77235,40.47452],[-3.77247,40.47452],[-3.77275,40.47452],[-3.77569,40.47457],[-3.77674,40.47458],[-3.77679,40.47458],[-3.77687,40.47458],[-3.777,40.47458],[-3.77734,40.47459],[-3.77775,40.47459],[-3.77788,40.47459],[-3.77813,40.4746],[-3.77822,40.4746],[-3.7784,40.4746],[-3.77874,40.4746],[-3.77884,40.4746],[-3.77896,40.4746],[-3.77912,40.4746],[-3.7799,40.47461],[-3.78026,40.47462],[-3.78097,40.47463],[-3.78194,40.47431],[-3.78268,40.47402],[-3.78287,40.47395],[-3.78323,40.47381],[-3.78401,40.47361],[-3.78548,40.47325],[-3.78587,40.47315],[-3.78604,40.47311],[-3.78675,40.47291],[-3.78725,40.47278],[-3.78746,40.47272],[-3.78747,40.47271],[-3.78755,40.47269],[-3.78766,40.47266],[-3.78811,40.47253],[-3.78825,40.47249],[-3.7885,40.47241],[-3.78882,40.47231],[-3.7893,40.47216],[-3.78991,40.47196],[-3.79094,40.47157],[-3.791,40.47154],[-3.79101,40.47153],[-3.79108,40.47149],[-3.7915,40.47124],[-3.79172,40.47112],[-3.7919,40.47102],[-3.79213,40.47091],[-3.79217,40.47089],[-3.79219,40.47089],[-3.79226,40.47085],[-3.7923,40.47083],[-3.79234,40.47082],[-3.7924,40.4708],[-3.79244,40.47079],[-3.7925,40.47077],[-3.79332,40.4705],[-3.79338,40.47048],[-3.79339,40.47048],[-3.79436,40.47016],[-3.79446,40.47014],[-3.79459,40.4701],[-3.795,40.47],[-3.79515,40.46996],[-3.79527,40.46994],[-3.79543,40.4699],[-3.79551,40.46988],[-3.79552,40.46987],[-3.79563,40.46985],[-3.79563,40.46985],[-3.7961,40.46977],[-3.79626,40.46973],[-3.79681,40.46963],[-3.79764,40.46948],[-3.79834,40.46944],[-3.79889,40.46941],[-3.79916,40.46939],[-3.79923,40.46938],[-3.79936,40.46938],[-3.79939,40.46938],[-3.79941,40.46937],[-3.8,40.46926],[-3.80014,40.46922],[-3.80018,40.4692],[-3.80104,40.46945],[-3.80182,40.46967],[-3.80209,40.46975],[-3.80236,40.46982],[-3.80263,40.4699],[-3.80287,40.46997],[-3.80307,40.47003],[-3.8038,40.47024],[-3.80506,40.4706],[-3.80555,40.47073],[-3.80606,40.47088],[-3.81025,40.47208],[-3.81073,40.47221],[-3.81194,40.47256],[-3.81233,40.47266],[-3.81239,40.47268],[-3.81249,40.47271],[-3.81255,40.47273],[-3.81258,40.47274],[-3.81265,40.47276],[-3.81276,40.47279],[-3.81292,40.47283],[-3.81309,40.47288],[-3.81325,40.47292],[-3.81352,40.473],[-3.81364,40.47303],[-3.81374,40.47306],[-3.81414,40.47318],[-3.81445,40.47327],[-3.81456,40.4733],[-3.81473,40.47335],[-3.81563,40.47361],[-3.81588,40.47367],[-3.81598,40.4737],[-3.81615,40.47375],[-3.81646,40.47384],[-3.81681,40.47394],[-3.81732,40.47409],[-3.81749,40.47413],[-3.8176,40.47416],[-3.81766,40.47418],[-3.81784,40.47423],[-3.8183,40.47437],[-3.81871,40.47448],[-3.81888,40.47453],[-3.8189,40.47454],[-3.81917,40.47461],[-3.81925,40.47464],[-3.81933,40.47466],[-3.81971,40.47477],[-3.8201,40.47488],[-3.82022,40.47491],[-3.82022,40.47491],[-3.82057,40.47501],[-3.82087,40.47509],[-3.82125,40.4752],[-3.82174,40.47534],[-3.82193,40.4754],[-3.8225,40.47556],[-3.8227,40.47562],[-3.82296,40.47569],[-3.82332,40.4758],[-3.82338,40.47582],[-3.82351,40.47585],[-3.82383,40.47594],[-3.82457,40.47615],[-3.82469,40.47619],[-3.82519,40.47633],[-3.82568,40.47647],[-3.82613,40.47659],[-3.8265,40.4767],[-3.82659,40.47673],[-3.8267,40.47676],[-3.82711,40.47688],[-3.82752,40.47699],[-3.82774,40.47705],[-3.82782,40.47708],[-3.8282,40.47718],[-3.82847,40.47726],[-3.82848,40.47726],[-3.82853,40.47727],[-3.82871,40.47733],[-3.82873,40.47733],[-3.82886,40.47737],[-3.82925,40.47748],[-3.82927,40.47749],[-3.82957,40.47757],[-3.82978,40.47763],[-3.82996,40.47768],[-3.83025,40.47776],[-3.83057,40.47786],[-3.83069,40.47789],[-3.83088,40.47795],[-3.83125,40.47805],[-3.83173,40.47819],[-3.83184,40.47822],[-3.83223,40.47833],[-3.83267,40.47845],[-3.83272,40.47847],[-3.83273,40.47847],[-3.83276,40.47848],[-3.83308,40.47856],[-3.83337,40.47864],[-3.8336,40.47871],[-3.83412,40.47886],[-3.83421,40.47889],[-3.83467,40.47902],[-3.83489,40.47908],[-3.83519,40.47917],[-3.83574,40.47932],[-3.83665,40.47958],[-3.83665,40.47958],[-3.83665,40.47958],[-3.83665,40.47958],[-3.83656,40.48009],[-3.83648,40.48055],[-3.83647,40.48059],[-3.83648,40.48063],[-3.83652,40.48067],[-3.83667,40.48086],[-3.83667,40.48086],[-3.83654,40.48099],[-3.83646,40.48107],[-3.83635,40.4812],[-3.83634,40.48121],[-3.83634,40.48128],[-3.83633,40.48132],[-3.83631,40.48137],[-3.83625,40.48171],[-3.83619,40.48179],[-3.83601,40.48206],[-3.83587,40.48213],[-3.83565,40.48225],[-3.83549,40.48234],[-3.83529,40.48244],[-3.83509,40.48255],[-3.83508,40.48256],[-3.83501,40.4827],[-3.83477,40.48313],[-3.83457,40.48346],[-3.83442,40.48372],[-3.8344,40.48375],[-3.83423,40.48404],[-3.83421,40.48411],[-3.834,40.48462],[-3.83394,40.48478],[-3.83388,40.48494],[-3.83383,40.48506],[-3.83379,40.48516],[-3.83377,40.48522],[-3.83361,40.48549],[-3.83343,40.48578],[-3.83331,40.48598],[-3.83334,40.48617],[-3.83328,40.48673],[-3.83324,40.48713],[-3.8332,40.48755],[-3.83317,40.48778],[-3.83317,40.48784],[-3.83341,40.48967],[-3.83343,40.48984],[-3.83351,40.49008],[-3.83358,40.49027],[-3.83364,40.49045],[-3.83373,40.49072],[-3.83379,40.49088],[-3.83384,40.49102],[-3.83391,40.49119],[-3.83402,40.4915],[-3.83419,40.49194],[-3.8342,40.49199],[-3.83427,40.49265],[-3.83438,40.49364],[-3.83443,40.49407],[-3.83453,40.49421],[-3.83471,40.49443],[-3.83496,40.49465],[-3.83523,40.49488],[-3.83569,40.49529],[-3.83595,40.49559],[-3.83641,40.49611],[-3.83686,40.49665],[-3.8372,40.49705],[-3.8375,40.4974],[-3.8377,40.49765],[-3.83862,40.49859],[-3.83926,40.49924],[-3.8394,40.49939],[-3.83923,40.50015],[-3.83914,40.50057],[-3.83864,40.50282],[-3.83848,40.50306],[-3.83826,40.50339],[-3.83798,40.5038],[-3.83787,40.50397],[-3.83773,40.50424],[-3.83764,40.50444],[-3.83755,40.50467],[-3.83737,40.50518],[-3.83711,40.50589],[-3.8386,40.50628],[-3.83907,40.50641],[-3.83919,40.50644],[-3.84022,40.50671],[-3.84222,40.50723],[-3.8451,40.50797],[-3.84917,40.50903],[-3.84971,40.50883],[-3.84973,40.50883],[-3.85223,40.50959],[-3.85254,40.50979],[-3.85258,40.50994],[-3.85293,40.51048],[-3.85326,40.51088],[-3.85351,40.51119],[-3.85369,40.51145],[-3.85389,40.5118],[-3.85401,40.512],[-3.85335,40.51454],[-3.85222,40.51547],[-3.85188,40.51673],[-3.85174,40.51691],[-3.85155,40.51713],[-3.85154,40.51717],[-3.85129,40.51765],[-3.85174,40.51828],[-3.85333,40.51951],[-3.85367,40.52014],[-3.85392,40.52056],[-3.85421,40.52106],[-3.85426,40.52114],[-3.85437,40.52134],[-3.85438,40.52135],[-3.85438,40.52137],[-3.85438,40.52138],[-3.85437,40.52157],[-3.85437,40.52257],[-3.85431,40.52274],[-3.85421,40.52303],[-3.85409,40.52335],[-3.85382,40.52409],[-3.85378,40.52415],[-3.85375,40.52427],[-3.8537,40.52442],[-3.85446,40.52521],[-3.85465,40.5254],[-3.85477,40.52552],[-3.85505,40.52563],[-3.85613,40.52693],[-3.85671,40.52728],[-3.85697,40.52743],[-3.85724,40.5276],[-3.85746,40.52772],[-3.85773,40.52788],[-3.85775,40.52801],[-3.85778,40.52816],[-3.85781,40.52832],[-3.85784,40.5284],[-3.85791,40.52854],[-3.85799,40.52869],[-3.85808,40.52885],[-3.85815,40.52898],[-3.85824,40.52916],[-3.85825,40.52922],[-3.85828,40.52934],[-3.8583,40.52951],[-3.85832,40.52964],[-3.85835,40.52978],[-3.85818,40.53002],[-3.85812,40.53012],[-3.85825,40.53019],[-3.85847,40.53032],[-3.85859,40.53039],[-3.85869,40.53049],[-3.85887,40.53066],[-3.85905,40.53082],[-3.85915,40.53091],[-3.85922,40.53098],[-3.85945,40.5312],[-3.85954,40.53128],[-3.85961,40.5314],[-3.85976,40.53165],[-3.85996,40.53197],[-3.86041,40.53263],[-3.86061,40.53291],[-3.86092,40.53306],[-3.86109,40.53315],[-3.86136,40.53333],[-3.86142,40.5334],[-3.86162,40.53359],[-3.8617,40.53367],[-3.86178,40.53373],[-3.86196,40.53391],[-3.86216,40.5341],[-3.86233,40.53422],[-3.86247,40.53431],[-3.86274,40.53448],[-3.86301,40.53467],[-3.86302,40.53472],[-3.86308,40.53491],[-3.86314,40.53508],[-3.86333,40.53571],[-3.86347,40.53619],[-3.86353,40.53643],[-3.86366,40.53684],[-3.86385,40.53748],[-3.86387,40.53755],[-3.86388,40.53763],[-3.86388,40.53775],[-3.86387,40.53812],[-3.86385,40.53872],[-3.86387,40.53913],[-3.86388,40.53924],[-3.86398,40.53934],[-3.86406,40.53942],[-3.8641,40.53946],[-3.86416,40.53952],[-3.86421,40.53957],[-3.86427,40.53963],[-3.86431,40.53974],[-3.86432,40.53979],[-3.86435,40.53988],[-3.86438,40.53998],[-3.86442,40.54008],[-3.86446,40.54023],[-3.86451,40.54036],[-3.86456,40.5405],[-3.86461,40.54066],[-3.86465,40.54076],[-3.86471,40.54095],[-3.86477,40.54112],[-3.86484,40.54133],[-3.86487,40.54142],[-3.86495,40.54165],[-3.86501,40.54184],[-3.86514,40.542],[-3.8655,40.54239],[-3.86554,40.54266],[-3.86556,40.54277],[-3.86556,40.54281],[-3.86559,40.54296],[-3.86562,40.54315],[-3.86565,40.54329],[-3.86567,40.5434],[-3.86573,40.54348],[-3.8658,40.54357],[-3.86591,40.5437],[-3.86612,40.54398],[-3.86623,40.54413],[-3.86638,40.54431],[-3.86644,40.54439],[-3.86668,40.54469],[-3.8668,40.54485],[-3.86688,40.54495],[-3.8669,40.54497],[-3.86698,40.54508],[-3.86702,40.54512],[-3.86707,40.54519],[-3.86723,40.54539],[-3.86732,40.5455],[-3.86736,40.54554],[-3.8675,40.54567],[-3.86767,40.54581],[-3.86782,40.54595],[-3.86793,40.54605],[-3.86811,40.5462],[-3.86836,40.5464],[-3.86856,40.54658],[-3.86872,40.54671],[-3.86895,40.54691],[-3.86915,40.54711],[-3.86929,40.54726],[-3.86944,40.54741],[-3.86934,40.54763],[-3.8692,40.54795],[-3.86907,40.54821],[-3.86915,40.54835],[-3.86928,40.54857],[-3.86952,40.54898],[-3.86974,40.54939],[-3.86992,40.54969],[-3.87003,40.54991],[-3.87015,40.55012],[-3.87027,40.55031],[-3.8704,40.55051],[-3.87046,40.5506],[-3.87053,40.55072],[-3.87061,40.55085],[-3.87066,40.55095],[-3.87076,40.55113],[-3.87084,40.55119],[-3.871,40.55132],[-3.87116,40.55145],[-3.87134,40.55159],[-3.8716,40.5518],[-3.87187,40.55202],[-3.87216,40.55227],[-3.87223,40.55241],[-3.87242,40.55273],[-3.87263,40.5531],[-3.8728,40.55341],[-3.87285,40.55365],[-3.87295,40.55407],[-3.87302,40.55438],[-3.87308,40.55469],[-3.87303,40.5549],[-3.87297,40.55519],[-3.87296,40.55522],[-3.87296,40.55523],[-3.87296,40.55524],[-3.873,40.55532],[-3.87306,40.55548],[-3.87308,40.55553],[-3.87312,40.55563],[-3.87318,40.55577],[-3.87319,40.55583],[-3.87319,40.55586],[-3.87321,40.55596],[-3.87321,40.556],[-3.87329,40.55616],[-3.87334,40.55627],[-3.87342,40.55645],[-3.87347,40.55655],[-3.87356,40.55674],[-3.87362,40.5569],[-3.87366,40.55704],[-3.87371,40.55719],[-3.87374,40.5573],[-3.87381,40.55751],[-3.87383,40.55757],[-3.87397,40.55768],[-3.874,40.55773],[-3.87403,40.55775],[-3.87429,40.55783],[-3.87443,40.55788],[-3.87512,40.55812],[-3.87521,40.5583],[-3.8753,40.55851],[-3.87542,40.5588],[-3.87554,40.55882],[-3.87617,40.55895],[-3.87646,40.55901],[-3.87667,40.55905],[-3.87714,40.55915],[-3.87729,40.5592],[-3.87756,40.55929],[-3.87779,40.55937],[-3.87857,40.55951],[-3.87894,40.55957],[-3.87937,40.55958],[-3.87973,40.55958],[-3.88019,40.55959],[-3.8806,40.5596],[-3.88133,40.55962],[-3.88209,40.55964],[-3.88225,40.5597],[-3.88238,40.55975],[-3.88254,40.55981],[-3.88269,40.55987],[-3.88295,40.55998],[-3.88323,40.56009],[-3.88358,40.56022],[-3.8838,40.56031],[-3.88405,40.56041],[-3.88421,40.56047],[-3.88431,40.56053],[-3.8844,40.56059],[-3.88454,40.56067],[-3.88464,40.56073],[-3.88482,40.56084],[-3.88499,40.56103],[-3.88497,40.56133],[-3.88493,40.56174],[-3.88488,40.56182],[-3.88468,40.56209],[-3.88458,40.56223],[-3.88445,40.5624],[-3.88433,40.56256],[-3.88428,40.56263],[-3.88417,40.56278],[-3.88414,40.56283],[-3.88411,40.56287],[-3.88401,40.563],[-3.8839,40.56315],[-3.88388,40.56328],[-3.88386,40.56348],[-3.88385,40.56358],[-3.88384,40.56368],[-3.88382,40.56384],[-3.88391,40.56392],[-3.88407,40.56408],[-3.88419,40.56419],[-3.88423,40.56422],[-3.88432,40.5643],[-3.88445,40.56441],[-3.88467,40.56459],[-3.88487,40.56475],[-3.88506,40.5649],[-3.88525,40.56504],[-3.88541,40.56517],[-3.88573,40.56542],[-3.88587,40.56552],[-3.88593,40.56557],[-3.886,40.56561],[-3.88607,40.56566],[-3.8861,40.56568],[-3.88615,40.56571],[-3.88644,40.56589],[-3.88656,40.56597],[-3.88674,40.56608],[-3.8868,40.56612],[-3.88692,40.56625],[-3.88708,40.56646],[-3.8872,40.56675],[-3.88729,40.56696],[-3.88737,40.56714],[-3.88755,40.56754],[-3.88758,40.5676],[-3.88769,40.56785],[-3.88779,40.56807],[-3.88789,40.56829],[-3.88792,40.5685],[-3.88794,40.56865],[-3.88803,40.56901],[-3.88811,40.56913],[-3.88824,40.56933],[-3.88833,40.56953],[-3.88848,40.56982],[-3.88866,40.57018],[-3.88876,40.5704],[-3.88885,40.57061],[-3.88896,40.57086],[-3.88888,40.57109],[-3.88865,40.57173],[-3.88855,40.57194],[-3.88845,40.57214],[-3.88841,40.57222],[-3.88822,40.57236],[-3.88806,40.57247],[-3.88787,40.57261],[-3.8877,40.57273],[-3.8875,40.57288],[-3.88723,40.57306],[-3.88708,40.57317],[-3.88684,40.57333],[-3.88665,40.57348],[-3.88644,40.57363],[-3.88618,40.57381],[-3.88604,40.57392],[-3.88586,40.57405],[-3.88575,40.57413],[-3.88569,40.57425],[-3.88566,40.57431],[-3.88558,40.57446],[-3.88549,40.57462],[-3.88532,40.57495],[-3.88527,40.57506],[-3.88519,40.57527],[-3.88504,40.57566],[-3.88488,40.5761],[-3.88474,40.57644],[-3.88462,40.57677],[-3.88454,40.57696],[-3.88443,40.57726],[-3.88436,40.57747],[-3.88432,40.57755],[-3.88426,40.57772],[-3.88412,40.57809],[-3.88393,40.57858],[-3.88384,40.57882],[-3.88373,40.5791],[-3.88374,40.57939],[-3.88375,40.57952],[-3.88375,40.57972],[-3.88376,40.57995],[-3.88377,40.58011],[-3.88377,40.58025],[-3.88378,40.58032],[-3.88397,40.58059],[-3.88413,40.58101],[-3.88415,40.5811],[-3.88416,40.58119],[-3.88418,40.58128],[-3.8841,40.58141],[-3.88408,40.58144],[-3.88399,40.5816],[-3.88391,40.58173],[-3.88382,40.58189],[-3.8837,40.5821],[-3.88358,40.58228],[-3.88347,40.58247],[-3.88343,40.58253],[-3.88349,40.58266],[-3.88354,40.58278],[-3.88361,40.58293],[-3.88373,40.58321],[-3.88381,40.58338],[-3.8838,40.58346],[-3.88379,40.58365],[-3.88377,40.58392],[-3.88375,40.5842],[-3.88374,40.5844],[-3.88373,40.58462],[-3.88371,40.58482],[-3.8837,40.5851],[-3.88369,40.58519],[-3.88369,40.58528],[-3.88348,40.58527],[-3.88317,40.58543],[-3.88281,40.58562],[-3.88245,40.5858],[-3.88209,40.58598],[-3.88186,40.58609],[-3.8816,40.58622],[-3.88142,40.58631],[-3.88121,40.58642],[-3.88095,40.58656],[-3.88064,40.58671],[-3.88034,40.58686],[-3.88008,40.58701],[-3.88001,40.58705],[-3.87982,40.58717],[-3.87969,40.58724],[-3.87946,40.58738],[-3.87926,40.5875],[-3.87919,40.58754],[-3.87905,40.58762],[-3.87893,40.58769],[-3.87861,40.58788],[-3.87831,40.58805],[-3.87813,40.58813],[-3.87791,40.58821],[-3.87762,40.58833],[-3.87722,40.58849],[-3.87685,40.58863],[-3.87668,40.58877],[-3.87643,40.58899],[-3.87611,40.58927],[-3.87616,40.58952],[-3.87619,40.58965],[-3.87618,40.58983],[-3.87617,40.58998],[-3.8759,40.59018],[-3.87571,40.59026],[-3.87558,40.59031],[-3.87529,40.59043],[-3.875,40.59055],[-3.87484,40.59061],[-3.8746,40.59075],[-3.87444,40.59085],[-3.87429,40.59094],[-3.87407,40.59106],[-3.8739,40.59115],[-3.87358,40.59118],[-3.87332,40.59119],[-3.87298,40.59121],[-3.87284,40.59123],[-3.8727,40.59125],[-3.87245,40.59128],[-3.87184,40.59137],[-3.8717,40.59139],[-3.87148,40.59144],[-3.87118,40.59151],[-3.87096,40.59156],[-3.87076,40.5916],[-3.87007,40.59176],[-3.86974,40.59183],[-3.86951,40.59189],[-3.86923,40.59194],[-3.86892,40.592],[-3.86865,40.59205],[-3.86837,40.59207],[-3.86808,40.5921],[-3.86783,40.59212],[-3.86761,40.59215],[-3.86738,40.59216],[-3.8673,40.59214],[-3.86689,40.59196],[-3.86654,40.5919],[-3.86626,40.59184],[-3.86597,40.59179],[-3.86586,40.59168],[-3.8658,40.59162],[-3.86567,40.59149],[-3.86554,40.59136],[-3.86547,40.59129],[-3.86538,40.59115],[-3.86518,40.59084],[-3.86502,40.5906],[-3.8649,40.59041],[-3.86457,40.59019],[-3.86425,40.58998],[-3.86393,40.58977],[-3.8636,40.58955],[-3.86353,40.5895],[-3.86318,40.58941],[-3.86277,40.5893],[-3.86237,40.58919],[-3.86191,40.58906],[-3.86131,40.5889],[-3.86108,40.58878],[-3.86079,40.58863],[-3.86055,40.58851],[-3.86011,40.58828],[-3.85993,40.58819],[-3.85975,40.58815],[-3.85929,40.58806],[-3.85882,40.58797],[-3.8585,40.5879],[-3.85826,40.58791],[-3.85803,40.58792],[-3.85772,40.58796],[-3.85714,40.58802],[-3.85619,40.58812],[-3.856,40.58814],[-3.85541,40.58821],[-3.85497,40.588],[-3.85484,40.58802],[-3.85478,40.58805],[-3.85456,40.5882],[-3.85424,40.58843],[-3.85417,40.58847],[-3.85408,40.58854],[-3.85371,40.58884],[-3.85345,40.58892],[-3.85297,40.58907],[-3.85292,40.58909],[-3.85276,40.58917],[-3.8526,40.58925],[-3.8524,40.58935],[-3.85214,40.58948],[-3.85167,40.58972],[-3.8514,40.58986],[-3.85119,40.58996],[-3.85095,40.59008],[-3.85053,40.59029],[-3.85046,40.59033],[-3.85024,40.59044],[-3.84937,40.59075],[-3.84876,40.59096],[-3.84825,40.59095],[-3.8481,40.59098],[-3.84761,40.59105],[-3.84741,40.59108],[-3.84673,40.59119],[-3.84629,40.59126],[-3.84566,40.59136],[-3.84525,40.59159],[-3.84464,40.59193],[-3.84427,40.59207],[-3.84365,40.59229],[-3.84341,40.59238],[-3.84308,40.59243],[-3.84276,40.59249],[-3.84244,40.59254],[-3.84169,40.59267],[-3.8414,40.59261],[-3.84055,40.59241],[-3.83971,40.5921],[-3.83847,40.59165],[-3.8377,40.59136],[-3.83681,40.59154],[-3.83669,40.59157],[-3.83614,40.5918],[-3.8358,40.59195],[-3.83545,40.5921],[-3.8354,40.59212],[-3.83474,40.59257],[-3.83439,40.5928],[-3.83383,40.59317],[-3.83339,40.59348],[-3.83333,40.59351],[-3.83327,40.59353],[-3.83323,40.59354],[-3.83275,40.59366],[-3.83256,40.5937],[-3.83226,40.59377],[-3.83195,40.59385],[-3.83149,40.5939],[-3.83091,40.59396],[-3.83018,40.59404],[-3.83008,40.59407],[-3.82957,40.5942],[-3.82897,40.59436],[-3.82864,40.59445],[-3.82807,40.5946],[-3.82755,40.59469],[-3.82738,40.5947],[-3.82714,40.59471],[-3.8264,40.59474],[-3.82495,40.5946],[-3.824,40.59451],[-3.82275,40.5944],[-3.82217,40.59454],[-3.82168,40.59467],[-3.82109,40.59481],[-3.82029,40.59501],[-3.81889,40.59502],[-3.81739,40.59502],[-3.81613,40.59501],[-3.81444,40.59542],[-3.81393,40.59614],[-3.81263,40.59685],[-3.81253,40.5969],[-3.81135,40.59736],[-3.80794,40.59896],[-3.80713,40.59934],[-3.80631,40.59973],[-3.80615,40.5998],[-3.80601,40.59987],[-3.80631,40.60034],[-3.80693,40.60129],[-3.80772,40.6025],[-3.80874,40.60406],[-3.80887,40.60427],[-3.80912,40.60464],[-3.80923,40.60481],[-3.80938,40.60503],[-3.80941,40.60512],[-3.80953,40.60539],[-3.80968,40.60569],[-3.80968,40.6057],[-3.8097,40.60576],[-3.8097,40.6058],[-3.8097,40.60582],[-3.8097,40.60584],[-3.8097,40.60588],[-3.80975,40.60585],[-3.80979,40.60582],[-3.80985,40.60594],[-3.80977,40.60603],[-3.80982,40.6061],[-3.81004,40.60649],[-3.81005,40.60652],[-3.8101,40.60658],[-3.81012,40.60662],[-3.81014,40.60665],[-3.81017,40.60668],[-3.81022,40.60673],[-3.81024,40.60676],[-3.81026,40.60678],[-3.8103,40.6068],[-3.81032,40.60682],[-3.81035,40.60684],[-3.81038,40.60686],[-3.81049,40.60692],[-3.81055,40.60695],[-3.81058,40.60697],[-3.81068,40.60701],[-3.81073,40.60704],[-3.81079,40.60707],[-3.81085,40.60709],[-3.81091,40.60711],[-3.81097,40.60713],[-3.81107,40.60716],[-3.81116,40.60717],[-3.81131,40.6072],[-3.81137,40.60721],[-3.81147,40.60727],[-3.81177,40.60744],[-3.81231,40.60776],[-3.81252,40.60788],[-3.8128,40.60816],[-3.81282,40.60828],[-3.81276,40.60831],[-3.81261,40.60836],[-3.81247,40.60843],[-3.8124,40.60847],[-3.81235,40.60849],[-3.81228,40.60852],[-3.81209,40.60859],[-3.812,40.60862],[-3.81194,40.60863],[-3.8119,40.60865],[-3.81178,40.60872],[-3.81163,40.6087],[-3.81155,40.60869],[-3.81145,40.60872],[-3.81137,40.60882],[-3.8113,40.6089],[-3.81119,40.60902],[-3.81106,40.60916],[-3.81095,40.60929],[-3.81082,40.60938],[-3.8108,40.60939],[-3.81072,40.60941],[-3.8105,40.60943],[-3.81037,40.60945],[-3.81029,40.60946],[-3.81028,40.60946],[-3.81024,40.60948],[-3.81018,40.60948],[-3.81014,40.60948],[-3.81008,40.60947],[-3.80995,40.60944],[-3.80994,40.6095],[-3.80993,40.60952],[-3.80985,40.60965],[-3.8098,40.60972],[-3.80973,40.60981],[-3.80968,40.60984],[-3.80961,40.60987],[-3.80942,40.60987],[-3.80939,40.60969],[-3.80935,40.6095],[-3.80927,40.60941],[-3.80918,40.60931],[-3.8091,40.6093],[-3.80902,40.60929],[-3.80875,40.60925],[-3.80865,40.60923],[-3.80841,40.60919],[-3.80823,40.60917],[-3.8081,40.60918],[-3.80798,40.60918],[-3.80777,40.60919],[-3.80738,40.6092],[-3.80726,40.60924],[-3.80696,40.60936],[-3.80694,40.60936],[-3.8067,40.60942],[-3.80651,40.60946],[-3.80621,40.60951],[-3.8062,40.60951],[-3.80608,40.60929],[-3.80608,40.60928],[-3.80608,40.60927],[-3.80608,40.60926],[-3.80616,40.60912],[-3.80619,40.60908],[-3.80642,40.60874],[-3.80645,40.60864],[-3.80627,40.60839],[-3.80626,40.60803],[-3.80613,40.60792],[-3.80593,40.60784],[-3.80587,40.60782],[-3.80574,40.60774],[-3.80558,40.60763],[-3.80497,40.60725],[-3.8049,40.6072],[-3.80486,40.60719],[-3.80398,40.60691],[-3.80334,40.6067],[-3.80305,40.6066],[-3.80219,40.60631],[-3.8017,40.60635],[-3.80053,40.6059],[-3.80032,40.60485],[-3.80032,40.60483],[-3.80063,40.6043],[-3.80101,40.60363],[-3.80112,40.60344],[-3.80143,40.6029],[-3.80155,40.60268],[-3.8018,40.60226],[-3.80208,40.60177],[-3.80225,40.60148],[-3.80241,40.60116],[-3.80253,40.60093],[-3.80261,40.60076],[-3.80292,40.60018],[-3.80294,40.60014],[-3.80298,40.60006],[-3.80311,40.5998],[-3.80319,40.59965],[-3.80332,40.5994],[-3.8035,40.59905],[-3.80353,40.59899],[-3.80336,40.59888],[-3.803,40.59888],[-3.8026,40.59889],[-3.80111,40.59889],[-3.80053,40.59877],[-3.79991,40.59862],[-3.79977,40.59859],[-3.79912,40.59849],[-3.7985,40.59881],[-3.79787,40.59925],[-3.79766,40.59941],[-3.79724,40.5997],[-3.79674,40.59989],[-3.79604,40.5999],[-3.79574,40.5999],[-3.79532,40.59991],[-3.79456,40.59982],[-3.79413,40.59977],[-3.79293,40.59947],[-3.79228,40.59933],[-3.79199,40.59928],[-3.79116,40.59916],[-3.79086,40.59912],[-3.79032,40.59904],[-3.78991,40.59899],[-3.78906,40.5991],[-3.78809,40.59956],[-3.78724,40.59995],[-3.78632,40.60038],[-3.78565,40.6004],[-3.78502,40.60048],[-3.78446,40.60108],[-3.78399,40.60141],[-3.78348,40.60177],[-3.7828,40.60171],[-3.78226,40.60146],[-3.78163,40.60081],[-3.78101,40.60092],[-3.78048,40.60102],[-3.77979,40.60117],[-3.77893,40.60174],[-3.77826,40.60173],[-3.77717,40.60135],[-3.77653,40.60117],[-3.77577,40.60095],[-3.77544,40.60086],[-3.77539,40.60084],[-3.77502,40.60074],[-3.77471,40.60065],[-3.77432,40.60055],[-3.7738,40.60044],[-3.77325,40.60033],[-3.77279,40.60024],[-3.77247,40.60018],[-3.7719,40.60011],[-3.7714,40.60005],[-3.771,40.6],[-3.7706,40.59995],[-3.77032,40.59992],[-3.76996,40.59987],[-3.76946,40.59982],[-3.76905,40.59976],[-3.76817,40.59966],[-3.76763,40.59945],[-3.76731,40.5993],[-3.76629,40.59879],[-3.76598,40.59864],[-3.76534,40.59843],[-3.76524,40.5984],[-3.76421,40.59832],[-3.76393,40.59825],[-3.76358,40.59815],[-3.76312,40.59802],[-3.76222,40.59777],[-3.76216,40.59775],[-3.76156,40.59752],[-3.76089,40.59726],[-3.76067,40.5972],[-3.76023,40.5971],[-3.75985,40.59701],[-3.75946,40.59678],[-3.75924,40.59666],[-3.75905,40.59652],[-3.75899,40.59648],[-3.75883,40.59636],[-3.75847,40.5961],[-3.75846,40.59609],[-3.75845,40.59609],[-3.75784,40.59605],[-3.75767,40.59605],[-3.75737,40.59606],[-3.7571,40.59596],[-3.75432,40.59499],[-3.75364,40.59476],[-3.75295,40.59477],[-3.75229,40.59441],[-3.75222,40.59436],[-3.7522,40.59434],[-3.75052,40.59279],[-3.75015,40.59244],[-3.74926,40.59271],[-3.74581,40.5922],[-3.7458,40.5922],[-3.74539,40.59189],[-3.74437,40.59158],[-3.74373,40.59141],[-3.74226,40.59103],[-3.74082,40.59065],[-3.73969,40.5893],[-3.73917,40.58806],[-3.73898,40.58781],[-3.73857,40.58694],[-3.73817,40.58647],[-3.73774,40.58627],[-3.73727,40.58607],[-3.73656,40.5859],[-3.73584,40.58572],[-3.73552,40.58569],[-3.73532,40.58567],[-3.73516,40.58564],[-3.73498,40.5856],[-3.73456,40.58552],[-3.73446,40.5855],[-3.73434,40.58548],[-3.73425,40.58546],[-3.73398,40.58538],[-3.7337,40.58534],[-3.73356,40.58532],[-3.73316,40.58527],[-3.73278,40.58532],[-3.73229,40.58539],[-3.73103,40.58524],[-3.73064,40.58519],[-3.73046,40.58517],[-3.73022,40.58514],[-3.73002,40.58511],[-3.72981,40.58509],[-3.72915,40.58486],[-3.72819,40.58453],[-3.72776,40.58439],[-3.72729,40.58426],[-3.72667,40.58407],[-3.72646,40.58401],[-3.726,40.58389],[-3.72505,40.58362],[-3.7247,40.58352],[-3.72358,40.58321],[-3.72344,40.58317],[-3.72199,40.58276],[-3.72143,40.5826],[-3.72066,40.58222],[-3.71942,40.58212],[-3.71866,40.5824],[-3.71829,40.58253],[-3.71725,40.5829],[-3.71649,40.58284],[-3.71604,40.5828],[-3.71454,40.58266],[-3.71371,40.58301],[-3.713,40.58329],[-3.71165,40.58308],[-3.71149,40.58305],[-3.71136,40.58306],[-3.71121,40.58308],[-3.71103,40.5831],[-3.71084,40.58312],[-3.70859,40.58352],[-3.70789,40.58376],[-3.70763,40.58315],[-3.70586,40.58301],[-3.7054,40.58298],[-3.7054,40.58354],[-3.7054,40.5838],[-3.70539,40.5847],[-3.7052,40.58478],[-3.70502,40.58485],[-3.70478,40.58494],[-3.7047,40.585],[-3.70439,40.58522],[-3.70417,40.58538],[-3.70371,40.58572],[-3.7033,40.58601],[-3.70295,40.58626],[-3.70249,40.58659],[-3.70223,40.58678],[-3.70204,40.5869],[-3.70196,40.58695],[-3.70186,40.587],[-3.70177,40.58705],[-3.70156,40.58716],[-3.7014,40.58724],[-3.70112,40.58738],[-3.70079,40.58755],[-3.70042,40.58773],[-3.70035,40.58778],[-3.69983,40.58805],[-3.69944,40.58825],[-3.69902,40.58847],[-3.69875,40.5886],[-3.69834,40.58882],[-3.6979,40.58904],[-3.69749,40.58925],[-3.69711,40.58945],[-3.6969,40.58956],[-3.69675,40.58964],[-3.69647,40.58979],[-3.69633,40.58988],[-3.6963,40.58992],[-3.69622,40.59003],[-3.69609,40.59024],[-3.69599,40.59042],[-3.69576,40.59082],[-3.69559,40.59112],[-3.6954,40.59144],[-3.69525,40.59172],[-3.69508,40.59202],[-3.69493,40.59228],[-3.69481,40.59248],[-3.69468,40.59271],[-3.69458,40.59291],[-3.69442,40.59317],[-3.69429,40.59341],[-3.69418,40.5936],[-3.69404,40.59384],[-3.69289,40.59585],[-3.69284,40.59594],[-3.69208,40.59727],[-3.69201,40.59739],[-3.69197,40.59748],[-3.69189,40.59765],[-3.69186,40.59772],[-3.69178,40.59796],[-3.6917,40.59821],[-3.69081,40.60083],[-3.69069,40.60116],[-3.69067,40.60122],[-3.69064,40.60128],[-3.69058,40.60143],[-3.69048,40.60159],[-3.69038,40.60176],[-3.6903,40.6019],[-3.68954,40.60319],[-3.68928,40.60363],[-3.68904,40.60404],[-3.68885,40.60436],[-3.68842,40.60509],[-3.68835,40.60521],[-3.68831,40.60529],[-3.6882,40.60547],[-3.68806,40.60573],[-3.6879,40.60602],[-3.68778,40.60626],[-3.68761,40.60657],[-3.68742,40.60681],[-3.68725,40.60694],[-3.68705,40.6071],[-3.68648,40.60755],[-3.68608,40.60786],[-3.68558,40.60826],[-3.68533,40.60846],[-3.68508,40.60866],[-3.68477,40.60882],[-3.6846,40.60889],[-3.68408,40.6091],[-3.68371,40.60924],[-3.68332,40.60939],[-3.68268,40.60964],[-3.68243,40.60975],[-3.68239,40.60976],[-3.68223,40.60983],[-3.68189,40.60997],[-3.68132,40.6102],[-3.68104,40.61031],[-3.68065,40.61047],[-3.68028,40.61062],[-3.68003,40.61072],[-3.6798,40.61082],[-3.67967,40.61087],[-3.67948,40.611],[-3.67932,40.61111],[-3.67922,40.61117],[-3.67914,40.61127],[-3.67898,40.61146],[-3.67878,40.61169],[-3.67862,40.61188],[-3.67839,40.61216],[-3.67817,40.61241],[-3.67779,40.61286],[-3.67731,40.61341],[-3.67684,40.61396],[-3.67669,40.61414],[-3.6765,40.61436],[-3.67631,40.61456],[-3.67629,40.6146],[-3.67627,40.61467],[-3.67623,40.61471],[-3.67616,40.61481],[-3.67592,40.61508],[-3.67582,40.6151],[-3.6756,40.61535],[-3.67534,40.61563],[-3.67532,40.61566],[-3.6753,40.61567],[-3.6753,40.61568],[-3.6753,40.61568],[-3.6753,40.61569],[-3.67531,40.61572],[-3.67531,40.61573],[-3.67531,40.61573],[-3.67531,40.61574],[-3.67498,40.6161],[-3.67477,40.61632],[-3.67466,40.61641],[-3.6746,40.61644],[-3.67453,40.61647],[-3.67436,40.61654],[-3.6737,40.61678],[-3.67358,40.61683],[-3.67313,40.61695],[-3.67222,40.6172],[-3.6719,40.61729],[-3.67159,40.61737],[-3.67148,40.6174],[-3.67139,40.61742],[-3.67126,40.61746],[-3.67121,40.61747],[-3.67114,40.61751],[-3.67093,40.61761],[-3.66858,40.61874],[-3.66684,40.61958],[-3.66684,40.61958],[-3.66671,40.61975],[-3.66664,40.61983],[-3.66655,40.62006],[-3.66661,40.62043],[-3.66665,40.62066],[-3.66676,40.62127],[-3.66681,40.62157],[-3.66685,40.62181],[-3.66687,40.62192],[-3.66694,40.62233],[-3.66697,40.62254],[-3.66704,40.62275],[-3.66706,40.62281],[-3.66711,40.62291],[-3.66736,40.62344],[-3.66742,40.62358],[-3.6677,40.62417],[-3.66823,40.6253],[-3.66839,40.62564],[-3.66852,40.62592],[-3.66852,40.62614],[-3.66852,40.62702],[-3.66856,40.62736],[-3.66855,40.62745],[-3.66843,40.62831],[-3.66838,40.62864],[-3.66835,40.62889],[-3.66802,40.6296],[-3.668,40.62966],[-3.66755,40.63063],[-3.66739,40.63098],[-3.6673,40.63117],[-3.66722,40.63131],[-3.66576,40.63377],[-3.66549,40.63418],[-3.66445,40.63552],[-3.66431,40.63571],[-3.6641,40.63595],[-3.66327,40.63688],[-3.6631,40.63707],[-3.66303,40.63716],[-3.66283,40.63738],[-3.66245,40.63781],[-3.66245,40.63781],[-3.66239,40.63787],[-3.66235,40.63795],[-3.66229,40.63803],[-3.66224,40.63814],[-3.66221,40.63822],[-3.66217,40.63834],[-3.66214,40.63843],[-3.66199,40.6389],[-3.66198,40.63892],[-3.66188,40.63922],[-3.6618,40.63933],[-3.66173,40.63941],[-3.66167,40.63949],[-3.66166,40.6395],[-3.66134,40.63976],[-3.66109,40.63996],[-3.66077,40.64022],[-3.66043,40.64049],[-3.66024,40.64064],[-3.65974,40.64105],[-3.65939,40.64132],[-3.65931,40.64138],[-3.65923,40.64145],[-3.65902,40.64163],[-3.65848,40.64205],[-3.65802,40.64223],[-3.65766,40.64235],[-3.65739,40.64246],[-3.65705,40.64259],[-3.65675,40.6427],[-3.65646,40.64281],[-3.6562,40.64291],[-3.65614,40.64293],[-3.65595,40.64323],[-3.65588,40.64324],[-3.65586,40.64325],[-3.65569,40.64328],[-3.65541,40.64323],[-3.65493,40.64314],[-3.65364,40.6429],[-3.6528,40.64274],[-3.65261,40.64272],[-3.65221,40.64266],[-3.65193,40.64258],[-3.65153,40.64244],[-3.65132,40.64237],[-3.65093,40.64223],[-3.65028,40.64199],[-3.64962,40.64175],[-3.64913,40.64155],[-3.64886,40.64144],[-3.64886,40.64144],[-3.64876,40.6414],[-3.64873,40.64138],[-3.64864,40.64132],[-3.64853,40.64124],[-3.64848,40.6412],[-3.64836,40.64112],[-3.64835,40.64111],[-3.64822,40.64101],[-3.64788,40.6407],[-3.64761,40.64047],[-3.64722,40.64011],[-3.64709,40.63999],[-3.64702,40.63994],[-3.64698,40.6399],[-3.64693,40.63986],[-3.64686,40.6398],[-3.64593,40.63911],[-3.64523,40.63859],[-3.64502,40.63845],[-3.64487,40.63834],[-3.64448,40.63809],[-3.64245,40.63805],[-3.64203,40.63811],[-3.64137,40.63823],[-3.64088,40.63831],[-3.64043,40.63839],[-3.64017,40.63843],[-3.64011,40.63844],[-3.64001,40.63844],[-3.63995,40.63844],[-3.63882,40.6384],[-3.63855,40.63824],[-3.63839,40.63815],[-3.6378,40.6378],[-3.63769,40.63774],[-3.63763,40.6377],[-3.63758,40.63765],[-3.63756,40.63762],[-3.63727,40.63729],[-3.63702,40.63701],[-3.63689,40.63686],[-3.63683,40.63679],[-3.6367,40.63678],[-3.63661,40.63644],[-3.63655,40.63622],[-3.63647,40.63593],[-3.63637,40.63561],[-3.63632,40.63545],[-3.63622,40.63513],[-3.63618,40.63507],[-3.63597,40.63482],[-3.6359,40.63474],[-3.63577,40.6346],[-3.63553,40.63437],[-3.63528,40.63414],[-3.63512,40.63399],[-3.63502,40.6339],[-3.63489,40.63377],[-3.63469,40.63357],[-3.63461,40.63349],[-3.63458,40.63346],[-3.63457,40.63345],[-3.63456,40.63342],[-3.63445,40.63324],[-3.63389,40.6323],[-3.63328,40.63127],[-3.63308,40.63094],[-3.63293,40.63069],[-3.63278,40.63056],[-3.63238,40.63019],[-3.632,40.62985],[-3.63191,40.62976],[-3.63164,40.62952],[-3.63111,40.62904],[-3.6307,40.62871],[-3.63015,40.62828],[-3.62989,40.62774],[-3.6297,40.62735],[-3.62967,40.62703],[-3.62965,40.62681],[-3.62986,40.62643],[-3.63005,40.62609],[-3.63021,40.62581],[-3.63005,40.62543],[-3.62961,40.62433],[-3.6294,40.62379],[-3.62885,40.62234],[-3.62897,40.62202],[-3.62916,40.62147],[-3.62949,40.62058],[-3.62939,40.62043],[-3.62906,40.61997],[-3.62877,40.61957],[-3.62866,40.61941],[-3.62863,40.61891],[-3.6286,40.61836],[-3.6286,40.61816],[-3.6286,40.61814],[-3.6286,40.61813],[-3.62854,40.61803],[-3.62836,40.61777],[-3.62828,40.61765],[-3.62824,40.61762],[-3.62783,40.6174],[-3.62741,40.61717],[-3.62694,40.61691],[-3.62681,40.61689],[-3.62613,40.6168],[-3.62592,40.61677],[-3.62582,40.61676],[-3.6258,40.61676],[-3.62515,40.61667],[-3.6248,40.61662],[-3.62415,40.61653],[-3.62401,40.61652],[-3.62392,40.6165],[-3.6239,40.61649],[-3.62368,40.6164],[-3.62359,40.61636],[-3.62353,40.61633],[-3.62318,40.61617],[-3.6226,40.61591],[-3.62201,40.6152],[-3.62177,40.61492],[-3.62174,40.61487],[-3.62148,40.61436],[-3.6214,40.61422],[-3.62136,40.61415],[-3.62127,40.61396],[-3.62062,40.61278],[-3.62055,40.61267],[-3.62048,40.61256],[-3.62031,40.61238],[-3.62021,40.61227],[-3.62014,40.61219],[-3.62002,40.61206],[-3.61987,40.6119],[-3.61971,40.61185],[-3.61925,40.61169],[-3.61862,40.61148],[-3.61828,40.61135],[-3.61801,40.61126],[-3.61799,40.61102],[-3.61795,40.61077],[-3.61782,40.61017],[-3.61784,40.61014],[-3.61796,40.60987],[-3.61815,40.60945],[-3.61839,40.60896],[-3.61731,40.60761],[-3.6168,40.60697],[-3.61716,40.60604],[-3.61711,40.60516],[-3.61687,40.60463],[-3.61645,40.60387],[-3.6164,40.60376],[-3.6161,40.60305],[-3.61649,40.60207],[-3.61637,40.60152],[-3.61531,40.60071],[-3.61428,40.60059],[-3.61296,40.59991],[-3.61163,40.59947],[-3.61058,40.59877],[-3.60874,40.59845],[-3.60821,40.5979],[-3.60814,40.59784],[-3.60806,40.59775],[-3.608,40.59768],[-3.60791,40.59759],[-3.60771,40.59744],[-3.60767,40.59741],[-3.60757,40.59733],[-3.60715,40.59701],[-3.60708,40.59696],[-3.60698,40.59688],[-3.60693,40.59684],[-3.60684,40.59682],[-3.60634,40.59671],[-3.60538,40.5965],[-3.60534,40.59649],[-3.60521,40.59646],[-3.6052,40.59644],[-3.60517,40.5964],[-3.60512,40.59633],[-3.60507,40.59626],[-3.60502,40.59619],[-3.60499,40.59615],[-3.60473,40.59579],[-3.60483,40.59517],[-3.60483,40.59512],[-3.60483,40.59504],[-3.60483,40.59501],[-3.60482,40.59496],[-3.60482,40.59492],[-3.60482,40.59487],[-3.60479,40.59456],[-3.60479,40.59451],[-3.60478,40.59445],[-3.60477,40.59435],[-3.60477,40.5943],[-3.60477,40.5943],[-3.60474,40.59426],[-3.6046,40.59412],[-3.60457,40.5941],[-3.60443,40.59395],[-3.6043,40.59382],[-3.60426,40.59378],[-3.60419,40.5937],[-3.60415,40.59367],[-3.6041,40.59362],[-3.60407,40.5936],[-3.60405,40.59358],[-3.60399,40.59353],[-3.60393,40.59349],[-3.60384,40.59341],[-3.60379,40.59338],[-3.60374,40.59333],[-3.60361,40.59323],[-3.60353,40.59317],[-3.6034,40.59305],[-3.60337,40.59303],[-3.6033,40.59299],[-3.60309,40.59291],[-3.60278,40.59278],[-3.60198,40.59245],[-3.60191,40.59242],[-3.60185,40.59239],[-3.60181,40.5922],[-3.60178,40.5921],[-3.60181,40.59188],[-3.60182,40.5918],[-3.60184,40.59166],[-3.60186,40.59147],[-3.60188,40.59134],[-3.60189,40.59126],[-3.60192,40.591],[-3.60197,40.59085],[-3.60207,40.59058],[-3.60211,40.59046],[-3.60215,40.59035],[-3.60222,40.59014],[-3.60254,40.58966],[-3.60274,40.58937],[-3.60298,40.58901],[-3.60336,40.58876],[-3.60338,40.58874],[-3.60341,40.58872],[-3.60381,40.58856],[-3.60386,40.58854],[-3.60407,40.58845],[-3.60423,40.58839],[-3.60424,40.58838],[-3.60435,40.58829],[-3.6044,40.58826],[-3.60444,40.58822],[-3.60467,40.58804],[-3.60475,40.58797],[-3.60481,40.58792],[-3.60489,40.58786],[-3.60492,40.58783],[-3.60501,40.58777],[-3.60502,40.58775],[-3.60508,40.58762],[-3.60512,40.58754],[-3.60523,40.58733],[-3.60538,40.58704],[-3.60542,40.58695],[-3.6057,40.5864],[-3.60589,40.58603],[-3.60601,40.5858],[-3.60607,40.58567],[-3.60615,40.5855],[-3.60619,40.58543],[-3.6062,40.5854],[-3.60623,40.58536],[-3.60637,40.58518],[-3.6064,40.58514],[-3.60642,40.58512],[-3.60645,40.5851],[-3.60842,40.58392],[-3.60845,40.5839],[-3.60849,40.5839],[-3.60853,40.5839],[-3.60879,40.58393],[-3.60893,40.58374],[-3.60905,40.58356],[-3.60937,40.58342],[-3.6096,40.58327],[-3.60967,40.58327],[-3.60971,40.58319],[-3.60976,40.58316],[-3.60985,40.58312],[-3.61082,40.58252],[-3.61191,40.5819],[-3.61307,40.58155],[-3.61335,40.58147],[-3.61435,40.58116],[-3.61494,40.58098],[-3.61637,40.58049],[-3.61821,40.57901],[-3.61867,40.57863],[-3.61919,40.57823],[-3.61968,40.57783],[-3.62052,40.57717],[-3.6214,40.57648],[-3.62151,40.57637],[-3.6217,40.57618],[-3.62223,40.57568],[-3.62266,40.57537],[-3.623,40.57513],[-3.62348,40.57478],[-3.62362,40.57469],[-3.62382,40.57454],[-3.62394,40.57445],[-3.62424,40.57422],[-3.62499,40.57363],[-3.62501,40.57361],[-3.62505,40.57361],[-3.62629,40.57352],[-3.62798,40.5736],[-3.62873,40.57375],[-3.62907,40.57394],[-3.62978,40.5743],[-3.63021,40.57445],[-3.63057,40.57458],[-3.63112,40.57486],[-3.63145,40.57477],[-3.63183,40.57467],[-3.63245,40.5745],[-3.63265,40.5745],[-3.63291,40.57449],[-3.63335,40.57447],[-3.63355,40.57446],[-3.63374,40.57446],[-3.63401,40.57446],[-3.63417,40.57446],[-3.63466,40.57447],[-3.63513,40.57452],[-3.63537,40.57454],[-3.63637,40.57464],[-3.63682,40.57471],[-3.6372,40.57476],[-3.63846,40.57493],[-3.63973,40.57511],[-3.64063,40.57545],[-3.64109,40.57563],[-3.64156,40.57581],[-3.64215,40.57614],[-3.64228,40.57622],[-3.64265,40.57642],[-3.64378,40.57666],[-3.64471,40.57685],[-3.64479,40.57687],[-3.64491,40.57687],[-3.6455,40.57689],[-3.64599,40.57691],[-3.64649,40.57693],[-3.64703,40.57695],[-3.64755,40.57696],[-3.64786,40.577],[-3.64818,40.57703],[-3.64867,40.57709],[-3.64947,40.57717],[-3.64959,40.57719],[-3.64986,40.57727],[-3.65029,40.57741],[-3.65032,40.57742],[-3.65053,40.57762],[-3.65079,40.57786],[-3.65092,40.57797],[-3.65095,40.57801],[-3.65099,40.57808],[-3.65113,40.57833],[-3.65122,40.5785],[-3.65136,40.57875],[-3.65147,40.57893],[-3.65163,40.57921],[-3.65178,40.57948],[-3.65185,40.5796],[-3.65193,40.57973],[-3.65202,40.57991],[-3.65214,40.58012],[-3.65223,40.58027],[-3.65235,40.58046],[-3.65246,40.58065],[-3.65253,40.58077],[-3.65261,40.58089],[-3.65273,40.58109],[-3.65279,40.58126],[-3.65288,40.5815],[-3.65294,40.58167],[-3.65306,40.58199],[-3.65318,40.58231],[-3.65321,40.58241],[-3.65327,40.58256],[-3.65329,40.58263],[-3.65338,40.58286],[-3.65343,40.583],[-3.65362,40.58353],[-3.65366,40.58365],[-3.65371,40.58379],[-3.65389,40.58426],[-3.65396,40.58445],[-3.65403,40.58463],[-3.65412,40.58485],[-3.65416,40.58496],[-3.65422,40.58517],[-3.65426,40.58533],[-3.6543,40.58544],[-3.65433,40.58553],[-3.65438,40.5857],[-3.65441,40.58579],[-3.65444,40.58587],[-3.65446,40.58595],[-3.65451,40.58609],[-3.65457,40.58621],[-3.65466,40.58637],[-3.65471,40.58647],[-3.65482,40.58668],[-3.65493,40.58691],[-3.65499,40.58704],[-3.65504,40.58715],[-3.65511,40.58729],[-3.6552,40.58749],[-3.65529,40.58769],[-3.65546,40.58791],[-3.65561,40.58809],[-3.6558,40.58833],[-3.65599,40.58858],[-3.65611,40.58874],[-3.65621,40.58888],[-3.6563,40.589],[-3.65714,40.58944],[-3.65749,40.58962],[-3.65762,40.58969],[-3.65773,40.58976],[-3.65794,40.58989],[-3.65828,40.59009],[-3.65855,40.59025],[-3.6588,40.5904],[-3.65897,40.59051],[-3.65937,40.59082],[-3.65968,40.59107],[-3.66009,40.59146],[-3.66032,40.59167],[-3.66085,40.59181],[-3.66105,40.59186],[-3.66138,40.59195],[-3.66177,40.59205],[-3.66213,40.59214],[-3.66235,40.59218],[-3.66374,40.59233],[-3.66389,40.59233],[-3.66415,40.59233],[-3.66451,40.59232],[-3.66479,40.59233],[-3.66503,40.59232],[-3.66513,40.59232],[-3.66526,40.59231],[-3.66535,40.59231],[-3.66545,40.5923],[-3.66561,40.59228],[-3.66584,40.59226],[-3.66609,40.59224],[-3.66661,40.59218],[-3.66681,40.59216],[-3.6669,40.59215],[-3.667,40.59214],[-3.66719,40.59212],[-3.66741,40.59202],[-3.6679,40.59179],[-3.66889,40.59133],[-3.66906,40.59125],[-3.67413,40.58887],[-3.67414,40.58886],[-3.67417,40.58884],[-3.67453,40.58867],[-3.67527,40.58831],[-3.676,40.58795],[-3.67633,40.58778],[-3.67686,40.5875],[-3.67726,40.58731],[-3.67763,40.58713],[-3.67812,40.58688],[-3.67833,40.58677],[-3.67858,40.58665],[-3.67883,40.58654],[-3.6793,40.58632],[-3.67981,40.58608],[-3.68025,40.58587],[-3.68089,40.58557],[-3.68135,40.58535],[-3.68219,40.58495],[-3.68222,40.58493],[-3.68234,40.58486],[-3.68267,40.58465],[-3.68297,40.58447],[-3.68319,40.58434],[-3.68341,40.5842],[-3.68362,40.58407],[-3.68392,40.58388],[-3.68417,40.58373],[-3.68428,40.58366],[-3.6849,40.58336],[-3.68586,40.58292],[-3.68725,40.58258],[-3.68745,40.58259],[-3.68762,40.58259],[-3.68783,40.58259],[-3.68829,40.5826],[-3.68846,40.58261],[-3.6886,40.58261],[-3.6886,40.58261],[-3.68861,40.58261],[-3.6888,40.58248],[-3.6893,40.58215],[-3.68974,40.58178],[-3.69059,40.58106],[-3.69069,40.58098],[-3.69117,40.58076],[-3.69173,40.58052],[-3.69184,40.58047],[-3.69241,40.58031],[-3.69339,40.58004],[-3.6935,40.58002],[-3.69378,40.57997],[-3.69442,40.57986],[-3.69493,40.57979],[-3.69572,40.57968],[-3.69585,40.57966],[-3.69639,40.5795],[-3.69693,40.57935],[-3.69744,40.5792],[-3.69806,40.57903],[-3.69878,40.57882],[-3.69943,40.57864],[-3.7004,40.57863],[-3.70103,40.57864],[-3.70157,40.57864],[-3.70159,40.57864],[-3.70159,40.57831],[-3.70153,40.57831],[-3.70143,40.57831],[-3.70105,40.57831],[-3.70088,40.57831],[-3.7006,40.57831],[-3.70037,40.57831],[-3.70028,40.57831],[-3.70026,40.5783],[-3.70016,40.57826],[-3.70011,40.57824],[-3.70003,40.5782],[-3.69993,40.57815],[-3.69987,40.57811],[-3.69973,40.57802],[-3.69947,40.57785],[-3.69935,40.57776],[-3.69927,40.5777],[-3.69925,40.57769],[-3.69923,40.57766],[-3.69912,40.57758],[-3.69906,40.57753],[-3.69899,40.57745],[-3.69885,40.5773],[-3.6988,40.57726],[-3.69873,40.57721],[-3.69865,40.57716],[-3.69851,40.57707],[-3.69842,40.57702],[-3.6983,40.57695],[-3.69826,40.57693],[-3.69819,40.57689],[-3.69813,40.57683],[-3.69807,40.57674],[-3.69793,40.57655],[-3.69785,40.57646],[-3.69778,40.5764],[-3.69772,40.57636],[-3.69761,40.57626],[-3.6975,40.57618],[-3.69743,40.57612],[-3.69733,40.57604],[-3.6973,40.57601],[-3.6973,40.57592],[-3.6973,40.57578],[-3.6973,40.57574],[-3.6973,40.57568],[-3.6973,40.57566],[-3.6973,40.57562],[-3.69728,40.57549],[-3.69726,40.57538],[-3.69725,40.57535],[-3.69725,40.57533],[-3.69724,40.5753],[-3.69722,40.57524],[-3.69719,40.57517],[-3.69714,40.57506],[-3.69708,40.57494],[-3.69705,40.57487],[-3.69701,40.57482],[-3.69698,40.57479],[-3.69692,40.57475],[-3.69685,40.57469],[-3.69649,40.57442],[-3.69638,40.57435],[-3.6963,40.5743],[-3.69626,40.57427],[-3.69612,40.5742],[-3.69549,40.57392],[-3.69503,40.57373],[-3.69498,40.57371],[-3.69495,40.57369],[-3.69494,40.57368],[-3.6949,40.57363],[-3.69471,40.57343],[-3.69454,40.57323],[-3.69419,40.57282],[-3.69404,40.57266],[-3.69393,40.57253],[-3.69369,40.57226],[-3.69351,40.57207],[-3.69343,40.572],[-3.69332,40.57191],[-3.69323,40.57184],[-3.69316,40.57179],[-3.69311,40.57176],[-3.69308,40.57175],[-3.69306,40.57174],[-3.69305,40.57173],[-3.69305,40.57173],[-3.69304,40.57172],[-3.69303,40.57172],[-3.693,40.57171],[-3.69277,40.57158],[-3.69272,40.57154],[-3.69266,40.57158],[-3.69263,40.57158],[-3.69263,40.57157],[-3.69259,40.57141],[-3.69256,40.57122],[-3.69256,40.57114],[-3.69254,40.57107],[-3.69251,40.57097],[-3.69249,40.57089],[-3.69246,40.57082],[-3.69242,40.57075],[-3.69239,40.57071],[-3.69233,40.57064],[-3.69218,40.57046],[-3.69207,40.57033],[-3.69187,40.57007],[-3.69176,40.56991],[-3.69172,40.56987],[-3.69167,40.56984],[-3.69164,40.56981],[-3.69157,40.56979],[-3.6915,40.56977],[-3.69135,40.56973],[-3.69129,40.56971],[-3.69123,40.56969],[-3.69117,40.56965],[-3.69112,40.56961],[-3.69105,40.56955],[-3.69097,40.56945],[-3.69083,40.56928],[-3.69073,40.56917],[-3.69073,40.56917],[-3.69071,40.56918],[-3.69067,40.56918],[-3.69067,40.56923],[-3.69066,40.56924],[-3.69066,40.56927],[-3.69064,40.5694],[-3.69061,40.56952],[-3.69056,40.56963],[-3.69048,40.56975],[-3.69041,40.56983],[-3.69032,40.56991],[-3.69023,40.56996],[-3.69002,40.57012],[-3.68988,40.5702],[-3.68974,40.57026],[-3.68955,40.57032],[-3.68945,40.57035],[-3.6894,40.57036],[-3.68949,40.57019],[-3.68953,40.5701],[-3.68957,40.56998],[-3.68959,40.56986],[-3.6896,40.56976],[-3.68959,40.56965],[-3.68958,40.56948],[-3.68956,40.56908],[-3.68956,40.56899],[-3.68956,40.56882],[-3.68956,40.56869],[-3.68953,40.56862],[-3.68948,40.56855],[-3.68942,40.56849],[-3.68938,40.5684],[-3.68931,40.56826],[-3.68922,40.56802],[-3.68914,40.56785],[-3.68904,40.56762],[-3.68899,40.56746],[-3.68896,40.5674],[-3.68895,40.56734],[-3.68894,40.56728],[-3.68894,40.56724],[-3.68894,40.5672],[-3.68896,40.56717],[-3.68891,40.56715],[-3.68792,40.56495],[-3.68697,40.56315],[-3.68666,40.5624],[-3.68575,40.55965],[-3.68493,40.55809],[-3.68241,40.55383],[-3.68215,40.55291],[-3.68212,40.55291],[-3.68214,40.55282],[-3.68217,40.55266],[-3.6822,40.55254],[-3.68228,40.55218],[-3.68229,40.55208],[-3.68234,40.55197],[-3.6825,40.55156],[-3.68248,40.55132],[-3.68243,40.5512],[-3.68235,40.55102],[-3.68224,40.55081],[-3.68211,40.55068],[-3.68202,40.55047],[-3.68197,40.55035],[-3.68194,40.55024],[-3.6819,40.54999],[-3.68186,40.54992],[-3.68173,40.54979],[-3.68161,40.54965],[-3.68148,40.54951],[-3.68144,40.54946],[-3.68131,40.54935],[-3.68114,40.54921],[-3.68081,40.549],[-3.68061,40.54891],[-3.68038,40.54881],[-3.68031,40.54878],[-3.68024,40.54873],[-3.68018,40.54866],[-3.68013,40.54859],[-3.68007,40.54848],[-3.67996,40.54831],[-3.67983,40.54812],[-3.67969,40.54792],[-3.67963,40.54784],[-3.67956,40.54776],[-3.67943,40.5476],[-3.67939,40.54754],[-3.6793,40.54747],[-3.67917,40.54736],[-3.67907,40.54727],[-3.67903,40.54723],[-3.67899,40.54718],[-3.67894,40.54711],[-3.6788,40.54689],[-3.67877,40.54683],[-3.67872,40.54674],[-3.67862,40.54654],[-3.67861,40.54651],[-3.67862,40.54651],[-3.67874,40.54538],[-3.67816,40.54345],[-3.67818,40.54345],[-3.67817,40.5434],[-3.67815,40.54337],[-3.67802,40.54311],[-3.67798,40.543],[-3.67794,40.54295],[-3.67782,40.54282],[-3.67769,40.54268],[-3.67762,40.5426],[-3.67745,40.54234],[-3.67726,40.54212],[-3.67701,40.54185],[-3.67694,40.54178],[-3.67671,40.54157],[-3.67661,40.5415],[-3.67649,40.54141],[-3.6763,40.54131],[-3.67611,40.54121],[-3.67598,40.54112],[-3.67595,40.54111],[-3.67589,40.54105],[-3.67579,40.54096],[-3.67572,40.5409],[-3.67562,40.54078],[-3.67555,40.54069],[-3.6753,40.54031],[-3.67518,40.54014],[-3.67507,40.53999],[-3.67499,40.53989],[-3.67487,40.53971],[-3.6748,40.53961],[-3.67474,40.53947],[-3.6747,40.53939],[-3.6746,40.53921],[-3.67453,40.5391],[-3.67447,40.539],[-3.67444,40.53891],[-3.67438,40.53874],[-3.67435,40.53862],[-3.67433,40.53853],[-3.67426,40.53843],[-3.67421,40.53835],[-3.67412,40.53823],[-3.67408,40.53819],[-3.67392,40.53807],[-3.67379,40.53798],[-3.67367,40.5379],[-3.67344,40.53777],[-3.67329,40.5377],[-3.67319,40.53766],[-3.6731,40.53764],[-3.67294,40.5376],[-3.67264,40.53754],[-3.67241,40.53749],[-3.67226,40.53745],[-3.67218,40.53743],[-3.67206,40.53737],[-3.67196,40.53729],[-3.67184,40.53718],[-3.67173,40.53706],[-3.67165,40.53695],[-3.67154,40.53679],[-3.67141,40.53665],[-3.67126,40.53648],[-3.67111,40.5363],[-3.67101,40.53616],[-3.67094,40.53606],[-3.67084,40.53589],[-3.6708,40.53582],[-3.67076,40.53571],[-3.67071,40.5356],[-3.67065,40.53551],[-3.67048,40.5353],[-3.67034,40.53516],[-3.67022,40.53502],[-3.67013,40.53493],[-3.67005,40.53486],[-3.66992,40.53477],[-3.66979,40.53469],[-3.66952,40.53451],[-3.66932,40.53438],[-3.66935,40.53434],[-3.67101,40.53206],[-3.67234,40.53087],[-3.67572,40.52838],[-3.67653,40.52724],[-3.67721,40.52699],[-3.67558,40.52612],[-3.67507,40.52558],[-3.67203,40.52437],[-3.67005,40.52472],[-3.66765,40.52501],[-3.66598,40.52448],[-3.66594,40.52448],[-3.66596,40.52426],[-3.66596,40.52407],[-3.66595,40.52399],[-3.66595,40.52392],[-3.66593,40.52389],[-3.66584,40.52369],[-3.66578,40.52357],[-3.66571,40.52341],[-3.66568,40.52334],[-3.66566,40.52324],[-3.66564,40.52314],[-3.66563,40.52308],[-3.66562,40.52304],[-3.66562,40.523],[-3.66562,40.52296],[-3.66562,40.52293],[-3.66563,40.5229],[-3.66566,40.52275],[-3.66572,40.52255],[-3.66585,40.52217],[-3.6659,40.52201],[-3.66594,40.5218],[-3.66597,40.52164],[-3.66599,40.52156],[-3.66607,40.5214],[-3.66618,40.52123],[-3.66624,40.52113],[-3.6662,40.52111],[-3.66287,40.52003],[-3.66147,40.51727],[-3.65916,40.51359],[-3.6586,40.51167],[-3.65788,40.51146],[-3.65761,40.51172]]]}},{"type":"Feature","properties":{"district_code":"09","name":"Moncloa - Aravaca"},"geometry":{"type":"Polygon","coordinates":[[[-3.7746,40.40031],[-3.77437,40.40208],[-3.77641,40.40403],[-3.77691,40.4052],[-3.7778,40.40654],[-3.77858,40.40803],[-3.77903,40.40977],[-3.77946,40.4121],[-3.78062,40.4143],[-3.78094,40.41554],[-3.78124,40.41681],[-3.7814,40.41759],[-3.78038,40.42191],[-3.77913,40.42427],[-3.77094,40.42932],[-3.77088,40.43393],[-3.77084,40.43766],[-3.77085,40.44405],[-3.77093,40.44405],[-3.77604,40.44368],[-3.77753,40.44366],[-3.77859,40.44377],[-3.77946,40.44417],[-3.78457,40.44438],[-3.78724,40.44316],[-3.7901,40.44234],[-3.78885,40.44577],[-3.79018,40.44585],[-3.79022,40.4466],[-3.79039,40.44765],[-3.79099,40.44748],[-3.79112,40.44801],[-3.79138,40.44935],[-3.79208,40.45065],[-3.79242,40.45169],[-3.79337,40.45324],[-3.79308,40.45367],[-3.79291,40.45369],[-3.7929,40.45379],[-3.79291,40.45383],[-3.79301,40.45395],[-3.79375,40.45471],[-3.79406,40.45498],[-3.79439,40.45565],[-3.79534,40.4563],[-3.79549,40.4566],[-3.79528,40.45698],[-3.79575,40.45782],[-3.79758,40.45848],[-3.79885,40.45895],[-3.80059,40.46028],[-3.80255,40.46208],[-3.80421,40.46298],[-3.80739,40.46346],[-3.81012,40.46423],[-3.81287,40.46364],[-3.81521,40.46364],[-3.81745,40.4643],[-3.81878,40.46438],[-3.81984,40.46432],[-3.82094,40.46439],[-3.82223,40.4647],[-3.82366,40.4646],[-3.82485,40.4648],[-3.82582,40.46535],[-3.82712,40.46609],[-3.82892,40.46635],[-3.83078,40.46589],[-3.83435,40.46442],[-3.83564,40.46584],[-3.83692,40.46698],[-3.83826,40.46777],[-3.83813,40.47092],[-3.83753,40.47258],[-3.83734,40.47295],[-3.83738,40.47296],[-3.83687,40.47374],[-3.83659,40.47417],[-3.83623,40.47472],[-3.83611,40.47489],[-3.83673,40.47512],[-3.8374,40.47574],[-3.83739,40.47579],[-3.83735,40.47599],[-3.83733,40.47606],[-3.83732,40.47618],[-3.83731,40.47622],[-3.83731,40.47623],[-3.8373,40.47628],[-3.83725,40.47654],[-3.83723,40.47665],[-3.83722,40.47671],[-3.8372,40.47682],[-3.83717,40.47694],[-3.83714,40.47706],[-3.83707,40.47738],[-3.83699,40.47775],[-3.83695,40.47799],[-3.83692,40.47818],[-3.83685,40.47851],[-3.8368,40.47875],[-3.83677,40.47892],[-3.83675,40.47909],[-3.83665,40.47958],[-3.83665,40.47958],[-3.83574,40.47932],[-3.83519,40.47917],[-3.83489,40.47908],[-3.83467,40.47902],[-3.83421,40.47889],[-3.83412,40.47886],[-3.8336,40.47871],[-3.83337,40.47864],[-3.83308,40.47856],[-3.83276,40.47848],[-3.83273,40.47847],[-3.83272,40.47847],[-3.83267,40.47845],[-3.83223,40.47833],[-3.83184,40.47822],[-3.83173,40.47819],[-3.83125,40.47805],[-3.83088,40.47795],[-3.83069,40.47789],[-3.83057,40.47786],[-3.83025,40.47776],[-3.82996,40.47768],[-3.82978,40.47763],[-3.82957,40.47757],[-3.82927,40.47749],[-3.82925,40.47748],[-3.82886,40.47737],[-3.82873,40.47733],[-3.82871,40.47733],[-3.82853,40.47727],[-3.82848,40.47726],[-3.82847,40.47726],[-3.8282,40.47718],[-3.82782,40.47708],[-3.82774,40.47705],[-3.82752,40.47699],[-3.82711,40.47688],[-3.8267,40.47676],[-3.82659,40.47673],[-3.8265,40.4767],[-3.82613,40.47659],[-3.82568,40.47647],[-3.82519,40.47633],[-3.82469,40.47619],[-3.82457,40.47615],[-3.82383,40.47594],[-3.82351,40.47585],[-3.82338,40.47582],[-3.82332,40.4758],[-3.82296,40.47569],[-3.8227,40.47562],[-3.8225,40.47556],[-3.82193,40.4754],[-3.82174,40.47534],[-3.82125,40.4752],[-3.82087,40.47509],[-3.82057,40.47501],[-3.82022,40.47491],[-3.82022,40.47491],[-3.8201,40.47488],[-3.81971,40.47477],[-3.81933,40.47466],[-3.81925,40.47464],[-3.81917,40.47461],[-3.8189,40.47454],[-3.81888,40.47453],[-3.81871,40.47448],[-3.8183,40.47437],[-3.81784,40.47423],[-3.81766,40.47418],[-3.8176,40.47416],[-3.81749,40.47413],[-3.81732,40.47409],[-3.81681,40.47394],[-3.81646,40.47384],[-3.81615,40.47375],[-3.81598,40.4737],[-3.81588,40.47367],[-3.81563,40.47361],[-3.81473,40.47335],[-3.81456,40.4733],[-3.81445,40.47327],[-3.81414,40.47318],[-3.81374,40.47306],[-3.81364,40.47303],[-3.81352,40.473],[-3.81325,40.47292],[-3.81309,40.47288],[-3.81292,40.47283],[-3.81276,40.47279],[-3.81265,40.47276],[-3.81258,40.47274],[-3.81255,40.47273],[-3.81249,40.47271],[-3.81239,40.47268],[-3.81233,40.47266],[-3.81194,40.47256],[-3.81073,40.47221],[-3.81025,40.47208],[-3.80606,40.47088],[-3.80555,40.47073],[-3.80506,40.4706],[-3.8038,40.47024],[-3.80307,40.47003],[-3.80287,40.46997],[-3.80263,40.4699],[-3.80236,40.46982],[-3.80209,40.46975],[-3.80182,40.46967],[-3.80104,40.46945],[-3.80018,40.4692],[-3.80014,40.46922],[-3.8,40.46926],[-3.79941,40.46937],[-3.79939,40.46938],[-3.79936,40.46938],[-3.79923,40.46938],[-3.79916,40.46939],[-3.79889,40.46941],[-3.79834,40.46944],[-3.79764,40.46948],[-3.79681,40.46963],[-3.79626,40.46973],[-3.7961,40.46977],[-3.79563,40.46985],[-3.79563,40.46985],[-3.79552,40.46987],[-3.79551,40.46988],[-3.79543,40.4699],[-3.79527,40.46994],[-3.79515,40.46996],[-3.795,40.47],[-3.79459,40.4701],[-3.79446,40.47014],[-3.79436,40.47016],[-3.79339,40.47048],[-3.79338,40.47048],[-3.79332,40.4705],[-3.7925,40.47077],[-3.79244,40.47079],[-3.7924,40.4708],[-3.79234,40.47082],[-3.7923,40.47083],[-3.79226,40.47085],[-3.79219,40.47089],[-3.79217,40.47089],[-3.79213,40.47091],[-3.7919,40.47102],[-3.79172,40.47112],[-3.7915,40.47124],[-3.79108,40.47149],[-3.79101,40.47153],[-3.791,40.47154],[-3.79094,40.47157],[-3.78991,40.47196],[-3.7893,40.47216],[-3.78882,40.47231],[-3.7885,40.47241],[-3.78825,40.47249],[-3.78811,40.47253],[-3.78766,40.47266],[-3.78755,40.47269],[-3.78747,40.47271],[-3.78746,40.47272],[-3.78725,40.47278],[-3.78675,40.47291],[-3.78604,40.47311],[-3.78587,40.47315],[-3.78548,40.47325],[-3.78401,40.47361],[-3.78323,40.47381],[-3.78287,40.47395],[-3.78268,40.47402],[-3.78194,40.47431],[-3.78097,40.47463],[-3.78026,40.47462],[-3.7799,40.47461],[-3.77912,40.4746],[-3.77896,40.4746],[-3.77884,40.4746],[-3.77874,40.4746],[-3.7784,40.4746],[-3.77822,40.4746],[-3.77813,40.4746],[-3.77788,40.47459],[-3.77775,40.47459],[-3.77734,40.47459],[-3.777,40.47458],[-3.77687,40.47458],[-3.77679,40.47458],[-3.77674,40.47458],[-3.77569,40.47457],[-3.77275,40.47452],[-3.77247,40.47452],[-3.77235,40.47452],[-3.77225,40.47452],[-3.77203,40.47452],[-3.77171,40.47451],[-3.77155,40.47451],[-3.77147,40.47451],[-3.77106,40.4745],[-3.77086,40.47448],[-3.77033,40.47443],[-3.76958,40.47436],[-3.76945,40.47435],[-3.76934,40.47433],[-3.76905,40.47432],[-3.76892,40.47431],[-3.76874,40.47429],[-3.76856,40.47428],[-3.76833,40.47426],[-3.76811,40.47423],[-3.76809,40.47423],[-3.76762,40.47419],[-3.76686,40.47412],[-3.76647,40.47408],[-3.76646,40.47408],[-3.76645,40.47408],[-3.76643,40.47406],[-3.76592,40.47394],[-3.76587,40.47393],[-3.76363,40.4734],[-3.76355,40.47339],[-3.76359,40.47252],[-3.76348,40.47244],[-3.76341,40.47242],[-3.76336,40.47242],[-3.76321,40.47243],[-3.76314,40.47242],[-3.76303,40.47242],[-3.76277,40.47236],[-3.76259,40.47232],[-3.76251,40.47231],[-3.76241,40.47229],[-3.76227,40.47229],[-3.76197,40.47229],[-3.76156,40.4723],[-3.76106,40.47231],[-3.76081,40.47231],[-3.76048,40.47233],[-3.76039,40.47233],[-3.76025,40.47231],[-3.76024,40.47231],[-3.76021,40.4723],[-3.7601,40.4723],[-3.75996,40.47228],[-3.7599,40.47228],[-3.75987,40.47228],[-3.75984,40.47229],[-3.75973,40.47231],[-3.75966,40.47234],[-3.7596,40.47237],[-3.75951,40.47244],[-3.7595,40.47245],[-3.75947,40.47246],[-3.75943,40.47247],[-3.75933,40.47248],[-3.75923,40.47253],[-3.75917,40.47255],[-3.7591,40.47258],[-3.75905,40.4726],[-3.75901,40.47261],[-3.75889,40.47263],[-3.75886,40.47263],[-3.7588,40.47264],[-3.75877,40.47263],[-3.75871,40.47261],[-3.75861,40.47257],[-3.75842,40.47256],[-3.75839,40.47256],[-3.75829,40.47257],[-3.75826,40.47335],[-3.75829,40.47353],[-3.75837,40.47367],[-3.75845,40.47375],[-3.7586,40.47383],[-3.7591,40.47407],[-3.75919,40.4741],[-3.75917,40.4741],[-3.75899,40.47408],[-3.75885,40.47408],[-3.75869,40.4741],[-3.75857,40.47414],[-3.75856,40.47415],[-3.75846,40.4742],[-3.7584,40.47424],[-3.75837,40.47427],[-3.7583,40.47434],[-3.75827,40.47438],[-3.75826,40.47441],[-3.7582,40.4745],[-3.75819,40.47456],[-3.75815,40.47465],[-3.7578,40.47837],[-3.75777,40.47854],[-3.75776,40.47855],[-3.75773,40.47862],[-3.7577,40.4787],[-3.7576,40.47886],[-3.75751,40.479],[-3.7575,40.47904],[-3.75747,40.47913],[-3.75745,40.47931],[-3.75757,40.47971],[-3.75742,40.47975],[-3.75735,40.47976],[-3.75734,40.47977],[-3.75718,40.47978],[-3.75714,40.47977],[-3.75712,40.47977],[-3.75708,40.47976],[-3.75706,40.47975],[-3.75706,40.47975],[-3.75703,40.47973],[-3.75694,40.47972],[-3.75687,40.47972],[-3.75684,40.47972],[-3.75677,40.47971],[-3.75675,40.47971],[-3.75666,40.47973],[-3.75656,40.47973],[-3.75651,40.47971],[-3.75637,40.4796],[-3.75624,40.47948],[-3.75623,40.47948],[-3.7562,40.47947],[-3.75613,40.47945],[-3.7561,40.47945],[-3.75605,40.47945],[-3.75604,40.47945],[-3.75597,40.47947],[-3.75591,40.47951],[-3.75591,40.47952],[-3.75591,40.4796],[-3.75591,40.47963],[-3.75588,40.47966],[-3.75585,40.47967],[-3.75583,40.47968],[-3.75578,40.4797],[-3.75576,40.4797],[-3.75567,40.47971],[-3.75561,40.47972],[-3.7556,40.47972],[-3.75559,40.47972],[-3.75555,40.47972],[-3.75553,40.47972],[-3.75552,40.47972],[-3.75549,40.47971],[-3.75547,40.47971],[-3.75541,40.47969],[-3.75535,40.47968],[-3.75531,40.47967],[-3.75517,40.47969],[-3.75512,40.47968],[-3.75508,40.47967],[-3.75505,40.47966],[-3.75495,40.47962],[-3.75489,40.47959],[-3.7548,40.47955],[-3.75463,40.47951],[-3.75459,40.47949],[-3.75453,40.47947],[-3.75451,40.47946],[-3.75449,40.47946],[-3.75447,40.47944],[-3.75447,40.47943],[-3.75445,40.47943],[-3.75442,40.47942],[-3.75439,40.47942],[-3.75437,40.47941],[-3.75435,40.47941],[-3.75431,40.4794],[-3.75426,40.47938],[-3.75425,40.47938],[-3.75425,40.47926],[-3.75429,40.47909],[-3.75433,40.47891],[-3.75434,40.47886],[-3.75441,40.47866],[-3.75448,40.47852],[-3.75449,40.47832],[-3.75449,40.47831],[-3.7545,40.47819],[-3.75445,40.47806],[-3.75437,40.47807],[-3.75408,40.4781],[-3.75354,40.47815],[-3.75355,40.47821],[-3.75356,40.47824],[-3.75151,40.47846],[-3.75151,40.47842],[-3.75172,40.47685],[-3.75176,40.4766],[-3.75179,40.47617],[-3.75175,40.47561],[-3.75163,40.47454],[-3.75156,40.47414],[-3.75152,40.47393],[-3.7515,40.47381],[-3.75147,40.47366],[-3.75135,40.47313],[-3.75072,40.47108],[-3.75059,40.47065],[-3.75032,40.47012],[-3.75036,40.47031],[-3.75043,40.47058],[-3.75066,40.47155],[-3.75069,40.47184],[-3.75069,40.47208],[-3.75066,40.47232],[-3.75057,40.47262],[-3.75047,40.47284],[-3.75037,40.473],[-3.75027,40.47315],[-3.75018,40.47326],[-3.75005,40.47341],[-3.74996,40.4735],[-3.74985,40.47361],[-3.74972,40.47371],[-3.74957,40.47382],[-3.74944,40.4739],[-3.74932,40.47398],[-3.74919,40.47404],[-3.749,40.47413],[-3.74885,40.47419],[-3.74861,40.47428],[-3.74835,40.47434],[-3.74814,40.47438],[-3.74789,40.47442],[-3.74747,40.47448],[-3.74729,40.47448],[-3.74662,40.47448],[-3.74626,40.47447],[-3.7457,40.47447],[-3.74469,40.47445],[-3.74365,40.47444],[-3.74323,40.47443],[-3.74226,40.47441],[-3.74147,40.47437],[-3.74142,40.47436],[-3.7413,40.47436],[-3.74083,40.4743],[-3.74029,40.47419],[-3.73937,40.47398],[-3.73756,40.47356],[-3.73595,40.47318],[-3.73567,40.47311],[-3.7349,40.47295],[-3.73463,40.4729],[-3.73437,40.47286],[-3.73394,40.47279],[-3.73356,40.47274],[-3.73342,40.47273],[-3.73321,40.47271],[-3.73242,40.47266],[-3.73223,40.47265],[-3.73193,40.47265],[-3.73139,40.47263],[-3.73039,40.47266],[-3.72959,40.47273],[-3.72925,40.47278],[-3.72853,40.47288],[-3.728,40.47296],[-3.72043,40.47111],[-3.72007,40.47102],[-3.7197,40.47093],[-3.71764,40.47041],[-3.7157,40.46992],[-3.71454,40.46963],[-3.71421,40.46948],[-3.71404,40.46932],[-3.71379,40.46904],[-3.71365,40.46889],[-3.71352,40.46876],[-3.71337,40.4686],[-3.71328,40.46851],[-3.71277,40.46801],[-3.71139,40.46626],[-3.71117,40.46614],[-3.71101,40.46607],[-3.71092,40.466],[-3.7098,40.46483],[-3.70942,40.46428],[-3.70934,40.46416],[-3.70927,40.46404],[-3.70911,40.46349],[-3.70852,40.46259],[-3.70851,40.46256],[-3.70849,40.46251],[-3.70847,40.46241],[-3.70848,40.4623],[-3.70852,40.46222],[-3.70854,40.46217],[-3.7086,40.46206],[-3.70903,40.46129],[-3.70982,40.46009],[-3.71051,40.45902],[-3.7115,40.45749],[-3.7122,40.45646],[-3.71287,40.45547],[-3.71313,40.4549],[-3.71302,40.45461],[-3.7129,40.45439],[-3.71279,40.45418],[-3.71268,40.45392],[-3.71327,40.45304],[-3.71194,40.4524],[-3.71173,40.45229],[-3.71099,40.45112],[-3.71034,40.45009],[-3.71029,40.45007],[-3.71019,40.45002],[-3.70987,40.44952],[-3.70897,40.44809],[-3.70889,40.44796],[-3.70831,40.44709],[-3.70921,40.44713],[-3.71045,40.44686],[-3.71229,40.4464],[-3.71475,40.44577],[-3.71552,40.44602],[-3.71571,40.44609],[-3.71712,40.44663],[-3.71727,40.44668],[-3.71744,40.44671],[-3.71767,40.44673],[-3.718,40.4467],[-3.71819,40.44667],[-3.71899,40.44594],[-3.71958,40.44539],[-3.71978,40.44521],[-3.71986,40.44514],[-3.71989,40.44509],[-3.71992,40.44503],[-3.71992,40.44499],[-3.71993,40.44494],[-3.71979,40.44376],[-3.71959,40.44347],[-3.71917,40.44285],[-3.71816,40.44097],[-3.71788,40.44043],[-3.71765,40.43998],[-3.71764,40.43994],[-3.71762,40.43986],[-3.7176,40.43964],[-3.7176,40.4395],[-3.71761,40.43943],[-3.71763,40.43923],[-3.71807,40.43664],[-3.71812,40.43637],[-3.71827,40.43554],[-3.71841,40.43478],[-3.71723,40.4331],[-3.71727,40.4331],[-3.71761,40.43309],[-3.71796,40.433],[-3.71761,40.43252],[-3.71748,40.43235],[-3.71717,40.43192],[-3.71699,40.43168],[-3.71623,40.43065],[-3.7162,40.4306],[-3.7156,40.42977],[-3.71453,40.42832],[-3.71413,40.42778],[-3.7139,40.42746],[-3.71317,40.42641],[-3.71246,40.42536],[-3.71171,40.4243],[-3.71089,40.42343],[-3.71092,40.42342],[-3.71116,40.42329],[-3.71172,40.42296],[-3.71304,40.42219],[-3.71317,40.42206],[-3.71333,40.4219],[-3.71338,40.42182],[-3.7139,40.42148],[-3.7155,40.4204],[-3.7155,40.4204],[-3.71598,40.42035],[-3.7168,40.42034],[-3.71806,40.42029],[-3.72019,40.42025],[-3.7202,40.42024],[-3.7203,40.42007],[-3.7204,40.41989],[-3.7207,40.41947],[-3.72107,40.41912],[-3.72151,40.41877],[-3.72184,40.41858],[-3.72205,40.41846],[-3.72216,40.41804],[-3.72238,40.41717],[-3.72486,40.41616],[-3.72622,40.41567],[-3.72958,40.41443],[-3.7328,40.41329],[-3.73418,40.4128],[-3.73792,40.41147],[-3.73853,40.41106],[-3.74185,40.40921],[-3.74199,40.40926],[-3.74207,40.40929],[-3.74223,40.40935],[-3.74236,40.40939],[-3.74245,40.40942],[-3.74254,40.40945],[-3.74288,40.40954],[-3.74305,40.40956],[-3.74314,40.40957],[-3.74318,40.40958],[-3.7432,40.40958],[-3.74326,40.40957],[-3.74333,40.40957],[-3.74356,40.40952],[-3.74386,40.40945],[-3.74394,40.40943],[-3.7444,40.40932],[-3.74447,40.4093],[-3.7445,40.40929],[-3.74457,40.40926],[-3.74461,40.40922],[-3.74467,40.40914],[-3.74748,40.40877],[-3.74789,40.40872],[-3.74987,40.40845],[-3.75054,40.40836],[-3.75064,40.40834],[-3.75075,40.40833],[-3.75088,40.40831],[-3.75206,40.40774],[-3.75265,40.40745],[-3.75491,40.40631],[-3.75569,40.4059],[-3.75595,40.40581],[-3.75612,40.40577],[-3.75628,40.40575],[-3.7565,40.40574],[-3.75672,40.40571],[-3.75688,40.40568],[-3.75706,40.40562],[-3.75735,40.40545],[-3.75766,40.40528],[-3.75976,40.40406],[-3.75986,40.40396],[-3.76023,40.40364],[-3.76044,40.40336],[-3.76081,40.40288],[-3.76227,40.40099],[-3.76239,40.40093],[-3.76274,40.40069],[-3.76436,40.3994],[-3.76475,40.3993],[-3.7655,40.3991],[-3.76563,40.39927],[-3.76701,40.39924],[-3.76928,40.39962],[-3.77065,40.39953],[-3.77369,40.40028],[-3.77384,40.4003],[-3.77455,40.40031],[-3.7746,40.40031]]]}},{"type":"Feature","properties":{"district_code":"10","name":"Latina"},"geometry":{"type":"Polygon","coordinates":[[[-3.77162,40.35982],[-3.77235,40.35977],[-3.77343,40.36054],[-3.77675,40.36127],[-3.78032,40.36186],[-3.78077,40.36168],[-3.78093,40.36163],[-3.78102,40.3616],[-3.78112,40.36158],[-3.78124,40.36158],[-3.78135,40.36156],[-3.78145,40.36153],[-3.78155,40.36149],[-3.78163,40.36145],[-3.7817,40.36142],[-3.78186,40.36135],[-3.782,40.36128],[-3.78249,40.36105],[-3.78293,40.36083],[-3.78339,40.36061],[-3.78382,40.36041],[-3.78408,40.36028],[-3.78446,40.36009],[-3.78471,40.35995],[-3.78487,40.35989],[-3.78514,40.35978],[-3.78559,40.35959],[-3.78602,40.3594],[-3.78668,40.35911],[-3.78687,40.35902],[-3.78708,40.35892],[-3.78722,40.35886],[-3.78739,40.35879],[-3.78751,40.35876],[-3.78776,40.3587],[-3.78784,40.35871],[-3.78791,40.35873],[-3.78804,40.35877],[-3.78842,40.35891],[-3.78891,40.35908],[-3.78955,40.35932],[-3.78997,40.35948],[-3.79035,40.35964],[-3.79084,40.35985],[-3.79116,40.35999],[-3.79147,40.36012],[-3.79161,40.3602],[-3.79184,40.3603],[-3.79198,40.36037],[-3.79214,40.36045],[-3.79231,40.36053],[-3.79241,40.36058],[-3.79252,40.36064],[-3.79264,40.36071],[-3.79279,40.36078],[-3.79301,40.3609],[-3.79322,40.36101],[-3.79341,40.36111],[-3.79357,40.36118],[-3.79375,40.36127],[-3.79403,40.36139],[-3.79427,40.36149],[-3.7947,40.36166],[-3.79503,40.36178],[-3.79516,40.36182],[-3.79542,40.36188],[-3.79567,40.36194],[-3.79583,40.36197],[-3.79605,40.362],[-3.7965,40.36212],[-3.79673,40.36217],[-3.79687,40.3622],[-3.79697,40.36222],[-3.79714,40.36225],[-3.79731,40.36227],[-3.79751,40.36231],[-3.79784,40.36236],[-3.79818,40.36242],[-3.79851,40.36247],[-3.79875,40.3625],[-3.799,40.36252],[-3.79926,40.36256],[-3.79961,40.36262],[-3.79988,40.36267],[-3.8002,40.36274],[-3.80049,40.36281],[-3.80082,40.36289],[-3.80112,40.36295],[-3.80136,40.363],[-3.80154,40.36305],[-3.80184,40.36311],[-3.80205,40.36316],[-3.80254,40.36326],[-3.80268,40.36329],[-3.80286,40.36333],[-3.8029,40.36335],[-3.80301,40.36344],[-3.80309,40.3635],[-3.80316,40.36355],[-3.80325,40.36362],[-3.80332,40.36369],[-3.8034,40.36374],[-3.80346,40.36381],[-3.80355,40.36389],[-3.80363,40.36396],[-3.80374,40.36405],[-3.80385,40.36414],[-3.80394,40.36423],[-3.80409,40.36437],[-3.80421,40.36446],[-3.80693,40.36645],[-3.81052,40.36372],[-3.8109,40.3646],[-3.81142,40.36562],[-3.81182,40.36638],[-3.81208,40.36698],[-3.8122,40.36734],[-3.81281,40.36873],[-3.81321,40.3696],[-3.81329,40.36983],[-3.81346,40.37004],[-3.81421,40.37101],[-3.81495,40.37191],[-3.81537,40.3725],[-3.81665,40.37401],[-3.81707,40.37448],[-3.81721,40.37462],[-3.81754,40.375],[-3.81771,40.37517],[-3.81771,40.37519],[-3.81774,40.3752],[-3.81783,40.37528],[-3.81788,40.37534],[-3.818,40.37546],[-3.81807,40.37558],[-3.81865,40.37622],[-3.81916,40.37678],[-3.8194,40.37706],[-3.81951,40.37716],[-3.82014,40.37782],[-3.82078,40.37851],[-3.82119,40.37894],[-3.82137,40.37916],[-3.82145,40.37922],[-3.82161,40.37937],[-3.82196,40.37968],[-3.82214,40.37981],[-3.82252,40.38021],[-3.82277,40.38049],[-3.82294,40.38071],[-3.82321,40.38107],[-3.82335,40.3813],[-3.82341,40.38136],[-3.8236,40.38173],[-3.82368,40.38186],[-3.82367,40.38193],[-3.82373,40.38214],[-3.82886,40.38833],[-3.82896,40.38845],[-3.82909,40.38861],[-3.8292,40.38876],[-3.82937,40.38898],[-3.82937,40.38899],[-3.8295,40.38915],[-3.8295,40.38916],[-3.82961,40.3893],[-3.82961,40.38931],[-3.82973,40.38945],[-3.82985,40.3896],[-3.82986,40.38961],[-3.82996,40.38975],[-3.83008,40.3899],[-3.83008,40.38991],[-3.83017,40.39002],[-3.83018,40.39003],[-3.83023,40.3901],[-3.83023,40.39011],[-3.83024,40.39012],[-3.83023,40.39013],[-3.8302,40.39015],[-3.83019,40.39017],[-3.83019,40.39018],[-3.83019,40.39018],[-3.83019,40.39018],[-3.83024,40.39024],[-3.83025,40.39026],[-3.83032,40.39034],[-3.83034,40.39036],[-3.83054,40.39063],[-3.83063,40.39074],[-3.83069,40.39082],[-3.83078,40.39093],[-3.83083,40.391],[-3.83085,40.39103],[-3.83087,40.39105],[-3.83091,40.39103],[-3.83091,40.39103],[-3.83091,40.39104],[-3.83091,40.39103],[-3.83166,40.39204],[-3.83168,40.39208],[-3.83178,40.39221],[-3.83184,40.39229],[-3.83193,40.39241],[-3.83201,40.39253],[-3.83209,40.39265],[-3.83213,40.3927],[-3.8322,40.39281],[-3.8323,40.39297],[-3.83238,40.39309],[-3.83241,40.39315],[-3.83251,40.39333],[-3.83265,40.39359],[-3.83266,40.39359],[-3.8327,40.39365],[-3.83276,40.39375],[-3.83281,40.39387],[-3.83282,40.39387],[-3.8329,40.39407],[-3.83291,40.39409],[-3.83297,40.39425],[-3.83302,40.39436],[-3.83308,40.3945],[-3.83312,40.3946],[-3.83316,40.3947],[-3.83319,40.39479],[-3.83322,40.39487],[-3.83325,40.39493],[-3.83328,40.39502],[-3.83331,40.39509],[-3.83336,40.39522],[-3.83338,40.39528],[-3.83341,40.39534],[-3.83344,40.39541],[-3.83346,40.39546],[-3.83346,40.39547],[-3.83416,40.39606],[-3.83385,40.39614],[-3.83377,40.39615],[-3.8337,40.39615],[-3.83364,40.39615],[-3.83356,40.39615],[-3.83351,40.39614],[-3.83343,40.39613],[-3.83336,40.39612],[-3.8333,40.39611],[-3.83319,40.39608],[-3.83288,40.396],[-3.83268,40.39596],[-3.83245,40.39593],[-3.83232,40.39591],[-3.83224,40.39591],[-3.83211,40.39591],[-3.832,40.39591],[-3.83184,40.39593],[-3.83174,40.39594],[-3.8316,40.39597],[-3.83152,40.39599],[-3.83142,40.39601],[-3.83125,40.39606],[-3.83085,40.39617],[-3.83047,40.39624],[-3.82984,40.39635],[-3.82941,40.39641],[-3.82901,40.39646],[-3.82722,40.39644],[-3.82709,40.39644],[-3.82673,40.39646],[-3.82648,40.39648],[-3.82625,40.3965],[-3.8261,40.39652],[-3.82561,40.39657],[-3.82525,40.3966],[-3.82515,40.3966],[-3.8247,40.39658],[-3.82416,40.39656],[-3.8239,40.39655],[-3.82379,40.39654],[-3.82368,40.39655],[-3.82351,40.39656],[-3.82338,40.39656],[-3.8232,40.39657],[-3.82305,40.39658],[-3.82224,40.39668],[-3.82082,40.39663],[-3.82051,40.39663],[-3.8204,40.39662],[-3.81997,40.3965],[-3.81974,40.39645],[-3.81964,40.39643],[-3.81956,40.39642],[-3.81938,40.39641],[-3.81935,40.39627],[-3.8185,40.39599],[-3.81829,40.39592],[-3.81489,40.394],[-3.8126,40.39332],[-3.81087,40.39279],[-3.80781,40.39235],[-3.80428,40.39202],[-3.80045,40.3921],[-3.7965,40.39221],[-3.79379,40.39358],[-3.78917,40.39389],[-3.7894,40.39234],[-3.78685,40.39276],[-3.78151,40.39413],[-3.78076,40.39528],[-3.78008,40.39575],[-3.77993,40.396],[-3.77958,40.39676],[-3.77945,40.39694],[-3.77935,40.39704],[-3.77924,40.39711],[-3.77913,40.3972],[-3.77883,40.39733],[-3.77805,40.39764],[-3.77817,40.39798],[-3.77761,40.39911],[-3.77582,40.40006],[-3.7746,40.40031],[-3.77455,40.40031],[-3.77384,40.4003],[-3.77369,40.40028],[-3.77065,40.39953],[-3.76928,40.39962],[-3.76701,40.39924],[-3.76563,40.39927],[-3.7655,40.3991],[-3.76475,40.3993],[-3.76436,40.3994],[-3.76274,40.40069],[-3.76239,40.40093],[-3.76227,40.40099],[-3.76081,40.40288],[-3.76044,40.40336],[-3.76023,40.40364],[-3.75986,40.40396],[-3.75976,40.40406],[-3.75766,40.40528],[-3.75735,40.40545],[-3.75706,40.40562],[-3.75688,40.40568],[-3.75672,40.40571],[-3.7565,40.40574],[-3.75628,40.40575],[-3.75612,40.40577],[-3.75595,40.40581],[-3.75569,40.4059],[-3.75491,40.40631],[-3.75265,40.40745],[-3.75206,40.40774],[-3.75088,40.40831],[-3.75075,40.40833],[-3.75064,40.40834],[-3.75054,40.40836],[-3.74987,40.40845],[-3.74789,40.40872],[-3.74748,40.40877],[-3.74467,40.40914],[-3.74461,40.40922],[-3.74457,40.40926],[-3.7445,40.40929],[-3.74447,40.4093],[-3.7444,40.40932],[-3.74394,40.40943],[-3.74386,40.40945],[-3.74356,40.40952],[-3.74333,40.40957],[-3.74326,40.40957],[-3.7432,40.40958],[-3.74318,40.40958],[-3.74314,40.40957],[-3.74305,40.40956],[-3.74288,40.40954],[-3.74254,40.40945],[-3.74245,40.40942],[-3.74236,40.40939],[-3.74223,40.40935],[-3.74207,40.40929],[-3.74199,40.40926],[-3.74185,40.40921],[-3.73853,40.41106],[-3.73792,40.41147],[-3.73418,40.4128],[-3.7328,40.41329],[-3.72958,40.41443],[-3.72622,40.41567],[-3.72486,40.41616],[-3.72238,40.41717],[-3.72285,40.41533],[-3.72295,40.41399],[-3.72292,40.41238],[-3.72292,40.41237],[-3.72292,40.41201],[-3.7229,40.41197],[-3.72287,40.41191],[-3.72276,40.41171],[-3.72261,40.41138],[-3.72182,40.40851],[-3.72222,40.40717],[-3.72226,40.40705],[-3.72237,40.40674],[-3.72265,40.40583],[-3.72274,40.40522],[-3.72272,40.40455],[-3.7236,40.40455],[-3.72476,40.40454],[-3.72477,40.40504],[-3.72465,40.40549],[-3.72507,40.40552],[-3.72518,40.40549],[-3.72552,40.4054],[-3.72566,40.40532],[-3.726,40.4051],[-3.72619,40.40495],[-3.72634,40.40483],[-3.72663,40.40449],[-3.72682,40.40434],[-3.72708,40.40413],[-3.72759,40.40387],[-3.72779,40.40369],[-3.72816,40.40337],[-3.72833,40.40319],[-3.72833,40.40319],[-3.72862,40.40289],[-3.72959,40.40243],[-3.73031,40.40189],[-3.73031,40.40188],[-3.7309,40.40144],[-3.73213,40.40052],[-3.73351,40.39948],[-3.73411,40.39903],[-3.73476,40.39854],[-3.73711,40.39673],[-3.73751,40.39632],[-3.73759,40.39623],[-3.73787,40.39595],[-3.73832,40.39526],[-3.73843,40.39509],[-3.73857,40.39489],[-3.73863,40.39479],[-3.73871,40.39472],[-3.73898,40.39443],[-3.73915,40.3943],[-3.73916,40.39429],[-3.73976,40.39386],[-3.74084,40.39303],[-3.74088,40.393],[-3.74225,40.3919],[-3.74285,40.39135],[-3.74327,40.39075],[-3.74357,40.39041],[-3.74381,40.38996],[-3.74443,40.38865],[-3.74474,40.38801],[-3.7449,40.38797],[-3.74513,40.38792],[-3.74535,40.38787],[-3.74618,40.38736],[-3.74687,40.38695],[-3.74952,40.38534],[-3.74955,40.38533],[-3.75159,40.38416],[-3.75171,40.38411],[-3.75304,40.38355],[-3.75359,40.38353],[-3.75478,40.38359],[-3.75563,40.38365],[-3.75865,40.38411],[-3.75931,40.38363],[-3.75885,40.38323],[-3.75837,40.38282],[-3.75788,40.38221],[-3.75744,40.38146],[-3.75683,40.38045],[-3.7564,40.3796],[-3.75595,40.37855],[-3.75677,40.378],[-3.75724,40.37747],[-3.75742,40.37717],[-3.75758,40.37691],[-3.75775,40.37654],[-3.75781,40.37631],[-3.75786,40.37614],[-3.75791,40.37592],[-3.75793,40.37583],[-3.75788,40.37554],[-3.75889,40.37523],[-3.76002,40.37488],[-3.76185,40.37444],[-3.76225,40.37262],[-3.76259,40.37086],[-3.76294,40.36902],[-3.76291,40.36879],[-3.76216,40.36749],[-3.76181,40.3669],[-3.76368,40.36578],[-3.76672,40.36409],[-3.76896,40.36205],[-3.77052,40.36062],[-3.77074,40.36055],[-3.77162,40.35982]]]}},{"type":"Feature","properties":{"district_code":"11","name":"Carabanchel"},"geometry":{"type":"Polygon","coordinates":[[[-3.72089,40.36555],[-3.72346,40.36537],[-3.72711,40.36454],[-3.73056,40.36334],[-3.73413,40.36255],[-3.73856,40.36155],[-3.74338,40.36047],[-3.74668,40.35978],[-3.75037,40.35896],[-3.75442,40.35799],[-3.75771,40.35726],[-3.76152,40.35794],[-3.76625,40.35877],[-3.77115,40.35986],[-3.77162,40.35982],[-3.77074,40.36055],[-3.77052,40.36062],[-3.76896,40.36205],[-3.76672,40.36409],[-3.76368,40.36578],[-3.76181,40.3669],[-3.76216,40.36749],[-3.76291,40.36879],[-3.76294,40.36902],[-3.76259,40.37086],[-3.76225,40.37262],[-3.76185,40.37444],[-3.76002,40.37488],[-3.75889,40.37523],[-3.75788,40.37554],[-3.75793,40.37583],[-3.75791,40.37592],[-3.75786,40.37614],[-3.75781,40.37631],[-3.75775,40.37654],[-3.75758,40.37691],[-3.75742,40.37717],[-3.75724,40.37747],[-3.75677,40.378],[-3.75595,40.37855],[-3.7564,40.3796],[-3.75683,40.38045],[-3.75744,40.38146],[-3.75788,40.38221],[-3.75837,40.38282],[-3.75885,40.38323],[-3.75931,40.38363],[-3.75865,40.38411],[-3.75563,40.38365],[-3.75478,40.38359],[-3.75359,40.38353],[-3.75304,40.38355],[-3.75171,40.38411],[-3.75159,40.38416],[-3.74955,40.38533],[-3.74952,40.38534],[-3.74687,40.38695],[-3.74618,40.38736],[-3.74535,40.38787],[-3.74513,40.38792],[-3.7449,40.38797],[-3.74474,40.38801],[-3.74443,40.38865],[-3.74381,40.38996],[-3.74357,40.39041],[-3.74327,40.39075],[-3.74285,40.39135],[-3.74225,40.3919],[-3.74088,40.393],[-3.74084,40.39303],[-3.73976,40.39386],[-3.73916,40.39429],[-3.73915,40.3943],[-3.73898,40.39443],[-3.73871,40.39472],[-3.73863,40.39479],[-3.73857,40.39489],[-3.73843,40.39509],[-3.73832,40.39526],[-3.73787,40.39595],[-3.73759,40.39623],[-3.73751,40.39632],[-3.73711,40.39673],[-3.73476,40.39854],[-3.73411,40.39903],[-3.73351,40.39948],[-3.73213,40.40052],[-3.7309,40.40144],[-3.73031,40.40188],[-3.73031,40.40189],[-3.72959,40.40243],[-3.72862,40.40289],[-3.72833,40.40319],[-3.72833,40.40319],[-3.72816,40.40337],[-3.72779,40.40369],[-3.72759,40.40387],[-3.72708,40.40413],[-3.72682,40.40434],[-3.72663,40.40449],[-3.72634,40.40483],[-3.72619,40.40495],[-3.726,40.4051],[-3.72566,40.40532],[-3.72552,40.4054],[-3.72518,40.40549],[-3.72507,40.40552],[-3.72465,40.40549],[-3.72477,40.40504],[-3.72476,40.40454],[-3.7236,40.40455],[-3.72272,40.40455],[-3.72266,40.40418],[-3.72258,40.40379],[-3.7224,40.40257],[-3.72225,40.40207],[-3.72222,40.40196],[-3.72195,40.40133],[-3.72184,40.40115],[-3.72171,40.40095],[-3.72113,40.40051],[-3.72035,40.40009],[-3.71999,40.39995],[-3.71973,40.3999],[-3.71932,40.39984],[-3.71901,40.39983],[-3.71896,40.39983],[-3.71731,40.39996],[-3.71707,40.39998],[-3.71677,40.4],[-3.71642,40.39998],[-3.7159,40.39992],[-3.7149,40.39967],[-3.71405,40.39935],[-3.71345,40.39896],[-3.71318,40.39874],[-3.71274,40.39836],[-3.71216,40.39789],[-3.71139,40.39733],[-3.7108,40.39701],[-3.71029,40.3968],[-3.7097,40.39655],[-3.70879,40.39628],[-3.70823,40.39611],[-3.70734,40.39589],[-3.70464,40.39523],[-3.7063,40.39326],[-3.70678,40.39275],[-3.70723,40.39229],[-3.70754,40.39202],[-3.70794,40.3917],[-3.70813,40.39158],[-3.70828,40.39149],[-3.70845,40.3914],[-3.70869,40.39128],[-3.70878,40.39124],[-3.70879,40.39123],[-3.70901,40.39114],[-3.70911,40.39109],[-3.70948,40.39095],[-3.70948,40.39095],[-3.71025,40.39064],[-3.71188,40.39],[-3.71201,40.38995],[-3.71288,40.38952],[-3.71301,40.38943],[-3.71336,40.38918],[-3.71368,40.38891],[-3.71368,40.38891],[-3.7139,40.38871],[-3.71423,40.3884],[-3.7146,40.38805],[-3.71502,40.38765],[-3.71543,40.38727],[-3.71639,40.38637],[-3.71687,40.38592],[-3.71756,40.38528],[-3.71822,40.38331],[-3.71835,40.38289],[-3.71873,40.38154],[-3.71896,40.38039],[-3.71903,40.37965],[-3.71937,40.3764],[-3.71971,40.37415],[-3.71971,40.37415],[-3.71976,40.37381],[-3.72019,40.37069],[-3.72044,40.36787],[-3.72072,40.36644],[-3.72089,40.36555],[-3.72089,40.36555]]]}},{"type":"Feature","properties":{"district_code":"12","name":"Usera"},"geometry":{"type":"Polygon","coordinates":[[[-3.72098,40.36479],[-3.72089,40.36555],[-3.72089,40.36555],[-3.72072,40.36644],[-3.72044,40.36787],[-3.72019,40.37069],[-3.71976,40.37381],[-3.71971,40.37415],[-3.71971,40.37415],[-3.71937,40.3764],[-3.71903,40.37965],[-3.71896,40.38039],[-3.71873,40.38154],[-3.71835,40.38289],[-3.71822,40.38331],[-3.71756,40.38528],[-3.71687,40.38592],[-3.71639,40.38637],[-3.71543,40.38727],[-3.71502,40.38765],[-3.7146,40.38805],[-3.71423,40.3884],[-3.7139,40.38871],[-3.71368,40.38891],[-3.71368,40.38891],[-3.71336,40.38918],[-3.71301,40.38943],[-3.71288,40.38952],[-3.71201,40.38995],[-3.71188,40.39],[-3.71025,40.39064],[-3.70948,40.39095],[-3.70948,40.39095],[-3.70911,40.39109],[-3.70901,40.39114],[-3.70879,40.39123],[-3.70878,40.39124],[-3.70869,40.39128],[-3.70845,40.3914],[-3.70828,40.39149],[-3.70813,40.39158],[-3.70794,40.3917],[-3.70754,40.39202],[-3.70723,40.39229],[-3.70678,40.39275],[-3.7063,40.39326],[-3.70464,40.39523],[-3.7044,40.39508],[-3.70338,40.39445],[-3.70239,40.39364],[-3.69956,40.39065],[-3.69809,40.3891],[-3.69562,40.38698],[-3.69464,40.38617],[-3.69215,40.38411],[-3.68975,40.38233],[-3.68954,40.38207],[-3.68943,40.38187],[-3.68933,40.38166],[-3.68919,40.38137],[-3.68901,40.38075],[-3.68895,40.38047],[-3.6889,40.38021],[-3.68889,40.38004],[-3.68887,40.37984],[-3.68883,40.3797],[-3.68876,40.37959],[-3.68865,40.37941],[-3.68854,40.3792],[-3.68838,40.37898],[-3.68821,40.37885],[-3.68798,40.37869],[-3.68789,40.37857],[-3.68786,40.3784],[-3.68788,40.37822],[-3.68784,40.37806],[-3.68736,40.37701],[-3.68728,40.37679],[-3.68725,40.37663],[-3.68727,40.37644],[-3.68732,40.37615],[-3.68761,40.37529],[-3.68773,40.37485],[-3.68776,40.37461],[-3.68774,40.3744],[-3.68768,40.37417],[-3.68761,40.37409],[-3.6876,40.37408],[-3.68759,40.37407],[-3.68734,40.37388],[-3.68713,40.37368],[-3.68705,40.3736],[-3.68698,40.37352],[-3.68689,40.37334],[-3.6868,40.37302],[-3.68663,40.37257],[-3.68651,40.37233],[-3.68642,40.37217],[-3.68633,40.37207],[-3.68623,40.37195],[-3.68616,40.37189],[-3.68605,40.37182],[-3.68588,40.37174],[-3.68575,40.3717],[-3.68556,40.37164],[-3.68532,40.37159],[-3.68491,40.37148],[-3.68427,40.37129],[-3.68352,40.37102],[-3.68305,40.37079],[-3.68278,40.37059],[-3.68259,40.37042],[-3.68246,40.37027],[-3.68234,40.37003],[-3.68228,40.36984],[-3.68227,40.36966],[-3.6823,40.3695],[-3.68235,40.36933],[-3.68236,40.36915],[-3.68235,40.36898],[-3.68227,40.36864],[-3.68186,40.36751],[-3.68179,40.36735],[-3.68175,40.36706],[-3.68174,40.36681],[-3.68175,40.36662],[-3.68182,40.3664],[-3.682,40.36616],[-3.68226,40.36598],[-3.68254,40.36582],[-3.68269,40.36567],[-3.68279,40.36555],[-3.68288,40.36544],[-3.68301,40.36516],[-3.68311,40.36491],[-3.68315,40.36474],[-3.68314,40.36449],[-3.68308,40.36418],[-3.68275,40.36336],[-3.68192,40.3613],[-3.68314,40.36173],[-3.6854,40.36254],[-3.68724,40.3632],[-3.68902,40.36379],[-3.68944,40.36391],[-3.69004,40.36406],[-3.69061,40.36417],[-3.69125,40.36427],[-3.69165,40.36432],[-3.69223,40.36439],[-3.69324,40.36446],[-3.69387,40.36452],[-3.694,40.36453],[-3.69553,40.36452],[-3.69623,40.3645],[-3.6966,40.36448],[-3.69676,40.36447],[-3.6969,40.36446],[-3.69713,40.36444],[-3.69745,40.36442],[-3.69816,40.36433],[-3.69875,40.36424],[-3.69912,40.36417],[-3.69934,40.36413],[-3.70005,40.36397],[-3.7007,40.36383],[-3.70079,40.36381],[-3.70107,40.36376],[-3.70112,40.36375],[-3.70165,40.36367],[-3.7021,40.36362],[-3.70262,40.36358],[-3.70324,40.36356],[-3.70366,40.36356],[-3.70402,40.36358],[-3.70402,40.36358],[-3.70408,40.36358],[-3.70428,40.3636],[-3.7045,40.36362],[-3.7049,40.36366],[-3.70515,40.36368],[-3.70637,40.36382],[-3.7071,40.36388],[-3.7071,40.36388],[-3.70799,40.36394],[-3.70809,40.36394],[-3.70977,40.36402],[-3.71415,40.36436],[-3.72098,40.36479],[-3.72098,40.36479]]]}},{"type":"Feature","properties":{"district_code":"13","name":"Puente de Vallecas"},"geometry":{"type":"Polygon","coordinates":[[[-3.67807,40.36069],[-3.67875,40.36068],[-3.67935,40.3607],[-3.6798,40.36076],[-3.68033,40.36083],[-3.68077,40.36093],[-3.68121,40.36105],[-3.68192,40.3613],[-3.68275,40.36336],[-3.68308,40.36418],[-3.68314,40.36449],[-3.68315,40.36474],[-3.68311,40.36491],[-3.68301,40.36516],[-3.68288,40.36544],[-3.68279,40.36555],[-3.68269,40.36567],[-3.68254,40.36582],[-3.68226,40.36598],[-3.682,40.36616],[-3.68182,40.3664],[-3.68175,40.36662],[-3.68174,40.36681],[-3.68175,40.36706],[-3.68179,40.36735],[-3.68186,40.36751],[-3.68227,40.36864],[-3.68235,40.36898],[-3.68236,40.36915],[-3.68235,40.36933],[-3.6823,40.3695],[-3.68227,40.36966],[-3.68228,40.36984],[-3.68234,40.37003],[-3.68246,40.37027],[-3.68259,40.37042],[-3.68278,40.37059],[-3.68305,40.37079],[-3.68352,40.37102],[-3.68427,40.37129],[-3.68491,40.37148],[-3.68532,40.37159],[-3.68556,40.37164],[-3.68575,40.3717],[-3.68588,40.37174],[-3.68605,40.37182],[-3.68616,40.37189],[-3.68623,40.37195],[-3.68633,40.37207],[-3.68642,40.37217],[-3.68651,40.37233],[-3.68663,40.37257],[-3.6868,40.37302],[-3.68689,40.37334],[-3.68698,40.37352],[-3.68705,40.3736],[-3.68713,40.37368],[-3.68734,40.37388],[-3.68759,40.37407],[-3.6876,40.37408],[-3.68761,40.37409],[-3.68768,40.37417],[-3.68774,40.3744],[-3.68776,40.37461],[-3.68773,40.37485],[-3.68761,40.37529],[-3.68732,40.37615],[-3.68727,40.37644],[-3.68725,40.37663],[-3.68728,40.37679],[-3.68736,40.37701],[-3.68784,40.37806],[-3.68788,40.37822],[-3.68786,40.3784],[-3.68789,40.37857],[-3.68798,40.37869],[-3.68821,40.37885],[-3.68838,40.37898],[-3.68854,40.3792],[-3.68865,40.37941],[-3.68876,40.37959],[-3.68883,40.3797],[-3.68887,40.37984],[-3.68889,40.38004],[-3.6889,40.38021],[-3.68895,40.38047],[-3.68901,40.38075],[-3.68919,40.38137],[-3.68933,40.38166],[-3.68943,40.38187],[-3.68954,40.38207],[-3.68975,40.38233],[-3.68948,40.38249],[-3.68911,40.38266],[-3.68876,40.38279],[-3.68822,40.38297],[-3.68745,40.38316],[-3.68698,40.38328],[-3.68487,40.38368],[-3.68431,40.38379],[-3.68397,40.38388],[-3.6836,40.384],[-3.68335,40.38414],[-3.68315,40.38428],[-3.68294,40.38444],[-3.68273,40.38465],[-3.68235,40.38512],[-3.67915,40.38999],[-3.67872,40.3905],[-3.67829,40.39091],[-3.67756,40.39148],[-3.67644,40.39233],[-3.67526,40.39326],[-3.67454,40.39375],[-3.67352,40.39431],[-3.67292,40.39467],[-3.67204,40.39531],[-3.67108,40.39644],[-3.67096,40.39657],[-3.6704,40.39707],[-3.67006,40.39739],[-3.66963,40.39783],[-3.66926,40.39832],[-3.66828,40.39964],[-3.66678,40.40262],[-3.66669,40.40289],[-3.66633,40.40386],[-3.66557,40.40556],[-3.66521,40.40634],[-3.65888,40.4059],[-3.65867,40.40589],[-3.65855,40.40588],[-3.65777,40.40581],[-3.65737,40.40578],[-3.65671,40.40569],[-3.65643,40.40563],[-3.65611,40.40555],[-3.65596,40.40549],[-3.65581,40.40543],[-3.65533,40.40522],[-3.65486,40.40503],[-3.65443,40.40479],[-3.65402,40.40455],[-3.65297,40.40371],[-3.65297,40.40371],[-3.65133,40.40239],[-3.64892,40.4003],[-3.64706,40.39854],[-3.64544,40.39708],[-3.64544,40.39708],[-3.64491,40.39663],[-3.64491,40.39663],[-3.6443,40.39621],[-3.64377,40.39594],[-3.64342,40.39577],[-3.64311,40.39564],[-3.64263,40.39545],[-3.64228,40.39535],[-3.63998,40.3948],[-3.63947,40.39469],[-3.63901,40.3946],[-3.63261,40.39325],[-3.62979,40.39256],[-3.62746,40.39206],[-3.62512,40.39155],[-3.62302,40.39108],[-3.62189,40.39084],[-3.6237,40.38643],[-3.62433,40.38501],[-3.62476,40.38416],[-3.62532,40.38323],[-3.62459,40.38209],[-3.6259,40.38179],[-3.62716,40.3815],[-3.63019,40.38078],[-3.63259,40.38021],[-3.63303,40.3801],[-3.63438,40.37977],[-3.64151,40.37795],[-3.64507,40.37723],[-3.64858,40.37652],[-3.64991,40.37631],[-3.65151,40.3761],[-3.65236,40.37605],[-3.65277,40.37565],[-3.6533,40.37433],[-3.65359,40.37363],[-3.6544,40.37089],[-3.65472,40.37036],[-3.6556,40.36959],[-3.656,40.36937],[-3.65707,40.36878],[-3.66445,40.36414],[-3.66602,40.36328],[-3.6665,40.36303],[-3.6667,40.36293],[-3.66718,40.3627],[-3.66725,40.36266],[-3.66756,40.36252],[-3.66789,40.36239],[-3.66825,40.36225],[-3.66887,40.36202],[-3.66944,40.36185],[-3.66954,40.36182],[-3.67012,40.36166],[-3.67081,40.36151],[-3.67117,40.36144],[-3.67151,40.36137],[-3.67215,40.36126],[-3.67303,40.36112],[-3.67371,40.36102],[-3.67447,40.36094],[-3.67517,40.36087],[-3.67594,40.36079],[-3.67668,40.36075],[-3.67703,40.36073],[-3.67757,40.36071],[-3.67807,40.36069]]]}},{"type":"Feature","properties":{"district_code":"14","name":"Moratalaz"},"geometry":{"type":"Polygon","coordinates":[[[-3.64289,40.41451],[-3.64095,40.41442],[-3.63909,40.41446],[-3.63753,40.41459],[-3.63491,40.41496],[-3.6345,40.41502],[-3.63381,40.41513],[-3.63344,40.41515],[-3.63249,40.4152],[-3.6319,40.41519],[-3.6319,40.41519],[-3.63145,40.41519],[-3.63067,40.41511],[-3.62994,40.41501],[-3.62903,40.41482],[-3.62861,40.4147],[-3.62805,40.41454],[-3.62759,40.41438],[-3.6267,40.41407],[-3.62565,40.41371],[-3.62508,40.41354],[-3.62424,40.41335],[-3.6233,40.41319],[-3.62248,40.4131],[-3.62216,40.41308],[-3.62181,40.41307],[-3.62137,40.41306],[-3.62036,40.41308],[-3.62393,40.40621],[-3.62395,40.40618],[-3.62527,40.40366],[-3.62545,40.40331],[-3.62566,40.40287],[-3.62592,40.40227],[-3.62611,40.40177],[-3.62625,40.40132],[-3.62641,40.40075],[-3.62661,40.39988],[-3.62679,40.39903],[-3.62689,40.3986],[-3.62707,40.39795],[-3.62729,40.39731],[-3.62749,40.39683],[-3.62771,40.39633],[-3.62798,40.3958],[-3.62979,40.39256],[-3.63261,40.39325],[-3.63901,40.3946],[-3.63947,40.39469],[-3.63998,40.3948],[-3.64228,40.39535],[-3.64263,40.39545],[-3.64311,40.39564],[-3.64342,40.39577],[-3.64377,40.39594],[-3.6443,40.39621],[-3.64491,40.39663],[-3.64491,40.39663],[-3.64544,40.39708],[-3.64544,40.39708],[-3.64706,40.39854],[-3.64892,40.4003],[-3.65133,40.40239],[-3.65297,40.40371],[-3.65297,40.40371],[-3.65402,40.40455],[-3.65443,40.40479],[-3.65486,40.40503],[-3.65533,40.40522],[-3.65581,40.40543],[-3.65596,40.40549],[-3.65611,40.40555],[-3.65643,40.40563],[-3.65671,40.40569],[-3.65737,40.40578],[-3.65777,40.40581],[-3.65855,40.40588],[-3.65867,40.40589],[-3.65888,40.4059],[-3.66521,40.40634],[-3.66515,40.40646],[-3.66409,40.40852],[-3.66376,40.40917],[-3.66339,40.4099],[-3.66292,40.41096],[-3.66292,40.41096],[-3.66253,40.41157],[-3.66249,40.41165],[-3.66148,40.41325],[-3.66116,40.41377],[-3.66105,40.41394],[-3.66059,40.4147],[-3.65944,40.41655],[-3.65897,40.41744],[-3.6587,40.41867],[-3.65629,40.41805],[-3.65401,40.41745],[-3.65013,40.41609],[-3.64772,40.41537],[-3.64647,40.41505],[-3.64608,40.41498],[-3.64542,40.41486],[-3.64411,40.41465],[-3.64289,40.41451]]]}},{"type":"Feature","properties":{"district_code":"15","name":"Ciudad Lineal"},"geometry":{"type":"Polygon","coordinates":[[[-3.62189,40.41553],[-3.62162,40.41516],[-3.62136,40.41478],[-3.62036,40.41308],[-3.62137,40.41306],[-3.62181,40.41307],[-3.62216,40.41308],[-3.62248,40.4131],[-3.6233,40.41319],[-3.62424,40.41335],[-3.62508,40.41354],[-3.62565,40.41371],[-3.6267,40.41407],[-3.62759,40.41438],[-3.62805,40.41454],[-3.62861,40.4147],[-3.62903,40.41482],[-3.62994,40.41501],[-3.63067,40.41511],[-3.63145,40.41519],[-3.6319,40.41519],[-3.6319,40.41519],[-3.63249,40.4152],[-3.63344,40.41515],[-3.63381,40.41513],[-3.6345,40.41502],[-3.63491,40.41496],[-3.63753,40.41459],[-3.63909,40.41446],[-3.64095,40.41442],[-3.64289,40.41451],[-3.64411,40.41465],[-3.64542,40.41486],[-3.64608,40.41498],[-3.64647,40.41505],[-3.64772,40.41537],[-3.65013,40.41609],[-3.65401,40.41745],[-3.65629,40.41805],[-3.6587,40.41867],[-3.65915,40.42146],[-3.65954,40.42383],[-3.65965,40.42451],[-3.66011,40.42694],[-3.66059,40.42946],[-3.66081,40.43142],[-3.66019,40.43394],[-3.66002,40.43466],[-3.6599,40.43512],[-3.65983,40.43559],[-3.65971,40.43624],[-3.65969,40.43639],[-3.6596,40.43692],[-3.65959,40.43698],[-3.6594,40.43827],[-3.6593,40.43893],[-3.65929,40.43924],[-3.65923,40.4405],[-3.65924,40.44068],[-3.65925,40.44083],[-3.65931,40.44174],[-3.65935,40.44214],[-3.65949,40.44262],[-3.65975,40.44328],[-3.66012,40.44394],[-3.6606,40.44461],[-3.6612,40.44567],[-3.66148,40.44638],[-3.66169,40.44698],[-3.66188,40.44768],[-3.66216,40.44847],[-3.66229,40.44895],[-3.66234,40.44911],[-3.66258,40.45015],[-3.66284,40.45137],[-3.6629,40.45173],[-3.66313,40.45316],[-3.6633,40.4543],[-3.66342,40.45508],[-3.66381,40.45682],[-3.66435,40.45854],[-3.66485,40.45982],[-3.66494,40.46003],[-3.66772,40.46538],[-3.66823,40.46636],[-3.66841,40.4667],[-3.67111,40.47025],[-3.672,40.47142],[-3.67325,40.47306],[-3.67356,40.47375],[-3.67374,40.47413],[-3.67408,40.47515],[-3.67418,40.47545],[-3.67423,40.47558],[-3.67433,40.47611],[-3.67437,40.47642],[-3.67437,40.47642],[-3.67439,40.47661],[-3.67443,40.4772],[-3.67444,40.47779],[-3.6744,40.47819],[-3.67439,40.47836],[-3.67436,40.47873],[-3.67423,40.47937],[-3.6742,40.47957],[-3.67417,40.47976],[-3.67408,40.48024],[-3.67404,40.48043],[-3.67388,40.4812],[-3.67371,40.48205],[-3.67368,40.48219],[-3.67365,40.48246],[-3.67362,40.4827],[-3.67352,40.48342],[-3.67346,40.48406],[-3.67134,40.48413],[-3.67109,40.48414],[-3.67027,40.48418],[-3.66905,40.48418],[-3.66721,40.4841],[-3.66627,40.48399],[-3.66612,40.48397],[-3.66472,40.48377],[-3.6647,40.48376],[-3.664,40.48366],[-3.66373,40.48362],[-3.65935,40.48291],[-3.65959,40.48279],[-3.66101,40.48211],[-3.66118,40.48201],[-3.66342,40.47984],[-3.66488,40.47837],[-3.66523,40.47796],[-3.66553,40.47748],[-3.66553,40.47747],[-3.66564,40.47715],[-3.66568,40.47705],[-3.66576,40.47679],[-3.66573,40.47636],[-3.66556,40.47534],[-3.66544,40.47482],[-3.66543,40.4748],[-3.66542,40.47477],[-3.66516,40.4738],[-3.66464,40.47195],[-3.66345,40.46748],[-3.66294,40.46567],[-3.66249,40.46406],[-3.66204,40.46337],[-3.66043,40.46225],[-3.66034,40.46219],[-3.65628,40.45943],[-3.65625,40.45934],[-3.65587,40.4589],[-3.65545,40.45837],[-3.65515,40.45801],[-3.65421,40.45692],[-3.65287,40.45544],[-3.65131,40.45371],[-3.65008,40.45208],[-3.65,40.45204],[-3.64993,40.45195],[-3.64967,40.4516],[-3.64966,40.4516],[-3.64933,40.45115],[-3.64812,40.44945],[-3.64744,40.44857],[-3.64647,40.44769],[-3.64491,40.44691],[-3.64312,40.44607],[-3.64047,40.44479],[-3.64022,40.44463],[-3.64001,40.44446],[-3.63972,40.44421],[-3.63945,40.44394],[-3.63917,40.44368],[-3.63899,40.44344],[-3.63836,40.44259],[-3.63752,40.44142],[-3.63732,40.44113],[-3.63659,40.44013],[-3.63547,40.43858],[-3.63803,40.43789],[-3.63657,40.43587],[-3.63569,40.43465],[-3.63517,40.43396],[-3.63486,40.43352],[-3.63444,40.43294],[-3.63392,40.43223],[-3.63384,40.43212],[-3.6337,40.43193],[-3.63307,40.43104],[-3.63236,40.43007],[-3.63211,40.42972],[-3.63202,40.4296],[-3.63165,40.42908],[-3.63127,40.42857],[-3.6307,40.42777],[-3.63007,40.42688],[-3.62952,40.42618],[-3.6294,40.42599],[-3.62841,40.42448],[-3.62741,40.42325],[-3.6266,40.42212],[-3.62617,40.42151],[-3.6254,40.42046],[-3.62457,40.41932],[-3.62446,40.41916],[-3.6243,40.41895],[-3.62417,40.41877],[-3.62411,40.41867],[-3.62385,40.41823],[-3.62282,40.41687],[-3.62232,40.41615],[-3.6221,40.41585],[-3.62189,40.41553]]]}},{"type":"Feature","properties":{"district_code":"16","name":"Hortaleza"},"geometry":{"type":"Polygon","coordinates":[[[-3.6019,40.50146],[-3.60192,40.50039],[-3.60193,40.49936],[-3.60192,40.4987],[-3.6019,40.4982],[-3.60189,40.49781],[-3.60187,40.49737],[-3.60184,40.49687],[-3.60182,40.49639],[-3.6018,40.49593],[-3.60178,40.49522],[-3.60178,40.49496],[-3.60176,40.49461],[-3.60177,40.494],[-3.60178,40.49368],[-3.60178,40.49353],[-3.60178,40.49337],[-3.60179,40.49288],[-3.60183,40.49175],[-3.60184,40.49133],[-3.60184,40.49128],[-3.60185,40.49089],[-3.60186,40.49059],[-3.60186,40.49038],[-3.60187,40.49016],[-3.60187,40.48992],[-3.60186,40.48982],[-3.60187,40.48973],[-3.60186,40.48956],[-3.60186,40.48931],[-3.60185,40.48894],[-3.60181,40.48792],[-3.60177,40.48737],[-3.60174,40.48666],[-3.60174,40.48617],[-3.60172,40.48545],[-3.60171,40.48502],[-3.60446,40.48501],[-3.61154,40.48498],[-3.61489,40.48496],[-3.61554,40.48496],[-3.61554,40.48495],[-3.61647,40.48399],[-3.61661,40.48387],[-3.61675,40.48376],[-3.61689,40.48363],[-3.61764,40.48284],[-3.6182,40.48227],[-3.62583,40.48223],[-3.62565,40.48157],[-3.62574,40.47722],[-3.62575,40.47707],[-3.62576,40.47696],[-3.62588,40.47657],[-3.62579,40.47649],[-3.62572,40.47642],[-3.62569,40.47633],[-3.62571,40.47624],[-3.62578,40.47617],[-3.62591,40.47609],[-3.62581,40.47554],[-3.6258,40.47545],[-3.6258,40.47534],[-3.6258,40.47525],[-3.62578,40.47517],[-3.62572,40.47508],[-3.62563,40.47501],[-3.62549,40.47492],[-3.62537,40.47484],[-3.62534,40.47473],[-3.62534,40.47469],[-3.62532,40.47465],[-3.62527,40.4746],[-3.62523,40.47458],[-3.62516,40.47456],[-3.62511,40.47453],[-3.6249,40.47379],[-3.62483,40.47362],[-3.62474,40.47341],[-3.6247,40.47336],[-3.62461,40.4733],[-3.62458,40.47325],[-3.62459,40.47316],[-3.62457,40.47308],[-3.62452,40.47301],[-3.62445,40.47296],[-3.62437,40.47294],[-3.62427,40.4729],[-3.62412,40.47253],[-3.62399,40.4722],[-3.62385,40.47182],[-3.62407,40.47155],[-3.62413,40.47147],[-3.62421,40.47138],[-3.62428,40.47127],[-3.62437,40.47113],[-3.62443,40.471],[-3.6245,40.47085],[-3.62455,40.47072],[-3.62459,40.4706],[-3.62462,40.47048],[-3.62465,40.47034],[-3.62467,40.47023],[-3.62467,40.47015],[-3.62468,40.47004],[-3.62469,40.46992],[-3.62468,40.46981],[-3.62468,40.46969],[-3.62465,40.46955],[-3.62463,40.46943],[-3.62459,40.46928],[-3.62455,40.46916],[-3.6245,40.46903],[-3.62442,40.4687],[-3.62797,40.46848],[-3.62769,40.46813],[-3.62342,40.46267],[-3.62275,40.46185],[-3.62217,40.46122],[-3.62151,40.46058],[-3.62093,40.46014],[-3.62025,40.45974],[-3.61739,40.45815],[-3.6139,40.45615],[-3.61234,40.45529],[-3.60898,40.45422],[-3.60772,40.45388],[-3.60663,40.4535],[-3.60618,40.45327],[-3.60571,40.45298],[-3.60543,40.45276],[-3.60541,40.45278],[-3.6054,40.45277],[-3.60526,40.45265],[-3.60518,40.45259],[-3.60508,40.45249],[-3.60497,40.45238],[-3.60489,40.45229],[-3.60478,40.45217],[-3.60468,40.45204],[-3.60459,40.45193],[-3.60453,40.45183],[-3.60449,40.45177],[-3.6053,40.45124],[-3.60623,40.45062],[-3.60686,40.45021],[-3.60698,40.45014],[-3.60703,40.45011],[-3.60776,40.44967],[-3.60908,40.44969],[-3.61479,40.44971],[-3.61667,40.4497],[-3.61994,40.44968],[-3.62231,40.44967],[-3.62629,40.44953],[-3.62767,40.44949],[-3.62841,40.44947],[-3.62944,40.44943],[-3.63068,40.44939],[-3.63196,40.44926],[-3.63349,40.44902],[-3.63439,40.44887],[-3.6351,40.44875],[-3.63573,40.44866],[-3.63609,40.44862],[-3.63665,40.44858],[-3.63731,40.44858],[-3.63799,40.44861],[-3.63983,40.44887],[-3.64275,40.44934],[-3.64384,40.44952],[-3.64508,40.44971],[-3.64606,40.44983],[-3.64669,40.4498],[-3.64728,40.44969],[-3.64783,40.44953],[-3.64783,40.44953],[-3.64812,40.44945],[-3.64933,40.45115],[-3.64966,40.4516],[-3.64967,40.4516],[-3.64993,40.45195],[-3.65,40.45204],[-3.65008,40.45208],[-3.65131,40.45371],[-3.65287,40.45544],[-3.65421,40.45692],[-3.65515,40.45801],[-3.65545,40.45837],[-3.65587,40.4589],[-3.65625,40.45934],[-3.65628,40.45943],[-3.66034,40.46219],[-3.66043,40.46225],[-3.66204,40.46337],[-3.66249,40.46406],[-3.66294,40.46567],[-3.66345,40.46748],[-3.66464,40.47195],[-3.66516,40.4738],[-3.66542,40.47477],[-3.66543,40.4748],[-3.66544,40.47482],[-3.66556,40.47534],[-3.66573,40.47636],[-3.66576,40.47679],[-3.66568,40.47705],[-3.66564,40.47715],[-3.66553,40.47747],[-3.66553,40.47748],[-3.66523,40.47796],[-3.66488,40.47837],[-3.66342,40.47984],[-3.66118,40.48201],[-3.66101,40.48211],[-3.65959,40.48279],[-3.65935,40.48291],[-3.66373,40.48362],[-3.664,40.48366],[-3.6647,40.48376],[-3.66472,40.48377],[-3.66612,40.48397],[-3.66627,40.48399],[-3.66721,40.4841],[-3.66905,40.48418],[-3.67027,40.48418],[-3.67109,40.48414],[-3.67134,40.48413],[-3.67346,40.48406],[-3.67342,40.48455],[-3.67335,40.48525],[-3.67333,40.48561],[-3.67322,40.48674],[-3.67317,40.4872],[-3.67314,40.48742],[-3.67306,40.48794],[-3.67298,40.48837],[-3.67289,40.48876],[-3.67284,40.489],[-3.6728,40.48914],[-3.67271,40.48942],[-3.6726,40.48973],[-3.67246,40.49007],[-3.67235,40.49032],[-3.67222,40.49058],[-3.67211,40.49079],[-3.67196,40.49102],[-3.67181,40.49125],[-3.67163,40.49148],[-3.67144,40.49172],[-3.67118,40.492],[-3.67099,40.4922],[-3.67065,40.49251],[-3.67047,40.49266],[-3.67019,40.49289],[-3.67002,40.49303],[-3.66925,40.49365],[-3.66854,40.4942],[-3.66789,40.49471],[-3.66758,40.49495],[-3.66711,40.49532],[-3.66699,40.49542],[-3.6665,40.49581],[-3.66601,40.4962],[-3.66486,40.49713],[-3.66412,40.49775],[-3.66346,40.49829],[-3.66289,40.49879],[-3.66227,40.49937],[-3.66178,40.4999],[-3.66152,40.50018],[-3.66108,40.5007],[-3.66041,40.50147],[-3.66005,40.50191],[-3.65958,40.50249],[-3.65921,40.50297],[-3.65911,40.50309],[-3.65893,40.50335],[-3.65883,40.50351],[-3.65873,40.50367],[-3.65864,40.50385],[-3.65856,40.50402],[-3.65846,40.50422],[-3.65839,40.5044],[-3.65833,40.50461],[-3.65824,40.50496],[-3.65819,40.50522],[-3.65816,40.50549],[-3.65815,40.50583],[-3.65816,40.50619],[-3.65817,40.50658],[-3.6582,40.50699],[-3.65822,40.5074],[-3.65824,40.50757],[-3.65825,40.50776],[-3.65827,40.508],[-3.65828,40.50819],[-3.65829,40.50839],[-3.6583,40.50858],[-3.6583,40.50876],[-3.65831,40.50898],[-3.6583,40.50913],[-3.6583,40.50932],[-3.6583,40.50938],[-3.6583,40.50945],[-3.65828,40.5096],[-3.65827,40.50976],[-3.65824,40.50992],[-3.65822,40.5101],[-3.65817,40.5103],[-3.65814,40.51045],[-3.65807,40.51068],[-3.65801,40.51087],[-3.65795,40.51102],[-3.65787,40.51123],[-3.65775,40.51147],[-3.65761,40.51172],[-3.65761,40.51172],[-3.65617,40.5131],[-3.65453,40.51279],[-3.65238,40.51144],[-3.65245,40.51112],[-3.65234,40.51113],[-3.65226,40.51113],[-3.6522,40.51113],[-3.6521,40.51113],[-3.65199,40.51111],[-3.65178,40.51108],[-3.65168,40.51106],[-3.65159,40.51105],[-3.65085,40.51097],[-3.65038,40.51093],[-3.64986,40.51088],[-3.64957,40.51085],[-3.64921,40.51081],[-3.6491,40.5108],[-3.64903,40.51079],[-3.64897,40.51078],[-3.64888,40.51076],[-3.64877,40.51073],[-3.64863,40.51067],[-3.64846,40.51061],[-3.64821,40.51051],[-3.6481,40.51047],[-3.64801,40.51043],[-3.64795,40.51039],[-3.64789,40.51036],[-3.64782,40.51031],[-3.64777,40.51027],[-3.64773,40.51024],[-3.64749,40.51003],[-3.64714,40.50964],[-3.64683,40.50933],[-3.64663,40.50914],[-3.64638,40.50891],[-3.64625,40.50879],[-3.64602,40.50858],[-3.64594,40.5085],[-3.64585,40.50842],[-3.64577,40.50836],[-3.64571,40.50832],[-3.64561,40.50826],[-3.64553,40.50822],[-3.645,40.50796],[-3.64484,40.50788],[-3.64438,40.50806],[-3.64434,40.50811],[-3.64414,40.50806],[-3.64387,40.50801],[-3.64362,40.50797],[-3.64345,40.50794],[-3.64337,40.50793],[-3.64326,40.50795],[-3.64306,40.50801],[-3.64271,40.50811],[-3.6425,40.50816],[-3.64241,40.50818],[-3.64234,40.5082],[-3.64226,40.50821],[-3.64218,40.50821],[-3.64211,40.50821],[-3.64203,40.5082],[-3.64191,40.50819],[-3.64175,40.50817],[-3.64161,40.50816],[-3.64146,40.50815],[-3.64135,40.50814],[-3.64128,40.50811],[-3.64119,40.50808],[-3.64108,40.50805],[-3.6411,40.508],[-3.63955,40.50788],[-3.63365,40.50782],[-3.63328,40.50765],[-3.63327,40.50767],[-3.63321,40.50766],[-3.63315,40.50766],[-3.63308,40.50767],[-3.63294,40.50772],[-3.63275,40.50781],[-3.63253,40.50793],[-3.63242,40.50801],[-3.63232,40.50808],[-3.63219,40.50814],[-3.63212,40.50817],[-3.63197,40.50821],[-3.63161,40.50836],[-3.63133,40.50839],[-3.63113,40.50844],[-3.63095,40.50844],[-3.63079,40.50844],[-3.63039,40.50844],[-3.62995,40.50844],[-3.62982,40.50844],[-3.62968,40.50842],[-3.62943,40.50839],[-3.62926,40.50838],[-3.62914,40.50837],[-3.62903,40.50837],[-3.62887,40.50838],[-3.62876,40.50839],[-3.62863,40.5084],[-3.62847,40.50841],[-3.62838,40.50841],[-3.62828,40.50842],[-3.62816,40.50845],[-3.62805,40.50849],[-3.62792,40.50854],[-3.6278,40.50859],[-3.62758,40.50873],[-3.6275,40.50876],[-3.62737,40.5088],[-3.62717,40.50887],[-3.627,40.50895],[-3.62671,40.50908],[-3.62654,40.50916],[-3.62638,40.50922],[-3.62625,40.50926],[-3.62597,40.50934],[-3.62585,40.50938],[-3.62568,40.50939],[-3.62554,40.5094],[-3.62538,40.50942],[-3.62523,40.50945],[-3.62512,40.50946],[-3.62507,40.50948],[-3.62496,40.50944],[-3.62489,40.50942],[-3.62478,40.50939],[-3.62464,40.50938],[-3.62454,40.50937],[-3.62444,40.50936],[-3.6243,40.50933],[-3.62418,40.5093],[-3.62401,40.50923],[-3.62395,40.50921],[-3.62382,40.50916],[-3.62367,40.5091],[-3.62355,40.50907],[-3.62341,40.50904],[-3.62329,40.50903],[-3.62317,40.50903],[-3.62305,40.50904],[-3.62294,40.50905],[-3.62283,40.50908],[-3.62272,40.50911],[-3.62256,40.50917],[-3.62248,40.50919],[-3.62237,40.50924],[-3.62228,40.50928],[-3.62215,40.50936],[-3.62207,40.50943],[-3.62195,40.50956],[-3.62184,40.50966],[-3.62173,40.50976],[-3.62165,40.50983],[-3.62159,40.50988],[-3.62155,40.50991],[-3.62142,40.51],[-3.62137,40.51002],[-3.62133,40.51005],[-3.62127,40.51007],[-3.62119,40.5101],[-3.62113,40.51011],[-3.62098,40.51015],[-3.62086,40.51017],[-3.62077,40.51018],[-3.62065,40.51019],[-3.62049,40.51021],[-3.62029,40.51023],[-3.62011,40.51025],[-3.6199,40.51026],[-3.61973,40.51026],[-3.6196,40.51026],[-3.61947,40.51025],[-3.61933,40.51023],[-3.61913,40.51019],[-3.61893,40.51016],[-3.61878,40.51013],[-3.61869,40.51012],[-3.61856,40.51011],[-3.61845,40.5101],[-3.61835,40.5101],[-3.61822,40.51011],[-3.61812,40.51013],[-3.61801,40.51017],[-3.61787,40.51025],[-3.61769,40.51032],[-3.61756,40.51038],[-3.61744,40.51044],[-3.61733,40.51049],[-3.61723,40.51052],[-3.61713,40.51055],[-3.61704,40.51057],[-3.61694,40.51059],[-3.61683,40.51062],[-3.61666,40.51068],[-3.61647,40.51074],[-3.61635,40.51078],[-3.61627,40.5108],[-3.61605,40.51086],[-3.61592,40.5109],[-3.61576,40.51093],[-3.61558,40.51096],[-3.61548,40.51097],[-3.61536,40.51098],[-3.6152,40.51097],[-3.61507,40.51096],[-3.61492,40.51092],[-3.61475,40.51087],[-3.61452,40.5108],[-3.61444,40.51079],[-3.61435,40.51077],[-3.61426,40.51073],[-3.61423,40.5107],[-3.61422,40.51068],[-3.61422,40.51064],[-3.61426,40.51046],[-3.61426,40.51038],[-3.61424,40.5103],[-3.61421,40.51023],[-3.61418,40.51018],[-3.61414,40.51014],[-3.6141,40.51009],[-3.61401,40.51001],[-3.61392,40.50994],[-3.61374,40.50981],[-3.61359,40.50971],[-3.61343,40.5096],[-3.61328,40.50952],[-3.61311,40.50941],[-3.61296,40.50933],[-3.61284,40.50928],[-3.61266,40.5092],[-3.61251,40.50914],[-3.61239,40.50911],[-3.61225,40.50907],[-3.61209,40.50904],[-3.61182,40.50899],[-3.6117,40.50898],[-3.61153,40.50896],[-3.61145,40.50895],[-3.61139,40.50895],[-3.6113,40.50895],[-3.6112,40.50892],[-3.61108,40.50886],[-3.61101,40.50881],[-3.61083,40.50868],[-3.61064,40.50851],[-3.61043,40.50831],[-3.61026,40.50816],[-3.61011,40.50801],[-3.60992,40.50782],[-3.60959,40.50756],[-3.60937,40.50739],[-3.60913,40.50723],[-3.60881,40.50701],[-3.60853,40.50684],[-3.60824,40.50667],[-3.60802,40.50655],[-3.60782,40.50645],[-3.60754,40.50632],[-3.60714,40.50618],[-3.60696,40.5061],[-3.60679,40.506],[-3.60663,40.50589],[-3.60651,40.5058],[-3.60642,40.50571],[-3.60633,40.50562],[-3.60627,40.50555],[-3.60623,40.50549],[-3.60618,40.50531],[-3.60612,40.50504],[-3.60607,40.50481],[-3.60604,40.50463],[-3.60601,40.50449],[-3.60597,40.50431],[-3.60593,40.5042],[-3.60586,40.5041],[-3.60577,40.50401],[-3.60565,40.50388],[-3.60555,40.50377],[-3.60541,40.50362],[-3.60526,40.50348],[-3.60496,40.50325],[-3.60479,40.50312],[-3.60464,40.50303],[-3.60465,40.50302],[-3.60335,40.50176],[-3.6028,40.50145],[-3.60284,40.50133],[-3.60241,40.50128],[-3.60234,40.50127],[-3.6023,40.50126],[-3.60229,40.50126],[-3.60228,40.50126],[-3.60226,40.50127],[-3.60225,40.50127],[-3.60224,40.50127],[-3.60223,40.50128],[-3.60223,40.50128],[-3.60222,40.50129],[-3.60221,40.5013],[-3.60221,40.5013],[-3.60219,40.50135],[-3.60218,40.50138],[-3.60217,40.50141],[-3.60215,40.50143],[-3.60214,40.50145],[-3.60212,40.50147],[-3.6021,40.50148],[-3.60208,40.50148],[-3.60206,40.50149],[-3.60203,40.50149],[-3.602,40.50149],[-3.60194,40.50148],[-3.6019,40.50146]]]}},{"type":"Feature","properties":{"district_code":"17","name":"Villaverde"},"geometry":{"type":"Polygon","coordinates":[[[-3.65751,40.32893],[-3.65991,40.32786],[-3.65989,40.32775],[-3.66034,40.32775],[-3.66054,40.32773],[-3.66071,40.32771],[-3.66086,40.3277],[-3.66101,40.32771],[-3.66113,40.3277],[-3.66125,40.32774],[-3.66139,40.32778],[-3.6615,40.32783],[-3.66159,40.32791],[-3.66169,40.32799],[-3.66183,40.32808],[-3.66197,40.32819],[-3.6622,40.32837],[-3.66228,40.32843],[-3.66233,40.32846],[-3.66246,40.32848],[-3.6625,40.32852],[-3.66256,40.32854],[-3.66266,40.32855],[-3.66272,40.32857],[-3.66276,40.32861],[-3.66291,40.32873],[-3.66304,40.32881],[-3.66318,40.32889],[-3.6633,40.32891],[-3.66343,40.32893],[-3.66355,40.32892],[-3.66367,40.32892],[-3.66375,40.32893],[-3.66379,40.32897],[-3.66383,40.32903],[-3.66413,40.32887],[-3.66505,40.32846],[-3.66495,40.3284],[-3.6651,40.32823],[-3.66522,40.32812],[-3.66533,40.32804],[-3.66549,40.32794],[-3.6656,40.32786],[-3.66577,40.32777],[-3.66604,40.32762],[-3.66622,40.3275],[-3.66646,40.32732],[-3.66666,40.32719],[-3.66673,40.32714],[-3.66674,40.32712],[-3.66676,40.32709],[-3.66679,40.32703],[-3.66682,40.32698],[-3.66685,40.32693],[-3.66687,40.32686],[-3.66692,40.32674],[-3.66702,40.32659],[-3.66707,40.32653],[-3.66714,40.32643],[-3.66724,40.3263],[-3.66728,40.32626],[-3.66732,40.32623],[-3.66737,40.32619],[-3.6675,40.32611],[-3.66773,40.326],[-3.66786,40.32594],[-3.66795,40.3259],[-3.66804,40.32584],[-3.66815,40.32575],[-3.6683,40.32564],[-3.66837,40.3256],[-3.66851,40.32552],[-3.66875,40.32538],[-3.66886,40.32532],[-3.66902,40.32524],[-3.66918,40.32517],[-3.66937,40.3251],[-3.66952,40.32505],[-3.66965,40.32502],[-3.66986,40.325],[-3.67015,40.32497],[-3.67045,40.325],[-3.67115,40.32524],[-3.67145,40.32531],[-3.67215,40.32553],[-3.67286,40.32569],[-3.67362,40.32592],[-3.67429,40.32607],[-3.67489,40.32606],[-3.67542,40.32608],[-3.67592,40.32608],[-3.67631,40.32617],[-3.67687,40.32633],[-3.67714,40.3264],[-3.67773,40.32644],[-3.678,40.32646],[-3.67826,40.32644],[-3.67856,40.32636],[-3.67892,40.32633],[-3.67921,40.32633],[-3.67949,40.32622],[-3.67993,40.32605],[-3.68023,40.32585],[-3.68051,40.32562],[-3.68067,40.32536],[-3.68076,40.32517],[-3.68084,40.32493],[-3.68092,40.32475],[-3.68096,40.3246],[-3.68105,40.32452],[-3.68127,40.32437],[-3.68161,40.32412],[-3.68182,40.32396],[-3.68211,40.32376],[-3.68244,40.32359],[-3.68273,40.3235],[-3.68299,40.32345],[-3.68322,40.32339],[-3.68337,40.32333],[-3.6836,40.32321],[-3.68388,40.32303],[-3.68426,40.32274],[-3.68443,40.3226],[-3.6847,40.32245],[-3.68491,40.32234],[-3.68507,40.32226],[-3.68523,40.32219],[-3.68573,40.32209],[-3.68624,40.32202],[-3.6866,40.32199],[-3.68694,40.32193],[-3.6875,40.32194],[-3.68782,40.32191],[-3.68879,40.32166],[-3.68986,40.32136],[-3.691,40.32103],[-3.69127,40.32093],[-3.69187,40.32061],[-3.69214,40.32051],[-3.69233,40.32049],[-3.69254,40.32036],[-3.69275,40.32021],[-3.69287,40.32011],[-3.693,40.32005],[-3.69302,40.32011],[-3.69616,40.32222],[-3.69963,40.32235],[-3.70312,40.32212],[-3.70804,40.32301],[-3.71008,40.3234],[-3.71254,40.32349],[-3.71291,40.32563],[-3.71445,40.32806],[-3.72017,40.33081],[-3.72367,40.33355],[-3.72493,40.33499],[-3.72442,40.33875],[-3.72399,40.34189],[-3.7235,40.34554],[-3.72241,40.35433],[-3.72178,40.35893],[-3.72116,40.36332],[-3.72098,40.36479],[-3.72098,40.36479],[-3.71415,40.36436],[-3.70977,40.36402],[-3.70809,40.36394],[-3.70799,40.36394],[-3.7071,40.36388],[-3.7071,40.36388],[-3.70637,40.36382],[-3.70515,40.36368],[-3.7049,40.36366],[-3.7045,40.36362],[-3.70428,40.3636],[-3.70408,40.36358],[-3.70402,40.36358],[-3.70402,40.36358],[-3.70366,40.36356],[-3.70324,40.36356],[-3.70262,40.36358],[-3.7021,40.36362],[-3.70165,40.36367],[-3.70112,40.36375],[-3.70107,40.36376],[-3.70079,40.36381],[-3.7007,40.36383],[-3.70005,40.36397],[-3.69934,40.36413],[-3.69912,40.36417],[-3.69875,40.36424],[-3.69816,40.36433],[-3.69745,40.36442],[-3.69713,40.36444],[-3.6969,40.36446],[-3.69676,40.36447],[-3.6966,40.36448],[-3.69623,40.3645],[-3.69553,40.36452],[-3.694,40.36453],[-3.69387,40.36452],[-3.69324,40.36446],[-3.69223,40.36439],[-3.69165,40.36432],[-3.69125,40.36427],[-3.69061,40.36417],[-3.69004,40.36406],[-3.68944,40.36391],[-3.68902,40.36379],[-3.68724,40.3632],[-3.6854,40.36254],[-3.68314,40.36173],[-3.68192,40.3613],[-3.68152,40.36022],[-3.68151,40.36019],[-3.68147,40.36009],[-3.68132,40.35992],[-3.68095,40.35974],[-3.68068,40.35954],[-3.67999,40.3588],[-3.67959,40.35841],[-3.67935,40.35821],[-3.67919,40.3581],[-3.67878,40.3579],[-3.67842,40.35777],[-3.67805,40.35763],[-3.67779,40.35748],[-3.67767,40.35741],[-3.67741,40.35714],[-3.67739,40.35711],[-3.6772,40.35682],[-3.67709,40.35635],[-3.67682,40.35548],[-3.67666,40.35495],[-3.67651,40.35459],[-3.67634,40.35421],[-3.67618,40.35398],[-3.67594,40.35381],[-3.6757,40.35374],[-3.6755,40.35368],[-3.67512,40.35363],[-3.67505,40.35362],[-3.67504,40.35361],[-3.67461,40.35348],[-3.67425,40.35333],[-3.67416,40.3533],[-3.67386,40.35301],[-3.67376,40.35277],[-3.67372,40.35247],[-3.67367,40.35213],[-3.67361,40.35188],[-3.67342,40.35137],[-3.67325,40.35091],[-3.67315,40.35068],[-3.67311,40.35062],[-3.67304,40.35056],[-3.67291,40.35044],[-3.67271,40.35031],[-3.67251,40.3502],[-3.67206,40.35002],[-3.67129,40.34976],[-3.67054,40.34958],[-3.67015,40.34944],[-3.66995,40.34933],[-3.66973,40.34919],[-3.66958,40.34897],[-3.66942,40.34862],[-3.66911,40.3477],[-3.66903,40.34742],[-3.66901,40.34715],[-3.66902,40.34678],[-3.66912,40.34618],[-3.66925,40.3458],[-3.66937,40.34565],[-3.66944,40.3455],[-3.66944,40.34536],[-3.66937,40.34524],[-3.66925,40.34514],[-3.66914,40.34505],[-3.66893,40.34493],[-3.66852,40.3448],[-3.66797,40.34467],[-3.66737,40.34452],[-3.66658,40.34432],[-3.6655,40.34415],[-3.66524,40.3441],[-3.66494,40.34397],[-3.66458,40.34375],[-3.66434,40.34347],[-3.66422,40.3432],[-3.66411,40.34283],[-3.66402,40.34262],[-3.66401,40.3426],[-3.66383,40.34234],[-3.66366,40.34211],[-3.66354,40.34188],[-3.66327,40.34134],[-3.66309,40.34081],[-3.66303,40.34057],[-3.66303,40.33988],[-3.66302,40.33947],[-3.66296,40.33918],[-3.66284,40.33897],[-3.66266,40.33884],[-3.66238,40.33866],[-3.6622,40.33854],[-3.662,40.33837],[-3.66169,40.33809],[-3.66153,40.33786],[-3.66143,40.33759],[-3.66145,40.33704],[-3.66131,40.33648],[-3.66096,40.33595],[-3.66053,40.33541],[-3.65993,40.33488],[-3.65919,40.3342],[-3.65885,40.33383],[-3.65864,40.33339],[-3.65859,40.33281],[-3.65851,40.3325],[-3.65841,40.33214],[-3.65838,40.33187],[-3.6583,40.3316],[-3.65797,40.33104],[-3.65776,40.33056],[-3.65761,40.32984],[-3.65752,40.32928],[-3.65751,40.32893],[-3.65751,40.32893]]]}},{"type":"Feature","properties":{"district_code":"18","name":"Villa de Vallecas"},"geometry":{"type":"Polygon","coordinates":[[[-3.56522,40.36008],[-3.56466,40.35996],[-3.56409,40.35984],[-3.56352,40.35972],[-3.56296,40.35959],[-3.56239,40.35946],[-3.56183,40.35932],[-3.56127,40.35918],[-3.56071,40.35904],[-3.56016,40.35889],[-3.5596,40.35874],[-3.55905,40.35858],[-3.5585,40.35842],[-3.55795,40.35826],[-3.5574,40.3581],[-3.55685,40.35794],[-3.55631,40.35776],[-3.55578,40.35757],[-3.55527,40.35734],[-3.5548,40.35707],[-3.55438,40.35676],[-3.55425,40.35665],[-3.55499,40.35625],[-3.55507,40.35621],[-3.55519,40.35614],[-3.5552,40.35614],[-3.5569,40.35515],[-3.55696,40.35512],[-3.55701,40.35509],[-3.55693,40.35503],[-3.55684,40.35497],[-3.55675,40.3549],[-3.55666,40.35483],[-3.55656,40.35475],[-3.5565,40.35471],[-3.55641,40.35464],[-3.55626,40.35454],[-3.55617,40.35449],[-3.55607,40.35444],[-3.55587,40.35434],[-3.55577,40.35429],[-3.55565,40.35423],[-3.55556,40.3542],[-3.55543,40.35416],[-3.55526,40.3541],[-3.55512,40.35406],[-3.55664,40.3531],[-3.55769,40.35267],[-3.55891,40.35027],[-3.56074,40.34918],[-3.56216,40.34709],[-3.56536,40.34438],[-3.56622,40.34331],[-3.56825,40.3409],[-3.56995,40.33763],[-3.57188,40.33462],[-3.57274,40.33366],[-3.57528,40.33186],[-3.57676,40.33025],[-3.57952,40.32795],[-3.58249,40.32626],[-3.58324,40.32481],[-3.58436,40.32256],[-3.58507,40.32042],[-3.58507,40.31836],[-3.58382,40.31581],[-3.58241,40.31614],[-3.58189,40.31588],[-3.58048,40.31597],[-3.57928,40.31587],[-3.5778,40.31465],[-3.57613,40.31489],[-3.57797,40.31389],[-3.57876,40.31386],[-3.57969,40.31388],[-3.58066,40.31379],[-3.58165,40.31359],[-3.58253,40.31353],[-3.58347,40.31331],[-3.5845,40.3132],[-3.58558,40.31307],[-3.58744,40.31279],[-3.5894,40.3127],[-3.59333,40.31242],[-3.59432,40.31238],[-3.59534,40.31235],[-3.59826,40.31206],[-3.59924,40.31217],[-3.6002,40.31233],[-3.60213,40.31267],[-3.60638,40.31347],[-3.60812,40.31366],[-3.61115,40.31431],[-3.61388,40.31559],[-3.61597,40.31776],[-3.61745,40.31819],[-3.62001,40.31912],[-3.62353,40.31985],[-3.62469,40.32043],[-3.62598,40.31924],[-3.62599,40.31922],[-3.62615,40.31927],[-3.62625,40.31931],[-3.62636,40.31934],[-3.62647,40.31937],[-3.62664,40.31941],[-3.62675,40.31944],[-3.62708,40.31951],[-3.6274,40.31959],[-3.62807,40.31983],[-3.62817,40.31986],[-3.62825,40.31989],[-3.6284,40.31995],[-3.62849,40.31998],[-3.62866,40.32005],[-3.6287,40.32007],[-3.62875,40.3201],[-3.62879,40.32012],[-3.62884,40.32014],[-3.62894,40.32018],[-3.62898,40.3202],[-3.62904,40.32021],[-3.62912,40.32024],[-3.62916,40.32025],[-3.62923,40.32028],[-3.62928,40.3203],[-3.62969,40.32047],[-3.62981,40.32052],[-3.62994,40.32057],[-3.63008,40.32062],[-3.63021,40.32067],[-3.63029,40.32071],[-3.63037,40.32074],[-3.63043,40.32077],[-3.63051,40.32082],[-3.63058,40.32087],[-3.63066,40.32092],[-3.63075,40.32099],[-3.63085,40.32105],[-3.63095,40.32111],[-3.63106,40.32117],[-3.63122,40.32128],[-3.63145,40.32141],[-3.6316,40.3215],[-3.63169,40.32155],[-3.63195,40.32169],[-3.63201,40.32174],[-3.63211,40.3218],[-3.63221,40.32186],[-3.63228,40.32191],[-3.63236,40.32197],[-3.63244,40.32202],[-3.63249,40.32206],[-3.63255,40.3221],[-3.63259,40.32215],[-3.63267,40.32219],[-3.63274,40.32223],[-3.63284,40.32227],[-3.6329,40.32231],[-3.63296,40.32235],[-3.63305,40.32242],[-3.63313,40.32248],[-3.63321,40.32254],[-3.6333,40.32261],[-3.6334,40.32269],[-3.63349,40.32276],[-3.63361,40.32286],[-3.63373,40.32298],[-3.63383,40.32307],[-3.63414,40.32329],[-3.6345,40.32356],[-3.63516,40.32403],[-3.635,40.32415],[-3.63497,40.32417],[-3.63544,40.32456],[-3.636,40.32507],[-3.6362,40.32519],[-3.63662,40.32545],[-3.63694,40.32567],[-3.63725,40.32588],[-3.63747,40.32599],[-3.63778,40.32623],[-3.6381,40.32644],[-3.63841,40.32667],[-3.63866,40.32684],[-3.63916,40.32711],[-3.63935,40.32723],[-3.63968,40.32743],[-3.63998,40.32764],[-3.64021,40.32781],[-3.64037,40.32791],[-3.64052,40.32797],[-3.64068,40.32803],[-3.64079,40.32807],[-3.64099,40.32815],[-3.64121,40.32824],[-3.64135,40.32828],[-3.64142,40.32831],[-3.64157,40.32843],[-3.64169,40.32851],[-3.64184,40.32863],[-3.64192,40.32869],[-3.64204,40.32878],[-3.64217,40.32886],[-3.6423,40.32891],[-3.64239,40.32894],[-3.64256,40.32899],[-3.64273,40.32907],[-3.64289,40.32917],[-3.64303,40.32926],[-3.64318,40.32943],[-3.6434,40.32966],[-3.64351,40.32981],[-3.64363,40.32999],[-3.64375,40.33017],[-3.64395,40.33038],[-3.64416,40.33058],[-3.64435,40.33072],[-3.64454,40.33086],[-3.64471,40.33096],[-3.64496,40.33107],[-3.64529,40.33125],[-3.64573,40.33147],[-3.64609,40.33165],[-3.64651,40.33184],[-3.6469,40.33204],[-3.64721,40.33222],[-3.64747,40.33237],[-3.64769,40.33252],[-3.64792,40.33269],[-3.64808,40.3328],[-3.64833,40.33295],[-3.64854,40.3331],[-3.64873,40.3332],[-3.64904,40.33335],[-3.64916,40.33342],[-3.64922,40.33334],[-3.64921,40.33331],[-3.64921,40.33327],[-3.64922,40.33323],[-3.64923,40.3332],[-3.64925,40.33314],[-3.64929,40.33303],[-3.64933,40.33294],[-3.64938,40.33287],[-3.64942,40.3328],[-3.64946,40.33274],[-3.64949,40.3327],[-3.64951,40.33266],[-3.64954,40.33262],[-3.64958,40.33259],[-3.64961,40.33257],[-3.64964,40.33255],[-3.64967,40.33254],[-3.64972,40.33252],[-3.64977,40.3325],[-3.64982,40.33246],[-3.64989,40.33241],[-3.64995,40.33234],[-3.64998,40.33231],[-3.65002,40.33228],[-3.65007,40.33229],[-3.65011,40.3323],[-3.65014,40.33232],[-3.65017,40.33234],[-3.65021,40.33236],[-3.65028,40.33241],[-3.65031,40.33238],[-3.65504,40.33002],[-3.65751,40.32893],[-3.65751,40.32893],[-3.65752,40.32928],[-3.65761,40.32984],[-3.65776,40.33056],[-3.65797,40.33104],[-3.6583,40.3316],[-3.65838,40.33187],[-3.65841,40.33214],[-3.65851,40.3325],[-3.65859,40.33281],[-3.65864,40.33339],[-3.65885,40.33383],[-3.65919,40.3342],[-3.65993,40.33488],[-3.66053,40.33541],[-3.66096,40.33595],[-3.66131,40.33648],[-3.66145,40.33704],[-3.66143,40.33759],[-3.66153,40.33786],[-3.66169,40.33809],[-3.662,40.33837],[-3.6622,40.33854],[-3.66238,40.33866],[-3.66266,40.33884],[-3.66284,40.33897],[-3.66296,40.33918],[-3.66302,40.33947],[-3.66303,40.33988],[-3.66303,40.34057],[-3.66309,40.34081],[-3.66327,40.34134],[-3.66354,40.34188],[-3.66366,40.34211],[-3.66383,40.34234],[-3.66401,40.3426],[-3.66402,40.34262],[-3.66411,40.34283],[-3.66422,40.3432],[-3.66434,40.34347],[-3.66458,40.34375],[-3.66494,40.34397],[-3.66524,40.3441],[-3.6655,40.34415],[-3.66658,40.34432],[-3.66737,40.34452],[-3.66797,40.34467],[-3.66852,40.3448],[-3.66893,40.34493],[-3.66914,40.34505],[-3.66925,40.34514],[-3.66937,40.34524],[-3.66944,40.34536],[-3.66944,40.3455],[-3.66937,40.34565],[-3.66925,40.3458],[-3.66912,40.34618],[-3.66902,40.34678],[-3.66901,40.34715],[-3.66903,40.34742],[-3.66911,40.3477],[-3.66942,40.34862],[-3.66958,40.34897],[-3.66973,40.34919],[-3.66995,40.34933],[-3.67015,40.34944],[-3.67054,40.34958],[-3.67129,40.34976],[-3.67206,40.35002],[-3.67251,40.3502],[-3.67271,40.35031],[-3.67291,40.35044],[-3.67304,40.35056],[-3.67311,40.35062],[-3.67315,40.35068],[-3.67325,40.35091],[-3.67342,40.35137],[-3.67361,40.35188],[-3.67367,40.35213],[-3.67372,40.35247],[-3.67376,40.35277],[-3.67386,40.35301],[-3.67416,40.3533],[-3.67425,40.35333],[-3.67461,40.35348],[-3.67504,40.35361],[-3.67505,40.35362],[-3.67512,40.35363],[-3.6755,40.35368],[-3.6757,40.35374],[-3.67594,40.35381],[-3.67618,40.35398],[-3.67634,40.35421],[-3.67651,40.35459],[-3.67666,40.35495],[-3.67682,40.35548],[-3.67709,40.35635],[-3.6772,40.35682],[-3.67739,40.35711],[-3.67741,40.35714],[-3.67767,40.35741],[-3.67779,40.35748],[-3.67805,40.35763],[-3.67842,40.35777],[-3.67878,40.3579],[-3.67919,40.3581],[-3.67935,40.35821],[-3.67959,40.35841],[-3.67999,40.3588],[-3.68068,40.35954],[-3.68095,40.35974],[-3.68132,40.35992],[-3.68147,40.36009],[-3.68151,40.36019],[-3.68152,40.36022],[-3.68192,40.3613],[-3.68121,40.36105],[-3.68077,40.36093],[-3.68033,40.36083],[-3.6798,40.36076],[-3.67935,40.3607],[-3.67875,40.36068],[-3.67807,40.36069],[-3.67757,40.36071],[-3.67703,40.36073],[-3.67668,40.36075],[-3.67594,40.36079],[-3.67517,40.36087],[-3.67447,40.36094],[-3.67371,40.36102],[-3.67303,40.36112],[-3.67215,40.36126],[-3.67151,40.36137],[-3.67117,40.36144],[-3.67081,40.36151],[-3.67012,40.36166],[-3.66954,40.36182],[-3.66944,40.36185],[-3.66887,40.36202],[-3.66825,40.36225],[-3.66789,40.36239],[-3.66756,40.36252],[-3.66725,40.36266],[-3.66718,40.3627],[-3.6667,40.36293],[-3.6665,40.36303],[-3.66602,40.36328],[-3.66445,40.36414],[-3.65707,40.36878],[-3.656,40.36937],[-3.6556,40.36959],[-3.65472,40.37036],[-3.6544,40.37089],[-3.65359,40.37363],[-3.6533,40.37433],[-3.65277,40.37565],[-3.65236,40.37605],[-3.65151,40.3761],[-3.64991,40.37631],[-3.64858,40.37652],[-3.64507,40.37723],[-3.64151,40.37795],[-3.63438,40.37977],[-3.63303,40.3801],[-3.63259,40.38021],[-3.63019,40.38078],[-3.62716,40.3815],[-3.6259,40.38179],[-3.62459,40.38209],[-3.62532,40.38323],[-3.62476,40.38416],[-3.62433,40.38501],[-3.6237,40.38643],[-3.62189,40.39084],[-3.61939,40.39029],[-3.61857,40.39011],[-3.61574,40.38949],[-3.61209,40.3887],[-3.61145,40.38857],[-3.61089,40.38842],[-3.6103,40.38824],[-3.60987,40.3881],[-3.60918,40.38781],[-3.60866,40.38758],[-3.60859,40.38755],[-3.60811,40.38731],[-3.60761,40.38702],[-3.60705,40.38666],[-3.60648,40.38625],[-3.60636,40.38634],[-3.60616,40.38644],[-3.60599,40.38649],[-3.60587,40.38651],[-3.60576,40.3865],[-3.60565,40.38643],[-3.60556,40.38625],[-3.60526,40.38597],[-3.60414,40.38663],[-3.60391,40.38666],[-3.60374,40.38666],[-3.60348,40.38666],[-3.60303,40.38653],[-3.60287,40.38645],[-3.60234,40.3862],[-3.60171,40.38558],[-3.60137,40.38512],[-3.60106,40.38465],[-3.60086,40.38416],[-3.60083,40.38392],[-3.60113,40.3834],[-3.60116,40.38313],[-3.60104,40.38288],[-3.60083,40.38267],[-3.60055,40.38252],[-3.60014,40.3824],[-3.59958,40.38236],[-3.5995,40.38233],[-3.59781,40.37966],[-3.5986,40.37917],[-3.59876,40.37906],[-3.59892,40.37894],[-3.59901,40.37885],[-3.59909,40.37876],[-3.59918,40.37864],[-3.59926,40.37851],[-3.59933,40.37836],[-3.59942,40.37817],[-3.59952,40.37792],[-3.59968,40.37761],[-3.59998,40.37723],[-3.60016,40.37706],[-3.60032,40.37694],[-3.60051,40.37681],[-3.6007,40.37671],[-3.60021,40.37582],[-3.60001,40.37553],[-3.59978,40.37523],[-3.59952,40.37496],[-3.59924,40.37472],[-3.59902,40.37456],[-3.59883,40.37443],[-3.59867,40.37432],[-3.5984,40.37417],[-3.59742,40.37368],[-3.59566,40.37283],[-3.59225,40.37119],[-3.59075,40.37047],[-3.58939,40.36984],[-3.58772,40.36901],[-3.58594,40.36807],[-3.58559,40.3679],[-3.58525,40.36775],[-3.58489,40.36761],[-3.58432,40.36746],[-3.5838,40.36736],[-3.58332,40.36731],[-3.58251,40.36727],[-3.5816,40.36724],[-3.58011,40.36718],[-3.57965,40.36714],[-3.5793,40.36709],[-3.57893,40.36703],[-3.57855,40.36694],[-3.57827,40.36685],[-3.57795,40.36672],[-3.57768,40.36661],[-3.57741,40.36648],[-3.57702,40.36625],[-3.57675,40.36609],[-3.57623,40.36574],[-3.57414,40.36434],[-3.57042,40.36183],[-3.57017,40.36168],[-3.56981,40.3615],[-3.56935,40.3613],[-3.56883,40.3611],[-3.56809,40.36083],[-3.56741,40.3606],[-3.5667,40.3604],[-3.56612,40.36027],[-3.56522,40.36008]]]}},{"type":"Feature","properties":{"district_code":"19","name":"Vic\u00e1lvaro"},"geometry":{"type":"Polygon","coordinates":[[[-3.57748,40.42601],[-3.57525,40.42557],[-3.5758,40.42471],[-3.57601,40.42437],[-3.57615,40.42415],[-3.57628,40.42389],[-3.57636,40.42369],[-3.57645,40.4235],[-3.57661,40.42299],[-3.57672,40.4226],[-3.57678,40.42229],[-3.57684,40.42198],[-3.57697,40.42162],[-3.57717,40.42121],[-3.57731,40.42099],[-3.57765,40.42025],[-3.57831,40.41925],[-3.57843,40.41902],[-3.57863,40.41863],[-3.57879,40.41831],[-3.57914,40.41786],[-3.57953,40.41734],[-3.57806,40.41499],[-3.57819,40.41484],[-3.57764,40.41366],[-3.5729,40.41177],[-3.57262,40.41188],[-3.57231,40.41192],[-3.57201,40.41194],[-3.57167,40.41195],[-3.57133,40.41199],[-3.57109,40.41198],[-3.57092,40.41196],[-3.57057,40.41206],[-3.57026,40.41217],[-3.56983,40.41234],[-3.56954,40.41248],[-3.56915,40.41264],[-3.56886,40.41278],[-3.56865,40.41285],[-3.56841,40.41295],[-3.56796,40.41303],[-3.56479,40.41353],[-3.56454,40.41353],[-3.56413,40.41353],[-3.56369,40.41351],[-3.56359,40.41345],[-3.56304,40.41345],[-3.56249,40.41338],[-3.56205,40.41333],[-3.56168,40.41331],[-3.56126,40.41327],[-3.56086,40.41326],[-3.56048,40.41324],[-3.56019,40.41324],[-3.55959,40.41318],[-3.55915,40.41315],[-3.55872,40.41307],[-3.55837,40.41299],[-3.55784,40.41286],[-3.55752,40.41273],[-3.55719,40.41256],[-3.55692,40.41244],[-3.55647,40.4123],[-3.5559,40.41214],[-3.55551,40.41203],[-3.55509,40.41197],[-3.55465,40.41197],[-3.55417,40.41189],[-3.5534,40.41169],[-3.55311,40.41172],[-3.55245,40.4118],[-3.55217,40.41184],[-3.5518,40.41187],[-3.5514,40.41192],[-3.55125,40.41191],[-3.55104,40.41191],[-3.55049,40.41194],[-3.5501,40.41201],[-3.54959,40.41215],[-3.54928,40.41232],[-3.54512,40.41147],[-3.54497,40.41143],[-3.54495,40.41144],[-3.54495,40.41144],[-3.54486,40.41146],[-3.54483,40.41146],[-3.54454,40.41139],[-3.54449,40.41137],[-3.5444,40.41136],[-3.54436,40.41136],[-3.54422,40.41135],[-3.54414,40.41135],[-3.54402,40.41135],[-3.544,40.41135],[-3.54384,40.41134],[-3.54377,40.41134],[-3.54369,40.41133],[-3.54366,40.41133],[-3.54352,40.41131],[-3.54348,40.41131],[-3.54345,40.4113],[-3.54333,40.41126],[-3.54329,40.41126],[-3.54318,40.41125],[-3.5427,40.41111],[-3.54247,40.41105],[-3.54229,40.41102],[-3.54221,40.411],[-3.54207,40.41097],[-3.54196,40.41094],[-3.54166,40.41085],[-3.54154,40.41081],[-3.54149,40.41079],[-3.54143,40.41076],[-3.54138,40.41075],[-3.54132,40.41073],[-3.54127,40.41072],[-3.54109,40.4107],[-3.541,40.41068],[-3.54096,40.41068],[-3.54093,40.41068],[-3.54079,40.41067],[-3.54061,40.41066],[-3.54056,40.41066],[-3.54048,40.41065],[-3.54043,40.41065],[-3.54028,40.41063],[-3.54027,40.41063],[-3.54026,40.41063],[-3.54019,40.41062],[-3.54015,40.41061],[-3.54001,40.41058],[-3.54,40.41058],[-3.53992,40.41055],[-3.53977,40.41049],[-3.53973,40.41067],[-3.53973,40.41089],[-3.53973,40.4111],[-3.53974,40.41117],[-3.53977,40.41139],[-3.53976,40.41142],[-3.53973,40.41147],[-3.53971,40.41152],[-3.53968,40.41156],[-3.53967,40.41159],[-3.53962,40.41161],[-3.53951,40.41163],[-3.53936,40.41161],[-3.53909,40.41154],[-3.53901,40.41153],[-3.5387,40.41144],[-3.5385,40.41142],[-3.53829,40.41143],[-3.53798,40.41164],[-3.5379,40.41174],[-3.53787,40.41182],[-3.53787,40.41188],[-3.5379,40.41217],[-3.53788,40.41224],[-3.53785,40.41228],[-3.53778,40.41236],[-3.53757,40.41247],[-3.53742,40.41253],[-3.53728,40.41257],[-3.53719,40.41258],[-3.53688,40.4126],[-3.5368,40.4126],[-3.53665,40.41259],[-3.53647,40.41257],[-3.53632,40.41254],[-3.53621,40.41252],[-3.53622,40.41265],[-3.53621,40.41274],[-3.53616,40.41286],[-3.53612,40.41291],[-3.53602,40.41301],[-3.53593,40.41307],[-3.53578,40.41312],[-3.53563,40.41315],[-3.53563,40.41315],[-3.53517,40.41441],[-3.53484,40.41433],[-3.53458,40.41428],[-3.53429,40.41423],[-3.53399,40.41418],[-3.53371,40.41415],[-3.53341,40.41412],[-3.53328,40.41411],[-3.533,40.41411],[-3.5328,40.41411],[-3.53255,40.41413],[-3.53235,40.41416],[-3.53204,40.41421],[-3.53186,40.41424],[-3.53165,40.4143],[-3.53158,40.41432],[-3.5315,40.41435],[-3.53134,40.4144],[-3.53113,40.41449],[-3.53092,40.41458],[-3.53073,40.41464],[-3.53051,40.41469],[-3.53041,40.41471],[-3.53023,40.41471],[-3.53119,40.42008],[-3.53042,40.41955],[-3.5299,40.41919],[-3.52929,40.41878],[-3.52871,40.41837],[-3.52804,40.41792],[-3.52761,40.41765],[-3.52702,40.41731],[-3.52655,40.41706],[-3.52635,40.41694],[-3.52605,40.4168],[-3.52583,40.41669],[-3.52564,40.41658],[-3.52552,40.41652],[-3.52545,40.41648],[-3.52539,40.41645],[-3.52535,40.41643],[-3.5253,40.41641],[-3.52526,40.41638],[-3.52518,40.41634],[-3.52514,40.4163],[-3.52506,40.41623],[-3.52502,40.41618],[-3.52498,40.41612],[-3.52494,40.41604],[-3.5249,40.41597],[-3.52483,40.41583],[-3.52469,40.41558],[-3.52463,40.41549],[-3.52458,40.41542],[-3.52454,40.41539],[-3.5245,40.41534],[-3.52444,40.41529],[-3.52437,40.41524],[-3.52421,40.41513],[-3.52402,40.41501],[-3.52386,40.41491],[-3.52361,40.41476],[-3.52318,40.41448],[-3.52284,40.41426],[-3.52264,40.41414],[-3.52256,40.41409],[-3.52249,40.41404],[-3.52244,40.41399],[-3.52238,40.41393],[-3.52225,40.41382],[-3.52211,40.41365],[-3.52197,40.41346],[-3.52186,40.41333],[-3.52169,40.41311],[-3.52149,40.41282],[-3.52111,40.41229],[-3.5209,40.41199],[-3.52083,40.41189],[-3.52079,40.41183],[-3.52076,40.41178],[-3.5207,40.41168],[-3.52064,40.41156],[-3.52059,40.41142],[-3.52038,40.41084],[-3.5203,40.41069],[-3.52021,40.41054],[-3.51978,40.40998],[-3.51991,40.40993],[-3.51983,40.40982],[-3.51971,40.40965],[-3.51952,40.4094],[-3.51944,40.4093],[-3.51939,40.40923],[-3.51932,40.40914],[-3.51927,40.40907],[-3.51922,40.40898],[-3.5192,40.40894],[-3.51918,40.40889],[-3.51917,40.40883],[-3.51916,40.40878],[-3.51915,40.40871],[-3.51915,40.4086],[-3.51917,40.40848],[-3.51919,40.40833],[-3.51921,40.40819],[-3.51924,40.408],[-3.51926,40.40778],[-3.51929,40.40747],[-3.51929,40.40724],[-3.5193,40.40712],[-3.5193,40.407],[-3.5193,40.40688],[-3.5193,40.40675],[-3.51929,40.40664],[-3.51929,40.40652],[-3.51928,40.40637],[-3.51926,40.40616],[-3.51923,40.40597],[-3.51921,40.40577],[-3.51917,40.40554],[-3.51915,40.40538],[-3.51912,40.40521],[-3.51906,40.40495],[-3.51903,40.40481],[-3.51899,40.40468],[-3.51894,40.40455],[-3.5189,40.40446],[-3.51885,40.40434],[-3.51878,40.4042],[-3.5187,40.40407],[-3.51861,40.40394],[-3.5185,40.40376],[-3.51843,40.40366],[-3.51836,40.40353],[-3.5183,40.40341],[-3.51825,40.40328],[-3.5182,40.40313],[-3.51818,40.40303],[-3.51817,40.40293],[-3.51816,40.40283],[-3.51815,40.40272],[-3.51814,40.4026],[-3.51814,40.4025],[-3.51814,40.4024],[-3.51813,40.40225],[-3.51813,40.40214],[-3.51813,40.40205],[-3.51813,40.40196],[-3.51815,40.40184],[-3.51816,40.40175],[-3.51818,40.40162],[-3.5182,40.40148],[-3.51823,40.40133],[-3.51828,40.40113],[-3.51834,40.40093],[-3.51838,40.40075],[-3.51842,40.40059],[-3.51847,40.40043],[-3.51851,40.40029],[-3.51856,40.40011],[-3.51861,40.39997],[-3.51865,40.39988],[-3.51867,40.39982],[-3.51871,40.39971],[-3.51877,40.39959],[-3.51882,40.39948],[-3.51892,40.39926],[-3.51902,40.39905],[-3.51905,40.39897],[-3.51912,40.39882],[-3.51918,40.39869],[-3.51922,40.3986],[-3.51926,40.39852],[-3.5193,40.39843],[-3.51933,40.39835],[-3.51938,40.39826],[-3.5194,40.39821],[-3.51942,40.39815],[-3.51944,40.39809],[-3.51946,40.39804],[-3.51947,40.39798],[-3.51949,40.39794],[-3.51949,40.3979],[-3.5195,40.39787],[-3.5195,40.39784],[-3.5196,40.39785],[-3.51962,40.39774],[-3.52032,40.39378],[-3.52041,40.3921],[-3.52259,40.39187],[-3.52434,40.39084],[-3.52689,40.38979],[-3.52915,40.38938],[-3.53208,40.39142],[-3.53286,40.39169],[-3.53363,40.39163],[-3.53408,40.39133],[-3.53453,40.39104],[-3.53498,40.39075],[-3.53544,40.39047],[-3.5359,40.39019],[-3.53636,40.38991],[-3.53682,40.38962],[-3.53727,40.38933],[-3.53771,40.38903],[-3.53815,40.38873],[-3.53858,40.38842],[-3.539,40.38811],[-3.53941,40.38779],[-3.53981,40.38746],[-3.54021,40.38713],[-3.5406,40.38679],[-3.54098,40.38644],[-3.54135,40.3861],[-3.54173,40.38575],[-3.5421,40.3854],[-3.54248,40.38505],[-3.54285,40.3847],[-3.54322,40.38435],[-3.54359,40.384],[-3.54397,40.38366],[-3.54434,40.38331],[-3.54471,40.38296],[-3.54509,40.38261],[-3.54546,40.38226],[-3.54583,40.38191],[-3.5462,40.38156],[-3.54658,40.38122],[-3.54695,40.38087],[-3.54732,40.38052],[-3.5477,40.38017],[-3.54807,40.37982],[-3.54821,40.37968],[-3.54968,40.37826],[-3.55003,40.37789],[-3.55037,40.37753],[-3.5507,40.37716],[-3.55103,40.37678],[-3.55135,40.37641],[-3.55166,40.37602],[-3.55197,40.37564],[-3.55226,40.37525],[-3.55255,40.37485],[-3.55282,40.37445],[-3.55309,40.37405],[-3.55336,40.37365],[-3.55362,40.37325],[-3.55387,40.37284],[-3.55412,40.37243],[-3.55438,40.37203],[-3.55463,40.37162],[-3.55488,40.37121],[-3.55513,40.37081],[-3.55539,40.3704],[-3.55564,40.36999],[-3.55591,40.36959],[-3.55617,40.36919],[-3.55645,40.36879],[-3.55673,40.36839],[-3.55701,40.368],[-3.55731,40.36761],[-3.55761,40.36722],[-3.55792,40.36684],[-3.55823,40.36646],[-3.55856,40.36608],[-3.55888,40.36571],[-3.55922,40.36534],[-3.55956,40.36497],[-3.55991,40.36461],[-3.56027,40.36425],[-3.56063,40.3639],[-3.56101,40.36355],[-3.56138,40.3632],[-3.56177,40.36286],[-3.56216,40.36252],[-3.56255,40.36219],[-3.56295,40.36186],[-3.56336,40.36153],[-3.56376,40.36121],[-3.56418,40.36088],[-3.56459,40.36056],[-3.565,40.36025],[-3.56522,40.36008],[-3.56612,40.36027],[-3.5667,40.3604],[-3.56741,40.3606],[-3.56809,40.36083],[-3.56883,40.3611],[-3.56935,40.3613],[-3.56981,40.3615],[-3.57017,40.36168],[-3.57042,40.36183],[-3.57414,40.36434],[-3.57623,40.36574],[-3.57675,40.36609],[-3.57702,40.36625],[-3.57741,40.36648],[-3.57768,40.36661],[-3.57795,40.36672],[-3.57827,40.36685],[-3.57855,40.36694],[-3.57893,40.36703],[-3.5793,40.36709],[-3.57965,40.36714],[-3.58011,40.36718],[-3.5816,40.36724],[-3.58251,40.36727],[-3.58332,40.36731],[-3.5838,40.36736],[-3.58432,40.36746],[-3.58489,40.36761],[-3.58525,40.36775],[-3.58559,40.3679],[-3.58594,40.36807],[-3.58772,40.36901],[-3.58939,40.36984],[-3.59075,40.37047],[-3.59225,40.37119],[-3.59566,40.37283],[-3.59742,40.37368],[-3.5984,40.37417],[-3.59867,40.37432],[-3.59883,40.37443],[-3.59902,40.37456],[-3.59924,40.37472],[-3.59952,40.37496],[-3.59978,40.37523],[-3.60001,40.37553],[-3.60021,40.37582],[-3.6007,40.37671],[-3.60051,40.37681],[-3.60032,40.37694],[-3.60016,40.37706],[-3.59998,40.37723],[-3.59968,40.37761],[-3.59952,40.37792],[-3.59942,40.37817],[-3.59933,40.37836],[-3.59926,40.37851],[-3.59918,40.37864],[-3.59909,40.37876],[-3.59901,40.37885],[-3.59892,40.37894],[-3.59876,40.37906],[-3.5986,40.37917],[-3.59781,40.37966],[-3.5995,40.38233],[-3.59958,40.38236],[-3.60014,40.3824],[-3.60055,40.38252],[-3.60083,40.38267],[-3.60104,40.38288],[-3.60116,40.38313],[-3.60113,40.3834],[-3.60083,40.38392],[-3.60086,40.38416],[-3.60106,40.38465],[-3.60137,40.38512],[-3.60171,40.38558],[-3.60234,40.3862],[-3.60287,40.38645],[-3.60303,40.38653],[-3.60348,40.38666],[-3.60374,40.38666],[-3.60391,40.38666],[-3.60414,40.38663],[-3.60526,40.38597],[-3.60556,40.38625],[-3.60565,40.38643],[-3.60576,40.3865],[-3.60587,40.38651],[-3.60599,40.38649],[-3.60616,40.38644],[-3.60636,40.38634],[-3.60648,40.38625],[-3.60705,40.38666],[-3.60761,40.38702],[-3.60811,40.38731],[-3.60859,40.38755],[-3.60866,40.38758],[-3.60918,40.38781],[-3.60987,40.3881],[-3.6103,40.38824],[-3.61089,40.38842],[-3.61145,40.38857],[-3.61209,40.3887],[-3.61574,40.38949],[-3.61857,40.39011],[-3.61939,40.39029],[-3.62189,40.39084],[-3.62302,40.39108],[-3.62512,40.39155],[-3.62746,40.39206],[-3.62979,40.39256],[-3.62798,40.3958],[-3.62771,40.39633],[-3.62749,40.39683],[-3.62729,40.39731],[-3.62707,40.39795],[-3.62689,40.3986],[-3.62679,40.39903],[-3.62661,40.39988],[-3.62641,40.40075],[-3.62625,40.40132],[-3.62611,40.40177],[-3.62592,40.40227],[-3.62566,40.40287],[-3.62545,40.40331],[-3.62527,40.40366],[-3.62395,40.40618],[-3.62393,40.40621],[-3.62036,40.41308],[-3.6202,40.41334],[-3.62013,40.41345],[-3.62009,40.4135],[-3.62005,40.41356],[-3.61998,40.41367],[-3.61989,40.41378],[-3.61981,40.41388],[-3.61975,40.41395],[-3.61968,40.41404],[-3.61949,40.41425],[-3.619,40.41468],[-3.61875,40.41488],[-3.61858,40.415],[-3.6184,40.4151],[-3.61823,40.4152],[-3.61816,40.41524],[-3.61804,40.4153],[-3.61795,40.41534],[-3.61773,40.41543],[-3.61745,40.41554],[-3.61391,40.41693],[-3.6108,40.41794],[-3.61029,40.41316],[-3.60849,40.41272],[-3.60794,40.4126],[-3.60731,40.41248],[-3.60669,40.41238],[-3.60584,40.41226],[-3.60342,40.41194],[-3.60193,40.41173],[-3.59961,40.41133],[-3.59818,40.41106],[-3.59586,40.41056],[-3.59488,40.41032],[-3.59349,40.40995],[-3.59233,40.40963],[-3.5913,40.40932],[-3.58951,40.40874],[-3.58862,40.40843],[-3.58842,40.40892],[-3.58831,40.40918],[-3.58818,40.40939],[-3.588,40.40964],[-3.58709,40.41069],[-3.58623,40.41167],[-3.58503,40.41304],[-3.58445,40.41369],[-3.58418,40.41401],[-3.584,40.41426],[-3.58378,40.4146],[-3.58361,40.41488],[-3.58346,40.41514],[-3.58333,40.41538],[-3.5832,40.41563],[-3.58313,40.41579],[-3.58309,40.41591],[-3.58305,40.41603],[-3.58303,40.41614],[-3.58301,40.41628],[-3.58299,40.41643],[-3.58298,40.41657],[-3.58297,40.41707],[-3.58295,40.41756],[-3.58294,40.41771],[-3.58292,40.41785],[-3.5829,40.41801],[-3.58288,40.41812],[-3.58284,40.41827],[-3.58279,40.41843],[-3.58273,40.41859],[-3.58265,40.41877],[-3.58255,40.41896],[-3.58218,40.41963],[-3.58192,40.4201],[-3.58171,40.42046],[-3.5816,40.42064],[-3.58116,40.42128],[-3.58073,40.4219],[-3.5803,40.42253],[-3.57975,40.42331],[-3.57941,40.42377],[-3.57868,40.42461],[-3.57834,40.42499],[-3.57811,40.42525],[-3.57795,40.42547],[-3.57782,40.42569],[-3.57772,40.42589],[-3.57765,40.42604],[-3.57748,40.42601]]]}},{"type":"Feature","properties":{"district_code":"20","name":"San Blas - Canillejas"},"geometry":{"type":"Polygon","coordinates":[[[-3.53134,40.44708],[-3.53115,40.44687],[-3.53128,40.44682],[-3.53285,40.44642],[-3.53316,40.44634],[-3.53336,40.44631],[-3.53362,40.44628],[-3.53383,40.44625],[-3.53405,40.44625],[-3.53445,40.44628],[-3.53484,40.44634],[-3.53515,40.44636],[-3.5355,40.44648],[-3.53499,40.44496],[-3.53558,40.44471],[-3.53841,40.44501],[-3.53797,40.44431],[-3.54083,40.44463],[-3.54136,40.44363],[-3.54521,40.44262],[-3.54973,40.44205],[-3.55006,40.44202],[-3.55042,40.44198],[-3.55102,40.44186],[-3.55177,40.44169],[-3.5523,40.44154],[-3.55316,40.44126],[-3.55411,40.44081],[-3.55492,40.44044],[-3.55529,40.44028],[-3.55635,40.43978],[-3.55748,40.43927],[-3.55836,40.43885],[-3.55875,40.43869],[-3.5591,40.43845],[-3.55951,40.43835],[-3.55999,40.43817],[-3.56028,40.43809],[-3.56062,40.43803],[-3.56107,40.43796],[-3.56167,40.43794],[-3.56229,40.43794],[-3.56286,40.43794],[-3.56342,40.438],[-3.56398,40.43804],[-3.56412,40.43806],[-3.56477,40.4379],[-3.56523,40.43775],[-3.56549,40.43769],[-3.56579,40.43761],[-3.56619,40.43748],[-3.56632,40.43743],[-3.56678,40.43722],[-3.56717,40.43702],[-3.56762,40.43672],[-3.56855,40.43621],[-3.5738,40.43767],[-3.57595,40.43674],[-3.57569,40.43619],[-3.57554,40.43585],[-3.57544,40.43558],[-3.57535,40.43532],[-3.57526,40.43502],[-3.57518,40.43465],[-3.57511,40.4341],[-3.57912,40.43362],[-3.57914,40.43316],[-3.57786,40.43131],[-3.57726,40.43052],[-3.57711,40.43024],[-3.57697,40.42984],[-3.57633,40.42968],[-3.5765,40.42882],[-3.57653,40.42871],[-3.57677,40.42804],[-3.57693,40.42758],[-3.5772,40.42683],[-3.57729,40.42656],[-3.57748,40.42601],[-3.57765,40.42604],[-3.57772,40.42589],[-3.57782,40.42569],[-3.57795,40.42547],[-3.57811,40.42525],[-3.57834,40.42499],[-3.57868,40.42461],[-3.57941,40.42377],[-3.57975,40.42331],[-3.5803,40.42253],[-3.58073,40.4219],[-3.58116,40.42128],[-3.5816,40.42064],[-3.58171,40.42046],[-3.58192,40.4201],[-3.58218,40.41963],[-3.58255,40.41896],[-3.58265,40.41877],[-3.58273,40.41859],[-3.58279,40.41843],[-3.58284,40.41827],[-3.58288,40.41812],[-3.5829,40.41801],[-3.58292,40.41785],[-3.58294,40.41771],[-3.58295,40.41756],[-3.58297,40.41707],[-3.58298,40.41657],[-3.58299,40.41643],[-3.58301,40.41628],[-3.58303,40.41614],[-3.58305,40.41603],[-3.58309,40.41591],[-3.58313,40.41579],[-3.5832,40.41563],[-3.58333,40.41538],[-3.58346,40.41514],[-3.58361,40.41488],[-3.58378,40.4146],[-3.584,40.41426],[-3.58418,40.41401],[-3.58445,40.41369],[-3.58503,40.41304],[-3.58623,40.41167],[-3.58709,40.41069],[-3.588,40.40964],[-3.58818,40.40939],[-3.58831,40.40918],[-3.58842,40.40892],[-3.58862,40.40843],[-3.58951,40.40874],[-3.5913,40.40932],[-3.59233,40.40963],[-3.59349,40.40995],[-3.59488,40.41032],[-3.59586,40.41056],[-3.59818,40.41106],[-3.59961,40.41133],[-3.60193,40.41173],[-3.60342,40.41194],[-3.60584,40.41226],[-3.60669,40.41238],[-3.60731,40.41248],[-3.60794,40.4126],[-3.60849,40.41272],[-3.61029,40.41316],[-3.6108,40.41794],[-3.61391,40.41693],[-3.61745,40.41554],[-3.61773,40.41543],[-3.61795,40.41534],[-3.61804,40.4153],[-3.61816,40.41524],[-3.61823,40.4152],[-3.6184,40.4151],[-3.61858,40.415],[-3.61875,40.41488],[-3.619,40.41468],[-3.61949,40.41425],[-3.61968,40.41404],[-3.61975,40.41395],[-3.61981,40.41388],[-3.61989,40.41378],[-3.61998,40.41367],[-3.62005,40.41356],[-3.62009,40.4135],[-3.62013,40.41345],[-3.6202,40.41334],[-3.62036,40.41308],[-3.62136,40.41478],[-3.62162,40.41516],[-3.62189,40.41553],[-3.6221,40.41585],[-3.62232,40.41615],[-3.62282,40.41687],[-3.62385,40.41823],[-3.62411,40.41867],[-3.62417,40.41877],[-3.6243,40.41895],[-3.62446,40.41916],[-3.62457,40.41932],[-3.6254,40.42046],[-3.62617,40.42151],[-3.6266,40.42212],[-3.62741,40.42325],[-3.62841,40.42448],[-3.6294,40.42599],[-3.62952,40.42618],[-3.63007,40.42688],[-3.6307,40.42777],[-3.63127,40.42857],[-3.63165,40.42908],[-3.63202,40.4296],[-3.63211,40.42972],[-3.63236,40.43007],[-3.63307,40.43104],[-3.6337,40.43193],[-3.63384,40.43212],[-3.63392,40.43223],[-3.63444,40.43294],[-3.63486,40.43352],[-3.63517,40.43396],[-3.63569,40.43465],[-3.63657,40.43587],[-3.63803,40.43789],[-3.63547,40.43858],[-3.63659,40.44013],[-3.63732,40.44113],[-3.63752,40.44142],[-3.63836,40.44259],[-3.63899,40.44344],[-3.63917,40.44368],[-3.63945,40.44394],[-3.63972,40.44421],[-3.64001,40.44446],[-3.64022,40.44463],[-3.64047,40.44479],[-3.64312,40.44607],[-3.64491,40.44691],[-3.64647,40.44769],[-3.64744,40.44857],[-3.64812,40.44945],[-3.64783,40.44953],[-3.64783,40.44953],[-3.64728,40.44969],[-3.64669,40.4498],[-3.64606,40.44983],[-3.64508,40.44971],[-3.64384,40.44952],[-3.64275,40.44934],[-3.63983,40.44887],[-3.63799,40.44861],[-3.63731,40.44858],[-3.63665,40.44858],[-3.63609,40.44862],[-3.63573,40.44866],[-3.6351,40.44875],[-3.63439,40.44887],[-3.63349,40.44902],[-3.63196,40.44926],[-3.63068,40.44939],[-3.62944,40.44943],[-3.62841,40.44947],[-3.62767,40.44949],[-3.62629,40.44953],[-3.62231,40.44967],[-3.61994,40.44968],[-3.61667,40.4497],[-3.61479,40.44971],[-3.60908,40.44969],[-3.60776,40.44967],[-3.60637,40.44965],[-3.60585,40.44966],[-3.60546,40.44968],[-3.60474,40.44974],[-3.60339,40.44989],[-3.60102,40.45012],[-3.5996,40.45017],[-3.59709,40.45016],[-3.59559,40.45012],[-3.59329,40.45005],[-3.59325,40.45005],[-3.59325,40.45005],[-3.58745,40.44994],[-3.58342,40.4499],[-3.58228,40.4499],[-3.58138,40.44992],[-3.57989,40.44993],[-3.57714,40.44987],[-3.57513,40.44983],[-3.57373,40.4498],[-3.57057,40.44975],[-3.56569,40.44966],[-3.565,40.44965],[-3.56176,40.44957],[-3.55831,40.44949],[-3.55703,40.44943],[-3.55562,40.44933],[-3.55346,40.44911],[-3.55093,40.44882],[-3.54732,40.44843],[-3.54272,40.4479],[-3.53968,40.44756],[-3.53762,40.44731],[-3.53704,40.44719],[-3.53645,40.44705],[-3.53532,40.44674],[-3.53502,40.44667],[-3.53471,40.44661],[-3.53442,40.44657],[-3.53419,40.44656],[-3.53395,40.44656],[-3.53366,40.44657],[-3.53309,40.44664],[-3.53169,40.44699],[-3.53168,40.447],[-3.53134,40.44708]]]}},{"type":"Feature","properties":{"district_code":"21","name":"Barajas"},"geometry":{"type":"Polygon","coordinates":[[[-3.53134,40.44708],[-3.53168,40.447],[-3.53169,40.44699],[-3.53309,40.44664],[-3.53366,40.44657],[-3.53395,40.44656],[-3.53419,40.44656],[-3.53442,40.44657],[-3.53471,40.44661],[-3.53502,40.44667],[-3.53532,40.44674],[-3.53645,40.44705],[-3.53704,40.44719],[-3.53762,40.44731],[-3.53968,40.44756],[-3.54272,40.4479],[-3.54732,40.44843],[-3.55093,40.44882],[-3.55346,40.44911],[-3.55562,40.44933],[-3.55703,40.44943],[-3.55831,40.44949],[-3.56176,40.44957],[-3.565,40.44965],[-3.56569,40.44966],[-3.57057,40.44975],[-3.57373,40.4498],[-3.57513,40.44983],[-3.57714,40.44987],[-3.57989,40.44993],[-3.58138,40.44992],[-3.58228,40.4499],[-3.58342,40.4499],[-3.58745,40.44994],[-3.59325,40.45005],[-3.59325,40.45005],[-3.59329,40.45005],[-3.59559,40.45012],[-3.59709,40.45016],[-3.5996,40.45017],[-3.60102,40.45012],[-3.60339,40.44989],[-3.60474,40.44974],[-3.60546,40.44968],[-3.60585,40.44966],[-3.60637,40.44965],[-3.60776,40.44967],[-3.60703,40.45011],[-3.60698,40.45014],[-3.60686,40.45021],[-3.60623,40.45062],[-3.6053,40.45124],[-3.60449,40.45177],[-3.60453,40.45183],[-3.60459,40.45193],[-3.60468,40.45204],[-3.60478,40.45217],[-3.60489,40.45229],[-3.60497,40.45238],[-3.60508,40.45249],[-3.60518,40.45259],[-3.60526,40.45265],[-3.6054,40.45277],[-3.60541,40.45278],[-3.60543,40.45276],[-3.60571,40.45298],[-3.60618,40.45327],[-3.60663,40.4535],[-3.60772,40.45388],[-3.60898,40.45422],[-3.61234,40.45529],[-3.6139,40.45615],[-3.61739,40.45815],[-3.62025,40.45974],[-3.62093,40.46014],[-3.62151,40.46058],[-3.62217,40.46122],[-3.62275,40.46185],[-3.62342,40.46267],[-3.62769,40.46813],[-3.62797,40.46848],[-3.62442,40.4687],[-3.6245,40.46903],[-3.62455,40.46916],[-3.62459,40.46928],[-3.62463,40.46943],[-3.62465,40.46955],[-3.62468,40.46969],[-3.62468,40.46981],[-3.62469,40.46992],[-3.62468,40.47004],[-3.62467,40.47015],[-3.62467,40.47023],[-3.62465,40.47034],[-3.62462,40.47048],[-3.62459,40.4706],[-3.62455,40.47072],[-3.6245,40.47085],[-3.62443,40.471],[-3.62437,40.47113],[-3.62428,40.47127],[-3.62421,40.47138],[-3.62413,40.47147],[-3.62407,40.47155],[-3.62385,40.47182],[-3.62399,40.4722],[-3.62412,40.47253],[-3.62427,40.4729],[-3.62437,40.47294],[-3.62445,40.47296],[-3.62452,40.47301],[-3.62457,40.47308],[-3.62459,40.47316],[-3.62458,40.47325],[-3.62461,40.4733],[-3.6247,40.47336],[-3.62474,40.47341],[-3.62483,40.47362],[-3.6249,40.47379],[-3.62511,40.47453],[-3.62516,40.47456],[-3.62523,40.47458],[-3.62527,40.4746],[-3.62532,40.47465],[-3.62534,40.47469],[-3.62534,40.47473],[-3.62537,40.47484],[-3.62549,40.47492],[-3.62563,40.47501],[-3.62572,40.47508],[-3.62578,40.47517],[-3.6258,40.47525],[-3.6258,40.47534],[-3.6258,40.47545],[-3.62581,40.47554],[-3.62591,40.47609],[-3.62578,40.47617],[-3.62571,40.47624],[-3.62569,40.47633],[-3.62572,40.47642],[-3.62579,40.47649],[-3.62588,40.47657],[-3.62576,40.47696],[-3.62575,40.47707],[-3.62574,40.47722],[-3.62565,40.48157],[-3.62583,40.48223],[-3.6182,40.48227],[-3.61764,40.48284],[-3.61689,40.48363],[-3.61675,40.48376],[-3.61661,40.48387],[-3.61647,40.48399],[-3.61554,40.48495],[-3.61554,40.48496],[-3.61489,40.48496],[-3.61154,40.48498],[-3.60446,40.48501],[-3.60171,40.48502],[-3.60172,40.48545],[-3.60174,40.48617],[-3.60174,40.48666],[-3.60177,40.48737],[-3.60181,40.48792],[-3.60185,40.48894],[-3.60186,40.48931],[-3.60186,40.48956],[-3.60187,40.48973],[-3.60186,40.48982],[-3.60187,40.48992],[-3.60187,40.49016],[-3.60186,40.49038],[-3.60186,40.49059],[-3.60185,40.49089],[-3.60184,40.49128],[-3.60184,40.49133],[-3.60183,40.49175],[-3.60179,40.49288],[-3.60178,40.49337],[-3.60178,40.49353],[-3.60178,40.49368],[-3.60177,40.494],[-3.60176,40.49461],[-3.60178,40.49496],[-3.60178,40.49522],[-3.6018,40.49593],[-3.60182,40.49639],[-3.60184,40.49687],[-3.60187,40.49737],[-3.60189,40.49781],[-3.6019,40.4982],[-3.60192,40.4987],[-3.60193,40.49936],[-3.60192,40.50039],[-3.6019,40.50146],[-3.60189,40.50146],[-3.60182,40.50145],[-3.60177,40.50145],[-3.60174,40.50145],[-3.60171,40.50145],[-3.60168,40.50146],[-3.60166,40.50146],[-3.60165,40.50147],[-3.60162,40.50149],[-3.60159,40.50151],[-3.60148,40.50162],[-3.60143,40.50166],[-3.60139,40.50169],[-3.60136,40.5017],[-3.60134,40.50171],[-3.60132,40.50172],[-3.60131,40.50172],[-3.60129,40.50172],[-3.60127,40.50173],[-3.60124,40.50172],[-3.60122,40.50172],[-3.60119,40.50172],[-3.60116,40.50172],[-3.60113,40.50171],[-3.6011,40.50171],[-3.60108,40.5017],[-3.60104,40.50169],[-3.60101,40.50169],[-3.60097,40.50168],[-3.60093,40.50167],[-3.6009,40.50166],[-3.60088,40.50166],[-3.60085,40.50166],[-3.60082,40.50165],[-3.60079,40.50165],[-3.60075,40.50165],[-3.60072,40.50166],[-3.60068,40.50167],[-3.60064,40.50168],[-3.60061,40.50168],[-3.60038,40.50175],[-3.60029,40.50178],[-3.60026,40.50179],[-3.60023,40.50179],[-3.60021,40.50179],[-3.60019,40.50179],[-3.60017,40.50179],[-3.60014,40.50179],[-3.60012,40.50179],[-3.6001,40.50178],[-3.60009,40.50178],[-3.60006,40.50177],[-3.60003,40.50176],[-3.60002,40.50175],[-3.59982,40.50164],[-3.59974,40.50163],[-3.59965,40.50167],[-3.59963,40.50168],[-3.59961,40.50168],[-3.59958,40.50169],[-3.59955,40.5017],[-3.59953,40.5017],[-3.59951,40.5017],[-3.59949,40.50171],[-3.59948,40.50171],[-3.59946,40.50171],[-3.59945,40.5017],[-3.59943,40.5017],[-3.59942,40.5017],[-3.59941,40.5017],[-3.59939,40.50169],[-3.59939,40.50169],[-3.59935,40.50166],[-3.59933,40.50165],[-3.59932,40.50164],[-3.5993,40.50163],[-3.59922,40.5016],[-3.5991,40.50155],[-3.59901,40.5015],[-3.59891,40.50144],[-3.59886,40.50142],[-3.59879,40.50143],[-3.59872,40.50143],[-3.59868,40.50143],[-3.59867,40.50143],[-3.59865,40.50142],[-3.59864,40.50142],[-3.59862,40.50142],[-3.59851,40.50136],[-3.59849,40.50134],[-3.59847,40.50134],[-3.59841,40.50132],[-3.59838,40.50131],[-3.59834,40.5013],[-3.59829,40.50129],[-3.59818,40.50127],[-3.5981,40.50126],[-3.59801,40.50125],[-3.5979,40.50124],[-3.59786,40.50124],[-3.5978,40.50124],[-3.59775,40.50124],[-3.59772,40.50124],[-3.5976,40.50124],[-3.59755,40.50124],[-3.59746,40.50123],[-3.59731,40.50122],[-3.59726,40.50121],[-3.59703,40.50121],[-3.59698,40.50121],[-3.59693,40.50121],[-3.59675,40.50119],[-3.59671,40.50118],[-3.59654,40.50118],[-3.59632,40.50119],[-3.59628,40.50119],[-3.59624,40.5012],[-3.59621,40.5012],[-3.59619,40.50121],[-3.59601,40.50126],[-3.5959,40.50129],[-3.59585,40.5013],[-3.5958,40.50131],[-3.59576,40.50132],[-3.59574,40.50132],[-3.59571,40.50132],[-3.59566,40.50133],[-3.59558,40.50133],[-3.59548,40.50132],[-3.59541,40.50131],[-3.59532,40.5013],[-3.59524,40.50129],[-3.59519,40.50128],[-3.5951,40.50125],[-3.59501,40.50122],[-3.59494,40.5012],[-3.59489,40.50118],[-3.59487,40.50118],[-3.59486,40.50118],[-3.59485,40.50117],[-3.59484,40.50117],[-3.59482,40.50117],[-3.59479,40.50117],[-3.59477,40.50118],[-3.5947,40.50119],[-3.59465,40.50121],[-3.59459,40.50122],[-3.59454,40.50122],[-3.5945,40.50123],[-3.59432,40.50123],[-3.5943,40.50123],[-3.59428,40.50124],[-3.59427,40.50124],[-3.59425,40.50125],[-3.59425,40.50125],[-3.59423,40.50126],[-3.59422,40.50127],[-3.5942,40.50129],[-3.59418,40.50131],[-3.59415,40.50135],[-3.59414,40.50137],[-3.59413,40.50137],[-3.59411,40.50138],[-3.5941,40.50139],[-3.59406,40.5014],[-3.59396,40.50143],[-3.59389,40.50145],[-3.59384,40.50145],[-3.59382,40.50146],[-3.59379,40.50146],[-3.59373,40.50146],[-3.5937,40.50146],[-3.59356,40.50145],[-3.59327,40.50141],[-3.59323,40.50153],[-3.58912,40.50452],[-3.58683,40.50538],[-3.58472,40.50672],[-3.5829,40.50846],[-3.57795,40.51037],[-3.57588,40.51041],[-3.57205,40.5124],[-3.56729,40.51216],[-3.565,40.51206],[-3.56175,40.51116],[-3.56167,40.51069],[-3.55838,40.51126],[-3.55426,40.51134],[-3.55513,40.50857],[-3.55495,40.50546],[-3.55521,40.50315],[-3.55341,40.50246],[-3.55356,40.50216],[-3.55358,40.5021],[-3.5536,40.50203],[-3.55361,40.50195],[-3.55359,40.50178],[-3.55355,40.50161],[-3.55351,40.50146],[-3.55347,40.50126],[-3.55344,40.50112],[-3.5534,40.50095],[-3.55338,40.50056],[-3.55334,40.50017],[-3.55332,40.50006],[-3.55331,40.49999],[-3.55328,40.49993],[-3.55323,40.49983],[-3.55317,40.49973],[-3.55303,40.49955],[-3.55295,40.49945],[-3.55284,40.49934],[-3.55276,40.49928],[-3.55241,40.49901],[-3.552,40.49876],[-3.55179,40.49861],[-3.55109,40.49817],[-3.55063,40.49794],[-3.55024,40.49778],[-3.54972,40.49759],[-3.54793,40.49704],[-3.54752,40.49693],[-3.54723,40.49685],[-3.54686,40.49672],[-3.5465,40.49657],[-3.54591,40.49628],[-3.54555,40.49612],[-3.54523,40.49601],[-3.54465,40.49585],[-3.5445,40.4958],[-3.54433,40.49575],[-3.54416,40.49568],[-3.54405,40.49562],[-3.54397,40.49558],[-3.54365,40.49536],[-3.54332,40.49513],[-3.54299,40.49491],[-3.54272,40.49475],[-3.54248,40.4946],[-3.54225,40.49447],[-3.54211,40.49437],[-3.54197,40.49428],[-3.54186,40.49418],[-3.54178,40.49409],[-3.54172,40.49398],[-3.5417,40.4939],[-3.5417,40.4938],[-3.54172,40.49369],[-3.54178,40.49331],[-3.5418,40.4931],[-3.5418,40.49291],[-3.54179,40.49277],[-3.54175,40.49258],[-3.54172,40.49245],[-3.54167,40.4923],[-3.54161,40.49217],[-3.54147,40.49196],[-3.54136,40.49182],[-3.54131,40.49171],[-3.54126,40.4916],[-3.54124,40.49151],[-3.54123,40.49133],[-3.54122,40.49104],[-3.54123,40.49054],[-3.54122,40.49015],[-3.54116,40.48966],[-3.54112,40.48931],[-3.54109,40.48906],[-3.54106,40.48879],[-3.54104,40.48872],[-3.54102,40.48865],[-3.54099,40.48859],[-3.54095,40.48853],[-3.54092,40.48849],[-3.54088,40.48845],[-3.54083,40.48842],[-3.54077,40.4884],[-3.54048,40.48831],[-3.54015,40.48821],[-3.54001,40.48816],[-3.53987,40.4881],[-3.53946,40.48788],[-3.53939,40.48785],[-3.53866,40.48748],[-3.53818,40.48725],[-3.53755,40.48692],[-3.5374,40.48683],[-3.53726,40.48674],[-3.53714,40.48664],[-3.53704,40.48655],[-3.53699,40.48649],[-3.53695,40.48644],[-3.53693,40.48639],[-3.53692,40.48634],[-3.53691,40.48627],[-3.53692,40.48619],[-3.53694,40.48613],[-3.53702,40.48593],[-3.53711,40.48569],[-3.53716,40.48551],[-3.53724,40.48517],[-3.5373,40.48481],[-3.53731,40.48466],[-3.5373,40.48452],[-3.53728,40.48439],[-3.53726,40.4843],[-3.53721,40.48419],[-3.53707,40.48391],[-3.53683,40.48354],[-3.53601,40.48249],[-3.53586,40.48231],[-3.53581,40.48223],[-3.53558,40.48177],[-3.53537,40.48129],[-3.53511,40.48067],[-3.53503,40.4804],[-3.53488,40.47993],[-3.53484,40.47974],[-3.53484,40.47968],[-3.53486,40.47959],[-3.5349,40.47944],[-3.53493,40.47934],[-3.53493,40.4793],[-3.53493,40.47924],[-3.53489,40.47917],[-3.53479,40.47897],[-3.53477,40.4789],[-3.53476,40.47883],[-3.53474,40.47873],[-3.53474,40.47864],[-3.53475,40.47858],[-3.53477,40.47849],[-3.53479,40.4784],[-3.5348,40.47829],[-3.53479,40.47811],[-3.53476,40.4779],[-3.53472,40.47776],[-3.53465,40.47748],[-3.53463,40.47735],[-3.53463,40.47731],[-3.53458,40.47695],[-3.53455,40.47649],[-3.53449,40.47562],[-3.53447,40.47501],[-3.53442,40.47431],[-3.53441,40.47377],[-3.53436,40.47318],[-3.53435,40.47295],[-3.53431,40.47279],[-3.53426,40.47261],[-3.53418,40.4724],[-3.53412,40.47227],[-3.53401,40.47209],[-3.53395,40.472],[-3.53387,40.47191],[-3.53371,40.47178],[-3.53355,40.47168],[-3.53344,40.47162],[-3.53325,40.47154],[-3.53309,40.47148],[-3.53288,40.47142],[-3.53265,40.47138],[-3.53244,40.47136],[-3.53171,40.47132],[-3.53117,40.47129],[-3.53084,40.47128],[-3.53044,40.47115],[-3.53002,40.47104],[-3.52959,40.47094],[-3.52919,40.47084],[-3.52885,40.47076],[-3.52854,40.47069],[-3.52815,40.47062],[-3.52764,40.47055],[-3.52735,40.4705],[-3.52712,40.47047],[-3.52695,40.47042],[-3.52682,40.47038],[-3.52664,40.4703],[-3.5263,40.47014],[-3.52602,40.46998],[-3.52579,40.46984],[-3.52559,40.4697],[-3.52537,40.46954],[-3.52521,40.46941],[-3.52511,40.46931],[-3.52505,40.46925],[-3.525,40.46918],[-3.52497,40.46911],[-3.52495,40.46905],[-3.52493,40.46896],[-3.52492,40.46889],[-3.52491,40.46876],[-3.52493,40.46851],[-3.52496,40.46819],[-3.52503,40.46786],[-3.52507,40.46772],[-3.52512,40.4676],[-3.52519,40.46748],[-3.5253,40.46735],[-3.52544,40.46719],[-3.52563,40.467],[-3.52591,40.46662],[-3.52612,40.46637],[-3.52634,40.46614],[-3.52646,40.46602],[-3.52662,40.46589],[-3.52689,40.46568],[-3.52715,40.46545],[-3.52747,40.46515],[-3.52766,40.46496],[-3.52779,40.46482],[-3.52804,40.46451],[-3.52826,40.46423],[-3.52852,40.46385],[-3.52869,40.46359],[-3.52883,40.4633],[-3.52896,40.46296],[-3.52907,40.46255],[-3.52922,40.46204],[-3.52934,40.46172],[-3.52945,40.46135],[-3.52951,40.46103],[-3.52955,40.46074],[-3.52956,40.46042],[-3.52951,40.46005],[-3.5294,40.45961],[-3.52929,40.45921],[-3.52917,40.45884],[-3.52906,40.45845],[-3.52903,40.45838],[-3.52865,40.45805],[-3.52815,40.45765],[-3.52775,40.45733],[-3.52756,40.45717],[-3.52741,40.45704],[-3.52717,40.45683],[-3.52702,40.45668],[-3.52692,40.45655],[-3.52673,40.45628],[-3.52663,40.45612],[-3.52656,40.45598],[-3.52649,40.4558],[-3.52647,40.45572],[-3.52646,40.45565],[-3.52645,40.45555],[-3.52645,40.45548],[-3.52647,40.45543],[-3.52649,40.45537],[-3.52655,40.45527],[-3.52662,40.45517],[-3.52669,40.4551],[-3.52673,40.45505],[-3.52678,40.45501],[-3.52687,40.45495],[-3.52709,40.45482],[-3.52719,40.45477],[-3.52733,40.45471],[-3.52747,40.45465],[-3.52762,40.45459],[-3.52779,40.45454],[-3.52792,40.4545],[-3.52807,40.45447],[-3.52824,40.45444],[-3.52844,40.45441],[-3.52877,40.45437],[-3.52909,40.45434],[-3.52943,40.45433],[-3.5298,40.45433],[-3.5299,40.45433],[-3.53002,40.45435],[-3.53012,40.45436],[-3.53024,40.45438],[-3.5304,40.45442],[-3.53048,40.45444],[-3.53053,40.45447],[-3.53083,40.45462],[-3.53091,40.45466],[-3.53101,40.45469],[-3.53107,40.45471],[-3.53115,40.45473],[-3.53123,40.45474],[-3.53134,40.45474],[-3.53154,40.45474],[-3.53178,40.45474],[-3.53187,40.45474],[-3.53196,40.45472],[-3.53206,40.45469],[-3.53216,40.45466],[-3.53228,40.45462],[-3.5324,40.45456],[-3.53256,40.45448],[-3.53266,40.45443],[-3.53282,40.45432],[-3.53295,40.45422],[-3.53316,40.45403],[-3.53356,40.45362],[-3.534,40.45315],[-3.53423,40.45287],[-3.53438,40.45267],[-3.53452,40.45249],[-3.53455,40.4524],[-3.53457,40.45227],[-3.53456,40.45216],[-3.53454,40.45204],[-3.53449,40.45191],[-3.53444,40.45181],[-3.53437,40.45169],[-3.53418,40.45145],[-3.53389,40.45111],[-3.53355,40.45071],[-3.53345,40.45058],[-3.53333,40.45037],[-3.53321,40.45012],[-3.53308,40.44981],[-3.53297,40.44955],[-3.53279,40.4492],[-3.53256,40.44883],[-3.53232,40.44839],[-3.53216,40.44811],[-3.53197,40.44781],[-3.53181,40.4476],[-3.53155,40.44731],[-3.53134,40.44708]]]}}]}