metric_id,geo_id,geo_level,period,value,unit,source_id,observation_end,published_at,fetched_at,quality_flag,revision
oecd_unemployment,au,nation,2015-01,6.35161,percent,oecd_activity,2015-01-31,,2026-09-26,ok,0
oecd_unemployment,au,nation,2015-02,6.153363,percent,oecd_activity,2015-02-28,,2026-09-26,ok,0
oecd_unemployment,au,nation,2015-03,6.103465,percent,oecd_activity,2015-03-31,,2026-09-26,ok,0
oecd_unemployment,au,nation,2015-04,6.112659,percent,oecd_activity,2015-04-30,,2026-09-26,ok,0
oecd_unemployment,au,nation,2015-05,5.931117,percent,oecd_activity,2015-05-31,,2026-09-26,ok,0
oecd_unemployment,au,nation,2015-06,6.007611,percent,oecd_activity,2015-06-30,,2026-09-26,ok,0
oecd_unemployment,au,nation,2015-07,6.27376,percent,oecd_activity,2015-07-31,,2026-09-26,ok,0
oecd_unemployment,au,nation,2015-08,6.087391,percent,oecd_activity,2015-08-31,,2026-09-26,ok,0
oecd_unemployment,au,nation,2015-09,6.174273,percent,oecd_activity,2015-09-30,,2026-09-26,ok,0
oecd_unemployment,au,nation,2015-10,5.912071,percent,oecd_activity,2015-10-31,,2026-09-26,ok,0
oecd_unemployment,au,nation,2015-11,5.850397,percent,oecd_activity,2015-11-30,,2026-09-26,ok,0
oecd_unemployment,au,nation,2015-12,5.74113,percent,oecd_activity,2015-12-31,,2026-09-26,ok,0
oecd_unemployment,au,nation,2016-01,6.041169,percent,oecd_activity,2016-01-31,,2026-09-26,ok,0
oecd_unemployment,au,nation,2016-02,5.694438,percent,oecd_activity,2016-02-29,,2026-09-26,ok,0
oecd_unemployment,au,nation,2016-03,5.653578,percent,oecd_activity,2016-03-31,,2026-09-26,ok,0
oecd_unemployment,au,nation,2016-04,5.645434,percent,oecd_activity,2016-04-30,,2026-09-26,ok,0
oecd_unemployment,au,nation,2016-05,5.72171,percent,oecd_activity,2016-05-31,,2026-09-26,ok,0
oecd_unemployment,au,nation,2016-06,5.695338,percent,oecd_activity,2016-06-30,,2026-09-26,ok,0
oecd_unemployment,au,nation,2016-07,5.692999,percent,oecd_activity,2016-07-31,,2026-09-26,ok,0
oecd_unemployment,au,nation,2016-08,5.614959,percent,oecd_activity,2016-08-31,,2026-09-26,ok,0
oecd_unemployment,au,nation,2016-09,5.664861,percent,oecd_activity,2016-09-30,,2026-09-26,ok,0
oecd_unemployment,au,nation,2016-10,5.596512,percent,oecd_activity,2016-10-31,,2026-09-26,ok,0
oecd_unemployment,au,nation,2016-11,5.767118,percent,oecd_activity,2016-11-30,,2026-09-26,ok,0
oecd_unemployment,au,nation,2016-12,5.836587,percent,oecd_activity,2016-12-31,,2026-09-26,ok,0
oecd_unemployment,au,nation,2017-01,5.683755,percent,oecd_activity,2017-01-31,,2026-09-26,ok,0
oecd_unemployment,au,nation,2017-02,5.893282,percent,oecd_activity,2017-02-28,,2026-09-26,ok,0
oecd_unemployment,au,nation,2017-03,5.845982,percent,oecd_activity,2017-03-31,,2026-09-26,ok,0
oecd_unemployment,au,nation,2017-04,5.609199,percent,oecd_activity,2017-04-30,,2026-09-26,ok,0
oecd_unemployment,au,nation,2017-05,5.547534,percent,oecd_activity,2017-05-31,,2026-09-26,ok,0
oecd_unemployment,au,nation,2017-06,5.622869,percent,oecd_activity,2017-06-30,,2026-09-26,ok,0
oecd_unemployment,au,nation,2017-07,5.605175,percent,oecd_activity,2017-07-31,,2026-09-26,ok,0
oecd_unemployment,au,nation,2017-08,5.529722,percent,oecd_activity,2017-08-31,,2026-09-26,ok,0
oecd_unemployment,au,nation,2017-09,5.462973,percent,oecd_activity,2017-09-30,,2026-09-26,ok,0
oecd_unemployment,au,nation,2017-10,5.403244,percent,oecd_activity,2017-10-31,,2026-09-26,ok,0
oecd_unemployment,au,nation,2017-11,5.454136,percent,oecd_activity,2017-11-30,,2026-09-26,ok,0
oecd_unemployment,au,nation,2017-12,5.616885,percent,oecd_activity,2017-12-31,,2026-09-26,ok,0
oecd_unemployment,au,nation,2018-01,5.524104,percent,oecd_activity,2018-01-31,,2026-09-26,ok,0
oecd_unemployment,au,nation,2018-02,5.581652,percent,oecd_activity,2018-02-28,,2026-09-26,ok,0
oecd_unemployment,au,nation,2018-03,5.530407,percent,oecd_activity,2018-03-31,,2026-09-26,ok,0
oecd_unemployment,au,nation,2018-04,5.545162,percent,oecd_activity,2018-04-30,,2026-09-26,ok,0
oecd_unemployment,au,nation,2018-05,5.436615,percent,oecd_activity,2018-05-31,,2026-09-26,ok,0
oecd_unemployment,au,nation,2018-06,5.341984,percent,oecd_activity,2018-06-30,,2026-09-26,ok,0
oecd_unemployment,au,nation,2018-07,5.29424,percent,oecd_activity,2018-07-31,,2026-09-26,ok,0
oecd_unemployment,au,nation,2018-08,5.243611,percent,oecd_activity,2018-08-31,,2026-09-26,ok,0
oecd_unemployment,au,nation,2018-09,5.018031,percent,oecd_activity,2018-09-30,,2026-09-26,ok,0
oecd_unemployment,au,nation,2018-10,5.001291,percent,oecd_activity,2018-10-31,,2026-09-26,ok,0
oecd_unemployment,au,nation,2018-11,5.108883,percent,oecd_activity,2018-11-30,,2026-09-26,ok,0
oecd_unemployment,au,nation,2018-12,5.018082,percent,oecd_activity,2018-12-31,,2026-09-26,ok,0
oecd_unemployment,au,nation,2019-01,5.049368,percent,oecd_activity,2019-01-31,,2026-09-26,ok,0
oecd_unemployment,au,nation,2019-02,4.992832,percent,oecd_activity,2019-02-28,,2026-09-26,ok,0
oecd_unemployment,au,nation,2019-03,5.088956,percent,oecd_activity,2019-03-31,,2026-09-26,ok,0
oecd_unemployment,au,nation,2019-04,5.21961,percent,oecd_activity,2019-04-30,,2026-09-26,ok,0
oecd_unemployment,au,nation,2019-05,5.197409,percent,oecd_activity,2019-05-31,,2026-09-26,ok,0
oecd_unemployment,au,nation,2019-06,5.259503,percent,oecd_activity,2019-06-30,,2026-09-26,ok,0
oecd_unemployment,au,nation,2019-07,5.274817,percent,oecd_activity,2019-07-31,,2026-09-26,ok,0
oecd_unemployment,au,nation,2019-08,5.257444,percent,oecd_activity,2019-08-31,,2026-09-26,ok,0
oecd_unemployment,au,nation,2019-09,5.226007,percent,oecd_activity,2019-09-30,,2026-09-26,ok,0
oecd_unemployment,au,nation,2019-10,5.301924,percent,oecd_activity,2019-10-31,,2026-09-26,ok,0
oecd_unemployment,au,nation,2019-11,5.172451,percent,oecd_activity,2019-11-30,,2026-09-26,ok,0
oecd_unemployment,au,nation,2019-12,5.039639,percent,oecd_activity,2019-12-31,,2026-09-26,ok,0
oecd_unemployment,au,nation,2020-01,5.248896,percent,oecd_activity,2020-01-31,,2026-09-26,ok,0
oecd_unemployment,au,nation,2020-02,5.113196,percent,oecd_activity,2020-02-29,,2026-09-26,ok,0
oecd_unemployment,au,nation,2020-03,5.198636,percent,oecd_activity,2020-03-31,,2026-09-26,ok,0
oecd_unemployment,au,nation,2020-04,6.301623,percent,oecd_activity,2020-04-30,,2026-09-26,ok,0
oecd_unemployment,au,nation,2020-05,6.991954,percent,oecd_activity,2020-05-31,,2026-09-26,ok,0
oecd_unemployment,au,nation,2020-06,7.423463,percent,oecd_activity,2020-06-30,,2026-09-26,ok,0
oecd_unemployment,au,nation,2020-07,7.434264,percent,oecd_activity,2020-07-31,,2026-09-26,ok,0
oecd_unemployment,au,nation,2020-08,6.792851,percent,oecd_activity,2020-08-31,,2026-09-26,ok,0
oecd_unemployment,au,nation,2020-09,6.923532,percent,oecd_activity,2020-09-30,,2026-09-26,ok,0
oecd_unemployment,au,nation,2020-10,6.948039,percent,oecd_activity,2020-10-31,,2026-09-26,ok,0
oecd_unemployment,au,nation,2020-11,6.811051,percent,oecd_activity,2020-11-30,,2026-09-26,ok,0
oecd_unemployment,au,nation,2020-12,6.559897,percent,oecd_activity,2020-12-31,,2026-09-26,ok,0
oecd_unemployment,au,nation,2021-01,6.276704,percent,oecd_activity,2021-01-31,,2026-09-26,ok,0
oecd_unemployment,au,nation,2021-02,5.847815,percent,oecd_activity,2021-02-28,,2026-09-26,ok,0
oecd_unemployment,au,nation,2021-03,5.674388,percent,oecd_activity,2021-03-31,,2026-09-26,ok,0
oecd_unemployment,au,nation,2021-04,5.464977,percent,oecd_activity,2021-04-30,,2026-09-26,ok,0
oecd_unemployment,au,nation,2021-05,5.113817,percent,oecd_activity,2021-05-31,,2026-09-26,ok,0
oecd_unemployment,au,nation,2021-06,5.023409,percent,oecd_activity,2021-06-30,,2026-09-26,ok,0
oecd_unemployment,au,nation,2021-07,4.721186,percent,oecd_activity,2021-07-31,,2026-09-26,ok,0
oecd_unemployment,au,nation,2021-08,4.572714,percent,oecd_activity,2021-08-31,,2026-09-26,ok,0
oecd_unemployment,au,nation,2021-09,4.700182,percent,oecd_activity,2021-09-30,,2026-09-26,ok,0
oecd_unemployment,au,nation,2021-10,5.235433,percent,oecd_activity,2021-10-31,,2026-09-26,ok,0
oecd_unemployment,au,nation,2021-11,4.633631,percent,oecd_activity,2021-11-30,,2026-09-26,ok,0
oecd_unemployment,au,nation,2021-12,4.210193,percent,oecd_activity,2021-12-31,,2026-09-26,ok,0
oecd_unemployment,au,nation,2022-01,4.166702,percent,oecd_activity,2022-01-31,,2026-09-26,ok,0
oecd_unemployment,au,nation,2022-02,4.032009,percent,oecd_activity,2022-02-28,,2026-09-26,ok,0
oecd_unemployment,au,nation,2022-03,3.984333,percent,oecd_activity,2022-03-31,,2026-09-26,ok,0
oecd_unemployment,au,nation,2022-04,3.85153,percent,oecd_activity,2022-04-30,,2026-09-26,ok,0
oecd_unemployment,au,nation,2022-05,3.942165,percent,oecd_activity,2022-05-31,,2026-09-26,ok,0
oecd_unemployment,au,nation,2022-06,3.604603,percent,oecd_activity,2022-06-30,,2026-09-26,ok,0
oecd_unemployment,au,nation,2022-07,3.446002,percent,oecd_activity,2022-07-31,,2026-09-26,ok,0
oecd_unemployment,au,nation,2022-08,3.526324,percent,oecd_activity,2022-08-31,,2026-09-26,ok,0
oecd_unemployment,au,nation,2022-09,3.59594,percent,oecd_activity,2022-09-30,,2026-09-26,ok,0
oecd_unemployment,au,nation,2022-10,3.435673,percent,oecd_activity,2022-10-31,,2026-09-26,ok,0
oecd_unemployment,au,nation,2022-11,3.516584,percent,oecd_activity,2022-11-30,,2026-09-26,ok,0
oecd_unemployment,au,nation,2022-12,3.526499,percent,oecd_activity,2022-12-31,,2026-09-26,ok,0
oecd_unemployment,au,nation,2023-01,3.661857,percent,oecd_activity,2023-01-31,,2026-09-26,ok,0
oecd_unemployment,au,nation,2023-02,3.61105,percent,oecd_activity,2023-02-28,,2026-09-26,ok,0
oecd_unemployment,au,nation,2023-03,3.59653,percent,oecd_activity,2023-03-31,,2026-09-26,ok,0
oecd_unemployment,au,nation,2023-04,3.703707,percent,oecd_activity,2023-04-30,,2026-09-26,ok,0
oecd_unemployment,au,nation,2023-05,3.590103,percent,oecd_activity,2023-05-31,,2026-09-26,ok,0
oecd_unemployment,au,nation,2023-06,3.518124,percent,oecd_activity,2023-06-30,,2026-09-26,ok,0
oecd_unemployment,au,nation,2023-07,3.711599,percent,oecd_activity,2023-07-31,,2026-09-26,ok,0
oecd_unemployment,au,nation,2023-08,3.678611,percent,oecd_activity,2023-08-31,,2026-09-26,ok,0
oecd_unemployment,au,nation,2023-09,3.556344,percent,oecd_activity,2023-09-30,,2026-09-26,ok,0
oecd_unemployment,au,nation,2023-10,3.778222,percent,oecd_activity,2023-10-31,,2026-09-26,ok,0
oecd_unemployment,au,nation,2023-11,3.932314,percent,oecd_activity,2023-11-30,,2026-09-26,ok,0
oecd_unemployment,au,nation,2023-12,3.987057,percent,oecd_activity,2023-12-31,,2026-09-26,ok,0
oecd_unemployment,au,nation,2024-01,4.092523,percent,oecd_activity,2024-01-31,,2026-09-26,ok,0
oecd_unemployment,au,nation,2024-02,3.741341,percent,oecd_activity,2024-02-29,,2026-09-26,ok,0
oecd_unemployment,au,nation,2024-03,3.90005,percent,oecd_activity,2024-03-31,,2026-09-26,ok,0
oecd_unemployment,au,nation,2024-04,4.081468,percent,oecd_activity,2024-04-30,,2026-09-26,ok,0
oecd_unemployment,au,nation,2024-05,4.005112,percent,oecd_activity,2024-05-31,,2026-09-26,ok,0
oecd_unemployment,au,nation,2024-06,4.033387,percent,oecd_activity,2024-06-30,,2026-09-26,ok,0
oecd_unemployment,au,nation,2024-07,4.191932,percent,oecd_activity,2024-07-31,,2026-09-26,ok,0
oecd_unemployment,au,nation,2024-08,4.125323,percent,oecd_activity,2024-08-31,,2026-09-26,ok,0
oecd_unemployment,au,nation,2024-09,4.012471,percent,oecd_activity,2024-09-30,,2026-09-26,ok,0
oecd_unemployment,au,nation,2024-10,4.090812,percent,oecd_activity,2024-10-31,,2026-09-26,ok,0
oecd_unemployment,au,nation,2024-11,3.93646,percent,oecd_activity,2024-11-30,,2026-09-26,ok,0
oecd_unemployment,au,nation,2024-12,3.998586,percent,oecd_activity,2024-12-31,,2026-09-26,ok,0
oecd_unemployment,au,nation,2025-01,4.126966,percent,oecd_activity,2025-01-31,,2026-09-26,ok,0
oecd_unemployment,au,nation,2025-02,4.074125,percent,oecd_activity,2025-02-28,,2026-09-26,ok,0
oecd_unemployment,au,nation,2025-03,4.082637,percent,oecd_activity,2025-03-31,,2026-09-26,ok,0
oecd_unemployment,au,nation,2025-04,4.054703,percent,oecd_activity,2025-04-30,,2026-09-26,ok,0
oecd_unemployment,au,nation,2025-05,4.101358,percent,oecd_activity,2025-05-31,,2026-09-26,ok,0
oecd_unemployment,au,nation,2025-06,4.317864,percent,oecd_activity,2025-06-30,,2026-09-26,ok,0
oecd_unemployment,au,nation,2025-07,4.235744,percent,oecd_activity,2025-07-31,,2026-09-26,ok,0
oecd_unemployment,au,nation,2025-08,4.244703,percent,oecd_activity,2025-08-31,,2026-09-26,ok,0
oecd_unemployment,au,nation,2025-09,4.437698,percent,oecd_activity,2025-09-30,,2026-09-26,ok,0
oecd_unemployment,au,nation,2025-10,4.331548,percent,oecd_activity,2025-10-31,,2026-09-26,ok,0
oecd_unemployment,au,nation,2025-11,4.322312,percent,oecd_activity,2025-11-30,,2026-09-26,ok,0
oecd_unemployment,au,nation,2025-12,4.11812,percent,oecd_activity,2025-12-31,,2026-09-26,ok,0
oecd_unemployment,au,nation,2026-01,4.082335,percent,oecd_activity,2026-01-31,,2026-09-26,ok,0
oecd_unemployment,au,nation,2026-02,4.305017,percent,oecd_activity,2026-02-28,,2026-09-26,ok,0
oecd_unemployment,au,nation,2026-03,4.284076,percent,oecd_activity,2026-03-31,,2026-09-26,ok,0
oecd_unemployment,au,nation,2026-04,4.49108,percent,oecd_activity,2026-04-30,,2026-09-26,ok,0
oecd_unemployment,au,nation,2026-05,4.379606,percent,oecd_activity,2026-05-31,,2026-09-26,ok,0
oecd_unemployment,au,nation,2026-06,4.431548,percent,oecd_activity,2026-06-30,,2026-09-26,ok,0
oecd_unemployment,au,nation,2026-07,4.461825,percent,oecd_activity,2026-07-31,,2026-09-26,ok,0
oecd_unemployment,ca,nation,2015-01,6.8,percent,oecd_activity,2015-01-31,,2026-09-26,ok,0
oecd_unemployment,ca,nation,2015-02,6.9,percent,oecd_activity,2015-02-28,,2026-09-26,ok,0
oecd_unemployment,ca,nation,2015-03,6.9,percent,oecd_activity,2015-03-31,,2026-09-26,ok,0
oecd_unemployment,ca,nation,2015-04,7,percent,oecd_activity,2015-04-30,,2026-09-26,ok,0
oecd_unemployment,ca,nation,2015-05,6.9,percent,oecd_activity,2015-05-31,,2026-09-26,ok,0
oecd_unemployment,ca,nation,2015-06,6.9,percent,oecd_activity,2015-06-30,,2026-09-26,ok,0
oecd_unemployment,ca,nation,2015-07,7,percent,oecd_activity,2015-07-31,,2026-09-26,ok,0
oecd_unemployment,ca,nation,2015-08,7.1,percent,oecd_activity,2015-08-31,,2026-09-26,ok,0
oecd_unemployment,ca,nation,2015-09,7.1,percent,oecd_activity,2015-09-30,,2026-09-26,ok,0
oecd_unemployment,ca,nation,2015-10,7,percent,oecd_activity,2015-10-31,,2026-09-26,ok,0
oecd_unemployment,ca,nation,2015-11,7.1,percent,oecd_activity,2015-11-30,,2026-09-26,ok,0
oecd_unemployment,ca,nation,2015-12,7.3,percent,oecd_activity,2015-12-31,,2026-09-26,ok,0
oecd_unemployment,ca,nation,2016-01,7.2,percent,oecd_activity,2016-01-31,,2026-09-26,ok,0
oecd_unemployment,ca,nation,2016-02,7.3,percent,oecd_activity,2016-02-29,,2026-09-26,ok,0
oecd_unemployment,ca,nation,2016-03,7.2,percent,oecd_activity,2016-03-31,,2026-09-26,ok,0
oecd_unemployment,ca,nation,2016-04,7.3,percent,oecd_activity,2016-04-30,,2026-09-26,ok,0
oecd_unemployment,ca,nation,2016-05,7.1,percent,oecd_activity,2016-05-31,,2026-09-26,ok,0
oecd_unemployment,ca,nation,2016-06,7,percent,oecd_activity,2016-06-30,,2026-09-26,ok,0
oecd_unemployment,ca,nation,2016-07,7,percent,oecd_activity,2016-07-31,,2026-09-26,ok,0
oecd_unemployment,ca,nation,2016-08,6.9,percent,oecd_activity,2016-08-31,,2026-09-26,ok,0
oecd_unemployment,ca,nation,2016-09,7,percent,oecd_activity,2016-09-30,,2026-09-26,ok,0
oecd_unemployment,ca,nation,2016-10,6.9,percent,oecd_activity,2016-10-31,,2026-09-26,ok,0
oecd_unemployment,ca,nation,2016-11,6.8,percent,oecd_activity,2016-11-30,,2026-09-26,ok,0
oecd_unemployment,ca,nation,2016-12,6.9,percent,oecd_activity,2016-12-31,,2026-09-26,ok,0
oecd_unemployment,ca,nation,2017-01,6.9,percent,oecd_activity,2017-01-31,,2026-09-26,ok,0
oecd_unemployment,ca,nation,2017-02,6.6,percent,oecd_activity,2017-02-28,,2026-09-26,ok,0
oecd_unemployment,ca,nation,2017-03,6.7,percent,oecd_activity,2017-03-31,,2026-09-26,ok,0
oecd_unemployment,ca,nation,2017-04,6.5,percent,oecd_activity,2017-04-30,,2026-09-26,ok,0
oecd_unemployment,ca,nation,2017-05,6.6,percent,oecd_activity,2017-05-31,,2026-09-26,ok,0
oecd_unemployment,ca,nation,2017-06,6.5,percent,oecd_activity,2017-06-30,,2026-09-26,ok,0
oecd_unemployment,ca,nation,2017-07,6.3,percent,oecd_activity,2017-07-31,,2026-09-26,ok,0
oecd_unemployment,ca,nation,2017-08,6.2,percent,oecd_activity,2017-08-31,,2026-09-26,ok,0
oecd_unemployment,ca,nation,2017-09,6.2,percent,oecd_activity,2017-09-30,,2026-09-26,ok,0
oecd_unemployment,ca,nation,2017-10,6.3,percent,oecd_activity,2017-10-31,,2026-09-26,ok,0
oecd_unemployment,ca,nation,2017-11,6.2,percent,oecd_activity,2017-11-30,,2026-09-26,ok,0
oecd_unemployment,ca,nation,2017-12,6,percent,oecd_activity,2017-12-31,,2026-09-26,ok,0
oecd_unemployment,ca,nation,2018-01,5.9,percent,oecd_activity,2018-01-31,,2026-09-26,ok,0
oecd_unemployment,ca,nation,2018-02,6,percent,oecd_activity,2018-02-28,,2026-09-26,ok,0
oecd_unemployment,ca,nation,2018-03,5.8,percent,oecd_activity,2018-03-31,,2026-09-26,ok,0
oecd_unemployment,ca,nation,2018-04,5.8,percent,oecd_activity,2018-04-30,,2026-09-26,ok,0
oecd_unemployment,ca,nation,2018-05,5.9,percent,oecd_activity,2018-05-31,,2026-09-26,ok,0
oecd_unemployment,ca,nation,2018-06,6,percent,oecd_activity,2018-06-30,,2026-09-26,ok,0
oecd_unemployment,ca,nation,2018-07,5.9,percent,oecd_activity,2018-07-31,,2026-09-26,ok,0
oecd_unemployment,ca,nation,2018-08,6,percent,oecd_activity,2018-08-31,,2026-09-26,ok,0
oecd_unemployment,ca,nation,2018-09,5.8,percent,oecd_activity,2018-09-30,,2026-09-26,ok,0
oecd_unemployment,ca,nation,2018-10,5.6,percent,oecd_activity,2018-10-31,,2026-09-26,ok,0
oecd_unemployment,ca,nation,2018-11,5.7,percent,oecd_activity,2018-11-30,,2026-09-26,ok,0
oecd_unemployment,ca,nation,2018-12,5.6,percent,oecd_activity,2018-12-31,,2026-09-26,ok,0
oecd_unemployment,ca,nation,2019-01,5.7,percent,oecd_activity,2019-01-31,,2026-09-26,ok,0
oecd_unemployment,ca,nation,2019-02,5.8,percent,oecd_activity,2019-02-28,,2026-09-26,ok,0
oecd_unemployment,ca,nation,2019-03,5.8,percent,oecd_activity,2019-03-31,,2026-09-26,ok,0
oecd_unemployment,ca,nation,2019-04,5.7,percent,oecd_activity,2019-04-30,,2026-09-26,ok,0
oecd_unemployment,ca,nation,2019-05,5.5,percent,oecd_activity,2019-05-31,,2026-09-26,ok,0
oecd_unemployment,ca,nation,2019-06,5.6,percent,oecd_activity,2019-06-30,,2026-09-26,ok,0
oecd_unemployment,ca,nation,2019-07,5.7,percent,oecd_activity,2019-07-31,,2026-09-26,ok,0
oecd_unemployment,ca,nation,2019-08,5.7,percent,oecd_activity,2019-08-31,,2026-09-26,ok,0
oecd_unemployment,ca,nation,2019-09,5.6,percent,oecd_activity,2019-09-30,,2026-09-26,ok,0
oecd_unemployment,ca,nation,2019-10,5.6,percent,oecd_activity,2019-10-31,,2026-09-26,ok,0
oecd_unemployment,ca,nation,2019-11,5.9,percent,oecd_activity,2019-11-30,,2026-09-26,ok,0
oecd_unemployment,ca,nation,2019-12,5.6,percent,oecd_activity,2019-12-31,,2026-09-26,ok,0
oecd_unemployment,ca,nation,2020-01,5.5,percent,oecd_activity,2020-01-31,,2026-09-26,ok,0
oecd_unemployment,ca,nation,2020-02,5.8,percent,oecd_activity,2020-02-29,,2026-09-26,ok,0
oecd_unemployment,ca,nation,2020-03,8.5,percent,oecd_activity,2020-03-31,,2026-09-26,ok,0
oecd_unemployment,ca,nation,2020-04,13.7,percent,oecd_activity,2020-04-30,,2026-09-26,ok,0
oecd_unemployment,ca,nation,2020-05,14.2,percent,oecd_activity,2020-05-31,,2026-09-26,ok,0
oecd_unemployment,ca,nation,2020-06,12.6,percent,oecd_activity,2020-06-30,,2026-09-26,ok,0
oecd_unemployment,ca,nation,2020-07,10.9,percent,oecd_activity,2020-07-31,,2026-09-26,ok,0
oecd_unemployment,ca,nation,2020-08,10.1,percent,oecd_activity,2020-08-31,,2026-09-26,ok,0
oecd_unemployment,ca,nation,2020-09,9.1,percent,oecd_activity,2020-09-30,,2026-09-26,ok,0
oecd_unemployment,ca,nation,2020-10,9,percent,oecd_activity,2020-10-31,,2026-09-26,ok,0
oecd_unemployment,ca,nation,2020-11,8.6,percent,oecd_activity,2020-11-30,,2026-09-26,ok,0
oecd_unemployment,ca,nation,2020-12,8.9,percent,oecd_activity,2020-12-31,,2026-09-26,ok,0
oecd_unemployment,ca,nation,2021-01,9.2,percent,oecd_activity,2021-01-31,,2026-09-26,ok,0
oecd_unemployment,ca,nation,2021-02,8.5,percent,oecd_activity,2021-02-28,,2026-09-26,ok,0
oecd_unemployment,ca,nation,2021-03,7.7,percent,oecd_activity,2021-03-31,,2026-09-26,ok,0
oecd_unemployment,ca,nation,2021-04,8.2,percent,oecd_activity,2021-04-30,,2026-09-26,ok,0
oecd_unemployment,ca,nation,2021-05,8.3,percent,oecd_activity,2021-05-31,,2026-09-26,ok,0
oecd_unemployment,ca,nation,2021-06,7.9,percent,oecd_activity,2021-06-30,,2026-09-26,ok,0
oecd_unemployment,ca,nation,2021-07,7.4,percent,oecd_activity,2021-07-31,,2026-09-26,ok,0
oecd_unemployment,ca,nation,2021-08,7.1,percent,oecd_activity,2021-08-31,,2026-09-26,ok,0
oecd_unemployment,ca,nation,2021-09,7,percent,oecd_activity,2021-09-30,,2026-09-26,ok,0
oecd_unemployment,ca,nation,2021-10,6.5,percent,oecd_activity,2021-10-31,,2026-09-26,ok,0
oecd_unemployment,ca,nation,2021-11,6.1,percent,oecd_activity,2021-11-30,,2026-09-26,ok,0
oecd_unemployment,ca,nation,2021-12,5.9,percent,oecd_activity,2021-12-31,,2026-09-26,ok,0
oecd_unemployment,ca,nation,2022-01,6.4,percent,oecd_activity,2022-01-31,,2026-09-26,ok,0
oecd_unemployment,ca,nation,2022-02,5.5,percent,oecd_activity,2022-02-28,,2026-09-26,ok,0
oecd_unemployment,ca,nation,2022-03,5.4,percent,oecd_activity,2022-03-31,,2026-09-26,ok,0
oecd_unemployment,ca,nation,2022-04,5.4,percent,oecd_activity,2022-04-30,,2026-09-26,ok,0
oecd_unemployment,ca,nation,2022-05,5.2,percent,oecd_activity,2022-05-31,,2026-09-26,ok,0
oecd_unemployment,ca,nation,2022-06,4.9,percent,oecd_activity,2022-06-30,,2026-09-26,ok,0
oecd_unemployment,ca,nation,2022-07,4.8,percent,oecd_activity,2022-07-31,,2026-09-26,ok,0
oecd_unemployment,ca,nation,2022-08,5.2,percent,oecd_activity,2022-08-31,,2026-09-26,ok,0
oecd_unemployment,ca,nation,2022-09,5.1,percent,oecd_activity,2022-09-30,,2026-09-26,ok,0
oecd_unemployment,ca,nation,2022-10,5.1,percent,oecd_activity,2022-10-31,,2026-09-26,ok,0
oecd_unemployment,ca,nation,2022-11,5,percent,oecd_activity,2022-11-30,,2026-09-26,ok,0
oecd_unemployment,ca,nation,2022-12,5,percent,oecd_activity,2022-12-31,,2026-09-26,ok,0
oecd_unemployment,ca,nation,2023-01,5.1,percent,oecd_activity,2023-01-31,,2026-09-26,ok,0
oecd_unemployment,ca,nation,2023-02,5.2,percent,oecd_activity,2023-02-28,,2026-09-26,ok,0
oecd_unemployment,ca,nation,2023-03,5.1,percent,oecd_activity,2023-03-31,,2026-09-26,ok,0
oecd_unemployment,ca,nation,2023-04,5.1,percent,oecd_activity,2023-04-30,,2026-09-26,ok,0
oecd_unemployment,ca,nation,2023-05,5.2,percent,oecd_activity,2023-05-31,,2026-09-26,ok,0
oecd_unemployment,ca,nation,2023-06,5.4,percent,oecd_activity,2023-06-30,,2026-09-26,ok,0
oecd_unemployment,ca,nation,2023-07,5.4,percent,oecd_activity,2023-07-31,,2026-09-26,ok,0
oecd_unemployment,ca,nation,2023-08,5.4,percent,oecd_activity,2023-08-31,,2026-09-26,ok,0
oecd_unemployment,ca,nation,2023-09,5.5,percent,oecd_activity,2023-09-30,,2026-09-26,ok,0
oecd_unemployment,ca,nation,2023-10,5.7,percent,oecd_activity,2023-10-31,,2026-09-26,ok,0
oecd_unemployment,ca,nation,2023-11,5.8,percent,oecd_activity,2023-11-30,,2026-09-26,ok,0
oecd_unemployment,ca,nation,2023-12,5.8,percent,oecd_activity,2023-12-31,,2026-09-26,ok,0
oecd_unemployment,ca,nation,2024-01,5.7,percent,oecd_activity,2024-01-31,,2026-09-26,ok,0
oecd_unemployment,ca,nation,2024-02,5.9,percent,oecd_activity,2024-02-29,,2026-09-26,ok,0
oecd_unemployment,ca,nation,2024-03,6.1,percent,oecd_activity,2024-03-31,,2026-09-26,ok,0
oecd_unemployment,ca,nation,2024-04,6.2,percent,oecd_activity,2024-04-30,,2026-09-26,ok,0
oecd_unemployment,ca,nation,2024-05,6.3,percent,oecd_activity,2024-05-31,,2026-09-26,ok,0
oecd_unemployment,ca,nation,2024-06,6.4,percent,oecd_activity,2024-06-30,,2026-09-26,ok,0
oecd_unemployment,ca,nation,2024-07,6.4,percent,oecd_activity,2024-07-31,,2026-09-26,ok,0
oecd_unemployment,ca,nation,2024-08,6.6,percent,oecd_activity,2024-08-31,,2026-09-26,ok,0
oecd_unemployment,ca,nation,2024-09,6.5,percent,oecd_activity,2024-09-30,,2026-09-26,ok,0
oecd_unemployment,ca,nation,2024-10,6.6,percent,oecd_activity,2024-10-31,,2026-09-26,ok,0
oecd_unemployment,ca,nation,2024-11,7,percent,oecd_activity,2024-11-30,,2026-09-26,ok,0
oecd_unemployment,ca,nation,2024-12,6.7,percent,oecd_activity,2024-12-31,,2026-09-26,ok,0
oecd_unemployment,ca,nation,2025-01,6.7,percent,oecd_activity,2025-01-31,,2026-09-26,ok,0
oecd_unemployment,ca,nation,2025-02,6.6,percent,oecd_activity,2025-02-28,,2026-09-26,ok,0
oecd_unemployment,ca,nation,2025-03,6.8,percent,oecd_activity,2025-03-31,,2026-09-26,ok,0
oecd_unemployment,ca,nation,2025-04,6.9,percent,oecd_activity,2025-04-30,,2026-09-26,ok,0
oecd_unemployment,ca,nation,2025-05,7,percent,oecd_activity,2025-05-31,,2026-09-26,ok,0
oecd_unemployment,ca,nation,2025-06,6.9,percent,oecd_activity,2025-06-30,,2026-09-26,ok,0
oecd_unemployment,ca,nation,2025-07,6.9,percent,oecd_activity,2025-07-31,,2026-09-26,ok,0
oecd_unemployment,ca,nation,2025-08,7.1,percent,oecd_activity,2025-08-31,,2026-09-26,ok,0
oecd_unemployment,ca,nation,2025-09,7.1,percent,oecd_activity,2025-09-30,,2026-09-26,ok,0
oecd_unemployment,ca,nation,2025-10,6.9,percent,oecd_activity,2025-10-31,,2026-09-26,ok,0
oecd_unemployment,ca,nation,2025-11,6.6,percent,oecd_activity,2025-11-30,,2026-09-26,ok,0
oecd_unemployment,ca,nation,2025-12,6.8,percent,oecd_activity,2025-12-31,,2026-09-26,ok,0
oecd_unemployment,ca,nation,2026-01,6.5,percent,oecd_activity,2026-01-31,,2026-09-26,ok,0
oecd_unemployment,ca,nation,2026-02,6.7,percent,oecd_activity,2026-02-28,,2026-09-26,ok,0
oecd_unemployment,ca,nation,2026-03,6.7,percent,oecd_activity,2026-03-31,,2026-09-26,ok,0
oecd_unemployment,ca,nation,2026-04,6.9,percent,oecd_activity,2026-04-30,,2026-09-26,ok,0
oecd_unemployment,ca,nation,2026-05,6.6,percent,oecd_activity,2026-05-31,,2026-09-26,ok,0
oecd_unemployment,ca,nation,2026-06,6.5,percent,oecd_activity,2026-06-30,,2026-09-26,ok,0
oecd_unemployment,ca,nation,2026-07,6.4,percent,oecd_activity,2026-07-31,,2026-09-26,ok,0
oecd_unemployment,ca,nation,2026-08,6.4,percent,oecd_activity,2026-08-31,,2026-09-26,ok,0
oecd_unemployment,de,nation,2015-01,4.5,percent,oecd_activity,2015-01-31,,2026-09-26,ok,0
oecd_unemployment,de,nation,2015-02,4.5,percent,oecd_activity,2015-02-28,,2026-09-26,ok,0
oecd_unemployment,de,nation,2015-03,4.5,percent,oecd_activity,2015-03-31,,2026-09-26,ok,0
oecd_unemployment,de,nation,2015-04,4.4,percent,oecd_activity,2015-04-30,,2026-09-26,ok,0
oecd_unemployment,de,nation,2015-05,4.4,percent,oecd_activity,2015-05-31,,2026-09-26,ok,0
oecd_unemployment,de,nation,2015-06,4.4,percent,oecd_activity,2015-06-30,,2026-09-26,ok,0
oecd_unemployment,de,nation,2015-07,4.3,percent,oecd_activity,2015-07-31,,2026-09-26,ok,0
oecd_unemployment,de,nation,2015-08,4.3,percent,oecd_activity,2015-08-31,,2026-09-26,ok,0
oecd_unemployment,de,nation,2015-09,4.3,percent,oecd_activity,2015-09-30,,2026-09-26,ok,0
oecd_unemployment,de,nation,2015-10,4.2,percent,oecd_activity,2015-10-31,,2026-09-26,ok,0
oecd_unemployment,de,nation,2015-11,4.2,percent,oecd_activity,2015-11-30,,2026-09-26,ok,0
oecd_unemployment,de,nation,2015-12,4.2,percent,oecd_activity,2015-12-31,,2026-09-26,ok,0
oecd_unemployment,de,nation,2016-01,4.1,percent,oecd_activity,2016-01-31,,2026-09-26,ok,0
oecd_unemployment,de,nation,2016-02,4.1,percent,oecd_activity,2016-02-29,,2026-09-26,ok,0
oecd_unemployment,de,nation,2016-03,4,percent,oecd_activity,2016-03-31,,2026-09-26,ok,0
oecd_unemployment,de,nation,2016-04,4,percent,oecd_activity,2016-04-30,,2026-09-26,ok,0
oecd_unemployment,de,nation,2016-05,4,percent,oecd_activity,2016-05-31,,2026-09-26,ok,0
oecd_unemployment,de,nation,2016-06,4,percent,oecd_activity,2016-06-30,,2026-09-26,ok,0
oecd_unemployment,de,nation,2016-07,3.9,percent,oecd_activity,2016-07-31,,2026-09-26,ok,0
oecd_unemployment,de,nation,2016-08,3.9,percent,oecd_activity,2016-08-31,,2026-09-26,ok,0
oecd_unemployment,de,nation,2016-09,3.8,percent,oecd_activity,2016-09-30,,2026-09-26,ok,0
oecd_unemployment,de,nation,2016-10,3.7,percent,oecd_activity,2016-10-31,,2026-09-26,ok,0
oecd_unemployment,de,nation,2016-11,3.7,percent,oecd_activity,2016-11-30,,2026-09-26,ok,0
oecd_unemployment,de,nation,2016-12,3.7,percent,oecd_activity,2016-12-31,,2026-09-26,ok,0
oecd_unemployment,de,nation,2017-01,3.7,percent,oecd_activity,2017-01-31,,2026-09-26,ok,0
oecd_unemployment,de,nation,2017-02,3.6,percent,oecd_activity,2017-02-28,,2026-09-26,ok,0
oecd_unemployment,de,nation,2017-03,3.6,percent,oecd_activity,2017-03-31,,2026-09-26,ok,0
oecd_unemployment,de,nation,2017-04,3.6,percent,oecd_activity,2017-04-30,,2026-09-26,ok,0
oecd_unemployment,de,nation,2017-05,3.6,percent,oecd_activity,2017-05-31,,2026-09-26,ok,0
oecd_unemployment,de,nation,2017-06,3.5,percent,oecd_activity,2017-06-30,,2026-09-26,ok,0
oecd_unemployment,de,nation,2017-07,3.5,percent,oecd_activity,2017-07-31,,2026-09-26,ok,0
oecd_unemployment,de,nation,2017-08,3.5,percent,oecd_activity,2017-08-31,,2026-09-26,ok,0
oecd_unemployment,de,nation,2017-09,3.4,percent,oecd_activity,2017-09-30,,2026-09-26,ok,0
oecd_unemployment,de,nation,2017-10,3.4,percent,oecd_activity,2017-10-31,,2026-09-26,ok,0
oecd_unemployment,de,nation,2017-11,3.4,percent,oecd_activity,2017-11-30,,2026-09-26,ok,0
oecd_unemployment,de,nation,2017-12,3.4,percent,oecd_activity,2017-12-31,,2026-09-26,ok,0
oecd_unemployment,de,nation,2018-01,3.3,percent,oecd_activity,2018-01-31,,2026-09-26,ok,0
oecd_unemployment,de,nation,2018-02,3.3,percent,oecd_activity,2018-02-28,,2026-09-26,ok,0
oecd_unemployment,de,nation,2018-03,3.3,percent,oecd_activity,2018-03-31,,2026-09-26,ok,0
oecd_unemployment,de,nation,2018-04,3.2,percent,oecd_activity,2018-04-30,,2026-09-26,ok,0
oecd_unemployment,de,nation,2018-05,3.2,percent,oecd_activity,2018-05-31,,2026-09-26,ok,0
oecd_unemployment,de,nation,2018-06,3.2,percent,oecd_activity,2018-06-30,,2026-09-26,ok,0
oecd_unemployment,de,nation,2018-07,3.2,percent,oecd_activity,2018-07-31,,2026-09-26,ok,0
oecd_unemployment,de,nation,2018-08,3.2,percent,oecd_activity,2018-08-31,,2026-09-26,ok,0
oecd_unemployment,de,nation,2018-09,3.1,percent,oecd_activity,2018-09-30,,2026-09-26,ok,0
oecd_unemployment,de,nation,2018-10,3.1,percent,oecd_activity,2018-10-31,,2026-09-26,ok,0
oecd_unemployment,de,nation,2018-11,3.1,percent,oecd_activity,2018-11-30,,2026-09-26,ok,0
oecd_unemployment,de,nation,2018-12,3.1,percent,oecd_activity,2018-12-31,,2026-09-26,ok,0
oecd_unemployment,de,nation,2019-01,3,percent,oecd_activity,2019-01-31,,2026-09-26,ok,0
oecd_unemployment,de,nation,2019-02,3,percent,oecd_activity,2019-02-28,,2026-09-26,ok,0
oecd_unemployment,de,nation,2019-03,3,percent,oecd_activity,2019-03-31,,2026-09-26,ok,0
oecd_unemployment,de,nation,2019-04,2.9,percent,oecd_activity,2019-04-30,,2026-09-26,ok,0
oecd_unemployment,de,nation,2019-05,2.9,percent,oecd_activity,2019-05-31,,2026-09-26,ok,0
oecd_unemployment,de,nation,2019-06,2.9,percent,oecd_activity,2019-06-30,,2026-09-26,ok,0
oecd_unemployment,de,nation,2019-07,2.9,percent,oecd_activity,2019-07-31,,2026-09-26,ok,0
oecd_unemployment,de,nation,2019-08,2.9,percent,oecd_activity,2019-08-31,,2026-09-26,ok,0
oecd_unemployment,de,nation,2019-09,2.9,percent,oecd_activity,2019-09-30,,2026-09-26,ok,0
oecd_unemployment,de,nation,2019-10,2.9,percent,oecd_activity,2019-10-31,,2026-09-26,ok,0
oecd_unemployment,de,nation,2019-11,3,percent,oecd_activity,2019-11-30,,2026-09-26,ok,0
oecd_unemployment,de,nation,2019-12,3.1,percent,oecd_activity,2019-12-31,,2026-09-26,ok,0
oecd_unemployment,de,nation,2020-01,3.2,percent,oecd_activity,2020-01-31,,2026-09-26,ok,0
oecd_unemployment,de,nation,2020-02,3.3,percent,oecd_activity,2020-02-29,,2026-09-26,ok,0
oecd_unemployment,de,nation,2020-03,3.4,percent,oecd_activity,2020-03-31,,2026-09-26,ok,0
oecd_unemployment,de,nation,2020-04,3.5,percent,oecd_activity,2020-04-30,,2026-09-26,ok,0
oecd_unemployment,de,nation,2020-05,3.7,percent,oecd_activity,2020-05-31,,2026-09-26,ok,0
oecd_unemployment,de,nation,2020-06,3.8,percent,oecd_activity,2020-06-30,,2026-09-26,ok,0
oecd_unemployment,de,nation,2020-07,3.8,percent,oecd_activity,2020-07-31,,2026-09-26,ok,0
oecd_unemployment,de,nation,2020-08,3.9,percent,oecd_activity,2020-08-31,,2026-09-26,ok,0
oecd_unemployment,de,nation,2020-09,3.8,percent,oecd_activity,2020-09-30,,2026-09-26,ok,0
oecd_unemployment,de,nation,2020-10,3.8,percent,oecd_activity,2020-10-31,,2026-09-26,ok,0
oecd_unemployment,de,nation,2020-11,3.8,percent,oecd_activity,2020-11-30,,2026-09-26,ok,0
oecd_unemployment,de,nation,2020-12,3.8,percent,oecd_activity,2020-12-31,,2026-09-26,ok,0
oecd_unemployment,de,nation,2021-01,3.9,percent,oecd_activity,2021-01-31,,2026-09-26,ok,0
oecd_unemployment,de,nation,2021-02,3.9,percent,oecd_activity,2021-02-28,,2026-09-26,ok,0
oecd_unemployment,de,nation,2021-03,3.9,percent,oecd_activity,2021-03-31,,2026-09-26,ok,0
oecd_unemployment,de,nation,2021-04,3.8,percent,oecd_activity,2021-04-30,,2026-09-26,ok,0
oecd_unemployment,de,nation,2021-05,3.7,percent,oecd_activity,2021-05-31,,2026-09-26,ok,0
oecd_unemployment,de,nation,2021-06,3.6,percent,oecd_activity,2021-06-30,,2026-09-26,ok,0
oecd_unemployment,de,nation,2021-07,3.5,percent,oecd_activity,2021-07-31,,2026-09-26,ok,0
oecd_unemployment,de,nation,2021-08,3.4,percent,oecd_activity,2021-08-31,,2026-09-26,ok,0
oecd_unemployment,de,nation,2021-09,3.4,percent,oecd_activity,2021-09-30,,2026-09-26,ok,0
oecd_unemployment,de,nation,2021-10,3.4,percent,oecd_activity,2021-10-31,,2026-09-26,ok,0
oecd_unemployment,de,nation,2021-11,3.4,percent,oecd_activity,2021-11-30,,2026-09-26,ok,0
oecd_unemployment,de,nation,2021-12,3.3,percent,oecd_activity,2021-12-31,,2026-09-26,ok,0
oecd_unemployment,de,nation,2022-01,3.3,percent,oecd_activity,2022-01-31,,2026-09-26,ok,0
oecd_unemployment,de,nation,2022-02,3.2,percent,oecd_activity,2022-02-28,,2026-09-26,ok,0
oecd_unemployment,de,nation,2022-03,3.2,percent,oecd_activity,2022-03-31,,2026-09-26,ok,0
oecd_unemployment,de,nation,2022-04,3.1,percent,oecd_activity,2022-04-30,,2026-09-26,ok,0
oecd_unemployment,de,nation,2022-05,3.1,percent,oecd_activity,2022-05-31,,2026-09-26,ok,0
oecd_unemployment,de,nation,2022-06,3.1,percent,oecd_activity,2022-06-30,,2026-09-26,ok,0
oecd_unemployment,de,nation,2022-07,3.1,percent,oecd_activity,2022-07-31,,2026-09-26,ok,0
oecd_unemployment,de,nation,2022-08,3.1,percent,oecd_activity,2022-08-31,,2026-09-26,ok,0
oecd_unemployment,de,nation,2022-09,3.1,percent,oecd_activity,2022-09-30,,2026-09-26,ok,0
oecd_unemployment,de,nation,2022-10,3.1,percent,oecd_activity,2022-10-31,,2026-09-26,ok,0
oecd_unemployment,de,nation,2022-11,3.1,percent,oecd_activity,2022-11-30,,2026-09-26,ok,0
oecd_unemployment,de,nation,2022-12,3.1,percent,oecd_activity,2022-12-31,,2026-09-26,ok,0
oecd_unemployment,de,nation,2023-01,3.1,percent,oecd_activity,2023-01-31,,2026-09-26,ok,0
oecd_unemployment,de,nation,2023-02,3,percent,oecd_activity,2023-02-28,,2026-09-26,ok,0
oecd_unemployment,de,nation,2023-03,3,percent,oecd_activity,2023-03-31,,2026-09-26,ok,0
oecd_unemployment,de,nation,2023-04,3,percent,oecd_activity,2023-04-30,,2026-09-26,ok,0
oecd_unemployment,de,nation,2023-05,3,percent,oecd_activity,2023-05-31,,2026-09-26,ok,0
oecd_unemployment,de,nation,2023-06,3,percent,oecd_activity,2023-06-30,,2026-09-26,ok,0
oecd_unemployment,de,nation,2023-07,3,percent,oecd_activity,2023-07-31,,2026-09-26,ok,0
oecd_unemployment,de,nation,2023-08,3.1,percent,oecd_activity,2023-08-31,,2026-09-26,ok,0
oecd_unemployment,de,nation,2023-09,3.1,percent,oecd_activity,2023-09-30,,2026-09-26,ok,0
oecd_unemployment,de,nation,2023-10,3.1,percent,oecd_activity,2023-10-31,,2026-09-26,ok,0
oecd_unemployment,de,nation,2023-11,3.2,percent,oecd_activity,2023-11-30,,2026-09-26,ok,0
oecd_unemployment,de,nation,2023-12,3.2,percent,oecd_activity,2023-12-31,,2026-09-26,ok,0
oecd_unemployment,de,nation,2024-01,3.2,percent,oecd_activity,2024-01-31,,2026-09-26,ok,0
oecd_unemployment,de,nation,2024-02,3.2,percent,oecd_activity,2024-02-29,,2026-09-26,ok,0
oecd_unemployment,de,nation,2024-03,3.3,percent,oecd_activity,2024-03-31,,2026-09-26,ok,0
oecd_unemployment,de,nation,2024-04,3.4,percent,oecd_activity,2024-04-30,,2026-09-26,ok,0
oecd_unemployment,de,nation,2024-05,3.4,percent,oecd_activity,2024-05-31,,2026-09-26,ok,0
oecd_unemployment,de,nation,2024-06,3.4,percent,oecd_activity,2024-06-30,,2026-09-26,ok,0
oecd_unemployment,de,nation,2024-07,3.4,percent,oecd_activity,2024-07-31,,2026-09-26,ok,0
oecd_unemployment,de,nation,2024-08,3.4,percent,oecd_activity,2024-08-31,,2026-09-26,ok,0
oecd_unemployment,de,nation,2024-09,3.4,percent,oecd_activity,2024-09-30,,2026-09-26,ok,0
oecd_unemployment,de,nation,2024-10,3.4,percent,oecd_activity,2024-10-31,,2026-09-26,ok,0
oecd_unemployment,de,nation,2024-11,3.4,percent,oecd_activity,2024-11-30,,2026-09-26,ok,0
oecd_unemployment,de,nation,2024-12,3.5,percent,oecd_activity,2024-12-31,,2026-09-26,ok,0
oecd_unemployment,de,nation,2025-01,3.5,percent,oecd_activity,2025-01-31,,2026-09-26,ok,0
oecd_unemployment,de,nation,2025-02,3.6,percent,oecd_activity,2025-02-28,,2026-09-26,ok,0
oecd_unemployment,de,nation,2025-03,3.6,percent,oecd_activity,2025-03-31,,2026-09-26,ok,0
oecd_unemployment,de,nation,2025-04,3.7,percent,oecd_activity,2025-04-30,,2026-09-26,ok,0
oecd_unemployment,de,nation,2025-05,3.7,percent,oecd_activity,2025-05-31,,2026-09-26,ok,0
oecd_unemployment,de,nation,2025-06,3.7,percent,oecd_activity,2025-06-30,,2026-09-26,ok,0
oecd_unemployment,de,nation,2025-07,3.8,percent,oecd_activity,2025-07-31,,2026-09-26,ok,0
oecd_unemployment,de,nation,2025-08,3.8,percent,oecd_activity,2025-08-31,,2026-09-26,ok,0
oecd_unemployment,de,nation,2025-09,3.8,percent,oecd_activity,2025-09-30,,2026-09-26,ok,0
oecd_unemployment,de,nation,2025-10,3.8,percent,oecd_activity,2025-10-31,,2026-09-26,ok,0
oecd_unemployment,de,nation,2025-11,3.9,percent,oecd_activity,2025-11-30,,2026-09-26,ok,0
oecd_unemployment,de,nation,2025-12,3.9,percent,oecd_activity,2025-12-31,,2026-09-26,ok,0
oecd_unemployment,de,nation,2026-01,3.9,percent,oecd_activity,2026-01-31,,2026-09-26,ok,0
oecd_unemployment,de,nation,2026-02,3.9,percent,oecd_activity,2026-02-28,,2026-09-26,ok,0
oecd_unemployment,de,nation,2026-03,3.9,percent,oecd_activity,2026-03-31,,2026-09-26,ok,0
oecd_unemployment,de,nation,2026-04,3.9,percent,oecd_activity,2026-04-30,,2026-09-26,ok,0
oecd_unemployment,de,nation,2026-05,3.9,percent,oecd_activity,2026-05-31,,2026-09-26,ok,0
oecd_unemployment,de,nation,2026-06,4,percent,oecd_activity,2026-06-30,,2026-09-26,ok,0
oecd_unemployment,de,nation,2026-07,4,percent,oecd_activity,2026-07-31,,2026-09-26,ok,0
oecd_unemployment,es,nation,2015-01,23.4,percent,oecd_activity,2015-01-31,,2026-09-26,ok,0
oecd_unemployment,es,nation,2015-02,23.1,percent,oecd_activity,2015-02-28,,2026-09-26,ok,0
oecd_unemployment,es,nation,2015-03,22.9,percent,oecd_activity,2015-03-31,,2026-09-26,ok,0
oecd_unemployment,es,nation,2015-04,22.7,percent,oecd_activity,2015-04-30,,2026-09-26,ok,0
oecd_unemployment,es,nation,2015-05,22.5,percent,oecd_activity,2015-05-31,,2026-09-26,ok,0
oecd_unemployment,es,nation,2015-06,22.3,percent,oecd_activity,2015-06-30,,2026-09-26,ok,0
oecd_unemployment,es,nation,2015-07,21.9,percent,oecd_activity,2015-07-31,,2026-09-26,ok,0
oecd_unemployment,es,nation,2015-08,21.6,percent,oecd_activity,2015-08-31,,2026-09-26,ok,0
oecd_unemployment,es,nation,2015-09,21.4,percent,oecd_activity,2015-09-30,,2026-09-26,ok,0
oecd_unemployment,es,nation,2015-10,21.3,percent,oecd_activity,2015-10-31,,2026-09-26,ok,0
oecd_unemployment,es,nation,2015-11,20.9,percent,oecd_activity,2015-11-30,,2026-09-26,ok,0
oecd_unemployment,es,nation,2015-12,20.8,percent,oecd_activity,2015-12-31,,2026-09-26,ok,0
oecd_unemployment,es,nation,2016-01,20.5,percent,oecd_activity,2016-01-31,,2026-09-26,ok,0
oecd_unemployment,es,nation,2016-02,20.4,percent,oecd_activity,2016-02-29,,2026-09-26,ok,0
oecd_unemployment,es,nation,2016-03,20.3,percent,oecd_activity,2016-03-31,,2026-09-26,ok,0
oecd_unemployment,es,nation,2016-04,20.3,percent,oecd_activity,2016-04-30,,2026-09-26,ok,0
oecd_unemployment,es,nation,2016-05,20.2,percent,oecd_activity,2016-05-31,,2026-09-26,ok,0
oecd_unemployment,es,nation,2016-06,19.9,percent,oecd_activity,2016-06-30,,2026-09-26,ok,0
oecd_unemployment,es,nation,2016-07,19.5,percent,oecd_activity,2016-07-31,,2026-09-26,ok,0
oecd_unemployment,es,nation,2016-08,19.3,percent,oecd_activity,2016-08-31,,2026-09-26,ok,0
oecd_unemployment,es,nation,2016-09,19.1,percent,oecd_activity,2016-09-30,,2026-09-26,ok,0
oecd_unemployment,es,nation,2016-10,18.9,percent,oecd_activity,2016-10-31,,2026-09-26,ok,0
oecd_unemployment,es,nation,2016-11,18.8,percent,oecd_activity,2016-11-30,,2026-09-26,ok,0
oecd_unemployment,es,nation,2016-12,18.5,percent,oecd_activity,2016-12-31,,2026-09-26,ok,0
oecd_unemployment,es,nation,2017-01,18.3,percent,oecd_activity,2017-01-31,,2026-09-26,ok,0
oecd_unemployment,es,nation,2017-02,18.2,percent,oecd_activity,2017-02-28,,2026-09-26,ok,0
oecd_unemployment,es,nation,2017-03,18,percent,oecd_activity,2017-03-31,,2026-09-26,ok,0
oecd_unemployment,es,nation,2017-04,17.6,percent,oecd_activity,2017-04-30,,2026-09-26,ok,0
oecd_unemployment,es,nation,2017-05,17.4,percent,oecd_activity,2017-05-31,,2026-09-26,ok,0
oecd_unemployment,es,nation,2017-06,17.1,percent,oecd_activity,2017-06-30,,2026-09-26,ok,0
oecd_unemployment,es,nation,2017-07,16.9,percent,oecd_activity,2017-07-31,,2026-09-26,ok,0
oecd_unemployment,es,nation,2017-08,16.7,percent,oecd_activity,2017-08-31,,2026-09-26,ok,0
oecd_unemployment,es,nation,2017-09,16.7,percent,oecd_activity,2017-09-30,,2026-09-26,ok,0
oecd_unemployment,es,nation,2017-10,16.7,percent,oecd_activity,2017-10-31,,2026-09-26,ok,0
oecd_unemployment,es,nation,2017-11,16.7,percent,oecd_activity,2017-11-30,,2026-09-26,ok,0
oecd_unemployment,es,nation,2017-12,16.6,percent,oecd_activity,2017-12-31,,2026-09-26,ok,0
oecd_unemployment,es,nation,2018-01,16.4,percent,oecd_activity,2018-01-31,,2026-09-26,ok,0
oecd_unemployment,es,nation,2018-02,16.2,percent,oecd_activity,2018-02-28,,2026-09-26,ok,0
oecd_unemployment,es,nation,2018-03,15.9,percent,oecd_activity,2018-03-31,,2026-09-26,ok,0
oecd_unemployment,es,nation,2018-04,15.7,percent,oecd_activity,2018-04-30,,2026-09-26,ok,0
oecd_unemployment,es,nation,2018-05,15.5,percent,oecd_activity,2018-05-31,,2026-09-26,ok,0
oecd_unemployment,es,nation,2018-06,15.2,percent,oecd_activity,2018-06-30,,2026-09-26,ok,0
oecd_unemployment,es,nation,2018-07,15,percent,oecd_activity,2018-07-31,,2026-09-26,ok,0
oecd_unemployment,es,nation,2018-08,14.8,percent,oecd_activity,2018-08-31,,2026-09-26,ok,0
oecd_unemployment,es,nation,2018-09,14.7,percent,oecd_activity,2018-09-30,,2026-09-26,ok,0
oecd_unemployment,es,nation,2018-10,14.7,percent,oecd_activity,2018-10-31,,2026-09-26,ok,0
oecd_unemployment,es,nation,2018-11,14.6,percent,oecd_activity,2018-11-30,,2026-09-26,ok,0
oecd_unemployment,es,nation,2018-12,14.4,percent,oecd_activity,2018-12-31,,2026-09-26,ok,0
oecd_unemployment,es,nation,2019-01,14.3,percent,oecd_activity,2019-01-31,,2026-09-26,ok,0
oecd_unemployment,es,nation,2019-02,14.2,percent,oecd_activity,2019-02-28,,2026-09-26,ok,0
oecd_unemployment,es,nation,2019-03,14.2,percent,oecd_activity,2019-03-31,,2026-09-26,ok,0
oecd_unemployment,es,nation,2019-04,14.2,percent,oecd_activity,2019-04-30,,2026-09-26,ok,0
oecd_unemployment,es,nation,2019-05,14.3,percent,oecd_activity,2019-05-31,,2026-09-26,ok,0
oecd_unemployment,es,nation,2019-06,14.2,percent,oecd_activity,2019-06-30,,2026-09-26,ok,0
oecd_unemployment,es,nation,2019-07,14.2,percent,oecd_activity,2019-07-31,,2026-09-26,ok,0
oecd_unemployment,es,nation,2019-08,14.1,percent,oecd_activity,2019-08-31,,2026-09-26,ok,0
oecd_unemployment,es,nation,2019-09,14,percent,oecd_activity,2019-09-30,,2026-09-26,ok,0
oecd_unemployment,es,nation,2019-10,14,percent,oecd_activity,2019-10-31,,2026-09-26,ok,0
oecd_unemployment,es,nation,2019-11,13.9,percent,oecd_activity,2019-11-30,,2026-09-26,ok,0
oecd_unemployment,es,nation,2019-12,13.8,percent,oecd_activity,2019-12-31,,2026-09-26,ok,0
oecd_unemployment,es,nation,2020-01,13.8,percent,oecd_activity,2020-01-31,,2026-09-26,ok,0
oecd_unemployment,es,nation,2020-02,13.6,percent,oecd_activity,2020-02-29,,2026-09-26,ok,0
oecd_unemployment,es,nation,2020-03,14.5,percent,oecd_activity,2020-03-31,,2026-09-26,ok,0
oecd_unemployment,es,nation,2020-04,15.3,percent,oecd_activity,2020-04-30,,2026-09-26,ok,0
oecd_unemployment,es,nation,2020-05,15.5,percent,oecd_activity,2020-05-31,,2026-09-26,ok,0
oecd_unemployment,es,nation,2020-06,16,percent,oecd_activity,2020-06-30,,2026-09-26,ok,0
oecd_unemployment,es,nation,2020-07,16.2,percent,oecd_activity,2020-07-31,,2026-09-26,ok,0
oecd_unemployment,es,nation,2020-08,16.5,percent,oecd_activity,2020-08-31,,2026-09-26,ok,0
oecd_unemployment,es,nation,2020-09,16.4,percent,oecd_activity,2020-09-30,,2026-09-26,ok,0
oecd_unemployment,es,nation,2020-10,16.3,percent,oecd_activity,2020-10-31,,2026-09-26,ok,0
oecd_unemployment,es,nation,2020-11,16.2,percent,oecd_activity,2020-11-30,,2026-09-26,ok,0
oecd_unemployment,es,nation,2020-12,16.2,percent,oecd_activity,2020-12-31,,2026-09-26,ok,0
oecd_unemployment,es,nation,2021-01,15.9,percent,oecd_activity,2021-01-31,,2026-09-26,ok,0
oecd_unemployment,es,nation,2021-02,15.7,percent,oecd_activity,2021-02-28,,2026-09-26,ok,0
oecd_unemployment,es,nation,2021-03,15.5,percent,oecd_activity,2021-03-31,,2026-09-26,ok,0
oecd_unemployment,es,nation,2021-04,15.7,percent,oecd_activity,2021-04-30,,2026-09-26,ok,0
oecd_unemployment,es,nation,2021-05,15.7,percent,oecd_activity,2021-05-31,,2026-09-26,ok,0
oecd_unemployment,es,nation,2021-06,15.6,percent,oecd_activity,2021-06-30,,2026-09-26,ok,0
oecd_unemployment,es,nation,2021-07,15.2,percent,oecd_activity,2021-07-31,,2026-09-26,ok,0
oecd_unemployment,es,nation,2021-08,14.8,percent,oecd_activity,2021-08-31,,2026-09-26,ok,0
oecd_unemployment,es,nation,2021-09,14.4,percent,oecd_activity,2021-09-30,,2026-09-26,ok,0
oecd_unemployment,es,nation,2021-10,13.9,percent,oecd_activity,2021-10-31,,2026-09-26,ok,0
oecd_unemployment,es,nation,2021-11,13.5,percent,oecd_activity,2021-11-30,,2026-09-26,ok,0
oecd_unemployment,es,nation,2021-12,13.3,percent,oecd_activity,2021-12-31,,2026-09-26,ok,0
oecd_unemployment,es,nation,2022-01,13.3,percent,oecd_activity,2022-01-31,,2026-09-26,ok,0
oecd_unemployment,es,nation,2022-02,13.2,percent,oecd_activity,2022-02-28,,2026-09-26,ok,0
oecd_unemployment,es,nation,2022-03,13.3,percent,oecd_activity,2022-03-31,,2026-09-26,ok,0
oecd_unemployment,es,nation,2022-04,13.2,percent,oecd_activity,2022-04-30,,2026-09-26,ok,0
oecd_unemployment,es,nation,2022-05,12.9,percent,oecd_activity,2022-05-31,,2026-09-26,ok,0
oecd_unemployment,es,nation,2022-06,12.9,percent,oecd_activity,2022-06-30,,2026-09-26,ok,0
oecd_unemployment,es,nation,2022-07,12.7,percent,oecd_activity,2022-07-31,,2026-09-26,ok,0
oecd_unemployment,es,nation,2022-08,12.8,percent,oecd_activity,2022-08-31,,2026-09-26,ok,0
oecd_unemployment,es,nation,2022-09,13,percent,oecd_activity,2022-09-30,,2026-09-26,ok,0
oecd_unemployment,es,nation,2022-10,13.1,percent,oecd_activity,2022-10-31,,2026-09-26,ok,0
oecd_unemployment,es,nation,2022-11,13.2,percent,oecd_activity,2022-11-30,,2026-09-26,ok,0
oecd_unemployment,es,nation,2022-12,13.2,percent,oecd_activity,2022-12-31,,2026-09-26,ok,0
oecd_unemployment,es,nation,2023-01,13.1,percent,oecd_activity,2023-01-31,,2026-09-26,ok,0
oecd_unemployment,es,nation,2023-02,12.9,percent,oecd_activity,2023-02-28,,2026-09-26,ok,0
oecd_unemployment,es,nation,2023-03,12.5,percent,oecd_activity,2023-03-31,,2026-09-26,ok,0
oecd_unemployment,es,nation,2023-04,12.1,percent,oecd_activity,2023-04-30,,2026-09-26,ok,0
oecd_unemployment,es,nation,2023-05,12,percent,oecd_activity,2023-05-31,,2026-09-26,ok,0
oecd_unemployment,es,nation,2023-06,11.9,percent,oecd_activity,2023-06-30,,2026-09-26,ok,0
oecd_unemployment,es,nation,2023-07,12,percent,oecd_activity,2023-07-31,,2026-09-26,ok,0
oecd_unemployment,es,nation,2023-08,12,percent,oecd_activity,2023-08-31,,2026-09-26,ok,0
oecd_unemployment,es,nation,2023-09,12,percent,oecd_activity,2023-09-30,,2026-09-26,ok,0
oecd_unemployment,es,nation,2023-10,12,percent,oecd_activity,2023-10-31,,2026-09-26,ok,0
oecd_unemployment,es,nation,2023-11,12,percent,oecd_activity,2023-11-30,,2026-09-26,ok,0
oecd_unemployment,es,nation,2023-12,11.9,percent,oecd_activity,2023-12-31,,2026-09-26,ok,0
oecd_unemployment,es,nation,2024-01,11.9,percent,oecd_activity,2024-01-31,,2026-09-26,ok,0
oecd_unemployment,es,nation,2024-02,11.8,percent,oecd_activity,2024-02-29,,2026-09-26,ok,0
oecd_unemployment,es,nation,2024-03,11.6,percent,oecd_activity,2024-03-31,,2026-09-26,ok,0
oecd_unemployment,es,nation,2024-04,11.6,percent,oecd_activity,2024-04-30,,2026-09-26,ok,0
oecd_unemployment,es,nation,2024-05,11.6,percent,oecd_activity,2024-05-31,,2026-09-26,ok,0
oecd_unemployment,es,nation,2024-06,11.5,percent,oecd_activity,2024-06-30,,2026-09-26,ok,0
oecd_unemployment,es,nation,2024-07,11.4,percent,oecd_activity,2024-07-31,,2026-09-26,ok,0
oecd_unemployment,es,nation,2024-08,11.3,percent,oecd_activity,2024-08-31,,2026-09-26,ok,0
oecd_unemployment,es,nation,2024-09,11.1,percent,oecd_activity,2024-09-30,,2026-09-26,ok,0
oecd_unemployment,es,nation,2024-10,10.9,percent,oecd_activity,2024-10-31,,2026-09-26,ok,0
oecd_unemployment,es,nation,2024-11,10.8,percent,oecd_activity,2024-11-30,,2026-09-26,ok,0
oecd_unemployment,es,nation,2024-12,10.8,percent,oecd_activity,2024-12-31,,2026-09-26,ok,0
oecd_unemployment,es,nation,2025-01,10.8,percent,oecd_activity,2025-01-31,,2026-09-26,ok,0
oecd_unemployment,es,nation,2025-02,10.8,percent,oecd_activity,2025-02-28,,2026-09-26,ok,0
oecd_unemployment,es,nation,2025-03,10.8,percent,oecd_activity,2025-03-31,,2026-09-26,ok,0
oecd_unemployment,es,nation,2025-04,10.6,percent,oecd_activity,2025-04-30,,2026-09-26,ok,0
oecd_unemployment,es,nation,2025-05,10.6,percent,oecd_activity,2025-05-31,,2026-09-26,ok,0
oecd_unemployment,es,nation,2025-06,10.5,percent,oecd_activity,2025-06-30,,2026-09-26,ok,0
oecd_unemployment,es,nation,2025-07,10.6,percent,oecd_activity,2025-07-31,,2026-09-26,ok,0
oecd_unemployment,es,nation,2025-08,10.5,percent,oecd_activity,2025-08-31,,2026-09-26,ok,0
oecd_unemployment,es,nation,2025-09,10.4,percent,oecd_activity,2025-09-30,,2026-09-26,ok,0
oecd_unemployment,es,nation,2025-10,10.2,percent,oecd_activity,2025-10-31,,2026-09-26,ok,0
oecd_unemployment,es,nation,2025-11,10.1,percent,oecd_activity,2025-11-30,,2026-09-26,ok,0
oecd_unemployment,es,nation,2025-12,10.2,percent,oecd_activity,2025-12-31,,2026-09-26,ok,0
oecd_unemployment,es,nation,2026-01,10.3,percent,oecd_activity,2026-01-31,,2026-09-26,ok,0
oecd_unemployment,es,nation,2026-02,10.3,percent,oecd_activity,2026-02-28,,2026-09-26,ok,0
oecd_unemployment,es,nation,2026-03,10.3,percent,oecd_activity,2026-03-31,,2026-09-26,ok,0
oecd_unemployment,es,nation,2026-04,10.2,percent,oecd_activity,2026-04-30,,2026-09-26,ok,0
oecd_unemployment,es,nation,2026-05,10.2,percent,oecd_activity,2026-05-31,,2026-09-26,ok,0
oecd_unemployment,es,nation,2026-06,10.1,percent,oecd_activity,2026-06-30,,2026-09-26,ok,0
oecd_unemployment,es,nation,2026-07,10,percent,oecd_activity,2026-07-31,,2026-09-26,ok,0
oecd_unemployment,fr,nation,2015-01,10.4,percent,oecd_activity,2015-01-31,,2026-09-26,ok,0
oecd_unemployment,fr,nation,2015-02,10.3,percent,oecd_activity,2015-02-28,,2026-09-26,ok,0
oecd_unemployment,fr,nation,2015-03,10.4,percent,oecd_activity,2015-03-31,,2026-09-26,ok,0
oecd_unemployment,fr,nation,2015-04,10.4,percent,oecd_activity,2015-04-30,,2026-09-26,ok,0
oecd_unemployment,fr,nation,2015-05,10.5,percent,oecd_activity,2015-05-31,,2026-09-26,ok,0
oecd_unemployment,fr,nation,2015-06,10.4,percent,oecd_activity,2015-06-30,,2026-09-26,ok,0
oecd_unemployment,fr,nation,2015-07,10.3,percent,oecd_activity,2015-07-31,,2026-09-26,ok,0
oecd_unemployment,fr,nation,2015-08,10.3,percent,oecd_activity,2015-08-31,,2026-09-26,ok,0
oecd_unemployment,fr,nation,2015-09,10.3,percent,oecd_activity,2015-09-30,,2026-09-26,ok,0
oecd_unemployment,fr,nation,2015-10,10.3,percent,oecd_activity,2015-10-31,,2026-09-26,ok,0
oecd_unemployment,fr,nation,2015-11,10.3,percent,oecd_activity,2015-11-30,,2026-09-26,ok,0
oecd_unemployment,fr,nation,2015-12,10.2,percent,oecd_activity,2015-12-31,,2026-09-26,ok,0
oecd_unemployment,fr,nation,2016-01,10.3,percent,oecd_activity,2016-01-31,,2026-09-26,ok,0
oecd_unemployment,fr,nation,2016-02,10.4,percent,oecd_activity,2016-02-29,,2026-09-26,ok,0
oecd_unemployment,fr,nation,2016-03,10.2,percent,oecd_activity,2016-03-31,,2026-09-26,ok,0
oecd_unemployment,fr,nation,2016-04,10.1,percent,oecd_activity,2016-04-30,,2026-09-26,ok,0
oecd_unemployment,fr,nation,2016-05,10,percent,oecd_activity,2016-05-31,,2026-09-26,ok,0
oecd_unemployment,fr,nation,2016-06,9.9,percent,oecd_activity,2016-06-30,,2026-09-26,ok,0
oecd_unemployment,fr,nation,2016-07,9.8,percent,oecd_activity,2016-07-31,,2026-09-26,ok,0
oecd_unemployment,fr,nation,2016-08,9.9,percent,oecd_activity,2016-08-31,,2026-09-26,ok,0
oecd_unemployment,fr,nation,2016-09,9.9,percent,oecd_activity,2016-09-30,,2026-09-26,ok,0
oecd_unemployment,fr,nation,2016-10,10.1,percent,oecd_activity,2016-10-31,,2026-09-26,ok,0
oecd_unemployment,fr,nation,2016-11,10.1,percent,oecd_activity,2016-11-30,,2026-09-26,ok,0
oecd_unemployment,fr,nation,2016-12,10,percent,oecd_activity,2016-12-31,,2026-09-26,ok,0
oecd_unemployment,fr,nation,2017-01,9.7,percent,oecd_activity,2017-01-31,,2026-09-26,ok,0
oecd_unemployment,fr,nation,2017-02,9.6,percent,oecd_activity,2017-02-28,,2026-09-26,ok,0
oecd_unemployment,fr,nation,2017-03,9.6,percent,oecd_activity,2017-03-31,,2026-09-26,ok,0
oecd_unemployment,fr,nation,2017-04,9.5,percent,oecd_activity,2017-04-30,,2026-09-26,ok,0
oecd_unemployment,fr,nation,2017-05,9.5,percent,oecd_activity,2017-05-31,,2026-09-26,ok,0
oecd_unemployment,fr,nation,2017-06,9.5,percent,oecd_activity,2017-06-30,,2026-09-26,ok,0
oecd_unemployment,fr,nation,2017-07,9.6,percent,oecd_activity,2017-07-31,,2026-09-26,ok,0
oecd_unemployment,fr,nation,2017-08,9.5,percent,oecd_activity,2017-08-31,,2026-09-26,ok,0
oecd_unemployment,fr,nation,2017-09,9.3,percent,oecd_activity,2017-09-30,,2026-09-26,ok,0
oecd_unemployment,fr,nation,2017-10,9.1,percent,oecd_activity,2017-10-31,,2026-09-26,ok,0
oecd_unemployment,fr,nation,2017-11,9,percent,oecd_activity,2017-11-30,,2026-09-26,ok,0
oecd_unemployment,fr,nation,2017-12,9,percent,oecd_activity,2017-12-31,,2026-09-26,ok,0
oecd_unemployment,fr,nation,2018-01,9.2,percent,oecd_activity,2018-01-31,,2026-09-26,ok,0
oecd_unemployment,fr,nation,2018-02,9.3,percent,oecd_activity,2018-02-28,,2026-09-26,ok,0
oecd_unemployment,fr,nation,2018-03,9.3,percent,oecd_activity,2018-03-31,,2026-09-26,ok,0
oecd_unemployment,fr,nation,2018-04,9.2,percent,oecd_activity,2018-04-30,,2026-09-26,ok,0
oecd_unemployment,fr,nation,2018-05,9.1,percent,oecd_activity,2018-05-31,,2026-09-26,ok,0
oecd_unemployment,fr,nation,2018-06,9,percent,oecd_activity,2018-06-30,,2026-09-26,ok,0
oecd_unemployment,fr,nation,2018-07,9,percent,oecd_activity,2018-07-31,,2026-09-26,ok,0
oecd_unemployment,fr,nation,2018-08,8.9,percent,oecd_activity,2018-08-31,,2026-09-26,ok,0
oecd_unemployment,fr,nation,2018-09,8.9,percent,oecd_activity,2018-09-30,,2026-09-26,ok,0
oecd_unemployment,fr,nation,2018-10,8.8,percent,oecd_activity,2018-10-31,,2026-09-26,ok,0
oecd_unemployment,fr,nation,2018-11,8.7,percent,oecd_activity,2018-11-30,,2026-09-26,ok,0
oecd_unemployment,fr,nation,2018-12,8.8,percent,oecd_activity,2018-12-31,,2026-09-26,ok,0
oecd_unemployment,fr,nation,2019-01,8.8,percent,oecd_activity,2019-01-31,,2026-09-26,ok,0
oecd_unemployment,fr,nation,2019-02,8.7,percent,oecd_activity,2019-02-28,,2026-09-26,ok,0
oecd_unemployment,fr,nation,2019-03,8.7,percent,oecd_activity,2019-03-31,,2026-09-26,ok,0
oecd_unemployment,fr,nation,2019-04,8.5,percent,oecd_activity,2019-04-30,,2026-09-26,ok,0
oecd_unemployment,fr,nation,2019-05,8.5,percent,oecd_activity,2019-05-31,,2026-09-26,ok,0
oecd_unemployment,fr,nation,2019-06,8.5,percent,oecd_activity,2019-06-30,,2026-09-26,ok,0
oecd_unemployment,fr,nation,2019-07,8.4,percent,oecd_activity,2019-07-31,,2026-09-26,ok,0
oecd_unemployment,fr,nation,2019-08,8.3,percent,oecd_activity,2019-08-31,,2026-09-26,ok,0
oecd_unemployment,fr,nation,2019-09,8.2,percent,oecd_activity,2019-09-30,,2026-09-26,ok,0
oecd_unemployment,fr,nation,2019-10,8.2,percent,oecd_activity,2019-10-31,,2026-09-26,ok,0
oecd_unemployment,fr,nation,2019-11,8.2,percent,oecd_activity,2019-11-30,,2026-09-26,ok,0
oecd_unemployment,fr,nation,2019-12,8.2,percent,oecd_activity,2019-12-31,,2026-09-26,ok,0
oecd_unemployment,fr,nation,2020-01,8.2,percent,oecd_activity,2020-01-31,,2026-09-26,ok,0
oecd_unemployment,fr,nation,2020-02,7.8,percent,oecd_activity,2020-02-29,,2026-09-26,ok,0
oecd_unemployment,fr,nation,2020-03,7.6,percent,oecd_activity,2020-03-31,,2026-09-26,ok,0
oecd_unemployment,fr,nation,2020-04,7.6,percent,oecd_activity,2020-04-30,,2026-09-26,ok,0
oecd_unemployment,fr,nation,2020-05,6.9,percent,oecd_activity,2020-05-31,,2026-09-26,ok,0
oecd_unemployment,fr,nation,2020-06,7.4,percent,oecd_activity,2020-06-30,,2026-09-26,ok,0
oecd_unemployment,fr,nation,2020-07,8.6,percent,oecd_activity,2020-07-31,,2026-09-26,ok,0
oecd_unemployment,fr,nation,2020-08,9.1,percent,oecd_activity,2020-08-31,,2026-09-26,ok,0
oecd_unemployment,fr,nation,2020-09,9,percent,oecd_activity,2020-09-30,,2026-09-26,ok,0
oecd_unemployment,fr,nation,2020-10,8.3,percent,oecd_activity,2020-10-31,,2026-09-26,ok,0
oecd_unemployment,fr,nation,2020-11,8.1,percent,oecd_activity,2020-11-30,,2026-09-26,ok,0
oecd_unemployment,fr,nation,2020-12,7.9,percent,oecd_activity,2020-12-31,,2026-09-26,ok,0
oecd_unemployment,fr,nation,2021-01,8.1,percent,oecd_activity,2021-01-31,,2026-09-26,ok,0
oecd_unemployment,fr,nation,2021-02,8.2,percent,oecd_activity,2021-02-28,,2026-09-26,ok,0
oecd_unemployment,fr,nation,2021-03,8.2,percent,oecd_activity,2021-03-31,,2026-09-26,ok,0
oecd_unemployment,fr,nation,2021-04,8.2,percent,oecd_activity,2021-04-30,,2026-09-26,ok,0
oecd_unemployment,fr,nation,2021-05,8,percent,oecd_activity,2021-05-31,,2026-09-26,ok,0
oecd_unemployment,fr,nation,2021-06,7.9,percent,oecd_activity,2021-06-30,,2026-09-26,ok,0
oecd_unemployment,fr,nation,2021-07,8,percent,oecd_activity,2021-07-31,,2026-09-26,ok,0
oecd_unemployment,fr,nation,2021-08,7.9,percent,oecd_activity,2021-08-31,,2026-09-26,ok,0
oecd_unemployment,fr,nation,2021-09,7.7,percent,oecd_activity,2021-09-30,,2026-09-26,ok,0
oecd_unemployment,fr,nation,2021-10,7.5,percent,oecd_activity,2021-10-31,,2026-09-26,ok,0
oecd_unemployment,fr,nation,2021-11,7.4,percent,oecd_activity,2021-11-30,,2026-09-26,ok,0
oecd_unemployment,fr,nation,2021-12,7.4,percent,oecd_activity,2021-12-31,,2026-09-26,ok,0
oecd_unemployment,fr,nation,2022-01,7.3,percent,oecd_activity,2022-01-31,,2026-09-26,ok,0
oecd_unemployment,fr,nation,2022-02,7.3,percent,oecd_activity,2022-02-28,,2026-09-26,ok,0
oecd_unemployment,fr,nation,2022-03,7.4,percent,oecd_activity,2022-03-31,,2026-09-26,ok,0
oecd_unemployment,fr,nation,2022-04,7.5,percent,oecd_activity,2022-04-30,,2026-09-26,ok,0
oecd_unemployment,fr,nation,2022-05,7.5,percent,oecd_activity,2022-05-31,,2026-09-26,ok,0
oecd_unemployment,fr,nation,2022-06,7.5,percent,oecd_activity,2022-06-30,,2026-09-26,ok,0
oecd_unemployment,fr,nation,2022-07,7.4,percent,oecd_activity,2022-07-31,,2026-09-26,ok,0
oecd_unemployment,fr,nation,2022-08,7.2,percent,oecd_activity,2022-08-31,,2026-09-26,ok,0
oecd_unemployment,fr,nation,2022-09,7.1,percent,oecd_activity,2022-09-30,,2026-09-26,ok,0
oecd_unemployment,fr,nation,2022-10,7.2,percent,oecd_activity,2022-10-31,,2026-09-26,ok,0
oecd_unemployment,fr,nation,2022-11,7.1,percent,oecd_activity,2022-11-30,,2026-09-26,ok,0
oecd_unemployment,fr,nation,2022-12,7.2,percent,oecd_activity,2022-12-31,,2026-09-26,ok,0
oecd_unemployment,fr,nation,2023-01,7.1,percent,oecd_activity,2023-01-31,,2026-09-26,ok,0
oecd_unemployment,fr,nation,2023-02,7.1,percent,oecd_activity,2023-02-28,,2026-09-26,ok,0
oecd_unemployment,fr,nation,2023-03,7.1,percent,oecd_activity,2023-03-31,,2026-09-26,ok,0
oecd_unemployment,fr,nation,2023-04,7.3,percent,oecd_activity,2023-04-30,,2026-09-26,ok,0
oecd_unemployment,fr,nation,2023-05,7.3,percent,oecd_activity,2023-05-31,,2026-09-26,ok,0
oecd_unemployment,fr,nation,2023-06,7.3,percent,oecd_activity,2023-06-30,,2026-09-26,ok,0
oecd_unemployment,fr,nation,2023-07,7.4,percent,oecd_activity,2023-07-31,,2026-09-26,ok,0
oecd_unemployment,fr,nation,2023-08,7.4,percent,oecd_activity,2023-08-31,,2026-09-26,ok,0
oecd_unemployment,fr,nation,2023-09,7.4,percent,oecd_activity,2023-09-30,,2026-09-26,ok,0
oecd_unemployment,fr,nation,2023-10,7.5,percent,oecd_activity,2023-10-31,,2026-09-26,ok,0
oecd_unemployment,fr,nation,2023-11,7.6,percent,oecd_activity,2023-11-30,,2026-09-26,ok,0
oecd_unemployment,fr,nation,2023-12,7.6,percent,oecd_activity,2023-12-31,,2026-09-26,ok,0
oecd_unemployment,fr,nation,2024-01,7.6,percent,oecd_activity,2024-01-31,,2026-09-26,ok,0
oecd_unemployment,fr,nation,2024-02,7.5,percent,oecd_activity,2024-02-29,,2026-09-26,ok,0
oecd_unemployment,fr,nation,2024-03,7.4,percent,oecd_activity,2024-03-31,,2026-09-26,ok,0
oecd_unemployment,fr,nation,2024-04,7.3,percent,oecd_activity,2024-04-30,,2026-09-26,ok,0
oecd_unemployment,fr,nation,2024-05,7.4,percent,oecd_activity,2024-05-31,,2026-09-26,ok,0
oecd_unemployment,fr,nation,2024-06,7.5,percent,oecd_activity,2024-06-30,,2026-09-26,ok,0
oecd_unemployment,fr,nation,2024-07,7.5,percent,oecd_activity,2024-07-31,,2026-09-26,ok,0
oecd_unemployment,fr,nation,2024-08,7.5,percent,oecd_activity,2024-08-31,,2026-09-26,ok,0
oecd_unemployment,fr,nation,2024-09,7.5,percent,oecd_activity,2024-09-30,,2026-09-26,ok,0
oecd_unemployment,fr,nation,2024-10,7.4,percent,oecd_activity,2024-10-31,,2026-09-26,ok,0
oecd_unemployment,fr,nation,2024-11,7.4,percent,oecd_activity,2024-11-30,,2026-09-26,ok,0
oecd_unemployment,fr,nation,2024-12,7.3,percent,oecd_activity,2024-12-31,,2026-09-26,ok,0
oecd_unemployment,fr,nation,2025-01,7.3,percent,oecd_activity,2025-01-31,,2026-09-26,ok,0
oecd_unemployment,fr,nation,2025-02,7.5,percent,oecd_activity,2025-02-28,,2026-09-26,ok,0
oecd_unemployment,fr,nation,2025-03,7.6,percent,oecd_activity,2025-03-31,,2026-09-26,ok,0
oecd_unemployment,fr,nation,2025-04,7.5,percent,oecd_activity,2025-04-30,,2026-09-26,ok,0
oecd_unemployment,fr,nation,2025-05,7.6,percent,oecd_activity,2025-05-31,,2026-09-26,ok,0
oecd_unemployment,fr,nation,2025-06,7.7,percent,oecd_activity,2025-06-30,,2026-09-26,ok,0
oecd_unemployment,fr,nation,2025-07,7.7,percent,oecd_activity,2025-07-31,,2026-09-26,ok,0
oecd_unemployment,fr,nation,2025-08,7.8,percent,oecd_activity,2025-08-31,,2026-09-26,ok,0
oecd_unemployment,fr,nation,2025-09,7.9,percent,oecd_activity,2025-09-30,,2026-09-26,ok,0
oecd_unemployment,fr,nation,2025-10,8,percent,oecd_activity,2025-10-31,,2026-09-26,ok,0
oecd_unemployment,fr,nation,2025-11,8,percent,oecd_activity,2025-11-30,,2026-09-26,ok,0
oecd_unemployment,fr,nation,2025-12,8,percent,oecd_activity,2025-12-31,,2026-09-26,ok,0
oecd_unemployment,fr,nation,2026-01,8.1,percent,oecd_activity,2026-01-31,,2026-09-26,ok,0
oecd_unemployment,fr,nation,2026-02,8.2,percent,oecd_activity,2026-02-28,,2026-09-26,ok,0
oecd_unemployment,fr,nation,2026-03,8.2,percent,oecd_activity,2026-03-31,,2026-09-26,ok,0
oecd_unemployment,fr,nation,2026-04,8.3,percent,oecd_activity,2026-04-30,,2026-09-26,ok,0
oecd_unemployment,fr,nation,2026-05,8.4,percent,oecd_activity,2026-05-31,,2026-09-26,ok,0
oecd_unemployment,fr,nation,2026-06,8.3,percent,oecd_activity,2026-06-30,,2026-09-26,ok,0
oecd_unemployment,fr,nation,2026-07,8.3,percent,oecd_activity,2026-07-31,,2026-09-26,ok,0
oecd_unemployment,gb,nation,2015-01,5.6,percent,oecd_activity,2015-01-31,,2026-09-26,ok,0
oecd_unemployment,gb,nation,2015-02,5.5,percent,oecd_activity,2015-02-28,,2026-09-26,ok,0
oecd_unemployment,gb,nation,2015-03,5.5,percent,oecd_activity,2015-03-31,,2026-09-26,ok,0
oecd_unemployment,gb,nation,2015-04,5.6,percent,oecd_activity,2015-04-30,,2026-09-26,ok,0
oecd_unemployment,gb,nation,2015-05,5.6,percent,oecd_activity,2015-05-31,,2026-09-26,ok,0
oecd_unemployment,gb,nation,2015-06,5.5,percent,oecd_activity,2015-06-30,,2026-09-26,ok,0
oecd_unemployment,gb,nation,2015-07,5.4,percent,oecd_activity,2015-07-31,,2026-09-26,ok,0
oecd_unemployment,gb,nation,2015-08,5.3,percent,oecd_activity,2015-08-31,,2026-09-26,ok,0
oecd_unemployment,gb,nation,2015-09,5.2,percent,oecd_activity,2015-09-30,,2026-09-26,ok,0
oecd_unemployment,gb,nation,2015-10,5.1,percent,oecd_activity,2015-10-31,,2026-09-26,ok,0
oecd_unemployment,gb,nation,2015-11,5.1,percent,oecd_activity,2015-11-30,,2026-09-26,ok,0
oecd_unemployment,gb,nation,2015-12,5.1,percent,oecd_activity,2015-12-31,,2026-09-26,ok,0
oecd_unemployment,gb,nation,2016-01,5.1,percent,oecd_activity,2016-01-31,,2026-09-26,ok,0
oecd_unemployment,gb,nation,2016-02,5.1,percent,oecd_activity,2016-02-29,,2026-09-26,ok,0
oecd_unemployment,gb,nation,2016-03,5,percent,oecd_activity,2016-03-31,,2026-09-26,ok,0
oecd_unemployment,gb,nation,2016-04,4.9,percent,oecd_activity,2016-04-30,,2026-09-26,ok,0
oecd_unemployment,gb,nation,2016-05,4.9,percent,oecd_activity,2016-05-31,,2026-09-26,ok,0
oecd_unemployment,gb,nation,2016-06,4.9,percent,oecd_activity,2016-06-30,,2026-09-26,ok,0
oecd_unemployment,gb,nation,2016-07,5,percent,oecd_activity,2016-07-31,,2026-09-26,ok,0
oecd_unemployment,gb,nation,2016-08,4.8,percent,oecd_activity,2016-08-31,,2026-09-26,ok,0
oecd_unemployment,gb,nation,2016-09,4.8,percent,oecd_activity,2016-09-30,,2026-09-26,ok,0
oecd_unemployment,gb,nation,2016-10,4.8,percent,oecd_activity,2016-10-31,,2026-09-26,ok,0
oecd_unemployment,gb,nation,2016-11,4.7,percent,oecd_activity,2016-11-30,,2026-09-26,ok,0
oecd_unemployment,gb,nation,2016-12,4.7,percent,oecd_activity,2016-12-31,,2026-09-26,ok,0
oecd_unemployment,gb,nation,2017-01,4.6,percent,oecd_activity,2017-01-31,,2026-09-26,ok,0
oecd_unemployment,gb,nation,2017-02,4.6,percent,oecd_activity,2017-02-28,,2026-09-26,ok,0
oecd_unemployment,gb,nation,2017-03,4.5,percent,oecd_activity,2017-03-31,,2026-09-26,ok,0
oecd_unemployment,gb,nation,2017-04,4.4,percent,oecd_activity,2017-04-30,,2026-09-26,ok,0
oecd_unemployment,gb,nation,2017-05,4.4,percent,oecd_activity,2017-05-31,,2026-09-26,ok,0
oecd_unemployment,gb,nation,2017-06,4.3,percent,oecd_activity,2017-06-30,,2026-09-26,ok,0
oecd_unemployment,gb,nation,2017-07,4.3,percent,oecd_activity,2017-07-31,,2026-09-26,ok,0
oecd_unemployment,gb,nation,2017-08,4.3,percent,oecd_activity,2017-08-31,,2026-09-26,ok,0
oecd_unemployment,gb,nation,2017-09,4.2,percent,oecd_activity,2017-09-30,,2026-09-26,ok,0
oecd_unemployment,gb,nation,2017-10,4.3,percent,oecd_activity,2017-10-31,,2026-09-26,ok,0
oecd_unemployment,gb,nation,2017-11,4.4,percent,oecd_activity,2017-11-30,,2026-09-26,ok,0
oecd_unemployment,gb,nation,2017-12,4.3,percent,oecd_activity,2017-12-31,,2026-09-26,ok,0
oecd_unemployment,gb,nation,2018-01,4.2,percent,oecd_activity,2018-01-31,,2026-09-26,ok,0
oecd_unemployment,gb,nation,2018-02,4.2,percent,oecd_activity,2018-02-28,,2026-09-26,ok,0
oecd_unemployment,gb,nation,2018-03,4.2,percent,oecd_activity,2018-03-31,,2026-09-26,ok,0
oecd_unemployment,gb,nation,2018-04,4.2,percent,oecd_activity,2018-04-30,,2026-09-26,ok,0
oecd_unemployment,gb,nation,2018-05,4,percent,oecd_activity,2018-05-31,,2026-09-26,ok,0
oecd_unemployment,gb,nation,2018-06,4,percent,oecd_activity,2018-06-30,,2026-09-26,ok,0
oecd_unemployment,gb,nation,2018-07,4,percent,oecd_activity,2018-07-31,,2026-09-26,ok,0
oecd_unemployment,gb,nation,2018-08,4.1,percent,oecd_activity,2018-08-31,,2026-09-26,ok,0
oecd_unemployment,gb,nation,2018-09,4.1,percent,oecd_activity,2018-09-30,,2026-09-26,ok,0
oecd_unemployment,gb,nation,2018-10,4,percent,oecd_activity,2018-10-31,,2026-09-26,ok,0
oecd_unemployment,gb,nation,2018-11,4,percent,oecd_activity,2018-11-30,,2026-09-26,ok,0
oecd_unemployment,gb,nation,2018-12,3.9,percent,oecd_activity,2018-12-31,,2026-09-26,ok,0
oecd_unemployment,gb,nation,2019-01,4,percent,oecd_activity,2019-01-31,,2026-09-26,ok,0
oecd_unemployment,gb,nation,2019-02,3.8,percent,oecd_activity,2019-02-28,,2026-09-26,ok,0
oecd_unemployment,gb,nation,2019-03,3.8,percent,oecd_activity,2019-03-31,,2026-09-26,ok,0
oecd_unemployment,gb,nation,2019-04,3.8,percent,oecd_activity,2019-04-30,,2026-09-26,ok,0
oecd_unemployment,gb,nation,2019-05,3.9,percent,oecd_activity,2019-05-31,,2026-09-26,ok,0
oecd_unemployment,gb,nation,2019-06,3.9,percent,oecd_activity,2019-06-30,,2026-09-26,ok,0
oecd_unemployment,gb,nation,2019-07,3.9,percent,oecd_activity,2019-07-31,,2026-09-26,ok,0
oecd_unemployment,gb,nation,2019-08,3.9,percent,oecd_activity,2019-08-31,,2026-09-26,ok,0
oecd_unemployment,gb,nation,2019-09,3.8,percent,oecd_activity,2019-09-30,,2026-09-26,ok,0
oecd_unemployment,gb,nation,2019-10,3.8,percent,oecd_activity,2019-10-31,,2026-09-26,ok,0
oecd_unemployment,gb,nation,2019-11,3.7,percent,oecd_activity,2019-11-30,,2026-09-26,ok,0
oecd_unemployment,gb,nation,2019-12,3.9,percent,oecd_activity,2019-12-31,,2026-09-26,ok,0
oecd_unemployment,gb,nation,2020-01,3.9,percent,oecd_activity,2020-01-31,,2026-09-26,ok,0
oecd_unemployment,gb,nation,2020-02,4.1,percent,oecd_activity,2020-02-29,,2026-09-26,ok,0
oecd_unemployment,gb,nation,2020-03,4.1,percent,oecd_activity,2020-03-31,,2026-09-26,ok,0
oecd_unemployment,gb,nation,2020-04,4.1,percent,oecd_activity,2020-04-30,,2026-09-26,ok,0
oecd_unemployment,gb,nation,2020-05,4.1,percent,oecd_activity,2020-05-31,,2026-09-26,ok,0
oecd_unemployment,gb,nation,2020-06,4.4,percent,oecd_activity,2020-06-30,,2026-09-26,ok,0
oecd_unemployment,gb,nation,2020-07,4.6,percent,oecd_activity,2020-07-31,,2026-09-26,ok,0
oecd_unemployment,gb,nation,2020-08,5,percent,oecd_activity,2020-08-31,,2026-09-26,ok,0
oecd_unemployment,gb,nation,2020-09,5.2,percent,oecd_activity,2020-09-30,,2026-09-26,ok,0
oecd_unemployment,gb,nation,2020-10,5.2,percent,oecd_activity,2020-10-31,,2026-09-26,ok,0
oecd_unemployment,gb,nation,2020-11,5.3,percent,oecd_activity,2020-11-30,,2026-09-26,ok,0
oecd_unemployment,gb,nation,2020-12,5.2,percent,oecd_activity,2020-12-31,,2026-09-26,ok,0
oecd_unemployment,gb,nation,2021-01,5,percent,oecd_activity,2021-01-31,,2026-09-26,ok,0
oecd_unemployment,gb,nation,2021-02,4.9,percent,oecd_activity,2021-02-28,,2026-09-26,ok,0
oecd_unemployment,gb,nation,2021-03,4.8,percent,oecd_activity,2021-03-31,,2026-09-26,ok,0
oecd_unemployment,gb,nation,2021-04,4.8,percent,oecd_activity,2021-04-30,,2026-09-26,ok,0
oecd_unemployment,gb,nation,2021-05,4.7,percent,oecd_activity,2021-05-31,,2026-09-26,ok,0
oecd_unemployment,gb,nation,2021-06,4.6,percent,oecd_activity,2021-06-30,,2026-09-26,ok,0
oecd_unemployment,gb,nation,2021-07,4.5,percent,oecd_activity,2021-07-31,,2026-09-26,ok,0
oecd_unemployment,gb,nation,2021-08,4.4,percent,oecd_activity,2021-08-31,,2026-09-26,ok,0
oecd_unemployment,gb,nation,2021-09,4.3,percent,oecd_activity,2021-09-30,,2026-09-26,ok,0
oecd_unemployment,gb,nation,2021-10,4.2,percent,oecd_activity,2021-10-31,,2026-09-26,ok,0
oecd_unemployment,gb,nation,2021-11,4.2,percent,oecd_activity,2021-11-30,,2026-09-26,ok,0
oecd_unemployment,gb,nation,2021-12,4.1,percent,oecd_activity,2021-12-31,,2026-09-26,ok,0
oecd_unemployment,gb,nation,2022-01,3.9,percent,oecd_activity,2022-01-31,,2026-09-26,ok,0
oecd_unemployment,gb,nation,2022-02,3.8,percent,oecd_activity,2022-02-28,,2026-09-26,ok,0
oecd_unemployment,gb,nation,2022-03,3.8,percent,oecd_activity,2022-03-31,,2026-09-26,ok,0
oecd_unemployment,gb,nation,2022-04,3.7,percent,oecd_activity,2022-04-30,,2026-09-26,ok,0
oecd_unemployment,gb,nation,2022-05,3.8,percent,oecd_activity,2022-05-31,,2026-09-26,ok,0
oecd_unemployment,gb,nation,2022-06,3.6,percent,oecd_activity,2022-06-30,,2026-09-26,ok,0
oecd_unemployment,gb,nation,2022-07,3.6,percent,oecd_activity,2022-07-31,,2026-09-26,ok,0
oecd_unemployment,gb,nation,2022-08,3.7,percent,oecd_activity,2022-08-31,,2026-09-26,ok,0
oecd_unemployment,gb,nation,2022-09,3.8,percent,oecd_activity,2022-09-30,,2026-09-26,ok,0
oecd_unemployment,gb,nation,2022-10,3.9,percent,oecd_activity,2022-10-31,,2026-09-26,ok,0
oecd_unemployment,gb,nation,2022-11,3.9,percent,oecd_activity,2022-11-30,,2026-09-26,ok,0
oecd_unemployment,gb,nation,2022-12,3.9,percent,oecd_activity,2022-12-31,,2026-09-26,ok,0
oecd_unemployment,gb,nation,2023-01,4,percent,oecd_activity,2023-01-31,,2026-09-26,ok,0
oecd_unemployment,gb,nation,2023-02,4,percent,oecd_activity,2023-02-28,,2026-09-26,ok,0
oecd_unemployment,gb,nation,2023-03,3.9,percent,oecd_activity,2023-03-31,,2026-09-26,ok,0
oecd_unemployment,gb,nation,2023-04,4,percent,oecd_activity,2023-04-30,,2026-09-26,ok,0
oecd_unemployment,gb,nation,2023-05,4.2,percent,oecd_activity,2023-05-31,,2026-09-26,ok,0
oecd_unemployment,gb,nation,2023-06,4.4,percent,oecd_activity,2023-06-30,,2026-09-26,ok,0
oecd_unemployment,gb,nation,2023-07,4.3,percent,oecd_activity,2023-07-31,,2026-09-26,ok,0
oecd_unemployment,gb,nation,2023-08,4.1,percent,oecd_activity,2023-08-31,,2026-09-26,ok,0
oecd_unemployment,gb,nation,2023-09,4,percent,oecd_activity,2023-09-30,,2026-09-26,ok,0
oecd_unemployment,gb,nation,2023-10,4,percent,oecd_activity,2023-10-31,,2026-09-26,ok,0
oecd_unemployment,gb,nation,2023-11,3.9,percent,oecd_activity,2023-11-30,,2026-09-26,ok,0
oecd_unemployment,gb,nation,2023-12,4.1,percent,oecd_activity,2023-12-31,,2026-09-26,ok,0
oecd_unemployment,gb,nation,2024-01,4.2,percent,oecd_activity,2024-01-31,,2026-09-26,ok,0
oecd_unemployment,gb,nation,2024-02,4.3,percent,oecd_activity,2024-02-29,,2026-09-26,ok,0
oecd_unemployment,gb,nation,2024-03,4.4,percent,oecd_activity,2024-03-31,,2026-09-26,ok,0
oecd_unemployment,gb,nation,2024-04,4.4,percent,oecd_activity,2024-04-30,,2026-09-26,ok,0
oecd_unemployment,gb,nation,2024-05,4.2,percent,oecd_activity,2024-05-31,,2026-09-26,ok,0
oecd_unemployment,gb,nation,2024-06,4.2,percent,oecd_activity,2024-06-30,,2026-09-26,ok,0
oecd_unemployment,gb,nation,2024-07,4.1,percent,oecd_activity,2024-07-31,,2026-09-26,ok,0
oecd_unemployment,gb,nation,2024-08,4.3,percent,oecd_activity,2024-08-31,,2026-09-26,ok,0
oecd_unemployment,gb,nation,2024-09,4.2,percent,oecd_activity,2024-09-30,,2026-09-26,ok,0
oecd_unemployment,gb,nation,2024-10,4.4,percent,oecd_activity,2024-10-31,,2026-09-26,ok,0
oecd_unemployment,gb,nation,2024-11,4.4,percent,oecd_activity,2024-11-30,,2026-09-26,ok,0
oecd_unemployment,gb,nation,2024-12,4.4,percent,oecd_activity,2024-12-31,,2026-09-26,ok,0
oecd_unemployment,gb,nation,2025-01,4.5,percent,oecd_activity,2025-01-31,,2026-09-26,ok,0
oecd_unemployment,gb,nation,2025-02,4.6,percent,oecd_activity,2025-02-28,,2026-09-26,ok,0
oecd_unemployment,gb,nation,2025-03,4.6,percent,oecd_activity,2025-03-31,,2026-09-26,ok,0
oecd_unemployment,gb,nation,2025-04,4.7,percent,oecd_activity,2025-04-30,,2026-09-26,ok,0
oecd_unemployment,gb,nation,2025-05,4.7,percent,oecd_activity,2025-05-31,,2026-09-26,ok,0
oecd_unemployment,gb,nation,2025-06,4.7,percent,oecd_activity,2025-06-30,,2026-09-26,ok,0
oecd_unemployment,gb,nation,2025-07,4.8,percent,oecd_activity,2025-07-31,,2026-09-26,ok,0
oecd_unemployment,gb,nation,2025-08,5,percent,oecd_activity,2025-08-31,,2026-09-26,ok,0
oecd_unemployment,gb,nation,2025-09,5.1,percent,oecd_activity,2025-09-30,,2026-09-26,ok,0
oecd_unemployment,gb,nation,2025-10,5.1,percent,oecd_activity,2025-10-31,,2026-09-26,ok,0
oecd_unemployment,gb,nation,2025-11,5.2,percent,oecd_activity,2025-11-30,,2026-09-26,ok,0
oecd_unemployment,gb,nation,2025-12,5.2,percent,oecd_activity,2025-12-31,,2026-09-26,ok,0
oecd_unemployment,gb,nation,2026-01,4.9,percent,oecd_activity,2026-01-31,,2026-09-26,ok,0
oecd_unemployment,gb,nation,2026-02,5,percent,oecd_activity,2026-02-28,,2026-09-26,ok,0
oecd_unemployment,gb,nation,2026-03,4.9,percent,oecd_activity,2026-03-31,,2026-09-26,ok,0
oecd_unemployment,gb,nation,2026-04,4.9,percent,oecd_activity,2026-04-30,,2026-09-26,ok,0
oecd_unemployment,gb,nation,2026-05,4.9,percent,oecd_activity,2026-05-31,,2026-09-26,ok,0
oecd_unemployment,ie,nation,2015-01,10.7,percent,oecd_activity,2015-01-31,,2026-09-26,ok,0
oecd_unemployment,ie,nation,2015-02,10.7,percent,oecd_activity,2015-02-28,,2026-09-26,ok,0
oecd_unemployment,ie,nation,2015-03,10.5,percent,oecd_activity,2015-03-31,,2026-09-26,ok,0
oecd_unemployment,ie,nation,2015-04,10.3,percent,oecd_activity,2015-04-30,,2026-09-26,ok,0
oecd_unemployment,ie,nation,2015-05,10,percent,oecd_activity,2015-05-31,,2026-09-26,ok,0
oecd_unemployment,ie,nation,2015-06,9.9,percent,oecd_activity,2015-06-30,,2026-09-26,ok,0
oecd_unemployment,ie,nation,2015-07,9.6,percent,oecd_activity,2015-07-31,,2026-09-26,ok,0
oecd_unemployment,ie,nation,2015-08,9.5,percent,oecd_activity,2015-08-31,,2026-09-26,ok,0
oecd_unemployment,ie,nation,2015-09,9.5,percent,oecd_activity,2015-09-30,,2026-09-26,ok,0
oecd_unemployment,ie,nation,2015-10,9.6,percent,oecd_activity,2015-10-31,,2026-09-26,ok,0
oecd_unemployment,ie,nation,2015-11,9.6,percent,oecd_activity,2015-11-30,,2026-09-26,ok,0
oecd_unemployment,ie,nation,2015-12,9.1,percent,oecd_activity,2015-12-31,,2026-09-26,ok,0
oecd_unemployment,ie,nation,2016-01,9.1,percent,oecd_activity,2016-01-31,,2026-09-26,ok,0
oecd_unemployment,ie,nation,2016-02,8.9,percent,oecd_activity,2016-02-29,,2026-09-26,ok,0
oecd_unemployment,ie,nation,2016-03,8.8,percent,oecd_activity,2016-03-31,,2026-09-26,ok,0
oecd_unemployment,ie,nation,2016-04,9,percent,oecd_activity,2016-04-30,,2026-09-26,ok,0
oecd_unemployment,ie,nation,2016-05,8.8,percent,oecd_activity,2016-05-31,,2026-09-26,ok,0
oecd_unemployment,ie,nation,2016-06,8.7,percent,oecd_activity,2016-06-30,,2026-09-26,ok,0
oecd_unemployment,ie,nation,2016-07,8.5,percent,oecd_activity,2016-07-31,,2026-09-26,ok,0
oecd_unemployment,ie,nation,2016-08,8.3,percent,oecd_activity,2016-08-31,,2026-09-26,ok,0
oecd_unemployment,ie,nation,2016-09,7.9,percent,oecd_activity,2016-09-30,,2026-09-26,ok,0
oecd_unemployment,ie,nation,2016-10,7.7,percent,oecd_activity,2016-10-31,,2026-09-26,ok,0
oecd_unemployment,ie,nation,2016-11,7.5,percent,oecd_activity,2016-11-30,,2026-09-26,ok,0
oecd_unemployment,ie,nation,2016-12,7.5,percent,oecd_activity,2016-12-31,,2026-09-26,ok,0
oecd_unemployment,ie,nation,2017-01,7.4,percent,oecd_activity,2017-01-31,,2026-09-26,ok,0
oecd_unemployment,ie,nation,2017-02,7.3,percent,oecd_activity,2017-02-28,,2026-09-26,ok,0
oecd_unemployment,ie,nation,2017-03,7.1,percent,oecd_activity,2017-03-31,,2026-09-26,ok,0
oecd_unemployment,ie,nation,2017-04,6.8,percent,oecd_activity,2017-04-30,,2026-09-26,ok,0
oecd_unemployment,ie,nation,2017-05,6.6,percent,oecd_activity,2017-05-31,,2026-09-26,ok,0
oecd_unemployment,ie,nation,2017-06,6.6,percent,oecd_activity,2017-06-30,,2026-09-26,ok,0
oecd_unemployment,ie,nation,2017-07,6.7,percent,oecd_activity,2017-07-31,,2026-09-26,ok,0
oecd_unemployment,ie,nation,2017-08,6.6,percent,oecd_activity,2017-08-31,,2026-09-26,ok,0
oecd_unemployment,ie,nation,2017-09,6.6,percent,oecd_activity,2017-09-30,,2026-09-26,ok,0
oecd_unemployment,ie,nation,2017-10,6.6,percent,oecd_activity,2017-10-31,,2026-09-26,ok,0
oecd_unemployment,ie,nation,2017-11,6.4,percent,oecd_activity,2017-11-30,,2026-09-26,ok,0
oecd_unemployment,ie,nation,2017-12,6.3,percent,oecd_activity,2017-12-31,,2026-09-26,ok,0
oecd_unemployment,ie,nation,2018-01,6.1,percent,oecd_activity,2018-01-31,,2026-09-26,ok,0
oecd_unemployment,ie,nation,2018-02,6,percent,oecd_activity,2018-02-28,,2026-09-26,ok,0
oecd_unemployment,ie,nation,2018-03,5.8,percent,oecd_activity,2018-03-31,,2026-09-26,ok,0
oecd_unemployment,ie,nation,2018-04,5.9,percent,oecd_activity,2018-04-30,,2026-09-26,ok,0
oecd_unemployment,ie,nation,2018-05,5.9,percent,oecd_activity,2018-05-31,,2026-09-26,ok,0
oecd_unemployment,ie,nation,2018-06,5.8,percent,oecd_activity,2018-06-30,,2026-09-26,ok,0
oecd_unemployment,ie,nation,2018-07,5.7,percent,oecd_activity,2018-07-31,,2026-09-26,ok,0
oecd_unemployment,ie,nation,2018-08,5.7,percent,oecd_activity,2018-08-31,,2026-09-26,ok,0
oecd_unemployment,ie,nation,2018-09,5.7,percent,oecd_activity,2018-09-30,,2026-09-26,ok,0
oecd_unemployment,ie,nation,2018-10,5.9,percent,oecd_activity,2018-10-31,,2026-09-26,ok,0
oecd_unemployment,ie,nation,2018-11,5.8,percent,oecd_activity,2018-11-30,,2026-09-26,ok,0
oecd_unemployment,ie,nation,2018-12,5.5,percent,oecd_activity,2018-12-31,,2026-09-26,ok,0
oecd_unemployment,ie,nation,2019-01,5.2,percent,oecd_activity,2019-01-31,,2026-09-26,ok,0
oecd_unemployment,ie,nation,2019-02,4.9,percent,oecd_activity,2019-02-28,,2026-09-26,ok,0
oecd_unemployment,ie,nation,2019-03,5,percent,oecd_activity,2019-03-31,,2026-09-26,ok,0
oecd_unemployment,ie,nation,2019-04,5.1,percent,oecd_activity,2019-04-30,,2026-09-26,ok,0
oecd_unemployment,ie,nation,2019-05,5.2,percent,oecd_activity,2019-05-31,,2026-09-26,ok,0
oecd_unemployment,ie,nation,2019-06,5.2,percent,oecd_activity,2019-06-30,,2026-09-26,ok,0
oecd_unemployment,ie,nation,2019-07,5.1,percent,oecd_activity,2019-07-31,,2026-09-26,ok,0
oecd_unemployment,ie,nation,2019-08,5,percent,oecd_activity,2019-08-31,,2026-09-26,ok,0
oecd_unemployment,ie,nation,2019-09,4.9,percent,oecd_activity,2019-09-30,,2026-09-26,ok,0
oecd_unemployment,ie,nation,2019-10,4.8,percent,oecd_activity,2019-10-31,,2026-09-26,ok,0
oecd_unemployment,ie,nation,2019-11,4.8,percent,oecd_activity,2019-11-30,,2026-09-26,ok,0
oecd_unemployment,ie,nation,2019-12,4.8,percent,oecd_activity,2019-12-31,,2026-09-26,ok,0
oecd_unemployment,ie,nation,2020-01,5,percent,oecd_activity,2020-01-31,,2026-09-26,ok,0
oecd_unemployment,ie,nation,2020-02,4.9,percent,oecd_activity,2020-02-29,,2026-09-26,ok,0
oecd_unemployment,ie,nation,2020-03,4.9,percent,oecd_activity,2020-03-31,,2026-09-26,ok,0
oecd_unemployment,ie,nation,2020-04,4.7,percent,oecd_activity,2020-04-30,,2026-09-26,ok,0
oecd_unemployment,ie,nation,2020-05,5,percent,oecd_activity,2020-05-31,,2026-09-26,ok,0
oecd_unemployment,ie,nation,2020-06,5.7,percent,oecd_activity,2020-06-30,,2026-09-26,ok,0
oecd_unemployment,ie,nation,2020-07,6.7,percent,oecd_activity,2020-07-31,,2026-09-26,ok,0
oecd_unemployment,ie,nation,2020-08,7.1,percent,oecd_activity,2020-08-31,,2026-09-26,ok,0
oecd_unemployment,ie,nation,2020-09,7.3,percent,oecd_activity,2020-09-30,,2026-09-26,ok,0
oecd_unemployment,ie,nation,2020-10,6.4,percent,oecd_activity,2020-10-31,,2026-09-26,ok,0
oecd_unemployment,ie,nation,2020-11,6.2,percent,oecd_activity,2020-11-30,,2026-09-26,ok,0
oecd_unemployment,ie,nation,2020-12,6.2,percent,oecd_activity,2020-12-31,,2026-09-26,ok,0
oecd_unemployment,ie,nation,2021-01,7,percent,oecd_activity,2021-01-31,,2026-09-26,ok,0
oecd_unemployment,ie,nation,2021-02,7.5,percent,oecd_activity,2021-02-28,,2026-09-26,ok,0
oecd_unemployment,ie,nation,2021-03,7.7,percent,oecd_activity,2021-03-31,,2026-09-26,ok,0
oecd_unemployment,ie,nation,2021-04,7.5,percent,oecd_activity,2021-04-30,,2026-09-26,ok,0
oecd_unemployment,ie,nation,2021-05,7,percent,oecd_activity,2021-05-31,,2026-09-26,ok,0
oecd_unemployment,ie,nation,2021-06,6.4,percent,oecd_activity,2021-06-30,,2026-09-26,ok,0
oecd_unemployment,ie,nation,2021-07,5.8,percent,oecd_activity,2021-07-31,,2026-09-26,ok,0
oecd_unemployment,ie,nation,2021-08,5.4,percent,oecd_activity,2021-08-31,,2026-09-26,ok,0
oecd_unemployment,ie,nation,2021-09,5.2,percent,oecd_activity,2021-09-30,,2026-09-26,ok,0
oecd_unemployment,ie,nation,2021-10,5.3,percent,oecd_activity,2021-10-31,,2026-09-26,ok,0
oecd_unemployment,ie,nation,2021-11,5.3,percent,oecd_activity,2021-11-30,,2026-09-26,ok,0
oecd_unemployment,ie,nation,2021-12,5.1,percent,oecd_activity,2021-12-31,,2026-09-26,ok,0
oecd_unemployment,ie,nation,2022-01,5,percent,oecd_activity,2022-01-31,,2026-09-26,ok,0
oecd_unemployment,ie,nation,2022-02,4.7,percent,oecd_activity,2022-02-28,,2026-09-26,ok,0
oecd_unemployment,ie,nation,2022-03,5,percent,oecd_activity,2022-03-31,,2026-09-26,ok,0
oecd_unemployment,ie,nation,2022-04,4.5,percent,oecd_activity,2022-04-30,,2026-09-26,ok,0
oecd_unemployment,ie,nation,2022-05,4.2,percent,oecd_activity,2022-05-31,,2026-09-26,ok,0
oecd_unemployment,ie,nation,2022-06,4.1,percent,oecd_activity,2022-06-30,,2026-09-26,ok,0
oecd_unemployment,ie,nation,2022-07,4.2,percent,oecd_activity,2022-07-31,,2026-09-26,ok,0
oecd_unemployment,ie,nation,2022-08,4.2,percent,oecd_activity,2022-08-31,,2026-09-26,ok,0
oecd_unemployment,ie,nation,2022-09,4.2,percent,oecd_activity,2022-09-30,,2026-09-26,ok,0
oecd_unemployment,ie,nation,2022-10,4.5,percent,oecd_activity,2022-10-31,,2026-09-26,ok,0
oecd_unemployment,ie,nation,2022-11,4.5,percent,oecd_activity,2022-11-30,,2026-09-26,ok,0
oecd_unemployment,ie,nation,2022-12,4.3,percent,oecd_activity,2022-12-31,,2026-09-26,ok,0
oecd_unemployment,ie,nation,2023-01,4.3,percent,oecd_activity,2023-01-31,,2026-09-26,ok,0
oecd_unemployment,ie,nation,2023-02,4.2,percent,oecd_activity,2023-02-28,,2026-09-26,ok,0
oecd_unemployment,ie,nation,2023-03,4.1,percent,oecd_activity,2023-03-31,,2026-09-26,ok,0
oecd_unemployment,ie,nation,2023-04,4.1,percent,oecd_activity,2023-04-30,,2026-09-26,ok,0
oecd_unemployment,ie,nation,2023-05,4.2,percent,oecd_activity,2023-05-31,,2026-09-26,ok,0
oecd_unemployment,ie,nation,2023-06,4.3,percent,oecd_activity,2023-06-30,,2026-09-26,ok,0
oecd_unemployment,ie,nation,2023-07,4.3,percent,oecd_activity,2023-07-31,,2026-09-26,ok,0
oecd_unemployment,ie,nation,2023-08,4.3,percent,oecd_activity,2023-08-31,,2026-09-26,ok,0
oecd_unemployment,ie,nation,2023-09,4.5,percent,oecd_activity,2023-09-30,,2026-09-26,ok,0
oecd_unemployment,ie,nation,2023-10,4.5,percent,oecd_activity,2023-10-31,,2026-09-26,ok,0
oecd_unemployment,ie,nation,2023-11,4.5,percent,oecd_activity,2023-11-30,,2026-09-26,ok,0
oecd_unemployment,ie,nation,2023-12,4.4,percent,oecd_activity,2023-12-31,,2026-09-26,ok,0
oecd_unemployment,ie,nation,2024-01,4.4,percent,oecd_activity,2024-01-31,,2026-09-26,ok,0
oecd_unemployment,ie,nation,2024-02,4.2,percent,oecd_activity,2024-02-29,,2026-09-26,ok,0
oecd_unemployment,ie,nation,2024-03,4.2,percent,oecd_activity,2024-03-31,,2026-09-26,ok,0
oecd_unemployment,ie,nation,2024-04,4.4,percent,oecd_activity,2024-04-30,,2026-09-26,ok,0
oecd_unemployment,ie,nation,2024-05,4.4,percent,oecd_activity,2024-05-31,,2026-09-26,ok,0
oecd_unemployment,ie,nation,2024-06,4.4,percent,oecd_activity,2024-06-30,,2026-09-26,ok,0
oecd_unemployment,ie,nation,2024-07,4.4,percent,oecd_activity,2024-07-31,,2026-09-26,ok,0
oecd_unemployment,ie,nation,2024-08,4.1,percent,oecd_activity,2024-08-31,,2026-09-26,ok,0
oecd_unemployment,ie,nation,2024-09,4.1,percent,oecd_activity,2024-09-30,,2026-09-26,ok,0
oecd_unemployment,ie,nation,2024-10,4.2,percent,oecd_activity,2024-10-31,,2026-09-26,ok,0
oecd_unemployment,ie,nation,2024-11,4.3,percent,oecd_activity,2024-11-30,,2026-09-26,ok,0
oecd_unemployment,ie,nation,2024-12,4.5,percent,oecd_activity,2024-12-31,,2026-09-26,ok,0
oecd_unemployment,ie,nation,2025-01,4.4,percent,oecd_activity,2025-01-31,,2026-09-26,ok,0
oecd_unemployment,ie,nation,2025-02,4.4,percent,oecd_activity,2025-02-28,,2026-09-26,ok,0
oecd_unemployment,ie,nation,2025-03,4.5,percent,oecd_activity,2025-03-31,,2026-09-26,ok,0
oecd_unemployment,ie,nation,2025-04,4.6,percent,oecd_activity,2025-04-30,,2026-09-26,ok,0
oecd_unemployment,ie,nation,2025-05,4.6,percent,oecd_activity,2025-05-31,,2026-09-26,ok,0
oecd_unemployment,ie,nation,2025-06,4.7,percent,oecd_activity,2025-06-30,,2026-09-26,ok,0
oecd_unemployment,ie,nation,2025-07,5,percent,oecd_activity,2025-07-31,,2026-09-26,ok,0
oecd_unemployment,ie,nation,2025-08,4.9,percent,oecd_activity,2025-08-31,,2026-09-26,ok,0
oecd_unemployment,ie,nation,2025-09,4.8,percent,oecd_activity,2025-09-30,,2026-09-26,ok,0
oecd_unemployment,ie,nation,2025-10,4.6,percent,oecd_activity,2025-10-31,,2026-09-26,ok,0
oecd_unemployment,ie,nation,2025-11,4.6,percent,oecd_activity,2025-11-30,,2026-09-26,ok,0
oecd_unemployment,ie,nation,2025-12,4.8,percent,oecd_activity,2025-12-31,,2026-09-26,ok,0
oecd_unemployment,ie,nation,2026-01,5,percent,oecd_activity,2026-01-31,,2026-09-26,ok,0
oecd_unemployment,ie,nation,2026-02,5.1,percent,oecd_activity,2026-02-28,,2026-09-26,ok,0
oecd_unemployment,ie,nation,2026-03,5.1,percent,oecd_activity,2026-03-31,,2026-09-26,ok,0
oecd_unemployment,ie,nation,2026-04,4.9,percent,oecd_activity,2026-04-30,,2026-09-26,ok,0
oecd_unemployment,ie,nation,2026-05,4.9,percent,oecd_activity,2026-05-31,,2026-09-26,ok,0
oecd_unemployment,ie,nation,2026-06,5,percent,oecd_activity,2026-06-30,,2026-09-26,ok,0
oecd_unemployment,ie,nation,2026-07,5.1,percent,oecd_activity,2026-07-31,,2026-09-26,ok,0
oecd_unemployment,it,nation,2015-01,12.4,percent,oecd_activity,2015-01-31,,2026-09-26,ok,0
oecd_unemployment,it,nation,2015-02,12.4,percent,oecd_activity,2015-02-28,,2026-09-26,ok,0
oecd_unemployment,it,nation,2015-03,12.5,percent,oecd_activity,2015-03-31,,2026-09-26,ok,0
oecd_unemployment,it,nation,2015-04,12.2,percent,oecd_activity,2015-04-30,,2026-09-26,ok,0
oecd_unemployment,it,nation,2015-05,12.3,percent,oecd_activity,2015-05-31,,2026-09-26,ok,0
oecd_unemployment,it,nation,2015-06,12.3,percent,oecd_activity,2015-06-30,,2026-09-26,ok,0
oecd_unemployment,it,nation,2015-07,11.8,percent,oecd_activity,2015-07-31,,2026-09-26,ok,0
oecd_unemployment,it,nation,2015-08,11.8,percent,oecd_activity,2015-08-31,,2026-09-26,ok,0
oecd_unemployment,it,nation,2015-09,11.6,percent,oecd_activity,2015-09-30,,2026-09-26,ok,0
oecd_unemployment,it,nation,2015-10,11.7,percent,oecd_activity,2015-10-31,,2026-09-26,ok,0
oecd_unemployment,it,nation,2015-11,11.4,percent,oecd_activity,2015-11-30,,2026-09-26,ok,0
oecd_unemployment,it,nation,2015-12,11.7,percent,oecd_activity,2015-12-31,,2026-09-26,ok,0
oecd_unemployment,it,nation,2016-01,11.6,percent,oecd_activity,2016-01-31,,2026-09-26,ok,0
oecd_unemployment,it,nation,2016-02,11.7,percent,oecd_activity,2016-02-29,,2026-09-26,ok,0
oecd_unemployment,it,nation,2016-03,11.6,percent,oecd_activity,2016-03-31,,2026-09-26,ok,0
oecd_unemployment,it,nation,2016-04,11.8,percent,oecd_activity,2016-04-30,,2026-09-26,ok,0
oecd_unemployment,it,nation,2016-05,11.5,percent,oecd_activity,2016-05-31,,2026-09-26,ok,0
oecd_unemployment,it,nation,2016-06,11.7,percent,oecd_activity,2016-06-30,,2026-09-26,ok,0
oecd_unemployment,it,nation,2016-07,11.7,percent,oecd_activity,2016-07-31,,2026-09-26,ok,0
oecd_unemployment,it,nation,2016-08,11.7,percent,oecd_activity,2016-08-31,,2026-09-26,ok,0
oecd_unemployment,it,nation,2016-09,11.9,percent,oecd_activity,2016-09-30,,2026-09-26,ok,0
oecd_unemployment,it,nation,2016-10,11.7,percent,oecd_activity,2016-10-31,,2026-09-26,ok,0
oecd_unemployment,it,nation,2016-11,11.9,percent,oecd_activity,2016-11-30,,2026-09-26,ok,0
oecd_unemployment,it,nation,2016-12,11.8,percent,oecd_activity,2016-12-31,,2026-09-26,ok,0
oecd_unemployment,it,nation,2017-01,11.7,percent,oecd_activity,2017-01-31,,2026-09-26,ok,0
oecd_unemployment,it,nation,2017-02,11.5,percent,oecd_activity,2017-02-28,,2026-09-26,ok,0
oecd_unemployment,it,nation,2017-03,11.5,percent,oecd_activity,2017-03-31,,2026-09-26,ok,0
oecd_unemployment,it,nation,2017-04,11.2,percent,oecd_activity,2017-04-30,,2026-09-26,ok,0
oecd_unemployment,it,nation,2017-05,11.5,percent,oecd_activity,2017-05-31,,2026-09-26,ok,0
oecd_unemployment,it,nation,2017-06,11.2,percent,oecd_activity,2017-06-30,,2026-09-26,ok,0
oecd_unemployment,it,nation,2017-07,11.4,percent,oecd_activity,2017-07-31,,2026-09-26,ok,0
oecd_unemployment,it,nation,2017-08,11.5,percent,oecd_activity,2017-08-31,,2026-09-26,ok,0
oecd_unemployment,it,nation,2017-09,11.2,percent,oecd_activity,2017-09-30,,2026-09-26,ok,0
oecd_unemployment,it,nation,2017-10,11,percent,oecd_activity,2017-10-31,,2026-09-26,ok,0
oecd_unemployment,it,nation,2017-11,10.9,percent,oecd_activity,2017-11-30,,2026-09-26,ok,0
oecd_unemployment,it,nation,2017-12,10.9,percent,oecd_activity,2017-12-31,,2026-09-26,ok,0
oecd_unemployment,it,nation,2018-01,11,percent,oecd_activity,2018-01-31,,2026-09-26,ok,0
oecd_unemployment,it,nation,2018-02,10.8,percent,oecd_activity,2018-02-28,,2026-09-26,ok,0
oecd_unemployment,it,nation,2018-03,10.9,percent,oecd_activity,2018-03-31,,2026-09-26,ok,0
oecd_unemployment,it,nation,2018-04,10.9,percent,oecd_activity,2018-04-30,,2026-09-26,ok,0
oecd_unemployment,it,nation,2018-05,10.7,percent,oecd_activity,2018-05-31,,2026-09-26,ok,0
oecd_unemployment,it,nation,2018-06,10.8,percent,oecd_activity,2018-06-30,,2026-09-26,ok,0
oecd_unemployment,it,nation,2018-07,10.4,percent,oecd_activity,2018-07-31,,2026-09-26,ok,0
oecd_unemployment,it,nation,2018-08,10.3,percent,oecd_activity,2018-08-31,,2026-09-26,ok,0
oecd_unemployment,it,nation,2018-09,10.3,percent,oecd_activity,2018-09-30,,2026-09-26,ok,0
oecd_unemployment,it,nation,2018-10,10.6,percent,oecd_activity,2018-10-31,,2026-09-26,ok,0
oecd_unemployment,it,nation,2018-11,10.5,percent,oecd_activity,2018-11-30,,2026-09-26,ok,0
oecd_unemployment,it,nation,2018-12,10.3,percent,oecd_activity,2018-12-31,,2026-09-26,ok,0
oecd_unemployment,it,nation,2019-01,10.3,percent,oecd_activity,2019-01-31,,2026-09-26,ok,0
oecd_unemployment,it,nation,2019-02,10.4,percent,oecd_activity,2019-02-28,,2026-09-26,ok,0
oecd_unemployment,it,nation,2019-03,10.2,percent,oecd_activity,2019-03-31,,2026-09-26,ok,0
oecd_unemployment,it,nation,2019-04,10.4,percent,oecd_activity,2019-04-30,,2026-09-26,ok,0
oecd_unemployment,it,nation,2019-05,10,percent,oecd_activity,2019-05-31,,2026-09-26,ok,0
oecd_unemployment,it,nation,2019-06,9.6,percent,oecd_activity,2019-06-30,,2026-09-26,ok,0
oecd_unemployment,it,nation,2019-07,9.6,percent,oecd_activity,2019-07-31,,2026-09-26,ok,0
oecd_unemployment,it,nation,2019-08,9.5,percent,oecd_activity,2019-08-31,,2026-09-26,ok,0
oecd_unemployment,it,nation,2019-09,9.8,percent,oecd_activity,2019-09-30,,2026-09-26,ok,0
oecd_unemployment,it,nation,2019-10,9.5,percent,oecd_activity,2019-10-31,,2026-09-26,ok,0
oecd_unemployment,it,nation,2019-11,9.8,percent,oecd_activity,2019-11-30,,2026-09-26,ok,0
oecd_unemployment,it,nation,2019-12,9.8,percent,oecd_activity,2019-12-31,,2026-09-26,ok,0
oecd_unemployment,it,nation,2020-01,9.6,percent,oecd_activity,2020-01-31,,2026-09-26,ok,0
oecd_unemployment,it,nation,2020-02,9.5,percent,oecd_activity,2020-02-29,,2026-09-26,ok,0
oecd_unemployment,it,nation,2020-03,7.6,percent,oecd_activity,2020-03-31,,2026-09-26,ok,0
oecd_unemployment,it,nation,2020-04,7.7,percent,oecd_activity,2020-04-30,,2026-09-26,ok,0
oecd_unemployment,it,nation,2020-05,8.8,percent,oecd_activity,2020-05-31,,2026-09-26,ok,0
oecd_unemployment,it,nation,2020-06,9.5,percent,oecd_activity,2020-06-30,,2026-09-26,ok,0
oecd_unemployment,it,nation,2020-07,10.2,percent,oecd_activity,2020-07-31,,2026-09-26,ok,0
oecd_unemployment,it,nation,2020-08,10.1,percent,oecd_activity,2020-08-31,,2026-09-26,ok,0
oecd_unemployment,it,nation,2020-09,10,percent,oecd_activity,2020-09-30,,2026-09-26,ok,0
oecd_unemployment,it,nation,2020-10,10,percent,oecd_activity,2020-10-31,,2026-09-26,ok,0
oecd_unemployment,it,nation,2020-11,9.5,percent,oecd_activity,2020-11-30,,2026-09-26,ok,0
oecd_unemployment,it,nation,2020-12,9.8,percent,oecd_activity,2020-12-31,,2026-09-26,ok,0
oecd_unemployment,it,nation,2021-01,10.1,percent,oecd_activity,2021-01-31,,2026-09-26,ok,0
oecd_unemployment,it,nation,2021-02,10.2,percent,oecd_activity,2021-02-28,,2026-09-26,ok,0
oecd_unemployment,it,nation,2021-03,10.1,percent,oecd_activity,2021-03-31,,2026-09-26,ok,0
oecd_unemployment,it,nation,2021-04,10.3,percent,oecd_activity,2021-04-30,,2026-09-26,ok,0
oecd_unemployment,it,nation,2021-05,9.9,percent,oecd_activity,2021-05-31,,2026-09-26,ok,0
oecd_unemployment,it,nation,2021-06,9.5,percent,oecd_activity,2021-06-30,,2026-09-26,ok,0
oecd_unemployment,it,nation,2021-07,9.1,percent,oecd_activity,2021-07-31,,2026-09-26,ok,0
oecd_unemployment,it,nation,2021-08,9.1,percent,oecd_activity,2021-08-31,,2026-09-26,ok,0
oecd_unemployment,it,nation,2021-09,9.1,percent,oecd_activity,2021-09-30,,2026-09-26,ok,0
oecd_unemployment,it,nation,2021-10,9.1,percent,oecd_activity,2021-10-31,,2026-09-26,ok,0
oecd_unemployment,it,nation,2021-11,9.1,percent,oecd_activity,2021-11-30,,2026-09-26,ok,0
oecd_unemployment,it,nation,2021-12,8.9,percent,oecd_activity,2021-12-31,,2026-09-26,ok,0
oecd_unemployment,it,nation,2022-01,8.5,percent,oecd_activity,2022-01-31,,2026-09-26,ok,0
oecd_unemployment,it,nation,2022-02,8.3,percent,oecd_activity,2022-02-28,,2026-09-26,ok,0
oecd_unemployment,it,nation,2022-03,8.3,percent,oecd_activity,2022-03-31,,2026-09-26,ok,0
oecd_unemployment,it,nation,2022-04,8.1,percent,oecd_activity,2022-04-30,,2026-09-26,ok,0
oecd_unemployment,it,nation,2022-05,8.1,percent,oecd_activity,2022-05-31,,2026-09-26,ok,0
oecd_unemployment,it,nation,2022-06,8.2,percent,oecd_activity,2022-06-30,,2026-09-26,ok,0
oecd_unemployment,it,nation,2022-07,8,percent,oecd_activity,2022-07-31,,2026-09-26,ok,0
oecd_unemployment,it,nation,2022-08,8.1,percent,oecd_activity,2022-08-31,,2026-09-26,ok,0
oecd_unemployment,it,nation,2022-09,8,percent,oecd_activity,2022-09-30,,2026-09-26,ok,0
oecd_unemployment,it,nation,2022-10,7.8,percent,oecd_activity,2022-10-31,,2026-09-26,ok,0
oecd_unemployment,it,nation,2022-11,7.8,percent,oecd_activity,2022-11-30,,2026-09-26,ok,0
oecd_unemployment,it,nation,2022-12,7.9,percent,oecd_activity,2022-12-31,,2026-09-26,ok,0
oecd_unemployment,it,nation,2023-01,7.9,percent,oecd_activity,2023-01-31,,2026-09-26,ok,0
oecd_unemployment,it,nation,2023-02,7.8,percent,oecd_activity,2023-02-28,,2026-09-26,ok,0
oecd_unemployment,it,nation,2023-03,7.9,percent,oecd_activity,2023-03-31,,2026-09-26,ok,0
oecd_unemployment,it,nation,2023-04,7.9,percent,oecd_activity,2023-04-30,,2026-09-26,ok,0
oecd_unemployment,it,nation,2023-05,7.8,percent,oecd_activity,2023-05-31,,2026-09-26,ok,0
oecd_unemployment,it,nation,2023-06,7.5,percent,oecd_activity,2023-06-30,,2026-09-26,ok,0
oecd_unemployment,it,nation,2023-07,7.8,percent,oecd_activity,2023-07-31,,2026-09-26,ok,0
oecd_unemployment,it,nation,2023-08,7.6,percent,oecd_activity,2023-08-31,,2026-09-26,ok,0
oecd_unemployment,it,nation,2023-09,7.7,percent,oecd_activity,2023-09-30,,2026-09-26,ok,0
oecd_unemployment,it,nation,2023-10,7.7,percent,oecd_activity,2023-10-31,,2026-09-26,ok,0
oecd_unemployment,it,nation,2023-11,7.5,percent,oecd_activity,2023-11-30,,2026-09-26,ok,0
oecd_unemployment,it,nation,2023-12,7.1,percent,oecd_activity,2023-12-31,,2026-09-26,ok,0
oecd_unemployment,it,nation,2024-01,7.1,percent,oecd_activity,2024-01-31,,2026-09-26,ok,0
oecd_unemployment,it,nation,2024-02,7.3,percent,oecd_activity,2024-02-29,,2026-09-26,ok,0
oecd_unemployment,it,nation,2024-03,6.9,percent,oecd_activity,2024-03-31,,2026-09-26,ok,0
oecd_unemployment,it,nation,2024-04,6.8,percent,oecd_activity,2024-04-30,,2026-09-26,ok,0
oecd_unemployment,it,nation,2024-05,6.5,percent,oecd_activity,2024-05-31,,2026-09-26,ok,0
oecd_unemployment,it,nation,2024-06,6.7,percent,oecd_activity,2024-06-30,,2026-09-26,ok,0
oecd_unemployment,it,nation,2024-07,6.4,percent,oecd_activity,2024-07-31,,2026-09-26,ok,0
oecd_unemployment,it,nation,2024-08,6.4,percent,oecd_activity,2024-08-31,,2026-09-26,ok,0
oecd_unemployment,it,nation,2024-09,6.1,percent,oecd_activity,2024-09-30,,2026-09-26,ok,0
oecd_unemployment,it,nation,2024-10,6.1,percent,oecd_activity,2024-10-31,,2026-09-26,ok,0
oecd_unemployment,it,nation,2024-11,6.2,percent,oecd_activity,2024-11-30,,2026-09-26,ok,0
oecd_unemployment,it,nation,2024-12,6.4,percent,oecd_activity,2024-12-31,,2026-09-26,ok,0
oecd_unemployment,it,nation,2025-01,6.5,percent,oecd_activity,2025-01-31,,2026-09-26,ok,0
oecd_unemployment,it,nation,2025-02,6.1,percent,oecd_activity,2025-02-28,,2026-09-26,ok,0
oecd_unemployment,it,nation,2025-03,6.3,percent,oecd_activity,2025-03-31,,2026-09-26,ok,0
oecd_unemployment,it,nation,2025-04,6.2,percent,oecd_activity,2025-04-30,,2026-09-26,ok,0
oecd_unemployment,it,nation,2025-05,6.4,percent,oecd_activity,2025-05-31,,2026-09-26,ok,0
oecd_unemployment,it,nation,2025-06,5.9,percent,oecd_activity,2025-06-30,,2026-09-26,ok,0
oecd_unemployment,it,nation,2025-07,5.9,percent,oecd_activity,2025-07-31,,2026-09-26,ok,0
oecd_unemployment,it,nation,2025-08,5.9,percent,oecd_activity,2025-08-31,,2026-09-26,ok,0
oecd_unemployment,it,nation,2025-09,6,percent,oecd_activity,2025-09-30,,2026-09-26,ok,0
oecd_unemployment,it,nation,2025-10,5.8,percent,oecd_activity,2025-10-31,,2026-09-26,ok,0
oecd_unemployment,it,nation,2025-11,5.7,percent,oecd_activity,2025-11-30,,2026-09-26,ok,0
oecd_unemployment,it,nation,2025-12,5.7,percent,oecd_activity,2025-12-31,,2026-09-26,ok,0
oecd_unemployment,it,nation,2026-01,5.5,percent,oecd_activity,2026-01-31,,2026-09-26,ok,0
oecd_unemployment,it,nation,2026-02,5.6,percent,oecd_activity,2026-02-28,,2026-09-26,ok,0
oecd_unemployment,it,nation,2026-03,5.5,percent,oecd_activity,2026-03-31,,2026-09-26,ok,0
oecd_unemployment,it,nation,2026-04,5.5,percent,oecd_activity,2026-04-30,,2026-09-26,ok,0
oecd_unemployment,it,nation,2026-05,5.4,percent,oecd_activity,2026-05-31,,2026-09-26,ok,0
oecd_unemployment,it,nation,2026-06,5.8,percent,oecd_activity,2026-06-30,,2026-09-26,ok,0
oecd_unemployment,it,nation,2026-07,5.8,percent,oecd_activity,2026-07-31,,2026-09-26,ok,0
oecd_unemployment,jp,nation,2015-01,3.6,percent,oecd_activity,2015-01-31,,2026-09-26,ok,0
oecd_unemployment,jp,nation,2015-02,3.5,percent,oecd_activity,2015-02-28,,2026-09-26,ok,0
oecd_unemployment,jp,nation,2015-03,3.4,percent,oecd_activity,2015-03-31,,2026-09-26,ok,0
oecd_unemployment,jp,nation,2015-04,3.4,percent,oecd_activity,2015-04-30,,2026-09-26,ok,0
oecd_unemployment,jp,nation,2015-05,3.3,percent,oecd_activity,2015-05-31,,2026-09-26,ok,0
oecd_unemployment,jp,nation,2015-06,3.4,percent,oecd_activity,2015-06-30,,2026-09-26,ok,0
oecd_unemployment,jp,nation,2015-07,3.3,percent,oecd_activity,2015-07-31,,2026-09-26,ok,0
oecd_unemployment,jp,nation,2015-08,3.4,percent,oecd_activity,2015-08-31,,2026-09-26,ok,0
oecd_unemployment,jp,nation,2015-09,3.4,percent,oecd_activity,2015-09-30,,2026-09-26,ok,0
oecd_unemployment,jp,nation,2015-10,3.2,percent,oecd_activity,2015-10-31,,2026-09-26,ok,0
oecd_unemployment,jp,nation,2015-11,3.3,percent,oecd_activity,2015-11-30,,2026-09-26,ok,0
oecd_unemployment,jp,nation,2015-12,3.3,percent,oecd_activity,2015-12-31,,2026-09-26,ok,0
oecd_unemployment,jp,nation,2016-01,3.2,percent,oecd_activity,2016-01-31,,2026-09-26,ok,0
oecd_unemployment,jp,nation,2016-02,3.3,percent,oecd_activity,2016-02-29,,2026-09-26,ok,0
oecd_unemployment,jp,nation,2016-03,3.2,percent,oecd_activity,2016-03-31,,2026-09-26,ok,0
oecd_unemployment,jp,nation,2016-04,3.2,percent,oecd_activity,2016-04-30,,2026-09-26,ok,0
oecd_unemployment,jp,nation,2016-05,3.2,percent,oecd_activity,2016-05-31,,2026-09-26,ok,0
oecd_unemployment,jp,nation,2016-06,3.1,percent,oecd_activity,2016-06-30,,2026-09-26,ok,0
oecd_unemployment,jp,nation,2016-07,3,percent,oecd_activity,2016-07-31,,2026-09-26,ok,0
oecd_unemployment,jp,nation,2016-08,3.1,percent,oecd_activity,2016-08-31,,2026-09-26,ok,0
oecd_unemployment,jp,nation,2016-09,3,percent,oecd_activity,2016-09-30,,2026-09-26,ok,0
oecd_unemployment,jp,nation,2016-10,3,percent,oecd_activity,2016-10-31,,2026-09-26,ok,0
oecd_unemployment,jp,nation,2016-11,3,percent,oecd_activity,2016-11-30,,2026-09-26,ok,0
oecd_unemployment,jp,nation,2016-12,3,percent,oecd_activity,2016-12-31,,2026-09-26,ok,0
oecd_unemployment,jp,nation,2017-01,3,percent,oecd_activity,2017-01-31,,2026-09-26,ok,0
oecd_unemployment,jp,nation,2017-02,2.9,percent,oecd_activity,2017-02-28,,2026-09-26,ok,0
oecd_unemployment,jp,nation,2017-03,2.8,percent,oecd_activity,2017-03-31,,2026-09-26,ok,0
oecd_unemployment,jp,nation,2017-04,2.8,percent,oecd_activity,2017-04-30,,2026-09-26,ok,0
oecd_unemployment,jp,nation,2017-05,3,percent,oecd_activity,2017-05-31,,2026-09-26,ok,0
oecd_unemployment,jp,nation,2017-06,2.8,percent,oecd_activity,2017-06-30,,2026-09-26,ok,0
oecd_unemployment,jp,nation,2017-07,2.8,percent,oecd_activity,2017-07-31,,2026-09-26,ok,0
oecd_unemployment,jp,nation,2017-08,2.8,percent,oecd_activity,2017-08-31,,2026-09-26,ok,0
oecd_unemployment,jp,nation,2017-09,2.8,percent,oecd_activity,2017-09-30,,2026-09-26,ok,0
oecd_unemployment,jp,nation,2017-10,2.7,percent,oecd_activity,2017-10-31,,2026-09-26,ok,0
oecd_unemployment,jp,nation,2017-11,2.7,percent,oecd_activity,2017-11-30,,2026-09-26,ok,0
oecd_unemployment,jp,nation,2017-12,2.7,percent,oecd_activity,2017-12-31,,2026-09-26,ok,0
oecd_unemployment,jp,nation,2018-01,2.4,percent,oecd_activity,2018-01-31,,2026-09-26,ok,0
oecd_unemployment,jp,nation,2018-02,2.5,percent,oecd_activity,2018-02-28,,2026-09-26,ok,0
oecd_unemployment,jp,nation,2018-03,2.5,percent,oecd_activity,2018-03-31,,2026-09-26,ok,0
oecd_unemployment,jp,nation,2018-04,2.5,percent,oecd_activity,2018-04-30,,2026-09-26,ok,0
oecd_unemployment,jp,nation,2018-05,2.2,percent,oecd_activity,2018-05-31,,2026-09-26,ok,0
oecd_unemployment,jp,nation,2018-06,2.4,percent,oecd_activity,2018-06-30,,2026-09-26,ok,0
oecd_unemployment,jp,nation,2018-07,2.5,percent,oecd_activity,2018-07-31,,2026-09-26,ok,0
oecd_unemployment,jp,nation,2018-08,2.5,percent,oecd_activity,2018-08-31,,2026-09-26,ok,0
oecd_unemployment,jp,nation,2018-09,2.3,percent,oecd_activity,2018-09-30,,2026-09-26,ok,0
oecd_unemployment,jp,nation,2018-10,2.4,percent,oecd_activity,2018-10-31,,2026-09-26,ok,0
oecd_unemployment,jp,nation,2018-11,2.5,percent,oecd_activity,2018-11-30,,2026-09-26,ok,0
oecd_unemployment,jp,nation,2018-12,2.5,percent,oecd_activity,2018-12-31,,2026-09-26,ok,0
oecd_unemployment,jp,nation,2019-01,2.5,percent,oecd_activity,2019-01-31,,2026-09-26,ok,0
oecd_unemployment,jp,nation,2019-02,2.4,percent,oecd_activity,2019-02-28,,2026-09-26,ok,0
oecd_unemployment,jp,nation,2019-03,2.5,percent,oecd_activity,2019-03-31,,2026-09-26,ok,0
oecd_unemployment,jp,nation,2019-04,2.4,percent,oecd_activity,2019-04-30,,2026-09-26,ok,0
oecd_unemployment,jp,nation,2019-05,2.3,percent,oecd_activity,2019-05-31,,2026-09-26,ok,0
oecd_unemployment,jp,nation,2019-06,2.3,percent,oecd_activity,2019-06-30,,2026-09-26,ok,0
oecd_unemployment,jp,nation,2019-07,2.3,percent,oecd_activity,2019-07-31,,2026-09-26,ok,0
oecd_unemployment,jp,nation,2019-08,2.3,percent,oecd_activity,2019-08-31,,2026-09-26,ok,0
oecd_unemployment,jp,nation,2019-09,2.4,percent,oecd_activity,2019-09-30,,2026-09-26,ok,0
oecd_unemployment,jp,nation,2019-10,2.4,percent,oecd_activity,2019-10-31,,2026-09-26,ok,0
oecd_unemployment,jp,nation,2019-11,2.3,percent,oecd_activity,2019-11-30,,2026-09-26,ok,0
oecd_unemployment,jp,nation,2019-12,2.2,percent,oecd_activity,2019-12-31,,2026-09-26,ok,0
oecd_unemployment,jp,nation,2020-01,2.4,percent,oecd_activity,2020-01-31,,2026-09-26,ok,0
oecd_unemployment,jp,nation,2020-02,2.4,percent,oecd_activity,2020-02-29,,2026-09-26,ok,0
oecd_unemployment,jp,nation,2020-03,2.5,percent,oecd_activity,2020-03-31,,2026-09-26,ok,0
oecd_unemployment,jp,nation,2020-04,2.6,percent,oecd_activity,2020-04-30,,2026-09-26,ok,0
oecd_unemployment,jp,nation,2020-05,2.8,percent,oecd_activity,2020-05-31,,2026-09-26,ok,0
oecd_unemployment,jp,nation,2020-06,2.8,percent,oecd_activity,2020-06-30,,2026-09-26,ok,0
oecd_unemployment,jp,nation,2020-07,2.9,percent,oecd_activity,2020-07-31,,2026-09-26,ok,0
oecd_unemployment,jp,nation,2020-08,3,percent,oecd_activity,2020-08-31,,2026-09-26,ok,0
oecd_unemployment,jp,nation,2020-09,3,percent,oecd_activity,2020-09-30,,2026-09-26,ok,0
oecd_unemployment,jp,nation,2020-10,3.1,percent,oecd_activity,2020-10-31,,2026-09-26,ok,0
oecd_unemployment,jp,nation,2020-11,3,percent,oecd_activity,2020-11-30,,2026-09-26,ok,0
oecd_unemployment,jp,nation,2020-12,3.1,percent,oecd_activity,2020-12-31,,2026-09-26,ok,0
oecd_unemployment,jp,nation,2021-01,3,percent,oecd_activity,2021-01-31,,2026-09-26,ok,0
oecd_unemployment,jp,nation,2021-02,2.9,percent,oecd_activity,2021-02-28,,2026-09-26,ok,0
oecd_unemployment,jp,nation,2021-03,2.7,percent,oecd_activity,2021-03-31,,2026-09-26,ok,0
oecd_unemployment,jp,nation,2021-04,2.9,percent,oecd_activity,2021-04-30,,2026-09-26,ok,0
oecd_unemployment,jp,nation,2021-05,2.9,percent,oecd_activity,2021-05-31,,2026-09-26,ok,0
oecd_unemployment,jp,nation,2021-06,2.9,percent,oecd_activity,2021-06-30,,2026-09-26,ok,0
oecd_unemployment,jp,nation,2021-07,2.8,percent,oecd_activity,2021-07-31,,2026-09-26,ok,0
oecd_unemployment,jp,nation,2021-08,2.8,percent,oecd_activity,2021-08-31,,2026-09-26,ok,0
oecd_unemployment,jp,nation,2021-09,2.7,percent,oecd_activity,2021-09-30,,2026-09-26,ok,0
oecd_unemployment,jp,nation,2021-10,2.7,percent,oecd_activity,2021-10-31,,2026-09-26,ok,0
oecd_unemployment,jp,nation,2021-11,2.8,percent,oecd_activity,2021-11-30,,2026-09-26,ok,0
oecd_unemployment,jp,nation,2021-12,2.7,percent,oecd_activity,2021-12-31,,2026-09-26,ok,0
oecd_unemployment,jp,nation,2022-01,2.8,percent,oecd_activity,2022-01-31,,2026-09-26,ok,0
oecd_unemployment,jp,nation,2022-02,2.7,percent,oecd_activity,2022-02-28,,2026-09-26,ok,0
oecd_unemployment,jp,nation,2022-03,2.6,percent,oecd_activity,2022-03-31,,2026-09-26,ok,0
oecd_unemployment,jp,nation,2022-04,2.6,percent,oecd_activity,2022-04-30,,2026-09-26,ok,0
oecd_unemployment,jp,nation,2022-05,2.6,percent,oecd_activity,2022-05-31,,2026-09-26,ok,0
oecd_unemployment,jp,nation,2022-06,2.6,percent,oecd_activity,2022-06-30,,2026-09-26,ok,0
oecd_unemployment,jp,nation,2022-07,2.5,percent,oecd_activity,2022-07-31,,2026-09-26,ok,0
oecd_unemployment,jp,nation,2022-08,2.5,percent,oecd_activity,2022-08-31,,2026-09-26,ok,0
oecd_unemployment,jp,nation,2022-09,2.6,percent,oecd_activity,2022-09-30,,2026-09-26,ok,0
oecd_unemployment,jp,nation,2022-10,2.6,percent,oecd_activity,2022-10-31,,2026-09-26,ok,0
oecd_unemployment,jp,nation,2022-11,2.5,percent,oecd_activity,2022-11-30,,2026-09-26,ok,0
oecd_unemployment,jp,nation,2022-12,2.5,percent,oecd_activity,2022-12-31,,2026-09-26,ok,0
oecd_unemployment,jp,nation,2023-01,2.5,percent,oecd_activity,2023-01-31,,2026-09-26,ok,0
oecd_unemployment,jp,nation,2023-02,2.6,percent,oecd_activity,2023-02-28,,2026-09-26,ok,0
oecd_unemployment,jp,nation,2023-03,2.7,percent,oecd_activity,2023-03-31,,2026-09-26,ok,0
oecd_unemployment,jp,nation,2023-04,2.6,percent,oecd_activity,2023-04-30,,2026-09-26,ok,0
oecd_unemployment,jp,nation,2023-05,2.5,percent,oecd_activity,2023-05-31,,2026-09-26,ok,0
oecd_unemployment,jp,nation,2023-06,2.5,percent,oecd_activity,2023-06-30,,2026-09-26,ok,0
oecd_unemployment,jp,nation,2023-07,2.6,percent,oecd_activity,2023-07-31,,2026-09-26,ok,0
oecd_unemployment,jp,nation,2023-08,2.6,percent,oecd_activity,2023-08-31,,2026-09-26,ok,0
oecd_unemployment,jp,nation,2023-09,2.6,percent,oecd_activity,2023-09-30,,2026-09-26,ok,0
oecd_unemployment,jp,nation,2023-10,2.5,percent,oecd_activity,2023-10-31,,2026-09-26,ok,0
oecd_unemployment,jp,nation,2023-11,2.6,percent,oecd_activity,2023-11-30,,2026-09-26,ok,0
oecd_unemployment,jp,nation,2023-12,2.5,percent,oecd_activity,2023-12-31,,2026-09-26,ok,0
oecd_unemployment,jp,nation,2024-01,2.5,percent,oecd_activity,2024-01-31,,2026-09-26,ok,0
oecd_unemployment,jp,nation,2024-02,2.6,percent,oecd_activity,2024-02-29,,2026-09-26,ok,0
oecd_unemployment,jp,nation,2024-03,2.6,percent,oecd_activity,2024-03-31,,2026-09-26,ok,0
oecd_unemployment,jp,nation,2024-04,2.6,percent,oecd_activity,2024-04-30,,2026-09-26,ok,0
oecd_unemployment,jp,nation,2024-05,2.6,percent,oecd_activity,2024-05-31,,2026-09-26,ok,0
oecd_unemployment,jp,nation,2024-06,2.5,percent,oecd_activity,2024-06-30,,2026-09-26,ok,0
oecd_unemployment,jp,nation,2024-07,2.7,percent,oecd_activity,2024-07-31,,2026-09-26,ok,0
oecd_unemployment,jp,nation,2024-08,2.5,percent,oecd_activity,2024-08-31,,2026-09-26,ok,0
oecd_unemployment,jp,nation,2024-09,2.4,percent,oecd_activity,2024-09-30,,2026-09-26,ok,0
oecd_unemployment,jp,nation,2024-10,2.5,percent,oecd_activity,2024-10-31,,2026-09-26,ok,0
oecd_unemployment,jp,nation,2024-11,2.5,percent,oecd_activity,2024-11-30,,2026-09-26,ok,0
oecd_unemployment,jp,nation,2024-12,2.5,percent,oecd_activity,2024-12-31,,2026-09-26,ok,0
oecd_unemployment,jp,nation,2025-01,2.5,percent,oecd_activity,2025-01-31,,2026-09-26,ok,0
oecd_unemployment,jp,nation,2025-02,2.4,percent,oecd_activity,2025-02-28,,2026-09-26,ok,0
oecd_unemployment,jp,nation,2025-03,2.5,percent,oecd_activity,2025-03-31,,2026-09-26,ok,0
oecd_unemployment,jp,nation,2025-04,2.5,percent,oecd_activity,2025-04-30,,2026-09-26,ok,0
oecd_unemployment,jp,nation,2025-05,2.5,percent,oecd_activity,2025-05-31,,2026-09-26,ok,0
oecd_unemployment,jp,nation,2025-06,2.5,percent,oecd_activity,2025-06-30,,2026-09-26,ok,0
oecd_unemployment,jp,nation,2025-07,2.4,percent,oecd_activity,2025-07-31,,2026-09-26,ok,0
oecd_unemployment,jp,nation,2025-08,2.6,percent,oecd_activity,2025-08-31,,2026-09-26,ok,0
oecd_unemployment,jp,nation,2025-09,2.6,percent,oecd_activity,2025-09-30,,2026-09-26,ok,0
oecd_unemployment,jp,nation,2025-10,2.6,percent,oecd_activity,2025-10-31,,2026-09-26,ok,0
oecd_unemployment,jp,nation,2025-11,2.6,percent,oecd_activity,2025-11-30,,2026-09-26,ok,0
oecd_unemployment,jp,nation,2025-12,2.6,percent,oecd_activity,2025-12-31,,2026-09-26,ok,0
oecd_unemployment,jp,nation,2026-01,2.7,percent,oecd_activity,2026-01-31,,2026-09-26,ok,0
oecd_unemployment,jp,nation,2026-02,2.6,percent,oecd_activity,2026-02-28,,2026-09-26,ok,0
oecd_unemployment,jp,nation,2026-03,2.7,percent,oecd_activity,2026-03-31,,2026-09-26,ok,0
oecd_unemployment,jp,nation,2026-04,2.5,percent,oecd_activity,2026-04-30,,2026-09-26,ok,0
oecd_unemployment,jp,nation,2026-05,2.5,percent,oecd_activity,2026-05-31,,2026-09-26,ok,0
oecd_unemployment,jp,nation,2026-06,2.5,percent,oecd_activity,2026-06-30,,2026-09-26,ok,0
oecd_unemployment,jp,nation,2026-07,2.4,percent,oecd_activity,2026-07-31,,2026-09-26,ok,0
oecd_unemployment,kr,nation,2015-01,3.6,percent,oecd_activity,2015-01-31,,2026-09-26,ok,0
oecd_unemployment,kr,nation,2015-02,3.5,percent,oecd_activity,2015-02-28,,2026-09-26,ok,0
oecd_unemployment,kr,nation,2015-03,3.5,percent,oecd_activity,2015-03-31,,2026-09-26,ok,0
oecd_unemployment,kr,nation,2015-04,3.6,percent,oecd_activity,2015-04-30,,2026-09-26,ok,0
oecd_unemployment,kr,nation,2015-05,3.6,percent,oecd_activity,2015-05-31,,2026-09-26,ok,0
oecd_unemployment,kr,nation,2015-06,3.8,percent,oecd_activity,2015-06-30,,2026-09-26,ok,0
oecd_unemployment,kr,nation,2015-07,3.8,percent,oecd_activity,2015-07-31,,2026-09-26,ok,0
oecd_unemployment,kr,nation,2015-08,3.6,percent,oecd_activity,2015-08-31,,2026-09-26,ok,0
oecd_unemployment,kr,nation,2015-09,3.5,percent,oecd_activity,2015-09-30,,2026-09-26,ok,0
oecd_unemployment,kr,nation,2015-10,3.5,percent,oecd_activity,2015-10-31,,2026-09-26,ok,0
oecd_unemployment,kr,nation,2015-11,3.6,percent,oecd_activity,2015-11-30,,2026-09-26,ok,0
oecd_unemployment,kr,nation,2015-12,3.5,percent,oecd_activity,2015-12-31,,2026-09-26,ok,0
oecd_unemployment,kr,nation,2016-01,3.6,percent,oecd_activity,2016-01-31,,2026-09-26,ok,0
oecd_unemployment,kr,nation,2016-02,3.8,percent,oecd_activity,2016-02-29,,2026-09-26,ok,0
oecd_unemployment,kr,nation,2016-03,3.7,percent,oecd_activity,2016-03-31,,2026-09-26,ok,0
oecd_unemployment,kr,nation,2016-04,3.6,percent,oecd_activity,2016-04-30,,2026-09-26,ok,0
oecd_unemployment,kr,nation,2016-05,3.5,percent,oecd_activity,2016-05-31,,2026-09-26,ok,0
oecd_unemployment,kr,nation,2016-06,3.6,percent,oecd_activity,2016-06-30,,2026-09-26,ok,0
oecd_unemployment,kr,nation,2016-07,3.6,percent,oecd_activity,2016-07-31,,2026-09-26,ok,0
oecd_unemployment,kr,nation,2016-08,3.9,percent,oecd_activity,2016-08-31,,2026-09-26,ok,0
oecd_unemployment,kr,nation,2016-09,3.9,percent,oecd_activity,2016-09-30,,2026-09-26,ok,0
oecd_unemployment,kr,nation,2016-10,3.8,percent,oecd_activity,2016-10-31,,2026-09-26,ok,0
oecd_unemployment,kr,nation,2016-11,3.7,percent,oecd_activity,2016-11-30,,2026-09-26,ok,0
oecd_unemployment,kr,nation,2016-12,3.5,percent,oecd_activity,2016-12-31,,2026-09-26,ok,0
oecd_unemployment,kr,nation,2017-01,3.5,percent,oecd_activity,2017-01-31,,2026-09-26,ok,0
oecd_unemployment,kr,nation,2017-02,3.9,percent,oecd_activity,2017-02-28,,2026-09-26,ok,0
oecd_unemployment,kr,nation,2017-03,3.6,percent,oecd_activity,2017-03-31,,2026-09-26,ok,0
oecd_unemployment,kr,nation,2017-04,3.8,percent,oecd_activity,2017-04-30,,2026-09-26,ok,0
oecd_unemployment,kr,nation,2017-05,3.5,percent,oecd_activity,2017-05-31,,2026-09-26,ok,0
oecd_unemployment,kr,nation,2017-06,3.7,percent,oecd_activity,2017-06-30,,2026-09-26,ok,0
oecd_unemployment,kr,nation,2017-07,3.6,percent,oecd_activity,2017-07-31,,2026-09-26,ok,0
oecd_unemployment,kr,nation,2017-08,4,percent,oecd_activity,2017-08-31,,2026-09-26,ok,0
oecd_unemployment,kr,nation,2017-09,3.7,percent,oecd_activity,2017-09-30,,2026-09-26,ok,0
oecd_unemployment,kr,nation,2017-10,3.7,percent,oecd_activity,2017-10-31,,2026-09-26,ok,0
oecd_unemployment,kr,nation,2017-11,3.7,percent,oecd_activity,2017-11-30,,2026-09-26,ok,0
oecd_unemployment,kr,nation,2017-12,3.6,percent,oecd_activity,2017-12-31,,2026-09-26,ok,0
oecd_unemployment,kr,nation,2018-01,3.4,percent,oecd_activity,2018-01-31,,2026-09-26,ok,0
oecd_unemployment,kr,nation,2018-02,3.7,percent,oecd_activity,2018-02-28,,2026-09-26,ok,0
oecd_unemployment,kr,nation,2018-03,4,percent,oecd_activity,2018-03-31,,2026-09-26,ok,0
oecd_unemployment,kr,nation,2018-04,3.8,percent,oecd_activity,2018-04-30,,2026-09-26,ok,0
oecd_unemployment,kr,nation,2018-05,3.8,percent,oecd_activity,2018-05-31,,2026-09-26,ok,0
oecd_unemployment,kr,nation,2018-06,3.6,percent,oecd_activity,2018-06-30,,2026-09-26,ok,0
oecd_unemployment,kr,nation,2018-07,3.8,percent,oecd_activity,2018-07-31,,2026-09-26,ok,0
oecd_unemployment,kr,nation,2018-08,4.6,percent,oecd_activity,2018-08-31,,2026-09-26,ok,0
oecd_unemployment,kr,nation,2018-09,4.1,percent,oecd_activity,2018-09-30,,2026-09-26,ok,0
oecd_unemployment,kr,nation,2018-10,4,percent,oecd_activity,2018-10-31,,2026-09-26,ok,0
oecd_unemployment,kr,nation,2018-11,3.9,percent,oecd_activity,2018-11-30,,2026-09-26,ok,0
oecd_unemployment,kr,nation,2018-12,3.7,percent,oecd_activity,2018-12-31,,2026-09-26,ok,0
oecd_unemployment,kr,nation,2019-01,3.9,percent,oecd_activity,2019-01-31,,2026-09-26,ok,0
oecd_unemployment,kr,nation,2019-02,3.8,percent,oecd_activity,2019-02-28,,2026-09-26,ok,0
oecd_unemployment,kr,nation,2019-03,3.8,percent,oecd_activity,2019-03-31,,2026-09-26,ok,0
oecd_unemployment,kr,nation,2019-04,4,percent,oecd_activity,2019-04-30,,2026-09-26,ok,0
oecd_unemployment,kr,nation,2019-05,3.8,percent,oecd_activity,2019-05-31,,2026-09-26,ok,0
oecd_unemployment,kr,nation,2019-06,3.9,percent,oecd_activity,2019-06-30,,2026-09-26,ok,0
oecd_unemployment,kr,nation,2019-07,4,percent,oecd_activity,2019-07-31,,2026-09-26,ok,0
oecd_unemployment,kr,nation,2019-08,3.6,percent,oecd_activity,2019-08-31,,2026-09-26,ok,0
oecd_unemployment,kr,nation,2019-09,3.6,percent,oecd_activity,2019-09-30,,2026-09-26,ok,0
oecd_unemployment,kr,nation,2019-10,3.5,percent,oecd_activity,2019-10-31,,2026-09-26,ok,0
oecd_unemployment,kr,nation,2019-11,3.7,percent,oecd_activity,2019-11-30,,2026-09-26,ok,0
oecd_unemployment,kr,nation,2019-12,3.5,percent,oecd_activity,2019-12-31,,2026-09-26,ok,0
oecd_unemployment,kr,nation,2020-01,3.4,percent,oecd_activity,2020-01-31,,2026-09-26,ok,0
oecd_unemployment,kr,nation,2020-02,3.4,percent,oecd_activity,2020-02-29,,2026-09-26,ok,0
oecd_unemployment,kr,nation,2020-03,3.9,percent,oecd_activity,2020-03-31,,2026-09-26,ok,0
oecd_unemployment,kr,nation,2020-04,3.9,percent,oecd_activity,2020-04-30,,2026-09-26,ok,0
oecd_unemployment,kr,nation,2020-05,4.3,percent,oecd_activity,2020-05-31,,2026-09-26,ok,0
oecd_unemployment,kr,nation,2020-06,4.2,percent,oecd_activity,2020-06-30,,2026-09-26,ok,0
oecd_unemployment,kr,nation,2020-07,4.2,percent,oecd_activity,2020-07-31,,2026-09-26,ok,0
oecd_unemployment,kr,nation,2020-08,3.9,percent,oecd_activity,2020-08-31,,2026-09-26,ok,0
oecd_unemployment,kr,nation,2020-09,4.2,percent,oecd_activity,2020-09-30,,2026-09-26,ok,0
oecd_unemployment,kr,nation,2020-10,4.3,percent,oecd_activity,2020-10-31,,2026-09-26,ok,0
oecd_unemployment,kr,nation,2020-11,4.1,percent,oecd_activity,2020-11-30,,2026-09-26,ok,0
oecd_unemployment,kr,nation,2020-12,4.1,percent,oecd_activity,2020-12-31,,2026-09-26,ok,0
oecd_unemployment,kr,nation,2021-01,4.6,percent,oecd_activity,2021-01-31,,2026-09-26,ok,0
oecd_unemployment,kr,nation,2021-02,4.1,percent,oecd_activity,2021-02-28,,2026-09-26,ok,0
oecd_unemployment,kr,nation,2021-03,4,percent,oecd_activity,2021-03-31,,2026-09-26,ok,0
oecd_unemployment,kr,nation,2021-04,3.8,percent,oecd_activity,2021-04-30,,2026-09-26,ok,0
oecd_unemployment,kr,nation,2021-05,3.8,percent,oecd_activity,2021-05-31,,2026-09-26,ok,0
oecd_unemployment,kr,nation,2021-06,3.7,percent,oecd_activity,2021-06-30,,2026-09-26,ok,0
oecd_unemployment,kr,nation,2021-07,3.3,percent,oecd_activity,2021-07-31,,2026-09-26,ok,0
oecd_unemployment,kr,nation,2021-08,3.4,percent,oecd_activity,2021-08-31,,2026-09-26,ok,0
oecd_unemployment,kr,nation,2021-09,3.1,percent,oecd_activity,2021-09-30,,2026-09-26,ok,0
oecd_unemployment,kr,nation,2021-10,3.3,percent,oecd_activity,2021-10-31,,2026-09-26,ok,0
oecd_unemployment,kr,nation,2021-11,3.1,percent,oecd_activity,2021-11-30,,2026-09-26,ok,0
oecd_unemployment,kr,nation,2021-12,3.2,percent,oecd_activity,2021-12-31,,2026-09-26,ok,0
oecd_unemployment,kr,nation,2022-01,3.2,percent,oecd_activity,2022-01-31,,2026-09-26,ok,0
oecd_unemployment,kr,nation,2022-02,2.9,percent,oecd_activity,2022-02-28,,2026-09-26,ok,0
oecd_unemployment,kr,nation,2022-03,2.8,percent,oecd_activity,2022-03-31,,2026-09-26,ok,0
oecd_unemployment,kr,nation,2022-04,2.8,percent,oecd_activity,2022-04-30,,2026-09-26,ok,0
oecd_unemployment,kr,nation,2022-05,2.9,percent,oecd_activity,2022-05-31,,2026-09-26,ok,0
oecd_unemployment,kr,nation,2022-06,2.9,percent,oecd_activity,2022-06-30,,2026-09-26,ok,0
oecd_unemployment,kr,nation,2022-07,3,percent,oecd_activity,2022-07-31,,2026-09-26,ok,0
oecd_unemployment,kr,nation,2022-08,2.8,percent,oecd_activity,2022-08-31,,2026-09-26,ok,0
oecd_unemployment,kr,nation,2022-09,2.9,percent,oecd_activity,2022-09-30,,2026-09-26,ok,0
oecd_unemployment,kr,nation,2022-10,2.9,percent,oecd_activity,2022-10-31,,2026-09-26,ok,0
oecd_unemployment,kr,nation,2022-11,2.8,percent,oecd_activity,2022-11-30,,2026-09-26,ok,0
oecd_unemployment,kr,nation,2022-12,2.7,percent,oecd_activity,2022-12-31,,2026-09-26,ok,0
oecd_unemployment,kr,nation,2023-01,2.7,percent,oecd_activity,2023-01-31,,2026-09-26,ok,0
oecd_unemployment,kr,nation,2023-02,2.7,percent,oecd_activity,2023-02-28,,2026-09-26,ok,0
oecd_unemployment,kr,nation,2023-03,2.7,percent,oecd_activity,2023-03-31,,2026-09-26,ok,0
oecd_unemployment,kr,nation,2023-04,2.6,percent,oecd_activity,2023-04-30,,2026-09-26,ok,0
oecd_unemployment,kr,nation,2023-05,2.5,percent,oecd_activity,2023-05-31,,2026-09-26,ok,0
oecd_unemployment,kr,nation,2023-06,2.6,percent,oecd_activity,2023-06-30,,2026-09-26,ok,0
oecd_unemployment,kr,nation,2023-07,2.9,percent,oecd_activity,2023-07-31,,2026-09-26,ok,0
oecd_unemployment,kr,nation,2023-08,2.7,percent,oecd_activity,2023-08-31,,2026-09-26,ok,0
oecd_unemployment,kr,nation,2023-09,2.8,percent,oecd_activity,2023-09-30,,2026-09-26,ok,0
oecd_unemployment,kr,nation,2023-10,2.6,percent,oecd_activity,2023-10-31,,2026-09-26,ok,0
oecd_unemployment,kr,nation,2023-11,2.8,percent,oecd_activity,2023-11-30,,2026-09-26,ok,0
oecd_unemployment,kr,nation,2023-12,2.8,percent,oecd_activity,2023-12-31,,2026-09-26,ok,0
oecd_unemployment,kr,nation,2024-01,2.8,percent,oecd_activity,2024-01-31,,2026-09-26,ok,0
oecd_unemployment,kr,nation,2024-02,2.7,percent,oecd_activity,2024-02-29,,2026-09-26,ok,0
oecd_unemployment,kr,nation,2024-03,2.8,percent,oecd_activity,2024-03-31,,2026-09-26,ok,0
oecd_unemployment,kr,nation,2024-04,2.8,percent,oecd_activity,2024-04-30,,2026-09-26,ok,0
oecd_unemployment,kr,nation,2024-05,2.8,percent,oecd_activity,2024-05-31,,2026-09-26,ok,0
oecd_unemployment,kr,nation,2024-06,2.8,percent,oecd_activity,2024-06-30,,2026-09-26,ok,0
oecd_unemployment,kr,nation,2024-07,2.7,percent,oecd_activity,2024-07-31,,2026-09-26,ok,0
oecd_unemployment,kr,nation,2024-08,2.6,percent,oecd_activity,2024-08-31,,2026-09-26,ok,0
oecd_unemployment,kr,nation,2024-09,2.6,percent,oecd_activity,2024-09-30,,2026-09-26,ok,0
oecd_unemployment,kr,nation,2024-10,2.8,percent,oecd_activity,2024-10-31,,2026-09-26,ok,0
oecd_unemployment,kr,nation,2024-11,2.8,percent,oecd_activity,2024-11-30,,2026-09-26,ok,0
oecd_unemployment,kr,nation,2024-12,3.1,percent,oecd_activity,2024-12-31,,2026-09-26,ok,0
oecd_unemployment,kr,nation,2025-01,2.8,percent,oecd_activity,2025-01-31,,2026-09-26,ok,0
oecd_unemployment,kr,nation,2025-02,2.8,percent,oecd_activity,2025-02-28,,2026-09-26,ok,0
oecd_unemployment,kr,nation,2025-03,2.8,percent,oecd_activity,2025-03-31,,2026-09-26,ok,0
oecd_unemployment,kr,nation,2025-04,2.7,percent,oecd_activity,2025-04-30,,2026-09-26,ok,0
oecd_unemployment,kr,nation,2025-05,2.7,percent,oecd_activity,2025-05-31,,2026-09-26,ok,0
oecd_unemployment,kr,nation,2025-06,2.7,percent,oecd_activity,2025-06-30,,2026-09-26,ok,0
oecd_unemployment,kr,nation,2025-07,2.7,percent,oecd_activity,2025-07-31,,2026-09-26,ok,0
oecd_unemployment,kr,nation,2025-08,2.8,percent,oecd_activity,2025-08-31,,2026-09-26,ok,0
oecd_unemployment,kr,nation,2025-09,2.7,percent,oecd_activity,2025-09-30,,2026-09-26,ok,0
oecd_unemployment,kr,nation,2025-10,2.7,percent,oecd_activity,2025-10-31,,2026-09-26,ok,0
oecd_unemployment,kr,nation,2025-11,2.8,percent,oecd_activity,2025-11-30,,2026-09-26,ok,0
oecd_unemployment,kr,nation,2025-12,3.3,percent,oecd_activity,2025-12-31,,2026-09-26,ok,0
oecd_unemployment,kr,nation,2026-01,3,percent,oecd_activity,2026-01-31,,2026-09-26,ok,0
oecd_unemployment,kr,nation,2026-02,2.9,percent,oecd_activity,2026-02-28,,2026-09-26,ok,0
oecd_unemployment,kr,nation,2026-03,2.7,percent,oecd_activity,2026-03-31,,2026-09-26,ok,0
oecd_unemployment,kr,nation,2026-04,2.8,percent,oecd_activity,2026-04-30,,2026-09-26,ok,0
oecd_unemployment,kr,nation,2026-05,2.8,percent,oecd_activity,2026-05-31,,2026-09-26,ok,0
oecd_unemployment,kr,nation,2026-06,2.7,percent,oecd_activity,2026-06-30,,2026-09-26,ok,0
oecd_unemployment,kr,nation,2026-07,2.8,percent,oecd_activity,2026-07-31,,2026-09-26,ok,0
oecd_unemployment,kr,nation,2026-08,2.7,percent,oecd_activity,2026-08-31,,2026-09-26,ok,0
oecd_unemployment,mx,nation,2015-01,4.365658,percent,oecd_activity,2015-01-31,,2026-09-26,ok,0
oecd_unemployment,mx,nation,2015-02,4.375858,percent,oecd_activity,2015-02-28,,2026-09-26,ok,0
oecd_unemployment,mx,nation,2015-03,4.243521,percent,oecd_activity,2015-03-31,,2026-09-26,ok,0
oecd_unemployment,mx,nation,2015-04,4.410045,percent,oecd_activity,2015-04-30,,2026-09-26,ok,0
oecd_unemployment,mx,nation,2015-05,4.539961,percent,oecd_activity,2015-05-31,,2026-09-26,ok,0
oecd_unemployment,mx,nation,2015-06,4.430215,percent,oecd_activity,2015-06-30,,2026-09-26,ok,0
oecd_unemployment,mx,nation,2015-07,4.422513,percent,oecd_activity,2015-07-31,,2026-09-26,ok,0
oecd_unemployment,mx,nation,2015-08,4.383173,percent,oecd_activity,2015-08-31,,2026-09-26,ok,0
oecd_unemployment,mx,nation,2015-09,4.171987,percent,oecd_activity,2015-09-30,,2026-09-26,ok,0
oecd_unemployment,mx,nation,2015-10,4.43216,percent,oecd_activity,2015-10-31,,2026-09-26,ok,0
oecd_unemployment,mx,nation,2015-11,4.119967,percent,oecd_activity,2015-11-30,,2026-09-26,ok,0
oecd_unemployment,mx,nation,2015-12,4.344613,percent,oecd_activity,2015-12-31,,2026-09-26,ok,0
oecd_unemployment,mx,nation,2016-01,4.095262,percent,oecd_activity,2016-01-31,,2026-09-26,ok,0
oecd_unemployment,mx,nation,2016-02,4.21279,percent,oecd_activity,2016-02-29,,2026-09-26,ok,0
oecd_unemployment,mx,nation,2016-03,4.106098,percent,oecd_activity,2016-03-31,,2026-09-26,ok,0
oecd_unemployment,mx,nation,2016-04,3.913525,percent,oecd_activity,2016-04-30,,2026-09-26,ok,0
oecd_unemployment,mx,nation,2016-05,4.112001,percent,oecd_activity,2016-05-31,,2026-09-26,ok,0
oecd_unemployment,mx,nation,2016-06,3.930811,percent,oecd_activity,2016-06-30,,2026-09-26,ok,0
oecd_unemployment,mx,nation,2016-07,3.787796,percent,oecd_activity,2016-07-31,,2026-09-26,ok,0
oecd_unemployment,mx,nation,2016-08,3.728648,percent,oecd_activity,2016-08-31,,2026-09-26,ok,0
oecd_unemployment,mx,nation,2016-09,3.834594,percent,oecd_activity,2016-09-30,,2026-09-26,ok,0
oecd_unemployment,mx,nation,2016-10,3.586876,percent,oecd_activity,2016-10-31,,2026-09-26,ok,0
oecd_unemployment,mx,nation,2016-11,3.619523,percent,oecd_activity,2016-11-30,,2026-09-26,ok,0
oecd_unemployment,mx,nation,2016-12,3.69608,percent,oecd_activity,2016-12-31,,2026-09-26,ok,0
oecd_unemployment,mx,nation,2017-01,3.47309,percent,oecd_activity,2017-01-31,,2026-09-26,ok,0
oecd_unemployment,mx,nation,2017-02,3.430259,percent,oecd_activity,2017-02-28,,2026-09-26,ok,0
oecd_unemployment,mx,nation,2017-03,3.526341,percent,oecd_activity,2017-03-31,,2026-09-26,ok,0
oecd_unemployment,mx,nation,2017-04,3.544128,percent,oecd_activity,2017-04-30,,2026-09-26,ok,0
oecd_unemployment,mx,nation,2017-05,3.610939,percent,oecd_activity,2017-05-31,,2026-09-26,ok,0
oecd_unemployment,mx,nation,2017-06,3.269892,percent,oecd_activity,2017-06-30,,2026-09-26,ok,0
oecd_unemployment,mx,nation,2017-07,3.214561,percent,oecd_activity,2017-07-31,,2026-09-26,ok,0
oecd_unemployment,mx,nation,2017-08,3.270865,percent,oecd_activity,2017-08-31,,2026-09-26,ok,0
oecd_unemployment,mx,nation,2017-09,3.341362,percent,oecd_activity,2017-09-30,,2026-09-26,ok,0
oecd_unemployment,mx,nation,2017-10,3.423169,percent,oecd_activity,2017-10-31,,2026-09-26,ok,0
oecd_unemployment,mx,nation,2017-11,3.510452,percent,oecd_activity,2017-11-30,,2026-09-26,ok,0
oecd_unemployment,mx,nation,2017-12,3.410393,percent,oecd_activity,2017-12-31,,2026-09-26,ok,0
oecd_unemployment,mx,nation,2018-01,3.215105,percent,oecd_activity,2018-01-31,,2026-09-26,ok,0
oecd_unemployment,mx,nation,2018-02,3.183532,percent,oecd_activity,2018-02-28,,2026-09-26,ok,0
oecd_unemployment,mx,nation,2018-03,3.229598,percent,oecd_activity,2018-03-31,,2026-09-26,ok,0
oecd_unemployment,mx,nation,2018-04,3.441132,percent,oecd_activity,2018-04-30,,2026-09-26,ok,0
oecd_unemployment,mx,nation,2018-05,3.233989,percent,oecd_activity,2018-05-31,,2026-09-26,ok,0
oecd_unemployment,mx,nation,2018-06,3.328113,percent,oecd_activity,2018-06-30,,2026-09-26,ok,0
oecd_unemployment,mx,nation,2018-07,3.228598,percent,oecd_activity,2018-07-31,,2026-09-26,ok,0
oecd_unemployment,mx,nation,2018-08,3.18349,percent,oecd_activity,2018-08-31,,2026-09-26,ok,0
oecd_unemployment,mx,nation,2018-09,3.295567,percent,oecd_activity,2018-09-30,,2026-09-26,ok,0
oecd_unemployment,mx,nation,2018-10,3.149913,percent,oecd_activity,2018-10-31,,2026-09-26,ok,0
oecd_unemployment,mx,nation,2018-11,3.313171,percent,oecd_activity,2018-11-30,,2026-09-26,ok,0
oecd_unemployment,mx,nation,2018-12,3.641948,percent,oecd_activity,2018-12-31,,2026-09-26,ok,0
oecd_unemployment,mx,nation,2019-01,3.397644,percent,oecd_activity,2019-01-31,,2026-09-26,ok,0
oecd_unemployment,mx,nation,2019-02,3.315009,percent,oecd_activity,2019-02-28,,2026-09-26,ok,0
oecd_unemployment,mx,nation,2019-03,3.583052,percent,oecd_activity,2019-03-31,,2026-09-26,ok,0
oecd_unemployment,mx,nation,2019-04,3.567572,percent,oecd_activity,2019-04-30,,2026-09-26,ok,0
oecd_unemployment,mx,nation,2019-05,3.532428,percent,oecd_activity,2019-05-31,,2026-09-26,ok,0
oecd_unemployment,mx,nation,2019-06,3.524078,percent,oecd_activity,2019-06-30,,2026-09-26,ok,0
oecd_unemployment,mx,nation,2019-07,3.490134,percent,oecd_activity,2019-07-31,,2026-09-26,ok,0
oecd_unemployment,mx,nation,2019-08,3.425434,percent,oecd_activity,2019-08-31,,2026-09-26,ok,0
oecd_unemployment,mx,nation,2019-09,3.494468,percent,oecd_activity,2019-09-30,,2026-09-26,ok,0
oecd_unemployment,mx,nation,2019-10,3.592558,percent,oecd_activity,2019-10-31,,2026-09-26,ok,0
oecd_unemployment,mx,nation,2019-11,3.503847,percent,oecd_activity,2019-11-30,,2026-09-26,ok,0
oecd_unemployment,mx,nation,2019-12,3.178005,percent,oecd_activity,2019-12-31,,2026-09-26,ok,0
oecd_unemployment,mx,nation,2020-01,3.65326,percent,oecd_activity,2020-01-31,,2026-09-26,ok,0
oecd_unemployment,mx,nation,2020-02,3.610916,percent,oecd_activity,2020-02-29,,2026-09-26,ok,0
oecd_unemployment,mx,nation,2020-03,3.29767,percent,oecd_activity,2020-03-31,,2026-09-26,ok,0
oecd_unemployment,mx,nation,2020-04,4.861102,percent,oecd_activity,2020-04-30,,2026-09-26,ok,0
oecd_unemployment,mx,nation,2020-05,4.253433,percent,oecd_activity,2020-05-31,,2026-09-26,ok,0
oecd_unemployment,mx,nation,2020-06,5.477255,percent,oecd_activity,2020-06-30,,2026-09-26,ok,0
oecd_unemployment,mx,nation,2020-07,5.080461,percent,oecd_activity,2020-07-31,,2026-09-26,ok,0
oecd_unemployment,mx,nation,2020-08,4.908791,percent,oecd_activity,2020-08-31,,2026-09-26,ok,0
oecd_unemployment,mx,nation,2020-09,4.775514,percent,oecd_activity,2020-09-30,,2026-09-26,ok,0
oecd_unemployment,mx,nation,2020-10,4.648805,percent,oecd_activity,2020-10-31,,2026-09-26,ok,0
oecd_unemployment,mx,nation,2020-11,4.497373,percent,oecd_activity,2020-11-30,,2026-09-26,ok,0
oecd_unemployment,mx,nation,2020-12,4.145262,percent,oecd_activity,2020-12-31,,2026-09-26,ok,0
oecd_unemployment,mx,nation,2021-01,4.547665,percent,oecd_activity,2021-01-31,,2026-09-26,ok,0
oecd_unemployment,mx,nation,2021-02,4.477826,percent,oecd_activity,2021-02-28,,2026-09-26,ok,0
oecd_unemployment,mx,nation,2021-03,4.354478,percent,oecd_activity,2021-03-31,,2026-09-26,ok,0
oecd_unemployment,mx,nation,2021-04,4.842843,percent,oecd_activity,2021-04-30,,2026-09-26,ok,0
oecd_unemployment,mx,nation,2021-05,4.053775,percent,oecd_activity,2021-05-31,,2026-09-26,ok,0
oecd_unemployment,mx,nation,2021-06,3.950563,percent,oecd_activity,2021-06-30,,2026-09-26,ok,0
oecd_unemployment,mx,nation,2021-07,4.124655,percent,oecd_activity,2021-07-31,,2026-09-26,ok,0
oecd_unemployment,mx,nation,2021-08,3.992567,percent,oecd_activity,2021-08-31,,2026-09-26,ok,0
oecd_unemployment,mx,nation,2021-09,3.86032,percent,oecd_activity,2021-09-30,,2026-09-26,ok,0
oecd_unemployment,mx,nation,2021-10,3.853777,percent,oecd_activity,2021-10-31,,2026-09-26,ok,0
oecd_unemployment,mx,nation,2021-11,3.770067,percent,oecd_activity,2021-11-30,,2026-09-26,ok,0
oecd_unemployment,mx,nation,2021-12,3.837667,percent,oecd_activity,2021-12-31,,2026-09-26,ok,0
oecd_unemployment,mx,nation,2022-01,3.553276,percent,oecd_activity,2022-01-31,,2026-09-26,ok,0
oecd_unemployment,mx,nation,2022-02,3.823718,percent,oecd_activity,2022-02-28,,2026-09-26,ok,0
oecd_unemployment,mx,nation,2022-03,3.376305,percent,oecd_activity,2022-03-31,,2026-09-26,ok,0
oecd_unemployment,mx,nation,2022-04,3.166944,percent,oecd_activity,2022-04-30,,2026-09-26,ok,0
oecd_unemployment,mx,nation,2022-05,3.306617,percent,oecd_activity,2022-05-31,,2026-09-26,ok,0
oecd_unemployment,mx,nation,2022-06,3.316586,percent,oecd_activity,2022-06-30,,2026-09-26,ok,0
oecd_unemployment,mx,nation,2022-07,3.218232,percent,oecd_activity,2022-07-31,,2026-09-26,ok,0
oecd_unemployment,mx,nation,2022-08,3.25136,percent,oecd_activity,2022-08-31,,2026-09-26,ok,0
oecd_unemployment,mx,nation,2022-09,3.091768,percent,oecd_activity,2022-09-30,,2026-09-26,ok,0
oecd_unemployment,mx,nation,2022-10,3.250416,percent,oecd_activity,2022-10-31,,2026-09-26,ok,0
oecd_unemployment,mx,nation,2022-11,2.929986,percent,oecd_activity,2022-11-30,,2026-09-26,ok,0
oecd_unemployment,mx,nation,2022-12,2.996324,percent,oecd_activity,2022-12-31,,2026-09-26,ok,0
oecd_unemployment,mx,nation,2023-01,2.901026,percent,oecd_activity,2023-01-31,,2026-09-26,ok,0
oecd_unemployment,mx,nation,2023-02,2.782848,percent,oecd_activity,2023-02-28,,2026-09-26,ok,0
oecd_unemployment,mx,nation,2023-03,2.738732,percent,oecd_activity,2023-03-31,,2026-09-26,ok,0
oecd_unemployment,mx,nation,2023-04,2.948136,percent,oecd_activity,2023-04-30,,2026-09-26,ok,0
oecd_unemployment,mx,nation,2023-05,2.947864,percent,oecd_activity,2023-05-31,,2026-09-26,ok,0
oecd_unemployment,mx,nation,2023-06,2.620228,percent,oecd_activity,2023-06-30,,2026-09-26,ok,0
oecd_unemployment,mx,nation,2023-07,2.922049,percent,oecd_activity,2023-07-31,,2026-09-26,ok,0
oecd_unemployment,mx,nation,2023-08,2.706131,percent,oecd_activity,2023-08-31,,2026-09-26,ok,0
oecd_unemployment,mx,nation,2023-09,2.665308,percent,oecd_activity,2023-09-30,,2026-09-26,ok,0
oecd_unemployment,mx,nation,2023-10,2.70346,percent,oecd_activity,2023-10-31,,2026-09-26,ok,0
oecd_unemployment,mx,nation,2023-11,2.781948,percent,oecd_activity,2023-11-30,,2026-09-26,ok,0
oecd_unemployment,mx,nation,2023-12,2.842465,percent,oecd_activity,2023-12-31,,2026-09-26,ok,0
oecd_unemployment,mx,nation,2024-01,2.751099,percent,oecd_activity,2024-01-31,,2026-09-26,ok,0
oecd_unemployment,mx,nation,2024-02,2.541067,percent,oecd_activity,2024-02-29,,2026-09-26,ok,0
oecd_unemployment,mx,nation,2024-03,2.613728,percent,oecd_activity,2024-03-31,,2026-09-26,ok,0
oecd_unemployment,mx,nation,2024-04,2.728864,percent,oecd_activity,2024-04-30,,2026-09-26,ok,0
oecd_unemployment,mx,nation,2024-05,2.651158,percent,oecd_activity,2024-05-31,,2026-09-26,ok,0
oecd_unemployment,mx,nation,2024-06,2.72716,percent,oecd_activity,2024-06-30,,2026-09-26,ok,0
oecd_unemployment,mx,nation,2024-07,2.73202,percent,oecd_activity,2024-07-31,,2026-09-26,ok,0
oecd_unemployment,mx,nation,2024-08,2.773864,percent,oecd_activity,2024-08-31,,2026-09-26,ok,0
oecd_unemployment,mx,nation,2024-09,2.705233,percent,oecd_activity,2024-09-30,,2026-09-26,ok,0
oecd_unemployment,mx,nation,2024-10,2.485198,percent,oecd_activity,2024-10-31,,2026-09-26,ok,0
oecd_unemployment,mx,nation,2024-11,2.70005,percent,oecd_activity,2024-11-30,,2026-09-26,ok,0
oecd_unemployment,mx,nation,2024-12,2.649261,percent,oecd_activity,2024-12-31,,2026-09-26,ok,0
oecd_unemployment,mx,nation,2025-01,2.619549,percent,oecd_activity,2025-01-31,,2026-09-26,ok,0
oecd_unemployment,mx,nation,2025-02,2.594833,percent,oecd_activity,2025-02-28,,2026-09-26,ok,0
oecd_unemployment,mx,nation,2025-03,2.555774,percent,oecd_activity,2025-03-31,,2026-09-26,ok,0
oecd_unemployment,mx,nation,2025-04,2.656873,percent,oecd_activity,2025-04-30,,2026-09-26,ok,0
oecd_unemployment,mx,nation,2025-05,2.748468,percent,oecd_activity,2025-05-31,,2026-09-26,ok,0
oecd_unemployment,mx,nation,2025-06,2.650355,percent,oecd_activity,2025-06-30,,2026-09-26,ok,0
oecd_unemployment,mx,nation,2025-07,2.595464,percent,oecd_activity,2025-07-31,,2026-09-26,ok,0
oecd_unemployment,mx,nation,2025-08,2.673951,percent,oecd_activity,2025-08-31,,2026-09-26,ok,0
oecd_unemployment,mx,nation,2025-09,2.743304,percent,oecd_activity,2025-09-30,,2026-09-26,ok,0
oecd_unemployment,mx,nation,2025-10,2.600265,percent,oecd_activity,2025-10-31,,2026-09-26,ok,0
oecd_unemployment,mx,nation,2025-11,2.719906,percent,oecd_activity,2025-11-30,,2026-09-26,ok,0
oecd_unemployment,mx,nation,2025-12,2.598453,percent,oecd_activity,2025-12-31,,2026-09-26,ok,0
oecd_unemployment,mx,nation,2026-01,2.627864,percent,oecd_activity,2026-01-31,,2026-09-26,ok,0
oecd_unemployment,mx,nation,2026-02,2.678773,percent,oecd_activity,2026-02-28,,2026-09-26,ok,0
oecd_unemployment,mx,nation,2026-03,2.769254,percent,oecd_activity,2026-03-31,,2026-09-26,ok,0
oecd_unemployment,mx,nation,2026-04,2.583249,percent,oecd_activity,2026-04-30,,2026-09-26,ok,0
oecd_unemployment,mx,nation,2026-05,2.761837,percent,oecd_activity,2026-05-31,,2026-09-26,ok,0
oecd_unemployment,mx,nation,2026-06,2.837739,percent,oecd_activity,2026-06-30,,2026-09-26,ok,0
oecd_unemployment,mx,nation,2026-07,2.711902,percent,oecd_activity,2026-07-31,,2026-09-26,ok,0
oecd_unemployment,nl,nation,2015-01,8.3,percent,oecd_activity,2015-01-31,,2026-09-26,ok,0
oecd_unemployment,nl,nation,2015-02,8.1,percent,oecd_activity,2015-02-28,,2026-09-26,ok,0
oecd_unemployment,nl,nation,2015-03,8.1,percent,oecd_activity,2015-03-31,,2026-09-26,ok,0
oecd_unemployment,nl,nation,2015-04,8.1,percent,oecd_activity,2015-04-30,,2026-09-26,ok,0
oecd_unemployment,nl,nation,2015-05,8,percent,oecd_activity,2015-05-31,,2026-09-26,ok,0
oecd_unemployment,nl,nation,2015-06,7.9,percent,oecd_activity,2015-06-30,,2026-09-26,ok,0
oecd_unemployment,nl,nation,2015-07,7.7,percent,oecd_activity,2015-07-31,,2026-09-26,ok,0
oecd_unemployment,nl,nation,2015-08,7.7,percent,oecd_activity,2015-08-31,,2026-09-26,ok,0
oecd_unemployment,nl,nation,2015-09,7.8,percent,oecd_activity,2015-09-30,,2026-09-26,ok,0
oecd_unemployment,nl,nation,2015-10,7.9,percent,oecd_activity,2015-10-31,,2026-09-26,ok,0
oecd_unemployment,nl,nation,2015-11,7.7,percent,oecd_activity,2015-11-30,,2026-09-26,ok,0
oecd_unemployment,nl,nation,2015-12,7.6,percent,oecd_activity,2015-12-31,,2026-09-26,ok,0
oecd_unemployment,nl,nation,2016-01,7.4,percent,oecd_activity,2016-01-31,,2026-09-26,ok,0
oecd_unemployment,nl,nation,2016-02,7.5,percent,oecd_activity,2016-02-29,,2026-09-26,ok,0
oecd_unemployment,nl,nation,2016-03,7.4,percent,oecd_activity,2016-03-31,,2026-09-26,ok,0
oecd_unemployment,nl,nation,2016-04,7.4,percent,oecd_activity,2016-04-30,,2026-09-26,ok,0
oecd_unemployment,nl,nation,2016-05,7.2,percent,oecd_activity,2016-05-31,,2026-09-26,ok,0
oecd_unemployment,nl,nation,2016-06,7.1,percent,oecd_activity,2016-06-30,,2026-09-26,ok,0
oecd_unemployment,nl,nation,2016-07,7,percent,oecd_activity,2016-07-31,,2026-09-26,ok,0
oecd_unemployment,nl,nation,2016-08,6.8,percent,oecd_activity,2016-08-31,,2026-09-26,ok,0
oecd_unemployment,nl,nation,2016-09,6.7,percent,oecd_activity,2016-09-30,,2026-09-26,ok,0
oecd_unemployment,nl,nation,2016-10,6.6,percent,oecd_activity,2016-10-31,,2026-09-26,ok,0
oecd_unemployment,nl,nation,2016-11,6.6,percent,oecd_activity,2016-11-30,,2026-09-26,ok,0
oecd_unemployment,nl,nation,2016-12,6.4,percent,oecd_activity,2016-12-31,,2026-09-26,ok,0
oecd_unemployment,nl,nation,2017-01,6.4,percent,oecd_activity,2017-01-31,,2026-09-26,ok,0
oecd_unemployment,nl,nation,2017-02,6.3,percent,oecd_activity,2017-02-28,,2026-09-26,ok,0
oecd_unemployment,nl,nation,2017-03,6.2,percent,oecd_activity,2017-03-31,,2026-09-26,ok,0
oecd_unemployment,nl,nation,2017-04,6.1,percent,oecd_activity,2017-04-30,,2026-09-26,ok,0
oecd_unemployment,nl,nation,2017-05,6.1,percent,oecd_activity,2017-05-31,,2026-09-26,ok,0
oecd_unemployment,nl,nation,2017-06,6,percent,oecd_activity,2017-06-30,,2026-09-26,ok,0
oecd_unemployment,nl,nation,2017-07,5.9,percent,oecd_activity,2017-07-31,,2026-09-26,ok,0
oecd_unemployment,nl,nation,2017-08,5.7,percent,oecd_activity,2017-08-31,,2026-09-26,ok,0
oecd_unemployment,nl,nation,2017-09,5.7,percent,oecd_activity,2017-09-30,,2026-09-26,ok,0
oecd_unemployment,nl,nation,2017-10,5.5,percent,oecd_activity,2017-10-31,,2026-09-26,ok,0
oecd_unemployment,nl,nation,2017-11,5.4,percent,oecd_activity,2017-11-30,,2026-09-26,ok,0
oecd_unemployment,nl,nation,2017-12,5.4,percent,oecd_activity,2017-12-31,,2026-09-26,ok,0
oecd_unemployment,nl,nation,2018-01,5.2,percent,oecd_activity,2018-01-31,,2026-09-26,ok,0
oecd_unemployment,nl,nation,2018-02,5.1,percent,oecd_activity,2018-02-28,,2026-09-26,ok,0
oecd_unemployment,nl,nation,2018-03,5,percent,oecd_activity,2018-03-31,,2026-09-26,ok,0
oecd_unemployment,nl,nation,2018-04,4.9,percent,oecd_activity,2018-04-30,,2026-09-26,ok,0
oecd_unemployment,nl,nation,2018-05,4.9,percent,oecd_activity,2018-05-31,,2026-09-26,ok,0
oecd_unemployment,nl,nation,2018-06,4.9,percent,oecd_activity,2018-06-30,,2026-09-26,ok,0
oecd_unemployment,nl,nation,2018-07,4.9,percent,oecd_activity,2018-07-31,,2026-09-26,ok,0
oecd_unemployment,nl,nation,2018-08,4.9,percent,oecd_activity,2018-08-31,,2026-09-26,ok,0
oecd_unemployment,nl,nation,2018-09,4.8,percent,oecd_activity,2018-09-30,,2026-09-26,ok,0
oecd_unemployment,nl,nation,2018-10,4.7,percent,oecd_activity,2018-10-31,,2026-09-26,ok,0
oecd_unemployment,nl,nation,2018-11,4.6,percent,oecd_activity,2018-11-30,,2026-09-26,ok,0
oecd_unemployment,nl,nation,2018-12,4.6,percent,oecd_activity,2018-12-31,,2026-09-26,ok,0
oecd_unemployment,nl,nation,2019-01,4.6,percent,oecd_activity,2019-01-31,,2026-09-26,ok,0
oecd_unemployment,nl,nation,2019-02,4.4,percent,oecd_activity,2019-02-28,,2026-09-26,ok,0
oecd_unemployment,nl,nation,2019-03,4.4,percent,oecd_activity,2019-03-31,,2026-09-26,ok,0
oecd_unemployment,nl,nation,2019-04,4.3,percent,oecd_activity,2019-04-30,,2026-09-26,ok,0
oecd_unemployment,nl,nation,2019-05,4.3,percent,oecd_activity,2019-05-31,,2026-09-26,ok,0
oecd_unemployment,nl,nation,2019-06,4.4,percent,oecd_activity,2019-06-30,,2026-09-26,ok,0
oecd_unemployment,nl,nation,2019-07,4.4,percent,oecd_activity,2019-07-31,,2026-09-26,ok,0
oecd_unemployment,nl,nation,2019-08,4.5,percent,oecd_activity,2019-08-31,,2026-09-26,ok,0
oecd_unemployment,nl,nation,2019-09,4.5,percent,oecd_activity,2019-09-30,,2026-09-26,ok,0
oecd_unemployment,nl,nation,2019-10,4.5,percent,oecd_activity,2019-10-31,,2026-09-26,ok,0
oecd_unemployment,nl,nation,2019-11,4.5,percent,oecd_activity,2019-11-30,,2026-09-26,ok,0
oecd_unemployment,nl,nation,2019-12,4.3,percent,oecd_activity,2019-12-31,,2026-09-26,ok,0
oecd_unemployment,nl,nation,2020-01,4.1,percent,oecd_activity,2020-01-31,,2026-09-26,ok,0
oecd_unemployment,nl,nation,2020-02,4,percent,oecd_activity,2020-02-29,,2026-09-26,ok,0
oecd_unemployment,nl,nation,2020-03,4.1,percent,oecd_activity,2020-03-31,,2026-09-26,ok,0
oecd_unemployment,nl,nation,2020-04,4.5,percent,oecd_activity,2020-04-30,,2026-09-26,ok,0
oecd_unemployment,nl,nation,2020-05,4.6,percent,oecd_activity,2020-05-31,,2026-09-26,ok,0
oecd_unemployment,nl,nation,2020-06,5.4,percent,oecd_activity,2020-06-30,,2026-09-26,ok,0
oecd_unemployment,nl,nation,2020-07,5.5,percent,oecd_activity,2020-07-31,,2026-09-26,ok,0
oecd_unemployment,nl,nation,2020-08,5.5,percent,oecd_activity,2020-08-31,,2026-09-26,ok,0
oecd_unemployment,nl,nation,2020-09,5.4,percent,oecd_activity,2020-09-30,,2026-09-26,ok,0
oecd_unemployment,nl,nation,2020-10,5.3,percent,oecd_activity,2020-10-31,,2026-09-26,ok,0
oecd_unemployment,nl,nation,2020-11,5,percent,oecd_activity,2020-11-30,,2026-09-26,ok,0
oecd_unemployment,nl,nation,2020-12,4.9,percent,oecd_activity,2020-12-31,,2026-09-26,ok,0
oecd_unemployment,nl,nation,2021-01,4.7,percent,oecd_activity,2021-01-31,,2026-09-26,ok,0
oecd_unemployment,nl,nation,2021-02,4.7,percent,oecd_activity,2021-02-28,,2026-09-26,ok,0
oecd_unemployment,nl,nation,2021-03,4.6,percent,oecd_activity,2021-03-31,,2026-09-26,ok,0
oecd_unemployment,nl,nation,2021-04,4.5,percent,oecd_activity,2021-04-30,,2026-09-26,ok,0
oecd_unemployment,nl,nation,2021-05,4.4,percent,oecd_activity,2021-05-31,,2026-09-26,ok,0
oecd_unemployment,nl,nation,2021-06,4.2,percent,oecd_activity,2021-06-30,,2026-09-26,ok,0
oecd_unemployment,nl,nation,2021-07,4.1,percent,oecd_activity,2021-07-31,,2026-09-26,ok,0
oecd_unemployment,nl,nation,2021-08,4.2,percent,oecd_activity,2021-08-31,,2026-09-26,ok,0
oecd_unemployment,nl,nation,2021-09,4.1,percent,oecd_activity,2021-09-30,,2026-09-26,ok,0
oecd_unemployment,nl,nation,2021-10,3.9,percent,oecd_activity,2021-10-31,,2026-09-26,ok,0
oecd_unemployment,nl,nation,2021-11,3.7,percent,oecd_activity,2021-11-30,,2026-09-26,ok,0
oecd_unemployment,nl,nation,2021-12,3.8,percent,oecd_activity,2021-12-31,,2026-09-26,ok,0
oecd_unemployment,nl,nation,2022-01,3.6,percent,oecd_activity,2022-01-31,,2026-09-26,ok,0
oecd_unemployment,nl,nation,2022-02,3.4,percent,oecd_activity,2022-02-28,,2026-09-26,ok,0
oecd_unemployment,nl,nation,2022-03,3.3,percent,oecd_activity,2022-03-31,,2026-09-26,ok,0
oecd_unemployment,nl,nation,2022-04,3.2,percent,oecd_activity,2022-04-30,,2026-09-26,ok,0
oecd_unemployment,nl,nation,2022-05,3.3,percent,oecd_activity,2022-05-31,,2026-09-26,ok,0
oecd_unemployment,nl,nation,2022-06,3.4,percent,oecd_activity,2022-06-30,,2026-09-26,ok,0
oecd_unemployment,nl,nation,2022-07,3.6,percent,oecd_activity,2022-07-31,,2026-09-26,ok,0
oecd_unemployment,nl,nation,2022-08,3.8,percent,oecd_activity,2022-08-31,,2026-09-26,ok,0
oecd_unemployment,nl,nation,2022-09,3.8,percent,oecd_activity,2022-09-30,,2026-09-26,ok,0
oecd_unemployment,nl,nation,2022-10,3.7,percent,oecd_activity,2022-10-31,,2026-09-26,ok,0
oecd_unemployment,nl,nation,2022-11,3.6,percent,oecd_activity,2022-11-30,,2026-09-26,ok,0
oecd_unemployment,nl,nation,2022-12,3.5,percent,oecd_activity,2022-12-31,,2026-09-26,ok,0
oecd_unemployment,nl,nation,2023-01,3.6,percent,oecd_activity,2023-01-31,,2026-09-26,ok,0
oecd_unemployment,nl,nation,2023-02,3.5,percent,oecd_activity,2023-02-28,,2026-09-26,ok,0
oecd_unemployment,nl,nation,2023-03,3.5,percent,oecd_activity,2023-03-31,,2026-09-26,ok,0
oecd_unemployment,nl,nation,2023-04,3.4,percent,oecd_activity,2023-04-30,,2026-09-26,ok,0
oecd_unemployment,nl,nation,2023-05,3.5,percent,oecd_activity,2023-05-31,,2026-09-26,ok,0
oecd_unemployment,nl,nation,2023-06,3.5,percent,oecd_activity,2023-06-30,,2026-09-26,ok,0
oecd_unemployment,nl,nation,2023-07,3.6,percent,oecd_activity,2023-07-31,,2026-09-26,ok,0
oecd_unemployment,nl,nation,2023-08,3.6,percent,oecd_activity,2023-08-31,,2026-09-26,ok,0
oecd_unemployment,nl,nation,2023-09,3.7,percent,oecd_activity,2023-09-30,,2026-09-26,ok,0
oecd_unemployment,nl,nation,2023-10,3.6,percent,oecd_activity,2023-10-31,,2026-09-26,ok,0
oecd_unemployment,nl,nation,2023-11,3.5,percent,oecd_activity,2023-11-30,,2026-09-26,ok,0
oecd_unemployment,nl,nation,2023-12,3.6,percent,oecd_activity,2023-12-31,,2026-09-26,ok,0
oecd_unemployment,nl,nation,2024-01,3.6,percent,oecd_activity,2024-01-31,,2026-09-26,ok,0
oecd_unemployment,nl,nation,2024-02,3.7,percent,oecd_activity,2024-02-29,,2026-09-26,ok,0
oecd_unemployment,nl,nation,2024-03,3.6,percent,oecd_activity,2024-03-31,,2026-09-26,ok,0
oecd_unemployment,nl,nation,2024-04,3.7,percent,oecd_activity,2024-04-30,,2026-09-26,ok,0
oecd_unemployment,nl,nation,2024-05,3.6,percent,oecd_activity,2024-05-31,,2026-09-26,ok,0
oecd_unemployment,nl,nation,2024-06,3.6,percent,oecd_activity,2024-06-30,,2026-09-26,ok,0
oecd_unemployment,nl,nation,2024-07,3.6,percent,oecd_activity,2024-07-31,,2026-09-26,ok,0
oecd_unemployment,nl,nation,2024-08,3.7,percent,oecd_activity,2024-08-31,,2026-09-26,ok,0
oecd_unemployment,nl,nation,2024-09,3.7,percent,oecd_activity,2024-09-30,,2026-09-26,ok,0
oecd_unemployment,nl,nation,2024-10,3.7,percent,oecd_activity,2024-10-31,,2026-09-26,ok,0
oecd_unemployment,nl,nation,2024-11,3.7,percent,oecd_activity,2024-11-30,,2026-09-26,ok,0
oecd_unemployment,nl,nation,2024-12,3.7,percent,oecd_activity,2024-12-31,,2026-09-26,ok,0
oecd_unemployment,nl,nation,2025-01,3.8,percent,oecd_activity,2025-01-31,,2026-09-26,ok,0
oecd_unemployment,nl,nation,2025-02,3.8,percent,oecd_activity,2025-02-28,,2026-09-26,ok,0
oecd_unemployment,nl,nation,2025-03,3.9,percent,oecd_activity,2025-03-31,,2026-09-26,ok,0
oecd_unemployment,nl,nation,2025-04,3.8,percent,oecd_activity,2025-04-30,,2026-09-26,ok,0
oecd_unemployment,nl,nation,2025-05,3.8,percent,oecd_activity,2025-05-31,,2026-09-26,ok,0
oecd_unemployment,nl,nation,2025-06,3.8,percent,oecd_activity,2025-06-30,,2026-09-26,ok,0
oecd_unemployment,nl,nation,2025-07,3.8,percent,oecd_activity,2025-07-31,,2026-09-26,ok,0
oecd_unemployment,nl,nation,2025-08,3.9,percent,oecd_activity,2025-08-31,,2026-09-26,ok,0
oecd_unemployment,nl,nation,2025-09,4,percent,oecd_activity,2025-09-30,,2026-09-26,ok,0
oecd_unemployment,nl,nation,2025-10,4,percent,oecd_activity,2025-10-31,,2026-09-26,ok,0
oecd_unemployment,nl,nation,2025-11,4,percent,oecd_activity,2025-11-30,,2026-09-26,ok,0
oecd_unemployment,nl,nation,2025-12,4,percent,oecd_activity,2025-12-31,,2026-09-26,ok,0
oecd_unemployment,nl,nation,2026-01,4,percent,oecd_activity,2026-01-31,,2026-09-26,ok,0
oecd_unemployment,nl,nation,2026-02,4.1,percent,oecd_activity,2026-02-28,,2026-09-26,ok,0
oecd_unemployment,nl,nation,2026-03,4,percent,oecd_activity,2026-03-31,,2026-09-26,ok,0
oecd_unemployment,nl,nation,2026-04,3.9,percent,oecd_activity,2026-04-30,,2026-09-26,ok,0
oecd_unemployment,nl,nation,2026-05,3.9,percent,oecd_activity,2026-05-31,,2026-09-26,ok,0
oecd_unemployment,nl,nation,2026-06,3.8,percent,oecd_activity,2026-06-30,,2026-09-26,ok,0
oecd_unemployment,nl,nation,2026-07,4,percent,oecd_activity,2026-07-31,,2026-09-26,ok,0
oecd_unemployment,no,nation,2015-01,4.3,percent,oecd_activity,2015-01-31,,2026-09-26,ok,0
oecd_unemployment,no,nation,2015-02,4.7,percent,oecd_activity,2015-02-28,,2026-09-26,ok,0
oecd_unemployment,no,nation,2015-03,4.5,percent,oecd_activity,2015-03-31,,2026-09-26,ok,0
oecd_unemployment,no,nation,2015-04,4.5,percent,oecd_activity,2015-04-30,,2026-09-26,ok,0
oecd_unemployment,no,nation,2015-05,4.4,percent,oecd_activity,2015-05-31,,2026-09-26,ok,0
oecd_unemployment,no,nation,2015-06,4.8,percent,oecd_activity,2015-06-30,,2026-09-26,ok,0
oecd_unemployment,no,nation,2015-07,5.2,percent,oecd_activity,2015-07-31,,2026-09-26,ok,0
oecd_unemployment,no,nation,2015-08,4.2,percent,oecd_activity,2015-08-31,,2026-09-26,ok,0
oecd_unemployment,no,nation,2015-09,4.8,percent,oecd_activity,2015-09-30,,2026-09-26,ok,0
oecd_unemployment,no,nation,2015-10,5,percent,oecd_activity,2015-10-31,,2026-09-26,ok,0
oecd_unemployment,no,nation,2015-11,4.5,percent,oecd_activity,2015-11-30,,2026-09-26,ok,0
oecd_unemployment,no,nation,2015-12,5.2,percent,oecd_activity,2015-12-31,,2026-09-26,ok,0
oecd_unemployment,no,nation,2016-01,4.9,percent,oecd_activity,2016-01-31,,2026-09-26,ok,0
oecd_unemployment,no,nation,2016-02,5.6,percent,oecd_activity,2016-02-29,,2026-09-26,ok,0
oecd_unemployment,no,nation,2016-03,4.8,percent,oecd_activity,2016-03-31,,2026-09-26,ok,0
oecd_unemployment,no,nation,2016-04,5,percent,oecd_activity,2016-04-30,,2026-09-26,ok,0
oecd_unemployment,no,nation,2016-05,5.1,percent,oecd_activity,2016-05-31,,2026-09-26,ok,0
oecd_unemployment,no,nation,2016-06,4.7,percent,oecd_activity,2016-06-30,,2026-09-26,ok,0
oecd_unemployment,no,nation,2016-07,4.9,percent,oecd_activity,2016-07-31,,2026-09-26,ok,0
oecd_unemployment,no,nation,2016-08,5.1,percent,oecd_activity,2016-08-31,,2026-09-26,ok,0
oecd_unemployment,no,nation,2016-09,4.7,percent,oecd_activity,2016-09-30,,2026-09-26,ok,0
oecd_unemployment,no,nation,2016-10,4.9,percent,oecd_activity,2016-10-31,,2026-09-26,ok,0
oecd_unemployment,no,nation,2016-11,4.9,percent,oecd_activity,2016-11-30,,2026-09-26,ok,0
oecd_unemployment,no,nation,2016-12,4.2,percent,oecd_activity,2016-12-31,,2026-09-26,ok,0
oecd_unemployment,no,nation,2017-01,4.1,percent,oecd_activity,2017-01-31,,2026-09-26,ok,0
oecd_unemployment,no,nation,2017-02,4.5,percent,oecd_activity,2017-02-28,,2026-09-26,ok,0
oecd_unemployment,no,nation,2017-03,4.7,percent,oecd_activity,2017-03-31,,2026-09-26,ok,0
oecd_unemployment,no,nation,2017-04,4.6,percent,oecd_activity,2017-04-30,,2026-09-26,ok,0
oecd_unemployment,no,nation,2017-05,4.7,percent,oecd_activity,2017-05-31,,2026-09-26,ok,0
oecd_unemployment,no,nation,2017-06,4.5,percent,oecd_activity,2017-06-30,,2026-09-26,ok,0
oecd_unemployment,no,nation,2017-07,4.2,percent,oecd_activity,2017-07-31,,2026-09-26,ok,0
oecd_unemployment,no,nation,2017-08,4.2,percent,oecd_activity,2017-08-31,,2026-09-26,ok,0
oecd_unemployment,no,nation,2017-09,4.2,percent,oecd_activity,2017-09-30,,2026-09-26,ok,0
oecd_unemployment,no,nation,2017-10,4,percent,oecd_activity,2017-10-31,,2026-09-26,ok,0
oecd_unemployment,no,nation,2017-11,4.1,percent,oecd_activity,2017-11-30,,2026-09-26,ok,0
oecd_unemployment,no,nation,2017-12,4.5,percent,oecd_activity,2017-12-31,,2026-09-26,ok,0
oecd_unemployment,no,nation,2018-01,4,percent,oecd_activity,2018-01-31,,2026-09-26,ok,0
oecd_unemployment,no,nation,2018-02,4,percent,oecd_activity,2018-02-28,,2026-09-26,ok,0
oecd_unemployment,no,nation,2018-03,4.2,percent,oecd_activity,2018-03-31,,2026-09-26,ok,0
oecd_unemployment,no,nation,2018-04,4.2,percent,oecd_activity,2018-04-30,,2026-09-26,ok,0
oecd_unemployment,no,nation,2018-05,3.6,percent,oecd_activity,2018-05-31,,2026-09-26,ok,0
oecd_unemployment,no,nation,2018-06,4.2,percent,oecd_activity,2018-06-30,,2026-09-26,ok,0
oecd_unemployment,no,nation,2018-07,4.2,percent,oecd_activity,2018-07-31,,2026-09-26,ok,0
oecd_unemployment,no,nation,2018-08,3.9,percent,oecd_activity,2018-08-31,,2026-09-26,ok,0
oecd_unemployment,no,nation,2018-09,4.4,percent,oecd_activity,2018-09-30,,2026-09-26,ok,0
oecd_unemployment,no,nation,2018-10,4,percent,oecd_activity,2018-10-31,,2026-09-26,ok,0
oecd_unemployment,no,nation,2018-11,3.9,percent,oecd_activity,2018-11-30,,2026-09-26,ok,0
oecd_unemployment,no,nation,2018-12,3.7,percent,oecd_activity,2018-12-31,,2026-09-26,ok,0
oecd_unemployment,no,nation,2019-01,4,percent,oecd_activity,2019-01-31,,2026-09-26,ok,0
oecd_unemployment,no,nation,2019-02,4.3,percent,oecd_activity,2019-02-28,,2026-09-26,ok,0
oecd_unemployment,no,nation,2019-03,3.6,percent,oecd_activity,2019-03-31,,2026-09-26,ok,0
oecd_unemployment,no,nation,2019-04,3.2,percent,oecd_activity,2019-04-30,,2026-09-26,ok,0
oecd_unemployment,no,nation,2019-05,3.5,percent,oecd_activity,2019-05-31,,2026-09-26,ok,0
oecd_unemployment,no,nation,2019-06,3.8,percent,oecd_activity,2019-06-30,,2026-09-26,ok,0
oecd_unemployment,no,nation,2019-07,3.9,percent,oecd_activity,2019-07-31,,2026-09-26,ok,0
oecd_unemployment,no,nation,2019-08,4.2,percent,oecd_activity,2019-08-31,,2026-09-26,ok,0
oecd_unemployment,no,nation,2019-09,3.6,percent,oecd_activity,2019-09-30,,2026-09-26,ok,0
oecd_unemployment,no,nation,2019-10,4.3,percent,oecd_activity,2019-10-31,,2026-09-26,ok,0
oecd_unemployment,no,nation,2019-11,4.1,percent,oecd_activity,2019-11-30,,2026-09-26,ok,0
oecd_unemployment,no,nation,2019-12,4.1,percent,oecd_activity,2019-12-31,,2026-09-26,ok,0
oecd_unemployment,no,nation,2020-01,4.1,percent,oecd_activity,2020-01-31,,2026-09-26,ok,0
oecd_unemployment,no,nation,2020-02,3.6,percent,oecd_activity,2020-02-29,,2026-09-26,ok,0
oecd_unemployment,no,nation,2020-03,3.4,percent,oecd_activity,2020-03-31,,2026-09-26,ok,0
oecd_unemployment,no,nation,2020-04,4.1,percent,oecd_activity,2020-04-30,,2026-09-26,ok,0
oecd_unemployment,no,nation,2020-05,4.9,percent,oecd_activity,2020-05-31,,2026-09-26,ok,0
oecd_unemployment,no,nation,2020-06,5,percent,oecd_activity,2020-06-30,,2026-09-26,ok,0
oecd_unemployment,no,nation,2020-07,6,percent,oecd_activity,2020-07-31,,2026-09-26,ok,0
oecd_unemployment,no,nation,2020-08,5.2,percent,oecd_activity,2020-08-31,,2026-09-26,ok,0
oecd_unemployment,no,nation,2020-09,5.2,percent,oecd_activity,2020-09-30,,2026-09-26,ok,0
oecd_unemployment,no,nation,2020-10,5.5,percent,oecd_activity,2020-10-31,,2026-09-26,ok,0
oecd_unemployment,no,nation,2020-11,5.3,percent,oecd_activity,2020-11-30,,2026-09-26,ok,0
oecd_unemployment,no,nation,2020-12,4.8,percent,oecd_activity,2020-12-31,,2026-09-26,ok,0
oecd_unemployment,no,nation,2021-01,5.1,percent,oecd_activity,2021-01-31,,2026-09-26,ok,0
oecd_unemployment,no,nation,2021-02,5.4,percent,oecd_activity,2021-02-28,,2026-09-26,ok,0
oecd_unemployment,no,nation,2021-03,4.3,percent,oecd_activity,2021-03-31,,2026-09-26,ok,0
oecd_unemployment,no,nation,2021-04,5.1,percent,oecd_activity,2021-04-30,,2026-09-26,ok,0
oecd_unemployment,no,nation,2021-05,5.5,percent,oecd_activity,2021-05-31,,2026-09-26,ok,0
oecd_unemployment,no,nation,2021-06,4.4,percent,oecd_activity,2021-06-30,,2026-09-26,ok,0
oecd_unemployment,no,nation,2021-07,5.1,percent,oecd_activity,2021-07-31,,2026-09-26,ok,0
oecd_unemployment,no,nation,2021-08,3.9,percent,oecd_activity,2021-08-31,,2026-09-26,ok,0
oecd_unemployment,no,nation,2021-09,3.7,percent,oecd_activity,2021-09-30,,2026-09-26,ok,0
oecd_unemployment,no,nation,2021-10,3.6,percent,oecd_activity,2021-10-31,,2026-09-26,ok,0
oecd_unemployment,no,nation,2021-11,4,percent,oecd_activity,2021-11-30,,2026-09-26,ok,0
oecd_unemployment,no,nation,2021-12,3.3,percent,oecd_activity,2021-12-31,,2026-09-26,ok,0
oecd_unemployment,no,nation,2022-01,3.2,percent,oecd_activity,2022-01-31,,2026-09-26,ok,0
oecd_unemployment,no,nation,2022-02,3.5,percent,oecd_activity,2022-02-28,,2026-09-26,ok,0
oecd_unemployment,no,nation,2022-03,3,percent,oecd_activity,2022-03-31,,2026-09-26,ok,0
oecd_unemployment,no,nation,2022-04,2.6,percent,oecd_activity,2022-04-30,,2026-09-26,ok,0
oecd_unemployment,no,nation,2022-05,3.8,percent,oecd_activity,2022-05-31,,2026-09-26,ok,0
oecd_unemployment,no,nation,2022-06,3.1,percent,oecd_activity,2022-06-30,,2026-09-26,ok,0
oecd_unemployment,no,nation,2022-07,2.9,percent,oecd_activity,2022-07-31,,2026-09-26,ok,0
oecd_unemployment,no,nation,2022-08,3.4,percent,oecd_activity,2022-08-31,,2026-09-26,ok,0
oecd_unemployment,no,nation,2022-09,3.4,percent,oecd_activity,2022-09-30,,2026-09-26,ok,0
oecd_unemployment,no,nation,2022-10,3.1,percent,oecd_activity,2022-10-31,,2026-09-26,ok,0
oecd_unemployment,no,nation,2022-11,3.3,percent,oecd_activity,2022-11-30,,2026-09-26,ok,0
oecd_unemployment,no,nation,2022-12,3.5,percent,oecd_activity,2022-12-31,,2026-09-26,ok,0
oecd_unemployment,no,nation,2023-01,3.6,percent,oecd_activity,2023-01-31,,2026-09-26,ok,0
oecd_unemployment,no,nation,2023-02,4,percent,oecd_activity,2023-02-28,,2026-09-26,ok,0
oecd_unemployment,no,nation,2023-03,3.5,percent,oecd_activity,2023-03-31,,2026-09-26,ok,0
oecd_unemployment,no,nation,2023-04,3.5,percent,oecd_activity,2023-04-30,,2026-09-26,ok,0
oecd_unemployment,no,nation,2023-05,3.1,percent,oecd_activity,2023-05-31,,2026-09-26,ok,0
oecd_unemployment,no,nation,2023-06,3.3,percent,oecd_activity,2023-06-30,,2026-09-26,ok,0
oecd_unemployment,no,nation,2023-07,3.8,percent,oecd_activity,2023-07-31,,2026-09-26,ok,0
oecd_unemployment,no,nation,2023-08,3.6,percent,oecd_activity,2023-08-31,,2026-09-26,ok,0
oecd_unemployment,no,nation,2023-09,3.4,percent,oecd_activity,2023-09-30,,2026-09-26,ok,0
oecd_unemployment,no,nation,2023-10,3.7,percent,oecd_activity,2023-10-31,,2026-09-26,ok,0
oecd_unemployment,no,nation,2023-11,3.9,percent,oecd_activity,2023-11-30,,2026-09-26,ok,0
oecd_unemployment,no,nation,2023-12,3.7,percent,oecd_activity,2023-12-31,,2026-09-26,ok,0
oecd_unemployment,no,nation,2024-01,4.5,percent,oecd_activity,2024-01-31,,2026-09-26,ok,0
oecd_unemployment,no,nation,2024-02,3.6,percent,oecd_activity,2024-02-29,,2026-09-26,ok,0
oecd_unemployment,no,nation,2024-03,3.8,percent,oecd_activity,2024-03-31,,2026-09-26,ok,0
oecd_unemployment,no,nation,2024-04,4.3,percent,oecd_activity,2024-04-30,,2026-09-26,ok,0
oecd_unemployment,no,nation,2024-05,3.9,percent,oecd_activity,2024-05-31,,2026-09-26,ok,0
oecd_unemployment,no,nation,2024-06,3.9,percent,oecd_activity,2024-06-30,,2026-09-26,ok,0
oecd_unemployment,no,nation,2024-07,4,percent,oecd_activity,2024-07-31,,2026-09-26,ok,0
oecd_unemployment,no,nation,2024-08,4,percent,oecd_activity,2024-08-31,,2026-09-26,ok,0
oecd_unemployment,no,nation,2024-09,4,percent,oecd_activity,2024-09-30,,2026-09-26,ok,0
oecd_unemployment,no,nation,2024-10,4.1,percent,oecd_activity,2024-10-31,,2026-09-26,ok,0
oecd_unemployment,no,nation,2024-11,3.8,percent,oecd_activity,2024-11-30,,2026-09-26,ok,0
oecd_unemployment,no,nation,2024-12,4.3,percent,oecd_activity,2024-12-31,,2026-09-26,ok,0
oecd_unemployment,no,nation,2025-01,3.8,percent,oecd_activity,2025-01-31,,2026-09-26,ok,0
oecd_unemployment,no,nation,2025-02,4.1,percent,oecd_activity,2025-02-28,,2026-09-26,ok,0
oecd_unemployment,no,nation,2025-03,4.3,percent,oecd_activity,2025-03-31,,2026-09-26,ok,0
oecd_unemployment,no,nation,2025-04,4.4,percent,oecd_activity,2025-04-30,,2026-09-26,ok,0
oecd_unemployment,no,nation,2025-05,4.6,percent,oecd_activity,2025-05-31,,2026-09-26,ok,0
oecd_unemployment,no,nation,2025-06,5.3,percent,oecd_activity,2025-06-30,,2026-09-26,ok,0
oecd_unemployment,no,nation,2025-07,4.5,percent,oecd_activity,2025-07-31,,2026-09-26,ok,0
oecd_unemployment,no,nation,2025-08,4.9,percent,oecd_activity,2025-08-31,,2026-09-26,ok,0
oecd_unemployment,no,nation,2025-09,4.7,percent,oecd_activity,2025-09-30,,2026-09-26,ok,0
oecd_unemployment,no,nation,2025-10,4.5,percent,oecd_activity,2025-10-31,,2026-09-26,ok,0
oecd_unemployment,no,nation,2025-11,4.6,percent,oecd_activity,2025-11-30,,2026-09-26,ok,0
oecd_unemployment,no,nation,2025-12,4.3,percent,oecd_activity,2025-12-31,,2026-09-26,ok,0
oecd_unemployment,no,nation,2026-01,4.6,percent,oecd_activity,2026-01-31,,2026-09-26,ok,0
oecd_unemployment,no,nation,2026-02,4.8,percent,oecd_activity,2026-02-28,,2026-09-26,ok,0
oecd_unemployment,no,nation,2026-03,4.8,percent,oecd_activity,2026-03-31,,2026-09-26,ok,0
oecd_unemployment,no,nation,2026-04,4.6,percent,oecd_activity,2026-04-30,,2026-09-26,ok,0
oecd_unemployment,no,nation,2026-05,4.4,percent,oecd_activity,2026-05-31,,2026-09-26,ok,0
oecd_unemployment,no,nation,2026-06,4.6,percent,oecd_activity,2026-06-30,,2026-09-26,ok,0
oecd_unemployment,no,nation,2026-07,4.2,percent,oecd_activity,2026-07-31,,2026-09-26,ok,0
oecd_unemployment,pl,nation,2015-01,8.4,percent,oecd_activity,2015-01-31,,2026-09-26,ok,0
oecd_unemployment,pl,nation,2015-02,8.3,percent,oecd_activity,2015-02-28,,2026-09-26,ok,0
oecd_unemployment,pl,nation,2015-03,8.1,percent,oecd_activity,2015-03-31,,2026-09-26,ok,0
oecd_unemployment,pl,nation,2015-04,7.9,percent,oecd_activity,2015-04-30,,2026-09-26,ok,0
oecd_unemployment,pl,nation,2015-05,7.7,percent,oecd_activity,2015-05-31,,2026-09-26,ok,0
oecd_unemployment,pl,nation,2015-06,7.6,percent,oecd_activity,2015-06-30,,2026-09-26,ok,0
oecd_unemployment,pl,nation,2015-07,7.5,percent,oecd_activity,2015-07-31,,2026-09-26,ok,0
oecd_unemployment,pl,nation,2015-08,7.5,percent,oecd_activity,2015-08-31,,2026-09-26,ok,0
oecd_unemployment,pl,nation,2015-09,7.4,percent,oecd_activity,2015-09-30,,2026-09-26,ok,0
oecd_unemployment,pl,nation,2015-10,7.3,percent,oecd_activity,2015-10-31,,2026-09-26,ok,0
oecd_unemployment,pl,nation,2015-11,7.2,percent,oecd_activity,2015-11-30,,2026-09-26,ok,0
oecd_unemployment,pl,nation,2015-12,7,percent,oecd_activity,2015-12-31,,2026-09-26,ok,0
oecd_unemployment,pl,nation,2016-01,6.8,percent,oecd_activity,2016-01-31,,2026-09-26,ok,0
oecd_unemployment,pl,nation,2016-02,6.7,percent,oecd_activity,2016-02-29,,2026-09-26,ok,0
oecd_unemployment,pl,nation,2016-03,6.6,percent,oecd_activity,2016-03-31,,2026-09-26,ok,0
oecd_unemployment,pl,nation,2016-04,6.5,percent,oecd_activity,2016-04-30,,2026-09-26,ok,0
oecd_unemployment,pl,nation,2016-05,6.4,percent,oecd_activity,2016-05-31,,2026-09-26,ok,0
oecd_unemployment,pl,nation,2016-06,6.4,percent,oecd_activity,2016-06-30,,2026-09-26,ok,0
oecd_unemployment,pl,nation,2016-07,6.3,percent,oecd_activity,2016-07-31,,2026-09-26,ok,0
oecd_unemployment,pl,nation,2016-08,6.2,percent,oecd_activity,2016-08-31,,2026-09-26,ok,0
oecd_unemployment,pl,nation,2016-09,6.1,percent,oecd_activity,2016-09-30,,2026-09-26,ok,0
oecd_unemployment,pl,nation,2016-10,5.9,percent,oecd_activity,2016-10-31,,2026-09-26,ok,0
oecd_unemployment,pl,nation,2016-11,5.7,percent,oecd_activity,2016-11-30,,2026-09-26,ok,0
oecd_unemployment,pl,nation,2016-12,5.5,percent,oecd_activity,2016-12-31,,2026-09-26,ok,0
oecd_unemployment,pl,nation,2017-01,5.3,percent,oecd_activity,2017-01-31,,2026-09-26,ok,0
oecd_unemployment,pl,nation,2017-02,5.1,percent,oecd_activity,2017-02-28,,2026-09-26,ok,0
oecd_unemployment,pl,nation,2017-03,5.1,percent,oecd_activity,2017-03-31,,2026-09-26,ok,0
oecd_unemployment,pl,nation,2017-04,5.2,percent,oecd_activity,2017-04-30,,2026-09-26,ok,0
oecd_unemployment,pl,nation,2017-05,5.2,percent,oecd_activity,2017-05-31,,2026-09-26,ok,0
oecd_unemployment,pl,nation,2017-06,5.1,percent,oecd_activity,2017-06-30,,2026-09-26,ok,0
oecd_unemployment,pl,nation,2017-07,4.9,percent,oecd_activity,2017-07-31,,2026-09-26,ok,0
oecd_unemployment,pl,nation,2017-08,4.9,percent,oecd_activity,2017-08-31,,2026-09-26,ok,0
oecd_unemployment,pl,nation,2017-09,4.8,percent,oecd_activity,2017-09-30,,2026-09-26,ok,0
oecd_unemployment,pl,nation,2017-10,4.7,percent,oecd_activity,2017-10-31,,2026-09-26,ok,0
oecd_unemployment,pl,nation,2017-11,4.6,percent,oecd_activity,2017-11-30,,2026-09-26,ok,0
oecd_unemployment,pl,nation,2017-12,4.4,percent,oecd_activity,2017-12-31,,2026-09-26,ok,0
oecd_unemployment,pl,nation,2018-01,4.1,percent,oecd_activity,2018-01-31,,2026-09-26,ok,0
oecd_unemployment,pl,nation,2018-02,3.9,percent,oecd_activity,2018-02-28,,2026-09-26,ok,0
oecd_unemployment,pl,nation,2018-03,3.8,percent,oecd_activity,2018-03-31,,2026-09-26,ok,0
oecd_unemployment,pl,nation,2018-04,3.8,percent,oecd_activity,2018-04-30,,2026-09-26,ok,0
oecd_unemployment,pl,nation,2018-05,3.7,percent,oecd_activity,2018-05-31,,2026-09-26,ok,0
oecd_unemployment,pl,nation,2018-06,3.8,percent,oecd_activity,2018-06-30,,2026-09-26,ok,0
oecd_unemployment,pl,nation,2018-07,3.9,percent,oecd_activity,2018-07-31,,2026-09-26,ok,0
oecd_unemployment,pl,nation,2018-08,3.9,percent,oecd_activity,2018-08-31,,2026-09-26,ok,0
oecd_unemployment,pl,nation,2018-09,4,percent,oecd_activity,2018-09-30,,2026-09-26,ok,0
oecd_unemployment,pl,nation,2018-10,4,percent,oecd_activity,2018-10-31,,2026-09-26,ok,0
oecd_unemployment,pl,nation,2018-11,3.9,percent,oecd_activity,2018-11-30,,2026-09-26,ok,0
oecd_unemployment,pl,nation,2018-12,3.9,percent,oecd_activity,2018-12-31,,2026-09-26,ok,0
oecd_unemployment,pl,nation,2019-01,3.7,percent,oecd_activity,2019-01-31,,2026-09-26,ok,0
oecd_unemployment,pl,nation,2019-02,3.6,percent,oecd_activity,2019-02-28,,2026-09-26,ok,0
oecd_unemployment,pl,nation,2019-03,3.5,percent,oecd_activity,2019-03-31,,2026-09-26,ok,0
oecd_unemployment,pl,nation,2019-04,3.4,percent,oecd_activity,2019-04-30,,2026-09-26,ok,0
oecd_unemployment,pl,nation,2019-05,3.3,percent,oecd_activity,2019-05-31,,2026-09-26,ok,0
oecd_unemployment,pl,nation,2019-06,3.2,percent,oecd_activity,2019-06-30,,2026-09-26,ok,0
oecd_unemployment,pl,nation,2019-07,3.2,percent,oecd_activity,2019-07-31,,2026-09-26,ok,0
oecd_unemployment,pl,nation,2019-08,3.1,percent,oecd_activity,2019-08-31,,2026-09-26,ok,0
oecd_unemployment,pl,nation,2019-09,3.1,percent,oecd_activity,2019-09-30,,2026-09-26,ok,0
oecd_unemployment,pl,nation,2019-10,3,percent,oecd_activity,2019-10-31,,2026-09-26,ok,0
oecd_unemployment,pl,nation,2019-11,3,percent,oecd_activity,2019-11-30,,2026-09-26,ok,0
oecd_unemployment,pl,nation,2019-12,2.9,percent,oecd_activity,2019-12-31,,2026-09-26,ok,0
oecd_unemployment,pl,nation,2020-01,2.9,percent,oecd_activity,2020-01-31,,2026-09-26,ok,0
oecd_unemployment,pl,nation,2020-02,2.8,percent,oecd_activity,2020-02-29,,2026-09-26,ok,0
oecd_unemployment,pl,nation,2020-03,2.9,percent,oecd_activity,2020-03-31,,2026-09-26,ok,0
oecd_unemployment,pl,nation,2020-04,3.1,percent,oecd_activity,2020-04-30,,2026-09-26,ok,0
oecd_unemployment,pl,nation,2020-05,3.3,percent,oecd_activity,2020-05-31,,2026-09-26,ok,0
oecd_unemployment,pl,nation,2020-06,3.4,percent,oecd_activity,2020-06-30,,2026-09-26,ok,0
oecd_unemployment,pl,nation,2020-07,3.4,percent,oecd_activity,2020-07-31,,2026-09-26,ok,0
oecd_unemployment,pl,nation,2020-08,3.4,percent,oecd_activity,2020-08-31,,2026-09-26,ok,0
oecd_unemployment,pl,nation,2020-09,3.3,percent,oecd_activity,2020-09-30,,2026-09-26,ok,0
oecd_unemployment,pl,nation,2020-10,3.2,percent,oecd_activity,2020-10-31,,2026-09-26,ok,0
oecd_unemployment,pl,nation,2020-11,3.2,percent,oecd_activity,2020-11-30,,2026-09-26,ok,0
oecd_unemployment,pl,nation,2020-12,3.3,percent,oecd_activity,2020-12-31,,2026-09-26,ok,0
oecd_unemployment,pl,nation,2021-01,3.6,percent,oecd_activity,2021-01-31,,2026-09-26,ok,0
oecd_unemployment,pl,nation,2021-02,3.8,percent,oecd_activity,2021-02-28,,2026-09-26,ok,0
oecd_unemployment,pl,nation,2021-03,3.9,percent,oecd_activity,2021-03-31,,2026-09-26,ok,0
oecd_unemployment,pl,nation,2021-04,3.8,percent,oecd_activity,2021-04-30,,2026-09-26,ok,0
oecd_unemployment,pl,nation,2021-05,3.7,percent,oecd_activity,2021-05-31,,2026-09-26,ok,0
oecd_unemployment,pl,nation,2021-06,3.5,percent,oecd_activity,2021-06-30,,2026-09-26,ok,0
oecd_unemployment,pl,nation,2021-07,3.3,percent,oecd_activity,2021-07-31,,2026-09-26,ok,0
oecd_unemployment,pl,nation,2021-08,3.1,percent,oecd_activity,2021-08-31,,2026-09-26,ok,0
oecd_unemployment,pl,nation,2021-09,3,percent,oecd_activity,2021-09-30,,2026-09-26,ok,0
oecd_unemployment,pl,nation,2021-10,3,percent,oecd_activity,2021-10-31,,2026-09-26,ok,0
oecd_unemployment,pl,nation,2021-11,3,percent,oecd_activity,2021-11-30,,2026-09-26,ok,0
oecd_unemployment,pl,nation,2021-12,2.9,percent,oecd_activity,2021-12-31,,2026-09-26,ok,0
oecd_unemployment,pl,nation,2022-01,2.9,percent,oecd_activity,2022-01-31,,2026-09-26,ok,0
oecd_unemployment,pl,nation,2022-02,2.8,percent,oecd_activity,2022-02-28,,2026-09-26,ok,0
oecd_unemployment,pl,nation,2022-03,2.8,percent,oecd_activity,2022-03-31,,2026-09-26,ok,0
oecd_unemployment,pl,nation,2022-04,2.8,percent,oecd_activity,2022-04-30,,2026-09-26,ok,0
oecd_unemployment,pl,nation,2022-05,2.8,percent,oecd_activity,2022-05-31,,2026-09-26,ok,0
oecd_unemployment,pl,nation,2022-06,2.8,percent,oecd_activity,2022-06-30,,2026-09-26,ok,0
oecd_unemployment,pl,nation,2022-07,2.9,percent,oecd_activity,2022-07-31,,2026-09-26,ok,0
oecd_unemployment,pl,nation,2022-08,3,percent,oecd_activity,2022-08-31,,2026-09-26,ok,0
oecd_unemployment,pl,nation,2022-09,3,percent,oecd_activity,2022-09-30,,2026-09-26,ok,0
oecd_unemployment,pl,nation,2022-10,3,percent,oecd_activity,2022-10-31,,2026-09-26,ok,0
oecd_unemployment,pl,nation,2022-11,2.9,percent,oecd_activity,2022-11-30,,2026-09-26,ok,0
oecd_unemployment,pl,nation,2022-12,2.8,percent,oecd_activity,2022-12-31,,2026-09-26,ok,0
oecd_unemployment,pl,nation,2023-01,2.7,percent,oecd_activity,2023-01-31,,2026-09-26,ok,0
oecd_unemployment,pl,nation,2023-02,2.6,percent,oecd_activity,2023-02-28,,2026-09-26,ok,0
oecd_unemployment,pl,nation,2023-03,2.7,percent,oecd_activity,2023-03-31,,2026-09-26,ok,0
oecd_unemployment,pl,nation,2023-04,2.7,percent,oecd_activity,2023-04-30,,2026-09-26,ok,0
oecd_unemployment,pl,nation,2023-05,2.8,percent,oecd_activity,2023-05-31,,2026-09-26,ok,0
oecd_unemployment,pl,nation,2023-06,2.8,percent,oecd_activity,2023-06-30,,2026-09-26,ok,0
oecd_unemployment,pl,nation,2023-07,2.7,percent,oecd_activity,2023-07-31,,2026-09-26,ok,0
oecd_unemployment,pl,nation,2023-08,2.8,percent,oecd_activity,2023-08-31,,2026-09-26,ok,0
oecd_unemployment,pl,nation,2023-09,2.9,percent,oecd_activity,2023-09-30,,2026-09-26,ok,0
oecd_unemployment,pl,nation,2023-10,3,percent,oecd_activity,2023-10-31,,2026-09-26,ok,0
oecd_unemployment,pl,nation,2023-11,3.1,percent,oecd_activity,2023-11-30,,2026-09-26,ok,0
oecd_unemployment,pl,nation,2023-12,3.1,percent,oecd_activity,2023-12-31,,2026-09-26,ok,0
oecd_unemployment,pl,nation,2024-01,3,percent,oecd_activity,2024-01-31,,2026-09-26,ok,0
oecd_unemployment,pl,nation,2024-02,2.9,percent,oecd_activity,2024-02-29,,2026-09-26,ok,0
oecd_unemployment,pl,nation,2024-03,2.8,percent,oecd_activity,2024-03-31,,2026-09-26,ok,0
oecd_unemployment,pl,nation,2024-04,2.8,percent,oecd_activity,2024-04-30,,2026-09-26,ok,0
oecd_unemployment,pl,nation,2024-05,2.8,percent,oecd_activity,2024-05-31,,2026-09-26,ok,0
oecd_unemployment,pl,nation,2024-06,2.9,percent,oecd_activity,2024-06-30,,2026-09-26,ok,0
oecd_unemployment,pl,nation,2024-07,3,percent,oecd_activity,2024-07-31,,2026-09-26,ok,0
oecd_unemployment,pl,nation,2024-08,3,percent,oecd_activity,2024-08-31,,2026-09-26,ok,0
oecd_unemployment,pl,nation,2024-09,3,percent,oecd_activity,2024-09-30,,2026-09-26,ok,0
oecd_unemployment,pl,nation,2024-10,2.8,percent,oecd_activity,2024-10-31,,2026-09-26,ok,0
oecd_unemployment,pl,nation,2024-11,2.8,percent,oecd_activity,2024-11-30,,2026-09-26,ok,0
oecd_unemployment,pl,nation,2024-12,2.9,percent,oecd_activity,2024-12-31,,2026-09-26,ok,0
oecd_unemployment,pl,nation,2025-01,3.1,percent,oecd_activity,2025-01-31,,2026-09-26,ok,0
oecd_unemployment,pl,nation,2025-02,3.2,percent,oecd_activity,2025-02-28,,2026-09-26,ok,0
oecd_unemployment,pl,nation,2025-03,3.2,percent,oecd_activity,2025-03-31,,2026-09-26,ok,0
oecd_unemployment,pl,nation,2025-04,3,percent,oecd_activity,2025-04-30,,2026-09-26,ok,0
oecd_unemployment,pl,nation,2025-05,3,percent,oecd_activity,2025-05-31,,2026-09-26,ok,0
oecd_unemployment,pl,nation,2025-06,3,percent,oecd_activity,2025-06-30,,2026-09-26,ok,0
oecd_unemployment,pl,nation,2025-07,3.1,percent,oecd_activity,2025-07-31,,2026-09-26,ok,0
oecd_unemployment,pl,nation,2025-08,3.2,percent,oecd_activity,2025-08-31,,2026-09-26,ok,0
oecd_unemployment,pl,nation,2025-09,3.2,percent,oecd_activity,2025-09-30,,2026-09-26,ok,0
oecd_unemployment,pl,nation,2025-10,3.3,percent,oecd_activity,2025-10-31,,2026-09-26,ok,0
oecd_unemployment,pl,nation,2025-11,3.2,percent,oecd_activity,2025-11-30,,2026-09-26,ok,0
oecd_unemployment,pl,nation,2025-12,3.1,percent,oecd_activity,2025-12-31,,2026-09-26,ok,0
oecd_unemployment,pl,nation,2026-01,3,percent,oecd_activity,2026-01-31,,2026-09-26,ok,0
oecd_unemployment,pl,nation,2026-02,3,percent,oecd_activity,2026-02-28,,2026-09-26,ok,0
oecd_unemployment,pl,nation,2026-03,3.1,percent,oecd_activity,2026-03-31,,2026-09-26,ok,0
oecd_unemployment,pl,nation,2026-04,3.3,percent,oecd_activity,2026-04-30,,2026-09-26,ok,0
oecd_unemployment,pl,nation,2026-05,3.4,percent,oecd_activity,2026-05-31,,2026-09-26,ok,0
oecd_unemployment,pl,nation,2026-06,3.4,percent,oecd_activity,2026-06-30,,2026-09-26,ok,0
oecd_unemployment,pl,nation,2026-07,3.4,percent,oecd_activity,2026-07-31,,2026-09-26,ok,0
oecd_unemployment,pt,nation,2015-01,14.2,percent,oecd_activity,2015-01-31,,2026-09-26,ok,0
oecd_unemployment,pt,nation,2015-02,14.1,percent,oecd_activity,2015-02-28,,2026-09-26,ok,0
oecd_unemployment,pt,nation,2015-03,13.7,percent,oecd_activity,2015-03-31,,2026-09-26,ok,0
oecd_unemployment,pt,nation,2015-04,13.3,percent,oecd_activity,2015-04-30,,2026-09-26,ok,0
oecd_unemployment,pt,nation,2015-05,12.8,percent,oecd_activity,2015-05-31,,2026-09-26,ok,0
oecd_unemployment,pt,nation,2015-06,12.5,percent,oecd_activity,2015-06-30,,2026-09-26,ok,0
oecd_unemployment,pt,nation,2015-07,12.4,percent,oecd_activity,2015-07-31,,2026-09-26,ok,0
oecd_unemployment,pt,nation,2015-08,12.5,percent,oecd_activity,2015-08-31,,2026-09-26,ok,0
oecd_unemployment,pt,nation,2015-09,12.6,percent,oecd_activity,2015-09-30,,2026-09-26,ok,0
oecd_unemployment,pt,nation,2015-10,12.6,percent,oecd_activity,2015-10-31,,2026-09-26,ok,0
oecd_unemployment,pt,nation,2015-11,12.6,percent,oecd_activity,2015-11-30,,2026-09-26,ok,0
oecd_unemployment,pt,nation,2015-12,12.6,percent,oecd_activity,2015-12-31,,2026-09-26,ok,0
oecd_unemployment,pt,nation,2016-01,12.5,percent,oecd_activity,2016-01-31,,2026-09-26,ok,0
oecd_unemployment,pt,nation,2016-02,12.7,percent,oecd_activity,2016-02-29,,2026-09-26,ok,0
oecd_unemployment,pt,nation,2016-03,12.5,percent,oecd_activity,2016-03-31,,2026-09-26,ok,0
oecd_unemployment,pt,nation,2016-04,12,percent,oecd_activity,2016-04-30,,2026-09-26,ok,0
oecd_unemployment,pt,nation,2016-05,11.5,percent,oecd_activity,2016-05-31,,2026-09-26,ok,0
oecd_unemployment,pt,nation,2016-06,11.2,percent,oecd_activity,2016-06-30,,2026-09-26,ok,0
oecd_unemployment,pt,nation,2016-07,11,percent,oecd_activity,2016-07-31,,2026-09-26,ok,0
oecd_unemployment,pt,nation,2016-08,11,percent,oecd_activity,2016-08-31,,2026-09-26,ok,0
oecd_unemployment,pt,nation,2016-09,11,percent,oecd_activity,2016-09-30,,2026-09-26,ok,0
oecd_unemployment,pt,nation,2016-10,10.8,percent,oecd_activity,2016-10-31,,2026-09-26,ok,0
oecd_unemployment,pt,nation,2016-11,10.7,percent,oecd_activity,2016-11-30,,2026-09-26,ok,0
oecd_unemployment,pt,nation,2016-12,10.5,percent,oecd_activity,2016-12-31,,2026-09-26,ok,0
oecd_unemployment,pt,nation,2017-01,10.4,percent,oecd_activity,2017-01-31,,2026-09-26,ok,0
oecd_unemployment,pt,nation,2017-02,10.2,percent,oecd_activity,2017-02-28,,2026-09-26,ok,0
oecd_unemployment,pt,nation,2017-03,10.1,percent,oecd_activity,2017-03-31,,2026-09-26,ok,0
oecd_unemployment,pt,nation,2017-04,9.9,percent,oecd_activity,2017-04-30,,2026-09-26,ok,0
oecd_unemployment,pt,nation,2017-05,9.4,percent,oecd_activity,2017-05-31,,2026-09-26,ok,0
oecd_unemployment,pt,nation,2017-06,9.3,percent,oecd_activity,2017-06-30,,2026-09-26,ok,0
oecd_unemployment,pt,nation,2017-07,9,percent,oecd_activity,2017-07-31,,2026-09-26,ok,0
oecd_unemployment,pt,nation,2017-08,8.9,percent,oecd_activity,2017-08-31,,2026-09-26,ok,0
oecd_unemployment,pt,nation,2017-09,8.6,percent,oecd_activity,2017-09-30,,2026-09-26,ok,0
oecd_unemployment,pt,nation,2017-10,8.5,percent,oecd_activity,2017-10-31,,2026-09-26,ok,0
oecd_unemployment,pt,nation,2017-11,8.2,percent,oecd_activity,2017-11-30,,2026-09-26,ok,0
oecd_unemployment,pt,nation,2017-12,8.1,percent,oecd_activity,2017-12-31,,2026-09-26,ok,0
oecd_unemployment,pt,nation,2018-01,8.1,percent,oecd_activity,2018-01-31,,2026-09-26,ok,0
oecd_unemployment,pt,nation,2018-02,7.9,percent,oecd_activity,2018-02-28,,2026-09-26,ok,0
oecd_unemployment,pt,nation,2018-03,7.8,percent,oecd_activity,2018-03-31,,2026-09-26,ok,0
oecd_unemployment,pt,nation,2018-04,7.4,percent,oecd_activity,2018-04-30,,2026-09-26,ok,0
oecd_unemployment,pt,nation,2018-05,7.3,percent,oecd_activity,2018-05-31,,2026-09-26,ok,0
oecd_unemployment,pt,nation,2018-06,7,percent,oecd_activity,2018-06-30,,2026-09-26,ok,0
oecd_unemployment,pt,nation,2018-07,6.9,percent,oecd_activity,2018-07-31,,2026-09-26,ok,0
oecd_unemployment,pt,nation,2018-08,7,percent,oecd_activity,2018-08-31,,2026-09-26,ok,0
oecd_unemployment,pt,nation,2018-09,6.6,percent,oecd_activity,2018-09-30,,2026-09-26,ok,0
oecd_unemployment,pt,nation,2018-10,6.7,percent,oecd_activity,2018-10-31,,2026-09-26,ok,0
oecd_unemployment,pt,nation,2018-11,6.7,percent,oecd_activity,2018-11-30,,2026-09-26,ok,0
oecd_unemployment,pt,nation,2018-12,6.8,percent,oecd_activity,2018-12-31,,2026-09-26,ok,0
oecd_unemployment,pt,nation,2019-01,6.8,percent,oecd_activity,2019-01-31,,2026-09-26,ok,0
oecd_unemployment,pt,nation,2019-02,6.7,percent,oecd_activity,2019-02-28,,2026-09-26,ok,0
oecd_unemployment,pt,nation,2019-03,6.8,percent,oecd_activity,2019-03-31,,2026-09-26,ok,0
oecd_unemployment,pt,nation,2019-04,6.8,percent,oecd_activity,2019-04-30,,2026-09-26,ok,0
oecd_unemployment,pt,nation,2019-05,6.7,percent,oecd_activity,2019-05-31,,2026-09-26,ok,0
oecd_unemployment,pt,nation,2019-06,6.6,percent,oecd_activity,2019-06-30,,2026-09-26,ok,0
oecd_unemployment,pt,nation,2019-07,6.4,percent,oecd_activity,2019-07-31,,2026-09-26,ok,0
oecd_unemployment,pt,nation,2019-08,6.3,percent,oecd_activity,2019-08-31,,2026-09-26,ok,0
oecd_unemployment,pt,nation,2019-09,6.5,percent,oecd_activity,2019-09-30,,2026-09-26,ok,0
oecd_unemployment,pt,nation,2019-10,6.5,percent,oecd_activity,2019-10-31,,2026-09-26,ok,0
oecd_unemployment,pt,nation,2019-11,6.8,percent,oecd_activity,2019-11-30,,2026-09-26,ok,0
oecd_unemployment,pt,nation,2019-12,7,percent,oecd_activity,2019-12-31,,2026-09-26,ok,0
oecd_unemployment,pt,nation,2020-01,7,percent,oecd_activity,2020-01-31,,2026-09-26,ok,0
oecd_unemployment,pt,nation,2020-02,6.7,percent,oecd_activity,2020-02-29,,2026-09-26,ok,0
oecd_unemployment,pt,nation,2020-03,6,percent,oecd_activity,2020-03-31,,2026-09-26,ok,0
oecd_unemployment,pt,nation,2020-04,5.8,percent,oecd_activity,2020-04-30,,2026-09-26,ok,0
oecd_unemployment,pt,nation,2020-05,6,percent,oecd_activity,2020-05-31,,2026-09-26,ok,0
oecd_unemployment,pt,nation,2020-06,7.4,percent,oecd_activity,2020-06-30,,2026-09-26,ok,0
oecd_unemployment,pt,nation,2020-07,8,percent,oecd_activity,2020-07-31,,2026-09-26,ok,0
oecd_unemployment,pt,nation,2020-08,8.3,percent,oecd_activity,2020-08-31,,2026-09-26,ok,0
oecd_unemployment,pt,nation,2020-09,8.1,percent,oecd_activity,2020-09-30,,2026-09-26,ok,0
oecd_unemployment,pt,nation,2020-10,7.7,percent,oecd_activity,2020-10-31,,2026-09-26,ok,0
oecd_unemployment,pt,nation,2020-11,7.3,percent,oecd_activity,2020-11-30,,2026-09-26,ok,0
oecd_unemployment,pt,nation,2020-12,7,percent,oecd_activity,2020-12-31,,2026-09-26,ok,0
oecd_unemployment,pt,nation,2021-01,7.1,percent,oecd_activity,2021-01-31,,2026-09-26,ok,0
oecd_unemployment,pt,nation,2021-02,7,percent,oecd_activity,2021-02-28,,2026-09-26,ok,0
oecd_unemployment,pt,nation,2021-03,6.9,percent,oecd_activity,2021-03-31,,2026-09-26,ok,0
oecd_unemployment,pt,nation,2021-04,7.2,percent,oecd_activity,2021-04-30,,2026-09-26,ok,0
oecd_unemployment,pt,nation,2021-05,7.3,percent,oecd_activity,2021-05-31,,2026-09-26,ok,0
oecd_unemployment,pt,nation,2021-06,7,percent,oecd_activity,2021-06-30,,2026-09-26,ok,0
oecd_unemployment,pt,nation,2021-07,6.7,percent,oecd_activity,2021-07-31,,2026-09-26,ok,0
oecd_unemployment,pt,nation,2021-08,6.4,percent,oecd_activity,2021-08-31,,2026-09-26,ok,0
oecd_unemployment,pt,nation,2021-09,6.4,percent,oecd_activity,2021-09-30,,2026-09-26,ok,0
oecd_unemployment,pt,nation,2021-10,6.4,percent,oecd_activity,2021-10-31,,2026-09-26,ok,0
oecd_unemployment,pt,nation,2021-11,6.3,percent,oecd_activity,2021-11-30,,2026-09-26,ok,0
oecd_unemployment,pt,nation,2021-12,6.1,percent,oecd_activity,2021-12-31,,2026-09-26,ok,0
oecd_unemployment,pt,nation,2022-01,6,percent,oecd_activity,2022-01-31,,2026-09-26,ok,0
oecd_unemployment,pt,nation,2022-02,5.9,percent,oecd_activity,2022-02-28,,2026-09-26,ok,0
oecd_unemployment,pt,nation,2022-03,6,percent,oecd_activity,2022-03-31,,2026-09-26,ok,0
oecd_unemployment,pt,nation,2022-04,6.2,percent,oecd_activity,2022-04-30,,2026-09-26,ok,0
oecd_unemployment,pt,nation,2022-05,6.2,percent,oecd_activity,2022-05-31,,2026-09-26,ok,0
oecd_unemployment,pt,nation,2022-06,6.1,percent,oecd_activity,2022-06-30,,2026-09-26,ok,0
oecd_unemployment,pt,nation,2022-07,6,percent,oecd_activity,2022-07-31,,2026-09-26,ok,0
oecd_unemployment,pt,nation,2022-08,6,percent,oecd_activity,2022-08-31,,2026-09-26,ok,0
oecd_unemployment,pt,nation,2022-09,6.1,percent,oecd_activity,2022-09-30,,2026-09-26,ok,0
oecd_unemployment,pt,nation,2022-10,6.1,percent,oecd_activity,2022-10-31,,2026-09-26,ok,0
oecd_unemployment,pt,nation,2022-11,6.6,percent,oecd_activity,2022-11-30,,2026-09-26,ok,0
oecd_unemployment,pt,nation,2022-12,6.9,percent,oecd_activity,2022-12-31,,2026-09-26,ok,0
oecd_unemployment,pt,nation,2023-01,7.1,percent,oecd_activity,2023-01-31,,2026-09-26,ok,0
oecd_unemployment,pt,nation,2023-02,7,percent,oecd_activity,2023-02-28,,2026-09-26,ok,0
oecd_unemployment,pt,nation,2023-03,6.9,percent,oecd_activity,2023-03-31,,2026-09-26,ok,0
oecd_unemployment,pt,nation,2023-04,6.7,percent,oecd_activity,2023-04-30,,2026-09-26,ok,0
oecd_unemployment,pt,nation,2023-05,6.4,percent,oecd_activity,2023-05-31,,2026-09-26,ok,0
oecd_unemployment,pt,nation,2023-06,6.3,percent,oecd_activity,2023-06-30,,2026-09-26,ok,0
oecd_unemployment,pt,nation,2023-07,6.2,percent,oecd_activity,2023-07-31,,2026-09-26,ok,0
oecd_unemployment,pt,nation,2023-08,6.2,percent,oecd_activity,2023-08-31,,2026-09-26,ok,0
oecd_unemployment,pt,nation,2023-09,6.4,percent,oecd_activity,2023-09-30,,2026-09-26,ok,0
oecd_unemployment,pt,nation,2023-10,6.6,percent,oecd_activity,2023-10-31,,2026-09-26,ok,0
oecd_unemployment,pt,nation,2023-11,6.5,percent,oecd_activity,2023-11-30,,2026-09-26,ok,0
oecd_unemployment,pt,nation,2023-12,6.5,percent,oecd_activity,2023-12-31,,2026-09-26,ok,0
oecd_unemployment,pt,nation,2024-01,6.6,percent,oecd_activity,2024-01-31,,2026-09-26,ok,0
oecd_unemployment,pt,nation,2024-02,6.6,percent,oecd_activity,2024-02-29,,2026-09-26,ok,0
oecd_unemployment,pt,nation,2024-03,6.5,percent,oecd_activity,2024-03-31,,2026-09-26,ok,0
oecd_unemployment,pt,nation,2024-04,6.4,percent,oecd_activity,2024-04-30,,2026-09-26,ok,0
oecd_unemployment,pt,nation,2024-05,6.4,percent,oecd_activity,2024-05-31,,2026-09-26,ok,0
oecd_unemployment,pt,nation,2024-06,6.4,percent,oecd_activity,2024-06-30,,2026-09-26,ok,0
oecd_unemployment,pt,nation,2024-07,6.3,percent,oecd_activity,2024-07-31,,2026-09-26,ok,0
oecd_unemployment,pt,nation,2024-08,6.2,percent,oecd_activity,2024-08-31,,2026-09-26,ok,0
oecd_unemployment,pt,nation,2024-09,6.4,percent,oecd_activity,2024-09-30,,2026-09-26,ok,0
oecd_unemployment,pt,nation,2024-10,6.5,percent,oecd_activity,2024-10-31,,2026-09-26,ok,0
oecd_unemployment,pt,nation,2024-11,6.6,percent,oecd_activity,2024-11-30,,2026-09-26,ok,0
oecd_unemployment,pt,nation,2024-12,6.5,percent,oecd_activity,2024-12-31,,2026-09-26,ok,0
oecd_unemployment,pt,nation,2025-01,6.5,percent,oecd_activity,2025-01-31,,2026-09-26,ok,0
oecd_unemployment,pt,nation,2025-02,6.4,percent,oecd_activity,2025-02-28,,2026-09-26,ok,0
oecd_unemployment,pt,nation,2025-03,6.4,percent,oecd_activity,2025-03-31,,2026-09-26,ok,0
oecd_unemployment,pt,nation,2025-04,6.3,percent,oecd_activity,2025-04-30,,2026-09-26,ok,0
oecd_unemployment,pt,nation,2025-05,6.2,percent,oecd_activity,2025-05-31,,2026-09-26,ok,0
oecd_unemployment,pt,nation,2025-06,6,percent,oecd_activity,2025-06-30,,2026-09-26,ok,0
oecd_unemployment,pt,nation,2025-07,5.8,percent,oecd_activity,2025-07-31,,2026-09-26,ok,0
oecd_unemployment,pt,nation,2025-08,5.8,percent,oecd_activity,2025-08-31,,2026-09-26,ok,0
oecd_unemployment,pt,nation,2025-09,5.9,percent,oecd_activity,2025-09-30,,2026-09-26,ok,0
oecd_unemployment,pt,nation,2025-10,5.8,percent,oecd_activity,2025-10-31,,2026-09-26,ok,0
oecd_unemployment,pt,nation,2025-11,5.7,percent,oecd_activity,2025-11-30,,2026-09-26,ok,0
oecd_unemployment,pt,nation,2025-12,5.7,percent,oecd_activity,2025-12-31,,2026-09-26,ok,0
oecd_unemployment,pt,nation,2026-01,5.8,percent,oecd_activity,2026-01-31,,2026-09-26,ok,0
oecd_unemployment,pt,nation,2026-02,6,percent,oecd_activity,2026-02-28,,2026-09-26,ok,0
oecd_unemployment,pt,nation,2026-03,5.9,percent,oecd_activity,2026-03-31,,2026-09-26,ok,0
oecd_unemployment,pt,nation,2026-04,5.7,percent,oecd_activity,2026-04-30,,2026-09-26,ok,0
oecd_unemployment,pt,nation,2026-05,5.6,percent,oecd_activity,2026-05-31,,2026-09-26,ok,0
oecd_unemployment,pt,nation,2026-06,5.7,percent,oecd_activity,2026-06-30,,2026-09-26,ok,0
oecd_unemployment,pt,nation,2026-07,5.7,percent,oecd_activity,2026-07-31,,2026-09-26,ok,0
oecd_unemployment,se,nation,2015-01,7.9,percent,oecd_activity,2015-01-31,,2026-09-26,ok,0
oecd_unemployment,se,nation,2015-02,8,percent,oecd_activity,2015-02-28,,2026-09-26,ok,0
oecd_unemployment,se,nation,2015-03,7.7,percent,oecd_activity,2015-03-31,,2026-09-26,ok,0
oecd_unemployment,se,nation,2015-04,7.9,percent,oecd_activity,2015-04-30,,2026-09-26,ok,0
oecd_unemployment,se,nation,2015-05,7.7,percent,oecd_activity,2015-05-31,,2026-09-26,ok,0
oecd_unemployment,se,nation,2015-06,7.6,percent,oecd_activity,2015-06-30,,2026-09-26,ok,0
oecd_unemployment,se,nation,2015-07,7.2,percent,oecd_activity,2015-07-31,,2026-09-26,ok,0
oecd_unemployment,se,nation,2015-08,7,percent,oecd_activity,2015-08-31,,2026-09-26,ok,0
oecd_unemployment,se,nation,2015-09,7.5,percent,oecd_activity,2015-09-30,,2026-09-26,ok,0
oecd_unemployment,se,nation,2015-10,7.3,percent,oecd_activity,2015-10-31,,2026-09-26,ok,0
oecd_unemployment,se,nation,2015-11,7,percent,oecd_activity,2015-11-30,,2026-09-26,ok,0
oecd_unemployment,se,nation,2015-12,7.3,percent,oecd_activity,2015-12-31,,2026-09-26,ok,0
oecd_unemployment,se,nation,2016-01,7.1,percent,oecd_activity,2016-01-31,,2026-09-26,ok,0
oecd_unemployment,se,nation,2016-02,7.2,percent,oecd_activity,2016-02-29,,2026-09-26,ok,0
oecd_unemployment,se,nation,2016-03,7.4,percent,oecd_activity,2016-03-31,,2026-09-26,ok,0
oecd_unemployment,se,nation,2016-04,6.9,percent,oecd_activity,2016-04-30,,2026-09-26,ok,0
oecd_unemployment,se,nation,2016-05,7.3,percent,oecd_activity,2016-05-31,,2026-09-26,ok,0
oecd_unemployment,se,nation,2016-06,6.8,percent,oecd_activity,2016-06-30,,2026-09-26,ok,0
oecd_unemployment,se,nation,2016-07,6.9,percent,oecd_activity,2016-07-31,,2026-09-26,ok,0
oecd_unemployment,se,nation,2016-08,7.2,percent,oecd_activity,2016-08-31,,2026-09-26,ok,0
oecd_unemployment,se,nation,2016-09,6.8,percent,oecd_activity,2016-09-30,,2026-09-26,ok,0
oecd_unemployment,se,nation,2016-10,7,percent,oecd_activity,2016-10-31,,2026-09-26,ok,0
oecd_unemployment,se,nation,2016-11,7,percent,oecd_activity,2016-11-30,,2026-09-26,ok,0
oecd_unemployment,se,nation,2016-12,7.1,percent,oecd_activity,2016-12-31,,2026-09-26,ok,0
oecd_unemployment,se,nation,2017-01,7,percent,oecd_activity,2017-01-31,,2026-09-26,ok,0
oecd_unemployment,se,nation,2017-02,7,percent,oecd_activity,2017-02-28,,2026-09-26,ok,0
oecd_unemployment,se,nation,2017-03,6.5,percent,oecd_activity,2017-03-31,,2026-09-26,ok,0
oecd_unemployment,se,nation,2017-04,6.9,percent,oecd_activity,2017-04-30,,2026-09-26,ok,0
oecd_unemployment,se,nation,2017-05,6.9,percent,oecd_activity,2017-05-31,,2026-09-26,ok,0
oecd_unemployment,se,nation,2017-06,6.7,percent,oecd_activity,2017-06-30,,2026-09-26,ok,0
oecd_unemployment,se,nation,2017-07,7,percent,oecd_activity,2017-07-31,,2026-09-26,ok,0
oecd_unemployment,se,nation,2017-08,6.5,percent,oecd_activity,2017-08-31,,2026-09-26,ok,0
oecd_unemployment,se,nation,2017-09,6.9,percent,oecd_activity,2017-09-30,,2026-09-26,ok,0
oecd_unemployment,se,nation,2017-10,7,percent,oecd_activity,2017-10-31,,2026-09-26,ok,0
oecd_unemployment,se,nation,2017-11,6.5,percent,oecd_activity,2017-11-30,,2026-09-26,ok,0
oecd_unemployment,se,nation,2017-12,6.7,percent,oecd_activity,2017-12-31,,2026-09-26,ok,0
oecd_unemployment,se,nation,2018-01,6.8,percent,oecd_activity,2018-01-31,,2026-09-26,ok,0
oecd_unemployment,se,nation,2018-02,5.9,percent,oecd_activity,2018-02-28,,2026-09-26,ok,0
oecd_unemployment,se,nation,2018-03,6.2,percent,oecd_activity,2018-03-31,,2026-09-26,ok,0
oecd_unemployment,se,nation,2018-04,6.5,percent,oecd_activity,2018-04-30,,2026-09-26,ok,0
oecd_unemployment,se,nation,2018-05,6,percent,oecd_activity,2018-05-31,,2026-09-26,ok,0
oecd_unemployment,se,nation,2018-06,6.6,percent,oecd_activity,2018-06-30,,2026-09-26,ok,0
oecd_unemployment,se,nation,2018-07,6.5,percent,oecd_activity,2018-07-31,,2026-09-26,ok,0
oecd_unemployment,se,nation,2018-08,6.5,percent,oecd_activity,2018-08-31,,2026-09-26,ok,0
oecd_unemployment,se,nation,2018-09,6.6,percent,oecd_activity,2018-09-30,,2026-09-26,ok,0
oecd_unemployment,se,nation,2018-10,6.5,percent,oecd_activity,2018-10-31,,2026-09-26,ok,0
oecd_unemployment,se,nation,2018-11,6.6,percent,oecd_activity,2018-11-30,,2026-09-26,ok,0
oecd_unemployment,se,nation,2018-12,6.8,percent,oecd_activity,2018-12-31,,2026-09-26,ok,0
oecd_unemployment,se,nation,2019-01,6.3,percent,oecd_activity,2019-01-31,,2026-09-26,ok,0
oecd_unemployment,se,nation,2019-02,6.9,percent,oecd_activity,2019-02-28,,2026-09-26,ok,0
oecd_unemployment,se,nation,2019-03,7.4,percent,oecd_activity,2019-03-31,,2026-09-26,ok,0
oecd_unemployment,se,nation,2019-04,6.6,percent,oecd_activity,2019-04-30,,2026-09-26,ok,0
oecd_unemployment,se,nation,2019-05,6.6,percent,oecd_activity,2019-05-31,,2026-09-26,ok,0
oecd_unemployment,se,nation,2019-06,6.4,percent,oecd_activity,2019-06-30,,2026-09-26,ok,0
oecd_unemployment,se,nation,2019-07,7.3,percent,oecd_activity,2019-07-31,,2026-09-26,ok,0
oecd_unemployment,se,nation,2019-08,7.3,percent,oecd_activity,2019-08-31,,2026-09-26,ok,0
oecd_unemployment,se,nation,2019-09,6.8,percent,oecd_activity,2019-09-30,,2026-09-26,ok,0
oecd_unemployment,se,nation,2019-10,6.9,percent,oecd_activity,2019-10-31,,2026-09-26,ok,0
oecd_unemployment,se,nation,2019-11,7.7,percent,oecd_activity,2019-11-30,,2026-09-26,ok,0
oecd_unemployment,se,nation,2019-12,6.8,percent,oecd_activity,2019-12-31,,2026-09-26,ok,0
oecd_unemployment,se,nation,2020-01,7.4,percent,oecd_activity,2020-01-31,,2026-09-26,ok,0
oecd_unemployment,se,nation,2020-02,7.8,percent,oecd_activity,2020-02-29,,2026-09-26,ok,0
oecd_unemployment,se,nation,2020-03,6.8,percent,oecd_activity,2020-03-31,,2026-09-26,ok,0
oecd_unemployment,se,nation,2020-04,8.2,percent,oecd_activity,2020-04-30,,2026-09-26,ok,0
oecd_unemployment,se,nation,2020-05,8.5,percent,oecd_activity,2020-05-31,,2026-09-26,ok,0
oecd_unemployment,se,nation,2020-06,9.1,percent,oecd_activity,2020-06-30,,2026-09-26,ok,0
oecd_unemployment,se,nation,2020-07,9.6,percent,oecd_activity,2020-07-31,,2026-09-26,ok,0
oecd_unemployment,se,nation,2020-08,9.3,percent,oecd_activity,2020-08-31,,2026-09-26,ok,0
oecd_unemployment,se,nation,2020-09,9,percent,oecd_activity,2020-09-30,,2026-09-26,ok,0
oecd_unemployment,se,nation,2020-10,8.8,percent,oecd_activity,2020-10-31,,2026-09-26,ok,0
oecd_unemployment,se,nation,2020-11,8.6,percent,oecd_activity,2020-11-30,,2026-09-26,ok,0
oecd_unemployment,se,nation,2020-12,9.2,percent,oecd_activity,2020-12-31,,2026-09-26,ok,0
oecd_unemployment,se,nation,2021-01,9,percent,oecd_activity,2021-01-31,,2026-09-26,ok,0
oecd_unemployment,se,nation,2021-02,9.1,percent,oecd_activity,2021-02-28,,2026-09-26,ok,0
oecd_unemployment,se,nation,2021-03,9.6,percent,oecd_activity,2021-03-31,,2026-09-26,ok,0
oecd_unemployment,se,nation,2021-04,9.1,percent,oecd_activity,2021-04-30,,2026-09-26,ok,0
oecd_unemployment,se,nation,2021-05,9.1,percent,oecd_activity,2021-05-31,,2026-09-26,ok,0
oecd_unemployment,se,nation,2021-06,9.4,percent,oecd_activity,2021-06-30,,2026-09-26,ok,0
oecd_unemployment,se,nation,2021-07,8.7,percent,oecd_activity,2021-07-31,,2026-09-26,ok,0
oecd_unemployment,se,nation,2021-08,8.9,percent,oecd_activity,2021-08-31,,2026-09-26,ok,0
oecd_unemployment,se,nation,2021-09,8.9,percent,oecd_activity,2021-09-30,,2026-09-26,ok,0
oecd_unemployment,se,nation,2021-10,8.4,percent,oecd_activity,2021-10-31,,2026-09-26,ok,0
oecd_unemployment,se,nation,2021-11,8.4,percent,oecd_activity,2021-11-30,,2026-09-26,ok,0
oecd_unemployment,se,nation,2021-12,8,percent,oecd_activity,2021-12-31,,2026-09-26,ok,0
oecd_unemployment,se,nation,2022-01,8,percent,oecd_activity,2022-01-31,,2026-09-26,ok,0
oecd_unemployment,se,nation,2022-02,7.3,percent,oecd_activity,2022-02-28,,2026-09-26,ok,0
oecd_unemployment,se,nation,2022-03,7.7,percent,oecd_activity,2022-03-31,,2026-09-26,ok,0
oecd_unemployment,se,nation,2022-04,7.8,percent,oecd_activity,2022-04-30,,2026-09-26,ok,0
oecd_unemployment,se,nation,2022-05,7.8,percent,oecd_activity,2022-05-31,,2026-09-26,ok,0
oecd_unemployment,se,nation,2022-06,7.5,percent,oecd_activity,2022-06-30,,2026-09-26,ok,0
oecd_unemployment,se,nation,2022-07,7.3,percent,oecd_activity,2022-07-31,,2026-09-26,ok,0
oecd_unemployment,se,nation,2022-08,6.9,percent,oecd_activity,2022-08-31,,2026-09-26,ok,0
oecd_unemployment,se,nation,2022-09,7,percent,oecd_activity,2022-09-30,,2026-09-26,ok,0
oecd_unemployment,se,nation,2022-10,7.7,percent,oecd_activity,2022-10-31,,2026-09-26,ok,0
oecd_unemployment,se,nation,2022-11,7.3,percent,oecd_activity,2022-11-30,,2026-09-26,ok,0
oecd_unemployment,se,nation,2022-12,7.5,percent,oecd_activity,2022-12-31,,2026-09-26,ok,0
oecd_unemployment,se,nation,2023-01,7.1,percent,oecd_activity,2023-01-31,,2026-09-26,ok,0
oecd_unemployment,se,nation,2023-02,7.7,percent,oecd_activity,2023-02-28,,2026-09-26,ok,0
oecd_unemployment,se,nation,2023-03,7.2,percent,oecd_activity,2023-03-31,,2026-09-26,ok,0
oecd_unemployment,se,nation,2023-04,7.2,percent,oecd_activity,2023-04-30,,2026-09-26,ok,0
oecd_unemployment,se,nation,2023-05,7.2,percent,oecd_activity,2023-05-31,,2026-09-26,ok,0
oecd_unemployment,se,nation,2023-06,8.1,percent,oecd_activity,2023-06-30,,2026-09-26,ok,0
oecd_unemployment,se,nation,2023-07,7.1,percent,oecd_activity,2023-07-31,,2026-09-26,ok,0
oecd_unemployment,se,nation,2023-08,8.1,percent,oecd_activity,2023-08-31,,2026-09-26,ok,0
oecd_unemployment,se,nation,2023-09,8.1,percent,oecd_activity,2023-09-30,,2026-09-26,ok,0
oecd_unemployment,se,nation,2023-10,7.9,percent,oecd_activity,2023-10-31,,2026-09-26,ok,0
oecd_unemployment,se,nation,2023-11,8,percent,oecd_activity,2023-11-30,,2026-09-26,ok,0
oecd_unemployment,se,nation,2023-12,8.2,percent,oecd_activity,2023-12-31,,2026-09-26,ok,0
oecd_unemployment,se,nation,2024-01,8,percent,oecd_activity,2024-01-31,,2026-09-26,ok,0
oecd_unemployment,se,nation,2024-02,8.1,percent,oecd_activity,2024-02-29,,2026-09-26,ok,0
oecd_unemployment,se,nation,2024-03,8.7,percent,oecd_activity,2024-03-31,,2026-09-26,ok,0
oecd_unemployment,se,nation,2024-04,8.6,percent,oecd_activity,2024-04-30,,2026-09-26,ok,0
oecd_unemployment,se,nation,2024-05,8.1,percent,oecd_activity,2024-05-31,,2026-09-26,ok,0
oecd_unemployment,se,nation,2024-06,8.3,percent,oecd_activity,2024-06-30,,2026-09-26,ok,0
oecd_unemployment,se,nation,2024-07,8.6,percent,oecd_activity,2024-07-31,,2026-09-26,ok,0
oecd_unemployment,se,nation,2024-08,8.3,percent,oecd_activity,2024-08-31,,2026-09-26,ok,0
oecd_unemployment,se,nation,2024-09,8.6,percent,oecd_activity,2024-09-30,,2026-09-26,ok,0
oecd_unemployment,se,nation,2024-10,8.2,percent,oecd_activity,2024-10-31,,2026-09-26,ok,0
oecd_unemployment,se,nation,2024-11,8.3,percent,oecd_activity,2024-11-30,,2026-09-26,ok,0
oecd_unemployment,se,nation,2024-12,8.5,percent,oecd_activity,2024-12-31,,2026-09-26,ok,0
oecd_unemployment,se,nation,2025-01,9.8,percent,oecd_activity,2025-01-31,,2026-09-26,ok,0
oecd_unemployment,se,nation,2025-02,9,percent,oecd_activity,2025-02-28,,2026-09-26,ok,0
oecd_unemployment,se,nation,2025-03,8,percent,oecd_activity,2025-03-31,,2026-09-26,ok,0
oecd_unemployment,se,nation,2025-04,8.6,percent,oecd_activity,2025-04-30,,2026-09-26,ok,0
oecd_unemployment,se,nation,2025-05,9.1,percent,oecd_activity,2025-05-31,,2026-09-26,ok,0
oecd_unemployment,se,nation,2025-06,8.3,percent,oecd_activity,2025-06-30,,2026-09-26,ok,0
oecd_unemployment,se,nation,2025-07,8.9,percent,oecd_activity,2025-07-31,,2026-09-26,ok,0
oecd_unemployment,se,nation,2025-08,8.8,percent,oecd_activity,2025-08-31,,2026-09-26,ok,0
oecd_unemployment,se,nation,2025-09,8.7,percent,oecd_activity,2025-09-30,,2026-09-26,ok,0
oecd_unemployment,se,nation,2025-10,9.3,percent,oecd_activity,2025-10-31,,2026-09-26,ok,0
oecd_unemployment,se,nation,2025-11,9,percent,oecd_activity,2025-11-30,,2026-09-26,ok,0
oecd_unemployment,se,nation,2025-12,8.8,percent,oecd_activity,2025-12-31,,2026-09-26,ok,0
oecd_unemployment,se,nation,2026-01,8.1,percent,oecd_activity,2026-01-31,,2026-09-26,ok,0
oecd_unemployment,se,nation,2026-02,8.4,percent,oecd_activity,2026-02-28,,2026-09-26,ok,0
oecd_unemployment,se,nation,2026-03,9.3,percent,oecd_activity,2026-03-31,,2026-09-26,ok,0
oecd_unemployment,se,nation,2026-04,8.5,percent,oecd_activity,2026-04-30,,2026-09-26,ok,0
oecd_unemployment,se,nation,2026-05,8.8,percent,oecd_activity,2026-05-31,,2026-09-26,ok,0
oecd_unemployment,se,nation,2026-06,8.9,percent,oecd_activity,2026-06-30,,2026-09-26,ok,0
oecd_unemployment,se,nation,2026-07,8.6,percent,oecd_activity,2026-07-31,,2026-09-26,ok,0
oecd_unemployment,tr,nation,2015-01,10.5,percent,oecd_activity,2015-01-31,,2026-09-26,ok,0
oecd_unemployment,tr,nation,2015-02,10.7,percent,oecd_activity,2015-02-28,,2026-09-26,ok,0
oecd_unemployment,tr,nation,2015-03,10.5,percent,oecd_activity,2015-03-31,,2026-09-26,ok,0
oecd_unemployment,tr,nation,2015-04,10.5,percent,oecd_activity,2015-04-30,,2026-09-26,ok,0
oecd_unemployment,tr,nation,2015-05,10.2,percent,oecd_activity,2015-05-31,,2026-09-26,ok,0
oecd_unemployment,tr,nation,2015-06,10.2,percent,oecd_activity,2015-06-30,,2026-09-26,ok,0
oecd_unemployment,tr,nation,2015-07,10.1,percent,oecd_activity,2015-07-31,,2026-09-26,ok,0
oecd_unemployment,tr,nation,2015-08,10.1,percent,oecd_activity,2015-08-31,,2026-09-26,ok,0
oecd_unemployment,tr,nation,2015-09,10.2,percent,oecd_activity,2015-09-30,,2026-09-26,ok,0
oecd_unemployment,tr,nation,2015-10,10.2,percent,oecd_activity,2015-10-31,,2026-09-26,ok,0
oecd_unemployment,tr,nation,2015-11,10.2,percent,oecd_activity,2015-11-30,,2026-09-26,ok,0
oecd_unemployment,tr,nation,2015-12,10.4,percent,oecd_activity,2015-12-31,,2026-09-26,ok,0
oecd_unemployment,tr,nation,2016-01,10.2,percent,oecd_activity,2016-01-31,,2026-09-26,ok,0
oecd_unemployment,tr,nation,2016-02,10.1,percent,oecd_activity,2016-02-29,,2026-09-26,ok,0
oecd_unemployment,tr,nation,2016-03,10.2,percent,oecd_activity,2016-03-31,,2026-09-26,ok,0
oecd_unemployment,tr,nation,2016-04,10.1,percent,oecd_activity,2016-04-30,,2026-09-26,ok,0
oecd_unemployment,tr,nation,2016-05,10.3,percent,oecd_activity,2016-05-31,,2026-09-26,ok,0
oecd_unemployment,tr,nation,2016-06,10.7,percent,oecd_activity,2016-06-30,,2026-09-26,ok,0
oecd_unemployment,tr,nation,2016-07,11.1,percent,oecd_activity,2016-07-31,,2026-09-26,ok,0
oecd_unemployment,tr,nation,2016-08,11.1,percent,oecd_activity,2016-08-31,,2026-09-26,ok,0
oecd_unemployment,tr,nation,2016-09,11.6,percent,oecd_activity,2016-09-30,,2026-09-26,ok,0
oecd_unemployment,tr,nation,2016-10,11.5,percent,oecd_activity,2016-10-31,,2026-09-26,ok,0
oecd_unemployment,tr,nation,2016-11,11.6,percent,oecd_activity,2016-11-30,,2026-09-26,ok,0
oecd_unemployment,tr,nation,2016-12,12.1,percent,oecd_activity,2016-12-31,,2026-09-26,ok,0
oecd_unemployment,tr,nation,2017-01,12,percent,oecd_activity,2017-01-31,,2026-09-26,ok,0
oecd_unemployment,tr,nation,2017-02,11.9,percent,oecd_activity,2017-02-28,,2026-09-26,ok,0
oecd_unemployment,tr,nation,2017-03,11.9,percent,oecd_activity,2017-03-31,,2026-09-26,ok,0
oecd_unemployment,tr,nation,2017-04,11.6,percent,oecd_activity,2017-04-30,,2026-09-26,ok,0
oecd_unemployment,tr,nation,2017-05,11.1,percent,oecd_activity,2017-05-31,,2026-09-26,ok,0
oecd_unemployment,tr,nation,2017-06,11,percent,oecd_activity,2017-06-30,,2026-09-26,ok,0
oecd_unemployment,tr,nation,2017-07,10.6,percent,oecd_activity,2017-07-31,,2026-09-26,ok,0
oecd_unemployment,tr,nation,2017-08,10.5,percent,oecd_activity,2017-08-31,,2026-09-26,ok,0
oecd_unemployment,tr,nation,2017-09,10.3,percent,oecd_activity,2017-09-30,,2026-09-26,ok,0
oecd_unemployment,tr,nation,2017-10,10.3,percent,oecd_activity,2017-10-31,,2026-09-26,ok,0
oecd_unemployment,tr,nation,2017-11,10.1,percent,oecd_activity,2017-11-30,,2026-09-26,ok,0
oecd_unemployment,tr,nation,2017-12,9.9,percent,oecd_activity,2017-12-31,,2026-09-26,ok,0
oecd_unemployment,tr,nation,2018-01,9.8,percent,oecd_activity,2018-01-31,,2026-09-26,ok,0
oecd_unemployment,tr,nation,2018-02,10,percent,oecd_activity,2018-02-28,,2026-09-26,ok,0
oecd_unemployment,tr,nation,2018-03,10,percent,oecd_activity,2018-03-31,,2026-09-26,ok,0
oecd_unemployment,tr,nation,2018-04,10.2,percent,oecd_activity,2018-04-30,,2026-09-26,ok,0
oecd_unemployment,tr,nation,2018-05,10.6,percent,oecd_activity,2018-05-31,,2026-09-26,ok,0
oecd_unemployment,tr,nation,2018-06,10.7,percent,oecd_activity,2018-06-30,,2026-09-26,ok,0
oecd_unemployment,tr,nation,2018-07,10.8,percent,oecd_activity,2018-07-31,,2026-09-26,ok,0
oecd_unemployment,tr,nation,2018-08,11.2,percent,oecd_activity,2018-08-31,,2026-09-26,ok,0
oecd_unemployment,tr,nation,2018-09,11.5,percent,oecd_activity,2018-09-30,,2026-09-26,ok,0
oecd_unemployment,tr,nation,2018-10,11.6,percent,oecd_activity,2018-10-31,,2026-09-26,ok,0
oecd_unemployment,tr,nation,2018-11,12.2,percent,oecd_activity,2018-11-30,,2026-09-26,ok,0
oecd_unemployment,tr,nation,2018-12,12.7,percent,oecd_activity,2018-12-31,,2026-09-26,ok,0
oecd_unemployment,tr,nation,2019-01,13.6,percent,oecd_activity,2019-01-31,,2026-09-26,ok,0
oecd_unemployment,tr,nation,2019-02,13.8,percent,oecd_activity,2019-02-28,,2026-09-26,ok,0
oecd_unemployment,tr,nation,2019-03,13.9,percent,oecd_activity,2019-03-31,,2026-09-26,ok,0
oecd_unemployment,tr,nation,2019-04,13.8,percent,oecd_activity,2019-04-30,,2026-09-26,ok,0
oecd_unemployment,tr,nation,2019-05,13.7,percent,oecd_activity,2019-05-31,,2026-09-26,ok,0
oecd_unemployment,tr,nation,2019-06,13.7,percent,oecd_activity,2019-06-30,,2026-09-26,ok,0
oecd_unemployment,tr,nation,2019-07,13.9,percent,oecd_activity,2019-07-31,,2026-09-26,ok,0
oecd_unemployment,tr,nation,2019-08,14.1,percent,oecd_activity,2019-08-31,,2026-09-26,ok,0
oecd_unemployment,tr,nation,2019-09,14.1,percent,oecd_activity,2019-09-30,,2026-09-26,ok,0
oecd_unemployment,tr,nation,2019-10,13.5,percent,oecd_activity,2019-10-31,,2026-09-26,ok,0
oecd_unemployment,tr,nation,2019-11,13.3,percent,oecd_activity,2019-11-30,,2026-09-26,ok,0
oecd_unemployment,tr,nation,2019-12,13.4,percent,oecd_activity,2019-12-31,,2026-09-26,ok,0
oecd_unemployment,tr,nation,2020-01,13,percent,oecd_activity,2020-01-31,,2026-09-26,ok,0
oecd_unemployment,tr,nation,2020-02,12.6,percent,oecd_activity,2020-02-29,,2026-09-26,ok,0
oecd_unemployment,tr,nation,2020-03,13,percent,oecd_activity,2020-03-31,,2026-09-26,ok,0
oecd_unemployment,tr,nation,2020-04,13.5,percent,oecd_activity,2020-04-30,,2026-09-26,ok,0
oecd_unemployment,tr,nation,2020-05,13.6,percent,oecd_activity,2020-05-31,,2026-09-26,ok,0
oecd_unemployment,tr,nation,2020-06,13.7,percent,oecd_activity,2020-06-30,,2026-09-26,ok,0
oecd_unemployment,tr,nation,2020-07,14.1,percent,oecd_activity,2020-07-31,,2026-09-26,ok,0
oecd_unemployment,tr,nation,2020-08,12.9,percent,oecd_activity,2020-08-31,,2026-09-26,ok,0
oecd_unemployment,tr,nation,2020-09,12.6,percent,oecd_activity,2020-09-30,,2026-09-26,ok,0
oecd_unemployment,tr,nation,2020-10,13.1,percent,oecd_activity,2020-10-31,,2026-09-26,ok,0
oecd_unemployment,tr,nation,2020-11,13,percent,oecd_activity,2020-11-30,,2026-09-26,ok,0
oecd_unemployment,tr,nation,2020-12,12.6,percent,oecd_activity,2020-12-31,,2026-09-26,ok,0
oecd_unemployment,tr,nation,2021-01,12.3,percent,oecd_activity,2021-01-31,,2026-09-26,ok,0
oecd_unemployment,tr,nation,2021-02,13.2,percent,oecd_activity,2021-02-28,,2026-09-26,ok,0
oecd_unemployment,tr,nation,2021-03,12.9,percent,oecd_activity,2021-03-31,,2026-09-26,ok,0
oecd_unemployment,tr,nation,2021-04,13.3,percent,oecd_activity,2021-04-30,,2026-09-26,ok,0
oecd_unemployment,tr,nation,2021-05,13.4,percent,oecd_activity,2021-05-31,,2026-09-26,ok,0
oecd_unemployment,tr,nation,2021-06,11,percent,oecd_activity,2021-06-30,,2026-09-26,ok,0
oecd_unemployment,tr,nation,2021-07,11.6,percent,oecd_activity,2021-07-31,,2026-09-26,ok,0
oecd_unemployment,tr,nation,2021-08,12,percent,oecd_activity,2021-08-31,,2026-09-26,ok,0
oecd_unemployment,tr,nation,2021-09,11.3,percent,oecd_activity,2021-09-30,,2026-09-26,ok,0
oecd_unemployment,tr,nation,2021-10,11,percent,oecd_activity,2021-10-31,,2026-09-26,ok,0
oecd_unemployment,tr,nation,2021-11,11.2,percent,oecd_activity,2021-11-30,,2026-09-26,ok,0
oecd_unemployment,tr,nation,2021-12,11,percent,oecd_activity,2021-12-31,,2026-09-26,ok,0
oecd_unemployment,tr,nation,2022-01,11.3,percent,oecd_activity,2022-01-31,,2026-09-26,ok,0
oecd_unemployment,tr,nation,2022-02,10.6,percent,oecd_activity,2022-02-28,,2026-09-26,ok,0
oecd_unemployment,tr,nation,2022-03,11.2,percent,oecd_activity,2022-03-31,,2026-09-26,ok,0
oecd_unemployment,tr,nation,2022-04,10.8,percent,oecd_activity,2022-04-30,,2026-09-26,ok,0
oecd_unemployment,tr,nation,2022-05,10.8,percent,oecd_activity,2022-05-31,,2026-09-26,ok,0
oecd_unemployment,tr,nation,2022-06,10.2,percent,oecd_activity,2022-06-30,,2026-09-26,ok,0
oecd_unemployment,tr,nation,2022-07,10.2,percent,oecd_activity,2022-07-31,,2026-09-26,ok,0
oecd_unemployment,tr,nation,2022-08,9.8,percent,oecd_activity,2022-08-31,,2026-09-26,ok,0
oecd_unemployment,tr,nation,2022-09,10.1,percent,oecd_activity,2022-09-30,,2026-09-26,ok,0
oecd_unemployment,tr,nation,2022-10,10.3,percent,oecd_activity,2022-10-31,,2026-09-26,ok,0
oecd_unemployment,tr,nation,2022-11,10.1,percent,oecd_activity,2022-11-30,,2026-09-26,ok,0
oecd_unemployment,tr,nation,2022-12,10.4,percent,oecd_activity,2022-12-31,,2026-09-26,ok,0
oecd_unemployment,tr,nation,2023-01,9.7,percent,oecd_activity,2023-01-31,,2026-09-26,ok,0
oecd_unemployment,tr,nation,2023-02,10,percent,oecd_activity,2023-02-28,,2026-09-26,ok,0
oecd_unemployment,tr,nation,2023-03,10.2,percent,oecd_activity,2023-03-31,,2026-09-26,ok,0
oecd_unemployment,tr,nation,2023-04,10.1,percent,oecd_activity,2023-04-30,,2026-09-26,ok,0
oecd_unemployment,tr,nation,2023-05,9.5,percent,oecd_activity,2023-05-31,,2026-09-26,ok,0
oecd_unemployment,tr,nation,2023-06,9.3,percent,oecd_activity,2023-06-30,,2026-09-26,ok,0
oecd_unemployment,tr,nation,2023-07,9.4,percent,oecd_activity,2023-07-31,,2026-09-26,ok,0
oecd_unemployment,tr,nation,2023-08,9.1,percent,oecd_activity,2023-08-31,,2026-09-26,ok,0
oecd_unemployment,tr,nation,2023-09,9,percent,oecd_activity,2023-09-30,,2026-09-26,ok,0
oecd_unemployment,tr,nation,2023-10,8.5,percent,oecd_activity,2023-10-31,,2026-09-26,ok,0
oecd_unemployment,tr,nation,2023-11,8.9,percent,oecd_activity,2023-11-30,,2026-09-26,ok,0
oecd_unemployment,tr,nation,2023-12,8.9,percent,oecd_activity,2023-12-31,,2026-09-26,ok,0
oecd_unemployment,tr,nation,2024-01,9.2,percent,oecd_activity,2024-01-31,,2026-09-26,ok,0
oecd_unemployment,tr,nation,2024-02,8.6,percent,oecd_activity,2024-02-29,,2026-09-26,ok,0
oecd_unemployment,tr,nation,2024-03,8.8,percent,oecd_activity,2024-03-31,,2026-09-26,ok,0
oecd_unemployment,tr,nation,2024-04,8.6,percent,oecd_activity,2024-04-30,,2026-09-26,ok,0
oecd_unemployment,tr,nation,2024-05,8.4,percent,oecd_activity,2024-05-31,,2026-09-26,ok,0
oecd_unemployment,tr,nation,2024-06,9.2,percent,oecd_activity,2024-06-30,,2026-09-26,ok,0
oecd_unemployment,tr,nation,2024-07,9,percent,oecd_activity,2024-07-31,,2026-09-26,ok,0
oecd_unemployment,tr,nation,2024-08,8.5,percent,oecd_activity,2024-08-31,,2026-09-26,ok,0
oecd_unemployment,tr,nation,2024-09,8.5,percent,oecd_activity,2024-09-30,,2026-09-26,ok,0
oecd_unemployment,tr,nation,2024-10,8.7,percent,oecd_activity,2024-10-31,,2026-09-26,ok,0
oecd_unemployment,tr,nation,2024-11,8.4,percent,oecd_activity,2024-11-30,,2026-09-26,ok,0
oecd_unemployment,tr,nation,2024-12,8.6,percent,oecd_activity,2024-12-31,,2026-09-26,ok,0
oecd_unemployment,tr,nation,2025-01,8.5,percent,oecd_activity,2025-01-31,,2026-09-26,ok,0
oecd_unemployment,tr,nation,2025-02,8.2,percent,oecd_activity,2025-02-28,,2026-09-26,ok,0
oecd_unemployment,tr,nation,2025-03,8,percent,oecd_activity,2025-03-31,,2026-09-26,ok,0
oecd_unemployment,tr,nation,2025-04,8.6,percent,oecd_activity,2025-04-30,,2026-09-26,ok,0
oecd_unemployment,tr,nation,2025-05,8.4,percent,oecd_activity,2025-05-31,,2026-09-26,ok,0
oecd_unemployment,tr,nation,2025-06,8.7,percent,oecd_activity,2025-06-30,,2026-09-26,ok,0
oecd_unemployment,tr,nation,2025-07,8.1,percent,oecd_activity,2025-07-31,,2026-09-26,ok,0
oecd_unemployment,tr,nation,2025-08,8.5,percent,oecd_activity,2025-08-31,,2026-09-26,ok,0
oecd_unemployment,tr,nation,2025-09,8.6,percent,oecd_activity,2025-09-30,,2026-09-26,ok,0
oecd_unemployment,tr,nation,2025-10,8.5,percent,oecd_activity,2025-10-31,,2026-09-26,ok,0
oecd_unemployment,tr,nation,2025-11,8.6,percent,oecd_activity,2025-11-30,,2026-09-26,ok,0
oecd_unemployment,tr,nation,2025-12,7.8,percent,oecd_activity,2025-12-31,,2026-09-26,ok,0
oecd_unemployment,tr,nation,2026-01,8.1,percent,oecd_activity,2026-01-31,,2026-09-26,ok,0
oecd_unemployment,tr,nation,2026-02,8.4,percent,oecd_activity,2026-02-28,,2026-09-26,ok,0
oecd_unemployment,tr,nation,2026-03,8.1,percent,oecd_activity,2026-03-31,,2026-09-26,ok,0
oecd_unemployment,tr,nation,2026-04,8.2,percent,oecd_activity,2026-04-30,,2026-09-26,ok,0
oecd_unemployment,tr,nation,2026-05,8.1,percent,oecd_activity,2026-05-31,,2026-09-26,ok,0
oecd_unemployment,tr,nation,2026-06,7.6,percent,oecd_activity,2026-06-30,,2026-09-26,ok,0
oecd_unemployment,tr,nation,2026-07,8.1,percent,oecd_activity,2026-07-31,,2026-09-26,ok,0
oecd_unemployment,us,nation,2015-01,5.7,percent,oecd_activity,2015-01-31,,2026-09-26,ok,0
oecd_unemployment,us,nation,2015-02,5.5,percent,oecd_activity,2015-02-28,,2026-09-26,ok,0
oecd_unemployment,us,nation,2015-03,5.4,percent,oecd_activity,2015-03-31,,2026-09-26,ok,0
oecd_unemployment,us,nation,2015-04,5.4,percent,oecd_activity,2015-04-30,,2026-09-26,ok,0
oecd_unemployment,us,nation,2015-05,5.6,percent,oecd_activity,2015-05-31,,2026-09-26,ok,0
oecd_unemployment,us,nation,2015-06,5.3,percent,oecd_activity,2015-06-30,,2026-09-26,ok,0
oecd_unemployment,us,nation,2015-07,5.2,percent,oecd_activity,2015-07-31,,2026-09-26,ok,0
oecd_unemployment,us,nation,2015-08,5.1,percent,oecd_activity,2015-08-31,,2026-09-26,ok,0
oecd_unemployment,us,nation,2015-09,5,percent,oecd_activity,2015-09-30,,2026-09-26,ok,0
oecd_unemployment,us,nation,2015-10,5,percent,oecd_activity,2015-10-31,,2026-09-26,ok,0
oecd_unemployment,us,nation,2015-11,5.1,percent,oecd_activity,2015-11-30,,2026-09-26,ok,0
oecd_unemployment,us,nation,2015-12,5,percent,oecd_activity,2015-12-31,,2026-09-26,ok,0
oecd_unemployment,us,nation,2016-01,4.8,percent,oecd_activity,2016-01-31,,2026-09-26,ok,0
oecd_unemployment,us,nation,2016-02,4.9,percent,oecd_activity,2016-02-29,,2026-09-26,ok,0
oecd_unemployment,us,nation,2016-03,5,percent,oecd_activity,2016-03-31,,2026-09-26,ok,0
oecd_unemployment,us,nation,2016-04,5.1,percent,oecd_activity,2016-04-30,,2026-09-26,ok,0
oecd_unemployment,us,nation,2016-05,4.8,percent,oecd_activity,2016-05-31,,2026-09-26,ok,0
oecd_unemployment,us,nation,2016-06,4.9,percent,oecd_activity,2016-06-30,,2026-09-26,ok,0
oecd_unemployment,us,nation,2016-07,4.8,percent,oecd_activity,2016-07-31,,2026-09-26,ok,0
oecd_unemployment,us,nation,2016-08,4.9,percent,oecd_activity,2016-08-31,,2026-09-26,ok,0
oecd_unemployment,us,nation,2016-09,5,percent,oecd_activity,2016-09-30,,2026-09-26,ok,0
oecd_unemployment,us,nation,2016-10,4.9,percent,oecd_activity,2016-10-31,,2026-09-26,ok,0
oecd_unemployment,us,nation,2016-11,4.7,percent,oecd_activity,2016-11-30,,2026-09-26,ok,0
oecd_unemployment,us,nation,2016-12,4.7,percent,oecd_activity,2016-12-31,,2026-09-26,ok,0
oecd_unemployment,us,nation,2017-01,4.7,percent,oecd_activity,2017-01-31,,2026-09-26,ok,0
oecd_unemployment,us,nation,2017-02,4.6,percent,oecd_activity,2017-02-28,,2026-09-26,ok,0
oecd_unemployment,us,nation,2017-03,4.4,percent,oecd_activity,2017-03-31,,2026-09-26,ok,0
oecd_unemployment,us,nation,2017-04,4.4,percent,oecd_activity,2017-04-30,,2026-09-26,ok,0
oecd_unemployment,us,nation,2017-05,4.4,percent,oecd_activity,2017-05-31,,2026-09-26,ok,0
oecd_unemployment,us,nation,2017-06,4.3,percent,oecd_activity,2017-06-30,,2026-09-26,ok,0
oecd_unemployment,us,nation,2017-07,4.3,percent,oecd_activity,2017-07-31,,2026-09-26,ok,0
oecd_unemployment,us,nation,2017-08,4.4,percent,oecd_activity,2017-08-31,,2026-09-26,ok,0
oecd_unemployment,us,nation,2017-09,4.3,percent,oecd_activity,2017-09-30,,2026-09-26,ok,0
oecd_unemployment,us,nation,2017-10,4.2,percent,oecd_activity,2017-10-31,,2026-09-26,ok,0
oecd_unemployment,us,nation,2017-11,4.2,percent,oecd_activity,2017-11-30,,2026-09-26,ok,0
oecd_unemployment,us,nation,2017-12,4.1,percent,oecd_activity,2017-12-31,,2026-09-26,ok,0
oecd_unemployment,us,nation,2018-01,4,percent,oecd_activity,2018-01-31,,2026-09-26,ok,0
oecd_unemployment,us,nation,2018-02,4.1,percent,oecd_activity,2018-02-28,,2026-09-26,ok,0
oecd_unemployment,us,nation,2018-03,4,percent,oecd_activity,2018-03-31,,2026-09-26,ok,0
oecd_unemployment,us,nation,2018-04,4,percent,oecd_activity,2018-04-30,,2026-09-26,ok,0
oecd_unemployment,us,nation,2018-05,3.8,percent,oecd_activity,2018-05-31,,2026-09-26,ok,0
oecd_unemployment,us,nation,2018-06,4,percent,oecd_activity,2018-06-30,,2026-09-26,ok,0
oecd_unemployment,us,nation,2018-07,3.8,percent,oecd_activity,2018-07-31,,2026-09-26,ok,0
oecd_unemployment,us,nation,2018-08,3.8,percent,oecd_activity,2018-08-31,,2026-09-26,ok,0
oecd_unemployment,us,nation,2018-09,3.7,percent,oecd_activity,2018-09-30,,2026-09-26,ok,0
oecd_unemployment,us,nation,2018-10,3.8,percent,oecd_activity,2018-10-31,,2026-09-26,ok,0
oecd_unemployment,us,nation,2018-11,3.8,percent,oecd_activity,2018-11-30,,2026-09-26,ok,0
oecd_unemployment,us,nation,2018-12,3.9,percent,oecd_activity,2018-12-31,,2026-09-26,ok,0
oecd_unemployment,us,nation,2019-01,4,percent,oecd_activity,2019-01-31,,2026-09-26,ok,0
oecd_unemployment,us,nation,2019-02,3.8,percent,oecd_activity,2019-02-28,,2026-09-26,ok,0
oecd_unemployment,us,nation,2019-03,3.8,percent,oecd_activity,2019-03-31,,2026-09-26,ok,0
oecd_unemployment,us,nation,2019-04,3.7,percent,oecd_activity,2019-04-30,,2026-09-26,ok,0
oecd_unemployment,us,nation,2019-05,3.6,percent,oecd_activity,2019-05-31,,2026-09-26,ok,0
oecd_unemployment,us,nation,2019-06,3.6,percent,oecd_activity,2019-06-30,,2026-09-26,ok,0
oecd_unemployment,us,nation,2019-07,3.7,percent,oecd_activity,2019-07-31,,2026-09-26,ok,0
oecd_unemployment,us,nation,2019-08,3.6,percent,oecd_activity,2019-08-31,,2026-09-26,ok,0
oecd_unemployment,us,nation,2019-09,3.5,percent,oecd_activity,2019-09-30,,2026-09-26,ok,0
oecd_unemployment,us,nation,2019-10,3.6,percent,oecd_activity,2019-10-31,,2026-09-26,ok,0
oecd_unemployment,us,nation,2019-11,3.6,percent,oecd_activity,2019-11-30,,2026-09-26,ok,0
oecd_unemployment,us,nation,2019-12,3.6,percent,oecd_activity,2019-12-31,,2026-09-26,ok,0
oecd_unemployment,us,nation,2020-01,3.6,percent,oecd_activity,2020-01-31,,2026-09-26,ok,0
oecd_unemployment,us,nation,2020-02,3.5,percent,oecd_activity,2020-02-29,,2026-09-26,ok,0
oecd_unemployment,us,nation,2020-03,4.4,percent,oecd_activity,2020-03-31,,2026-09-26,ok,0
oecd_unemployment,us,nation,2020-04,14.8,percent,oecd_activity,2020-04-30,,2026-09-26,ok,0
oecd_unemployment,us,nation,2020-05,13.2,percent,oecd_activity,2020-05-31,,2026-09-26,ok,0
oecd_unemployment,us,nation,2020-06,11,percent,oecd_activity,2020-06-30,,2026-09-26,ok,0
oecd_unemployment,us,nation,2020-07,10.2,percent,oecd_activity,2020-07-31,,2026-09-26,ok,0
oecd_unemployment,us,nation,2020-08,8.4,percent,oecd_activity,2020-08-31,,2026-09-26,ok,0
oecd_unemployment,us,nation,2020-09,7.8,percent,oecd_activity,2020-09-30,,2026-09-26,ok,0
oecd_unemployment,us,nation,2020-10,6.9,percent,oecd_activity,2020-10-31,,2026-09-26,ok,0
oecd_unemployment,us,nation,2020-11,6.7,percent,oecd_activity,2020-11-30,,2026-09-26,ok,0
oecd_unemployment,us,nation,2020-12,6.7,percent,oecd_activity,2020-12-31,,2026-09-26,ok,0
oecd_unemployment,us,nation,2021-01,6.4,percent,oecd_activity,2021-01-31,,2026-09-26,ok,0
oecd_unemployment,us,nation,2021-02,6.2,percent,oecd_activity,2021-02-28,,2026-09-26,ok,0
oecd_unemployment,us,nation,2021-03,6.1,percent,oecd_activity,2021-03-31,,2026-09-26,ok,0
oecd_unemployment,us,nation,2021-04,6.1,percent,oecd_activity,2021-04-30,,2026-09-26,ok,0
oecd_unemployment,us,nation,2021-05,5.8,percent,oecd_activity,2021-05-31,,2026-09-26,ok,0
oecd_unemployment,us,nation,2021-06,5.9,percent,oecd_activity,2021-06-30,,2026-09-26,ok,0
oecd_unemployment,us,nation,2021-07,5.4,percent,oecd_activity,2021-07-31,,2026-09-26,ok,0
oecd_unemployment,us,nation,2021-08,5.1,percent,oecd_activity,2021-08-31,,2026-09-26,ok,0
oecd_unemployment,us,nation,2021-09,4.7,percent,oecd_activity,2021-09-30,,2026-09-26,ok,0
oecd_unemployment,us,nation,2021-10,4.5,percent,oecd_activity,2021-10-31,,2026-09-26,ok,0
oecd_unemployment,us,nation,2021-11,4.1,percent,oecd_activity,2021-11-30,,2026-09-26,ok,0
oecd_unemployment,us,nation,2021-12,3.9,percent,oecd_activity,2021-12-31,,2026-09-26,ok,0
oecd_unemployment,us,nation,2022-01,4,percent,oecd_activity,2022-01-31,,2026-09-26,ok,0
oecd_unemployment,us,nation,2022-02,3.9,percent,oecd_activity,2022-02-28,,2026-09-26,ok,0
oecd_unemployment,us,nation,2022-03,3.7,percent,oecd_activity,2022-03-31,,2026-09-26,ok,0
oecd_unemployment,us,nation,2022-04,3.7,percent,oecd_activity,2022-04-30,,2026-09-26,ok,0
oecd_unemployment,us,nation,2022-05,3.6,percent,oecd_activity,2022-05-31,,2026-09-26,ok,0
oecd_unemployment,us,nation,2022-06,3.6,percent,oecd_activity,2022-06-30,,2026-09-26,ok,0
oecd_unemployment,us,nation,2022-07,3.5,percent,oecd_activity,2022-07-31,,2026-09-26,ok,0
oecd_unemployment,us,nation,2022-08,3.6,percent,oecd_activity,2022-08-31,,2026-09-26,ok,0
oecd_unemployment,us,nation,2022-09,3.5,percent,oecd_activity,2022-09-30,,2026-09-26,ok,0
oecd_unemployment,us,nation,2022-10,3.6,percent,oecd_activity,2022-10-31,,2026-09-26,ok,0
oecd_unemployment,us,nation,2022-11,3.6,percent,oecd_activity,2022-11-30,,2026-09-26,ok,0
oecd_unemployment,us,nation,2022-12,3.5,percent,oecd_activity,2022-12-31,,2026-09-26,ok,0
oecd_unemployment,us,nation,2023-01,3.5,percent,oecd_activity,2023-01-31,,2026-09-26,ok,0
oecd_unemployment,us,nation,2023-02,3.6,percent,oecd_activity,2023-02-28,,2026-09-26,ok,0
oecd_unemployment,us,nation,2023-03,3.5,percent,oecd_activity,2023-03-31,,2026-09-26,ok,0
oecd_unemployment,us,nation,2023-04,3.4,percent,oecd_activity,2023-04-30,,2026-09-26,ok,0
oecd_unemployment,us,nation,2023-05,3.6,percent,oecd_activity,2023-05-31,,2026-09-26,ok,0
oecd_unemployment,us,nation,2023-06,3.6,percent,oecd_activity,2023-06-30,,2026-09-26,ok,0
oecd_unemployment,us,nation,2023-07,3.5,percent,oecd_activity,2023-07-31,,2026-09-26,ok,0
oecd_unemployment,us,nation,2023-08,3.7,percent,oecd_activity,2023-08-31,,2026-09-26,ok,0
oecd_unemployment,us,nation,2023-09,3.7,percent,oecd_activity,2023-09-30,,2026-09-26,ok,0
oecd_unemployment,us,nation,2023-10,3.9,percent,oecd_activity,2023-10-31,,2026-09-26,ok,0
oecd_unemployment,us,nation,2023-11,3.7,percent,oecd_activity,2023-11-30,,2026-09-26,ok,0
oecd_unemployment,us,nation,2023-12,3.8,percent,oecd_activity,2023-12-31,,2026-09-26,ok,0
oecd_unemployment,us,nation,2024-01,3.7,percent,oecd_activity,2024-01-31,,2026-09-26,ok,0
oecd_unemployment,us,nation,2024-02,3.9,percent,oecd_activity,2024-02-29,,2026-09-26,ok,0
oecd_unemployment,us,nation,2024-03,3.9,percent,oecd_activity,2024-03-31,,2026-09-26,ok,0
oecd_unemployment,us,nation,2024-04,3.9,percent,oecd_activity,2024-04-30,,2026-09-26,ok,0
oecd_unemployment,us,nation,2024-05,3.9,percent,oecd_activity,2024-05-31,,2026-09-26,ok,0
oecd_unemployment,us,nation,2024-06,4.1,percent,oecd_activity,2024-06-30,,2026-09-26,ok,0
oecd_unemployment,us,nation,2024-07,4.2,percent,oecd_activity,2024-07-31,,2026-09-26,ok,0
oecd_unemployment,us,nation,2024-08,4.2,percent,oecd_activity,2024-08-31,,2026-09-26,ok,0
oecd_unemployment,us,nation,2024-09,4.1,percent,oecd_activity,2024-09-30,,2026-09-26,ok,0
oecd_unemployment,us,nation,2024-10,4.1,percent,oecd_activity,2024-10-31,,2026-09-26,ok,0
oecd_unemployment,us,nation,2024-11,4.2,percent,oecd_activity,2024-11-30,,2026-09-26,ok,0
oecd_unemployment,us,nation,2024-12,4.1,percent,oecd_activity,2024-12-31,,2026-09-26,ok,0
oecd_unemployment,us,nation,2025-01,4,percent,oecd_activity,2025-01-31,,2026-09-26,ok,0
oecd_unemployment,us,nation,2025-02,4.2,percent,oecd_activity,2025-02-28,,2026-09-26,ok,0
oecd_unemployment,us,nation,2025-03,4.2,percent,oecd_activity,2025-03-31,,2026-09-26,ok,0
oecd_unemployment,us,nation,2025-04,4.2,percent,oecd_activity,2025-04-30,,2026-09-26,ok,0
oecd_unemployment,us,nation,2025-05,4.3,percent,oecd_activity,2025-05-31,,2026-09-26,ok,0
oecd_unemployment,us,nation,2025-06,4.1,percent,oecd_activity,2025-06-30,,2026-09-26,ok,0
oecd_unemployment,us,nation,2025-07,4.3,percent,oecd_activity,2025-07-31,,2026-09-26,ok,0
oecd_unemployment,us,nation,2025-08,4.3,percent,oecd_activity,2025-08-31,,2026-09-26,ok,0
oecd_unemployment,us,nation,2025-09,4.4,percent,oecd_activity,2025-09-30,,2026-09-26,ok,0
oecd_unemployment,us,nation,2025-11,4.5,percent,oecd_activity,2025-11-30,,2026-09-26,ok,0
oecd_unemployment,us,nation,2025-12,4.4,percent,oecd_activity,2025-12-31,,2026-09-26,ok,0
oecd_unemployment,us,nation,2026-01,4.3,percent,oecd_activity,2026-01-31,,2026-09-26,ok,0
oecd_unemployment,us,nation,2026-02,4.4,percent,oecd_activity,2026-02-28,,2026-09-26,ok,0
oecd_unemployment,us,nation,2026-03,4.3,percent,oecd_activity,2026-03-31,,2026-09-26,ok,0
oecd_unemployment,us,nation,2026-04,4.3,percent,oecd_activity,2026-04-30,,2026-09-26,ok,0
oecd_unemployment,us,nation,2026-05,4.3,percent,oecd_activity,2026-05-31,,2026-09-26,ok,0
oecd_unemployment,us,nation,2026-06,4.2,percent,oecd_activity,2026-06-30,,2026-09-26,ok,0
oecd_unemployment,us,nation,2026-07,4.1,percent,oecd_activity,2026-07-31,,2026-09-26,ok,0
oecd_unemployment,us,nation,2026-08,4.1,percent,oecd_activity,2026-08-31,,2026-09-26,ok,0
