metric_id,geo_id,geo_level,period,value,unit,source_id,observation_end,published_at,fetched_at,quality_flag,revision
oecd_bond_yield,au,nation,2015-01,2.622,percent,oecd_activity,2015-01-31,,2026-09-26T14:19:03+00:00,ok,0
oecd_bond_yield,au,nation,2015-02,2.49,percent,oecd_activity,2015-02-28,,2026-09-26T14:19:03+00:00,ok,0
oecd_bond_yield,au,nation,2015-03,2.475,percent,oecd_activity,2015-03-31,,2026-09-26T14:19:03+00:00,ok,0
oecd_bond_yield,au,nation,2015-04,2.41,percent,oecd_activity,2015-04-30,,2026-09-26T14:19:03+00:00,ok,0
oecd_bond_yield,au,nation,2015-05,2.882,percent,oecd_activity,2015-05-31,,2026-09-26T14:19:03+00:00,ok,0
oecd_bond_yield,au,nation,2015-06,2.985,percent,oecd_activity,2015-06-30,,2026-09-26T14:19:03+00:00,ok,0
oecd_bond_yield,au,nation,2015-07,2.922,percent,oecd_activity,2015-07-31,,2026-09-26T14:19:03+00:00,ok,0
oecd_bond_yield,au,nation,2015-08,2.738,percent,oecd_activity,2015-08-31,,2026-09-26T14:19:03+00:00,ok,0
oecd_bond_yield,au,nation,2015-09,2.724,percent,oecd_activity,2015-09-30,,2026-09-26T14:19:03+00:00,ok,0
oecd_bond_yield,au,nation,2015-10,2.657,percent,oecd_activity,2015-10-31,,2026-09-26T14:19:03+00:00,ok,0
oecd_bond_yield,au,nation,2015-11,2.889,percent,oecd_activity,2015-11-30,,2026-09-26T14:19:03+00:00,ok,0
oecd_bond_yield,au,nation,2015-12,2.852,percent,oecd_activity,2015-12-31,,2026-09-26T14:19:03+00:00,ok,0
oecd_bond_yield,au,nation,2016-01,2.708,percent,oecd_activity,2016-01-31,,2026-09-26T14:19:03+00:00,ok,0
oecd_bond_yield,au,nation,2016-02,2.465,percent,oecd_activity,2016-02-29,,2026-09-26T14:19:03+00:00,ok,0
oecd_bond_yield,au,nation,2016-03,2.561,percent,oecd_activity,2016-03-31,,2026-09-26T14:19:03+00:00,ok,0
oecd_bond_yield,au,nation,2016-04,2.512,percent,oecd_activity,2016-04-30,,2026-09-26T14:19:03+00:00,ok,0
oecd_bond_yield,au,nation,2016-05,2.322,percent,oecd_activity,2016-05-31,,2026-09-26T14:19:03+00:00,ok,0
oecd_bond_yield,au,nation,2016-06,2.125,percent,oecd_activity,2016-06-30,,2026-09-26T14:19:03+00:00,ok,0
oecd_bond_yield,au,nation,2016-07,1.936,percent,oecd_activity,2016-07-31,,2026-09-26T14:19:03+00:00,ok,0
oecd_bond_yield,au,nation,2016-08,1.892,percent,oecd_activity,2016-08-31,,2026-09-26T14:19:03+00:00,ok,0
oecd_bond_yield,au,nation,2016-09,2.004,percent,oecd_activity,2016-09-30,,2026-09-26T14:19:03+00:00,ok,0
oecd_bond_yield,au,nation,2016-10,2.231,percent,oecd_activity,2016-10-31,,2026-09-26T14:19:03+00:00,ok,0
oecd_bond_yield,au,nation,2016-11,2.535,percent,oecd_activity,2016-11-30,,2026-09-26T14:19:03+00:00,ok,0
oecd_bond_yield,au,nation,2016-12,2.799,percent,oecd_activity,2016-12-31,,2026-09-26T14:19:03+00:00,ok,0
oecd_bond_yield,au,nation,2017-01,2.711,percent,oecd_activity,2017-01-31,,2026-09-26T14:19:03+00:00,ok,0
oecd_bond_yield,au,nation,2017-02,2.738,percent,oecd_activity,2017-02-28,,2026-09-26T14:19:03+00:00,ok,0
oecd_bond_yield,au,nation,2017-03,2.804,percent,oecd_activity,2017-03-31,,2026-09-26T14:19:03+00:00,ok,0
oecd_bond_yield,au,nation,2017-04,2.557,percent,oecd_activity,2017-04-30,,2026-09-26T14:19:03+00:00,ok,0
oecd_bond_yield,au,nation,2017-05,2.548,percent,oecd_activity,2017-05-31,,2026-09-26T14:19:03+00:00,ok,0
oecd_bond_yield,au,nation,2017-06,2.421,percent,oecd_activity,2017-06-30,,2026-09-26T14:19:03+00:00,ok,0
oecd_bond_yield,au,nation,2017-07,2.664,percent,oecd_activity,2017-07-31,,2026-09-26T14:19:03+00:00,ok,0
oecd_bond_yield,au,nation,2017-08,2.626,percent,oecd_activity,2017-08-31,,2026-09-26T14:19:03+00:00,ok,0
oecd_bond_yield,au,nation,2017-09,2.71,percent,oecd_activity,2017-09-30,,2026-09-26T14:19:03+00:00,ok,0
oecd_bond_yield,au,nation,2017-10,2.768,percent,oecd_activity,2017-10-31,,2026-09-26T14:19:03+00:00,ok,0
oecd_bond_yield,au,nation,2017-11,2.565,percent,oecd_activity,2017-11-30,,2026-09-26T14:19:03+00:00,ok,0
oecd_bond_yield,au,nation,2017-12,2.583,percent,oecd_activity,2017-12-31,,2026-09-26T14:19:03+00:00,ok,0
oecd_bond_yield,au,nation,2018-01,2.747,percent,oecd_activity,2018-01-31,,2026-09-26T14:19:03+00:00,ok,0
oecd_bond_yield,au,nation,2018-02,2.845,percent,oecd_activity,2018-02-28,,2026-09-26T14:19:03+00:00,ok,0
oecd_bond_yield,au,nation,2018-03,2.713,percent,oecd_activity,2018-03-31,,2026-09-26T14:19:03+00:00,ok,0
oecd_bond_yield,au,nation,2018-04,2.734,percent,oecd_activity,2018-04-30,,2026-09-26T14:19:03+00:00,ok,0
oecd_bond_yield,au,nation,2018-05,2.79,percent,oecd_activity,2018-05-31,,2026-09-26T14:19:03+00:00,ok,0
oecd_bond_yield,au,nation,2018-06,2.697,percent,oecd_activity,2018-06-30,,2026-09-26T14:19:03+00:00,ok,0
oecd_bond_yield,au,nation,2018-07,2.637,percent,oecd_activity,2018-07-31,,2026-09-26T14:19:03+00:00,ok,0
oecd_bond_yield,au,nation,2018-08,2.59,percent,oecd_activity,2018-08-31,,2026-09-26T14:19:03+00:00,ok,0
oecd_bond_yield,au,nation,2018-09,2.631,percent,oecd_activity,2018-09-30,,2026-09-26T14:19:03+00:00,ok,0
oecd_bond_yield,au,nation,2018-10,2.682,percent,oecd_activity,2018-10-31,,2026-09-26T14:19:03+00:00,ok,0
oecd_bond_yield,au,nation,2018-11,2.683,percent,oecd_activity,2018-11-30,,2026-09-26T14:19:03+00:00,ok,0
oecd_bond_yield,au,nation,2018-12,2.431,percent,oecd_activity,2018-12-31,,2026-09-26T14:19:03+00:00,ok,0
oecd_bond_yield,au,nation,2019-01,2.271,percent,oecd_activity,2019-01-31,,2026-09-26T14:19:03+00:00,ok,0
oecd_bond_yield,au,nation,2019-02,2.126,percent,oecd_activity,2019-02-28,,2026-09-26T14:19:03+00:00,ok,0
oecd_bond_yield,au,nation,2019-03,1.957,percent,oecd_activity,2019-03-31,,2026-09-26T14:19:03+00:00,ok,0
oecd_bond_yield,au,nation,2019-04,1.865,percent,oecd_activity,2019-04-30,,2026-09-26T14:19:03+00:00,ok,0
oecd_bond_yield,au,nation,2019-05,1.655,percent,oecd_activity,2019-05-31,,2026-09-26T14:19:03+00:00,ok,0
oecd_bond_yield,au,nation,2019-06,1.386,percent,oecd_activity,2019-06-30,,2026-09-26T14:19:03+00:00,ok,0
oecd_bond_yield,au,nation,2019-07,1.32,percent,oecd_activity,2019-07-31,,2026-09-26T14:19:03+00:00,ok,0
oecd_bond_yield,au,nation,2019-08,0.959,percent,oecd_activity,2019-08-31,,2026-09-26T14:19:03+00:00,ok,0
oecd_bond_yield,au,nation,2019-09,1.035,percent,oecd_activity,2019-09-30,,2026-09-26T14:19:03+00:00,ok,0
oecd_bond_yield,au,nation,2019-10,1.037,percent,oecd_activity,2019-10-31,,2026-09-26T14:19:03+00:00,ok,0
oecd_bond_yield,au,nation,2019-11,1.152,percent,oecd_activity,2019-11-30,,2026-09-26T14:19:03+00:00,ok,0
oecd_bond_yield,au,nation,2019-12,1.202,percent,oecd_activity,2019-12-31,,2026-09-26T14:19:03+00:00,ok,0
oecd_bond_yield,au,nation,2020-01,1.159,percent,oecd_activity,2020-01-31,,2026-09-26T14:19:03+00:00,ok,0
oecd_bond_yield,au,nation,2020-02,0.984,percent,oecd_activity,2020-02-29,,2026-09-26T14:19:03+00:00,ok,0
oecd_bond_yield,au,nation,2020-03,0.884,percent,oecd_activity,2020-03-31,,2026-09-26T14:19:03+00:00,ok,0
oecd_bond_yield,au,nation,2020-04,0.854,percent,oecd_activity,2020-04-30,,2026-09-26T14:19:03+00:00,ok,0
oecd_bond_yield,au,nation,2020-05,0.903,percent,oecd_activity,2020-05-31,,2026-09-26T14:19:03+00:00,ok,0
oecd_bond_yield,au,nation,2020-06,0.928,percent,oecd_activity,2020-06-30,,2026-09-26T14:19:03+00:00,ok,0
oecd_bond_yield,au,nation,2020-07,0.897,percent,oecd_activity,2020-07-31,,2026-09-26T14:19:03+00:00,ok,0
oecd_bond_yield,au,nation,2020-08,0.905,percent,oecd_activity,2020-08-31,,2026-09-26T14:19:03+00:00,ok,0
oecd_bond_yield,au,nation,2020-09,0.894,percent,oecd_activity,2020-09-30,,2026-09-26T14:19:03+00:00,ok,0
oecd_bond_yield,au,nation,2020-10,0.802,percent,oecd_activity,2020-10-31,,2026-09-26T14:19:03+00:00,ok,0
oecd_bond_yield,au,nation,2020-11,0.856,percent,oecd_activity,2020-11-30,,2026-09-26T14:19:03+00:00,ok,0
oecd_bond_yield,au,nation,2020-12,0.976,percent,oecd_activity,2020-12-31,,2026-09-26T14:19:03+00:00,ok,0
oecd_bond_yield,au,nation,2021-01,1.053,percent,oecd_activity,2021-01-31,,2026-09-26T14:19:03+00:00,ok,0
oecd_bond_yield,au,nation,2021-02,1.334,percent,oecd_activity,2021-02-28,,2026-09-26T14:19:03+00:00,ok,0
oecd_bond_yield,au,nation,2021-03,1.707,percent,oecd_activity,2021-03-31,,2026-09-26T14:19:03+00:00,ok,0
oecd_bond_yield,au,nation,2021-04,1.676,percent,oecd_activity,2021-04-30,,2026-09-26T14:19:03+00:00,ok,0
oecd_bond_yield,au,nation,2021-05,1.66,percent,oecd_activity,2021-05-31,,2026-09-26T14:19:03+00:00,ok,0
oecd_bond_yield,au,nation,2021-06,1.531,percent,oecd_activity,2021-06-30,,2026-09-26T14:19:03+00:00,ok,0
oecd_bond_yield,au,nation,2021-07,1.254,percent,oecd_activity,2021-07-31,,2026-09-26T14:19:03+00:00,ok,0
oecd_bond_yield,au,nation,2021-08,1.135,percent,oecd_activity,2021-08-31,,2026-09-26T14:19:03+00:00,ok,0
oecd_bond_yield,au,nation,2021-09,1.282,percent,oecd_activity,2021-09-30,,2026-09-26T14:19:03+00:00,ok,0
oecd_bond_yield,au,nation,2021-10,1.71,percent,oecd_activity,2021-10-31,,2026-09-26T14:19:03+00:00,ok,0
oecd_bond_yield,au,nation,2021-11,1.806,percent,oecd_activity,2021-11-30,,2026-09-26T14:19:03+00:00,ok,0
oecd_bond_yield,au,nation,2021-12,1.609,percent,oecd_activity,2021-12-31,,2026-09-26T14:19:03+00:00,ok,0
oecd_bond_yield,au,nation,2022-01,1.888,percent,oecd_activity,2022-01-31,,2026-09-26T14:19:03+00:00,ok,0
oecd_bond_yield,au,nation,2022-02,2.111,percent,oecd_activity,2022-02-28,,2026-09-26T14:19:03+00:00,ok,0
oecd_bond_yield,au,nation,2022-03,2.5,percent,oecd_activity,2022-03-31,,2026-09-26T14:19:03+00:00,ok,0
oecd_bond_yield,au,nation,2022-04,3.008,percent,oecd_activity,2022-04-30,,2026-09-26T14:19:03+00:00,ok,0
oecd_bond_yield,au,nation,2022-05,3.381,percent,oecd_activity,2022-05-31,,2026-09-26T14:19:03+00:00,ok,0
oecd_bond_yield,au,nation,2022-06,3.767,percent,oecd_activity,2022-06-30,,2026-09-26T14:19:03+00:00,ok,0
oecd_bond_yield,au,nation,2022-07,3.429,percent,oecd_activity,2022-07-31,,2026-09-26T14:19:03+00:00,ok,0
oecd_bond_yield,au,nation,2022-08,3.361,percent,oecd_activity,2022-08-31,,2026-09-26T14:19:03+00:00,ok,0
oecd_bond_yield,au,nation,2022-09,3.747,percent,oecd_activity,2022-09-30,,2026-09-26T14:19:03+00:00,ok,0
oecd_bond_yield,au,nation,2022-10,3.919,percent,oecd_activity,2022-10-31,,2026-09-26T14:19:03+00:00,ok,0
oecd_bond_yield,au,nation,2022-11,3.696,percent,oecd_activity,2022-11-30,,2026-09-26T14:19:03+00:00,ok,0
oecd_bond_yield,au,nation,2022-12,3.551,percent,oecd_activity,2022-12-31,,2026-09-26T14:19:03+00:00,ok,0
oecd_bond_yield,au,nation,2023-01,3.604,percent,oecd_activity,2023-01-31,,2026-09-26T14:19:03+00:00,ok,0
oecd_bond_yield,au,nation,2023-02,3.702,percent,oecd_activity,2023-02-28,,2026-09-26T14:19:03+00:00,ok,0
oecd_bond_yield,au,nation,2023-03,3.468,percent,oecd_activity,2023-03-31,,2026-09-26T14:19:03+00:00,ok,0
oecd_bond_yield,au,nation,2023-04,3.343,percent,oecd_activity,2023-04-30,,2026-09-26T14:19:03+00:00,ok,0
oecd_bond_yield,au,nation,2023-05,3.5,percent,oecd_activity,2023-05-31,,2026-09-26T14:19:03+00:00,ok,0
oecd_bond_yield,au,nation,2023-06,3.916,percent,oecd_activity,2023-06-30,,2026-09-26T14:19:03+00:00,ok,0
oecd_bond_yield,au,nation,2023-07,4.036,percent,oecd_activity,2023-07-31,,2026-09-26T14:19:03+00:00,ok,0
oecd_bond_yield,au,nation,2023-08,4.128,percent,oecd_activity,2023-08-31,,2026-09-26T14:19:03+00:00,ok,0
oecd_bond_yield,au,nation,2023-09,4.211,percent,oecd_activity,2023-09-30,,2026-09-26T14:19:03+00:00,ok,0
oecd_bond_yield,au,nation,2023-10,4.633,percent,oecd_activity,2023-10-31,,2026-09-26T14:19:03+00:00,ok,0
oecd_bond_yield,au,nation,2023-11,4.578,percent,oecd_activity,2023-11-30,,2026-09-26T14:19:03+00:00,ok,0
oecd_bond_yield,au,nation,2023-12,4.187,percent,oecd_activity,2023-12-31,,2026-09-26T14:19:03+00:00,ok,0
oecd_bond_yield,au,nation,2024-01,4.148,percent,oecd_activity,2024-01-31,,2026-09-26T14:19:03+00:00,ok,0
oecd_bond_yield,au,nation,2024-02,4.141,percent,oecd_activity,2024-02-29,,2026-09-26T14:19:03+00:00,ok,0
oecd_bond_yield,au,nation,2024-03,4.045,percent,oecd_activity,2024-03-31,,2026-09-26T14:19:03+00:00,ok,0
oecd_bond_yield,au,nation,2024-04,4.268,percent,oecd_activity,2024-04-30,,2026-09-26T14:19:03+00:00,ok,0
oecd_bond_yield,au,nation,2024-05,4.325,percent,oecd_activity,2024-05-31,,2026-09-26T14:19:03+00:00,ok,0
oecd_bond_yield,au,nation,2024-06,4.242,percent,oecd_activity,2024-06-30,,2026-09-26T14:19:03+00:00,ok,0
oecd_bond_yield,au,nation,2024-07,4.326,percent,oecd_activity,2024-07-31,,2026-09-26T14:19:03+00:00,ok,0
oecd_bond_yield,au,nation,2024-08,3.976,percent,oecd_activity,2024-08-31,,2026-09-26T14:19:03+00:00,ok,0
oecd_bond_yield,au,nation,2024-09,3.922,percent,oecd_activity,2024-09-30,,2026-09-26T14:19:03+00:00,ok,0
oecd_bond_yield,au,nation,2024-10,4.267,percent,oecd_activity,2024-10-31,,2026-09-26T14:19:03+00:00,ok,0
oecd_bond_yield,au,nation,2024-11,4.544,percent,oecd_activity,2024-11-30,,2026-09-26T14:19:03+00:00,ok,0
oecd_bond_yield,au,nation,2024-12,4.313,percent,oecd_activity,2024-12-31,,2026-09-26T14:19:03+00:00,ok,0
oecd_bond_yield,au,nation,2025-01,4.481,percent,oecd_activity,2025-01-31,,2026-09-26T14:19:03+00:00,ok,0
oecd_bond_yield,au,nation,2025-02,4.423,percent,oecd_activity,2025-02-28,,2026-09-26T14:19:03+00:00,ok,0
oecd_bond_yield,au,nation,2025-03,4.421,percent,oecd_activity,2025-03-31,,2026-09-26T14:19:03+00:00,ok,0
oecd_bond_yield,au,nation,2025-04,4.267,percent,oecd_activity,2025-04-30,,2026-09-26T14:19:03+00:00,ok,0
oecd_bond_yield,au,nation,2025-05,4.35,percent,oecd_activity,2025-05-31,,2026-09-26T14:19:03+00:00,ok,0
oecd_bond_yield,au,nation,2025-06,4.208,percent,oecd_activity,2025-06-30,,2026-09-26T14:19:03+00:00,ok,0
oecd_bond_yield,au,nation,2025-07,4.291,percent,oecd_activity,2025-07-31,,2026-09-26T14:19:03+00:00,ok,0
oecd_bond_yield,au,nation,2025-08,4.275,percent,oecd_activity,2025-08-31,,2026-09-26T14:19:03+00:00,ok,0
oecd_bond_yield,au,nation,2025-09,4.298,percent,oecd_activity,2025-09-30,,2026-09-26T14:19:03+00:00,ok,0
oecd_bond_yield,au,nation,2025-10,4.234,percent,oecd_activity,2025-10-31,,2026-09-26T14:19:03+00:00,ok,0
oecd_bond_yield,au,nation,2025-11,4.416,percent,oecd_activity,2025-11-30,,2026-09-26T14:19:03+00:00,ok,0
oecd_bond_yield,au,nation,2025-12,4.719,percent,oecd_activity,2025-12-31,,2026-09-26T14:19:03+00:00,ok,0
oecd_bond_yield,au,nation,2026-01,4.75,percent,oecd_activity,2026-01-31,,2026-09-26T14:19:03+00:00,ok,0
oecd_bond_yield,au,nation,2026-02,4.758,percent,oecd_activity,2026-02-28,,2026-09-26T14:19:03+00:00,ok,0
oecd_bond_yield,au,nation,2026-03,4.926,percent,oecd_activity,2026-03-31,,2026-09-26T14:19:03+00:00,ok,0
oecd_bond_yield,au,nation,2026-04,4.969,percent,oecd_activity,2026-04-30,,2026-09-26T14:19:03+00:00,ok,0
oecd_bond_yield,au,nation,2026-05,4.982,percent,oecd_activity,2026-05-31,,2026-09-26T14:19:03+00:00,ok,0
oecd_bond_yield,au,nation,2026-06,4.831,percent,oecd_activity,2026-06-30,,2026-09-26T14:19:03+00:00,ok,0
oecd_bond_yield,au,nation,2026-07,4.919,percent,oecd_activity,2026-07-31,,2026-09-26T14:19:03+00:00,ok,0
oecd_bond_yield,au,nation,2026-08,5.015,percent,oecd_activity,2026-08-31,,2026-09-26T14:19:03+00:00,ok,0
oecd_bond_yield,br,nation,2015-01,5.5,percent,oecd_activity,2015-01-31,,2026-09-26T14:19:03+00:00,ok,0
oecd_bond_yield,br,nation,2015-02,5.5,percent,oecd_activity,2015-02-28,,2026-09-26T14:19:03+00:00,ok,0
oecd_bond_yield,br,nation,2015-03,5.5,percent,oecd_activity,2015-03-31,,2026-09-26T14:19:03+00:00,ok,0
oecd_bond_yield,br,nation,2015-04,6,percent,oecd_activity,2015-04-30,,2026-09-26T14:19:03+00:00,ok,0
oecd_bond_yield,br,nation,2015-05,6,percent,oecd_activity,2015-05-31,,2026-09-26T14:19:03+00:00,ok,0
oecd_bond_yield,br,nation,2015-06,6,percent,oecd_activity,2015-06-30,,2026-09-26T14:19:03+00:00,ok,0
oecd_bond_yield,br,nation,2015-07,6.5,percent,oecd_activity,2015-07-31,,2026-09-26T14:19:03+00:00,ok,0
oecd_bond_yield,br,nation,2015-08,6.5,percent,oecd_activity,2015-08-31,,2026-09-26T14:19:03+00:00,ok,0
oecd_bond_yield,br,nation,2015-09,6.5,percent,oecd_activity,2015-09-30,,2026-09-26T14:19:03+00:00,ok,0
oecd_bond_yield,br,nation,2015-10,7,percent,oecd_activity,2015-10-31,,2026-09-26T14:19:03+00:00,ok,0
oecd_bond_yield,br,nation,2015-11,7,percent,oecd_activity,2015-11-30,,2026-09-26T14:19:03+00:00,ok,0
oecd_bond_yield,br,nation,2015-12,7,percent,oecd_activity,2015-12-31,,2026-09-26T14:19:03+00:00,ok,0
oecd_bond_yield,br,nation,2016-01,7.5,percent,oecd_activity,2016-01-31,,2026-09-26T14:19:03+00:00,ok,0
oecd_bond_yield,br,nation,2016-02,7.5,percent,oecd_activity,2016-02-29,,2026-09-26T14:19:03+00:00,ok,0
oecd_bond_yield,br,nation,2016-03,7.5,percent,oecd_activity,2016-03-31,,2026-09-26T14:19:03+00:00,ok,0
oecd_bond_yield,br,nation,2016-04,7.5,percent,oecd_activity,2016-04-30,,2026-09-26T14:19:03+00:00,ok,0
oecd_bond_yield,br,nation,2016-05,7.5,percent,oecd_activity,2016-05-31,,2026-09-26T14:19:03+00:00,ok,0
oecd_bond_yield,br,nation,2016-06,7.5,percent,oecd_activity,2016-06-30,,2026-09-26T14:19:03+00:00,ok,0
oecd_bond_yield,br,nation,2016-07,7.5,percent,oecd_activity,2016-07-31,,2026-09-26T14:19:03+00:00,ok,0
oecd_bond_yield,br,nation,2016-08,7.5,percent,oecd_activity,2016-08-31,,2026-09-26T14:19:03+00:00,ok,0
oecd_bond_yield,br,nation,2016-09,7.5,percent,oecd_activity,2016-09-30,,2026-09-26T14:19:03+00:00,ok,0
oecd_bond_yield,br,nation,2016-10,7.5,percent,oecd_activity,2016-10-31,,2026-09-26T14:19:03+00:00,ok,0
oecd_bond_yield,br,nation,2016-11,7.5,percent,oecd_activity,2016-11-30,,2026-09-26T14:19:03+00:00,ok,0
oecd_bond_yield,br,nation,2016-12,7.5,percent,oecd_activity,2016-12-31,,2026-09-26T14:19:03+00:00,ok,0
oecd_bond_yield,br,nation,2017-01,7.5,percent,oecd_activity,2017-01-31,,2026-09-26T14:19:03+00:00,ok,0
oecd_bond_yield,br,nation,2017-02,7.5,percent,oecd_activity,2017-02-28,,2026-09-26T14:19:03+00:00,ok,0
oecd_bond_yield,br,nation,2017-03,7.5,percent,oecd_activity,2017-03-31,,2026-09-26T14:19:03+00:00,ok,0
oecd_bond_yield,br,nation,2017-04,7,percent,oecd_activity,2017-04-30,,2026-09-26T14:19:03+00:00,ok,0
oecd_bond_yield,br,nation,2017-05,7,percent,oecd_activity,2017-05-31,,2026-09-26T14:19:03+00:00,ok,0
oecd_bond_yield,br,nation,2017-06,7,percent,oecd_activity,2017-06-30,,2026-09-26T14:19:03+00:00,ok,0
oecd_bond_yield,br,nation,2017-07,7,percent,oecd_activity,2017-07-31,,2026-09-26T14:19:03+00:00,ok,0
oecd_bond_yield,br,nation,2017-08,7,percent,oecd_activity,2017-08-31,,2026-09-26T14:19:03+00:00,ok,0
oecd_bond_yield,br,nation,2017-09,7,percent,oecd_activity,2017-09-30,,2026-09-26T14:19:03+00:00,ok,0
oecd_bond_yield,br,nation,2017-10,7,percent,oecd_activity,2017-10-31,,2026-09-26T14:19:03+00:00,ok,0
oecd_bond_yield,br,nation,2017-11,7,percent,oecd_activity,2017-11-30,,2026-09-26T14:19:03+00:00,ok,0
oecd_bond_yield,br,nation,2017-12,7,percent,oecd_activity,2017-12-31,,2026-09-26T14:19:03+00:00,ok,0
oecd_bond_yield,br,nation,2018-01,6.75,percent,oecd_activity,2018-01-31,,2026-09-26T14:19:03+00:00,ok,0
oecd_bond_yield,br,nation,2018-02,6.75,percent,oecd_activity,2018-02-28,,2026-09-26T14:19:03+00:00,ok,0
oecd_bond_yield,br,nation,2018-03,6.75,percent,oecd_activity,2018-03-31,,2026-09-26T14:19:03+00:00,ok,0
oecd_bond_yield,br,nation,2018-04,6.6,percent,oecd_activity,2018-04-30,,2026-09-26T14:19:03+00:00,ok,0
oecd_bond_yield,br,nation,2018-05,6.6,percent,oecd_activity,2018-05-31,,2026-09-26T14:19:03+00:00,ok,0
oecd_bond_yield,br,nation,2018-06,6.6,percent,oecd_activity,2018-06-30,,2026-09-26T14:19:03+00:00,ok,0
oecd_bond_yield,br,nation,2018-07,6.56,percent,oecd_activity,2018-07-31,,2026-09-26T14:19:03+00:00,ok,0
oecd_bond_yield,br,nation,2018-08,6.56,percent,oecd_activity,2018-08-31,,2026-09-26T14:19:03+00:00,ok,0
oecd_bond_yield,br,nation,2018-09,6.56,percent,oecd_activity,2018-09-30,,2026-09-26T14:19:03+00:00,ok,0
oecd_bond_yield,br,nation,2018-10,6.98,percent,oecd_activity,2018-10-31,,2026-09-26T14:19:03+00:00,ok,0
oecd_bond_yield,br,nation,2018-11,6.98,percent,oecd_activity,2018-11-30,,2026-09-26T14:19:03+00:00,ok,0
oecd_bond_yield,br,nation,2018-12,6.98,percent,oecd_activity,2018-12-31,,2026-09-26T14:19:03+00:00,ok,0
oecd_bond_yield,br,nation,2019-01,7.03,percent,oecd_activity,2019-01-31,,2026-09-26T14:19:03+00:00,ok,0
oecd_bond_yield,br,nation,2019-02,7.03,percent,oecd_activity,2019-02-28,,2026-09-26T14:19:03+00:00,ok,0
oecd_bond_yield,br,nation,2019-03,7.03,percent,oecd_activity,2019-03-31,,2026-09-26T14:19:03+00:00,ok,0
oecd_bond_yield,br,nation,2019-04,6.26,percent,oecd_activity,2019-04-30,,2026-09-26T14:19:03+00:00,ok,0
oecd_bond_yield,br,nation,2019-05,6.26,percent,oecd_activity,2019-05-31,,2026-09-26T14:19:03+00:00,ok,0
oecd_bond_yield,br,nation,2019-06,6.26,percent,oecd_activity,2019-06-30,,2026-09-26T14:19:03+00:00,ok,0
oecd_bond_yield,br,nation,2019-07,5.95,percent,oecd_activity,2019-07-31,,2026-09-26T14:19:03+00:00,ok,0
oecd_bond_yield,br,nation,2019-08,5.95,percent,oecd_activity,2019-08-31,,2026-09-26T14:19:03+00:00,ok,0
oecd_bond_yield,br,nation,2019-09,5.95,percent,oecd_activity,2019-09-30,,2026-09-26T14:19:03+00:00,ok,0
oecd_bond_yield,br,nation,2019-10,5.57,percent,oecd_activity,2019-10-31,,2026-09-26T14:19:03+00:00,ok,0
oecd_bond_yield,br,nation,2019-11,5.57,percent,oecd_activity,2019-11-30,,2026-09-26T14:19:03+00:00,ok,0
oecd_bond_yield,br,nation,2019-12,5.57,percent,oecd_activity,2019-12-31,,2026-09-26T14:19:03+00:00,ok,0
oecd_bond_yield,br,nation,2020-01,5.09,percent,oecd_activity,2020-01-31,,2026-09-26T14:19:03+00:00,ok,0
oecd_bond_yield,br,nation,2020-02,5.09,percent,oecd_activity,2020-02-29,,2026-09-26T14:19:03+00:00,ok,0
oecd_bond_yield,br,nation,2020-03,5.09,percent,oecd_activity,2020-03-31,,2026-09-26T14:19:03+00:00,ok,0
oecd_bond_yield,br,nation,2020-04,4.94,percent,oecd_activity,2020-04-30,,2026-09-26T14:19:03+00:00,ok,0
oecd_bond_yield,br,nation,2020-05,4.94,percent,oecd_activity,2020-05-31,,2026-09-26T14:19:03+00:00,ok,0
oecd_bond_yield,br,nation,2020-06,4.94,percent,oecd_activity,2020-06-30,,2026-09-26T14:19:03+00:00,ok,0
oecd_bond_yield,br,nation,2020-07,4.91,percent,oecd_activity,2020-07-31,,2026-09-26T14:19:03+00:00,ok,0
oecd_bond_yield,br,nation,2020-08,4.91,percent,oecd_activity,2020-08-31,,2026-09-26T14:19:03+00:00,ok,0
oecd_bond_yield,br,nation,2020-09,4.91,percent,oecd_activity,2020-09-30,,2026-09-26T14:19:03+00:00,ok,0
oecd_bond_yield,br,nation,2020-10,4.55,percent,oecd_activity,2020-10-31,,2026-09-26T14:19:03+00:00,ok,0
oecd_bond_yield,br,nation,2020-11,4.55,percent,oecd_activity,2020-11-30,,2026-09-26T14:19:03+00:00,ok,0
oecd_bond_yield,br,nation,2020-12,4.55,percent,oecd_activity,2020-12-31,,2026-09-26T14:19:03+00:00,ok,0
oecd_bond_yield,br,nation,2021-01,4.39,percent,oecd_activity,2021-01-31,,2026-09-26T14:19:03+00:00,ok,0
oecd_bond_yield,br,nation,2021-02,4.39,percent,oecd_activity,2021-02-28,,2026-09-26T14:19:03+00:00,ok,0
oecd_bond_yield,br,nation,2021-03,4.39,percent,oecd_activity,2021-03-31,,2026-09-26T14:19:03+00:00,ok,0
oecd_bond_yield,br,nation,2021-04,4.61,percent,oecd_activity,2021-04-30,,2026-09-26T14:19:03+00:00,ok,0
oecd_bond_yield,br,nation,2021-05,4.61,percent,oecd_activity,2021-05-31,,2026-09-26T14:19:03+00:00,ok,0
oecd_bond_yield,br,nation,2021-06,4.61,percent,oecd_activity,2021-06-30,,2026-09-26T14:19:03+00:00,ok,0
oecd_bond_yield,br,nation,2021-07,4.88,percent,oecd_activity,2021-07-31,,2026-09-26T14:19:03+00:00,ok,0
oecd_bond_yield,br,nation,2021-08,4.88,percent,oecd_activity,2021-08-31,,2026-09-26T14:19:03+00:00,ok,0
oecd_bond_yield,br,nation,2021-09,4.88,percent,oecd_activity,2021-09-30,,2026-09-26T14:19:03+00:00,ok,0
oecd_bond_yield,br,nation,2021-10,5.32,percent,oecd_activity,2021-10-31,,2026-09-26T14:19:03+00:00,ok,0
oecd_bond_yield,br,nation,2021-11,5.32,percent,oecd_activity,2021-11-30,,2026-09-26T14:19:03+00:00,ok,0
oecd_bond_yield,br,nation,2021-12,5.32,percent,oecd_activity,2021-12-31,,2026-09-26T14:19:03+00:00,ok,0
oecd_bond_yield,br,nation,2022-01,6.08,percent,oecd_activity,2022-01-31,,2026-09-26T14:19:03+00:00,ok,0
oecd_bond_yield,br,nation,2022-02,6.08,percent,oecd_activity,2022-02-28,,2026-09-26T14:19:03+00:00,ok,0
oecd_bond_yield,br,nation,2022-03,6.08,percent,oecd_activity,2022-03-31,,2026-09-26T14:19:03+00:00,ok,0
oecd_bond_yield,br,nation,2022-04,6.82,percent,oecd_activity,2022-04-30,,2026-09-26T14:19:03+00:00,ok,0
oecd_bond_yield,br,nation,2022-05,6.82,percent,oecd_activity,2022-05-31,,2026-09-26T14:19:03+00:00,ok,0
oecd_bond_yield,br,nation,2022-06,6.82,percent,oecd_activity,2022-06-30,,2026-09-26T14:19:03+00:00,ok,0
oecd_bond_yield,br,nation,2022-07,7.01,percent,oecd_activity,2022-07-31,,2026-09-26T14:19:03+00:00,ok,0
oecd_bond_yield,br,nation,2022-08,7.01,percent,oecd_activity,2022-08-31,,2026-09-26T14:19:03+00:00,ok,0
oecd_bond_yield,br,nation,2022-09,7.01,percent,oecd_activity,2022-09-30,,2026-09-26T14:19:03+00:00,ok,0
oecd_bond_yield,br,nation,2022-10,7.2,percent,oecd_activity,2022-10-31,,2026-09-26T14:19:03+00:00,ok,0
oecd_bond_yield,br,nation,2022-11,7.2,percent,oecd_activity,2022-11-30,,2026-09-26T14:19:03+00:00,ok,0
oecd_bond_yield,br,nation,2022-12,7.2,percent,oecd_activity,2022-12-31,,2026-09-26T14:19:03+00:00,ok,0
oecd_bond_yield,br,nation,2023-01,7.37,percent,oecd_activity,2023-01-31,,2026-09-26T14:19:03+00:00,ok,0
oecd_bond_yield,br,nation,2023-02,7.37,percent,oecd_activity,2023-02-28,,2026-09-26T14:19:03+00:00,ok,0
oecd_bond_yield,br,nation,2023-03,7.37,percent,oecd_activity,2023-03-31,,2026-09-26T14:19:03+00:00,ok,0
oecd_bond_yield,br,nation,2023-04,7.28,percent,oecd_activity,2023-04-30,,2026-09-26T14:19:03+00:00,ok,0
oecd_bond_yield,br,nation,2023-05,7.28,percent,oecd_activity,2023-05-31,,2026-09-26T14:19:03+00:00,ok,0
oecd_bond_yield,br,nation,2023-06,7.28,percent,oecd_activity,2023-06-30,,2026-09-26T14:19:03+00:00,ok,0
oecd_bond_yield,br,nation,2023-07,7,percent,oecd_activity,2023-07-31,,2026-09-26T14:19:03+00:00,ok,0
oecd_bond_yield,br,nation,2023-08,7,percent,oecd_activity,2023-08-31,,2026-09-26T14:19:03+00:00,ok,0
oecd_bond_yield,br,nation,2023-09,7,percent,oecd_activity,2023-09-30,,2026-09-26T14:19:03+00:00,ok,0
oecd_bond_yield,br,nation,2023-10,6.55,percent,oecd_activity,2023-10-31,,2026-09-26T14:19:03+00:00,ok,0
oecd_bond_yield,br,nation,2023-11,6.55,percent,oecd_activity,2023-11-30,,2026-09-26T14:19:03+00:00,ok,0
oecd_bond_yield,br,nation,2023-12,6.55,percent,oecd_activity,2023-12-31,,2026-09-26T14:19:03+00:00,ok,0
oecd_bond_yield,br,nation,2024-01,6.53,percent,oecd_activity,2024-01-31,,2026-09-26T14:19:03+00:00,ok,0
oecd_bond_yield,br,nation,2024-02,6.53,percent,oecd_activity,2024-02-29,,2026-09-26T14:19:03+00:00,ok,0
oecd_bond_yield,br,nation,2024-03,6.53,percent,oecd_activity,2024-03-31,,2026-09-26T14:19:03+00:00,ok,0
oecd_bond_yield,br,nation,2024-04,6.67,percent,oecd_activity,2024-04-30,,2026-09-26T14:19:03+00:00,ok,0
oecd_bond_yield,br,nation,2024-05,6.67,percent,oecd_activity,2024-05-31,,2026-09-26T14:19:03+00:00,ok,0
oecd_bond_yield,br,nation,2024-06,6.67,percent,oecd_activity,2024-06-30,,2026-09-26T14:19:03+00:00,ok,0
oecd_bond_yield,br,nation,2024-07,6.91,percent,oecd_activity,2024-07-31,,2026-09-26T14:19:03+00:00,ok,0
oecd_bond_yield,br,nation,2024-08,6.91,percent,oecd_activity,2024-08-31,,2026-09-26T14:19:03+00:00,ok,0
oecd_bond_yield,br,nation,2024-09,6.91,percent,oecd_activity,2024-09-30,,2026-09-26T14:19:03+00:00,ok,0
oecd_bond_yield,br,nation,2024-10,7.43,percent,oecd_activity,2024-10-31,,2026-09-26T14:19:03+00:00,ok,0
oecd_bond_yield,br,nation,2024-11,7.43,percent,oecd_activity,2024-11-30,,2026-09-26T14:19:03+00:00,ok,0
oecd_bond_yield,br,nation,2024-12,7.43,percent,oecd_activity,2024-12-31,,2026-09-26T14:19:03+00:00,ok,0
oecd_bond_yield,br,nation,2025-01,7.97,percent,oecd_activity,2025-01-31,,2026-09-26T14:19:03+00:00,ok,0
oecd_bond_yield,br,nation,2025-02,7.97,percent,oecd_activity,2025-02-28,,2026-09-26T14:19:03+00:00,ok,0
oecd_bond_yield,br,nation,2025-03,7.97,percent,oecd_activity,2025-03-31,,2026-09-26T14:19:03+00:00,ok,0
oecd_bond_yield,br,nation,2025-04,8.65,percent,oecd_activity,2025-04-30,,2026-09-26T14:19:03+00:00,ok,0
oecd_bond_yield,br,nation,2025-05,8.65,percent,oecd_activity,2025-05-31,,2026-09-26T14:19:03+00:00,ok,0
oecd_bond_yield,br,nation,2025-06,8.65,percent,oecd_activity,2025-06-30,,2026-09-26T14:19:03+00:00,ok,0
oecd_bond_yield,br,nation,2025-07,8.96,percent,oecd_activity,2025-07-31,,2026-09-26T14:19:03+00:00,ok,0
oecd_bond_yield,br,nation,2025-08,8.96,percent,oecd_activity,2025-08-31,,2026-09-26T14:19:03+00:00,ok,0
oecd_bond_yield,br,nation,2025-09,8.96,percent,oecd_activity,2025-09-30,,2026-09-26T14:19:03+00:00,ok,0
oecd_bond_yield,br,nation,2025-10,9.07,percent,oecd_activity,2025-10-31,,2026-09-26T14:19:03+00:00,ok,0
oecd_bond_yield,br,nation,2025-11,9.07,percent,oecd_activity,2025-11-30,,2026-09-26T14:19:03+00:00,ok,0
oecd_bond_yield,br,nation,2025-12,9.07,percent,oecd_activity,2025-12-31,,2026-09-26T14:19:03+00:00,ok,0
oecd_bond_yield,br,nation,2026-01,9.19,percent,oecd_activity,2026-01-31,,2026-09-26T14:19:03+00:00,ok,0
oecd_bond_yield,br,nation,2026-02,9.19,percent,oecd_activity,2026-02-28,,2026-09-26T14:19:03+00:00,ok,0
oecd_bond_yield,br,nation,2026-03,9.19,percent,oecd_activity,2026-03-31,,2026-09-26T14:19:03+00:00,ok,0
oecd_bond_yield,br,nation,2026-04,9.13,percent,oecd_activity,2026-04-30,,2026-09-26T14:19:03+00:00,ok,0
oecd_bond_yield,br,nation,2026-05,9.13,percent,oecd_activity,2026-05-31,,2026-09-26T14:19:03+00:00,ok,0
oecd_bond_yield,br,nation,2026-06,9.13,percent,oecd_activity,2026-06-30,,2026-09-26T14:19:03+00:00,ok,0
oecd_bond_yield,br,nation,2026-07,9.14,percent,oecd_activity,2026-07-31,,2026-09-26T14:19:03+00:00,ok,0
oecd_bond_yield,br,nation,2026-08,9.14,percent,oecd_activity,2026-08-31,,2026-09-26T14:19:03+00:00,ok,0
oecd_bond_yield,ca,nation,2015-01,1.525714,percent,oecd_activity,2015-01-31,,2026-09-26T14:19:03+00:00,ok,0
oecd_bond_yield,ca,nation,2015-02,1.379474,percent,oecd_activity,2015-02-28,,2026-09-26T14:19:03+00:00,ok,0
oecd_bond_yield,ca,nation,2015-03,1.421364,percent,oecd_activity,2015-03-31,,2026-09-26T14:19:03+00:00,ok,0
oecd_bond_yield,ca,nation,2015-04,1.410952,percent,oecd_activity,2015-04-30,,2026-09-26T14:19:03+00:00,ok,0
oecd_bond_yield,ca,nation,2015-05,1.744,percent,oecd_activity,2015-05-31,,2026-09-26T14:19:03+00:00,ok,0
oecd_bond_yield,ca,nation,2015-06,1.78,percent,oecd_activity,2015-06-30,,2026-09-26T14:19:03+00:00,ok,0
oecd_bond_yield,ca,nation,2015-07,1.569546,percent,oecd_activity,2015-07-31,,2026-09-26T14:19:03+00:00,ok,0
oecd_bond_yield,ca,nation,2015-08,1.3915,percent,oecd_activity,2015-08-31,,2026-09-26T14:19:03+00:00,ok,0
oecd_bond_yield,ca,nation,2015-09,1.481429,percent,oecd_activity,2015-09-30,,2026-09-26T14:19:03+00:00,ok,0
oecd_bond_yield,ca,nation,2015-10,1.463333,percent,oecd_activity,2015-10-31,,2026-09-26T14:19:03+00:00,ok,0
oecd_bond_yield,ca,nation,2015-11,1.6335,percent,oecd_activity,2015-11-30,,2026-09-26T14:19:03+00:00,ok,0
oecd_bond_yield,ca,nation,2015-12,1.459524,percent,oecd_activity,2015-12-31,,2026-09-26T14:19:03+00:00,ok,0
oecd_bond_yield,ca,nation,2016-01,1.258,percent,oecd_activity,2016-01-31,,2026-09-26T14:19:03+00:00,ok,0
oecd_bond_yield,ca,nation,2016-02,1.1245,percent,oecd_activity,2016-02-29,,2026-09-26T14:19:03+00:00,ok,0
oecd_bond_yield,ca,nation,2016-03,1.268182,percent,oecd_activity,2016-03-31,,2026-09-26T14:19:03+00:00,ok,0
oecd_bond_yield,ca,nation,2016-04,1.33619,percent,oecd_activity,2016-04-30,,2026-09-26T14:19:03+00:00,ok,0
oecd_bond_yield,ca,nation,2016-05,1.35,percent,oecd_activity,2016-05-31,,2026-09-26T14:19:03+00:00,ok,0
oecd_bond_yield,ca,nation,2016-06,1.168182,percent,oecd_activity,2016-06-30,,2026-09-26T14:19:03+00:00,ok,0
oecd_bond_yield,ca,nation,2016-07,1.051,percent,oecd_activity,2016-07-31,,2026-09-26T14:19:03+00:00,ok,0
oecd_bond_yield,ca,nation,2016-08,1.042727,percent,oecd_activity,2016-08-31,,2026-09-26T14:19:03+00:00,ok,0
oecd_bond_yield,ca,nation,2016-09,1.08619,percent,oecd_activity,2016-09-30,,2026-09-26T14:19:03+00:00,ok,0
oecd_bond_yield,ca,nation,2016-10,1.1665,percent,oecd_activity,2016-10-31,,2026-09-26T14:19:03+00:00,ok,0
oecd_bond_yield,ca,nation,2016-11,1.437619,percent,oecd_activity,2016-11-30,,2026-09-26T14:19:03+00:00,ok,0
oecd_bond_yield,ca,nation,2016-12,1.732,percent,oecd_activity,2016-12-31,,2026-09-26T14:19:03+00:00,ok,0
oecd_bond_yield,ca,nation,2017-01,1.722381,percent,oecd_activity,2017-01-31,,2026-09-26T14:19:03+00:00,ok,0
oecd_bond_yield,ca,nation,2017-02,1.702105,percent,oecd_activity,2017-02-28,,2026-09-26T14:19:03+00:00,ok,0
oecd_bond_yield,ca,nation,2017-03,1.714348,percent,oecd_activity,2017-03-31,,2026-09-26T14:19:03+00:00,ok,0
oecd_bond_yield,ca,nation,2017-04,1.523158,percent,oecd_activity,2017-04-30,,2026-09-26T14:19:03+00:00,ok,0
oecd_bond_yield,ca,nation,2017-05,1.513182,percent,oecd_activity,2017-05-31,,2026-09-26T14:19:03+00:00,ok,0
oecd_bond_yield,ca,nation,2017-06,1.502727,percent,oecd_activity,2017-06-30,,2026-09-26T14:19:03+00:00,ok,0
oecd_bond_yield,ca,nation,2017-07,1.908,percent,oecd_activity,2017-07-31,,2026-09-26T14:19:03+00:00,ok,0
oecd_bond_yield,ca,nation,2017-08,1.883636,percent,oecd_activity,2017-08-31,,2026-09-26T14:19:03+00:00,ok,0
oecd_bond_yield,ca,nation,2017-09,2.0495,percent,oecd_activity,2017-09-30,,2026-09-26T14:19:03+00:00,ok,0
oecd_bond_yield,ca,nation,2017-10,2.050952,percent,oecd_activity,2017-10-31,,2026-09-26T14:19:03+00:00,ok,0
oecd_bond_yield,ca,nation,2017-11,1.918571,percent,oecd_activity,2017-11-30,,2026-09-26T14:19:03+00:00,ok,0
oecd_bond_yield,ca,nation,2017-12,1.915263,percent,oecd_activity,2017-12-31,,2026-09-26T14:19:03+00:00,ok,0
oecd_bond_yield,ca,nation,2018-01,2.198182,percent,oecd_activity,2018-01-31,,2026-09-26T14:19:03+00:00,ok,0
oecd_bond_yield,ca,nation,2018-02,2.324211,percent,oecd_activity,2018-02-28,,2026-09-26T14:19:03+00:00,ok,0
oecd_bond_yield,ca,nation,2018-03,2.188571,percent,oecd_activity,2018-03-31,,2026-09-26T14:19:03+00:00,ok,0
oecd_bond_yield,ca,nation,2018-04,2.249048,percent,oecd_activity,2018-04-30,,2026-09-26T14:19:03+00:00,ok,0
oecd_bond_yield,ca,nation,2018-05,2.375455,percent,oecd_activity,2018-05-31,,2026-09-26T14:19:03+00:00,ok,0
oecd_bond_yield,ca,nation,2018-06,2.209048,percent,oecd_activity,2018-06-30,,2026-09-26T14:19:03+00:00,ok,0
oecd_bond_yield,ca,nation,2018-07,2.187143,percent,oecd_activity,2018-07-31,,2026-09-26T14:19:03+00:00,ok,0
oecd_bond_yield,ca,nation,2018-08,2.295455,percent,oecd_activity,2018-08-31,,2026-09-26T14:19:03+00:00,ok,0
oecd_bond_yield,ca,nation,2018-09,2.353684,percent,oecd_activity,2018-09-30,,2026-09-26T14:19:03+00:00,ok,0
oecd_bond_yield,ca,nation,2018-10,2.488636,percent,oecd_activity,2018-10-31,,2026-09-26T14:19:03+00:00,ok,0
oecd_bond_yield,ca,nation,2018-11,2.407619,percent,oecd_activity,2018-11-30,,2026-09-26T14:19:03+00:00,ok,0
oecd_bond_yield,ca,nation,2018-12,2.057895,percent,oecd_activity,2018-12-31,,2026-09-26T14:19:03+00:00,ok,0
oecd_bond_yield,ca,nation,2019-01,1.953636,percent,oecd_activity,2019-01-31,,2026-09-26T14:19:03+00:00,ok,0
oecd_bond_yield,ca,nation,2019-02,1.907368,percent,oecd_activity,2019-02-28,,2026-09-26T14:19:03+00:00,ok,0
oecd_bond_yield,ca,nation,2019-03,1.712381,percent,oecd_activity,2019-03-31,,2026-09-26T14:19:03+00:00,ok,0
oecd_bond_yield,ca,nation,2019-04,1.724286,percent,oecd_activity,2019-04-30,,2026-09-26T14:19:03+00:00,ok,0
oecd_bond_yield,ca,nation,2019-05,1.664545,percent,oecd_activity,2019-05-31,,2026-09-26T14:19:03+00:00,ok,0
oecd_bond_yield,ca,nation,2019-06,1.4625,percent,oecd_activity,2019-06-30,,2026-09-26T14:19:03+00:00,ok,0
oecd_bond_yield,ca,nation,2019-07,1.519091,percent,oecd_activity,2019-07-31,,2026-09-26T14:19:03+00:00,ok,0
oecd_bond_yield,ca,nation,2019-08,1.205238,percent,oecd_activity,2019-08-31,,2026-09-26T14:19:03+00:00,ok,0
oecd_bond_yield,ca,nation,2019-09,1.364,percent,oecd_activity,2019-09-30,,2026-09-26T14:19:03+00:00,ok,0
oecd_bond_yield,ca,nation,2019-10,1.449546,percent,oecd_activity,2019-10-31,,2026-09-26T14:19:03+00:00,ok,0
oecd_bond_yield,ca,nation,2019-11,1.4995,percent,oecd_activity,2019-11-30,,2026-09-26T14:19:03+00:00,ok,0
oecd_bond_yield,ca,nation,2019-12,1.6045,percent,oecd_activity,2019-12-31,,2026-09-26T14:19:03+00:00,ok,0
oecd_bond_yield,ca,nation,2020-01,1.492273,percent,oecd_activity,2020-01-31,,2026-09-26T14:19:03+00:00,ok,0
oecd_bond_yield,ca,nation,2020-02,1.294737,percent,oecd_activity,2020-02-29,,2026-09-26T14:19:03+00:00,ok,0
oecd_bond_yield,ca,nation,2020-03,0.819091,percent,oecd_activity,2020-03-31,,2026-09-26T14:19:03+00:00,ok,0
oecd_bond_yield,ca,nation,2020-04,0.657143,percent,oecd_activity,2020-04-30,,2026-09-26T14:19:03+00:00,ok,0
oecd_bond_yield,ca,nation,2020-05,0.551,percent,oecd_activity,2020-05-31,,2026-09-26T14:19:03+00:00,ok,0
oecd_bond_yield,ca,nation,2020-06,0.561364,percent,oecd_activity,2020-06-30,,2026-09-26T14:19:03+00:00,ok,0
oecd_bond_yield,ca,nation,2020-07,0.516364,percent,oecd_activity,2020-07-31,,2026-09-26T14:19:03+00:00,ok,0
oecd_bond_yield,ca,nation,2020-08,0.5635,percent,oecd_activity,2020-08-31,,2026-09-26T14:19:03+00:00,ok,0
oecd_bond_yield,ca,nation,2020-09,0.559524,percent,oecd_activity,2020-09-30,,2026-09-26T14:19:03+00:00,ok,0
oecd_bond_yield,ca,nation,2020-10,0.602857,percent,oecd_activity,2020-10-31,,2026-09-26T14:19:03+00:00,ok,0
oecd_bond_yield,ca,nation,2020-11,0.6885,percent,oecd_activity,2020-11-30,,2026-09-26T14:19:03+00:00,ok,0
oecd_bond_yield,ca,nation,2020-12,0.730952,percent,oecd_activity,2020-12-31,,2026-09-26T14:19:03+00:00,ok,0
oecd_bond_yield,ca,nation,2021-01,0.8055,percent,oecd_activity,2021-01-31,,2026-09-26T14:19:03+00:00,ok,0
oecd_bond_yield,ca,nation,2021-02,1.099474,percent,oecd_activity,2021-02-28,,2026-09-26T14:19:03+00:00,ok,0
oecd_bond_yield,ca,nation,2021-03,1.496522,percent,oecd_activity,2021-03-31,,2026-09-26T14:19:03+00:00,ok,0
oecd_bond_yield,ca,nation,2021-04,1.516191,percent,oecd_activity,2021-04-30,,2026-09-26T14:19:03+00:00,ok,0
oecd_bond_yield,ca,nation,2021-05,1.524,percent,oecd_activity,2021-05-31,,2026-09-26T14:19:03+00:00,ok,0
oecd_bond_yield,ca,nation,2021-06,1.425,percent,oecd_activity,2021-06-30,,2026-09-26T14:19:03+00:00,ok,0
oecd_bond_yield,ca,nation,2021-07,1.251429,percent,oecd_activity,2021-07-31,,2026-09-26T14:19:03+00:00,ok,0
oecd_bond_yield,ca,nation,2021-08,1.191905,percent,oecd_activity,2021-08-31,,2026-09-26T14:19:03+00:00,ok,0
oecd_bond_yield,ca,nation,2021-09,1.263,percent,oecd_activity,2021-09-30,,2026-09-26T14:19:03+00:00,ok,0
oecd_bond_yield,ca,nation,2021-10,1.597,percent,oecd_activity,2021-10-31,,2026-09-26T14:19:03+00:00,ok,0
oecd_bond_yield,ca,nation,2021-11,1.685714,percent,oecd_activity,2021-11-30,,2026-09-26T14:19:03+00:00,ok,0
oecd_bond_yield,ca,nation,2021-12,1.45,percent,oecd_activity,2021-12-31,,2026-09-26T14:19:03+00:00,ok,0
oecd_bond_yield,ca,nation,2022-01,1.759,percent,oecd_activity,2022-01-31,,2026-09-26T14:19:03+00:00,ok,0
oecd_bond_yield,ca,nation,2022-02,1.879474,percent,oecd_activity,2022-02-28,,2026-09-26T14:19:03+00:00,ok,0
oecd_bond_yield,ca,nation,2022-03,2.132174,percent,oecd_activity,2022-03-31,,2026-09-26T14:19:03+00:00,ok,0
oecd_bond_yield,ca,nation,2022-04,2.704,percent,oecd_activity,2022-04-30,,2026-09-26T14:19:03+00:00,ok,0
oecd_bond_yield,ca,nation,2022-05,2.918571,percent,oecd_activity,2022-05-31,,2026-09-26T14:19:03+00:00,ok,0
oecd_bond_yield,ca,nation,2022-06,3.315454,percent,oecd_activity,2022-06-30,,2026-09-26T14:19:03+00:00,ok,0
oecd_bond_yield,ca,nation,2022-07,3.043158,percent,oecd_activity,2022-07-31,,2026-09-26T14:19:03+00:00,ok,0
oecd_bond_yield,ca,nation,2022-08,2.859091,percent,oecd_activity,2022-08-31,,2026-09-26T14:19:03+00:00,ok,0
oecd_bond_yield,ca,nation,2022-09,3.147895,percent,oecd_activity,2022-09-30,,2026-09-26T14:19:03+00:00,ok,0
oecd_bond_yield,ca,nation,2022-10,3.380526,percent,oecd_activity,2022-10-31,,2026-09-26T14:19:03+00:00,ok,0
oecd_bond_yield,ca,nation,2022-11,3.16619,percent,oecd_activity,2022-11-30,,2026-09-26T14:19:03+00:00,ok,0
oecd_bond_yield,ca,nation,2022-12,2.9415,percent,oecd_activity,2022-12-31,,2026-09-26T14:19:03+00:00,ok,0
oecd_bond_yield,ca,nation,2023-01,2.937619,percent,oecd_activity,2023-01-31,,2026-09-26T14:19:03+00:00,ok,0
oecd_bond_yield,ca,nation,2023-02,3.174211,percent,oecd_activity,2023-02-28,,2026-09-26T14:19:03+00:00,ok,0
oecd_bond_yield,ca,nation,2023-03,2.993478,percent,oecd_activity,2023-03-31,,2026-09-26T14:19:03+00:00,ok,0
oecd_bond_yield,ca,nation,2023-04,2.916111,percent,oecd_activity,2023-04-30,,2026-09-26T14:19:03+00:00,ok,0
oecd_bond_yield,ca,nation,2023-05,3.045455,percent,oecd_activity,2023-05-31,,2026-09-26T14:19:03+00:00,ok,0
oecd_bond_yield,ca,nation,2023-06,3.338182,percent,oecd_activity,2023-06-30,,2026-09-26T14:19:03+00:00,ok,0
oecd_bond_yield,ca,nation,2023-07,3.452,percent,oecd_activity,2023-07-31,,2026-09-26T14:19:03+00:00,ok,0
oecd_bond_yield,ca,nation,2023-08,3.654091,percent,oecd_activity,2023-08-31,,2026-09-26T14:19:03+00:00,ok,0
oecd_bond_yield,ca,nation,2023-09,3.816,percent,oecd_activity,2023-09-30,,2026-09-26T14:19:03+00:00,ok,0
oecd_bond_yield,ca,nation,2023-10,4.062,percent,oecd_activity,2023-10-31,,2026-09-26T14:19:03+00:00,ok,0
oecd_bond_yield,ca,nation,2023-11,3.710952,percent,oecd_activity,2023-11-30,,2026-09-26T14:19:03+00:00,ok,0
oecd_bond_yield,ca,nation,2023-12,3.23421,percent,oecd_activity,2023-12-31,,2026-09-26T14:19:03+00:00,ok,0
oecd_bond_yield,ca,nation,2024-01,3.346364,percent,oecd_activity,2024-01-31,,2026-09-26T14:19:03+00:00,ok,0
oecd_bond_yield,ca,nation,2024-02,3.504,percent,oecd_activity,2024-02-29,,2026-09-26T14:19:03+00:00,ok,0
oecd_bond_yield,ca,nation,2024-03,3.444,percent,oecd_activity,2024-03-31,,2026-09-26T14:19:03+00:00,ok,0
oecd_bond_yield,ca,nation,2024-04,3.695909,percent,oecd_activity,2024-04-30,,2026-09-26T14:19:03+00:00,ok,0
oecd_bond_yield,ca,nation,2024-05,3.641818,percent,oecd_activity,2024-05-31,,2026-09-26T14:19:03+00:00,ok,0
oecd_bond_yield,ca,nation,2024-06,3.3915,percent,oecd_activity,2024-06-30,,2026-09-26T14:19:03+00:00,ok,0
oecd_bond_yield,ca,nation,2024-07,3.407727,percent,oecd_activity,2024-07-31,,2026-09-26T14:19:03+00:00,ok,0
oecd_bond_yield,ca,nation,2024-08,3.0715,percent,oecd_activity,2024-08-31,,2026-09-26T14:19:03+00:00,ok,0
oecd_bond_yield,ca,nation,2024-09,2.944444,percent,oecd_activity,2024-09-30,,2026-09-26T14:19:03+00:00,ok,0
oecd_bond_yield,ca,nation,2024-10,3.186364,percent,oecd_activity,2024-10-31,,2026-09-26T14:19:03+00:00,ok,0
oecd_bond_yield,ca,nation,2024-11,3.2785,percent,oecd_activity,2024-11-30,,2026-09-26T14:19:03+00:00,ok,0
oecd_bond_yield,ca,nation,2024-12,3.1615,percent,oecd_activity,2024-12-31,,2026-09-26T14:19:03+00:00,ok,0
oecd_bond_yield,ca,nation,2025-01,3.288636,percent,oecd_activity,2025-01-31,,2026-09-26T14:19:03+00:00,ok,0
oecd_bond_yield,ca,nation,2025-02,3.056316,percent,oecd_activity,2025-02-28,,2026-09-26T14:19:03+00:00,ok,0
oecd_bond_yield,ca,nation,2025-03,3.010476,percent,oecd_activity,2025-03-31,,2026-09-26T14:19:03+00:00,ok,0
oecd_bond_yield,ca,nation,2025-04,3.108572,percent,oecd_activity,2025-04-30,,2026-09-26T14:19:03+00:00,ok,0
oecd_bond_yield,ca,nation,2025-05,3.221429,percent,oecd_activity,2025-05-31,,2026-09-26T14:19:03+00:00,ok,0
oecd_bond_yield,ca,nation,2025-06,3.314,percent,oecd_activity,2025-06-30,,2026-09-26T14:19:03+00:00,ok,0
oecd_bond_yield,ca,nation,2025-07,3.480454,percent,oecd_activity,2025-07-31,,2026-09-26T14:19:03+00:00,ok,0
oecd_bond_yield,ca,nation,2025-08,3.4225,percent,oecd_activity,2025-08-31,,2026-09-26T14:19:03+00:00,ok,0
oecd_bond_yield,ca,nation,2025-09,3.2245,percent,oecd_activity,2025-09-30,,2026-09-26T14:19:03+00:00,ok,0
oecd_bond_yield,ca,nation,2025-10,3.128182,percent,oecd_activity,2025-10-31,,2026-09-26T14:19:03+00:00,ok,0
oecd_bond_yield,ca,nation,2025-11,3.174211,percent,oecd_activity,2025-11-30,,2026-09-26T14:19:03+00:00,ok,0
oecd_bond_yield,ca,nation,2025-12,3.387619,percent,oecd_activity,2025-12-31,,2026-09-26T14:19:03+00:00,ok,0
oecd_bond_yield,ca,nation,2026-01,3.402381,percent,oecd_activity,2026-01-31,,2026-09-26T14:19:03+00:00,ok,0
oecd_bond_yield,ca,nation,2026-02,3.288421,percent,oecd_activity,2026-02-28,,2026-09-26T14:19:03+00:00,ok,0
oecd_bond_yield,ca,nation,2026-03,3.440909,percent,oecd_activity,2026-03-31,,2026-09-26T14:19:03+00:00,ok,0
oecd_bond_yield,ca,nation,2026-04,3.518333,percent,oecd_activity,2026-04-30,,2026-09-26T14:19:03+00:00,ok,0
oecd_bond_yield,ca,nation,2026-05,3.5415,percent,oecd_activity,2026-05-31,,2026-09-26T14:19:03+00:00,ok,0
oecd_bond_yield,ca,nation,2026-06,3.388333,percent,oecd_activity,2026-06-30,,2026-09-26T14:19:03+00:00,ok,0
oecd_bond_yield,ca,nation,2026-07,3.547273,percent,oecd_activity,2026-07-31,,2026-09-26T14:19:03+00:00,ok,0
oecd_bond_yield,ca,nation,2026-08,3.675,percent,oecd_activity,2026-08-31,,2026-09-26T14:19:03+00:00,ok,0
oecd_bond_yield,ch,nation,2015-01,-0.067,percent,oecd_activity,2015-01-31,,2026-09-26T14:19:03+00:00,ok,0
oecd_bond_yield,ch,nation,2015-02,0.015,percent,oecd_activity,2015-02-28,,2026-09-26T14:19:03+00:00,ok,0
oecd_bond_yield,ch,nation,2015-03,-0.001,percent,oecd_activity,2015-03-31,,2026-09-26T14:19:03+00:00,ok,0
oecd_bond_yield,ch,nation,2015-04,0.04,percent,oecd_activity,2015-04-30,,2026-09-26T14:19:03+00:00,ok,0
oecd_bond_yield,ch,nation,2015-05,-0.031,percent,oecd_activity,2015-05-31,,2026-09-26T14:19:03+00:00,ok,0
oecd_bond_yield,ch,nation,2015-06,0.101,percent,oecd_activity,2015-06-30,,2026-09-26T14:19:03+00:00,ok,0
oecd_bond_yield,ch,nation,2015-07,-0.035,percent,oecd_activity,2015-07-31,,2026-09-26T14:19:03+00:00,ok,0
oecd_bond_yield,ch,nation,2015-08,-0.124,percent,oecd_activity,2015-08-31,,2026-09-26T14:19:03+00:00,ok,0
oecd_bond_yield,ch,nation,2015-09,-0.1,percent,oecd_activity,2015-09-30,,2026-09-26T14:19:03+00:00,ok,0
oecd_bond_yield,ch,nation,2015-10,-0.272,percent,oecd_activity,2015-10-31,,2026-09-26T14:19:03+00:00,ok,0
oecd_bond_yield,ch,nation,2015-11,-0.311,percent,oecd_activity,2015-11-30,,2026-09-26T14:19:03+00:00,ok,0
oecd_bond_yield,ch,nation,2015-12,-0.039,percent,oecd_activity,2015-12-31,,2026-09-26T14:19:03+00:00,ok,0
oecd_bond_yield,ch,nation,2016-01,-0.299,percent,oecd_activity,2016-01-31,,2026-09-26T14:19:03+00:00,ok,0
oecd_bond_yield,ch,nation,2016-02,-0.453,percent,oecd_activity,2016-02-29,,2026-09-26T14:19:03+00:00,ok,0
oecd_bond_yield,ch,nation,2016-03,-0.387,percent,oecd_activity,2016-03-31,,2026-09-26T14:19:03+00:00,ok,0
oecd_bond_yield,ch,nation,2016-04,-0.245,percent,oecd_activity,2016-04-30,,2026-09-26T14:19:03+00:00,ok,0
oecd_bond_yield,ch,nation,2016-05,-0.298,percent,oecd_activity,2016-05-31,,2026-09-26T14:19:03+00:00,ok,0
oecd_bond_yield,ch,nation,2016-06,-0.508,percent,oecd_activity,2016-06-30,,2026-09-26T14:19:03+00:00,ok,0
oecd_bond_yield,ch,nation,2016-07,-0.543,percent,oecd_activity,2016-07-31,,2026-09-26T14:19:03+00:00,ok,0
oecd_bond_yield,ch,nation,2016-08,-0.462,percent,oecd_activity,2016-08-31,,2026-09-26T14:19:03+00:00,ok,0
oecd_bond_yield,ch,nation,2016-09,-0.522,percent,oecd_activity,2016-09-30,,2026-09-26T14:19:03+00:00,ok,0
oecd_bond_yield,ch,nation,2016-10,-0.362,percent,oecd_activity,2016-10-31,,2026-09-26T14:19:03+00:00,ok,0
oecd_bond_yield,ch,nation,2016-11,-0.13,percent,oecd_activity,2016-11-30,,2026-09-26T14:19:03+00:00,ok,0
oecd_bond_yield,ch,nation,2016-12,-0.135,percent,oecd_activity,2016-12-31,,2026-09-26T14:19:03+00:00,ok,0
oecd_bond_yield,ch,nation,2017-01,-0.072,percent,oecd_activity,2017-01-31,,2026-09-26T14:19:03+00:00,ok,0
oecd_bond_yield,ch,nation,2017-02,-0.213,percent,oecd_activity,2017-02-28,,2026-09-26T14:19:03+00:00,ok,0
oecd_bond_yield,ch,nation,2017-03,-0.1,percent,oecd_activity,2017-03-31,,2026-09-26T14:19:03+00:00,ok,0
oecd_bond_yield,ch,nation,2017-04,-0.096,percent,oecd_activity,2017-04-30,,2026-09-26T14:19:03+00:00,ok,0
oecd_bond_yield,ch,nation,2017-05,-0.145,percent,oecd_activity,2017-05-31,,2026-09-26T14:19:03+00:00,ok,0
oecd_bond_yield,ch,nation,2017-06,-0.025,percent,oecd_activity,2017-06-30,,2026-09-26T14:19:03+00:00,ok,0
oecd_bond_yield,ch,nation,2017-07,0.06,percent,oecd_activity,2017-07-31,,2026-09-26T14:19:03+00:00,ok,0
oecd_bond_yield,ch,nation,2017-08,-0.114,percent,oecd_activity,2017-08-31,,2026-09-26T14:19:03+00:00,ok,0
oecd_bond_yield,ch,nation,2017-09,0.017,percent,oecd_activity,2017-09-30,,2026-09-26T14:19:03+00:00,ok,0
oecd_bond_yield,ch,nation,2017-10,-0.029,percent,oecd_activity,2017-10-31,,2026-09-26T14:19:03+00:00,ok,0
oecd_bond_yield,ch,nation,2017-11,-0.053,percent,oecd_activity,2017-11-30,,2026-09-26T14:19:03+00:00,ok,0
oecd_bond_yield,ch,nation,2017-12,-0.095,percent,oecd_activity,2017-12-31,,2026-09-26T14:19:03+00:00,ok,0
oecd_bond_yield,ch,nation,2018-01,0.103,percent,oecd_activity,2018-01-31,,2026-09-26T14:19:03+00:00,ok,0
oecd_bond_yield,ch,nation,2018-02,0.116,percent,oecd_activity,2018-02-28,,2026-09-26T14:19:03+00:00,ok,0
oecd_bond_yield,ch,nation,2018-03,0.054,percent,oecd_activity,2018-03-31,,2026-09-26T14:19:03+00:00,ok,0
oecd_bond_yield,ch,nation,2018-04,0.12,percent,oecd_activity,2018-04-30,,2026-09-26T14:19:03+00:00,ok,0
oecd_bond_yield,ch,nation,2018-05,-0.008,percent,oecd_activity,2018-05-31,,2026-09-26T14:19:03+00:00,ok,0
oecd_bond_yield,ch,nation,2018-06,-0.012,percent,oecd_activity,2018-06-30,,2026-09-26T14:19:03+00:00,ok,0
oecd_bond_yield,ch,nation,2018-07,0.042,percent,oecd_activity,2018-07-31,,2026-09-26T14:19:03+00:00,ok,0
oecd_bond_yield,ch,nation,2018-08,-0.032,percent,oecd_activity,2018-08-31,,2026-09-26T14:19:03+00:00,ok,0
oecd_bond_yield,ch,nation,2018-09,0.113,percent,oecd_activity,2018-09-30,,2026-09-26T14:19:03+00:00,ok,0
oecd_bond_yield,ch,nation,2018-10,0.071,percent,oecd_activity,2018-10-31,,2026-09-26T14:19:03+00:00,ok,0
oecd_bond_yield,ch,nation,2018-11,-0.015,percent,oecd_activity,2018-11-30,,2026-09-26T14:19:03+00:00,ok,0
oecd_bond_yield,ch,nation,2018-12,-0.154,percent,oecd_activity,2018-12-31,,2026-09-26T14:19:03+00:00,ok,0
oecd_bond_yield,ch,nation,2019-01,-0.21,percent,oecd_activity,2019-01-31,,2026-09-26T14:19:03+00:00,ok,0
oecd_bond_yield,ch,nation,2019-02,-0.236,percent,oecd_activity,2019-02-28,,2026-09-26T14:19:03+00:00,ok,0
oecd_bond_yield,ch,nation,2019-03,-0.352,percent,oecd_activity,2019-03-31,,2026-09-26T14:19:03+00:00,ok,0
oecd_bond_yield,ch,nation,2019-04,-0.267,percent,oecd_activity,2019-04-30,,2026-09-26T14:19:03+00:00,ok,0
oecd_bond_yield,ch,nation,2019-05,-0.445,percent,oecd_activity,2019-05-31,,2026-09-26T14:19:03+00:00,ok,0
oecd_bond_yield,ch,nation,2019-06,-0.482,percent,oecd_activity,2019-06-30,,2026-09-26T14:19:03+00:00,ok,0
oecd_bond_yield,ch,nation,2019-07,-0.654,percent,oecd_activity,2019-07-31,,2026-09-26T14:19:03+00:00,ok,0
oecd_bond_yield,ch,nation,2019-08,-0.975,percent,oecd_activity,2019-08-31,,2026-09-26T14:19:03+00:00,ok,0
oecd_bond_yield,ch,nation,2019-09,-0.7,percent,oecd_activity,2019-09-30,,2026-09-26T14:19:03+00:00,ok,0
oecd_bond_yield,ch,nation,2019-10,-0.511,percent,oecd_activity,2019-10-31,,2026-09-26T14:19:03+00:00,ok,0
oecd_bond_yield,ch,nation,2019-11,-0.58,percent,oecd_activity,2019-11-30,,2026-09-26T14:19:03+00:00,ok,0
oecd_bond_yield,ch,nation,2019-12,-0.456,percent,oecd_activity,2019-12-31,,2026-09-26T14:19:03+00:00,ok,0
oecd_bond_yield,ch,nation,2020-01,-0.698,percent,oecd_activity,2020-01-31,,2026-09-26T14:19:03+00:00,ok,0
oecd_bond_yield,ch,nation,2020-02,-0.832,percent,oecd_activity,2020-02-29,,2026-09-26T14:19:03+00:00,ok,0
oecd_bond_yield,ch,nation,2020-03,-0.368,percent,oecd_activity,2020-03-31,,2026-09-26T14:19:03+00:00,ok,0
oecd_bond_yield,ch,nation,2020-04,-0.487,percent,oecd_activity,2020-04-30,,2026-09-26T14:19:03+00:00,ok,0
oecd_bond_yield,ch,nation,2020-05,-0.471,percent,oecd_activity,2020-05-31,,2026-09-26T14:19:03+00:00,ok,0
oecd_bond_yield,ch,nation,2020-06,-0.439,percent,oecd_activity,2020-06-30,,2026-09-26T14:19:03+00:00,ok,0
oecd_bond_yield,ch,nation,2020-07,-0.529,percent,oecd_activity,2020-07-31,,2026-09-26T14:19:03+00:00,ok,0
oecd_bond_yield,ch,nation,2020-08,-0.41,percent,oecd_activity,2020-08-31,,2026-09-26T14:19:03+00:00,ok,0
oecd_bond_yield,ch,nation,2020-09,-0.5,percent,oecd_activity,2020-09-30,,2026-09-26T14:19:03+00:00,ok,0
oecd_bond_yield,ch,nation,2020-10,-0.518,percent,oecd_activity,2020-10-31,,2026-09-26T14:19:03+00:00,ok,0
oecd_bond_yield,ch,nation,2020-11,-0.509,percent,oecd_activity,2020-11-30,,2026-09-26T14:19:03+00:00,ok,0
oecd_bond_yield,ch,nation,2020-12,-0.525,percent,oecd_activity,2020-12-31,,2026-09-26T14:19:03+00:00,ok,0
oecd_bond_yield,ch,nation,2021-01,-0.454,percent,oecd_activity,2021-01-31,,2026-09-26T14:19:03+00:00,ok,0
oecd_bond_yield,ch,nation,2021-02,-0.229,percent,oecd_activity,2021-02-28,,2026-09-26T14:19:03+00:00,ok,0
oecd_bond_yield,ch,nation,2021-03,-0.267,percent,oecd_activity,2021-03-31,,2026-09-26T14:19:03+00:00,ok,0
oecd_bond_yield,ch,nation,2021-04,-0.21,percent,oecd_activity,2021-04-30,,2026-09-26T14:19:03+00:00,ok,0
oecd_bond_yield,ch,nation,2021-05,-0.134,percent,oecd_activity,2021-05-31,,2026-09-26T14:19:03+00:00,ok,0
oecd_bond_yield,ch,nation,2021-06,-0.2,percent,oecd_activity,2021-06-30,,2026-09-26T14:19:03+00:00,ok,0
oecd_bond_yield,ch,nation,2021-07,-0.373,percent,oecd_activity,2021-07-31,,2026-09-26T14:19:03+00:00,ok,0
oecd_bond_yield,ch,nation,2021-08,-0.347,percent,oecd_activity,2021-08-31,,2026-09-26T14:19:03+00:00,ok,0
oecd_bond_yield,ch,nation,2021-09,-0.166,percent,oecd_activity,2021-09-30,,2026-09-26T14:19:03+00:00,ok,0
oecd_bond_yield,ch,nation,2021-10,-0.046,percent,oecd_activity,2021-10-31,,2026-09-26T14:19:03+00:00,ok,0
oecd_bond_yield,ch,nation,2021-11,-0.234,percent,oecd_activity,2021-11-30,,2026-09-26T14:19:03+00:00,ok,0
oecd_bond_yield,ch,nation,2021-12,-0.127,percent,oecd_activity,2021-12-31,,2026-09-26T14:19:03+00:00,ok,0
oecd_bond_yield,ch,nation,2022-01,0.045,percent,oecd_activity,2022-01-31,,2026-09-26T14:19:03+00:00,ok,0
oecd_bond_yield,ch,nation,2022-02,0.263,percent,oecd_activity,2022-02-28,,2026-09-26T14:19:03+00:00,ok,0
oecd_bond_yield,ch,nation,2022-03,0.677,percent,oecd_activity,2022-03-31,,2026-09-26T14:19:03+00:00,ok,0
oecd_bond_yield,ch,nation,2022-04,0.824,percent,oecd_activity,2022-04-30,,2026-09-26T14:19:03+00:00,ok,0
oecd_bond_yield,ch,nation,2022-05,0.779,percent,oecd_activity,2022-05-31,,2026-09-26T14:19:03+00:00,ok,0
oecd_bond_yield,ch,nation,2022-06,1.149,percent,oecd_activity,2022-06-30,,2026-09-26T14:19:03+00:00,ok,0
oecd_bond_yield,ch,nation,2022-07,0.52,percent,oecd_activity,2022-07-31,,2026-09-26T14:19:03+00:00,ok,0
oecd_bond_yield,ch,nation,2022-08,0.786,percent,oecd_activity,2022-08-31,,2026-09-26T14:19:03+00:00,ok,0
oecd_bond_yield,ch,nation,2022-09,1.163,percent,oecd_activity,2022-09-30,,2026-09-26T14:19:03+00:00,ok,0
oecd_bond_yield,ch,nation,2022-10,1.12,percent,oecd_activity,2022-10-31,,2026-09-26T14:19:03+00:00,ok,0
oecd_bond_yield,ch,nation,2022-11,1.055,percent,oecd_activity,2022-11-30,,2026-09-26T14:19:03+00:00,ok,0
oecd_bond_yield,ch,nation,2022-12,1.565,percent,oecd_activity,2022-12-31,,2026-09-26T14:19:03+00:00,ok,0
oecd_bond_yield,ch,nation,2023-01,1.257,percent,oecd_activity,2023-01-31,,2026-09-26T14:19:03+00:00,ok,0
oecd_bond_yield,ch,nation,2023-02,1.446,percent,oecd_activity,2023-02-28,,2026-09-26T14:19:03+00:00,ok,0
oecd_bond_yield,ch,nation,2023-03,1.227,percent,oecd_activity,2023-03-31,,2026-09-26T14:19:03+00:00,ok,0
oecd_bond_yield,ch,nation,2023-04,1.08,percent,oecd_activity,2023-04-30,,2026-09-26T14:19:03+00:00,ok,0
oecd_bond_yield,ch,nation,2023-05,0.848,percent,oecd_activity,2023-05-31,,2026-09-26T14:19:03+00:00,ok,0
oecd_bond_yield,ch,nation,2023-06,0.966,percent,oecd_activity,2023-06-30,,2026-09-26T14:19:03+00:00,ok,0
oecd_bond_yield,ch,nation,2023-07,0.979,percent,oecd_activity,2023-07-31,,2026-09-26T14:19:03+00:00,ok,0
oecd_bond_yield,ch,nation,2023-08,0.952,percent,oecd_activity,2023-08-31,,2026-09-26T14:19:03+00:00,ok,0
oecd_bond_yield,ch,nation,2023-09,1.087,percent,oecd_activity,2023-09-30,,2026-09-26T14:19:03+00:00,ok,0
oecd_bond_yield,ch,nation,2023-10,1.046,percent,oecd_activity,2023-10-31,,2026-09-26T14:19:03+00:00,ok,0
oecd_bond_yield,ch,nation,2023-11,0.822,percent,oecd_activity,2023-11-30,,2026-09-26T14:19:03+00:00,ok,0
oecd_bond_yield,ch,nation,2023-12,0.656,percent,oecd_activity,2023-12-31,,2026-09-26T14:19:03+00:00,ok,0
oecd_bond_yield,ch,nation,2024-01,0.83,percent,oecd_activity,2024-01-31,,2026-09-26T14:19:03+00:00,ok,0
oecd_bond_yield,ch,nation,2024-02,0.828,percent,oecd_activity,2024-02-29,,2026-09-26T14:19:03+00:00,ok,0
oecd_bond_yield,ch,nation,2024-03,0.639,percent,oecd_activity,2024-03-31,,2026-09-26T14:19:03+00:00,ok,0
oecd_bond_yield,ch,nation,2024-04,0.693,percent,oecd_activity,2024-04-30,,2026-09-26T14:19:03+00:00,ok,0
oecd_bond_yield,ch,nation,2024-05,0.915,percent,oecd_activity,2024-05-31,,2026-09-26T14:19:03+00:00,ok,0
oecd_bond_yield,ch,nation,2024-06,0.559,percent,oecd_activity,2024-06-30,,2026-09-26T14:19:03+00:00,ok,0
oecd_bond_yield,ch,nation,2024-07,0.45,percent,oecd_activity,2024-07-31,,2026-09-26T14:19:03+00:00,ok,0
oecd_bond_yield,ch,nation,2024-08,0.451,percent,oecd_activity,2024-08-31,,2026-09-26T14:19:03+00:00,ok,0
oecd_bond_yield,ch,nation,2024-09,0.41,percent,oecd_activity,2024-09-30,,2026-09-26T14:19:03+00:00,ok,0
oecd_bond_yield,ch,nation,2024-10,0.451,percent,oecd_activity,2024-10-31,,2026-09-26T14:19:03+00:00,ok,0
oecd_bond_yield,ch,nation,2024-11,0.289,percent,oecd_activity,2024-11-30,,2026-09-26T14:19:03+00:00,ok,0
oecd_bond_yield,ch,nation,2024-12,0.317,percent,oecd_activity,2024-12-31,,2026-09-26T14:19:03+00:00,ok,0
oecd_bond_yield,ch,nation,2025-01,0.383,percent,oecd_activity,2025-01-31,,2026-09-26T14:19:03+00:00,ok,0
oecd_bond_yield,ch,nation,2025-02,0.396,percent,oecd_activity,2025-02-28,,2026-09-26T14:19:03+00:00,ok,0
oecd_bond_yield,ch,nation,2025-03,0.514,percent,oecd_activity,2025-03-31,,2026-09-26T14:19:03+00:00,ok,0
oecd_bond_yield,ch,nation,2025-04,0.326,percent,oecd_activity,2025-04-30,,2026-09-26T14:19:03+00:00,ok,0
oecd_bond_yield,ch,nation,2025-05,0.259,percent,oecd_activity,2025-05-31,,2026-09-26T14:19:03+00:00,ok,0
oecd_bond_yield,ch,nation,2025-06,0.41,percent,oecd_activity,2025-06-30,,2026-09-26T14:19:03+00:00,ok,0
oecd_bond_yield,ch,nation,2025-07,0.378,percent,oecd_activity,2025-07-31,,2026-09-26T14:19:03+00:00,ok,0
oecd_bond_yield,ch,nation,2025-08,0.32,percent,oecd_activity,2025-08-31,,2026-09-26T14:19:03+00:00,ok,0
oecd_bond_yield,ch,nation,2025-09,0.2,percent,oecd_activity,2025-09-30,,2026-09-26T14:19:03+00:00,ok,0
oecd_bond_yield,ch,nation,2025-10,0.18,percent,oecd_activity,2025-10-31,,2026-09-26T14:19:03+00:00,ok,0
oecd_bond_yield,ch,nation,2025-11,0.19,percent,oecd_activity,2025-11-30,,2026-09-26T14:19:03+00:00,ok,0
oecd_bond_yield,ch,nation,2025-12,0.33,percent,oecd_activity,2025-12-31,,2026-09-26T14:19:03+00:00,ok,0
oecd_bond_yield,ch,nation,2026-01,0.27,percent,oecd_activity,2026-01-31,,2026-09-26T14:19:03+00:00,ok,0
oecd_bond_yield,ch,nation,2026-02,0.25,percent,oecd_activity,2026-02-28,,2026-09-26T14:19:03+00:00,ok,0
oecd_bond_yield,ch,nation,2026-03,0.4,percent,oecd_activity,2026-03-31,,2026-09-26T14:19:03+00:00,ok,0
oecd_bond_yield,ch,nation,2026-04,0.45,percent,oecd_activity,2026-04-30,,2026-09-26T14:19:03+00:00,ok,0
oecd_bond_yield,ch,nation,2026-05,0.44,percent,oecd_activity,2026-05-31,,2026-09-26T14:19:03+00:00,ok,0
oecd_bond_yield,ch,nation,2026-06,0.31,percent,oecd_activity,2026-06-30,,2026-09-26T14:19:03+00:00,ok,0
oecd_bond_yield,ch,nation,2026-07,0.48,percent,oecd_activity,2026-07-31,,2026-09-26T14:19:03+00:00,ok,0
oecd_bond_yield,ch,nation,2026-08,0.47,percent,oecd_activity,2026-08-31,,2026-09-26T14:19:03+00:00,ok,0
oecd_bond_yield,cn,nation,2015-01,3.4966,percent,oecd_activity,2015-01-31,,2026-09-26T14:19:03+00:00,ok,0
oecd_bond_yield,cn,nation,2015-02,3.3602,percent,oecd_activity,2015-02-28,,2026-09-26T14:19:03+00:00,ok,0
oecd_bond_yield,cn,nation,2015-03,3.6483,percent,oecd_activity,2015-03-31,,2026-09-26T14:19:03+00:00,ok,0
oecd_bond_yield,cn,nation,2015-04,3.3503,percent,oecd_activity,2015-04-30,,2026-09-26T14:19:03+00:00,ok,0
oecd_bond_yield,cn,nation,2015-05,3.5954,percent,oecd_activity,2015-05-31,,2026-09-26T14:19:03+00:00,ok,0
oecd_bond_yield,cn,nation,2015-06,3.5976,percent,oecd_activity,2015-06-30,,2026-09-26T14:19:03+00:00,ok,0
oecd_bond_yield,cn,nation,2015-07,3.4752,percent,oecd_activity,2015-07-31,,2026-09-26T14:19:03+00:00,ok,0
oecd_bond_yield,cn,nation,2015-08,3.3252,percent,oecd_activity,2015-08-31,,2026-09-26T14:19:03+00:00,ok,0
oecd_bond_yield,cn,nation,2015-09,3.2362,percent,oecd_activity,2015-09-30,,2026-09-26T14:19:03+00:00,ok,0
oecd_bond_yield,cn,nation,2015-10,3.06,percent,oecd_activity,2015-10-31,,2026-09-26T14:19:03+00:00,ok,0
oecd_bond_yield,cn,nation,2015-11,3.0404,percent,oecd_activity,2015-11-30,,2026-09-26T14:19:03+00:00,ok,0
oecd_bond_yield,cn,nation,2015-12,2.8212,percent,oecd_activity,2015-12-31,,2026-09-26T14:19:03+00:00,ok,0
oecd_bond_yield,cn,nation,2016-01,2.8419,percent,oecd_activity,2016-01-31,,2026-09-26T14:19:03+00:00,ok,0
oecd_bond_yield,cn,nation,2016-02,2.8502,percent,oecd_activity,2016-02-29,,2026-09-26T14:19:03+00:00,ok,0
oecd_bond_yield,cn,nation,2016-03,2.8419,percent,oecd_activity,2016-03-31,,2026-09-26T14:19:03+00:00,ok,0
oecd_bond_yield,cn,nation,2016-04,2.8913,percent,oecd_activity,2016-04-30,,2026-09-26T14:19:03+00:00,ok,0
oecd_bond_yield,cn,nation,2016-05,2.9851,percent,oecd_activity,2016-05-31,,2026-09-26T14:19:03+00:00,ok,0
oecd_bond_yield,cn,nation,2016-06,2.8411,percent,oecd_activity,2016-06-30,,2026-09-26T14:19:03+00:00,ok,0
oecd_bond_yield,cn,nation,2016-07,2.7768,percent,oecd_activity,2016-07-31,,2026-09-26T14:19:03+00:00,ok,0
oecd_bond_yield,cn,nation,2016-08,2.7425,percent,oecd_activity,2016-08-31,,2026-09-26T14:19:03+00:00,ok,0
oecd_bond_yield,cn,nation,2016-09,2.7258,percent,oecd_activity,2016-09-30,,2026-09-26T14:19:03+00:00,ok,0
oecd_bond_yield,cn,nation,2016-10,2.7425,percent,oecd_activity,2016-10-31,,2026-09-26T14:19:03+00:00,ok,0
oecd_bond_yield,cn,nation,2016-11,2.9502,percent,oecd_activity,2016-11-30,,2026-09-26T14:19:03+00:00,ok,0
oecd_bond_yield,cn,nation,2016-12,3.0115,percent,oecd_activity,2016-12-31,,2026-09-26T14:19:03+00:00,ok,0
oecd_bond_yield,cn,nation,2017-01,3.35,percent,oecd_activity,2017-01-31,,2026-09-26T14:19:03+00:00,ok,0
oecd_bond_yield,cn,nation,2017-02,3.29,percent,oecd_activity,2017-02-28,,2026-09-26T14:19:03+00:00,ok,0
oecd_bond_yield,cn,nation,2017-03,3.28,percent,oecd_activity,2017-03-31,,2026-09-26T14:19:03+00:00,ok,0
oecd_bond_yield,cn,nation,2017-04,3.47,percent,oecd_activity,2017-04-30,,2026-09-26T14:19:03+00:00,ok,0
oecd_bond_yield,cn,nation,2017-05,3.61,percent,oecd_activity,2017-05-31,,2026-09-26T14:19:03+00:00,ok,0
oecd_bond_yield,cn,nation,2017-06,3.57,percent,oecd_activity,2017-06-30,,2026-09-26T14:19:03+00:00,ok,0
oecd_bond_yield,cn,nation,2017-07,3.63,percent,oecd_activity,2017-07-31,,2026-09-26T14:19:03+00:00,ok,0
oecd_bond_yield,cn,nation,2017-08,3.63,percent,oecd_activity,2017-08-31,,2026-09-26T14:19:03+00:00,ok,0
oecd_bond_yield,cn,nation,2017-09,3.61,percent,oecd_activity,2017-09-30,,2026-09-26T14:19:03+00:00,ok,0
oecd_bond_yield,cn,nation,2017-10,3.89,percent,oecd_activity,2017-10-31,,2026-09-26T14:19:03+00:00,ok,0
oecd_bond_yield,cn,nation,2017-11,3.89,percent,oecd_activity,2017-11-30,,2026-09-26T14:19:03+00:00,ok,0
oecd_bond_yield,cn,nation,2017-12,3.88,percent,oecd_activity,2017-12-31,,2026-09-26T14:19:03+00:00,ok,0
oecd_bond_yield,cn,nation,2018-01,3.91,percent,oecd_activity,2018-01-31,,2026-09-26T14:19:03+00:00,ok,0
oecd_bond_yield,cn,nation,2018-02,3.82,percent,oecd_activity,2018-02-28,,2026-09-26T14:19:03+00:00,ok,0
oecd_bond_yield,cn,nation,2018-03,3.74,percent,oecd_activity,2018-03-31,,2026-09-26T14:19:03+00:00,ok,0
oecd_bond_yield,cn,nation,2018-04,3.62,percent,oecd_activity,2018-04-30,,2026-09-26T14:19:03+00:00,ok,0
oecd_bond_yield,cn,nation,2018-05,3.61,percent,oecd_activity,2018-05-31,,2026-09-26T14:19:03+00:00,ok,0
oecd_bond_yield,cn,nation,2018-06,3.48,percent,oecd_activity,2018-06-30,,2026-09-26T14:19:03+00:00,ok,0
oecd_bond_yield,cn,nation,2018-07,3.48,percent,oecd_activity,2018-07-31,,2026-09-26T14:19:03+00:00,ok,0
oecd_bond_yield,cn,nation,2018-08,3.58,percent,oecd_activity,2018-08-31,,2026-09-26T14:19:03+00:00,ok,0
oecd_bond_yield,cn,nation,2018-09,3.61,percent,oecd_activity,2018-09-30,,2026-09-26T14:19:03+00:00,ok,0
oecd_bond_yield,cn,nation,2018-10,3.51,percent,oecd_activity,2018-10-31,,2026-09-26T14:19:03+00:00,ok,0
oecd_bond_yield,cn,nation,2018-11,3.36,percent,oecd_activity,2018-11-30,,2026-09-26T14:19:03+00:00,ok,0
oecd_bond_yield,cn,nation,2018-12,3.23,percent,oecd_activity,2018-12-31,,2026-09-26T14:19:03+00:00,ok,0
oecd_bond_yield,cn,nation,2019-01,3.1037,percent,oecd_activity,2019-01-31,,2026-09-26T14:19:03+00:00,ok,0
oecd_bond_yield,cn,nation,2019-02,3.1731,percent,oecd_activity,2019-02-28,,2026-09-26T14:19:03+00:00,ok,0
oecd_bond_yield,cn,nation,2019-03,3.0683,percent,oecd_activity,2019-03-31,,2026-09-26T14:19:03+00:00,ok,0
oecd_bond_yield,cn,nation,2019-04,3.3869,percent,oecd_activity,2019-04-30,,2026-09-26T14:19:03+00:00,ok,0
oecd_bond_yield,cn,nation,2019-05,3.2751,percent,oecd_activity,2019-05-31,,2026-09-26T14:19:03+00:00,ok,0
oecd_bond_yield,cn,nation,2019-06,3.2254,percent,oecd_activity,2019-06-30,,2026-09-26T14:19:03+00:00,ok,0
oecd_bond_yield,cn,nation,2019-07,3.1552,percent,oecd_activity,2019-07-31,,2026-09-26T14:19:03+00:00,ok,0
oecd_bond_yield,cn,nation,2019-08,3.0573,percent,oecd_activity,2019-08-31,,2026-09-26T14:19:03+00:00,ok,0
oecd_bond_yield,cn,nation,2019-09,3.1411,percent,oecd_activity,2019-09-30,,2026-09-26T14:19:03+00:00,ok,0
oecd_bond_yield,cn,nation,2019-10,3.288,percent,oecd_activity,2019-10-31,,2026-09-26T14:19:03+00:00,ok,0
oecd_bond_yield,cn,nation,2019-11,3.165,percent,oecd_activity,2019-11-30,,2026-09-26T14:19:03+00:00,ok,0
oecd_bond_yield,cn,nation,2019-12,3.1365,percent,oecd_activity,2019-12-31,,2026-09-26T14:19:03+00:00,ok,0
oecd_bond_yield,cn,nation,2020-01,2.9932,percent,oecd_activity,2020-01-31,,2026-09-26T14:19:03+00:00,ok,0
oecd_bond_yield,cn,nation,2020-02,2.7376,percent,oecd_activity,2020-02-29,,2026-09-26T14:19:03+00:00,ok,0
oecd_bond_yield,cn,nation,2020-03,2.5899,percent,oecd_activity,2020-03-31,,2026-09-26T14:19:03+00:00,ok,0
oecd_bond_yield,cn,nation,2020-04,2.538,percent,oecd_activity,2020-04-30,,2026-09-26T14:19:03+00:00,ok,0
oecd_bond_yield,cn,nation,2020-05,2.7053,percent,oecd_activity,2020-05-31,,2026-09-26T14:19:03+00:00,ok,0
oecd_bond_yield,cn,nation,2020-06,2.823,percent,oecd_activity,2020-06-30,,2026-09-26T14:19:03+00:00,ok,0
oecd_bond_yield,cn,nation,2020-07,2.9664,percent,oecd_activity,2020-07-31,,2026-09-26T14:19:03+00:00,ok,0
oecd_bond_yield,cn,nation,2020-08,3.0177,percent,oecd_activity,2020-08-31,,2026-09-26T14:19:03+00:00,ok,0
oecd_bond_yield,cn,nation,2020-09,3.1482,percent,oecd_activity,2020-09-30,,2026-09-26T14:19:03+00:00,ok,0
oecd_bond_yield,cn,nation,2020-10,3.181,percent,oecd_activity,2020-10-31,,2026-09-26T14:19:03+00:00,ok,0
oecd_bond_yield,cn,nation,2020-11,3.25,percent,oecd_activity,2020-11-30,,2026-09-26T14:19:03+00:00,ok,0
oecd_bond_yield,cn,nation,2020-12,3.1429,percent,oecd_activity,2020-12-31,,2026-09-26T14:19:03+00:00,ok,0
oecd_bond_yield,cn,nation,2021-01,3.1786,percent,oecd_activity,2021-01-31,,2026-09-26T14:19:03+00:00,ok,0
oecd_bond_yield,cn,nation,2021-02,3.2798,percent,oecd_activity,2021-02-28,,2026-09-26T14:19:03+00:00,ok,0
oecd_bond_yield,cn,nation,2021-03,3.1887,percent,oecd_activity,2021-03-31,,2026-09-26T14:19:03+00:00,ok,0
oecd_bond_yield,cn,nation,2021-04,3.164,percent,oecd_activity,2021-04-30,,2026-09-26T14:19:03+00:00,ok,0
oecd_bond_yield,cn,nation,2021-05,3.045,percent,oecd_activity,2021-05-31,,2026-09-26T14:19:03+00:00,ok,0
oecd_bond_yield,cn,nation,2021-06,3.0778,percent,oecd_activity,2021-06-30,,2026-09-26T14:19:03+00:00,ok,0
oecd_bond_yield,cn,nation,2021-07,2.8363,percent,oecd_activity,2021-07-31,,2026-09-26T14:19:03+00:00,ok,0
oecd_bond_yield,cn,nation,2021-08,2.845,percent,oecd_activity,2021-08-31,,2026-09-26T14:19:03+00:00,ok,0
oecd_bond_yield,cn,nation,2021-09,2.8776,percent,oecd_activity,2021-09-30,,2026-09-26T14:19:03+00:00,ok,0
oecd_bond_yield,cn,nation,2021-10,2.9732,percent,oecd_activity,2021-10-31,,2026-09-26T14:19:03+00:00,ok,0
oecd_bond_yield,cn,nation,2021-11,2.825,percent,oecd_activity,2021-11-30,,2026-09-26T14:19:03+00:00,ok,0
oecd_bond_yield,cn,nation,2021-12,2.7754,percent,oecd_activity,2021-12-31,,2026-09-26T14:19:03+00:00,ok,0
oecd_bond_yield,cn,nation,2022-01,2.6997,percent,oecd_activity,2022-01-31,,2026-09-26T14:19:03+00:00,ok,0
oecd_bond_yield,cn,nation,2022-02,2.775,percent,oecd_activity,2022-02-28,,2026-09-26T14:19:03+00:00,ok,0
oecd_bond_yield,cn,nation,2022-03,2.7878,percent,oecd_activity,2022-03-31,,2026-09-26T14:19:03+00:00,ok,0
oecd_bond_yield,cn,nation,2022-04,2.8386,percent,oecd_activity,2022-04-30,,2026-09-26T14:19:03+00:00,ok,0
oecd_bond_yield,cn,nation,2022-05,2.7426,percent,oecd_activity,2022-05-31,,2026-09-26T14:19:03+00:00,ok,0
oecd_bond_yield,cn,nation,2022-06,2.8205,percent,oecd_activity,2022-06-30,,2026-09-26T14:19:03+00:00,ok,0
oecd_bond_yield,cn,nation,2022-07,2.756,percent,oecd_activity,2022-07-31,,2026-09-26T14:19:03+00:00,ok,0
oecd_bond_yield,cn,nation,2022-08,2.62,percent,oecd_activity,2022-08-31,,2026-09-26T14:19:03+00:00,ok,0
oecd_bond_yield,cn,nation,2022-09,2.76,percent,oecd_activity,2022-09-30,,2026-09-26T14:19:03+00:00,ok,0
oecd_bond_yield,cn,nation,2022-10,2.64,percent,oecd_activity,2022-10-31,,2026-09-26T14:19:03+00:00,ok,0
oecd_bond_yield,cn,nation,2022-11,2.89,percent,oecd_activity,2022-11-30,,2026-09-26T14:19:03+00:00,ok,0
oecd_bond_yield,cn,nation,2022-12,2.84,percent,oecd_activity,2022-12-31,,2026-09-26T14:19:03+00:00,ok,0
oecd_bond_yield,cn,nation,2023-01,2.9,percent,oecd_activity,2023-01-31,,2026-09-26T14:19:03+00:00,ok,0
oecd_bond_yield,cn,nation,2023-02,2.9,percent,oecd_activity,2023-02-28,,2026-09-26T14:19:03+00:00,ok,0
oecd_bond_yield,cn,nation,2023-03,2.85,percent,oecd_activity,2023-03-31,,2026-09-26T14:19:03+00:00,ok,0
oecd_bond_yield,cn,nation,2023-04,2.78,percent,oecd_activity,2023-04-30,,2026-09-26T14:19:03+00:00,ok,0
oecd_bond_yield,cn,nation,2023-05,2.69,percent,oecd_activity,2023-05-31,,2026-09-26T14:19:03+00:00,ok,0
oecd_bond_yield,cn,nation,2023-06,2.64,percent,oecd_activity,2023-06-30,,2026-09-26T14:19:03+00:00,ok,0
oecd_bond_yield,cn,nation,2023-07,2.66,percent,oecd_activity,2023-07-31,,2026-09-26T14:19:03+00:00,ok,0
oecd_bond_yield,cn,nation,2023-08,2.56,percent,oecd_activity,2023-08-31,,2026-09-26T14:19:03+00:00,ok,0
oecd_bond_yield,cn,nation,2023-09,2.68,percent,oecd_activity,2023-09-30,,2026-09-26T14:19:03+00:00,ok,0
oecd_bond_yield,cn,nation,2023-10,2.69,percent,oecd_activity,2023-10-31,,2026-09-26T14:19:03+00:00,ok,0
oecd_bond_yield,cn,nation,2023-11,2.67,percent,oecd_activity,2023-11-30,,2026-09-26T14:19:03+00:00,ok,0
oecd_bond_yield,cn,nation,2023-12,2.56,percent,oecd_activity,2023-12-31,,2026-09-26T14:19:03+00:00,ok,0
oecd_bond_yield,cn,nation,2024-01,2.43,percent,oecd_activity,2024-01-31,,2026-09-26T14:19:03+00:00,ok,0
oecd_bond_yield,cn,nation,2024-02,2.34,percent,oecd_activity,2024-02-29,,2026-09-26T14:19:03+00:00,ok,0
oecd_bond_yield,cn,nation,2024-03,2.29,percent,oecd_activity,2024-03-31,,2026-09-26T14:19:03+00:00,ok,0
oecd_bond_yield,cn,nation,2024-04,2.3,percent,oecd_activity,2024-04-30,,2026-09-26T14:19:03+00:00,ok,0
oecd_bond_yield,cn,nation,2024-05,2.29,percent,oecd_activity,2024-05-31,,2026-09-26T14:19:03+00:00,ok,0
oecd_bond_yield,cn,nation,2024-06,2.21,percent,oecd_activity,2024-06-30,,2026-09-26T14:19:03+00:00,ok,0
oecd_bond_yield,cn,nation,2024-07,2.15,percent,oecd_activity,2024-07-31,,2026-09-26T14:19:03+00:00,ok,0
oecd_bond_yield,cn,nation,2024-08,2.17,percent,oecd_activity,2024-08-31,,2026-09-26T14:19:03+00:00,ok,0
oecd_bond_yield,cn,nation,2024-09,2.15,percent,oecd_activity,2024-09-30,,2026-09-26T14:19:03+00:00,ok,0
oecd_bond_yield,cn,nation,2024-10,2.15,percent,oecd_activity,2024-10-31,,2026-09-26T14:19:03+00:00,ok,0
oecd_bond_yield,cn,nation,2024-11,2.02,percent,oecd_activity,2024-11-30,,2026-09-26T14:19:03+00:00,ok,0
oecd_bond_yield,cn,nation,2024-12,1.68,percent,oecd_activity,2024-12-31,,2026-09-26T14:19:03+00:00,ok,0
oecd_bond_yield,cn,nation,2025-01,1.63,percent,oecd_activity,2025-01-31,,2026-09-26T14:19:03+00:00,ok,0
oecd_bond_yield,cn,nation,2025-02,1.72,percent,oecd_activity,2025-02-28,,2026-09-26T14:19:03+00:00,ok,0
oecd_bond_yield,cn,nation,2025-03,1.81,percent,oecd_activity,2025-03-31,,2026-09-26T14:19:03+00:00,ok,0
oecd_bond_yield,cn,nation,2025-04,1.62,percent,oecd_activity,2025-04-30,,2026-09-26T14:19:03+00:00,ok,0
oecd_bond_yield,cn,nation,2025-05,1.67,percent,oecd_activity,2025-05-31,,2026-09-26T14:19:03+00:00,ok,0
oecd_bond_yield,cn,nation,2025-06,1.65,percent,oecd_activity,2025-06-30,,2026-09-26T14:19:03+00:00,ok,0
oecd_bond_yield,cn,nation,2025-07,1.7,percent,oecd_activity,2025-07-31,,2026-09-26T14:19:03+00:00,ok,0
oecd_bond_yield,cn,nation,2025-08,1.84,percent,oecd_activity,2025-08-31,,2026-09-26T14:19:03+00:00,ok,0
oecd_bond_yield,cn,nation,2025-09,1.86,percent,oecd_activity,2025-09-30,,2026-09-26T14:19:03+00:00,ok,0
oecd_bond_yield,cn,nation,2025-10,1.8,percent,oecd_activity,2025-10-31,,2026-09-26T14:19:03+00:00,ok,0
oecd_bond_yield,cn,nation,2025-11,1.84,percent,oecd_activity,2025-11-30,,2026-09-26T14:19:03+00:00,ok,0
oecd_bond_yield,cn,nation,2025-12,1.85,percent,oecd_activity,2025-12-31,,2026-09-26T14:19:03+00:00,ok,0
oecd_bond_yield,cn,nation,2026-01,1.81,percent,oecd_activity,2026-01-31,,2026-09-26T14:19:03+00:00,ok,0
oecd_bond_yield,cn,nation,2026-02,1.78,percent,oecd_activity,2026-02-28,,2026-09-26T14:19:03+00:00,ok,0
oecd_bond_yield,cn,nation,2026-03,1.82,percent,oecd_activity,2026-03-31,,2026-09-26T14:19:03+00:00,ok,0
oecd_bond_yield,cn,nation,2026-04,1.75,percent,oecd_activity,2026-04-30,,2026-09-26T14:19:03+00:00,ok,0
oecd_bond_yield,cn,nation,2026-05,1.71,percent,oecd_activity,2026-05-31,,2026-09-26T14:19:03+00:00,ok,0
oecd_bond_yield,cn,nation,2026-06,1.73,percent,oecd_activity,2026-06-30,,2026-09-26T14:19:03+00:00,ok,0
oecd_bond_yield,cn,nation,2026-07,1.71,percent,oecd_activity,2026-07-31,,2026-09-26T14:19:03+00:00,ok,0
oecd_bond_yield,de,nation,2015-01,0.39,percent,oecd_activity,2015-01-31,,2026-09-26T14:19:03+00:00,ok,0
oecd_bond_yield,de,nation,2015-02,0.302,percent,oecd_activity,2015-02-28,,2026-09-26T14:19:03+00:00,ok,0
oecd_bond_yield,de,nation,2015-03,0.227273,percent,oecd_activity,2015-03-31,,2026-09-26T14:19:03+00:00,ok,0
oecd_bond_yield,de,nation,2015-04,0.122,percent,oecd_activity,2015-04-30,,2026-09-26T14:19:03+00:00,ok,0
oecd_bond_yield,de,nation,2015-05,0.55579,percent,oecd_activity,2015-05-31,,2026-09-26T14:19:03+00:00,ok,0
oecd_bond_yield,de,nation,2015-06,0.792727,percent,oecd_activity,2015-06-30,,2026-09-26T14:19:03+00:00,ok,0
oecd_bond_yield,de,nation,2015-07,0.71,percent,oecd_activity,2015-07-31,,2026-09-26T14:19:03+00:00,ok,0
oecd_bond_yield,de,nation,2015-08,0.608571,percent,oecd_activity,2015-08-31,,2026-09-26T14:19:03+00:00,ok,0
oecd_bond_yield,de,nation,2015-09,0.654091,percent,oecd_activity,2015-09-30,,2026-09-26T14:19:03+00:00,ok,0
oecd_bond_yield,de,nation,2015-10,0.518182,percent,oecd_activity,2015-10-31,,2026-09-26T14:19:03+00:00,ok,0
oecd_bond_yield,de,nation,2015-11,0.51619,percent,oecd_activity,2015-11-30,,2026-09-26T14:19:03+00:00,ok,0
oecd_bond_yield,de,nation,2015-12,0.5455,percent,oecd_activity,2015-12-31,,2026-09-26T14:19:03+00:00,ok,0
oecd_bond_yield,de,nation,2016-01,0.4305,percent,oecd_activity,2016-01-31,,2026-09-26T14:19:03+00:00,ok,0
oecd_bond_yield,de,nation,2016-02,0.172857,percent,oecd_activity,2016-02-29,,2026-09-26T14:19:03+00:00,ok,0
oecd_bond_yield,de,nation,2016-03,0.171429,percent,oecd_activity,2016-03-31,,2026-09-26T14:19:03+00:00,ok,0
oecd_bond_yield,de,nation,2016-04,0.134286,percent,oecd_activity,2016-04-30,,2026-09-26T14:19:03+00:00,ok,0
oecd_bond_yield,de,nation,2016-05,0.132857,percent,oecd_activity,2016-05-31,,2026-09-26T14:19:03+00:00,ok,0
oecd_bond_yield,de,nation,2016-06,-0.016818,percent,oecd_activity,2016-06-30,,2026-09-26T14:19:03+00:00,ok,0
oecd_bond_yield,de,nation,2016-07,-0.154286,percent,oecd_activity,2016-07-31,,2026-09-26T14:19:03+00:00,ok,0
oecd_bond_yield,de,nation,2016-08,-0.131739,percent,oecd_activity,2016-08-31,,2026-09-26T14:19:03+00:00,ok,0
oecd_bond_yield,de,nation,2016-09,-0.084091,percent,oecd_activity,2016-09-30,,2026-09-26T14:19:03+00:00,ok,0
oecd_bond_yield,de,nation,2016-10,0.002,percent,oecd_activity,2016-10-31,,2026-09-26T14:19:03+00:00,ok,0
oecd_bond_yield,de,nation,2016-11,0.189091,percent,oecd_activity,2016-11-30,,2026-09-26T14:19:03+00:00,ok,0
oecd_bond_yield,de,nation,2016-12,0.251905,percent,oecd_activity,2016-12-31,,2026-09-26T14:19:03+00:00,ok,0
oecd_bond_yield,de,nation,2017-01,0.250909,percent,oecd_activity,2017-01-31,,2026-09-26T14:19:03+00:00,ok,0
oecd_bond_yield,de,nation,2017-02,0.258,percent,oecd_activity,2017-02-28,,2026-09-26T14:19:03+00:00,ok,0
oecd_bond_yield,de,nation,2017-03,0.348261,percent,oecd_activity,2017-03-31,,2026-09-26T14:19:03+00:00,ok,0
oecd_bond_yield,de,nation,2017-04,0.225556,percent,oecd_activity,2017-04-30,,2026-09-26T14:19:03+00:00,ok,0
oecd_bond_yield,de,nation,2017-05,0.336364,percent,oecd_activity,2017-05-31,,2026-09-26T14:19:03+00:00,ok,0
oecd_bond_yield,de,nation,2017-06,0.250476,percent,oecd_activity,2017-06-30,,2026-09-26T14:19:03+00:00,ok,0
oecd_bond_yield,de,nation,2017-07,0.455714,percent,oecd_activity,2017-07-31,,2026-09-26T14:19:03+00:00,ok,0
oecd_bond_yield,de,nation,2017-08,0.346087,percent,oecd_activity,2017-08-31,,2026-09-26T14:19:03+00:00,ok,0
oecd_bond_yield,de,nation,2017-09,0.347143,percent,oecd_activity,2017-09-30,,2026-09-26T14:19:03+00:00,ok,0
oecd_bond_yield,de,nation,2017-10,0.3725,percent,oecd_activity,2017-10-31,,2026-09-26T14:19:03+00:00,ok,0
oecd_bond_yield,de,nation,2017-11,0.308182,percent,oecd_activity,2017-11-30,,2026-09-26T14:19:03+00:00,ok,0
oecd_bond_yield,de,nation,2017-12,0.296842,percent,oecd_activity,2017-12-31,,2026-09-26T14:19:03+00:00,ok,0
oecd_bond_yield,de,nation,2018-01,0.474545,percent,oecd_activity,2018-01-31,,2026-09-26T14:19:03+00:00,ok,0
oecd_bond_yield,de,nation,2018-02,0.659,percent,oecd_activity,2018-02-28,,2026-09-26T14:19:03+00:00,ok,0
oecd_bond_yield,de,nation,2018-03,0.529524,percent,oecd_activity,2018-03-31,,2026-09-26T14:19:03+00:00,ok,0
oecd_bond_yield,de,nation,2018-04,0.48,percent,oecd_activity,2018-04-30,,2026-09-26T14:19:03+00:00,ok,0
oecd_bond_yield,de,nation,2018-05,0.45,percent,oecd_activity,2018-05-31,,2026-09-26T14:19:03+00:00,ok,0
oecd_bond_yield,de,nation,2018-06,0.327143,percent,oecd_activity,2018-06-30,,2026-09-26T14:19:03+00:00,ok,0
oecd_bond_yield,de,nation,2018-07,0.274545,percent,oecd_activity,2018-07-31,,2026-09-26T14:19:03+00:00,ok,0
oecd_bond_yield,de,nation,2018-08,0.29087,percent,oecd_activity,2018-08-31,,2026-09-26T14:19:03+00:00,ok,0
oecd_bond_yield,de,nation,2018-09,0.3705,percent,oecd_activity,2018-09-30,,2026-09-26T14:19:03+00:00,ok,0
oecd_bond_yield,de,nation,2018-10,0.399091,percent,oecd_activity,2018-10-31,,2026-09-26T14:19:03+00:00,ok,0
oecd_bond_yield,de,nation,2018-11,0.314091,percent,oecd_activity,2018-11-30,,2026-09-26T14:19:03+00:00,ok,0
oecd_bond_yield,de,nation,2018-12,0.187059,percent,oecd_activity,2018-12-31,,2026-09-26T14:19:03+00:00,ok,0
oecd_bond_yield,de,nation,2019-01,0.132727,percent,oecd_activity,2019-01-31,,2026-09-26T14:19:03+00:00,ok,0
oecd_bond_yield,de,nation,2019-02,0.0555,percent,oecd_activity,2019-02-28,,2026-09-26T14:19:03+00:00,ok,0
oecd_bond_yield,de,nation,2019-03,0.010952,percent,oecd_activity,2019-03-31,,2026-09-26T14:19:03+00:00,ok,0
oecd_bond_yield,de,nation,2019-04,-0.0395,percent,oecd_activity,2019-04-30,,2026-09-26T14:19:03+00:00,ok,0
oecd_bond_yield,de,nation,2019-05,-0.134546,percent,oecd_activity,2019-05-31,,2026-09-26T14:19:03+00:00,ok,0
oecd_bond_yield,de,nation,2019-06,-0.315263,percent,oecd_activity,2019-06-30,,2026-09-26T14:19:03+00:00,ok,0
oecd_bond_yield,de,nation,2019-07,-0.388261,percent,oecd_activity,2019-07-31,,2026-09-26T14:19:03+00:00,ok,0
oecd_bond_yield,de,nation,2019-08,-0.649091,percent,oecd_activity,2019-08-31,,2026-09-26T14:19:03+00:00,ok,0
oecd_bond_yield,de,nation,2019-09,-0.594762,percent,oecd_activity,2019-09-30,,2026-09-26T14:19:03+00:00,ok,0
oecd_bond_yield,de,nation,2019-10,-0.469546,percent,oecd_activity,2019-10-31,,2026-09-26T14:19:03+00:00,ok,0
oecd_bond_yield,de,nation,2019-11,-0.352381,percent,oecd_activity,2019-11-30,,2026-09-26T14:19:03+00:00,ok,0
oecd_bond_yield,de,nation,2019-12,-0.299444,percent,oecd_activity,2019-12-31,,2026-09-26T14:19:03+00:00,ok,0
oecd_bond_yield,de,nation,2020-01,-0.313636,percent,oecd_activity,2020-01-31,,2026-09-26T14:19:03+00:00,ok,0
oecd_bond_yield,de,nation,2020-02,-0.466,percent,oecd_activity,2020-02-29,,2026-09-26T14:19:03+00:00,ok,0
oecd_bond_yield,de,nation,2020-03,-0.541364,percent,oecd_activity,2020-03-31,,2026-09-26T14:19:03+00:00,ok,0
oecd_bond_yield,de,nation,2020-04,-0.4495,percent,oecd_activity,2020-04-30,,2026-09-26T14:19:03+00:00,ok,0
oecd_bond_yield,de,nation,2020-05,-0.5165,percent,oecd_activity,2020-05-31,,2026-09-26T14:19:03+00:00,ok,0
oecd_bond_yield,de,nation,2020-06,-0.434286,percent,oecd_activity,2020-06-30,,2026-09-26T14:19:03+00:00,ok,0
oecd_bond_yield,de,nation,2020-07,-0.523043,percent,oecd_activity,2020-07-31,,2026-09-26T14:19:03+00:00,ok,0
oecd_bond_yield,de,nation,2020-08,-0.523333,percent,oecd_activity,2020-08-31,,2026-09-26T14:19:03+00:00,ok,0
oecd_bond_yield,de,nation,2020-09,-0.524091,percent,oecd_activity,2020-09-30,,2026-09-26T14:19:03+00:00,ok,0
oecd_bond_yield,de,nation,2020-10,-0.607273,percent,oecd_activity,2020-10-31,,2026-09-26T14:19:03+00:00,ok,0
oecd_bond_yield,de,nation,2020-11,-0.614762,percent,oecd_activity,2020-11-30,,2026-09-26T14:19:03+00:00,ok,0
oecd_bond_yield,de,nation,2020-12,-0.6185,percent,oecd_activity,2020-12-31,,2026-09-26T14:19:03+00:00,ok,0
oecd_bond_yield,de,nation,2021-01,-0.5835,percent,oecd_activity,2021-01-31,,2026-09-26T14:19:03+00:00,ok,0
oecd_bond_yield,de,nation,2021-02,-0.4455,percent,oecd_activity,2021-02-28,,2026-09-26T14:19:03+00:00,ok,0
oecd_bond_yield,de,nation,2021-03,-0.364783,percent,oecd_activity,2021-03-31,,2026-09-26T14:19:03+00:00,ok,0
oecd_bond_yield,de,nation,2021-04,-0.325,percent,oecd_activity,2021-04-30,,2026-09-26T14:19:03+00:00,ok,0
oecd_bond_yield,de,nation,2021-05,-0.2235,percent,oecd_activity,2021-05-31,,2026-09-26T14:19:03+00:00,ok,0
oecd_bond_yield,de,nation,2021-06,-0.288636,percent,oecd_activity,2021-06-30,,2026-09-26T14:19:03+00:00,ok,0
oecd_bond_yield,de,nation,2021-07,-0.451364,percent,oecd_activity,2021-07-31,,2026-09-26T14:19:03+00:00,ok,0
oecd_bond_yield,de,nation,2021-08,-0.538636,percent,oecd_activity,2021-08-31,,2026-09-26T14:19:03+00:00,ok,0
oecd_bond_yield,de,nation,2021-09,-0.362727,percent,oecd_activity,2021-09-30,,2026-09-26T14:19:03+00:00,ok,0
oecd_bond_yield,de,nation,2021-10,-0.204286,percent,oecd_activity,2021-10-31,,2026-09-26T14:19:03+00:00,ok,0
oecd_bond_yield,de,nation,2021-11,-0.313636,percent,oecd_activity,2021-11-30,,2026-09-26T14:19:03+00:00,ok,0
oecd_bond_yield,de,nation,2021-12,-0.384286,percent,oecd_activity,2021-12-31,,2026-09-26T14:19:03+00:00,ok,0
oecd_bond_yield,de,nation,2022-01,-0.114762,percent,oecd_activity,2022-01-31,,2026-09-26T14:19:03+00:00,ok,0
oecd_bond_yield,de,nation,2022-02,0.15,percent,oecd_activity,2022-02-28,,2026-09-26T14:19:03+00:00,ok,0
oecd_bond_yield,de,nation,2022-03,0.281739,percent,oecd_activity,2022-03-31,,2026-09-26T14:19:03+00:00,ok,0
oecd_bond_yield,de,nation,2022-04,0.746316,percent,oecd_activity,2022-04-30,,2026-09-26T14:19:03+00:00,ok,0
oecd_bond_yield,de,nation,2022-05,0.952727,percent,oecd_activity,2022-05-31,,2026-09-26T14:19:03+00:00,ok,0
oecd_bond_yield,de,nation,2022-06,1.445,percent,oecd_activity,2022-06-30,,2026-09-26T14:19:03+00:00,ok,0
oecd_bond_yield,de,nation,2022-07,1.081905,percent,oecd_activity,2022-07-31,,2026-09-26T14:19:03+00:00,ok,0
oecd_bond_yield,de,nation,2022-08,1.034348,percent,oecd_activity,2022-08-31,,2026-09-26T14:19:03+00:00,ok,0
oecd_bond_yield,de,nation,2022-09,1.795455,percent,oecd_activity,2022-09-30,,2026-09-26T14:19:03+00:00,ok,0
oecd_bond_yield,de,nation,2022-10,2.186667,percent,oecd_activity,2022-10-31,,2026-09-26T14:19:03+00:00,ok,0
oecd_bond_yield,de,nation,2022-11,2.066364,percent,oecd_activity,2022-11-30,,2026-09-26T14:19:03+00:00,ok,0
oecd_bond_yield,de,nation,2022-12,2.085238,percent,oecd_activity,2022-12-31,,2026-09-26T14:19:03+00:00,ok,0
oecd_bond_yield,de,nation,2023-01,2.192727,percent,oecd_activity,2023-01-31,,2026-09-26T14:19:03+00:00,ok,0
oecd_bond_yield,de,nation,2023-02,2.3705,percent,oecd_activity,2023-02-28,,2026-09-26T14:19:03+00:00,ok,0
oecd_bond_yield,de,nation,2023-03,2.383478,percent,oecd_activity,2023-03-31,,2026-09-26T14:19:03+00:00,ok,0
oecd_bond_yield,de,nation,2023-04,2.359444,percent,oecd_activity,2023-04-30,,2026-09-26T14:19:03+00:00,ok,0
oecd_bond_yield,de,nation,2023-05,2.342273,percent,oecd_activity,2023-05-31,,2026-09-26T14:19:03+00:00,ok,0
oecd_bond_yield,de,nation,2023-06,2.376364,percent,oecd_activity,2023-06-30,,2026-09-26T14:19:03+00:00,ok,0
oecd_bond_yield,de,nation,2023-07,2.456667,percent,oecd_activity,2023-07-31,,2026-09-26T14:19:03+00:00,ok,0
oecd_bond_yield,de,nation,2023-08,2.545652,percent,oecd_activity,2023-08-31,,2026-09-26T14:19:03+00:00,ok,0
oecd_bond_yield,de,nation,2023-09,2.661429,percent,oecd_activity,2023-09-30,,2026-09-26T14:19:03+00:00,ok,0
oecd_bond_yield,de,nation,2023-10,2.823182,percent,oecd_activity,2023-10-31,,2026-09-26T14:19:03+00:00,ok,0
oecd_bond_yield,de,nation,2023-11,2.601364,percent,oecd_activity,2023-11-30,,2026-09-26T14:19:03+00:00,ok,0
oecd_bond_yield,de,nation,2023-12,2.102105,percent,oecd_activity,2023-12-31,,2026-09-26T14:19:03+00:00,ok,0
oecd_bond_yield,de,nation,2024-01,2.174546,percent,oecd_activity,2024-01-31,,2026-09-26T14:19:03+00:00,ok,0
oecd_bond_yield,de,nation,2024-02,2.331905,percent,oecd_activity,2024-02-29,,2026-09-26T14:19:03+00:00,ok,0
oecd_bond_yield,de,nation,2024-03,2.3495,percent,oecd_activity,2024-03-31,,2026-09-26T14:19:03+00:00,ok,0
oecd_bond_yield,de,nation,2024-04,2.445714,percent,oecd_activity,2024-04-30,,2026-09-26T14:19:03+00:00,ok,0
oecd_bond_yield,de,nation,2024-05,2.519546,percent,oecd_activity,2024-05-31,,2026-09-26T14:19:03+00:00,ok,0
oecd_bond_yield,de,nation,2024-06,2.4845,percent,oecd_activity,2024-06-30,,2026-09-26T14:19:03+00:00,ok,0
oecd_bond_yield,de,nation,2024-07,2.458261,percent,oecd_activity,2024-07-31,,2026-09-26T14:19:03+00:00,ok,0
oecd_bond_yield,de,nation,2024-08,2.207727,percent,oecd_activity,2024-08-31,,2026-09-26T14:19:03+00:00,ok,0
oecd_bond_yield,de,nation,2024-09,2.167143,percent,oecd_activity,2024-09-30,,2026-09-26T14:19:03+00:00,ok,0
oecd_bond_yield,de,nation,2024-10,2.229565,percent,oecd_activity,2024-10-31,,2026-09-26T14:19:03+00:00,ok,0
oecd_bond_yield,de,nation,2024-11,2.305714,percent,oecd_activity,2024-11-30,,2026-09-26T14:19:03+00:00,ok,0
oecd_bond_yield,de,nation,2024-12,2.178889,percent,oecd_activity,2024-12-31,,2026-09-26T14:19:03+00:00,ok,0
oecd_bond_yield,de,nation,2025-01,2.483636,percent,oecd_activity,2025-01-31,,2026-09-26T14:19:03+00:00,ok,0
oecd_bond_yield,de,nation,2025-02,2.4055,percent,oecd_activity,2025-02-28,,2026-09-26T14:19:03+00:00,ok,0
oecd_bond_yield,de,nation,2025-03,2.741429,percent,oecd_activity,2025-03-31,,2026-09-26T14:19:03+00:00,ok,0
oecd_bond_yield,de,nation,2025-04,2.5105,percent,oecd_activity,2025-04-30,,2026-09-26T14:19:03+00:00,ok,0
oecd_bond_yield,de,nation,2025-05,2.562857,percent,oecd_activity,2025-05-31,,2026-09-26T14:19:03+00:00,ok,0
oecd_bond_yield,de,nation,2025-06,2.519048,percent,oecd_activity,2025-06-30,,2026-09-26T14:19:03+00:00,ok,0
oecd_bond_yield,de,nation,2025-07,2.631304,percent,oecd_activity,2025-07-31,,2026-09-26T14:19:03+00:00,ok,0
oecd_bond_yield,de,nation,2025-08,2.673333,percent,oecd_activity,2025-08-31,,2026-09-26T14:19:03+00:00,ok,0
oecd_bond_yield,de,nation,2025-09,2.693182,percent,oecd_activity,2025-09-30,,2026-09-26T14:19:03+00:00,ok,0
oecd_bond_yield,de,nation,2025-10,2.617826,percent,oecd_activity,2025-10-31,,2026-09-26T14:19:03+00:00,ok,0
oecd_bond_yield,de,nation,2025-11,2.6575,percent,oecd_activity,2025-11-30,,2026-09-26T14:19:03+00:00,ok,0
oecd_bond_yield,de,nation,2025-12,2.81421,percent,oecd_activity,2025-12-31,,2026-09-26T14:19:03+00:00,ok,0
oecd_bond_yield,de,nation,2026-01,2.806667,percent,oecd_activity,2026-01-31,,2026-09-26T14:19:03+00:00,ok,0
oecd_bond_yield,de,nation,2026-02,2.745,percent,oecd_activity,2026-02-28,,2026-09-26T14:19:03+00:00,ok,0
oecd_bond_yield,de,nation,2026-03,2.91,percent,oecd_activity,2026-03-31,,2026-09-26T14:19:03+00:00,ok,0
oecd_bond_yield,de,nation,2026-04,3.001,percent,oecd_activity,2026-04-30,,2026-09-26T14:19:03+00:00,ok,0
oecd_bond_yield,de,nation,2026-05,3.0465,percent,oecd_activity,2026-05-31,,2026-09-26T14:19:03+00:00,ok,0
oecd_bond_yield,de,nation,2026-06,2.964091,percent,oecd_activity,2026-06-30,,2026-09-26T14:19:03+00:00,ok,0
oecd_bond_yield,de,nation,2026-07,3.070435,percent,oecd_activity,2026-07-31,,2026-09-26T14:19:03+00:00,ok,0
oecd_bond_yield,de,nation,2026-08,3.18,percent,oecd_activity,2026-08-31,,2026-09-26T14:19:03+00:00,ok,0
oecd_bond_yield,es,nation,2015-01,1.542095,percent,oecd_activity,2015-01-31,,2026-09-26T14:19:03+00:00,ok,0
oecd_bond_yield,es,nation,2015-02,1.5131,percent,oecd_activity,2015-02-28,,2026-09-26T14:19:03+00:00,ok,0
oecd_bond_yield,es,nation,2015-03,1.225818,percent,oecd_activity,2015-03-31,,2026-09-26T14:19:03+00:00,ok,0
oecd_bond_yield,es,nation,2015-04,1.31275,percent,oecd_activity,2015-04-30,,2026-09-26T14:19:03+00:00,ok,0
oecd_bond_yield,es,nation,2015-05,1.770632,percent,oecd_activity,2015-05-31,,2026-09-26T14:19:03+00:00,ok,0
oecd_bond_yield,es,nation,2015-06,2.233954,percent,oecd_activity,2015-06-30,,2026-09-26T14:19:03+00:00,ok,0
oecd_bond_yield,es,nation,2015-07,2.100696,percent,oecd_activity,2015-07-31,,2026-09-26T14:19:03+00:00,ok,0
oecd_bond_yield,es,nation,2015-08,1.949762,percent,oecd_activity,2015-08-31,,2026-09-26T14:19:03+00:00,ok,0
oecd_bond_yield,es,nation,2015-09,2.030773,percent,oecd_activity,2015-09-30,,2026-09-26T14:19:03+00:00,ok,0
oecd_bond_yield,es,nation,2015-10,1.728182,percent,oecd_activity,2015-10-31,,2026-09-26T14:19:03+00:00,ok,0
oecd_bond_yield,es,nation,2015-11,1.727667,percent,oecd_activity,2015-11-30,,2026-09-26T14:19:03+00:00,ok,0
oecd_bond_yield,es,nation,2015-12,1.685619,percent,oecd_activity,2015-12-31,,2026-09-26T14:19:03+00:00,ok,0
oecd_bond_yield,es,nation,2016-01,1.72795,percent,oecd_activity,2016-01-31,,2026-09-26T14:19:03+00:00,ok,0
oecd_bond_yield,es,nation,2016-02,1.723524,percent,oecd_activity,2016-02-29,,2026-09-26T14:19:03+00:00,ok,0
oecd_bond_yield,es,nation,2016-03,1.550762,percent,oecd_activity,2016-03-31,,2026-09-26T14:19:03+00:00,ok,0
oecd_bond_yield,es,nation,2016-04,1.513524,percent,oecd_activity,2016-04-30,,2026-09-26T14:19:03+00:00,ok,0
oecd_bond_yield,es,nation,2016-05,1.5665,percent,oecd_activity,2016-05-31,,2026-09-26T14:19:03+00:00,ok,0
oecd_bond_yield,es,nation,2016-06,1.479955,percent,oecd_activity,2016-06-30,,2026-09-26T14:19:03+00:00,ok,0
oecd_bond_yield,es,nation,2016-07,1.169095,percent,oecd_activity,2016-07-31,,2026-09-26T14:19:03+00:00,ok,0
oecd_bond_yield,es,nation,2016-08,1.014304,percent,oecd_activity,2016-08-31,,2026-09-26T14:19:03+00:00,ok,0
oecd_bond_yield,es,nation,2016-09,1.040909,percent,oecd_activity,2016-09-30,,2026-09-26T14:19:03+00:00,ok,0
oecd_bond_yield,es,nation,2016-10,1.072619,percent,oecd_activity,2016-10-31,,2026-09-26T14:19:03+00:00,ok,0
oecd_bond_yield,es,nation,2016-11,1.423818,percent,oecd_activity,2016-11-30,,2026-09-26T14:19:03+00:00,ok,0
oecd_bond_yield,es,nation,2016-12,1.436667,percent,oecd_activity,2016-12-31,,2026-09-26T14:19:03+00:00,ok,0
oecd_bond_yield,es,nation,2017-01,1.466318,percent,oecd_activity,2017-01-31,,2026-09-26T14:19:03+00:00,ok,0
oecd_bond_yield,es,nation,2017-02,1.703,percent,oecd_activity,2017-02-28,,2026-09-26T14:19:03+00:00,ok,0
oecd_bond_yield,es,nation,2017-03,1.717522,percent,oecd_activity,2017-03-31,,2026-09-26T14:19:03+00:00,ok,0
oecd_bond_yield,es,nation,2017-04,1.617778,percent,oecd_activity,2017-04-30,,2026-09-26T14:19:03+00:00,ok,0
oecd_bond_yield,es,nation,2017-05,1.568409,percent,oecd_activity,2017-05-31,,2026-09-26T14:19:03+00:00,ok,0
oecd_bond_yield,es,nation,2017-06,1.452318,percent,oecd_activity,2017-06-30,,2026-09-26T14:19:03+00:00,ok,0
oecd_bond_yield,es,nation,2017-07,1.59781,percent,oecd_activity,2017-07-31,,2026-09-26T14:19:03+00:00,ok,0
oecd_bond_yield,es,nation,2017-08,1.484864,percent,oecd_activity,2017-08-31,,2026-09-26T14:19:03+00:00,ok,0
oecd_bond_yield,es,nation,2017-09,1.541286,percent,oecd_activity,2017-09-30,,2026-09-26T14:19:03+00:00,ok,0
oecd_bond_yield,es,nation,2017-10,1.614682,percent,oecd_activity,2017-10-31,,2026-09-26T14:19:03+00:00,ok,0
oecd_bond_yield,es,nation,2017-11,1.488773,percent,oecd_activity,2017-11-30,,2026-09-26T14:19:03+00:00,ok,0
oecd_bond_yield,es,nation,2017-12,1.441632,percent,oecd_activity,2017-12-31,,2026-09-26T14:19:03+00:00,ok,0
oecd_bond_yield,es,nation,2018-01,1.473864,percent,oecd_activity,2018-01-31,,2026-09-26T14:19:03+00:00,ok,0
oecd_bond_yield,es,nation,2018-02,1.5178,percent,oecd_activity,2018-02-28,,2026-09-26T14:19:03+00:00,ok,0
oecd_bond_yield,es,nation,2018-03,1.349619,percent,oecd_activity,2018-03-31,,2026-09-26T14:19:03+00:00,ok,0
oecd_bond_yield,es,nation,2018-04,1.2183,percent,oecd_activity,2018-04-30,,2026-09-26T14:19:03+00:00,ok,0
oecd_bond_yield,es,nation,2018-05,1.385818,percent,oecd_activity,2018-05-31,,2026-09-26T14:19:03+00:00,ok,0
oecd_bond_yield,es,nation,2018-06,1.372905,percent,oecd_activity,2018-06-30,,2026-09-26T14:19:03+00:00,ok,0
oecd_bond_yield,es,nation,2018-07,1.317545,percent,oecd_activity,2018-07-31,,2026-09-26T14:19:03+00:00,ok,0
oecd_bond_yield,es,nation,2018-08,1.372391,percent,oecd_activity,2018-08-31,,2026-09-26T14:19:03+00:00,ok,0
oecd_bond_yield,es,nation,2018-09,1.4418,percent,oecd_activity,2018-09-30,,2026-09-26T14:19:03+00:00,ok,0
oecd_bond_yield,es,nation,2018-10,1.573565,percent,oecd_activity,2018-10-31,,2026-09-26T14:19:03+00:00,ok,0
oecd_bond_yield,es,nation,2018-11,1.582409,percent,oecd_activity,2018-11-30,,2026-09-26T14:19:03+00:00,ok,0
oecd_bond_yield,es,nation,2018-12,1.426211,percent,oecd_activity,2018-12-31,,2026-09-26T14:19:03+00:00,ok,0
oecd_bond_yield,es,nation,2019-01,1.378773,percent,oecd_activity,2019-01-31,,2026-09-26T14:19:03+00:00,ok,0
oecd_bond_yield,es,nation,2019-02,1.28095,percent,oecd_activity,2019-02-28,,2026-09-26T14:19:03+00:00,ok,0
oecd_bond_yield,es,nation,2019-03,1.126857,percent,oecd_activity,2019-03-31,,2026-09-26T14:19:03+00:00,ok,0
oecd_bond_yield,es,nation,2019-04,1.0623,percent,oecd_activity,2019-04-30,,2026-09-26T14:19:03+00:00,ok,0
oecd_bond_yield,es,nation,2019-05,0.879682,percent,oecd_activity,2019-05-31,,2026-09-26T14:19:03+00:00,ok,0
oecd_bond_yield,es,nation,2019-06,0.4994,percent,oecd_activity,2019-06-30,,2026-09-26T14:19:03+00:00,ok,0
oecd_bond_yield,es,nation,2019-07,0.35513,percent,oecd_activity,2019-07-31,,2026-09-26T14:19:03+00:00,ok,0
oecd_bond_yield,es,nation,2019-08,0.141773,percent,oecd_activity,2019-08-31,,2026-09-26T14:19:03+00:00,ok,0
oecd_bond_yield,es,nation,2019-09,0.183381,percent,oecd_activity,2019-09-30,,2026-09-26T14:19:03+00:00,ok,0
oecd_bond_yield,es,nation,2019-10,0.202522,percent,oecd_activity,2019-10-31,,2026-09-26T14:19:03+00:00,ok,0
oecd_bond_yield,es,nation,2019-11,0.384952,percent,oecd_activity,2019-11-30,,2026-09-26T14:19:03+00:00,ok,0
oecd_bond_yield,es,nation,2019-12,0.4365,percent,oecd_activity,2019-12-31,,2026-09-26T14:19:03+00:00,ok,0
oecd_bond_yield,es,nation,2020-01,0.418864,percent,oecd_activity,2020-01-31,,2026-09-26T14:19:03+00:00,ok,0
oecd_bond_yield,es,nation,2020-02,0.2742,percent,oecd_activity,2020-02-29,,2026-09-26T14:19:03+00:00,ok,0
oecd_bond_yield,es,nation,2020-03,0.509318,percent,oecd_activity,2020-03-31,,2026-09-26T14:19:03+00:00,ok,0
oecd_bond_yield,es,nation,2020-04,0.8217,percent,oecd_activity,2020-04-30,,2026-09-26T14:19:03+00:00,ok,0
oecd_bond_yield,es,nation,2020-05,0.74781,percent,oecd_activity,2020-05-31,,2026-09-26T14:19:03+00:00,ok,0
oecd_bond_yield,es,nation,2020-06,0.517091,percent,oecd_activity,2020-06-30,,2026-09-26T14:19:03+00:00,ok,0
oecd_bond_yield,es,nation,2020-07,0.376609,percent,oecd_activity,2020-07-31,,2026-09-26T14:19:03+00:00,ok,0
oecd_bond_yield,es,nation,2020-08,0.301,percent,oecd_activity,2020-08-31,,2026-09-26T14:19:03+00:00,ok,0
oecd_bond_yield,es,nation,2020-09,0.280682,percent,oecd_activity,2020-09-30,,2026-09-26T14:19:03+00:00,ok,0
oecd_bond_yield,es,nation,2020-10,0.170182,percent,oecd_activity,2020-10-31,,2026-09-26T14:19:03+00:00,ok,0
oecd_bond_yield,es,nation,2020-11,0.094095,percent,oecd_activity,2020-11-30,,2026-09-26T14:19:03+00:00,ok,0
oecd_bond_yield,es,nation,2020-12,0.042182,percent,oecd_activity,2020-12-31,,2026-09-26T14:19:03+00:00,ok,0
oecd_bond_yield,es,nation,2021-01,0.07825,percent,oecd_activity,2021-01-31,,2026-09-26T14:19:03+00:00,ok,0
oecd_bond_yield,es,nation,2021-02,0.22555,percent,oecd_activity,2021-02-28,,2026-09-26T14:19:03+00:00,ok,0
oecd_bond_yield,es,nation,2021-03,0.309609,percent,oecd_activity,2021-03-31,,2026-09-26T14:19:03+00:00,ok,0
oecd_bond_yield,es,nation,2021-04,0.36725,percent,oecd_activity,2021-04-30,,2026-09-26T14:19:03+00:00,ok,0
oecd_bond_yield,es,nation,2021-05,0.516571,percent,oecd_activity,2021-05-31,,2026-09-26T14:19:03+00:00,ok,0
oecd_bond_yield,es,nation,2021-06,0.4455,percent,oecd_activity,2021-06-30,,2026-09-26T14:19:03+00:00,ok,0
oecd_bond_yield,es,nation,2021-07,0.332773,percent,oecd_activity,2021-07-31,,2026-09-26T14:19:03+00:00,ok,0
oecd_bond_yield,es,nation,2021-08,0.218227,percent,oecd_activity,2021-08-31,,2026-09-26T14:19:03+00:00,ok,0
oecd_bond_yield,es,nation,2021-09,0.330273,percent,oecd_activity,2021-09-30,,2026-09-26T14:19:03+00:00,ok,0
oecd_bond_yield,es,nation,2021-10,0.471,percent,oecd_activity,2021-10-31,,2026-09-26T14:19:03+00:00,ok,0
oecd_bond_yield,es,nation,2021-11,0.476682,percent,oecd_activity,2021-11-30,,2026-09-26T14:19:03+00:00,ok,0
oecd_bond_yield,es,nation,2021-12,0.413318,percent,oecd_activity,2021-12-31,,2026-09-26T14:19:03+00:00,ok,0
oecd_bond_yield,es,nation,2022-01,0.664524,percent,oecd_activity,2022-01-31,,2026-09-26T14:19:03+00:00,ok,0
oecd_bond_yield,es,nation,2022-02,1.11215,percent,oecd_activity,2022-02-28,,2026-09-26T14:19:03+00:00,ok,0
oecd_bond_yield,es,nation,2022-03,1.225348,percent,oecd_activity,2022-03-31,,2026-09-26T14:19:03+00:00,ok,0
oecd_bond_yield,es,nation,2022-04,1.689474,percent,oecd_activity,2022-04-30,,2026-09-26T14:19:03+00:00,ok,0
oecd_bond_yield,es,nation,2022-05,2.051364,percent,oecd_activity,2022-05-31,,2026-09-26T14:19:03+00:00,ok,0
oecd_bond_yield,es,nation,2022-06,2.6485,percent,oecd_activity,2022-06-30,,2026-09-26T14:19:03+00:00,ok,0
oecd_bond_yield,es,nation,2022-07,2.333238,percent,oecd_activity,2022-07-31,,2026-09-26T14:19:03+00:00,ok,0
oecd_bond_yield,es,nation,2022-08,2.175869,percent,oecd_activity,2022-08-31,,2026-09-26T14:19:03+00:00,ok,0
oecd_bond_yield,es,nation,2022-09,2.952045,percent,oecd_activity,2022-09-30,,2026-09-26T14:19:03+00:00,ok,0
oecd_bond_yield,es,nation,2022-10,3.31419,percent,oecd_activity,2022-10-31,,2026-09-26T14:19:03+00:00,ok,0
oecd_bond_yield,es,nation,2022-11,3.105,percent,oecd_activity,2022-11-30,,2026-09-26T14:19:03+00:00,ok,0
oecd_bond_yield,es,nation,2022-12,3.111,percent,oecd_activity,2022-12-31,,2026-09-26T14:19:03+00:00,ok,0
oecd_bond_yield,es,nation,2023-01,3.222636,percent,oecd_activity,2023-01-31,,2026-09-26T14:19:03+00:00,ok,0
oecd_bond_yield,es,nation,2023-02,3.3891,percent,oecd_activity,2023-02-28,,2026-09-26T14:19:03+00:00,ok,0
oecd_bond_yield,es,nation,2023-03,3.443087,percent,oecd_activity,2023-03-31,,2026-09-26T14:19:03+00:00,ok,0
oecd_bond_yield,es,nation,2023-04,3.408167,percent,oecd_activity,2023-04-30,,2026-09-26T14:19:03+00:00,ok,0
oecd_bond_yield,es,nation,2023-05,3.413727,percent,oecd_activity,2023-05-31,,2026-09-26T14:19:03+00:00,ok,0
oecd_bond_yield,es,nation,2023-06,3.404227,percent,oecd_activity,2023-06-30,,2026-09-26T14:19:03+00:00,ok,0
oecd_bond_yield,es,nation,2023-07,3.497381,percent,oecd_activity,2023-07-31,,2026-09-26T14:19:03+00:00,ok,0
oecd_bond_yield,es,nation,2023-08,3.587217,percent,oecd_activity,2023-08-31,,2026-09-26T14:19:03+00:00,ok,0
oecd_bond_yield,es,nation,2023-09,3.720905,percent,oecd_activity,2023-09-30,,2026-09-26T14:19:03+00:00,ok,0
oecd_bond_yield,es,nation,2023-10,3.951227,percent,oecd_activity,2023-10-31,,2026-09-26T14:19:03+00:00,ok,0
oecd_bond_yield,es,nation,2023-11,3.659409,percent,oecd_activity,2023-11-30,,2026-09-26T14:19:03+00:00,ok,0
oecd_bond_yield,es,nation,2023-12,3.141,percent,oecd_activity,2023-12-31,,2026-09-26T14:19:03+00:00,ok,0
oecd_bond_yield,es,nation,2024-01,3.185955,percent,oecd_activity,2024-01-31,,2026-09-26T14:19:03+00:00,ok,0
oecd_bond_yield,es,nation,2024-02,3.272524,percent,oecd_activity,2024-02-29,,2026-09-26T14:19:03+00:00,ok,0
oecd_bond_yield,es,nation,2024-03,3.1896,percent,oecd_activity,2024-03-31,,2026-09-26T14:19:03+00:00,ok,0
oecd_bond_yield,es,nation,2024-04,3.281524,percent,oecd_activity,2024-04-30,,2026-09-26T14:19:03+00:00,ok,0
oecd_bond_yield,es,nation,2024-05,3.298913,percent,oecd_activity,2024-05-31,,2026-09-26T14:19:03+00:00,ok,0
oecd_bond_yield,es,nation,2024-06,3.35605,percent,oecd_activity,2024-06-30,,2026-09-26T14:19:03+00:00,ok,0
oecd_bond_yield,es,nation,2024-07,3.280391,percent,oecd_activity,2024-07-31,,2026-09-26T14:19:03+00:00,ok,0
oecd_bond_yield,es,nation,2024-08,3.071045,percent,oecd_activity,2024-08-31,,2026-09-26T14:19:03+00:00,ok,0
oecd_bond_yield,es,nation,2024-09,2.995667,percent,oecd_activity,2024-09-30,,2026-09-26T14:19:03+00:00,ok,0
oecd_bond_yield,es,nation,2024-10,2.967609,percent,oecd_activity,2024-10-31,,2026-09-26T14:19:03+00:00,ok,0
oecd_bond_yield,es,nation,2024-11,3.055619,percent,oecd_activity,2024-11-30,,2026-09-26T14:19:03+00:00,ok,0
oecd_bond_yield,es,nation,2024-12,2.89065,percent,oecd_activity,2024-12-31,,2026-09-26T14:19:03+00:00,ok,0
oecd_bond_yield,es,nation,2025-01,3.173182,percent,oecd_activity,2025-01-31,,2026-09-26T14:19:03+00:00,ok,0
oecd_bond_yield,es,nation,2025-02,3.09985,percent,oecd_activity,2025-02-28,,2026-09-26T14:19:03+00:00,ok,0
oecd_bond_yield,es,nation,2025-03,3.38919,percent,oecd_activity,2025-03-31,,2026-09-26T14:19:03+00:00,ok,0
oecd_bond_yield,es,nation,2025-04,3.2291,percent,oecd_activity,2025-04-30,,2026-09-26T14:19:03+00:00,ok,0
oecd_bond_yield,es,nation,2025-05,3.208909,percent,oecd_activity,2025-05-31,,2026-09-26T14:19:03+00:00,ok,0
oecd_bond_yield,es,nation,2025-06,3.167428,percent,oecd_activity,2025-06-30,,2026-09-26T14:19:03+00:00,ok,0
oecd_bond_yield,es,nation,2025-07,3.243087,percent,oecd_activity,2025-07-31,,2026-09-26T14:19:03+00:00,ok,0
oecd_bond_yield,es,nation,2025-08,3.256619,percent,oecd_activity,2025-08-31,,2026-09-26T14:19:03+00:00,ok,0
oecd_bond_yield,es,nation,2025-09,3.266227,percent,oecd_activity,2025-09-30,,2026-09-26T14:19:03+00:00,ok,0
oecd_bond_yield,es,nation,2025-10,3.151391,percent,oecd_activity,2025-10-31,,2026-09-26T14:19:03+00:00,ok,0
oecd_bond_yield,es,nation,2025-11,3.1788,percent,oecd_activity,2025-11-30,,2026-09-26T14:19:03+00:00,ok,0
oecd_bond_yield,es,nation,2025-12,3.271905,percent,oecd_activity,2025-12-31,,2026-09-26T14:19:03+00:00,ok,0
oecd_bond_yield,es,nation,2026-01,3.269238,percent,oecd_activity,2026-01-31,,2026-09-26T14:19:03+00:00,ok,0
oecd_bond_yield,es,nation,2026-02,3.1826,percent,oecd_activity,2026-02-28,,2026-09-26T14:19:03+00:00,ok,0
oecd_bond_yield,es,nation,2026-03,3.385773,percent,oecd_activity,2026-03-31,,2026-09-26T14:19:03+00:00,ok,0
oecd_bond_yield,es,nation,2026-04,3.4491,percent,oecd_activity,2026-04-30,,2026-09-26T14:19:03+00:00,ok,0
oecd_bond_yield,es,nation,2026-05,3.48225,percent,oecd_activity,2026-05-31,,2026-09-26T14:19:03+00:00,ok,0
oecd_bond_yield,es,nation,2026-06,3.416364,percent,oecd_activity,2026-06-30,,2026-09-26T14:19:03+00:00,ok,0
oecd_bond_yield,es,nation,2026-07,3.533261,percent,oecd_activity,2026-07-31,,2026-09-26T14:19:03+00:00,ok,0
oecd_bond_yield,es,nation,2026-08,3.633,percent,oecd_activity,2026-08-31,,2026-09-26T14:19:03+00:00,ok,0
oecd_bond_yield,fr,nation,2015-01,0.67,percent,oecd_activity,2015-01-31,,2026-09-26T14:19:03+00:00,ok,0
oecd_bond_yield,fr,nation,2015-02,0.6,percent,oecd_activity,2015-02-28,,2026-09-26T14:19:03+00:00,ok,0
oecd_bond_yield,fr,nation,2015-03,0.51,percent,oecd_activity,2015-03-31,,2026-09-26T14:19:03+00:00,ok,0
oecd_bond_yield,fr,nation,2015-04,0.44,percent,oecd_activity,2015-04-30,,2026-09-26T14:19:03+00:00,ok,0
oecd_bond_yield,fr,nation,2015-05,0.89,percent,oecd_activity,2015-05-31,,2026-09-26T14:19:03+00:00,ok,0
oecd_bond_yield,fr,nation,2015-06,1.2,percent,oecd_activity,2015-06-30,,2026-09-26T14:19:03+00:00,ok,0
oecd_bond_yield,fr,nation,2015-07,1.11,percent,oecd_activity,2015-07-31,,2026-09-26T14:19:03+00:00,ok,0
oecd_bond_yield,fr,nation,2015-08,1.01,percent,oecd_activity,2015-08-31,,2026-09-26T14:19:03+00:00,ok,0
oecd_bond_yield,fr,nation,2015-09,1,percent,oecd_activity,2015-09-30,,2026-09-26T14:19:03+00:00,ok,0
oecd_bond_yield,fr,nation,2015-10,0.87,percent,oecd_activity,2015-10-31,,2026-09-26T14:19:03+00:00,ok,0
oecd_bond_yield,fr,nation,2015-11,0.88,percent,oecd_activity,2015-11-30,,2026-09-26T14:19:03+00:00,ok,0
oecd_bond_yield,fr,nation,2015-12,0.93,percent,oecd_activity,2015-12-31,,2026-09-26T14:19:03+00:00,ok,0
oecd_bond_yield,fr,nation,2016-01,0.84,percent,oecd_activity,2016-01-31,,2026-09-26T14:19:03+00:00,ok,0
oecd_bond_yield,fr,nation,2016-02,0.59,percent,oecd_activity,2016-02-29,,2026-09-26T14:19:03+00:00,ok,0
oecd_bond_yield,fr,nation,2016-03,0.51,percent,oecd_activity,2016-03-31,,2026-09-26T14:19:03+00:00,ok,0
oecd_bond_yield,fr,nation,2016-04,0.51,percent,oecd_activity,2016-04-30,,2026-09-26T14:19:03+00:00,ok,0
oecd_bond_yield,fr,nation,2016-05,0.51,percent,oecd_activity,2016-05-31,,2026-09-26T14:19:03+00:00,ok,0
oecd_bond_yield,fr,nation,2016-06,0.39,percent,oecd_activity,2016-06-30,,2026-09-26T14:19:03+00:00,ok,0
oecd_bond_yield,fr,nation,2016-07,0.17,percent,oecd_activity,2016-07-31,,2026-09-26T14:19:03+00:00,ok,0
oecd_bond_yield,fr,nation,2016-08,0.15,percent,oecd_activity,2016-08-31,,2026-09-26T14:19:03+00:00,ok,0
oecd_bond_yield,fr,nation,2016-09,0.18,percent,oecd_activity,2016-09-30,,2026-09-26T14:19:03+00:00,ok,0
oecd_bond_yield,fr,nation,2016-10,0.33,percent,oecd_activity,2016-10-31,,2026-09-26T14:19:03+00:00,ok,0
oecd_bond_yield,fr,nation,2016-11,0.67,percent,oecd_activity,2016-11-30,,2026-09-26T14:19:03+00:00,ok,0
oecd_bond_yield,fr,nation,2016-12,0.75,percent,oecd_activity,2016-12-31,,2026-09-26T14:19:03+00:00,ok,0
oecd_bond_yield,fr,nation,2017-01,0.86,percent,oecd_activity,2017-01-31,,2026-09-26T14:19:03+00:00,ok,0
oecd_bond_yield,fr,nation,2017-02,1.03,percent,oecd_activity,2017-02-28,,2026-09-26T14:19:03+00:00,ok,0
oecd_bond_yield,fr,nation,2017-03,1.02,percent,oecd_activity,2017-03-31,,2026-09-26T14:19:03+00:00,ok,0
oecd_bond_yield,fr,nation,2017-04,0.88,percent,oecd_activity,2017-04-30,,2026-09-26T14:19:03+00:00,ok,0
oecd_bond_yield,fr,nation,2017-05,0.81,percent,oecd_activity,2017-05-31,,2026-09-26T14:19:03+00:00,ok,0
oecd_bond_yield,fr,nation,2017-06,0.66,percent,oecd_activity,2017-06-30,,2026-09-26T14:19:03+00:00,ok,0
oecd_bond_yield,fr,nation,2017-07,0.84,percent,oecd_activity,2017-07-31,,2026-09-26T14:19:03+00:00,ok,0
oecd_bond_yield,fr,nation,2017-08,0.71,percent,oecd_activity,2017-08-31,,2026-09-26T14:19:03+00:00,ok,0
oecd_bond_yield,fr,nation,2017-09,0.7,percent,oecd_activity,2017-09-30,,2026-09-26T14:19:03+00:00,ok,0
oecd_bond_yield,fr,nation,2017-10,0.81,percent,oecd_activity,2017-10-31,,2026-09-26T14:19:03+00:00,ok,0
oecd_bond_yield,fr,nation,2017-11,0.72,percent,oecd_activity,2017-11-30,,2026-09-26T14:19:03+00:00,ok,0
oecd_bond_yield,fr,nation,2017-12,0.67,percent,oecd_activity,2017-12-31,,2026-09-26T14:19:03+00:00,ok,0
oecd_bond_yield,fr,nation,2018-01,0.85,percent,oecd_activity,2018-01-31,,2026-09-26T14:19:03+00:00,ok,0
oecd_bond_yield,fr,nation,2018-02,0.98,percent,oecd_activity,2018-02-28,,2026-09-26T14:19:03+00:00,ok,0
oecd_bond_yield,fr,nation,2018-03,0.83,percent,oecd_activity,2018-03-31,,2026-09-26T14:19:03+00:00,ok,0
oecd_bond_yield,fr,nation,2018-04,0.78,percent,oecd_activity,2018-04-30,,2026-09-26T14:19:03+00:00,ok,0
oecd_bond_yield,fr,nation,2018-05,0.79,percent,oecd_activity,2018-05-31,,2026-09-26T14:19:03+00:00,ok,0
oecd_bond_yield,fr,nation,2018-06,0.75,percent,oecd_activity,2018-06-30,,2026-09-26T14:19:03+00:00,ok,0
oecd_bond_yield,fr,nation,2018-07,0.67,percent,oecd_activity,2018-07-31,,2026-09-26T14:19:03+00:00,ok,0
oecd_bond_yield,fr,nation,2018-08,0.7,percent,oecd_activity,2018-08-31,,2026-09-26T14:19:03+00:00,ok,0
oecd_bond_yield,fr,nation,2018-09,0.77,percent,oecd_activity,2018-09-30,,2026-09-26T14:19:03+00:00,ok,0
oecd_bond_yield,fr,nation,2018-10,0.82,percent,oecd_activity,2018-10-31,,2026-09-26T14:19:03+00:00,ok,0
oecd_bond_yield,fr,nation,2018-11,0.76,percent,oecd_activity,2018-11-30,,2026-09-26T14:19:03+00:00,ok,0
oecd_bond_yield,fr,nation,2018-12,0.7,percent,oecd_activity,2018-12-31,,2026-09-26T14:19:03+00:00,ok,0
oecd_bond_yield,fr,nation,2019-01,0.65,percent,oecd_activity,2019-01-31,,2026-09-26T14:19:03+00:00,ok,0
oecd_bond_yield,fr,nation,2019-02,0.55,percent,oecd_activity,2019-02-28,,2026-09-26T14:19:03+00:00,ok,0
oecd_bond_yield,fr,nation,2019-03,0.44,percent,oecd_activity,2019-03-31,,2026-09-26T14:19:03+00:00,ok,0
oecd_bond_yield,fr,nation,2019-04,0.37,percent,oecd_activity,2019-04-30,,2026-09-26T14:19:03+00:00,ok,0
oecd_bond_yield,fr,nation,2019-05,0.3,percent,oecd_activity,2019-05-31,,2026-09-26T14:19:03+00:00,ok,0
oecd_bond_yield,fr,nation,2019-06,0.08,percent,oecd_activity,2019-06-30,,2026-09-26T14:19:03+00:00,ok,0
oecd_bond_yield,fr,nation,2019-07,-0.07,percent,oecd_activity,2019-07-31,,2026-09-26T14:19:03+00:00,ok,0
oecd_bond_yield,fr,nation,2019-08,-0.34,percent,oecd_activity,2019-08-31,,2026-09-26T14:19:03+00:00,ok,0
oecd_bond_yield,fr,nation,2019-09,-0.27,percent,oecd_activity,2019-09-30,,2026-09-26T14:19:03+00:00,ok,0
oecd_bond_yield,fr,nation,2019-10,-0.16,percent,oecd_activity,2019-10-31,,2026-09-26T14:19:03+00:00,ok,0
oecd_bond_yield,fr,nation,2019-11,-0.02,percent,oecd_activity,2019-11-30,,2026-09-26T14:19:03+00:00,ok,0
oecd_bond_yield,fr,nation,2019-12,0.04,percent,oecd_activity,2019-12-31,,2026-09-26T14:19:03+00:00,ok,0
oecd_bond_yield,fr,nation,2020-01,-0.01,percent,oecd_activity,2020-01-31,,2026-09-26T14:19:03+00:00,ok,0
oecd_bond_yield,fr,nation,2020-02,-0.18,percent,oecd_activity,2020-02-29,,2026-09-26T14:19:03+00:00,ok,0
oecd_bond_yield,fr,nation,2020-03,-0.05,percent,oecd_activity,2020-03-31,,2026-09-26T14:19:03+00:00,ok,0
oecd_bond_yield,fr,nation,2020-04,0.06,percent,oecd_activity,2020-04-30,,2026-09-26T14:19:03+00:00,ok,0
oecd_bond_yield,fr,nation,2020-05,-0.03,percent,oecd_activity,2020-05-31,,2026-09-26T14:19:03+00:00,ok,0
oecd_bond_yield,fr,nation,2020-06,-0.04,percent,oecd_activity,2020-06-30,,2026-09-26T14:19:03+00:00,ok,0
oecd_bond_yield,fr,nation,2020-07,-0.15,percent,oecd_activity,2020-07-31,,2026-09-26T14:19:03+00:00,ok,0
oecd_bond_yield,fr,nation,2020-08,-0.17,percent,oecd_activity,2020-08-31,,2026-09-26T14:19:03+00:00,ok,0
oecd_bond_yield,fr,nation,2020-09,-0.21,percent,oecd_activity,2020-09-30,,2026-09-26T14:19:03+00:00,ok,0
oecd_bond_yield,fr,nation,2020-10,-0.3,percent,oecd_activity,2020-10-31,,2026-09-26T14:19:03+00:00,ok,0
oecd_bond_yield,fr,nation,2020-11,-0.32,percent,oecd_activity,2020-11-30,,2026-09-26T14:19:03+00:00,ok,0
oecd_bond_yield,fr,nation,2020-12,-0.34,percent,oecd_activity,2020-12-31,,2026-09-26T14:19:03+00:00,ok,0
oecd_bond_yield,fr,nation,2021-01,-0.31,percent,oecd_activity,2021-01-31,,2026-09-26T14:19:03+00:00,ok,0
oecd_bond_yield,fr,nation,2021-02,-0.15,percent,oecd_activity,2021-02-28,,2026-09-26T14:19:03+00:00,ok,0
oecd_bond_yield,fr,nation,2021-03,-0.07,percent,oecd_activity,2021-03-31,,2026-09-26T14:19:03+00:00,ok,0
oecd_bond_yield,fr,nation,2021-04,-0.01,percent,oecd_activity,2021-04-30,,2026-09-26T14:19:03+00:00,ok,0
oecd_bond_yield,fr,nation,2021-05,0.21,percent,oecd_activity,2021-05-31,,2026-09-26T14:19:03+00:00,ok,0
oecd_bond_yield,fr,nation,2021-06,0.15,percent,oecd_activity,2021-06-30,,2026-09-26T14:19:03+00:00,ok,0
oecd_bond_yield,fr,nation,2021-07,-0.01,percent,oecd_activity,2021-07-31,,2026-09-26T14:19:03+00:00,ok,0
oecd_bond_yield,fr,nation,2021-08,-0.12,percent,oecd_activity,2021-08-31,,2026-09-26T14:19:03+00:00,ok,0
oecd_bond_yield,fr,nation,2021-09,0.04,percent,oecd_activity,2021-09-30,,2026-09-26T14:19:03+00:00,ok,0
oecd_bond_yield,fr,nation,2021-10,0.2,percent,oecd_activity,2021-10-31,,2026-09-26T14:19:03+00:00,ok,0
oecd_bond_yield,fr,nation,2021-11,0.1,percent,oecd_activity,2021-11-30,,2026-09-26T14:19:03+00:00,ok,0
oecd_bond_yield,fr,nation,2021-12,0.05,percent,oecd_activity,2021-12-31,,2026-09-26T14:19:03+00:00,ok,0
oecd_bond_yield,fr,nation,2022-01,0.31,percent,oecd_activity,2022-01-31,,2026-09-26T14:19:03+00:00,ok,0
oecd_bond_yield,fr,nation,2022-02,0.68,percent,oecd_activity,2022-02-28,,2026-09-26T14:19:03+00:00,ok,0
oecd_bond_yield,fr,nation,2022-03,0.78,percent,oecd_activity,2022-03-31,,2026-09-26T14:19:03+00:00,ok,0
oecd_bond_yield,fr,nation,2022-04,1.28,percent,oecd_activity,2022-04-30,,2026-09-26T14:19:03+00:00,ok,0
oecd_bond_yield,fr,nation,2022-05,1.52,percent,oecd_activity,2022-05-31,,2026-09-26T14:19:03+00:00,ok,0
oecd_bond_yield,fr,nation,2022-06,2.06,percent,oecd_activity,2022-06-30,,2026-09-26T14:19:03+00:00,ok,0
oecd_bond_yield,fr,nation,2022-07,1.71,percent,oecd_activity,2022-07-31,,2026-09-26T14:19:03+00:00,ok,0
oecd_bond_yield,fr,nation,2022-08,1.69,percent,oecd_activity,2022-08-31,,2026-09-26T14:19:03+00:00,ok,0
oecd_bond_yield,fr,nation,2022-09,2.41,percent,oecd_activity,2022-09-30,,2026-09-26T14:19:03+00:00,ok,0
oecd_bond_yield,fr,nation,2022-10,2.77,percent,oecd_activity,2022-10-31,,2026-09-26T14:19:03+00:00,ok,0
oecd_bond_yield,fr,nation,2022-11,2.58,percent,oecd_activity,2022-11-30,,2026-09-26T14:19:03+00:00,ok,0
oecd_bond_yield,fr,nation,2022-12,2.62,percent,oecd_activity,2022-12-31,,2026-09-26T14:19:03+00:00,ok,0
oecd_bond_yield,fr,nation,2023-01,2.69,percent,oecd_activity,2023-01-31,,2026-09-26T14:19:03+00:00,ok,0
oecd_bond_yield,fr,nation,2023-02,2.87,percent,oecd_activity,2023-02-28,,2026-09-26T14:19:03+00:00,ok,0
oecd_bond_yield,fr,nation,2023-03,2.92,percent,oecd_activity,2023-03-31,,2026-09-26T14:19:03+00:00,ok,0
oecd_bond_yield,fr,nation,2023-04,2.9,percent,oecd_activity,2023-04-30,,2026-09-26T14:19:03+00:00,ok,0
oecd_bond_yield,fr,nation,2023-05,2.94,percent,oecd_activity,2023-05-31,,2026-09-26T14:19:03+00:00,ok,0
oecd_bond_yield,fr,nation,2023-06,2.93,percent,oecd_activity,2023-06-30,,2026-09-26T14:19:03+00:00,ok,0
oecd_bond_yield,fr,nation,2023-07,3.04,percent,oecd_activity,2023-07-31,,2026-09-26T14:19:03+00:00,ok,0
oecd_bond_yield,fr,nation,2023-08,3.11,percent,oecd_activity,2023-08-31,,2026-09-26T14:19:03+00:00,ok,0
oecd_bond_yield,fr,nation,2023-09,3.24,percent,oecd_activity,2023-09-30,,2026-09-26T14:19:03+00:00,ok,0
oecd_bond_yield,fr,nation,2023-10,3.45,percent,oecd_activity,2023-10-31,,2026-09-26T14:19:03+00:00,ok,0
oecd_bond_yield,fr,nation,2023-11,3.19,percent,oecd_activity,2023-11-30,,2026-09-26T14:19:03+00:00,ok,0
oecd_bond_yield,fr,nation,2023-12,2.65,percent,oecd_activity,2023-12-31,,2026-09-26T14:19:03+00:00,ok,0
oecd_bond_yield,fr,nation,2024-01,2.74,percent,oecd_activity,2024-01-31,,2026-09-26T14:19:03+00:00,ok,0
oecd_bond_yield,fr,nation,2024-02,2.85,percent,oecd_activity,2024-02-29,,2026-09-26T14:19:03+00:00,ok,0
oecd_bond_yield,fr,nation,2024-03,2.82,percent,oecd_activity,2024-03-31,,2026-09-26T14:19:03+00:00,ok,0
oecd_bond_yield,fr,nation,2024-04,2.97,percent,oecd_activity,2024-04-30,,2026-09-26T14:19:03+00:00,ok,0
oecd_bond_yield,fr,nation,2024-05,3.03,percent,oecd_activity,2024-05-31,,2026-09-26T14:19:03+00:00,ok,0
oecd_bond_yield,fr,nation,2024-06,3.15,percent,oecd_activity,2024-06-30,,2026-09-26T14:19:03+00:00,ok,0
oecd_bond_yield,fr,nation,2024-07,3.14,percent,oecd_activity,2024-07-31,,2026-09-26T14:19:03+00:00,ok,0
oecd_bond_yield,fr,nation,2024-08,2.94,percent,oecd_activity,2024-08-31,,2026-09-26T14:19:03+00:00,ok,0
oecd_bond_yield,fr,nation,2024-09,2.9,percent,oecd_activity,2024-09-30,,2026-09-26T14:19:03+00:00,ok,0
oecd_bond_yield,fr,nation,2024-10,2.99,percent,oecd_activity,2024-10-31,,2026-09-26T14:19:03+00:00,ok,0
oecd_bond_yield,fr,nation,2024-11,3.09,percent,oecd_activity,2024-11-30,,2026-09-26T14:19:03+00:00,ok,0
oecd_bond_yield,fr,nation,2024-12,3.01,percent,oecd_activity,2024-12-31,,2026-09-26T14:19:03+00:00,ok,0
oecd_bond_yield,fr,nation,2025-01,3.32,percent,oecd_activity,2025-01-31,,2026-09-26T14:19:03+00:00,ok,0
oecd_bond_yield,fr,nation,2025-02,3.15,percent,oecd_activity,2025-02-28,,2026-09-26T14:19:03+00:00,ok,0
oecd_bond_yield,fr,nation,2025-03,3.43,percent,oecd_activity,2025-03-31,,2026-09-26T14:19:03+00:00,ok,0
oecd_bond_yield,fr,nation,2025-04,3.26,percent,oecd_activity,2025-04-30,,2026-09-26T14:19:03+00:00,ok,0
oecd_bond_yield,fr,nation,2025-05,3.26,percent,oecd_activity,2025-05-31,,2026-09-26T14:19:03+00:00,ok,0
oecd_bond_yield,fr,nation,2025-06,3.24,percent,oecd_activity,2025-06-30,,2026-09-26T14:19:03+00:00,ok,0
oecd_bond_yield,fr,nation,2025-07,3.36,percent,oecd_activity,2025-07-31,,2026-09-26T14:19:03+00:00,ok,0
oecd_bond_yield,fr,nation,2025-08,3.42,percent,oecd_activity,2025-08-31,,2026-09-26T14:19:03+00:00,ok,0
oecd_bond_yield,fr,nation,2025-09,3.51,percent,oecd_activity,2025-09-30,,2026-09-26T14:19:03+00:00,ok,0
oecd_bond_yield,fr,nation,2025-10,3.44,percent,oecd_activity,2025-10-31,,2026-09-26T14:19:03+00:00,ok,0
oecd_bond_yield,fr,nation,2025-11,3.44,percent,oecd_activity,2025-11-30,,2026-09-26T14:19:03+00:00,ok,0
oecd_bond_yield,fr,nation,2025-12,3.56,percent,oecd_activity,2025-12-31,,2026-09-26T14:19:03+00:00,ok,0
oecd_bond_yield,fr,nation,2026-01,3.53,percent,oecd_activity,2026-01-31,,2026-09-26T14:19:03+00:00,ok,0
oecd_bond_yield,fr,nation,2026-02,3.4,percent,oecd_activity,2026-02-28,,2026-09-26T14:19:03+00:00,ok,0
oecd_bond_yield,fr,nation,2026-03,3.64,percent,oecd_activity,2026-03-31,,2026-09-26T14:19:03+00:00,ok,0
oecd_bond_yield,fr,nation,2026-04,3.73,percent,oecd_activity,2026-04-30,,2026-09-26T14:19:03+00:00,ok,0
oecd_bond_yield,fr,nation,2026-05,3.74,percent,oecd_activity,2026-05-31,,2026-09-26T14:19:03+00:00,ok,0
oecd_bond_yield,fr,nation,2026-06,3.68,percent,oecd_activity,2026-06-30,,2026-09-26T14:19:03+00:00,ok,0
oecd_bond_yield,fr,nation,2026-07,3.85,percent,oecd_activity,2026-07-31,,2026-09-26T14:19:03+00:00,ok,0
oecd_bond_yield,fr,nation,2026-08,4,percent,oecd_activity,2026-08-31,,2026-09-26T14:19:03+00:00,ok,0
oecd_bond_yield,gb,nation,2015-01,1.589,percent,oecd_activity,2015-01-31,,2026-09-26T14:19:03+00:00,ok,0
oecd_bond_yield,gb,nation,2015-02,1.7365,percent,oecd_activity,2015-02-28,,2026-09-26T14:19:03+00:00,ok,0
oecd_bond_yield,gb,nation,2015-03,1.7941,percent,oecd_activity,2015-03-31,,2026-09-26T14:19:03+00:00,ok,0
oecd_bond_yield,gb,nation,2015-04,1.755,percent,oecd_activity,2015-04-30,,2026-09-26T14:19:03+00:00,ok,0
oecd_bond_yield,gb,nation,2015-05,2.0243,percent,oecd_activity,2015-05-31,,2026-09-26T14:19:03+00:00,ok,0
oecd_bond_yield,gb,nation,2015-06,2.1696,percent,oecd_activity,2015-06-30,,2026-09-26T14:19:03+00:00,ok,0
oecd_bond_yield,gb,nation,2015-07,2.1353,percent,oecd_activity,2015-07-31,,2026-09-26T14:19:03+00:00,ok,0
oecd_bond_yield,gb,nation,2015-08,1.9799,percent,oecd_activity,2015-08-31,,2026-09-26T14:19:03+00:00,ok,0
oecd_bond_yield,gb,nation,2015-09,1.8814,percent,oecd_activity,2015-09-30,,2026-09-26T14:19:03+00:00,ok,0
oecd_bond_yield,gb,nation,2015-10,1.846,percent,oecd_activity,2015-10-31,,2026-09-26T14:19:03+00:00,ok,0
oecd_bond_yield,gb,nation,2015-11,1.9779,percent,oecd_activity,2015-11-30,,2026-09-26T14:19:03+00:00,ok,0
oecd_bond_yield,gb,nation,2015-12,1.9234,percent,oecd_activity,2015-12-31,,2026-09-26T14:19:03+00:00,ok,0
oecd_bond_yield,gb,nation,2016-01,1.7833,percent,oecd_activity,2016-01-31,,2026-09-26T14:19:03+00:00,ok,0
oecd_bond_yield,gb,nation,2016-02,1.5032,percent,oecd_activity,2016-02-29,,2026-09-26T14:19:03+00:00,ok,0
oecd_bond_yield,gb,nation,2016-03,1.5434,percent,oecd_activity,2016-03-31,,2026-09-26T14:19:03+00:00,ok,0
oecd_bond_yield,gb,nation,2016-04,1.5688,percent,oecd_activity,2016-04-30,,2026-09-26T14:19:03+00:00,ok,0
oecd_bond_yield,gb,nation,2016-05,1.5366,percent,oecd_activity,2016-05-31,,2026-09-26T14:19:03+00:00,ok,0
oecd_bond_yield,gb,nation,2016-06,1.3105,percent,oecd_activity,2016-06-30,,2026-09-26T14:19:03+00:00,ok,0
oecd_bond_yield,gb,nation,2016-07,0.9569,percent,oecd_activity,2016-07-31,,2026-09-26T14:19:03+00:00,ok,0
oecd_bond_yield,gb,nation,2016-08,0.7421,percent,oecd_activity,2016-08-31,,2026-09-26T14:19:03+00:00,ok,0
oecd_bond_yield,gb,nation,2016-09,0.8243,percent,oecd_activity,2016-09-30,,2026-09-26T14:19:03+00:00,ok,0
oecd_bond_yield,gb,nation,2016-10,1.078,percent,oecd_activity,2016-10-31,,2026-09-26T14:19:03+00:00,ok,0
oecd_bond_yield,gb,nation,2016-11,1.3818,percent,oecd_activity,2016-11-30,,2026-09-26T14:19:03+00:00,ok,0
oecd_bond_yield,gb,nation,2016-12,1.4336,percent,oecd_activity,2016-12-31,,2026-09-26T14:19:03+00:00,ok,0
oecd_bond_yield,gb,nation,2017-01,1.4203,percent,oecd_activity,2017-01-31,,2026-09-26T14:19:03+00:00,ok,0
oecd_bond_yield,gb,nation,2017-02,1.3058,percent,oecd_activity,2017-02-28,,2026-09-26T14:19:03+00:00,ok,0
oecd_bond_yield,gb,nation,2017-03,1.194,percent,oecd_activity,2017-03-31,,2026-09-26T14:19:03+00:00,ok,0
oecd_bond_yield,gb,nation,2017-04,1.0789,percent,oecd_activity,2017-04-30,,2026-09-26T14:19:03+00:00,ok,0
oecd_bond_yield,gb,nation,2017-05,1.1175,percent,oecd_activity,2017-05-31,,2026-09-26T14:19:03+00:00,ok,0
oecd_bond_yield,gb,nation,2017-06,1.0846,percent,oecd_activity,2017-06-30,,2026-09-26T14:19:03+00:00,ok,0
oecd_bond_yield,gb,nation,2017-07,1.2713,percent,oecd_activity,2017-07-31,,2026-09-26T14:19:03+00:00,ok,0
oecd_bond_yield,gb,nation,2017-08,1.1241,percent,oecd_activity,2017-08-31,,2026-09-26T14:19:03+00:00,ok,0
oecd_bond_yield,gb,nation,2017-09,1.2436,percent,oecd_activity,2017-09-30,,2026-09-26T14:19:03+00:00,ok,0
oecd_bond_yield,gb,nation,2017-10,1.3816,percent,oecd_activity,2017-10-31,,2026-09-26T14:19:03+00:00,ok,0
oecd_bond_yield,gb,nation,2017-11,1.3299,percent,oecd_activity,2017-11-30,,2026-09-26T14:19:03+00:00,ok,0
oecd_bond_yield,gb,nation,2017-12,1.2781,percent,oecd_activity,2017-12-31,,2026-09-26T14:19:03+00:00,ok,0
oecd_bond_yield,gb,nation,2018-01,1.3931,percent,oecd_activity,2018-01-31,,2026-09-26T14:19:03+00:00,ok,0
oecd_bond_yield,gb,nation,2018-02,1.6034,percent,oecd_activity,2018-02-28,,2026-09-26T14:19:03+00:00,ok,0
oecd_bond_yield,gb,nation,2018-03,1.508,percent,oecd_activity,2018-03-31,,2026-09-26T14:19:03+00:00,ok,0
oecd_bond_yield,gb,nation,2018-04,1.5108,percent,oecd_activity,2018-04-30,,2026-09-26T14:19:03+00:00,ok,0
oecd_bond_yield,gb,nation,2018-05,1.5016,percent,oecd_activity,2018-05-31,,2026-09-26T14:19:03+00:00,ok,0
oecd_bond_yield,gb,nation,2018-06,1.4229,percent,oecd_activity,2018-06-30,,2026-09-26T14:19:03+00:00,ok,0
oecd_bond_yield,gb,nation,2018-07,1.3739,percent,oecd_activity,2018-07-31,,2026-09-26T14:19:03+00:00,ok,0
oecd_bond_yield,gb,nation,2018-08,1.3991,percent,oecd_activity,2018-08-31,,2026-09-26T14:19:03+00:00,ok,0
oecd_bond_yield,gb,nation,2018-09,1.5023,percent,oecd_activity,2018-09-30,,2026-09-26T14:19:03+00:00,ok,0
oecd_bond_yield,gb,nation,2018-10,1.5462,percent,oecd_activity,2018-10-31,,2026-09-26T14:19:03+00:00,ok,0
oecd_bond_yield,gb,nation,2018-11,1.4541,percent,oecd_activity,2018-11-30,,2026-09-26T14:19:03+00:00,ok,0
oecd_bond_yield,gb,nation,2018-12,1.3125,percent,oecd_activity,2018-12-31,,2026-09-26T14:19:03+00:00,ok,0
oecd_bond_yield,gb,nation,2019-01,1.3221,percent,oecd_activity,2019-01-31,,2026-09-26T14:19:03+00:00,ok,0
oecd_bond_yield,gb,nation,2019-02,1.239,percent,oecd_activity,2019-02-28,,2026-09-26T14:19:03+00:00,ok,0
oecd_bond_yield,gb,nation,2019-03,1.19,percent,oecd_activity,2019-03-31,,2026-09-26T14:19:03+00:00,ok,0
oecd_bond_yield,gb,nation,2019-04,1.1906,percent,oecd_activity,2019-04-30,,2026-09-26T14:19:03+00:00,ok,0
oecd_bond_yield,gb,nation,2019-05,1.13,percent,oecd_activity,2019-05-31,,2026-09-26T14:19:03+00:00,ok,0
oecd_bond_yield,gb,nation,2019-06,0.919,percent,oecd_activity,2019-06-30,,2026-09-26T14:19:03+00:00,ok,0
oecd_bond_yield,gb,nation,2019-07,0.8304,percent,oecd_activity,2019-07-31,,2026-09-26T14:19:03+00:00,ok,0
oecd_bond_yield,gb,nation,2019-08,0.5776,percent,oecd_activity,2019-08-31,,2026-09-26T14:19:03+00:00,ok,0
oecd_bond_yield,gb,nation,2019-09,0.5981,percent,oecd_activity,2019-09-30,,2026-09-26T14:19:03+00:00,ok,0
oecd_bond_yield,gb,nation,2019-10,0.6373,percent,oecd_activity,2019-10-31,,2026-09-26T14:19:03+00:00,ok,0
oecd_bond_yield,gb,nation,2019-11,0.765,percent,oecd_activity,2019-11-30,,2026-09-26T14:19:03+00:00,ok,0
oecd_bond_yield,gb,nation,2019-12,0.8308,percent,oecd_activity,2019-12-31,,2026-09-26T14:19:03+00:00,ok,0
oecd_bond_yield,gb,nation,2020-01,0.7235,percent,oecd_activity,2020-01-31,,2026-09-26T14:19:03+00:00,ok,0
oecd_bond_yield,gb,nation,2020-02,0.633,percent,oecd_activity,2020-02-29,,2026-09-26T14:19:03+00:00,ok,0
oecd_bond_yield,gb,nation,2020-03,0.4609,percent,oecd_activity,2020-03-31,,2026-09-26T14:19:03+00:00,ok,0
oecd_bond_yield,gb,nation,2020-04,0.3577,percent,oecd_activity,2020-04-30,,2026-09-26T14:19:03+00:00,ok,0
oecd_bond_yield,gb,nation,2020-05,0.2743,percent,oecd_activity,2020-05-31,,2026-09-26T14:19:03+00:00,ok,0
oecd_bond_yield,gb,nation,2020-06,0.278,percent,oecd_activity,2020-06-30,,2026-09-26T14:19:03+00:00,ok,0
oecd_bond_yield,gb,nation,2020-07,0.2094,percent,oecd_activity,2020-07-31,,2026-09-26T14:19:03+00:00,ok,0
oecd_bond_yield,gb,nation,2020-08,0.2717,percent,oecd_activity,2020-08-31,,2026-09-26T14:19:03+00:00,ok,0
oecd_bond_yield,gb,nation,2020-09,0.273,percent,oecd_activity,2020-09-30,,2026-09-26T14:19:03+00:00,ok,0
oecd_bond_yield,gb,nation,2020-10,0.3058,percent,oecd_activity,2020-10-31,,2026-09-26T14:19:03+00:00,ok,0
oecd_bond_yield,gb,nation,2020-11,0.3836,percent,oecd_activity,2020-11-30,,2026-09-26T14:19:03+00:00,ok,0
oecd_bond_yield,gb,nation,2020-12,0.3224,percent,oecd_activity,2020-12-31,,2026-09-26T14:19:03+00:00,ok,0
oecd_bond_yield,gb,nation,2021-01,0.3672,percent,oecd_activity,2021-01-31,,2026-09-26T14:19:03+00:00,ok,0
oecd_bond_yield,gb,nation,2021-02,0.6222,percent,oecd_activity,2021-02-28,,2026-09-26T14:19:03+00:00,ok,0
oecd_bond_yield,gb,nation,2021-03,0.8456,percent,oecd_activity,2021-03-31,,2026-09-26T14:19:03+00:00,ok,0
oecd_bond_yield,gb,nation,2021-04,0.8515,percent,oecd_activity,2021-04-30,,2026-09-26T14:19:03+00:00,ok,0
oecd_bond_yield,gb,nation,2021-05,0.9058,percent,oecd_activity,2021-05-31,,2026-09-26T14:19:03+00:00,ok,0
oecd_bond_yield,gb,nation,2021-06,0.8549,percent,oecd_activity,2021-06-30,,2026-09-26T14:19:03+00:00,ok,0
oecd_bond_yield,gb,nation,2021-07,0.6979,percent,oecd_activity,2021-07-31,,2026-09-26T14:19:03+00:00,ok,0
oecd_bond_yield,gb,nation,2021-08,0.644,percent,oecd_activity,2021-08-31,,2026-09-26T14:19:03+00:00,ok,0
oecd_bond_yield,gb,nation,2021-09,0.8023,percent,oecd_activity,2021-09-30,,2026-09-26T14:19:03+00:00,ok,0
oecd_bond_yield,gb,nation,2021-10,1.083,percent,oecd_activity,2021-10-31,,2026-09-26T14:19:03+00:00,ok,0
oecd_bond_yield,gb,nation,2021-11,0.9394,percent,oecd_activity,2021-11-30,,2026-09-26T14:19:03+00:00,ok,0
oecd_bond_yield,gb,nation,2021-12,0.8375,percent,oecd_activity,2021-12-31,,2026-09-26T14:19:03+00:00,ok,0
oecd_bond_yield,gb,nation,2022-01,1.2051,percent,oecd_activity,2022-01-31,,2026-09-26T14:19:03+00:00,ok,0
oecd_bond_yield,gb,nation,2022-02,1.4891,percent,oecd_activity,2022-02-28,,2026-09-26T14:19:03+00:00,ok,0
oecd_bond_yield,gb,nation,2022-03,1.5457,percent,oecd_activity,2022-03-31,,2026-09-26T14:19:03+00:00,ok,0
oecd_bond_yield,gb,nation,2022-04,1.8362,percent,oecd_activity,2022-04-30,,2026-09-26T14:19:03+00:00,ok,0
oecd_bond_yield,gb,nation,2022-05,1.9069,percent,oecd_activity,2022-05-31,,2026-09-26T14:19:03+00:00,ok,0
oecd_bond_yield,gb,nation,2022-06,2.3824,percent,oecd_activity,2022-06-30,,2026-09-26T14:19:03+00:00,ok,0
oecd_bond_yield,gb,nation,2022-07,2.1454,percent,oecd_activity,2022-07-31,,2026-09-26T14:19:03+00:00,ok,0
oecd_bond_yield,gb,nation,2022-08,2.3278,percent,oecd_activity,2022-08-31,,2026-09-26T14:19:03+00:00,ok,0
oecd_bond_yield,gb,nation,2022-09,3.5007,percent,oecd_activity,2022-09-30,,2026-09-26T14:19:03+00:00,ok,0
oecd_bond_yield,gb,nation,2022-10,4.1096,percent,oecd_activity,2022-10-31,,2026-09-26T14:19:03+00:00,ok,0
oecd_bond_yield,gb,nation,2022-11,3.4171,percent,oecd_activity,2022-11-30,,2026-09-26T14:19:03+00:00,ok,0
oecd_bond_yield,gb,nation,2022-12,3.5015,percent,oecd_activity,2022-12-31,,2026-09-26T14:19:03+00:00,ok,0
oecd_bond_yield,gb,nation,2023-01,3.5115,percent,oecd_activity,2023-01-31,,2026-09-26T14:19:03+00:00,ok,0
oecd_bond_yield,gb,nation,2023-02,3.5553,percent,oecd_activity,2023-02-28,,2026-09-26T14:19:03+00:00,ok,0
oecd_bond_yield,gb,nation,2023-03,3.5638,percent,oecd_activity,2023-03-31,,2026-09-26T14:19:03+00:00,ok,0
oecd_bond_yield,gb,nation,2023-04,3.6503,percent,oecd_activity,2023-04-30,,2026-09-26T14:19:03+00:00,ok,0
oecd_bond_yield,gb,nation,2023-05,3.9621,percent,oecd_activity,2023-05-31,,2026-09-26T14:19:03+00:00,ok,0
oecd_bond_yield,gb,nation,2023-06,4.3659,percent,oecd_activity,2023-06-30,,2026-09-26T14:19:03+00:00,ok,0
oecd_bond_yield,gb,nation,2023-07,4.4372,percent,oecd_activity,2023-07-31,,2026-09-26T14:19:03+00:00,ok,0
oecd_bond_yield,gb,nation,2023-08,4.5298,percent,oecd_activity,2023-08-31,,2026-09-26T14:19:03+00:00,ok,0
oecd_bond_yield,gb,nation,2023-09,4.4199,percent,oecd_activity,2023-09-30,,2026-09-26T14:19:03+00:00,ok,0
oecd_bond_yield,gb,nation,2023-10,4.5695,percent,oecd_activity,2023-10-31,,2026-09-26T14:19:03+00:00,ok,0
oecd_bond_yield,gb,nation,2023-11,4.2721,percent,oecd_activity,2023-11-30,,2026-09-26T14:19:03+00:00,ok,0
oecd_bond_yield,gb,nation,2023-12,3.8622,percent,oecd_activity,2023-12-31,,2026-09-26T14:19:03+00:00,ok,0
oecd_bond_yield,gb,nation,2024-01,3.9319,percent,oecd_activity,2024-01-31,,2026-09-26T14:19:03+00:00,ok,0
oecd_bond_yield,gb,nation,2024-02,4.123,percent,oecd_activity,2024-02-29,,2026-09-26T14:19:03+00:00,ok,0
oecd_bond_yield,gb,nation,2024-03,4.033,percent,oecd_activity,2024-03-31,,2026-09-26T14:19:03+00:00,ok,0
oecd_bond_yield,gb,nation,2024-04,4.2172,percent,oecd_activity,2024-04-30,,2026-09-26T14:19:03+00:00,ok,0
oecd_bond_yield,gb,nation,2024-05,4.2229,percent,oecd_activity,2024-05-31,,2026-09-26T14:19:03+00:00,ok,0
oecd_bond_yield,gb,nation,2024-06,4.1644,percent,oecd_activity,2024-06-30,,2026-09-26T14:19:03+00:00,ok,0
oecd_bond_yield,gb,nation,2024-07,4.1386,percent,oecd_activity,2024-07-31,,2026-09-26T14:19:03+00:00,ok,0
oecd_bond_yield,gb,nation,2024-08,3.9444,percent,oecd_activity,2024-08-31,,2026-09-26T14:19:03+00:00,ok,0
oecd_bond_yield,gb,nation,2024-09,3.9053,percent,oecd_activity,2024-09-30,,2026-09-26T14:19:03+00:00,ok,0
oecd_bond_yield,gb,nation,2024-10,4.1993,percent,oecd_activity,2024-10-31,,2026-09-26T14:19:03+00:00,ok,0
oecd_bond_yield,gb,nation,2024-11,4.4164,percent,oecd_activity,2024-11-30,,2026-09-26T14:19:03+00:00,ok,0
oecd_bond_yield,gb,nation,2024-12,4.4345,percent,oecd_activity,2024-12-31,,2026-09-26T14:19:03+00:00,ok,0
oecd_bond_yield,gb,nation,2025-01,4.6627,percent,oecd_activity,2025-01-31,,2026-09-26T14:19:03+00:00,ok,0
oecd_bond_yield,gb,nation,2025-02,4.5063,percent,oecd_activity,2025-02-28,,2026-09-26T14:19:03+00:00,ok,0
oecd_bond_yield,gb,nation,2025-03,4.6448,percent,oecd_activity,2025-03-31,,2026-09-26T14:19:03+00:00,ok,0
oecd_bond_yield,gb,nation,2025-04,4.5762,percent,oecd_activity,2025-04-30,,2026-09-26T14:19:03+00:00,ok,0
oecd_bond_yield,gb,nation,2025-05,4.6004,percent,oecd_activity,2025-05-31,,2026-09-26T14:19:03+00:00,ok,0
oecd_bond_yield,gb,nation,2025-06,4.5248,percent,oecd_activity,2025-06-30,,2026-09-26T14:19:03+00:00,ok,0
oecd_bond_yield,gb,nation,2025-07,4.5924,percent,oecd_activity,2025-07-31,,2026-09-26T14:19:03+00:00,ok,0
oecd_bond_yield,gb,nation,2025-08,4.6369,percent,oecd_activity,2025-08-31,,2026-09-26T14:19:03+00:00,ok,0
oecd_bond_yield,gb,nation,2025-09,4.6885,percent,oecd_activity,2025-09-30,,2026-09-26T14:19:03+00:00,ok,0
oecd_bond_yield,gb,nation,2025-10,4.5721,percent,oecd_activity,2025-10-31,,2026-09-26T14:19:03+00:00,ok,0
oecd_bond_yield,gb,nation,2025-11,4.4985,percent,oecd_activity,2025-11-30,,2026-09-26T14:19:03+00:00,ok,0
oecd_bond_yield,gb,nation,2025-12,4.4826,percent,oecd_activity,2025-12-31,,2026-09-26T14:19:03+00:00,ok,0
oecd_bond_yield,gb,nation,2026-01,4.451,percent,oecd_activity,2026-01-31,,2026-09-26T14:19:03+00:00,ok,0
oecd_bond_yield,gb,nation,2026-02,4.4324,percent,oecd_activity,2026-02-28,,2026-09-26T14:19:03+00:00,ok,0
oecd_bond_yield,gb,nation,2026-03,4.7007,percent,oecd_activity,2026-03-31,,2026-09-26T14:19:03+00:00,ok,0
oecd_bond_yield,gb,nation,2026-04,4.8207,percent,oecd_activity,2026-04-30,,2026-09-26T14:19:03+00:00,ok,0
oecd_bond_yield,gb,nation,2026-05,4.9416,percent,oecd_activity,2026-05-31,,2026-09-26T14:19:03+00:00,ok,0
oecd_bond_yield,gb,nation,2026-06,4.796,percent,oecd_activity,2026-06-30,,2026-09-26T14:19:03+00:00,ok,0
oecd_bond_yield,gb,nation,2026-07,4.9318,percent,oecd_activity,2026-07-31,,2026-09-26T14:19:03+00:00,ok,0
oecd_bond_yield,gb,nation,2026-08,4.9886,percent,oecd_activity,2026-08-31,,2026-09-26T14:19:03+00:00,ok,0
oecd_bond_yield,id,nation,2015-01,7.05,percent,oecd_activity,2015-01-31,,2026-09-26T14:19:03+00:00,ok,0
oecd_bond_yield,id,nation,2015-02,6.86,percent,oecd_activity,2015-02-28,,2026-09-26T14:19:03+00:00,ok,0
oecd_bond_yield,id,nation,2015-03,7.41,percent,oecd_activity,2015-03-31,,2026-09-26T14:19:03+00:00,ok,0
oecd_bond_yield,id,nation,2015-04,7.7,percent,oecd_activity,2015-04-30,,2026-09-26T14:19:03+00:00,ok,0
oecd_bond_yield,id,nation,2015-05,8.1,percent,oecd_activity,2015-05-31,,2026-09-26T14:19:03+00:00,ok,0
oecd_bond_yield,id,nation,2015-06,8.37,percent,oecd_activity,2015-06-30,,2026-09-26T14:19:03+00:00,ok,0
oecd_bond_yield,id,nation,2015-07,8.57,percent,oecd_activity,2015-07-31,,2026-09-26T14:19:03+00:00,ok,0
oecd_bond_yield,id,nation,2015-08,8.73,percent,oecd_activity,2015-08-31,,2026-09-26T14:19:03+00:00,ok,0
oecd_bond_yield,id,nation,2015-09,9.64,percent,oecd_activity,2015-09-30,,2026-09-26T14:19:03+00:00,ok,0
oecd_bond_yield,id,nation,2015-10,8.79,percent,oecd_activity,2015-10-31,,2026-09-26T14:19:03+00:00,ok,0
oecd_bond_yield,id,nation,2015-11,8.62,percent,oecd_activity,2015-11-30,,2026-09-26T14:19:03+00:00,ok,0
oecd_bond_yield,id,nation,2015-12,8.82,percent,oecd_activity,2015-12-31,,2026-09-26T14:19:03+00:00,ok,0
oecd_bond_yield,id,nation,2016-01,8.38,percent,oecd_activity,2016-01-31,,2026-09-26T14:19:03+00:00,ok,0
oecd_bond_yield,id,nation,2016-02,8.2,percent,oecd_activity,2016-02-29,,2026-09-26T14:19:03+00:00,ok,0
oecd_bond_yield,id,nation,2016-03,7.66,percent,oecd_activity,2016-03-31,,2026-09-26T14:19:03+00:00,ok,0
oecd_bond_yield,id,nation,2016-04,7.7,percent,oecd_activity,2016-04-30,,2026-09-26T14:19:03+00:00,ok,0
oecd_bond_yield,id,nation,2016-05,7.83,percent,oecd_activity,2016-05-31,,2026-09-26T14:19:03+00:00,ok,0
oecd_bond_yield,id,nation,2016-06,7.43,percent,oecd_activity,2016-06-30,,2026-09-26T14:19:03+00:00,ok,0
oecd_bond_yield,id,nation,2016-07,6.9,percent,oecd_activity,2016-07-31,,2026-09-26T14:19:03+00:00,ok,0
oecd_bond_yield,id,nation,2016-08,7.14,percent,oecd_activity,2016-08-31,,2026-09-26T14:19:03+00:00,ok,0
oecd_bond_yield,id,nation,2016-09,6.99,percent,oecd_activity,2016-09-30,,2026-09-26T14:19:03+00:00,ok,0
oecd_bond_yield,id,nation,2016-10,7.27,percent,oecd_activity,2016-10-31,,2026-09-26T14:19:03+00:00,ok,0
oecd_bond_yield,id,nation,2016-11,8.17,percent,oecd_activity,2016-11-30,,2026-09-26T14:19:03+00:00,ok,0
oecd_bond_yield,id,nation,2016-12,7.99,percent,oecd_activity,2016-12-31,,2026-09-26T14:19:03+00:00,ok,0
oecd_bond_yield,id,nation,2017-01,7.59,percent,oecd_activity,2017-01-31,,2026-09-26T14:19:03+00:00,ok,0
oecd_bond_yield,id,nation,2017-02,7.53,percent,oecd_activity,2017-02-28,,2026-09-26T14:19:03+00:00,ok,0
oecd_bond_yield,id,nation,2017-03,7.01,percent,oecd_activity,2017-03-31,,2026-09-26T14:19:03+00:00,ok,0
oecd_bond_yield,id,nation,2017-04,7.01,percent,oecd_activity,2017-04-30,,2026-09-26T14:19:03+00:00,ok,0
oecd_bond_yield,id,nation,2017-05,6.94,percent,oecd_activity,2017-05-31,,2026-09-26T14:19:03+00:00,ok,0
oecd_bond_yield,id,nation,2017-06,6.8,percent,oecd_activity,2017-06-30,,2026-09-26T14:19:03+00:00,ok,0
oecd_bond_yield,id,nation,2017-07,6.93,percent,oecd_activity,2017-07-31,,2026-09-26T14:19:03+00:00,ok,0
oecd_bond_yield,id,nation,2017-08,6.67,percent,oecd_activity,2017-08-31,,2026-09-26T14:19:03+00:00,ok,0
oecd_bond_yield,id,nation,2017-09,6.47,percent,oecd_activity,2017-09-30,,2026-09-26T14:19:03+00:00,ok,0
oecd_bond_yield,id,nation,2017-10,6.81,percent,oecd_activity,2017-10-31,,2026-09-26T14:19:03+00:00,ok,0
oecd_bond_yield,id,nation,2017-11,6.49,percent,oecd_activity,2017-11-30,,2026-09-26T14:19:03+00:00,ok,0
oecd_bond_yield,id,nation,2017-12,6.29,percent,oecd_activity,2017-12-31,,2026-09-26T14:19:03+00:00,ok,0
oecd_bond_yield,id,nation,2018-01,6.26,percent,oecd_activity,2018-01-31,,2026-09-26T14:19:03+00:00,ok,0
oecd_bond_yield,id,nation,2018-02,6.53,percent,oecd_activity,2018-02-28,,2026-09-26T14:19:03+00:00,ok,0
oecd_bond_yield,id,nation,2018-03,6.66,percent,oecd_activity,2018-03-31,,2026-09-26T14:19:03+00:00,ok,0
oecd_bond_yield,id,nation,2018-04,6.86,percent,oecd_activity,2018-04-30,,2026-09-26T14:19:03+00:00,ok,0
oecd_bond_yield,id,nation,2018-05,7,percent,oecd_activity,2018-05-31,,2026-09-26T14:19:03+00:00,ok,0
oecd_bond_yield,id,nation,2018-06,7.88,percent,oecd_activity,2018-06-30,,2026-09-26T14:19:03+00:00,ok,0
oecd_bond_yield,id,nation,2018-07,7.7,percent,oecd_activity,2018-07-31,,2026-09-26T14:19:03+00:00,ok,0
oecd_bond_yield,id,nation,2018-08,8.1,percent,oecd_activity,2018-08-31,,2026-09-26T14:19:03+00:00,ok,0
oecd_bond_yield,id,nation,2018-09,8.14,percent,oecd_activity,2018-09-30,,2026-09-26T14:19:03+00:00,ok,0
oecd_bond_yield,id,nation,2018-10,8.56,percent,oecd_activity,2018-10-31,,2026-09-26T14:19:03+00:00,ok,0
oecd_bond_yield,id,nation,2018-11,7.83,percent,oecd_activity,2018-11-30,,2026-09-26T14:19:03+00:00,ok,0
oecd_bond_yield,id,nation,2018-12,7.97,percent,oecd_activity,2018-12-31,,2026-09-26T14:19:03+00:00,ok,0
oecd_bond_yield,id,nation,2019-01,8.06,percent,oecd_activity,2019-01-31,,2026-09-26T14:19:03+00:00,ok,0
oecd_bond_yield,id,nation,2019-02,7.82,percent,oecd_activity,2019-02-28,,2026-09-26T14:19:03+00:00,ok,0
oecd_bond_yield,id,nation,2019-03,7.66,percent,oecd_activity,2019-03-31,,2026-09-26T14:19:03+00:00,ok,0
oecd_bond_yield,id,nation,2019-04,7.8,percent,oecd_activity,2019-04-30,,2026-09-26T14:19:03+00:00,ok,0
oecd_bond_yield,id,nation,2019-05,7.8768,percent,oecd_activity,2019-05-31,,2026-09-26T14:19:03+00:00,ok,0
oecd_bond_yield,id,nation,2019-06,7.3346,percent,oecd_activity,2019-06-30,,2026-09-26T14:19:03+00:00,ok,0
oecd_bond_yield,id,nation,2019-07,7.354,percent,oecd_activity,2019-07-31,,2026-09-26T14:19:03+00:00,ok,0
oecd_bond_yield,id,nation,2019-08,7.3012,percent,oecd_activity,2019-08-31,,2026-09-26T14:19:03+00:00,ok,0
oecd_bond_yield,id,nation,2019-09,7.2652,percent,oecd_activity,2019-09-30,,2026-09-26T14:19:03+00:00,ok,0
oecd_bond_yield,id,nation,2019-10,6.981,percent,oecd_activity,2019-10-31,,2026-09-26T14:19:03+00:00,ok,0
oecd_bond_yield,id,nation,2019-11,7.0586,percent,oecd_activity,2019-11-30,,2026-09-26T14:19:03+00:00,ok,0
oecd_bond_yield,id,nation,2019-12,7.0722,percent,oecd_activity,2019-12-31,,2026-09-26T14:19:03+00:00,ok,0
oecd_bond_yield,id,nation,2020-01,6.6598,percent,oecd_activity,2020-01-31,,2026-09-26T14:19:03+00:00,ok,0
oecd_bond_yield,id,nation,2020-02,6.871,percent,oecd_activity,2020-02-29,,2026-09-26T14:19:03+00:00,ok,0
oecd_bond_yield,id,nation,2020-03,7.87,percent,oecd_activity,2020-03-31,,2026-09-26T14:19:03+00:00,ok,0
oecd_bond_yield,id,nation,2020-04,7.8172,percent,oecd_activity,2020-04-30,,2026-09-26T14:19:03+00:00,ok,0
oecd_bond_yield,id,nation,2020-05,7.3095,percent,oecd_activity,2020-05-31,,2026-09-26T14:19:03+00:00,ok,0
oecd_bond_yield,id,nation,2020-06,7.1707,percent,oecd_activity,2020-06-30,,2026-09-26T14:19:03+00:00,ok,0
oecd_bond_yield,id,nation,2020-07,6.777756,percent,oecd_activity,2020-07-31,,2026-09-26T14:19:03+00:00,ok,0
oecd_bond_yield,id,nation,2020-08,6.836486,percent,oecd_activity,2020-08-31,,2026-09-26T14:19:03+00:00,ok,0
oecd_bond_yield,id,nation,2020-09,6.88042,percent,oecd_activity,2020-09-30,,2026-09-26T14:19:03+00:00,ok,0
oecd_bond_yield,id,nation,2020-10,6.578206,percent,oecd_activity,2020-10-31,,2026-09-26T14:19:03+00:00,ok,0
oecd_bond_yield,id,nation,2020-11,6.161688,percent,oecd_activity,2020-11-30,,2026-09-26T14:19:03+00:00,ok,0
oecd_bond_yield,id,nation,2020-12,5.925991,percent,oecd_activity,2020-12-31,,2026-09-26T14:19:03+00:00,ok,0
oecd_bond_yield,id,nation,2021-01,6.211745,percent,oecd_activity,2021-01-31,,2026-09-26T14:19:03+00:00,ok,0
oecd_bond_yield,id,nation,2021-02,6.59674,percent,oecd_activity,2021-02-28,,2026-09-26T14:19:03+00:00,ok,0
oecd_bond_yield,id,nation,2021-03,6.77387,percent,oecd_activity,2021-03-31,,2026-09-26T14:19:03+00:00,ok,0
oecd_bond_yield,id,nation,2021-04,6.447473,percent,oecd_activity,2021-04-30,,2026-09-26T14:19:03+00:00,ok,0
oecd_bond_yield,id,nation,2021-05,6.376468,percent,oecd_activity,2021-05-31,,2026-09-26T14:19:03+00:00,ok,0
oecd_bond_yield,id,nation,2021-06,6.555274,percent,oecd_activity,2021-06-30,,2026-09-26T14:19:03+00:00,ok,0
oecd_bond_yield,id,nation,2021-07,6.236538,percent,oecd_activity,2021-07-31,,2026-09-26T14:19:03+00:00,ok,0
oecd_bond_yield,id,nation,2021-08,6.040791,percent,oecd_activity,2021-08-31,,2026-09-26T14:19:03+00:00,ok,0
oecd_bond_yield,id,nation,2021-09,6.348333,percent,oecd_activity,2021-09-30,,2026-09-26T14:19:03+00:00,ok,0
oecd_bond_yield,id,nation,2021-10,6.16179,percent,oecd_activity,2021-10-31,,2026-09-26T14:19:03+00:00,ok,0
oecd_bond_yield,id,nation,2021-11,6.252629,percent,oecd_activity,2021-11-30,,2026-09-26T14:19:03+00:00,ok,0
oecd_bond_yield,id,nation,2021-12,6.353757,percent,oecd_activity,2021-12-31,,2026-09-26T14:19:03+00:00,ok,0
oecd_bond_yield,id,nation,2022-01,6.413286,percent,oecd_activity,2022-01-31,,2026-09-26T14:19:03+00:00,ok,0
oecd_bond_yield,id,nation,2022-02,6.499663,percent,oecd_activity,2022-02-28,,2026-09-26T14:19:03+00:00,ok,0
oecd_bond_yield,id,nation,2022-03,6.714029,percent,oecd_activity,2022-03-31,,2026-09-26T14:19:03+00:00,ok,0
oecd_bond_yield,id,nation,2022-04,6.956494,percent,oecd_activity,2022-04-30,,2026-09-26T14:19:03+00:00,ok,0
oecd_bond_yield,id,nation,2022-05,7.058009,percent,oecd_activity,2022-05-31,,2026-09-26T14:19:03+00:00,ok,0
oecd_bond_yield,id,nation,2022-06,7.171133,percent,oecd_activity,2022-06-30,,2026-09-26T14:19:03+00:00,ok,0
oecd_bond_yield,id,nation,2022-07,7.109228,percent,oecd_activity,2022-07-31,,2026-09-26T14:19:03+00:00,ok,0
oecd_bond_yield,id,nation,2022-08,7.11,percent,oecd_activity,2022-08-31,,2026-09-26T14:19:03+00:00,ok,0
oecd_bond_yield,id,nation,2022-09,7.34,percent,oecd_activity,2022-09-30,,2026-09-26T14:19:03+00:00,ok,0
oecd_bond_yield,id,nation,2022-10,7.5,percent,oecd_activity,2022-10-31,,2026-09-26T14:19:03+00:00,ok,0
oecd_bond_yield,id,nation,2022-11,6.89,percent,oecd_activity,2022-11-30,,2026-09-26T14:19:03+00:00,ok,0
oecd_bond_yield,id,nation,2022-12,6.91,percent,oecd_activity,2022-12-31,,2026-09-26T14:19:03+00:00,ok,0
oecd_bond_yield,id,nation,2023-01,6.69,percent,oecd_activity,2023-01-31,,2026-09-26T14:19:03+00:00,ok,0
oecd_bond_yield,id,nation,2023-02,6.86,percent,oecd_activity,2023-02-28,,2026-09-26T14:19:03+00:00,ok,0
oecd_bond_yield,id,nation,2023-03,6.77,percent,oecd_activity,2023-03-31,,2026-09-26T14:19:03+00:00,ok,0
oecd_bond_yield,id,nation,2023-04,6.45,percent,oecd_activity,2023-04-30,,2026-09-26T14:19:03+00:00,ok,0
oecd_bond_yield,id,nation,2023-05,6.36,percent,oecd_activity,2023-05-31,,2026-09-26T14:19:03+00:00,ok,0
oecd_bond_yield,id,nation,2023-06,6.22,percent,oecd_activity,2023-06-30,,2026-09-26T14:19:03+00:00,ok,0
oecd_bond_yield,id,nation,2023-07,6.33,percent,oecd_activity,2023-07-31,,2026-09-26T14:19:03+00:00,ok,0
oecd_bond_yield,id,nation,2023-08,6.36,percent,oecd_activity,2023-08-31,,2026-09-26T14:19:03+00:00,ok,0
oecd_bond_yield,id,nation,2023-09,6.91,percent,oecd_activity,2023-09-30,,2026-09-26T14:19:03+00:00,ok,0
oecd_bond_yield,id,nation,2023-10,7.05,percent,oecd_activity,2023-10-31,,2026-09-26T14:19:03+00:00,ok,0
oecd_bond_yield,id,nation,2023-11,6.6,percent,oecd_activity,2023-11-30,,2026-09-26T14:19:03+00:00,ok,0
oecd_bond_yield,id,nation,2023-12,6.6,percent,oecd_activity,2023-12-31,,2026-09-26T14:19:03+00:00,ok,0
oecd_bond_yield,id,nation,2024-01,6.56,percent,oecd_activity,2024-01-31,,2026-09-26T14:19:03+00:00,ok,0
oecd_bond_yield,id,nation,2024-02,6.6,percent,oecd_activity,2024-02-29,,2026-09-26T14:19:03+00:00,ok,0
oecd_bond_yield,id,nation,2024-03,6.68,percent,oecd_activity,2024-03-31,,2026-09-26T14:19:03+00:00,ok,0
oecd_bond_yield,id,nation,2024-04,7.22,percent,oecd_activity,2024-04-30,,2026-09-26T14:19:03+00:00,ok,0
oecd_bond_yield,id,nation,2024-05,6.9,percent,oecd_activity,2024-05-31,,2026-09-26T14:19:03+00:00,ok,0
oecd_bond_yield,id,nation,2024-06,7.03,percent,oecd_activity,2024-06-30,,2026-09-26T14:19:03+00:00,ok,0
oecd_bond_yield,id,nation,2024-07,6.89,percent,oecd_activity,2024-07-31,,2026-09-26T14:19:03+00:00,ok,0
oecd_bond_yield,id,nation,2024-08,6.62,percent,oecd_activity,2024-08-31,,2026-09-26T14:19:03+00:00,ok,0
oecd_bond_yield,id,nation,2024-09,6.43,percent,oecd_activity,2024-09-30,,2026-09-26T14:19:03+00:00,ok,0
oecd_bond_yield,id,nation,2024-10,6.76,percent,oecd_activity,2024-10-31,,2026-09-26T14:19:03+00:00,ok,0
oecd_bond_yield,id,nation,2024-11,6.82,percent,oecd_activity,2024-11-30,,2026-09-26T14:19:03+00:00,ok,0
oecd_bond_yield,id,nation,2024-12,7.01,percent,oecd_activity,2024-12-31,,2026-09-26T14:19:03+00:00,ok,0
oecd_bond_yield,ie,nation,2015-01,1.22,percent,oecd_activity,2015-01-31,,2026-09-26T14:19:03+00:00,ok,0
oecd_bond_yield,ie,nation,2015-02,1.12,percent,oecd_activity,2015-02-28,,2026-09-26T14:19:03+00:00,ok,0
oecd_bond_yield,ie,nation,2015-03,0.8,percent,oecd_activity,2015-03-31,,2026-09-26T14:19:03+00:00,ok,0
oecd_bond_yield,ie,nation,2015-04,0.73,percent,oecd_activity,2015-04-30,,2026-09-26T14:19:03+00:00,ok,0
oecd_bond_yield,ie,nation,2015-05,1.25,percent,oecd_activity,2015-05-31,,2026-09-26T14:19:03+00:00,ok,0
oecd_bond_yield,ie,nation,2015-06,1.65,percent,oecd_activity,2015-06-30,,2026-09-26T14:19:03+00:00,ok,0
oecd_bond_yield,ie,nation,2015-07,1.47,percent,oecd_activity,2015-07-31,,2026-09-26T14:19:03+00:00,ok,0
oecd_bond_yield,ie,nation,2015-08,1.29,percent,oecd_activity,2015-08-31,,2026-09-26T14:19:03+00:00,ok,0
oecd_bond_yield,ie,nation,2015-09,1.31,percent,oecd_activity,2015-09-30,,2026-09-26T14:19:03+00:00,ok,0
oecd_bond_yield,ie,nation,2015-10,1.14,percent,oecd_activity,2015-10-31,,2026-09-26T14:19:03+00:00,ok,0
oecd_bond_yield,ie,nation,2015-11,1.1,percent,oecd_activity,2015-11-30,,2026-09-26T14:19:03+00:00,ok,0
oecd_bond_yield,ie,nation,2015-12,1.11,percent,oecd_activity,2015-12-31,,2026-09-26T14:19:03+00:00,ok,0
oecd_bond_yield,ie,nation,2016-01,1.05,percent,oecd_activity,2016-01-31,,2026-09-26T14:19:03+00:00,ok,0
oecd_bond_yield,ie,nation,2016-02,0.99,percent,oecd_activity,2016-02-29,,2026-09-26T14:19:03+00:00,ok,0
oecd_bond_yield,ie,nation,2016-03,0.85,percent,oecd_activity,2016-03-31,,2026-09-26T14:19:03+00:00,ok,0
oecd_bond_yield,ie,nation,2016-04,0.86,percent,oecd_activity,2016-04-30,,2026-09-26T14:19:03+00:00,ok,0
oecd_bond_yield,ie,nation,2016-05,0.84,percent,oecd_activity,2016-05-31,,2026-09-26T14:19:03+00:00,ok,0
oecd_bond_yield,ie,nation,2016-06,0.76,percent,oecd_activity,2016-06-30,,2026-09-26T14:19:03+00:00,ok,0
oecd_bond_yield,ie,nation,2016-07,0.47,percent,oecd_activity,2016-07-31,,2026-09-26T14:19:03+00:00,ok,0
oecd_bond_yield,ie,nation,2016-08,0.4,percent,oecd_activity,2016-08-31,,2026-09-26T14:19:03+00:00,ok,0
oecd_bond_yield,ie,nation,2016-09,0.42,percent,oecd_activity,2016-09-30,,2026-09-26T14:19:03+00:00,ok,0
oecd_bond_yield,ie,nation,2016-10,0.5,percent,oecd_activity,2016-10-31,,2026-09-26T14:19:03+00:00,ok,0
oecd_bond_yield,ie,nation,2016-11,0.85,percent,oecd_activity,2016-11-30,,2026-09-26T14:19:03+00:00,ok,0
oecd_bond_yield,ie,nation,2016-12,0.84,percent,oecd_activity,2016-12-31,,2026-09-26T14:19:03+00:00,ok,0
oecd_bond_yield,ie,nation,2017-01,0.99,percent,oecd_activity,2017-01-31,,2026-09-26T14:19:03+00:00,ok,0
oecd_bond_yield,ie,nation,2017-02,1.06,percent,oecd_activity,2017-02-28,,2026-09-26T14:19:03+00:00,ok,0
oecd_bond_yield,ie,nation,2017-03,1.05,percent,oecd_activity,2017-03-31,,2026-09-26T14:19:03+00:00,ok,0
oecd_bond_yield,ie,nation,2017-04,0.91,percent,oecd_activity,2017-04-30,,2026-09-26T14:19:03+00:00,ok,0
oecd_bond_yield,ie,nation,2017-05,0.83,percent,oecd_activity,2017-05-31,,2026-09-26T14:19:03+00:00,ok,0
oecd_bond_yield,ie,nation,2017-06,0.7,percent,oecd_activity,2017-06-30,,2026-09-26T14:19:03+00:00,ok,0
oecd_bond_yield,ie,nation,2017-07,0.87,percent,oecd_activity,2017-07-31,,2026-09-26T14:19:03+00:00,ok,0
oecd_bond_yield,ie,nation,2017-08,0.73,percent,oecd_activity,2017-08-31,,2026-09-26T14:19:03+00:00,ok,0
oecd_bond_yield,ie,nation,2017-09,0.7,percent,oecd_activity,2017-09-30,,2026-09-26T14:19:03+00:00,ok,0
oecd_bond_yield,ie,nation,2017-10,0.66,percent,oecd_activity,2017-10-31,,2026-09-26T14:19:03+00:00,ok,0
oecd_bond_yield,ie,nation,2017-11,0.58,percent,oecd_activity,2017-11-30,,2026-09-26T14:19:03+00:00,ok,0
oecd_bond_yield,ie,nation,2017-12,0.54,percent,oecd_activity,2017-12-31,,2026-09-26T14:19:03+00:00,ok,0
oecd_bond_yield,ie,nation,2018-01,0.9126,percent,oecd_activity,2018-01-31,,2026-09-26T14:19:03+00:00,ok,0
oecd_bond_yield,ie,nation,2018-02,1.1328,percent,oecd_activity,2018-02-28,,2026-09-26T14:19:03+00:00,ok,0
oecd_bond_yield,ie,nation,2018-03,1.0056,percent,oecd_activity,2018-03-31,,2026-09-26T14:19:03+00:00,ok,0
oecd_bond_yield,ie,nation,2018-04,0.9435,percent,oecd_activity,2018-04-30,,2026-09-26T14:19:03+00:00,ok,0
oecd_bond_yield,ie,nation,2018-05,0.9821,percent,oecd_activity,2018-05-31,,2026-09-26T14:19:03+00:00,ok,0
oecd_bond_yield,ie,nation,2018-06,0.924,percent,oecd_activity,2018-06-30,,2026-09-26T14:19:03+00:00,ok,0
oecd_bond_yield,ie,nation,2018-07,0.8271,percent,oecd_activity,2018-07-31,,2026-09-26T14:19:03+00:00,ok,0
oecd_bond_yield,ie,nation,2018-08,0.8618,percent,oecd_activity,2018-08-31,,2026-09-26T14:19:03+00:00,ok,0
oecd_bond_yield,ie,nation,2018-09,0.9327,percent,oecd_activity,2018-09-30,,2026-09-26T14:19:03+00:00,ok,0
oecd_bond_yield,ie,nation,2018-10,1.0082,percent,oecd_activity,2018-10-31,,2026-09-26T14:19:03+00:00,ok,0
oecd_bond_yield,ie,nation,2018-11,0.9827,percent,oecd_activity,2018-11-30,,2026-09-26T14:19:03+00:00,ok,0
oecd_bond_yield,ie,nation,2018-12,0.909,percent,oecd_activity,2018-12-31,,2026-09-26T14:19:03+00:00,ok,0
oecd_bond_yield,ie,nation,2019-01,0.9351,percent,oecd_activity,2019-01-31,,2026-09-26T14:19:03+00:00,ok,0
oecd_bond_yield,ie,nation,2019-02,0.8436,percent,oecd_activity,2019-02-28,,2026-09-26T14:19:03+00:00,ok,0
oecd_bond_yield,ie,nation,2019-03,0.6683,percent,oecd_activity,2019-03-31,,2026-09-26T14:19:03+00:00,ok,0
oecd_bond_yield,ie,nation,2019-04,0.5596,percent,oecd_activity,2019-04-30,,2026-09-26T14:19:03+00:00,ok,0
oecd_bond_yield,ie,nation,2019-05,0.4995,percent,oecd_activity,2019-05-31,,2026-09-26T14:19:03+00:00,ok,0
oecd_bond_yield,ie,nation,2019-06,0.2664,percent,oecd_activity,2019-06-30,,2026-09-26T14:19:03+00:00,ok,0
oecd_bond_yield,ie,nation,2019-07,0.1355,percent,oecd_activity,2019-07-31,,2026-09-26T14:19:03+00:00,ok,0
oecd_bond_yield,ie,nation,2019-08,-0.0505,percent,oecd_activity,2019-08-31,,2026-09-26T14:19:03+00:00,ok,0
oecd_bond_yield,ie,nation,2019-09,-0.0104,percent,oecd_activity,2019-09-30,,2026-09-26T14:19:03+00:00,ok,0
oecd_bond_yield,ie,nation,2019-10,0.0161,percent,oecd_activity,2019-10-31,,2026-09-26T14:19:03+00:00,ok,0
oecd_bond_yield,ie,nation,2019-11,0.0722,percent,oecd_activity,2019-11-30,,2026-09-26T14:19:03+00:00,ok,0
oecd_bond_yield,ie,nation,2019-12,0.0373,percent,oecd_activity,2019-12-31,,2026-09-26T14:19:03+00:00,ok,0
oecd_bond_yield,ie,nation,2020-01,0.0041,percent,oecd_activity,2020-01-31,,2026-09-26T14:19:03+00:00,ok,0
oecd_bond_yield,ie,nation,2020-02,-0.1312,percent,oecd_activity,2020-02-29,,2026-09-26T14:19:03+00:00,ok,0
oecd_bond_yield,ie,nation,2020-03,0.0687,percent,oecd_activity,2020-03-31,,2026-09-26T14:19:03+00:00,ok,0
oecd_bond_yield,ie,nation,2020-04,0.2012,percent,oecd_activity,2020-04-30,,2026-09-26T14:19:03+00:00,ok,0
oecd_bond_yield,ie,nation,2020-05,0.1072,percent,oecd_activity,2020-05-31,,2026-09-26T14:19:03+00:00,ok,0
oecd_bond_yield,ie,nation,2020-06,0.0835,percent,oecd_activity,2020-06-30,,2026-09-26T14:19:03+00:00,ok,0
oecd_bond_yield,ie,nation,2020-07,-0.0473,percent,oecd_activity,2020-07-31,,2026-09-26T14:19:03+00:00,ok,0
oecd_bond_yield,ie,nation,2020-08,-0.1219,percent,oecd_activity,2020-08-31,,2026-09-26T14:19:03+00:00,ok,0
oecd_bond_yield,ie,nation,2020-09,-0.1331,percent,oecd_activity,2020-09-30,,2026-09-26T14:19:03+00:00,ok,0
oecd_bond_yield,ie,nation,2020-10,-0.2224,percent,oecd_activity,2020-10-31,,2026-09-26T14:19:03+00:00,ok,0
oecd_bond_yield,ie,nation,2020-11,-0.251,percent,oecd_activity,2020-11-30,,2026-09-26T14:19:03+00:00,ok,0
oecd_bond_yield,ie,nation,2020-12,-0.2903,percent,oecd_activity,2020-12-31,,2026-09-26T14:19:03+00:00,ok,0
oecd_bond_yield,ie,nation,2021-01,-0.2418,percent,oecd_activity,2021-01-31,,2026-09-26T14:19:03+00:00,ok,0
oecd_bond_yield,ie,nation,2021-02,-0.0551,percent,oecd_activity,2021-02-28,,2026-09-26T14:19:03+00:00,ok,0
oecd_bond_yield,ie,nation,2021-03,0.0276,percent,oecd_activity,2021-03-31,,2026-09-26T14:19:03+00:00,ok,0
oecd_bond_yield,ie,nation,2021-04,0.082,percent,oecd_activity,2021-04-30,,2026-09-26T14:19:03+00:00,ok,0
oecd_bond_yield,ie,nation,2021-05,0.2372,percent,oecd_activity,2021-05-31,,2026-09-26T14:19:03+00:00,ok,0
oecd_bond_yield,ie,nation,2021-06,0.1787,percent,oecd_activity,2021-06-30,,2026-09-26T14:19:03+00:00,ok,0
oecd_bond_yield,ie,nation,2021-07,0.0309,percent,oecd_activity,2021-07-31,,2026-09-26T14:19:03+00:00,ok,0
oecd_bond_yield,ie,nation,2021-08,-0.0788,percent,oecd_activity,2021-08-31,,2026-09-26T14:19:03+00:00,ok,0
oecd_bond_yield,ie,nation,2021-09,0.0674,percent,oecd_activity,2021-09-30,,2026-09-26T14:19:03+00:00,ok,0
oecd_bond_yield,ie,nation,2021-10,0.2224,percent,oecd_activity,2021-10-31,,2026-09-26T14:19:03+00:00,ok,0
oecd_bond_yield,ie,nation,2021-11,0.1876,percent,oecd_activity,2021-11-30,,2026-09-26T14:19:03+00:00,ok,0
oecd_bond_yield,ie,nation,2021-12,0.0998,percent,oecd_activity,2021-12-31,,2026-09-26T14:19:03+00:00,ok,0
oecd_bond_yield,ie,nation,2022-01,0.3803,percent,oecd_activity,2022-01-31,,2026-09-26T14:19:03+00:00,ok,0
oecd_bond_yield,ie,nation,2022-02,0.7751,percent,oecd_activity,2022-02-28,,2026-09-26T14:19:03+00:00,ok,0
oecd_bond_yield,ie,nation,2022-03,0.9293,percent,oecd_activity,2022-03-31,,2026-09-26T14:19:03+00:00,ok,0
oecd_bond_yield,ie,nation,2022-04,1.4021,percent,oecd_activity,2022-04-30,,2026-09-26T14:19:03+00:00,ok,0
oecd_bond_yield,ie,nation,2022-05,1.6275,percent,oecd_activity,2022-05-31,,2026-09-26T14:19:03+00:00,ok,0
oecd_bond_yield,ie,nation,2022-06,2.129,percent,oecd_activity,2022-06-30,,2026-09-26T14:19:03+00:00,ok,0
oecd_bond_yield,ie,nation,2022-07,1.7438,percent,oecd_activity,2022-07-31,,2026-09-26T14:19:03+00:00,ok,0
oecd_bond_yield,ie,nation,2022-08,1.7127,percent,oecd_activity,2022-08-31,,2026-09-26T14:19:03+00:00,ok,0
oecd_bond_yield,ie,nation,2022-09,2.418,percent,oecd_activity,2022-09-30,,2026-09-26T14:19:03+00:00,ok,0
oecd_bond_yield,ie,nation,2022-10,2.7093,percent,oecd_activity,2022-10-31,,2026-09-26T14:19:03+00:00,ok,0
oecd_bond_yield,ie,nation,2022-11,2.5341,percent,oecd_activity,2022-11-30,,2026-09-26T14:19:03+00:00,ok,0
oecd_bond_yield,ie,nation,2022-12,2.5862,percent,oecd_activity,2022-12-31,,2026-09-26T14:19:03+00:00,ok,0
oecd_bond_yield,ie,nation,2023-01,2.6546,percent,oecd_activity,2023-01-31,,2026-09-26T14:19:03+00:00,ok,0
oecd_bond_yield,ie,nation,2023-02,2.8568,percent,oecd_activity,2023-02-28,,2026-09-26T14:19:03+00:00,ok,0
oecd_bond_yield,ie,nation,2023-03,2.8565,percent,oecd_activity,2023-03-31,,2026-09-26T14:19:03+00:00,ok,0
oecd_bond_yield,ie,nation,2023-04,2.7713,percent,oecd_activity,2023-04-30,,2026-09-26T14:19:03+00:00,ok,0
oecd_bond_yield,ie,nation,2023-05,2.7861,percent,oecd_activity,2023-05-31,,2026-09-26T14:19:03+00:00,ok,0
oecd_bond_yield,ie,nation,2023-06,2.778,percent,oecd_activity,2023-06-30,,2026-09-26T14:19:03+00:00,ok,0
oecd_bond_yield,ie,nation,2023-07,2.899,percent,oecd_activity,2023-07-31,,2026-09-26T14:19:03+00:00,ok,0
oecd_bond_yield,ie,nation,2023-08,2.9644,percent,oecd_activity,2023-08-31,,2026-09-26T14:19:03+00:00,ok,0
oecd_bond_yield,ie,nation,2023-09,3.087,percent,oecd_activity,2023-09-30,,2026-09-26T14:19:03+00:00,ok,0
oecd_bond_yield,ie,nation,2023-10,3.2719,percent,oecd_activity,2023-10-31,,2026-09-26T14:19:03+00:00,ok,0
oecd_bond_yield,ie,nation,2023-11,3.009,percent,oecd_activity,2023-11-30,,2026-09-26T14:19:03+00:00,ok,0
oecd_bond_yield,ie,nation,2023-12,2.4648,percent,oecd_activity,2023-12-31,,2026-09-26T14:19:03+00:00,ok,0
oecd_bond_yield,ie,nation,2024-01,2.599,percent,oecd_activity,2024-01-31,,2026-09-26T14:19:03+00:00,ok,0
oecd_bond_yield,ie,nation,2024-02,2.7804,percent,oecd_activity,2024-02-29,,2026-09-26T14:19:03+00:00,ok,0
oecd_bond_yield,ie,nation,2024-03,2.754,percent,oecd_activity,2024-03-31,,2026-09-26T14:19:03+00:00,ok,0
oecd_bond_yield,ie,nation,2024-04,2.8878,percent,oecd_activity,2024-04-30,,2026-09-26T14:19:03+00:00,ok,0
oecd_bond_yield,ie,nation,2024-05,2.9141,percent,oecd_activity,2024-05-31,,2026-09-26T14:19:03+00:00,ok,0
oecd_bond_yield,ie,nation,2024-06,2.9287,percent,oecd_activity,2024-06-30,,2026-09-26T14:19:03+00:00,ok,0
oecd_bond_yield,ie,nation,2024-07,2.8587,percent,oecd_activity,2024-07-31,,2026-09-26T14:19:03+00:00,ok,0
oecd_bond_yield,ie,nation,2024-08,2.637,percent,oecd_activity,2024-08-31,,2026-09-26T14:19:03+00:00,ok,0
oecd_bond_yield,ie,nation,2024-09,2.5457,percent,oecd_activity,2024-09-30,,2026-09-26T14:19:03+00:00,ok,0
oecd_bond_yield,ie,nation,2024-10,2.5888,percent,oecd_activity,2024-10-31,,2026-09-26T14:19:03+00:00,ok,0
oecd_bond_yield,ie,nation,2024-11,2.6262,percent,oecd_activity,2024-11-30,,2026-09-26T14:19:03+00:00,ok,0
oecd_bond_yield,ie,nation,2024-12,2.4906,percent,oecd_activity,2024-12-31,,2026-09-26T14:19:03+00:00,ok,0
oecd_bond_yield,ie,nation,2025-01,2.789,percent,oecd_activity,2025-01-31,,2026-09-26T14:19:03+00:00,ok,0
oecd_bond_yield,ie,nation,2025-02,2.7164,percent,oecd_activity,2025-02-28,,2026-09-26T14:19:03+00:00,ok,0
oecd_bond_yield,ie,nation,2025-03,3.0487,percent,oecd_activity,2025-03-31,,2026-09-26T14:19:03+00:00,ok,0
oecd_bond_yield,ie,nation,2025-04,2.8981,percent,oecd_activity,2025-04-30,,2026-09-26T14:19:03+00:00,ok,0
oecd_bond_yield,ie,nation,2025-05,2.8877,percent,oecd_activity,2025-05-31,,2026-09-26T14:19:03+00:00,ok,0
oecd_bond_yield,ie,nation,2025-06,2.8502,percent,oecd_activity,2025-06-30,,2026-09-26T14:19:03+00:00,ok,0
oecd_bond_yield,ie,nation,2025-07,2.9232,percent,oecd_activity,2025-07-31,,2026-09-26T14:19:03+00:00,ok,0
oecd_bond_yield,ie,nation,2025-08,2.9448,percent,oecd_activity,2025-08-31,,2026-09-26T14:19:03+00:00,ok,0
oecd_bond_yield,ie,nation,2025-09,2.946,percent,oecd_activity,2025-09-30,,2026-09-26T14:19:03+00:00,ok,0
oecd_bond_yield,ie,nation,2025-10,2.8707,percent,oecd_activity,2025-10-31,,2026-09-26T14:19:03+00:00,ok,0
oecd_bond_yield,ie,nation,2025-11,2.8967,percent,oecd_activity,2025-11-30,,2026-09-26T14:19:03+00:00,ok,0
oecd_bond_yield,ie,nation,2025-12,3.0132,percent,oecd_activity,2025-12-31,,2026-09-26T14:19:03+00:00,ok,0
oecd_bond_yield,ie,nation,2026-01,3.0611,percent,oecd_activity,2026-01-31,,2026-09-26T14:19:03+00:00,ok,0
oecd_bond_yield,ie,nation,2026-02,3.0339,percent,oecd_activity,2026-02-28,,2026-09-26T14:19:03+00:00,ok,0
oecd_bond_yield,ie,nation,2026-03,3.1972,percent,oecd_activity,2026-03-31,,2026-09-26T14:19:03+00:00,ok,0
oecd_bond_yield,ie,nation,2026-04,3.2411,percent,oecd_activity,2026-04-30,,2026-09-26T14:19:03+00:00,ok,0
oecd_bond_yield,ie,nation,2026-05,3.247,percent,oecd_activity,2026-05-31,,2026-09-26T14:19:03+00:00,ok,0
oecd_bond_yield,ie,nation,2026-06,3.1264,percent,oecd_activity,2026-06-30,,2026-09-26T14:19:03+00:00,ok,0
oecd_bond_yield,ie,nation,2026-07,3.2549,percent,oecd_activity,2026-07-31,,2026-09-26T14:19:03+00:00,ok,0
oecd_bond_yield,ie,nation,2026-08,3.35,percent,oecd_activity,2026-08-31,,2026-09-26T14:19:03+00:00,ok,0
oecd_bond_yield,in,nation,2015-01,7.79366,percent,oecd_activity,2015-01-31,,2026-09-26T14:19:03+00:00,ok,0
oecd_bond_yield,in,nation,2015-02,7.7342,percent,oecd_activity,2015-02-28,,2026-09-26T14:19:03+00:00,ok,0
oecd_bond_yield,in,nation,2015-03,7.8208,percent,oecd_activity,2015-03-31,,2026-09-26T14:19:03+00:00,ok,0
oecd_bond_yield,in,nation,2015-04,7.836967,percent,oecd_activity,2015-04-30,,2026-09-26T14:19:03+00:00,ok,0
oecd_bond_yield,in,nation,2015-05,7.85218,percent,oecd_activity,2015-05-31,,2026-09-26T14:19:03+00:00,ok,0
oecd_bond_yield,in,nation,2015-06,7.805225,percent,oecd_activity,2015-06-30,,2026-09-26T14:19:03+00:00,ok,0
oecd_bond_yield,in,nation,2015-07,7.81692,percent,oecd_activity,2015-07-31,,2026-09-26T14:19:03+00:00,ok,0
oecd_bond_yield,in,nation,2015-08,7.785975,percent,oecd_activity,2015-08-31,,2026-09-26T14:19:03+00:00,ok,0
oecd_bond_yield,in,nation,2015-09,7.73205,percent,oecd_activity,2015-09-30,,2026-09-26T14:19:03+00:00,ok,0
oecd_bond_yield,in,nation,2015-10,7.5969,percent,oecd_activity,2015-10-31,,2026-09-26T14:19:03+00:00,ok,0
oecd_bond_yield,in,nation,2015-11,7.7452,percent,oecd_activity,2015-11-30,,2026-09-26T14:19:03+00:00,ok,0
oecd_bond_yield,in,nation,2015-12,7.791575,percent,oecd_activity,2015-12-31,,2026-09-26T14:19:03+00:00,ok,0
oecd_bond_yield,in,nation,2016-01,7.66876,percent,oecd_activity,2016-01-31,,2026-09-26T14:19:03+00:00,ok,0
oecd_bond_yield,in,nation,2016-02,7.720025,percent,oecd_activity,2016-02-29,,2026-09-26T14:19:03+00:00,ok,0
oecd_bond_yield,in,nation,2016-03,7.584775,percent,oecd_activity,2016-03-31,,2026-09-26T14:19:03+00:00,ok,0
oecd_bond_yield,in,nation,2016-04,7.43606,percent,oecd_activity,2016-04-30,,2026-09-26T14:19:03+00:00,ok,0
oecd_bond_yield,in,nation,2016-05,7.2793,percent,oecd_activity,2016-05-31,,2026-09-26T14:19:03+00:00,ok,0
oecd_bond_yield,in,nation,2016-06,7.502625,percent,oecd_activity,2016-06-30,,2026-09-26T14:19:03+00:00,ok,0
oecd_bond_yield,in,nation,2016-07,7.35092,percent,oecd_activity,2016-07-31,,2026-09-26T14:19:03+00:00,ok,0
oecd_bond_yield,in,nation,2016-08,7.14185,percent,oecd_activity,2016-08-31,,2026-09-26T14:19:03+00:00,ok,0
oecd_bond_yield,in,nation,2016-09,6.86438,percent,oecd_activity,2016-09-30,,2026-09-26T14:19:03+00:00,ok,0
oecd_bond_yield,in,nation,2016-10,6.784525,percent,oecd_activity,2016-10-31,,2026-09-26T14:19:03+00:00,ok,0
oecd_bond_yield,in,nation,2016-11,6.613,percent,oecd_activity,2016-11-30,,2026-09-26T14:19:03+00:00,ok,0
oecd_bond_yield,in,nation,2016-12,6.52812,percent,oecd_activity,2016-12-31,,2026-09-26T14:19:03+00:00,ok,0
oecd_bond_yield,in,nation,2017-01,6.7918,percent,oecd_activity,2017-01-31,,2026-09-26T14:19:03+00:00,ok,0
oecd_bond_yield,in,nation,2017-02,6.9794,percent,oecd_activity,2017-02-28,,2026-09-26T14:19:03+00:00,ok,0
oecd_bond_yield,in,nation,2017-03,7.11756,percent,oecd_activity,2017-03-31,,2026-09-26T14:19:03+00:00,ok,0
oecd_bond_yield,in,nation,2017-04,7.16485,percent,oecd_activity,2017-04-30,,2026-09-26T14:19:03+00:00,ok,0
oecd_bond_yield,in,nation,2017-05,7.1144,percent,oecd_activity,2017-05-31,,2026-09-26T14:19:03+00:00,ok,0
oecd_bond_yield,in,nation,2017-06,6.58302,percent,oecd_activity,2017-06-30,,2026-09-26T14:19:03+00:00,ok,0
oecd_bond_yield,in,nation,2017-07,6.54905,percent,oecd_activity,2017-07-31,,2026-09-26T14:19:03+00:00,ok,0
oecd_bond_yield,in,nation,2017-08,6.6025,percent,oecd_activity,2017-08-31,,2026-09-26T14:19:03+00:00,ok,0
oecd_bond_yield,in,nation,2017-09,6.72384,percent,oecd_activity,2017-09-30,,2026-09-26T14:19:03+00:00,ok,0
oecd_bond_yield,in,nation,2017-10,6.94395,percent,oecd_activity,2017-10-31,,2026-09-26T14:19:03+00:00,ok,0
oecd_bond_yield,in,nation,2017-11,7.16575,percent,oecd_activity,2017-11-30,,2026-09-26T14:19:03+00:00,ok,0
oecd_bond_yield,in,nation,2017-12,7.35076,percent,oecd_activity,2017-12-31,,2026-09-26T14:19:03+00:00,ok,0
oecd_bond_yield,in,nation,2018-01,7.219725,percent,oecd_activity,2018-01-31,,2026-09-26T14:19:03+00:00,ok,0
oecd_bond_yield,in,nation,2018-02,7.571275,percent,oecd_activity,2018-02-28,,2026-09-26T14:19:03+00:00,ok,0
oecd_bond_yield,in,nation,2018-03,7.60806,percent,oecd_activity,2018-03-31,,2026-09-26T14:19:03+00:00,ok,0
oecd_bond_yield,in,nation,2018-04,7.547875,percent,oecd_activity,2018-04-30,,2026-09-26T14:19:03+00:00,ok,0
oecd_bond_yield,in,nation,2018-05,7.846075,percent,oecd_activity,2018-05-31,,2026-09-26T14:19:03+00:00,ok,0
oecd_bond_yield,in,nation,2018-06,7.93574,percent,oecd_activity,2018-06-30,,2026-09-26T14:19:03+00:00,ok,0
oecd_bond_yield,in,nation,2018-07,7.800625,percent,oecd_activity,2018-07-31,,2026-09-26T14:19:03+00:00,ok,0
oecd_bond_yield,in,nation,2018-08,7.82458,percent,oecd_activity,2018-08-31,,2026-09-26T14:19:03+00:00,ok,0
oecd_bond_yield,in,nation,2018-09,8.019075,percent,oecd_activity,2018-09-30,,2026-09-26T14:19:03+00:00,ok,0
oecd_bond_yield,in,nation,2018-10,7.92485,percent,oecd_activity,2018-10-31,,2026-09-26T14:19:03+00:00,ok,0
oecd_bond_yield,in,nation,2018-11,7.78462,percent,oecd_activity,2018-11-30,,2026-09-26T14:19:03+00:00,ok,0
oecd_bond_yield,in,nation,2018-12,7.37335,percent,oecd_activity,2018-12-31,,2026-09-26T14:19:03+00:00,ok,0
oecd_bond_yield,in,nation,2019-01,7.34735,percent,oecd_activity,2019-01-31,,2026-09-26T14:19:03+00:00,ok,0
oecd_bond_yield,in,nation,2019-02,7.4312,percent,oecd_activity,2019-02-28,,2026-09-26T14:19:03+00:00,ok,0
oecd_bond_yield,in,nation,2019-03,7.41366,percent,oecd_activity,2019-03-31,,2026-09-26T14:19:03+00:00,ok,0
oecd_bond_yield,in,nation,2019-04,7.421075,percent,oecd_activity,2019-04-30,,2026-09-26T14:19:03+00:00,ok,0
oecd_bond_yield,in,nation,2019-05,7.3271,percent,oecd_activity,2019-05-31,,2026-09-26T14:19:03+00:00,ok,0
oecd_bond_yield,in,nation,2019-06,6.96805,percent,oecd_activity,2019-06-30,,2026-09-26T14:19:03+00:00,ok,0
oecd_bond_yield,in,nation,2019-07,6.597725,percent,oecd_activity,2019-07-31,,2026-09-26T14:19:03+00:00,ok,0
oecd_bond_yield,in,nation,2019-08,6.61912,percent,oecd_activity,2019-08-31,,2026-09-26T14:19:03+00:00,ok,0
oecd_bond_yield,in,nation,2019-09,6.81335,percent,oecd_activity,2019-09-30,,2026-09-26T14:19:03+00:00,ok,0
oecd_bond_yield,in,nation,2019-10,6.5418,percent,oecd_activity,2019-10-31,,2026-09-26T14:19:03+00:00,ok,0
oecd_bond_yield,in,nation,2019-11,6.63498,percent,oecd_activity,2019-11-30,,2026-09-26T14:19:03+00:00,ok,0
oecd_bond_yield,in,nation,2019-12,6.848575,percent,oecd_activity,2019-12-31,,2026-09-26T14:19:03+00:00,ok,0
oecd_bond_yield,in,nation,2020-01,6.8218,percent,oecd_activity,2020-01-31,,2026-09-26T14:19:03+00:00,ok,0
oecd_bond_yield,in,nation,2020-02,6.65965,percent,oecd_activity,2020-02-29,,2026-09-26T14:19:03+00:00,ok,0
oecd_bond_yield,in,nation,2020-03,6.701575,percent,oecd_activity,2020-03-31,,2026-09-26T14:19:03+00:00,ok,0
oecd_bond_yield,in,nation,2020-04,6.76515,percent,oecd_activity,2020-04-30,,2026-09-26T14:19:03+00:00,ok,0
oecd_bond_yield,in,nation,2020-05,5.91544,percent,oecd_activity,2020-05-31,,2026-09-26T14:19:03+00:00,ok,0
oecd_bond_yield,in,nation,2020-06,5.8551,percent,oecd_activity,2020-06-30,,2026-09-26T14:19:03+00:00,ok,0
oecd_bond_yield,in,nation,2020-07,5.81452,percent,oecd_activity,2020-07-31,,2026-09-26T14:19:03+00:00,ok,0
oecd_bond_yield,in,nation,2020-08,6.0105,percent,oecd_activity,2020-08-31,,2026-09-26T14:19:03+00:00,ok,0
oecd_bond_yield,in,nation,2020-09,6.024675,percent,oecd_activity,2020-09-30,,2026-09-26T14:19:03+00:00,ok,0
oecd_bond_yield,in,nation,2020-10,5.94484,percent,oecd_activity,2020-10-31,,2026-09-26T14:19:03+00:00,ok,0
oecd_bond_yield,in,nation,2020-11,5.8952,percent,oecd_activity,2020-11-30,,2026-09-26T14:19:03+00:00,ok,0
oecd_bond_yield,in,nation,2020-12,5.8929,percent,oecd_activity,2020-12-31,,2026-09-26T14:19:03+00:00,ok,0
oecd_bond_yield,in,nation,2021-01,5.94162,percent,oecd_activity,2021-01-31,,2026-09-26T14:19:03+00:00,ok,0
oecd_bond_yield,in,nation,2021-02,6.1935,percent,oecd_activity,2021-02-28,,2026-09-26T14:19:03+00:00,ok,0
oecd_bond_yield,in,nation,2021-03,6.350775,percent,oecd_activity,2021-03-31,,2026-09-26T14:19:03+00:00,ok,0
oecd_bond_yield,in,nation,2021-04,6.2801,percent,oecd_activity,2021-04-30,,2026-09-26T14:19:03+00:00,ok,0
oecd_bond_yield,in,nation,2021-05,6.225375,percent,oecd_activity,2021-05-31,,2026-09-26T14:19:03+00:00,ok,0
oecd_bond_yield,in,nation,2021-06,6.267675,percent,oecd_activity,2021-06-30,,2026-09-26T14:19:03+00:00,ok,0
oecd_bond_yield,in,nation,2021-07,6.20842,percent,oecd_activity,2021-07-31,,2026-09-26T14:19:03+00:00,ok,0
oecd_bond_yield,in,nation,2021-08,6.280325,percent,oecd_activity,2021-08-31,,2026-09-26T14:19:03+00:00,ok,0
oecd_bond_yield,in,nation,2021-09,6.1883,percent,oecd_activity,2021-09-30,,2026-09-26T14:19:03+00:00,ok,0
oecd_bond_yield,in,nation,2021-10,6.35978,percent,oecd_activity,2021-10-31,,2026-09-26T14:19:03+00:00,ok,0
oecd_bond_yield,in,nation,2021-11,6.354375,percent,oecd_activity,2021-11-30,,2026-09-26T14:19:03+00:00,ok,0
oecd_bond_yield,in,nation,2021-12,6.44032,percent,oecd_activity,2021-12-31,,2026-09-26T14:19:03+00:00,ok,0
oecd_bond_yield,in,nation,2022-01,6.643025,percent,oecd_activity,2022-01-31,,2026-09-26T14:19:03+00:00,ok,0
oecd_bond_yield,in,nation,2022-02,6.750475,percent,oecd_activity,2022-02-28,,2026-09-26T14:19:03+00:00,ok,0
oecd_bond_yield,in,nation,2022-03,6.819825,percent,oecd_activity,2022-03-31,,2026-09-26T14:19:03+00:00,ok,0
oecd_bond_yield,in,nation,2022-04,7.1058,percent,oecd_activity,2022-04-30,,2026-09-26T14:19:03+00:00,ok,0
oecd_bond_yield,in,nation,2022-05,7.38565,percent,oecd_activity,2022-05-31,,2026-09-26T14:19:03+00:00,ok,0
oecd_bond_yield,in,nation,2022-06,7.529625,percent,oecd_activity,2022-06-30,,2026-09-26T14:19:03+00:00,ok,0
oecd_bond_yield,in,nation,2022-07,7.40206,percent,oecd_activity,2022-07-31,,2026-09-26T14:19:03+00:00,ok,0
oecd_bond_yield,in,nation,2022-08,7.27475,percent,oecd_activity,2022-08-31,,2026-09-26T14:19:03+00:00,ok,0
oecd_bond_yield,in,nation,2022-09,7.280374,percent,oecd_activity,2022-09-30,,2026-09-26T14:19:03+00:00,ok,0
oecd_bond_yield,in,nation,2022-10,7.464925,percent,oecd_activity,2022-10-31,,2026-09-26T14:19:03+00:00,ok,0
oecd_bond_yield,in,nation,2022-11,7.357575,percent,oecd_activity,2022-11-30,,2026-09-26T14:19:03+00:00,ok,0
oecd_bond_yield,in,nation,2022-12,7.29416,percent,oecd_activity,2022-12-31,,2026-09-26T14:19:03+00:00,ok,0
oecd_bond_yield,in,nation,2023-01,7.39,percent,oecd_activity,2023-01-31,,2026-09-26T14:19:03+00:00,ok,0
oecd_bond_yield,in,nation,2023-02,7.334525,percent,oecd_activity,2023-02-28,,2026-09-26T14:19:03+00:00,ok,0
oecd_bond_yield,in,nation,2023-03,7.36,percent,oecd_activity,2023-03-31,,2026-09-26T14:19:03+00:00,ok,0
oecd_bond_yield,in,nation,2023-04,7.18,percent,oecd_activity,2023-04-30,,2026-09-26T14:19:03+00:00,ok,0
oecd_bond_yield,in,nation,2023-05,7.0125,percent,oecd_activity,2023-05-31,,2026-09-26T14:19:03+00:00,ok,0
oecd_bond_yield,in,nation,2023-06,7.054,percent,oecd_activity,2023-06-30,,2026-09-26T14:19:03+00:00,ok,0
oecd_bond_yield,in,nation,2023-07,7.1125,percent,oecd_activity,2023-07-31,,2026-09-26T14:19:03+00:00,ok,0
oecd_bond_yield,in,nation,2023-08,7.185,percent,oecd_activity,2023-08-31,,2026-09-26T14:19:03+00:00,ok,0
oecd_bond_yield,in,nation,2023-09,7.172,percent,oecd_activity,2023-09-30,,2026-09-26T14:19:03+00:00,ok,0
oecd_bond_yield,in,nation,2023-10,7.35,percent,oecd_activity,2023-10-31,,2026-09-26T14:19:03+00:00,ok,0
oecd_bond_yield,in,nation,2023-11,7.27,percent,oecd_activity,2023-11-30,,2026-09-26T14:19:03+00:00,ok,0
oecd_bond_yield,in,nation,2023-12,7.224,percent,oecd_activity,2023-12-31,,2026-09-26T14:19:03+00:00,ok,0
oecd_bond_yield,in,nation,2024-01,7.2025,percent,oecd_activity,2024-01-31,,2026-09-26T14:19:03+00:00,ok,0
oecd_bond_yield,in,nation,2024-02,7.09,percent,oecd_activity,2024-02-29,,2026-09-26T14:19:03+00:00,ok,0
oecd_bond_yield,in,nation,2024-03,7.068,percent,oecd_activity,2024-03-31,,2026-09-26T14:19:03+00:00,ok,0
oecd_bond_yield,in,nation,2024-04,7.15,percent,oecd_activity,2024-04-30,,2026-09-26T14:19:03+00:00,ok,0
oecd_bond_yield,in,nation,2024-05,7.054,percent,oecd_activity,2024-05-31,,2026-09-26T14:19:03+00:00,ok,0
oecd_bond_yield,in,nation,2024-06,7.0225,percent,oecd_activity,2024-06-30,,2026-09-26T14:19:03+00:00,ok,0
oecd_bond_yield,in,nation,2024-07,7.0075,percent,oecd_activity,2024-07-31,,2026-09-26T14:19:03+00:00,ok,0
oecd_bond_yield,in,nation,2024-08,6.91,percent,oecd_activity,2024-08-31,,2026-09-26T14:19:03+00:00,ok,0
oecd_bond_yield,in,nation,2024-09,6.8325,percent,oecd_activity,2024-09-30,,2026-09-26T14:19:03+00:00,ok,0
oecd_bond_yield,in,nation,2024-10,6.785,percent,oecd_activity,2024-10-31,,2026-09-26T14:19:03+00:00,ok,0
oecd_bond_yield,in,nation,2024-11,6.812,percent,oecd_activity,2024-11-30,,2026-09-26T14:19:03+00:00,ok,0
oecd_bond_yield,in,nation,2024-12,6.7775,percent,oecd_activity,2024-12-31,,2026-09-26T14:19:03+00:00,ok,0
oecd_bond_yield,in,nation,2025-01,6.758,percent,oecd_activity,2025-01-31,,2026-09-26T14:19:03+00:00,ok,0
oecd_bond_yield,in,nation,2025-02,6.7325,percent,oecd_activity,2025-02-28,,2026-09-26T14:19:03+00:00,ok,0
oecd_bond_yield,in,nation,2025-03,6.6825,percent,oecd_activity,2025-03-31,,2026-09-26T14:19:03+00:00,ok,0
oecd_bond_yield,in,nation,2025-04,6.455,percent,oecd_activity,2025-04-30,,2026-09-26T14:19:03+00:00,ok,0
oecd_bond_yield,in,nation,2025-05,6.272,percent,oecd_activity,2025-05-31,,2026-09-26T14:19:03+00:00,ok,0
oecd_bond_yield,in,nation,2025-06,6.3075,percent,oecd_activity,2025-06-30,,2026-09-26T14:19:03+00:00,ok,0
oecd_bond_yield,in,nation,2025-07,6.35,percent,oecd_activity,2025-07-31,,2026-09-26T14:19:03+00:00,ok,0
oecd_bond_yield,in,nation,2025-08,6.522,percent,oecd_activity,2025-08-31,,2026-09-26T14:19:03+00:00,ok,0
oecd_bond_yield,in,nation,2025-09,6.585,percent,oecd_activity,2025-09-30,,2026-09-26T14:19:03+00:00,ok,0
oecd_bond_yield,in,nation,2025-10,6.482,percent,oecd_activity,2025-10-31,,2026-09-26T14:19:03+00:00,ok,0
oecd_bond_yield,in,nation,2025-11,6.5375,percent,oecd_activity,2025-11-30,,2026-09-26T14:19:03+00:00,ok,0
oecd_bond_yield,in,nation,2025-12,6.6325,percent,oecd_activity,2025-12-31,,2026-09-26T14:19:03+00:00,ok,0
oecd_bond_yield,in,nation,2026-01,6.732,percent,oecd_activity,2026-01-31,,2026-09-26T14:19:03+00:00,ok,0
oecd_bond_yield,in,nation,2026-02,6.77,percent,oecd_activity,2026-02-28,,2026-09-26T14:19:03+00:00,ok,0
oecd_bond_yield,in,nation,2026-03,6.84,percent,oecd_activity,2026-03-31,,2026-09-26T14:19:03+00:00,ok,0
oecd_bond_yield,in,nation,2026-04,7.05,percent,oecd_activity,2026-04-30,,2026-09-26T14:19:03+00:00,ok,0
oecd_bond_yield,in,nation,2026-05,7.02,percent,oecd_activity,2026-05-31,,2026-09-26T14:19:03+00:00,ok,0
oecd_bond_yield,in,nation,2026-06,6.89,percent,oecd_activity,2026-06-30,,2026-09-26T14:19:03+00:00,ok,0
oecd_bond_yield,in,nation,2026-07,6.78,percent,oecd_activity,2026-07-31,,2026-09-26T14:19:03+00:00,ok,0
oecd_bond_yield,it,nation,2015-01,1.70214,percent,oecd_activity,2015-01-31,,2026-09-26T14:19:03+00:00,ok,0
oecd_bond_yield,it,nation,2015-02,1.55683,percent,oecd_activity,2015-02-28,,2026-09-26T14:19:03+00:00,ok,0
oecd_bond_yield,it,nation,2015-03,1.29423,percent,oecd_activity,2015-03-31,,2026-09-26T14:19:03+00:00,ok,0
oecd_bond_yield,it,nation,2015-04,1.3574,percent,oecd_activity,2015-04-30,,2026-09-26T14:19:03+00:00,ok,0
oecd_bond_yield,it,nation,2015-05,1.81211,percent,oecd_activity,2015-05-31,,2026-09-26T14:19:03+00:00,ok,0
oecd_bond_yield,it,nation,2015-06,2.19919,percent,oecd_activity,2015-06-30,,2026-09-26T14:19:03+00:00,ok,0
oecd_bond_yield,it,nation,2015-07,2.04214,percent,oecd_activity,2015-07-31,,2026-09-26T14:19:03+00:00,ok,0
oecd_bond_yield,it,nation,2015-08,1.83856,percent,oecd_activity,2015-08-31,,2026-09-26T14:19:03+00:00,ok,0
oecd_bond_yield,it,nation,2015-09,1.92014,percent,oecd_activity,2015-09-30,,2026-09-26T14:19:03+00:00,ok,0
oecd_bond_yield,it,nation,2015-10,1.69606,percent,oecd_activity,2015-10-31,,2026-09-26T14:19:03+00:00,ok,0
oecd_bond_yield,it,nation,2015-11,1.57018,percent,oecd_activity,2015-11-30,,2026-09-26T14:19:03+00:00,ok,0
oecd_bond_yield,it,nation,2015-12,1.57864,percent,oecd_activity,2015-12-31,,2026-09-26T14:19:03+00:00,ok,0
oecd_bond_yield,it,nation,2016-01,1.5343,percent,oecd_activity,2016-01-31,,2026-09-26T14:19:03+00:00,ok,0
oecd_bond_yield,it,nation,2016-02,1.5585,percent,oecd_activity,2016-02-29,,2026-09-26T14:19:03+00:00,ok,0
oecd_bond_yield,it,nation,2016-03,1.37516,percent,oecd_activity,2016-03-31,,2026-09-26T14:19:03+00:00,ok,0
oecd_bond_yield,it,nation,2016-04,1.44177,percent,oecd_activity,2016-04-30,,2026-09-26T14:19:03+00:00,ok,0
oecd_bond_yield,it,nation,2016-05,1.52632,percent,oecd_activity,2016-05-31,,2026-09-26T14:19:03+00:00,ok,0
oecd_bond_yield,it,nation,2016-06,1.45346,percent,oecd_activity,2016-06-30,,2026-09-26T14:19:03+00:00,ok,0
oecd_bond_yield,it,nation,2016-07,1.22722,percent,oecd_activity,2016-07-31,,2026-09-26T14:19:03+00:00,ok,0
oecd_bond_yield,it,nation,2016-08,1.17635,percent,oecd_activity,2016-08-31,,2026-09-26T14:19:03+00:00,ok,0
oecd_bond_yield,it,nation,2016-09,1.26606,percent,oecd_activity,2016-09-30,,2026-09-26T14:19:03+00:00,ok,0
oecd_bond_yield,it,nation,2016-10,1.45047,percent,oecd_activity,2016-10-31,,2026-09-26T14:19:03+00:00,ok,0
oecd_bond_yield,it,nation,2016-11,1.94278,percent,oecd_activity,2016-11-30,,2026-09-26T14:19:03+00:00,ok,0
oecd_bond_yield,it,nation,2016-12,1.88618,percent,oecd_activity,2016-12-31,,2026-09-26T14:19:03+00:00,ok,0
oecd_bond_yield,it,nation,2017-01,1.99107,percent,oecd_activity,2017-01-31,,2026-09-26T14:19:03+00:00,ok,0
oecd_bond_yield,it,nation,2017-02,2.35192,percent,oecd_activity,2017-02-28,,2026-09-26T14:19:03+00:00,ok,0
oecd_bond_yield,it,nation,2017-03,2.40073,percent,oecd_activity,2017-03-31,,2026-09-26T14:19:03+00:00,ok,0
oecd_bond_yield,it,nation,2017-04,2.25705,percent,oecd_activity,2017-04-30,,2026-09-26T14:19:03+00:00,ok,0
oecd_bond_yield,it,nation,2017-05,2.19402,percent,oecd_activity,2017-05-31,,2026-09-26T14:19:03+00:00,ok,0
oecd_bond_yield,it,nation,2017-06,2.05337,percent,oecd_activity,2017-06-30,,2026-09-26T14:19:03+00:00,ok,0
oecd_bond_yield,it,nation,2017-07,2.23141,percent,oecd_activity,2017-07-31,,2026-09-26T14:19:03+00:00,ok,0
oecd_bond_yield,it,nation,2017-08,2.10986,percent,oecd_activity,2017-08-31,,2026-09-26T14:19:03+00:00,ok,0
oecd_bond_yield,it,nation,2017-09,2.10949,percent,oecd_activity,2017-09-30,,2026-09-26T14:19:03+00:00,ok,0
oecd_bond_yield,it,nation,2017-10,2.07385,percent,oecd_activity,2017-10-31,,2026-09-26T14:19:03+00:00,ok,0
oecd_bond_yield,it,nation,2017-11,1.78885,percent,oecd_activity,2017-11-30,,2026-09-26T14:19:03+00:00,ok,0
oecd_bond_yield,it,nation,2017-12,1.79452,percent,oecd_activity,2017-12-31,,2026-09-26T14:19:03+00:00,ok,0
oecd_bond_yield,it,nation,2018-01,1.98419,percent,oecd_activity,2018-01-31,,2026-09-26T14:19:03+00:00,ok,0
oecd_bond_yield,it,nation,2018-02,2.08078,percent,oecd_activity,2018-02-28,,2026-09-26T14:19:03+00:00,ok,0
oecd_bond_yield,it,nation,2018-03,1.96547,percent,oecd_activity,2018-03-31,,2026-09-26T14:19:03+00:00,ok,0
oecd_bond_yield,it,nation,2018-04,1.77335,percent,oecd_activity,2018-04-30,,2026-09-26T14:19:03+00:00,ok,0
oecd_bond_yield,it,nation,2018-05,2.17969,percent,oecd_activity,2018-05-31,,2026-09-26T14:19:03+00:00,ok,0
oecd_bond_yield,it,nation,2018-06,2.74417,percent,oecd_activity,2018-06-30,,2026-09-26T14:19:03+00:00,ok,0
oecd_bond_yield,it,nation,2018-07,2.64298,percent,oecd_activity,2018-07-31,,2026-09-26T14:19:03+00:00,ok,0
oecd_bond_yield,it,nation,2018-08,3.16096,percent,oecd_activity,2018-08-31,,2026-09-26T14:19:03+00:00,ok,0
oecd_bond_yield,it,nation,2018-09,2.9585,percent,oecd_activity,2018-09-30,,2026-09-26T14:19:03+00:00,ok,0
oecd_bond_yield,it,nation,2018-10,3.46884,percent,oecd_activity,2018-10-31,,2026-09-26T14:19:03+00:00,ok,0
oecd_bond_yield,it,nation,2018-11,3.39008,percent,oecd_activity,2018-11-30,,2026-09-26T14:19:03+00:00,ok,0
oecd_bond_yield,it,nation,2018-12,2.97513,percent,oecd_activity,2018-12-31,,2026-09-26T14:19:03+00:00,ok,0
oecd_bond_yield,it,nation,2019-01,2.77011,percent,oecd_activity,2019-01-31,,2026-09-26T14:19:03+00:00,ok,0
oecd_bond_yield,it,nation,2019-02,2.81241,percent,oecd_activity,2019-02-28,,2026-09-26T14:19:03+00:00,ok,0
oecd_bond_yield,it,nation,2019-03,2.68985,percent,oecd_activity,2019-03-31,,2026-09-26T14:19:03+00:00,ok,0
oecd_bond_yield,it,nation,2019-04,2.61756,percent,oecd_activity,2019-04-30,,2026-09-26T14:19:03+00:00,ok,0
oecd_bond_yield,it,nation,2019-05,2.64404,percent,oecd_activity,2019-05-31,,2026-09-26T14:19:03+00:00,ok,0
oecd_bond_yield,it,nation,2019-06,2.28374,percent,oecd_activity,2019-06-30,,2026-09-26T14:19:03+00:00,ok,0
oecd_bond_yield,it,nation,2019-07,1.6539,percent,oecd_activity,2019-07-31,,2026-09-26T14:19:03+00:00,ok,0
oecd_bond_yield,it,nation,2019-08,1.40365,percent,oecd_activity,2019-08-31,,2026-09-26T14:19:03+00:00,ok,0
oecd_bond_yield,it,nation,2019-09,0.90208,percent,oecd_activity,2019-09-30,,2026-09-26T14:19:03+00:00,ok,0
oecd_bond_yield,it,nation,2019-10,1.00355,percent,oecd_activity,2019-10-31,,2026-09-26T14:19:03+00:00,ok,0
oecd_bond_yield,it,nation,2019-11,1.26594,percent,oecd_activity,2019-11-30,,2026-09-26T14:19:03+00:00,ok,0
oecd_bond_yield,it,nation,2019-12,1.37011,percent,oecd_activity,2019-12-31,,2026-09-26T14:19:03+00:00,ok,0
oecd_bond_yield,it,nation,2020-01,1.27499,percent,oecd_activity,2020-01-31,,2026-09-26T14:19:03+00:00,ok,0
oecd_bond_yield,it,nation,2020-02,0.9555,percent,oecd_activity,2020-02-29,,2026-09-26T14:19:03+00:00,ok,0
oecd_bond_yield,it,nation,2020-03,1.55118,percent,oecd_activity,2020-03-31,,2026-09-26T14:19:03+00:00,ok,0
oecd_bond_yield,it,nation,2020-04,1.79913,percent,oecd_activity,2020-04-30,,2026-09-26T14:19:03+00:00,ok,0
oecd_bond_yield,it,nation,2020-05,1.76204,percent,oecd_activity,2020-05-31,,2026-09-26T14:19:03+00:00,ok,0
oecd_bond_yield,it,nation,2020-06,1.4552,percent,oecd_activity,2020-06-30,,2026-09-26T14:19:03+00:00,ok,0
oecd_bond_yield,it,nation,2020-07,1.19629,percent,oecd_activity,2020-07-31,,2026-09-26T14:19:03+00:00,ok,0
oecd_bond_yield,it,nation,2020-08,1.03189,percent,oecd_activity,2020-08-31,,2026-09-26T14:19:03+00:00,ok,0
oecd_bond_yield,it,nation,2020-09,0.98121,percent,oecd_activity,2020-09-30,,2026-09-26T14:19:03+00:00,ok,0
oecd_bond_yield,it,nation,2020-10,0.77007,percent,oecd_activity,2020-10-31,,2026-09-26T14:19:03+00:00,ok,0
oecd_bond_yield,it,nation,2020-11,0.66399,percent,oecd_activity,2020-11-30,,2026-09-26T14:19:03+00:00,ok,0
oecd_bond_yield,it,nation,2020-12,0.57801,percent,oecd_activity,2020-12-31,,2026-09-26T14:19:03+00:00,ok,0
oecd_bond_yield,it,nation,2021-01,0.61566,percent,oecd_activity,2021-01-31,,2026-09-26T14:19:03+00:00,ok,0
oecd_bond_yield,it,nation,2021-02,0.59041,percent,oecd_activity,2021-02-28,,2026-09-26T14:19:03+00:00,ok,0
oecd_bond_yield,it,nation,2021-03,0.70399,percent,oecd_activity,2021-03-31,,2026-09-26T14:19:03+00:00,ok,0
oecd_bond_yield,it,nation,2021-04,0.79727,percent,oecd_activity,2021-04-30,,2026-09-26T14:19:03+00:00,ok,0
oecd_bond_yield,it,nation,2021-05,0.98446,percent,oecd_activity,2021-05-31,,2026-09-26T14:19:03+00:00,ok,0
oecd_bond_yield,it,nation,2021-06,0.8746,percent,oecd_activity,2021-06-30,,2026-09-26T14:19:03+00:00,ok,0
oecd_bond_yield,it,nation,2021-07,0.74775,percent,oecd_activity,2021-07-31,,2026-09-26T14:19:03+00:00,ok,0
oecd_bond_yield,it,nation,2021-08,0.62758,percent,oecd_activity,2021-08-31,,2026-09-26T14:19:03+00:00,ok,0
oecd_bond_yield,it,nation,2021-09,0.77658,percent,oecd_activity,2021-09-30,,2026-09-26T14:19:03+00:00,ok,0
oecd_bond_yield,it,nation,2021-10,0.95487,percent,oecd_activity,2021-10-31,,2026-09-26T14:19:03+00:00,ok,0
oecd_bond_yield,it,nation,2021-11,1.00969,percent,oecd_activity,2021-11-30,,2026-09-26T14:19:03+00:00,ok,0
oecd_bond_yield,it,nation,2021-12,1.04735,percent,oecd_activity,2021-12-31,,2026-09-26T14:19:03+00:00,ok,0
oecd_bond_yield,it,nation,2022-01,1.34641,percent,oecd_activity,2022-01-31,,2026-09-26T14:19:03+00:00,ok,0
oecd_bond_yield,it,nation,2022-02,1.79367,percent,oecd_activity,2022-02-28,,2026-09-26T14:19:03+00:00,ok,0
oecd_bond_yield,it,nation,2022-03,1.85382,percent,oecd_activity,2022-03-31,,2026-09-26T14:19:03+00:00,ok,0
oecd_bond_yield,it,nation,2022-04,2.4356,percent,oecd_activity,2022-04-30,,2026-09-26T14:19:03+00:00,ok,0
oecd_bond_yield,it,nation,2022-05,2.98982,percent,oecd_activity,2022-05-31,,2026-09-26T14:19:03+00:00,ok,0
oecd_bond_yield,it,nation,2022-06,3.6347,percent,oecd_activity,2022-06-30,,2026-09-26T14:19:03+00:00,ok,0
oecd_bond_yield,it,nation,2022-07,3.35879,percent,oecd_activity,2022-07-31,,2026-09-26T14:19:03+00:00,ok,0
oecd_bond_yield,it,nation,2022-08,3.29713,percent,oecd_activity,2022-08-31,,2026-09-26T14:19:03+00:00,ok,0
oecd_bond_yield,it,nation,2022-09,4.13844,percent,oecd_activity,2022-09-30,,2026-09-26T14:19:03+00:00,ok,0
oecd_bond_yield,it,nation,2022-10,4.53227,percent,oecd_activity,2022-10-31,,2026-09-26T14:19:03+00:00,ok,0
oecd_bond_yield,it,nation,2022-11,4.24251,percent,oecd_activity,2022-11-30,,2026-09-26T14:19:03+00:00,ok,0
oecd_bond_yield,it,nation,2022-12,4.25657,percent,oecd_activity,2022-12-31,,2026-09-26T14:19:03+00:00,ok,0
oecd_bond_yield,it,nation,2023-01,4.24279,percent,oecd_activity,2023-01-31,,2026-09-26T14:19:03+00:00,ok,0
oecd_bond_yield,it,nation,2023-02,4.27004,percent,oecd_activity,2023-02-28,,2026-09-26T14:19:03+00:00,ok,0
oecd_bond_yield,it,nation,2023-03,4.24,percent,oecd_activity,2023-03-31,,2026-09-26T14:19:03+00:00,ok,0
oecd_bond_yield,it,nation,2023-04,4.23356,percent,oecd_activity,2023-04-30,,2026-09-26T14:19:03+00:00,ok,0
oecd_bond_yield,it,nation,2023-05,4.31267,percent,oecd_activity,2023-05-31,,2026-09-26T14:19:03+00:00,ok,0
oecd_bond_yield,it,nation,2023-06,4.07441,percent,oecd_activity,2023-06-30,,2026-09-26T14:19:03+00:00,ok,0
oecd_bond_yield,it,nation,2023-07,4.15721,percent,oecd_activity,2023-07-31,,2026-09-26T14:19:03+00:00,ok,0
oecd_bond_yield,it,nation,2023-08,4.22104,percent,oecd_activity,2023-08-31,,2026-09-26T14:19:03+00:00,ok,0
oecd_bond_yield,it,nation,2023-09,4.51295,percent,oecd_activity,2023-09-30,,2026-09-26T14:19:03+00:00,ok,0
oecd_bond_yield,it,nation,2023-10,4.88505,percent,oecd_activity,2023-10-31,,2026-09-26T14:19:03+00:00,ok,0
oecd_bond_yield,it,nation,2023-11,4.42761,percent,oecd_activity,2023-11-30,,2026-09-26T14:19:03+00:00,ok,0
oecd_bond_yield,it,nation,2023-12,3.82082,percent,oecd_activity,2023-12-31,,2026-09-26T14:19:03+00:00,ok,0
oecd_bond_yield,it,nation,2024-01,3.81113,percent,oecd_activity,2024-01-31,,2026-09-26T14:19:03+00:00,ok,0
oecd_bond_yield,it,nation,2024-02,3.87207,percent,oecd_activity,2024-02-29,,2026-09-26T14:19:03+00:00,ok,0
oecd_bond_yield,it,nation,2024-03,3.69579,percent,oecd_activity,2024-03-31,,2026-09-26T14:19:03+00:00,ok,0
oecd_bond_yield,it,nation,2024-04,3.85564,percent,oecd_activity,2024-04-30,,2026-09-26T14:19:03+00:00,ok,0
oecd_bond_yield,it,nation,2024-05,3.84382,percent,oecd_activity,2024-05-31,,2026-09-26T14:19:03+00:00,ok,0
oecd_bond_yield,it,nation,2024-06,3.94189,percent,oecd_activity,2024-06-30,,2026-09-26T14:19:03+00:00,ok,0
oecd_bond_yield,it,nation,2024-07,3.83015,percent,oecd_activity,2024-07-31,,2026-09-26T14:19:03+00:00,ok,0
oecd_bond_yield,it,nation,2024-08,3.68199,percent,oecd_activity,2024-08-31,,2026-09-26T14:19:03+00:00,ok,0
oecd_bond_yield,it,nation,2024-09,3.56547,percent,oecd_activity,2024-09-30,,2026-09-26T14:19:03+00:00,ok,0
oecd_bond_yield,it,nation,2024-10,3.50106,percent,oecd_activity,2024-10-31,,2026-09-26T14:19:03+00:00,ok,0
oecd_bond_yield,it,nation,2024-11,3.56886,percent,oecd_activity,2024-11-30,,2026-09-26T14:19:03+00:00,ok,0
oecd_bond_yield,it,nation,2024-12,3.32087,percent,oecd_activity,2024-12-31,,2026-09-26T14:19:03+00:00,ok,0
oecd_bond_yield,it,nation,2025-01,3.67594,percent,oecd_activity,2025-01-31,,2026-09-26T14:19:03+00:00,ok,0
oecd_bond_yield,it,nation,2025-02,3.57541,percent,oecd_activity,2025-02-28,,2026-09-26T14:19:03+00:00,ok,0
oecd_bond_yield,it,nation,2025-03,3.88713,percent,oecd_activity,2025-03-31,,2026-09-26T14:19:03+00:00,ok,0
oecd_bond_yield,it,nation,2025-04,3.71151,percent,oecd_activity,2025-04-30,,2026-09-26T14:19:03+00:00,ok,0
oecd_bond_yield,it,nation,2025-05,3.62922,percent,oecd_activity,2025-05-31,,2026-09-26T14:19:03+00:00,ok,0
oecd_bond_yield,it,nation,2025-06,3.50068,percent,oecd_activity,2025-06-30,,2026-09-26T14:19:03+00:00,ok,0
oecd_bond_yield,it,nation,2025-07,3.53735,percent,oecd_activity,2025-07-31,,2026-09-26T14:19:03+00:00,ok,0
oecd_bond_yield,it,nation,2025-08,3.53833,percent,oecd_activity,2025-08-31,,2026-09-26T14:19:03+00:00,ok,0
oecd_bond_yield,it,nation,2025-09,3.55866,percent,oecd_activity,2025-09-30,,2026-09-26T14:19:03+00:00,ok,0
oecd_bond_yield,it,nation,2025-10,3.44212,percent,oecd_activity,2025-10-31,,2026-09-26T14:19:03+00:00,ok,0
oecd_bond_yield,it,nation,2025-11,3.45927,percent,oecd_activity,2025-11-30,,2026-09-26T14:19:03+00:00,ok,0
oecd_bond_yield,it,nation,2025-12,3.55156,percent,oecd_activity,2025-12-31,,2026-09-26T14:19:03+00:00,ok,0
oecd_bond_yield,it,nation,2026-01,3.49242,percent,oecd_activity,2026-01-31,,2026-09-26T14:19:03+00:00,ok,0
oecd_bond_yield,it,nation,2026-02,3.388,percent,oecd_activity,2026-02-28,,2026-09-26T14:19:03+00:00,ok,0
oecd_bond_yield,it,nation,2026-03,3.73337,percent,oecd_activity,2026-03-31,,2026-09-26T14:19:03+00:00,ok,0
oecd_bond_yield,it,nation,2026-04,3.8182,percent,oecd_activity,2026-04-30,,2026-09-26T14:19:03+00:00,ok,0
oecd_bond_yield,it,nation,2026-05,3.83912,percent,oecd_activity,2026-05-31,,2026-09-26T14:19:03+00:00,ok,0
oecd_bond_yield,it,nation,2026-06,3.73443,percent,oecd_activity,2026-06-30,,2026-09-26T14:19:03+00:00,ok,0
oecd_bond_yield,it,nation,2026-07,3.88074,percent,oecd_activity,2026-07-31,,2026-09-26T14:19:03+00:00,ok,0
oecd_bond_yield,it,nation,2026-08,3.98598,percent,oecd_activity,2026-08-31,,2026-09-26T14:19:03+00:00,ok,0
oecd_bond_yield,jp,nation,2015-01,0.275,percent,oecd_activity,2015-01-31,,2026-09-26T14:19:03+00:00,ok,0
oecd_bond_yield,jp,nation,2015-02,0.33,percent,oecd_activity,2015-02-28,,2026-09-26T14:19:03+00:00,ok,0
oecd_bond_yield,jp,nation,2015-03,0.4,percent,oecd_activity,2015-03-31,,2026-09-26T14:19:03+00:00,ok,0
oecd_bond_yield,jp,nation,2015-04,0.34,percent,oecd_activity,2015-04-30,,2026-09-26T14:19:03+00:00,ok,0
oecd_bond_yield,jp,nation,2015-05,0.39,percent,oecd_activity,2015-05-31,,2026-09-26T14:19:03+00:00,ok,0
oecd_bond_yield,jp,nation,2015-06,0.455,percent,oecd_activity,2015-06-30,,2026-09-26T14:19:03+00:00,ok,0
oecd_bond_yield,jp,nation,2015-07,0.41,percent,oecd_activity,2015-07-31,,2026-09-26T14:19:03+00:00,ok,0
oecd_bond_yield,jp,nation,2015-08,0.38,percent,oecd_activity,2015-08-31,,2026-09-26T14:19:03+00:00,ok,0
oecd_bond_yield,jp,nation,2015-09,0.35,percent,oecd_activity,2015-09-30,,2026-09-26T14:19:03+00:00,ok,0
oecd_bond_yield,jp,nation,2015-10,0.3,percent,oecd_activity,2015-10-31,,2026-09-26T14:19:03+00:00,ok,0
oecd_bond_yield,jp,nation,2015-11,0.3,percent,oecd_activity,2015-11-30,,2026-09-26T14:19:03+00:00,ok,0
oecd_bond_yield,jp,nation,2015-12,0.27,percent,oecd_activity,2015-12-31,,2026-09-26T14:19:03+00:00,ok,0
oecd_bond_yield,jp,nation,2016-01,0.095,percent,oecd_activity,2016-01-31,,2026-09-26T14:19:03+00:00,ok,0
oecd_bond_yield,jp,nation,2016-02,-0.065,percent,oecd_activity,2016-02-29,,2026-09-26T14:19:03+00:00,ok,0
oecd_bond_yield,jp,nation,2016-03,-0.05,percent,oecd_activity,2016-03-31,,2026-09-26T14:19:03+00:00,ok,0
oecd_bond_yield,jp,nation,2016-04,-0.085,percent,oecd_activity,2016-04-30,,2026-09-26T14:19:03+00:00,ok,0
oecd_bond_yield,jp,nation,2016-05,-0.12,percent,oecd_activity,2016-05-31,,2026-09-26T14:19:03+00:00,ok,0
oecd_bond_yield,jp,nation,2016-06,-0.23,percent,oecd_activity,2016-06-30,,2026-09-26T14:19:03+00:00,ok,0
oecd_bond_yield,jp,nation,2016-07,-0.195,percent,oecd_activity,2016-07-31,,2026-09-26T14:19:03+00:00,ok,0
oecd_bond_yield,jp,nation,2016-08,-0.07,percent,oecd_activity,2016-08-31,,2026-09-26T14:19:03+00:00,ok,0
oecd_bond_yield,jp,nation,2016-09,-0.085,percent,oecd_activity,2016-09-30,,2026-09-26T14:19:03+00:00,ok,0
oecd_bond_yield,jp,nation,2016-10,-0.05,percent,oecd_activity,2016-10-31,,2026-09-26T14:19:03+00:00,ok,0
oecd_bond_yield,jp,nation,2016-11,0.02,percent,oecd_activity,2016-11-30,,2026-09-26T14:19:03+00:00,ok,0
oecd_bond_yield,jp,nation,2016-12,0.04,percent,oecd_activity,2016-12-31,,2026-09-26T14:19:03+00:00,ok,0
oecd_bond_yield,jp,nation,2017-01,0.085,percent,oecd_activity,2017-01-31,,2026-09-26T14:19:03+00:00,ok,0
oecd_bond_yield,jp,nation,2017-02,0.05,percent,oecd_activity,2017-02-28,,2026-09-26T14:19:03+00:00,ok,0
oecd_bond_yield,jp,nation,2017-03,0.065,percent,oecd_activity,2017-03-31,,2026-09-26T14:19:03+00:00,ok,0
oecd_bond_yield,jp,nation,2017-04,0.015,percent,oecd_activity,2017-04-30,,2026-09-26T14:19:03+00:00,ok,0
oecd_bond_yield,jp,nation,2017-05,0.04,percent,oecd_activity,2017-05-31,,2026-09-26T14:19:03+00:00,ok,0
oecd_bond_yield,jp,nation,2017-06,0.075,percent,oecd_activity,2017-06-30,,2026-09-26T14:19:03+00:00,ok,0
oecd_bond_yield,jp,nation,2017-07,0.075,percent,oecd_activity,2017-07-31,,2026-09-26T14:19:03+00:00,ok,0
oecd_bond_yield,jp,nation,2017-08,0.01,percent,oecd_activity,2017-08-31,,2026-09-26T14:19:03+00:00,ok,0
oecd_bond_yield,jp,nation,2017-09,0.06,percent,oecd_activity,2017-09-30,,2026-09-26T14:19:03+00:00,ok,0
oecd_bond_yield,jp,nation,2017-10,0.065,percent,oecd_activity,2017-10-31,,2026-09-26T14:19:03+00:00,ok,0
oecd_bond_yield,jp,nation,2017-11,0.035,percent,oecd_activity,2017-11-30,,2026-09-26T14:19:03+00:00,ok,0
oecd_bond_yield,jp,nation,2017-12,0.045,percent,oecd_activity,2017-12-31,,2026-09-26T14:19:03+00:00,ok,0
oecd_bond_yield,jp,nation,2018-01,0.08,percent,oecd_activity,2018-01-31,,2026-09-26T14:19:03+00:00,ok,0
oecd_bond_yield,jp,nation,2018-02,0.045,percent,oecd_activity,2018-02-28,,2026-09-26T14:19:03+00:00,ok,0
oecd_bond_yield,jp,nation,2018-03,0.045,percent,oecd_activity,2018-03-31,,2026-09-26T14:19:03+00:00,ok,0
oecd_bond_yield,jp,nation,2018-04,0.05,percent,oecd_activity,2018-04-30,,2026-09-26T14:19:03+00:00,ok,0
oecd_bond_yield,jp,nation,2018-05,0.03,percent,oecd_activity,2018-05-31,,2026-09-26T14:19:03+00:00,ok,0
oecd_bond_yield,jp,nation,2018-06,0.03,percent,oecd_activity,2018-06-30,,2026-09-26T14:19:03+00:00,ok,0
oecd_bond_yield,jp,nation,2018-07,0.06,percent,oecd_activity,2018-07-31,,2026-09-26T14:19:03+00:00,ok,0
oecd_bond_yield,jp,nation,2018-08,0.11,percent,oecd_activity,2018-08-31,,2026-09-26T14:19:03+00:00,ok,0
oecd_bond_yield,jp,nation,2018-09,0.125,percent,oecd_activity,2018-09-30,,2026-09-26T14:19:03+00:00,ok,0
oecd_bond_yield,jp,nation,2018-10,0.13,percent,oecd_activity,2018-10-31,,2026-09-26T14:19:03+00:00,ok,0
oecd_bond_yield,jp,nation,2018-11,0.085,percent,oecd_activity,2018-11-30,,2026-09-26T14:19:03+00:00,ok,0
oecd_bond_yield,jp,nation,2018-12,-0.01,percent,oecd_activity,2018-12-31,,2026-09-26T14:19:03+00:00,ok,0
oecd_bond_yield,jp,nation,2019-01,0,percent,oecd_activity,2019-01-31,,2026-09-26T14:19:03+00:00,ok,0
oecd_bond_yield,jp,nation,2019-02,-0.015,percent,oecd_activity,2019-02-28,,2026-09-26T14:19:03+00:00,ok,0
oecd_bond_yield,jp,nation,2019-03,-0.095,percent,oecd_activity,2019-03-31,,2026-09-26T14:19:03+00:00,ok,0
oecd_bond_yield,jp,nation,2019-04,-0.045,percent,oecd_activity,2019-04-30,,2026-09-26T14:19:03+00:00,ok,0
oecd_bond_yield,jp,nation,2019-05,-0.095,percent,oecd_activity,2019-05-31,,2026-09-26T14:19:03+00:00,ok,0
oecd_bond_yield,jp,nation,2019-06,-0.165,percent,oecd_activity,2019-06-30,,2026-09-26T14:19:03+00:00,ok,0
oecd_bond_yield,jp,nation,2019-07,-0.16,percent,oecd_activity,2019-07-31,,2026-09-26T14:19:03+00:00,ok,0
oecd_bond_yield,jp,nation,2019-08,-0.28,percent,oecd_activity,2019-08-31,,2026-09-26T14:19:03+00:00,ok,0
oecd_bond_yield,jp,nation,2019-09,-0.215,percent,oecd_activity,2019-09-30,,2026-09-26T14:19:03+00:00,ok,0
oecd_bond_yield,jp,nation,2019-10,-0.15,percent,oecd_activity,2019-10-31,,2026-09-26T14:19:03+00:00,ok,0
oecd_bond_yield,jp,nation,2019-11,-0.08,percent,oecd_activity,2019-11-30,,2026-09-26T14:19:03+00:00,ok,0
oecd_bond_yield,jp,nation,2019-12,-0.025,percent,oecd_activity,2019-12-31,,2026-09-26T14:19:03+00:00,ok,0
oecd_bond_yield,jp,nation,2020-01,-0.065,percent,oecd_activity,2020-01-31,,2026-09-26T14:19:03+00:00,ok,0
oecd_bond_yield,jp,nation,2020-02,-0.155,percent,oecd_activity,2020-02-29,,2026-09-26T14:19:03+00:00,ok,0
oecd_bond_yield,jp,nation,2020-03,0.005,percent,oecd_activity,2020-03-31,,2026-09-26T14:19:03+00:00,ok,0
oecd_bond_yield,jp,nation,2020-04,-0.04,percent,oecd_activity,2020-04-30,,2026-09-26T14:19:03+00:00,ok,0
oecd_bond_yield,jp,nation,2020-05,0,percent,oecd_activity,2020-05-31,,2026-09-26T14:19:03+00:00,ok,0
oecd_bond_yield,jp,nation,2020-06,0.03,percent,oecd_activity,2020-06-30,,2026-09-26T14:19:03+00:00,ok,0
oecd_bond_yield,jp,nation,2020-07,0.01,percent,oecd_activity,2020-07-31,,2026-09-26T14:19:03+00:00,ok,0
oecd_bond_yield,jp,nation,2020-08,0.045,percent,oecd_activity,2020-08-31,,2026-09-26T14:19:03+00:00,ok,0
oecd_bond_yield,jp,nation,2020-09,0.015,percent,oecd_activity,2020-09-30,,2026-09-26T14:19:03+00:00,ok,0
oecd_bond_yield,jp,nation,2020-10,0.04,percent,oecd_activity,2020-10-31,,2026-09-26T14:19:03+00:00,ok,0
oecd_bond_yield,jp,nation,2020-11,0.03,percent,oecd_activity,2020-11-30,,2026-09-26T14:19:03+00:00,ok,0
oecd_bond_yield,jp,nation,2020-12,0.02,percent,oecd_activity,2020-12-31,,2026-09-26T14:19:03+00:00,ok,0
oecd_bond_yield,jp,nation,2021-01,0.055,percent,oecd_activity,2021-01-31,,2026-09-26T14:19:03+00:00,ok,0
oecd_bond_yield,jp,nation,2021-02,0.15,percent,oecd_activity,2021-02-28,,2026-09-26T14:19:03+00:00,ok,0
oecd_bond_yield,jp,nation,2021-03,0.12,percent,oecd_activity,2021-03-31,,2026-09-26T14:19:03+00:00,ok,0
oecd_bond_yield,jp,nation,2021-04,0.09,percent,oecd_activity,2021-04-30,,2026-09-26T14:19:03+00:00,ok,0
oecd_bond_yield,jp,nation,2021-05,0.08,percent,oecd_activity,2021-05-31,,2026-09-26T14:19:03+00:00,ok,0
oecd_bond_yield,jp,nation,2021-06,0.05,percent,oecd_activity,2021-06-30,,2026-09-26T14:19:03+00:00,ok,0
oecd_bond_yield,jp,nation,2021-07,0.015,percent,oecd_activity,2021-07-31,,2026-09-26T14:19:03+00:00,ok,0
oecd_bond_yield,jp,nation,2021-08,0.02,percent,oecd_activity,2021-08-31,,2026-09-26T14:19:03+00:00,ok,0
oecd_bond_yield,jp,nation,2021-09,0.065,percent,oecd_activity,2021-09-30,,2026-09-26T14:19:03+00:00,ok,0
oecd_bond_yield,jp,nation,2021-10,0.095,percent,oecd_activity,2021-10-31,,2026-09-26T14:19:03+00:00,ok,0
oecd_bond_yield,jp,nation,2021-11,0.05,percent,oecd_activity,2021-11-30,,2026-09-26T14:19:03+00:00,ok,0
oecd_bond_yield,jp,nation,2021-12,0.07,percent,oecd_activity,2021-12-31,,2026-09-26T14:19:03+00:00,ok,0
oecd_bond_yield,jp,nation,2022-01,0.17,percent,oecd_activity,2022-01-31,,2026-09-26T14:19:03+00:00,ok,0
oecd_bond_yield,jp,nation,2022-02,0.18,percent,oecd_activity,2022-02-28,,2026-09-26T14:19:03+00:00,ok,0
oecd_bond_yield,jp,nation,2022-03,0.21,percent,oecd_activity,2022-03-31,,2026-09-26T14:19:03+00:00,ok,0
oecd_bond_yield,jp,nation,2022-04,0.215,percent,oecd_activity,2022-04-30,,2026-09-26T14:19:03+00:00,ok,0
oecd_bond_yield,jp,nation,2022-05,0.235,percent,oecd_activity,2022-05-31,,2026-09-26T14:19:03+00:00,ok,0
oecd_bond_yield,jp,nation,2022-06,0.225,percent,oecd_activity,2022-06-30,,2026-09-26T14:19:03+00:00,ok,0
oecd_bond_yield,jp,nation,2022-07,0.18,percent,oecd_activity,2022-07-31,,2026-09-26T14:19:03+00:00,ok,0
oecd_bond_yield,jp,nation,2022-08,0.22,percent,oecd_activity,2022-08-31,,2026-09-26T14:19:03+00:00,ok,0
oecd_bond_yield,jp,nation,2022-09,0.24,percent,oecd_activity,2022-09-30,,2026-09-26T14:19:03+00:00,ok,0
oecd_bond_yield,jp,nation,2022-10,0.245,percent,oecd_activity,2022-10-31,,2026-09-26T14:19:03+00:00,ok,0
oecd_bond_yield,jp,nation,2022-11,0.25,percent,oecd_activity,2022-11-30,,2026-09-26T14:19:03+00:00,ok,0
oecd_bond_yield,jp,nation,2022-12,0.41,percent,oecd_activity,2022-12-31,,2026-09-26T14:19:03+00:00,ok,0
oecd_bond_yield,jp,nation,2023-01,0.49,percent,oecd_activity,2023-01-31,,2026-09-26T14:19:03+00:00,ok,0
oecd_bond_yield,jp,nation,2023-02,0.5,percent,oecd_activity,2023-02-28,,2026-09-26T14:19:03+00:00,ok,0
oecd_bond_yield,jp,nation,2023-03,0.32,percent,oecd_activity,2023-03-31,,2026-09-26T14:19:03+00:00,ok,0
oecd_bond_yield,jp,nation,2023-04,0.385,percent,oecd_activity,2023-04-30,,2026-09-26T14:19:03+00:00,ok,0
oecd_bond_yield,jp,nation,2023-05,0.43,percent,oecd_activity,2023-05-31,,2026-09-26T14:19:03+00:00,ok,0
oecd_bond_yield,jp,nation,2023-06,0.395,percent,oecd_activity,2023-06-30,,2026-09-26T14:19:03+00:00,ok,0
oecd_bond_yield,jp,nation,2023-07,0.595,percent,oecd_activity,2023-07-31,,2026-09-26T14:19:03+00:00,ok,0
oecd_bond_yield,jp,nation,2023-08,0.64,percent,oecd_activity,2023-08-31,,2026-09-26T14:19:03+00:00,ok,0
oecd_bond_yield,jp,nation,2023-09,0.765,percent,oecd_activity,2023-09-30,,2026-09-26T14:19:03+00:00,ok,0
oecd_bond_yield,jp,nation,2023-10,0.95,percent,oecd_activity,2023-10-31,,2026-09-26T14:19:03+00:00,ok,0
oecd_bond_yield,jp,nation,2023-11,0.66,percent,oecd_activity,2023-11-30,,2026-09-26T14:19:03+00:00,ok,0
oecd_bond_yield,jp,nation,2023-12,0.62,percent,oecd_activity,2023-12-31,,2026-09-26T14:19:03+00:00,ok,0
oecd_bond_yield,jp,nation,2024-01,0.73,percent,oecd_activity,2024-01-31,,2026-09-26T14:19:03+00:00,ok,0
oecd_bond_yield,jp,nation,2024-02,0.71,percent,oecd_activity,2024-02-29,,2026-09-26T14:19:03+00:00,ok,0
oecd_bond_yield,jp,nation,2024-03,0.725,percent,oecd_activity,2024-03-31,,2026-09-26T14:19:03+00:00,ok,0
oecd_bond_yield,jp,nation,2024-04,0.87,percent,oecd_activity,2024-04-30,,2026-09-26T14:19:03+00:00,ok,0
oecd_bond_yield,jp,nation,2024-05,1.07,percent,oecd_activity,2024-05-31,,2026-09-26T14:19:03+00:00,ok,0
oecd_bond_yield,jp,nation,2024-06,1.05,percent,oecd_activity,2024-06-30,,2026-09-26T14:19:03+00:00,ok,0
oecd_bond_yield,jp,nation,2024-07,1.045,percent,oecd_activity,2024-07-31,,2026-09-26T14:19:03+00:00,ok,0
oecd_bond_yield,jp,nation,2024-08,0.89,percent,oecd_activity,2024-08-31,,2026-09-26T14:19:03+00:00,ok,0
oecd_bond_yield,jp,nation,2024-09,0.855,percent,oecd_activity,2024-09-30,,2026-09-26T14:19:03+00:00,ok,0
oecd_bond_yield,jp,nation,2024-10,0.935,percent,oecd_activity,2024-10-31,,2026-09-26T14:19:03+00:00,ok,0
oecd_bond_yield,jp,nation,2024-11,1.05,percent,oecd_activity,2024-11-30,,2026-09-26T14:19:03+00:00,ok,0
oecd_bond_yield,jp,nation,2024-12,1.09,percent,oecd_activity,2024-12-31,,2026-09-26T14:19:03+00:00,ok,0
oecd_bond_yield,jp,nation,2025-01,1.245,percent,oecd_activity,2025-01-31,,2026-09-26T14:19:03+00:00,ok,0
oecd_bond_yield,jp,nation,2025-02,1.37,percent,oecd_activity,2025-02-28,,2026-09-26T14:19:03+00:00,ok,0
oecd_bond_yield,jp,nation,2025-03,1.485,percent,oecd_activity,2025-03-31,,2026-09-26T14:19:03+00:00,ok,0
oecd_bond_yield,jp,nation,2025-04,1.31,percent,oecd_activity,2025-04-30,,2026-09-26T14:19:03+00:00,ok,0
oecd_bond_yield,jp,nation,2025-05,1.5,percent,oecd_activity,2025-05-31,,2026-09-26T14:19:03+00:00,ok,0
oecd_bond_yield,jp,nation,2025-06,1.42,percent,oecd_activity,2025-06-30,,2026-09-26T14:19:03+00:00,ok,0
oecd_bond_yield,jp,nation,2025-07,1.545,percent,oecd_activity,2025-07-31,,2026-09-26T14:19:03+00:00,ok,0
oecd_bond_yield,jp,nation,2025-08,1.6,percent,oecd_activity,2025-08-31,,2026-09-26T14:19:03+00:00,ok,0
oecd_bond_yield,jp,nation,2025-09,1.645,percent,oecd_activity,2025-09-30,,2026-09-26T14:19:03+00:00,ok,0
oecd_bond_yield,jp,nation,2025-10,1.655,percent,oecd_activity,2025-10-31,,2026-09-26T14:19:03+00:00,ok,0
oecd_bond_yield,jp,nation,2025-11,1.805,percent,oecd_activity,2025-11-30,,2026-09-26T14:19:03+00:00,ok,0
oecd_bond_yield,jp,nation,2025-12,2.06,percent,oecd_activity,2025-12-31,,2026-09-26T14:19:03+00:00,ok,0
oecd_bond_yield,jp,nation,2026-01,2.24,percent,oecd_activity,2026-01-31,,2026-09-26T14:19:03+00:00,ok,0
oecd_bond_yield,jp,nation,2026-02,2.11,percent,oecd_activity,2026-02-28,,2026-09-26T14:19:03+00:00,ok,0
oecd_bond_yield,jp,nation,2026-03,2.345,percent,oecd_activity,2026-03-31,,2026-09-26T14:19:03+00:00,ok,0
oecd_bond_yield,jp,nation,2026-04,2.515,percent,oecd_activity,2026-04-30,,2026-09-26T14:19:03+00:00,ok,0
oecd_bond_yield,jp,nation,2026-05,2.65,percent,oecd_activity,2026-05-31,,2026-09-26T14:19:03+00:00,ok,0
oecd_bond_yield,jp,nation,2026-06,2.67,percent,oecd_activity,2026-06-30,,2026-09-26T14:19:03+00:00,ok,0
oecd_bond_yield,jp,nation,2026-07,2.79,percent,oecd_activity,2026-07-31,,2026-09-26T14:19:03+00:00,ok,0
oecd_bond_yield,jp,nation,2026-08,2.94,percent,oecd_activity,2026-08-31,,2026-09-26T14:19:03+00:00,ok,0
oecd_bond_yield,kr,nation,2015-01,2.415,percent,oecd_activity,2015-01-31,,2026-09-26T14:19:03+00:00,ok,0
oecd_bond_yield,kr,nation,2015-02,2.346,percent,oecd_activity,2015-02-28,,2026-09-26T14:19:03+00:00,ok,0
oecd_bond_yield,kr,nation,2015-03,2.276,percent,oecd_activity,2015-03-31,,2026-09-26T14:19:03+00:00,ok,0
oecd_bond_yield,kr,nation,2015-04,2.177,percent,oecd_activity,2015-04-30,,2026-09-26T14:19:03+00:00,ok,0
oecd_bond_yield,kr,nation,2015-05,2.49,percent,oecd_activity,2015-05-31,,2026-09-26T14:19:03+00:00,ok,0
oecd_bond_yield,kr,nation,2015-06,2.468,percent,oecd_activity,2015-06-30,,2026-09-26T14:19:03+00:00,ok,0
oecd_bond_yield,kr,nation,2015-07,2.45,percent,oecd_activity,2015-07-31,,2026-09-26T14:19:03+00:00,ok,0
oecd_bond_yield,kr,nation,2015-08,2.308,percent,oecd_activity,2015-08-31,,2026-09-26T14:19:03+00:00,ok,0
oecd_bond_yield,kr,nation,2015-09,2.216,percent,oecd_activity,2015-09-30,,2026-09-26T14:19:03+00:00,ok,0
oecd_bond_yield,kr,nation,2015-10,2.088,percent,oecd_activity,2015-10-31,,2026-09-26T14:19:03+00:00,ok,0
oecd_bond_yield,kr,nation,2015-11,2.254,percent,oecd_activity,2015-11-30,,2026-09-26T14:19:03+00:00,ok,0
oecd_bond_yield,kr,nation,2015-12,2.181,percent,oecd_activity,2015-12-31,,2026-09-26T14:19:03+00:00,ok,0
oecd_bond_yield,kr,nation,2016-01,2.025,percent,oecd_activity,2016-01-31,,2026-09-26T14:19:03+00:00,ok,0
oecd_bond_yield,kr,nation,2016-02,1.826,percent,oecd_activity,2016-02-29,,2026-09-26T14:19:03+00:00,ok,0
oecd_bond_yield,kr,nation,2016-03,1.854,percent,oecd_activity,2016-03-31,,2026-09-26T14:19:03+00:00,ok,0
oecd_bond_yield,kr,nation,2016-04,1.81,percent,oecd_activity,2016-04-30,,2026-09-26T14:19:03+00:00,ok,0
oecd_bond_yield,kr,nation,2016-05,1.787,percent,oecd_activity,2016-05-31,,2026-09-26T14:19:03+00:00,ok,0
oecd_bond_yield,kr,nation,2016-06,1.617,percent,oecd_activity,2016-06-30,,2026-09-26T14:19:03+00:00,ok,0
oecd_bond_yield,kr,nation,2016-07,1.401,percent,oecd_activity,2016-07-31,,2026-09-26T14:19:03+00:00,ok,0
oecd_bond_yield,kr,nation,2016-08,1.417,percent,oecd_activity,2016-08-31,,2026-09-26T14:19:03+00:00,ok,0
oecd_bond_yield,kr,nation,2016-09,1.512,percent,oecd_activity,2016-09-30,,2026-09-26T14:19:03+00:00,ok,0
oecd_bond_yield,kr,nation,2016-10,1.596,percent,oecd_activity,2016-10-31,,2026-09-26T14:19:03+00:00,ok,0
oecd_bond_yield,kr,nation,2016-11,1.965,percent,oecd_activity,2016-11-30,,2026-09-26T14:19:03+00:00,ok,0
oecd_bond_yield,kr,nation,2016-12,2.159,percent,oecd_activity,2016-12-31,,2026-09-26T14:19:03+00:00,ok,0
oecd_bond_yield,kr,nation,2017-01,2.111,percent,oecd_activity,2017-01-31,,2026-09-26T14:19:03+00:00,ok,0
oecd_bond_yield,kr,nation,2017-02,2.163,percent,oecd_activity,2017-02-28,,2026-09-26T14:19:03+00:00,ok,0
oecd_bond_yield,kr,nation,2017-03,2.221,percent,oecd_activity,2017-03-31,,2026-09-26T14:19:03+00:00,ok,0
oecd_bond_yield,kr,nation,2017-04,2.182,percent,oecd_activity,2017-04-30,,2026-09-26T14:19:03+00:00,ok,0
oecd_bond_yield,kr,nation,2017-05,2.257,percent,oecd_activity,2017-05-31,,2026-09-26T14:19:03+00:00,ok,0
oecd_bond_yield,kr,nation,2017-06,2.165,percent,oecd_activity,2017-06-30,,2026-09-26T14:19:03+00:00,ok,0
oecd_bond_yield,kr,nation,2017-07,2.252,percent,oecd_activity,2017-07-31,,2026-09-26T14:19:03+00:00,ok,0
oecd_bond_yield,kr,nation,2017-08,2.287,percent,oecd_activity,2017-08-31,,2026-09-26T14:19:03+00:00,ok,0
oecd_bond_yield,kr,nation,2017-09,2.286,percent,oecd_activity,2017-09-30,,2026-09-26T14:19:03+00:00,ok,0
oecd_bond_yield,kr,nation,2017-10,2.455,percent,oecd_activity,2017-10-31,,2026-09-26T14:19:03+00:00,ok,0
oecd_bond_yield,kr,nation,2017-11,2.54,percent,oecd_activity,2017-11-30,,2026-09-26T14:19:03+00:00,ok,0
oecd_bond_yield,kr,nation,2017-12,2.472,percent,oecd_activity,2017-12-31,,2026-09-26T14:19:03+00:00,ok,0
oecd_bond_yield,kr,nation,2018-01,2.626,percent,oecd_activity,2018-01-31,,2026-09-26T14:19:03+00:00,ok,0
oecd_bond_yield,kr,nation,2018-02,2.77,percent,oecd_activity,2018-02-28,,2026-09-26T14:19:03+00:00,ok,0
oecd_bond_yield,kr,nation,2018-03,2.708,percent,oecd_activity,2018-03-31,,2026-09-26T14:19:03+00:00,ok,0
oecd_bond_yield,kr,nation,2018-04,2.655,percent,oecd_activity,2018-04-30,,2026-09-26T14:19:03+00:00,ok,0
oecd_bond_yield,kr,nation,2018-05,2.757,percent,oecd_activity,2018-05-31,,2026-09-26T14:19:03+00:00,ok,0
oecd_bond_yield,kr,nation,2018-06,2.656,percent,oecd_activity,2018-06-30,,2026-09-26T14:19:03+00:00,ok,0
oecd_bond_yield,kr,nation,2018-07,2.549,percent,oecd_activity,2018-07-31,,2026-09-26T14:19:03+00:00,ok,0
oecd_bond_yield,kr,nation,2018-08,2.458,percent,oecd_activity,2018-08-31,,2026-09-26T14:19:03+00:00,ok,0
oecd_bond_yield,kr,nation,2018-09,2.315,percent,oecd_activity,2018-09-30,,2026-09-26T14:19:03+00:00,ok,0
oecd_bond_yield,kr,nation,2018-10,2.338,percent,oecd_activity,2018-10-31,,2026-09-26T14:19:03+00:00,ok,0
oecd_bond_yield,kr,nation,2018-11,2.209,percent,oecd_activity,2018-11-30,,2026-09-26T14:19:03+00:00,ok,0
oecd_bond_yield,kr,nation,2018-12,1.992,percent,oecd_activity,2018-12-31,,2026-09-26T14:19:03+00:00,ok,0
oecd_bond_yield,kr,nation,2019-01,1.991,percent,oecd_activity,2019-01-31,,2026-09-26T14:19:03+00:00,ok,0
oecd_bond_yield,kr,nation,2019-02,1.988,percent,oecd_activity,2019-02-28,,2026-09-26T14:19:03+00:00,ok,0
oecd_bond_yield,kr,nation,2019-03,1.953,percent,oecd_activity,2019-03-31,,2026-09-26T14:19:03+00:00,ok,0
oecd_bond_yield,kr,nation,2019-04,1.889,percent,oecd_activity,2019-04-30,,2026-09-26T14:19:03+00:00,ok,0
oecd_bond_yield,kr,nation,2019-05,1.828,percent,oecd_activity,2019-05-31,,2026-09-26T14:19:03+00:00,ok,0
oecd_bond_yield,kr,nation,2019-06,1.618,percent,oecd_activity,2019-06-30,,2026-09-26T14:19:03+00:00,ok,0
oecd_bond_yield,kr,nation,2019-07,1.506,percent,oecd_activity,2019-07-31,,2026-09-26T14:19:03+00:00,ok,0
oecd_bond_yield,kr,nation,2019-08,1.254,percent,oecd_activity,2019-08-31,,2026-09-26T14:19:03+00:00,ok,0
oecd_bond_yield,kr,nation,2019-09,1.42,percent,oecd_activity,2019-09-30,,2026-09-26T14:19:03+00:00,ok,0
oecd_bond_yield,kr,nation,2019-10,1.577,percent,oecd_activity,2019-10-31,,2026-09-26T14:19:03+00:00,ok,0
oecd_bond_yield,kr,nation,2019-11,1.75,percent,oecd_activity,2019-11-30,,2026-09-26T14:19:03+00:00,ok,0
oecd_bond_yield,kr,nation,2019-12,1.653,percent,oecd_activity,2019-12-31,,2026-09-26T14:19:03+00:00,ok,0
oecd_bond_yield,kr,nation,2020-01,1.656,percent,oecd_activity,2020-01-31,,2026-09-26T14:19:03+00:00,ok,0
oecd_bond_yield,kr,nation,2020-02,1.54,percent,oecd_activity,2020-02-29,,2026-09-26T14:19:03+00:00,ok,0
oecd_bond_yield,kr,nation,2020-03,1.485,percent,oecd_activity,2020-03-31,,2026-09-26T14:19:03+00:00,ok,0
oecd_bond_yield,kr,nation,2020-04,1.504,percent,oecd_activity,2020-04-30,,2026-09-26T14:19:03+00:00,ok,0
oecd_bond_yield,kr,nation,2020-05,1.394,percent,oecd_activity,2020-05-31,,2026-09-26T14:19:03+00:00,ok,0
oecd_bond_yield,kr,nation,2020-06,1.392,percent,oecd_activity,2020-06-30,,2026-09-26T14:19:03+00:00,ok,0
oecd_bond_yield,kr,nation,2020-07,1.36,percent,oecd_activity,2020-07-31,,2026-09-26T14:19:03+00:00,ok,0
oecd_bond_yield,kr,nation,2020-08,1.373,percent,oecd_activity,2020-08-31,,2026-09-26T14:19:03+00:00,ok,0
oecd_bond_yield,kr,nation,2020-09,1.5,percent,oecd_activity,2020-09-30,,2026-09-26T14:19:03+00:00,ok,0
oecd_bond_yield,kr,nation,2020-10,1.507,percent,oecd_activity,2020-10-31,,2026-09-26T14:19:03+00:00,ok,0
oecd_bond_yield,kr,nation,2020-11,1.61,percent,oecd_activity,2020-11-30,,2026-09-26T14:19:03+00:00,ok,0
oecd_bond_yield,kr,nation,2020-12,1.675,percent,oecd_activity,2020-12-31,,2026-09-26T14:19:03+00:00,ok,0
oecd_bond_yield,kr,nation,2021-01,1.731,percent,oecd_activity,2021-01-31,,2026-09-26T14:19:03+00:00,ok,0
oecd_bond_yield,kr,nation,2021-02,1.845,percent,oecd_activity,2021-02-28,,2026-09-26T14:19:03+00:00,ok,0
oecd_bond_yield,kr,nation,2021-03,2.04,percent,oecd_activity,2021-03-31,,2026-09-26T14:19:03+00:00,ok,0
oecd_bond_yield,kr,nation,2021-04,2.041,percent,oecd_activity,2021-04-30,,2026-09-26T14:19:03+00:00,ok,0
oecd_bond_yield,kr,nation,2021-05,2.131,percent,oecd_activity,2021-05-31,,2026-09-26T14:19:03+00:00,ok,0
oecd_bond_yield,kr,nation,2021-06,2.103,percent,oecd_activity,2021-06-30,,2026-09-26T14:19:03+00:00,ok,0
oecd_bond_yield,kr,nation,2021-07,1.976,percent,oecd_activity,2021-07-31,,2026-09-26T14:19:03+00:00,ok,0
oecd_bond_yield,kr,nation,2021-08,1.905,percent,oecd_activity,2021-08-31,,2026-09-26T14:19:03+00:00,ok,0
oecd_bond_yield,kr,nation,2021-09,2.061,percent,oecd_activity,2021-09-30,,2026-09-26T14:19:03+00:00,ok,0
oecd_bond_yield,kr,nation,2021-10,2.399,percent,oecd_activity,2021-10-31,,2026-09-26T14:19:03+00:00,ok,0
oecd_bond_yield,kr,nation,2021-11,2.355,percent,oecd_activity,2021-11-30,,2026-09-26T14:19:03+00:00,ok,0
oecd_bond_yield,kr,nation,2021-12,2.187,percent,oecd_activity,2021-12-31,,2026-09-26T14:19:03+00:00,ok,0
oecd_bond_yield,kr,nation,2022-01,2.492,percent,oecd_activity,2022-01-31,,2026-09-26T14:19:03+00:00,ok,0
oecd_bond_yield,kr,nation,2022-02,2.69,percent,oecd_activity,2022-02-28,,2026-09-26T14:19:03+00:00,ok,0
oecd_bond_yield,kr,nation,2022-03,2.784,percent,oecd_activity,2022-03-31,,2026-09-26T14:19:03+00:00,ok,0
oecd_bond_yield,kr,nation,2022-04,3.219,percent,oecd_activity,2022-04-30,,2026-09-26T14:19:03+00:00,ok,0
oecd_bond_yield,kr,nation,2022-05,3.295,percent,oecd_activity,2022-05-31,,2026-09-26T14:19:03+00:00,ok,0
oecd_bond_yield,kr,nation,2022-06,3.64,percent,oecd_activity,2022-06-30,,2026-09-26T14:19:03+00:00,ok,0
oecd_bond_yield,kr,nation,2022-07,3.3,percent,oecd_activity,2022-07-31,,2026-09-26T14:19:03+00:00,ok,0
oecd_bond_yield,kr,nation,2022-08,3.322,percent,oecd_activity,2022-08-31,,2026-09-26T14:19:03+00:00,ok,0
oecd_bond_yield,kr,nation,2022-09,3.897,percent,oecd_activity,2022-09-30,,2026-09-26T14:19:03+00:00,ok,0
oecd_bond_yield,kr,nation,2022-10,4.267,percent,oecd_activity,2022-10-31,,2026-09-26T14:19:03+00:00,ok,0
oecd_bond_yield,kr,nation,2022-11,3.915,percent,oecd_activity,2022-11-30,,2026-09-26T14:19:03+00:00,ok,0
oecd_bond_yield,kr,nation,2022-12,3.541,percent,oecd_activity,2022-12-31,,2026-09-26T14:19:03+00:00,ok,0
oecd_bond_yield,kr,nation,2023-01,3.411,percent,oecd_activity,2023-01-31,,2026-09-26T14:19:03+00:00,ok,0
oecd_bond_yield,kr,nation,2023-02,3.45,percent,oecd_activity,2023-02-28,,2026-09-26T14:19:03+00:00,ok,0
oecd_bond_yield,kr,nation,2023-03,3.448,percent,oecd_activity,2023-03-31,,2026-09-26T14:19:03+00:00,ok,0
oecd_bond_yield,kr,nation,2023-04,3.319,percent,oecd_activity,2023-04-30,,2026-09-26T14:19:03+00:00,ok,0
oecd_bond_yield,kr,nation,2023-05,3.402,percent,oecd_activity,2023-05-31,,2026-09-26T14:19:03+00:00,ok,0
oecd_bond_yield,kr,nation,2023-06,3.611,percent,oecd_activity,2023-06-30,,2026-09-26T14:19:03+00:00,ok,0
oecd_bond_yield,kr,nation,2023-07,3.681,percent,oecd_activity,2023-07-31,,2026-09-26T14:19:03+00:00,ok,0
oecd_bond_yield,kr,nation,2023-08,3.86,percent,oecd_activity,2023-08-31,,2026-09-26T14:19:03+00:00,ok,0
oecd_bond_yield,kr,nation,2023-09,3.949,percent,oecd_activity,2023-09-30,,2026-09-26T14:19:03+00:00,ok,0
oecd_bond_yield,kr,nation,2023-10,4.272,percent,oecd_activity,2023-10-31,,2026-09-26T14:19:03+00:00,ok,0
oecd_bond_yield,kr,nation,2023-11,3.89,percent,oecd_activity,2023-11-30,,2026-09-26T14:19:03+00:00,ok,0
oecd_bond_yield,kr,nation,2023-12,3.415,percent,oecd_activity,2023-12-31,,2026-09-26T14:19:03+00:00,ok,0
oecd_bond_yield,kr,nation,2024-01,3.353,percent,oecd_activity,2024-01-31,,2026-09-26T14:19:03+00:00,ok,0
oecd_bond_yield,kr,nation,2024-02,3.429,percent,oecd_activity,2024-02-29,,2026-09-26T14:19:03+00:00,ok,0
oecd_bond_yield,kr,nation,2024-03,3.39,percent,oecd_activity,2024-03-31,,2026-09-26T14:19:03+00:00,ok,0
oecd_bond_yield,kr,nation,2024-04,3.567,percent,oecd_activity,2024-04-30,,2026-09-26T14:19:03+00:00,ok,0
oecd_bond_yield,kr,nation,2024-05,3.527,percent,oecd_activity,2024-05-31,,2026-09-26T14:19:03+00:00,ok,0
oecd_bond_yield,kr,nation,2024-06,3.337,percent,oecd_activity,2024-06-30,,2026-09-26T14:19:03+00:00,ok,0
oecd_bond_yield,kr,nation,2024-07,3.171,percent,oecd_activity,2024-07-31,,2026-09-26T14:19:03+00:00,ok,0
oecd_bond_yield,kr,nation,2024-08,2.999,percent,oecd_activity,2024-08-31,,2026-09-26T14:19:03+00:00,ok,0
oecd_bond_yield,kr,nation,2024-09,3.011,percent,oecd_activity,2024-09-30,,2026-09-26T14:19:03+00:00,ok,0
oecd_bond_yield,kr,nation,2024-10,3.07,percent,oecd_activity,2024-10-31,,2026-09-26T14:19:03+00:00,ok,0
oecd_bond_yield,kr,nation,2024-11,3.006,percent,oecd_activity,2024-11-30,,2026-09-26T14:19:03+00:00,ok,0
oecd_bond_yield,kr,nation,2024-12,2.771,percent,oecd_activity,2024-12-31,,2026-09-26T14:19:03+00:00,ok,0
oecd_bond_yield,kr,nation,2025-01,2.821,percent,oecd_activity,2025-01-31,,2026-09-26T14:19:03+00:00,ok,0
oecd_bond_yield,kr,nation,2025-02,2.83,percent,oecd_activity,2025-02-28,,2026-09-26T14:19:03+00:00,ok,0
oecd_bond_yield,kr,nation,2025-03,2.795,percent,oecd_activity,2025-03-31,,2026-09-26T14:19:03+00:00,ok,0
oecd_bond_yield,kr,nation,2025-04,2.658,percent,oecd_activity,2025-04-30,,2026-09-26T14:19:03+00:00,ok,0
oecd_bond_yield,kr,nation,2025-05,2.71,percent,oecd_activity,2025-05-31,,2026-09-26T14:19:03+00:00,ok,0
oecd_bond_yield,kr,nation,2025-06,2.842,percent,oecd_activity,2025-06-30,,2026-09-26T14:19:03+00:00,ok,0
oecd_bond_yield,kr,nation,2025-07,2.84,percent,oecd_activity,2025-07-31,,2026-09-26T14:19:03+00:00,ok,0
oecd_bond_yield,kr,nation,2025-08,2.815,percent,oecd_activity,2025-08-31,,2026-09-26T14:19:03+00:00,ok,0
oecd_bond_yield,kr,nation,2025-09,2.849,percent,oecd_activity,2025-09-30,,2026-09-26T14:19:03+00:00,ok,0
oecd_bond_yield,kr,nation,2025-10,2.933,percent,oecd_activity,2025-10-31,,2026-09-26T14:19:03+00:00,ok,0
oecd_bond_yield,kr,nation,2025-11,3.248,percent,oecd_activity,2025-11-30,,2026-09-26T14:19:03+00:00,ok,0
oecd_bond_yield,kr,nation,2025-12,3.366,percent,oecd_activity,2025-12-31,,2026-09-26T14:19:03+00:00,ok,0
oecd_bond_yield,kr,nation,2026-01,3.485,percent,oecd_activity,2026-01-31,,2026-09-26T14:19:03+00:00,ok,0
oecd_bond_yield,kr,nation,2026-02,3.612,percent,oecd_activity,2026-02-28,,2026-09-26T14:19:03+00:00,ok,0
oecd_bond_yield,kr,nation,2026-03,3.728,percent,oecd_activity,2026-03-31,,2026-09-26T14:19:03+00:00,ok,0
oecd_bond_yield,kr,nation,2026-04,3.737,percent,oecd_activity,2026-04-30,,2026-09-26T14:19:03+00:00,ok,0
oecd_bond_yield,kr,nation,2026-05,4.075,percent,oecd_activity,2026-05-31,,2026-09-26T14:19:03+00:00,ok,0
oecd_bond_yield,kr,nation,2026-06,4.181,percent,oecd_activity,2026-06-30,,2026-09-26T14:19:03+00:00,ok,0
oecd_bond_yield,kr,nation,2026-07,4.286,percent,oecd_activity,2026-07-31,,2026-09-26T14:19:03+00:00,ok,0
oecd_bond_yield,kr,nation,2026-08,4.286,percent,oecd_activity,2026-08-31,,2026-09-26T14:19:03+00:00,ok,0
oecd_bond_yield,mx,nation,2015-02,5.31,percent,oecd_activity,2015-02-28,,2026-09-26T14:19:03+00:00,ok,0
oecd_bond_yield,mx,nation,2015-03,6.04,percent,oecd_activity,2015-03-31,,2026-09-26T14:19:03+00:00,ok,0
oecd_bond_yield,mx,nation,2015-04,5.83,percent,oecd_activity,2015-04-30,,2026-09-26T14:19:03+00:00,ok,0
oecd_bond_yield,mx,nation,2015-06,6.25,percent,oecd_activity,2015-06-30,,2026-09-26T14:19:03+00:00,ok,0
oecd_bond_yield,mx,nation,2015-07,6.07,percent,oecd_activity,2015-07-31,,2026-09-26T14:19:03+00:00,ok,0
oecd_bond_yield,mx,nation,2015-09,6.07,percent,oecd_activity,2015-09-30,,2026-09-26T14:19:03+00:00,ok,0
oecd_bond_yield,mx,nation,2015-11,6.18,percent,oecd_activity,2015-11-30,,2026-09-26T14:19:03+00:00,ok,0
oecd_bond_yield,mx,nation,2016-01,6.23,percent,oecd_activity,2016-01-31,,2026-09-26T14:19:03+00:00,ok,0
oecd_bond_yield,mx,nation,2016-02,6.07,percent,oecd_activity,2016-02-29,,2026-09-26T14:19:03+00:00,ok,0
oecd_bond_yield,mx,nation,2016-03,6.03,percent,oecd_activity,2016-03-31,,2026-09-26T14:19:03+00:00,ok,0
oecd_bond_yield,mx,nation,2016-05,5.91,percent,oecd_activity,2016-05-31,,2026-09-26T14:19:03+00:00,ok,0
oecd_bond_yield,mx,nation,2016-06,6.08,percent,oecd_activity,2016-06-30,,2026-09-26T14:19:03+00:00,ok,0
oecd_bond_yield,mx,nation,2016-08,6.01,percent,oecd_activity,2016-08-31,,2026-09-26T14:19:03+00:00,ok,0
oecd_bond_yield,mx,nation,2016-09,5.99,percent,oecd_activity,2016-09-30,,2026-09-26T14:19:03+00:00,ok,0
oecd_bond_yield,mx,nation,2016-10,6.09,percent,oecd_activity,2016-10-31,,2026-09-26T14:19:03+00:00,ok,0
oecd_bond_yield,mx,nation,2016-12,7.25,percent,oecd_activity,2016-12-31,,2026-09-26T14:19:03+00:00,ok,0
oecd_bond_yield,mx,nation,2017-01,7.6,percent,oecd_activity,2017-01-31,,2026-09-26T14:19:03+00:00,ok,0
oecd_bond_yield,mx,nation,2017-03,7.4,percent,oecd_activity,2017-03-31,,2026-09-26T14:19:03+00:00,ok,0
oecd_bond_yield,mx,nation,2017-04,7.24,percent,oecd_activity,2017-04-30,,2026-09-26T14:19:03+00:00,ok,0
oecd_bond_yield,mx,nation,2017-05,7.32,percent,oecd_activity,2017-05-31,,2026-09-26T14:19:03+00:00,ok,0
oecd_bond_yield,mx,nation,2017-07,6.88,percent,oecd_activity,2017-07-31,,2026-09-26T14:19:03+00:00,ok,0
oecd_bond_yield,mx,nation,2017-08,6.89,percent,oecd_activity,2017-08-31,,2026-09-26T14:19:03+00:00,ok,0
oecd_bond_yield,mx,nation,2017-09,6.79,percent,oecd_activity,2017-09-30,,2026-09-26T14:19:03+00:00,ok,0
oecd_bond_yield,mx,nation,2017-11,7.19,percent,oecd_activity,2017-11-30,,2026-09-26T14:19:03+00:00,ok,0
oecd_bond_yield,mx,nation,2017-12,7.53,percent,oecd_activity,2017-12-31,,2026-09-26T14:19:03+00:00,ok,0
oecd_bond_yield,mx,nation,2018-02,7.64,percent,oecd_activity,2018-02-28,,2026-09-26T14:19:03+00:00,ok,0
oecd_bond_yield,mx,nation,2018-03,7.52,percent,oecd_activity,2018-03-31,,2026-09-26T14:19:03+00:00,ok,0
oecd_bond_yield,mx,nation,2018-04,7.54,percent,oecd_activity,2018-04-30,,2026-09-26T14:19:03+00:00,ok,0
oecd_bond_yield,mx,nation,2018-06,7.88,percent,oecd_activity,2018-06-30,,2026-09-26T14:19:03+00:00,ok,0
oecd_bond_yield,mx,nation,2018-07,7.75,percent,oecd_activity,2018-07-31,,2026-09-26T14:19:03+00:00,ok,0
oecd_bond_yield,mx,nation,2018-08,7.83,percent,oecd_activity,2018-08-31,,2026-09-26T14:19:03+00:00,ok,0
oecd_bond_yield,mx,nation,2018-10,8.17,percent,oecd_activity,2018-10-31,,2026-09-26T14:19:03+00:00,ok,0
oecd_bond_yield,mx,nation,2018-11,9.11,percent,oecd_activity,2018-11-30,,2026-09-26T14:19:03+00:00,ok,0
oecd_bond_yield,mx,nation,2019-01,8.71,percent,oecd_activity,2019-01-31,,2026-09-26T14:19:03+00:00,ok,0
oecd_bond_yield,mx,nation,2019-02,8.49,percent,oecd_activity,2019-02-28,,2026-09-26T14:19:03+00:00,ok,0
oecd_bond_yield,mx,nation,2019-03,8.01,percent,oecd_activity,2019-03-31,,2026-09-26T14:19:03+00:00,ok,0
oecd_bond_yield,mx,nation,2019-05,8.24,percent,oecd_activity,2019-05-31,,2026-09-26T14:19:03+00:00,ok,0
oecd_bond_yield,mx,nation,2019-06,7.68,percent,oecd_activity,2019-06-30,,2026-09-26T14:19:03+00:00,ok,0
oecd_bond_yield,mx,nation,2019-08,7.53,percent,oecd_activity,2019-08-31,,2026-09-26T14:19:03+00:00,ok,0
oecd_bond_yield,mx,nation,2019-09,7.08,percent,oecd_activity,2019-09-30,,2026-09-26T14:19:03+00:00,ok,0
oecd_bond_yield,mx,nation,2019-10,6.87,percent,oecd_activity,2019-10-31,,2026-09-26T14:19:03+00:00,ok,0
oecd_bond_yield,mx,nation,2019-12,7.14,percent,oecd_activity,2019-12-31,,2026-09-26T14:19:03+00:00,ok,0
oecd_bond_yield,mx,nation,2020-01,6.85,percent,oecd_activity,2020-01-31,,2026-09-26T14:19:03+00:00,ok,0
oecd_bond_yield,mx,nation,2020-02,6.47,percent,oecd_activity,2020-02-29,,2026-09-26T14:19:03+00:00,ok,0
oecd_bond_yield,mx,nation,2020-04,7.37,percent,oecd_activity,2020-04-30,,2026-09-26T14:19:03+00:00,ok,0
oecd_bond_yield,mx,nation,2020-05,6.06,percent,oecd_activity,2020-05-31,,2026-09-26T14:19:03+00:00,ok,0
oecd_bond_yield,mx,nation,2020-07,5.81,percent,oecd_activity,2020-07-31,,2026-09-26T14:19:03+00:00,ok,0
oecd_bond_yield,mx,nation,2020-08,5.77,percent,oecd_activity,2020-08-31,,2026-09-26T14:19:03+00:00,ok,0
oecd_bond_yield,mx,nation,2020-09,5.68,percent,oecd_activity,2020-09-30,,2026-09-26T14:19:03+00:00,ok,0
oecd_bond_yield,mx,nation,2020-11,6.07,percent,oecd_activity,2020-11-30,,2026-09-26T14:19:03+00:00,ok,0
oecd_bond_yield,mx,nation,2020-12,5.67,percent,oecd_activity,2020-12-31,,2026-09-26T14:19:03+00:00,ok,0
oecd_bond_yield,mx,nation,2021-01,5.61,percent,oecd_activity,2021-01-31,,2026-09-26T14:19:03+00:00,ok,0
oecd_bond_yield,mx,nation,2021-03,6.25,percent,oecd_activity,2021-03-31,,2026-09-26T14:19:03+00:00,ok,0
oecd_bond_yield,mx,nation,2021-04,6.68,percent,oecd_activity,2021-04-30,,2026-09-26T14:19:03+00:00,ok,0
oecd_bond_yield,mx,nation,2021-06,6.54,percent,oecd_activity,2021-06-30,,2026-09-26T14:19:03+00:00,ok,0
oecd_bond_yield,mx,nation,2021-07,6.9,percent,oecd_activity,2021-07-31,,2026-09-26T14:19:03+00:00,ok,0
oecd_bond_yield,mx,nation,2021-08,6.98,percent,oecd_activity,2021-08-31,,2026-09-26T14:19:03+00:00,ok,0
oecd_bond_yield,mx,nation,2021-10,7.61,percent,oecd_activity,2021-10-31,,2026-09-26T14:19:03+00:00,ok,0
oecd_bond_yield,mx,nation,2021-11,7.54,percent,oecd_activity,2021-11-30,,2026-09-26T14:19:03+00:00,ok,0
oecd_bond_yield,mx,nation,2021-12,7.57,percent,oecd_activity,2021-12-31,,2026-09-26T14:19:03+00:00,ok,0
oecd_bond_yield,mx,nation,2022-02,7.68,percent,oecd_activity,2022-02-28,,2026-09-26T14:19:03+00:00,ok,0
oecd_bond_yield,mx,nation,2022-03,8.6,percent,oecd_activity,2022-03-31,,2026-09-26T14:19:03+00:00,ok,0
oecd_bond_yield,mx,nation,2022-04,8.86,percent,oecd_activity,2022-04-30,,2026-09-26T14:19:03+00:00,ok,0
oecd_bond_yield,mx,nation,2022-05,8.87,percent,oecd_activity,2022-05-31,,2026-09-26T14:19:03+00:00,ok,0
oecd_bond_yield,mx,nation,2022-06,9.22,percent,oecd_activity,2022-06-30,,2026-09-26T14:19:03+00:00,ok,0
oecd_bond_yield,mx,nation,2022-07,8.78,percent,oecd_activity,2022-07-31,,2026-09-26T14:19:03+00:00,ok,0
oecd_bond_yield,mx,nation,2022-09,9.1,percent,oecd_activity,2022-09-30,,2026-09-26T14:19:03+00:00,ok,0
oecd_bond_yield,mx,nation,2022-10,9.52,percent,oecd_activity,2022-10-31,,2026-09-26T14:19:03+00:00,ok,0
oecd_bond_yield,mx,nation,2022-11,9.75,percent,oecd_activity,2022-11-30,,2026-09-26T14:19:03+00:00,ok,0
oecd_bond_yield,mx,nation,2022-12,8.94,percent,oecd_activity,2022-12-31,,2026-09-26T14:19:03+00:00,ok,0
oecd_bond_yield,mx,nation,2023-01,8.69,percent,oecd_activity,2023-01-31,,2026-09-26T14:19:03+00:00,ok,0
oecd_bond_yield,mx,nation,2023-02,9.38,percent,oecd_activity,2023-02-28,,2026-09-26T14:19:03+00:00,ok,0
oecd_bond_yield,mx,nation,2023-04,8.89,percent,oecd_activity,2023-04-30,,2026-09-26T14:19:03+00:00,ok,0
oecd_bond_yield,mx,nation,2023-05,8.76,percent,oecd_activity,2023-05-31,,2026-09-26T14:19:03+00:00,ok,0
oecd_bond_yield,mx,nation,2023-06,8.57,percent,oecd_activity,2023-06-30,,2026-09-26T14:19:03+00:00,ok,0
oecd_bond_yield,mx,nation,2023-08,9.1,percent,oecd_activity,2023-08-31,,2026-09-26T14:19:03+00:00,ok,0
oecd_bond_yield,mx,nation,2023-09,9.68,percent,oecd_activity,2023-09-30,,2026-09-26T14:19:03+00:00,ok,0
oecd_bond_yield,mx,nation,2023-11,10.23,percent,oecd_activity,2023-11-30,,2026-09-26T14:19:03+00:00,ok,0
oecd_bond_yield,mx,nation,2023-12,9.39,percent,oecd_activity,2023-12-31,,2026-09-26T14:19:03+00:00,ok,0
oecd_bond_yield,mx,nation,2024-01,9.31,percent,oecd_activity,2024-01-31,,2026-09-26T14:19:03+00:00,ok,0
oecd_bond_yield,mx,nation,2024-03,9.2,percent,oecd_activity,2024-03-31,,2026-09-26T14:19:03+00:00,ok,0
oecd_bond_yield,mx,nation,2024-04,9.85,percent,oecd_activity,2024-04-30,,2026-09-26T14:19:03+00:00,ok,0
oecd_bond_yield,mx,nation,2024-05,9.64,percent,oecd_activity,2024-05-31,,2026-09-26T14:19:03+00:00,ok,0
oecd_bond_yield,mx,nation,2024-07,9.95,percent,oecd_activity,2024-07-31,,2026-09-26T14:19:03+00:00,ok,0
oecd_bond_yield,mx,nation,2024-08,9.74,percent,oecd_activity,2024-08-31,,2026-09-26T14:19:03+00:00,ok,0
oecd_bond_yield,mx,nation,2024-09,9.21,percent,oecd_activity,2024-09-30,,2026-09-26T14:19:03+00:00,ok,0
oecd_bond_yield,mx,nation,2024-10,10.06,percent,oecd_activity,2024-10-31,,2026-09-26T14:19:03+00:00,ok,0
oecd_bond_yield,mx,nation,2024-11,10.02,percent,oecd_activity,2024-11-30,,2026-09-26T14:19:03+00:00,ok,0
oecd_bond_yield,mx,nation,2024-12,10.43,percent,oecd_activity,2024-12-31,,2026-09-26T14:19:03+00:00,ok,0
oecd_bond_yield,mx,nation,2025-01,10.33,percent,oecd_activity,2025-01-31,,2026-09-26T14:19:03+00:00,ok,0
oecd_bond_yield,mx,nation,2025-02,9.85,percent,oecd_activity,2025-02-28,,2026-09-26T14:19:03+00:00,ok,0
oecd_bond_yield,mx,nation,2025-04,9.26,percent,oecd_activity,2025-04-30,,2026-09-26T14:19:03+00:00,ok,0
oecd_bond_yield,mx,nation,2025-05,9.41,percent,oecd_activity,2025-05-31,,2026-09-26T14:19:03+00:00,ok,0
oecd_bond_yield,mx,nation,2025-06,9.39,percent,oecd_activity,2025-06-30,,2026-09-26T14:19:03+00:00,ok,0
oecd_bond_yield,mx,nation,2025-07,9.47,percent,oecd_activity,2025-07-31,,2026-09-26T14:19:03+00:00,ok,0
oecd_bond_yield,mx,nation,2025-08,9.14,percent,oecd_activity,2025-08-31,,2026-09-26T14:19:03+00:00,ok,0
oecd_bond_yield,mx,nation,2025-09,8.79,percent,oecd_activity,2025-09-30,,2026-09-26T14:19:03+00:00,ok,0
oecd_bond_yield,mx,nation,2025-10,8.71,percent,oecd_activity,2025-10-31,,2026-09-26T14:19:03+00:00,ok,0
oecd_bond_yield,mx,nation,2025-11,8.96,percent,oecd_activity,2025-11-30,,2026-09-26T14:19:03+00:00,ok,0
oecd_bond_yield,mx,nation,2025-12,9.2,percent,oecd_activity,2025-12-31,,2026-09-26T14:19:03+00:00,ok,0
oecd_bond_yield,mx,nation,2026-01,9.21,percent,oecd_activity,2026-01-31,,2026-09-26T14:19:03+00:00,ok,0
oecd_bond_yield,mx,nation,2026-02,8.74,percent,oecd_activity,2026-02-28,,2026-09-26T14:19:03+00:00,ok,0
oecd_bond_yield,mx,nation,2026-04,8.88,percent,oecd_activity,2026-04-30,,2026-09-26T14:19:03+00:00,ok,0
oecd_bond_yield,mx,nation,2026-05,9.45,percent,oecd_activity,2026-05-31,,2026-09-26T14:19:03+00:00,ok,0
oecd_bond_yield,mx,nation,2026-07,9.02,percent,oecd_activity,2026-07-31,,2026-09-26T14:19:03+00:00,ok,0
oecd_bond_yield,mx,nation,2026-08,9.16,percent,oecd_activity,2026-08-31,,2026-09-26T14:19:03+00:00,ok,0
oecd_bond_yield,nl,nation,2015-01,0.52,percent,oecd_activity,2015-01-31,,2026-09-26T14:19:03+00:00,ok,0
oecd_bond_yield,nl,nation,2015-02,0.416,percent,oecd_activity,2015-02-28,,2026-09-26T14:19:03+00:00,ok,0
oecd_bond_yield,nl,nation,2015-03,0.326,percent,oecd_activity,2015-03-31,,2026-09-26T14:19:03+00:00,ok,0
oecd_bond_yield,nl,nation,2015-04,0.314,percent,oecd_activity,2015-04-30,,2026-09-26T14:19:03+00:00,ok,0
oecd_bond_yield,nl,nation,2015-05,0.754,percent,oecd_activity,2015-05-31,,2026-09-26T14:19:03+00:00,ok,0
oecd_bond_yield,nl,nation,2015-06,1.054,percent,oecd_activity,2015-06-30,,2026-09-26T14:19:03+00:00,ok,0
oecd_bond_yield,nl,nation,2015-07,0.986,percent,oecd_activity,2015-07-31,,2026-09-26T14:19:03+00:00,ok,0
oecd_bond_yield,nl,nation,2015-08,0.853,percent,oecd_activity,2015-08-31,,2026-09-26T14:19:03+00:00,ok,0
oecd_bond_yield,nl,nation,2015-09,0.866,percent,oecd_activity,2015-09-30,,2026-09-26T14:19:03+00:00,ok,0
oecd_bond_yield,nl,nation,2015-10,0.725,percent,oecd_activity,2015-10-31,,2026-09-26T14:19:03+00:00,ok,0
oecd_bond_yield,nl,nation,2015-11,0.716,percent,oecd_activity,2015-11-30,,2026-09-26T14:19:03+00:00,ok,0
oecd_bond_yield,nl,nation,2015-12,0.754,percent,oecd_activity,2015-12-31,,2026-09-26T14:19:03+00:00,ok,0
oecd_bond_yield,nl,nation,2016-01,0.646,percent,oecd_activity,2016-01-31,,2026-09-26T14:19:03+00:00,ok,0
oecd_bond_yield,nl,nation,2016-02,0.371,percent,oecd_activity,2016-02-29,,2026-09-26T14:19:03+00:00,ok,0
oecd_bond_yield,nl,nation,2016-03,0.32,percent,oecd_activity,2016-03-31,,2026-09-26T14:19:03+00:00,ok,0
oecd_bond_yield,nl,nation,2016-04,0.395,percent,oecd_activity,2016-04-30,,2026-09-26T14:19:03+00:00,ok,0
oecd_bond_yield,nl,nation,2016-05,0.384,percent,oecd_activity,2016-05-31,,2026-09-26T14:19:03+00:00,ok,0
oecd_bond_yield,nl,nation,2016-06,0.25,percent,oecd_activity,2016-06-30,,2026-09-26T14:19:03+00:00,ok,0
oecd_bond_yield,nl,nation,2016-07,0.062,percent,oecd_activity,2016-07-31,,2026-09-26T14:19:03+00:00,ok,0
oecd_bond_yield,nl,nation,2016-08,0.027,percent,oecd_activity,2016-08-31,,2026-09-26T14:19:03+00:00,ok,0
oecd_bond_yield,nl,nation,2016-09,0.061,percent,oecd_activity,2016-09-30,,2026-09-26T14:19:03+00:00,ok,0
oecd_bond_yield,nl,nation,2016-10,0.156,percent,oecd_activity,2016-10-31,,2026-09-26T14:19:03+00:00,ok,0
oecd_bond_yield,nl,nation,2016-11,0.385,percent,oecd_activity,2016-11-30,,2026-09-26T14:19:03+00:00,ok,0
oecd_bond_yield,nl,nation,2016-12,0.436,percent,oecd_activity,2016-12-31,,2026-09-26T14:19:03+00:00,ok,0
oecd_bond_yield,nl,nation,2017-01,0.481,percent,oecd_activity,2017-01-31,,2026-09-26T14:19:03+00:00,ok,0
oecd_bond_yield,nl,nation,2017-02,0.486,percent,oecd_activity,2017-02-28,,2026-09-26T14:19:03+00:00,ok,0
oecd_bond_yield,nl,nation,2017-03,0.485,percent,oecd_activity,2017-03-31,,2026-09-26T14:19:03+00:00,ok,0
oecd_bond_yield,nl,nation,2017-04,0.498,percent,oecd_activity,2017-04-30,,2026-09-26T14:19:03+00:00,ok,0
oecd_bond_yield,nl,nation,2017-05,0.589,percent,oecd_activity,2017-05-31,,2026-09-26T14:19:03+00:00,ok,0
oecd_bond_yield,nl,nation,2017-06,0.503,percent,oecd_activity,2017-06-30,,2026-09-26T14:19:03+00:00,ok,0
oecd_bond_yield,nl,nation,2017-07,0.688,percent,oecd_activity,2017-07-31,,2026-09-26T14:19:03+00:00,ok,0
oecd_bond_yield,nl,nation,2017-08,0.542,percent,oecd_activity,2017-08-31,,2026-09-26T14:19:03+00:00,ok,0
oecd_bond_yield,nl,nation,2017-09,0.532,percent,oecd_activity,2017-09-30,,2026-09-26T14:19:03+00:00,ok,0
oecd_bond_yield,nl,nation,2017-10,0.541,percent,oecd_activity,2017-10-31,,2026-09-26T14:19:03+00:00,ok,0
oecd_bond_yield,nl,nation,2017-11,0.468,percent,oecd_activity,2017-11-30,,2026-09-26T14:19:03+00:00,ok,0
oecd_bond_yield,nl,nation,2017-12,0.452,percent,oecd_activity,2017-12-31,,2026-09-26T14:19:03+00:00,ok,0
oecd_bond_yield,nl,nation,2018-01,0.611,percent,oecd_activity,2018-01-31,,2026-09-26T14:19:03+00:00,ok,0
oecd_bond_yield,nl,nation,2018-02,0.761,percent,oecd_activity,2018-02-28,,2026-09-26T14:19:03+00:00,ok,0
oecd_bond_yield,nl,nation,2018-03,0.626,percent,oecd_activity,2018-03-31,,2026-09-26T14:19:03+00:00,ok,0
oecd_bond_yield,nl,nation,2018-04,0.69,percent,oecd_activity,2018-04-30,,2026-09-26T14:19:03+00:00,ok,0
oecd_bond_yield,nl,nation,2018-05,0.671,percent,oecd_activity,2018-05-31,,2026-09-26T14:19:03+00:00,ok,0
oecd_bond_yield,nl,nation,2018-06,0.565,percent,oecd_activity,2018-06-30,,2026-09-26T14:19:03+00:00,ok,0
oecd_bond_yield,nl,nation,2018-07,0.474,percent,oecd_activity,2018-07-31,,2026-09-26T14:19:03+00:00,ok,0
oecd_bond_yield,nl,nation,2018-08,0.473,percent,oecd_activity,2018-08-31,,2026-09-26T14:19:03+00:00,ok,0
oecd_bond_yield,nl,nation,2018-09,0.551,percent,oecd_activity,2018-09-30,,2026-09-26T14:19:03+00:00,ok,0
oecd_bond_yield,nl,nation,2018-10,0.582,percent,oecd_activity,2018-10-31,,2026-09-26T14:19:03+00:00,ok,0
oecd_bond_yield,nl,nation,2018-11,0.518,percent,oecd_activity,2018-11-30,,2026-09-26T14:19:03+00:00,ok,0
oecd_bond_yield,nl,nation,2018-12,0.401,percent,oecd_activity,2018-12-31,,2026-09-26T14:19:03+00:00,ok,0
oecd_bond_yield,nl,nation,2019-01,0.332,percent,oecd_activity,2019-01-31,,2026-09-26T14:19:03+00:00,ok,0
oecd_bond_yield,nl,nation,2019-02,0.236,percent,oecd_activity,2019-02-28,,2026-09-26T14:19:03+00:00,ok,0
oecd_bond_yield,nl,nation,2019-03,0.15,percent,oecd_activity,2019-03-31,,2026-09-26T14:19:03+00:00,ok,0
oecd_bond_yield,nl,nation,2019-04,0.195,percent,oecd_activity,2019-04-30,,2026-09-26T14:19:03+00:00,ok,0
oecd_bond_yield,nl,nation,2019-05,0.11,percent,oecd_activity,2019-05-31,,2026-09-26T14:19:03+00:00,ok,0
oecd_bond_yield,nl,nation,2019-06,-0.092,percent,oecd_activity,2019-06-30,,2026-09-26T14:19:03+00:00,ok,0
oecd_bond_yield,nl,nation,2019-07,-0.206,percent,oecd_activity,2019-07-31,,2026-09-26T14:19:03+00:00,ok,0
oecd_bond_yield,nl,nation,2019-08,-0.499,percent,oecd_activity,2019-08-31,,2026-09-26T14:19:03+00:00,ok,0
oecd_bond_yield,nl,nation,2019-09,-0.427,percent,oecd_activity,2019-09-30,,2026-09-26T14:19:03+00:00,ok,0
oecd_bond_yield,nl,nation,2019-10,-0.314,percent,oecd_activity,2019-10-31,,2026-09-26T14:19:03+00:00,ok,0
oecd_bond_yield,nl,nation,2019-11,-0.192,percent,oecd_activity,2019-11-30,,2026-09-26T14:19:03+00:00,ok,0
oecd_bond_yield,nl,nation,2019-12,-0.135,percent,oecd_activity,2019-12-31,,2026-09-26T14:19:03+00:00,ok,0
oecd_bond_yield,nl,nation,2020-01,-0.17,percent,oecd_activity,2020-01-31,,2026-09-26T14:19:03+00:00,ok,0
oecd_bond_yield,nl,nation,2020-02,-0.335,percent,oecd_activity,2020-02-29,,2026-09-26T14:19:03+00:00,ok,0
oecd_bond_yield,nl,nation,2020-03,-0.326,percent,oecd_activity,2020-03-31,,2026-09-26T14:19:03+00:00,ok,0
oecd_bond_yield,nl,nation,2020-04,-0.218,percent,oecd_activity,2020-04-30,,2026-09-26T14:19:03+00:00,ok,0
oecd_bond_yield,nl,nation,2020-05,-0.312,percent,oecd_activity,2020-05-31,,2026-09-26T14:19:03+00:00,ok,0
oecd_bond_yield,nl,nation,2020-06,-0.293,percent,oecd_activity,2020-06-30,,2026-09-26T14:19:03+00:00,ok,0
oecd_bond_yield,nl,nation,2020-07,-0.391,percent,oecd_activity,2020-07-31,,2026-09-26T14:19:03+00:00,ok,0
oecd_bond_yield,nl,nation,2020-08,-0.412,percent,oecd_activity,2020-08-31,,2026-09-26T14:19:03+00:00,ok,0
oecd_bond_yield,nl,nation,2020-09,-0.441,percent,oecd_activity,2020-09-30,,2026-09-26T14:19:03+00:00,ok,0
oecd_bond_yield,nl,nation,2020-10,-0.528,percent,oecd_activity,2020-10-31,,2026-09-26T14:19:03+00:00,ok,0
oecd_bond_yield,nl,nation,2020-11,-0.543,percent,oecd_activity,2020-11-30,,2026-09-26T14:19:03+00:00,ok,0
oecd_bond_yield,nl,nation,2020-12,-0.553,percent,oecd_activity,2020-12-31,,2026-09-26T14:19:03+00:00,ok,0
oecd_bond_yield,nl,nation,2021-01,-0.532,percent,oecd_activity,2021-01-31,,2026-09-26T14:19:03+00:00,ok,0
oecd_bond_yield,nl,nation,2021-02,-0.392,percent,oecd_activity,2021-02-28,,2026-09-26T14:19:03+00:00,ok,0
oecd_bond_yield,nl,nation,2021-03,-0.331,percent,oecd_activity,2021-03-31,,2026-09-26T14:19:03+00:00,ok,0
oecd_bond_yield,nl,nation,2021-04,-0.296,percent,oecd_activity,2021-04-30,,2026-09-26T14:19:03+00:00,ok,0
oecd_bond_yield,nl,nation,2021-05,-0.186,percent,oecd_activity,2021-05-31,,2026-09-26T14:19:03+00:00,ok,0
oecd_bond_yield,nl,nation,2021-06,-0.236,percent,oecd_activity,2021-06-30,,2026-09-26T14:19:03+00:00,ok,0
oecd_bond_yield,nl,nation,2021-07,-0.381,percent,oecd_activity,2021-07-31,,2026-09-26T14:19:03+00:00,ok,0
oecd_bond_yield,nl,nation,2021-08,-0.48,percent,oecd_activity,2021-08-31,,2026-09-26T14:19:03+00:00,ok,0
oecd_bond_yield,nl,nation,2021-09,-0.339,percent,oecd_activity,2021-09-30,,2026-09-26T14:19:03+00:00,ok,0
oecd_bond_yield,nl,nation,2021-10,-0.178,percent,oecd_activity,2021-10-31,,2026-09-26T14:19:03+00:00,ok,0
oecd_bond_yield,nl,nation,2021-11,-0.268,percent,oecd_activity,2021-11-30,,2026-09-26T14:19:03+00:00,ok,0
oecd_bond_yield,nl,nation,2021-12,-0.318,percent,oecd_activity,2021-12-31,,2026-09-26T14:19:03+00:00,ok,0
oecd_bond_yield,nl,nation,2022-01,-0.098,percent,oecd_activity,2022-01-31,,2026-09-26T14:19:03+00:00,ok,0
oecd_bond_yield,nl,nation,2022-02,0.237,percent,oecd_activity,2022-02-28,,2026-09-26T14:19:03+00:00,ok,0
oecd_bond_yield,nl,nation,2022-03,0.343,percent,oecd_activity,2022-03-31,,2026-09-26T14:19:03+00:00,ok,0
oecd_bond_yield,nl,nation,2022-04,0.854,percent,oecd_activity,2022-04-30,,2026-09-26T14:19:03+00:00,ok,0
oecd_bond_yield,nl,nation,2022-05,1.054,percent,oecd_activity,2022-05-31,,2026-09-26T14:19:03+00:00,ok,0
oecd_bond_yield,nl,nation,2022-06,1.819,percent,oecd_activity,2022-06-30,,2026-09-26T14:19:03+00:00,ok,0
oecd_bond_yield,nl,nation,2022-07,1.467,percent,oecd_activity,2022-07-31,,2026-09-26T14:19:03+00:00,ok,0
oecd_bond_yield,nl,nation,2022-08,1.414,percent,oecd_activity,2022-08-31,,2026-09-26T14:19:03+00:00,ok,0
oecd_bond_yield,nl,nation,2022-09,2.142,percent,oecd_activity,2022-09-30,,2026-09-26T14:19:03+00:00,ok,0
oecd_bond_yield,nl,nation,2022-10,2.52,percent,oecd_activity,2022-10-31,,2026-09-26T14:19:03+00:00,ok,0
oecd_bond_yield,nl,nation,2022-11,2.351,percent,oecd_activity,2022-11-30,,2026-09-26T14:19:03+00:00,ok,0
oecd_bond_yield,nl,nation,2022-12,2.429,percent,oecd_activity,2022-12-31,,2026-09-26T14:19:03+00:00,ok,0
oecd_bond_yield,nl,nation,2023-01,2.499,percent,oecd_activity,2023-01-31,,2026-09-26T14:19:03+00:00,ok,0
oecd_bond_yield,nl,nation,2023-02,2.678,percent,oecd_activity,2023-02-28,,2026-09-26T14:19:03+00:00,ok,0
oecd_bond_yield,nl,nation,2023-03,2.758,percent,oecd_activity,2023-03-31,,2026-09-26T14:19:03+00:00,ok,0
oecd_bond_yield,nl,nation,2023-04,2.719,percent,oecd_activity,2023-04-30,,2026-09-26T14:19:03+00:00,ok,0
oecd_bond_yield,nl,nation,2023-05,2.728,percent,oecd_activity,2023-05-31,,2026-09-26T14:19:03+00:00,ok,0
oecd_bond_yield,nl,nation,2023-06,2.75,percent,oecd_activity,2023-06-30,,2026-09-26T14:19:03+00:00,ok,0
oecd_bond_yield,nl,nation,2023-07,2.84,percent,oecd_activity,2023-07-31,,2026-09-26T14:19:03+00:00,ok,0
oecd_bond_yield,nl,nation,2023-08,2.917,percent,oecd_activity,2023-08-31,,2026-09-26T14:19:03+00:00,ok,0
oecd_bond_yield,nl,nation,2023-09,3.036,percent,oecd_activity,2023-09-30,,2026-09-26T14:19:03+00:00,ok,0
oecd_bond_yield,nl,nation,2023-10,3.207,percent,oecd_activity,2023-10-31,,2026-09-26T14:19:03+00:00,ok,0
oecd_bond_yield,nl,nation,2023-11,2.95,percent,oecd_activity,2023-11-30,,2026-09-26T14:19:03+00:00,ok,0
oecd_bond_yield,nl,nation,2023-12,2.422,percent,oecd_activity,2023-12-31,,2026-09-26T14:19:03+00:00,ok,0
oecd_bond_yield,nl,nation,2024-01,2.506,percent,oecd_activity,2024-01-31,,2026-09-26T14:19:03+00:00,ok,0
oecd_bond_yield,nl,nation,2024-02,2.643,percent,oecd_activity,2024-02-29,,2026-09-26T14:19:03+00:00,ok,0
oecd_bond_yield,nl,nation,2024-03,2.616,percent,oecd_activity,2024-03-31,,2026-09-26T14:19:03+00:00,ok,0
oecd_bond_yield,nl,nation,2024-04,2.718,percent,oecd_activity,2024-04-30,,2026-09-26T14:19:03+00:00,ok,0
oecd_bond_yield,nl,nation,2024-05,2.829,percent,oecd_activity,2024-05-31,,2026-09-26T14:19:03+00:00,ok,0
oecd_bond_yield,nl,nation,2024-06,2.822,percent,oecd_activity,2024-06-30,,2026-09-26T14:19:03+00:00,ok,0
oecd_bond_yield,nl,nation,2024-07,2.765,percent,oecd_activity,2024-07-31,,2026-09-26T14:19:03+00:00,ok,0
oecd_bond_yield,nl,nation,2024-08,2.531,percent,oecd_activity,2024-08-31,,2026-09-26T14:19:03+00:00,ok,0
oecd_bond_yield,nl,nation,2024-09,2.469,percent,oecd_activity,2024-09-30,,2026-09-26T14:19:03+00:00,ok,0
oecd_bond_yield,nl,nation,2024-10,2.533,percent,oecd_activity,2024-10-31,,2026-09-26T14:19:03+00:00,ok,0
oecd_bond_yield,nl,nation,2024-11,2.567,percent,oecd_activity,2024-11-30,,2026-09-26T14:19:03+00:00,ok,0
oecd_bond_yield,nl,nation,2024-12,2.447,percent,oecd_activity,2024-12-31,,2026-09-26T14:19:03+00:00,ok,0
oecd_bond_yield,nl,nation,2025-01,2.732,percent,oecd_activity,2025-01-31,,2026-09-26T14:19:03+00:00,ok,0
oecd_bond_yield,nl,nation,2025-02,2.629,percent,oecd_activity,2025-02-28,,2026-09-26T14:19:03+00:00,ok,0
oecd_bond_yield,nl,nation,2025-03,2.936,percent,oecd_activity,2025-03-31,,2026-09-26T14:19:03+00:00,ok,0
oecd_bond_yield,nl,nation,2025-04,2.713,percent,oecd_activity,2025-04-30,,2026-09-26T14:19:03+00:00,ok,0
oecd_bond_yield,nl,nation,2025-05,2.796,percent,oecd_activity,2025-05-31,,2026-09-26T14:19:03+00:00,ok,0
oecd_bond_yield,nl,nation,2025-06,2.757,percent,oecd_activity,2025-06-30,,2026-09-26T14:19:03+00:00,ok,0
oecd_bond_yield,nl,nation,2025-07,2.844,percent,oecd_activity,2025-07-31,,2026-09-26T14:19:03+00:00,ok,0
oecd_bond_yield,nl,nation,2025-08,2.88,percent,oecd_activity,2025-08-31,,2026-09-26T14:19:03+00:00,ok,0
oecd_bond_yield,nl,nation,2025-09,2.883,percent,oecd_activity,2025-09-30,,2026-09-26T14:19:03+00:00,ok,0
oecd_bond_yield,nl,nation,2025-10,2.794,percent,oecd_activity,2025-10-31,,2026-09-26T14:19:03+00:00,ok,0
oecd_bond_yield,nl,nation,2025-11,2.831,percent,oecd_activity,2025-11-30,,2026-09-26T14:19:03+00:00,ok,0
oecd_bond_yield,nl,nation,2025-12,2.968,percent,oecd_activity,2025-12-31,,2026-09-26T14:19:03+00:00,ok,0
oecd_bond_yield,nl,nation,2026-01,2.94,percent,oecd_activity,2026-01-31,,2026-09-26T14:19:03+00:00,ok,0
oecd_bond_yield,nl,nation,2026-02,2.849,percent,oecd_activity,2026-02-28,,2026-09-26T14:19:03+00:00,ok,0
oecd_bond_yield,nl,nation,2026-03,3.027,percent,oecd_activity,2026-03-31,,2026-09-26T14:19:03+00:00,ok,0
oecd_bond_yield,nl,nation,2026-04,3.15,percent,oecd_activity,2026-04-30,,2026-09-26T14:19:03+00:00,ok,0
oecd_bond_yield,nl,nation,2026-05,3.165,percent,oecd_activity,2026-05-31,,2026-09-26T14:19:03+00:00,ok,0
oecd_bond_yield,nl,nation,2026-06,3.077,percent,oecd_activity,2026-06-30,,2026-09-26T14:19:03+00:00,ok,0
oecd_bond_yield,nl,nation,2026-07,3.195,percent,oecd_activity,2026-07-31,,2026-09-26T14:19:03+00:00,ok,0
oecd_bond_yield,nl,nation,2026-08,3.285,percent,oecd_activity,2026-08-31,,2026-09-26T14:19:03+00:00,ok,0
oecd_bond_yield,no,nation,2015-01,1.45,percent,oecd_activity,2015-01-31,,2026-09-26T14:19:03+00:00,ok,0
oecd_bond_yield,no,nation,2015-02,1.39,percent,oecd_activity,2015-02-28,,2026-09-26T14:19:03+00:00,ok,0
oecd_bond_yield,no,nation,2015-03,1.54,percent,oecd_activity,2015-03-31,,2026-09-26T14:19:03+00:00,ok,0
oecd_bond_yield,no,nation,2015-04,1.44,percent,oecd_activity,2015-04-30,,2026-09-26T14:19:03+00:00,ok,0
oecd_bond_yield,no,nation,2015-05,1.65,percent,oecd_activity,2015-05-31,,2026-09-26T14:19:03+00:00,ok,0
oecd_bond_yield,no,nation,2015-06,1.77,percent,oecd_activity,2015-06-30,,2026-09-26T14:19:03+00:00,ok,0
oecd_bond_yield,no,nation,2015-07,1.7,percent,oecd_activity,2015-07-31,,2026-09-26T14:19:03+00:00,ok,0
oecd_bond_yield,no,nation,2015-08,1.49,percent,oecd_activity,2015-08-31,,2026-09-26T14:19:03+00:00,ok,0
oecd_bond_yield,no,nation,2015-09,1.6,percent,oecd_activity,2015-09-30,,2026-09-26T14:19:03+00:00,ok,0
oecd_bond_yield,no,nation,2015-10,1.57,percent,oecd_activity,2015-10-31,,2026-09-26T14:19:03+00:00,ok,0
oecd_bond_yield,no,nation,2015-11,1.63,percent,oecd_activity,2015-11-30,,2026-09-26T14:19:03+00:00,ok,0
oecd_bond_yield,no,nation,2015-12,1.55,percent,oecd_activity,2015-12-31,,2026-09-26T14:19:03+00:00,ok,0
oecd_bond_yield,no,nation,2016-01,1.45,percent,oecd_activity,2016-01-31,,2026-09-26T14:19:03+00:00,ok,0
oecd_bond_yield,no,nation,2016-02,1.39,percent,oecd_activity,2016-02-29,,2026-09-26T14:19:03+00:00,ok,0
oecd_bond_yield,no,nation,2016-03,1.33,percent,oecd_activity,2016-03-31,,2026-09-26T14:19:03+00:00,ok,0
oecd_bond_yield,no,nation,2016-04,1.3,percent,oecd_activity,2016-04-30,,2026-09-26T14:19:03+00:00,ok,0
oecd_bond_yield,no,nation,2016-05,1.4,percent,oecd_activity,2016-05-31,,2026-09-26T14:19:03+00:00,ok,0
oecd_bond_yield,no,nation,2016-06,1.17,percent,oecd_activity,2016-06-30,,2026-09-26T14:19:03+00:00,ok,0
oecd_bond_yield,no,nation,2016-07,0.96,percent,oecd_activity,2016-07-31,,2026-09-26T14:19:03+00:00,ok,0
oecd_bond_yield,no,nation,2016-08,1.07,percent,oecd_activity,2016-08-31,,2026-09-26T14:19:03+00:00,ok,0
oecd_bond_yield,no,nation,2016-09,1.23,percent,oecd_activity,2016-09-30,,2026-09-26T14:19:03+00:00,ok,0
oecd_bond_yield,no,nation,2016-10,1.34,percent,oecd_activity,2016-10-31,,2026-09-26T14:19:03+00:00,ok,0
oecd_bond_yield,no,nation,2016-11,1.58,percent,oecd_activity,2016-11-30,,2026-09-26T14:19:03+00:00,ok,0
oecd_bond_yield,no,nation,2016-12,1.76,percent,oecd_activity,2016-12-31,,2026-09-26T14:19:03+00:00,ok,0
oecd_bond_yield,no,nation,2017-01,1.69,percent,oecd_activity,2017-01-31,,2026-09-26T14:19:03+00:00,ok,0
oecd_bond_yield,no,nation,2017-02,1.74,percent,oecd_activity,2017-02-28,,2026-09-26T14:19:03+00:00,ok,0
oecd_bond_yield,no,nation,2017-03,1.77,percent,oecd_activity,2017-03-31,,2026-09-26T14:19:03+00:00,ok,0
oecd_bond_yield,no,nation,2017-04,1.61,percent,oecd_activity,2017-04-30,,2026-09-26T14:19:03+00:00,ok,0
oecd_bond_yield,no,nation,2017-05,1.59,percent,oecd_activity,2017-05-31,,2026-09-26T14:19:03+00:00,ok,0
oecd_bond_yield,no,nation,2017-06,1.53,percent,oecd_activity,2017-06-30,,2026-09-26T14:19:03+00:00,ok,0
oecd_bond_yield,no,nation,2017-07,1.69,percent,oecd_activity,2017-07-31,,2026-09-26T14:19:03+00:00,ok,0
oecd_bond_yield,no,nation,2017-08,1.62,percent,oecd_activity,2017-08-31,,2026-09-26T14:19:03+00:00,ok,0
oecd_bond_yield,no,nation,2017-09,1.59,percent,oecd_activity,2017-09-30,,2026-09-26T14:19:03+00:00,ok,0
oecd_bond_yield,no,nation,2017-10,1.66,percent,oecd_activity,2017-10-31,,2026-09-26T14:19:03+00:00,ok,0
oecd_bond_yield,no,nation,2017-11,1.59,percent,oecd_activity,2017-11-30,,2026-09-26T14:19:03+00:00,ok,0
oecd_bond_yield,no,nation,2017-12,1.57,percent,oecd_activity,2017-12-31,,2026-09-26T14:19:03+00:00,ok,0
oecd_bond_yield,no,nation,2018-01,1.74,percent,oecd_activity,2018-01-31,,2026-09-26T14:19:03+00:00,ok,0
oecd_bond_yield,no,nation,2018-02,1.98,percent,oecd_activity,2018-02-28,,2026-09-26T14:19:03+00:00,ok,0
oecd_bond_yield,no,nation,2018-03,1.99,percent,oecd_activity,2018-03-31,,2026-09-26T14:19:03+00:00,ok,0
oecd_bond_yield,no,nation,2018-04,1.93,percent,oecd_activity,2018-04-30,,2026-09-26T14:19:03+00:00,ok,0
oecd_bond_yield,no,nation,2018-05,1.89,percent,oecd_activity,2018-05-31,,2026-09-26T14:19:03+00:00,ok,0
oecd_bond_yield,no,nation,2018-06,1.82,percent,oecd_activity,2018-06-30,,2026-09-26T14:19:03+00:00,ok,0
oecd_bond_yield,no,nation,2018-07,1.76,percent,oecd_activity,2018-07-31,,2026-09-26T14:19:03+00:00,ok,0
oecd_bond_yield,no,nation,2018-08,1.77,percent,oecd_activity,2018-08-31,,2026-09-26T14:19:03+00:00,ok,0
oecd_bond_yield,no,nation,2018-09,1.9,percent,oecd_activity,2018-09-30,,2026-09-26T14:19:03+00:00,ok,0
oecd_bond_yield,no,nation,2018-10,2,percent,oecd_activity,2018-10-31,,2026-09-26T14:19:03+00:00,ok,0
oecd_bond_yield,no,nation,2018-11,1.94,percent,oecd_activity,2018-11-30,,2026-09-26T14:19:03+00:00,ok,0
oecd_bond_yield,no,nation,2018-12,1.83,percent,oecd_activity,2018-12-31,,2026-09-26T14:19:03+00:00,ok,0
oecd_bond_yield,no,nation,2019-01,1.78,percent,oecd_activity,2019-01-31,,2026-09-26T14:19:03+00:00,ok,0
oecd_bond_yield,no,nation,2019-02,1.71,percent,oecd_activity,2019-02-28,,2026-09-26T14:19:03+00:00,ok,0
oecd_bond_yield,no,nation,2019-03,1.66,percent,oecd_activity,2019-03-31,,2026-09-26T14:19:03+00:00,ok,0
oecd_bond_yield,no,nation,2019-04,1.71,percent,oecd_activity,2019-04-30,,2026-09-26T14:19:03+00:00,ok,0
oecd_bond_yield,no,nation,2019-05,1.66,percent,oecd_activity,2019-05-31,,2026-09-26T14:19:03+00:00,ok,0
oecd_bond_yield,no,nation,2019-06,1.43,percent,oecd_activity,2019-06-30,,2026-09-26T14:19:03+00:00,ok,0
oecd_bond_yield,no,nation,2019-07,1.44,percent,oecd_activity,2019-07-31,,2026-09-26T14:19:03+00:00,ok,0
oecd_bond_yield,no,nation,2019-08,1.15,percent,oecd_activity,2019-08-31,,2026-09-26T14:19:03+00:00,ok,0
oecd_bond_yield,no,nation,2019-09,1.21,percent,oecd_activity,2019-09-30,,2026-09-26T14:19:03+00:00,ok,0
oecd_bond_yield,no,nation,2019-10,1.26,percent,oecd_activity,2019-10-31,,2026-09-26T14:19:03+00:00,ok,0
oecd_bond_yield,no,nation,2019-11,1.45,percent,oecd_activity,2019-11-30,,2026-09-26T14:19:03+00:00,ok,0
oecd_bond_yield,no,nation,2019-12,1.47,percent,oecd_activity,2019-12-31,,2026-09-26T14:19:03+00:00,ok,0
oecd_bond_yield,no,nation,2020-01,1.39,percent,oecd_activity,2020-01-31,,2026-09-26T14:19:03+00:00,ok,0
oecd_bond_yield,no,nation,2020-02,1.35,percent,oecd_activity,2020-02-29,,2026-09-26T14:19:03+00:00,ok,0
oecd_bond_yield,no,nation,2020-03,0.93,percent,oecd_activity,2020-03-31,,2026-09-26T14:19:03+00:00,ok,0
oecd_bond_yield,no,nation,2020-04,0.7,percent,oecd_activity,2020-04-30,,2026-09-26T14:19:03+00:00,ok,0
oecd_bond_yield,no,nation,2020-05,0.47,percent,oecd_activity,2020-05-31,,2026-09-26T14:19:03+00:00,ok,0
oecd_bond_yield,no,nation,2020-06,0.65,percent,oecd_activity,2020-06-30,,2026-09-26T14:19:03+00:00,ok,0
oecd_bond_yield,no,nation,2020-07,0.61,percent,oecd_activity,2020-07-31,,2026-09-26T14:19:03+00:00,ok,0
oecd_bond_yield,no,nation,2020-08,0.69,percent,oecd_activity,2020-08-31,,2026-09-26T14:19:03+00:00,ok,0
oecd_bond_yield,no,nation,2020-09,0.65,percent,oecd_activity,2020-09-30,,2026-09-26T14:19:03+00:00,ok,0
oecd_bond_yield,no,nation,2020-10,0.67,percent,oecd_activity,2020-10-31,,2026-09-26T14:19:03+00:00,ok,0
oecd_bond_yield,no,nation,2020-11,0.79,percent,oecd_activity,2020-11-30,,2026-09-26T14:19:03+00:00,ok,0
oecd_bond_yield,no,nation,2020-12,0.91,percent,oecd_activity,2020-12-31,,2026-09-26T14:19:03+00:00,ok,0
oecd_bond_yield,no,nation,2021-01,1.01,percent,oecd_activity,2021-01-31,,2026-09-26T14:19:03+00:00,ok,0
oecd_bond_yield,no,nation,2021-02,1.28,percent,oecd_activity,2021-02-28,,2026-09-26T14:19:03+00:00,ok,0
oecd_bond_yield,no,nation,2021-03,1.46,percent,oecd_activity,2021-03-31,,2026-09-26T14:19:03+00:00,ok,0
oecd_bond_yield,no,nation,2021-04,1.42,percent,oecd_activity,2021-04-30,,2026-09-26T14:19:03+00:00,ok,0
oecd_bond_yield,no,nation,2021-05,1.47,percent,oecd_activity,2021-05-31,,2026-09-26T14:19:03+00:00,ok,0
oecd_bond_yield,no,nation,2021-06,1.47,percent,oecd_activity,2021-06-30,,2026-09-26T14:19:03+00:00,ok,0
oecd_bond_yield,no,nation,2021-07,1.24,percent,oecd_activity,2021-07-31,,2026-09-26T14:19:03+00:00,ok,0
oecd_bond_yield,no,nation,2021-08,1.23,percent,oecd_activity,2021-08-31,,2026-09-26T14:19:03+00:00,ok,0
oecd_bond_yield,no,nation,2021-09,1.42,percent,oecd_activity,2021-09-30,,2026-09-26T14:19:03+00:00,ok,0
oecd_bond_yield,no,nation,2021-10,1.675667,percent,oecd_activity,2021-10-31,,2026-09-26T14:19:03+00:00,ok,0
oecd_bond_yield,no,nation,2021-11,1.607778,percent,oecd_activity,2021-11-30,,2026-09-26T14:19:03+00:00,ok,0
oecd_bond_yield,no,nation,2021-12,1.707,percent,oecd_activity,2021-12-31,,2026-09-26T14:19:03+00:00,ok,0
oecd_bond_yield,no,nation,2022-01,1.909889,percent,oecd_activity,2022-01-31,,2026-09-26T14:19:03+00:00,ok,0
oecd_bond_yield,no,nation,2022-02,2.119,percent,oecd_activity,2022-02-28,,2026-09-26T14:19:03+00:00,ok,0
oecd_bond_yield,no,nation,2022-03,2.5315,percent,oecd_activity,2022-03-31,,2026-09-26T14:19:03+00:00,ok,0
oecd_bond_yield,no,nation,2022-04,2.6935,percent,oecd_activity,2022-04-30,,2026-09-26T14:19:03+00:00,ok,0
oecd_bond_yield,no,nation,2022-05,2.64225,percent,oecd_activity,2022-05-31,,2026-09-26T14:19:03+00:00,ok,0
oecd_bond_yield,no,nation,2022-06,3.12575,percent,oecd_activity,2022-06-30,,2026-09-26T14:19:03+00:00,ok,0
oecd_bond_yield,no,nation,2022-07,2.909429,percent,oecd_activity,2022-07-31,,2026-09-26T14:19:03+00:00,ok,0
oecd_bond_yield,no,nation,2022-08,3.336,percent,oecd_activity,2022-08-31,,2026-09-26T14:19:03+00:00,ok,0
oecd_bond_yield,no,nation,2022-09,3.418,percent,oecd_activity,2022-09-30,,2026-09-26T14:19:03+00:00,ok,0
oecd_bond_yield,no,nation,2022-10,3.596875,percent,oecd_activity,2022-10-31,,2026-09-26T14:19:03+00:00,ok,0
oecd_bond_yield,no,nation,2022-11,3.122875,percent,oecd_activity,2022-11-30,,2026-09-26T14:19:03+00:00,ok,0
oecd_bond_yield,no,nation,2022-12,3.135889,percent,oecd_activity,2022-12-31,,2026-09-26T14:19:03+00:00,ok,0
oecd_bond_yield,no,nation,2023-01,2.884454,percent,oecd_activity,2023-01-31,,2026-09-26T14:19:03+00:00,ok,0
oecd_bond_yield,no,nation,2023-02,3.1458,percent,oecd_activity,2023-02-28,,2026-09-26T14:19:03+00:00,ok,0
oecd_bond_yield,no,nation,2023-03,2.973273,percent,oecd_activity,2023-03-31,,2026-09-26T14:19:03+00:00,ok,0
oecd_bond_yield,no,nation,2023-04,3.175625,percent,oecd_activity,2023-04-30,,2026-09-26T14:19:03+00:00,ok,0
oecd_bond_yield,no,nation,2023-05,3.329,percent,oecd_activity,2023-05-31,,2026-09-26T14:19:03+00:00,ok,0
oecd_bond_yield,no,nation,2023-06,3.5665,percent,oecd_activity,2023-06-30,,2026-09-26T14:19:03+00:00,ok,0
oecd_bond_yield,no,nation,2023-07,3.669167,percent,oecd_activity,2023-07-31,,2026-09-26T14:19:03+00:00,ok,0
oecd_bond_yield,no,nation,2023-08,3.7665,percent,oecd_activity,2023-08-31,,2026-09-26T14:19:03+00:00,ok,0
oecd_bond_yield,no,nation,2023-09,3.886714,percent,oecd_activity,2023-09-30,,2026-09-26T14:19:03+00:00,ok,0
oecd_bond_yield,no,nation,2023-10,3.967429,percent,oecd_activity,2023-10-31,,2026-09-26T14:19:03+00:00,ok,0
oecd_bond_yield,no,nation,2023-11,3.621572,percent,oecd_activity,2023-11-30,,2026-09-26T14:19:03+00:00,ok,0
oecd_bond_yield,no,nation,2023-12,3.240583,percent,oecd_activity,2023-12-31,,2026-09-26T14:19:03+00:00,ok,0
oecd_bond_yield,no,nation,2024-01,3.5805,percent,oecd_activity,2024-01-31,,2026-09-26T14:19:03+00:00,ok,0
oecd_bond_yield,no,nation,2024-02,3.767692,percent,oecd_activity,2024-02-29,,2026-09-26T14:19:03+00:00,ok,0
oecd_bond_yield,no,nation,2024-03,3.607125,percent,oecd_activity,2024-03-31,,2026-09-26T14:19:03+00:00,ok,0
oecd_bond_yield,no,nation,2024-04,3.788667,percent,oecd_activity,2024-04-30,,2026-09-26T14:19:03+00:00,ok,0
oecd_bond_yield,no,nation,2024-05,3.695875,percent,oecd_activity,2024-05-31,,2026-09-26T14:19:03+00:00,ok,0
oecd_bond_yield,no,nation,2024-06,3.5492,percent,oecd_activity,2024-06-30,,2026-09-26T14:19:03+00:00,ok,0
oecd_bond_yield,no,nation,2024-07,3.4625,percent,oecd_activity,2024-07-31,,2026-09-26T14:19:03+00:00,ok,0
oecd_bond_yield,no,nation,2024-08,3.302091,percent,oecd_activity,2024-08-31,,2026-09-26T14:19:03+00:00,ok,0
oecd_bond_yield,no,nation,2024-09,3.340091,percent,oecd_activity,2024-09-30,,2026-09-26T14:19:03+00:00,ok,0
oecd_bond_yield,no,nation,2024-10,3.60253,percent,oecd_activity,2024-10-31,,2026-09-26T14:19:03+00:00,ok,0
oecd_bond_yield,no,nation,2024-11,3.611733,percent,oecd_activity,2024-11-30,,2026-09-26T14:19:03+00:00,ok,0
oecd_bond_yield,no,nation,2024-12,3.657538,percent,oecd_activity,2024-12-31,,2026-09-26T14:19:03+00:00,ok,0
oecd_bond_yield,no,nation,2025-01,3.82125,percent,oecd_activity,2025-01-31,,2026-09-26T14:19:03+00:00,ok,0
oecd_bond_yield,no,nation,2025-02,3.88015,percent,oecd_activity,2025-02-28,,2026-09-26T14:19:03+00:00,ok,0
oecd_bond_yield,no,nation,2025-03,4.021,percent,oecd_activity,2025-03-31,,2026-09-26T14:19:03+00:00,ok,0
oecd_bond_yield,no,nation,2025-04,3.895474,percent,oecd_activity,2025-04-30,,2026-09-26T14:19:03+00:00,ok,0
oecd_bond_yield,no,nation,2025-05,4.0091,percent,oecd_activity,2025-05-31,,2026-09-26T14:19:03+00:00,ok,0
oecd_bond_yield,no,nation,2025-06,3.94865,percent,oecd_activity,2025-06-30,,2026-09-26T14:19:03+00:00,ok,0
oecd_bond_yield,no,nation,2025-07,3.882869,percent,oecd_activity,2025-07-31,,2026-09-26T14:19:03+00:00,ok,0
oecd_bond_yield,no,nation,2025-08,3.873095,percent,oecd_activity,2025-08-31,,2026-09-26T14:19:03+00:00,ok,0
oecd_bond_yield,no,nation,2025-09,3.935727,percent,oecd_activity,2025-09-30,,2026-09-26T14:19:03+00:00,ok,0
oecd_bond_yield,no,nation,2025-10,3.963957,percent,oecd_activity,2025-10-31,,2026-09-26T14:19:03+00:00,ok,0
oecd_bond_yield,no,nation,2025-11,4.0223,percent,oecd_activity,2025-11-30,,2026-09-26T14:19:03+00:00,ok,0
oecd_bond_yield,no,nation,2025-12,4.091527,percent,oecd_activity,2025-12-31,,2026-09-26T14:19:03+00:00,ok,0
oecd_bond_yield,no,nation,2026-01,4.122286,percent,oecd_activity,2026-01-31,,2026-09-26T14:19:03+00:00,ok,0
oecd_bond_yield,no,nation,2026-02,4.1625,percent,oecd_activity,2026-02-28,,2026-09-26T14:19:03+00:00,ok,0
oecd_bond_yield,no,nation,2026-03,4.257864,percent,oecd_activity,2026-03-31,,2026-09-26T14:19:03+00:00,ok,0
oecd_bond_yield,no,nation,2026-04,4.286421,percent,oecd_activity,2026-04-30,,2026-09-26T14:19:03+00:00,ok,0
oecd_bond_yield,no,nation,2026-05,4.329889,percent,oecd_activity,2026-05-31,,2026-09-26T14:19:03+00:00,ok,0
oecd_bond_yield,no,nation,2026-06,4.198454,percent,oecd_activity,2026-06-30,,2026-09-26T14:19:03+00:00,ok,0
oecd_bond_yield,no,nation,2026-07,4.271522,percent,oecd_activity,2026-07-31,,2026-09-26T14:19:03+00:00,ok,0
oecd_bond_yield,no,nation,2026-08,4.28635,percent,oecd_activity,2026-08-31,,2026-09-26T14:19:03+00:00,ok,0
oecd_bond_yield,pl,nation,2015-01,2.211,percent,oecd_activity,2015-01-31,,2026-09-26T14:19:03+00:00,ok,0
oecd_bond_yield,pl,nation,2015-02,2.196,percent,oecd_activity,2015-02-28,,2026-09-26T14:19:03+00:00,ok,0
oecd_bond_yield,pl,nation,2015-03,2.325454,percent,oecd_activity,2015-03-31,,2026-09-26T14:19:03+00:00,ok,0
oecd_bond_yield,pl,nation,2015-04,2.3675,percent,oecd_activity,2015-04-30,,2026-09-26T14:19:03+00:00,ok,0
oecd_bond_yield,pl,nation,2015-05,2.82,percent,oecd_activity,2015-05-31,,2026-09-26T14:19:03+00:00,ok,0
oecd_bond_yield,pl,nation,2015-06,3.19,percent,oecd_activity,2015-06-30,,2026-09-26T14:19:03+00:00,ok,0
oecd_bond_yield,pl,nation,2015-07,3.16,percent,oecd_activity,2015-07-31,,2026-09-26T14:19:03+00:00,ok,0
oecd_bond_yield,pl,nation,2015-08,2.881905,percent,oecd_activity,2015-08-31,,2026-09-26T14:19:03+00:00,ok,0
oecd_bond_yield,pl,nation,2015-09,2.910909,percent,oecd_activity,2015-09-30,,2026-09-26T14:19:03+00:00,ok,0
oecd_bond_yield,pl,nation,2015-10,2.660909,percent,oecd_activity,2015-10-31,,2026-09-26T14:19:03+00:00,ok,0
oecd_bond_yield,pl,nation,2015-11,2.726,percent,oecd_activity,2015-11-30,,2026-09-26T14:19:03+00:00,ok,0
oecd_bond_yield,pl,nation,2015-12,2.957,percent,oecd_activity,2015-12-31,,2026-09-26T14:19:03+00:00,ok,0
oecd_bond_yield,pl,nation,2016-01,2.996842,percent,oecd_activity,2016-01-31,,2026-09-26T14:19:03+00:00,ok,0
oecd_bond_yield,pl,nation,2016-02,3.03,percent,oecd_activity,2016-02-29,,2026-09-26T14:19:03+00:00,ok,0
oecd_bond_yield,pl,nation,2016-03,2.89,percent,oecd_activity,2016-03-31,,2026-09-26T14:19:03+00:00,ok,0
oecd_bond_yield,pl,nation,2016-04,2.952857,percent,oecd_activity,2016-04-30,,2026-09-26T14:19:03+00:00,ok,0
oecd_bond_yield,pl,nation,2016-05,3.04,percent,oecd_activity,2016-05-31,,2026-09-26T14:19:03+00:00,ok,0
oecd_bond_yield,pl,nation,2016-06,3.11,percent,oecd_activity,2016-06-30,,2026-09-26T14:19:03+00:00,ok,0
oecd_bond_yield,pl,nation,2016-07,2.888572,percent,oecd_activity,2016-07-31,,2026-09-26T14:19:03+00:00,ok,0
oecd_bond_yield,pl,nation,2016-08,2.71,percent,oecd_activity,2016-08-31,,2026-09-26T14:19:03+00:00,ok,0
oecd_bond_yield,pl,nation,2016-09,2.85,percent,oecd_activity,2016-09-30,,2026-09-26T14:19:03+00:00,ok,0
oecd_bond_yield,pl,nation,2016-10,3.01,percent,oecd_activity,2016-10-31,,2026-09-26T14:19:03+00:00,ok,0
oecd_bond_yield,pl,nation,2016-11,3.41,percent,oecd_activity,2016-11-30,,2026-09-26T14:19:03+00:00,ok,0
oecd_bond_yield,pl,nation,2016-12,3.54,percent,oecd_activity,2016-12-31,,2026-09-26T14:19:03+00:00,ok,0
oecd_bond_yield,pl,nation,2017-01,3.68,percent,oecd_activity,2017-01-31,,2026-09-26T14:19:03+00:00,ok,0
oecd_bond_yield,pl,nation,2017-02,3.81,percent,oecd_activity,2017-02-28,,2026-09-26T14:19:03+00:00,ok,0
oecd_bond_yield,pl,nation,2017-03,3.66,percent,oecd_activity,2017-03-31,,2026-09-26T14:19:03+00:00,ok,0
oecd_bond_yield,pl,nation,2017-04,3.42,percent,oecd_activity,2017-04-30,,2026-09-26T14:19:03+00:00,ok,0
oecd_bond_yield,pl,nation,2017-05,3.35,percent,oecd_activity,2017-05-31,,2026-09-26T14:19:03+00:00,ok,0
oecd_bond_yield,pl,nation,2017-06,3.19,percent,oecd_activity,2017-06-30,,2026-09-26T14:19:03+00:00,ok,0
oecd_bond_yield,pl,nation,2017-07,3.3,percent,oecd_activity,2017-07-31,,2026-09-26T14:19:03+00:00,ok,0
oecd_bond_yield,pl,nation,2017-08,3.33,percent,oecd_activity,2017-08-31,,2026-09-26T14:19:03+00:00,ok,0
oecd_bond_yield,pl,nation,2017-09,3.26,percent,oecd_activity,2017-09-30,,2026-09-26T14:19:03+00:00,ok,0
oecd_bond_yield,pl,nation,2017-10,3.38,percent,oecd_activity,2017-10-31,,2026-09-26T14:19:03+00:00,ok,0
oecd_bond_yield,pl,nation,2017-11,3.39,percent,oecd_activity,2017-11-30,,2026-09-26T14:19:03+00:00,ok,0
oecd_bond_yield,pl,nation,2017-12,3.27,percent,oecd_activity,2017-12-31,,2026-09-26T14:19:03+00:00,ok,0
oecd_bond_yield,pl,nation,2018-01,3.32,percent,oecd_activity,2018-01-31,,2026-09-26T14:19:03+00:00,ok,0
oecd_bond_yield,pl,nation,2018-02,3.39,percent,oecd_activity,2018-02-28,,2026-09-26T14:19:03+00:00,ok,0
oecd_bond_yield,pl,nation,2018-03,3.27,percent,oecd_activity,2018-03-31,,2026-09-26T14:19:03+00:00,ok,0
oecd_bond_yield,pl,nation,2018-04,3.06,percent,oecd_activity,2018-04-30,,2026-09-26T14:19:03+00:00,ok,0
oecd_bond_yield,pl,nation,2018-05,3.23,percent,oecd_activity,2018-05-31,,2026-09-26T14:19:03+00:00,ok,0
oecd_bond_yield,pl,nation,2018-06,3.21,percent,oecd_activity,2018-06-30,,2026-09-26T14:19:03+00:00,ok,0
oecd_bond_yield,pl,nation,2018-07,3.17,percent,oecd_activity,2018-07-31,,2026-09-26T14:19:03+00:00,ok,0
oecd_bond_yield,pl,nation,2018-08,3.14,percent,oecd_activity,2018-08-31,,2026-09-26T14:19:03+00:00,ok,0
oecd_bond_yield,pl,nation,2018-09,3.24,percent,oecd_activity,2018-09-30,,2026-09-26T14:19:03+00:00,ok,0
oecd_bond_yield,pl,nation,2018-10,3.22,percent,oecd_activity,2018-10-31,,2026-09-26T14:19:03+00:00,ok,0
oecd_bond_yield,pl,nation,2018-11,3.19,percent,oecd_activity,2018-11-30,,2026-09-26T14:19:03+00:00,ok,0
oecd_bond_yield,pl,nation,2018-12,2.94,percent,oecd_activity,2018-12-31,,2026-09-26T14:19:03+00:00,ok,0
oecd_bond_yield,pl,nation,2019-01,2.78,percent,oecd_activity,2019-01-31,,2026-09-26T14:19:03+00:00,ok,0
oecd_bond_yield,pl,nation,2019-02,2.69,percent,oecd_activity,2019-02-28,,2026-09-26T14:19:03+00:00,ok,0
oecd_bond_yield,pl,nation,2019-03,2.75,percent,oecd_activity,2019-03-31,,2026-09-26T14:19:03+00:00,ok,0
oecd_bond_yield,pl,nation,2019-04,2.76,percent,oecd_activity,2019-04-30,,2026-09-26T14:19:03+00:00,ok,0
oecd_bond_yield,pl,nation,2019-05,2.72,percent,oecd_activity,2019-05-31,,2026-09-26T14:19:03+00:00,ok,0
oecd_bond_yield,pl,nation,2019-06,2.35,percent,oecd_activity,2019-06-30,,2026-09-26T14:19:03+00:00,ok,0
oecd_bond_yield,pl,nation,2019-07,2.13,percent,oecd_activity,2019-07-31,,2026-09-26T14:19:03+00:00,ok,0
oecd_bond_yield,pl,nation,2019-08,1.93,percent,oecd_activity,2019-08-31,,2026-09-26T14:19:03+00:00,ok,0
oecd_bond_yield,pl,nation,2019-09,2.02,percent,oecd_activity,2019-09-30,,2026-09-26T14:19:03+00:00,ok,0
oecd_bond_yield,pl,nation,2019-10,1.96,percent,oecd_activity,2019-10-31,,2026-09-26T14:19:03+00:00,ok,0
oecd_bond_yield,pl,nation,2019-11,2.05,percent,oecd_activity,2019-11-30,,2026-09-26T14:19:03+00:00,ok,0
oecd_bond_yield,pl,nation,2019-12,2.03,percent,oecd_activity,2019-12-31,,2026-09-26T14:19:03+00:00,ok,0
oecd_bond_yield,pl,nation,2020-01,2.23,percent,oecd_activity,2020-01-31,,2026-09-26T14:19:03+00:00,ok,0
oecd_bond_yield,pl,nation,2020-02,2.09,percent,oecd_activity,2020-02-29,,2026-09-26T14:19:03+00:00,ok,0
oecd_bond_yield,pl,nation,2020-03,1.8,percent,oecd_activity,2020-03-31,,2026-09-26T14:19:03+00:00,ok,0
oecd_bond_yield,pl,nation,2020-04,1.46,percent,oecd_activity,2020-04-30,,2026-09-26T14:19:03+00:00,ok,0
oecd_bond_yield,pl,nation,2020-05,1.35,percent,oecd_activity,2020-05-31,,2026-09-26T14:19:03+00:00,ok,0
oecd_bond_yield,pl,nation,2020-06,1.31,percent,oecd_activity,2020-06-30,,2026-09-26T14:19:03+00:00,ok,0
oecd_bond_yield,pl,nation,2020-07,1.33,percent,oecd_activity,2020-07-31,,2026-09-26T14:19:03+00:00,ok,0
oecd_bond_yield,pl,nation,2020-08,1.32,percent,oecd_activity,2020-08-31,,2026-09-26T14:19:03+00:00,ok,0
oecd_bond_yield,pl,nation,2020-09,1.35,percent,oecd_activity,2020-09-30,,2026-09-26T14:19:03+00:00,ok,0
oecd_bond_yield,pl,nation,2020-10,1.26,percent,oecd_activity,2020-10-31,,2026-09-26T14:19:03+00:00,ok,0
oecd_bond_yield,pl,nation,2020-11,1.2,percent,oecd_activity,2020-11-30,,2026-09-26T14:19:03+00:00,ok,0
oecd_bond_yield,pl,nation,2020-12,1.29,percent,oecd_activity,2020-12-31,,2026-09-26T14:19:03+00:00,ok,0
oecd_bond_yield,pl,nation,2021-01,1.19,percent,oecd_activity,2021-01-31,,2026-09-26T14:19:03+00:00,ok,0
oecd_bond_yield,pl,nation,2021-02,1.31,percent,oecd_activity,2021-02-28,,2026-09-26T14:19:03+00:00,ok,0
oecd_bond_yield,pl,nation,2021-03,1.52,percent,oecd_activity,2021-03-31,,2026-09-26T14:19:03+00:00,ok,0
oecd_bond_yield,pl,nation,2021-04,1.55,percent,oecd_activity,2021-04-30,,2026-09-26T14:19:03+00:00,ok,0
oecd_bond_yield,pl,nation,2021-05,1.82,percent,oecd_activity,2021-05-31,,2026-09-26T14:19:03+00:00,ok,0
oecd_bond_yield,pl,nation,2021-06,1.78,percent,oecd_activity,2021-06-30,,2026-09-26T14:19:03+00:00,ok,0
oecd_bond_yield,pl,nation,2021-07,1.61,percent,oecd_activity,2021-07-31,,2026-09-26T14:19:03+00:00,ok,0
oecd_bond_yield,pl,nation,2021-08,1.6,percent,oecd_activity,2021-08-31,,2026-09-26T14:19:03+00:00,ok,0
oecd_bond_yield,pl,nation,2021-09,1.87,percent,oecd_activity,2021-09-30,,2026-09-26T14:19:03+00:00,ok,0
oecd_bond_yield,pl,nation,2021-10,2.63,percent,oecd_activity,2021-10-31,,2026-09-26T14:19:03+00:00,ok,0
oecd_bond_yield,pl,nation,2021-11,3.12,percent,oecd_activity,2021-11-30,,2026-09-26T14:19:03+00:00,ok,0
oecd_bond_yield,pl,nation,2021-12,3.33,percent,oecd_activity,2021-12-31,,2026-09-26T14:19:03+00:00,ok,0
oecd_bond_yield,pl,nation,2022-01,4,percent,oecd_activity,2022-01-31,,2026-09-26T14:19:03+00:00,ok,0
oecd_bond_yield,pl,nation,2022-02,3.95,percent,oecd_activity,2022-02-28,,2026-09-26T14:19:03+00:00,ok,0
oecd_bond_yield,pl,nation,2022-03,4.83,percent,oecd_activity,2022-03-31,,2026-09-26T14:19:03+00:00,ok,0
oecd_bond_yield,pl,nation,2022-04,5.96,percent,oecd_activity,2022-04-30,,2026-09-26T14:19:03+00:00,ok,0
oecd_bond_yield,pl,nation,2022-05,6.64,percent,oecd_activity,2022-05-31,,2026-09-26T14:19:03+00:00,ok,0
oecd_bond_yield,pl,nation,2022-06,7.14,percent,oecd_activity,2022-06-30,,2026-09-26T14:19:03+00:00,ok,0
oecd_bond_yield,pl,nation,2022-07,6.37,percent,oecd_activity,2022-07-31,,2026-09-26T14:19:03+00:00,ok,0
oecd_bond_yield,pl,nation,2022-08,5.8,percent,oecd_activity,2022-08-31,,2026-09-26T14:19:03+00:00,ok,0
oecd_bond_yield,pl,nation,2022-09,6.28,percent,oecd_activity,2022-09-30,,2026-09-26T14:19:03+00:00,ok,0
oecd_bond_yield,pl,nation,2022-10,7.82,percent,oecd_activity,2022-10-31,,2026-09-26T14:19:03+00:00,ok,0
oecd_bond_yield,pl,nation,2022-11,7.24,percent,oecd_activity,2022-11-30,,2026-09-26T14:19:03+00:00,ok,0
oecd_bond_yield,pl,nation,2022-12,6.61,percent,oecd_activity,2022-12-31,,2026-09-26T14:19:03+00:00,ok,0
oecd_bond_yield,pl,nation,2023-01,6.02,percent,oecd_activity,2023-01-31,,2026-09-26T14:19:03+00:00,ok,0
oecd_bond_yield,pl,nation,2023-02,6.18,percent,oecd_activity,2023-02-28,,2026-09-26T14:19:03+00:00,ok,0
oecd_bond_yield,pl,nation,2023-03,6.14,percent,oecd_activity,2023-03-31,,2026-09-26T14:19:03+00:00,ok,0
oecd_bond_yield,pl,nation,2023-04,6.07,percent,oecd_activity,2023-04-30,,2026-09-26T14:19:03+00:00,ok,0
oecd_bond_yield,pl,nation,2023-05,5.93,percent,oecd_activity,2023-05-31,,2026-09-26T14:19:03+00:00,ok,0
oecd_bond_yield,pl,nation,2023-06,5.91,percent,oecd_activity,2023-06-30,,2026-09-26T14:19:03+00:00,ok,0
oecd_bond_yield,pl,nation,2023-07,5.56,percent,oecd_activity,2023-07-31,,2026-09-26T14:19:03+00:00,ok,0
oecd_bond_yield,pl,nation,2023-08,5.59,percent,oecd_activity,2023-08-31,,2026-09-26T14:19:03+00:00,ok,0
oecd_bond_yield,pl,nation,2023-09,5.68,percent,oecd_activity,2023-09-30,,2026-09-26T14:19:03+00:00,ok,0
oecd_bond_yield,pl,nation,2023-10,5.84,percent,oecd_activity,2023-10-31,,2026-09-26T14:19:03+00:00,ok,0
oecd_bond_yield,pl,nation,2023-11,5.54,percent,oecd_activity,2023-11-30,,2026-09-26T14:19:03+00:00,ok,0
oecd_bond_yield,pl,nation,2023-12,5.21,percent,oecd_activity,2023-12-31,,2026-09-26T14:19:03+00:00,ok,0
oecd_bond_yield,pl,nation,2024-01,5.24,percent,oecd_activity,2024-01-31,,2026-09-26T14:19:03+00:00,ok,0
oecd_bond_yield,pl,nation,2024-02,5.36,percent,oecd_activity,2024-02-29,,2026-09-26T14:19:03+00:00,ok,0
oecd_bond_yield,pl,nation,2024-03,5.4,percent,oecd_activity,2024-03-31,,2026-09-26T14:19:03+00:00,ok,0
oecd_bond_yield,pl,nation,2024-04,5.67,percent,oecd_activity,2024-04-30,,2026-09-26T14:19:03+00:00,ok,0
oecd_bond_yield,pl,nation,2024-05,5.67,percent,oecd_activity,2024-05-31,,2026-09-26T14:19:03+00:00,ok,0
oecd_bond_yield,pl,nation,2024-06,5.73,percent,oecd_activity,2024-06-30,,2026-09-26T14:19:03+00:00,ok,0
oecd_bond_yield,pl,nation,2024-07,5.65,percent,oecd_activity,2024-07-31,,2026-09-26T14:19:03+00:00,ok,0
oecd_bond_yield,pl,nation,2024-08,5.28,percent,oecd_activity,2024-08-31,,2026-09-26T14:19:03+00:00,ok,0
oecd_bond_yield,pl,nation,2024-09,5.31,percent,oecd_activity,2024-09-30,,2026-09-26T14:19:03+00:00,ok,0
oecd_bond_yield,pl,nation,2024-10,5.6,percent,oecd_activity,2024-10-31,,2026-09-26T14:19:03+00:00,ok,0
oecd_bond_yield,pl,nation,2024-11,5.66,percent,oecd_activity,2024-11-30,,2026-09-26T14:19:03+00:00,ok,0
oecd_bond_yield,pl,nation,2024-12,5.73,percent,oecd_activity,2024-12-31,,2026-09-26T14:19:03+00:00,ok,0
oecd_bond_yield,pl,nation,2025-01,5.94,percent,oecd_activity,2025-01-31,,2026-09-26T14:19:03+00:00,ok,0
oecd_bond_yield,pl,nation,2025-02,5.83,percent,oecd_activity,2025-02-28,,2026-09-26T14:19:03+00:00,ok,0
oecd_bond_yield,pl,nation,2025-03,5.86,percent,oecd_activity,2025-03-31,,2026-09-26T14:19:03+00:00,ok,0
oecd_bond_yield,pl,nation,2025-04,5.3,percent,oecd_activity,2025-04-30,,2026-09-26T14:19:03+00:00,ok,0
oecd_bond_yield,pl,nation,2025-05,5.41,percent,oecd_activity,2025-05-31,,2026-09-26T14:19:03+00:00,ok,0
oecd_bond_yield,pl,nation,2025-06,5.53,percent,oecd_activity,2025-06-30,,2026-09-26T14:19:03+00:00,ok,0
oecd_bond_yield,pl,nation,2025-07,5.34,percent,oecd_activity,2025-07-31,,2026-09-26T14:19:03+00:00,ok,0
oecd_bond_yield,pl,nation,2025-08,5.4,percent,oecd_activity,2025-08-31,,2026-09-26T14:19:03+00:00,ok,0
oecd_bond_yield,pl,nation,2025-09,5.47,percent,oecd_activity,2025-09-30,,2026-09-26T14:19:03+00:00,ok,0
oecd_bond_yield,pl,nation,2025-10,5.4,percent,oecd_activity,2025-10-31,,2026-09-26T14:19:03+00:00,ok,0
oecd_bond_yield,pl,nation,2025-11,5.28,percent,oecd_activity,2025-11-30,,2026-09-26T14:19:03+00:00,ok,0
oecd_bond_yield,pl,nation,2025-12,5.21,percent,oecd_activity,2025-12-31,,2026-09-26T14:19:03+00:00,ok,0
oecd_bond_yield,pl,nation,2026-01,5.1,percent,oecd_activity,2026-01-31,,2026-09-26T14:19:03+00:00,ok,0
oecd_bond_yield,pl,nation,2026-02,4.99,percent,oecd_activity,2026-02-28,,2026-09-26T14:19:03+00:00,ok,0
oecd_bond_yield,pl,nation,2026-03,5.58,percent,oecd_activity,2026-03-31,,2026-09-26T14:19:03+00:00,ok,0
oecd_bond_yield,pl,nation,2026-04,5.58,percent,oecd_activity,2026-04-30,,2026-09-26T14:19:03+00:00,ok,0
oecd_bond_yield,pl,nation,2026-05,5.74,percent,oecd_activity,2026-05-31,,2026-09-26T14:19:03+00:00,ok,0
oecd_bond_yield,pl,nation,2026-06,5.51,percent,oecd_activity,2026-06-30,,2026-09-26T14:19:03+00:00,ok,0
oecd_bond_yield,pl,nation,2026-07,5.5,percent,oecd_activity,2026-07-31,,2026-09-26T14:19:03+00:00,ok,0
oecd_bond_yield,pl,nation,2026-08,5.81,percent,oecd_activity,2026-08-31,,2026-09-26T14:19:03+00:00,ok,0
oecd_bond_yield,pt,nation,2015-01,2.49,percent,oecd_activity,2015-01-31,,2026-09-26T14:19:03+00:00,ok,0
oecd_bond_yield,pt,nation,2015-02,2.32,percent,oecd_activity,2015-02-28,,2026-09-26T14:19:03+00:00,ok,0
oecd_bond_yield,pt,nation,2015-03,1.74,percent,oecd_activity,2015-03-31,,2026-09-26T14:19:03+00:00,ok,0
oecd_bond_yield,pt,nation,2015-04,1.87,percent,oecd_activity,2015-04-30,,2026-09-26T14:19:03+00:00,ok,0
oecd_bond_yield,pt,nation,2015-05,2.41,percent,oecd_activity,2015-05-31,,2026-09-26T14:19:03+00:00,ok,0
oecd_bond_yield,pt,nation,2015-06,2.93,percent,oecd_activity,2015-06-30,,2026-09-26T14:19:03+00:00,ok,0
oecd_bond_yield,pt,nation,2015-07,2.74,percent,oecd_activity,2015-07-31,,2026-09-26T14:19:03+00:00,ok,0
oecd_bond_yield,pt,nation,2015-08,2.52,percent,oecd_activity,2015-08-31,,2026-09-26T14:19:03+00:00,ok,0
oecd_bond_yield,pt,nation,2015-09,2.59,percent,oecd_activity,2015-09-30,,2026-09-26T14:19:03+00:00,ok,0
oecd_bond_yield,pt,nation,2015-10,2.41,percent,oecd_activity,2015-10-31,,2026-09-26T14:19:03+00:00,ok,0
oecd_bond_yield,pt,nation,2015-11,2.57,percent,oecd_activity,2015-11-30,,2026-09-26T14:19:03+00:00,ok,0
oecd_bond_yield,pt,nation,2015-12,2.49,percent,oecd_activity,2015-12-31,,2026-09-26T14:19:03+00:00,ok,0
oecd_bond_yield,pt,nation,2016-01,2.71,percent,oecd_activity,2016-01-31,,2026-09-26T14:19:03+00:00,ok,0
oecd_bond_yield,pt,nation,2016-02,3.23,percent,oecd_activity,2016-02-29,,2026-09-26T14:19:03+00:00,ok,0
oecd_bond_yield,pt,nation,2016-03,2.84,percent,oecd_activity,2016-03-31,,2026-09-26T14:19:03+00:00,ok,0
oecd_bond_yield,pt,nation,2016-04,3.13,percent,oecd_activity,2016-04-30,,2026-09-26T14:19:03+00:00,ok,0
oecd_bond_yield,pt,nation,2016-05,3.15,percent,oecd_activity,2016-05-31,,2026-09-26T14:19:03+00:00,ok,0
oecd_bond_yield,pt,nation,2016-06,3.2,percent,oecd_activity,2016-06-30,,2026-09-26T14:19:03+00:00,ok,0
oecd_bond_yield,pt,nation,2016-07,3.06,percent,oecd_activity,2016-07-31,,2026-09-26T14:19:03+00:00,ok,0
oecd_bond_yield,pt,nation,2016-08,2.91,percent,oecd_activity,2016-08-31,,2026-09-26T14:19:03+00:00,ok,0
oecd_bond_yield,pt,nation,2016-09,3.26,percent,oecd_activity,2016-09-30,,2026-09-26T14:19:03+00:00,ok,0
oecd_bond_yield,pt,nation,2016-10,3.33,percent,oecd_activity,2016-10-31,,2026-09-26T14:19:03+00:00,ok,0
oecd_bond_yield,pt,nation,2016-11,3.51,percent,oecd_activity,2016-11-30,,2026-09-26T14:19:03+00:00,ok,0
oecd_bond_yield,pt,nation,2016-12,3.74,percent,oecd_activity,2016-12-31,,2026-09-26T14:19:03+00:00,ok,0
oecd_bond_yield,pt,nation,2017-01,3.95,percent,oecd_activity,2017-01-31,,2026-09-26T14:19:03+00:00,ok,0
oecd_bond_yield,pt,nation,2017-02,4.04,percent,oecd_activity,2017-02-28,,2026-09-26T14:19:03+00:00,ok,0
oecd_bond_yield,pt,nation,2017-03,3.99,percent,oecd_activity,2017-03-31,,2026-09-26T14:19:03+00:00,ok,0
oecd_bond_yield,pt,nation,2017-04,3.77,percent,oecd_activity,2017-04-30,,2026-09-26T14:19:03+00:00,ok,0
oecd_bond_yield,pt,nation,2017-05,3.29,percent,oecd_activity,2017-05-31,,2026-09-26T14:19:03+00:00,ok,0
oecd_bond_yield,pt,nation,2017-06,2.97,percent,oecd_activity,2017-06-30,,2026-09-26T14:19:03+00:00,ok,0
oecd_bond_yield,pt,nation,2017-07,3.03,percent,oecd_activity,2017-07-31,,2026-09-26T14:19:03+00:00,ok,0
oecd_bond_yield,pt,nation,2017-08,2.83,percent,oecd_activity,2017-08-31,,2026-09-26T14:19:03+00:00,ok,0
oecd_bond_yield,pt,nation,2017-09,2.63,percent,oecd_activity,2017-09-30,,2026-09-26T14:19:03+00:00,ok,0
oecd_bond_yield,pt,nation,2017-10,2.32,percent,oecd_activity,2017-10-31,,2026-09-26T14:19:03+00:00,ok,0
oecd_bond_yield,pt,nation,2017-11,1.98,percent,oecd_activity,2017-11-30,,2026-09-26T14:19:03+00:00,ok,0
oecd_bond_yield,pt,nation,2017-12,1.83,percent,oecd_activity,2017-12-31,,2026-09-26T14:19:03+00:00,ok,0
oecd_bond_yield,pt,nation,2018-01,1.85,percent,oecd_activity,2018-01-31,,2026-09-26T14:19:03+00:00,ok,0
oecd_bond_yield,pt,nation,2018-02,2.03,percent,oecd_activity,2018-02-28,,2026-09-26T14:19:03+00:00,ok,0
oecd_bond_yield,pt,nation,2018-03,1.79,percent,oecd_activity,2018-03-31,,2026-09-26T14:19:03+00:00,ok,0
oecd_bond_yield,pt,nation,2018-04,1.66,percent,oecd_activity,2018-04-30,,2026-09-26T14:19:03+00:00,ok,0
oecd_bond_yield,pt,nation,2018-05,1.84,percent,oecd_activity,2018-05-31,,2026-09-26T14:19:03+00:00,ok,0
oecd_bond_yield,pt,nation,2018-06,1.87,percent,oecd_activity,2018-06-30,,2026-09-26T14:19:03+00:00,ok,0
oecd_bond_yield,pt,nation,2018-07,1.76,percent,oecd_activity,2018-07-31,,2026-09-26T14:19:03+00:00,ok,0
oecd_bond_yield,pt,nation,2018-08,1.82,percent,oecd_activity,2018-08-31,,2026-09-26T14:19:03+00:00,ok,0
oecd_bond_yield,pt,nation,2018-09,1.88,percent,oecd_activity,2018-09-30,,2026-09-26T14:19:03+00:00,ok,0
oecd_bond_yield,pt,nation,2018-10,1.96,percent,oecd_activity,2018-10-31,,2026-09-26T14:19:03+00:00,ok,0
oecd_bond_yield,pt,nation,2018-11,1.91,percent,oecd_activity,2018-11-30,,2026-09-26T14:19:03+00:00,ok,0
oecd_bond_yield,pt,nation,2018-12,1.71,percent,oecd_activity,2018-12-31,,2026-09-26T14:19:03+00:00,ok,0
oecd_bond_yield,pt,nation,2019-01,1.67,percent,oecd_activity,2019-01-31,,2026-09-26T14:19:03+00:00,ok,0
oecd_bond_yield,pt,nation,2019-02,1.55,percent,oecd_activity,2019-02-28,,2026-09-26T14:19:03+00:00,ok,0
oecd_bond_yield,pt,nation,2019-03,1.32,percent,oecd_activity,2019-03-31,,2026-09-26T14:19:03+00:00,ok,0
oecd_bond_yield,pt,nation,2019-04,1.18,percent,oecd_activity,2019-04-30,,2026-09-26T14:19:03+00:00,ok,0
oecd_bond_yield,pt,nation,2019-05,1.02,percent,oecd_activity,2019-05-31,,2026-09-26T14:19:03+00:00,ok,0
oecd_bond_yield,pt,nation,2019-06,0.59,percent,oecd_activity,2019-06-30,,2026-09-26T14:19:03+00:00,ok,0
oecd_bond_yield,pt,nation,2019-07,0.44,percent,oecd_activity,2019-07-31,,2026-09-26T14:19:03+00:00,ok,0
oecd_bond_yield,pt,nation,2019-08,0.17,percent,oecd_activity,2019-08-31,,2026-09-26T14:19:03+00:00,ok,0
oecd_bond_yield,pt,nation,2019-09,0.2,percent,oecd_activity,2019-09-30,,2026-09-26T14:19:03+00:00,ok,0
oecd_bond_yield,pt,nation,2019-10,0.19,percent,oecd_activity,2019-10-31,,2026-09-26T14:19:03+00:00,ok,0
oecd_bond_yield,pt,nation,2019-11,0.35,percent,oecd_activity,2019-11-30,,2026-09-26T14:19:03+00:00,ok,0
oecd_bond_yield,pt,nation,2019-12,0.41,percent,oecd_activity,2019-12-31,,2026-09-26T14:19:03+00:00,ok,0
oecd_bond_yield,pt,nation,2020-01,0.37,percent,oecd_activity,2020-01-31,,2026-09-26T14:19:03+00:00,ok,0
oecd_bond_yield,pt,nation,2020-02,0.25,percent,oecd_activity,2020-02-29,,2026-09-26T14:19:03+00:00,ok,0
oecd_bond_yield,pt,nation,2020-03,0.71,percent,oecd_activity,2020-03-31,,2026-09-26T14:19:03+00:00,ok,0
oecd_bond_yield,pt,nation,2020-04,0.97,percent,oecd_activity,2020-04-30,,2026-09-26T14:19:03+00:00,ok,0
oecd_bond_yield,pt,nation,2020-05,0.81,percent,oecd_activity,2020-05-31,,2026-09-26T14:19:03+00:00,ok,0
oecd_bond_yield,pt,nation,2020-06,0.53,percent,oecd_activity,2020-06-30,,2026-09-26T14:19:03+00:00,ok,0
oecd_bond_yield,pt,nation,2020-07,0.4,percent,oecd_activity,2020-07-31,,2026-09-26T14:19:03+00:00,ok,0
oecd_bond_yield,pt,nation,2020-08,0.36,percent,oecd_activity,2020-08-31,,2026-09-26T14:19:03+00:00,ok,0
oecd_bond_yield,pt,nation,2020-09,0.32,percent,oecd_activity,2020-09-30,,2026-09-26T14:19:03+00:00,ok,0
oecd_bond_yield,pt,nation,2020-10,0.18,percent,oecd_activity,2020-10-31,,2026-09-26T14:19:03+00:00,ok,0
oecd_bond_yield,pt,nation,2020-11,0.07,percent,oecd_activity,2020-11-30,,2026-09-26T14:19:03+00:00,ok,0
oecd_bond_yield,pt,nation,2020-12,0.03,percent,oecd_activity,2020-12-31,,2026-09-26T14:19:03+00:00,ok,0
oecd_bond_yield,pt,nation,2021-01,0.03,percent,oecd_activity,2021-01-31,,2026-09-26T14:19:03+00:00,ok,0
oecd_bond_yield,pt,nation,2021-02,0.16,percent,oecd_activity,2021-02-28,,2026-09-26T14:19:03+00:00,ok,0
oecd_bond_yield,pt,nation,2021-03,0.23,percent,oecd_activity,2021-03-31,,2026-09-26T14:19:03+00:00,ok,0
oecd_bond_yield,pt,nation,2021-04,0.35,percent,oecd_activity,2021-04-30,,2026-09-26T14:19:03+00:00,ok,0
oecd_bond_yield,pt,nation,2021-05,0.53,percent,oecd_activity,2021-05-31,,2026-09-26T14:19:03+00:00,ok,0
oecd_bond_yield,pt,nation,2021-06,0.43,percent,oecd_activity,2021-06-30,,2026-09-26T14:19:03+00:00,ok,0
oecd_bond_yield,pt,nation,2021-07,0.27,percent,oecd_activity,2021-07-31,,2026-09-26T14:19:03+00:00,ok,0
oecd_bond_yield,pt,nation,2021-08,0.14,percent,oecd_activity,2021-08-31,,2026-09-26T14:19:03+00:00,ok,0
oecd_bond_yield,pt,nation,2021-09,0.26,percent,oecd_activity,2021-09-30,,2026-09-26T14:19:03+00:00,ok,0
oecd_bond_yield,pt,nation,2021-10,0.39,percent,oecd_activity,2021-10-31,,2026-09-26T14:19:03+00:00,ok,0
oecd_bond_yield,pt,nation,2021-11,0.39,percent,oecd_activity,2021-11-30,,2026-09-26T14:19:03+00:00,ok,0
oecd_bond_yield,pt,nation,2021-12,0.36,percent,oecd_activity,2021-12-31,,2026-09-26T14:19:03+00:00,ok,0
oecd_bond_yield,pt,nation,2022-01,0.58,percent,oecd_activity,2022-01-31,,2026-09-26T14:19:03+00:00,ok,0
oecd_bond_yield,pt,nation,2022-02,1.06,percent,oecd_activity,2022-02-28,,2026-09-26T14:19:03+00:00,ok,0
oecd_bond_yield,pt,nation,2022-03,1.16,percent,oecd_activity,2022-03-31,,2026-09-26T14:19:03+00:00,ok,0
oecd_bond_yield,pt,nation,2022-04,1.76,percent,oecd_activity,2022-04-30,,2026-09-26T14:19:03+00:00,ok,0
oecd_bond_yield,pt,nation,2022-05,2.14,percent,oecd_activity,2022-05-31,,2026-09-26T14:19:03+00:00,ok,0
oecd_bond_yield,pt,nation,2022-06,2.65,percent,oecd_activity,2022-06-30,,2026-09-26T14:19:03+00:00,ok,0
oecd_bond_yield,pt,nation,2022-07,2.26,percent,oecd_activity,2022-07-31,,2026-09-26T14:19:03+00:00,ok,0
oecd_bond_yield,pt,nation,2022-08,2.16,percent,oecd_activity,2022-08-31,,2026-09-26T14:19:03+00:00,ok,0
oecd_bond_yield,pt,nation,2022-09,2.89,percent,oecd_activity,2022-09-30,,2026-09-26T14:19:03+00:00,ok,0
oecd_bond_yield,pt,nation,2022-10,3.26,percent,oecd_activity,2022-10-31,,2026-09-26T14:19:03+00:00,ok,0
oecd_bond_yield,pt,nation,2022-11,3.02,percent,oecd_activity,2022-11-30,,2026-09-26T14:19:03+00:00,ok,0
oecd_bond_yield,pt,nation,2022-12,3.1,percent,oecd_activity,2022-12-31,,2026-09-26T14:19:03+00:00,ok,0
oecd_bond_yield,pt,nation,2023-01,3.13,percent,oecd_activity,2023-01-31,,2026-09-26T14:19:03+00:00,ok,0
oecd_bond_yield,pt,nation,2023-02,3.27,percent,oecd_activity,2023-02-28,,2026-09-26T14:19:03+00:00,ok,0
oecd_bond_yield,pt,nation,2023-03,3.27,percent,oecd_activity,2023-03-31,,2026-09-26T14:19:03+00:00,ok,0
oecd_bond_yield,pt,nation,2023-04,3.2,percent,oecd_activity,2023-04-30,,2026-09-26T14:19:03+00:00,ok,0
oecd_bond_yield,pt,nation,2023-05,3.16,percent,oecd_activity,2023-05-31,,2026-09-26T14:19:03+00:00,ok,0
oecd_bond_yield,pt,nation,2023-06,3.09,percent,oecd_activity,2023-06-30,,2026-09-26T14:19:03+00:00,ok,0
oecd_bond_yield,pt,nation,2023-07,3.23,percent,oecd_activity,2023-07-31,,2026-09-26T14:19:03+00:00,ok,0
oecd_bond_yield,pt,nation,2023-08,3.31,percent,oecd_activity,2023-08-31,,2026-09-26T14:19:03+00:00,ok,0
oecd_bond_yield,pt,nation,2023-09,3.45,percent,oecd_activity,2023-09-30,,2026-09-26T14:19:03+00:00,ok,0
oecd_bond_yield,pt,nation,2023-10,3.59,percent,oecd_activity,2023-10-31,,2026-09-26T14:19:03+00:00,ok,0
oecd_bond_yield,pt,nation,2023-11,3.3,percent,oecd_activity,2023-11-30,,2026-09-26T14:19:03+00:00,ok,0
oecd_bond_yield,pt,nation,2023-12,2.85,percent,oecd_activity,2023-12-31,,2026-09-26T14:19:03+00:00,ok,0
oecd_bond_yield,pt,nation,2024-01,2.97,percent,oecd_activity,2024-01-31,,2026-09-26T14:19:03+00:00,ok,0
oecd_bond_yield,pt,nation,2024-02,3.06,percent,oecd_activity,2024-02-29,,2026-09-26T14:19:03+00:00,ok,0
oecd_bond_yield,pt,nation,2024-03,3.02,percent,oecd_activity,2024-03-31,,2026-09-26T14:19:03+00:00,ok,0
oecd_bond_yield,pt,nation,2024-04,3.13,percent,oecd_activity,2024-04-30,,2026-09-26T14:19:03+00:00,ok,0
oecd_bond_yield,pt,nation,2024-05,3.16,percent,oecd_activity,2024-05-31,,2026-09-26T14:19:03+00:00,ok,0
oecd_bond_yield,pt,nation,2024-06,3.19,percent,oecd_activity,2024-06-30,,2026-09-26T14:19:03+00:00,ok,0
oecd_bond_yield,pt,nation,2024-07,3.1,percent,oecd_activity,2024-07-31,,2026-09-26T14:19:03+00:00,ok,0
oecd_bond_yield,pt,nation,2024-08,2.88,percent,oecd_activity,2024-08-31,,2026-09-26T14:19:03+00:00,ok,0
oecd_bond_yield,pt,nation,2024-09,2.78,percent,oecd_activity,2024-09-30,,2026-09-26T14:19:03+00:00,ok,0
oecd_bond_yield,pt,nation,2024-10,2.73,percent,oecd_activity,2024-10-31,,2026-09-26T14:19:03+00:00,ok,0
oecd_bond_yield,pt,nation,2024-11,2.79,percent,oecd_activity,2024-11-30,,2026-09-26T14:19:03+00:00,ok,0
oecd_bond_yield,pt,nation,2024-12,2.68,percent,oecd_activity,2024-12-31,,2026-09-26T14:19:03+00:00,ok,0
oecd_bond_yield,pt,nation,2025-01,2.96,percent,oecd_activity,2025-01-31,,2026-09-26T14:19:03+00:00,ok,0
oecd_bond_yield,pt,nation,2025-02,2.95,percent,oecd_activity,2025-02-28,,2026-09-26T14:19:03+00:00,ok,0
oecd_bond_yield,pt,nation,2025-03,3.29,percent,oecd_activity,2025-03-31,,2026-09-26T14:19:03+00:00,ok,0
oecd_bond_yield,pt,nation,2025-04,3.11,percent,oecd_activity,2025-04-30,,2026-09-26T14:19:03+00:00,ok,0
oecd_bond_yield,pt,nation,2025-05,3.08,percent,oecd_activity,2025-05-31,,2026-09-26T14:19:03+00:00,ok,0
oecd_bond_yield,pt,nation,2025-06,3.02,percent,oecd_activity,2025-06-30,,2026-09-26T14:19:03+00:00,ok,0
oecd_bond_yield,pt,nation,2025-07,3.1,percent,oecd_activity,2025-07-31,,2026-09-26T14:19:03+00:00,ok,0
oecd_bond_yield,pt,nation,2025-08,3.12,percent,oecd_activity,2025-08-31,,2026-09-26T14:19:03+00:00,ok,0
oecd_bond_yield,pt,nation,2025-09,3.13,percent,oecd_activity,2025-09-30,,2026-09-26T14:19:03+00:00,ok,0
oecd_bond_yield,pt,nation,2025-10,3.02,percent,oecd_activity,2025-10-31,,2026-09-26T14:19:03+00:00,ok,0
oecd_bond_yield,pt,nation,2025-11,3.02,percent,oecd_activity,2025-11-30,,2026-09-26T14:19:03+00:00,ok,0
oecd_bond_yield,pt,nation,2025-12,3.14,percent,oecd_activity,2025-12-31,,2026-09-26T14:19:03+00:00,ok,0
oecd_bond_yield,pt,nation,2026-01,3.19,percent,oecd_activity,2026-01-31,,2026-09-26T14:19:03+00:00,ok,0
oecd_bond_yield,pt,nation,2026-02,3.13,percent,oecd_activity,2026-02-28,,2026-09-26T14:19:03+00:00,ok,0
oecd_bond_yield,pt,nation,2026-03,3.37,percent,oecd_activity,2026-03-31,,2026-09-26T14:19:03+00:00,ok,0
oecd_bond_yield,pt,nation,2026-04,3.43,percent,oecd_activity,2026-04-30,,2026-09-26T14:19:03+00:00,ok,0
oecd_bond_yield,pt,nation,2026-05,3.42,percent,oecd_activity,2026-05-31,,2026-09-26T14:19:03+00:00,ok,0
oecd_bond_yield,pt,nation,2026-06,3.33,percent,oecd_activity,2026-06-30,,2026-09-26T14:19:03+00:00,ok,0
oecd_bond_yield,pt,nation,2026-07,3.44,percent,oecd_activity,2026-07-31,,2026-09-26T14:19:03+00:00,ok,0
oecd_bond_yield,ru,nation,2015-01,10.37,percent,oecd_activity,2015-01-31,,2026-09-26T14:19:03+00:00,ok,0
oecd_bond_yield,ru,nation,2015-02,10.51,percent,oecd_activity,2015-02-28,,2026-09-26T14:19:03+00:00,ok,0
oecd_bond_yield,ru,nation,2015-03,10.7,percent,oecd_activity,2015-03-31,,2026-09-26T14:19:03+00:00,ok,0
oecd_bond_yield,ru,nation,2015-04,10,percent,oecd_activity,2015-04-30,,2026-09-26T14:19:03+00:00,ok,0
oecd_bond_yield,ru,nation,2015-05,9.61,percent,oecd_activity,2015-05-31,,2026-09-26T14:19:03+00:00,ok,0
oecd_bond_yield,ru,nation,2015-06,9.13,percent,oecd_activity,2015-06-30,,2026-09-26T14:19:03+00:00,ok,0
oecd_bond_yield,ru,nation,2015-07,9.19,percent,oecd_activity,2015-07-31,,2026-09-26T14:19:03+00:00,ok,0
oecd_bond_yield,ru,nation,2015-08,12.16,percent,oecd_activity,2015-08-31,,2026-09-26T14:19:03+00:00,ok,0
oecd_bond_yield,ru,nation,2015-09,12.64,percent,oecd_activity,2015-09-30,,2026-09-26T14:19:03+00:00,ok,0
oecd_bond_yield,ru,nation,2015-10,12.27,percent,oecd_activity,2015-10-31,,2026-09-26T14:19:03+00:00,ok,0
oecd_bond_yield,ru,nation,2015-11,12.24,percent,oecd_activity,2015-11-30,,2026-09-26T14:19:03+00:00,ok,0
oecd_bond_yield,ru,nation,2015-12,11.82,percent,oecd_activity,2015-12-31,,2026-09-26T14:19:03+00:00,ok,0
oecd_bond_yield,ru,nation,2016-01,11.56,percent,oecd_activity,2016-01-31,,2026-09-26T14:19:03+00:00,ok,0
oecd_bond_yield,ru,nation,2016-02,11.25,percent,oecd_activity,2016-02-29,,2026-09-26T14:19:03+00:00,ok,0
oecd_bond_yield,ru,nation,2016-03,10.65,percent,oecd_activity,2016-03-31,,2026-09-26T14:19:03+00:00,ok,0
oecd_bond_yield,ru,nation,2016-04,10.61,percent,oecd_activity,2016-04-30,,2026-09-26T14:19:03+00:00,ok,0
oecd_bond_yield,ru,nation,2016-05,10.49,percent,oecd_activity,2016-05-31,,2026-09-26T14:19:03+00:00,ok,0
oecd_bond_yield,ru,nation,2016-06,10.3,percent,oecd_activity,2016-06-30,,2026-09-26T14:19:03+00:00,ok,0
oecd_bond_yield,ru,nation,2016-07,10.13,percent,oecd_activity,2016-07-31,,2026-09-26T14:19:03+00:00,ok,0
oecd_bond_yield,ru,nation,2016-08,10.12,percent,oecd_activity,2016-08-31,,2026-09-26T14:19:03+00:00,ok,0
oecd_bond_yield,ru,nation,2016-09,10.01,percent,oecd_activity,2016-09-30,,2026-09-26T14:19:03+00:00,ok,0
oecd_bond_yield,ru,nation,2016-10,10.08,percent,oecd_activity,2016-10-31,,2026-09-26T14:19:03+00:00,ok,0
oecd_bond_yield,ru,nation,2016-11,10.11,percent,oecd_activity,2016-11-30,,2026-09-26T14:19:03+00:00,ok,0
oecd_bond_yield,ru,nation,2016-12,9.95,percent,oecd_activity,2016-12-31,,2026-09-26T14:19:03+00:00,ok,0
oecd_bond_yield,ru,nation,2017-01,9.62,percent,oecd_activity,2017-01-31,,2026-09-26T14:19:03+00:00,ok,0
oecd_bond_yield,ru,nation,2017-02,9.77,percent,oecd_activity,2017-02-28,,2026-09-26T14:19:03+00:00,ok,0
oecd_bond_yield,ru,nation,2017-03,9.56,percent,oecd_activity,2017-03-31,,2026-09-26T14:19:03+00:00,ok,0
oecd_bond_yield,ru,nation,2017-04,9.33,percent,oecd_activity,2017-04-30,,2026-09-26T14:19:03+00:00,ok,0
oecd_bond_yield,ru,nation,2017-05,9.09,percent,oecd_activity,2017-05-31,,2026-09-26T14:19:03+00:00,ok,0
oecd_bond_yield,ru,nation,2017-06,8.99,percent,oecd_activity,2017-06-30,,2026-09-26T14:19:03+00:00,ok,0
oecd_bond_yield,ru,nation,2017-07,8.84,percent,oecd_activity,2017-07-31,,2026-09-26T14:19:03+00:00,ok,0
oecd_bond_yield,ru,nation,2017-08,8.74,percent,oecd_activity,2017-08-31,,2026-09-26T14:19:03+00:00,ok,0
oecd_bond_yield,ru,nation,2017-09,8.65,percent,oecd_activity,2017-09-30,,2026-09-26T14:19:03+00:00,ok,0
oecd_bond_yield,ru,nation,2017-10,8.59,percent,oecd_activity,2017-10-31,,2026-09-26T14:19:03+00:00,ok,0
oecd_bond_yield,ru,nation,2017-11,8.48,percent,oecd_activity,2017-11-30,,2026-09-26T14:19:03+00:00,ok,0
oecd_bond_yield,ru,nation,2017-12,8.25,percent,oecd_activity,2017-12-31,,2026-09-26T14:19:03+00:00,ok,0
oecd_bond_yield,ru,nation,2018-01,7.98,percent,oecd_activity,2018-01-31,,2026-09-26T14:19:03+00:00,ok,0
oecd_bond_yield,ru,nation,2018-02,7.85,percent,oecd_activity,2018-02-28,,2026-09-26T14:19:03+00:00,ok,0
oecd_bond_yield,ru,nation,2018-03,7.79,percent,oecd_activity,2018-03-31,,2026-09-26T14:19:03+00:00,ok,0
oecd_bond_yield,ru,nation,2018-04,7.81,percent,oecd_activity,2018-04-30,,2026-09-26T14:19:03+00:00,ok,0
oecd_bond_yield,ru,nation,2018-05,7.67,percent,oecd_activity,2018-05-31,,2026-09-26T14:19:03+00:00,ok,0
oecd_bond_yield,ru,nation,2018-06,7.62,percent,oecd_activity,2018-06-30,,2026-09-26T14:19:03+00:00,ok,0
oecd_bond_yield,se,nation,2015-01,0.78,percent,oecd_activity,2015-01-31,,2026-09-26T14:19:03+00:00,ok,0
oecd_bond_yield,se,nation,2015-02,0.62,percent,oecd_activity,2015-02-28,,2026-09-26T14:19:03+00:00,ok,0
oecd_bond_yield,se,nation,2015-03,0.58,percent,oecd_activity,2015-03-31,,2026-09-26T14:19:03+00:00,ok,0
oecd_bond_yield,se,nation,2015-04,0.34,percent,oecd_activity,2015-04-30,,2026-09-26T14:19:03+00:00,ok,0
oecd_bond_yield,se,nation,2015-05,0.75,percent,oecd_activity,2015-05-31,,2026-09-26T14:19:03+00:00,ok,0
oecd_bond_yield,se,nation,2015-06,0.99,percent,oecd_activity,2015-06-30,,2026-09-26T14:19:03+00:00,ok,0
oecd_bond_yield,se,nation,2015-07,0.81,percent,oecd_activity,2015-07-31,,2026-09-26T14:19:03+00:00,ok,0
oecd_bond_yield,se,nation,2015-08,0.66,percent,oecd_activity,2015-08-31,,2026-09-26T14:19:03+00:00,ok,0
oecd_bond_yield,se,nation,2015-09,0.71,percent,oecd_activity,2015-09-30,,2026-09-26T14:19:03+00:00,ok,0
oecd_bond_yield,se,nation,2015-10,0.66,percent,oecd_activity,2015-10-31,,2026-09-26T14:19:03+00:00,ok,0
oecd_bond_yield,se,nation,2015-11,0.8,percent,oecd_activity,2015-11-30,,2026-09-26T14:19:03+00:00,ok,0
oecd_bond_yield,se,nation,2015-12,0.93,percent,oecd_activity,2015-12-31,,2026-09-26T14:19:03+00:00,ok,0
oecd_bond_yield,se,nation,2016-01,0.77,percent,oecd_activity,2016-01-31,,2026-09-26T14:19:03+00:00,ok,0
oecd_bond_yield,se,nation,2016-02,0.77,percent,oecd_activity,2016-02-29,,2026-09-26T14:19:03+00:00,ok,0
oecd_bond_yield,se,nation,2016-03,0.82,percent,oecd_activity,2016-03-31,,2026-09-26T14:19:03+00:00,ok,0
oecd_bond_yield,se,nation,2016-04,0.81,percent,oecd_activity,2016-04-30,,2026-09-26T14:19:03+00:00,ok,0
oecd_bond_yield,se,nation,2016-05,0.77,percent,oecd_activity,2016-05-31,,2026-09-26T14:19:03+00:00,ok,0
oecd_bond_yield,se,nation,2016-06,0.52,percent,oecd_activity,2016-06-30,,2026-09-26T14:19:03+00:00,ok,0
oecd_bond_yield,se,nation,2016-07,0.17,percent,oecd_activity,2016-07-31,,2026-09-26T14:19:03+00:00,ok,0
oecd_bond_yield,se,nation,2016-08,0.1,percent,oecd_activity,2016-08-31,,2026-09-26T14:19:03+00:00,ok,0
oecd_bond_yield,se,nation,2016-09,0.22,percent,oecd_activity,2016-09-30,,2026-09-26T14:19:03+00:00,ok,0
oecd_bond_yield,se,nation,2016-10,0.24,percent,oecd_activity,2016-10-31,,2026-09-26T14:19:03+00:00,ok,0
oecd_bond_yield,se,nation,2016-11,0.43,percent,oecd_activity,2016-11-30,,2026-09-26T14:19:03+00:00,ok,0
oecd_bond_yield,se,nation,2016-12,0.61,percent,oecd_activity,2016-12-31,,2026-09-26T14:19:03+00:00,ok,0
oecd_bond_yield,se,nation,2017-01,0.65,percent,oecd_activity,2017-01-31,,2026-09-26T14:19:03+00:00,ok,0
oecd_bond_yield,se,nation,2017-02,0.66,percent,oecd_activity,2017-02-28,,2026-09-26T14:19:03+00:00,ok,0
oecd_bond_yield,se,nation,2017-03,0.69,percent,oecd_activity,2017-03-31,,2026-09-26T14:19:03+00:00,ok,0
oecd_bond_yield,se,nation,2017-04,0.57,percent,oecd_activity,2017-04-30,,2026-09-26T14:19:03+00:00,ok,0
oecd_bond_yield,se,nation,2017-05,0.56,percent,oecd_activity,2017-05-31,,2026-09-26T14:19:03+00:00,ok,0
oecd_bond_yield,se,nation,2017-06,0.46,percent,oecd_activity,2017-06-30,,2026-09-26T14:19:03+00:00,ok,0
oecd_bond_yield,se,nation,2017-07,0.66,percent,oecd_activity,2017-07-31,,2026-09-26T14:19:03+00:00,ok,0
oecd_bond_yield,se,nation,2017-08,0.63,percent,oecd_activity,2017-08-31,,2026-09-26T14:19:03+00:00,ok,0
oecd_bond_yield,se,nation,2017-09,0.62,percent,oecd_activity,2017-09-30,,2026-09-26T14:19:03+00:00,ok,0
oecd_bond_yield,se,nation,2017-10,0.88,percent,oecd_activity,2017-10-31,,2026-09-26T14:19:03+00:00,ok,0
oecd_bond_yield,se,nation,2017-11,0.76,percent,oecd_activity,2017-11-30,,2026-09-26T14:19:03+00:00,ok,0
oecd_bond_yield,se,nation,2017-12,0.72,percent,oecd_activity,2017-12-31,,2026-09-26T14:19:03+00:00,ok,0
oecd_bond_yield,se,nation,2018-01,0.85,percent,oecd_activity,2018-01-31,,2026-09-26T14:19:03+00:00,ok,0
oecd_bond_yield,se,nation,2018-02,0.91,percent,oecd_activity,2018-02-28,,2026-09-26T14:19:03+00:00,ok,0
oecd_bond_yield,se,nation,2018-03,0.77,percent,oecd_activity,2018-03-31,,2026-09-26T14:19:03+00:00,ok,0
oecd_bond_yield,se,nation,2018-04,0.71,percent,oecd_activity,2018-04-30,,2026-09-26T14:19:03+00:00,ok,0
oecd_bond_yield,se,nation,2018-05,0.66,percent,oecd_activity,2018-05-31,,2026-09-26T14:19:03+00:00,ok,0
oecd_bond_yield,se,nation,2018-06,0.55,percent,oecd_activity,2018-06-30,,2026-09-26T14:19:03+00:00,ok,0
oecd_bond_yield,se,nation,2018-07,0.51,percent,oecd_activity,2018-07-31,,2026-09-26T14:19:03+00:00,ok,0
oecd_bond_yield,se,nation,2018-08,0.52,percent,oecd_activity,2018-08-31,,2026-09-26T14:19:03+00:00,ok,0
oecd_bond_yield,se,nation,2018-09,0.6,percent,oecd_activity,2018-09-30,,2026-09-26T14:19:03+00:00,ok,0
oecd_bond_yield,se,nation,2018-10,0.67,percent,oecd_activity,2018-10-31,,2026-09-26T14:19:03+00:00,ok,0
oecd_bond_yield,se,nation,2018-11,0.6,percent,oecd_activity,2018-11-30,,2026-09-26T14:19:03+00:00,ok,0
oecd_bond_yield,se,nation,2018-12,0.47,percent,oecd_activity,2018-12-31,,2026-09-26T14:19:03+00:00,ok,0
oecd_bond_yield,se,nation,2019-01,0.43,percent,oecd_activity,2019-01-31,,2026-09-26T14:19:03+00:00,ok,0
oecd_bond_yield,se,nation,2019-02,0.36,percent,oecd_activity,2019-02-28,,2026-09-26T14:19:03+00:00,ok,0
oecd_bond_yield,se,nation,2019-03,0.29,percent,oecd_activity,2019-03-31,,2026-09-26T14:19:03+00:00,ok,0
oecd_bond_yield,se,nation,2019-04,0.3779,percent,oecd_activity,2019-04-30,,2026-09-26T14:19:03+00:00,ok,0
oecd_bond_yield,se,nation,2019-05,0.2153,percent,oecd_activity,2019-05-31,,2026-09-26T14:19:03+00:00,ok,0
oecd_bond_yield,se,nation,2019-06,0.0452,percent,oecd_activity,2019-06-30,,2026-09-26T14:19:03+00:00,ok,0
oecd_bond_yield,se,nation,2019-07,0.0208,percent,oecd_activity,2019-07-31,,2026-09-26T14:19:03+00:00,ok,0
oecd_bond_yield,se,nation,2019-08,-0.2884,percent,oecd_activity,2019-08-31,,2026-09-26T14:19:03+00:00,ok,0
oecd_bond_yield,se,nation,2019-09,-0.2315,percent,oecd_activity,2019-09-30,,2026-09-26T14:19:03+00:00,ok,0
oecd_bond_yield,se,nation,2019-10,-0.1598,percent,oecd_activity,2019-10-31,,2026-09-26T14:19:03+00:00,ok,0
oecd_bond_yield,se,nation,2019-11,-0.0015,percent,oecd_activity,2019-11-30,,2026-09-26T14:19:03+00:00,ok,0
oecd_bond_yield,se,nation,2019-12,0.0671,percent,oecd_activity,2019-12-31,,2026-09-26T14:19:03+00:00,ok,0
oecd_bond_yield,se,nation,2020-01,0.10557,percent,oecd_activity,2020-01-31,,2026-09-26T14:19:03+00:00,ok,0
oecd_bond_yield,se,nation,2020-02,-0.04565,percent,oecd_activity,2020-02-29,,2026-09-26T14:19:03+00:00,ok,0
oecd_bond_yield,se,nation,2020-03,-0.16768,percent,oecd_activity,2020-03-31,,2026-09-26T14:19:03+00:00,ok,0
oecd_bond_yield,se,nation,2020-04,-0.07415,percent,oecd_activity,2020-04-30,,2026-09-26T14:19:03+00:00,ok,0
oecd_bond_yield,se,nation,2020-05,-0.060684,percent,oecd_activity,2020-05-31,,2026-09-26T14:19:03+00:00,ok,0
oecd_bond_yield,se,nation,2020-06,0.006095,percent,oecd_activity,2020-06-30,,2026-09-26T14:19:03+00:00,ok,0
oecd_bond_yield,se,nation,2020-07,-0.073217,percent,oecd_activity,2020-07-31,,2026-09-26T14:19:03+00:00,ok,0
oecd_bond_yield,se,nation,2020-08,-0.040333,percent,oecd_activity,2020-08-31,,2026-09-26T14:19:03+00:00,ok,0
oecd_bond_yield,se,nation,2020-09,-0.082591,percent,oecd_activity,2020-09-30,,2026-09-26T14:19:03+00:00,ok,0
oecd_bond_yield,se,nation,2020-10,-0.028566,percent,oecd_activity,2020-10-31,,2026-09-26T14:19:03+00:00,ok,0
oecd_bond_yield,se,nation,2020-11,-0.00026,percent,oecd_activity,2020-11-30,,2026-09-26T14:19:03+00:00,ok,0
oecd_bond_yield,se,nation,2020-12,0.005439,percent,oecd_activity,2020-12-31,,2026-09-26T14:19:03+00:00,ok,0
oecd_bond_yield,se,nation,2021-01,0.070066,percent,oecd_activity,2021-01-31,,2026-09-26T14:19:03+00:00,ok,0
oecd_bond_yield,se,nation,2021-02,0.24712,percent,oecd_activity,2021-02-28,,2026-09-26T14:19:03+00:00,ok,0
oecd_bond_yield,se,nation,2021-03,0.39866,percent,oecd_activity,2021-03-31,,2026-09-26T14:19:03+00:00,ok,0
oecd_bond_yield,se,nation,2021-04,0.37016,percent,oecd_activity,2021-04-30,,2026-09-26T14:19:03+00:00,ok,0
oecd_bond_yield,se,nation,2021-05,0.42118,percent,oecd_activity,2021-05-31,,2026-09-26T14:19:03+00:00,ok,0
oecd_bond_yield,se,nation,2021-06,0.36155,percent,oecd_activity,2021-06-30,,2026-09-26T14:19:03+00:00,ok,0
oecd_bond_yield,se,nation,2021-07,0.1808,percent,oecd_activity,2021-07-31,,2026-09-26T14:19:03+00:00,ok,0
oecd_bond_yield,se,nation,2021-08,0.11013,percent,oecd_activity,2021-08-31,,2026-09-26T14:19:03+00:00,ok,0
oecd_bond_yield,se,nation,2021-09,0.26964,percent,oecd_activity,2021-09-30,,2026-09-26T14:19:03+00:00,ok,0
oecd_bond_yield,se,nation,2021-10,0.38059,percent,oecd_activity,2021-10-31,,2026-09-26T14:19:03+00:00,ok,0
oecd_bond_yield,se,nation,2021-11,0.26672,percent,oecd_activity,2021-11-30,,2026-09-26T14:19:03+00:00,ok,0
oecd_bond_yield,se,nation,2021-12,0.13796,percent,oecd_activity,2021-12-31,,2026-09-26T14:19:03+00:00,ok,0
oecd_bond_yield,se,nation,2022-01,0.36028,percent,oecd_activity,2022-01-31,,2026-09-26T14:19:03+00:00,ok,0
oecd_bond_yield,se,nation,2022-02,0.60603,percent,oecd_activity,2022-02-28,,2026-09-26T14:19:03+00:00,ok,0
oecd_bond_yield,se,nation,2022-03,0.82046,percent,oecd_activity,2022-03-31,,2026-09-26T14:19:03+00:00,ok,0
oecd_bond_yield,se,nation,2022-04,1.47152,percent,oecd_activity,2022-04-30,,2026-09-26T14:19:03+00:00,ok,0
oecd_bond_yield,se,nation,2022-05,1.76563,percent,oecd_activity,2022-05-31,,2026-09-26T14:19:03+00:00,ok,0
oecd_bond_yield,se,nation,2022-06,1.86309,percent,oecd_activity,2022-06-30,,2026-09-26T14:19:03+00:00,ok,0
oecd_bond_yield,se,nation,2022-07,1.53262,percent,oecd_activity,2022-07-31,,2026-09-26T14:19:03+00:00,ok,0
oecd_bond_yield,se,nation,2022-08,1.60696,percent,oecd_activity,2022-08-31,,2026-09-26T14:19:03+00:00,ok,0
oecd_bond_yield,se,nation,2022-09,2.07702,percent,oecd_activity,2022-09-30,,2026-09-26T14:19:03+00:00,ok,0
oecd_bond_yield,se,nation,2022-10,2.19704,percent,oecd_activity,2022-10-31,,2026-09-26T14:19:03+00:00,ok,0
oecd_bond_yield,se,nation,2022-11,2.00986,percent,oecd_activity,2022-11-30,,2026-09-26T14:19:03+00:00,ok,0
oecd_bond_yield,se,nation,2022-12,1.97433,percent,oecd_activity,2022-12-31,,2026-09-26T14:19:03+00:00,ok,0
oecd_bond_yield,se,nation,2023-01,2.083,percent,oecd_activity,2023-01-31,,2026-09-26T14:19:03+00:00,ok,0
oecd_bond_yield,se,nation,2023-02,2.366,percent,oecd_activity,2023-02-28,,2026-09-26T14:19:03+00:00,ok,0
oecd_bond_yield,se,nation,2023-03,2.35278,percent,oecd_activity,2023-03-31,,2026-09-26T14:19:03+00:00,ok,0
oecd_bond_yield,se,nation,2023-04,2.37289,percent,oecd_activity,2023-04-30,,2026-09-26T14:19:03+00:00,ok,0
oecd_bond_yield,se,nation,2023-05,2.32386,percent,oecd_activity,2023-05-31,,2026-09-26T14:19:03+00:00,ok,0
oecd_bond_yield,se,nation,2023-06,2.4648,percent,oecd_activity,2023-06-30,,2026-09-26T14:19:03+00:00,ok,0
oecd_bond_yield,se,nation,2023-07,2.52176,percent,oecd_activity,2023-07-31,,2026-09-26T14:19:03+00:00,ok,0
oecd_bond_yield,se,nation,2023-08,2.75213,percent,oecd_activity,2023-08-31,,2026-09-26T14:19:03+00:00,ok,0
oecd_bond_yield,se,nation,2023-09,2.8879,percent,oecd_activity,2023-09-30,,2026-09-26T14:19:03+00:00,ok,0
oecd_bond_yield,se,nation,2023-10,3.02373,percent,oecd_activity,2023-10-31,,2026-09-26T14:19:03+00:00,ok,0
oecd_bond_yield,se,nation,2023-11,2.75495,percent,oecd_activity,2023-11-30,,2026-09-26T14:19:03+00:00,ok,0
oecd_bond_yield,se,nation,2023-12,2.20821,percent,oecd_activity,2023-12-31,,2026-09-26T14:19:03+00:00,ok,0
oecd_bond_yield,se,nation,2024-01,2.23068,percent,oecd_activity,2024-01-31,,2026-09-26T14:19:03+00:00,ok,0
oecd_bond_yield,se,nation,2024-02,2.43,percent,oecd_activity,2024-02-29,,2026-09-26T14:19:03+00:00,ok,0
oecd_bond_yield,se,nation,2024-03,2.396,percent,oecd_activity,2024-03-31,,2026-09-26T14:19:03+00:00,ok,0
oecd_bond_yield,se,nation,2024-04,2.51305,percent,oecd_activity,2024-04-30,,2026-09-26T14:19:03+00:00,ok,0
oecd_bond_yield,se,nation,2024-05,2.37638,percent,oecd_activity,2024-05-31,,2026-09-26T14:19:03+00:00,ok,0
oecd_bond_yield,se,nation,2024-06,2.25761,percent,oecd_activity,2024-06-30,,2026-09-26T14:19:03+00:00,ok,0
oecd_bond_yield,se,nation,2024-07,2.12817,percent,oecd_activity,2024-07-31,,2026-09-26T14:19:03+00:00,ok,0
oecd_bond_yield,se,nation,2024-08,1.93209,percent,oecd_activity,2024-08-31,,2026-09-26T14:19:03+00:00,ok,0
oecd_bond_yield,se,nation,2024-09,1.92729,percent,oecd_activity,2024-09-30,,2026-09-26T14:19:03+00:00,ok,0
oecd_bond_yield,se,nation,2024-10,2.04304,percent,oecd_activity,2024-10-31,,2026-09-26T14:19:03+00:00,ok,0
oecd_bond_yield,se,nation,2024-11,2.06743,percent,oecd_activity,2024-11-30,,2026-09-26T14:19:03+00:00,ok,0
oecd_bond_yield,se,nation,2024-12,2.1015,percent,oecd_activity,2024-12-31,,2026-09-26T14:19:03+00:00,ok,0
oecd_bond_yield,se,nation,2025-01,2.32138,percent,oecd_activity,2025-01-31,,2026-09-26T14:19:03+00:00,ok,0
oecd_bond_yield,se,nation,2025-02,2.25515,percent,oecd_activity,2025-02-28,,2026-09-26T14:19:03+00:00,ok,0
oecd_bond_yield,se,nation,2025-03,2.60248,percent,oecd_activity,2025-03-31,,2026-09-26T14:19:03+00:00,ok,0
oecd_bond_yield,se,nation,2025-04,2.41995,percent,oecd_activity,2025-04-30,,2026-09-26T14:19:03+00:00,ok,0
oecd_bond_yield,se,nation,2025-05,2.39785,percent,oecd_activity,2025-05-31,,2026-09-26T14:19:03+00:00,ok,0
oecd_bond_yield,se,nation,2025-06,2.31458,percent,oecd_activity,2025-06-30,,2026-09-26T14:19:03+00:00,ok,0
oecd_bond_yield,se,nation,2025-07,2.35752,percent,oecd_activity,2025-07-31,,2026-09-26T14:19:03+00:00,ok,0
oecd_bond_yield,se,nation,2025-08,2.43162,percent,oecd_activity,2025-08-31,,2026-09-26T14:19:03+00:00,ok,0
oecd_bond_yield,se,nation,2025-09,2.564,percent,oecd_activity,2025-09-30,,2026-09-26T14:19:03+00:00,ok,0
oecd_bond_yield,se,nation,2025-10,2.57683,percent,oecd_activity,2025-10-31,,2026-09-26T14:19:03+00:00,ok,0
oecd_bond_yield,se,nation,2025-11,2.6579,percent,oecd_activity,2025-11-30,,2026-09-26T14:19:03+00:00,ok,0
oecd_bond_yield,se,nation,2025-12,2.82168,percent,oecd_activity,2025-12-31,,2026-09-26T14:19:03+00:00,ok,0
oecd_bond_yield,se,nation,2026-01,2.8004,percent,oecd_activity,2026-01-31,,2026-09-26T14:19:03+00:00,ok,0
oecd_bond_yield,se,nation,2026-02,2.6388,percent,oecd_activity,2026-02-28,,2026-09-26T14:19:03+00:00,ok,0
oecd_bond_yield,se,nation,2026-03,2.76414,percent,oecd_activity,2026-03-31,,2026-09-26T14:19:03+00:00,ok,0
oecd_bond_yield,se,nation,2026-04,2.78495,percent,oecd_activity,2026-04-30,,2026-09-26T14:19:03+00:00,ok,0
oecd_bond_yield,se,nation,2026-05,2.74458,percent,oecd_activity,2026-05-31,,2026-09-26T14:19:03+00:00,ok,0
oecd_bond_yield,se,nation,2026-06,2.78067,percent,oecd_activity,2026-06-30,,2026-09-26T14:19:03+00:00,ok,0
oecd_bond_yield,se,nation,2026-07,2.90809,percent,oecd_activity,2026-07-31,,2026-09-26T14:19:03+00:00,ok,0
oecd_bond_yield,se,nation,2026-08,3.02314,percent,oecd_activity,2026-08-31,,2026-09-26T14:19:03+00:00,ok,0
oecd_bond_yield,us,nation,2015-01,1.88,percent,oecd_activity,2015-01-31,,2026-09-26T14:19:03+00:00,ok,0
oecd_bond_yield,us,nation,2015-02,1.98,percent,oecd_activity,2015-02-28,,2026-09-26T14:19:03+00:00,ok,0
oecd_bond_yield,us,nation,2015-03,2.04,percent,oecd_activity,2015-03-31,,2026-09-26T14:19:03+00:00,ok,0
oecd_bond_yield,us,nation,2015-04,1.94,percent,oecd_activity,2015-04-30,,2026-09-26T14:19:03+00:00,ok,0
oecd_bond_yield,us,nation,2015-05,2.2,percent,oecd_activity,2015-05-31,,2026-09-26T14:19:03+00:00,ok,0
oecd_bond_yield,us,nation,2015-06,2.36,percent,oecd_activity,2015-06-30,,2026-09-26T14:19:03+00:00,ok,0
oecd_bond_yield,us,nation,2015-07,2.32,percent,oecd_activity,2015-07-31,,2026-09-26T14:19:03+00:00,ok,0
oecd_bond_yield,us,nation,2015-08,2.17,percent,oecd_activity,2015-08-31,,2026-09-26T14:19:03+00:00,ok,0
oecd_bond_yield,us,nation,2015-09,2.17,percent,oecd_activity,2015-09-30,,2026-09-26T14:19:03+00:00,ok,0
oecd_bond_yield,us,nation,2015-10,2.07,percent,oecd_activity,2015-10-31,,2026-09-26T14:19:03+00:00,ok,0
oecd_bond_yield,us,nation,2015-11,2.26,percent,oecd_activity,2015-11-30,,2026-09-26T14:19:03+00:00,ok,0
oecd_bond_yield,us,nation,2015-12,2.24,percent,oecd_activity,2015-12-31,,2026-09-26T14:19:03+00:00,ok,0
oecd_bond_yield,us,nation,2016-01,2.09,percent,oecd_activity,2016-01-31,,2026-09-26T14:19:03+00:00,ok,0
oecd_bond_yield,us,nation,2016-02,1.78,percent,oecd_activity,2016-02-29,,2026-09-26T14:19:03+00:00,ok,0
oecd_bond_yield,us,nation,2016-03,1.89,percent,oecd_activity,2016-03-31,,2026-09-26T14:19:03+00:00,ok,0
oecd_bond_yield,us,nation,2016-04,1.81,percent,oecd_activity,2016-04-30,,2026-09-26T14:19:03+00:00,ok,0
oecd_bond_yield,us,nation,2016-05,1.81,percent,oecd_activity,2016-05-31,,2026-09-26T14:19:03+00:00,ok,0
oecd_bond_yield,us,nation,2016-06,1.64,percent,oecd_activity,2016-06-30,,2026-09-26T14:19:03+00:00,ok,0
oecd_bond_yield,us,nation,2016-07,1.5,percent,oecd_activity,2016-07-31,,2026-09-26T14:19:03+00:00,ok,0
oecd_bond_yield,us,nation,2016-08,1.56,percent,oecd_activity,2016-08-31,,2026-09-26T14:19:03+00:00,ok,0
oecd_bond_yield,us,nation,2016-09,1.63,percent,oecd_activity,2016-09-30,,2026-09-26T14:19:03+00:00,ok,0
oecd_bond_yield,us,nation,2016-10,1.76,percent,oecd_activity,2016-10-31,,2026-09-26T14:19:03+00:00,ok,0
oecd_bond_yield,us,nation,2016-11,2.14,percent,oecd_activity,2016-11-30,,2026-09-26T14:19:03+00:00,ok,0
oecd_bond_yield,us,nation,2016-12,2.49,percent,oecd_activity,2016-12-31,,2026-09-26T14:19:03+00:00,ok,0
oecd_bond_yield,us,nation,2017-01,2.43,percent,oecd_activity,2017-01-31,,2026-09-26T14:19:03+00:00,ok,0
oecd_bond_yield,us,nation,2017-02,2.42,percent,oecd_activity,2017-02-28,,2026-09-26T14:19:03+00:00,ok,0
oecd_bond_yield,us,nation,2017-03,2.48,percent,oecd_activity,2017-03-31,,2026-09-26T14:19:03+00:00,ok,0
oecd_bond_yield,us,nation,2017-04,2.3,percent,oecd_activity,2017-04-30,,2026-09-26T14:19:03+00:00,ok,0
oecd_bond_yield,us,nation,2017-05,2.3,percent,oecd_activity,2017-05-31,,2026-09-26T14:19:03+00:00,ok,0
oecd_bond_yield,us,nation,2017-06,2.19,percent,oecd_activity,2017-06-30,,2026-09-26T14:19:03+00:00,ok,0
oecd_bond_yield,us,nation,2017-07,2.32,percent,oecd_activity,2017-07-31,,2026-09-26T14:19:03+00:00,ok,0
oecd_bond_yield,us,nation,2017-08,2.21,percent,oecd_activity,2017-08-31,,2026-09-26T14:19:03+00:00,ok,0
oecd_bond_yield,us,nation,2017-09,2.2,percent,oecd_activity,2017-09-30,,2026-09-26T14:19:03+00:00,ok,0
oecd_bond_yield,us,nation,2017-10,2.36,percent,oecd_activity,2017-10-31,,2026-09-26T14:19:03+00:00,ok,0
oecd_bond_yield,us,nation,2017-11,2.35,percent,oecd_activity,2017-11-30,,2026-09-26T14:19:03+00:00,ok,0
oecd_bond_yield,us,nation,2017-12,2.4,percent,oecd_activity,2017-12-31,,2026-09-26T14:19:03+00:00,ok,0
oecd_bond_yield,us,nation,2018-01,2.58,percent,oecd_activity,2018-01-31,,2026-09-26T14:19:03+00:00,ok,0
oecd_bond_yield,us,nation,2018-02,2.86,percent,oecd_activity,2018-02-28,,2026-09-26T14:19:03+00:00,ok,0
oecd_bond_yield,us,nation,2018-03,2.84,percent,oecd_activity,2018-03-31,,2026-09-26T14:19:03+00:00,ok,0
oecd_bond_yield,us,nation,2018-04,2.87,percent,oecd_activity,2018-04-30,,2026-09-26T14:19:03+00:00,ok,0
oecd_bond_yield,us,nation,2018-05,2.98,percent,oecd_activity,2018-05-31,,2026-09-26T14:19:03+00:00,ok,0
oecd_bond_yield,us,nation,2018-06,2.91,percent,oecd_activity,2018-06-30,,2026-09-26T14:19:03+00:00,ok,0
oecd_bond_yield,us,nation,2018-07,2.89,percent,oecd_activity,2018-07-31,,2026-09-26T14:19:03+00:00,ok,0
oecd_bond_yield,us,nation,2018-08,2.89,percent,oecd_activity,2018-08-31,,2026-09-26T14:19:03+00:00,ok,0
oecd_bond_yield,us,nation,2018-09,3,percent,oecd_activity,2018-09-30,,2026-09-26T14:19:03+00:00,ok,0
oecd_bond_yield,us,nation,2018-10,3.15,percent,oecd_activity,2018-10-31,,2026-09-26T14:19:03+00:00,ok,0
oecd_bond_yield,us,nation,2018-11,3.12,percent,oecd_activity,2018-11-30,,2026-09-26T14:19:03+00:00,ok,0
oecd_bond_yield,us,nation,2018-12,2.83,percent,oecd_activity,2018-12-31,,2026-09-26T14:19:03+00:00,ok,0
oecd_bond_yield,us,nation,2019-01,2.71,percent,oecd_activity,2019-01-31,,2026-09-26T14:19:03+00:00,ok,0
oecd_bond_yield,us,nation,2019-02,2.68,percent,oecd_activity,2019-02-28,,2026-09-26T14:19:03+00:00,ok,0
oecd_bond_yield,us,nation,2019-03,2.57,percent,oecd_activity,2019-03-31,,2026-09-26T14:19:03+00:00,ok,0
oecd_bond_yield,us,nation,2019-04,2.53,percent,oecd_activity,2019-04-30,,2026-09-26T14:19:03+00:00,ok,0
oecd_bond_yield,us,nation,2019-05,2.4,percent,oecd_activity,2019-05-31,,2026-09-26T14:19:03+00:00,ok,0
oecd_bond_yield,us,nation,2019-06,2.07,percent,oecd_activity,2019-06-30,,2026-09-26T14:19:03+00:00,ok,0
oecd_bond_yield,us,nation,2019-07,2.06,percent,oecd_activity,2019-07-31,,2026-09-26T14:19:03+00:00,ok,0
oecd_bond_yield,us,nation,2019-08,1.63,percent,oecd_activity,2019-08-31,,2026-09-26T14:19:03+00:00,ok,0
oecd_bond_yield,us,nation,2019-09,1.7,percent,oecd_activity,2019-09-30,,2026-09-26T14:19:03+00:00,ok,0
oecd_bond_yield,us,nation,2019-10,1.71,percent,oecd_activity,2019-10-31,,2026-09-26T14:19:03+00:00,ok,0
oecd_bond_yield,us,nation,2019-11,1.81,percent,oecd_activity,2019-11-30,,2026-09-26T14:19:03+00:00,ok,0
oecd_bond_yield,us,nation,2019-12,1.86,percent,oecd_activity,2019-12-31,,2026-09-26T14:19:03+00:00,ok,0
oecd_bond_yield,us,nation,2020-01,1.76,percent,oecd_activity,2020-01-31,,2026-09-26T14:19:03+00:00,ok,0
oecd_bond_yield,us,nation,2020-02,1.5,percent,oecd_activity,2020-02-29,,2026-09-26T14:19:03+00:00,ok,0
oecd_bond_yield,us,nation,2020-03,0.87,percent,oecd_activity,2020-03-31,,2026-09-26T14:19:03+00:00,ok,0
oecd_bond_yield,us,nation,2020-04,0.66,percent,oecd_activity,2020-04-30,,2026-09-26T14:19:03+00:00,ok,0
oecd_bond_yield,us,nation,2020-05,0.67,percent,oecd_activity,2020-05-31,,2026-09-26T14:19:03+00:00,ok,0
oecd_bond_yield,us,nation,2020-06,0.73,percent,oecd_activity,2020-06-30,,2026-09-26T14:19:03+00:00,ok,0
oecd_bond_yield,us,nation,2020-07,0.62,percent,oecd_activity,2020-07-31,,2026-09-26T14:19:03+00:00,ok,0
oecd_bond_yield,us,nation,2020-08,0.65,percent,oecd_activity,2020-08-31,,2026-09-26T14:19:03+00:00,ok,0
oecd_bond_yield,us,nation,2020-09,0.68,percent,oecd_activity,2020-09-30,,2026-09-26T14:19:03+00:00,ok,0
oecd_bond_yield,us,nation,2020-10,0.79,percent,oecd_activity,2020-10-31,,2026-09-26T14:19:03+00:00,ok,0
oecd_bond_yield,us,nation,2020-11,0.87,percent,oecd_activity,2020-11-30,,2026-09-26T14:19:03+00:00,ok,0
oecd_bond_yield,us,nation,2020-12,0.93,percent,oecd_activity,2020-12-31,,2026-09-26T14:19:03+00:00,ok,0
oecd_bond_yield,us,nation,2021-01,1.08,percent,oecd_activity,2021-01-31,,2026-09-26T14:19:03+00:00,ok,0
oecd_bond_yield,us,nation,2021-02,1.26,percent,oecd_activity,2021-02-28,,2026-09-26T14:19:03+00:00,ok,0
oecd_bond_yield,us,nation,2021-03,1.61,percent,oecd_activity,2021-03-31,,2026-09-26T14:19:03+00:00,ok,0
oecd_bond_yield,us,nation,2021-04,1.64,percent,oecd_activity,2021-04-30,,2026-09-26T14:19:03+00:00,ok,0
oecd_bond_yield,us,nation,2021-05,1.62,percent,oecd_activity,2021-05-31,,2026-09-26T14:19:03+00:00,ok,0
oecd_bond_yield,us,nation,2021-06,1.52,percent,oecd_activity,2021-06-30,,2026-09-26T14:19:03+00:00,ok,0
oecd_bond_yield,us,nation,2021-07,1.32,percent,oecd_activity,2021-07-31,,2026-09-26T14:19:03+00:00,ok,0
oecd_bond_yield,us,nation,2021-08,1.28,percent,oecd_activity,2021-08-31,,2026-09-26T14:19:03+00:00,ok,0
oecd_bond_yield,us,nation,2021-09,1.37,percent,oecd_activity,2021-09-30,,2026-09-26T14:19:03+00:00,ok,0
oecd_bond_yield,us,nation,2021-10,1.58,percent,oecd_activity,2021-10-31,,2026-09-26T14:19:03+00:00,ok,0
oecd_bond_yield,us,nation,2021-11,1.56,percent,oecd_activity,2021-11-30,,2026-09-26T14:19:03+00:00,ok,0
oecd_bond_yield,us,nation,2021-12,1.47,percent,oecd_activity,2021-12-31,,2026-09-26T14:19:03+00:00,ok,0
oecd_bond_yield,us,nation,2022-01,1.76,percent,oecd_activity,2022-01-31,,2026-09-26T14:19:03+00:00,ok,0
oecd_bond_yield,us,nation,2022-02,1.93,percent,oecd_activity,2022-02-28,,2026-09-26T14:19:03+00:00,ok,0
oecd_bond_yield,us,nation,2022-03,2.13,percent,oecd_activity,2022-03-31,,2026-09-26T14:19:03+00:00,ok,0
oecd_bond_yield,us,nation,2022-04,2.75,percent,oecd_activity,2022-04-30,,2026-09-26T14:19:03+00:00,ok,0
oecd_bond_yield,us,nation,2022-05,2.9,percent,oecd_activity,2022-05-31,,2026-09-26T14:19:03+00:00,ok,0
oecd_bond_yield,us,nation,2022-06,3.14,percent,oecd_activity,2022-06-30,,2026-09-26T14:19:03+00:00,ok,0
oecd_bond_yield,us,nation,2022-07,2.9,percent,oecd_activity,2022-07-31,,2026-09-26T14:19:03+00:00,ok,0
oecd_bond_yield,us,nation,2022-08,2.9,percent,oecd_activity,2022-08-31,,2026-09-26T14:19:03+00:00,ok,0
oecd_bond_yield,us,nation,2022-09,3.52,percent,oecd_activity,2022-09-30,,2026-09-26T14:19:03+00:00,ok,0
oecd_bond_yield,us,nation,2022-10,3.98,percent,oecd_activity,2022-10-31,,2026-09-26T14:19:03+00:00,ok,0
oecd_bond_yield,us,nation,2022-11,3.89,percent,oecd_activity,2022-11-30,,2026-09-26T14:19:03+00:00,ok,0
oecd_bond_yield,us,nation,2022-12,3.62,percent,oecd_activity,2022-12-31,,2026-09-26T14:19:03+00:00,ok,0
oecd_bond_yield,us,nation,2023-01,3.53,percent,oecd_activity,2023-01-31,,2026-09-26T14:19:03+00:00,ok,0
oecd_bond_yield,us,nation,2023-02,3.75,percent,oecd_activity,2023-02-28,,2026-09-26T14:19:03+00:00,ok,0
oecd_bond_yield,us,nation,2023-03,3.66,percent,oecd_activity,2023-03-31,,2026-09-26T14:19:03+00:00,ok,0
oecd_bond_yield,us,nation,2023-04,3.46,percent,oecd_activity,2023-04-30,,2026-09-26T14:19:03+00:00,ok,0
oecd_bond_yield,us,nation,2023-05,3.57,percent,oecd_activity,2023-05-31,,2026-09-26T14:19:03+00:00,ok,0
oecd_bond_yield,us,nation,2023-06,3.75,percent,oecd_activity,2023-06-30,,2026-09-26T14:19:03+00:00,ok,0
oecd_bond_yield,us,nation,2023-07,3.9,percent,oecd_activity,2023-07-31,,2026-09-26T14:19:03+00:00,ok,0
oecd_bond_yield,us,nation,2023-08,4.17,percent,oecd_activity,2023-08-31,,2026-09-26T14:19:03+00:00,ok,0
oecd_bond_yield,us,nation,2023-09,4.38,percent,oecd_activity,2023-09-30,,2026-09-26T14:19:03+00:00,ok,0
oecd_bond_yield,us,nation,2023-10,4.8,percent,oecd_activity,2023-10-31,,2026-09-26T14:19:03+00:00,ok,0
oecd_bond_yield,us,nation,2023-11,4.5,percent,oecd_activity,2023-11-30,,2026-09-26T14:19:03+00:00,ok,0
oecd_bond_yield,us,nation,2023-12,4.02,percent,oecd_activity,2023-12-31,,2026-09-26T14:19:03+00:00,ok,0
oecd_bond_yield,us,nation,2024-01,4.06,percent,oecd_activity,2024-01-31,,2026-09-26T14:19:03+00:00,ok,0
oecd_bond_yield,us,nation,2024-02,4.21,percent,oecd_activity,2024-02-29,,2026-09-26T14:19:03+00:00,ok,0
oecd_bond_yield,us,nation,2024-03,4.21,percent,oecd_activity,2024-03-31,,2026-09-26T14:19:03+00:00,ok,0
oecd_bond_yield,us,nation,2024-04,4.54,percent,oecd_activity,2024-04-30,,2026-09-26T14:19:03+00:00,ok,0
oecd_bond_yield,us,nation,2024-05,4.48,percent,oecd_activity,2024-05-31,,2026-09-26T14:19:03+00:00,ok,0
oecd_bond_yield,us,nation,2024-06,4.31,percent,oecd_activity,2024-06-30,,2026-09-26T14:19:03+00:00,ok,0
oecd_bond_yield,us,nation,2024-07,4.25,percent,oecd_activity,2024-07-31,,2026-09-26T14:19:03+00:00,ok,0
oecd_bond_yield,us,nation,2024-08,3.87,percent,oecd_activity,2024-08-31,,2026-09-26T14:19:03+00:00,ok,0
oecd_bond_yield,us,nation,2024-09,3.72,percent,oecd_activity,2024-09-30,,2026-09-26T14:19:03+00:00,ok,0
oecd_bond_yield,us,nation,2024-10,4.1,percent,oecd_activity,2024-10-31,,2026-09-26T14:19:03+00:00,ok,0
oecd_bond_yield,us,nation,2024-11,4.36,percent,oecd_activity,2024-11-30,,2026-09-26T14:19:03+00:00,ok,0
oecd_bond_yield,us,nation,2024-12,4.39,percent,oecd_activity,2024-12-31,,2026-09-26T14:19:03+00:00,ok,0
oecd_bond_yield,us,nation,2025-01,4.63,percent,oecd_activity,2025-01-31,,2026-09-26T14:19:03+00:00,ok,0
oecd_bond_yield,us,nation,2025-02,4.45,percent,oecd_activity,2025-02-28,,2026-09-26T14:19:03+00:00,ok,0
oecd_bond_yield,us,nation,2025-03,4.28,percent,oecd_activity,2025-03-31,,2026-09-26T14:19:03+00:00,ok,0
oecd_bond_yield,us,nation,2025-04,4.28,percent,oecd_activity,2025-04-30,,2026-09-26T14:19:03+00:00,ok,0
oecd_bond_yield,us,nation,2025-05,4.42,percent,oecd_activity,2025-05-31,,2026-09-26T14:19:03+00:00,ok,0
oecd_bond_yield,us,nation,2025-06,4.38,percent,oecd_activity,2025-06-30,,2026-09-26T14:19:03+00:00,ok,0
oecd_bond_yield,us,nation,2025-07,4.39,percent,oecd_activity,2025-07-31,,2026-09-26T14:19:03+00:00,ok,0
oecd_bond_yield,us,nation,2025-08,4.26,percent,oecd_activity,2025-08-31,,2026-09-26T14:19:03+00:00,ok,0
oecd_bond_yield,us,nation,2025-09,4.12,percent,oecd_activity,2025-09-30,,2026-09-26T14:19:03+00:00,ok,0
oecd_bond_yield,us,nation,2025-10,4.06,percent,oecd_activity,2025-10-31,,2026-09-26T14:19:03+00:00,ok,0
oecd_bond_yield,us,nation,2025-11,4.09,percent,oecd_activity,2025-11-30,,2026-09-26T14:19:03+00:00,ok,0
oecd_bond_yield,us,nation,2025-12,4.14,percent,oecd_activity,2025-12-31,,2026-09-26T14:19:03+00:00,ok,0
oecd_bond_yield,us,nation,2026-01,4.21,percent,oecd_activity,2026-01-31,,2026-09-26T14:19:03+00:00,ok,0
oecd_bond_yield,us,nation,2026-02,4.13,percent,oecd_activity,2026-02-28,,2026-09-26T14:19:03+00:00,ok,0
oecd_bond_yield,us,nation,2026-03,4.25,percent,oecd_activity,2026-03-31,,2026-09-26T14:19:03+00:00,ok,0
oecd_bond_yield,us,nation,2026-04,4.32,percent,oecd_activity,2026-04-30,,2026-09-26T14:19:03+00:00,ok,0
oecd_bond_yield,us,nation,2026-05,4.48,percent,oecd_activity,2026-05-31,,2026-09-26T14:19:03+00:00,ok,0
oecd_bond_yield,us,nation,2026-06,4.47,percent,oecd_activity,2026-06-30,,2026-09-26T14:19:03+00:00,ok,0
oecd_bond_yield,us,nation,2026-07,4.6,percent,oecd_activity,2026-07-31,,2026-09-26T14:19:03+00:00,ok,0
oecd_bond_yield,us,nation,2026-08,4.68,percent,oecd_activity,2026-08-31,,2026-09-26T14:19:03+00:00,ok,0
oecd_bond_yield,za,nation,2015-01,7.464762,percent,oecd_activity,2015-01-31,,2026-09-26T14:19:03+00:00,ok,0
oecd_bond_yield,za,nation,2015-02,7.49,percent,oecd_activity,2015-02-28,,2026-09-26T14:19:03+00:00,ok,0
oecd_bond_yield,za,nation,2015-03,7.808182,percent,oecd_activity,2015-03-31,,2026-09-26T14:19:03+00:00,ok,0
oecd_bond_yield,za,nation,2015-04,7.823158,percent,oecd_activity,2015-04-30,,2026-09-26T14:19:03+00:00,ok,0
oecd_bond_yield,za,nation,2015-05,8.0725,percent,oecd_activity,2015-05-31,,2026-09-26T14:19:03+00:00,ok,0
oecd_bond_yield,za,nation,2015-06,8.326667,percent,oecd_activity,2015-06-30,,2026-09-26T14:19:03+00:00,ok,0
oecd_bond_yield,za,nation,2015-07,8.182174,percent,oecd_activity,2015-07-31,,2026-09-26T14:19:03+00:00,ok,0
oecd_bond_yield,za,nation,2015-08,8.2635,percent,oecd_activity,2015-08-31,,2026-09-26T14:19:03+00:00,ok,0
oecd_bond_yield,za,nation,2015-09,8.460476,percent,oecd_activity,2015-09-30,,2026-09-26T14:19:03+00:00,ok,0
oecd_bond_yield,za,nation,2015-10,8.273637,percent,oecd_activity,2015-10-31,,2026-09-26T14:19:03+00:00,ok,0
oecd_bond_yield,za,nation,2015-11,8.490952,percent,oecd_activity,2015-11-30,,2026-09-26T14:19:03+00:00,ok,0
oecd_bond_yield,za,nation,2015-12,9.25381,percent,oecd_activity,2015-12-31,,2026-09-26T14:19:03+00:00,ok,0
oecd_bond_yield,za,nation,2016-01,9.6315,percent,oecd_activity,2016-01-31,,2026-09-26T14:19:03+00:00,ok,0
oecd_bond_yield,za,nation,2016-02,9.221905,percent,oecd_activity,2016-02-29,,2026-09-26T14:19:03+00:00,ok,0
oecd_bond_yield,za,nation,2016-03,9.266,percent,oecd_activity,2016-03-31,,2026-09-26T14:19:03+00:00,ok,0
oecd_bond_yield,za,nation,2016-04,9.067,percent,oecd_activity,2016-04-30,,2026-09-26T14:19:03+00:00,ok,0
oecd_bond_yield,za,nation,2016-05,9.289047,percent,oecd_activity,2016-05-31,,2026-09-26T14:19:03+00:00,ok,0
oecd_bond_yield,za,nation,2016-06,9.062857,percent,oecd_activity,2016-06-30,,2026-09-26T14:19:03+00:00,ok,0
oecd_bond_yield,za,nation,2016-07,8.729048,percent,oecd_activity,2016-07-31,,2026-09-26T14:19:03+00:00,ok,0
oecd_bond_yield,za,nation,2016-08,8.633333,percent,oecd_activity,2016-08-31,,2026-09-26T14:19:03+00:00,ok,0
oecd_bond_yield,za,nation,2016-09,8.675,percent,oecd_activity,2016-09-30,,2026-09-26T14:19:03+00:00,ok,0
oecd_bond_yield,za,nation,2016-10,8.768095,percent,oecd_activity,2016-10-31,,2026-09-26T14:19:03+00:00,ok,0
oecd_bond_yield,za,nation,2016-11,8.904091,percent,oecd_activity,2016-11-30,,2026-09-26T14:19:03+00:00,ok,0
oecd_bond_yield,za,nation,2016-12,8.95421,percent,oecd_activity,2016-12-31,,2026-09-26T14:19:03+00:00,ok,0
oecd_bond_yield,za,nation,2017-01,8.765238,percent,oecd_activity,2017-01-31,,2026-09-26T14:19:03+00:00,ok,0
oecd_bond_yield,za,nation,2017-02,8.7525,percent,oecd_activity,2017-02-28,,2026-09-26T14:19:03+00:00,ok,0
oecd_bond_yield,za,nation,2017-03,8.615909,percent,oecd_activity,2017-03-31,,2026-09-26T14:19:03+00:00,ok,0
oecd_bond_yield,za,nation,2017-04,8.831177,percent,oecd_activity,2017-04-30,,2026-09-26T14:19:03+00:00,ok,0
oecd_bond_yield,za,nation,2017-05,8.650909,percent,oecd_activity,2017-05-31,,2026-09-26T14:19:03+00:00,ok,0
oecd_bond_yield,za,nation,2017-06,9.020952,percent,oecd_activity,2017-06-30,,2026-09-26T14:19:03+00:00,ok,0
oecd_bond_yield,za,nation,2017-07,9.240952,percent,oecd_activity,2017-07-31,,2026-09-26T14:19:03+00:00,ok,0
oecd_bond_yield,za,nation,2017-08,9.117272,percent,oecd_activity,2017-08-31,,2026-09-26T14:19:03+00:00,ok,0
oecd_bond_yield,za,nation,2017-09,9.025,percent,oecd_activity,2017-09-30,,2026-09-26T14:19:03+00:00,ok,0
oecd_bond_yield,za,nation,2017-10,9.357727,percent,oecd_activity,2017-10-31,,2026-09-26T14:19:03+00:00,ok,0
oecd_bond_yield,za,nation,2017-11,9.770909,percent,oecd_activity,2017-11-30,,2026-09-26T14:19:03+00:00,ok,0
oecd_bond_yield,za,nation,2017-12,9.499474,percent,oecd_activity,2017-12-31,,2026-09-26T14:19:03+00:00,ok,0
oecd_bond_yield,za,nation,2018-01,9.076,percent,oecd_activity,2018-01-31,,2026-09-26T14:19:03+00:00,ok,0
oecd_bond_yield,za,nation,2018-02,8.746,percent,oecd_activity,2018-02-28,,2026-09-26T14:19:03+00:00,ok,0
oecd_bond_yield,za,nation,2018-03,8.497,percent,oecd_activity,2018-03-31,,2026-09-26T14:19:03+00:00,ok,0
oecd_bond_yield,za,nation,2018-04,8.48,percent,oecd_activity,2018-04-30,,2026-09-26T14:19:03+00:00,ok,0
oecd_bond_yield,za,nation,2018-05,8.826818,percent,oecd_activity,2018-05-31,,2026-09-26T14:19:03+00:00,ok,0
oecd_bond_yield,za,nation,2018-06,9.297143,percent,oecd_activity,2018-06-30,,2026-09-26T14:19:03+00:00,ok,0
oecd_bond_yield,za,nation,2018-07,9.091818,percent,oecd_activity,2018-07-31,,2026-09-26T14:19:03+00:00,ok,0
oecd_bond_yield,za,nation,2018-08,9.28091,percent,oecd_activity,2018-08-31,,2026-09-26T14:19:03+00:00,ok,0
oecd_bond_yield,za,nation,2018-09,9.526316,percent,oecd_activity,2018-09-30,,2026-09-26T14:19:03+00:00,ok,0
oecd_bond_yield,za,nation,2018-10,9.623913,percent,oecd_activity,2018-10-31,,2026-09-26T14:19:03+00:00,ok,0
oecd_bond_yield,za,nation,2018-11,9.55,percent,oecd_activity,2018-11-30,,2026-09-26T14:19:03+00:00,ok,0
oecd_bond_yield,za,nation,2018-12,9.535,percent,oecd_activity,2018-12-31,,2026-09-26T14:19:03+00:00,ok,0
oecd_bond_yield,za,nation,2019-01,9.296364,percent,oecd_activity,2019-01-31,,2026-09-26T14:19:03+00:00,ok,0
oecd_bond_yield,za,nation,2019-02,9.261,percent,oecd_activity,2019-02-28,,2026-09-26T14:19:03+00:00,ok,0
oecd_bond_yield,za,nation,2019-03,9.2375,percent,oecd_activity,2019-03-31,,2026-09-26T14:19:03+00:00,ok,0
oecd_bond_yield,za,nation,2019-04,9.063,percent,oecd_activity,2019-04-30,,2026-09-26T14:19:03+00:00,ok,0
oecd_bond_yield,za,nation,2019-05,9.102381,percent,oecd_activity,2019-05-31,,2026-09-26T14:19:03+00:00,ok,0
oecd_bond_yield,za,nation,2019-06,9.026316,percent,oecd_activity,2019-06-30,,2026-09-26T14:19:03+00:00,ok,0
oecd_bond_yield,za,nation,2019-07,8.780313,percent,oecd_activity,2019-07-31,,2026-09-26T14:19:03+00:00,ok,0
oecd_bond_yield,za,nation,2019-08,9.030952,percent,oecd_activity,2019-08-31,,2026-09-26T14:19:03+00:00,ok,0
oecd_bond_yield,za,nation,2019-09,8.8935,percent,oecd_activity,2019-09-30,,2026-09-26T14:19:03+00:00,ok,0
oecd_bond_yield,za,nation,2019-10,8.927391,percent,oecd_activity,2019-10-31,,2026-09-26T14:19:03+00:00,ok,0
oecd_bond_yield,za,nation,2019-11,9.134286,percent,oecd_activity,2019-11-30,,2026-09-26T14:19:03+00:00,ok,0
oecd_bond_yield,za,nation,2019-12,9.117895,percent,oecd_activity,2019-12-31,,2026-09-26T14:19:03+00:00,ok,0
oecd_bond_yield,za,nation,2020-01,9.016818,percent,oecd_activity,2020-01-31,,2026-09-26T14:19:03+00:00,ok,0
oecd_bond_yield,za,nation,2020-02,8.935,percent,oecd_activity,2020-02-29,,2026-09-26T14:19:03+00:00,ok,0
oecd_bond_yield,za,nation,2020-03,10.85201,percent,oecd_activity,2020-03-31,,2026-09-26T14:19:03+00:00,ok,0
oecd_bond_yield,za,nation,2020-04,11.23263,percent,oecd_activity,2020-04-30,,2026-09-26T14:19:03+00:00,ok,0
oecd_bond_yield,za,nation,2020-05,10.074,percent,oecd_activity,2020-05-31,,2026-09-26T14:19:03+00:00,ok,0
oecd_bond_yield,za,nation,2020-06,9.958096,percent,oecd_activity,2020-06-30,,2026-09-26T14:19:03+00:00,ok,0
oecd_bond_yield,za,nation,2020-07,10.26522,percent,oecd_activity,2020-07-31,,2026-09-26T14:19:03+00:00,ok,0
oecd_bond_yield,za,nation,2020-08,10.1865,percent,oecd_activity,2020-08-31,,2026-09-26T14:19:03+00:00,ok,0
oecd_bond_yield,za,nation,2020-09,10.21571,percent,oecd_activity,2020-09-30,,2026-09-26T14:19:03+00:00,ok,0
oecd_bond_yield,za,nation,2020-10,10.38864,percent,oecd_activity,2020-10-31,,2026-09-26T14:19:03+00:00,ok,0
oecd_bond_yield,za,nation,2020-11,9.965239,percent,oecd_activity,2020-11-30,,2026-09-26T14:19:03+00:00,ok,0
oecd_bond_yield,za,nation,2020-12,9.789047,percent,oecd_activity,2020-12-31,,2026-09-26T14:19:03+00:00,ok,0
oecd_bond_yield,za,nation,2021-01,9.7115,percent,oecd_activity,2021-01-31,,2026-09-26T14:19:03+00:00,ok,0
oecd_bond_yield,za,nation,2021-02,9.5045,percent,oecd_activity,2021-02-28,,2026-09-26T14:19:03+00:00,ok,0
oecd_bond_yield,za,nation,2021-03,10.08773,percent,oecd_activity,2021-03-31,,2026-09-26T14:19:03+00:00,ok,0
oecd_bond_yield,za,nation,2021-04,10.02895,percent,oecd_activity,2021-04-30,,2026-09-26T14:19:03+00:00,ok,0
oecd_bond_yield,za,nation,2021-05,9.816667,percent,oecd_activity,2021-05-31,,2026-09-26T14:19:03+00:00,ok,0
oecd_bond_yield,za,nation,2021-06,9.526667,percent,oecd_activity,2021-06-30,,2026-09-26T14:19:03+00:00,ok,0
oecd_bond_yield,za,nation,2021-07,9.623636,percent,oecd_activity,2021-07-31,,2026-09-26T14:19:03+00:00,ok,0
oecd_bond_yield,za,nation,2021-08,9.567619,percent,oecd_activity,2021-08-31,,2026-09-26T14:19:03+00:00,ok,0
oecd_bond_yield,za,nation,2021-09,9.624286,percent,oecd_activity,2021-09-30,,2026-09-26T14:19:03+00:00,ok,0
oecd_bond_yield,za,nation,2021-10,10.06476,percent,oecd_activity,2021-10-31,,2026-09-26T14:19:03+00:00,ok,0
oecd_bond_yield,za,nation,2021-11,10.02,percent,oecd_activity,2021-11-30,,2026-09-26T14:19:03+00:00,ok,0
oecd_bond_yield,za,nation,2021-12,9.900476,percent,oecd_activity,2021-12-31,,2026-09-26T14:19:03+00:00,ok,0
oecd_bond_yield,za,nation,2022-01,9.83,percent,oecd_activity,2022-01-31,,2026-09-26T14:19:03+00:00,ok,0
oecd_bond_yield,za,nation,2022-02,9.6515,percent,oecd_activity,2022-02-28,,2026-09-26T14:19:03+00:00,ok,0
oecd_bond_yield,za,nation,2022-03,10.09636,percent,oecd_activity,2022-03-31,,2026-09-26T14:19:03+00:00,ok,0
oecd_bond_yield,za,nation,2022-04,10.11167,percent,oecd_activity,2022-04-30,,2026-09-26T14:19:03+00:00,ok,0
oecd_bond_yield,za,nation,2022-05,10.32286,percent,oecd_activity,2022-05-31,,2026-09-26T14:19:03+00:00,ok,0
oecd_bond_yield,za,nation,2022-06,10.93524,percent,oecd_activity,2022-06-30,,2026-09-26T14:19:03+00:00,ok,0
oecd_bond_yield,za,nation,2022-07,11.42333,percent,oecd_activity,2022-07-31,,2026-09-26T14:19:03+00:00,ok,0
oecd_bond_yield,za,nation,2022-08,10.92409,percent,oecd_activity,2022-08-31,,2026-09-26T14:19:03+00:00,ok,0
oecd_bond_yield,za,nation,2022-09,11.24909,percent,oecd_activity,2022-09-30,,2026-09-26T14:19:03+00:00,ok,0
oecd_bond_yield,za,nation,2022-10,11.63048,percent,oecd_activity,2022-10-31,,2026-09-26T14:19:03+00:00,ok,0
oecd_bond_yield,za,nation,2022-11,11.27955,percent,oecd_activity,2022-11-30,,2026-09-26T14:19:03+00:00,ok,0
oecd_bond_yield,za,nation,2022-12,11.38368,percent,oecd_activity,2022-12-31,,2026-09-26T14:19:03+00:00,ok,0
oecd_bond_yield,za,nation,2023-01,10.97286,percent,oecd_activity,2023-01-31,,2026-09-26T14:19:03+00:00,ok,0
oecd_bond_yield,za,nation,2023-02,11.046,percent,oecd_activity,2023-02-28,,2026-09-26T14:19:03+00:00,ok,0
oecd_bond_yield,za,nation,2023-03,11.19409,percent,oecd_activity,2023-03-31,,2026-09-26T14:19:03+00:00,ok,0
oecd_bond_yield,za,nation,2023-04,11.25882,percent,oecd_activity,2023-04-30,,2026-09-26T14:19:03+00:00,ok,0
oecd_bond_yield,za,nation,2023-05,11.94091,percent,oecd_activity,2023-05-31,,2026-09-26T14:19:03+00:00,ok,0
oecd_bond_yield,za,nation,2023-06,11.93952,percent,oecd_activity,2023-06-30,,2026-09-26T14:19:03+00:00,ok,0
oecd_bond_yield,za,nation,2023-07,11.72429,percent,oecd_activity,2023-07-31,,2026-09-26T14:19:03+00:00,ok,0
oecd_bond_yield,za,nation,2023-08,11.71591,percent,oecd_activity,2023-08-31,,2026-09-26T14:19:03+00:00,ok,0
oecd_bond_yield,za,nation,2023-09,12.0645,percent,oecd_activity,2023-09-30,,2026-09-26T14:19:03+00:00,ok,0
oecd_bond_yield,za,nation,2023-10,12.35909,percent,oecd_activity,2023-10-31,,2026-09-26T14:19:03+00:00,ok,0
oecd_bond_yield,za,nation,2023-11,11.78545,percent,oecd_activity,2023-11-30,,2026-09-26T14:19:03+00:00,ok,0
oecd_bond_yield,za,nation,2023-12,11.48556,percent,oecd_activity,2023-12-31,,2026-09-26T14:19:03+00:00,ok,0
oecd_bond_yield,za,nation,2024-01,11.42045,percent,oecd_activity,2024-01-31,,2026-09-26T14:19:03+00:00,ok,0
oecd_bond_yield,za,nation,2024-02,11.60952,percent,oecd_activity,2024-02-29,,2026-09-26T14:19:03+00:00,ok,0
oecd_bond_yield,za,nation,2024-03,11.90263,percent,oecd_activity,2024-03-31,,2026-09-26T14:19:03+00:00,ok,0
oecd_bond_yield,za,nation,2024-04,12.27476,percent,oecd_activity,2024-04-30,,2026-09-26T14:19:03+00:00,ok,0
oecd_bond_yield,za,nation,2024-05,12.0419,percent,oecd_activity,2024-05-31,,2026-09-26T14:19:03+00:00,ok,0
oecd_bond_yield,za,nation,2024-06,11.67895,percent,oecd_activity,2024-06-30,,2026-09-26T14:19:03+00:00,ok,0
oecd_bond_yield,za,nation,2024-07,11.02174,percent,oecd_activity,2024-07-31,,2026-09-26T14:19:03+00:00,ok,0
oecd_bond_yield,za,nation,2024-08,10.7,percent,oecd_activity,2024-08-31,,2026-09-26T14:19:03+00:00,ok,0
oecd_bond_yield,za,nation,2024-09,10.301,percent,oecd_activity,2024-09-30,,2026-09-26T14:19:03+00:00,ok,0
oecd_bond_yield,za,nation,2024-10,10.46435,percent,oecd_activity,2024-10-31,,2026-09-26T14:19:03+00:00,ok,0
oecd_bond_yield,za,nation,2024-11,10.3681,percent,oecd_activity,2024-11-30,,2026-09-26T14:19:03+00:00,ok,0
oecd_bond_yield,za,nation,2024-12,10.25211,percent,oecd_activity,2024-12-31,,2026-09-26T14:19:03+00:00,ok,0
oecd_bond_yield,za,nation,2025-01,10.41955,percent,oecd_activity,2025-01-31,,2026-09-26T14:19:03+00:00,ok,0
oecd_bond_yield,za,nation,2025-02,10.497,percent,oecd_activity,2025-02-28,,2026-09-26T14:19:03+00:00,ok,0
oecd_bond_yield,za,nation,2025-03,10.998,percent,oecd_activity,2025-03-31,,2026-09-26T14:19:03+00:00,ok,0
oecd_bond_yield,za,nation,2025-04,11.38474,percent,oecd_activity,2025-04-30,,2026-09-26T14:19:03+00:00,ok,0
oecd_bond_yield,za,nation,2025-05,11.06524,percent,oecd_activity,2025-05-31,,2026-09-26T14:19:03+00:00,ok,0
oecd_bond_yield,za,nation,2025-06,10.5795,percent,oecd_activity,2025-06-30,,2026-09-26T14:19:03+00:00,ok,0
oecd_bond_yield,za,nation,2025-07,10.39609,percent,oecd_activity,2025-07-31,,2026-09-26T14:19:03+00:00,ok,0
oecd_bond_yield,za,nation,2025-08,10.14524,percent,oecd_activity,2025-08-31,,2026-09-26T14:19:03+00:00,ok,0
oecd_bond_yield,za,nation,2025-09,9.871904,percent,oecd_activity,2025-09-30,,2026-09-26T14:19:03+00:00,ok,0
oecd_bond_yield,za,nation,2025-10,9.534348,percent,oecd_activity,2025-10-31,,2026-09-26T14:19:03+00:00,ok,0
oecd_bond_yield,za,nation,2025-11,9.1245,percent,oecd_activity,2025-11-30,,2026-09-26T14:19:03+00:00,ok,0
oecd_bond_yield,za,nation,2025-12,8.794,percent,oecd_activity,2025-12-31,,2026-09-26T14:19:03+00:00,ok,0
oecd_bond_yield,za,nation,2026-01,8.618095,percent,oecd_activity,2026-01-31,,2026-09-26T14:19:03+00:00,ok,0
oecd_bond_yield,za,nation,2026-02,8.257,percent,oecd_activity,2026-02-28,,2026-09-26T14:19:03+00:00,ok,0
oecd_bond_yield,za,nation,2026-03,9.05409,percent,oecd_activity,2026-03-31,,2026-09-26T14:19:03+00:00,ok,0
oecd_bond_yield,za,nation,2026-04,8.918421,percent,oecd_activity,2026-04-30,,2026-09-26T14:19:03+00:00,ok,0
oecd_bond_yield,za,nation,2026-05,8.995,percent,oecd_activity,2026-05-31,,2026-09-26T14:19:03+00:00,ok,0
oecd_bond_yield,za,nation,2026-06,8.702857,percent,oecd_activity,2026-06-30,,2026-09-26T14:19:03+00:00,ok,0
oecd_bond_yield,za,nation,2026-07,8.715218,percent,oecd_activity,2026-07-31,,2026-09-26T14:19:03+00:00,ok,0
oecd_bond_yield,za,nation,2026-08,8.75,percent,oecd_activity,2026-08-31,,2026-09-26T14:19:03+00:00,ok,0
