metric_id,geo_id,geo_level,period,value,unit,source_id,observation_end,published_at,fetched_at,quality_flag,revision
power_demand,au,nation,2015-01,18.79,twh,ember,2015-01-31,,2026-09-26,ok,0
power_demand,au,nation,2015-02,17.21,twh,ember,2015-02-28,,2026-09-26,ok,0
power_demand,au,nation,2015-03,18.31,twh,ember,2015-03-31,,2026-09-26,ok,0
power_demand,au,nation,2015-04,17,twh,ember,2015-04-30,,2026-09-26,ok,0
power_demand,au,nation,2015-05,18.26,twh,ember,2015-05-31,,2026-09-26,ok,0
power_demand,au,nation,2015-06,18.57,twh,ember,2015-06-30,,2026-09-26,ok,0
power_demand,au,nation,2015-07,19.78,twh,ember,2015-07-31,,2026-09-26,ok,0
power_demand,au,nation,2015-08,18.88,twh,ember,2015-08-31,,2026-09-26,ok,0
power_demand,au,nation,2015-09,17.45,twh,ember,2015-09-30,,2026-09-26,ok,0
power_demand,au,nation,2015-10,17.49,twh,ember,2015-10-31,,2026-09-26,ok,0
power_demand,au,nation,2015-11,17.64,twh,ember,2015-11-30,,2026-09-26,ok,0
power_demand,au,nation,2015-12,18.82,twh,ember,2015-12-31,,2026-09-26,ok,0
power_demand,au,nation,2016-01,19.02,twh,ember,2016-01-31,,2026-09-26,ok,0
power_demand,au,nation,2016-02,18.36,twh,ember,2016-02-29,,2026-09-26,ok,0
power_demand,au,nation,2016-03,18.97,twh,ember,2016-03-31,,2026-09-26,ok,0
power_demand,au,nation,2016-04,17.24,twh,ember,2016-04-30,,2026-09-26,ok,0
power_demand,au,nation,2016-05,18.16,twh,ember,2016-05-31,,2026-09-26,ok,0
power_demand,au,nation,2016-06,19.04,twh,ember,2016-06-30,,2026-09-26,ok,0
power_demand,au,nation,2016-07,19.68,twh,ember,2016-07-31,,2026-09-26,ok,0
power_demand,au,nation,2016-08,19.31,twh,ember,2016-08-31,,2026-09-26,ok,0
power_demand,au,nation,2016-09,17.78,twh,ember,2016-09-30,,2026-09-26,ok,0
power_demand,au,nation,2016-10,17.59,twh,ember,2016-10-31,,2026-09-26,ok,0
power_demand,au,nation,2016-11,17.76,twh,ember,2016-11-30,,2026-09-26,ok,0
power_demand,au,nation,2016-12,18.68,twh,ember,2016-12-31,,2026-09-26,ok,0
power_demand,au,nation,2017-01,19.75,twh,ember,2017-01-31,,2026-09-26,ok,0
power_demand,au,nation,2017-02,18.05,twh,ember,2017-02-28,,2026-09-26,ok,0
power_demand,au,nation,2017-03,18.93,twh,ember,2017-03-31,,2026-09-26,ok,0
power_demand,au,nation,2017-04,16.55,twh,ember,2017-04-30,,2026-09-26,ok,0
power_demand,au,nation,2017-05,18.3,twh,ember,2017-05-31,,2026-09-26,ok,0
power_demand,au,nation,2017-06,18.83,twh,ember,2017-06-30,,2026-09-26,ok,0
power_demand,au,nation,2017-07,19.46,twh,ember,2017-07-31,,2026-09-26,ok,0
power_demand,au,nation,2017-08,19,twh,ember,2017-08-31,,2026-09-26,ok,0
power_demand,au,nation,2017-09,17.74,twh,ember,2017-09-30,,2026-09-26,ok,0
power_demand,au,nation,2017-10,17.59,twh,ember,2017-10-31,,2026-09-26,ok,0
power_demand,au,nation,2017-11,17.78,twh,ember,2017-11-30,,2026-09-26,ok,0
power_demand,au,nation,2017-12,18.91,twh,ember,2017-12-31,,2026-09-26,ok,0
power_demand,au,nation,2018-01,19.97,twh,ember,2018-01-31,,2026-09-26,ok,0
power_demand,au,nation,2018-02,17.76,twh,ember,2018-02-28,,2026-09-26,ok,0
power_demand,au,nation,2018-03,18.67,twh,ember,2018-03-31,,2026-09-26,ok,0
power_demand,au,nation,2018-04,17.44,twh,ember,2018-04-30,,2026-09-26,ok,0
power_demand,au,nation,2018-05,18.59,twh,ember,2018-05-31,,2026-09-26,ok,0
power_demand,au,nation,2018-06,19.32,twh,ember,2018-06-30,,2026-09-26,ok,0
power_demand,au,nation,2018-07,19.81,twh,ember,2018-07-31,,2026-09-26,ok,0
power_demand,au,nation,2018-08,19.57,twh,ember,2018-08-31,,2026-09-26,ok,0
power_demand,au,nation,2018-09,17.84,twh,ember,2018-09-30,,2026-09-26,ok,0
power_demand,au,nation,2018-10,17.81,twh,ember,2018-10-31,,2026-09-26,ok,0
power_demand,au,nation,2018-11,17.63,twh,ember,2018-11-30,,2026-09-26,ok,0
power_demand,au,nation,2018-12,18.89,twh,ember,2018-12-31,,2026-09-26,ok,0
power_demand,au,nation,2019-01,20.65,twh,ember,2019-01-31,,2026-09-26,ok,0
power_demand,au,nation,2019-02,17.87,twh,ember,2019-02-28,,2026-09-26,ok,0
power_demand,au,nation,2019-03,19.15,twh,ember,2019-03-31,,2026-09-26,ok,0
power_demand,au,nation,2019-04,17.15,twh,ember,2019-04-30,,2026-09-26,ok,0
power_demand,au,nation,2019-05,18.56,twh,ember,2019-05-31,,2026-09-26,ok,0
power_demand,au,nation,2019-06,19.03,twh,ember,2019-06-30,,2026-09-26,ok,0
power_demand,au,nation,2019-07,19.66,twh,ember,2019-07-31,,2026-09-26,ok,0
power_demand,au,nation,2019-08,19.58,twh,ember,2019-08-31,,2026-09-26,ok,0
power_demand,au,nation,2019-09,17.67,twh,ember,2019-09-30,,2026-09-26,ok,0
power_demand,au,nation,2019-10,17.96,twh,ember,2019-10-31,,2026-09-26,ok,0
power_demand,au,nation,2019-11,17.99,twh,ember,2019-11-30,,2026-09-26,ok,0
power_demand,au,nation,2019-12,19.59,twh,ember,2019-12-31,,2026-09-26,ok,0
power_demand,au,nation,2020-01,20.07,twh,ember,2020-01-31,,2026-09-26,ok,0
power_demand,au,nation,2020-02,18.49,twh,ember,2020-02-29,,2026-09-26,ok,0
power_demand,au,nation,2020-03,18.41,twh,ember,2020-03-31,,2026-09-26,ok,0
power_demand,au,nation,2020-04,16.98,twh,ember,2020-04-30,,2026-09-26,ok,0
power_demand,au,nation,2020-05,18.41,twh,ember,2020-05-31,,2026-09-26,ok,0
power_demand,au,nation,2020-06,18.91,twh,ember,2020-06-30,,2026-09-26,ok,0
power_demand,au,nation,2020-07,19.85,twh,ember,2020-07-31,,2026-09-26,ok,0
power_demand,au,nation,2020-08,19.35,twh,ember,2020-08-31,,2026-09-26,ok,0
power_demand,au,nation,2020-09,17.36,twh,ember,2020-09-30,,2026-09-26,ok,0
power_demand,au,nation,2020-10,17.72,twh,ember,2020-10-31,,2026-09-26,ok,0
power_demand,au,nation,2020-11,18.04,twh,ember,2020-11-30,,2026-09-26,ok,0
power_demand,au,nation,2020-12,19,twh,ember,2020-12-31,,2026-09-26,ok,0
power_demand,au,nation,2021-01,19.44,twh,ember,2021-01-31,,2026-09-26,ok,0
power_demand,au,nation,2021-02,17.48,twh,ember,2021-02-28,,2026-09-26,ok,0
power_demand,au,nation,2021-03,18.68,twh,ember,2021-03-31,,2026-09-26,ok,0
power_demand,au,nation,2021-04,17.57,twh,ember,2021-04-30,,2026-09-26,ok,0
power_demand,au,nation,2021-05,18.83,twh,ember,2021-05-31,,2026-09-26,ok,0
power_demand,au,nation,2021-06,19.51,twh,ember,2021-06-30,,2026-09-26,ok,0
power_demand,au,nation,2021-07,20.56,twh,ember,2021-07-31,,2026-09-26,ok,0
power_demand,au,nation,2021-08,19.27,twh,ember,2021-08-31,,2026-09-26,ok,0
power_demand,au,nation,2021-09,17.75,twh,ember,2021-09-30,,2026-09-26,ok,0
power_demand,au,nation,2021-10,18.11,twh,ember,2021-10-31,,2026-09-26,ok,0
power_demand,au,nation,2021-11,17.76,twh,ember,2021-11-30,,2026-09-26,ok,0
power_demand,au,nation,2021-12,19.22,twh,ember,2021-12-31,,2026-09-26,ok,0
power_demand,au,nation,2022-01,20.47,twh,ember,2022-01-31,,2026-09-26,ok,0
power_demand,au,nation,2022-02,18.09,twh,ember,2022-02-28,,2026-09-26,ok,0
power_demand,au,nation,2022-03,19.35,twh,ember,2022-03-31,,2026-09-26,ok,0
power_demand,au,nation,2022-04,17.55,twh,ember,2022-04-30,,2026-09-26,ok,0
power_demand,au,nation,2022-05,19.1,twh,ember,2022-05-31,,2026-09-26,ok,0
power_demand,au,nation,2022-06,20.02,twh,ember,2022-06-30,,2026-09-26,ok,0
power_demand,au,nation,2022-07,20.85,twh,ember,2022-07-31,,2026-09-26,ok,0
power_demand,au,nation,2022-08,20.07,twh,ember,2022-08-31,,2026-09-26,ok,0
power_demand,au,nation,2022-09,18.43,twh,ember,2022-09-30,,2026-09-26,ok,0
power_demand,au,nation,2022-10,18.33,twh,ember,2022-10-31,,2026-09-26,ok,0
power_demand,au,nation,2022-11,17.82,twh,ember,2022-11-30,,2026-09-26,ok,0
power_demand,au,nation,2022-12,18.83,twh,ember,2022-12-31,,2026-09-26,ok,0
power_demand,au,nation,2023-01,19.92,twh,ember,2023-01-31,,2026-09-26,ok,0
power_demand,au,nation,2023-02,18.52,twh,ember,2023-02-28,,2026-09-26,ok,0
power_demand,au,nation,2023-03,19.73,twh,ember,2023-03-31,,2026-09-26,ok,0
power_demand,au,nation,2023-04,17.62,twh,ember,2023-04-30,,2026-09-26,ok,0
power_demand,au,nation,2023-05,19.72,twh,ember,2023-05-31,,2026-09-26,ok,0
power_demand,au,nation,2023-06,19.79,twh,ember,2023-06-30,,2026-09-26,ok,0
power_demand,au,nation,2023-07,20.22,twh,ember,2023-07-31,,2026-09-26,ok,0
power_demand,au,nation,2023-08,19.65,twh,ember,2023-08-31,,2026-09-26,ok,0
power_demand,au,nation,2023-09,17.99,twh,ember,2023-09-30,,2026-09-26,ok,0
power_demand,au,nation,2023-10,18.6,twh,ember,2023-10-31,,2026-09-26,ok,0
power_demand,au,nation,2023-11,18.47,twh,ember,2023-11-30,,2026-09-26,ok,0
power_demand,au,nation,2023-12,20.04,twh,ember,2023-12-31,,2026-09-26,ok,0
power_demand,au,nation,2024-01,20.75,twh,ember,2024-01-31,,2026-09-26,ok,0
power_demand,au,nation,2024-02,20.09,twh,ember,2024-02-29,,2026-09-26,ok,0
power_demand,au,nation,2024-03,19.96,twh,ember,2024-03-31,,2026-09-26,ok,0
power_demand,au,nation,2024-04,18.18,twh,ember,2024-04-30,,2026-09-26,ok,0
power_demand,au,nation,2024-05,19.56,twh,ember,2024-05-31,,2026-09-26,ok,0
power_demand,au,nation,2024-06,20.3,twh,ember,2024-06-30,,2026-09-26,ok,0
power_demand,au,nation,2024-07,21.39,twh,ember,2024-07-31,,2026-09-26,ok,0
power_demand,au,nation,2024-08,19.96,twh,ember,2024-08-31,,2026-09-26,ok,0
power_demand,au,nation,2024-09,18.55,twh,ember,2024-09-30,,2026-09-26,ok,0
power_demand,au,nation,2024-10,18.77,twh,ember,2024-10-31,,2026-09-26,ok,0
power_demand,au,nation,2024-11,19.12,twh,ember,2024-11-30,,2026-09-26,ok,0
power_demand,au,nation,2024-12,20.93,twh,ember,2024-12-31,,2026-09-26,ok,0
power_demand,au,nation,2025-01,21.18,twh,ember,2025-01-31,,2026-09-26,ok,0
power_demand,au,nation,2025-02,19.48,twh,ember,2025-02-28,,2026-09-26,ok,0
power_demand,au,nation,2025-03,20.65,twh,ember,2025-03-31,,2026-09-26,ok,0
power_demand,au,nation,2025-04,18.34,twh,ember,2025-04-30,,2026-09-26,ok,0
power_demand,au,nation,2025-05,19.6,twh,ember,2025-05-31,,2026-09-26,ok,0
power_demand,au,nation,2025-06,20.93,twh,ember,2025-06-30,,2026-09-26,ok,0
power_demand,au,nation,2025-07,21.9,twh,ember,2025-07-31,,2026-09-26,ok,0
power_demand,au,nation,2025-08,21.24,twh,ember,2025-08-31,,2026-09-26,ok,0
power_demand,au,nation,2025-09,19.18,twh,ember,2025-09-30,,2026-09-26,ok,0
power_demand,au,nation,2025-10,19.7,twh,ember,2025-10-31,,2026-09-26,ok,0
power_demand,au,nation,2025-11,19.53,twh,ember,2025-11-30,,2026-09-26,ok,0
power_demand,au,nation,2025-12,20.87,twh,ember,2025-12-31,,2026-09-26,ok,0
power_demand,au,nation,2026-01,21.79,twh,ember,2026-01-31,,2026-09-26,ok,0
power_demand,au,nation,2026-02,19.68,twh,ember,2026-02-28,,2026-09-26,ok,0
power_demand,au,nation,2026-03,20.36,twh,ember,2026-03-31,,2026-09-26,ok,0
power_demand,au,nation,2026-04,18.67,twh,ember,2026-04-30,,2026-09-26,ok,0
power_demand,au,nation,2026-05,19.62,twh,ember,2026-05-31,,2026-09-26,ok,0
power_demand,au,nation,2026-06,20.22,twh,ember,2026-06-30,,2026-09-26,ok,0
power_demand,br,nation,2018-01,54.34,twh,ember,2018-01-31,,2026-09-26,ok,0
power_demand,br,nation,2018-02,49.44,twh,ember,2018-02-28,,2026-09-26,ok,0
power_demand,br,nation,2018-03,55.49,twh,ember,2018-03-31,,2026-09-26,ok,0
power_demand,br,nation,2018-04,50.87,twh,ember,2018-04-30,,2026-09-26,ok,0
power_demand,br,nation,2018-05,49.46,twh,ember,2018-05-31,,2026-09-26,ok,0
power_demand,br,nation,2018-06,47.7,twh,ember,2018-06-30,,2026-09-26,ok,0
power_demand,br,nation,2018-07,49.14,twh,ember,2018-07-31,,2026-09-26,ok,0
power_demand,br,nation,2018-08,49.74,twh,ember,2018-08-31,,2026-09-26,ok,0
power_demand,br,nation,2018-09,48.86,twh,ember,2018-09-30,,2026-09-26,ok,0
power_demand,br,nation,2018-10,52.09,twh,ember,2018-10-31,,2026-09-26,ok,0
power_demand,br,nation,2018-11,50.8,twh,ember,2018-11-30,,2026-09-26,ok,0
power_demand,br,nation,2018-12,53.43,twh,ember,2018-12-31,,2026-09-26,ok,0
power_demand,br,nation,2019-01,58.52,twh,ember,2019-01-31,,2026-09-26,ok,0
power_demand,br,nation,2019-02,52.36,twh,ember,2019-02-28,,2026-09-26,ok,0
power_demand,br,nation,2019-03,55.17,twh,ember,2019-03-31,,2026-09-26,ok,0
power_demand,br,nation,2019-04,52.69,twh,ember,2019-04-30,,2026-09-26,ok,0
power_demand,br,nation,2019-05,52.3,twh,ember,2019-05-31,,2026-09-26,ok,0
power_demand,br,nation,2019-06,49.06,twh,ember,2019-06-30,,2026-09-26,ok,0
power_demand,br,nation,2019-07,49.85,twh,ember,2019-07-31,,2026-09-26,ok,0
power_demand,br,nation,2019-08,50.5,twh,ember,2019-08-31,,2026-09-26,ok,0
power_demand,br,nation,2019-09,51.05,twh,ember,2019-09-30,,2026-09-26,ok,0
power_demand,br,nation,2019-10,54.32,twh,ember,2019-10-31,,2026-09-26,ok,0
power_demand,br,nation,2019-11,52.55,twh,ember,2019-11-30,,2026-09-26,ok,0
power_demand,br,nation,2019-12,54.08,twh,ember,2019-12-31,,2026-09-26,ok,0
power_demand,br,nation,2020-01,56.86,twh,ember,2020-01-31,,2026-09-26,ok,0
power_demand,br,nation,2020-02,53.76,twh,ember,2020-02-29,,2026-09-26,ok,0
power_demand,br,nation,2020-03,55.11,twh,ember,2020-03-31,,2026-09-26,ok,0
power_demand,br,nation,2020-04,47.13,twh,ember,2020-04-30,,2026-09-26,ok,0
power_demand,br,nation,2020-05,47.6,twh,ember,2020-05-31,,2026-09-26,ok,0
power_demand,br,nation,2020-06,47.39,twh,ember,2020-06-30,,2026-09-26,ok,0
power_demand,br,nation,2020-07,50.17,twh,ember,2020-07-31,,2026-09-26,ok,0
power_demand,br,nation,2020-08,51.13,twh,ember,2020-08-31,,2026-09-26,ok,0
power_demand,br,nation,2020-09,53.06,twh,ember,2020-09-30,,2026-09-26,ok,0
power_demand,br,nation,2020-10,55.8,twh,ember,2020-10-31,,2026-09-26,ok,0
power_demand,br,nation,2020-11,52.2,twh,ember,2020-11-30,,2026-09-26,ok,0
power_demand,br,nation,2020-12,55.55,twh,ember,2020-12-31,,2026-09-26,ok,0
power_demand,br,nation,2021-01,56.21,twh,ember,2021-01-31,,2026-09-26,ok,0
power_demand,br,nation,2021-02,51.42,twh,ember,2021-02-28,,2026-09-26,ok,0
power_demand,br,nation,2021-03,58.69,twh,ember,2021-03-31,,2026-09-26,ok,0
power_demand,br,nation,2021-04,53.95,twh,ember,2021-04-30,,2026-09-26,ok,0
power_demand,br,nation,2021-05,54.62,twh,ember,2021-05-31,,2026-09-26,ok,0
power_demand,br,nation,2021-06,52.23,twh,ember,2021-06-30,,2026-09-26,ok,0
power_demand,br,nation,2021-07,53.14,twh,ember,2021-07-31,,2026-09-26,ok,0
power_demand,br,nation,2021-08,54.32,twh,ember,2021-08-31,,2026-09-26,ok,0
power_demand,br,nation,2021-09,54.59,twh,ember,2021-09-30,,2026-09-26,ok,0
power_demand,br,nation,2021-10,54.57,twh,ember,2021-10-31,,2026-09-26,ok,0
power_demand,br,nation,2021-11,55.23,twh,ember,2021-11-30,,2026-09-26,ok,0
power_demand,br,nation,2021-12,57.34,twh,ember,2021-12-31,,2026-09-26,ok,0
power_demand,br,nation,2022-01,58.82,twh,ember,2022-01-31,,2026-09-26,ok,0
power_demand,br,nation,2022-02,54.94,twh,ember,2022-02-28,,2026-09-26,ok,0
power_demand,br,nation,2022-03,60.8,twh,ember,2022-03-31,,2026-09-26,ok,0
power_demand,br,nation,2022-04,55.35,twh,ember,2022-04-30,,2026-09-26,ok,0
power_demand,br,nation,2022-05,55.71,twh,ember,2022-05-31,,2026-09-26,ok,0
power_demand,br,nation,2022-06,53.33,twh,ember,2022-06-30,,2026-09-26,ok,0
power_demand,br,nation,2022-07,55.46,twh,ember,2022-07-31,,2026-09-26,ok,0
power_demand,br,nation,2022-08,55.97,twh,ember,2022-08-31,,2026-09-26,ok,0
power_demand,br,nation,2022-09,55.03,twh,ember,2022-09-30,,2026-09-26,ok,0
power_demand,br,nation,2022-10,57.29,twh,ember,2022-10-31,,2026-09-26,ok,0
power_demand,br,nation,2022-11,55.27,twh,ember,2022-11-30,,2026-09-26,ok,0
power_demand,br,nation,2022-12,57.78,twh,ember,2022-12-31,,2026-09-26,ok,0
power_demand,br,nation,2023-01,59.71,twh,ember,2023-01-31,,2026-09-26,ok,0
power_demand,br,nation,2023-02,56.79,twh,ember,2023-02-28,,2026-09-26,ok,0
power_demand,br,nation,2023-03,63.32,twh,ember,2023-03-31,,2026-09-26,ok,0
power_demand,br,nation,2023-04,57.06,twh,ember,2023-04-30,,2026-09-26,ok,0
power_demand,br,nation,2023-05,58.1,twh,ember,2023-05-31,,2026-09-26,ok,0
power_demand,br,nation,2023-06,55.28,twh,ember,2023-06-30,,2026-09-26,ok,0
power_demand,br,nation,2023-07,56.64,twh,ember,2023-07-31,,2026-09-26,ok,0
power_demand,br,nation,2023-08,58.62,twh,ember,2023-08-31,,2026-09-26,ok,0
power_demand,br,nation,2023-09,59.1,twh,ember,2023-09-30,,2026-09-26,ok,0
power_demand,br,nation,2023-10,61.95,twh,ember,2023-10-31,,2026-09-26,ok,0
power_demand,br,nation,2023-11,62.57,twh,ember,2023-11-30,,2026-09-26,ok,0
power_demand,br,nation,2023-12,64.47,twh,ember,2023-12-31,,2026-09-26,ok,0
power_demand,br,nation,2024-01,63.48,twh,ember,2024-01-31,,2026-09-26,ok,0
power_demand,br,nation,2024-02,62.3,twh,ember,2024-02-29,,2026-09-26,ok,0
power_demand,br,nation,2024-03,65.81,twh,ember,2024-03-31,,2026-09-26,ok,0
power_demand,br,nation,2024-04,61.85,twh,ember,2024-04-30,,2026-09-26,ok,0
power_demand,br,nation,2024-05,62.13,twh,ember,2024-05-31,,2026-09-26,ok,0
power_demand,br,nation,2024-06,58.07,twh,ember,2024-06-30,,2026-09-26,ok,0
power_demand,br,nation,2024-07,60.47,twh,ember,2024-07-31,,2026-09-26,ok,0
power_demand,br,nation,2024-08,61.69,twh,ember,2024-08-31,,2026-09-26,ok,0
power_demand,br,nation,2024-09,62.34,twh,ember,2024-09-30,,2026-09-26,ok,0
power_demand,br,nation,2024-10,64.44,twh,ember,2024-10-31,,2026-09-26,ok,0
power_demand,br,nation,2024-11,62.55,twh,ember,2024-11-30,,2026-09-26,ok,0
power_demand,br,nation,2024-12,63.66,twh,ember,2024-12-31,,2026-09-26,ok,0
power_demand,br,nation,2025-01,66.32,twh,ember,2025-01-31,,2026-09-26,ok,0
power_demand,br,nation,2025-02,64.62,twh,ember,2025-02-28,,2026-09-26,ok,0
power_demand,br,nation,2025-03,68,twh,ember,2025-03-31,,2026-09-26,ok,0
power_demand,br,nation,2025-04,62.12,twh,ember,2025-04-30,,2026-09-26,ok,0
power_demand,br,nation,2025-05,61.55,twh,ember,2025-05-31,,2026-09-26,ok,0
power_demand,br,nation,2025-06,59.37,twh,ember,2025-06-30,,2026-09-26,ok,0
power_demand,br,nation,2025-07,61.19,twh,ember,2025-07-31,,2026-09-26,ok,0
power_demand,br,nation,2025-08,61.19,twh,ember,2025-08-31,,2026-09-26,ok,0
power_demand,br,nation,2025-09,60.54,twh,ember,2025-09-30,,2026-09-26,ok,0
power_demand,br,nation,2025-10,63.05,twh,ember,2025-10-31,,2026-09-26,ok,0
power_demand,br,nation,2025-11,61.7,twh,ember,2025-11-30,,2026-09-26,ok,0
power_demand,br,nation,2025-12,65.59,twh,ember,2025-12-31,,2026-09-26,ok,0
power_demand,br,nation,2026-01,66.26,twh,ember,2026-01-31,,2026-09-26,ok,0
power_demand,br,nation,2026-02,62.76,twh,ember,2026-02-28,,2026-09-26,ok,0
power_demand,br,nation,2026-03,68.01,twh,ember,2026-03-31,,2026-09-26,ok,0
power_demand,br,nation,2026-04,63.6,twh,ember,2026-04-30,,2026-09-26,ok,0
power_demand,ca,nation,2015-01,60.98,twh,ember,2015-01-31,,2026-09-26,ok,0
power_demand,ca,nation,2015-02,55.3,twh,ember,2015-02-28,,2026-09-26,ok,0
power_demand,ca,nation,2015-03,55.28,twh,ember,2015-03-31,,2026-09-26,ok,0
power_demand,ca,nation,2015-04,47.74,twh,ember,2015-04-30,,2026-09-26,ok,0
power_demand,ca,nation,2015-05,44.55,twh,ember,2015-05-31,,2026-09-26,ok,0
power_demand,ca,nation,2015-06,44.33,twh,ember,2015-06-30,,2026-09-26,ok,0
power_demand,ca,nation,2015-07,46.77,twh,ember,2015-07-31,,2026-09-26,ok,0
power_demand,ca,nation,2015-08,46.56,twh,ember,2015-08-31,,2026-09-26,ok,0
power_demand,ca,nation,2015-09,43.66,twh,ember,2015-09-30,,2026-09-26,ok,0
power_demand,ca,nation,2015-10,44.72,twh,ember,2015-10-31,,2026-09-26,ok,0
power_demand,ca,nation,2015-11,48.99,twh,ember,2015-11-30,,2026-09-26,ok,0
power_demand,ca,nation,2015-12,53.87,twh,ember,2015-12-31,,2026-09-26,ok,0
power_demand,ca,nation,2016-01,64.23,twh,ember,2016-01-31,,2026-09-26,ok,0
power_demand,ca,nation,2016-02,57.92,twh,ember,2016-02-29,,2026-09-26,ok,0
power_demand,ca,nation,2016-03,57.12,twh,ember,2016-03-31,,2026-09-26,ok,0
power_demand,ca,nation,2016-04,49.97,twh,ember,2016-04-30,,2026-09-26,ok,0
power_demand,ca,nation,2016-05,47.88,twh,ember,2016-05-31,,2026-09-26,ok,0
power_demand,ca,nation,2016-06,48.57,twh,ember,2016-06-30,,2026-09-26,ok,0
power_demand,ca,nation,2016-07,51.86,twh,ember,2016-07-31,,2026-09-26,ok,0
power_demand,ca,nation,2016-08,52.37,twh,ember,2016-08-31,,2026-09-26,ok,0
power_demand,ca,nation,2016-09,48.2,twh,ember,2016-09-30,,2026-09-26,ok,0
power_demand,ca,nation,2016-10,50.28,twh,ember,2016-10-31,,2026-09-26,ok,0
power_demand,ca,nation,2016-11,54.36,twh,ember,2016-11-30,,2026-09-26,ok,0
power_demand,ca,nation,2016-12,63.48,twh,ember,2016-12-31,,2026-09-26,ok,0
power_demand,ca,nation,2017-01,64.32,twh,ember,2017-01-31,,2026-09-26,ok,0
power_demand,ca,nation,2017-02,56.47,twh,ember,2017-02-28,,2026-09-26,ok,0
power_demand,ca,nation,2017-03,60.38,twh,ember,2017-03-31,,2026-09-26,ok,0
power_demand,ca,nation,2017-04,50.64,twh,ember,2017-04-30,,2026-09-26,ok,0
power_demand,ca,nation,2017-05,48.77,twh,ember,2017-05-31,,2026-09-26,ok,0
power_demand,ca,nation,2017-06,47.91,twh,ember,2017-06-30,,2026-09-26,ok,0
power_demand,ca,nation,2017-07,51.92,twh,ember,2017-07-31,,2026-09-26,ok,0
power_demand,ca,nation,2017-08,52.04,twh,ember,2017-08-31,,2026-09-26,ok,0
power_demand,ca,nation,2017-09,48.6,twh,ember,2017-09-30,,2026-09-26,ok,0
power_demand,ca,nation,2017-10,48.31,twh,ember,2017-10-31,,2026-09-26,ok,0
power_demand,ca,nation,2017-11,55.6,twh,ember,2017-11-30,,2026-09-26,ok,0
power_demand,ca,nation,2017-12,64.37,twh,ember,2017-12-31,,2026-09-26,ok,0
power_demand,ca,nation,2018-01,64.64,twh,ember,2018-01-31,,2026-09-26,ok,0
power_demand,ca,nation,2018-02,55.6,twh,ember,2018-02-28,,2026-09-26,ok,0
power_demand,ca,nation,2018-03,57.2,twh,ember,2018-03-31,,2026-09-26,ok,0
power_demand,ca,nation,2018-04,50.04,twh,ember,2018-04-30,,2026-09-26,ok,0
power_demand,ca,nation,2018-05,48.07,twh,ember,2018-05-31,,2026-09-26,ok,0
power_demand,ca,nation,2018-06,46.99,twh,ember,2018-06-30,,2026-09-26,ok,0
power_demand,ca,nation,2018-07,52.65,twh,ember,2018-07-31,,2026-09-26,ok,0
power_demand,ca,nation,2018-08,52.04,twh,ember,2018-08-31,,2026-09-26,ok,0
power_demand,ca,nation,2018-09,47.14,twh,ember,2018-09-30,,2026-09-26,ok,0
power_demand,ca,nation,2018-10,50.36,twh,ember,2018-10-31,,2026-09-26,ok,0
power_demand,ca,nation,2018-11,55.58,twh,ember,2018-11-30,,2026-09-26,ok,0
power_demand,ca,nation,2018-12,61.14,twh,ember,2018-12-31,,2026-09-26,ok,0
power_demand,ca,nation,2019-01,61.18,twh,ember,2019-01-31,,2026-09-26,ok,0
power_demand,ca,nation,2019-02,55.3,twh,ember,2019-02-28,,2026-09-26,ok,0
power_demand,ca,nation,2019-03,55.13,twh,ember,2019-03-31,,2026-09-26,ok,0
power_demand,ca,nation,2019-04,46.85,twh,ember,2019-04-30,,2026-09-26,ok,0
power_demand,ca,nation,2019-05,44.37,twh,ember,2019-05-31,,2026-09-26,ok,0
power_demand,ca,nation,2019-06,42.18,twh,ember,2019-06-30,,2026-09-26,ok,0
power_demand,ca,nation,2019-07,46.77,twh,ember,2019-07-31,,2026-09-26,ok,0
power_demand,ca,nation,2019-08,44.75,twh,ember,2019-08-31,,2026-09-26,ok,0
power_demand,ca,nation,2019-09,41.93,twh,ember,2019-09-30,,2026-09-26,ok,0
power_demand,ca,nation,2019-10,45.72,twh,ember,2019-10-31,,2026-09-26,ok,0
power_demand,ca,nation,2019-11,51.61,twh,ember,2019-11-30,,2026-09-26,ok,0
power_demand,ca,nation,2019-12,57.23,twh,ember,2019-12-31,,2026-09-26,ok,0
power_demand,ca,nation,2020-01,58.69,twh,ember,2020-01-31,,2026-09-26,ok,0
power_demand,ca,nation,2020-02,54.46,twh,ember,2020-02-29,,2026-09-26,ok,0
power_demand,ca,nation,2020-03,53.4,twh,ember,2020-03-31,,2026-09-26,ok,0
power_demand,ca,nation,2020-04,44.54,twh,ember,2020-04-30,,2026-09-26,ok,0
power_demand,ca,nation,2020-05,41.53,twh,ember,2020-05-31,,2026-09-26,ok,0
power_demand,ca,nation,2020-06,42.25,twh,ember,2020-06-30,,2026-09-26,ok,0
power_demand,ca,nation,2020-07,46.28,twh,ember,2020-07-31,,2026-09-26,ok,0
power_demand,ca,nation,2020-08,44.51,twh,ember,2020-08-31,,2026-09-26,ok,0
power_demand,ca,nation,2020-09,41.27,twh,ember,2020-09-30,,2026-09-26,ok,0
power_demand,ca,nation,2020-10,45.29,twh,ember,2020-10-31,,2026-09-26,ok,0
power_demand,ca,nation,2020-11,49.39,twh,ember,2020-11-30,,2026-09-26,ok,0
power_demand,ca,nation,2020-12,56,twh,ember,2020-12-31,,2026-09-26,ok,0
power_demand,ca,nation,2021-01,57.14,twh,ember,2021-01-31,,2026-09-26,ok,0
power_demand,ca,nation,2021-02,53.74,twh,ember,2021-02-28,,2026-09-26,ok,0
power_demand,ca,nation,2021-03,52.71,twh,ember,2021-03-31,,2026-09-26,ok,0
power_demand,ca,nation,2021-04,44.78,twh,ember,2021-04-30,,2026-09-26,ok,0
power_demand,ca,nation,2021-05,43.82,twh,ember,2021-05-31,,2026-09-26,ok,0
power_demand,ca,nation,2021-06,43.85,twh,ember,2021-06-30,,2026-09-26,ok,0
power_demand,ca,nation,2021-07,44.93,twh,ember,2021-07-31,,2026-09-26,ok,0
power_demand,ca,nation,2021-08,46.24,twh,ember,2021-08-31,,2026-09-26,ok,0
power_demand,ca,nation,2021-09,42,twh,ember,2021-09-30,,2026-09-26,ok,0
power_demand,ca,nation,2021-10,44.42,twh,ember,2021-10-31,,2026-09-26,ok,0
power_demand,ca,nation,2021-11,49.44,twh,ember,2021-11-30,,2026-09-26,ok,0
power_demand,ca,nation,2021-12,56.99,twh,ember,2021-12-31,,2026-09-26,ok,0
power_demand,ca,nation,2022-01,61.5,twh,ember,2022-01-31,,2026-09-26,ok,0
power_demand,ca,nation,2022-02,53.4,twh,ember,2022-02-28,,2026-09-26,ok,0
power_demand,ca,nation,2022-03,53.65,twh,ember,2022-03-31,,2026-09-26,ok,0
power_demand,ca,nation,2022-04,46.56,twh,ember,2022-04-30,,2026-09-26,ok,0
power_demand,ca,nation,2022-05,43.84,twh,ember,2022-05-31,,2026-09-26,ok,0
power_demand,ca,nation,2022-06,42.34,twh,ember,2022-06-30,,2026-09-26,ok,0
power_demand,ca,nation,2022-07,45.32,twh,ember,2022-07-31,,2026-09-26,ok,0
power_demand,ca,nation,2022-08,46.55,twh,ember,2022-08-31,,2026-09-26,ok,0
power_demand,ca,nation,2022-09,42.7,twh,ember,2022-09-30,,2026-09-26,ok,0
power_demand,ca,nation,2022-10,44.55,twh,ember,2022-10-31,,2026-09-26,ok,0
power_demand,ca,nation,2022-11,50.63,twh,ember,2022-11-30,,2026-09-26,ok,0
power_demand,ca,nation,2022-12,57.5,twh,ember,2022-12-31,,2026-09-26,ok,0
power_demand,ca,nation,2023-01,57.96,twh,ember,2023-01-31,,2026-09-26,ok,0
power_demand,ca,nation,2023-02,53.39,twh,ember,2023-02-28,,2026-09-26,ok,0
power_demand,ca,nation,2023-03,53.89,twh,ember,2023-03-31,,2026-09-26,ok,0
power_demand,ca,nation,2023-04,45.88,twh,ember,2023-04-30,,2026-09-26,ok,0
power_demand,ca,nation,2023-05,44.05,twh,ember,2023-05-31,,2026-09-26,ok,0
power_demand,ca,nation,2023-06,43.33,twh,ember,2023-06-30,,2026-09-26,ok,0
power_demand,ca,nation,2023-07,46.92,twh,ember,2023-07-31,,2026-09-26,ok,0
power_demand,ca,nation,2023-08,45.42,twh,ember,2023-08-31,,2026-09-26,ok,0
power_demand,ca,nation,2023-09,43.46,twh,ember,2023-09-30,,2026-09-26,ok,0
power_demand,ca,nation,2023-10,45.43,twh,ember,2023-10-31,,2026-09-26,ok,0
power_demand,ca,nation,2023-11,51.89,twh,ember,2023-11-30,,2026-09-26,ok,0
power_demand,ca,nation,2023-12,55.71,twh,ember,2023-12-31,,2026-09-26,ok,0
power_demand,ca,nation,2024-01,61.22,twh,ember,2024-01-31,,2026-09-26,ok,0
power_demand,ca,nation,2024-02,53.57,twh,ember,2024-02-29,,2026-09-26,ok,0
power_demand,ca,nation,2024-03,53.2,twh,ember,2024-03-31,,2026-09-26,ok,0
power_demand,ca,nation,2024-04,46.62,twh,ember,2024-04-30,,2026-09-26,ok,0
power_demand,ca,nation,2024-05,44.07,twh,ember,2024-05-31,,2026-09-26,ok,0
power_demand,ca,nation,2024-06,43.52,twh,ember,2024-06-30,,2026-09-26,ok,0
power_demand,ca,nation,2024-07,48.48,twh,ember,2024-07-31,,2026-09-26,ok,0
power_demand,ca,nation,2024-08,46.64,twh,ember,2024-08-31,,2026-09-26,ok,0
power_demand,ca,nation,2024-09,43.65,twh,ember,2024-09-30,,2026-09-26,ok,0
power_demand,ca,nation,2024-10,45.98,twh,ember,2024-10-31,,2026-09-26,ok,0
power_demand,ca,nation,2024-11,49.86,twh,ember,2024-11-30,,2026-09-26,ok,0
power_demand,ca,nation,2024-12,59.87,twh,ember,2024-12-31,,2026-09-26,ok,0
power_demand,ca,nation,2025-01,63.54,twh,ember,2025-01-31,,2026-09-26,ok,0
power_demand,ca,nation,2025-02,57.61,twh,ember,2025-02-28,,2026-09-26,ok,0
power_demand,ca,nation,2025-03,57.03,twh,ember,2025-03-31,,2026-09-26,ok,0
power_demand,ca,nation,2025-04,47.98,twh,ember,2025-04-30,,2026-09-26,ok,0
power_demand,ca,nation,2025-05,45.29,twh,ember,2025-05-31,,2026-09-26,ok,0
power_demand,ca,nation,2025-06,44.78,twh,ember,2025-06-30,,2026-09-26,ok,0
power_demand,ca,nation,2025-07,48.83,twh,ember,2025-07-31,,2026-09-26,ok,0
power_demand,ca,nation,2025-08,47.42,twh,ember,2025-08-31,,2026-09-26,ok,0
power_demand,ca,nation,2025-09,43.83,twh,ember,2025-09-30,,2026-09-26,ok,0
power_demand,ca,nation,2025-10,46.51,twh,ember,2025-10-31,,2026-09-26,ok,0
power_demand,ca,nation,2025-11,52.57,twh,ember,2025-11-30,,2026-09-26,ok,0
power_demand,ca,nation,2025-12,62.66,twh,ember,2025-12-31,,2026-09-26,ok,0
power_demand,ca,nation,2026-01,64.33,twh,ember,2026-01-31,,2026-09-26,ok,0
power_demand,ca,nation,2026-02,56.13,twh,ember,2026-02-28,,2026-09-26,ok,0
power_demand,ca,nation,2026-03,57.43,twh,ember,2026-03-31,,2026-09-26,ok,0
power_demand,ca,nation,2026-04,48.66,twh,ember,2026-04-30,,2026-09-26,ok,0
power_demand,ch,nation,2017-01,6.79,twh,ember,2017-01-31,,2026-09-26,ok,0
power_demand,ch,nation,2017-02,5.77,twh,ember,2017-02-28,,2026-09-26,ok,0
power_demand,ch,nation,2017-03,5.88,twh,ember,2017-03-31,,2026-09-26,ok,0
power_demand,ch,nation,2017-04,5.09,twh,ember,2017-04-30,,2026-09-26,ok,0
power_demand,ch,nation,2017-05,5.28,twh,ember,2017-05-31,,2026-09-26,ok,0
power_demand,ch,nation,2017-06,5.12,twh,ember,2017-06-30,,2026-09-26,ok,0
power_demand,ch,nation,2017-07,5.07,twh,ember,2017-07-31,,2026-09-26,ok,0
power_demand,ch,nation,2017-08,5.18,twh,ember,2017-08-31,,2026-09-26,ok,0
power_demand,ch,nation,2017-09,5.2,twh,ember,2017-09-30,,2026-09-26,ok,0
power_demand,ch,nation,2017-10,5.61,twh,ember,2017-10-31,,2026-09-26,ok,0
power_demand,ch,nation,2017-11,6.17,twh,ember,2017-11-30,,2026-09-26,ok,0
power_demand,ch,nation,2017-12,6.64,twh,ember,2017-12-31,,2026-09-26,ok,0
power_demand,ch,nation,2018-01,6.4,twh,ember,2018-01-31,,2026-09-26,ok,0
power_demand,ch,nation,2018-02,6.04,twh,ember,2018-02-28,,2026-09-26,ok,0
power_demand,ch,nation,2018-03,6.37,twh,ember,2018-03-31,,2026-09-26,ok,0
power_demand,ch,nation,2018-04,5.18,twh,ember,2018-04-30,,2026-09-26,ok,0
power_demand,ch,nation,2018-05,5.24,twh,ember,2018-05-31,,2026-09-26,ok,0
power_demand,ch,nation,2018-06,5.23,twh,ember,2018-06-30,,2026-09-26,ok,0
power_demand,ch,nation,2018-07,4.99,twh,ember,2018-07-31,,2026-09-26,ok,0
power_demand,ch,nation,2018-08,4.98,twh,ember,2018-08-31,,2026-09-26,ok,0
power_demand,ch,nation,2018-09,5.38,twh,ember,2018-09-30,,2026-09-26,ok,0
power_demand,ch,nation,2018-10,6.08,twh,ember,2018-10-31,,2026-09-26,ok,0
power_demand,ch,nation,2018-11,6.25,twh,ember,2018-11-30,,2026-09-26,ok,0
power_demand,ch,nation,2018-12,6.33,twh,ember,2018-12-31,,2026-09-26,ok,0
power_demand,ch,nation,2019-01,6.48,twh,ember,2019-01-31,,2026-09-26,ok,0
power_demand,ch,nation,2019-02,5.77,twh,ember,2019-02-28,,2026-09-26,ok,0
power_demand,ch,nation,2019-03,6.03,twh,ember,2019-03-31,,2026-09-26,ok,0
power_demand,ch,nation,2019-04,5.21,twh,ember,2019-04-30,,2026-09-26,ok,0
power_demand,ch,nation,2019-05,5.56,twh,ember,2019-05-31,,2026-09-26,ok,0
power_demand,ch,nation,2019-06,5.37,twh,ember,2019-06-30,,2026-09-26,ok,0
power_demand,ch,nation,2019-07,5.06,twh,ember,2019-07-31,,2026-09-26,ok,0
power_demand,ch,nation,2019-08,5.02,twh,ember,2019-08-31,,2026-09-26,ok,0
power_demand,ch,nation,2019-09,5.45,twh,ember,2019-09-30,,2026-09-26,ok,0
power_demand,ch,nation,2019-10,6.04,twh,ember,2019-10-31,,2026-09-26,ok,0
power_demand,ch,nation,2019-11,6.2,twh,ember,2019-11-30,,2026-09-26,ok,0
power_demand,ch,nation,2019-12,6.25,twh,ember,2019-12-31,,2026-09-26,ok,0
power_demand,ch,nation,2020-01,6.4,twh,ember,2020-01-31,,2026-09-26,ok,0
power_demand,ch,nation,2020-02,6.01,twh,ember,2020-02-29,,2026-09-26,ok,0
power_demand,ch,nation,2020-03,5.87,twh,ember,2020-03-31,,2026-09-26,ok,0
power_demand,ch,nation,2020-04,4.86,twh,ember,2020-04-30,,2026-09-26,ok,0
power_demand,ch,nation,2020-05,5.13,twh,ember,2020-05-31,,2026-09-26,ok,0
power_demand,ch,nation,2020-06,4.94,twh,ember,2020-06-30,,2026-09-26,ok,0
power_demand,ch,nation,2020-07,5.11,twh,ember,2020-07-31,,2026-09-26,ok,0
power_demand,ch,nation,2020-08,5.01,twh,ember,2020-08-31,,2026-09-26,ok,0
power_demand,ch,nation,2020-09,4.9,twh,ember,2020-09-30,,2026-09-26,ok,0
power_demand,ch,nation,2020-10,5.67,twh,ember,2020-10-31,,2026-09-26,ok,0
power_demand,ch,nation,2020-11,5.83,twh,ember,2020-11-30,,2026-09-26,ok,0
power_demand,ch,nation,2020-12,6.33,twh,ember,2020-12-31,,2026-09-26,ok,0
power_demand,ch,nation,2021-01,6.47,twh,ember,2021-01-31,,2026-09-26,ok,0
power_demand,ch,nation,2021-02,5.73,twh,ember,2021-02-28,,2026-09-26,ok,0
power_demand,ch,nation,2021-03,5.99,twh,ember,2021-03-31,,2026-09-26,ok,0
power_demand,ch,nation,2021-04,5.32,twh,ember,2021-04-30,,2026-09-26,ok,0
power_demand,ch,nation,2021-05,5.48,twh,ember,2021-05-31,,2026-09-26,ok,0
power_demand,ch,nation,2021-06,5.19,twh,ember,2021-06-30,,2026-09-26,ok,0
power_demand,ch,nation,2021-07,5.4,twh,ember,2021-07-31,,2026-09-26,ok,0
power_demand,ch,nation,2021-08,5.2,twh,ember,2021-08-31,,2026-09-26,ok,0
power_demand,ch,nation,2021-09,5.2,twh,ember,2021-09-30,,2026-09-26,ok,0
power_demand,ch,nation,2021-10,5.75,twh,ember,2021-10-31,,2026-09-26,ok,0
power_demand,ch,nation,2021-11,6.21,twh,ember,2021-11-30,,2026-09-26,ok,0
power_demand,ch,nation,2021-12,6.62,twh,ember,2021-12-31,,2026-09-26,ok,0
power_demand,ch,nation,2022-01,6.58,twh,ember,2022-01-31,,2026-09-26,ok,0
power_demand,ch,nation,2022-02,6,twh,ember,2022-02-28,,2026-09-26,ok,0
power_demand,ch,nation,2022-03,6.01,twh,ember,2022-03-31,,2026-09-26,ok,0
power_demand,ch,nation,2022-04,5.42,twh,ember,2022-04-30,,2026-09-26,ok,0
power_demand,ch,nation,2022-05,5.38,twh,ember,2022-05-31,,2026-09-26,ok,0
power_demand,ch,nation,2022-06,5.29,twh,ember,2022-06-30,,2026-09-26,ok,0
power_demand,ch,nation,2022-07,5.36,twh,ember,2022-07-31,,2026-09-26,ok,0
power_demand,ch,nation,2022-08,5.3,twh,ember,2022-08-31,,2026-09-26,ok,0
power_demand,ch,nation,2022-09,5.27,twh,ember,2022-09-30,,2026-09-26,ok,0
power_demand,ch,nation,2022-10,5.52,twh,ember,2022-10-31,,2026-09-26,ok,0
power_demand,ch,nation,2022-11,5.86,twh,ember,2022-11-30,,2026-09-26,ok,0
power_demand,ch,nation,2022-12,6.41,twh,ember,2022-12-31,,2026-09-26,ok,0
power_demand,ch,nation,2023-01,6.44,twh,ember,2023-01-31,,2026-09-26,ok,0
power_demand,ch,nation,2023-02,5.65,twh,ember,2023-02-28,,2026-09-26,ok,0
power_demand,ch,nation,2023-03,5.88,twh,ember,2023-03-31,,2026-09-26,ok,0
power_demand,ch,nation,2023-04,5.4,twh,ember,2023-04-30,,2026-09-26,ok,0
power_demand,ch,nation,2023-05,5.4,twh,ember,2023-05-31,,2026-09-26,ok,0
power_demand,ch,nation,2023-06,5.38,twh,ember,2023-06-30,,2026-09-26,ok,0
power_demand,ch,nation,2023-07,5.32,twh,ember,2023-07-31,,2026-09-26,ok,0
power_demand,ch,nation,2023-08,5.21,twh,ember,2023-08-31,,2026-09-26,ok,0
power_demand,ch,nation,2023-09,5.16,twh,ember,2023-09-30,,2026-09-26,ok,0
power_demand,ch,nation,2023-10,5.55,twh,ember,2023-10-31,,2026-09-26,ok,0
power_demand,ch,nation,2023-11,5.93,twh,ember,2023-11-30,,2026-09-26,ok,0
power_demand,ch,nation,2023-12,6.38,twh,ember,2023-12-31,,2026-09-26,ok,0
power_demand,ch,nation,2024-01,6.54,twh,ember,2024-01-31,,2026-09-26,ok,0
power_demand,ch,nation,2024-02,5.87,twh,ember,2024-02-29,,2026-09-26,ok,0
power_demand,ch,nation,2024-03,5.79,twh,ember,2024-03-31,,2026-09-26,ok,0
power_demand,ch,nation,2024-04,5.52,twh,ember,2024-04-30,,2026-09-26,ok,0
power_demand,ch,nation,2024-05,5.5,twh,ember,2024-05-31,,2026-09-26,ok,0
power_demand,ch,nation,2024-06,5.47,twh,ember,2024-06-30,,2026-09-26,ok,0
power_demand,ch,nation,2024-07,5.42,twh,ember,2024-07-31,,2026-09-26,ok,0
power_demand,ch,nation,2024-08,5.34,twh,ember,2024-08-31,,2026-09-26,ok,0
power_demand,ch,nation,2024-09,5.34,twh,ember,2024-09-30,,2026-09-26,ok,0
power_demand,ch,nation,2024-10,5.59,twh,ember,2024-10-31,,2026-09-26,ok,0
power_demand,ch,nation,2024-11,6.15,twh,ember,2024-11-30,,2026-09-26,ok,0
power_demand,ch,nation,2024-12,6.54,twh,ember,2024-12-31,,2026-09-26,ok,0
power_demand,ch,nation,2025-01,6.61,twh,ember,2025-01-31,,2026-09-26,ok,0
power_demand,ch,nation,2025-02,5.91,twh,ember,2025-02-28,,2026-09-26,ok,0
power_demand,ch,nation,2025-03,6.09,twh,ember,2025-03-31,,2026-09-26,ok,0
power_demand,ch,nation,2025-04,5.21,twh,ember,2025-04-30,,2026-09-26,ok,0
power_demand,ch,nation,2025-05,5.49,twh,ember,2025-05-31,,2026-09-26,ok,0
power_demand,ch,nation,2025-06,5.63,twh,ember,2025-06-30,,2026-09-26,ok,0
power_demand,ch,nation,2025-07,5.6,twh,ember,2025-07-31,,2026-09-26,ok,0
power_demand,ch,nation,2025-08,5.52,twh,ember,2025-08-31,,2026-09-26,ok,0
power_demand,ch,nation,2025-09,5.49,twh,ember,2025-09-30,,2026-09-26,ok,0
power_demand,ch,nation,2025-10,5.8,twh,ember,2025-10-31,,2026-09-26,ok,0
power_demand,ch,nation,2025-11,6.2,twh,ember,2025-11-30,,2026-09-26,ok,0
power_demand,ch,nation,2025-12,6.63,twh,ember,2025-12-31,,2026-09-26,ok,0
power_demand,ch,nation,2026-01,7.05,twh,ember,2026-01-31,,2026-09-26,ok,0
power_demand,ch,nation,2026-02,5.99,twh,ember,2026-02-28,,2026-09-26,ok,0
power_demand,ch,nation,2026-03,6.28,twh,ember,2026-03-31,,2026-09-26,ok,0
power_demand,ch,nation,2026-04,5.61,twh,ember,2026-04-30,,2026-09-26,ok,0
power_demand,ch,nation,2026-05,5.36,twh,ember,2026-05-31,,2026-09-26,ok,0
power_demand,cn,nation,2015-01,431.88,twh,ember,2015-01-31,,2026-09-26,ok,0
power_demand,cn,nation,2015-02,431.21,twh,ember,2015-02-28,,2026-09-26,ok,0
power_demand,cn,nation,2015-03,456.68,twh,ember,2015-03-31,,2026-09-26,ok,0
power_demand,cn,nation,2015-04,449.57,twh,ember,2015-04-30,,2026-09-26,ok,0
power_demand,cn,nation,2015-05,461.04,twh,ember,2015-05-31,,2026-09-26,ok,0
power_demand,cn,nation,2015-06,477.86,twh,ember,2015-06-30,,2026-09-26,ok,0
power_demand,cn,nation,2015-07,509.77,twh,ember,2015-07-31,,2026-09-26,ok,0
power_demand,cn,nation,2015-08,517.15,twh,ember,2015-08-31,,2026-09-26,ok,0
power_demand,cn,nation,2015-09,457.14,twh,ember,2015-09-30,,2026-09-26,ok,0
power_demand,cn,nation,2015-10,448.73,twh,ember,2015-10-31,,2026-09-26,ok,0
power_demand,cn,nation,2015-11,467.68,twh,ember,2015-11-30,,2026-09-26,ok,0
power_demand,cn,nation,2015-12,496.5,twh,ember,2015-12-31,,2026-09-26,ok,0
power_demand,cn,nation,2016-01,438.66,twh,ember,2016-01-31,,2026-09-26,ok,0
power_demand,cn,nation,2016-02,438.69,twh,ember,2016-02-29,,2026-09-26,ok,0
power_demand,cn,nation,2016-03,483.44,twh,ember,2016-03-31,,2026-09-26,ok,0
power_demand,cn,nation,2016-04,453.69,twh,ember,2016-04-30,,2026-09-26,ok,0
power_demand,cn,nation,2016-05,473.6,twh,ember,2016-05-31,,2026-09-26,ok,0
power_demand,cn,nation,2016-06,497.11,twh,ember,2016-06-30,,2026-09-26,ok,0
power_demand,cn,nation,2016-07,558.88,twh,ember,2016-07-31,,2026-09-26,ok,0
power_demand,cn,nation,2016-08,569.7,twh,ember,2016-08-31,,2026-09-26,ok,0
power_demand,cn,nation,2016-09,497.64,twh,ember,2016-09-30,,2026-09-26,ok,0
power_demand,cn,nation,2016-10,494.89,twh,ember,2016-10-31,,2026-09-26,ok,0
power_demand,cn,nation,2016-11,511.33,twh,ember,2016-11-30,,2026-09-26,ok,0
power_demand,cn,nation,2016-12,540.77,twh,ember,2016-12-31,,2026-09-26,ok,0
power_demand,cn,nation,2017-01,473.57,twh,ember,2017-01-31,,2026-09-26,ok,0
power_demand,cn,nation,2017-02,473.09,twh,ember,2017-02-28,,2026-09-26,ok,0
power_demand,cn,nation,2017-03,520.33,twh,ember,2017-03-31,,2026-09-26,ok,0
power_demand,cn,nation,2017-04,482.25,twh,ember,2017-04-30,,2026-09-26,ok,0
power_demand,cn,nation,2017-05,500.95,twh,ember,2017-05-31,,2026-09-26,ok,0
power_demand,cn,nation,2017-06,524.56,twh,ember,2017-06-30,,2026-09-26,ok,0
power_demand,cn,nation,2017-07,609.94,twh,ember,2017-07-31,,2026-09-26,ok,0
power_demand,cn,nation,2017-08,601.81,twh,ember,2017-08-31,,2026-09-26,ok,0
power_demand,cn,nation,2017-09,529.48,twh,ember,2017-09-30,,2026-09-26,ok,0
power_demand,cn,nation,2017-10,514.53,twh,ember,2017-10-31,,2026-09-26,ok,0
power_demand,cn,nation,2017-11,542,twh,ember,2017-11-30,,2026-09-26,ok,0
power_demand,cn,nation,2017-12,589.84,twh,ember,2017-12-31,,2026-09-26,ok,0
power_demand,cn,nation,2018-01,536.22,twh,ember,2018-01-31,,2026-09-26,ok,0
power_demand,cn,nation,2018-02,536.42,twh,ember,2018-02-28,,2026-09-26,ok,0
power_demand,cn,nation,2018-03,546.12,twh,ember,2018-03-31,,2026-09-26,ok,0
power_demand,cn,nation,2018-04,533.61,twh,ember,2018-04-30,,2026-09-26,ok,0
power_demand,cn,nation,2018-05,567.33,twh,ember,2018-05-31,,2026-09-26,ok,0
power_demand,cn,nation,2018-06,577.26,twh,ember,2018-06-30,,2026-09-26,ok,0
power_demand,cn,nation,2018-07,662.36,twh,ember,2018-07-31,,2026-09-26,ok,0
power_demand,cn,nation,2018-08,665.39,twh,ember,2018-08-31,,2026-09-26,ok,0
power_demand,cn,nation,2018-09,572.7,twh,ember,2018-09-30,,2026-09-26,ok,0
power_demand,cn,nation,2018-10,558.24,twh,ember,2018-10-31,,2026-09-26,ok,0
power_demand,cn,nation,2018-11,573.83,twh,ember,2018-11-30,,2026-09-26,ok,0
power_demand,cn,nation,2018-12,639.78,twh,ember,2018-12-31,,2026-09-26,ok,0
power_demand,cn,nation,2019-01,565.83,twh,ember,2019-01-31,,2026-09-26,ok,0
power_demand,cn,nation,2019-02,563.93,twh,ember,2019-02-28,,2026-09-26,ok,0
power_demand,cn,nation,2019-03,588.08,twh,ember,2019-03-31,,2026-09-26,ok,0
power_demand,cn,nation,2019-04,563.08,twh,ember,2019-04-30,,2026-09-26,ok,0
power_demand,cn,nation,2019-05,579.16,twh,ember,2019-05-31,,2026-09-26,ok,0
power_demand,cn,nation,2019-06,601.26,twh,ember,2019-06-30,,2026-09-26,ok,0
power_demand,cn,nation,2019-07,677.57,twh,ember,2019-07-31,,2026-09-26,ok,0
power_demand,cn,nation,2019-08,687.89,twh,ember,2019-08-31,,2026-09-26,ok,0
power_demand,cn,nation,2019-09,609.62,twh,ember,2019-09-30,,2026-09-26,ok,0
power_demand,cn,nation,2019-10,593.02,twh,ember,2019-10-31,,2026-09-26,ok,0
power_demand,cn,nation,2019-11,610.76,twh,ember,2019-11-30,,2026-09-26,ok,0
power_demand,cn,nation,2019-12,675.9,twh,ember,2019-12-31,,2026-09-26,ok,0
power_demand,cn,nation,2020-01,527.46,twh,ember,2020-01-31,,2026-09-26,ok,0
power_demand,cn,nation,2020-02,526.79,twh,ember,2020-02-29,,2026-09-26,ok,0
power_demand,cn,nation,2020-03,568.74,twh,ember,2020-03-31,,2026-09-26,ok,0
power_demand,cn,nation,2020-04,571.17,twh,ember,2020-04-30,,2026-09-26,ok,0
power_demand,cn,nation,2020-05,610.14,twh,ember,2020-05-31,,2026-09-26,ok,0
power_demand,cn,nation,2020-06,648.28,twh,ember,2020-06-30,,2026-09-26,ok,0
power_demand,cn,nation,2020-07,702.57,twh,ember,2020-07-31,,2026-09-26,ok,0
power_demand,cn,nation,2020-08,748.65,twh,ember,2020-08-31,,2026-09-26,ok,0
power_demand,cn,nation,2020-09,655.02,twh,ember,2020-09-30,,2026-09-26,ok,0
power_demand,cn,nation,2020-10,631.7,twh,ember,2020-10-31,,2026-09-26,ok,0
power_demand,cn,nation,2020-11,662.93,twh,ember,2020-11-30,,2026-09-26,ok,0
power_demand,cn,nation,2020-12,750.01,twh,ember,2020-12-31,,2026-09-26,ok,0
power_demand,cn,nation,2021-01,644.37,twh,ember,2021-01-31,,2026-09-26,ok,0
power_demand,cn,nation,2021-02,644.35,twh,ember,2021-02-28,,2026-09-26,ok,0
power_demand,cn,nation,2021-03,682.81,twh,ember,2021-03-31,,2026-09-26,ok,0
power_demand,cn,nation,2021-04,649.31,twh,ember,2021-04-30,,2026-09-26,ok,0
power_demand,cn,nation,2021-05,678.68,twh,ember,2021-05-31,,2026-09-26,ok,0
power_demand,cn,nation,2021-06,711.76,twh,ember,2021-06-30,,2026-09-26,ok,0
power_demand,cn,nation,2021-07,784.7,twh,ember,2021-07-31,,2026-09-26,ok,0
power_demand,cn,nation,2021-08,764.58,twh,ember,2021-08-31,,2026-09-26,ok,0
power_demand,cn,nation,2021-09,698.7,twh,ember,2021-09-30,,2026-09-26,ok,0
power_demand,cn,nation,2021-10,665.44,twh,ember,2021-10-31,,2026-09-26,ok,0
power_demand,cn,nation,2021-11,679.85,twh,ember,2021-11-30,,2026-09-26,ok,0
power_demand,cn,nation,2021-12,748.15,twh,ember,2021-12-31,,2026-09-26,ok,0
power_demand,cn,nation,2022-01,680.56,twh,ember,2022-01-31,,2026-09-26,ok,0
power_demand,cn,nation,2022-02,679.62,twh,ember,2022-02-28,,2026-09-26,ok,0
power_demand,cn,nation,2022-03,695.87,twh,ember,2022-03-31,,2026-09-26,ok,0
power_demand,cn,nation,2022-04,639.27,twh,ember,2022-04-30,,2026-09-26,ok,0
power_demand,cn,nation,2022-05,673,twh,ember,2022-05-31,,2026-09-26,ok,0
power_demand,cn,nation,2022-06,739.41,twh,ember,2022-06-30,,2026-09-26,ok,0
power_demand,cn,nation,2022-07,835.9,twh,ember,2022-07-31,,2026-09-26,ok,0
power_demand,cn,nation,2022-08,855.16,twh,ember,2022-08-31,,2026-09-26,ok,0
power_demand,cn,nation,2022-09,710.57,twh,ember,2022-09-30,,2026-09-26,ok,0
power_demand,cn,nation,2022-10,688.99,twh,ember,2022-10-31,,2026-09-26,ok,0
power_demand,cn,nation,2022-11,691.44,twh,ember,2022-11-30,,2026-09-26,ok,0
power_demand,cn,nation,2022-12,785.56,twh,ember,2022-12-31,,2026-09-26,ok,0
power_demand,cn,nation,2023-01,702.83,twh,ember,2023-01-31,,2026-09-26,ok,0
power_demand,cn,nation,2023-02,701.14,twh,ember,2023-02-28,,2026-09-26,ok,0
power_demand,cn,nation,2023-03,746.59,twh,ember,2023-03-31,,2026-09-26,ok,0
power_demand,cn,nation,2023-04,691.32,twh,ember,2023-04-30,,2026-09-26,ok,0
power_demand,cn,nation,2023-05,726.04,twh,ember,2023-05-31,,2026-09-26,ok,0
power_demand,cn,nation,2023-06,777.48,twh,ember,2023-06-30,,2026-09-26,ok,0
power_demand,cn,nation,2023-07,886.53,twh,ember,2023-07-31,,2026-09-26,ok,0
power_demand,cn,nation,2023-08,883.87,twh,ember,2023-08-31,,2026-09-26,ok,0
power_demand,cn,nation,2023-09,782.27,twh,ember,2023-09-30,,2026-09-26,ok,0
power_demand,cn,nation,2023-10,744.76,twh,ember,2023-10-31,,2026-09-26,ok,0
power_demand,cn,nation,2023-11,774.48,twh,ember,2023-11-30,,2026-09-26,ok,0
power_demand,cn,nation,2023-12,867.9,twh,ember,2023-12-31,,2026-09-26,ok,0
power_demand,cn,nation,2024-01,778.75,twh,ember,2024-01-31,,2026-09-26,ok,0
power_demand,cn,nation,2024-02,774.78,twh,ember,2024-02-29,,2026-09-26,ok,0
power_demand,cn,nation,2024-03,789.4,twh,ember,2024-03-31,,2026-09-26,ok,0
power_demand,cn,nation,2024-04,735.15,twh,ember,2024-04-30,,2026-09-26,ok,0
power_demand,cn,nation,2024-05,772.22,twh,ember,2024-05-31,,2026-09-26,ok,0
power_demand,cn,nation,2024-06,820.94,twh,ember,2024-06-30,,2026-09-26,ok,0
power_demand,cn,nation,2024-07,937.89,twh,ember,2024-07-31,,2026-09-26,ok,0
power_demand,cn,nation,2024-08,963.71,twh,ember,2024-08-31,,2026-09-26,ok,0
power_demand,cn,nation,2024-09,850.13,twh,ember,2024-09-30,,2026-09-26,ok,0
power_demand,cn,nation,2024-10,778.14,twh,ember,2024-10-31,,2026-09-26,ok,0
power_demand,cn,nation,2024-11,791.14,twh,ember,2024-11-30,,2026-09-26,ok,0
power_demand,cn,nation,2024-12,891.16,twh,ember,2024-12-31,,2026-09-26,ok,0
power_demand,cn,nation,2025-01,787.77,twh,ember,2025-01-31,,2026-09-26,ok,0
power_demand,cn,nation,2025-02,785.82,twh,ember,2025-02-28,,2026-09-26,ok,0
power_demand,cn,nation,2025-03,831.13,twh,ember,2025-03-31,,2026-09-26,ok,0
power_demand,cn,nation,2025-04,773.2,twh,ember,2025-04-30,,2026-09-26,ok,0
power_demand,cn,nation,2025-05,806.7,twh,ember,2025-05-31,,2026-09-26,ok,0
power_demand,cn,nation,2025-06,870.37,twh,ember,2025-06-30,,2026-09-26,ok,0
power_demand,cn,nation,2025-07,1008.03,twh,ember,2025-07-31,,2026-09-26,ok,0
power_demand,cn,nation,2025-08,1012.7,twh,ember,2025-08-31,,2026-09-26,ok,0
power_demand,cn,nation,2025-09,890.83,twh,ember,2025-09-30,,2026-09-26,ok,0
power_demand,cn,nation,2025-10,854.84,twh,ember,2025-10-31,,2026-09-26,ok,0
power_demand,cn,nation,2025-11,837.06,twh,ember,2025-11-30,,2026-09-26,ok,0
power_demand,cn,nation,2025-12,913.33,twh,ember,2025-12-31,,2026-09-26,ok,0
power_demand,cn,nation,2026-01,836.86,twh,ember,2026-01-31,,2026-09-26,ok,0
power_demand,cn,nation,2026-02,832.55,twh,ember,2026-02-28,,2026-09-26,ok,0
power_demand,cn,nation,2026-03,854.28,twh,ember,2026-03-31,,2026-09-26,ok,0
power_demand,cn,nation,2026-04,810.62,twh,ember,2026-04-30,,2026-09-26,ok,0
power_demand,cn,nation,2026-05,862.58,twh,ember,2026-05-31,,2026-09-26,ok,0
power_demand,de,nation,2015-01,51.87,twh,ember,2015-01-31,,2026-09-26,ok,0
power_demand,de,nation,2015-02,45.83,twh,ember,2015-02-28,,2026-09-26,ok,0
power_demand,de,nation,2015-03,47.19,twh,ember,2015-03-31,,2026-09-26,ok,0
power_demand,de,nation,2015-04,42.55,twh,ember,2015-04-30,,2026-09-26,ok,0
power_demand,de,nation,2015-05,42.12,twh,ember,2015-05-31,,2026-09-26,ok,0
power_demand,de,nation,2015-06,41.74,twh,ember,2015-06-30,,2026-09-26,ok,0
power_demand,de,nation,2015-07,45.15,twh,ember,2015-07-31,,2026-09-26,ok,0
power_demand,de,nation,2015-08,42.96,twh,ember,2015-08-31,,2026-09-26,ok,0
power_demand,de,nation,2015-09,43.82,twh,ember,2015-09-30,,2026-09-26,ok,0
power_demand,de,nation,2015-10,48.85,twh,ember,2015-10-31,,2026-09-26,ok,0
power_demand,de,nation,2015-11,50.6,twh,ember,2015-11-30,,2026-09-26,ok,0
power_demand,de,nation,2015-12,49.27,twh,ember,2015-12-31,,2026-09-26,ok,0
power_demand,de,nation,2016-01,50.28,twh,ember,2016-01-31,,2026-09-26,ok,0
power_demand,de,nation,2016-02,46.76,twh,ember,2016-02-29,,2026-09-26,ok,0
power_demand,de,nation,2016-03,46.07,twh,ember,2016-03-31,,2026-09-26,ok,0
power_demand,de,nation,2016-04,43,twh,ember,2016-04-30,,2026-09-26,ok,0
power_demand,de,nation,2016-05,42.35,twh,ember,2016-05-31,,2026-09-26,ok,0
power_demand,de,nation,2016-06,41.77,twh,ember,2016-06-30,,2026-09-26,ok,0
power_demand,de,nation,2016-07,42.89,twh,ember,2016-07-31,,2026-09-26,ok,0
power_demand,de,nation,2016-08,43.83,twh,ember,2016-08-31,,2026-09-26,ok,0
power_demand,de,nation,2016-09,44.1,twh,ember,2016-09-30,,2026-09-26,ok,0
power_demand,de,nation,2016-10,47.52,twh,ember,2016-10-31,,2026-09-26,ok,0
power_demand,de,nation,2016-11,49.49,twh,ember,2016-11-30,,2026-09-26,ok,0
power_demand,de,nation,2016-12,51.34,twh,ember,2016-12-31,,2026-09-26,ok,0
power_demand,de,nation,2017-01,54,twh,ember,2017-01-31,,2026-09-26,ok,0
power_demand,de,nation,2017-02,46.46,twh,ember,2017-02-28,,2026-09-26,ok,0
power_demand,de,nation,2017-03,48.2,twh,ember,2017-03-31,,2026-09-26,ok,0
power_demand,de,nation,2017-04,44.08,twh,ember,2017-04-30,,2026-09-26,ok,0
power_demand,de,nation,2017-05,44.68,twh,ember,2017-05-31,,2026-09-26,ok,0
power_demand,de,nation,2017-06,42.64,twh,ember,2017-06-30,,2026-09-26,ok,0
power_demand,de,nation,2017-07,43.86,twh,ember,2017-07-31,,2026-09-26,ok,0
power_demand,de,nation,2017-08,41.8,twh,ember,2017-08-31,,2026-09-26,ok,0
power_demand,de,nation,2017-09,42.25,twh,ember,2017-09-30,,2026-09-26,ok,0
power_demand,de,nation,2017-10,45.55,twh,ember,2017-10-31,,2026-09-26,ok,0
power_demand,de,nation,2017-11,48.15,twh,ember,2017-11-30,,2026-09-26,ok,0
power_demand,de,nation,2017-12,48.65,twh,ember,2017-12-31,,2026-09-26,ok,0
power_demand,de,nation,2018-01,49.25,twh,ember,2018-01-31,,2026-09-26,ok,0
power_demand,de,nation,2018-02,46.43,twh,ember,2018-02-28,,2026-09-26,ok,0
power_demand,de,nation,2018-03,48.9,twh,ember,2018-03-31,,2026-09-26,ok,0
power_demand,de,nation,2018-04,42.64,twh,ember,2018-04-30,,2026-09-26,ok,0
power_demand,de,nation,2018-05,43,twh,ember,2018-05-31,,2026-09-26,ok,0
power_demand,de,nation,2018-06,42.69,twh,ember,2018-06-30,,2026-09-26,ok,0
power_demand,de,nation,2018-07,44.64,twh,ember,2018-07-31,,2026-09-26,ok,0
power_demand,de,nation,2018-08,44.13,twh,ember,2018-08-31,,2026-09-26,ok,0
power_demand,de,nation,2018-09,42.7,twh,ember,2018-09-30,,2026-09-26,ok,0
power_demand,de,nation,2018-10,46.05,twh,ember,2018-10-31,,2026-09-26,ok,0
power_demand,de,nation,2018-11,47.4,twh,ember,2018-11-30,,2026-09-26,ok,0
power_demand,de,nation,2018-12,47.24,twh,ember,2018-12-31,,2026-09-26,ok,0
power_demand,de,nation,2019-01,49.89,twh,ember,2019-01-31,,2026-09-26,ok,0
power_demand,de,nation,2019-02,44.2,twh,ember,2019-02-28,,2026-09-26,ok,0
power_demand,de,nation,2019-03,46.72,twh,ember,2019-03-31,,2026-09-26,ok,0
power_demand,de,nation,2019-04,42.75,twh,ember,2019-04-30,,2026-09-26,ok,0
power_demand,de,nation,2019-05,43.81,twh,ember,2019-05-31,,2026-09-26,ok,0
power_demand,de,nation,2019-06,41.49,twh,ember,2019-06-30,,2026-09-26,ok,0
power_demand,de,nation,2019-07,44.18,twh,ember,2019-07-31,,2026-09-26,ok,0
power_demand,de,nation,2019-08,43.24,twh,ember,2019-08-31,,2026-09-26,ok,0
power_demand,de,nation,2019-09,42.83,twh,ember,2019-09-30,,2026-09-26,ok,0
power_demand,de,nation,2019-10,45.82,twh,ember,2019-10-31,,2026-09-26,ok,0
power_demand,de,nation,2019-11,45.48,twh,ember,2019-11-30,,2026-09-26,ok,0
power_demand,de,nation,2019-12,44.8,twh,ember,2019-12-31,,2026-09-26,ok,0
power_demand,de,nation,2020-01,49.11,twh,ember,2020-01-31,,2026-09-26,ok,0
power_demand,de,nation,2020-02,47.79,twh,ember,2020-02-29,,2026-09-26,ok,0
power_demand,de,nation,2020-03,48.65,twh,ember,2020-03-31,,2026-09-26,ok,0
power_demand,de,nation,2020-04,42.02,twh,ember,2020-04-30,,2026-09-26,ok,0
power_demand,de,nation,2020-05,40.14,twh,ember,2020-05-31,,2026-09-26,ok,0
power_demand,de,nation,2020-06,38.75,twh,ember,2020-06-30,,2026-09-26,ok,0
power_demand,de,nation,2020-07,39.61,twh,ember,2020-07-31,,2026-09-26,ok,0
power_demand,de,nation,2020-08,39.03,twh,ember,2020-08-31,,2026-09-26,ok,0
power_demand,de,nation,2020-09,40.85,twh,ember,2020-09-30,,2026-09-26,ok,0
power_demand,de,nation,2020-10,44.72,twh,ember,2020-10-31,,2026-09-26,ok,0
power_demand,de,nation,2020-11,45.29,twh,ember,2020-11-30,,2026-09-26,ok,0
power_demand,de,nation,2020-12,45.02,twh,ember,2020-12-31,,2026-09-26,ok,0
power_demand,de,nation,2021-01,47.16,twh,ember,2021-01-31,,2026-09-26,ok,0
power_demand,de,nation,2021-02,44,twh,ember,2021-02-28,,2026-09-26,ok,0
power_demand,de,nation,2021-03,47.61,twh,ember,2021-03-31,,2026-09-26,ok,0
power_demand,de,nation,2021-04,43.59,twh,ember,2021-04-30,,2026-09-26,ok,0
power_demand,de,nation,2021-05,43.08,twh,ember,2021-05-31,,2026-09-26,ok,0
power_demand,de,nation,2021-06,42.34,twh,ember,2021-06-30,,2026-09-26,ok,0
power_demand,de,nation,2021-07,43.01,twh,ember,2021-07-31,,2026-09-26,ok,0
power_demand,de,nation,2021-08,41.87,twh,ember,2021-08-31,,2026-09-26,ok,0
power_demand,de,nation,2021-09,42.18,twh,ember,2021-09-30,,2026-09-26,ok,0
power_demand,de,nation,2021-10,45.57,twh,ember,2021-10-31,,2026-09-26,ok,0
power_demand,de,nation,2021-11,46.39,twh,ember,2021-11-30,,2026-09-26,ok,0
power_demand,de,nation,2021-12,46.62,twh,ember,2021-12-31,,2026-09-26,ok,0
power_demand,de,nation,2022-01,48.42,twh,ember,2022-01-31,,2026-09-26,ok,0
power_demand,de,nation,2022-02,44.99,twh,ember,2022-02-28,,2026-09-26,ok,0
power_demand,de,nation,2022-03,46.37,twh,ember,2022-03-31,,2026-09-26,ok,0
power_demand,de,nation,2022-04,43.44,twh,ember,2022-04-30,,2026-09-26,ok,0
power_demand,de,nation,2022-05,42.59,twh,ember,2022-05-31,,2026-09-26,ok,0
power_demand,de,nation,2022-06,40.87,twh,ember,2022-06-30,,2026-09-26,ok,0
power_demand,de,nation,2022-07,42.04,twh,ember,2022-07-31,,2026-09-26,ok,0
power_demand,de,nation,2022-08,41.2,twh,ember,2022-08-31,,2026-09-26,ok,0
power_demand,de,nation,2022-09,40.06,twh,ember,2022-09-30,,2026-09-26,ok,0
power_demand,de,nation,2022-10,41.46,twh,ember,2022-10-31,,2026-09-26,ok,0
power_demand,de,nation,2022-11,42.55,twh,ember,2022-11-30,,2026-09-26,ok,0
power_demand,de,nation,2022-12,42.78,twh,ember,2022-12-31,,2026-09-26,ok,0
power_demand,de,nation,2023-01,44.76,twh,ember,2023-01-31,,2026-09-26,ok,0
power_demand,de,nation,2023-02,41.7,twh,ember,2023-02-28,,2026-09-26,ok,0
power_demand,de,nation,2023-03,44.19,twh,ember,2023-03-31,,2026-09-26,ok,0
power_demand,de,nation,2023-04,39.9,twh,ember,2023-04-30,,2026-09-26,ok,0
power_demand,de,nation,2023-05,39.29,twh,ember,2023-05-31,,2026-09-26,ok,0
power_demand,de,nation,2023-06,37.99,twh,ember,2023-06-30,,2026-09-26,ok,0
power_demand,de,nation,2023-07,38.72,twh,ember,2023-07-31,,2026-09-26,ok,0
power_demand,de,nation,2023-08,39.08,twh,ember,2023-08-31,,2026-09-26,ok,0
power_demand,de,nation,2023-09,38.11,twh,ember,2023-09-30,,2026-09-26,ok,0
power_demand,de,nation,2023-10,40.7,twh,ember,2023-10-31,,2026-09-26,ok,0
power_demand,de,nation,2023-11,42.5,twh,ember,2023-11-30,,2026-09-26,ok,0
power_demand,de,nation,2023-12,41.99,twh,ember,2023-12-31,,2026-09-26,ok,0
power_demand,de,nation,2024-01,45.87,twh,ember,2024-01-31,,2026-09-26,ok,0
power_demand,de,nation,2024-02,41.97,twh,ember,2024-02-29,,2026-09-26,ok,0
power_demand,de,nation,2024-03,42.16,twh,ember,2024-03-31,,2026-09-26,ok,0
power_demand,de,nation,2024-04,40.3,twh,ember,2024-04-30,,2026-09-26,ok,0
power_demand,de,nation,2024-05,38.82,twh,ember,2024-05-31,,2026-09-26,ok,0
power_demand,de,nation,2024-06,38.35,twh,ember,2024-06-30,,2026-09-26,ok,0
power_demand,de,nation,2024-07,39.66,twh,ember,2024-07-31,,2026-09-26,ok,0
power_demand,de,nation,2024-08,38.93,twh,ember,2024-08-31,,2026-09-26,ok,0
power_demand,de,nation,2024-09,39.06,twh,ember,2024-09-30,,2026-09-26,ok,0
power_demand,de,nation,2024-10,41.18,twh,ember,2024-10-31,,2026-09-26,ok,0
power_demand,de,nation,2024-11,42.41,twh,ember,2024-11-30,,2026-09-26,ok,0
power_demand,de,nation,2024-12,42.85,twh,ember,2024-12-31,,2026-09-26,ok,0
power_demand,de,nation,2025-01,45.2,twh,ember,2025-01-31,,2026-09-26,ok,0
power_demand,de,nation,2025-02,41.36,twh,ember,2025-02-28,,2026-09-26,ok,0
power_demand,de,nation,2025-03,42.35,twh,ember,2025-03-31,,2026-09-26,ok,0
power_demand,de,nation,2025-04,38.96,twh,ember,2025-04-30,,2026-09-26,ok,0
power_demand,de,nation,2025-05,39.23,twh,ember,2025-05-31,,2026-09-26,ok,0
power_demand,de,nation,2025-06,38.58,twh,ember,2025-06-30,,2026-09-26,ok,0
power_demand,de,nation,2025-07,40.01,twh,ember,2025-07-31,,2026-09-26,ok,0
power_demand,de,nation,2025-08,38.3,twh,ember,2025-08-31,,2026-09-26,ok,0
power_demand,de,nation,2025-09,38.83,twh,ember,2025-09-30,,2026-09-26,ok,0
power_demand,de,nation,2025-10,41.7,twh,ember,2025-10-31,,2026-09-26,ok,0
power_demand,de,nation,2025-11,42.67,twh,ember,2025-11-30,,2026-09-26,ok,0
power_demand,de,nation,2025-12,41.54,twh,ember,2025-12-31,,2026-09-26,ok,0
power_demand,de,nation,2026-01,46.73,twh,ember,2026-01-31,,2026-09-26,ok,0
power_demand,de,nation,2026-02,41.69,twh,ember,2026-02-28,,2026-09-26,ok,0
power_demand,de,nation,2026-03,41.58,twh,ember,2026-03-31,,2026-09-26,ok,0
power_demand,de,nation,2026-04,38.83,twh,ember,2026-04-30,,2026-09-26,ok,0
power_demand,de,nation,2026-05,39.01,twh,ember,2026-05-31,,2026-09-26,ok,0
power_demand,de,nation,2026-06,40.2,twh,ember,2026-06-30,,2026-09-26,ok,0
power_demand,es,nation,2015-01,23.36,twh,ember,2015-01-31,,2026-09-26,ok,0
power_demand,es,nation,2015-02,22.11,twh,ember,2015-02-28,,2026-09-26,ok,0
power_demand,es,nation,2015-03,21.94,twh,ember,2015-03-31,,2026-09-26,ok,0
power_demand,es,nation,2015-04,19.37,twh,ember,2015-04-30,,2026-09-26,ok,0
power_demand,es,nation,2015-05,19.9,twh,ember,2015-05-31,,2026-09-26,ok,0
power_demand,es,nation,2015-06,20.33,twh,ember,2015-06-30,,2026-09-26,ok,0
power_demand,es,nation,2015-07,23.75,twh,ember,2015-07-31,,2026-09-26,ok,0
power_demand,es,nation,2015-08,21.27,twh,ember,2015-08-31,,2026-09-26,ok,0
power_demand,es,nation,2015-09,19.78,twh,ember,2015-09-30,,2026-09-26,ok,0
power_demand,es,nation,2015-10,19.45,twh,ember,2015-10-31,,2026-09-26,ok,0
power_demand,es,nation,2015-11,19.77,twh,ember,2015-11-30,,2026-09-26,ok,0
power_demand,es,nation,2015-12,20.42,twh,ember,2015-12-31,,2026-09-26,ok,0
power_demand,es,nation,2016-01,22.23,twh,ember,2016-01-31,,2026-09-26,ok,0
power_demand,es,nation,2016-02,21.27,twh,ember,2016-02-29,,2026-09-26,ok,0
power_demand,es,nation,2016-03,21.88,twh,ember,2016-03-31,,2026-09-26,ok,0
power_demand,es,nation,2016-04,20.3,twh,ember,2016-04-30,,2026-09-26,ok,0
power_demand,es,nation,2016-05,19.84,twh,ember,2016-05-31,,2026-09-26,ok,0
power_demand,es,nation,2016-06,20.18,twh,ember,2016-06-30,,2026-09-26,ok,0
power_demand,es,nation,2016-07,22.17,twh,ember,2016-07-31,,2026-09-26,ok,0
power_demand,es,nation,2016-08,21.39,twh,ember,2016-08-31,,2026-09-26,ok,0
power_demand,es,nation,2016-09,20.72,twh,ember,2016-09-30,,2026-09-26,ok,0
power_demand,es,nation,2016-10,19.77,twh,ember,2016-10-31,,2026-09-26,ok,0
power_demand,es,nation,2016-11,20.78,twh,ember,2016-11-30,,2026-09-26,ok,0
power_demand,es,nation,2016-12,21.52,twh,ember,2016-12-31,,2026-09-26,ok,0
power_demand,es,nation,2017-01,23.33,twh,ember,2017-01-31,,2026-09-26,ok,0
power_demand,es,nation,2017-02,20.2,twh,ember,2017-02-28,,2026-09-26,ok,0
power_demand,es,nation,2017-03,21.22,twh,ember,2017-03-31,,2026-09-26,ok,0
power_demand,es,nation,2017-04,19.03,twh,ember,2017-04-30,,2026-09-26,ok,0
power_demand,es,nation,2017-05,20.19,twh,ember,2017-05-31,,2026-09-26,ok,0
power_demand,es,nation,2017-06,21.74,twh,ember,2017-06-30,,2026-09-26,ok,0
power_demand,es,nation,2017-07,22.54,twh,ember,2017-07-31,,2026-09-26,ok,0
power_demand,es,nation,2017-08,21.95,twh,ember,2017-08-31,,2026-09-26,ok,0
power_demand,es,nation,2017-09,20.3,twh,ember,2017-09-30,,2026-09-26,ok,0
power_demand,es,nation,2017-10,20.31,twh,ember,2017-10-31,,2026-09-26,ok,0
power_demand,es,nation,2017-11,21.04,twh,ember,2017-11-30,,2026-09-26,ok,0
power_demand,es,nation,2017-12,22.71,twh,ember,2017-12-31,,2026-09-26,ok,0
power_demand,es,nation,2018-01,23.03,twh,ember,2018-01-31,,2026-09-26,ok,0
power_demand,es,nation,2018-02,21.59,twh,ember,2018-02-28,,2026-09-26,ok,0
power_demand,es,nation,2018-03,22.86,twh,ember,2018-03-31,,2026-09-26,ok,0
power_demand,es,nation,2018-04,20.28,twh,ember,2018-04-30,,2026-09-26,ok,0
power_demand,es,nation,2018-05,20.21,twh,ember,2018-05-31,,2026-09-26,ok,0
power_demand,es,nation,2018-06,20.42,twh,ember,2018-06-30,,2026-09-26,ok,0
power_demand,es,nation,2018-07,22.38,twh,ember,2018-07-31,,2026-09-26,ok,0
power_demand,es,nation,2018-08,22.24,twh,ember,2018-08-31,,2026-09-26,ok,0
power_demand,es,nation,2018-09,20.92,twh,ember,2018-09-30,,2026-09-26,ok,0
power_demand,es,nation,2018-10,20.68,twh,ember,2018-10-31,,2026-09-26,ok,0
power_demand,es,nation,2018-11,21.17,twh,ember,2018-11-30,,2026-09-26,ok,0
power_demand,es,nation,2018-12,21.5,twh,ember,2018-12-31,,2026-09-26,ok,0
power_demand,es,nation,2019-01,23.75,twh,ember,2019-01-31,,2026-09-26,ok,0
power_demand,es,nation,2019-02,20.52,twh,ember,2019-02-28,,2026-09-26,ok,0
power_demand,es,nation,2019-03,21.17,twh,ember,2019-03-31,,2026-09-26,ok,0
power_demand,es,nation,2019-04,19.75,twh,ember,2019-04-30,,2026-09-26,ok,0
power_demand,es,nation,2019-05,20.17,twh,ember,2019-05-31,,2026-09-26,ok,0
power_demand,es,nation,2019-06,20.15,twh,ember,2019-06-30,,2026-09-26,ok,0
power_demand,es,nation,2019-07,22.98,twh,ember,2019-07-31,,2026-09-26,ok,0
power_demand,es,nation,2019-08,21.53,twh,ember,2019-08-31,,2026-09-26,ok,0
power_demand,es,nation,2019-09,20.24,twh,ember,2019-09-30,,2026-09-26,ok,0
power_demand,es,nation,2019-10,20.41,twh,ember,2019-10-31,,2026-09-26,ok,0
power_demand,es,nation,2019-11,21.16,twh,ember,2019-11-30,,2026-09-26,ok,0
power_demand,es,nation,2019-12,21.53,twh,ember,2019-12-31,,2026-09-26,ok,0
power_demand,es,nation,2020-01,23.17,twh,ember,2020-01-31,,2026-09-26,ok,0
power_demand,es,nation,2020-02,20.35,twh,ember,2020-02-29,,2026-09-26,ok,0
power_demand,es,nation,2020-03,20.45,twh,ember,2020-03-31,,2026-09-26,ok,0
power_demand,es,nation,2020-04,16.89,twh,ember,2020-04-30,,2026-09-26,ok,0
power_demand,es,nation,2020-05,17.76,twh,ember,2020-05-31,,2026-09-26,ok,0
power_demand,es,nation,2020-06,18.67,twh,ember,2020-06-30,,2026-09-26,ok,0
power_demand,es,nation,2020-07,22.33,twh,ember,2020-07-31,,2026-09-26,ok,0
power_demand,es,nation,2020-08,21.11,twh,ember,2020-08-31,,2026-09-26,ok,0
power_demand,es,nation,2020-09,19.64,twh,ember,2020-09-30,,2026-09-26,ok,0
power_demand,es,nation,2020-10,19.91,twh,ember,2020-10-31,,2026-09-26,ok,0
power_demand,es,nation,2020-11,19.91,twh,ember,2020-11-30,,2026-09-26,ok,0
power_demand,es,nation,2020-12,21.82,twh,ember,2020-12-31,,2026-09-26,ok,0
power_demand,es,nation,2021-01,23.53,twh,ember,2021-01-31,,2026-09-26,ok,0
power_demand,es,nation,2021-02,20.2,twh,ember,2021-02-28,,2026-09-26,ok,0
power_demand,es,nation,2021-03,21.43,twh,ember,2021-03-31,,2026-09-26,ok,0
power_demand,es,nation,2021-04,19.29,twh,ember,2021-04-30,,2026-09-26,ok,0
power_demand,es,nation,2021-05,19.77,twh,ember,2021-05-31,,2026-09-26,ok,0
power_demand,es,nation,2021-06,19.92,twh,ember,2021-06-30,,2026-09-26,ok,0
power_demand,es,nation,2021-07,21.91,twh,ember,2021-07-31,,2026-09-26,ok,0
power_demand,es,nation,2021-08,21.01,twh,ember,2021-08-31,,2026-09-26,ok,0
power_demand,es,nation,2021-09,19.83,twh,ember,2021-09-30,,2026-09-26,ok,0
power_demand,es,nation,2021-10,19.37,twh,ember,2021-10-31,,2026-09-26,ok,0
power_demand,es,nation,2021-11,20.58,twh,ember,2021-11-30,,2026-09-26,ok,0
power_demand,es,nation,2021-12,21.33,twh,ember,2021-12-31,,2026-09-26,ok,0
power_demand,es,nation,2022-01,21.96,twh,ember,2022-01-31,,2026-09-26,ok,0
power_demand,es,nation,2022-02,19.63,twh,ember,2022-02-28,,2026-09-26,ok,0
power_demand,es,nation,2022-03,20.77,twh,ember,2022-03-31,,2026-09-26,ok,0
power_demand,es,nation,2022-04,19.15,twh,ember,2022-04-30,,2026-09-26,ok,0
power_demand,es,nation,2022-05,19.65,twh,ember,2022-05-31,,2026-09-26,ok,0
power_demand,es,nation,2022-06,20.67,twh,ember,2022-06-30,,2026-09-26,ok,0
power_demand,es,nation,2022-07,22.56,twh,ember,2022-07-31,,2026-09-26,ok,0
power_demand,es,nation,2022-08,21.23,twh,ember,2022-08-31,,2026-09-26,ok,0
power_demand,es,nation,2022-09,19.65,twh,ember,2022-09-30,,2026-09-26,ok,0
power_demand,es,nation,2022-10,18.84,twh,ember,2022-10-31,,2026-09-26,ok,0
power_demand,es,nation,2022-11,19.03,twh,ember,2022-11-30,,2026-09-26,ok,0
power_demand,es,nation,2022-12,19.71,twh,ember,2022-12-31,,2026-09-26,ok,0
power_demand,es,nation,2023-01,21.18,twh,ember,2023-01-31,,2026-09-26,ok,0
power_demand,es,nation,2023-02,19.29,twh,ember,2023-02-28,,2026-09-26,ok,0
power_demand,es,nation,2023-03,19.84,twh,ember,2023-03-31,,2026-09-26,ok,0
power_demand,es,nation,2023-04,17.57,twh,ember,2023-04-30,,2026-09-26,ok,0
power_demand,es,nation,2023-05,18.49,twh,ember,2023-05-31,,2026-09-26,ok,0
power_demand,es,nation,2023-06,18.81,twh,ember,2023-06-30,,2026-09-26,ok,0
power_demand,es,nation,2023-07,21.81,twh,ember,2023-07-31,,2026-09-26,ok,0
power_demand,es,nation,2023-08,20.91,twh,ember,2023-08-31,,2026-09-26,ok,0
power_demand,es,nation,2023-09,18.74,twh,ember,2023-09-30,,2026-09-26,ok,0
power_demand,es,nation,2023-10,18.96,twh,ember,2023-10-31,,2026-09-26,ok,0
power_demand,es,nation,2023-11,19.1,twh,ember,2023-11-30,,2026-09-26,ok,0
power_demand,es,nation,2023-12,20.03,twh,ember,2023-12-31,,2026-09-26,ok,0
power_demand,es,nation,2024-01,21.05,twh,ember,2024-01-31,,2026-09-26,ok,0
power_demand,es,nation,2024-02,19.41,twh,ember,2024-02-29,,2026-09-26,ok,0
power_demand,es,nation,2024-03,20.06,twh,ember,2024-03-31,,2026-09-26,ok,0
power_demand,es,nation,2024-04,18.63,twh,ember,2024-04-30,,2026-09-26,ok,0
power_demand,es,nation,2024-05,19.52,twh,ember,2024-05-31,,2026-09-26,ok,0
power_demand,es,nation,2024-06,19.24,twh,ember,2024-06-30,,2026-09-26,ok,0
power_demand,es,nation,2024-07,22.25,twh,ember,2024-07-31,,2026-09-26,ok,0
power_demand,es,nation,2024-08,21.64,twh,ember,2024-08-31,,2026-09-26,ok,0
power_demand,es,nation,2024-09,19.13,twh,ember,2024-09-30,,2026-09-26,ok,0
power_demand,es,nation,2024-10,19.1,twh,ember,2024-10-31,,2026-09-26,ok,0
power_demand,es,nation,2024-11,18.46,twh,ember,2024-11-30,,2026-09-26,ok,0
power_demand,es,nation,2024-12,20.39,twh,ember,2024-12-31,,2026-09-26,ok,0
power_demand,es,nation,2025-01,21.74,twh,ember,2025-01-31,,2026-09-26,ok,0
power_demand,es,nation,2025-02,19,twh,ember,2025-02-28,,2026-09-26,ok,0
power_demand,es,nation,2025-03,20.96,twh,ember,2025-03-31,,2026-09-26,ok,0
power_demand,es,nation,2025-04,18.34,twh,ember,2025-04-30,,2026-09-26,ok,0
power_demand,es,nation,2025-05,18.97,twh,ember,2025-05-31,,2026-09-26,ok,0
power_demand,es,nation,2025-06,21.46,twh,ember,2025-06-30,,2026-09-26,ok,0
power_demand,es,nation,2025-07,22.58,twh,ember,2025-07-31,,2026-09-26,ok,0
power_demand,es,nation,2025-08,21.29,twh,ember,2025-08-31,,2026-09-26,ok,0
power_demand,es,nation,2025-09,19.62,twh,ember,2025-09-30,,2026-09-26,ok,0
power_demand,es,nation,2025-10,18.96,twh,ember,2025-10-31,,2026-09-26,ok,0
power_demand,es,nation,2025-11,19.69,twh,ember,2025-11-30,,2026-09-26,ok,0
power_demand,es,nation,2025-12,20.69,twh,ember,2025-12-31,,2026-09-26,ok,0
power_demand,es,nation,2026-01,22.22,twh,ember,2026-01-31,,2026-09-26,ok,0
power_demand,es,nation,2026-02,19.17,twh,ember,2026-02-28,,2026-09-26,ok,0
power_demand,es,nation,2026-03,18.49,twh,ember,2026-03-31,,2026-09-26,ok,0
power_demand,es,nation,2026-04,17.76,twh,ember,2026-04-30,,2026-09-26,ok,0
power_demand,es,nation,2026-05,18.73,twh,ember,2026-05-31,,2026-09-26,ok,0
power_demand,es,nation,2026-06,20.56,twh,ember,2026-06-30,,2026-09-26,ok,0
power_demand,fr,nation,2015-01,55.42,twh,ember,2015-01-31,,2026-09-26,ok,0
power_demand,fr,nation,2015-02,49.41,twh,ember,2015-02-28,,2026-09-26,ok,0
power_demand,fr,nation,2015-03,47.07,twh,ember,2015-03-31,,2026-09-26,ok,0
power_demand,fr,nation,2015-04,38.23,twh,ember,2015-04-30,,2026-09-26,ok,0
power_demand,fr,nation,2015-05,35.82,twh,ember,2015-05-31,,2026-09-26,ok,0
power_demand,fr,nation,2015-06,35.15,twh,ember,2015-06-30,,2026-09-26,ok,0
power_demand,fr,nation,2015-07,36.67,twh,ember,2015-07-31,,2026-09-26,ok,0
power_demand,fr,nation,2015-08,32.97,twh,ember,2015-08-31,,2026-09-26,ok,0
power_demand,fr,nation,2015-09,34.98,twh,ember,2015-09-30,,2026-09-26,ok,0
power_demand,fr,nation,2015-10,40.75,twh,ember,2015-10-31,,2026-09-26,ok,0
power_demand,fr,nation,2015-11,43.09,twh,ember,2015-11-30,,2026-09-26,ok,0
power_demand,fr,nation,2015-12,47.22,twh,ember,2015-12-31,,2026-09-26,ok,0
power_demand,fr,nation,2016-01,49.54,twh,ember,2016-01-31,,2026-09-26,ok,0
power_demand,fr,nation,2016-02,45.73,twh,ember,2016-02-29,,2026-09-26,ok,0
power_demand,fr,nation,2016-03,46.71,twh,ember,2016-03-31,,2026-09-26,ok,0
power_demand,fr,nation,2016-04,38.51,twh,ember,2016-04-30,,2026-09-26,ok,0
power_demand,fr,nation,2016-05,34.31,twh,ember,2016-05-31,,2026-09-26,ok,0
power_demand,fr,nation,2016-06,32.3,twh,ember,2016-06-30,,2026-09-26,ok,0
power_demand,fr,nation,2016-07,33.5,twh,ember,2016-07-31,,2026-09-26,ok,0
power_demand,fr,nation,2016-08,32.05,twh,ember,2016-08-31,,2026-09-26,ok,0
power_demand,fr,nation,2016-09,33.19,twh,ember,2016-09-30,,2026-09-26,ok,0
power_demand,fr,nation,2016-10,38.44,twh,ember,2016-10-31,,2026-09-26,ok,0
power_demand,fr,nation,2016-11,44.03,twh,ember,2016-11-30,,2026-09-26,ok,0
power_demand,fr,nation,2016-12,50.43,twh,ember,2016-12-31,,2026-09-26,ok,0
power_demand,fr,nation,2017-01,57.03,twh,ember,2017-01-31,,2026-09-26,ok,0
power_demand,fr,nation,2017-02,43.51,twh,ember,2017-02-28,,2026-09-26,ok,0
power_demand,fr,nation,2017-03,42.3,twh,ember,2017-03-31,,2026-09-26,ok,0
power_demand,fr,nation,2017-04,36.64,twh,ember,2017-04-30,,2026-09-26,ok,0
power_demand,fr,nation,2017-05,34.8,twh,ember,2017-05-31,,2026-09-26,ok,0
power_demand,fr,nation,2017-06,33.33,twh,ember,2017-06-30,,2026-09-26,ok,0
power_demand,fr,nation,2017-07,33.81,twh,ember,2017-07-31,,2026-09-26,ok,0
power_demand,fr,nation,2017-08,31.95,twh,ember,2017-08-31,,2026-09-26,ok,0
power_demand,fr,nation,2017-09,33.54,twh,ember,2017-09-30,,2026-09-26,ok,0
power_demand,fr,nation,2017-10,36.38,twh,ember,2017-10-31,,2026-09-26,ok,0
power_demand,fr,nation,2017-11,44.16,twh,ember,2017-11-30,,2026-09-26,ok,0
power_demand,fr,nation,2017-12,50.68,twh,ember,2017-12-31,,2026-09-26,ok,0
power_demand,fr,nation,2018-01,47.7,twh,ember,2018-01-31,,2026-09-26,ok,0
power_demand,fr,nation,2018-02,49.21,twh,ember,2018-02-28,,2026-09-26,ok,0
power_demand,fr,nation,2018-03,47.52,twh,ember,2018-03-31,,2026-09-26,ok,0
power_demand,fr,nation,2018-04,35.93,twh,ember,2018-04-30,,2026-09-26,ok,0
power_demand,fr,nation,2018-05,33.49,twh,ember,2018-05-31,,2026-09-26,ok,0
power_demand,fr,nation,2018-06,31.96,twh,ember,2018-06-30,,2026-09-26,ok,0
power_demand,fr,nation,2018-07,34.15,twh,ember,2018-07-31,,2026-09-26,ok,0
power_demand,fr,nation,2018-08,31.98,twh,ember,2018-08-31,,2026-09-26,ok,0
power_demand,fr,nation,2018-09,32.42,twh,ember,2018-09-30,,2026-09-26,ok,0
power_demand,fr,nation,2018-10,36.49,twh,ember,2018-10-31,,2026-09-26,ok,0
power_demand,fr,nation,2018-11,43.01,twh,ember,2018-11-30,,2026-09-26,ok,0
power_demand,fr,nation,2018-12,46.81,twh,ember,2018-12-31,,2026-09-26,ok,0
power_demand,fr,nation,2019-01,53.27,twh,ember,2019-01-31,,2026-09-26,ok,0
power_demand,fr,nation,2019-02,43.45,twh,ember,2019-02-28,,2026-09-26,ok,0
power_demand,fr,nation,2019-03,42.38,twh,ember,2019-03-31,,2026-09-26,ok,0
power_demand,fr,nation,2019-04,37.55,twh,ember,2019-04-30,,2026-09-26,ok,0
power_demand,fr,nation,2019-05,35.06,twh,ember,2019-05-31,,2026-09-26,ok,0
power_demand,fr,nation,2019-06,32.09,twh,ember,2019-06-30,,2026-09-26,ok,0
power_demand,fr,nation,2019-07,34.15,twh,ember,2019-07-31,,2026-09-26,ok,0
power_demand,fr,nation,2019-08,31.12,twh,ember,2019-08-31,,2026-09-26,ok,0
power_demand,fr,nation,2019-09,31.79,twh,ember,2019-09-30,,2026-09-26,ok,0
power_demand,fr,nation,2019-10,35.42,twh,ember,2019-10-31,,2026-09-26,ok,0
power_demand,fr,nation,2019-11,43.08,twh,ember,2019-11-30,,2026-09-26,ok,0
power_demand,fr,nation,2019-12,45.95,twh,ember,2019-12-31,,2026-09-26,ok,0
power_demand,fr,nation,2020-01,48.62,twh,ember,2020-01-31,,2026-09-26,ok,0
power_demand,fr,nation,2020-02,42.53,twh,ember,2020-02-29,,2026-09-26,ok,0
power_demand,fr,nation,2020-03,40.83,twh,ember,2020-03-31,,2026-09-26,ok,0
power_demand,fr,nation,2020-04,30.29,twh,ember,2020-04-30,,2026-09-26,ok,0
power_demand,fr,nation,2020-05,30.25,twh,ember,2020-05-31,,2026-09-26,ok,0
power_demand,fr,nation,2020-06,30.06,twh,ember,2020-06-30,,2026-09-26,ok,0
power_demand,fr,nation,2020-07,32.47,twh,ember,2020-07-31,,2026-09-26,ok,0
power_demand,fr,nation,2020-08,31.03,twh,ember,2020-08-31,,2026-09-26,ok,0
power_demand,fr,nation,2020-09,32.07,twh,ember,2020-09-30,,2026-09-26,ok,0
power_demand,fr,nation,2020-10,37.77,twh,ember,2020-10-31,,2026-09-26,ok,0
power_demand,fr,nation,2020-11,39.48,twh,ember,2020-11-30,,2026-09-26,ok,0
power_demand,fr,nation,2020-12,47.14,twh,ember,2020-12-31,,2026-09-26,ok,0
power_demand,fr,nation,2021-01,52.69,twh,ember,2021-01-31,,2026-09-26,ok,0
power_demand,fr,nation,2021-02,42.7,twh,ember,2021-02-28,,2026-09-26,ok,0
power_demand,fr,nation,2021-03,43.39,twh,ember,2021-03-31,,2026-09-26,ok,0
power_demand,fr,nation,2021-04,37.42,twh,ember,2021-04-30,,2026-09-26,ok,0
power_demand,fr,nation,2021-05,34.41,twh,ember,2021-05-31,,2026-09-26,ok,0
power_demand,fr,nation,2021-06,31.51,twh,ember,2021-06-30,,2026-09-26,ok,0
power_demand,fr,nation,2021-07,32.27,twh,ember,2021-07-31,,2026-09-26,ok,0
power_demand,fr,nation,2021-08,30.48,twh,ember,2021-08-31,,2026-09-26,ok,0
power_demand,fr,nation,2021-09,31.91,twh,ember,2021-09-30,,2026-09-26,ok,0
power_demand,fr,nation,2021-10,36.13,twh,ember,2021-10-31,,2026-09-26,ok,0
power_demand,fr,nation,2021-11,43.85,twh,ember,2021-11-30,,2026-09-26,ok,0
power_demand,fr,nation,2021-12,48.51,twh,ember,2021-12-31,,2026-09-26,ok,0
power_demand,fr,nation,2022-01,51.68,twh,ember,2022-01-31,,2026-09-26,ok,0
power_demand,fr,nation,2022-02,42.06,twh,ember,2022-02-28,,2026-09-26,ok,0
power_demand,fr,nation,2022-03,41.76,twh,ember,2022-03-31,,2026-09-26,ok,0
power_demand,fr,nation,2022-04,35.88,twh,ember,2022-04-30,,2026-09-26,ok,0
power_demand,fr,nation,2022-05,32.28,twh,ember,2022-05-31,,2026-09-26,ok,0
power_demand,fr,nation,2022-06,31.74,twh,ember,2022-06-30,,2026-09-26,ok,0
power_demand,fr,nation,2022-07,33.35,twh,ember,2022-07-31,,2026-09-26,ok,0
power_demand,fr,nation,2022-08,31.4,twh,ember,2022-08-31,,2026-09-26,ok,0
power_demand,fr,nation,2022-09,31.35,twh,ember,2022-09-30,,2026-09-26,ok,0
power_demand,fr,nation,2022-10,31.73,twh,ember,2022-10-31,,2026-09-26,ok,0
power_demand,fr,nation,2022-11,36.34,twh,ember,2022-11-30,,2026-09-26,ok,0
power_demand,fr,nation,2022-12,45.27,twh,ember,2022-12-31,,2026-09-26,ok,0
power_demand,fr,nation,2023-01,46.01,twh,ember,2023-01-31,,2026-09-26,ok,0
power_demand,fr,nation,2023-02,40.81,twh,ember,2023-02-28,,2026-09-26,ok,0
power_demand,fr,nation,2023-03,39.37,twh,ember,2023-03-31,,2026-09-26,ok,0
power_demand,fr,nation,2023-04,33.94,twh,ember,2023-04-30,,2026-09-26,ok,0
power_demand,fr,nation,2023-05,30.48,twh,ember,2023-05-31,,2026-09-26,ok,0
power_demand,fr,nation,2023-06,29.91,twh,ember,2023-06-30,,2026-09-26,ok,0
power_demand,fr,nation,2023-07,31.3,twh,ember,2023-07-31,,2026-09-26,ok,0
power_demand,fr,nation,2023-08,30.02,twh,ember,2023-08-31,,2026-09-26,ok,0
power_demand,fr,nation,2023-09,30.32,twh,ember,2023-09-30,,2026-09-26,ok,0
power_demand,fr,nation,2023-10,32.18,twh,ember,2023-10-31,,2026-09-26,ok,0
power_demand,fr,nation,2023-11,37.9,twh,ember,2023-11-30,,2026-09-26,ok,0
power_demand,fr,nation,2023-12,42.71,twh,ember,2023-12-31,,2026-09-26,ok,0
power_demand,fr,nation,2024-01,46.91,twh,ember,2024-01-31,,2026-09-26,ok,0
power_demand,fr,nation,2024-02,38.71,twh,ember,2024-02-29,,2026-09-26,ok,0
power_demand,fr,nation,2024-03,38.53,twh,ember,2024-03-31,,2026-09-26,ok,0
power_demand,fr,nation,2024-04,34.08,twh,ember,2024-04-30,,2026-09-26,ok,0
power_demand,fr,nation,2024-05,30.86,twh,ember,2024-05-31,,2026-09-26,ok,0
power_demand,fr,nation,2024-06,29.64,twh,ember,2024-06-30,,2026-09-26,ok,0
power_demand,fr,nation,2024-07,31.61,twh,ember,2024-07-31,,2026-09-26,ok,0
power_demand,fr,nation,2024-08,30.6,twh,ember,2024-08-31,,2026-09-26,ok,0
power_demand,fr,nation,2024-09,30.36,twh,ember,2024-09-30,,2026-09-26,ok,0
power_demand,fr,nation,2024-10,33.47,twh,ember,2024-10-31,,2026-09-26,ok,0
power_demand,fr,nation,2024-11,38.44,twh,ember,2024-11-30,,2026-09-26,ok,0
power_demand,fr,nation,2024-12,44.91,twh,ember,2024-12-31,,2026-09-26,ok,0
power_demand,fr,nation,2025-01,48.91,twh,ember,2025-01-31,,2026-09-26,ok,0
power_demand,fr,nation,2025-02,41.48,twh,ember,2025-02-28,,2026-09-26,ok,0
power_demand,fr,nation,2025-03,40.17,twh,ember,2025-03-31,,2026-09-26,ok,0
power_demand,fr,nation,2025-04,32.48,twh,ember,2025-04-30,,2026-09-26,ok,0
power_demand,fr,nation,2025-05,30.2,twh,ember,2025-05-31,,2026-09-26,ok,0
power_demand,fr,nation,2025-06,31.03,twh,ember,2025-06-30,,2026-09-26,ok,0
power_demand,fr,nation,2025-07,31.96,twh,ember,2025-07-31,,2026-09-26,ok,0
power_demand,fr,nation,2025-08,30.26,twh,ember,2025-08-31,,2026-09-26,ok,0
power_demand,fr,nation,2025-09,30.72,twh,ember,2025-09-30,,2026-09-26,ok,0
power_demand,fr,nation,2025-10,34.13,twh,ember,2025-10-31,,2026-09-26,ok,0
power_demand,fr,nation,2025-11,39.09,twh,ember,2025-11-30,,2026-09-26,ok,0
power_demand,fr,nation,2025-12,44.21,twh,ember,2025-12-31,,2026-09-26,ok,0
power_demand,fr,nation,2026-01,49.27,twh,ember,2026-01-31,,2026-09-26,ok,0
power_demand,fr,nation,2026-02,38.93,twh,ember,2026-02-28,,2026-09-26,ok,0
power_demand,fr,nation,2026-03,39.39,twh,ember,2026-03-31,,2026-09-26,ok,0
power_demand,fr,nation,2026-04,34.4,twh,ember,2026-04-30,,2026-09-26,ok,0
power_demand,fr,nation,2026-05,33.73,twh,ember,2026-05-31,,2026-09-26,ok,0
power_demand,fr,nation,2026-06,33.93,twh,ember,2026-06-30,,2026-09-26,ok,0
power_demand,gb,nation,2015-01,30.16,twh,ember,2015-01-31,,2026-09-26,ok,0
power_demand,gb,nation,2015-02,27.21,twh,ember,2015-02-28,,2026-09-26,ok,0
power_demand,gb,nation,2015-03,28.31,twh,ember,2015-03-31,,2026-09-26,ok,0
power_demand,gb,nation,2015-04,24.66,twh,ember,2015-04-30,,2026-09-26,ok,0
power_demand,gb,nation,2015-05,24.3,twh,ember,2015-05-31,,2026-09-26,ok,0
power_demand,gb,nation,2015-06,23.15,twh,ember,2015-06-30,,2026-09-26,ok,0
power_demand,gb,nation,2015-07,23.47,twh,ember,2015-07-31,,2026-09-26,ok,0
power_demand,gb,nation,2015-08,23.04,twh,ember,2015-08-31,,2026-09-26,ok,0
power_demand,gb,nation,2015-09,23.48,twh,ember,2015-09-30,,2026-09-26,ok,0
power_demand,gb,nation,2015-10,25.93,twh,ember,2015-10-31,,2026-09-26,ok,0
power_demand,gb,nation,2015-11,26.72,twh,ember,2015-11-30,,2026-09-26,ok,0
power_demand,gb,nation,2015-12,27.08,twh,ember,2015-12-31,,2026-09-26,ok,0
power_demand,gb,nation,2016-01,28.92,twh,ember,2016-01-31,,2026-09-26,ok,0
power_demand,gb,nation,2016-02,27.14,twh,ember,2016-02-29,,2026-09-26,ok,0
power_demand,gb,nation,2016-03,27.77,twh,ember,2016-03-31,,2026-09-26,ok,0
power_demand,gb,nation,2016-04,24.77,twh,ember,2016-04-30,,2026-09-26,ok,0
power_demand,gb,nation,2016-05,23.31,twh,ember,2016-05-31,,2026-09-26,ok,0
power_demand,gb,nation,2016-06,22.47,twh,ember,2016-06-30,,2026-09-26,ok,0
power_demand,gb,nation,2016-07,22.62,twh,ember,2016-07-31,,2026-09-26,ok,0
power_demand,gb,nation,2016-08,22.44,twh,ember,2016-08-31,,2026-09-26,ok,0
power_demand,gb,nation,2016-09,22.87,twh,ember,2016-09-30,,2026-09-26,ok,0
power_demand,gb,nation,2016-10,24.97,twh,ember,2016-10-31,,2026-09-26,ok,0
power_demand,gb,nation,2016-11,27.41,twh,ember,2016-11-30,,2026-09-26,ok,0
power_demand,gb,nation,2016-12,27.81,twh,ember,2016-12-31,,2026-09-26,ok,0
power_demand,gb,nation,2017-01,29.74,twh,ember,2017-01-31,,2026-09-26,ok,0
power_demand,gb,nation,2017-02,25.89,twh,ember,2017-02-28,,2026-09-26,ok,0
power_demand,gb,nation,2017-03,26.71,twh,ember,2017-03-31,,2026-09-26,ok,0
power_demand,gb,nation,2017-04,23.22,twh,ember,2017-04-30,,2026-09-26,ok,0
power_demand,gb,nation,2017-05,23.39,twh,ember,2017-05-31,,2026-09-26,ok,0
power_demand,gb,nation,2017-06,21.96,twh,ember,2017-06-30,,2026-09-26,ok,0
power_demand,gb,nation,2017-07,22.31,twh,ember,2017-07-31,,2026-09-26,ok,0
power_demand,gb,nation,2017-08,22.08,twh,ember,2017-08-31,,2026-09-26,ok,0
power_demand,gb,nation,2017-09,22.49,twh,ember,2017-09-30,,2026-09-26,ok,0
power_demand,gb,nation,2017-10,24.46,twh,ember,2017-10-31,,2026-09-26,ok,0
power_demand,gb,nation,2017-11,26.64,twh,ember,2017-11-30,,2026-09-26,ok,0
power_demand,gb,nation,2017-12,28.18,twh,ember,2017-12-31,,2026-09-26,ok,0
power_demand,gb,nation,2018-01,28.82,twh,ember,2018-01-31,,2026-09-26,ok,0
power_demand,gb,nation,2018-02,26.59,twh,ember,2018-02-28,,2026-09-26,ok,0
power_demand,gb,nation,2018-03,28.54,twh,ember,2018-03-31,,2026-09-26,ok,0
power_demand,gb,nation,2018-04,24.04,twh,ember,2018-04-30,,2026-09-26,ok,0
power_demand,gb,nation,2018-05,22.79,twh,ember,2018-05-31,,2026-09-26,ok,0
power_demand,gb,nation,2018-06,21.64,twh,ember,2018-06-30,,2026-09-26,ok,0
power_demand,gb,nation,2018-07,22.58,twh,ember,2018-07-31,,2026-09-26,ok,0
power_demand,gb,nation,2018-08,22.09,twh,ember,2018-08-31,,2026-09-26,ok,0
power_demand,gb,nation,2018-09,21.91,twh,ember,2018-09-30,,2026-09-26,ok,0
power_demand,gb,nation,2018-10,24.53,twh,ember,2018-10-31,,2026-09-26,ok,0
power_demand,gb,nation,2018-11,26.03,twh,ember,2018-11-30,,2026-09-26,ok,0
power_demand,gb,nation,2018-12,26.58,twh,ember,2018-12-31,,2026-09-26,ok,0
power_demand,gb,nation,2019-01,28.42,twh,ember,2019-01-31,,2026-09-26,ok,0
power_demand,gb,nation,2019-02,24.67,twh,ember,2019-02-28,,2026-09-26,ok,0
power_demand,gb,nation,2019-03,25.85,twh,ember,2019-03-31,,2026-09-26,ok,0
power_demand,gb,nation,2019-04,23.31,twh,ember,2019-04-30,,2026-09-26,ok,0
power_demand,gb,nation,2019-05,22.59,twh,ember,2019-05-31,,2026-09-26,ok,0
power_demand,gb,nation,2019-06,21.2,twh,ember,2019-06-30,,2026-09-26,ok,0
power_demand,gb,nation,2019-07,21.98,twh,ember,2019-07-31,,2026-09-26,ok,0
power_demand,gb,nation,2019-08,21.4,twh,ember,2019-08-31,,2026-09-26,ok,0
power_demand,gb,nation,2019-09,21.48,twh,ember,2019-09-30,,2026-09-26,ok,0
power_demand,gb,nation,2019-10,24.75,twh,ember,2019-10-31,,2026-09-26,ok,0
power_demand,gb,nation,2019-11,26.28,twh,ember,2019-11-30,,2026-09-26,ok,0
power_demand,gb,nation,2019-12,26.6,twh,ember,2019-12-31,,2026-09-26,ok,0
power_demand,gb,nation,2020-01,27.18,twh,ember,2020-01-31,,2026-09-26,ok,0
power_demand,gb,nation,2020-02,25.52,twh,ember,2020-02-29,,2026-09-26,ok,0
power_demand,gb,nation,2020-03,25.52,twh,ember,2020-03-31,,2026-09-26,ok,0
power_demand,gb,nation,2020-04,19.62,twh,ember,2020-04-30,,2026-09-26,ok,0
power_demand,gb,nation,2020-05,19.51,twh,ember,2020-05-31,,2026-09-26,ok,0
power_demand,gb,nation,2020-06,19.29,twh,ember,2020-06-30,,2026-09-26,ok,0
power_demand,gb,nation,2020-07,20.31,twh,ember,2020-07-31,,2026-09-26,ok,0
power_demand,gb,nation,2020-08,20.87,twh,ember,2020-08-31,,2026-09-26,ok,0
power_demand,gb,nation,2020-09,21.17,twh,ember,2020-09-30,,2026-09-26,ok,0
power_demand,gb,nation,2020-10,24.05,twh,ember,2020-10-31,,2026-09-26,ok,0
power_demand,gb,nation,2020-11,24.02,twh,ember,2020-11-30,,2026-09-26,ok,0
power_demand,gb,nation,2020-12,26.28,twh,ember,2020-12-31,,2026-09-26,ok,0
power_demand,gb,nation,2021-01,27.18,twh,ember,2021-01-31,,2026-09-26,ok,0
power_demand,gb,nation,2021-02,24,twh,ember,2021-02-28,,2026-09-26,ok,0
power_demand,gb,nation,2021-03,24.93,twh,ember,2021-03-31,,2026-09-26,ok,0
power_demand,gb,nation,2021-04,22.61,twh,ember,2021-04-30,,2026-09-26,ok,0
power_demand,gb,nation,2021-05,22.35,twh,ember,2021-05-31,,2026-09-26,ok,0
power_demand,gb,nation,2021-06,20.63,twh,ember,2021-06-30,,2026-09-26,ok,0
power_demand,gb,nation,2021-07,21.17,twh,ember,2021-07-31,,2026-09-26,ok,0
power_demand,gb,nation,2021-08,20.74,twh,ember,2021-08-31,,2026-09-26,ok,0
power_demand,gb,nation,2021-09,20.78,twh,ember,2021-09-30,,2026-09-26,ok,0
power_demand,gb,nation,2021-10,22.68,twh,ember,2021-10-31,,2026-09-26,ok,0
power_demand,gb,nation,2021-11,24.57,twh,ember,2021-11-30,,2026-09-26,ok,0
power_demand,gb,nation,2021-12,25.71,twh,ember,2021-12-31,,2026-09-26,ok,0
power_demand,gb,nation,2022-01,26.74,twh,ember,2022-01-31,,2026-09-26,ok,0
power_demand,gb,nation,2022-02,23.66,twh,ember,2022-02-28,,2026-09-26,ok,0
power_demand,gb,nation,2022-03,24.63,twh,ember,2022-03-31,,2026-09-26,ok,0
power_demand,gb,nation,2022-04,21.69,twh,ember,2022-04-30,,2026-09-26,ok,0
power_demand,gb,nation,2022-05,20.9,twh,ember,2022-05-31,,2026-09-26,ok,0
power_demand,gb,nation,2022-06,19.61,twh,ember,2022-06-30,,2026-09-26,ok,0
power_demand,gb,nation,2022-07,20.27,twh,ember,2022-07-31,,2026-09-26,ok,0
power_demand,gb,nation,2022-08,20.06,twh,ember,2022-08-31,,2026-09-26,ok,0
power_demand,gb,nation,2022-09,19.72,twh,ember,2022-09-30,,2026-09-26,ok,0
power_demand,gb,nation,2022-10,21.16,twh,ember,2022-10-31,,2026-09-26,ok,0
power_demand,gb,nation,2022-11,22.53,twh,ember,2022-11-30,,2026-09-26,ok,0
power_demand,gb,nation,2022-12,25.38,twh,ember,2022-12-31,,2026-09-26,ok,0
power_demand,gb,nation,2023-01,25.65,twh,ember,2023-01-31,,2026-09-26,ok,0
power_demand,gb,nation,2023-02,22.24,twh,ember,2023-02-28,,2026-09-26,ok,0
power_demand,gb,nation,2023-03,24.33,twh,ember,2023-03-31,,2026-09-26,ok,0
power_demand,gb,nation,2023-04,21.25,twh,ember,2023-04-30,,2026-09-26,ok,0
power_demand,gb,nation,2023-05,20.13,twh,ember,2023-05-31,,2026-09-26,ok,0
power_demand,gb,nation,2023-06,19.26,twh,ember,2023-06-30,,2026-09-26,ok,0
power_demand,gb,nation,2023-07,19.41,twh,ember,2023-07-31,,2026-09-26,ok,0
power_demand,gb,nation,2023-08,19.44,twh,ember,2023-08-31,,2026-09-26,ok,0
power_demand,gb,nation,2023-09,19.95,twh,ember,2023-09-30,,2026-09-26,ok,0
power_demand,gb,nation,2023-10,21.74,twh,ember,2023-10-31,,2026-09-26,ok,0
power_demand,gb,nation,2023-11,23.62,twh,ember,2023-11-30,,2026-09-26,ok,0
power_demand,gb,nation,2023-12,24.46,twh,ember,2023-12-31,,2026-09-26,ok,0
power_demand,gb,nation,2024-01,26.27,twh,ember,2024-01-31,,2026-09-26,ok,0
power_demand,gb,nation,2024-02,23.18,twh,ember,2024-02-29,,2026-09-26,ok,0
power_demand,gb,nation,2024-03,23.89,twh,ember,2024-03-31,,2026-09-26,ok,0
power_demand,gb,nation,2024-04,22.02,twh,ember,2024-04-30,,2026-09-26,ok,0
power_demand,gb,nation,2024-05,20.19,twh,ember,2024-05-31,,2026-09-26,ok,0
power_demand,gb,nation,2024-06,19.43,twh,ember,2024-06-30,,2026-09-26,ok,0
power_demand,gb,nation,2024-07,20.14,twh,ember,2024-07-31,,2026-09-26,ok,0
power_demand,gb,nation,2024-08,20.01,twh,ember,2024-08-31,,2026-09-26,ok,0
power_demand,gb,nation,2024-09,20.26,twh,ember,2024-09-30,,2026-09-26,ok,0
power_demand,gb,nation,2024-10,22.08,twh,ember,2024-10-31,,2026-09-26,ok,0
power_demand,gb,nation,2024-11,24.01,twh,ember,2024-11-30,,2026-09-26,ok,0
power_demand,gb,nation,2024-12,25.02,twh,ember,2024-12-31,,2026-09-26,ok,0
power_demand,gb,nation,2025-01,27.21,twh,ember,2025-01-31,,2026-09-26,ok,0
power_demand,gb,nation,2025-02,23.99,twh,ember,2025-02-28,,2026-09-26,ok,0
power_demand,gb,nation,2025-03,24.03,twh,ember,2025-03-31,,2026-09-26,ok,0
power_demand,gb,nation,2025-04,20.84,twh,ember,2025-04-30,,2026-09-26,ok,0
power_demand,gb,nation,2025-05,20.4,twh,ember,2025-05-31,,2026-09-26,ok,0
power_demand,gb,nation,2025-06,20.23,twh,ember,2025-06-30,,2026-09-26,ok,0
power_demand,gb,nation,2025-07,20.63,twh,ember,2025-07-31,,2026-09-26,ok,0
power_demand,gb,nation,2025-08,20.06,twh,ember,2025-08-31,,2026-09-26,ok,0
power_demand,gb,nation,2025-09,20.55,twh,ember,2025-09-30,,2026-09-26,ok,0
power_demand,gb,nation,2025-10,22.88,twh,ember,2025-10-31,,2026-09-26,ok,0
power_demand,gb,nation,2025-11,24.41,twh,ember,2025-11-30,,2026-09-26,ok,0
power_demand,gb,nation,2025-12,25.4,twh,ember,2025-12-31,,2026-09-26,ok,0
power_demand,gb,nation,2026-01,27.27,twh,ember,2026-01-31,,2026-09-26,ok,0
power_demand,gb,nation,2026-02,23.62,twh,ember,2026-02-28,,2026-09-26,ok,0
power_demand,gb,nation,2026-03,24.54,twh,ember,2026-03-31,,2026-09-26,ok,0
power_demand,gb,nation,2026-04,21.44,twh,ember,2026-04-30,,2026-09-26,ok,0
power_demand,gb,nation,2026-05,21.23,twh,ember,2026-05-31,,2026-09-26,ok,0
power_demand,gb,nation,2026-06,20.73,twh,ember,2026-06-30,,2026-09-26,ok,0
power_demand,ie,nation,2015-01,2.69,twh,ember,2015-01-31,,2026-09-26,ok,0
power_demand,ie,nation,2015-02,2.41,twh,ember,2015-02-28,,2026-09-26,ok,0
power_demand,ie,nation,2015-03,2.57,twh,ember,2015-03-31,,2026-09-26,ok,0
power_demand,ie,nation,2015-04,2.32,twh,ember,2015-04-30,,2026-09-26,ok,0
power_demand,ie,nation,2015-05,2.36,twh,ember,2015-05-31,,2026-09-26,ok,0
power_demand,ie,nation,2015-06,2.2,twh,ember,2015-06-30,,2026-09-26,ok,0
power_demand,ie,nation,2015-07,2.3,twh,ember,2015-07-31,,2026-09-26,ok,0
power_demand,ie,nation,2015-08,2.29,twh,ember,2015-08-31,,2026-09-26,ok,0
power_demand,ie,nation,2015-09,2.33,twh,ember,2015-09-30,,2026-09-26,ok,0
power_demand,ie,nation,2015-10,2.51,twh,ember,2015-10-31,,2026-09-26,ok,0
power_demand,ie,nation,2015-11,2.59,twh,ember,2015-11-30,,2026-09-26,ok,0
power_demand,ie,nation,2015-12,2.68,twh,ember,2015-12-31,,2026-09-26,ok,0
power_demand,ie,nation,2016-01,2.74,twh,ember,2016-01-31,,2026-09-26,ok,0
power_demand,ie,nation,2016-02,2.65,twh,ember,2016-02-29,,2026-09-26,ok,0
power_demand,ie,nation,2016-03,2.7,twh,ember,2016-03-31,,2026-09-26,ok,0
power_demand,ie,nation,2016-04,2.51,twh,ember,2016-04-30,,2026-09-26,ok,0
power_demand,ie,nation,2016-05,2.44,twh,ember,2016-05-31,,2026-09-26,ok,0
power_demand,ie,nation,2016-06,2.39,twh,ember,2016-06-30,,2026-09-26,ok,0
power_demand,ie,nation,2016-07,2.56,twh,ember,2016-07-31,,2026-09-26,ok,0
power_demand,ie,nation,2016-08,2.61,twh,ember,2016-08-31,,2026-09-26,ok,0
power_demand,ie,nation,2016-09,2.45,twh,ember,2016-09-30,,2026-09-26,ok,0
power_demand,ie,nation,2016-10,2.51,twh,ember,2016-10-31,,2026-09-26,ok,0
power_demand,ie,nation,2016-11,2.63,twh,ember,2016-11-30,,2026-09-26,ok,0
power_demand,ie,nation,2016-12,2.68,twh,ember,2016-12-31,,2026-09-26,ok,0
power_demand,ie,nation,2017-01,2.97,twh,ember,2017-01-31,,2026-09-26,ok,0
power_demand,ie,nation,2017-02,2.68,twh,ember,2017-02-28,,2026-09-26,ok,0
power_demand,ie,nation,2017-03,2.76,twh,ember,2017-03-31,,2026-09-26,ok,0
power_demand,ie,nation,2017-04,2.44,twh,ember,2017-04-30,,2026-09-26,ok,0
power_demand,ie,nation,2017-05,2.33,twh,ember,2017-05-31,,2026-09-26,ok,0
power_demand,ie,nation,2017-06,2.48,twh,ember,2017-06-30,,2026-09-26,ok,0
power_demand,ie,nation,2017-07,2.63,twh,ember,2017-07-31,,2026-09-26,ok,0
power_demand,ie,nation,2017-08,2.53,twh,ember,2017-08-31,,2026-09-26,ok,0
power_demand,ie,nation,2017-09,2.63,twh,ember,2017-09-30,,2026-09-26,ok,0
power_demand,ie,nation,2017-10,2.65,twh,ember,2017-10-31,,2026-09-26,ok,0
power_demand,ie,nation,2017-11,2.8,twh,ember,2017-11-30,,2026-09-26,ok,0
power_demand,ie,nation,2017-12,2.95,twh,ember,2017-12-31,,2026-09-26,ok,0
power_demand,ie,nation,2018-01,3.01,twh,ember,2018-01-31,,2026-09-26,ok,0
power_demand,ie,nation,2018-02,2.68,twh,ember,2018-02-28,,2026-09-26,ok,0
power_demand,ie,nation,2018-03,2.72,twh,ember,2018-03-31,,2026-09-26,ok,0
power_demand,ie,nation,2018-04,2.63,twh,ember,2018-04-30,,2026-09-26,ok,0
power_demand,ie,nation,2018-05,2.6,twh,ember,2018-05-31,,2026-09-26,ok,0
power_demand,ie,nation,2018-06,2.63,twh,ember,2018-06-30,,2026-09-26,ok,0
power_demand,ie,nation,2018-07,2.65,twh,ember,2018-07-31,,2026-09-26,ok,0
power_demand,ie,nation,2018-08,2.61,twh,ember,2018-08-31,,2026-09-26,ok,0
power_demand,ie,nation,2018-09,2.5,twh,ember,2018-09-30,,2026-09-26,ok,0
power_demand,ie,nation,2018-10,2.67,twh,ember,2018-10-31,,2026-09-26,ok,0
power_demand,ie,nation,2018-11,2.85,twh,ember,2018-11-30,,2026-09-26,ok,0
power_demand,ie,nation,2018-12,3.01,twh,ember,2018-12-31,,2026-09-26,ok,0
power_demand,ie,nation,2019-01,2.85,twh,ember,2019-01-31,,2026-09-26,ok,0
power_demand,ie,nation,2019-02,2.67,twh,ember,2019-02-28,,2026-09-26,ok,0
power_demand,ie,nation,2019-03,2.91,twh,ember,2019-03-31,,2026-09-26,ok,0
power_demand,ie,nation,2019-04,2.67,twh,ember,2019-04-30,,2026-09-26,ok,0
power_demand,ie,nation,2019-05,2.56,twh,ember,2019-05-31,,2026-09-26,ok,0
power_demand,ie,nation,2019-06,2.51,twh,ember,2019-06-30,,2026-09-26,ok,0
power_demand,ie,nation,2019-07,2.43,twh,ember,2019-07-31,,2026-09-26,ok,0
power_demand,ie,nation,2019-08,2.46,twh,ember,2019-08-31,,2026-09-26,ok,0
power_demand,ie,nation,2019-09,2.49,twh,ember,2019-09-30,,2026-09-26,ok,0
power_demand,ie,nation,2019-10,2.82,twh,ember,2019-10-31,,2026-09-26,ok,0
power_demand,ie,nation,2019-11,2.91,twh,ember,2019-11-30,,2026-09-26,ok,0
power_demand,ie,nation,2019-12,2.97,twh,ember,2019-12-31,,2026-09-26,ok,0
power_demand,ie,nation,2020-01,2.99,twh,ember,2020-01-31,,2026-09-26,ok,0
power_demand,ie,nation,2020-02,3.08,twh,ember,2020-02-29,,2026-09-26,ok,0
power_demand,ie,nation,2020-03,2.92,twh,ember,2020-03-31,,2026-09-26,ok,0
power_demand,ie,nation,2020-04,2.33,twh,ember,2020-04-30,,2026-09-26,ok,0
power_demand,ie,nation,2020-05,2.53,twh,ember,2020-05-31,,2026-09-26,ok,0
power_demand,ie,nation,2020-06,2.53,twh,ember,2020-06-30,,2026-09-26,ok,0
power_demand,ie,nation,2020-07,2.66,twh,ember,2020-07-31,,2026-09-26,ok,0
power_demand,ie,nation,2020-08,2.61,twh,ember,2020-08-31,,2026-09-26,ok,0
power_demand,ie,nation,2020-09,2.71,twh,ember,2020-09-30,,2026-09-26,ok,0
power_demand,ie,nation,2020-10,2.91,twh,ember,2020-10-31,,2026-09-26,ok,0
power_demand,ie,nation,2020-11,2.94,twh,ember,2020-11-30,,2026-09-26,ok,0
power_demand,ie,nation,2020-12,3.16,twh,ember,2020-12-31,,2026-09-26,ok,0
power_demand,ie,nation,2021-01,2.99,twh,ember,2021-01-31,,2026-09-26,ok,0
power_demand,ie,nation,2021-02,2.79,twh,ember,2021-02-28,,2026-09-26,ok,0
power_demand,ie,nation,2021-03,2.85,twh,ember,2021-03-31,,2026-09-26,ok,0
power_demand,ie,nation,2021-04,2.53,twh,ember,2021-04-30,,2026-09-26,ok,0
power_demand,ie,nation,2021-05,2.59,twh,ember,2021-05-31,,2026-09-26,ok,0
power_demand,ie,nation,2021-06,2.41,twh,ember,2021-06-30,,2026-09-26,ok,0
power_demand,ie,nation,2021-07,2.45,twh,ember,2021-07-31,,2026-09-26,ok,0
power_demand,ie,nation,2021-08,2.51,twh,ember,2021-08-31,,2026-09-26,ok,0
power_demand,ie,nation,2021-09,2.54,twh,ember,2021-09-30,,2026-09-26,ok,0
power_demand,ie,nation,2021-10,2.78,twh,ember,2021-10-31,,2026-09-26,ok,0
power_demand,ie,nation,2021-11,2.95,twh,ember,2021-11-30,,2026-09-26,ok,0
power_demand,ie,nation,2021-12,3.23,twh,ember,2021-12-31,,2026-09-26,ok,0
power_demand,ie,nation,2022-01,3.17,twh,ember,2022-01-31,,2026-09-26,ok,0
power_demand,ie,nation,2022-02,2.96,twh,ember,2022-02-28,,2026-09-26,ok,0
power_demand,ie,nation,2022-03,2.91,twh,ember,2022-03-31,,2026-09-26,ok,0
power_demand,ie,nation,2022-04,2.62,twh,ember,2022-04-30,,2026-09-26,ok,0
power_demand,ie,nation,2022-05,2.65,twh,ember,2022-05-31,,2026-09-26,ok,0
power_demand,ie,nation,2022-06,2.62,twh,ember,2022-06-30,,2026-09-26,ok,0
power_demand,ie,nation,2022-07,2.75,twh,ember,2022-07-31,,2026-09-26,ok,0
power_demand,ie,nation,2022-08,2.77,twh,ember,2022-08-31,,2026-09-26,ok,0
power_demand,ie,nation,2022-09,2.63,twh,ember,2022-09-30,,2026-09-26,ok,0
power_demand,ie,nation,2022-10,2.93,twh,ember,2022-10-31,,2026-09-26,ok,0
power_demand,ie,nation,2022-11,3.05,twh,ember,2022-11-30,,2026-09-26,ok,0
power_demand,ie,nation,2022-12,3.16,twh,ember,2022-12-31,,2026-09-26,ok,0
power_demand,ie,nation,2023-01,3.07,twh,ember,2023-01-31,,2026-09-26,ok,0
power_demand,ie,nation,2023-02,2.76,twh,ember,2023-02-28,,2026-09-26,ok,0
power_demand,ie,nation,2023-03,3.04,twh,ember,2023-03-31,,2026-09-26,ok,0
power_demand,ie,nation,2023-04,2.72,twh,ember,2023-04-30,,2026-09-26,ok,0
power_demand,ie,nation,2023-05,2.65,twh,ember,2023-05-31,,2026-09-26,ok,0
power_demand,ie,nation,2023-06,2.49,twh,ember,2023-06-30,,2026-09-26,ok,0
power_demand,ie,nation,2023-07,2.62,twh,ember,2023-07-31,,2026-09-26,ok,0
power_demand,ie,nation,2023-08,2.64,twh,ember,2023-08-31,,2026-09-26,ok,0
power_demand,ie,nation,2023-09,2.61,twh,ember,2023-09-30,,2026-09-26,ok,0
power_demand,ie,nation,2023-10,2.78,twh,ember,2023-10-31,,2026-09-26,ok,0
power_demand,ie,nation,2023-11,2.95,twh,ember,2023-11-30,,2026-09-26,ok,0
power_demand,ie,nation,2023-12,3.08,twh,ember,2023-12-31,,2026-09-26,ok,0
power_demand,ie,nation,2024-01,3.22,twh,ember,2024-01-31,,2026-09-26,ok,0
power_demand,ie,nation,2024-02,2.88,twh,ember,2024-02-29,,2026-09-26,ok,0
power_demand,ie,nation,2024-03,3.05,twh,ember,2024-03-31,,2026-09-26,ok,0
power_demand,ie,nation,2024-04,2.75,twh,ember,2024-04-30,,2026-09-26,ok,0
power_demand,ie,nation,2024-05,2.68,twh,ember,2024-05-31,,2026-09-26,ok,0
power_demand,ie,nation,2024-06,2.5,twh,ember,2024-06-30,,2026-09-26,ok,0
power_demand,ie,nation,2024-07,2.63,twh,ember,2024-07-31,,2026-09-26,ok,0
power_demand,ie,nation,2024-08,2.64,twh,ember,2024-08-31,,2026-09-26,ok,0
power_demand,ie,nation,2024-09,2.67,twh,ember,2024-09-30,,2026-09-26,ok,0
power_demand,ie,nation,2024-10,2.93,twh,ember,2024-10-31,,2026-09-26,ok,0
power_demand,ie,nation,2024-11,3.06,twh,ember,2024-11-30,,2026-09-26,ok,0
power_demand,ie,nation,2024-12,3.16,twh,ember,2024-12-31,,2026-09-26,ok,0
power_demand,ie,nation,2025-01,3.33,twh,ember,2025-01-31,,2026-09-26,ok,0
power_demand,ie,nation,2025-02,3.08,twh,ember,2025-02-28,,2026-09-26,ok,0
power_demand,ie,nation,2025-03,3.11,twh,ember,2025-03-31,,2026-09-26,ok,0
power_demand,ie,nation,2025-04,2.82,twh,ember,2025-04-30,,2026-09-26,ok,0
power_demand,ie,nation,2025-05,2.72,twh,ember,2025-05-31,,2026-09-26,ok,0
power_demand,ie,nation,2025-06,2.7,twh,ember,2025-06-30,,2026-09-26,ok,0
power_demand,ie,nation,2025-07,2.81,twh,ember,2025-07-31,,2026-09-26,ok,0
power_demand,ie,nation,2025-08,2.77,twh,ember,2025-08-31,,2026-09-26,ok,0
power_demand,ie,nation,2025-09,2.77,twh,ember,2025-09-30,,2026-09-26,ok,0
power_demand,ie,nation,2025-10,3.08,twh,ember,2025-10-31,,2026-09-26,ok,0
power_demand,ie,nation,2025-11,3.18,twh,ember,2025-11-30,,2026-09-26,ok,0
power_demand,ie,nation,2025-12,3.3,twh,ember,2025-12-31,,2026-09-26,ok,0
power_demand,ie,nation,2026-01,3.49,twh,ember,2026-01-31,,2026-09-26,ok,0
power_demand,ie,nation,2026-02,3.22,twh,ember,2026-02-28,,2026-09-26,ok,0
power_demand,ie,nation,2026-03,3.25,twh,ember,2026-03-31,,2026-09-26,ok,0
power_demand,ie,nation,2026-04,3.01,twh,ember,2026-04-30,,2026-09-26,ok,0
power_demand,ie,nation,2026-05,2.87,twh,ember,2026-05-31,,2026-09-26,ok,0
power_demand,in,nation,2019-01,109.52,twh,ember,2019-01-31,,2026-09-26,ok,0
power_demand,in,nation,2019-02,99.98,twh,ember,2019-02-28,,2026-09-26,ok,0
power_demand,in,nation,2019-03,116.03,twh,ember,2019-03-31,,2026-09-26,ok,0
power_demand,in,nation,2019-04,118.25,twh,ember,2019-04-30,,2026-09-26,ok,0
power_demand,in,nation,2019-05,128.39,twh,ember,2019-05-31,,2026-09-26,ok,0
power_demand,in,nation,2019-06,125.91,twh,ember,2019-06-30,,2026-09-26,ok,0
power_demand,in,nation,2019-07,124.12,twh,ember,2019-07-31,,2026-09-26,ok,0
power_demand,in,nation,2019-08,120.47,twh,ember,2019-08-31,,2026-09-26,ok,0
power_demand,in,nation,2019-09,115.39,twh,ember,2019-09-30,,2026-09-26,ok,0
power_demand,in,nation,2019-10,106.06,twh,ember,2019-10-31,,2026-09-26,ok,0
power_demand,in,nation,2019-11,102.02,twh,ember,2019-11-30,,2026-09-26,ok,0
power_demand,in,nation,2019-12,109.61,twh,ember,2019-12-31,,2026-09-26,ok,0
power_demand,in,nation,2020-01,113.42,twh,ember,2020-01-31,,2026-09-26,ok,0
power_demand,in,nation,2020-02,111.86,twh,ember,2020-02-29,,2026-09-26,ok,0
power_demand,in,nation,2020-03,107,twh,ember,2020-03-31,,2026-09-26,ok,0
power_demand,in,nation,2020-04,91.65,twh,ember,2020-04-30,,2026-09-26,ok,0
power_demand,in,nation,2020-05,109.92,twh,ember,2020-05-31,,2026-09-26,ok,0
power_demand,in,nation,2020-06,113.78,twh,ember,2020-06-30,,2026-09-26,ok,0
power_demand,in,nation,2020-07,121.14,twh,ember,2020-07-31,,2026-09-26,ok,0
power_demand,in,nation,2020-08,118.45,twh,ember,2020-08-31,,2026-09-26,ok,0
power_demand,in,nation,2020-09,121.19,twh,ember,2020-09-30,,2026-09-26,ok,0
power_demand,in,nation,2020-10,118.19,twh,ember,2020-10-31,,2026-09-26,ok,0
power_demand,in,nation,2020-11,105.7,twh,ember,2020-11-30,,2026-09-26,ok,0
power_demand,in,nation,2020-12,115.22,twh,ember,2020-12-31,,2026-09-26,ok,0
power_demand,in,nation,2021-01,119.58,twh,ember,2021-01-31,,2026-09-26,ok,0
power_demand,in,nation,2021-02,112.11,twh,ember,2021-02-28,,2026-09-26,ok,0
power_demand,in,nation,2021-03,131.14,twh,ember,2021-03-31,,2026-09-26,ok,0
power_demand,in,nation,2021-04,126.6,twh,ember,2021-04-30,,2026-09-26,ok,0
power_demand,in,nation,2021-05,117.99,twh,ember,2021-05-31,,2026-09-26,ok,0
power_demand,in,nation,2021-06,123.3,twh,ember,2021-06-30,,2026-09-26,ok,0
power_demand,in,nation,2021-07,134.73,twh,ember,2021-07-31,,2026-09-26,ok,0
power_demand,in,nation,2021-08,137.97,twh,ember,2021-08-31,,2026-09-26,ok,0
power_demand,in,nation,2021-09,122.9,twh,ember,2021-09-30,,2026-09-26,ok,0
power_demand,in,nation,2021-10,122.58,twh,ember,2021-10-31,,2026-09-26,ok,0
power_demand,in,nation,2021-11,108.2,twh,ember,2021-11-30,,2026-09-26,ok,0
power_demand,in,nation,2021-12,118.9,twh,ember,2021-12-31,,2026-09-26,ok,0
power_demand,in,nation,2022-01,120.9,twh,ember,2022-01-31,,2026-09-26,ok,0
power_demand,in,nation,2022-02,117.48,twh,ember,2022-02-28,,2026-09-26,ok,0
power_demand,in,nation,2022-03,139.48,twh,ember,2022-03-31,,2026-09-26,ok,0
power_demand,in,nation,2022-04,142.1,twh,ember,2022-04-30,,2026-09-26,ok,0
power_demand,in,nation,2022-05,146.19,twh,ember,2022-05-31,,2026-09-26,ok,0
power_demand,in,nation,2022-06,144.18,twh,ember,2022-06-30,,2026-09-26,ok,0
power_demand,in,nation,2022-07,138.43,twh,ember,2022-07-31,,2026-09-26,ok,0
power_demand,in,nation,2022-08,140,twh,ember,2022-08-31,,2026-09-26,ok,0
power_demand,in,nation,2022-09,137.33,twh,ember,2022-09-30,,2026-09-26,ok,0
power_demand,in,nation,2022-10,124.24,twh,ember,2022-10-31,,2026-09-26,ok,0
power_demand,in,nation,2022-11,122.26,twh,ember,2022-11-30,,2026-09-26,ok,0
power_demand,in,nation,2022-12,131.26,twh,ember,2022-12-31,,2026-09-26,ok,0
power_demand,in,nation,2023-01,136.17,twh,ember,2023-01-31,,2026-09-26,ok,0
power_demand,in,nation,2023-02,126.93,twh,ember,2023-02-28,,2026-09-26,ok,0
power_demand,in,nation,2023-03,137.22,twh,ember,2023-03-31,,2026-09-26,ok,0
power_demand,in,nation,2023-04,139.83,twh,ember,2023-04-30,,2026-09-26,ok,0
power_demand,in,nation,2023-05,147.26,twh,ember,2023-05-31,,2026-09-26,ok,0
power_demand,in,nation,2023-06,149.97,twh,ember,2023-06-30,,2026-09-26,ok,0
power_demand,in,nation,2023-07,148.72,twh,ember,2023-07-31,,2026-09-26,ok,0
power_demand,in,nation,2023-08,160.41,twh,ember,2023-08-31,,2026-09-26,ok,0
power_demand,in,nation,2023-09,149.81,twh,ember,2023-09-30,,2026-09-26,ok,0
power_demand,in,nation,2023-10,149.61,twh,ember,2023-10-31,,2026-09-26,ok,0
power_demand,in,nation,2023-11,128.82,twh,ember,2023-11-30,,2026-09-26,ok,0
power_demand,in,nation,2023-12,132.58,twh,ember,2023-12-31,,2026-09-26,ok,0
power_demand,in,nation,2024-01,143.31,twh,ember,2024-01-31,,2026-09-26,ok,0
power_demand,in,nation,2024-02,136.09,twh,ember,2024-02-29,,2026-09-26,ok,0
power_demand,in,nation,2024-03,149.56,twh,ember,2024-03-31,,2026-09-26,ok,0
power_demand,in,nation,2024-04,154.91,twh,ember,2024-04-30,,2026-09-26,ok,0
power_demand,in,nation,2024-05,167.81,twh,ember,2024-05-31,,2026-09-26,ok,0
power_demand,in,nation,2024-06,163.16,twh,ember,2024-06-30,,2026-09-26,ok,0
power_demand,in,nation,2024-07,161.39,twh,ember,2024-07-31,,2026-09-26,ok,0
power_demand,in,nation,2024-08,155.62,twh,ember,2024-08-31,,2026-09-26,ok,0
power_demand,in,nation,2024-09,151.5,twh,ember,2024-09-30,,2026-09-26,ok,0
power_demand,in,nation,2024-10,152.58,twh,ember,2024-10-31,,2026-09-26,ok,0
power_demand,in,nation,2024-11,135.21,twh,ember,2024-11-30,,2026-09-26,ok,0
power_demand,in,nation,2024-12,141.55,twh,ember,2024-12-31,,2026-09-26,ok,0
power_demand,in,nation,2025-01,148.1,twh,ember,2025-01-31,,2026-09-26,ok,0
power_demand,in,nation,2025-02,142.44,twh,ember,2025-02-28,,2026-09-26,ok,0
power_demand,in,nation,2025-03,160.71,twh,ember,2025-03-31,,2026-09-26,ok,0
power_demand,in,nation,2025-04,159.08,twh,ember,2025-04-30,,2026-09-26,ok,0
power_demand,in,nation,2025-05,161.4,twh,ember,2025-05-31,,2026-09-26,ok,0
power_demand,in,nation,2025-06,163.2,twh,ember,2025-06-30,,2026-09-26,ok,0
power_demand,in,nation,2025-07,169.33,twh,ember,2025-07-31,,2026-09-26,ok,0
power_demand,in,nation,2025-08,164.32,twh,ember,2025-08-31,,2026-09-26,ok,0
power_demand,in,nation,2025-09,159.43,twh,ember,2025-09-30,,2026-09-26,ok,0
power_demand,in,nation,2025-10,144.82,twh,ember,2025-10-31,,2026-09-26,ok,0
power_demand,in,nation,2025-11,135.85,twh,ember,2025-11-30,,2026-09-26,ok,0
power_demand,in,nation,2025-12,152.67,twh,ember,2025-12-31,,2026-09-26,ok,0
power_demand,in,nation,2026-01,157.5,twh,ember,2026-01-31,,2026-09-26,ok,0
power_demand,in,nation,2026-02,147.13,twh,ember,2026-02-28,,2026-09-26,ok,0
power_demand,in,nation,2026-03,164.08,twh,ember,2026-03-31,,2026-09-26,ok,0
power_demand,in,nation,2026-04,168.45,twh,ember,2026-04-30,,2026-09-26,ok,0
power_demand,in,nation,2026-05,180.34,twh,ember,2026-05-31,,2026-09-26,ok,0
power_demand,it,nation,2016-01,26.19,twh,ember,2016-01-31,,2026-09-26,ok,0
power_demand,it,nation,2016-02,25.31,twh,ember,2016-02-29,,2026-09-26,ok,0
power_demand,it,nation,2016-03,26.07,twh,ember,2016-03-31,,2026-09-26,ok,0
power_demand,it,nation,2016-04,24.08,twh,ember,2016-04-30,,2026-09-26,ok,0
power_demand,it,nation,2016-05,25.18,twh,ember,2016-05-31,,2026-09-26,ok,0
power_demand,it,nation,2016-06,25.52,twh,ember,2016-06-30,,2026-09-26,ok,0
power_demand,it,nation,2016-07,29.13,twh,ember,2016-07-31,,2026-09-26,ok,0
power_demand,it,nation,2016-08,24.49,twh,ember,2016-08-31,,2026-09-26,ok,0
power_demand,it,nation,2016-09,26.2,twh,ember,2016-09-30,,2026-09-26,ok,0
power_demand,it,nation,2016-10,25.53,twh,ember,2016-10-31,,2026-09-26,ok,0
power_demand,it,nation,2016-11,25.83,twh,ember,2016-11-30,,2026-09-26,ok,0
power_demand,it,nation,2016-12,26.24,twh,ember,2016-12-31,,2026-09-26,ok,0
power_demand,it,nation,2017-01,27.59,twh,ember,2017-01-31,,2026-09-26,ok,0
power_demand,it,nation,2017-02,24.69,twh,ember,2017-02-28,,2026-09-26,ok,0
power_demand,it,nation,2017-03,26.02,twh,ember,2017-03-31,,2026-09-26,ok,0
power_demand,it,nation,2017-04,23.35,twh,ember,2017-04-30,,2026-09-26,ok,0
power_demand,it,nation,2017-05,25.26,twh,ember,2017-05-31,,2026-09-26,ok,0
power_demand,it,nation,2017-06,27.55,twh,ember,2017-06-30,,2026-09-26,ok,0
power_demand,it,nation,2017-07,29.54,twh,ember,2017-07-31,,2026-09-26,ok,0
power_demand,it,nation,2017-08,26.46,twh,ember,2017-08-31,,2026-09-26,ok,0
power_demand,it,nation,2017-09,25.47,twh,ember,2017-09-30,,2026-09-26,ok,0
power_demand,it,nation,2017-10,25.7,twh,ember,2017-10-31,,2026-09-26,ok,0
power_demand,it,nation,2017-11,26.01,twh,ember,2017-11-30,,2026-09-26,ok,0
power_demand,it,nation,2017-12,26.4,twh,ember,2017-12-31,,2026-09-26,ok,0
power_demand,it,nation,2018-01,27,twh,ember,2018-01-31,,2026-09-26,ok,0
power_demand,it,nation,2018-02,25.76,twh,ember,2018-02-28,,2026-09-26,ok,0
power_demand,it,nation,2018-03,27.37,twh,ember,2018-03-31,,2026-09-26,ok,0
power_demand,it,nation,2018-04,23.99,twh,ember,2018-04-30,,2026-09-26,ok,0
power_demand,it,nation,2018-05,25.87,twh,ember,2018-05-31,,2026-09-26,ok,0
power_demand,it,nation,2018-06,26.72,twh,ember,2018-06-30,,2026-09-26,ok,0
power_demand,it,nation,2018-07,30.08,twh,ember,2018-07-31,,2026-09-26,ok,0
power_demand,it,nation,2018-08,26.33,twh,ember,2018-08-31,,2026-09-26,ok,0
power_demand,it,nation,2018-09,26.6,twh,ember,2018-09-30,,2026-09-26,ok,0
power_demand,it,nation,2018-10,26.31,twh,ember,2018-10-31,,2026-09-26,ok,0
power_demand,it,nation,2018-11,25.81,twh,ember,2018-11-30,,2026-09-26,ok,0
power_demand,it,nation,2018-12,27.16,twh,ember,2018-12-31,,2026-09-26,ok,0
power_demand,it,nation,2019-01,28.21,twh,ember,2019-01-31,,2026-09-26,ok,0
power_demand,it,nation,2019-02,25.19,twh,ember,2019-02-28,,2026-09-26,ok,0
power_demand,it,nation,2019-03,26.09,twh,ember,2019-03-31,,2026-09-26,ok,0
power_demand,it,nation,2019-04,23.82,twh,ember,2019-04-30,,2026-09-26,ok,0
power_demand,it,nation,2019-05,24.99,twh,ember,2019-05-31,,2026-09-26,ok,0
power_demand,it,nation,2019-06,27.45,twh,ember,2019-06-30,,2026-09-26,ok,0
power_demand,it,nation,2019-07,30.88,twh,ember,2019-07-31,,2026-09-26,ok,0
power_demand,it,nation,2019-08,26.21,twh,ember,2019-08-31,,2026-09-26,ok,0
power_demand,it,nation,2019-09,26.05,twh,ember,2019-09-30,,2026-09-26,ok,0
power_demand,it,nation,2019-10,25.5,twh,ember,2019-10-31,,2026-09-26,ok,0
power_demand,it,nation,2019-11,25.1,twh,ember,2019-11-30,,2026-09-26,ok,0
power_demand,it,nation,2019-12,25.01,twh,ember,2019-12-31,,2026-09-26,ok,0
power_demand,it,nation,2020-01,26.72,twh,ember,2020-01-31,,2026-09-26,ok,0
power_demand,it,nation,2020-02,24.99,twh,ember,2020-02-29,,2026-09-26,ok,0
power_demand,it,nation,2020-03,22.98,twh,ember,2020-03-31,,2026-09-26,ok,0
power_demand,it,nation,2020-04,19.17,twh,ember,2020-04-30,,2026-09-26,ok,0
power_demand,it,nation,2020-05,21.9,twh,ember,2020-05-31,,2026-09-26,ok,0
power_demand,it,nation,2020-06,23.06,twh,ember,2020-06-30,,2026-09-26,ok,0
power_demand,it,nation,2020-07,27.98,twh,ember,2020-07-31,,2026-09-26,ok,0
power_demand,it,nation,2020-08,25.36,twh,ember,2020-08-31,,2026-09-26,ok,0
power_demand,it,nation,2020-09,25.58,twh,ember,2020-09-30,,2026-09-26,ok,0
power_demand,it,nation,2020-10,25.12,twh,ember,2020-10-31,,2026-09-26,ok,0
power_demand,it,nation,2020-11,24.63,twh,ember,2020-11-30,,2026-09-26,ok,0
power_demand,it,nation,2020-12,25.38,twh,ember,2020-12-31,,2026-09-26,ok,0
power_demand,it,nation,2021-01,26.32,twh,ember,2021-01-31,,2026-09-26,ok,0
power_demand,it,nation,2021-02,24.06,twh,ember,2021-02-28,,2026-09-26,ok,0
power_demand,it,nation,2021-03,25.67,twh,ember,2021-03-31,,2026-09-26,ok,0
power_demand,it,nation,2021-04,23.52,twh,ember,2021-04-30,,2026-09-26,ok,0
power_demand,it,nation,2021-05,23.81,twh,ember,2021-05-31,,2026-09-26,ok,0
power_demand,it,nation,2021-06,26.54,twh,ember,2021-06-30,,2026-09-26,ok,0
power_demand,it,nation,2021-07,29.57,twh,ember,2021-07-31,,2026-09-26,ok,0
power_demand,it,nation,2021-08,26.1,twh,ember,2021-08-31,,2026-09-26,ok,0
power_demand,it,nation,2021-09,26.02,twh,ember,2021-09-30,,2026-09-26,ok,0
power_demand,it,nation,2021-10,25.42,twh,ember,2021-10-31,,2026-09-26,ok,0
power_demand,it,nation,2021-11,25.62,twh,ember,2021-11-30,,2026-09-26,ok,0
power_demand,it,nation,2021-12,26.76,twh,ember,2021-12-31,,2026-09-26,ok,0
power_demand,it,nation,2022-01,26.55,twh,ember,2022-01-31,,2026-09-26,ok,0
power_demand,it,nation,2022-02,24.59,twh,ember,2022-02-28,,2026-09-26,ok,0
power_demand,it,nation,2022-03,26.59,twh,ember,2022-03-31,,2026-09-26,ok,0
power_demand,it,nation,2022-04,23.56,twh,ember,2022-04-30,,2026-09-26,ok,0
power_demand,it,nation,2022-05,25.05,twh,ember,2022-05-31,,2026-09-26,ok,0
power_demand,it,nation,2022-06,27.11,twh,ember,2022-06-30,,2026-09-26,ok,0
power_demand,it,nation,2022-07,30.17,twh,ember,2022-07-31,,2026-09-26,ok,0
power_demand,it,nation,2022-08,25.22,twh,ember,2022-08-31,,2026-09-26,ok,0
power_demand,it,nation,2022-09,25.02,twh,ember,2022-09-30,,2026-09-26,ok,0
power_demand,it,nation,2022-10,23.73,twh,ember,2022-10-31,,2026-09-26,ok,0
power_demand,it,nation,2022-11,23.97,twh,ember,2022-11-30,,2026-09-26,ok,0
power_demand,it,nation,2022-12,24.35,twh,ember,2022-12-31,,2026-09-26,ok,0
power_demand,it,nation,2023-01,25.33,twh,ember,2023-01-31,,2026-09-26,ok,0
power_demand,it,nation,2023-02,23.96,twh,ember,2023-02-28,,2026-09-26,ok,0
power_demand,it,nation,2023-03,25.14,twh,ember,2023-03-31,,2026-09-26,ok,0
power_demand,it,nation,2023-04,22.48,twh,ember,2023-04-30,,2026-09-26,ok,0
power_demand,it,nation,2023-05,23.32,twh,ember,2023-05-31,,2026-09-26,ok,0
power_demand,it,nation,2023-06,24.41,twh,ember,2023-06-30,,2026-09-26,ok,0
power_demand,it,nation,2023-07,29.01,twh,ember,2023-07-31,,2026-09-26,ok,0
power_demand,it,nation,2023-08,24.91,twh,ember,2023-08-31,,2026-09-26,ok,0
power_demand,it,nation,2023-09,25.21,twh,ember,2023-09-30,,2026-09-26,ok,0
power_demand,it,nation,2023-10,24.88,twh,ember,2023-10-31,,2026-09-26,ok,0
power_demand,it,nation,2023-11,24.31,twh,ember,2023-11-30,,2026-09-26,ok,0
power_demand,it,nation,2023-12,24.35,twh,ember,2023-12-31,,2026-09-26,ok,0
power_demand,it,nation,2024-01,26.04,twh,ember,2024-01-31,,2026-09-26,ok,0
power_demand,it,nation,2024-02,24.55,twh,ember,2024-02-29,,2026-09-26,ok,0
power_demand,it,nation,2024-03,25.07,twh,ember,2024-03-31,,2026-09-26,ok,0
power_demand,it,nation,2024-04,22.85,twh,ember,2024-04-30,,2026-09-26,ok,0
power_demand,it,nation,2024-05,24.17,twh,ember,2024-05-31,,2026-09-26,ok,0
power_demand,it,nation,2024-06,24.91,twh,ember,2024-06-30,,2026-09-26,ok,0
power_demand,it,nation,2024-07,30.57,twh,ember,2024-07-31,,2026-09-26,ok,0
power_demand,it,nation,2024-08,26.95,twh,ember,2024-08-31,,2026-09-26,ok,0
power_demand,it,nation,2024-09,24.77,twh,ember,2024-09-30,,2026-09-26,ok,0
power_demand,it,nation,2024-10,24.36,twh,ember,2024-10-31,,2026-09-26,ok,0
power_demand,it,nation,2024-11,24.67,twh,ember,2024-11-30,,2026-09-26,ok,0
power_demand,it,nation,2024-12,24.85,twh,ember,2024-12-31,,2026-09-26,ok,0
power_demand,it,nation,2025-01,25.74,twh,ember,2025-01-31,,2026-09-26,ok,0
power_demand,it,nation,2025-02,23.67,twh,ember,2025-02-28,,2026-09-26,ok,0
power_demand,it,nation,2025-03,24.49,twh,ember,2025-03-31,,2026-09-26,ok,0
power_demand,it,nation,2025-04,22.17,twh,ember,2025-04-30,,2026-09-26,ok,0
power_demand,it,nation,2025-05,23.1,twh,ember,2025-05-31,,2026-09-26,ok,0
power_demand,it,nation,2025-06,26.43,twh,ember,2025-06-30,,2026-09-26,ok,0
power_demand,it,nation,2025-07,28.69,twh,ember,2025-07-31,,2026-09-26,ok,0
power_demand,it,nation,2025-08,23.92,twh,ember,2025-08-31,,2026-09-26,ok,0
power_demand,it,nation,2025-09,24.67,twh,ember,2025-09-30,,2026-09-26,ok,0
power_demand,it,nation,2025-10,24.29,twh,ember,2025-10-31,,2026-09-26,ok,0
power_demand,it,nation,2025-11,24.52,twh,ember,2025-11-30,,2026-09-26,ok,0
power_demand,it,nation,2025-12,25.34,twh,ember,2025-12-31,,2026-09-26,ok,0
power_demand,it,nation,2026-01,26.69,twh,ember,2026-01-31,,2026-09-26,ok,0
power_demand,it,nation,2026-02,24.75,twh,ember,2026-02-28,,2026-09-26,ok,0
power_demand,it,nation,2026-03,26.44,twh,ember,2026-03-31,,2026-09-26,ok,0
power_demand,it,nation,2026-04,23.44,twh,ember,2026-04-30,,2026-09-26,ok,0
power_demand,it,nation,2026-05,24.31,twh,ember,2026-05-31,,2026-09-26,ok,0
power_demand,it,nation,2026-06,27.83,twh,ember,2026-06-30,,2026-09-26,ok,0
power_demand,jp,nation,2018-04,69.77,twh,ember,2018-04-30,,2026-09-26,ok,0
power_demand,jp,nation,2018-05,70.98,twh,ember,2018-05-31,,2026-09-26,ok,0
power_demand,jp,nation,2018-06,73.84,twh,ember,2018-06-30,,2026-09-26,ok,0
power_demand,jp,nation,2018-07,90.85,twh,ember,2018-07-31,,2026-09-26,ok,0
power_demand,jp,nation,2018-08,89.9,twh,ember,2018-08-31,,2026-09-26,ok,0
power_demand,jp,nation,2018-09,74.69,twh,ember,2018-09-30,,2026-09-26,ok,0
power_demand,jp,nation,2018-10,72.94,twh,ember,2018-10-31,,2026-09-26,ok,0
power_demand,jp,nation,2018-11,73.12,twh,ember,2018-11-30,,2026-09-26,ok,0
power_demand,jp,nation,2018-12,84.82,twh,ember,2018-12-31,,2026-09-26,ok,0
power_demand,jp,nation,2019-01,89.12,twh,ember,2019-01-31,,2026-09-26,ok,0
power_demand,jp,nation,2019-02,79.8,twh,ember,2019-02-28,,2026-09-26,ok,0
power_demand,jp,nation,2019-03,80.03,twh,ember,2019-03-31,,2026-09-26,ok,0
power_demand,jp,nation,2019-04,71.45,twh,ember,2019-04-30,,2026-09-26,ok,0
power_demand,jp,nation,2019-05,69.58,twh,ember,2019-05-31,,2026-09-26,ok,0
power_demand,jp,nation,2019-06,71,twh,ember,2019-06-30,,2026-09-26,ok,0
power_demand,jp,nation,2019-07,81.09,twh,ember,2019-07-31,,2026-09-26,ok,0
power_demand,jp,nation,2019-08,87.14,twh,ember,2019-08-31,,2026-09-26,ok,0
power_demand,jp,nation,2019-09,78.16,twh,ember,2019-09-30,,2026-09-26,ok,0
power_demand,jp,nation,2019-10,71.39,twh,ember,2019-10-31,,2026-09-26,ok,0
power_demand,jp,nation,2019-11,71.62,twh,ember,2019-11-30,,2026-09-26,ok,0
power_demand,jp,nation,2019-12,82.32,twh,ember,2019-12-31,,2026-09-26,ok,0
power_demand,jp,nation,2020-01,84.51,twh,ember,2020-01-31,,2026-09-26,ok,0
power_demand,jp,nation,2020-02,79.85,twh,ember,2020-02-29,,2026-09-26,ok,0
power_demand,jp,nation,2020-03,77.3,twh,ember,2020-03-31,,2026-09-26,ok,0
power_demand,jp,nation,2020-04,68.15,twh,ember,2020-04-30,,2026-09-26,ok,0
power_demand,jp,nation,2020-05,62.36,twh,ember,2020-05-31,,2026-09-26,ok,0
power_demand,jp,nation,2020-06,68.77,twh,ember,2020-06-30,,2026-09-26,ok,0
power_demand,jp,nation,2020-07,75.29,twh,ember,2020-07-31,,2026-09-26,ok,0
power_demand,jp,nation,2020-08,88.08,twh,ember,2020-08-31,,2026-09-26,ok,0
power_demand,jp,nation,2020-09,74.78,twh,ember,2020-09-30,,2026-09-26,ok,0
power_demand,jp,nation,2020-10,68.93,twh,ember,2020-10-31,,2026-09-26,ok,0
power_demand,jp,nation,2020-11,69.97,twh,ember,2020-11-30,,2026-09-26,ok,0
power_demand,jp,nation,2020-12,85.56,twh,ember,2020-12-31,,2026-09-26,ok,0
power_demand,jp,nation,2021-01,90.89,twh,ember,2021-01-31,,2026-09-26,ok,0
power_demand,jp,nation,2021-02,77.68,twh,ember,2021-02-28,,2026-09-26,ok,0
power_demand,jp,nation,2021-03,76.86,twh,ember,2021-03-31,,2026-09-26,ok,0
power_demand,jp,nation,2021-04,68.98,twh,ember,2021-04-30,,2026-09-26,ok,0
power_demand,jp,nation,2021-05,67.37,twh,ember,2021-05-31,,2026-09-26,ok,0
power_demand,jp,nation,2021-06,71.52,twh,ember,2021-06-30,,2026-09-26,ok,0
power_demand,jp,nation,2021-07,84.37,twh,ember,2021-07-31,,2026-09-26,ok,0
power_demand,jp,nation,2021-08,84.17,twh,ember,2021-08-31,,2026-09-26,ok,0
power_demand,jp,nation,2021-09,73.43,twh,ember,2021-09-30,,2026-09-26,ok,0
power_demand,jp,nation,2021-10,73.21,twh,ember,2021-10-31,,2026-09-26,ok,0
power_demand,jp,nation,2021-11,72.72,twh,ember,2021-11-30,,2026-09-26,ok,0
power_demand,jp,nation,2021-12,85.74,twh,ember,2021-12-31,,2026-09-26,ok,0
power_demand,jp,nation,2022-01,92.47,twh,ember,2022-01-31,,2026-09-26,ok,0
power_demand,jp,nation,2022-02,84.54,twh,ember,2022-02-28,,2026-09-26,ok,0
power_demand,jp,nation,2022-03,78.9,twh,ember,2022-03-31,,2026-09-26,ok,0
power_demand,jp,nation,2022-04,68.13,twh,ember,2022-04-30,,2026-09-26,ok,0
power_demand,jp,nation,2022-05,66.43,twh,ember,2022-05-31,,2026-09-26,ok,0
power_demand,jp,nation,2022-06,72.89,twh,ember,2022-06-30,,2026-09-26,ok,0
power_demand,jp,nation,2022-07,84.88,twh,ember,2022-07-31,,2026-09-26,ok,0
power_demand,jp,nation,2022-08,85.8,twh,ember,2022-08-31,,2026-09-26,ok,0
power_demand,jp,nation,2022-09,76.17,twh,ember,2022-09-30,,2026-09-26,ok,0
power_demand,jp,nation,2022-10,69.3,twh,ember,2022-10-31,,2026-09-26,ok,0
power_demand,jp,nation,2022-11,68.19,twh,ember,2022-11-30,,2026-09-26,ok,0
power_demand,jp,nation,2022-12,83.84,twh,ember,2022-12-31,,2026-09-26,ok,0
power_demand,jp,nation,2023-01,86.69,twh,ember,2023-01-31,,2026-09-26,ok,0
power_demand,jp,nation,2023-02,78.04,twh,ember,2023-02-28,,2026-09-26,ok,0
power_demand,jp,nation,2023-03,72.88,twh,ember,2023-03-31,,2026-09-26,ok,0
power_demand,jp,nation,2023-04,65.19,twh,ember,2023-04-30,,2026-09-26,ok,0
power_demand,jp,nation,2023-05,65.68,twh,ember,2023-05-31,,2026-09-26,ok,0
power_demand,jp,nation,2023-06,70.39,twh,ember,2023-06-30,,2026-09-26,ok,0
power_demand,jp,nation,2023-07,85.57,twh,ember,2023-07-31,,2026-09-26,ok,0
power_demand,jp,nation,2023-08,88.43,twh,ember,2023-08-31,,2026-09-26,ok,0
power_demand,jp,nation,2023-09,79.98,twh,ember,2023-09-30,,2026-09-26,ok,0
power_demand,jp,nation,2023-10,68.17,twh,ember,2023-10-31,,2026-09-26,ok,0
power_demand,jp,nation,2023-11,69.46,twh,ember,2023-11-30,,2026-09-26,ok,0
power_demand,jp,nation,2023-12,80.91,twh,ember,2023-12-31,,2026-09-26,ok,0
power_demand,jp,nation,2024-01,84.21,twh,ember,2024-01-31,,2026-09-26,ok,0
power_demand,jp,nation,2024-02,77.37,twh,ember,2024-02-29,,2026-09-26,ok,0
power_demand,jp,nation,2024-03,79.04,twh,ember,2024-03-31,,2026-09-26,ok,0
power_demand,jp,nation,2024-04,64.68,twh,ember,2024-04-30,,2026-09-26,ok,0
power_demand,jp,nation,2024-05,64.84,twh,ember,2024-05-31,,2026-09-26,ok,0
power_demand,jp,nation,2024-06,68.27,twh,ember,2024-06-30,,2026-09-26,ok,0
power_demand,jp,nation,2024-07,87.23,twh,ember,2024-07-31,,2026-09-26,ok,0
power_demand,jp,nation,2024-08,87.91,twh,ember,2024-08-31,,2026-09-26,ok,0
power_demand,jp,nation,2024-09,80.63,twh,ember,2024-09-30,,2026-09-26,ok,0
power_demand,jp,nation,2024-10,70.17,twh,ember,2024-10-31,,2026-09-26,ok,0
power_demand,jp,nation,2024-11,68.03,twh,ember,2024-11-30,,2026-09-26,ok,0
power_demand,jp,nation,2024-12,81.25,twh,ember,2024-12-31,,2026-09-26,ok,0
power_demand,jp,nation,2025-01,86.35,twh,ember,2025-01-31,,2026-09-26,ok,0
power_demand,jp,nation,2025-02,81.38,twh,ember,2025-02-28,,2026-09-26,ok,0
power_demand,jp,nation,2025-03,77.34,twh,ember,2025-03-31,,2026-09-26,ok,0
power_demand,jp,nation,2025-04,66.24,twh,ember,2025-04-30,,2026-09-26,ok,0
power_demand,jp,nation,2025-05,64.9,twh,ember,2025-05-31,,2026-09-26,ok,0
power_demand,jp,nation,2025-06,72.83,twh,ember,2025-06-30,,2026-09-26,ok,0
power_demand,jp,nation,2025-07,89.84,twh,ember,2025-07-31,,2026-09-26,ok,0
power_demand,jp,nation,2025-08,88.14,twh,ember,2025-08-31,,2026-09-26,ok,0
power_demand,jp,nation,2025-09,79.96,twh,ember,2025-09-30,,2026-09-26,ok,0
power_demand,jp,nation,2025-10,70.17,twh,ember,2025-10-31,,2026-09-26,ok,0
power_demand,jp,nation,2025-11,69.4,twh,ember,2025-11-30,,2026-09-26,ok,0
power_demand,jp,nation,2025-12,80.91,twh,ember,2025-12-31,,2026-09-26,ok,0
power_demand,jp,nation,2026-01,87.91,twh,ember,2026-01-31,,2026-09-26,ok,0
power_demand,jp,nation,2026-02,76.99,twh,ember,2026-02-28,,2026-09-26,ok,0
power_demand,jp,nation,2026-03,77.98,twh,ember,2026-03-31,,2026-09-26,ok,0
power_demand,kr,nation,2019-01,52.48,twh,ember,2019-01-31,,2026-09-26,ok,0
power_demand,kr,nation,2019-02,44.15,twh,ember,2019-02-28,,2026-09-26,ok,0
power_demand,kr,nation,2019-03,46.85,twh,ember,2019-03-31,,2026-09-26,ok,0
power_demand,kr,nation,2019-04,43.57,twh,ember,2019-04-30,,2026-09-26,ok,0
power_demand,kr,nation,2019-05,44.02,twh,ember,2019-05-31,,2026-09-26,ok,0
power_demand,kr,nation,2019-06,43.52,twh,ember,2019-06-30,,2026-09-26,ok,0
power_demand,kr,nation,2019-07,49.34,twh,ember,2019-07-31,,2026-09-26,ok,0
power_demand,kr,nation,2019-08,51.1,twh,ember,2019-08-31,,2026-09-26,ok,0
power_demand,kr,nation,2019-09,44.02,twh,ember,2019-09-30,,2026-09-26,ok,0
power_demand,kr,nation,2019-10,43.67,twh,ember,2019-10-31,,2026-09-26,ok,0
power_demand,kr,nation,2019-11,44.86,twh,ember,2019-11-30,,2026-09-26,ok,0
power_demand,kr,nation,2019-12,49.99,twh,ember,2019-12-31,,2026-09-26,ok,0
power_demand,kr,nation,2020-01,49.28,twh,ember,2020-01-31,,2026-09-26,ok,0
power_demand,kr,nation,2020-02,46.1,twh,ember,2020-02-29,,2026-09-26,ok,0
power_demand,kr,nation,2020-03,45.91,twh,ember,2020-03-31,,2026-09-26,ok,0
power_demand,kr,nation,2020-04,42.03,twh,ember,2020-04-30,,2026-09-26,ok,0
power_demand,kr,nation,2020-05,41.29,twh,ember,2020-05-31,,2026-09-26,ok,0
power_demand,kr,nation,2020-06,43.6,twh,ember,2020-06-30,,2026-09-26,ok,0
power_demand,kr,nation,2020-07,46.45,twh,ember,2020-07-31,,2026-09-26,ok,0
power_demand,kr,nation,2020-08,50.77,twh,ember,2020-08-31,,2026-09-26,ok,0
power_demand,kr,nation,2020-09,44.33,twh,ember,2020-09-30,,2026-09-26,ok,0
power_demand,kr,nation,2020-10,42.85,twh,ember,2020-10-31,,2026-09-26,ok,0
power_demand,kr,nation,2020-11,44.75,twh,ember,2020-11-30,,2026-09-26,ok,0
power_demand,kr,nation,2020-12,51.31,twh,ember,2020-12-31,,2026-09-26,ok,0
power_demand,kr,nation,2021-01,52.83,twh,ember,2021-01-31,,2026-09-26,ok,0
power_demand,kr,nation,2021-02,44.67,twh,ember,2021-02-28,,2026-09-26,ok,0
power_demand,kr,nation,2021-03,46.92,twh,ember,2021-03-31,,2026-09-26,ok,0
power_demand,kr,nation,2021-04,43.32,twh,ember,2021-04-30,,2026-09-26,ok,0
power_demand,kr,nation,2021-05,44,twh,ember,2021-05-31,,2026-09-26,ok,0
power_demand,kr,nation,2021-06,45.5,twh,ember,2021-06-30,,2026-09-26,ok,0
power_demand,kr,nation,2021-07,53.8,twh,ember,2021-07-31,,2026-09-26,ok,0
power_demand,kr,nation,2021-08,51.48,twh,ember,2021-08-31,,2026-09-26,ok,0
power_demand,kr,nation,2021-09,45.13,twh,ember,2021-09-30,,2026-09-26,ok,0
power_demand,kr,nation,2021-10,45.48,twh,ember,2021-10-31,,2026-09-26,ok,0
power_demand,kr,nation,2021-11,46.64,twh,ember,2021-11-30,,2026-09-26,ok,0
power_demand,kr,nation,2021-12,53,twh,ember,2021-12-31,,2026-09-26,ok,0
power_demand,kr,nation,2022-01,54.45,twh,ember,2022-01-31,,2026-09-26,ok,0
power_demand,kr,nation,2022-02,48.2,twh,ember,2022-02-28,,2026-09-26,ok,0
power_demand,kr,nation,2022-03,49.16,twh,ember,2022-03-31,,2026-09-26,ok,0
power_demand,kr,nation,2022-04,44.56,twh,ember,2022-04-30,,2026-09-26,ok,0
power_demand,kr,nation,2022-05,45.87,twh,ember,2022-05-31,,2026-09-26,ok,0
power_demand,kr,nation,2022-06,47.34,twh,ember,2022-06-30,,2026-09-26,ok,0
power_demand,kr,nation,2022-07,54.73,twh,ember,2022-07-31,,2026-09-26,ok,0
power_demand,kr,nation,2022-08,53.63,twh,ember,2022-08-31,,2026-09-26,ok,0
power_demand,kr,nation,2022-09,46,twh,ember,2022-09-30,,2026-09-26,ok,0
power_demand,kr,nation,2022-10,45.4,twh,ember,2022-10-31,,2026-09-26,ok,0
power_demand,kr,nation,2022-11,45.91,twh,ember,2022-11-30,,2026-09-26,ok,0
power_demand,kr,nation,2022-12,55.26,twh,ember,2022-12-31,,2026-09-26,ok,0
power_demand,kr,nation,2023-01,53.81,twh,ember,2023-01-31,,2026-09-26,ok,0
power_demand,kr,nation,2023-02,47.45,twh,ember,2023-02-28,,2026-09-26,ok,0
power_demand,kr,nation,2023-03,47.59,twh,ember,2023-03-31,,2026-09-26,ok,0
power_demand,kr,nation,2023-04,43.71,twh,ember,2023-04-30,,2026-09-26,ok,0
power_demand,kr,nation,2023-05,45.19,twh,ember,2023-05-31,,2026-09-26,ok,0
power_demand,kr,nation,2023-06,46.84,twh,ember,2023-06-30,,2026-09-26,ok,0
power_demand,kr,nation,2023-07,52.98,twh,ember,2023-07-31,,2026-09-26,ok,0
power_demand,kr,nation,2023-08,54.94,twh,ember,2023-08-31,,2026-09-26,ok,0
power_demand,kr,nation,2023-09,47.77,twh,ember,2023-09-30,,2026-09-26,ok,0
power_demand,kr,nation,2023-10,44.58,twh,ember,2023-10-31,,2026-09-26,ok,0
power_demand,kr,nation,2023-11,47.45,twh,ember,2023-11-30,,2026-09-26,ok,0
power_demand,kr,nation,2023-12,52.12,twh,ember,2023-12-31,,2026-09-26,ok,0
power_demand,kr,nation,2024-01,53.84,twh,ember,2024-01-31,,2026-09-26,ok,0
power_demand,kr,nation,2024-02,46.81,twh,ember,2024-02-29,,2026-09-26,ok,0
power_demand,kr,nation,2024-03,48.97,twh,ember,2024-03-31,,2026-09-26,ok,0
power_demand,kr,nation,2024-04,43.64,twh,ember,2024-04-30,,2026-09-26,ok,0
power_demand,kr,nation,2024-05,44.95,twh,ember,2024-05-31,,2026-09-26,ok,0
power_demand,kr,nation,2024-06,46.99,twh,ember,2024-06-30,,2026-09-26,ok,0
power_demand,kr,nation,2024-07,54.08,twh,ember,2024-07-31,,2026-09-26,ok,0
power_demand,kr,nation,2024-08,58.39,twh,ember,2024-08-31,,2026-09-26,ok,0
power_demand,kr,nation,2024-09,50.38,twh,ember,2024-09-30,,2026-09-26,ok,0
power_demand,kr,nation,2024-10,45.76,twh,ember,2024-10-31,,2026-09-26,ok,0
power_demand,kr,nation,2024-11,45.4,twh,ember,2024-11-30,,2026-09-26,ok,0
power_demand,kr,nation,2024-12,51.81,twh,ember,2024-12-31,,2026-09-26,ok,0
power_demand,kr,nation,2025-01,51.95,twh,ember,2025-01-31,,2026-09-26,ok,0
power_demand,kr,nation,2025-02,48.64,twh,ember,2025-02-28,,2026-09-26,ok,0
power_demand,kr,nation,2025-03,48.12,twh,ember,2025-03-31,,2026-09-26,ok,0
power_demand,kr,nation,2025-04,43.99,twh,ember,2025-04-30,,2026-09-26,ok,0
power_demand,kr,nation,2025-05,44.99,twh,ember,2025-05-31,,2026-09-26,ok,0
power_demand,kr,nation,2025-06,47.16,twh,ember,2025-06-30,,2026-09-26,ok,0
power_demand,kr,nation,2025-07,56.57,twh,ember,2025-07-31,,2026-09-26,ok,0
power_demand,kr,nation,2025-08,56.86,twh,ember,2025-08-31,,2026-09-26,ok,0
power_demand,kr,nation,2025-09,50.29,twh,ember,2025-09-30,,2026-09-26,ok,0
power_demand,kr,nation,2025-10,44.89,twh,ember,2025-10-31,,2026-09-26,ok,0
power_demand,kr,nation,2025-11,45.31,twh,ember,2025-11-30,,2026-09-26,ok,0
power_demand,kr,nation,2025-12,51.71,twh,ember,2025-12-31,,2026-09-26,ok,0
power_demand,kr,nation,2026-01,54.87,twh,ember,2026-01-31,,2026-09-26,ok,0
power_demand,kr,nation,2026-02,45.67,twh,ember,2026-02-28,,2026-09-26,ok,0
power_demand,kr,nation,2026-03,47.69,twh,ember,2026-03-31,,2026-09-26,ok,0
power_demand,kr,nation,2026-04,44.12,twh,ember,2026-04-30,,2026-09-26,ok,0
power_demand,mx,nation,2019-01,23.75,twh,ember,2019-01-31,,2026-09-26,ok,0
power_demand,mx,nation,2019-02,22.33,twh,ember,2019-02-28,,2026-09-26,ok,0
power_demand,mx,nation,2019-03,25.41,twh,ember,2019-03-31,,2026-09-26,ok,0
power_demand,mx,nation,2019-04,25.53,twh,ember,2019-04-30,,2026-09-26,ok,0
power_demand,mx,nation,2019-05,28.73,twh,ember,2019-05-31,,2026-09-26,ok,0
power_demand,mx,nation,2019-06,28.88,twh,ember,2019-06-30,,2026-09-26,ok,0
power_demand,mx,nation,2019-07,30.12,twh,ember,2019-07-31,,2026-09-26,ok,0
power_demand,mx,nation,2019-08,30.82,twh,ember,2019-08-31,,2026-09-26,ok,0
power_demand,mx,nation,2019-09,27.73,twh,ember,2019-09-30,,2026-09-26,ok,0
power_demand,mx,nation,2019-10,26.85,twh,ember,2019-10-31,,2026-09-26,ok,0
power_demand,mx,nation,2019-11,24.05,twh,ember,2019-11-30,,2026-09-26,ok,0
power_demand,mx,nation,2019-12,23.43,twh,ember,2019-12-31,,2026-09-26,ok,0
power_demand,mx,nation,2020-01,24.16,twh,ember,2020-01-31,,2026-09-26,ok,0
power_demand,mx,nation,2020-02,23.14,twh,ember,2020-02-29,,2026-09-26,ok,0
power_demand,mx,nation,2020-03,25.93,twh,ember,2020-03-31,,2026-09-26,ok,0
power_demand,mx,nation,2020-04,23.64,twh,ember,2020-04-30,,2026-09-26,ok,0
power_demand,mx,nation,2020-05,25.6,twh,ember,2020-05-31,,2026-09-26,ok,0
power_demand,mx,nation,2020-06,27.27,twh,ember,2020-06-30,,2026-09-26,ok,0
power_demand,mx,nation,2020-07,29.34,twh,ember,2020-07-31,,2026-09-26,ok,0
power_demand,mx,nation,2020-08,29.91,twh,ember,2020-08-31,,2026-09-26,ok,0
power_demand,mx,nation,2020-09,27.52,twh,ember,2020-09-30,,2026-09-26,ok,0
power_demand,mx,nation,2020-10,27.4,twh,ember,2020-10-31,,2026-09-26,ok,0
power_demand,mx,nation,2020-11,24.35,twh,ember,2020-11-30,,2026-09-26,ok,0
power_demand,mx,nation,2020-12,23.93,twh,ember,2020-12-31,,2026-09-26,ok,0
power_demand,mx,nation,2021-01,24.12,twh,ember,2021-01-31,,2026-09-26,ok,0
power_demand,mx,nation,2021-02,22.06,twh,ember,2021-02-28,,2026-09-26,ok,0
power_demand,mx,nation,2021-03,26.14,twh,ember,2021-03-31,,2026-09-26,ok,0
power_demand,mx,nation,2021-04,26.75,twh,ember,2021-04-30,,2026-09-26,ok,0
power_demand,mx,nation,2021-05,29.17,twh,ember,2021-05-31,,2026-09-26,ok,0
power_demand,mx,nation,2021-06,29.56,twh,ember,2021-06-30,,2026-09-26,ok,0
power_demand,mx,nation,2021-07,30.11,twh,ember,2021-07-31,,2026-09-26,ok,0
power_demand,mx,nation,2021-08,30.28,twh,ember,2021-08-31,,2026-09-26,ok,0
power_demand,mx,nation,2021-09,28.38,twh,ember,2021-09-30,,2026-09-26,ok,0
power_demand,mx,nation,2021-10,27.63,twh,ember,2021-10-31,,2026-09-26,ok,0
power_demand,mx,nation,2021-11,24.47,twh,ember,2021-11-30,,2026-09-26,ok,0
power_demand,mx,nation,2021-12,24.68,twh,ember,2021-12-31,,2026-09-26,ok,0
power_demand,mx,nation,2022-01,24.86,twh,ember,2022-01-31,,2026-09-26,ok,0
power_demand,mx,nation,2022-02,23.1,twh,ember,2022-02-28,,2026-09-26,ok,0
power_demand,mx,nation,2022-03,26.56,twh,ember,2022-03-31,,2026-09-26,ok,0
power_demand,mx,nation,2022-04,27.52,twh,ember,2022-04-30,,2026-09-26,ok,0
power_demand,mx,nation,2022-05,31.1,twh,ember,2022-05-31,,2026-09-26,ok,0
power_demand,mx,nation,2022-06,30.76,twh,ember,2022-06-30,,2026-09-26,ok,0
power_demand,mx,nation,2022-07,32.15,twh,ember,2022-07-31,,2026-09-26,ok,0
power_demand,mx,nation,2022-08,31.23,twh,ember,2022-08-31,,2026-09-26,ok,0
power_demand,mx,nation,2022-09,28.5,twh,ember,2022-09-30,,2026-09-26,ok,0
power_demand,mx,nation,2022-10,27.64,twh,ember,2022-10-31,,2026-09-26,ok,0
power_demand,mx,nation,2022-11,25.45,twh,ember,2022-11-30,,2026-09-26,ok,0
power_demand,mx,nation,2022-12,24.99,twh,ember,2022-12-31,,2026-09-26,ok,0
power_demand,mx,nation,2023-01,25.55,twh,ember,2023-01-31,,2026-09-26,ok,0
power_demand,mx,nation,2023-02,23.82,twh,ember,2023-02-28,,2026-09-26,ok,0
power_demand,mx,nation,2023-03,27.81,twh,ember,2023-03-31,,2026-09-26,ok,0
power_demand,mx,nation,2023-04,27.28,twh,ember,2023-04-30,,2026-09-26,ok,0
power_demand,mx,nation,2023-05,30.43,twh,ember,2023-05-31,,2026-09-26,ok,0
power_demand,mx,nation,2023-06,32.8,twh,ember,2023-06-30,,2026-09-26,ok,0
power_demand,mx,nation,2023-07,33.77,twh,ember,2023-07-31,,2026-09-26,ok,0
power_demand,mx,nation,2023-08,33.59,twh,ember,2023-08-31,,2026-09-26,ok,0
power_demand,mx,nation,2023-09,31.82,twh,ember,2023-09-30,,2026-09-26,ok,0
power_demand,mx,nation,2023-10,29.22,twh,ember,2023-10-31,,2026-09-26,ok,0
power_demand,mx,nation,2023-11,25.56,twh,ember,2023-11-30,,2026-09-26,ok,0
power_demand,mx,nation,2023-12,24.63,twh,ember,2023-12-31,,2026-09-26,ok,0
power_demand,mx,nation,2024-01,25.87,twh,ember,2024-01-31,,2026-09-26,ok,0
power_demand,mx,nation,2024-02,24.35,twh,ember,2024-02-29,,2026-09-26,ok,0
power_demand,mx,nation,2024-03,27.32,twh,ember,2024-03-31,,2026-09-26,ok,0
power_demand,mx,nation,2024-04,29.05,twh,ember,2024-04-30,,2026-09-26,ok,0
power_demand,mx,nation,2024-05,33.73,twh,ember,2024-05-31,,2026-09-26,ok,0
power_demand,mx,nation,2024-06,32.59,twh,ember,2024-06-30,,2026-09-26,ok,0
power_demand,mx,nation,2024-07,32.71,twh,ember,2024-07-31,,2026-09-26,ok,0
power_demand,mx,nation,2024-08,33.96,twh,ember,2024-08-31,,2026-09-26,ok,0
power_demand,mx,nation,2024-09,31.08,twh,ember,2024-09-30,,2026-09-26,ok,0
power_demand,mx,nation,2024-10,29.8,twh,ember,2024-10-31,,2026-09-26,ok,0
power_demand,mx,nation,2024-11,26.6,twh,ember,2024-11-30,,2026-09-26,ok,0
power_demand,mx,nation,2024-12,25.08,twh,ember,2024-12-31,,2026-09-26,ok,0
power_demand,mx,nation,2025-01,26.29,twh,ember,2025-01-31,,2026-09-26,ok,0
power_demand,mx,nation,2025-02,24.4,twh,ember,2025-02-28,,2026-09-26,ok,0
power_demand,mx,nation,2025-03,27.98,twh,ember,2025-03-31,,2026-09-26,ok,0
power_demand,mx,nation,2025-04,28.82,twh,ember,2025-04-30,,2026-09-26,ok,0
power_demand,mx,nation,2025-05,32.84,twh,ember,2025-05-31,,2026-09-26,ok,0
power_demand,mx,nation,2025-06,32.23,twh,ember,2025-06-30,,2026-09-26,ok,0
power_demand,mx,nation,2025-07,33.03,twh,ember,2025-07-31,,2026-09-26,ok,0
power_demand,mx,nation,2025-08,33.83,twh,ember,2025-08-31,,2026-09-26,ok,0
power_demand,mx,nation,2025-09,31.08,twh,ember,2025-09-30,,2026-09-26,ok,0
power_demand,mx,nation,2025-10,30.33,twh,ember,2025-10-31,,2026-09-26,ok,0
power_demand,mx,nation,2025-11,26.76,twh,ember,2025-11-30,,2026-09-26,ok,0
power_demand,mx,nation,2025-12,26.05,twh,ember,2025-12-31,,2026-09-26,ok,0
power_demand,mx,nation,2026-01,26.45,twh,ember,2026-01-31,,2026-09-26,ok,0
power_demand,mx,nation,2026-02,24.51,twh,ember,2026-02-28,,2026-09-26,ok,0
power_demand,mx,nation,2026-03,29.18,twh,ember,2026-03-31,,2026-09-26,ok,0
power_demand,mx,nation,2026-04,29.89,twh,ember,2026-04-30,,2026-09-26,ok,0
power_demand,mx,nation,2026-05,33.46,twh,ember,2026-05-31,,2026-09-26,ok,0
power_demand,nl,nation,2015-01,11.78,twh,ember,2015-01-31,,2026-09-26,ok,0
power_demand,nl,nation,2015-02,9.9,twh,ember,2015-02-28,,2026-09-26,ok,0
power_demand,nl,nation,2015-03,10.4,twh,ember,2015-03-31,,2026-09-26,ok,0
power_demand,nl,nation,2015-04,9.12,twh,ember,2015-04-30,,2026-09-26,ok,0
power_demand,nl,nation,2015-05,9.21,twh,ember,2015-05-31,,2026-09-26,ok,0
power_demand,nl,nation,2015-06,9.13,twh,ember,2015-06-30,,2026-09-26,ok,0
power_demand,nl,nation,2015-07,9.57,twh,ember,2015-07-31,,2026-09-26,ok,0
power_demand,nl,nation,2015-08,9.38,twh,ember,2015-08-31,,2026-09-26,ok,0
power_demand,nl,nation,2015-09,9.43,twh,ember,2015-09-30,,2026-09-26,ok,0
power_demand,nl,nation,2015-10,10.09,twh,ember,2015-10-31,,2026-09-26,ok,0
power_demand,nl,nation,2015-11,10.33,twh,ember,2015-11-30,,2026-09-26,ok,0
power_demand,nl,nation,2015-12,10.71,twh,ember,2015-12-31,,2026-09-26,ok,0
power_demand,nl,nation,2016-01,10.9,twh,ember,2016-01-31,,2026-09-26,ok,0
power_demand,nl,nation,2016-02,10.18,twh,ember,2016-02-29,,2026-09-26,ok,0
power_demand,nl,nation,2016-03,10.42,twh,ember,2016-03-31,,2026-09-26,ok,0
power_demand,nl,nation,2016-04,9.37,twh,ember,2016-04-30,,2026-09-26,ok,0
power_demand,nl,nation,2016-05,9.32,twh,ember,2016-05-31,,2026-09-26,ok,0
power_demand,nl,nation,2016-06,9.22,twh,ember,2016-06-30,,2026-09-26,ok,0
power_demand,nl,nation,2016-07,9.5,twh,ember,2016-07-31,,2026-09-26,ok,0
power_demand,nl,nation,2016-08,9.46,twh,ember,2016-08-31,,2026-09-26,ok,0
power_demand,nl,nation,2016-09,9.39,twh,ember,2016-09-30,,2026-09-26,ok,0
power_demand,nl,nation,2016-10,10.21,twh,ember,2016-10-31,,2026-09-26,ok,0
power_demand,nl,nation,2016-11,10.55,twh,ember,2016-11-30,,2026-09-26,ok,0
power_demand,nl,nation,2016-12,11.01,twh,ember,2016-12-31,,2026-09-26,ok,0
power_demand,nl,nation,2017-01,11.31,twh,ember,2017-01-31,,2026-09-26,ok,0
power_demand,nl,nation,2017-02,9.96,twh,ember,2017-02-28,,2026-09-26,ok,0
power_demand,nl,nation,2017-03,10.28,twh,ember,2017-03-31,,2026-09-26,ok,0
power_demand,nl,nation,2017-04,9.3,twh,ember,2017-04-30,,2026-09-26,ok,0
power_demand,nl,nation,2017-05,9.56,twh,ember,2017-05-31,,2026-09-26,ok,0
power_demand,nl,nation,2017-06,9.43,twh,ember,2017-06-30,,2026-09-26,ok,0
power_demand,nl,nation,2017-07,9.75,twh,ember,2017-07-31,,2026-09-26,ok,0
power_demand,nl,nation,2017-08,9.62,twh,ember,2017-08-31,,2026-09-26,ok,0
power_demand,nl,nation,2017-09,9.66,twh,ember,2017-09-30,,2026-09-26,ok,0
power_demand,nl,nation,2017-10,10.31,twh,ember,2017-10-31,,2026-09-26,ok,0
power_demand,nl,nation,2017-11,10.74,twh,ember,2017-11-30,,2026-09-26,ok,0
power_demand,nl,nation,2017-12,11.22,twh,ember,2017-12-31,,2026-09-26,ok,0
power_demand,nl,nation,2018-01,11.09,twh,ember,2018-01-31,,2026-09-26,ok,0
power_demand,nl,nation,2018-02,10.16,twh,ember,2018-02-28,,2026-09-26,ok,0
power_demand,nl,nation,2018-03,10.64,twh,ember,2018-03-31,,2026-09-26,ok,0
power_demand,nl,nation,2018-04,9.35,twh,ember,2018-04-30,,2026-09-26,ok,0
power_demand,nl,nation,2018-05,9.63,twh,ember,2018-05-31,,2026-09-26,ok,0
power_demand,nl,nation,2018-06,9.14,twh,ember,2018-06-30,,2026-09-26,ok,0
power_demand,nl,nation,2018-07,9.97,twh,ember,2018-07-31,,2026-09-26,ok,0
power_demand,nl,nation,2018-08,9.49,twh,ember,2018-08-31,,2026-09-26,ok,0
power_demand,nl,nation,2018-09,9.4,twh,ember,2018-09-30,,2026-09-26,ok,0
power_demand,nl,nation,2018-10,9.98,twh,ember,2018-10-31,,2026-09-26,ok,0
power_demand,nl,nation,2018-11,10.35,twh,ember,2018-11-30,,2026-09-26,ok,0
power_demand,nl,nation,2018-12,10.66,twh,ember,2018-12-31,,2026-09-26,ok,0
power_demand,nl,nation,2019-01,11.18,twh,ember,2019-01-31,,2026-09-26,ok,0
power_demand,nl,nation,2019-02,9.84,twh,ember,2019-02-28,,2026-09-26,ok,0
power_demand,nl,nation,2019-03,10.55,twh,ember,2019-03-31,,2026-09-26,ok,0
power_demand,nl,nation,2019-04,9.42,twh,ember,2019-04-30,,2026-09-26,ok,0
power_demand,nl,nation,2019-05,9.54,twh,ember,2019-05-31,,2026-09-26,ok,0
power_demand,nl,nation,2019-06,9.08,twh,ember,2019-06-30,,2026-09-26,ok,0
power_demand,nl,nation,2019-07,9.64,twh,ember,2019-07-31,,2026-09-26,ok,0
power_demand,nl,nation,2019-08,9.48,twh,ember,2019-08-31,,2026-09-26,ok,0
power_demand,nl,nation,2019-09,9.29,twh,ember,2019-09-30,,2026-09-26,ok,0
power_demand,nl,nation,2019-10,10.27,twh,ember,2019-10-31,,2026-09-26,ok,0
power_demand,nl,nation,2019-11,10.51,twh,ember,2019-11-30,,2026-09-26,ok,0
power_demand,nl,nation,2019-12,10.9,twh,ember,2019-12-31,,2026-09-26,ok,0
power_demand,nl,nation,2020-01,11.12,twh,ember,2020-01-31,,2026-09-26,ok,0
power_demand,nl,nation,2020-02,10.31,twh,ember,2020-02-29,,2026-09-26,ok,0
power_demand,nl,nation,2020-03,10.07,twh,ember,2020-03-31,,2026-09-26,ok,0
power_demand,nl,nation,2020-04,8.78,twh,ember,2020-04-30,,2026-09-26,ok,0
power_demand,nl,nation,2020-05,9.12,twh,ember,2020-05-31,,2026-09-26,ok,0
power_demand,nl,nation,2020-06,9.05,twh,ember,2020-06-30,,2026-09-26,ok,0
power_demand,nl,nation,2020-07,9.42,twh,ember,2020-07-31,,2026-09-26,ok,0
power_demand,nl,nation,2020-08,9.78,twh,ember,2020-08-31,,2026-09-26,ok,0
power_demand,nl,nation,2020-09,9.59,twh,ember,2020-09-30,,2026-09-26,ok,0
power_demand,nl,nation,2020-10,10.3,twh,ember,2020-10-31,,2026-09-26,ok,0
power_demand,nl,nation,2020-11,10.27,twh,ember,2020-11-30,,2026-09-26,ok,0
power_demand,nl,nation,2020-12,10.89,twh,ember,2020-12-31,,2026-09-26,ok,0
power_demand,nl,nation,2021-01,11.66,twh,ember,2021-01-31,,2026-09-26,ok,0
power_demand,nl,nation,2021-02,10.37,twh,ember,2021-02-28,,2026-09-26,ok,0
power_demand,nl,nation,2021-03,10.93,twh,ember,2021-03-31,,2026-09-26,ok,0
power_demand,nl,nation,2021-04,9.92,twh,ember,2021-04-30,,2026-09-26,ok,0
power_demand,nl,nation,2021-05,9.87,twh,ember,2021-05-31,,2026-09-26,ok,0
power_demand,nl,nation,2021-06,9.85,twh,ember,2021-06-30,,2026-09-26,ok,0
power_demand,nl,nation,2021-07,10.11,twh,ember,2021-07-31,,2026-09-26,ok,0
power_demand,nl,nation,2021-08,9.78,twh,ember,2021-08-31,,2026-09-26,ok,0
power_demand,nl,nation,2021-09,9.92,twh,ember,2021-09-30,,2026-09-26,ok,0
power_demand,nl,nation,2021-10,10.24,twh,ember,2021-10-31,,2026-09-26,ok,0
power_demand,nl,nation,2021-11,10.37,twh,ember,2021-11-30,,2026-09-26,ok,0
power_demand,nl,nation,2021-12,10.85,twh,ember,2021-12-31,,2026-09-26,ok,0
power_demand,nl,nation,2022-01,11.1,twh,ember,2022-01-31,,2026-09-26,ok,0
power_demand,nl,nation,2022-02,10.12,twh,ember,2022-02-28,,2026-09-26,ok,0
power_demand,nl,nation,2022-03,9.95,twh,ember,2022-03-31,,2026-09-26,ok,0
power_demand,nl,nation,2022-04,9.74,twh,ember,2022-04-30,,2026-09-26,ok,0
power_demand,nl,nation,2022-05,9.81,twh,ember,2022-05-31,,2026-09-26,ok,0
power_demand,nl,nation,2022-06,9.65,twh,ember,2022-06-30,,2026-09-26,ok,0
power_demand,nl,nation,2022-07,9.89,twh,ember,2022-07-31,,2026-09-26,ok,0
power_demand,nl,nation,2022-08,9.62,twh,ember,2022-08-31,,2026-09-26,ok,0
power_demand,nl,nation,2022-09,9.19,twh,ember,2022-09-30,,2026-09-26,ok,0
power_demand,nl,nation,2022-10,9.11,twh,ember,2022-10-31,,2026-09-26,ok,0
power_demand,nl,nation,2022-11,9.53,twh,ember,2022-11-30,,2026-09-26,ok,0
power_demand,nl,nation,2022-12,10.44,twh,ember,2022-12-31,,2026-09-26,ok,0
power_demand,nl,nation,2023-01,10.34,twh,ember,2023-01-31,,2026-09-26,ok,0
power_demand,nl,nation,2023-02,9.19,twh,ember,2023-02-28,,2026-09-26,ok,0
power_demand,nl,nation,2023-03,10.14,twh,ember,2023-03-31,,2026-09-26,ok,0
power_demand,nl,nation,2023-04,8.98,twh,ember,2023-04-30,,2026-09-26,ok,0
power_demand,nl,nation,2023-05,9.21,twh,ember,2023-05-31,,2026-09-26,ok,0
power_demand,nl,nation,2023-06,9.73,twh,ember,2023-06-30,,2026-09-26,ok,0
power_demand,nl,nation,2023-07,9.5,twh,ember,2023-07-31,,2026-09-26,ok,0
power_demand,nl,nation,2023-08,9.38,twh,ember,2023-08-31,,2026-09-26,ok,0
power_demand,nl,nation,2023-09,9.32,twh,ember,2023-09-30,,2026-09-26,ok,0
power_demand,nl,nation,2023-10,9.44,twh,ember,2023-10-31,,2026-09-26,ok,0
power_demand,nl,nation,2023-11,10.04,twh,ember,2023-11-30,,2026-09-26,ok,0
power_demand,nl,nation,2023-12,10.51,twh,ember,2023-12-31,,2026-09-26,ok,0
power_demand,nl,nation,2024-01,11.07,twh,ember,2024-01-31,,2026-09-26,ok,0
power_demand,nl,nation,2024-02,9.8,twh,ember,2024-02-29,,2026-09-26,ok,0
power_demand,nl,nation,2024-03,9.91,twh,ember,2024-03-31,,2026-09-26,ok,0
power_demand,nl,nation,2024-04,9.3,twh,ember,2024-04-30,,2026-09-26,ok,0
power_demand,nl,nation,2024-05,9.69,twh,ember,2024-05-31,,2026-09-26,ok,0
power_demand,nl,nation,2024-06,9.55,twh,ember,2024-06-30,,2026-09-26,ok,0
power_demand,nl,nation,2024-07,10.06,twh,ember,2024-07-31,,2026-09-26,ok,0
power_demand,nl,nation,2024-08,10.11,twh,ember,2024-08-31,,2026-09-26,ok,0
power_demand,nl,nation,2024-09,9.61,twh,ember,2024-09-30,,2026-09-26,ok,0
power_demand,nl,nation,2024-10,10,twh,ember,2024-10-31,,2026-09-26,ok,0
power_demand,nl,nation,2024-11,10.45,twh,ember,2024-11-30,,2026-09-26,ok,0
power_demand,nl,nation,2024-12,11.04,twh,ember,2024-12-31,,2026-09-26,ok,0
power_demand,nl,nation,2025-01,11.46,twh,ember,2025-01-31,,2026-09-26,ok,0
power_demand,nl,nation,2025-02,10.13,twh,ember,2025-02-28,,2026-09-26,ok,0
power_demand,nl,nation,2025-03,10.02,twh,ember,2025-03-31,,2026-09-26,ok,0
power_demand,nl,nation,2025-04,9.47,twh,ember,2025-04-30,,2026-09-26,ok,0
power_demand,nl,nation,2025-05,10.39,twh,ember,2025-05-31,,2026-09-26,ok,0
power_demand,nl,nation,2025-06,10.49,twh,ember,2025-06-30,,2026-09-26,ok,0
power_demand,nl,nation,2025-07,10.48,twh,ember,2025-07-31,,2026-09-26,ok,0
power_demand,nl,nation,2025-08,10.07,twh,ember,2025-08-31,,2026-09-26,ok,0
power_demand,nl,nation,2025-09,9.86,twh,ember,2025-09-30,,2026-09-26,ok,0
power_demand,nl,nation,2025-10,10.3,twh,ember,2025-10-31,,2026-09-26,ok,0
power_demand,nl,nation,2025-11,10.42,twh,ember,2025-11-30,,2026-09-26,ok,0
power_demand,nl,nation,2025-12,10.44,twh,ember,2025-12-31,,2026-09-26,ok,0
power_demand,nl,nation,2026-01,11.28,twh,ember,2026-01-31,,2026-09-26,ok,0
power_demand,nl,nation,2026-02,9.97,twh,ember,2026-02-28,,2026-09-26,ok,0
power_demand,nl,nation,2026-03,10.32,twh,ember,2026-03-31,,2026-09-26,ok,0
power_demand,nl,nation,2026-04,9.71,twh,ember,2026-04-30,,2026-09-26,ok,0
power_demand,nl,nation,2026-05,9.77,twh,ember,2026-05-31,,2026-09-26,ok,0
power_demand,nl,nation,2026-06,10.07,twh,ember,2026-06-30,,2026-09-26,ok,0
power_demand,no,nation,2015-01,12.77,twh,ember,2015-01-31,,2026-09-26,ok,0
power_demand,no,nation,2015-02,12.16,twh,ember,2015-02-28,,2026-09-26,ok,0
power_demand,no,nation,2015-03,12.28,twh,ember,2015-03-31,,2026-09-26,ok,0
power_demand,no,nation,2015-04,10.45,twh,ember,2015-04-30,,2026-09-26,ok,0
power_demand,no,nation,2015-05,9.97,twh,ember,2015-05-31,,2026-09-26,ok,0
power_demand,no,nation,2015-06,8.98,twh,ember,2015-06-30,,2026-09-26,ok,0
power_demand,no,nation,2015-07,8.49,twh,ember,2015-07-31,,2026-09-26,ok,0
power_demand,no,nation,2015-08,8.67,twh,ember,2015-08-31,,2026-09-26,ok,0
power_demand,no,nation,2015-09,9.04,twh,ember,2015-09-30,,2026-09-26,ok,0
power_demand,no,nation,2015-10,10.75,twh,ember,2015-10-31,,2026-09-26,ok,0
power_demand,no,nation,2015-11,11.85,twh,ember,2015-11-30,,2026-09-26,ok,0
power_demand,no,nation,2015-12,12.94,twh,ember,2015-12-31,,2026-09-26,ok,0
power_demand,no,nation,2016-01,15.19,twh,ember,2016-01-31,,2026-09-26,ok,0
power_demand,no,nation,2016-02,13.21,twh,ember,2016-02-29,,2026-09-26,ok,0
power_demand,no,nation,2016-03,12.76,twh,ember,2016-03-31,,2026-09-26,ok,0
power_demand,no,nation,2016-04,11.09,twh,ember,2016-04-30,,2026-09-26,ok,0
power_demand,no,nation,2016-05,9.69,twh,ember,2016-05-31,,2026-09-26,ok,0
power_demand,no,nation,2016-06,8.56,twh,ember,2016-06-30,,2026-09-26,ok,0
power_demand,no,nation,2016-07,8.3,twh,ember,2016-07-31,,2026-09-26,ok,0
power_demand,no,nation,2016-08,8.77,twh,ember,2016-08-31,,2026-09-26,ok,0
power_demand,no,nation,2016-09,8.72,twh,ember,2016-09-30,,2026-09-26,ok,0
power_demand,no,nation,2016-10,11.07,twh,ember,2016-10-31,,2026-09-26,ok,0
power_demand,no,nation,2016-11,12.77,twh,ember,2016-11-30,,2026-09-26,ok,0
power_demand,no,nation,2016-12,13.14,twh,ember,2016-12-31,,2026-09-26,ok,0
power_demand,no,nation,2017-01,13.98,twh,ember,2017-01-31,,2026-09-26,ok,0
power_demand,no,nation,2017-02,12.69,twh,ember,2017-02-28,,2026-09-26,ok,0
power_demand,no,nation,2017-03,12.92,twh,ember,2017-03-31,,2026-09-26,ok,0
power_demand,no,nation,2017-04,11.1,twh,ember,2017-04-30,,2026-09-26,ok,0
power_demand,no,nation,2017-05,9.85,twh,ember,2017-05-31,,2026-09-26,ok,0
power_demand,no,nation,2017-06,8.74,twh,ember,2017-06-30,,2026-09-26,ok,0
power_demand,no,nation,2017-07,8.46,twh,ember,2017-07-31,,2026-09-26,ok,0
power_demand,no,nation,2017-08,8.94,twh,ember,2017-08-31,,2026-09-26,ok,0
power_demand,no,nation,2017-09,9.24,twh,ember,2017-09-30,,2026-09-26,ok,0
power_demand,no,nation,2017-10,10.96,twh,ember,2017-10-31,,2026-09-26,ok,0
power_demand,no,nation,2017-11,12.66,twh,ember,2017-11-30,,2026-09-26,ok,0
power_demand,no,nation,2017-12,14.1,twh,ember,2017-12-31,,2026-09-26,ok,0
power_demand,no,nation,2018-01,14.56,twh,ember,2018-01-31,,2026-09-26,ok,0
power_demand,no,nation,2018-02,13.48,twh,ember,2018-02-28,,2026-09-26,ok,0
power_demand,no,nation,2018-03,14.18,twh,ember,2018-03-31,,2026-09-26,ok,0
power_demand,no,nation,2018-04,11.14,twh,ember,2018-04-30,,2026-09-26,ok,0
power_demand,no,nation,2018-05,9.45,twh,ember,2018-05-31,,2026-09-26,ok,0
power_demand,no,nation,2018-06,8.75,twh,ember,2018-06-30,,2026-09-26,ok,0
power_demand,no,nation,2018-07,8.39,twh,ember,2018-07-31,,2026-09-26,ok,0
power_demand,no,nation,2018-08,8.93,twh,ember,2018-08-31,,2026-09-26,ok,0
power_demand,no,nation,2018-09,9.52,twh,ember,2018-09-30,,2026-09-26,ok,0
power_demand,no,nation,2018-10,11.39,twh,ember,2018-10-31,,2026-09-26,ok,0
power_demand,no,nation,2018-11,12.16,twh,ember,2018-11-30,,2026-09-26,ok,0
power_demand,no,nation,2018-12,13.85,twh,ember,2018-12-31,,2026-09-26,ok,0
power_demand,no,nation,2019-01,14.56,twh,ember,2019-01-31,,2026-09-26,ok,0
power_demand,no,nation,2019-02,12.32,twh,ember,2019-02-28,,2026-09-26,ok,0
power_demand,no,nation,2019-03,13.01,twh,ember,2019-03-31,,2026-09-26,ok,0
power_demand,no,nation,2019-04,10.47,twh,ember,2019-04-30,,2026-09-26,ok,0
power_demand,no,nation,2019-05,9.98,twh,ember,2019-05-31,,2026-09-26,ok,0
power_demand,no,nation,2019-06,8.8,twh,ember,2019-06-30,,2026-09-26,ok,0
power_demand,no,nation,2019-07,8.51,twh,ember,2019-07-31,,2026-09-26,ok,0
power_demand,no,nation,2019-08,8.65,twh,ember,2019-08-31,,2026-09-26,ok,0
power_demand,no,nation,2019-09,9.21,twh,ember,2019-09-30,,2026-09-26,ok,0
power_demand,no,nation,2019-10,11.43,twh,ember,2019-10-31,,2026-09-26,ok,0
power_demand,no,nation,2019-11,13.08,twh,ember,2019-11-30,,2026-09-26,ok,0
power_demand,no,nation,2019-12,13.53,twh,ember,2019-12-31,,2026-09-26,ok,0
power_demand,no,nation,2020-01,13.38,twh,ember,2020-01-31,,2026-09-26,ok,0
power_demand,no,nation,2020-02,12.81,twh,ember,2020-02-29,,2026-09-26,ok,0
power_demand,no,nation,2020-03,13.14,twh,ember,2020-03-31,,2026-09-26,ok,0
power_demand,no,nation,2020-04,11.02,twh,ember,2020-04-30,,2026-09-26,ok,0
power_demand,no,nation,2020-05,10.25,twh,ember,2020-05-31,,2026-09-26,ok,0
power_demand,no,nation,2020-06,8.56,twh,ember,2020-06-30,,2026-09-26,ok,0
power_demand,no,nation,2020-07,8.56,twh,ember,2020-07-31,,2026-09-26,ok,0
power_demand,no,nation,2020-08,8.65,twh,ember,2020-08-31,,2026-09-26,ok,0
power_demand,no,nation,2020-09,8.98,twh,ember,2020-09-30,,2026-09-26,ok,0
power_demand,no,nation,2020-10,10.59,twh,ember,2020-10-31,,2026-09-26,ok,0
power_demand,no,nation,2020-11,11.34,twh,ember,2020-11-30,,2026-09-26,ok,0
power_demand,no,nation,2020-12,12.69,twh,ember,2020-12-31,,2026-09-26,ok,0
power_demand,no,nation,2021-01,14.5,twh,ember,2021-01-31,,2026-09-26,ok,0
power_demand,no,nation,2021-02,13.05,twh,ember,2021-02-28,,2026-09-26,ok,0
power_demand,no,nation,2021-03,12.34,twh,ember,2021-03-31,,2026-09-26,ok,0
power_demand,no,nation,2021-04,10.83,twh,ember,2021-04-30,,2026-09-26,ok,0
power_demand,no,nation,2021-05,10.04,twh,ember,2021-05-31,,2026-09-26,ok,0
power_demand,no,nation,2021-06,8.56,twh,ember,2021-06-30,,2026-09-26,ok,0
power_demand,no,nation,2021-07,8.08,twh,ember,2021-07-31,,2026-09-26,ok,0
power_demand,no,nation,2021-08,8.37,twh,ember,2021-08-31,,2026-09-26,ok,0
power_demand,no,nation,2021-09,8.65,twh,ember,2021-09-30,,2026-09-26,ok,0
power_demand,no,nation,2021-10,10.42,twh,ember,2021-10-31,,2026-09-26,ok,0
power_demand,no,nation,2021-11,12.18,twh,ember,2021-11-30,,2026-09-26,ok,0
power_demand,no,nation,2021-12,13.83,twh,ember,2021-12-31,,2026-09-26,ok,0
power_demand,no,nation,2022-01,13.55,twh,ember,2022-01-31,,2026-09-26,ok,0
power_demand,no,nation,2022-02,12.29,twh,ember,2022-02-28,,2026-09-26,ok,0
power_demand,no,nation,2022-03,12.14,twh,ember,2022-03-31,,2026-09-26,ok,0
power_demand,no,nation,2022-04,10.77,twh,ember,2022-04-30,,2026-09-26,ok,0
power_demand,no,nation,2022-05,9.96,twh,ember,2022-05-31,,2026-09-26,ok,0
power_demand,no,nation,2022-06,8.99,twh,ember,2022-06-30,,2026-09-26,ok,0
power_demand,no,nation,2022-07,9.29,twh,ember,2022-07-31,,2026-09-26,ok,0
power_demand,no,nation,2022-08,9.52,twh,ember,2022-08-31,,2026-09-26,ok,0
power_demand,no,nation,2022-09,9.22,twh,ember,2022-09-30,,2026-09-26,ok,0
power_demand,no,nation,2022-10,10.75,twh,ember,2022-10-31,,2026-09-26,ok,0
power_demand,no,nation,2022-11,11.43,twh,ember,2022-11-30,,2026-09-26,ok,0
power_demand,no,nation,2022-12,13.64,twh,ember,2022-12-31,,2026-09-26,ok,0
power_demand,no,nation,2023-01,13.34,twh,ember,2023-01-31,,2026-09-26,ok,0
power_demand,no,nation,2023-02,11.69,twh,ember,2023-02-28,,2026-09-26,ok,0
power_demand,no,nation,2023-03,13.19,twh,ember,2023-03-31,,2026-09-26,ok,0
power_demand,no,nation,2023-04,10.74,twh,ember,2023-04-30,,2026-09-26,ok,0
power_demand,no,nation,2023-05,9.81,twh,ember,2023-05-31,,2026-09-26,ok,0
power_demand,no,nation,2023-06,8.69,twh,ember,2023-06-30,,2026-09-26,ok,0
power_demand,no,nation,2023-07,8.84,twh,ember,2023-07-31,,2026-09-26,ok,0
power_demand,no,nation,2023-08,9.03,twh,ember,2023-08-31,,2026-09-26,ok,0
power_demand,no,nation,2023-09,9.09,twh,ember,2023-09-30,,2026-09-26,ok,0
power_demand,no,nation,2023-10,11.59,twh,ember,2023-10-31,,2026-09-26,ok,0
power_demand,no,nation,2023-11,12.98,twh,ember,2023-11-30,,2026-09-26,ok,0
power_demand,no,nation,2023-12,14.53,twh,ember,2023-12-31,,2026-09-26,ok,0
power_demand,no,nation,2024-01,14.92,twh,ember,2024-01-31,,2026-09-26,ok,0
power_demand,no,nation,2024-02,13,twh,ember,2024-02-29,,2026-09-26,ok,0
power_demand,no,nation,2024-03,12.55,twh,ember,2024-03-31,,2026-09-26,ok,0
power_demand,no,nation,2024-04,11.2,twh,ember,2024-04-30,,2026-09-26,ok,0
power_demand,no,nation,2024-05,9.64,twh,ember,2024-05-31,,2026-09-26,ok,0
power_demand,no,nation,2024-06,9.23,twh,ember,2024-06-30,,2026-09-26,ok,0
power_demand,no,nation,2024-07,8.97,twh,ember,2024-07-31,,2026-09-26,ok,0
power_demand,no,nation,2024-08,9.31,twh,ember,2024-08-31,,2026-09-26,ok,0
power_demand,no,nation,2024-09,9.54,twh,ember,2024-09-30,,2026-09-26,ok,0
power_demand,no,nation,2024-10,11.2,twh,ember,2024-10-31,,2026-09-26,ok,0
power_demand,no,nation,2024-11,12.31,twh,ember,2024-11-30,,2026-09-26,ok,0
power_demand,no,nation,2024-12,13.47,twh,ember,2024-12-31,,2026-09-26,ok,0
power_demand,no,nation,2025-01,14.26,twh,ember,2025-01-31,,2026-09-26,ok,0
power_demand,no,nation,2025-02,12.54,twh,ember,2025-02-28,,2026-09-26,ok,0
power_demand,no,nation,2025-03,12.78,twh,ember,2025-03-31,,2026-09-26,ok,0
power_demand,no,nation,2025-04,10.59,twh,ember,2025-04-30,,2026-09-26,ok,0
power_demand,no,nation,2025-05,9.95,twh,ember,2025-05-31,,2026-09-26,ok,0
power_demand,no,nation,2025-06,9.21,twh,ember,2025-06-30,,2026-09-26,ok,0
power_demand,no,nation,2025-07,8.85,twh,ember,2025-07-31,,2026-09-26,ok,0
power_demand,no,nation,2025-08,9.43,twh,ember,2025-08-31,,2026-09-26,ok,0
power_demand,no,nation,2025-09,9.62,twh,ember,2025-09-30,,2026-09-26,ok,0
power_demand,no,nation,2025-10,11.25,twh,ember,2025-10-31,,2026-09-26,ok,0
power_demand,no,nation,2025-11,12.53,twh,ember,2025-11-30,,2026-09-26,ok,0
power_demand,no,nation,2025-12,13.42,twh,ember,2025-12-31,,2026-09-26,ok,0
power_demand,no,nation,2026-01,15.6,twh,ember,2026-01-31,,2026-09-26,ok,0
power_demand,no,nation,2026-02,13.86,twh,ember,2026-02-28,,2026-09-26,ok,0
power_demand,no,nation,2026-03,12.7,twh,ember,2026-03-31,,2026-09-26,ok,0
power_demand,no,nation,2026-04,11.25,twh,ember,2026-04-30,,2026-09-26,ok,0
power_demand,no,nation,2026-05,11.03,twh,ember,2026-05-31,,2026-09-26,ok,0
power_demand,no,nation,2026-06,10.28,twh,ember,2026-06-30,,2026-09-26,ok,0
power_demand,pl,nation,2015-01,12.26,twh,ember,2015-01-31,,2026-09-26,ok,0
power_demand,pl,nation,2015-02,12.14,twh,ember,2015-02-28,,2026-09-26,ok,0
power_demand,pl,nation,2015-03,13.06,twh,ember,2015-03-31,,2026-09-26,ok,0
power_demand,pl,nation,2015-04,11.85,twh,ember,2015-04-30,,2026-09-26,ok,0
power_demand,pl,nation,2015-05,11.8,twh,ember,2015-05-31,,2026-09-26,ok,0
power_demand,pl,nation,2015-06,11.46,twh,ember,2015-06-30,,2026-09-26,ok,0
power_demand,pl,nation,2015-07,12.11,twh,ember,2015-07-31,,2026-09-26,ok,0
power_demand,pl,nation,2015-08,11.98,twh,ember,2015-08-31,,2026-09-26,ok,0
power_demand,pl,nation,2015-09,11.88,twh,ember,2015-09-30,,2026-09-26,ok,0
power_demand,pl,nation,2015-10,12.89,twh,ember,2015-10-31,,2026-09-26,ok,0
power_demand,pl,nation,2015-11,12.76,twh,ember,2015-11-30,,2026-09-26,ok,0
power_demand,pl,nation,2015-12,12.98,twh,ember,2015-12-31,,2026-09-26,ok,0
power_demand,pl,nation,2016-01,13.53,twh,ember,2016-01-31,,2026-09-26,ok,0
power_demand,pl,nation,2016-02,12.39,twh,ember,2016-02-29,,2026-09-26,ok,0
power_demand,pl,nation,2016-03,12.84,twh,ember,2016-03-31,,2026-09-26,ok,0
power_demand,pl,nation,2016-04,11.88,twh,ember,2016-04-30,,2026-09-26,ok,0
power_demand,pl,nation,2016-05,11.67,twh,ember,2016-05-31,,2026-09-26,ok,0
power_demand,pl,nation,2016-06,11.81,twh,ember,2016-06-30,,2026-09-26,ok,0
power_demand,pl,nation,2016-07,12.02,twh,ember,2016-07-31,,2026-09-26,ok,0
power_demand,pl,nation,2016-08,12.05,twh,ember,2016-08-31,,2026-09-26,ok,0
power_demand,pl,nation,2016-09,12.01,twh,ember,2016-09-30,,2026-09-26,ok,0
power_demand,pl,nation,2016-10,12.86,twh,ember,2016-10-31,,2026-09-26,ok,0
power_demand,pl,nation,2016-11,13.07,twh,ember,2016-11-30,,2026-09-26,ok,0
power_demand,pl,nation,2016-12,13.61,twh,ember,2016-12-31,,2026-09-26,ok,0
power_demand,pl,nation,2017-01,14.11,twh,ember,2017-01-31,,2026-09-26,ok,0
power_demand,pl,nation,2017-02,12.67,twh,ember,2017-02-28,,2026-09-26,ok,0
power_demand,pl,nation,2017-03,13.11,twh,ember,2017-03-31,,2026-09-26,ok,0
power_demand,pl,nation,2017-04,12.05,twh,ember,2017-04-30,,2026-09-26,ok,0
power_demand,pl,nation,2017-05,12.13,twh,ember,2017-05-31,,2026-09-26,ok,0
power_demand,pl,nation,2017-06,11.81,twh,ember,2017-06-30,,2026-09-26,ok,0
power_demand,pl,nation,2017-07,12.24,twh,ember,2017-07-31,,2026-09-26,ok,0
power_demand,pl,nation,2017-08,12.43,twh,ember,2017-08-31,,2026-09-26,ok,0
power_demand,pl,nation,2017-09,12.39,twh,ember,2017-09-30,,2026-09-26,ok,0
power_demand,pl,nation,2017-10,13.3,twh,ember,2017-10-31,,2026-09-26,ok,0
power_demand,pl,nation,2017-11,13.47,twh,ember,2017-11-30,,2026-09-26,ok,0
power_demand,pl,nation,2017-12,13.79,twh,ember,2017-12-31,,2026-09-26,ok,0
power_demand,pl,nation,2018-01,14.2,twh,ember,2018-01-31,,2026-09-26,ok,0
power_demand,pl,nation,2018-02,13.1,twh,ember,2018-02-28,,2026-09-26,ok,0
power_demand,pl,nation,2018-03,14.13,twh,ember,2018-03-31,,2026-09-26,ok,0
power_demand,pl,nation,2018-04,12.15,twh,ember,2018-04-30,,2026-09-26,ok,0
power_demand,pl,nation,2018-05,12.26,twh,ember,2018-05-31,,2026-09-26,ok,0
power_demand,pl,nation,2018-06,12.35,twh,ember,2018-06-30,,2026-09-26,ok,0
power_demand,pl,nation,2018-07,12.68,twh,ember,2018-07-31,,2026-09-26,ok,0
power_demand,pl,nation,2018-08,12.79,twh,ember,2018-08-31,,2026-09-26,ok,0
power_demand,pl,nation,2018-09,12.54,twh,ember,2018-09-30,,2026-09-26,ok,0
power_demand,pl,nation,2018-10,13.39,twh,ember,2018-10-31,,2026-09-26,ok,0
power_demand,pl,nation,2018-11,13.42,twh,ember,2018-11-30,,2026-09-26,ok,0
power_demand,pl,nation,2018-12,13.82,twh,ember,2018-12-31,,2026-09-26,ok,0
power_demand,pl,nation,2019-01,14.57,twh,ember,2019-01-31,,2026-09-26,ok,0
power_demand,pl,nation,2019-02,12.76,twh,ember,2019-02-28,,2026-09-26,ok,0
power_demand,pl,nation,2019-03,13.6,twh,ember,2019-03-31,,2026-09-26,ok,0
power_demand,pl,nation,2019-04,12.38,twh,ember,2019-04-30,,2026-09-26,ok,0
power_demand,pl,nation,2019-05,12.6,twh,ember,2019-05-31,,2026-09-26,ok,0
power_demand,pl,nation,2019-06,12.37,twh,ember,2019-06-30,,2026-09-26,ok,0
power_demand,pl,nation,2019-07,12.61,twh,ember,2019-07-31,,2026-09-26,ok,0
power_demand,pl,nation,2019-08,12.49,twh,ember,2019-08-31,,2026-09-26,ok,0
power_demand,pl,nation,2019-09,12.36,twh,ember,2019-09-30,,2026-09-26,ok,0
power_demand,pl,nation,2019-10,13.47,twh,ember,2019-10-31,,2026-09-26,ok,0
power_demand,pl,nation,2019-11,13.18,twh,ember,2019-11-30,,2026-09-26,ok,0
power_demand,pl,nation,2019-12,13.5,twh,ember,2019-12-31,,2026-09-26,ok,0
power_demand,pl,nation,2020-01,13.97,twh,ember,2020-01-31,,2026-09-26,ok,0
power_demand,pl,nation,2020-02,13.13,twh,ember,2020-02-29,,2026-09-26,ok,0
power_demand,pl,nation,2020-03,13.26,twh,ember,2020-03-31,,2026-09-26,ok,0
power_demand,pl,nation,2020-04,11.28,twh,ember,2020-04-30,,2026-09-26,ok,0
power_demand,pl,nation,2020-05,11.55,twh,ember,2020-05-31,,2026-09-26,ok,0
power_demand,pl,nation,2020-06,11.63,twh,ember,2020-06-30,,2026-09-26,ok,0
power_demand,pl,nation,2020-07,12.29,twh,ember,2020-07-31,,2026-09-26,ok,0
power_demand,pl,nation,2020-08,12.4,twh,ember,2020-08-31,,2026-09-26,ok,0
power_demand,pl,nation,2020-09,12.43,twh,ember,2020-09-30,,2026-09-26,ok,0
power_demand,pl,nation,2020-10,13.65,twh,ember,2020-10-31,,2026-09-26,ok,0
power_demand,pl,nation,2020-11,13.48,twh,ember,2020-11-30,,2026-09-26,ok,0
power_demand,pl,nation,2020-12,14.15,twh,ember,2020-12-31,,2026-09-26,ok,0
power_demand,pl,nation,2021-01,14.37,twh,ember,2021-01-31,,2026-09-26,ok,0
power_demand,pl,nation,2021-02,13.46,twh,ember,2021-02-28,,2026-09-26,ok,0
power_demand,pl,nation,2021-03,14.2,twh,ember,2021-03-31,,2026-09-26,ok,0
power_demand,pl,nation,2021-04,12.78,twh,ember,2021-04-30,,2026-09-26,ok,0
power_demand,pl,nation,2021-05,12.63,twh,ember,2021-05-31,,2026-09-26,ok,0
power_demand,pl,nation,2021-06,12.61,twh,ember,2021-06-30,,2026-09-26,ok,0
power_demand,pl,nation,2021-07,13.3,twh,ember,2021-07-31,,2026-09-26,ok,0
power_demand,pl,nation,2021-08,12.87,twh,ember,2021-08-31,,2026-09-26,ok,0
power_demand,pl,nation,2021-09,12.81,twh,ember,2021-09-30,,2026-09-26,ok,0
power_demand,pl,nation,2021-10,13.59,twh,ember,2021-10-31,,2026-09-26,ok,0
power_demand,pl,nation,2021-11,13.85,twh,ember,2021-11-30,,2026-09-26,ok,0
power_demand,pl,nation,2021-12,15,twh,ember,2021-12-31,,2026-09-26,ok,0
power_demand,pl,nation,2022-01,14.67,twh,ember,2022-01-31,,2026-09-26,ok,0
power_demand,pl,nation,2022-02,13.22,twh,ember,2022-02-28,,2026-09-26,ok,0
power_demand,pl,nation,2022-03,14.3,twh,ember,2022-03-31,,2026-09-26,ok,0
power_demand,pl,nation,2022-04,13.25,twh,ember,2022-04-30,,2026-09-26,ok,0
power_demand,pl,nation,2022-05,12.78,twh,ember,2022-05-31,,2026-09-26,ok,0
power_demand,pl,nation,2022-06,12.61,twh,ember,2022-06-30,,2026-09-26,ok,0
power_demand,pl,nation,2022-07,12.92,twh,ember,2022-07-31,,2026-09-26,ok,0
power_demand,pl,nation,2022-08,12.99,twh,ember,2022-08-31,,2026-09-26,ok,0
power_demand,pl,nation,2022-09,12.53,twh,ember,2022-09-30,,2026-09-26,ok,0
power_demand,pl,nation,2022-10,13.22,twh,ember,2022-10-31,,2026-09-26,ok,0
power_demand,pl,nation,2022-11,13.61,twh,ember,2022-11-30,,2026-09-26,ok,0
power_demand,pl,nation,2022-12,14.41,twh,ember,2022-12-31,,2026-09-26,ok,0
power_demand,pl,nation,2023-01,14.11,twh,ember,2023-01-31,,2026-09-26,ok,0
power_demand,pl,nation,2023-02,13.05,twh,ember,2023-02-28,,2026-09-26,ok,0
power_demand,pl,nation,2023-03,13.93,twh,ember,2023-03-31,,2026-09-26,ok,0
power_demand,pl,nation,2023-04,12.34,twh,ember,2023-04-30,,2026-09-26,ok,0
power_demand,pl,nation,2023-05,12.15,twh,ember,2023-05-31,,2026-09-26,ok,0
power_demand,pl,nation,2023-06,11.76,twh,ember,2023-06-30,,2026-09-26,ok,0
power_demand,pl,nation,2023-07,12.28,twh,ember,2023-07-31,,2026-09-26,ok,0
power_demand,pl,nation,2023-08,12.42,twh,ember,2023-08-31,,2026-09-26,ok,0
power_demand,pl,nation,2023-09,12.25,twh,ember,2023-09-30,,2026-09-26,ok,0
power_demand,pl,nation,2023-10,13.23,twh,ember,2023-10-31,,2026-09-26,ok,0
power_demand,pl,nation,2023-11,13.71,twh,ember,2023-11-30,,2026-09-26,ok,0
power_demand,pl,nation,2023-12,14.26,twh,ember,2023-12-31,,2026-09-26,ok,0
power_demand,pl,nation,2024-01,14.96,twh,ember,2024-01-31,,2026-09-26,ok,0
power_demand,pl,nation,2024-02,13.22,twh,ember,2024-02-29,,2026-09-26,ok,0
power_demand,pl,nation,2024-03,13.55,twh,ember,2024-03-31,,2026-09-26,ok,0
power_demand,pl,nation,2024-04,12.61,twh,ember,2024-04-30,,2026-09-26,ok,0
power_demand,pl,nation,2024-05,12.43,twh,ember,2024-05-31,,2026-09-26,ok,0
power_demand,pl,nation,2024-06,12.85,twh,ember,2024-06-30,,2026-09-26,ok,0
power_demand,pl,nation,2024-07,13.02,twh,ember,2024-07-31,,2026-09-26,ok,0
power_demand,pl,nation,2024-08,12.71,twh,ember,2024-08-31,,2026-09-26,ok,0
power_demand,pl,nation,2024-09,12.39,twh,ember,2024-09-30,,2026-09-26,ok,0
power_demand,pl,nation,2024-10,13.67,twh,ember,2024-10-31,,2026-09-26,ok,0
power_demand,pl,nation,2024-11,13.9,twh,ember,2024-11-30,,2026-09-26,ok,0
power_demand,pl,nation,2024-12,14.17,twh,ember,2024-12-31,,2026-09-26,ok,0
power_demand,pl,nation,2025-01,14.81,twh,ember,2025-01-31,,2026-09-26,ok,0
power_demand,pl,nation,2025-02,13.75,twh,ember,2025-02-28,,2026-09-26,ok,0
power_demand,pl,nation,2025-03,13.67,twh,ember,2025-03-31,,2026-09-26,ok,0
power_demand,pl,nation,2025-04,12.39,twh,ember,2025-04-30,,2026-09-26,ok,0
power_demand,pl,nation,2025-05,12.63,twh,ember,2025-05-31,,2026-09-26,ok,0
power_demand,pl,nation,2025-06,11.98,twh,ember,2025-06-30,,2026-09-26,ok,0
power_demand,pl,nation,2025-07,12.73,twh,ember,2025-07-31,,2026-09-26,ok,0
power_demand,pl,nation,2025-08,12.14,twh,ember,2025-08-31,,2026-09-26,ok,0
power_demand,pl,nation,2025-09,12.5,twh,ember,2025-09-30,,2026-09-26,ok,0
power_demand,pl,nation,2025-10,13.86,twh,ember,2025-10-31,,2026-09-26,ok,0
power_demand,pl,nation,2025-11,14.01,twh,ember,2025-11-30,,2026-09-26,ok,0
power_demand,pl,nation,2025-12,14.54,twh,ember,2025-12-31,,2026-09-26,ok,0
power_demand,pl,nation,2026-01,15.94,twh,ember,2026-01-31,,2026-09-26,ok,0
power_demand,pl,nation,2026-02,14.31,twh,ember,2026-02-28,,2026-09-26,ok,0
power_demand,pl,nation,2026-03,13.79,twh,ember,2026-03-31,,2026-09-26,ok,0
power_demand,pl,nation,2026-04,13.02,twh,ember,2026-04-30,,2026-09-26,ok,0
power_demand,pl,nation,2026-05,12.71,twh,ember,2026-05-31,,2026-09-26,ok,0
power_demand,pl,nation,2026-06,12.52,twh,ember,2026-06-30,,2026-09-26,ok,0
power_demand,pt,nation,2015-01,4.13,twh,ember,2015-01-31,,2026-09-26,ok,0
power_demand,pt,nation,2015-02,4.39,twh,ember,2015-02-28,,2026-09-26,ok,0
power_demand,pt,nation,2015-03,4.14,twh,ember,2015-03-31,,2026-09-26,ok,0
power_demand,pt,nation,2015-04,3.45,twh,ember,2015-04-30,,2026-09-26,ok,0
power_demand,pt,nation,2015-05,3.81,twh,ember,2015-05-31,,2026-09-26,ok,0
power_demand,pt,nation,2015-06,3.52,twh,ember,2015-06-30,,2026-09-26,ok,0
power_demand,pt,nation,2015-07,3.89,twh,ember,2015-07-31,,2026-09-26,ok,0
power_demand,pt,nation,2015-08,3.53,twh,ember,2015-08-31,,2026-09-26,ok,0
power_demand,pt,nation,2015-09,3.62,twh,ember,2015-09-30,,2026-09-26,ok,0
power_demand,pt,nation,2015-10,4.3,twh,ember,2015-10-31,,2026-09-26,ok,0
power_demand,pt,nation,2015-11,3.77,twh,ember,2015-11-30,,2026-09-26,ok,0
power_demand,pt,nation,2015-12,3.86,twh,ember,2015-12-31,,2026-09-26,ok,0
power_demand,pt,nation,2016-01,4.15,twh,ember,2016-01-31,,2026-09-26,ok,0
power_demand,pt,nation,2016-02,3.89,twh,ember,2016-02-29,,2026-09-26,ok,0
power_demand,pt,nation,2016-03,4.18,twh,ember,2016-03-31,,2026-09-26,ok,0
power_demand,pt,nation,2016-04,3.65,twh,ember,2016-04-30,,2026-09-26,ok,0
power_demand,pt,nation,2016-05,3.66,twh,ember,2016-05-31,,2026-09-26,ok,0
power_demand,pt,nation,2016-06,3.72,twh,ember,2016-06-30,,2026-09-26,ok,0
power_demand,pt,nation,2016-07,4.16,twh,ember,2016-07-31,,2026-09-26,ok,0
power_demand,pt,nation,2016-08,3.96,twh,ember,2016-08-31,,2026-09-26,ok,0
power_demand,pt,nation,2016-09,3.88,twh,ember,2016-09-30,,2026-09-26,ok,0
power_demand,pt,nation,2016-10,3.92,twh,ember,2016-10-31,,2026-09-26,ok,0
power_demand,pt,nation,2016-11,4.06,twh,ember,2016-11-30,,2026-09-26,ok,0
power_demand,pt,nation,2016-12,4.33,twh,ember,2016-12-31,,2026-09-26,ok,0
power_demand,pt,nation,2017-01,4.63,twh,ember,2017-01-31,,2026-09-26,ok,0
power_demand,pt,nation,2017-02,3.91,twh,ember,2017-02-28,,2026-09-26,ok,0
power_demand,pt,nation,2017-03,4.24,twh,ember,2017-03-31,,2026-09-26,ok,0
power_demand,pt,nation,2017-04,3.79,twh,ember,2017-04-30,,2026-09-26,ok,0
power_demand,pt,nation,2017-05,3.99,twh,ember,2017-05-31,,2026-09-26,ok,0
power_demand,pt,nation,2017-06,4.09,twh,ember,2017-06-30,,2026-09-26,ok,0
power_demand,pt,nation,2017-07,4.2,twh,ember,2017-07-31,,2026-09-26,ok,0
power_demand,pt,nation,2017-08,3.99,twh,ember,2017-08-31,,2026-09-26,ok,0
power_demand,pt,nation,2017-09,3.99,twh,ember,2017-09-30,,2026-09-26,ok,0
power_demand,pt,nation,2017-10,4.09,twh,ember,2017-10-31,,2026-09-26,ok,0
power_demand,pt,nation,2017-11,4.07,twh,ember,2017-11-30,,2026-09-26,ok,0
power_demand,pt,nation,2017-12,4.49,twh,ember,2017-12-31,,2026-09-26,ok,0
power_demand,pt,nation,2018-01,4.65,twh,ember,2018-01-31,,2026-09-26,ok,0
power_demand,pt,nation,2018-02,4.19,twh,ember,2018-02-28,,2026-09-26,ok,0
power_demand,pt,nation,2018-03,4.32,twh,ember,2018-03-31,,2026-09-26,ok,0
power_demand,pt,nation,2018-04,3.88,twh,ember,2018-04-30,,2026-09-26,ok,0
power_demand,pt,nation,2018-05,3.93,twh,ember,2018-05-31,,2026-09-26,ok,0
power_demand,pt,nation,2018-06,3.89,twh,ember,2018-06-30,,2026-09-26,ok,0
power_demand,pt,nation,2018-07,4.09,twh,ember,2018-07-31,,2026-09-26,ok,0
power_demand,pt,nation,2018-08,4.06,twh,ember,2018-08-31,,2026-09-26,ok,0
power_demand,pt,nation,2018-09,4.06,twh,ember,2018-09-30,,2026-09-26,ok,0
power_demand,pt,nation,2018-10,4.07,twh,ember,2018-10-31,,2026-09-26,ok,0
power_demand,pt,nation,2018-11,4.24,twh,ember,2018-11-30,,2026-09-26,ok,0
power_demand,pt,nation,2018-12,4.28,twh,ember,2018-12-31,,2026-09-26,ok,0
power_demand,pt,nation,2019-01,4.75,twh,ember,2019-01-31,,2026-09-26,ok,0
power_demand,pt,nation,2019-02,4.04,twh,ember,2019-02-28,,2026-09-26,ok,0
power_demand,pt,nation,2019-03,4.13,twh,ember,2019-03-31,,2026-09-26,ok,0
power_demand,pt,nation,2019-04,3.94,twh,ember,2019-04-30,,2026-09-26,ok,0
power_demand,pt,nation,2019-05,4.05,twh,ember,2019-05-31,,2026-09-26,ok,0
power_demand,pt,nation,2019-06,3.94,twh,ember,2019-06-30,,2026-09-26,ok,0
power_demand,pt,nation,2019-07,4.27,twh,ember,2019-07-31,,2026-09-26,ok,0
power_demand,pt,nation,2019-08,3.94,twh,ember,2019-08-31,,2026-09-26,ok,0
power_demand,pt,nation,2019-09,4.04,twh,ember,2019-09-30,,2026-09-26,ok,0
power_demand,pt,nation,2019-10,4.16,twh,ember,2019-10-31,,2026-09-26,ok,0
power_demand,pt,nation,2019-11,4.28,twh,ember,2019-11-30,,2026-09-26,ok,0
power_demand,pt,nation,2019-12,4.07,twh,ember,2019-12-31,,2026-09-26,ok,0
power_demand,pt,nation,2020-01,4.68,twh,ember,2020-01-31,,2026-09-26,ok,0
power_demand,pt,nation,2020-02,4,twh,ember,2020-02-29,,2026-09-26,ok,0
power_demand,pt,nation,2020-03,4.05,twh,ember,2020-03-31,,2026-09-26,ok,0
power_demand,pt,nation,2020-04,3.46,twh,ember,2020-04-30,,2026-09-26,ok,0
power_demand,pt,nation,2020-05,3.48,twh,ember,2020-05-31,,2026-09-26,ok,0
power_demand,pt,nation,2020-06,3.61,twh,ember,2020-06-30,,2026-09-26,ok,0
power_demand,pt,nation,2020-07,4.27,twh,ember,2020-07-31,,2026-09-26,ok,0
power_demand,pt,nation,2020-08,4.01,twh,ember,2020-08-31,,2026-09-26,ok,0
power_demand,pt,nation,2020-09,4.03,twh,ember,2020-09-30,,2026-09-26,ok,0
power_demand,pt,nation,2020-10,4,twh,ember,2020-10-31,,2026-09-26,ok,0
power_demand,pt,nation,2020-11,4.05,twh,ember,2020-11-30,,2026-09-26,ok,0
power_demand,pt,nation,2020-12,4.44,twh,ember,2020-12-31,,2026-09-26,ok,0
power_demand,pt,nation,2021-01,4.86,twh,ember,2021-01-31,,2026-09-26,ok,0
power_demand,pt,nation,2021-02,3.61,twh,ember,2021-02-28,,2026-09-26,ok,0
power_demand,pt,nation,2021-03,3.99,twh,ember,2021-03-31,,2026-09-26,ok,0
power_demand,pt,nation,2021-04,3.7,twh,ember,2021-04-30,,2026-09-26,ok,0
power_demand,pt,nation,2021-05,3.94,twh,ember,2021-05-31,,2026-09-26,ok,0
power_demand,pt,nation,2021-06,3.83,twh,ember,2021-06-30,,2026-09-26,ok,0
power_demand,pt,nation,2021-07,4.15,twh,ember,2021-07-31,,2026-09-26,ok,0
power_demand,pt,nation,2021-08,3.89,twh,ember,2021-08-31,,2026-09-26,ok,0
power_demand,pt,nation,2021-09,4.03,twh,ember,2021-09-30,,2026-09-26,ok,0
power_demand,pt,nation,2021-10,4,twh,ember,2021-10-31,,2026-09-26,ok,0
power_demand,pt,nation,2021-11,4.14,twh,ember,2021-11-30,,2026-09-26,ok,0
power_demand,pt,nation,2021-12,4.42,twh,ember,2021-12-31,,2026-09-26,ok,0
power_demand,pt,nation,2022-01,4.64,twh,ember,2022-01-31,,2026-09-26,ok,0
power_demand,pt,nation,2022-02,4.22,twh,ember,2022-02-28,,2026-09-26,ok,0
power_demand,pt,nation,2022-03,4.48,twh,ember,2022-03-31,,2026-09-26,ok,0
power_demand,pt,nation,2022-04,4.11,twh,ember,2022-04-30,,2026-09-26,ok,0
power_demand,pt,nation,2022-05,4.11,twh,ember,2022-05-31,,2026-09-26,ok,0
power_demand,pt,nation,2022-06,4.12,twh,ember,2022-06-30,,2026-09-26,ok,0
power_demand,pt,nation,2022-07,4.5,twh,ember,2022-07-31,,2026-09-26,ok,0
power_demand,pt,nation,2022-08,4.13,twh,ember,2022-08-31,,2026-09-26,ok,0
power_demand,pt,nation,2022-09,4.12,twh,ember,2022-09-30,,2026-09-26,ok,0
power_demand,pt,nation,2022-10,4.18,twh,ember,2022-10-31,,2026-09-26,ok,0
power_demand,pt,nation,2022-11,4.12,twh,ember,2022-11-30,,2026-09-26,ok,0
power_demand,pt,nation,2022-12,4.11,twh,ember,2022-12-31,,2026-09-26,ok,0
power_demand,pt,nation,2023-01,4.52,twh,ember,2023-01-31,,2026-09-26,ok,0
power_demand,pt,nation,2023-02,4.23,twh,ember,2023-02-28,,2026-09-26,ok,0
power_demand,pt,nation,2023-03,4.53,twh,ember,2023-03-31,,2026-09-26,ok,0
power_demand,pt,nation,2023-04,3.94,twh,ember,2023-04-30,,2026-09-26,ok,0
power_demand,pt,nation,2023-05,4.24,twh,ember,2023-05-31,,2026-09-26,ok,0
power_demand,pt,nation,2023-06,4.13,twh,ember,2023-06-30,,2026-09-26,ok,0
power_demand,pt,nation,2023-07,4.46,twh,ember,2023-07-31,,2026-09-26,ok,0
power_demand,pt,nation,2023-08,4.34,twh,ember,2023-08-31,,2026-09-26,ok,0
power_demand,pt,nation,2023-09,4.15,twh,ember,2023-09-30,,2026-09-26,ok,0
power_demand,pt,nation,2023-10,4.15,twh,ember,2023-10-31,,2026-09-26,ok,0
power_demand,pt,nation,2023-11,4.06,twh,ember,2023-11-30,,2026-09-26,ok,0
power_demand,pt,nation,2023-12,4.56,twh,ember,2023-12-31,,2026-09-26,ok,0
power_demand,pt,nation,2024-01,4.59,twh,ember,2024-01-31,,2026-09-26,ok,0
power_demand,pt,nation,2024-02,4.17,twh,ember,2024-02-29,,2026-09-26,ok,0
power_demand,pt,nation,2024-03,4.34,twh,ember,2024-03-31,,2026-09-26,ok,0
power_demand,pt,nation,2024-04,3.89,twh,ember,2024-04-30,,2026-09-26,ok,0
power_demand,pt,nation,2024-05,4.26,twh,ember,2024-05-31,,2026-09-26,ok,0
power_demand,pt,nation,2024-06,4.11,twh,ember,2024-06-30,,2026-09-26,ok,0
power_demand,pt,nation,2024-07,4.57,twh,ember,2024-07-31,,2026-09-26,ok,0
power_demand,pt,nation,2024-08,4.37,twh,ember,2024-08-31,,2026-09-26,ok,0
power_demand,pt,nation,2024-09,4.28,twh,ember,2024-09-30,,2026-09-26,ok,0
power_demand,pt,nation,2024-10,4.43,twh,ember,2024-10-31,,2026-09-26,ok,0
power_demand,pt,nation,2024-11,4.27,twh,ember,2024-11-30,,2026-09-26,ok,0
power_demand,pt,nation,2024-12,4.83,twh,ember,2024-12-31,,2026-09-26,ok,0
power_demand,pt,nation,2025-01,4.97,twh,ember,2025-01-31,,2026-09-26,ok,0
power_demand,pt,nation,2025-02,4.35,twh,ember,2025-02-28,,2026-09-26,ok,0
power_demand,pt,nation,2025-03,4.76,twh,ember,2025-03-31,,2026-09-26,ok,0
power_demand,pt,nation,2025-04,4.08,twh,ember,2025-04-30,,2026-09-26,ok,0
power_demand,pt,nation,2025-05,4.28,twh,ember,2025-05-31,,2026-09-26,ok,0
power_demand,pt,nation,2025-06,4.4,twh,ember,2025-06-30,,2026-09-26,ok,0
power_demand,pt,nation,2025-07,4.84,twh,ember,2025-07-31,,2026-09-26,ok,0
power_demand,pt,nation,2025-08,4.57,twh,ember,2025-08-31,,2026-09-26,ok,0
power_demand,pt,nation,2025-09,4.5,twh,ember,2025-09-30,,2026-09-26,ok,0
power_demand,pt,nation,2025-10,4.63,twh,ember,2025-10-31,,2026-09-26,ok,0
power_demand,pt,nation,2025-11,4.56,twh,ember,2025-11-30,,2026-09-26,ok,0
power_demand,pt,nation,2025-12,4.88,twh,ember,2025-12-31,,2026-09-26,ok,0
power_demand,pt,nation,2026-01,5.14,twh,ember,2026-01-31,,2026-09-26,ok,0
power_demand,pt,nation,2026-02,4.15,twh,ember,2026-02-28,,2026-09-26,ok,0
power_demand,pt,nation,2026-03,5.22,twh,ember,2026-03-31,,2026-09-26,ok,0
power_demand,pt,nation,2026-04,4.31,twh,ember,2026-04-30,,2026-09-26,ok,0
power_demand,pt,nation,2026-05,4.59,twh,ember,2026-05-31,,2026-09-26,ok,0
power_demand,pt,nation,2026-06,4.57,twh,ember,2026-06-30,,2026-09-26,ok,0
power_demand,ru,nation,2019-01,102.82,twh,ember,2019-01-31,,2026-09-26,ok,0
power_demand,ru,nation,2019-02,92.36,twh,ember,2019-02-28,,2026-09-26,ok,0
power_demand,ru,nation,2019-03,95.66,twh,ember,2019-03-31,,2026-09-26,ok,0
power_demand,ru,nation,2019-04,85.93,twh,ember,2019-04-30,,2026-09-26,ok,0
power_demand,ru,nation,2019-05,81.11,twh,ember,2019-05-31,,2026-09-26,ok,0
power_demand,ru,nation,2019-06,77.99,twh,ember,2019-06-30,,2026-09-26,ok,0
power_demand,ru,nation,2019-07,79.65,twh,ember,2019-07-31,,2026-09-26,ok,0
power_demand,ru,nation,2019-08,80.77,twh,ember,2019-08-31,,2026-09-26,ok,0
power_demand,ru,nation,2019-09,81.83,twh,ember,2019-09-30,,2026-09-26,ok,0
power_demand,ru,nation,2019-10,90.57,twh,ember,2019-10-31,,2026-09-26,ok,0
power_demand,ru,nation,2019-11,95.92,twh,ember,2019-11-30,,2026-09-26,ok,0
power_demand,ru,nation,2019-12,101.78,twh,ember,2019-12-31,,2026-09-26,ok,0
power_demand,ru,nation,2020-01,99.58,twh,ember,2020-01-31,,2026-09-26,ok,0
power_demand,ru,nation,2020-02,93.82,twh,ember,2020-02-29,,2026-09-26,ok,0
power_demand,ru,nation,2020-03,94.03,twh,ember,2020-03-31,,2026-09-26,ok,0
power_demand,ru,nation,2020-04,83.47,twh,ember,2020-04-30,,2026-09-26,ok,0
power_demand,ru,nation,2020-05,76.76,twh,ember,2020-05-31,,2026-09-26,ok,0
power_demand,ru,nation,2020-06,73.43,twh,ember,2020-06-30,,2026-09-26,ok,0
power_demand,ru,nation,2020-07,77.7,twh,ember,2020-07-31,,2026-09-26,ok,0
power_demand,ru,nation,2020-08,77.96,twh,ember,2020-08-31,,2026-09-26,ok,0
power_demand,ru,nation,2020-09,79.23,twh,ember,2020-09-30,,2026-09-26,ok,0
power_demand,ru,nation,2020-10,87.85,twh,ember,2020-10-31,,2026-09-26,ok,0
power_demand,ru,nation,2020-11,93.14,twh,ember,2020-11-30,,2026-09-26,ok,0
power_demand,ru,nation,2020-12,104.39,twh,ember,2020-12-31,,2026-09-26,ok,0
power_demand,ru,nation,2021-01,104.08,twh,ember,2021-01-31,,2026-09-26,ok,0
power_demand,ru,nation,2021-02,95.98,twh,ember,2021-02-28,,2026-09-26,ok,0
power_demand,ru,nation,2021-03,99.7,twh,ember,2021-03-31,,2026-09-26,ok,0
power_demand,ru,nation,2021-04,87.87,twh,ember,2021-04-30,,2026-09-26,ok,0
power_demand,ru,nation,2021-05,82.25,twh,ember,2021-05-31,,2026-09-26,ok,0
power_demand,ru,nation,2021-06,79.2,twh,ember,2021-06-30,,2026-09-26,ok,0
power_demand,ru,nation,2021-07,82.92,twh,ember,2021-07-31,,2026-09-26,ok,0
power_demand,ru,nation,2021-08,83.45,twh,ember,2021-08-31,,2026-09-26,ok,0
power_demand,ru,nation,2021-09,84.72,twh,ember,2021-09-30,,2026-09-26,ok,0
power_demand,ru,nation,2021-10,94.25,twh,ember,2021-10-31,,2026-09-26,ok,0
power_demand,ru,nation,2021-11,98.28,twh,ember,2021-11-30,,2026-09-26,ok,0
power_demand,ru,nation,2021-12,108.42,twh,ember,2021-12-31,,2026-09-26,ok,0
power_demand,ru,nation,2022-01,108.01,twh,ember,2022-01-31,,2026-09-26,ok,0
power_demand,ru,nation,2022-02,95.6,twh,ember,2022-02-28,,2026-09-26,ok,0
power_demand,ru,nation,2022-03,102.09,twh,ember,2022-03-31,,2026-09-26,ok,0
power_demand,ru,nation,2022-04,89.59,twh,ember,2022-04-30,,2026-09-26,ok,0
power_demand,ru,nation,2022-05,85.33,twh,ember,2022-05-31,,2026-09-26,ok,0
power_demand,ru,nation,2022-06,79.06,twh,ember,2022-06-30,,2026-09-26,ok,0
power_demand,ru,nation,2022-07,82.22,twh,ember,2022-07-31,,2026-09-26,ok,0
power_demand,ru,nation,2022-08,85.05,twh,ember,2022-08-31,,2026-09-26,ok,0
power_demand,ru,nation,2022-09,84.3,twh,ember,2022-09-30,,2026-09-26,ok,0
power_demand,ru,nation,2022-10,93.41,twh,ember,2022-10-31,,2026-09-26,ok,0
power_demand,ru,nation,2022-11,99.87,twh,ember,2022-11-30,,2026-09-26,ok,0
power_demand,ru,nation,2022-12,109.89,twh,ember,2022-12-31,,2026-09-26,ok,0
power_demand,ru,nation,2023-01,108.89,twh,ember,2023-01-31,,2026-09-26,ok,0
power_demand,ru,nation,2023-02,98.92,twh,ember,2023-02-28,,2026-09-26,ok,0
power_demand,ru,nation,2023-03,101.08,twh,ember,2023-03-31,,2026-09-26,ok,0
power_demand,ru,nation,2023-04,90.59,twh,ember,2023-04-30,,2026-09-26,ok,0
power_demand,ru,nation,2023-05,86.35,twh,ember,2023-05-31,,2026-09-26,ok,0
power_demand,ru,nation,2023-06,80.58,twh,ember,2023-06-30,,2026-09-26,ok,0
power_demand,ru,nation,2023-07,84.41,twh,ember,2023-07-31,,2026-09-26,ok,0
power_demand,ru,nation,2023-08,86.88,twh,ember,2023-08-31,,2026-09-26,ok,0
power_demand,ru,nation,2023-09,84.27,twh,ember,2023-09-30,,2026-09-26,ok,0
power_demand,ru,nation,2023-10,96.32,twh,ember,2023-10-31,,2026-09-26,ok,0
power_demand,ru,nation,2023-11,101.22,twh,ember,2023-11-30,,2026-09-26,ok,0
power_demand,ru,nation,2023-12,113.53,twh,ember,2023-12-31,,2026-09-26,ok,0
power_demand,ru,nation,2024-01,114.25,twh,ember,2024-01-31,,2026-09-26,ok,0
power_demand,ru,nation,2024-02,105.3,twh,ember,2024-02-29,,2026-09-26,ok,0
power_demand,ru,nation,2024-03,105.32,twh,ember,2024-03-31,,2026-09-26,ok,0
power_demand,ru,nation,2024-04,91.59,twh,ember,2024-04-30,,2026-09-26,ok,0
power_demand,ru,nation,2024-05,88.97,twh,ember,2024-05-31,,2026-09-26,ok,0
power_demand,ru,nation,2024-06,84.58,twh,ember,2024-06-30,,2026-09-26,ok,0
power_demand,ru,nation,2024-07,88.56,twh,ember,2024-07-31,,2026-09-26,ok,0
power_demand,ru,nation,2024-08,87.22,twh,ember,2024-08-31,,2026-09-26,ok,0
power_demand,ru,nation,2024-09,85.66,twh,ember,2024-09-30,,2026-09-26,ok,0
power_demand,ru,nation,2024-10,97.89,twh,ember,2024-10-31,,2026-09-26,ok,0
power_demand,ru,nation,2024-11,103.72,twh,ember,2024-11-30,,2026-09-26,ok,0
power_demand,ru,nation,2024-12,112.35,twh,ember,2024-12-31,,2026-09-26,ok,0
power_demand,ru,nation,2025-01,109.86,twh,ember,2025-01-31,,2026-09-26,ok,0
power_demand,ru,nation,2025-02,101.78,twh,ember,2025-02-28,,2026-09-26,ok,0
power_demand,ru,nation,2025-03,103.25,twh,ember,2025-03-31,,2026-09-26,ok,0
power_demand,ru,nation,2025-04,92.27,twh,ember,2025-04-30,,2026-09-26,ok,0
power_demand,ru,nation,2025-05,87.93,twh,ember,2025-05-31,,2026-09-26,ok,0
power_demand,ru,nation,2025-06,82.19,twh,ember,2025-06-30,,2026-09-26,ok,0
power_demand,ru,nation,2025-07,87.91,twh,ember,2025-07-31,,2026-09-26,ok,0
power_demand,ru,nation,2025-08,86.64,twh,ember,2025-08-31,,2026-09-26,ok,0
power_demand,ru,nation,2025-09,86.15,twh,ember,2025-09-30,,2026-09-26,ok,0
power_demand,ru,nation,2025-10,98.3,twh,ember,2025-10-31,,2026-09-26,ok,0
power_demand,ru,nation,2025-11,100.73,twh,ember,2025-11-30,,2026-09-26,ok,0
power_demand,ru,nation,2025-12,111.58,twh,ember,2025-12-31,,2026-09-26,ok,0
power_demand,ru,nation,2026-01,114.65,twh,ember,2026-01-31,,2026-09-26,ok,0
power_demand,ru,nation,2026-02,103.53,twh,ember,2026-02-28,,2026-09-26,ok,0
power_demand,ru,nation,2026-03,102.46,twh,ember,2026-03-31,,2026-09-26,ok,0
power_demand,ru,nation,2026-04,92.24,twh,ember,2026-04-30,,2026-09-26,ok,0
power_demand,ru,nation,2026-05,86.37,twh,ember,2026-05-31,,2026-09-26,ok,0
power_demand,se,nation,2015-01,13.78,twh,ember,2015-01-31,,2026-09-26,ok,0
power_demand,se,nation,2015-02,11.96,twh,ember,2015-02-28,,2026-09-26,ok,0
power_demand,se,nation,2015-03,11.92,twh,ember,2015-03-31,,2026-09-26,ok,0
power_demand,se,nation,2015-04,10.29,twh,ember,2015-04-30,,2026-09-26,ok,0
power_demand,se,nation,2015-05,9.66,twh,ember,2015-05-31,,2026-09-26,ok,0
power_demand,se,nation,2015-06,8.87,twh,ember,2015-06-30,,2026-09-26,ok,0
power_demand,se,nation,2015-07,8.23,twh,ember,2015-07-31,,2026-09-26,ok,0
power_demand,se,nation,2015-08,8.7,twh,ember,2015-08-31,,2026-09-26,ok,0
power_demand,se,nation,2015-09,9.25,twh,ember,2015-09-30,,2026-09-26,ok,0
power_demand,se,nation,2015-10,10.73,twh,ember,2015-10-31,,2026-09-26,ok,0
power_demand,se,nation,2015-11,11.35,twh,ember,2015-11-30,,2026-09-26,ok,0
power_demand,se,nation,2015-12,12.48,twh,ember,2015-12-31,,2026-09-26,ok,0
power_demand,se,nation,2016-01,14.85,twh,ember,2016-01-31,,2026-09-26,ok,0
power_demand,se,nation,2016-02,13.04,twh,ember,2016-02-29,,2026-09-26,ok,0
power_demand,se,nation,2016-03,12.73,twh,ember,2016-03-31,,2026-09-26,ok,0
power_demand,se,nation,2016-04,11.01,twh,ember,2016-04-30,,2026-09-26,ok,0
power_demand,se,nation,2016-05,9.7,twh,ember,2016-05-31,,2026-09-26,ok,0
power_demand,se,nation,2016-06,8.78,twh,ember,2016-06-30,,2026-09-26,ok,0
power_demand,se,nation,2016-07,8.25,twh,ember,2016-07-31,,2026-09-26,ok,0
power_demand,se,nation,2016-08,8.93,twh,ember,2016-08-31,,2026-09-26,ok,0
power_demand,se,nation,2016-09,9.15,twh,ember,2016-09-30,,2026-09-26,ok,0
power_demand,se,nation,2016-10,11.05,twh,ember,2016-10-31,,2026-09-26,ok,0
power_demand,se,nation,2016-11,12.66,twh,ember,2016-11-30,,2026-09-26,ok,0
power_demand,se,nation,2016-12,13.27,twh,ember,2016-12-31,,2026-09-26,ok,0
power_demand,se,nation,2017-01,14.57,twh,ember,2017-01-31,,2026-09-26,ok,0
power_demand,se,nation,2017-02,12.65,twh,ember,2017-02-28,,2026-09-26,ok,0
power_demand,se,nation,2017-03,12.79,twh,ember,2017-03-31,,2026-09-26,ok,0
power_demand,se,nation,2017-04,11.04,twh,ember,2017-04-30,,2026-09-26,ok,0
power_demand,se,nation,2017-05,10.03,twh,ember,2017-05-31,,2026-09-26,ok,0
power_demand,se,nation,2017-06,8.83,twh,ember,2017-06-30,,2026-09-26,ok,0
power_demand,se,nation,2017-07,8.46,twh,ember,2017-07-31,,2026-09-26,ok,0
power_demand,se,nation,2017-08,9.06,twh,ember,2017-08-31,,2026-09-26,ok,0
power_demand,se,nation,2017-09,9.65,twh,ember,2017-09-30,,2026-09-26,ok,0
power_demand,se,nation,2017-10,11.04,twh,ember,2017-10-31,,2026-09-26,ok,0
power_demand,se,nation,2017-11,12.54,twh,ember,2017-11-30,,2026-09-26,ok,0
power_demand,se,nation,2017-12,13.73,twh,ember,2017-12-31,,2026-09-26,ok,0
power_demand,se,nation,2018-01,14.43,twh,ember,2018-01-31,,2026-09-26,ok,0
power_demand,se,nation,2018-02,13.87,twh,ember,2018-02-28,,2026-09-26,ok,0
power_demand,se,nation,2018-03,14.48,twh,ember,2018-03-31,,2026-09-26,ok,0
power_demand,se,nation,2018-04,10.95,twh,ember,2018-04-30,,2026-09-26,ok,0
power_demand,se,nation,2018-05,9.55,twh,ember,2018-05-31,,2026-09-26,ok,0
power_demand,se,nation,2018-06,8.75,twh,ember,2018-06-30,,2026-09-26,ok,0
power_demand,se,nation,2018-07,8.39,twh,ember,2018-07-31,,2026-09-26,ok,0
power_demand,se,nation,2018-08,8.99,twh,ember,2018-08-31,,2026-09-26,ok,0
power_demand,se,nation,2018-09,9.36,twh,ember,2018-09-30,,2026-09-26,ok,0
power_demand,se,nation,2018-10,11.02,twh,ember,2018-10-31,,2026-09-26,ok,0
power_demand,se,nation,2018-11,12.22,twh,ember,2018-11-30,,2026-09-26,ok,0
power_demand,se,nation,2018-12,13.61,twh,ember,2018-12-31,,2026-09-26,ok,0
power_demand,se,nation,2019-01,14.64,twh,ember,2019-01-31,,2026-09-26,ok,0
power_demand,se,nation,2019-02,12.35,twh,ember,2019-02-28,,2026-09-26,ok,0
power_demand,se,nation,2019-03,12.66,twh,ember,2019-03-31,,2026-09-26,ok,0
power_demand,se,nation,2019-04,10.51,twh,ember,2019-04-30,,2026-09-26,ok,0
power_demand,se,nation,2019-05,9.98,twh,ember,2019-05-31,,2026-09-26,ok,0
power_demand,se,nation,2019-06,8.74,twh,ember,2019-06-30,,2026-09-26,ok,0
power_demand,se,nation,2019-07,8.53,twh,ember,2019-07-31,,2026-09-26,ok,0
power_demand,se,nation,2019-08,8.92,twh,ember,2019-08-31,,2026-09-26,ok,0
power_demand,se,nation,2019-09,9.46,twh,ember,2019-09-30,,2026-09-26,ok,0
power_demand,se,nation,2019-10,11.3,twh,ember,2019-10-31,,2026-09-26,ok,0
power_demand,se,nation,2019-11,12.36,twh,ember,2019-11-30,,2026-09-26,ok,0
power_demand,se,nation,2019-12,13.01,twh,ember,2019-12-31,,2026-09-26,ok,0
power_demand,se,nation,2020-01,13.06,twh,ember,2020-01-31,,2026-09-26,ok,0
power_demand,se,nation,2020-02,12.58,twh,ember,2020-02-29,,2026-09-26,ok,0
power_demand,se,nation,2020-03,12.97,twh,ember,2020-03-31,,2026-09-26,ok,0
power_demand,se,nation,2020-04,10.68,twh,ember,2020-04-30,,2026-09-26,ok,0
power_demand,se,nation,2020-05,9.86,twh,ember,2020-05-31,,2026-09-26,ok,0
power_demand,se,nation,2020-06,8.6,twh,ember,2020-06-30,,2026-09-26,ok,0
power_demand,se,nation,2020-07,8.15,twh,ember,2020-07-31,,2026-09-26,ok,0
power_demand,se,nation,2020-08,8.94,twh,ember,2020-08-31,,2026-09-26,ok,0
power_demand,se,nation,2020-09,9.32,twh,ember,2020-09-30,,2026-09-26,ok,0
power_demand,se,nation,2020-10,10.88,twh,ember,2020-10-31,,2026-09-26,ok,0
power_demand,se,nation,2020-11,11.66,twh,ember,2020-11-30,,2026-09-26,ok,0
power_demand,se,nation,2020-12,13.08,twh,ember,2020-12-31,,2026-09-26,ok,0
power_demand,se,nation,2021-01,14.88,twh,ember,2021-01-31,,2026-09-26,ok,0
power_demand,se,nation,2021-02,13.69,twh,ember,2021-02-28,,2026-09-26,ok,0
power_demand,se,nation,2021-03,12.91,twh,ember,2021-03-31,,2026-09-26,ok,0
power_demand,se,nation,2021-04,11.39,twh,ember,2021-04-30,,2026-09-26,ok,0
power_demand,se,nation,2021-05,10.49,twh,ember,2021-05-31,,2026-09-26,ok,0
power_demand,se,nation,2021-06,9,twh,ember,2021-06-30,,2026-09-26,ok,0
power_demand,se,nation,2021-07,8.69,twh,ember,2021-07-31,,2026-09-26,ok,0
power_demand,se,nation,2021-08,9.16,twh,ember,2021-08-31,,2026-09-26,ok,0
power_demand,se,nation,2021-09,9.6,twh,ember,2021-09-30,,2026-09-26,ok,0
power_demand,se,nation,2021-10,10.73,twh,ember,2021-10-31,,2026-09-26,ok,0
power_demand,se,nation,2021-11,12.21,twh,ember,2021-11-30,,2026-09-26,ok,0
power_demand,se,nation,2021-12,14.66,twh,ember,2021-12-31,,2026-09-26,ok,0
power_demand,se,nation,2022-01,13.88,twh,ember,2022-01-31,,2026-09-26,ok,0
power_demand,se,nation,2022-02,12.51,twh,ember,2022-02-28,,2026-09-26,ok,0
power_demand,se,nation,2022-03,12.7,twh,ember,2022-03-31,,2026-09-26,ok,0
power_demand,se,nation,2022-04,11.21,twh,ember,2022-04-30,,2026-09-26,ok,0
power_demand,se,nation,2022-05,9.83,twh,ember,2022-05-31,,2026-09-26,ok,0
power_demand,se,nation,2022-06,8.91,twh,ember,2022-06-30,,2026-09-26,ok,0
power_demand,se,nation,2022-07,8.6,twh,ember,2022-07-31,,2026-09-26,ok,0
power_demand,se,nation,2022-08,9.07,twh,ember,2022-08-31,,2026-09-26,ok,0
power_demand,se,nation,2022-09,9.19,twh,ember,2022-09-30,,2026-09-26,ok,0
power_demand,se,nation,2022-10,9.6,twh,ember,2022-10-31,,2026-09-26,ok,0
power_demand,se,nation,2022-11,11.15,twh,ember,2022-11-30,,2026-09-26,ok,0
power_demand,se,nation,2022-12,13.46,twh,ember,2022-12-31,,2026-09-26,ok,0
power_demand,se,nation,2023-01,12.8,twh,ember,2023-01-31,,2026-09-26,ok,0
power_demand,se,nation,2023-02,11.58,twh,ember,2023-02-28,,2026-09-26,ok,0
power_demand,se,nation,2023-03,12.58,twh,ember,2023-03-31,,2026-09-26,ok,0
power_demand,se,nation,2023-04,10.4,twh,ember,2023-04-30,,2026-09-26,ok,0
power_demand,se,nation,2023-05,9.37,twh,ember,2023-05-31,,2026-09-26,ok,0
power_demand,se,nation,2023-06,8.52,twh,ember,2023-06-30,,2026-09-26,ok,0
power_demand,se,nation,2023-07,8.07,twh,ember,2023-07-31,,2026-09-26,ok,0
power_demand,se,nation,2023-08,8.82,twh,ember,2023-08-31,,2026-09-26,ok,0
power_demand,se,nation,2023-09,8.81,twh,ember,2023-09-30,,2026-09-26,ok,0
power_demand,se,nation,2023-10,10.91,twh,ember,2023-10-31,,2026-09-26,ok,0
power_demand,se,nation,2023-11,12.64,twh,ember,2023-11-30,,2026-09-26,ok,0
power_demand,se,nation,2023-12,13.96,twh,ember,2023-12-31,,2026-09-26,ok,0
power_demand,se,nation,2024-01,14.85,twh,ember,2024-01-31,,2026-09-26,ok,0
power_demand,se,nation,2024-02,12.82,twh,ember,2024-02-29,,2026-09-26,ok,0
power_demand,se,nation,2024-03,12.25,twh,ember,2024-03-31,,2026-09-26,ok,0
power_demand,se,nation,2024-04,10.88,twh,ember,2024-04-30,,2026-09-26,ok,0
power_demand,se,nation,2024-05,9.45,twh,ember,2024-05-31,,2026-09-26,ok,0
power_demand,se,nation,2024-06,8.51,twh,ember,2024-06-30,,2026-09-26,ok,0
power_demand,se,nation,2024-07,8.27,twh,ember,2024-07-31,,2026-09-26,ok,0
power_demand,se,nation,2024-08,8.88,twh,ember,2024-08-31,,2026-09-26,ok,0
power_demand,se,nation,2024-09,9.17,twh,ember,2024-09-30,,2026-09-26,ok,0
power_demand,se,nation,2024-10,10.5,twh,ember,2024-10-31,,2026-09-26,ok,0
power_demand,se,nation,2024-11,11.89,twh,ember,2024-11-30,,2026-09-26,ok,0
power_demand,se,nation,2024-12,12.91,twh,ember,2024-12-31,,2026-09-26,ok,0
power_demand,se,nation,2025-01,13.78,twh,ember,2025-01-31,,2026-09-26,ok,0
power_demand,se,nation,2025-02,12.58,twh,ember,2025-02-28,,2026-09-26,ok,0
power_demand,se,nation,2025-03,12.19,twh,ember,2025-03-31,,2026-09-26,ok,0
power_demand,se,nation,2025-04,10.28,twh,ember,2025-04-30,,2026-09-26,ok,0
power_demand,se,nation,2025-05,9.63,twh,ember,2025-05-31,,2026-09-26,ok,0
power_demand,se,nation,2025-06,8.74,twh,ember,2025-06-30,,2026-09-26,ok,0
power_demand,se,nation,2025-07,8.42,twh,ember,2025-07-31,,2026-09-26,ok,0
power_demand,se,nation,2025-08,9.02,twh,ember,2025-08-31,,2026-09-26,ok,0
power_demand,se,nation,2025-09,9.08,twh,ember,2025-09-30,,2026-09-26,ok,0
power_demand,se,nation,2025-10,10.41,twh,ember,2025-10-31,,2026-09-26,ok,0
power_demand,se,nation,2025-11,11.74,twh,ember,2025-11-30,,2026-09-26,ok,0
power_demand,se,nation,2025-12,12.5,twh,ember,2025-12-31,,2026-09-26,ok,0
power_demand,se,nation,2026-01,14.7,twh,ember,2026-01-31,,2026-09-26,ok,0
power_demand,se,nation,2026-02,13.55,twh,ember,2026-02-28,,2026-09-26,ok,0
power_demand,se,nation,2026-03,11.9,twh,ember,2026-03-31,,2026-09-26,ok,0
power_demand,se,nation,2026-04,10.39,twh,ember,2026-04-30,,2026-09-26,ok,0
power_demand,se,nation,2026-05,9.45,twh,ember,2026-05-31,,2026-09-26,ok,0
power_demand,se,nation,2026-06,8.77,twh,ember,2026-06-30,,2026-09-26,ok,0
power_demand,sg,nation,2015-01,4.12,twh,ember,2015-01-31,,2026-09-26,ok,0
power_demand,sg,nation,2015-02,3.67,twh,ember,2015-02-28,,2026-09-26,ok,0
power_demand,sg,nation,2015-03,4.24,twh,ember,2015-03-31,,2026-09-26,ok,0
power_demand,sg,nation,2015-04,4.18,twh,ember,2015-04-30,,2026-09-26,ok,0
power_demand,sg,nation,2015-05,4.29,twh,ember,2015-05-31,,2026-09-26,ok,0
power_demand,sg,nation,2015-06,4.21,twh,ember,2015-06-30,,2026-09-26,ok,0
power_demand,sg,nation,2015-07,4.42,twh,ember,2015-07-31,,2026-09-26,ok,0
power_demand,sg,nation,2015-08,4.31,twh,ember,2015-08-31,,2026-09-26,ok,0
power_demand,sg,nation,2015-09,4.23,twh,ember,2015-09-30,,2026-09-26,ok,0
power_demand,sg,nation,2015-10,4.39,twh,ember,2015-10-31,,2026-09-26,ok,0
power_demand,sg,nation,2015-11,4.08,twh,ember,2015-11-30,,2026-09-26,ok,0
power_demand,sg,nation,2015-12,4.14,twh,ember,2015-12-31,,2026-09-26,ok,0
power_demand,sg,nation,2016-01,4.2,twh,ember,2016-01-31,,2026-09-26,ok,0
power_demand,sg,nation,2016-02,3.86,twh,ember,2016-02-29,,2026-09-26,ok,0
power_demand,sg,nation,2016-03,4.31,twh,ember,2016-03-31,,2026-09-26,ok,0
power_demand,sg,nation,2016-04,4.31,twh,ember,2016-04-30,,2026-09-26,ok,0
power_demand,sg,nation,2016-05,4.43,twh,ember,2016-05-31,,2026-09-26,ok,0
power_demand,sg,nation,2016-06,4.26,twh,ember,2016-06-30,,2026-09-26,ok,0
power_demand,sg,nation,2016-07,4.37,twh,ember,2016-07-31,,2026-09-26,ok,0
power_demand,sg,nation,2016-08,4.47,twh,ember,2016-08-31,,2026-09-26,ok,0
power_demand,sg,nation,2016-09,4.35,twh,ember,2016-09-30,,2026-09-26,ok,0
power_demand,sg,nation,2016-10,4.44,twh,ember,2016-10-31,,2026-09-26,ok,0
power_demand,sg,nation,2016-11,4.25,twh,ember,2016-11-30,,2026-09-26,ok,0
power_demand,sg,nation,2016-12,4.36,twh,ember,2016-12-31,,2026-09-26,ok,0
power_demand,sg,nation,2017-01,4.3,twh,ember,2017-01-31,,2026-09-26,ok,0
power_demand,sg,nation,2017-02,3.89,twh,ember,2017-02-28,,2026-09-26,ok,0
power_demand,sg,nation,2017-03,4.35,twh,ember,2017-03-31,,2026-09-26,ok,0
power_demand,sg,nation,2017-04,4.19,twh,ember,2017-04-30,,2026-09-26,ok,0
power_demand,sg,nation,2017-05,4.51,twh,ember,2017-05-31,,2026-09-26,ok,0
power_demand,sg,nation,2017-06,4.38,twh,ember,2017-06-30,,2026-09-26,ok,0
power_demand,sg,nation,2017-07,4.52,twh,ember,2017-07-31,,2026-09-26,ok,0
power_demand,sg,nation,2017-08,4.55,twh,ember,2017-08-31,,2026-09-26,ok,0
power_demand,sg,nation,2017-09,4.36,twh,ember,2017-09-30,,2026-09-26,ok,0
power_demand,sg,nation,2017-10,4.5,twh,ember,2017-10-31,,2026-09-26,ok,0
power_demand,sg,nation,2017-11,4.28,twh,ember,2017-11-30,,2026-09-26,ok,0
power_demand,sg,nation,2017-12,4.38,twh,ember,2017-12-31,,2026-09-26,ok,0
power_demand,sg,nation,2018-01,4.3,twh,ember,2018-01-31,,2026-09-26,ok,0
power_demand,sg,nation,2018-02,3.92,twh,ember,2018-02-28,,2026-09-26,ok,0
power_demand,sg,nation,2018-03,4.48,twh,ember,2018-03-31,,2026-09-26,ok,0
power_demand,sg,nation,2018-04,4.38,twh,ember,2018-04-30,,2026-09-26,ok,0
power_demand,sg,nation,2018-05,4.62,twh,ember,2018-05-31,,2026-09-26,ok,0
power_demand,sg,nation,2018-06,4.44,twh,ember,2018-06-30,,2026-09-26,ok,0
power_demand,sg,nation,2018-07,4.57,twh,ember,2018-07-31,,2026-09-26,ok,0
power_demand,sg,nation,2018-08,4.58,twh,ember,2018-08-31,,2026-09-26,ok,0
power_demand,sg,nation,2018-09,4.32,twh,ember,2018-09-30,,2026-09-26,ok,0
power_demand,sg,nation,2018-10,4.54,twh,ember,2018-10-31,,2026-09-26,ok,0
power_demand,sg,nation,2018-11,4.3,twh,ember,2018-11-30,,2026-09-26,ok,0
power_demand,sg,nation,2018-12,4.42,twh,ember,2018-12-31,,2026-09-26,ok,0
power_demand,sg,nation,2019-01,4.55,twh,ember,2019-01-31,,2026-09-26,ok,0
power_demand,sg,nation,2019-02,4.03,twh,ember,2019-02-28,,2026-09-26,ok,0
power_demand,sg,nation,2019-03,4.55,twh,ember,2019-03-31,,2026-09-26,ok,0
power_demand,sg,nation,2019-04,4.49,twh,ember,2019-04-30,,2026-09-26,ok,0
power_demand,sg,nation,2019-05,4.71,twh,ember,2019-05-31,,2026-09-26,ok,0
power_demand,sg,nation,2019-06,4.44,twh,ember,2019-06-30,,2026-09-26,ok,0
power_demand,sg,nation,2019-07,4.66,twh,ember,2019-07-31,,2026-09-26,ok,0
power_demand,sg,nation,2019-08,4.7,twh,ember,2019-08-31,,2026-09-26,ok,0
power_demand,sg,nation,2019-09,4.58,twh,ember,2019-09-30,,2026-09-26,ok,0
power_demand,sg,nation,2019-10,4.57,twh,ember,2019-10-31,,2026-09-26,ok,0
power_demand,sg,nation,2019-11,4.43,twh,ember,2019-11-30,,2026-09-26,ok,0
power_demand,sg,nation,2019-12,4.43,twh,ember,2019-12-31,,2026-09-26,ok,0
power_demand,sg,nation,2020-01,4.55,twh,ember,2020-01-31,,2026-09-26,ok,0
power_demand,sg,nation,2020-02,4.33,twh,ember,2020-02-29,,2026-09-26,ok,0
power_demand,sg,nation,2020-03,4.66,twh,ember,2020-03-31,,2026-09-26,ok,0
power_demand,sg,nation,2020-04,4.24,twh,ember,2020-04-30,,2026-09-26,ok,0
power_demand,sg,nation,2020-05,4.33,twh,ember,2020-05-31,,2026-09-26,ok,0
power_demand,sg,nation,2020-06,4.29,twh,ember,2020-06-30,,2026-09-26,ok,0
power_demand,sg,nation,2020-07,4.42,twh,ember,2020-07-31,,2026-09-26,ok,0
power_demand,sg,nation,2020-08,4.48,twh,ember,2020-08-31,,2026-09-26,ok,0
power_demand,sg,nation,2020-09,4.32,twh,ember,2020-09-30,,2026-09-26,ok,0
power_demand,sg,nation,2020-10,4.54,twh,ember,2020-10-31,,2026-09-26,ok,0
power_demand,sg,nation,2020-11,4.37,twh,ember,2020-11-30,,2026-09-26,ok,0
power_demand,sg,nation,2020-12,4.55,twh,ember,2020-12-31,,2026-09-26,ok,0
power_demand,sg,nation,2021-01,4.41,twh,ember,2021-01-31,,2026-09-26,ok,0
power_demand,sg,nation,2021-02,4.11,twh,ember,2021-02-28,,2026-09-26,ok,0
power_demand,sg,nation,2021-03,4.73,twh,ember,2021-03-31,,2026-09-26,ok,0
power_demand,sg,nation,2021-04,4.64,twh,ember,2021-04-30,,2026-09-26,ok,0
power_demand,sg,nation,2021-05,4.8,twh,ember,2021-05-31,,2026-09-26,ok,0
power_demand,sg,nation,2021-06,4.72,twh,ember,2021-06-30,,2026-09-26,ok,0
power_demand,sg,nation,2021-07,4.8,twh,ember,2021-07-31,,2026-09-26,ok,0
power_demand,sg,nation,2021-08,4.72,twh,ember,2021-08-31,,2026-09-26,ok,0
power_demand,sg,nation,2021-09,4.64,twh,ember,2021-09-30,,2026-09-26,ok,0
power_demand,sg,nation,2021-10,4.83,twh,ember,2021-10-31,,2026-09-26,ok,0
power_demand,sg,nation,2021-11,4.61,twh,ember,2021-11-30,,2026-09-26,ok,0
power_demand,sg,nation,2021-12,4.78,twh,ember,2021-12-31,,2026-09-26,ok,0
power_demand,sg,nation,2022-01,4.78,twh,ember,2022-01-31,,2026-09-26,ok,0
power_demand,sg,nation,2022-02,4.28,twh,ember,2022-02-28,,2026-09-26,ok,0
power_demand,sg,nation,2022-03,4.89,twh,ember,2022-03-31,,2026-09-26,ok,0
power_demand,sg,nation,2022-04,4.72,twh,ember,2022-04-30,,2026-09-26,ok,0
power_demand,sg,nation,2022-05,4.96,twh,ember,2022-05-31,,2026-09-26,ok,0
power_demand,sg,nation,2022-06,4.74,twh,ember,2022-06-30,,2026-09-26,ok,0
power_demand,sg,nation,2022-07,4.95,twh,ember,2022-07-31,,2026-09-26,ok,0
power_demand,sg,nation,2022-08,4.92,twh,ember,2022-08-31,,2026-09-26,ok,0
power_demand,sg,nation,2022-09,4.72,twh,ember,2022-09-30,,2026-09-26,ok,0
power_demand,sg,nation,2022-10,4.78,twh,ember,2022-10-31,,2026-09-26,ok,0
power_demand,sg,nation,2022-11,4.69,twh,ember,2022-11-30,,2026-09-26,ok,0
power_demand,sg,nation,2022-12,4.66,twh,ember,2022-12-31,,2026-09-26,ok,0
power_demand,sg,nation,2023-01,4.66,twh,ember,2023-01-31,,2026-09-26,ok,0
power_demand,sg,nation,2023-02,4.25,twh,ember,2023-02-28,,2026-09-26,ok,0
power_demand,sg,nation,2023-03,4.73,twh,ember,2023-03-31,,2026-09-26,ok,0
power_demand,sg,nation,2023-04,4.76,twh,ember,2023-04-30,,2026-09-26,ok,0
power_demand,sg,nation,2023-05,5.03,twh,ember,2023-05-31,,2026-09-26,ok,0
power_demand,sg,nation,2023-06,4.8,twh,ember,2023-06-30,,2026-09-26,ok,0
power_demand,sg,nation,2023-07,4.94,twh,ember,2023-07-31,,2026-09-26,ok,0
power_demand,sg,nation,2023-08,4.95,twh,ember,2023-08-31,,2026-09-26,ok,0
power_demand,sg,nation,2023-09,4.78,twh,ember,2023-09-30,,2026-09-26,ok,0
power_demand,sg,nation,2023-10,5.01,twh,ember,2023-10-31,,2026-09-26,ok,0
power_demand,sg,nation,2023-11,4.74,twh,ember,2023-11-30,,2026-09-26,ok,0
power_demand,sg,nation,2023-12,4.74,twh,ember,2023-12-31,,2026-09-26,ok,0
power_demand,sg,nation,2024-01,4.81,twh,ember,2024-01-31,,2026-09-26,ok,0
power_demand,sg,nation,2024-02,4.57,twh,ember,2024-02-29,,2026-09-26,ok,0
power_demand,sg,nation,2024-03,4.97,twh,ember,2024-03-31,,2026-09-26,ok,0
power_demand,sg,nation,2024-04,5.01,twh,ember,2024-04-30,,2026-09-26,ok,0
power_demand,sg,nation,2024-05,5.17,twh,ember,2024-05-31,,2026-09-26,ok,0
power_demand,sg,nation,2024-06,4.91,twh,ember,2024-06-30,,2026-09-26,ok,0
power_demand,sg,nation,2024-07,5.19,twh,ember,2024-07-31,,2026-09-26,ok,0
power_demand,sg,nation,2024-08,5.13,twh,ember,2024-08-31,,2026-09-26,ok,0
power_demand,sg,nation,2024-09,4.95,twh,ember,2024-09-30,,2026-09-26,ok,0
power_demand,sg,nation,2024-10,5.1,twh,ember,2024-10-31,,2026-09-26,ok,0
power_demand,sg,nation,2024-11,4.86,twh,ember,2024-11-30,,2026-09-26,ok,0
power_demand,sg,nation,2024-12,4.95,twh,ember,2024-12-31,,2026-09-26,ok,0
power_demand,sg,nation,2025-01,4.83,twh,ember,2025-01-31,,2026-09-26,ok,0
power_demand,sg,nation,2025-02,4.46,twh,ember,2025-02-28,,2026-09-26,ok,0
power_demand,sg,nation,2025-03,4.99,twh,ember,2025-03-31,,2026-09-26,ok,0
power_demand,sg,nation,2025-04,4.92,twh,ember,2025-04-30,,2026-09-26,ok,0
power_demand,sg,nation,2025-05,5.26,twh,ember,2025-05-31,,2026-09-26,ok,0
power_demand,sg,nation,2025-06,5.15,twh,ember,2025-06-30,,2026-09-26,ok,0
power_demand,sg,nation,2025-07,5.35,twh,ember,2025-07-31,,2026-09-26,ok,0
power_demand,sg,nation,2025-08,5.18,twh,ember,2025-08-31,,2026-09-26,ok,0
power_demand,sg,nation,2025-09,4.94,twh,ember,2025-09-30,,2026-09-26,ok,0
power_demand,sg,nation,2025-10,5.2,twh,ember,2025-10-31,,2026-09-26,ok,0
power_demand,sg,nation,2025-11,5.09,twh,ember,2025-11-30,,2026-09-26,ok,0
power_demand,sg,nation,2025-12,5.04,twh,ember,2025-12-31,,2026-09-26,ok,0
power_demand,sg,nation,2026-01,5.03,twh,ember,2026-01-31,,2026-09-26,ok,0
power_demand,sg,nation,2026-02,4.62,twh,ember,2026-02-28,,2026-09-26,ok,0
power_demand,tr,nation,2018-01,26.13,twh,ember,2018-01-31,,2026-09-26,ok,0
power_demand,tr,nation,2018-02,23.17,twh,ember,2018-02-28,,2026-09-26,ok,0
power_demand,tr,nation,2018-03,24.72,twh,ember,2018-03-31,,2026-09-26,ok,0
power_demand,tr,nation,2018-04,23.53,twh,ember,2018-04-30,,2026-09-26,ok,0
power_demand,tr,nation,2018-05,23.76,twh,ember,2018-05-31,,2026-09-26,ok,0
power_demand,tr,nation,2018-06,23.66,twh,ember,2018-06-30,,2026-09-26,ok,0
power_demand,tr,nation,2018-07,29.15,twh,ember,2018-07-31,,2026-09-26,ok,0
power_demand,tr,nation,2018-08,27.59,twh,ember,2018-08-31,,2026-09-26,ok,0
power_demand,tr,nation,2018-09,25.01,twh,ember,2018-09-30,,2026-09-26,ok,0
power_demand,tr,nation,2018-10,23.34,twh,ember,2018-10-31,,2026-09-26,ok,0
power_demand,tr,nation,2018-11,23.79,twh,ember,2018-11-30,,2026-09-26,ok,0
power_demand,tr,nation,2018-12,25.43,twh,ember,2018-12-31,,2026-09-26,ok,0
power_demand,tr,nation,2019-01,25.68,twh,ember,2019-01-31,,2026-09-26,ok,0
power_demand,tr,nation,2019-02,23.15,twh,ember,2019-02-28,,2026-09-26,ok,0
power_demand,tr,nation,2019-03,24.59,twh,ember,2019-03-31,,2026-09-26,ok,0
power_demand,tr,nation,2019-04,23.38,twh,ember,2019-04-30,,2026-09-26,ok,0
power_demand,tr,nation,2019-05,24.56,twh,ember,2019-05-31,,2026-09-26,ok,0
power_demand,tr,nation,2019-06,23.99,twh,ember,2019-06-30,,2026-09-26,ok,0
power_demand,tr,nation,2019-07,28.5,twh,ember,2019-07-31,,2026-09-26,ok,0
power_demand,tr,nation,2019-08,27.47,twh,ember,2019-08-31,,2026-09-26,ok,0
power_demand,tr,nation,2019-09,25.07,twh,ember,2019-09-30,,2026-09-26,ok,0
power_demand,tr,nation,2019-10,23.67,twh,ember,2019-10-31,,2026-09-26,ok,0
power_demand,tr,nation,2019-11,23.66,twh,ember,2019-11-30,,2026-09-26,ok,0
power_demand,tr,nation,2019-12,25.88,twh,ember,2019-12-31,,2026-09-26,ok,0
power_demand,tr,nation,2020-01,26.67,twh,ember,2020-01-31,,2026-09-26,ok,0
power_demand,tr,nation,2020-02,24.75,twh,ember,2020-02-29,,2026-09-26,ok,0
power_demand,tr,nation,2020-03,24.55,twh,ember,2020-03-31,,2026-09-26,ok,0
power_demand,tr,nation,2020-04,20.09,twh,ember,2020-04-30,,2026-09-26,ok,0
power_demand,tr,nation,2020-05,20.74,twh,ember,2020-05-31,,2026-09-26,ok,0
power_demand,tr,nation,2020-06,23.64,twh,ember,2020-06-30,,2026-09-26,ok,0
power_demand,tr,nation,2020-07,28.48,twh,ember,2020-07-31,,2026-09-26,ok,0
power_demand,tr,nation,2020-08,28.57,twh,ember,2020-08-31,,2026-09-26,ok,0
power_demand,tr,nation,2020-09,27.18,twh,ember,2020-09-30,,2026-09-26,ok,0
power_demand,tr,nation,2020-10,24.92,twh,ember,2020-10-31,,2026-09-26,ok,0
power_demand,tr,nation,2020-11,25.11,twh,ember,2020-11-30,,2026-09-26,ok,0
power_demand,tr,nation,2020-12,26.8,twh,ember,2020-12-31,,2026-09-26,ok,0
power_demand,tr,nation,2021-01,26.65,twh,ember,2021-01-31,,2026-09-26,ok,0
power_demand,tr,nation,2021-02,24.05,twh,ember,2021-02-28,,2026-09-26,ok,0
power_demand,tr,nation,2021-03,27.42,twh,ember,2021-03-31,,2026-09-26,ok,0
power_demand,tr,nation,2021-04,25.56,twh,ember,2021-04-30,,2026-09-26,ok,0
power_demand,tr,nation,2021-05,24.88,twh,ember,2021-05-31,,2026-09-26,ok,0
power_demand,tr,nation,2021-06,26.51,twh,ember,2021-06-30,,2026-09-26,ok,0
power_demand,tr,nation,2021-07,30.37,twh,ember,2021-07-31,,2026-09-26,ok,0
power_demand,tr,nation,2021-08,32.2,twh,ember,2021-08-31,,2026-09-26,ok,0
power_demand,tr,nation,2021-09,27.34,twh,ember,2021-09-30,,2026-09-26,ok,0
power_demand,tr,nation,2021-10,25.99,twh,ember,2021-10-31,,2026-09-26,ok,0
power_demand,tr,nation,2021-11,26.38,twh,ember,2021-11-30,,2026-09-26,ok,0
power_demand,tr,nation,2021-12,28.73,twh,ember,2021-12-31,,2026-09-26,ok,0
power_demand,tr,nation,2022-01,28.24,twh,ember,2022-01-31,,2026-09-26,ok,0
power_demand,tr,nation,2022-02,25.38,twh,ember,2022-02-28,,2026-09-26,ok,0
power_demand,tr,nation,2022-03,28.2,twh,ember,2022-03-31,,2026-09-26,ok,0
power_demand,tr,nation,2022-04,25.69,twh,ember,2022-04-30,,2026-09-26,ok,0
power_demand,tr,nation,2022-05,25.1,twh,ember,2022-05-31,,2026-09-26,ok,0
power_demand,tr,nation,2022-06,26.99,twh,ember,2022-06-30,,2026-09-26,ok,0
power_demand,tr,nation,2022-07,28.72,twh,ember,2022-07-31,,2026-09-26,ok,0
power_demand,tr,nation,2022-08,31.46,twh,ember,2022-08-31,,2026-09-26,ok,0
power_demand,tr,nation,2022-09,27.12,twh,ember,2022-09-30,,2026-09-26,ok,0
power_demand,tr,nation,2022-10,25.05,twh,ember,2022-10-31,,2026-09-26,ok,0
power_demand,tr,nation,2022-11,24.68,twh,ember,2022-11-30,,2026-09-26,ok,0
power_demand,tr,nation,2022-12,26.58,twh,ember,2022-12-31,,2026-09-26,ok,0
power_demand,tr,nation,2023-01,27.27,twh,ember,2023-01-31,,2026-09-26,ok,0
power_demand,tr,nation,2023-02,24.14,twh,ember,2023-02-28,,2026-09-26,ok,0
power_demand,tr,nation,2023-03,26.2,twh,ember,2023-03-31,,2026-09-26,ok,0
power_demand,tr,nation,2023-04,23.75,twh,ember,2023-04-30,,2026-09-26,ok,0
power_demand,tr,nation,2023-05,25.99,twh,ember,2023-05-31,,2026-09-26,ok,0
power_demand,tr,nation,2023-06,24.83,twh,ember,2023-06-30,,2026-09-26,ok,0
power_demand,tr,nation,2023-07,31.36,twh,ember,2023-07-31,,2026-09-26,ok,0
power_demand,tr,nation,2023-08,33.04,twh,ember,2023-08-31,,2026-09-26,ok,0
power_demand,tr,nation,2023-09,28.2,twh,ember,2023-09-30,,2026-09-26,ok,0
power_demand,tr,nation,2023-10,25.67,twh,ember,2023-10-31,,2026-09-26,ok,0
power_demand,tr,nation,2023-11,25.9,twh,ember,2023-11-30,,2026-09-26,ok,0
power_demand,tr,nation,2023-12,27.46,twh,ember,2023-12-31,,2026-09-26,ok,0
power_demand,tr,nation,2024-01,27.7,twh,ember,2024-01-31,,2026-09-26,ok,0
power_demand,tr,nation,2024-02,26.44,twh,ember,2024-02-29,,2026-09-26,ok,0
power_demand,tr,nation,2024-03,27.49,twh,ember,2024-03-31,,2026-09-26,ok,0
power_demand,tr,nation,2024-04,24,twh,ember,2024-04-30,,2026-09-26,ok,0
power_demand,tr,nation,2024-05,26.89,twh,ember,2024-05-31,,2026-09-26,ok,0
power_demand,tr,nation,2024-06,28.45,twh,ember,2024-06-30,,2026-09-26,ok,0
power_demand,tr,nation,2024-07,34.05,twh,ember,2024-07-31,,2026-09-26,ok,0
power_demand,tr,nation,2024-08,33.3,twh,ember,2024-08-31,,2026-09-26,ok,0
power_demand,tr,nation,2024-09,28.03,twh,ember,2024-09-30,,2026-09-26,ok,0
power_demand,tr,nation,2024-10,26.74,twh,ember,2024-10-31,,2026-09-26,ok,0
power_demand,tr,nation,2024-11,27.45,twh,ember,2024-11-30,,2026-09-26,ok,0
power_demand,tr,nation,2024-12,29.72,twh,ember,2024-12-31,,2026-09-26,ok,0
power_demand,tr,nation,2025-01,29.79,twh,ember,2025-01-31,,2026-09-26,ok,0
power_demand,tr,nation,2025-02,27.82,twh,ember,2025-02-28,,2026-09-26,ok,0
power_demand,tr,nation,2025-03,27.7,twh,ember,2025-03-31,,2026-09-26,ok,0
power_demand,tr,nation,2025-04,26.66,twh,ember,2025-04-30,,2026-09-26,ok,0
power_demand,tr,nation,2025-05,27.88,twh,ember,2025-05-31,,2026-09-26,ok,0
power_demand,tr,nation,2025-06,27.82,twh,ember,2025-06-30,,2026-09-26,ok,0
power_demand,tr,nation,2025-07,34.95,twh,ember,2025-07-31,,2026-09-26,ok,0
power_demand,tr,nation,2025-08,34.62,twh,ember,2025-08-31,,2026-09-26,ok,0
power_demand,tr,nation,2025-09,29.58,twh,ember,2025-09-30,,2026-09-26,ok,0
power_demand,tr,nation,2025-10,27.3,twh,ember,2025-10-31,,2026-09-26,ok,0
power_demand,tr,nation,2025-11,27.12,twh,ember,2025-11-30,,2026-09-26,ok,0
power_demand,tr,nation,2025-12,30.59,twh,ember,2025-12-31,,2026-09-26,ok,0
power_demand,tr,nation,2026-01,31.43,twh,ember,2026-01-31,,2026-09-26,ok,0
power_demand,tr,nation,2026-02,27.35,twh,ember,2026-02-28,,2026-09-26,ok,0
power_demand,tr,nation,2026-03,28.95,twh,ember,2026-03-31,,2026-09-26,ok,0
power_demand,tr,nation,2026-04,27.26,twh,ember,2026-04-30,,2026-09-26,ok,0
power_demand,tr,nation,2026-05,26.24,twh,ember,2026-05-31,,2026-09-26,ok,0
power_demand,us,nation,2015-01,365.63,twh,ember,2015-01-31,,2026-09-26,ok,0
power_demand,us,nation,2015-02,338.65,twh,ember,2015-02-28,,2026-09-26,ok,0
power_demand,us,nation,2015-03,330.56,twh,ember,2015-03-31,,2026-09-26,ok,0
power_demand,us,nation,2015-04,300.78,twh,ember,2015-04-30,,2026-09-26,ok,0
power_demand,us,nation,2015-05,328.81,twh,ember,2015-05-31,,2026-09-26,ok,0
power_demand,us,nation,2015-06,369.33,twh,ember,2015-06-30,,2026-09-26,ok,0
power_demand,us,nation,2015-07,407.34,twh,ember,2015-07-31,,2026-09-26,ok,0
power_demand,us,nation,2015-08,399.34,twh,ember,2015-08-31,,2026-09-26,ok,0
power_demand,us,nation,2015-09,356.6,twh,ember,2015-09-30,,2026-09-26,ok,0
power_demand,us,nation,2015-10,317.33,twh,ember,2015-10-31,,2026-09-26,ok,0
power_demand,us,nation,2015-11,306.39,twh,ember,2015-11-30,,2026-09-26,ok,0
power_demand,us,nation,2015-12,329.99,twh,ember,2015-12-31,,2026-09-26,ok,0
power_demand,us,nation,2016-01,359.13,twh,ember,2016-01-31,,2026-09-26,ok,0
power_demand,us,nation,2016-02,319.08,twh,ember,2016-02-29,,2026-09-26,ok,0
power_demand,us,nation,2016-03,310.41,twh,ember,2016-03-31,,2026-09-26,ok,0
power_demand,us,nation,2016-04,298.13,twh,ember,2016-04-30,,2026-09-26,ok,0
power_demand,us,nation,2016-05,323.16,twh,ember,2016-05-31,,2026-09-26,ok,0
power_demand,us,nation,2016-06,375.09,twh,ember,2016-06-30,,2026-09-26,ok,0
power_demand,us,nation,2016-07,420.2,twh,ember,2016-07-31,,2026-09-26,ok,0
power_demand,us,nation,2016-08,417.6,twh,ember,2016-08-31,,2026-09-26,ok,0
power_demand,us,nation,2016-09,357.21,twh,ember,2016-09-30,,2026-09-26,ok,0
power_demand,us,nation,2016-10,319.44,twh,ember,2016-10-31,,2026-09-26,ok,0
power_demand,us,nation,2016-11,303.81,twh,ember,2016-11-30,,2026-09-26,ok,0
power_demand,us,nation,2016-12,350.8,twh,ember,2016-12-31,,2026-09-26,ok,0
power_demand,us,nation,2017-01,351.43,twh,ember,2017-01-31,,2026-09-26,ok,0
power_demand,us,nation,2017-02,296.94,twh,ember,2017-02-28,,2026-09-26,ok,0
power_demand,us,nation,2017-03,325.91,twh,ember,2017-03-31,,2026-09-26,ok,0
power_demand,us,nation,2017-04,301.84,twh,ember,2017-04-30,,2026-09-26,ok,0
power_demand,us,nation,2017-05,329.54,twh,ember,2017-05-31,,2026-09-26,ok,0
power_demand,us,nation,2017-06,365.54,twh,ember,2017-06-30,,2026-09-26,ok,0
power_demand,us,nation,2017-07,411.55,twh,ember,2017-07-31,,2026-09-26,ok,0
power_demand,us,nation,2017-08,392.44,twh,ember,2017-08-31,,2026-09-26,ok,0
power_demand,us,nation,2017-09,342.19,twh,ember,2017-09-30,,2026-09-26,ok,0
power_demand,us,nation,2017-10,323.56,twh,ember,2017-10-31,,2026-09-26,ok,0
power_demand,us,nation,2017-11,312.24,twh,ember,2017-11-30,,2026-09-26,ok,0
power_demand,us,nation,2017-12,355.47,twh,ember,2017-12-31,,2026-09-26,ok,0
power_demand,us,nation,2018-01,378.24,twh,ember,2018-01-31,,2026-09-26,ok,0
power_demand,us,nation,2018-02,311.68,twh,ember,2018-02-28,,2026-09-26,ok,0
power_demand,us,nation,2018-03,327.99,twh,ember,2018-03-31,,2026-09-26,ok,0
power_demand,us,nation,2018-04,305.99,twh,ember,2018-04-30,,2026-09-26,ok,0
power_demand,us,nation,2018-05,345.76,twh,ember,2018-05-31,,2026-09-26,ok,0
power_demand,us,nation,2018-06,378.58,twh,ember,2018-06-30,,2026-09-26,ok,0
power_demand,us,nation,2018-07,418.17,twh,ember,2018-07-31,,2026-09-26,ok,0
power_demand,us,nation,2018-08,415.37,twh,ember,2018-08-31,,2026-09-26,ok,0
power_demand,us,nation,2018-09,361.51,twh,ember,2018-09-30,,2026-09-26,ok,0
power_demand,us,nation,2018-10,329.83,twh,ember,2018-10-31,,2026-09-26,ok,0
power_demand,us,nation,2018-11,326.38,twh,ember,2018-11-30,,2026-09-26,ok,0
power_demand,us,nation,2018-12,346.53,twh,ember,2018-12-31,,2026-09-26,ok,0
power_demand,us,nation,2019-01,364.15,twh,ember,2019-01-31,,2026-09-26,ok,0
power_demand,us,nation,2019-02,319.7,twh,ember,2019-02-28,,2026-09-26,ok,0
power_demand,us,nation,2019-03,331.61,twh,ember,2019-03-31,,2026-09-26,ok,0
power_demand,us,nation,2019-04,302.11,twh,ember,2019-04-30,,2026-09-26,ok,0
power_demand,us,nation,2019-05,336.44,twh,ember,2019-05-31,,2026-09-26,ok,0
power_demand,us,nation,2019-06,359.86,twh,ember,2019-06-30,,2026-09-26,ok,0
power_demand,us,nation,2019-07,416.89,twh,ember,2019-07-31,,2026-09-26,ok,0
power_demand,us,nation,2019-08,408.65,twh,ember,2019-08-31,,2026-09-26,ok,0
power_demand,us,nation,2019-09,366.84,twh,ember,2019-09-30,,2026-09-26,ok,0
power_demand,us,nation,2019-10,325.4,twh,ember,2019-10-31,,2026-09-26,ok,0
power_demand,us,nation,2019-11,321.54,twh,ember,2019-11-30,,2026-09-26,ok,0
power_demand,us,nation,2019-12,344.24,twh,ember,2019-12-31,,2026-09-26,ok,0
power_demand,us,nation,2020-01,346.92,twh,ember,2020-01-31,,2026-09-26,ok,0
power_demand,us,nation,2020-02,324.64,twh,ember,2020-02-29,,2026-09-26,ok,0
power_demand,us,nation,2020-03,316.29,twh,ember,2020-03-31,,2026-09-26,ok,0
power_demand,us,nation,2020-04,286.21,twh,ember,2020-04-30,,2026-09-26,ok,0
power_demand,us,nation,2020-05,312.15,twh,ember,2020-05-31,,2026-09-26,ok,0
power_demand,us,nation,2020-06,359.28,twh,ember,2020-06-30,,2026-09-26,ok,0
power_demand,us,nation,2020-07,418.74,twh,ember,2020-07-31,,2026-09-26,ok,0
power_demand,us,nation,2020-08,407.74,twh,ember,2020-08-31,,2026-09-26,ok,0
power_demand,us,nation,2020-09,340.45,twh,ember,2020-09-30,,2026-09-26,ok,0
power_demand,us,nation,2020-10,320.55,twh,ember,2020-10-31,,2026-09-26,ok,0
power_demand,us,nation,2020-11,306.9,twh,ember,2020-11-30,,2026-09-26,ok,0
power_demand,us,nation,2020-12,350.58,twh,ember,2020-12-31,,2026-09-26,ok,0
power_demand,us,nation,2021-01,355.6,twh,ember,2021-01-31,,2026-09-26,ok,0
power_demand,us,nation,2021-02,329.29,twh,ember,2021-02-28,,2026-09-26,ok,0
power_demand,us,nation,2021-03,318.94,twh,ember,2021-03-31,,2026-09-26,ok,0
power_demand,us,nation,2021-04,301,twh,ember,2021-04-30,,2026-09-26,ok,0
power_demand,us,nation,2021-05,328.59,twh,ember,2021-05-31,,2026-09-26,ok,0
power_demand,us,nation,2021-06,383.13,twh,ember,2021-06-30,,2026-09-26,ok,0
power_demand,us,nation,2021-07,414.73,twh,ember,2021-07-31,,2026-09-26,ok,0
power_demand,us,nation,2021-08,420.6,twh,ember,2021-08-31,,2026-09-26,ok,0
power_demand,us,nation,2021-09,354.4,twh,ember,2021-09-30,,2026-09-26,ok,0
power_demand,us,nation,2021-10,326.42,twh,ember,2021-10-31,,2026-09-26,ok,0
power_demand,us,nation,2021-11,318.14,twh,ember,2021-11-30,,2026-09-26,ok,0
power_demand,us,nation,2021-12,342.1,twh,ember,2021-12-31,,2026-09-26,ok,0
power_demand,us,nation,2022-01,379.78,twh,ember,2022-01-31,,2026-09-26,ok,0
power_demand,us,nation,2022-02,329.39,twh,ember,2022-02-28,,2026-09-26,ok,0
power_demand,us,nation,2022-03,331.34,twh,ember,2022-03-31,,2026-09-26,ok,0
power_demand,us,nation,2022-04,311.8,twh,ember,2022-04-30,,2026-09-26,ok,0
power_demand,us,nation,2022-05,350.74,twh,ember,2022-05-31,,2026-09-26,ok,0
power_demand,us,nation,2022-06,389.24,twh,ember,2022-06-30,,2026-09-26,ok,0
power_demand,us,nation,2022-07,434.56,twh,ember,2022-07-31,,2026-09-26,ok,0
power_demand,us,nation,2022-08,423.84,twh,ember,2022-08-31,,2026-09-26,ok,0
power_demand,us,nation,2022-09,360.55,twh,ember,2022-09-30,,2026-09-26,ok,0
power_demand,us,nation,2022-10,321.42,twh,ember,2022-10-31,,2026-09-26,ok,0
power_demand,us,nation,2022-11,328.04,twh,ember,2022-11-30,,2026-09-26,ok,0
power_demand,us,nation,2022-12,367.41,twh,ember,2022-12-31,,2026-09-26,ok,0
power_demand,us,nation,2023-01,354.98,twh,ember,2023-01-31,,2026-09-26,ok,0
power_demand,us,nation,2023-02,317.05,twh,ember,2023-02-28,,2026-09-26,ok,0
power_demand,us,nation,2023-03,340.13,twh,ember,2023-03-31,,2026-09-26,ok,0
power_demand,us,nation,2023-04,310.4,twh,ember,2023-04-30,,2026-09-26,ok,0
power_demand,us,nation,2023-05,337.48,twh,ember,2023-05-31,,2026-09-26,ok,0
power_demand,us,nation,2023-06,368.1,twh,ember,2023-06-30,,2026-09-26,ok,0
power_demand,us,nation,2023-07,433.92,twh,ember,2023-07-31,,2026-09-26,ok,0
power_demand,us,nation,2023-08,431.31,twh,ember,2023-08-31,,2026-09-26,ok,0
power_demand,us,nation,2023-09,366.76,twh,ember,2023-09-30,,2026-09-26,ok,0
power_demand,us,nation,2023-10,332.89,twh,ember,2023-10-31,,2026-09-26,ok,0
power_demand,us,nation,2023-11,326.37,twh,ember,2023-11-30,,2026-09-26,ok,0
power_demand,us,nation,2023-12,353.46,twh,ember,2023-12-31,,2026-09-26,ok,0
power_demand,us,nation,2024-01,387.41,twh,ember,2024-01-31,,2026-09-26,ok,0
power_demand,us,nation,2024-02,327.67,twh,ember,2024-02-29,,2026-09-26,ok,0
power_demand,us,nation,2024-03,331.68,twh,ember,2024-03-31,,2026-09-26,ok,0
power_demand,us,nation,2024-04,318.03,twh,ember,2024-04-30,,2026-09-26,ok,0
power_demand,us,nation,2024-05,356.94,twh,ember,2024-05-31,,2026-09-26,ok,0
power_demand,us,nation,2024-06,401.39,twh,ember,2024-06-30,,2026-09-26,ok,0
power_demand,us,nation,2024-07,440.3,twh,ember,2024-07-31,,2026-09-26,ok,0
power_demand,us,nation,2024-08,433.44,twh,ember,2024-08-31,,2026-09-26,ok,0
power_demand,us,nation,2024-09,368.93,twh,ember,2024-09-30,,2026-09-26,ok,0
power_demand,us,nation,2024-10,342.55,twh,ember,2024-10-31,,2026-09-26,ok,0
power_demand,us,nation,2024-11,328.23,twh,ember,2024-11-30,,2026-09-26,ok,0
power_demand,us,nation,2024-12,368.26,twh,ember,2024-12-31,,2026-09-26,ok,0
power_demand,us,nation,2025-01,410.21,twh,ember,2025-01-31,,2026-09-26,ok,0
power_demand,us,nation,2025-02,346.12,twh,ember,2025-02-28,,2026-09-26,ok,0
power_demand,us,nation,2025-03,342.18,twh,ember,2025-03-31,,2026-09-26,ok,0
power_demand,us,nation,2025-04,330.77,twh,ember,2025-04-30,,2026-09-26,ok,0
power_demand,us,nation,2025-05,355.49,twh,ember,2025-05-31,,2026-09-26,ok,0
power_demand,us,nation,2025-06,404.25,twh,ember,2025-06-30,,2026-09-26,ok,0
power_demand,us,nation,2025-07,456.65,twh,ember,2025-07-31,,2026-09-26,ok,0
power_demand,us,nation,2025-08,430.33,twh,ember,2025-08-31,,2026-09-26,ok,0
power_demand,us,nation,2025-09,377.39,twh,ember,2025-09-30,,2026-09-26,ok,0
power_demand,us,nation,2025-10,352.91,twh,ember,2025-10-31,,2026-09-26,ok,0
power_demand,us,nation,2025-11,340.92,twh,ember,2025-11-30,,2026-09-26,ok,0
power_demand,us,nation,2025-12,388.62,twh,ember,2025-12-31,,2026-09-26,ok,0
power_demand,us,nation,2026-01,406.41,twh,ember,2026-01-31,,2026-09-26,ok,0
power_demand,us,nation,2026-02,349.19,twh,ember,2026-02-28,,2026-09-26,ok,0
power_demand,us,nation,2026-03,357.99,twh,ember,2026-03-31,,2026-09-26,ok,0
power_demand,us,nation,2026-04,340.76,twh,ember,2026-04-30,,2026-09-26,ok,0
power_demand,us,nation,2026-05,370.03,twh,ember,2026-05-31,,2026-09-26,ok,0
power_demand,us,nation,2026-06,414.19,twh,ember,2026-06-30,,2026-09-26,ok,0
power_demand,za,nation,2018-01,20.75,twh,ember,2018-01-31,,2026-09-26,ok,0
power_demand,za,nation,2018-02,19.18,twh,ember,2018-02-28,,2026-09-26,ok,0
power_demand,za,nation,2018-03,21.15,twh,ember,2018-03-31,,2026-09-26,ok,0
power_demand,za,nation,2018-04,20.09,twh,ember,2018-04-30,,2026-09-26,ok,0
power_demand,za,nation,2018-05,21.97,twh,ember,2018-05-31,,2026-09-26,ok,0
power_demand,za,nation,2018-06,21.57,twh,ember,2018-06-30,,2026-09-26,ok,0
power_demand,za,nation,2018-07,22.32,twh,ember,2018-07-31,,2026-09-26,ok,0
power_demand,za,nation,2018-08,21.8,twh,ember,2018-08-31,,2026-09-26,ok,0
power_demand,za,nation,2018-09,20.5,twh,ember,2018-09-30,,2026-09-26,ok,0
power_demand,za,nation,2018-10,21.52,twh,ember,2018-10-31,,2026-09-26,ok,0
power_demand,za,nation,2018-11,20.75,twh,ember,2018-11-30,,2026-09-26,ok,0
power_demand,za,nation,2018-12,20.13,twh,ember,2018-12-31,,2026-09-26,ok,0
power_demand,za,nation,2019-01,20.75,twh,ember,2019-01-31,,2026-09-26,ok,0
power_demand,za,nation,2019-02,18.93,twh,ember,2019-02-28,,2026-09-26,ok,0
power_demand,za,nation,2019-03,20.51,twh,ember,2019-03-31,,2026-09-26,ok,0
power_demand,za,nation,2019-04,20.31,twh,ember,2019-04-30,,2026-09-26,ok,0
power_demand,za,nation,2019-05,21.67,twh,ember,2019-05-31,,2026-09-26,ok,0
power_demand,za,nation,2019-06,21.39,twh,ember,2019-06-30,,2026-09-26,ok,0
power_demand,za,nation,2019-07,22.09,twh,ember,2019-07-31,,2026-09-26,ok,0
power_demand,za,nation,2019-08,20.9,twh,ember,2019-08-31,,2026-09-26,ok,0
power_demand,za,nation,2019-09,20.35,twh,ember,2019-09-30,,2026-09-26,ok,0
power_demand,za,nation,2019-10,21.11,twh,ember,2019-10-31,,2026-09-26,ok,0
power_demand,za,nation,2019-11,20.2,twh,ember,2019-11-30,,2026-09-26,ok,0
power_demand,za,nation,2019-12,19.27,twh,ember,2019-12-31,,2026-09-26,ok,0
power_demand,za,nation,2020-01,20.08,twh,ember,2020-01-31,,2026-09-26,ok,0
power_demand,za,nation,2020-02,19.03,twh,ember,2020-02-29,,2026-09-26,ok,0
power_demand,za,nation,2020-03,19.65,twh,ember,2020-03-31,,2026-09-26,ok,0
power_demand,za,nation,2020-04,15.89,twh,ember,2020-04-30,,2026-09-26,ok,0
power_demand,za,nation,2020-05,18.95,twh,ember,2020-05-31,,2026-09-26,ok,0
power_demand,za,nation,2020-06,20.42,twh,ember,2020-06-30,,2026-09-26,ok,0
power_demand,za,nation,2020-07,21.33,twh,ember,2020-07-31,,2026-09-26,ok,0
power_demand,za,nation,2020-08,20.77,twh,ember,2020-08-31,,2026-09-26,ok,0
power_demand,za,nation,2020-09,19.85,twh,ember,2020-09-30,,2026-09-26,ok,0
power_demand,za,nation,2020-10,20.58,twh,ember,2020-10-31,,2026-09-26,ok,0
power_demand,za,nation,2020-11,19.68,twh,ember,2020-11-30,,2026-09-26,ok,0
power_demand,za,nation,2020-12,19.52,twh,ember,2020-12-31,,2026-09-26,ok,0
power_demand,za,nation,2021-01,19.57,twh,ember,2021-01-31,,2026-09-26,ok,0
power_demand,za,nation,2021-02,18.33,twh,ember,2021-02-28,,2026-09-26,ok,0
power_demand,za,nation,2021-03,20.15,twh,ember,2021-03-31,,2026-09-26,ok,0
power_demand,za,nation,2021-04,19.73,twh,ember,2021-04-30,,2026-09-26,ok,0
power_demand,za,nation,2021-05,21.12,twh,ember,2021-05-31,,2026-09-26,ok,0
power_demand,za,nation,2021-06,20.84,twh,ember,2021-06-30,,2026-09-26,ok,0
power_demand,za,nation,2021-07,21.94,twh,ember,2021-07-31,,2026-09-26,ok,0
power_demand,za,nation,2021-08,21.22,twh,ember,2021-08-31,,2026-09-26,ok,0
power_demand,za,nation,2021-09,19.88,twh,ember,2021-09-30,,2026-09-26,ok,0
power_demand,za,nation,2021-10,19.82,twh,ember,2021-10-31,,2026-09-26,ok,0
power_demand,za,nation,2021-11,19.25,twh,ember,2021-11-30,,2026-09-26,ok,0
power_demand,za,nation,2021-12,19,twh,ember,2021-12-31,,2026-09-26,ok,0
power_demand,za,nation,2022-01,19.5,twh,ember,2022-01-31,,2026-09-26,ok,0
power_demand,za,nation,2022-02,18.27,twh,ember,2022-02-28,,2026-09-26,ok,0
power_demand,za,nation,2022-03,20.02,twh,ember,2022-03-31,,2026-09-26,ok,0
power_demand,za,nation,2022-04,19.32,twh,ember,2022-04-30,,2026-09-26,ok,0
power_demand,za,nation,2022-05,20.54,twh,ember,2022-05-31,,2026-09-26,ok,0
power_demand,za,nation,2022-06,20.47,twh,ember,2022-06-30,,2026-09-26,ok,0
power_demand,za,nation,2022-07,20.38,twh,ember,2022-07-31,,2026-09-26,ok,0
power_demand,za,nation,2022-08,20.83,twh,ember,2022-08-31,,2026-09-26,ok,0
power_demand,za,nation,2022-09,18.36,twh,ember,2022-09-30,,2026-09-26,ok,0
power_demand,za,nation,2022-10,19.34,twh,ember,2022-10-31,,2026-09-26,ok,0
power_demand,za,nation,2022-11,18.8,twh,ember,2022-11-30,,2026-09-26,ok,0
power_demand,za,nation,2022-12,17.55,twh,ember,2022-12-31,,2026-09-26,ok,0
power_demand,za,nation,2023-01,18.04,twh,ember,2023-01-31,,2026-09-26,ok,0
power_demand,za,nation,2023-02,16.63,twh,ember,2023-02-28,,2026-09-26,ok,0
power_demand,za,nation,2023-03,19.04,twh,ember,2023-03-31,,2026-09-26,ok,0
power_demand,za,nation,2023-04,17.64,twh,ember,2023-04-30,,2026-09-26,ok,0
power_demand,za,nation,2023-05,18.9,twh,ember,2023-05-31,,2026-09-26,ok,0
power_demand,za,nation,2023-06,19.82,twh,ember,2023-06-30,,2026-09-26,ok,0
power_demand,za,nation,2023-07,19.94,twh,ember,2023-07-31,,2026-09-26,ok,0
power_demand,za,nation,2023-08,19.63,twh,ember,2023-08-31,,2026-09-26,ok,0
power_demand,za,nation,2023-09,18.17,twh,ember,2023-09-30,,2026-09-26,ok,0
power_demand,za,nation,2023-10,19.55,twh,ember,2023-10-31,,2026-09-26,ok,0
power_demand,za,nation,2023-11,18.32,twh,ember,2023-11-30,,2026-09-26,ok,0
power_demand,za,nation,2023-12,18.32,twh,ember,2023-12-31,,2026-09-26,ok,0
power_demand,za,nation,2024-01,18.31,twh,ember,2024-01-31,,2026-09-26,ok,0
power_demand,za,nation,2024-02,17.46,twh,ember,2024-02-29,,2026-09-26,ok,0
power_demand,za,nation,2024-03,19.02,twh,ember,2024-03-31,,2026-09-26,ok,0
power_demand,za,nation,2024-04,18.8,twh,ember,2024-04-30,,2026-09-26,ok,0
power_demand,za,nation,2024-05,19.94,twh,ember,2024-05-31,,2026-09-26,ok,0
power_demand,za,nation,2024-06,20.61,twh,ember,2024-06-30,,2026-09-26,ok,0
power_demand,za,nation,2024-07,21.3,twh,ember,2024-07-31,,2026-09-26,ok,0
power_demand,za,nation,2024-08,20.52,twh,ember,2024-08-31,,2026-09-26,ok,0
power_demand,za,nation,2024-09,19.27,twh,ember,2024-09-30,,2026-09-26,ok,0
power_demand,za,nation,2024-10,19.66,twh,ember,2024-10-31,,2026-09-26,ok,0
power_demand,za,nation,2024-11,18.87,twh,ember,2024-11-30,,2026-09-26,ok,0
power_demand,za,nation,2024-12,18.27,twh,ember,2024-12-31,,2026-09-26,ok,0
power_demand,za,nation,2025-01,18.52,twh,ember,2025-01-31,,2026-09-26,ok,0
power_demand,za,nation,2025-02,16.92,twh,ember,2025-02-28,,2026-09-26,ok,0
power_demand,za,nation,2025-03,18.81,twh,ember,2025-03-31,,2026-09-26,ok,0
power_demand,za,nation,2025-04,18.31,twh,ember,2025-04-30,,2026-09-26,ok,0
power_demand,za,nation,2025-05,19.84,twh,ember,2025-05-31,,2026-09-26,ok,0
power_demand,za,nation,2025-06,19.85,twh,ember,2025-06-30,,2026-09-26,ok,0
power_demand,za,nation,2025-07,20.28,twh,ember,2025-07-31,,2026-09-26,ok,0
power_demand,za,nation,2025-08,19.46,twh,ember,2025-08-31,,2026-09-26,ok,0
power_demand,za,nation,2025-09,17.86,twh,ember,2025-09-30,,2026-09-26,ok,0
power_demand,za,nation,2025-10,18.29,twh,ember,2025-10-31,,2026-09-26,ok,0
power_demand,za,nation,2025-11,17.5,twh,ember,2025-11-30,,2026-09-26,ok,0
power_demand,za,nation,2025-12,17.05,twh,ember,2025-12-31,,2026-09-26,ok,0
power_demand,za,nation,2026-01,17.38,twh,ember,2026-01-31,,2026-09-26,ok,0
power_demand,za,nation,2026-02,16.29,twh,ember,2026-02-28,,2026-09-26,ok,0
power_demand,za,nation,2026-03,18.01,twh,ember,2026-03-31,,2026-09-26,ok,0
