metric_id,geo_id,geo_level,period,value,unit,source_id,observation_end,published_at,fetched_at,quality_flag,revision
power_price,ch,nation,2015-01,44,eur_mwh,ember,2015-01-31,,2026-09-26,ok,0
power_price,ch,nation,2015-02,50.86,eur_mwh,ember,2015-02-28,,2026-09-26,ok,0
power_price,ch,nation,2015-03,44.48,eur_mwh,ember,2015-03-31,,2026-09-26,ok,0
power_price,ch,nation,2015-04,38.23,eur_mwh,ember,2015-04-30,,2026-09-26,ok,0
power_price,ch,nation,2015-05,25.04,eur_mwh,ember,2015-05-31,,2026-09-26,ok,0
power_price,ch,nation,2015-06,30.45,eur_mwh,ember,2015-06-30,,2026-09-26,ok,0
power_price,ch,nation,2015-07,35.98,eur_mwh,ember,2015-07-31,,2026-09-26,ok,0
power_price,ch,nation,2015-08,32.3,eur_mwh,ember,2015-08-31,,2026-09-26,ok,0
power_price,ch,nation,2015-09,36.57,eur_mwh,ember,2015-09-30,,2026-09-26,ok,0
power_price,ch,nation,2015-10,45.54,eur_mwh,ember,2015-10-31,,2026-09-26,ok,0
power_price,ch,nation,2015-11,48.17,eur_mwh,ember,2015-11-30,,2026-09-26,ok,0
power_price,ch,nation,2015-12,52.24,eur_mwh,ember,2015-12-31,,2026-09-26,ok,0
power_price,ch,nation,2016-01,45.96,eur_mwh,ember,2016-01-31,,2026-09-26,ok,0
power_price,ch,nation,2016-02,34.19,eur_mwh,ember,2016-02-29,,2026-09-26,ok,0
power_price,ch,nation,2016-03,29.21,eur_mwh,ember,2016-03-31,,2026-09-26,ok,0
power_price,ch,nation,2016-04,25.23,eur_mwh,ember,2016-04-30,,2026-09-26,ok,0
power_price,ch,nation,2016-05,23.69,eur_mwh,ember,2016-05-31,,2026-09-26,ok,0
power_price,ch,nation,2016-06,27.73,eur_mwh,ember,2016-06-30,,2026-09-26,ok,0
power_price,ch,nation,2016-07,28.18,eur_mwh,ember,2016-07-31,,2026-09-26,ok,0
power_price,ch,nation,2016-08,29.38,eur_mwh,ember,2016-08-31,,2026-09-26,ok,0
power_price,ch,nation,2016-09,35.87,eur_mwh,ember,2016-09-30,,2026-09-26,ok,0
power_price,ch,nation,2016-10,55.91,eur_mwh,ember,2016-10-31,,2026-09-26,ok,0
power_price,ch,nation,2016-11,60.7,eur_mwh,ember,2016-11-30,,2026-09-26,ok,0
power_price,ch,nation,2016-12,58.23,eur_mwh,ember,2016-12-31,,2026-09-26,ok,0
power_price,ch,nation,2017-01,76,eur_mwh,ember,2017-01-31,,2026-09-26,ok,0
power_price,ch,nation,2017-02,55.16,eur_mwh,ember,2017-02-28,,2026-09-26,ok,0
power_price,ch,nation,2017-03,36.89,eur_mwh,ember,2017-03-31,,2026-09-26,ok,0
power_price,ch,nation,2017-04,33.59,eur_mwh,ember,2017-04-30,,2026-09-26,ok,0
power_price,ch,nation,2017-05,33.86,eur_mwh,ember,2017-05-31,,2026-09-26,ok,0
power_price,ch,nation,2017-06,32.12,eur_mwh,ember,2017-06-30,,2026-09-26,ok,0
power_price,ch,nation,2017-07,34.28,eur_mwh,ember,2017-07-31,,2026-09-26,ok,0
power_price,ch,nation,2017-08,32.05,eur_mwh,ember,2017-08-31,,2026-09-26,ok,0
power_price,ch,nation,2017-09,37.27,eur_mwh,ember,2017-09-30,,2026-09-26,ok,0
power_price,ch,nation,2017-10,52.71,eur_mwh,ember,2017-10-31,,2026-09-26,ok,0
power_price,ch,nation,2017-11,65.02,eur_mwh,ember,2017-11-30,,2026-09-26,ok,0
power_price,ch,nation,2017-12,62.54,eur_mwh,ember,2017-12-31,,2026-09-26,ok,0
power_price,ch,nation,2018-01,43.82,eur_mwh,ember,2018-01-31,,2026-09-26,ok,0
power_price,ch,nation,2018-02,52.98,eur_mwh,ember,2018-02-28,,2026-09-26,ok,0
power_price,ch,nation,2018-03,53.18,eur_mwh,ember,2018-03-31,,2026-09-26,ok,0
power_price,ch,nation,2018-04,34.08,eur_mwh,ember,2018-04-30,,2026-09-26,ok,0
power_price,ch,nation,2018-05,33.22,eur_mwh,ember,2018-05-31,,2026-09-26,ok,0
power_price,ch,nation,2018-06,43.15,eur_mwh,ember,2018-06-30,,2026-09-26,ok,0
power_price,ch,nation,2018-07,50.54,eur_mwh,ember,2018-07-31,,2026-09-26,ok,0
power_price,ch,nation,2018-08,58.18,eur_mwh,ember,2018-08-31,,2026-09-26,ok,0
power_price,ch,nation,2018-09,61.53,eur_mwh,ember,2018-09-30,,2026-09-26,ok,0
power_price,ch,nation,2018-10,72.97,eur_mwh,ember,2018-10-31,,2026-09-26,ok,0
power_price,ch,nation,2018-11,65.18,eur_mwh,ember,2018-11-30,,2026-09-26,ok,0
power_price,ch,nation,2018-12,57.69,eur_mwh,ember,2018-12-31,,2026-09-26,ok,0
power_price,ch,nation,2019-01,62.34,eur_mwh,ember,2019-01-31,,2026-09-26,ok,0
power_price,ch,nation,2019-02,48.73,eur_mwh,ember,2019-02-28,,2026-09-26,ok,0
power_price,ch,nation,2019-03,35.77,eur_mwh,ember,2019-03-31,,2026-09-26,ok,0
power_price,ch,nation,2019-04,38.68,eur_mwh,ember,2019-04-30,,2026-09-26,ok,0
power_price,ch,nation,2019-05,38.07,eur_mwh,ember,2019-05-31,,2026-09-26,ok,0
power_price,ch,nation,2019-06,31.85,eur_mwh,ember,2019-06-30,,2026-09-26,ok,0
power_price,ch,nation,2019-07,37.92,eur_mwh,ember,2019-07-31,,2026-09-26,ok,0
power_price,ch,nation,2019-08,33.85,eur_mwh,ember,2019-08-31,,2026-09-26,ok,0
power_price,ch,nation,2019-09,37.44,eur_mwh,ember,2019-09-30,,2026-09-26,ok,0
power_price,ch,nation,2019-10,39.98,eur_mwh,ember,2019-10-31,,2026-09-26,ok,0
power_price,ch,nation,2019-11,45.95,eur_mwh,ember,2019-11-30,,2026-09-26,ok,0
power_price,ch,nation,2019-12,40.84,eur_mwh,ember,2019-12-31,,2026-09-26,ok,0
power_price,ch,nation,2020-01,42.56,eur_mwh,ember,2020-01-31,,2026-09-26,ok,0
power_price,ch,nation,2020-02,34.12,eur_mwh,ember,2020-02-29,,2026-09-26,ok,0
power_price,ch,nation,2020-03,26.13,eur_mwh,ember,2020-03-31,,2026-09-26,ok,0
power_price,ch,nation,2020-04,17.18,eur_mwh,ember,2020-04-30,,2026-09-26,ok,0
power_price,ch,nation,2020-05,16.86,eur_mwh,ember,2020-05-31,,2026-09-26,ok,0
power_price,ch,nation,2020-06,25.71,eur_mwh,ember,2020-06-30,,2026-09-26,ok,0
power_price,ch,nation,2020-07,32.82,eur_mwh,ember,2020-07-31,,2026-09-26,ok,0
power_price,ch,nation,2020-08,35.53,eur_mwh,ember,2020-08-31,,2026-09-26,ok,0
power_price,ch,nation,2020-09,45.89,eur_mwh,ember,2020-09-30,,2026-09-26,ok,0
power_price,ch,nation,2020-10,38.21,eur_mwh,ember,2020-10-31,,2026-09-26,ok,0
power_price,ch,nation,2020-11,41.49,eur_mwh,ember,2020-11-30,,2026-09-26,ok,0
power_price,ch,nation,2020-12,51.36,eur_mwh,ember,2020-12-31,,2026-09-26,ok,0
power_price,ch,nation,2021-01,60.48,eur_mwh,ember,2021-01-31,,2026-09-26,ok,0
power_price,ch,nation,2021-02,53.88,eur_mwh,ember,2021-02-28,,2026-09-26,ok,0
power_price,ch,nation,2021-03,56.17,eur_mwh,ember,2021-03-31,,2026-09-26,ok,0
power_price,ch,nation,2021-04,63.67,eur_mwh,ember,2021-04-30,,2026-09-26,ok,0
power_price,ch,nation,2021-05,57.8,eur_mwh,ember,2021-05-31,,2026-09-26,ok,0
power_price,ch,nation,2021-06,73.61,eur_mwh,ember,2021-06-30,,2026-09-26,ok,0
power_price,ch,nation,2021-07,80.9,eur_mwh,ember,2021-07-31,,2026-09-26,ok,0
power_price,ch,nation,2021-08,82.66,eur_mwh,ember,2021-08-31,,2026-09-26,ok,0
power_price,ch,nation,2021-09,138.21,eur_mwh,ember,2021-09-30,,2026-09-26,ok,0
power_price,ch,nation,2021-10,198.32,eur_mwh,ember,2021-10-31,,2026-09-26,ok,0
power_price,ch,nation,2021-11,226.99,eur_mwh,ember,2021-11-30,,2026-09-26,ok,0
power_price,ch,nation,2021-12,282.14,eur_mwh,ember,2021-12-31,,2026-09-26,ok,0
power_price,ch,nation,2022-01,219.48,eur_mwh,ember,2022-01-31,,2026-09-26,ok,0
power_price,ch,nation,2022-02,208.71,eur_mwh,ember,2022-02-28,,2026-09-26,ok,0
power_price,ch,nation,2022-03,306.09,eur_mwh,ember,2022-03-31,,2026-09-26,ok,0
power_price,ch,nation,2022-04,227.2,eur_mwh,ember,2022-04-30,,2026-09-26,ok,0
power_price,ch,nation,2022-05,197.09,eur_mwh,ember,2022-05-31,,2026-09-26,ok,0
power_price,ch,nation,2022-06,255.19,eur_mwh,ember,2022-06-30,,2026-09-26,ok,0
power_price,ch,nation,2022-07,383.27,eur_mwh,ember,2022-07-31,,2026-09-26,ok,0
power_price,ch,nation,2022-08,488.14,eur_mwh,ember,2022-08-31,,2026-09-26,ok,0
power_price,ch,nation,2022-09,403.79,eur_mwh,ember,2022-09-30,,2026-09-26,ok,0
power_price,ch,nation,2022-10,183.97,eur_mwh,ember,2022-10-31,,2026-09-26,ok,0
power_price,ch,nation,2022-11,219.34,eur_mwh,ember,2022-11-30,,2026-09-26,ok,0
power_price,ch,nation,2022-12,279.69,eur_mwh,ember,2022-12-31,,2026-09-26,ok,0
power_price,ch,nation,2023-01,157.46,eur_mwh,ember,2023-01-31,,2026-09-26,ok,0
power_price,ch,nation,2023-02,153.76,eur_mwh,ember,2023-02-28,,2026-09-26,ok,0
power_price,ch,nation,2023-03,124.43,eur_mwh,ember,2023-03-31,,2026-09-26,ok,0
power_price,ch,nation,2023-04,116.12,eur_mwh,ember,2023-04-30,,2026-09-26,ok,0
power_price,ch,nation,2023-05,85.8,eur_mwh,ember,2023-05-31,,2026-09-26,ok,0
power_price,ch,nation,2023-06,92.23,eur_mwh,ember,2023-06-30,,2026-09-26,ok,0
power_price,ch,nation,2023-07,82.42,eur_mwh,ember,2023-07-31,,2026-09-26,ok,0
power_price,ch,nation,2023-08,94.53,eur_mwh,ember,2023-08-31,,2026-09-26,ok,0
power_price,ch,nation,2023-09,97.02,eur_mwh,ember,2023-09-30,,2026-09-26,ok,0
power_price,ch,nation,2023-10,105.45,eur_mwh,ember,2023-10-31,,2026-09-26,ok,0
power_price,ch,nation,2023-11,103.24,eur_mwh,ember,2023-11-30,,2026-09-26,ok,0
power_price,ch,nation,2023-12,80.97,eur_mwh,ember,2023-12-31,,2026-09-26,ok,0
power_price,ch,nation,2024-01,84.01,eur_mwh,ember,2024-01-31,,2026-09-26,ok,0
power_price,ch,nation,2024-02,69.91,eur_mwh,ember,2024-02-29,,2026-09-26,ok,0
power_price,ch,nation,2024-03,72.49,eur_mwh,ember,2024-03-31,,2026-09-26,ok,0
power_price,ch,nation,2024-04,62.23,eur_mwh,ember,2024-04-30,,2026-09-26,ok,0
power_price,ch,nation,2024-05,62.05,eur_mwh,ember,2024-05-31,,2026-09-26,ok,0
power_price,ch,nation,2024-06,48.14,eur_mwh,ember,2024-06-30,,2026-09-26,ok,0
power_price,ch,nation,2024-07,38.68,eur_mwh,ember,2024-07-31,,2026-09-26,ok,0
power_price,ch,nation,2024-08,58.66,eur_mwh,ember,2024-08-31,,2026-09-26,ok,0
power_price,ch,nation,2024-09,81.07,eur_mwh,ember,2024-09-30,,2026-09-26,ok,0
power_price,ch,nation,2024-10,83.36,eur_mwh,ember,2024-10-31,,2026-09-26,ok,0
power_price,de,nation,2015-01,31.68,eur_mwh,ember,2015-01-31,,2026-09-26,ok,0
power_price,de,nation,2015-02,36.69,eur_mwh,ember,2015-02-28,,2026-09-26,ok,0
power_price,de,nation,2015-03,31.3,eur_mwh,ember,2015-03-31,,2026-09-26,ok,0
power_price,de,nation,2015-04,29.78,eur_mwh,ember,2015-04-30,,2026-09-26,ok,0
power_price,de,nation,2015-05,25.33,eur_mwh,ember,2015-05-31,,2026-09-26,ok,0
power_price,de,nation,2015-06,30.11,eur_mwh,ember,2015-06-30,,2026-09-26,ok,0
power_price,de,nation,2015-07,34.98,eur_mwh,ember,2015-07-31,,2026-09-26,ok,0
power_price,de,nation,2015-08,31.61,eur_mwh,ember,2015-08-31,,2026-09-26,ok,0
power_price,de,nation,2015-09,31.89,eur_mwh,ember,2015-09-30,,2026-09-26,ok,0
power_price,de,nation,2015-10,39.37,eur_mwh,ember,2015-10-31,,2026-09-26,ok,0
power_price,de,nation,2015-11,32.38,eur_mwh,ember,2015-11-30,,2026-09-26,ok,0
power_price,de,nation,2015-12,27.79,eur_mwh,ember,2015-12-31,,2026-09-26,ok,0
power_price,de,nation,2016-01,29.03,eur_mwh,ember,2016-01-31,,2026-09-26,ok,0
power_price,de,nation,2016-02,22,eur_mwh,ember,2016-02-29,,2026-09-26,ok,0
power_price,de,nation,2016-03,24.3,eur_mwh,ember,2016-03-31,,2026-09-26,ok,0
power_price,de,nation,2016-04,24.21,eur_mwh,ember,2016-04-30,,2026-09-26,ok,0
power_price,de,nation,2016-05,22.55,eur_mwh,ember,2016-05-31,,2026-09-26,ok,0
power_price,de,nation,2016-06,27.7,eur_mwh,ember,2016-06-30,,2026-09-26,ok,0
power_price,de,nation,2016-07,27.18,eur_mwh,ember,2016-07-31,,2026-09-26,ok,0
power_price,de,nation,2016-08,27.18,eur_mwh,ember,2016-08-31,,2026-09-26,ok,0
power_price,de,nation,2016-09,30.51,eur_mwh,ember,2016-09-30,,2026-09-26,ok,0
power_price,de,nation,2016-10,37.14,eur_mwh,ember,2016-10-31,,2026-09-26,ok,0
power_price,de,nation,2016-11,38.21,eur_mwh,ember,2016-11-30,,2026-09-26,ok,0
power_price,de,nation,2016-12,37.47,eur_mwh,ember,2016-12-31,,2026-09-26,ok,0
power_price,de,nation,2017-01,52.41,eur_mwh,ember,2017-01-31,,2026-09-26,ok,0
power_price,de,nation,2017-02,39.68,eur_mwh,ember,2017-02-28,,2026-09-26,ok,0
power_price,de,nation,2017-03,31.69,eur_mwh,ember,2017-03-31,,2026-09-26,ok,0
power_price,de,nation,2017-04,28.72,eur_mwh,ember,2017-04-30,,2026-09-26,ok,0
power_price,de,nation,2017-05,30.61,eur_mwh,ember,2017-05-31,,2026-09-26,ok,0
power_price,de,nation,2017-06,30,eur_mwh,ember,2017-06-30,,2026-09-26,ok,0
power_price,de,nation,2017-07,33.01,eur_mwh,ember,2017-07-31,,2026-09-26,ok,0
power_price,de,nation,2017-08,30.86,eur_mwh,ember,2017-08-31,,2026-09-26,ok,0
power_price,de,nation,2017-09,34.3,eur_mwh,ember,2017-09-30,,2026-09-26,ok,0
power_price,de,nation,2017-10,28.29,eur_mwh,ember,2017-10-31,,2026-09-26,ok,0
power_price,de,nation,2017-11,40.38,eur_mwh,ember,2017-11-30,,2026-09-26,ok,0
power_price,de,nation,2017-12,30.71,eur_mwh,ember,2017-12-31,,2026-09-26,ok,0
power_price,de,nation,2018-01,29.5,eur_mwh,ember,2018-01-31,,2026-09-26,ok,0
power_price,de,nation,2018-02,40.12,eur_mwh,ember,2018-02-28,,2026-09-26,ok,0
power_price,de,nation,2018-03,37.36,eur_mwh,ember,2018-03-31,,2026-09-26,ok,0
power_price,de,nation,2018-04,31.96,eur_mwh,ember,2018-04-30,,2026-09-26,ok,0
power_price,de,nation,2018-05,33.66,eur_mwh,ember,2018-05-31,,2026-09-26,ok,0
power_price,de,nation,2018-06,42.39,eur_mwh,ember,2018-06-30,,2026-09-26,ok,0
power_price,de,nation,2018-07,49.59,eur_mwh,ember,2018-07-31,,2026-09-26,ok,0
power_price,de,nation,2018-08,56.22,eur_mwh,ember,2018-08-31,,2026-09-26,ok,0
power_price,de,nation,2018-09,54.76,eur_mwh,ember,2018-09-30,,2026-09-26,ok,0
power_price,de,nation,2018-10,53.08,eur_mwh,ember,2018-10-31,,2026-09-26,ok,0
power_price,de,nation,2018-11,56.68,eur_mwh,ember,2018-11-30,,2026-09-26,ok,0
power_price,de,nation,2018-12,48.11,eur_mwh,ember,2018-12-31,,2026-09-26,ok,0
power_price,de,nation,2019-01,49.41,eur_mwh,ember,2019-01-31,,2026-09-26,ok,0
power_price,de,nation,2019-02,42.81,eur_mwh,ember,2019-02-28,,2026-09-26,ok,0
power_price,de,nation,2019-03,30.61,eur_mwh,ember,2019-03-31,,2026-09-26,ok,0
power_price,de,nation,2019-04,36.97,eur_mwh,ember,2019-04-30,,2026-09-26,ok,0
power_price,de,nation,2019-05,37.83,eur_mwh,ember,2019-05-31,,2026-09-26,ok,0
power_price,de,nation,2019-06,32.5,eur_mwh,ember,2019-06-30,,2026-09-26,ok,0
power_price,de,nation,2019-07,39.71,eur_mwh,ember,2019-07-31,,2026-09-26,ok,0
power_price,de,nation,2019-08,36.82,eur_mwh,ember,2019-08-31,,2026-09-26,ok,0
power_price,de,nation,2019-09,35.77,eur_mwh,ember,2019-09-30,,2026-09-26,ok,0
power_price,de,nation,2019-10,36.95,eur_mwh,ember,2019-10-31,,2026-09-26,ok,0
power_price,de,nation,2019-11,41,eur_mwh,ember,2019-11-30,,2026-09-26,ok,0
power_price,de,nation,2019-12,31.97,eur_mwh,ember,2019-12-31,,2026-09-26,ok,0
power_price,de,nation,2020-01,34.98,eur_mwh,ember,2020-01-31,,2026-09-26,ok,0
power_price,de,nation,2020-02,21.91,eur_mwh,ember,2020-02-29,,2026-09-26,ok,0
power_price,de,nation,2020-03,22.52,eur_mwh,ember,2020-03-31,,2026-09-26,ok,0
power_price,de,nation,2020-04,17.05,eur_mwh,ember,2020-04-30,,2026-09-26,ok,0
power_price,de,nation,2020-05,17.6,eur_mwh,ember,2020-05-31,,2026-09-26,ok,0
power_price,de,nation,2020-06,26.23,eur_mwh,ember,2020-06-30,,2026-09-26,ok,0
power_price,de,nation,2020-07,30.07,eur_mwh,ember,2020-07-31,,2026-09-26,ok,0
power_price,de,nation,2020-08,34.89,eur_mwh,ember,2020-08-31,,2026-09-26,ok,0
power_price,de,nation,2020-09,43.68,eur_mwh,ember,2020-09-30,,2026-09-26,ok,0
power_price,de,nation,2020-10,33.96,eur_mwh,ember,2020-10-31,,2026-09-26,ok,0
power_price,de,nation,2020-11,38.8,eur_mwh,ember,2020-11-30,,2026-09-26,ok,0
power_price,de,nation,2020-12,43.55,eur_mwh,ember,2020-12-31,,2026-09-26,ok,0
power_price,de,nation,2021-01,52.79,eur_mwh,ember,2021-01-31,,2026-09-26,ok,0
power_price,de,nation,2021-02,48.71,eur_mwh,ember,2021-02-28,,2026-09-26,ok,0
power_price,de,nation,2021-03,47.18,eur_mwh,ember,2021-03-31,,2026-09-26,ok,0
power_price,de,nation,2021-04,53.66,eur_mwh,ember,2021-04-30,,2026-09-26,ok,0
power_price,de,nation,2021-05,53.33,eur_mwh,ember,2021-05-31,,2026-09-26,ok,0
power_price,de,nation,2021-06,74.13,eur_mwh,ember,2021-06-30,,2026-09-26,ok,0
power_price,de,nation,2021-07,81.29,eur_mwh,ember,2021-07-31,,2026-09-26,ok,0
power_price,de,nation,2021-08,82.81,eur_mwh,ember,2021-08-31,,2026-09-26,ok,0
power_price,de,nation,2021-09,128.34,eur_mwh,ember,2021-09-30,,2026-09-26,ok,0
power_price,de,nation,2021-10,139.54,eur_mwh,ember,2021-10-31,,2026-09-26,ok,0
power_price,de,nation,2021-11,176.25,eur_mwh,ember,2021-11-30,,2026-09-26,ok,0
power_price,de,nation,2021-12,220.96,eur_mwh,ember,2021-12-31,,2026-09-26,ok,0
power_price,de,nation,2022-01,167.87,eur_mwh,ember,2022-01-31,,2026-09-26,ok,0
power_price,de,nation,2022-02,128.78,eur_mwh,ember,2022-02-28,,2026-09-26,ok,0
power_price,de,nation,2022-03,251.76,eur_mwh,ember,2022-03-31,,2026-09-26,ok,0
power_price,de,nation,2022-04,166,eur_mwh,ember,2022-04-30,,2026-09-26,ok,0
power_price,de,nation,2022-05,177.51,eur_mwh,ember,2022-05-31,,2026-09-26,ok,0
power_price,de,nation,2022-06,218.18,eur_mwh,ember,2022-06-30,,2026-09-26,ok,0
power_price,de,nation,2022-07,315.26,eur_mwh,ember,2022-07-31,,2026-09-26,ok,0
power_price,de,nation,2022-08,469.35,eur_mwh,ember,2022-08-31,,2026-09-26,ok,0
power_price,de,nation,2022-09,360.18,eur_mwh,ember,2022-09-30,,2026-09-26,ok,0
power_price,de,nation,2022-10,157.78,eur_mwh,ember,2022-10-31,,2026-09-26,ok,0
power_price,de,nation,2022-11,175.45,eur_mwh,ember,2022-11-30,,2026-09-26,ok,0
power_price,de,nation,2022-12,256.66,eur_mwh,ember,2022-12-31,,2026-09-26,ok,0
power_price,de,nation,2023-01,135.59,eur_mwh,ember,2023-01-31,,2026-09-26,ok,0
power_price,de,nation,2023-02,128.39,eur_mwh,ember,2023-02-28,,2026-09-26,ok,0
power_price,de,nation,2023-03,102.4,eur_mwh,ember,2023-03-31,,2026-09-26,ok,0
power_price,de,nation,2023-04,100.83,eur_mwh,ember,2023-04-30,,2026-09-26,ok,0
power_price,de,nation,2023-05,81.65,eur_mwh,ember,2023-05-31,,2026-09-26,ok,0
power_price,de,nation,2023-06,94.84,eur_mwh,ember,2023-06-30,,2026-09-26,ok,0
power_price,de,nation,2023-07,77.48,eur_mwh,ember,2023-07-31,,2026-09-26,ok,0
power_price,de,nation,2023-08,94.41,eur_mwh,ember,2023-08-31,,2026-09-26,ok,0
power_price,de,nation,2023-09,100.73,eur_mwh,ember,2023-09-30,,2026-09-26,ok,0
power_price,de,nation,2023-10,87.32,eur_mwh,ember,2023-10-31,,2026-09-26,ok,0
power_price,de,nation,2023-11,91.18,eur_mwh,ember,2023-11-30,,2026-09-26,ok,0
power_price,de,nation,2023-12,68.38,eur_mwh,ember,2023-12-31,,2026-09-26,ok,0
power_price,de,nation,2024-01,76.63,eur_mwh,ember,2024-01-31,,2026-09-26,ok,0
power_price,de,nation,2024-02,61.36,eur_mwh,ember,2024-02-29,,2026-09-26,ok,0
power_price,de,nation,2024-03,64.66,eur_mwh,ember,2024-03-31,,2026-09-26,ok,0
power_price,de,nation,2024-04,62.39,eur_mwh,ember,2024-04-30,,2026-09-26,ok,0
power_price,de,nation,2024-05,67.28,eur_mwh,ember,2024-05-31,,2026-09-26,ok,0
power_price,de,nation,2024-06,72.89,eur_mwh,ember,2024-06-30,,2026-09-26,ok,0
power_price,de,nation,2024-07,67.71,eur_mwh,ember,2024-07-31,,2026-09-26,ok,0
power_price,de,nation,2024-08,82.03,eur_mwh,ember,2024-08-31,,2026-09-26,ok,0
power_price,de,nation,2024-09,78.06,eur_mwh,ember,2024-09-30,,2026-09-26,ok,0
power_price,de,nation,2024-10,86.29,eur_mwh,ember,2024-10-31,,2026-09-26,ok,0
power_price,es,nation,2015-01,51.54,eur_mwh,ember,2015-01-31,,2026-09-26,ok,0
power_price,es,nation,2015-02,42.61,eur_mwh,ember,2015-02-28,,2026-09-26,ok,0
power_price,es,nation,2015-03,43.08,eur_mwh,ember,2015-03-31,,2026-09-26,ok,0
power_price,es,nation,2015-04,45.39,eur_mwh,ember,2015-04-30,,2026-09-26,ok,0
power_price,es,nation,2015-05,45.15,eur_mwh,ember,2015-05-31,,2026-09-26,ok,0
power_price,es,nation,2015-06,54.75,eur_mwh,ember,2015-06-30,,2026-09-26,ok,0
power_price,es,nation,2015-07,59.53,eur_mwh,ember,2015-07-31,,2026-09-26,ok,0
power_price,es,nation,2015-08,55.61,eur_mwh,ember,2015-08-31,,2026-09-26,ok,0
power_price,es,nation,2015-09,51.87,eur_mwh,ember,2015-09-30,,2026-09-26,ok,0
power_price,es,nation,2015-10,49.89,eur_mwh,ember,2015-10-31,,2026-09-26,ok,0
power_price,es,nation,2015-11,51.22,eur_mwh,ember,2015-11-30,,2026-09-26,ok,0
power_price,es,nation,2015-12,52.59,eur_mwh,ember,2015-12-31,,2026-09-26,ok,0
power_price,es,nation,2016-01,36.51,eur_mwh,ember,2016-01-31,,2026-09-26,ok,0
power_price,es,nation,2016-02,27.48,eur_mwh,ember,2016-02-29,,2026-09-26,ok,0
power_price,es,nation,2016-03,27.79,eur_mwh,ember,2016-03-31,,2026-09-26,ok,0
power_price,es,nation,2016-04,24.1,eur_mwh,ember,2016-04-30,,2026-09-26,ok,0
power_price,es,nation,2016-05,25.81,eur_mwh,ember,2016-05-31,,2026-09-26,ok,0
power_price,es,nation,2016-06,38.92,eur_mwh,ember,2016-06-30,,2026-09-26,ok,0
power_price,es,nation,2016-07,40.52,eur_mwh,ember,2016-07-31,,2026-09-26,ok,0
power_price,es,nation,2016-08,41.14,eur_mwh,ember,2016-08-31,,2026-09-26,ok,0
power_price,es,nation,2016-09,43.6,eur_mwh,ember,2016-09-30,,2026-09-26,ok,0
power_price,es,nation,2016-10,52.85,eur_mwh,ember,2016-10-31,,2026-09-26,ok,0
power_price,es,nation,2016-11,56.15,eur_mwh,ember,2016-11-30,,2026-09-26,ok,0
power_price,es,nation,2016-12,60.49,eur_mwh,ember,2016-12-31,,2026-09-26,ok,0
power_price,es,nation,2017-01,71.51,eur_mwh,ember,2017-01-31,,2026-09-26,ok,0
power_price,es,nation,2017-02,51.7,eur_mwh,ember,2017-02-28,,2026-09-26,ok,0
power_price,es,nation,2017-03,43.16,eur_mwh,ember,2017-03-31,,2026-09-26,ok,0
power_price,es,nation,2017-04,43.69,eur_mwh,ember,2017-04-30,,2026-09-26,ok,0
power_price,es,nation,2017-05,47.17,eur_mwh,ember,2017-05-31,,2026-09-26,ok,0
power_price,es,nation,2017-06,50.2,eur_mwh,ember,2017-06-30,,2026-09-26,ok,0
power_price,es,nation,2017-07,48.63,eur_mwh,ember,2017-07-31,,2026-09-26,ok,0
power_price,es,nation,2017-08,47.45,eur_mwh,ember,2017-08-31,,2026-09-26,ok,0
power_price,es,nation,2017-09,49.16,eur_mwh,ember,2017-09-30,,2026-09-26,ok,0
power_price,es,nation,2017-10,56.78,eur_mwh,ember,2017-10-31,,2026-09-26,ok,0
power_price,es,nation,2017-11,59.22,eur_mwh,ember,2017-11-30,,2026-09-26,ok,0
power_price,es,nation,2017-12,57.85,eur_mwh,ember,2017-12-31,,2026-09-26,ok,0
power_price,es,nation,2018-01,50.05,eur_mwh,ember,2018-01-31,,2026-09-26,ok,0
power_price,es,nation,2018-02,54.87,eur_mwh,ember,2018-02-28,,2026-09-26,ok,0
power_price,es,nation,2018-03,40.16,eur_mwh,ember,2018-03-31,,2026-09-26,ok,0
power_price,es,nation,2018-04,42.69,eur_mwh,ember,2018-04-30,,2026-09-26,ok,0
power_price,es,nation,2018-05,54.98,eur_mwh,ember,2018-05-31,,2026-09-26,ok,0
power_price,es,nation,2018-06,58.45,eur_mwh,ember,2018-06-30,,2026-09-26,ok,0
power_price,es,nation,2018-07,61.88,eur_mwh,ember,2018-07-31,,2026-09-26,ok,0
power_price,es,nation,2018-08,64.34,eur_mwh,ember,2018-08-31,,2026-09-26,ok,0
power_price,es,nation,2018-09,71.25,eur_mwh,ember,2018-09-30,,2026-09-26,ok,0
power_price,es,nation,2018-10,65.11,eur_mwh,ember,2018-10-31,,2026-09-26,ok,0
power_price,es,nation,2018-11,61.96,eur_mwh,ember,2018-11-30,,2026-09-26,ok,0
power_price,es,nation,2018-12,61.81,eur_mwh,ember,2018-12-31,,2026-09-26,ok,0
power_price,es,nation,2019-01,61.96,eur_mwh,ember,2019-01-31,,2026-09-26,ok,0
power_price,es,nation,2019-02,54.02,eur_mwh,ember,2019-02-28,,2026-09-26,ok,0
power_price,es,nation,2019-03,48.84,eur_mwh,ember,2019-03-31,,2026-09-26,ok,0
power_price,es,nation,2019-04,50.4,eur_mwh,ember,2019-04-30,,2026-09-26,ok,0
power_price,es,nation,2019-05,48.39,eur_mwh,ember,2019-05-31,,2026-09-26,ok,0
power_price,es,nation,2019-06,47.16,eur_mwh,ember,2019-06-30,,2026-09-26,ok,0
power_price,es,nation,2019-07,51.46,eur_mwh,ember,2019-07-31,,2026-09-26,ok,0
power_price,es,nation,2019-08,44.95,eur_mwh,ember,2019-08-31,,2026-09-26,ok,0
power_price,es,nation,2019-09,42.13,eur_mwh,ember,2019-09-30,,2026-09-26,ok,0
power_price,es,nation,2019-10,47.15,eur_mwh,ember,2019-10-31,,2026-09-26,ok,0
power_price,es,nation,2019-11,42.19,eur_mwh,ember,2019-11-30,,2026-09-26,ok,0
power_price,es,nation,2019-12,33.81,eur_mwh,ember,2019-12-31,,2026-09-26,ok,0
power_price,es,nation,2020-01,41.08,eur_mwh,ember,2020-01-31,,2026-09-26,ok,0
power_price,es,nation,2020-02,35.86,eur_mwh,ember,2020-02-29,,2026-09-26,ok,0
power_price,es,nation,2020-03,27.74,eur_mwh,ember,2020-03-31,,2026-09-26,ok,0
power_price,es,nation,2020-04,17.61,eur_mwh,ember,2020-04-30,,2026-09-26,ok,0
power_price,es,nation,2020-05,21.33,eur_mwh,ember,2020-05-31,,2026-09-26,ok,0
power_price,es,nation,2020-06,30.63,eur_mwh,ember,2020-06-30,,2026-09-26,ok,0
power_price,es,nation,2020-07,34.62,eur_mwh,ember,2020-07-31,,2026-09-26,ok,0
power_price,es,nation,2020-08,36.21,eur_mwh,ember,2020-08-31,,2026-09-26,ok,0
power_price,es,nation,2020-09,41.95,eur_mwh,ember,2020-09-30,,2026-09-26,ok,0
power_price,es,nation,2020-10,36.55,eur_mwh,ember,2020-10-31,,2026-09-26,ok,0
power_price,es,nation,2020-11,41.96,eur_mwh,ember,2020-11-30,,2026-09-26,ok,0
power_price,es,nation,2020-12,41.97,eur_mwh,ember,2020-12-31,,2026-09-26,ok,0
power_price,es,nation,2021-01,60.1,eur_mwh,ember,2021-01-31,,2026-09-26,ok,0
power_price,es,nation,2021-02,28.54,eur_mwh,ember,2021-02-28,,2026-09-26,ok,0
power_price,es,nation,2021-03,45.48,eur_mwh,ember,2021-03-31,,2026-09-26,ok,0
power_price,es,nation,2021-04,65.06,eur_mwh,ember,2021-04-30,,2026-09-26,ok,0
power_price,es,nation,2021-05,67.18,eur_mwh,ember,2021-05-31,,2026-09-26,ok,0
power_price,es,nation,2021-06,83.31,eur_mwh,ember,2021-06-30,,2026-09-26,ok,0
power_price,es,nation,2021-07,92.37,eur_mwh,ember,2021-07-31,,2026-09-26,ok,0
power_price,es,nation,2021-08,106.08,eur_mwh,ember,2021-08-31,,2026-09-26,ok,0
power_price,es,nation,2021-09,156.4,eur_mwh,ember,2021-09-30,,2026-09-26,ok,0
power_price,es,nation,2021-10,199.67,eur_mwh,ember,2021-10-31,,2026-09-26,ok,0
power_price,es,nation,2021-11,193.72,eur_mwh,ember,2021-11-30,,2026-09-26,ok,0
power_price,es,nation,2021-12,238.97,eur_mwh,ember,2021-12-31,,2026-09-26,ok,0
power_price,es,nation,2022-01,201.8,eur_mwh,ember,2022-01-31,,2026-09-26,ok,0
power_price,es,nation,2022-02,200.31,eur_mwh,ember,2022-02-28,,2026-09-26,ok,0
power_price,es,nation,2022-03,283.19,eur_mwh,ember,2022-03-31,,2026-09-26,ok,0
power_price,es,nation,2022-04,191.52,eur_mwh,ember,2022-04-30,,2026-09-26,ok,0
power_price,es,nation,2022-05,187.16,eur_mwh,ember,2022-05-31,,2026-09-26,ok,0
power_price,es,nation,2022-06,169.43,eur_mwh,ember,2022-06-30,,2026-09-26,ok,0
power_price,es,nation,2022-07,142.68,eur_mwh,ember,2022-07-31,,2026-09-26,ok,0
power_price,es,nation,2022-08,154.99,eur_mwh,ember,2022-08-31,,2026-09-26,ok,0
power_price,es,nation,2022-09,140.92,eur_mwh,ember,2022-09-30,,2026-09-26,ok,0
power_price,es,nation,2022-10,127.22,eur_mwh,ember,2022-10-31,,2026-09-26,ok,0
power_price,es,nation,2022-11,115.57,eur_mwh,ember,2022-11-30,,2026-09-26,ok,0
power_price,es,nation,2022-12,96.75,eur_mwh,ember,2022-12-31,,2026-09-26,ok,0
power_price,es,nation,2023-01,69.73,eur_mwh,ember,2023-01-31,,2026-09-26,ok,0
power_price,es,nation,2023-02,133.49,eur_mwh,ember,2023-02-28,,2026-09-26,ok,0
power_price,es,nation,2023-03,89.58,eur_mwh,ember,2023-03-31,,2026-09-26,ok,0
power_price,es,nation,2023-04,73.82,eur_mwh,ember,2023-04-30,,2026-09-26,ok,0
power_price,es,nation,2023-05,74.17,eur_mwh,ember,2023-05-31,,2026-09-26,ok,0
power_price,es,nation,2023-06,93.05,eur_mwh,ember,2023-06-30,,2026-09-26,ok,0
power_price,es,nation,2023-07,90.46,eur_mwh,ember,2023-07-31,,2026-09-26,ok,0
power_price,es,nation,2023-08,96.09,eur_mwh,ember,2023-08-31,,2026-09-26,ok,0
power_price,es,nation,2023-09,103.36,eur_mwh,ember,2023-09-30,,2026-09-26,ok,0
power_price,es,nation,2023-10,89.84,eur_mwh,ember,2023-10-31,,2026-09-26,ok,0
power_price,es,nation,2023-11,63.57,eur_mwh,ember,2023-11-30,,2026-09-26,ok,0
power_price,es,nation,2023-12,72.12,eur_mwh,ember,2023-12-31,,2026-09-26,ok,0
power_price,es,nation,2024-01,74.11,eur_mwh,ember,2024-01-31,,2026-09-26,ok,0
power_price,es,nation,2024-02,39.9,eur_mwh,ember,2024-02-29,,2026-09-26,ok,0
power_price,es,nation,2024-03,20.28,eur_mwh,ember,2024-03-31,,2026-09-26,ok,0
power_price,es,nation,2024-04,13.77,eur_mwh,ember,2024-04-30,,2026-09-26,ok,0
power_price,es,nation,2024-05,30.32,eur_mwh,ember,2024-05-31,,2026-09-26,ok,0
power_price,es,nation,2024-06,56.26,eur_mwh,ember,2024-06-30,,2026-09-26,ok,0
power_price,es,nation,2024-07,72.43,eur_mwh,ember,2024-07-31,,2026-09-26,ok,0
power_price,es,nation,2024-08,91.1,eur_mwh,ember,2024-08-31,,2026-09-26,ok,0
power_price,es,nation,2024-09,72.54,eur_mwh,ember,2024-09-30,,2026-09-26,ok,0
power_price,es,nation,2024-10,68.49,eur_mwh,ember,2024-10-31,,2026-09-26,ok,0
power_price,fr,nation,2015-01,41.95,eur_mwh,ember,2015-01-31,,2026-09-26,ok,0
power_price,fr,nation,2015-02,50.14,eur_mwh,ember,2015-02-28,,2026-09-26,ok,0
power_price,fr,nation,2015-03,43.79,eur_mwh,ember,2015-03-31,,2026-09-26,ok,0
power_price,fr,nation,2015-04,39.52,eur_mwh,ember,2015-04-30,,2026-09-26,ok,0
power_price,fr,nation,2015-05,26.46,eur_mwh,ember,2015-05-31,,2026-09-26,ok,0
power_price,fr,nation,2015-06,32.16,eur_mwh,ember,2015-06-30,,2026-09-26,ok,0
power_price,fr,nation,2015-07,37.91,eur_mwh,ember,2015-07-31,,2026-09-26,ok,0
power_price,fr,nation,2015-08,32.19,eur_mwh,ember,2015-08-31,,2026-09-26,ok,0
power_price,fr,nation,2015-09,37.45,eur_mwh,ember,2015-09-30,,2026-09-26,ok,0
power_price,fr,nation,2015-10,44.96,eur_mwh,ember,2015-10-31,,2026-09-26,ok,0
power_price,fr,nation,2015-11,41.7,eur_mwh,ember,2015-11-30,,2026-09-26,ok,0
power_price,fr,nation,2015-12,35.13,eur_mwh,ember,2015-12-31,,2026-09-26,ok,0
power_price,fr,nation,2016-01,33.59,eur_mwh,ember,2016-01-31,,2026-09-26,ok,0
power_price,fr,nation,2016-02,25.54,eur_mwh,ember,2016-02-29,,2026-09-26,ok,0
power_price,fr,nation,2016-03,27.09,eur_mwh,ember,2016-03-31,,2026-09-26,ok,0
power_price,fr,nation,2016-04,25.48,eur_mwh,ember,2016-04-30,,2026-09-26,ok,0
power_price,fr,nation,2016-05,24.28,eur_mwh,ember,2016-05-31,,2026-09-26,ok,0
power_price,fr,nation,2016-06,28.02,eur_mwh,ember,2016-06-30,,2026-09-26,ok,0
power_price,fr,nation,2016-07,30.1,eur_mwh,ember,2016-07-31,,2026-09-26,ok,0
power_price,fr,nation,2016-08,29.72,eur_mwh,ember,2016-08-31,,2026-09-26,ok,0
power_price,fr,nation,2016-09,37.2,eur_mwh,ember,2016-09-30,,2026-09-26,ok,0
power_price,fr,nation,2016-10,55.17,eur_mwh,ember,2016-10-31,,2026-09-26,ok,0
power_price,fr,nation,2016-11,65.18,eur_mwh,ember,2016-11-30,,2026-09-26,ok,0
power_price,fr,nation,2016-12,59.24,eur_mwh,ember,2016-12-31,,2026-09-26,ok,0
power_price,fr,nation,2017-01,78,eur_mwh,ember,2017-01-31,,2026-09-26,ok,0
power_price,fr,nation,2017-02,51.14,eur_mwh,ember,2017-02-28,,2026-09-26,ok,0
power_price,fr,nation,2017-03,35.4,eur_mwh,ember,2017-03-31,,2026-09-26,ok,0
power_price,fr,nation,2017-04,34.74,eur_mwh,ember,2017-04-30,,2026-09-26,ok,0
power_price,fr,nation,2017-05,34.26,eur_mwh,ember,2017-05-31,,2026-09-26,ok,0
power_price,fr,nation,2017-06,32.74,eur_mwh,ember,2017-06-30,,2026-09-26,ok,0
power_price,fr,nation,2017-07,34.61,eur_mwh,ember,2017-07-31,,2026-09-26,ok,0
power_price,fr,nation,2017-08,32.02,eur_mwh,ember,2017-08-31,,2026-09-26,ok,0
power_price,fr,nation,2017-09,37,eur_mwh,ember,2017-09-30,,2026-09-26,ok,0
power_price,fr,nation,2017-10,49.68,eur_mwh,ember,2017-10-31,,2026-09-26,ok,0
power_price,fr,nation,2017-11,63.46,eur_mwh,ember,2017-11-30,,2026-09-26,ok,0
power_price,fr,nation,2017-12,56.69,eur_mwh,ember,2017-12-31,,2026-09-26,ok,0
power_price,fr,nation,2018-01,34.98,eur_mwh,ember,2018-01-31,,2026-09-26,ok,0
power_price,fr,nation,2018-02,48.78,eur_mwh,ember,2018-02-28,,2026-09-26,ok,0
power_price,fr,nation,2018-03,48.19,eur_mwh,ember,2018-03-31,,2026-09-26,ok,0
power_price,fr,nation,2018-04,33.54,eur_mwh,ember,2018-04-30,,2026-09-26,ok,0
power_price,fr,nation,2018-05,34.5,eur_mwh,ember,2018-05-31,,2026-09-26,ok,0
power_price,fr,nation,2018-06,42.29,eur_mwh,ember,2018-06-30,,2026-09-26,ok,0
power_price,fr,nation,2018-07,51.44,eur_mwh,ember,2018-07-31,,2026-09-26,ok,0
power_price,fr,nation,2018-08,58.45,eur_mwh,ember,2018-08-31,,2026-09-26,ok,0
power_price,fr,nation,2018-09,61.95,eur_mwh,ember,2018-09-30,,2026-09-26,ok,0
power_price,fr,nation,2018-10,65.64,eur_mwh,ember,2018-10-31,,2026-09-26,ok,0
power_price,fr,nation,2018-11,67.81,eur_mwh,ember,2018-11-30,,2026-09-26,ok,0
power_price,fr,nation,2018-12,54.89,eur_mwh,ember,2018-12-31,,2026-09-26,ok,0
power_price,fr,nation,2019-01,61.15,eur_mwh,ember,2019-01-31,,2026-09-26,ok,0
power_price,fr,nation,2019-02,46.61,eur_mwh,ember,2019-02-28,,2026-09-26,ok,0
power_price,fr,nation,2019-03,33.85,eur_mwh,ember,2019-03-31,,2026-09-26,ok,0
power_price,fr,nation,2019-04,38.1,eur_mwh,ember,2019-04-30,,2026-09-26,ok,0
power_price,fr,nation,2019-05,37.2,eur_mwh,ember,2019-05-31,,2026-09-26,ok,0
power_price,fr,nation,2019-06,29.24,eur_mwh,ember,2019-06-30,,2026-09-26,ok,0
power_price,fr,nation,2019-07,37.69,eur_mwh,ember,2019-07-31,,2026-09-26,ok,0
power_price,fr,nation,2019-08,33.36,eur_mwh,ember,2019-08-31,,2026-09-26,ok,0
power_price,fr,nation,2019-09,35.55,eur_mwh,ember,2019-09-30,,2026-09-26,ok,0
power_price,fr,nation,2019-10,38.62,eur_mwh,ember,2019-10-31,,2026-09-26,ok,0
power_price,fr,nation,2019-11,45.95,eur_mwh,ember,2019-11-30,,2026-09-26,ok,0
power_price,fr,nation,2019-12,36.47,eur_mwh,ember,2019-12-31,,2026-09-26,ok,0
power_price,fr,nation,2020-01,37.97,eur_mwh,ember,2020-01-31,,2026-09-26,ok,0
power_price,fr,nation,2020-02,26.25,eur_mwh,ember,2020-02-29,,2026-09-26,ok,0
power_price,fr,nation,2020-03,23.83,eur_mwh,ember,2020-03-31,,2026-09-26,ok,0
power_price,fr,nation,2020-04,13.41,eur_mwh,ember,2020-04-30,,2026-09-26,ok,0
power_price,fr,nation,2020-05,14.87,eur_mwh,ember,2020-05-31,,2026-09-26,ok,0
power_price,fr,nation,2020-06,25.85,eur_mwh,ember,2020-06-30,,2026-09-26,ok,0
power_price,fr,nation,2020-07,33.42,eur_mwh,ember,2020-07-31,,2026-09-26,ok,0
power_price,fr,nation,2020-08,36.76,eur_mwh,ember,2020-08-31,,2026-09-26,ok,0
power_price,fr,nation,2020-09,47.19,eur_mwh,ember,2020-09-30,,2026-09-26,ok,0
power_price,fr,nation,2020-10,37.87,eur_mwh,ember,2020-10-31,,2026-09-26,ok,0
power_price,fr,nation,2020-11,40.14,eur_mwh,ember,2020-11-30,,2026-09-26,ok,0
power_price,fr,nation,2020-12,48.42,eur_mwh,ember,2020-12-31,,2026-09-26,ok,0
power_price,fr,nation,2021-01,59.47,eur_mwh,ember,2021-01-31,,2026-09-26,ok,0
power_price,fr,nation,2021-02,49.01,eur_mwh,ember,2021-02-28,,2026-09-26,ok,0
power_price,fr,nation,2021-03,50.23,eur_mwh,ember,2021-03-31,,2026-09-26,ok,0
power_price,fr,nation,2021-04,63.15,eur_mwh,ember,2021-04-30,,2026-09-26,ok,0
power_price,fr,nation,2021-05,55.26,eur_mwh,ember,2021-05-31,,2026-09-26,ok,0
power_price,fr,nation,2021-06,73.56,eur_mwh,ember,2021-06-30,,2026-09-26,ok,0
power_price,fr,nation,2021-07,78.31,eur_mwh,ember,2021-07-31,,2026-09-26,ok,0
power_price,fr,nation,2021-08,77.4,eur_mwh,ember,2021-08-31,,2026-09-26,ok,0
power_price,fr,nation,2021-09,135.3,eur_mwh,ember,2021-09-30,,2026-09-26,ok,0
power_price,fr,nation,2021-10,172.54,eur_mwh,ember,2021-10-31,,2026-09-26,ok,0
power_price,fr,nation,2021-11,217.24,eur_mwh,ember,2021-11-30,,2026-09-26,ok,0
power_price,fr,nation,2021-12,274.51,eur_mwh,ember,2021-12-31,,2026-09-26,ok,0
power_price,fr,nation,2022-01,211.58,eur_mwh,ember,2022-01-31,,2026-09-26,ok,0
power_price,fr,nation,2022-02,185.63,eur_mwh,ember,2022-02-28,,2026-09-26,ok,0
power_price,fr,nation,2022-03,295.17,eur_mwh,ember,2022-03-31,,2026-09-26,ok,0
power_price,fr,nation,2022-04,232.92,eur_mwh,ember,2022-04-30,,2026-09-26,ok,0
power_price,fr,nation,2022-05,197.46,eur_mwh,ember,2022-05-31,,2026-09-26,ok,0
power_price,fr,nation,2022-06,248.73,eur_mwh,ember,2022-06-30,,2026-09-26,ok,0
power_price,fr,nation,2022-07,400.95,eur_mwh,ember,2022-07-31,,2026-09-26,ok,0
power_price,fr,nation,2022-08,492.99,eur_mwh,ember,2022-08-31,,2026-09-26,ok,0
power_price,fr,nation,2022-09,393.55,eur_mwh,ember,2022-09-30,,2026-09-26,ok,0
power_price,fr,nation,2022-10,178.89,eur_mwh,ember,2022-10-31,,2026-09-26,ok,0
power_price,fr,nation,2022-11,192.16,eur_mwh,ember,2022-11-30,,2026-09-26,ok,0
power_price,fr,nation,2022-12,270.49,eur_mwh,ember,2022-12-31,,2026-09-26,ok,0
power_price,fr,nation,2023-01,132.28,eur_mwh,ember,2023-01-31,,2026-09-26,ok,0
power_price,fr,nation,2023-02,148.78,eur_mwh,ember,2023-02-28,,2026-09-26,ok,0
power_price,fr,nation,2023-03,111.81,eur_mwh,ember,2023-03-31,,2026-09-26,ok,0
power_price,fr,nation,2023-04,106.45,eur_mwh,ember,2023-04-30,,2026-09-26,ok,0
power_price,fr,nation,2023-05,77.48,eur_mwh,ember,2023-05-31,,2026-09-26,ok,0
power_price,fr,nation,2023-06,91.28,eur_mwh,ember,2023-06-30,,2026-09-26,ok,0
power_price,fr,nation,2023-07,77.62,eur_mwh,ember,2023-07-31,,2026-09-26,ok,0
power_price,fr,nation,2023-08,90.96,eur_mwh,ember,2023-08-31,,2026-09-26,ok,0
power_price,fr,nation,2023-09,88.71,eur_mwh,ember,2023-09-30,,2026-09-26,ok,0
power_price,fr,nation,2023-10,84.2,eur_mwh,ember,2023-10-31,,2026-09-26,ok,0
power_price,fr,nation,2023-11,89.02,eur_mwh,ember,2023-11-30,,2026-09-26,ok,0
power_price,fr,nation,2023-12,68.33,eur_mwh,ember,2023-12-31,,2026-09-26,ok,0
power_price,fr,nation,2024-01,76.66,eur_mwh,ember,2024-01-31,,2026-09-26,ok,0
power_price,fr,nation,2024-02,58.39,eur_mwh,ember,2024-02-29,,2026-09-26,ok,0
power_price,fr,nation,2024-03,53.54,eur_mwh,ember,2024-03-31,,2026-09-26,ok,0
power_price,fr,nation,2024-04,28.23,eur_mwh,ember,2024-04-30,,2026-09-26,ok,0
power_price,fr,nation,2024-05,27.09,eur_mwh,ember,2024-05-31,,2026-09-26,ok,0
power_price,fr,nation,2024-06,37.78,eur_mwh,ember,2024-06-30,,2026-09-26,ok,0
power_price,fr,nation,2024-07,47.09,eur_mwh,ember,2024-07-31,,2026-09-26,ok,0
power_price,fr,nation,2024-08,54.56,eur_mwh,ember,2024-08-31,,2026-09-26,ok,0
power_price,fr,nation,2024-09,51.61,eur_mwh,ember,2024-09-30,,2026-09-26,ok,0
power_price,fr,nation,2024-10,62.25,eur_mwh,ember,2024-10-31,,2026-09-26,ok,0
power_price,ie,nation,2015-01,50.64,eur_mwh,ember,2015-01-31,,2026-09-26,ok,0
power_price,ie,nation,2015-02,58.21,eur_mwh,ember,2015-02-28,,2026-09-26,ok,0
power_price,ie,nation,2015-03,53.75,eur_mwh,ember,2015-03-31,,2026-09-26,ok,0
power_price,ie,nation,2015-04,53.61,eur_mwh,ember,2015-04-30,,2026-09-26,ok,0
power_price,ie,nation,2015-05,48.16,eur_mwh,ember,2015-05-31,,2026-09-26,ok,0
power_price,ie,nation,2015-06,49.39,eur_mwh,ember,2015-06-30,,2026-09-26,ok,0
power_price,ie,nation,2015-07,50.64,eur_mwh,ember,2015-07-31,,2026-09-26,ok,0
power_price,ie,nation,2015-08,47.27,eur_mwh,ember,2015-08-31,,2026-09-26,ok,0
power_price,ie,nation,2015-09,46.25,eur_mwh,ember,2015-09-30,,2026-09-26,ok,0
power_price,ie,nation,2015-10,43.95,eur_mwh,ember,2015-10-31,,2026-09-26,ok,0
power_price,ie,nation,2015-11,42.72,eur_mwh,ember,2015-11-30,,2026-09-26,ok,0
power_price,ie,nation,2015-12,39.87,eur_mwh,ember,2015-12-31,,2026-09-26,ok,0
power_price,ie,nation,2016-01,36.88,eur_mwh,ember,2016-01-31,,2026-09-26,ok,0
power_price,ie,nation,2016-02,35.94,eur_mwh,ember,2016-02-29,,2026-09-26,ok,0
power_price,ie,nation,2016-03,35.28,eur_mwh,ember,2016-03-31,,2026-09-26,ok,0
power_price,ie,nation,2016-04,34.14,eur_mwh,ember,2016-04-30,,2026-09-26,ok,0
power_price,ie,nation,2016-05,35.92,eur_mwh,ember,2016-05-31,,2026-09-26,ok,0
power_price,ie,nation,2016-06,38.14,eur_mwh,ember,2016-06-30,,2026-09-26,ok,0
power_price,ie,nation,2016-07,35.84,eur_mwh,ember,2016-07-31,,2026-09-26,ok,0
power_price,ie,nation,2016-08,33.98,eur_mwh,ember,2016-08-31,,2026-09-26,ok,0
power_price,ie,nation,2016-09,35.02,eur_mwh,ember,2016-09-30,,2026-09-26,ok,0
power_price,ie,nation,2016-10,47.85,eur_mwh,ember,2016-10-31,,2026-09-26,ok,0
power_price,ie,nation,2016-11,52.21,eur_mwh,ember,2016-11-30,,2026-09-26,ok,0
power_price,ie,nation,2016-12,49.81,eur_mwh,ember,2016-12-31,,2026-09-26,ok,0
power_price,ie,nation,2017-01,53.62,eur_mwh,ember,2017-01-31,,2026-09-26,ok,0
power_price,ie,nation,2017-02,51.51,eur_mwh,ember,2017-02-28,,2026-09-26,ok,0
power_price,ie,nation,2017-03,44.11,eur_mwh,ember,2017-03-31,,2026-09-26,ok,0
power_price,ie,nation,2017-04,43.86,eur_mwh,ember,2017-04-30,,2026-09-26,ok,0
power_price,ie,nation,2017-05,39.71,eur_mwh,ember,2017-05-31,,2026-09-26,ok,0
power_price,ie,nation,2017-06,36.59,eur_mwh,ember,2017-06-30,,2026-09-26,ok,0
power_price,ie,nation,2017-07,38.03,eur_mwh,ember,2017-07-31,,2026-09-26,ok,0
power_price,ie,nation,2017-08,43.27,eur_mwh,ember,2017-08-31,,2026-09-26,ok,0
power_price,ie,nation,2017-09,45.39,eur_mwh,ember,2017-09-30,,2026-09-26,ok,0
power_price,ie,nation,2017-10,45.25,eur_mwh,ember,2017-10-31,,2026-09-26,ok,0
power_price,ie,nation,2017-11,51.94,eur_mwh,ember,2017-11-30,,2026-09-26,ok,0
power_price,ie,nation,2017-12,55.49,eur_mwh,ember,2017-12-31,,2026-09-26,ok,0
power_price,ie,nation,2018-01,51.13,eur_mwh,ember,2018-01-31,,2026-09-26,ok,0
power_price,ie,nation,2018-02,53.56,eur_mwh,ember,2018-02-28,,2026-09-26,ok,0
power_price,ie,nation,2018-03,63.24,eur_mwh,ember,2018-03-31,,2026-09-26,ok,0
power_price,ie,nation,2018-04,53.34,eur_mwh,ember,2018-04-30,,2026-09-26,ok,0
power_price,ie,nation,2018-05,55.78,eur_mwh,ember,2018-05-31,,2026-09-26,ok,0
power_price,ie,nation,2018-06,55.48,eur_mwh,ember,2018-06-30,,2026-09-26,ok,0
power_price,ie,nation,2018-07,58.08,eur_mwh,ember,2018-07-31,,2026-09-26,ok,0
power_price,ie,nation,2018-08,62.89,eur_mwh,ember,2018-08-31,,2026-09-26,ok,0
power_price,ie,nation,2018-09,72.78,eur_mwh,ember,2018-09-30,,2026-09-26,ok,0
power_price,ie,nation,2018-10,73.62,eur_mwh,ember,2018-10-31,,2026-09-26,ok,0
power_price,ie,nation,2018-11,67.43,eur_mwh,ember,2018-11-30,,2026-09-26,ok,0
power_price,ie,nation,2018-12,75.5,eur_mwh,ember,2018-12-31,,2026-09-26,ok,0
power_price,ie,nation,2019-01,79.05,eur_mwh,ember,2019-01-31,,2026-09-26,ok,0
power_price,ie,nation,2019-02,54.82,eur_mwh,ember,2019-02-28,,2026-09-26,ok,0
power_price,ie,nation,2019-03,49.26,eur_mwh,ember,2019-03-31,,2026-09-26,ok,0
power_price,ie,nation,2019-04,49.42,eur_mwh,ember,2019-04-30,,2026-09-26,ok,0
power_price,ie,nation,2019-05,48.9,eur_mwh,ember,2019-05-31,,2026-09-26,ok,0
power_price,ie,nation,2019-06,41.75,eur_mwh,ember,2019-06-30,,2026-09-26,ok,0
power_price,ie,nation,2019-07,50.29,eur_mwh,ember,2019-07-31,,2026-09-26,ok,0
power_price,ie,nation,2019-08,45.58,eur_mwh,ember,2019-08-31,,2026-09-26,ok,0
power_price,ie,nation,2019-09,44.09,eur_mwh,ember,2019-09-30,,2026-09-26,ok,0
power_price,ie,nation,2019-10,41.36,eur_mwh,ember,2019-10-31,,2026-09-26,ok,0
power_price,ie,nation,2019-11,52,eur_mwh,ember,2019-11-30,,2026-09-26,ok,0
power_price,ie,nation,2019-12,45.44,eur_mwh,ember,2019-12-31,,2026-09-26,ok,0
power_price,ie,nation,2020-01,42.07,eur_mwh,ember,2020-01-31,,2026-09-26,ok,0
power_price,ie,nation,2020-02,33.02,eur_mwh,ember,2020-02-29,,2026-09-26,ok,0
power_price,ie,nation,2020-03,34.33,eur_mwh,ember,2020-03-31,,2026-09-26,ok,0
power_price,ie,nation,2020-04,27.99,eur_mwh,ember,2020-04-30,,2026-09-26,ok,0
power_price,ie,nation,2020-05,23.56,eur_mwh,ember,2020-05-31,,2026-09-26,ok,0
power_price,ie,nation,2020-06,25.97,eur_mwh,ember,2020-06-30,,2026-09-26,ok,0
power_price,ie,nation,2020-07,30.08,eur_mwh,ember,2020-07-31,,2026-09-26,ok,0
power_price,ie,nation,2020-08,36.9,eur_mwh,ember,2020-08-31,,2026-09-26,ok,0
power_price,ie,nation,2020-09,44.33,eur_mwh,ember,2020-09-30,,2026-09-26,ok,0
power_price,ie,nation,2020-10,47.82,eur_mwh,ember,2020-10-31,,2026-09-26,ok,0
power_price,ie,nation,2020-11,45.94,eur_mwh,ember,2020-11-30,,2026-09-26,ok,0
power_price,ie,nation,2020-12,58.83,eur_mwh,ember,2020-12-31,,2026-09-26,ok,0
power_price,ie,nation,2021-01,78.39,eur_mwh,ember,2021-01-31,,2026-09-26,ok,0
power_price,ie,nation,2021-02,57.56,eur_mwh,ember,2021-02-28,,2026-09-26,ok,0
power_price,ie,nation,2021-03,72.85,eur_mwh,ember,2021-03-31,,2026-09-26,ok,0
power_price,ie,nation,2021-04,85.5,eur_mwh,ember,2021-04-30,,2026-09-26,ok,0
power_price,ie,nation,2021-05,96.71,eur_mwh,ember,2021-05-31,,2026-09-26,ok,0
power_price,ie,nation,2021-06,95.06,eur_mwh,ember,2021-06-30,,2026-09-26,ok,0
power_price,ie,nation,2021-07,143.47,eur_mwh,ember,2021-07-31,,2026-09-26,ok,0
power_price,ie,nation,2021-08,131.48,eur_mwh,ember,2021-08-31,,2026-09-26,ok,0
power_price,ie,nation,2021-09,195.36,eur_mwh,ember,2021-09-30,,2026-09-26,ok,0
power_price,ie,nation,2021-10,218.04,eur_mwh,ember,2021-10-31,,2026-09-26,ok,0
power_price,ie,nation,2021-11,204.66,eur_mwh,ember,2021-11-30,,2026-09-26,ok,0
power_price,ie,nation,2021-12,250.4,eur_mwh,ember,2021-12-31,,2026-09-26,ok,0
power_price,ie,nation,2022-01,201.4,eur_mwh,ember,2022-01-31,,2026-09-26,ok,0
power_price,ie,nation,2022-02,175.23,eur_mwh,ember,2022-02-28,,2026-09-26,ok,0
power_price,ie,nation,2022-03,293.2,eur_mwh,ember,2022-03-31,,2026-09-26,ok,0
power_price,ie,nation,2022-10,154.68,eur_mwh,ember,2022-10-31,,2026-09-26,ok,0
power_price,ie,nation,2023-02,159.19,eur_mwh,ember,2023-02-28,,2026-09-26,ok,0
power_price,ie,nation,2023-05,105.54,eur_mwh,ember,2023-05-31,,2026-09-26,ok,0
power_price,ie,nation,2023-11,138.19,eur_mwh,ember,2023-11-30,,2026-09-26,ok,0
power_price,ie,nation,2024-01,100.19,eur_mwh,ember,2024-01-31,,2026-09-26,ok,0
power_price,ie,nation,2024-02,84.03,eur_mwh,ember,2024-02-29,,2026-09-26,ok,0
power_price,ie,nation,2024-03,86.64,eur_mwh,ember,2024-03-31,,2026-09-26,ok,0
power_price,ie,nation,2024-04,88.53,eur_mwh,ember,2024-04-30,,2026-09-26,ok,0
power_price,ie,nation,2024-05,107.79,eur_mwh,ember,2024-05-31,,2026-09-26,ok,0
power_price,ie,nation,2024-06,107.72,eur_mwh,ember,2024-06-30,,2026-09-26,ok,0
power_price,ie,nation,2024-07,110.94,eur_mwh,ember,2024-07-31,,2026-09-26,ok,0
power_price,ie,nation,2024-08,100.87,eur_mwh,ember,2024-08-31,,2026-09-26,ok,0
power_price,ie,nation,2024-09,112.72,eur_mwh,ember,2024-09-30,,2026-09-26,ok,0
power_price,ie,nation,2024-10,123.59,eur_mwh,ember,2024-10-31,,2026-09-26,ok,0
power_price,it,nation,2015-01,51.6,eur_mwh,ember,2015-01-31,,2026-09-26,ok,0
power_price,it,nation,2015-02,54.52,eur_mwh,ember,2015-02-28,,2026-09-26,ok,0
power_price,it,nation,2015-03,49.94,eur_mwh,ember,2015-03-31,,2026-09-26,ok,0
power_price,it,nation,2015-04,47.85,eur_mwh,ember,2015-04-30,,2026-09-26,ok,0
power_price,it,nation,2015-05,47.27,eur_mwh,ember,2015-05-31,,2026-09-26,ok,0
power_price,it,nation,2015-06,48.64,eur_mwh,ember,2015-06-30,,2026-09-26,ok,0
power_price,it,nation,2015-07,67.72,eur_mwh,ember,2015-07-31,,2026-09-26,ok,0
power_price,it,nation,2015-08,52.74,eur_mwh,ember,2015-08-31,,2026-09-26,ok,0
power_price,it,nation,2015-09,49.45,eur_mwh,ember,2015-09-30,,2026-09-26,ok,0
power_price,it,nation,2015-10,47.79,eur_mwh,ember,2015-10-31,,2026-09-26,ok,0
power_price,it,nation,2015-11,55.17,eur_mwh,ember,2015-11-30,,2026-09-26,ok,0
power_price,it,nation,2015-12,55.76,eur_mwh,ember,2015-12-31,,2026-09-26,ok,0
power_price,it,nation,2016-01,46.47,eur_mwh,ember,2016-01-31,,2026-09-26,ok,0
power_price,it,nation,2016-02,36.98,eur_mwh,ember,2016-02-29,,2026-09-26,ok,0
power_price,it,nation,2016-03,35.24,eur_mwh,ember,2016-03-31,,2026-09-26,ok,0
power_price,it,nation,2016-04,31.88,eur_mwh,ember,2016-04-30,,2026-09-26,ok,0
power_price,it,nation,2016-05,34.32,eur_mwh,ember,2016-05-31,,2026-09-26,ok,0
power_price,it,nation,2016-06,36.31,eur_mwh,ember,2016-06-30,,2026-09-26,ok,0
power_price,it,nation,2016-07,42.88,eur_mwh,ember,2016-07-31,,2026-09-26,ok,0
power_price,it,nation,2016-08,37.16,eur_mwh,ember,2016-08-31,,2026-09-26,ok,0
power_price,it,nation,2016-09,42.92,eur_mwh,ember,2016-09-30,,2026-09-26,ok,0
power_price,it,nation,2016-10,53.05,eur_mwh,ember,2016-10-31,,2026-09-26,ok,0
power_price,it,nation,2016-11,58.31,eur_mwh,ember,2016-11-30,,2026-09-26,ok,0
power_price,it,nation,2016-12,56.36,eur_mwh,ember,2016-12-31,,2026-09-26,ok,0
power_price,it,nation,2017-01,72.09,eur_mwh,ember,2017-01-31,,2026-09-26,ok,0
power_price,it,nation,2017-02,55.48,eur_mwh,ember,2017-02-28,,2026-09-26,ok,0
power_price,it,nation,2017-03,44.41,eur_mwh,ember,2017-03-31,,2026-09-26,ok,0
power_price,it,nation,2017-04,42.88,eur_mwh,ember,2017-04-30,,2026-09-26,ok,0
power_price,it,nation,2017-05,43.02,eur_mwh,ember,2017-05-31,,2026-09-26,ok,0
power_price,it,nation,2017-06,48.84,eur_mwh,ember,2017-06-30,,2026-09-26,ok,0
power_price,it,nation,2017-07,50.32,eur_mwh,ember,2017-07-31,,2026-09-26,ok,0
power_price,it,nation,2017-08,55.79,eur_mwh,ember,2017-08-31,,2026-09-26,ok,0
power_price,it,nation,2017-09,48.59,eur_mwh,ember,2017-09-30,,2026-09-26,ok,0
power_price,it,nation,2017-10,54.69,eur_mwh,ember,2017-10-31,,2026-09-26,ok,0
power_price,it,nation,2017-11,65.77,eur_mwh,ember,2017-11-30,,2026-09-26,ok,0
power_price,it,nation,2017-12,65.08,eur_mwh,ember,2017-12-31,,2026-09-26,ok,0
power_price,it,nation,2018-01,48.96,eur_mwh,ember,2018-01-31,,2026-09-26,ok,0
power_price,it,nation,2018-02,57.05,eur_mwh,ember,2018-02-28,,2026-09-26,ok,0
power_price,it,nation,2018-03,56.8,eur_mwh,ember,2018-03-31,,2026-09-26,ok,0
power_price,it,nation,2018-04,49.42,eur_mwh,ember,2018-04-30,,2026-09-26,ok,0
power_price,it,nation,2018-05,53.5,eur_mwh,ember,2018-05-31,,2026-09-26,ok,0
power_price,it,nation,2018-06,57.27,eur_mwh,ember,2018-06-30,,2026-09-26,ok,0
power_price,it,nation,2018-07,62.73,eur_mwh,ember,2018-07-31,,2026-09-26,ok,0
power_price,it,nation,2018-08,67.54,eur_mwh,ember,2018-08-31,,2026-09-26,ok,0
power_price,it,nation,2018-09,76.24,eur_mwh,ember,2018-09-30,,2026-09-26,ok,0
power_price,it,nation,2018-10,73.94,eur_mwh,ember,2018-10-31,,2026-09-26,ok,0
power_price,it,nation,2018-11,66.6,eur_mwh,ember,2018-11-30,,2026-09-26,ok,0
power_price,it,nation,2018-12,65.08,eur_mwh,ember,2018-12-31,,2026-09-26,ok,0
power_price,it,nation,2019-01,67.65,eur_mwh,ember,2019-01-31,,2026-09-26,ok,0
power_price,it,nation,2019-02,57.64,eur_mwh,ember,2019-02-28,,2026-09-26,ok,0
power_price,it,nation,2019-03,52.83,eur_mwh,ember,2019-03-31,,2026-09-26,ok,0
power_price,it,nation,2019-04,53.4,eur_mwh,ember,2019-04-30,,2026-09-26,ok,0
power_price,it,nation,2019-05,50.67,eur_mwh,ember,2019-05-31,,2026-09-26,ok,0
power_price,it,nation,2019-06,48.59,eur_mwh,ember,2019-06-30,,2026-09-26,ok,0
power_price,it,nation,2019-07,52.35,eur_mwh,ember,2019-07-31,,2026-09-26,ok,0
power_price,it,nation,2019-08,49.63,eur_mwh,ember,2019-08-31,,2026-09-26,ok,0
power_price,it,nation,2019-09,51.18,eur_mwh,ember,2019-09-30,,2026-09-26,ok,0
power_price,it,nation,2019-10,52.85,eur_mwh,ember,2019-10-31,,2026-09-26,ok,0
power_price,it,nation,2019-11,48.17,eur_mwh,ember,2019-11-30,,2026-09-26,ok,0
power_price,it,nation,2019-12,43.34,eur_mwh,ember,2019-12-31,,2026-09-26,ok,0
power_price,it,nation,2020-01,47.46,eur_mwh,ember,2020-01-31,,2026-09-26,ok,0
power_price,it,nation,2020-02,39.27,eur_mwh,ember,2020-02-29,,2026-09-26,ok,0
power_price,it,nation,2020-03,31.98,eur_mwh,ember,2020-03-31,,2026-09-26,ok,0
power_price,it,nation,2020-04,24.8,eur_mwh,ember,2020-04-30,,2026-09-26,ok,0
power_price,it,nation,2020-05,21.78,eur_mwh,ember,2020-05-31,,2026-09-26,ok,0
power_price,it,nation,2020-06,28.06,eur_mwh,ember,2020-06-30,,2026-09-26,ok,0
power_price,it,nation,2020-07,38,eur_mwh,ember,2020-07-31,,2026-09-26,ok,0
power_price,it,nation,2020-08,40.31,eur_mwh,ember,2020-08-31,,2026-09-26,ok,0
power_price,it,nation,2020-09,48.77,eur_mwh,ember,2020-09-30,,2026-09-26,ok,0
power_price,it,nation,2020-10,43.55,eur_mwh,ember,2020-10-31,,2026-09-26,ok,0
power_price,it,nation,2020-11,48.77,eur_mwh,ember,2020-11-30,,2026-09-26,ok,0
power_price,it,nation,2020-12,54.08,eur_mwh,ember,2020-12-31,,2026-09-26,ok,0
power_price,it,nation,2021-01,60.7,eur_mwh,ember,2021-01-31,,2026-09-26,ok,0
power_price,it,nation,2021-02,56.57,eur_mwh,ember,2021-02-28,,2026-09-26,ok,0
power_price,it,nation,2021-03,60.41,eur_mwh,ember,2021-03-31,,2026-09-26,ok,0
power_price,it,nation,2021-04,69.07,eur_mwh,ember,2021-04-30,,2026-09-26,ok,0
power_price,it,nation,2021-05,69.94,eur_mwh,ember,2021-05-31,,2026-09-26,ok,0
power_price,it,nation,2021-06,84.88,eur_mwh,ember,2021-06-30,,2026-09-26,ok,0
power_price,it,nation,2021-07,102.72,eur_mwh,ember,2021-07-31,,2026-09-26,ok,0
power_price,it,nation,2021-08,112.66,eur_mwh,ember,2021-08-31,,2026-09-26,ok,0
power_price,it,nation,2021-09,158.75,eur_mwh,ember,2021-09-30,,2026-09-26,ok,0
power_price,it,nation,2021-10,217.66,eur_mwh,ember,2021-10-31,,2026-09-26,ok,0
power_price,it,nation,2021-11,226.02,eur_mwh,ember,2021-11-30,,2026-09-26,ok,0
power_price,it,nation,2021-12,280.97,eur_mwh,ember,2021-12-31,,2026-09-26,ok,0
power_price,it,nation,2022-01,224.49,eur_mwh,ember,2022-01-31,,2026-09-26,ok,0
power_price,it,nation,2022-02,211.75,eur_mwh,ember,2022-02-28,,2026-09-26,ok,0
power_price,it,nation,2022-03,307.99,eur_mwh,ember,2022-03-31,,2026-09-26,ok,0
power_price,it,nation,2022-04,245.78,eur_mwh,ember,2022-04-30,,2026-09-26,ok,0
power_price,it,nation,2022-05,230.05,eur_mwh,ember,2022-05-31,,2026-09-26,ok,0
power_price,it,nation,2022-06,271.58,eur_mwh,ember,2022-06-30,,2026-09-26,ok,0
power_price,it,nation,2022-07,441.74,eur_mwh,ember,2022-07-31,,2026-09-26,ok,0
power_price,it,nation,2022-08,543.48,eur_mwh,ember,2022-08-31,,2026-09-26,ok,0
power_price,it,nation,2022-09,429.21,eur_mwh,ember,2022-09-30,,2026-09-26,ok,0
power_price,it,nation,2022-10,211.26,eur_mwh,ember,2022-10-31,,2026-09-26,ok,0
power_price,it,nation,2022-11,224.72,eur_mwh,ember,2022-11-30,,2026-09-26,ok,0
power_price,it,nation,2022-12,294.81,eur_mwh,ember,2022-12-31,,2026-09-26,ok,0
power_price,it,nation,2023-01,174.44,eur_mwh,ember,2023-01-31,,2026-09-26,ok,0
power_price,it,nation,2023-02,161.03,eur_mwh,ember,2023-02-28,,2026-09-26,ok,0
power_price,it,nation,2023-03,136.25,eur_mwh,ember,2023-03-31,,2026-09-26,ok,0
power_price,it,nation,2023-04,134.92,eur_mwh,ember,2023-04-30,,2026-09-26,ok,0
power_price,it,nation,2023-05,105.65,eur_mwh,ember,2023-05-31,,2026-09-26,ok,0
power_price,it,nation,2023-06,105.39,eur_mwh,ember,2023-06-30,,2026-09-26,ok,0
power_price,it,nation,2023-07,112.07,eur_mwh,ember,2023-07-31,,2026-09-26,ok,0
power_price,it,nation,2023-08,111.97,eur_mwh,ember,2023-08-31,,2026-09-26,ok,0
power_price,it,nation,2023-09,115.69,eur_mwh,ember,2023-09-30,,2026-09-26,ok,0
power_price,it,nation,2023-10,134.21,eur_mwh,ember,2023-10-31,,2026-09-26,ok,0
power_price,it,nation,2023-11,121.78,eur_mwh,ember,2023-11-30,,2026-09-26,ok,0
power_price,it,nation,2023-12,115.45,eur_mwh,ember,2023-12-31,,2026-09-26,ok,0
power_price,it,nation,2024-01,99.14,eur_mwh,ember,2024-01-31,,2026-09-26,ok,0
power_price,it,nation,2024-02,87.61,eur_mwh,ember,2024-02-29,,2026-09-26,ok,0
power_price,it,nation,2024-03,88.85,eur_mwh,ember,2024-03-31,,2026-09-26,ok,0
power_price,it,nation,2024-04,86.77,eur_mwh,ember,2024-04-30,,2026-09-26,ok,0
power_price,it,nation,2024-05,94.91,eur_mwh,ember,2024-05-31,,2026-09-26,ok,0
power_price,it,nation,2024-06,103.16,eur_mwh,ember,2024-06-30,,2026-09-26,ok,0
power_price,it,nation,2024-07,112.37,eur_mwh,ember,2024-07-31,,2026-09-26,ok,0
power_price,it,nation,2024-08,128.47,eur_mwh,ember,2024-08-31,,2026-09-26,ok,0
power_price,it,nation,2024-09,117.08,eur_mwh,ember,2024-09-30,,2026-09-26,ok,0
power_price,it,nation,2024-10,116.71,eur_mwh,ember,2024-10-31,,2026-09-26,ok,0
power_price,nl,nation,2015-01,41.18,eur_mwh,ember,2015-01-31,,2026-09-26,ok,0
power_price,nl,nation,2015-02,46.37,eur_mwh,ember,2015-02-28,,2026-09-26,ok,0
power_price,nl,nation,2015-03,42.18,eur_mwh,ember,2015-03-31,,2026-09-26,ok,0
power_price,nl,nation,2015-04,41.4,eur_mwh,ember,2015-04-30,,2026-09-26,ok,0
power_price,nl,nation,2015-05,37.34,eur_mwh,ember,2015-05-31,,2026-09-26,ok,0
power_price,nl,nation,2015-06,38.73,eur_mwh,ember,2015-06-30,,2026-09-26,ok,0
power_price,nl,nation,2015-07,42.19,eur_mwh,ember,2015-07-31,,2026-09-26,ok,0
power_price,nl,nation,2015-08,38.87,eur_mwh,ember,2015-08-31,,2026-09-26,ok,0
power_price,nl,nation,2015-09,39.65,eur_mwh,ember,2015-09-30,,2026-09-26,ok,0
power_price,nl,nation,2015-10,41.45,eur_mwh,ember,2015-10-31,,2026-09-26,ok,0
power_price,nl,nation,2015-11,38.44,eur_mwh,ember,2015-11-30,,2026-09-26,ok,0
power_price,nl,nation,2015-12,33.71,eur_mwh,ember,2015-12-31,,2026-09-26,ok,0
power_price,nl,nation,2016-01,31.56,eur_mwh,ember,2016-01-31,,2026-09-26,ok,0
power_price,nl,nation,2016-02,25.2,eur_mwh,ember,2016-02-29,,2026-09-26,ok,0
power_price,nl,nation,2016-03,26.14,eur_mwh,ember,2016-03-31,,2026-09-26,ok,0
power_price,nl,nation,2016-04,25.32,eur_mwh,ember,2016-04-30,,2026-09-26,ok,0
power_price,nl,nation,2016-05,27.2,eur_mwh,ember,2016-05-31,,2026-09-26,ok,0
power_price,nl,nation,2016-06,32.6,eur_mwh,ember,2016-06-30,,2026-09-26,ok,0
power_price,nl,nation,2016-07,33.07,eur_mwh,ember,2016-07-31,,2026-09-26,ok,0
power_price,nl,nation,2016-08,28.35,eur_mwh,ember,2016-08-31,,2026-09-26,ok,0
power_price,nl,nation,2016-09,32.87,eur_mwh,ember,2016-09-30,,2026-09-26,ok,0
power_price,nl,nation,2016-10,38.01,eur_mwh,ember,2016-10-31,,2026-09-26,ok,0
power_price,nl,nation,2016-11,42.85,eur_mwh,ember,2016-11-30,,2026-09-26,ok,0
power_price,nl,nation,2016-12,43.5,eur_mwh,ember,2016-12-31,,2026-09-26,ok,0
power_price,nl,nation,2017-01,50.76,eur_mwh,ember,2017-01-31,,2026-09-26,ok,0
power_price,nl,nation,2017-02,43.06,eur_mwh,ember,2017-02-28,,2026-09-26,ok,0
power_price,nl,nation,2017-03,34.53,eur_mwh,ember,2017-03-31,,2026-09-26,ok,0
power_price,nl,nation,2017-04,35.35,eur_mwh,ember,2017-04-30,,2026-09-26,ok,0
power_price,nl,nation,2017-05,35.06,eur_mwh,ember,2017-05-31,,2026-09-26,ok,0
power_price,nl,nation,2017-06,33.3,eur_mwh,ember,2017-06-30,,2026-09-26,ok,0
power_price,nl,nation,2017-07,34.46,eur_mwh,ember,2017-07-31,,2026-09-26,ok,0
power_price,nl,nation,2017-08,33.06,eur_mwh,ember,2017-08-31,,2026-09-26,ok,0
power_price,nl,nation,2017-09,38.75,eur_mwh,ember,2017-09-30,,2026-09-26,ok,0
power_price,nl,nation,2017-10,39.88,eur_mwh,ember,2017-10-31,,2026-09-26,ok,0
power_price,nl,nation,2017-11,47.27,eur_mwh,ember,2017-11-30,,2026-09-26,ok,0
power_price,nl,nation,2017-12,46.47,eur_mwh,ember,2017-12-31,,2026-09-26,ok,0
power_price,nl,nation,2018-01,38.8,eur_mwh,ember,2018-01-31,,2026-09-26,ok,0
power_price,nl,nation,2018-02,44.57,eur_mwh,ember,2018-02-28,,2026-09-26,ok,0
power_price,nl,nation,2018-03,51.82,eur_mwh,ember,2018-03-31,,2026-09-26,ok,0
power_price,nl,nation,2018-04,39.72,eur_mwh,ember,2018-04-30,,2026-09-26,ok,0
power_price,nl,nation,2018-05,47.08,eur_mwh,ember,2018-05-31,,2026-09-26,ok,0
power_price,nl,nation,2018-06,51.36,eur_mwh,ember,2018-06-30,,2026-09-26,ok,0
power_price,nl,nation,2018-07,53.3,eur_mwh,ember,2018-07-31,,2026-09-26,ok,0
power_price,nl,nation,2018-08,58.02,eur_mwh,ember,2018-08-31,,2026-09-26,ok,0
power_price,nl,nation,2018-09,63.32,eur_mwh,ember,2018-09-30,,2026-09-26,ok,0
power_price,nl,nation,2018-10,59.93,eur_mwh,ember,2018-10-31,,2026-09-26,ok,0
power_price,nl,nation,2018-11,62.29,eur_mwh,ember,2018-11-30,,2026-09-26,ok,0
power_price,nl,nation,2018-12,59.66,eur_mwh,ember,2018-12-31,,2026-09-26,ok,0
power_price,nl,nation,2019-01,58.3,eur_mwh,ember,2019-01-31,,2026-09-26,ok,0
power_price,nl,nation,2019-02,46.85,eur_mwh,ember,2019-02-28,,2026-09-26,ok,0
power_price,nl,nation,2019-03,40.5,eur_mwh,ember,2019-03-31,,2026-09-26,ok,0
power_price,nl,nation,2019-04,40.84,eur_mwh,ember,2019-04-30,,2026-09-26,ok,0
power_price,nl,nation,2019-05,40.19,eur_mwh,ember,2019-05-31,,2026-09-26,ok,0
power_price,nl,nation,2019-06,36.23,eur_mwh,ember,2019-06-30,,2026-09-26,ok,0
power_price,nl,nation,2019-07,39.62,eur_mwh,ember,2019-07-31,,2026-09-26,ok,0
power_price,nl,nation,2019-08,37.41,eur_mwh,ember,2019-08-31,,2026-09-26,ok,0
power_price,nl,nation,2019-09,36.58,eur_mwh,ember,2019-09-30,,2026-09-26,ok,0
power_price,nl,nation,2019-10,37.96,eur_mwh,ember,2019-10-31,,2026-09-26,ok,0
power_price,nl,nation,2019-11,42.71,eur_mwh,ember,2019-11-30,,2026-09-26,ok,0
power_price,nl,nation,2019-12,37.4,eur_mwh,ember,2019-12-31,,2026-09-26,ok,0
power_price,nl,nation,2020-01,37.07,eur_mwh,ember,2020-01-31,,2026-09-26,ok,0
power_price,nl,nation,2020-02,29.55,eur_mwh,ember,2020-02-29,,2026-09-26,ok,0
power_price,nl,nation,2020-03,24.75,eur_mwh,ember,2020-03-31,,2026-09-26,ok,0
power_price,nl,nation,2020-04,18.97,eur_mwh,ember,2020-04-30,,2026-09-26,ok,0
power_price,nl,nation,2020-05,17.67,eur_mwh,ember,2020-05-31,,2026-09-26,ok,0
power_price,nl,nation,2020-06,26.26,eur_mwh,ember,2020-06-30,,2026-09-26,ok,0
power_price,nl,nation,2020-07,29.35,eur_mwh,ember,2020-07-31,,2026-09-26,ok,0
power_price,nl,nation,2020-08,34.07,eur_mwh,ember,2020-08-31,,2026-09-26,ok,0
power_price,nl,nation,2020-09,42.6,eur_mwh,ember,2020-09-30,,2026-09-26,ok,0
power_price,nl,nation,2020-10,37.11,eur_mwh,ember,2020-10-31,,2026-09-26,ok,0
power_price,nl,nation,2020-11,41.05,eur_mwh,ember,2020-11-30,,2026-09-26,ok,0
power_price,nl,nation,2020-12,48.28,eur_mwh,ember,2020-12-31,,2026-09-26,ok,0
power_price,nl,nation,2021-01,53.62,eur_mwh,ember,2021-01-31,,2026-09-26,ok,0
power_price,nl,nation,2021-02,49.23,eur_mwh,ember,2021-02-28,,2026-09-26,ok,0
power_price,nl,nation,2021-03,48.89,eur_mwh,ember,2021-03-31,,2026-09-26,ok,0
power_price,nl,nation,2021-04,53.87,eur_mwh,ember,2021-04-30,,2026-09-26,ok,0
power_price,nl,nation,2021-05,56.12,eur_mwh,ember,2021-05-31,,2026-09-26,ok,0
power_price,nl,nation,2021-06,76.51,eur_mwh,ember,2021-06-30,,2026-09-26,ok,0
power_price,nl,nation,2021-07,82.58,eur_mwh,ember,2021-07-31,,2026-09-26,ok,0
power_price,nl,nation,2021-08,86.66,eur_mwh,ember,2021-08-31,,2026-09-26,ok,0
power_price,nl,nation,2021-09,136.39,eur_mwh,ember,2021-09-30,,2026-09-26,ok,0
power_price,nl,nation,2021-10,163.81,eur_mwh,ember,2021-10-31,,2026-09-26,ok,0
power_price,nl,nation,2021-11,186.3,eur_mwh,ember,2021-11-30,,2026-09-26,ok,0
power_price,nl,nation,2021-12,237.8,eur_mwh,ember,2021-12-31,,2026-09-26,ok,0
power_price,nl,nation,2022-01,189.24,eur_mwh,ember,2022-01-31,,2026-09-26,ok,0
power_price,nl,nation,2022-02,168.29,eur_mwh,ember,2022-02-28,,2026-09-26,ok,0
power_price,nl,nation,2022-03,261.03,eur_mwh,ember,2022-03-31,,2026-09-26,ok,0
power_price,nl,nation,2022-04,195.31,eur_mwh,ember,2022-04-30,,2026-09-26,ok,0
power_price,nl,nation,2022-05,181.4,eur_mwh,ember,2022-05-31,,2026-09-26,ok,0
power_price,nl,nation,2022-06,210.7,eur_mwh,ember,2022-06-30,,2026-09-26,ok,0
power_price,nl,nation,2022-07,306.86,eur_mwh,ember,2022-07-31,,2026-09-26,ok,0
power_price,nl,nation,2022-08,447.25,eur_mwh,ember,2022-08-31,,2026-09-26,ok,0
power_price,nl,nation,2022-09,340.89,eur_mwh,ember,2022-09-30,,2026-09-26,ok,0
power_price,nl,nation,2022-10,155.51,eur_mwh,ember,2022-10-31,,2026-09-26,ok,0
power_price,nl,nation,2022-11,179.48,eur_mwh,ember,2022-11-30,,2026-09-26,ok,0
power_price,nl,nation,2022-12,258.49,eur_mwh,ember,2022-12-31,,2026-09-26,ok,0
power_price,nl,nation,2023-01,126.13,eur_mwh,ember,2023-01-31,,2026-09-26,ok,0
power_price,nl,nation,2023-02,134.91,eur_mwh,ember,2023-02-28,,2026-09-26,ok,0
power_price,nl,nation,2023-03,104.44,eur_mwh,ember,2023-03-31,,2026-09-26,ok,0
power_price,nl,nation,2023-04,98.71,eur_mwh,ember,2023-04-30,,2026-09-26,ok,0
power_price,nl,nation,2023-05,77.88,eur_mwh,ember,2023-05-31,,2026-09-26,ok,0
power_price,nl,nation,2023-06,92.04,eur_mwh,ember,2023-06-30,,2026-09-26,ok,0
power_price,nl,nation,2023-07,71.69,eur_mwh,ember,2023-07-31,,2026-09-26,ok,0
power_price,nl,nation,2023-08,91.42,eur_mwh,ember,2023-08-31,,2026-09-26,ok,0
power_price,nl,nation,2023-09,98.7,eur_mwh,ember,2023-09-30,,2026-09-26,ok,0
power_price,nl,nation,2023-10,90.19,eur_mwh,ember,2023-10-31,,2026-09-26,ok,0
power_price,nl,nation,2023-11,94.46,eur_mwh,ember,2023-11-30,,2026-09-26,ok,0
power_price,nl,nation,2023-12,73.04,eur_mwh,ember,2023-12-31,,2026-09-26,ok,0
power_price,nl,nation,2024-01,78.43,eur_mwh,ember,2024-01-31,,2026-09-26,ok,0
power_price,nl,nation,2024-02,63.91,eur_mwh,ember,2024-02-29,,2026-09-26,ok,0
power_price,nl,nation,2024-03,63.38,eur_mwh,ember,2024-03-31,,2026-09-26,ok,0
power_price,nl,nation,2024-04,58.42,eur_mwh,ember,2024-04-30,,2026-09-26,ok,0
power_price,nl,nation,2024-05,65.7,eur_mwh,ember,2024-05-31,,2026-09-26,ok,0
power_price,nl,nation,2024-06,68.06,eur_mwh,ember,2024-06-30,,2026-09-26,ok,0
power_price,nl,nation,2024-07,65.04,eur_mwh,ember,2024-07-31,,2026-09-26,ok,0
power_price,nl,nation,2024-08,77.1,eur_mwh,ember,2024-08-31,,2026-09-26,ok,0
power_price,nl,nation,2024-09,77.62,eur_mwh,ember,2024-09-30,,2026-09-26,ok,0
power_price,nl,nation,2024-10,87.8,eur_mwh,ember,2024-10-31,,2026-09-26,ok,0
power_price,no,nation,2015-01,29.19,eur_mwh,ember,2015-01-31,,2026-09-26,ok,0
power_price,no,nation,2015-02,28.46,eur_mwh,ember,2015-02-28,,2026-09-26,ok,0
power_price,no,nation,2015-03,24.94,eur_mwh,ember,2015-03-31,,2026-09-26,ok,0
power_price,no,nation,2015-04,25,eur_mwh,ember,2015-04-30,,2026-09-26,ok,0
power_price,no,nation,2015-05,22.05,eur_mwh,ember,2015-05-31,,2026-09-26,ok,0
power_price,no,nation,2015-06,13.71,eur_mwh,ember,2015-06-30,,2026-09-26,ok,0
power_price,no,nation,2015-07,8.94,eur_mwh,ember,2015-07-31,,2026-09-26,ok,0
power_price,no,nation,2015-08,11.69,eur_mwh,ember,2015-08-31,,2026-09-26,ok,0
power_price,no,nation,2015-09,15.19,eur_mwh,ember,2015-09-30,,2026-09-26,ok,0
power_price,no,nation,2015-10,21.45,eur_mwh,ember,2015-10-31,,2026-09-26,ok,0
power_price,no,nation,2015-11,24.25,eur_mwh,ember,2015-11-30,,2026-09-26,ok,0
power_price,no,nation,2015-12,17.81,eur_mwh,ember,2015-12-31,,2026-09-26,ok,0
power_price,no,nation,2016-01,27.91,eur_mwh,ember,2016-01-31,,2026-09-26,ok,0
power_price,no,nation,2016-02,19.19,eur_mwh,ember,2016-02-29,,2026-09-26,ok,0
power_price,no,nation,2016-03,21.38,eur_mwh,ember,2016-03-31,,2026-09-26,ok,0
power_price,no,nation,2016-04,21.83,eur_mwh,ember,2016-04-30,,2026-09-26,ok,0
power_price,no,nation,2016-05,22.74,eur_mwh,ember,2016-05-31,,2026-09-26,ok,0
power_price,no,nation,2016-06,25.42,eur_mwh,ember,2016-06-30,,2026-09-26,ok,0
power_price,no,nation,2016-07,24.74,eur_mwh,ember,2016-07-31,,2026-09-26,ok,0
power_price,no,nation,2016-08,23.63,eur_mwh,ember,2016-08-31,,2026-09-26,ok,0
power_price,no,nation,2016-09,24.21,eur_mwh,ember,2016-09-30,,2026-09-26,ok,0
power_price,no,nation,2016-10,31.96,eur_mwh,ember,2016-10-31,,2026-09-26,ok,0
power_price,no,nation,2016-11,38.04,eur_mwh,ember,2016-11-30,,2026-09-26,ok,0
power_price,no,nation,2016-12,31.39,eur_mwh,ember,2016-12-31,,2026-09-26,ok,0
power_price,no,nation,2017-01,29.97,eur_mwh,ember,2017-01-31,,2026-09-26,ok,0
power_price,no,nation,2017-02,31.32,eur_mwh,ember,2017-02-28,,2026-09-26,ok,0
power_price,no,nation,2017-03,30.04,eur_mwh,ember,2017-03-31,,2026-09-26,ok,0
power_price,no,nation,2017-04,28.96,eur_mwh,ember,2017-04-30,,2026-09-26,ok,0
power_price,no,nation,2017-05,27.96,eur_mwh,ember,2017-05-31,,2026-09-26,ok,0
power_price,no,nation,2017-06,23.7,eur_mwh,ember,2017-06-30,,2026-09-26,ok,0
power_price,no,nation,2017-07,24.98,eur_mwh,ember,2017-07-31,,2026-09-26,ok,0
power_price,no,nation,2017-08,26.09,eur_mwh,ember,2017-08-31,,2026-09-26,ok,0
power_price,no,nation,2017-09,30.35,eur_mwh,ember,2017-09-30,,2026-09-26,ok,0
power_price,no,nation,2017-10,27.77,eur_mwh,ember,2017-10-31,,2026-09-26,ok,0
power_price,no,nation,2017-11,31.48,eur_mwh,ember,2017-11-30,,2026-09-26,ok,0
power_price,no,nation,2017-12,30.7,eur_mwh,ember,2017-12-31,,2026-09-26,ok,0
power_price,no,nation,2018-01,32.16,eur_mwh,ember,2018-01-31,,2026-09-26,ok,0
power_price,no,nation,2018-02,38.34,eur_mwh,ember,2018-02-28,,2026-09-26,ok,0
power_price,no,nation,2018-03,43.6,eur_mwh,ember,2018-03-31,,2026-09-26,ok,0
power_price,no,nation,2018-04,38.9,eur_mwh,ember,2018-04-30,,2026-09-26,ok,0
power_price,no,nation,2018-05,33.58,eur_mwh,ember,2018-05-31,,2026-09-26,ok,0
power_price,no,nation,2018-06,44.79,eur_mwh,ember,2018-06-30,,2026-09-26,ok,0
power_price,no,nation,2018-07,51.76,eur_mwh,ember,2018-07-31,,2026-09-26,ok,0
power_price,no,nation,2018-08,50.97,eur_mwh,ember,2018-08-31,,2026-09-26,ok,0
power_price,no,nation,2018-09,46.99,eur_mwh,ember,2018-09-30,,2026-09-26,ok,0
power_price,no,nation,2018-10,41.95,eur_mwh,ember,2018-10-31,,2026-09-26,ok,0
power_price,no,nation,2018-11,47.66,eur_mwh,ember,2018-11-30,,2026-09-26,ok,0
power_price,no,nation,2018-12,51.48,eur_mwh,ember,2018-12-31,,2026-09-26,ok,0
power_price,no,nation,2019-01,54.4,eur_mwh,ember,2019-01-31,,2026-09-26,ok,0
power_price,no,nation,2019-02,45.95,eur_mwh,ember,2019-02-28,,2026-09-26,ok,0
power_price,no,nation,2019-03,41.68,eur_mwh,ember,2019-03-31,,2026-09-26,ok,0
power_price,no,nation,2019-04,41.34,eur_mwh,ember,2019-04-30,,2026-09-26,ok,0
power_price,no,nation,2019-05,39.13,eur_mwh,ember,2019-05-31,,2026-09-26,ok,0
power_price,no,nation,2019-06,28.51,eur_mwh,ember,2019-06-30,,2026-09-26,ok,0
power_price,no,nation,2019-07,34.79,eur_mwh,ember,2019-07-31,,2026-09-26,ok,0
power_price,no,nation,2019-08,35.36,eur_mwh,ember,2019-08-31,,2026-09-26,ok,0
power_price,no,nation,2019-09,31.21,eur_mwh,ember,2019-09-30,,2026-09-26,ok,0
power_price,no,nation,2019-10,36.63,eur_mwh,ember,2019-10-31,,2026-09-26,ok,0
power_price,no,nation,2019-11,41.86,eur_mwh,ember,2019-11-30,,2026-09-26,ok,0
power_price,no,nation,2019-12,37.14,eur_mwh,ember,2019-12-31,,2026-09-26,ok,0
power_price,no,nation,2020-01,24.2,eur_mwh,ember,2020-01-31,,2026-09-26,ok,0
power_price,no,nation,2020-02,12.86,eur_mwh,ember,2020-02-29,,2026-09-26,ok,0
power_price,no,nation,2020-03,8.37,eur_mwh,ember,2020-03-31,,2026-09-26,ok,0
power_price,no,nation,2020-04,4.69,eur_mwh,ember,2020-04-30,,2026-09-26,ok,0
power_price,no,nation,2020-05,7.77,eur_mwh,ember,2020-05-31,,2026-09-26,ok,0
power_price,no,nation,2020-06,2.1,eur_mwh,ember,2020-06-30,,2026-09-26,ok,0
power_price,no,nation,2020-07,1.88,eur_mwh,ember,2020-07-31,,2026-09-26,ok,0
power_price,no,nation,2020-08,4.67,eur_mwh,ember,2020-08-31,,2026-09-26,ok,0
power_price,no,nation,2020-09,9.21,eur_mwh,ember,2020-09-30,,2026-09-26,ok,0
power_price,no,nation,2020-10,12.33,eur_mwh,ember,2020-10-31,,2026-09-26,ok,0
power_price,no,nation,2020-11,4.86,eur_mwh,ember,2020-11-30,,2026-09-26,ok,0
power_price,no,nation,2020-12,17.95,eur_mwh,ember,2020-12-31,,2026-09-26,ok,0
power_price,no,nation,2021-01,45.79,eur_mwh,ember,2021-01-31,,2026-09-26,ok,0
power_price,no,nation,2021-02,48.01,eur_mwh,ember,2021-02-28,,2026-09-26,ok,0
power_price,no,nation,2021-03,35.6,eur_mwh,ember,2021-03-31,,2026-09-26,ok,0
power_price,no,nation,2021-04,38.2,eur_mwh,ember,2021-04-30,,2026-09-26,ok,0
power_price,no,nation,2021-05,43.4,eur_mwh,ember,2021-05-31,,2026-09-26,ok,0
power_price,no,nation,2021-06,41.71,eur_mwh,ember,2021-06-30,,2026-09-26,ok,0
power_price,no,nation,2021-07,48.64,eur_mwh,ember,2021-07-31,,2026-09-26,ok,0
power_price,no,nation,2021-08,63.86,eur_mwh,ember,2021-08-31,,2026-09-26,ok,0
power_price,no,nation,2021-09,85.25,eur_mwh,ember,2021-09-30,,2026-09-26,ok,0
power_price,no,nation,2021-10,70.33,eur_mwh,ember,2021-10-31,,2026-09-26,ok,0
power_price,no,nation,2021-11,82.16,eur_mwh,ember,2021-11-30,,2026-09-26,ok,0
power_price,no,nation,2021-12,135.92,eur_mwh,ember,2021-12-31,,2026-09-26,ok,0
power_price,no,nation,2022-01,101.33,eur_mwh,ember,2022-01-31,,2026-09-26,ok,0
power_price,no,nation,2022-02,84.58,eur_mwh,ember,2022-02-28,,2026-09-26,ok,0
power_price,no,nation,2022-03,131.45,eur_mwh,ember,2022-03-31,,2026-09-26,ok,0
power_price,no,nation,2022-04,127.81,eur_mwh,ember,2022-04-30,,2026-09-26,ok,0
power_price,no,nation,2022-05,106.69,eur_mwh,ember,2022-05-31,,2026-09-26,ok,0
power_price,no,nation,2022-06,104,eur_mwh,ember,2022-06-30,,2026-09-26,ok,0
power_price,no,nation,2022-07,128.94,eur_mwh,ember,2022-07-31,,2026-09-26,ok,0
power_price,no,nation,2022-08,246.07,eur_mwh,ember,2022-08-31,,2026-09-26,ok,0
power_price,no,nation,2022-09,238.52,eur_mwh,ember,2022-09-30,,2026-09-26,ok,0
power_price,no,nation,2022-10,89.32,eur_mwh,ember,2022-10-31,,2026-09-26,ok,0
power_price,no,nation,2022-11,88.74,eur_mwh,ember,2022-11-30,,2026-09-26,ok,0
power_price,no,nation,2022-12,217.2,eur_mwh,ember,2022-12-31,,2026-09-26,ok,0
power_price,no,nation,2023-01,97.09,eur_mwh,ember,2023-01-31,,2026-09-26,ok,0
power_price,no,nation,2023-02,80.8,eur_mwh,ember,2023-02-28,,2026-09-26,ok,0
power_price,no,nation,2023-03,82.45,eur_mwh,ember,2023-03-31,,2026-09-26,ok,0
power_price,no,nation,2023-04,79.47,eur_mwh,ember,2023-04-30,,2026-09-26,ok,0
power_price,no,nation,2023-05,51.39,eur_mwh,ember,2023-05-31,,2026-09-26,ok,0
power_price,no,nation,2023-06,51.78,eur_mwh,ember,2023-06-30,,2026-09-26,ok,0
power_price,no,nation,2023-07,35.87,eur_mwh,ember,2023-07-31,,2026-09-26,ok,0
power_price,no,nation,2023-08,28.87,eur_mwh,ember,2023-08-31,,2026-09-26,ok,0
power_price,no,nation,2023-09,15.8,eur_mwh,ember,2023-09-30,,2026-09-26,ok,0
power_price,no,nation,2023-10,30.11,eur_mwh,ember,2023-10-31,,2026-09-26,ok,0
power_price,no,nation,2023-11,76.72,eur_mwh,ember,2023-11-30,,2026-09-26,ok,0
power_price,no,nation,2023-12,74.66,eur_mwh,ember,2023-12-31,,2026-09-26,ok,0
power_price,no,nation,2024-01,69.42,eur_mwh,ember,2024-01-31,,2026-09-26,ok,0
power_price,no,nation,2024-02,52.64,eur_mwh,ember,2024-02-29,,2026-09-26,ok,0
power_price,no,nation,2024-03,56.14,eur_mwh,ember,2024-03-31,,2026-09-26,ok,0
power_price,no,nation,2024-04,49.98,eur_mwh,ember,2024-04-30,,2026-09-26,ok,0
power_price,no,nation,2024-05,29.62,eur_mwh,ember,2024-05-31,,2026-09-26,ok,0
power_price,no,nation,2024-06,31.96,eur_mwh,ember,2024-06-30,,2026-09-26,ok,0
power_price,no,nation,2024-07,27.21,eur_mwh,ember,2024-07-31,,2026-09-26,ok,0
power_price,no,nation,2024-08,19.09,eur_mwh,ember,2024-08-31,,2026-09-26,ok,0
power_price,no,nation,2024-09,21.28,eur_mwh,ember,2024-09-30,,2026-09-26,ok,0
power_price,no,nation,2024-10,28.32,eur_mwh,ember,2024-10-31,,2026-09-26,ok,0
power_price,pl,nation,2015-01,34.34,eur_mwh,ember,2015-01-31,,2026-09-26,ok,0
power_price,pl,nation,2015-02,36.23,eur_mwh,ember,2015-02-28,,2026-09-26,ok,0
power_price,pl,nation,2015-03,32.64,eur_mwh,ember,2015-03-31,,2026-09-26,ok,0
power_price,pl,nation,2015-04,34.04,eur_mwh,ember,2015-04-30,,2026-09-26,ok,0
power_price,pl,nation,2015-05,39.07,eur_mwh,ember,2015-05-31,,2026-09-26,ok,0
power_price,pl,nation,2015-06,38.87,eur_mwh,ember,2015-06-30,,2026-09-26,ok,0
power_price,pl,nation,2015-07,40.05,eur_mwh,ember,2015-07-31,,2026-09-26,ok,0
power_price,pl,nation,2015-08,42.34,eur_mwh,ember,2015-08-31,,2026-09-26,ok,0
power_price,pl,nation,2015-09,41.59,eur_mwh,ember,2015-09-30,,2026-09-26,ok,0
power_price,pl,nation,2015-10,38.89,eur_mwh,ember,2015-10-31,,2026-09-26,ok,0
power_price,pl,nation,2015-11,34.9,eur_mwh,ember,2015-11-30,,2026-09-26,ok,0
power_price,pl,nation,2015-12,33.87,eur_mwh,ember,2015-12-31,,2026-09-26,ok,0
power_price,pl,nation,2016-01,38.45,eur_mwh,ember,2016-01-31,,2026-09-26,ok,0
power_price,pl,nation,2016-02,31.7,eur_mwh,ember,2016-02-29,,2026-09-26,ok,0
power_price,pl,nation,2016-03,32.69,eur_mwh,ember,2016-03-31,,2026-09-26,ok,0
power_price,pl,nation,2016-04,35.9,eur_mwh,ember,2016-04-30,,2026-09-26,ok,0
power_price,pl,nation,2016-05,33.47,eur_mwh,ember,2016-05-31,,2026-09-26,ok,0
power_price,pl,nation,2016-06,45.23,eur_mwh,ember,2016-06-30,,2026-09-26,ok,0
power_price,pl,nation,2016-07,34.62,eur_mwh,ember,2016-07-31,,2026-09-26,ok,0
power_price,pl,nation,2016-08,32.41,eur_mwh,ember,2016-08-31,,2026-09-26,ok,0
power_price,pl,nation,2016-09,34.69,eur_mwh,ember,2016-09-30,,2026-09-26,ok,0
power_price,pl,nation,2016-10,38.58,eur_mwh,ember,2016-10-31,,2026-09-26,ok,0
power_price,pl,nation,2016-11,36.8,eur_mwh,ember,2016-11-30,,2026-09-26,ok,0
power_price,pl,nation,2016-12,34.56,eur_mwh,ember,2016-12-31,,2026-09-26,ok,0
power_price,pl,nation,2017-01,36.75,eur_mwh,ember,2017-01-31,,2026-09-26,ok,0
power_price,pl,nation,2017-02,36.04,eur_mwh,ember,2017-02-28,,2026-09-26,ok,0
power_price,pl,nation,2017-03,34.39,eur_mwh,ember,2017-03-31,,2026-09-26,ok,0
power_price,pl,nation,2017-04,33.16,eur_mwh,ember,2017-04-30,,2026-09-26,ok,0
power_price,pl,nation,2017-05,35.5,eur_mwh,ember,2017-05-31,,2026-09-26,ok,0
power_price,pl,nation,2017-06,36.06,eur_mwh,ember,2017-06-30,,2026-09-26,ok,0
power_price,pl,nation,2017-07,36.39,eur_mwh,ember,2017-07-31,,2026-09-26,ok,0
power_price,pl,nation,2017-08,38.46,eur_mwh,ember,2017-08-31,,2026-09-26,ok,0
power_price,pl,nation,2017-09,39.51,eur_mwh,ember,2017-09-30,,2026-09-26,ok,0
power_price,pl,nation,2017-10,40.06,eur_mwh,ember,2017-10-31,,2026-09-26,ok,0
power_price,pl,nation,2017-11,39.53,eur_mwh,ember,2017-11-30,,2026-09-26,ok,0
power_price,pl,nation,2017-12,35.49,eur_mwh,ember,2017-12-31,,2026-09-26,ok,0
power_price,pl,nation,2018-01,38.84,eur_mwh,ember,2018-01-31,,2026-09-26,ok,0
power_price,pl,nation,2018-02,44.51,eur_mwh,ember,2018-02-28,,2026-09-26,ok,0
power_price,pl,nation,2018-03,48.79,eur_mwh,ember,2018-03-31,,2026-09-26,ok,0
power_price,pl,nation,2018-04,43.18,eur_mwh,ember,2018-04-30,,2026-09-26,ok,0
power_price,pl,nation,2018-05,51.2,eur_mwh,ember,2018-05-31,,2026-09-26,ok,0
power_price,pl,nation,2018-06,52.89,eur_mwh,ember,2018-06-30,,2026-09-26,ok,0
power_price,pl,nation,2018-07,52.62,eur_mwh,ember,2018-07-31,,2026-09-26,ok,0
power_price,pl,nation,2018-08,59.47,eur_mwh,ember,2018-08-31,,2026-09-26,ok,0
power_price,pl,nation,2018-09,63.12,eur_mwh,ember,2018-09-30,,2026-09-26,ok,0
power_price,pl,nation,2018-10,58.91,eur_mwh,ember,2018-10-31,,2026-09-26,ok,0
power_price,pl,nation,2018-11,58.68,eur_mwh,ember,2018-11-30,,2026-09-26,ok,0
power_price,pl,nation,2018-12,53.38,eur_mwh,ember,2018-12-31,,2026-09-26,ok,0
power_price,pl,nation,2019-01,56.14,eur_mwh,ember,2019-01-31,,2026-09-26,ok,0
power_price,pl,nation,2019-02,49.48,eur_mwh,ember,2019-02-28,,2026-09-26,ok,0
power_price,pl,nation,2019-03,46.56,eur_mwh,ember,2019-03-31,,2026-09-26,ok,0
power_price,pl,nation,2019-04,53.2,eur_mwh,ember,2019-04-30,,2026-09-26,ok,0
power_price,pl,nation,2019-05,55.4,eur_mwh,ember,2019-05-31,,2026-09-26,ok,0
power_price,pl,nation,2019-06,58.34,eur_mwh,ember,2019-06-30,,2026-09-26,ok,0
power_price,pl,nation,2019-07,56.5,eur_mwh,ember,2019-07-31,,2026-09-26,ok,0
power_price,pl,nation,2019-08,61.56,eur_mwh,ember,2019-08-31,,2026-09-26,ok,0
power_price,pl,nation,2019-09,55.99,eur_mwh,ember,2019-09-30,,2026-09-26,ok,0
power_price,pl,nation,2019-10,53.17,eur_mwh,ember,2019-10-31,,2026-09-26,ok,0
power_price,pl,nation,2019-11,50.32,eur_mwh,ember,2019-11-30,,2026-09-26,ok,0
power_price,pl,nation,2019-12,44.55,eur_mwh,ember,2019-12-31,,2026-09-26,ok,0
power_price,pl,nation,2020-01,44.14,eur_mwh,ember,2020-01-31,,2026-09-26,ok,0
power_price,pl,nation,2020-02,40.87,eur_mwh,ember,2020-02-29,,2026-09-26,ok,0
power_price,pl,nation,2020-03,36.94,eur_mwh,ember,2020-03-31,,2026-09-26,ok,0
power_price,pl,nation,2020-04,33.3,eur_mwh,ember,2020-04-30,,2026-09-26,ok,0
power_price,pl,nation,2020-05,38.55,eur_mwh,ember,2020-05-31,,2026-09-26,ok,0
power_price,pl,nation,2020-06,48.39,eur_mwh,ember,2020-06-30,,2026-09-26,ok,0
power_price,pl,nation,2020-07,48.98,eur_mwh,ember,2020-07-31,,2026-09-26,ok,0
power_price,pl,nation,2020-08,52.29,eur_mwh,ember,2020-08-31,,2026-09-26,ok,0
power_price,pl,nation,2020-09,53.74,eur_mwh,ember,2020-09-30,,2026-09-26,ok,0
power_price,pl,nation,2020-10,52.19,eur_mwh,ember,2020-10-31,,2026-09-26,ok,0
power_price,pl,nation,2020-11,53.55,eur_mwh,ember,2020-11-30,,2026-09-26,ok,0
power_price,pl,nation,2020-12,56.65,eur_mwh,ember,2020-12-31,,2026-09-26,ok,0
power_price,pl,nation,2021-01,54.79,eur_mwh,ember,2021-01-31,,2026-09-26,ok,0
power_price,pl,nation,2021-02,58.89,eur_mwh,ember,2021-02-28,,2026-09-26,ok,0
power_price,pl,nation,2021-03,59.63,eur_mwh,ember,2021-03-31,,2026-09-26,ok,0
power_price,pl,nation,2021-04,59.36,eur_mwh,ember,2021-04-30,,2026-09-26,ok,0
power_price,pl,nation,2021-05,65.65,eur_mwh,ember,2021-05-31,,2026-09-26,ok,0
power_price,pl,nation,2021-06,76.23,eur_mwh,ember,2021-06-30,,2026-09-26,ok,0
power_price,pl,nation,2021-07,82.34,eur_mwh,ember,2021-07-31,,2026-09-26,ok,0
power_price,pl,nation,2021-08,82.4,eur_mwh,ember,2021-08-31,,2026-09-26,ok,0
power_price,pl,nation,2021-09,102.24,eur_mwh,ember,2021-09-30,,2026-09-26,ok,0
power_price,pl,nation,2021-10,103.23,eur_mwh,ember,2021-10-31,,2026-09-26,ok,0
power_price,pl,nation,2021-11,117.8,eur_mwh,ember,2021-11-30,,2026-09-26,ok,0
power_price,pl,nation,2021-12,179.38,eur_mwh,ember,2021-12-31,,2026-09-26,ok,0
power_price,pl,nation,2022-01,143.99,eur_mwh,ember,2022-01-31,,2026-09-26,ok,0
power_price,pl,nation,2022-02,116.81,eur_mwh,ember,2022-02-28,,2026-09-26,ok,0
power_price,pl,nation,2022-03,141.33,eur_mwh,ember,2022-03-31,,2026-09-26,ok,0
power_price,pl,nation,2022-04,124.27,eur_mwh,ember,2022-04-30,,2026-09-26,ok,0
power_price,pl,nation,2022-05,140.64,eur_mwh,ember,2022-05-31,,2026-09-26,ok,0
power_price,pl,nation,2022-06,185.27,eur_mwh,ember,2022-06-30,,2026-09-26,ok,0
power_price,pl,nation,2022-07,220.08,eur_mwh,ember,2022-07-31,,2026-09-26,ok,0
power_price,pl,nation,2022-08,268.88,eur_mwh,ember,2022-08-31,,2026-09-26,ok,0
power_price,pl,nation,2022-09,175.5,eur_mwh,ember,2022-09-30,,2026-09-26,ok,0
power_price,pl,nation,2022-10,134.12,eur_mwh,ember,2022-10-31,,2026-09-26,ok,0
power_price,pl,nation,2022-11,170.95,eur_mwh,ember,2022-11-30,,2026-09-26,ok,0
power_price,pl,nation,2022-12,173.55,eur_mwh,ember,2022-12-31,,2026-09-26,ok,0
power_price,pl,nation,2023-01,132.59,eur_mwh,ember,2023-01-31,,2026-09-26,ok,0
power_price,pl,nation,2023-02,136.85,eur_mwh,ember,2023-02-28,,2026-09-26,ok,0
power_price,pl,nation,2023-03,120.43,eur_mwh,ember,2023-03-31,,2026-09-26,ok,0
power_price,pl,nation,2023-04,122.03,eur_mwh,ember,2023-04-30,,2026-09-26,ok,0
power_price,pl,nation,2023-05,105.67,eur_mwh,ember,2023-05-31,,2026-09-26,ok,0
power_price,pl,nation,2023-06,118.3,eur_mwh,ember,2023-06-30,,2026-09-26,ok,0
power_price,pl,nation,2023-07,115.73,eur_mwh,ember,2023-07-31,,2026-09-26,ok,0
power_price,pl,nation,2023-08,107.06,eur_mwh,ember,2023-08-31,,2026-09-26,ok,0
power_price,pl,nation,2023-09,109.83,eur_mwh,ember,2023-09-30,,2026-09-26,ok,0
power_price,pl,nation,2023-10,95.38,eur_mwh,ember,2023-10-31,,2026-09-26,ok,0
power_price,pl,nation,2023-11,98.43,eur_mwh,ember,2023-11-30,,2026-09-26,ok,0
power_price,pl,nation,2023-12,80.08,eur_mwh,ember,2023-12-31,,2026-09-26,ok,0
power_price,pl,nation,2024-01,93.48,eur_mwh,ember,2024-01-31,,2026-09-26,ok,0
power_price,pl,nation,2024-02,75.97,eur_mwh,ember,2024-02-29,,2026-09-26,ok,0
power_price,pl,nation,2024-03,75.36,eur_mwh,ember,2024-03-31,,2026-09-26,ok,0
power_price,pl,nation,2024-04,80.88,eur_mwh,ember,2024-04-30,,2026-09-26,ok,0
power_price,pl,nation,2024-05,85.63,eur_mwh,ember,2024-05-31,,2026-09-26,ok,0
power_price,pl,nation,2024-06,105.53,eur_mwh,ember,2024-06-30,,2026-09-26,ok,0
power_price,pl,nation,2024-07,109.01,eur_mwh,ember,2024-07-31,,2026-09-26,ok,0
power_price,pl,nation,2024-08,100.12,eur_mwh,ember,2024-08-31,,2026-09-26,ok,0
power_price,pl,nation,2024-09,94.99,eur_mwh,ember,2024-09-30,,2026-09-26,ok,0
power_price,pl,nation,2024-10,103.16,eur_mwh,ember,2024-10-31,,2026-09-26,ok,0
power_price,pt,nation,2015-01,51.77,eur_mwh,ember,2015-01-31,,2026-09-26,ok,0
power_price,pt,nation,2015-02,42.61,eur_mwh,ember,2015-02-28,,2026-09-26,ok,0
power_price,pt,nation,2015-03,43.15,eur_mwh,ember,2015-03-31,,2026-09-26,ok,0
power_price,pt,nation,2015-04,45.54,eur_mwh,ember,2015-04-30,,2026-09-26,ok,0
power_price,pt,nation,2015-05,45.21,eur_mwh,ember,2015-05-31,,2026-09-26,ok,0
power_price,pt,nation,2015-06,54.76,eur_mwh,ember,2015-06-30,,2026-09-26,ok,0
power_price,pt,nation,2015-07,59.59,eur_mwh,ember,2015-07-31,,2026-09-26,ok,0
power_price,pt,nation,2015-08,55.62,eur_mwh,ember,2015-08-31,,2026-09-26,ok,0
power_price,pt,nation,2015-09,52.42,eur_mwh,ember,2015-09-30,,2026-09-26,ok,0
power_price,pt,nation,2015-10,49.88,eur_mwh,ember,2015-10-31,,2026-09-26,ok,0
power_price,pt,nation,2015-11,51.48,eur_mwh,ember,2015-11-30,,2026-09-26,ok,0
power_price,pt,nation,2015-12,52.89,eur_mwh,ember,2015-12-31,,2026-09-26,ok,0
power_price,pt,nation,2016-01,36.38,eur_mwh,ember,2016-01-31,,2026-09-26,ok,0
power_price,pt,nation,2016-02,27.33,eur_mwh,ember,2016-02-29,,2026-09-26,ok,0
power_price,pt,nation,2016-03,27.68,eur_mwh,ember,2016-03-31,,2026-09-26,ok,0
power_price,pt,nation,2016-04,23.48,eur_mwh,ember,2016-04-30,,2026-09-26,ok,0
power_price,pt,nation,2016-05,24.98,eur_mwh,ember,2016-05-31,,2026-09-26,ok,0
power_price,pt,nation,2016-06,38.31,eur_mwh,ember,2016-06-30,,2026-09-26,ok,0
power_price,pt,nation,2016-07,40.35,eur_mwh,ember,2016-07-31,,2026-09-26,ok,0
power_price,pt,nation,2016-08,41.13,eur_mwh,ember,2016-08-31,,2026-09-26,ok,0
power_price,pt,nation,2016-09,43.63,eur_mwh,ember,2016-09-30,,2026-09-26,ok,0
power_price,pt,nation,2016-10,52.8,eur_mwh,ember,2016-10-31,,2026-09-26,ok,0
power_price,pt,nation,2016-11,56.27,eur_mwh,ember,2016-11-30,,2026-09-26,ok,0
power_price,pt,nation,2016-12,60.27,eur_mwh,ember,2016-12-31,,2026-09-26,ok,0
power_price,pt,nation,2017-01,71.54,eur_mwh,ember,2017-01-31,,2026-09-26,ok,0
power_price,pt,nation,2017-02,51.35,eur_mwh,ember,2017-02-28,,2026-09-26,ok,0
power_price,pt,nation,2017-03,43.92,eur_mwh,ember,2017-03-31,,2026-09-26,ok,0
power_price,pt,nation,2017-04,44.17,eur_mwh,ember,2017-04-30,,2026-09-26,ok,0
power_price,pt,nation,2017-05,47.18,eur_mwh,ember,2017-05-31,,2026-09-26,ok,0
power_price,pt,nation,2017-06,50.2,eur_mwh,ember,2017-06-30,,2026-09-26,ok,0
power_price,pt,nation,2017-07,48.6,eur_mwh,ember,2017-07-31,,2026-09-26,ok,0
power_price,pt,nation,2017-08,47.43,eur_mwh,ember,2017-08-31,,2026-09-26,ok,0
power_price,pt,nation,2017-09,49.17,eur_mwh,ember,2017-09-30,,2026-09-26,ok,0
power_price,pt,nation,2017-10,56.98,eur_mwh,ember,2017-10-31,,2026-09-26,ok,0
power_price,pt,nation,2017-11,59.39,eur_mwh,ember,2017-11-30,,2026-09-26,ok,0
power_price,pt,nation,2017-12,59.43,eur_mwh,ember,2017-12-31,,2026-09-26,ok,0
power_price,pt,nation,2018-01,51.68,eur_mwh,ember,2018-01-31,,2026-09-26,ok,0
power_price,pt,nation,2018-02,54.97,eur_mwh,ember,2018-02-28,,2026-09-26,ok,0
power_price,pt,nation,2018-03,39.72,eur_mwh,ember,2018-03-31,,2026-09-26,ok,0
power_price,pt,nation,2018-04,42.68,eur_mwh,ember,2018-04-30,,2026-09-26,ok,0
power_price,pt,nation,2018-05,55.15,eur_mwh,ember,2018-05-31,,2026-09-26,ok,0
power_price,pt,nation,2018-06,58.47,eur_mwh,ember,2018-06-30,,2026-09-26,ok,0
power_price,pt,nation,2018-07,61.84,eur_mwh,ember,2018-07-31,,2026-09-26,ok,0
power_price,pt,nation,2018-08,64.3,eur_mwh,ember,2018-08-31,,2026-09-26,ok,0
power_price,pt,nation,2018-09,71.28,eur_mwh,ember,2018-09-30,,2026-09-26,ok,0
power_price,pt,nation,2018-10,65.41,eur_mwh,ember,2018-10-31,,2026-09-26,ok,0
power_price,pt,nation,2018-11,62.01,eur_mwh,ember,2018-11-30,,2026-09-26,ok,0
power_price,pt,nation,2018-12,61.86,eur_mwh,ember,2018-12-31,,2026-09-26,ok,0
power_price,pt,nation,2019-01,62.66,eur_mwh,ember,2019-01-31,,2026-09-26,ok,0
power_price,pt,nation,2019-02,54.73,eur_mwh,ember,2019-02-28,,2026-09-26,ok,0
power_price,pt,nation,2019-03,49.22,eur_mwh,ember,2019-03-31,,2026-09-26,ok,0
power_price,pt,nation,2019-04,50.65,eur_mwh,ember,2019-04-30,,2026-09-26,ok,0
power_price,pt,nation,2019-05,48.75,eur_mwh,ember,2019-05-31,,2026-09-26,ok,0
power_price,pt,nation,2019-06,47.18,eur_mwh,ember,2019-06-30,,2026-09-26,ok,0
power_price,pt,nation,2019-07,51.46,eur_mwh,ember,2019-07-31,,2026-09-26,ok,0
power_price,pt,nation,2019-08,44.95,eur_mwh,ember,2019-08-31,,2026-09-26,ok,0
power_price,pt,nation,2019-09,42.16,eur_mwh,ember,2019-09-30,,2026-09-26,ok,0
power_price,pt,nation,2019-10,47.19,eur_mwh,ember,2019-10-31,,2026-09-26,ok,0
power_price,pt,nation,2019-11,42.12,eur_mwh,ember,2019-11-30,,2026-09-26,ok,0
power_price,pt,nation,2019-12,33.68,eur_mwh,ember,2019-12-31,,2026-09-26,ok,0
power_price,pt,nation,2020-01,40.9,eur_mwh,ember,2020-01-31,,2026-09-26,ok,0
power_price,pt,nation,2020-02,36.03,eur_mwh,ember,2020-02-29,,2026-09-26,ok,0
power_price,pt,nation,2020-03,27.85,eur_mwh,ember,2020-03-31,,2026-09-26,ok,0
power_price,pt,nation,2020-04,17.73,eur_mwh,ember,2020-04-30,,2026-09-26,ok,0
power_price,pt,nation,2020-05,21.44,eur_mwh,ember,2020-05-31,,2026-09-26,ok,0
power_price,pt,nation,2020-06,30.66,eur_mwh,ember,2020-06-30,,2026-09-26,ok,0
power_price,pt,nation,2020-07,34.62,eur_mwh,ember,2020-07-31,,2026-09-26,ok,0
power_price,pt,nation,2020-08,36.13,eur_mwh,ember,2020-08-31,,2026-09-26,ok,0
power_price,pt,nation,2020-09,41.92,eur_mwh,ember,2020-09-30,,2026-09-26,ok,0
power_price,pt,nation,2020-10,36.43,eur_mwh,ember,2020-10-31,,2026-09-26,ok,0
power_price,pt,nation,2020-11,42.11,eur_mwh,ember,2020-11-30,,2026-09-26,ok,0
power_price,pt,nation,2020-12,42.04,eur_mwh,ember,2020-12-31,,2026-09-26,ok,0
power_price,pt,nation,2021-01,60.63,eur_mwh,ember,2021-01-31,,2026-09-26,ok,0
power_price,pt,nation,2021-02,28.24,eur_mwh,ember,2021-02-28,,2026-09-26,ok,0
power_price,pt,nation,2021-03,45.42,eur_mwh,ember,2021-03-31,,2026-09-26,ok,0
power_price,pt,nation,2021-04,64.98,eur_mwh,ember,2021-04-30,,2026-09-26,ok,0
power_price,pt,nation,2021-05,67.18,eur_mwh,ember,2021-05-31,,2026-09-26,ok,0
power_price,pt,nation,2021-06,83.3,eur_mwh,ember,2021-06-30,,2026-09-26,ok,0
power_price,pt,nation,2021-07,92.55,eur_mwh,ember,2021-07-31,,2026-09-26,ok,0
power_price,pt,nation,2021-08,106.13,eur_mwh,ember,2021-08-31,,2026-09-26,ok,0
power_price,pt,nation,2021-09,156.79,eur_mwh,ember,2021-09-30,,2026-09-26,ok,0
power_price,pt,nation,2021-10,199.7,eur_mwh,ember,2021-10-31,,2026-09-26,ok,0
power_price,pt,nation,2021-11,193.79,eur_mwh,ember,2021-11-30,,2026-09-26,ok,0
power_price,pt,nation,2021-12,239.07,eur_mwh,ember,2021-12-31,,2026-09-26,ok,0
power_price,pt,nation,2022-01,201.98,eur_mwh,ember,2022-01-31,,2026-09-26,ok,0
power_price,pt,nation,2022-02,200.81,eur_mwh,ember,2022-02-28,,2026-09-26,ok,0
power_price,pt,nation,2022-03,283.09,eur_mwh,ember,2022-03-31,,2026-09-26,ok,0
power_price,pt,nation,2022-04,192.01,eur_mwh,ember,2022-04-30,,2026-09-26,ok,0
power_price,pt,nation,2022-05,187.19,eur_mwh,ember,2022-05-31,,2026-09-26,ok,0
power_price,pt,nation,2022-06,169.63,eur_mwh,ember,2022-06-30,,2026-09-26,ok,0
power_price,pt,nation,2022-07,143.83,eur_mwh,ember,2022-07-31,,2026-09-26,ok,0
power_price,pt,nation,2022-08,157.36,eur_mwh,ember,2022-08-31,,2026-09-26,ok,0
power_price,pt,nation,2022-09,141.1,eur_mwh,ember,2022-09-30,,2026-09-26,ok,0
power_price,pt,nation,2022-10,127.22,eur_mwh,ember,2022-10-31,,2026-09-26,ok,0
power_price,pt,nation,2022-11,115.4,eur_mwh,ember,2022-11-30,,2026-09-26,ok,0
power_price,pt,nation,2022-12,96.35,eur_mwh,ember,2022-12-31,,2026-09-26,ok,0
power_price,pt,nation,2023-01,69.53,eur_mwh,ember,2023-01-31,,2026-09-26,ok,0
power_price,pt,nation,2023-02,134.25,eur_mwh,ember,2023-02-28,,2026-09-26,ok,0
power_price,pt,nation,2023-03,89.93,eur_mwh,ember,2023-03-31,,2026-09-26,ok,0
power_price,pt,nation,2023-04,77.05,eur_mwh,ember,2023-04-30,,2026-09-26,ok,0
power_price,pt,nation,2023-05,76.05,eur_mwh,ember,2023-05-31,,2026-09-26,ok,0
power_price,pt,nation,2023-06,95.62,eur_mwh,ember,2023-06-30,,2026-09-26,ok,0
power_price,pt,nation,2023-07,93.79,eur_mwh,ember,2023-07-31,,2026-09-26,ok,0
power_price,pt,nation,2023-08,97.91,eur_mwh,ember,2023-08-31,,2026-09-26,ok,0
power_price,pt,nation,2023-09,104.17,eur_mwh,ember,2023-09-30,,2026-09-26,ok,0
power_price,pt,nation,2023-10,89.55,eur_mwh,ember,2023-10-31,,2026-09-26,ok,0
power_price,pt,nation,2023-11,63.38,eur_mwh,ember,2023-11-30,,2026-09-26,ok,0
power_price,pt,nation,2023-12,72.15,eur_mwh,ember,2023-12-31,,2026-09-26,ok,0
power_price,pt,nation,2024-01,74.09,eur_mwh,ember,2024-01-31,,2026-09-26,ok,0
power_price,pt,nation,2024-02,39.76,eur_mwh,ember,2024-02-29,,2026-09-26,ok,0
power_price,pt,nation,2024-03,19.26,eur_mwh,ember,2024-03-31,,2026-09-26,ok,0
power_price,pt,nation,2024-04,13.32,eur_mwh,ember,2024-04-30,,2026-09-26,ok,0
power_price,pt,nation,2024-05,30.65,eur_mwh,ember,2024-05-31,,2026-09-26,ok,0
power_price,pt,nation,2024-06,58.29,eur_mwh,ember,2024-06-30,,2026-09-26,ok,0
power_price,pt,nation,2024-07,74.24,eur_mwh,ember,2024-07-31,,2026-09-26,ok,0
power_price,pt,nation,2024-08,91.16,eur_mwh,ember,2024-08-31,,2026-09-26,ok,0
power_price,pt,nation,2024-09,73.54,eur_mwh,ember,2024-09-30,,2026-09-26,ok,0
power_price,pt,nation,2024-10,69.36,eur_mwh,ember,2024-10-31,,2026-09-26,ok,0
power_price,se,nation,2015-01,30.24,eur_mwh,ember,2015-01-31,,2026-09-26,ok,0
power_price,se,nation,2015-02,29.59,eur_mwh,ember,2015-02-28,,2026-09-26,ok,0
power_price,se,nation,2015-03,25.88,eur_mwh,ember,2015-03-31,,2026-09-26,ok,0
power_price,se,nation,2015-04,25.5,eur_mwh,ember,2015-04-30,,2026-09-26,ok,0
power_price,se,nation,2015-05,22.6,eur_mwh,ember,2015-05-31,,2026-09-26,ok,0
power_price,se,nation,2015-06,16.07,eur_mwh,ember,2015-06-30,,2026-09-26,ok,0
power_price,se,nation,2015-07,9.07,eur_mwh,ember,2015-07-31,,2026-09-26,ok,0
power_price,se,nation,2015-08,16.29,eur_mwh,ember,2015-08-31,,2026-09-26,ok,0
power_price,se,nation,2015-09,21.07,eur_mwh,ember,2015-09-30,,2026-09-26,ok,0
power_price,se,nation,2015-10,23.63,eur_mwh,ember,2015-10-31,,2026-09-26,ok,0
power_price,se,nation,2015-11,25.53,eur_mwh,ember,2015-11-30,,2026-09-26,ok,0
power_price,se,nation,2015-12,19.41,eur_mwh,ember,2015-12-31,,2026-09-26,ok,0
power_price,se,nation,2016-01,30.49,eur_mwh,ember,2016-01-31,,2026-09-26,ok,0
power_price,se,nation,2016-02,19.49,eur_mwh,ember,2016-02-29,,2026-09-26,ok,0
power_price,se,nation,2016-03,21.75,eur_mwh,ember,2016-03-31,,2026-09-26,ok,0
power_price,se,nation,2016-04,22.09,eur_mwh,ember,2016-04-30,,2026-09-26,ok,0
power_price,se,nation,2016-05,23.68,eur_mwh,ember,2016-05-31,,2026-09-26,ok,0
power_price,se,nation,2016-06,33.74,eur_mwh,ember,2016-06-30,,2026-09-26,ok,0
power_price,se,nation,2016-07,28.96,eur_mwh,ember,2016-07-31,,2026-09-26,ok,0
power_price,se,nation,2016-08,30.49,eur_mwh,ember,2016-08-31,,2026-09-26,ok,0
power_price,se,nation,2016-09,29.26,eur_mwh,ember,2016-09-30,,2026-09-26,ok,0
power_price,se,nation,2016-10,36.3,eur_mwh,ember,2016-10-31,,2026-09-26,ok,0
power_price,se,nation,2016-11,41,eur_mwh,ember,2016-11-30,,2026-09-26,ok,0
power_price,se,nation,2016-12,33.33,eur_mwh,ember,2016-12-31,,2026-09-26,ok,0
power_price,se,nation,2017-01,32.29,eur_mwh,ember,2017-01-31,,2026-09-26,ok,0
power_price,se,nation,2017-02,33.29,eur_mwh,ember,2017-02-28,,2026-09-26,ok,0
power_price,se,nation,2017-03,30.42,eur_mwh,ember,2017-03-31,,2026-09-26,ok,0
power_price,se,nation,2017-04,28.95,eur_mwh,ember,2017-04-30,,2026-09-26,ok,0
power_price,se,nation,2017-05,29.59,eur_mwh,ember,2017-05-31,,2026-09-26,ok,0
power_price,se,nation,2017-06,27.22,eur_mwh,ember,2017-06-30,,2026-09-26,ok,0
power_price,se,nation,2017-07,30.82,eur_mwh,ember,2017-07-31,,2026-09-26,ok,0
power_price,se,nation,2017-08,33.63,eur_mwh,ember,2017-08-31,,2026-09-26,ok,0
power_price,se,nation,2017-09,36.25,eur_mwh,ember,2017-09-30,,2026-09-26,ok,0
power_price,se,nation,2017-10,30.58,eur_mwh,ember,2017-10-31,,2026-09-26,ok,0
power_price,se,nation,2017-11,32.43,eur_mwh,ember,2017-11-30,,2026-09-26,ok,0
power_price,se,nation,2017-12,30.74,eur_mwh,ember,2017-12-31,,2026-09-26,ok,0
power_price,se,nation,2018-01,32.46,eur_mwh,ember,2018-01-31,,2026-09-26,ok,0
power_price,se,nation,2018-02,39.97,eur_mwh,ember,2018-02-28,,2026-09-26,ok,0
power_price,se,nation,2018-03,44.86,eur_mwh,ember,2018-03-31,,2026-09-26,ok,0
power_price,se,nation,2018-04,38.83,eur_mwh,ember,2018-04-30,,2026-09-26,ok,0
power_price,se,nation,2018-05,33.34,eur_mwh,ember,2018-05-31,,2026-09-26,ok,0
power_price,se,nation,2018-06,44.65,eur_mwh,ember,2018-06-30,,2026-09-26,ok,0
power_price,se,nation,2018-07,52.54,eur_mwh,ember,2018-07-31,,2026-09-26,ok,0
power_price,se,nation,2018-08,54.64,eur_mwh,ember,2018-08-31,,2026-09-26,ok,0
power_price,se,nation,2018-09,49.71,eur_mwh,ember,2018-09-30,,2026-09-26,ok,0
power_price,se,nation,2018-10,45.29,eur_mwh,ember,2018-10-31,,2026-09-26,ok,0
power_price,se,nation,2018-11,50.22,eur_mwh,ember,2018-11-30,,2026-09-26,ok,0
power_price,se,nation,2018-12,50.86,eur_mwh,ember,2018-12-31,,2026-09-26,ok,0
power_price,se,nation,2019-01,54.34,eur_mwh,ember,2019-01-31,,2026-09-26,ok,0
power_price,se,nation,2019-02,45.56,eur_mwh,ember,2019-02-28,,2026-09-26,ok,0
power_price,se,nation,2019-03,39.38,eur_mwh,ember,2019-03-31,,2026-09-26,ok,0
power_price,se,nation,2019-04,39.66,eur_mwh,ember,2019-04-30,,2026-09-26,ok,0
power_price,se,nation,2019-05,35.06,eur_mwh,ember,2019-05-31,,2026-09-26,ok,0
power_price,se,nation,2019-06,25.07,eur_mwh,ember,2019-06-30,,2026-09-26,ok,0
power_price,se,nation,2019-07,35.5,eur_mwh,ember,2019-07-31,,2026-09-26,ok,0
power_price,se,nation,2019-08,37.25,eur_mwh,ember,2019-08-31,,2026-09-26,ok,0
power_price,se,nation,2019-09,34.95,eur_mwh,ember,2019-09-30,,2026-09-26,ok,0
power_price,se,nation,2019-10,38.25,eur_mwh,ember,2019-10-31,,2026-09-26,ok,0
power_price,se,nation,2019-11,41.78,eur_mwh,ember,2019-11-30,,2026-09-26,ok,0
power_price,se,nation,2019-12,35.96,eur_mwh,ember,2019-12-31,,2026-09-26,ok,0
power_price,se,nation,2020-01,24.13,eur_mwh,ember,2020-01-31,,2026-09-26,ok,0
power_price,se,nation,2020-02,17.68,eur_mwh,ember,2020-02-29,,2026-09-26,ok,0
power_price,se,nation,2020-03,13.33,eur_mwh,ember,2020-03-31,,2026-09-26,ok,0
power_price,se,nation,2020-04,9.07,eur_mwh,ember,2020-04-30,,2026-09-26,ok,0
power_price,se,nation,2020-05,12.37,eur_mwh,ember,2020-05-31,,2026-09-26,ok,0
power_price,se,nation,2020-06,21.17,eur_mwh,ember,2020-06-30,,2026-09-26,ok,0
power_price,se,nation,2020-07,11.38,eur_mwh,ember,2020-07-31,,2026-09-26,ok,0
power_price,se,nation,2020-08,31.71,eur_mwh,ember,2020-08-31,,2026-09-26,ok,0
power_price,se,nation,2020-09,33.16,eur_mwh,ember,2020-09-30,,2026-09-26,ok,0
power_price,se,nation,2020-10,22.58,eur_mwh,ember,2020-10-31,,2026-09-26,ok,0
power_price,se,nation,2020-11,22.48,eur_mwh,ember,2020-11-30,,2026-09-26,ok,0
power_price,se,nation,2020-12,29.79,eur_mwh,ember,2020-12-31,,2026-09-26,ok,0
power_price,se,nation,2021-01,48.11,eur_mwh,ember,2021-01-31,,2026-09-26,ok,0
power_price,se,nation,2021-02,51.57,eur_mwh,ember,2021-02-28,,2026-09-26,ok,0
power_price,se,nation,2021-03,35.83,eur_mwh,ember,2021-03-31,,2026-09-26,ok,0
power_price,se,nation,2021-04,33.68,eur_mwh,ember,2021-04-30,,2026-09-26,ok,0
power_price,se,nation,2021-05,42.9,eur_mwh,ember,2021-05-31,,2026-09-26,ok,0
power_price,se,nation,2021-06,44.57,eur_mwh,ember,2021-06-30,,2026-09-26,ok,0
power_price,se,nation,2021-07,58.46,eur_mwh,ember,2021-07-31,,2026-09-26,ok,0
power_price,se,nation,2021-08,67.26,eur_mwh,ember,2021-08-31,,2026-09-26,ok,0
power_price,se,nation,2021-09,89.31,eur_mwh,ember,2021-09-30,,2026-09-26,ok,0
power_price,se,nation,2021-10,61.44,eur_mwh,ember,2021-10-31,,2026-09-26,ok,0
power_price,se,nation,2021-11,80.8,eur_mwh,ember,2021-11-30,,2026-09-26,ok,0
power_price,se,nation,2021-12,156.71,eur_mwh,ember,2021-12-31,,2026-09-26,ok,0
power_price,se,nation,2022-01,88.21,eur_mwh,ember,2022-01-31,,2026-09-26,ok,0
power_price,se,nation,2022-02,65.23,eur_mwh,ember,2022-02-28,,2026-09-26,ok,0
power_price,se,nation,2022-03,108.39,eur_mwh,ember,2022-03-31,,2026-09-26,ok,0
power_price,se,nation,2022-04,83.56,eur_mwh,ember,2022-04-30,,2026-09-26,ok,0
power_price,se,nation,2022-05,95.36,eur_mwh,ember,2022-05-31,,2026-09-26,ok,0
power_price,se,nation,2022-06,114.83,eur_mwh,ember,2022-06-30,,2026-09-26,ok,0
power_price,se,nation,2022-07,74.8,eur_mwh,ember,2022-07-31,,2026-09-26,ok,0
power_price,se,nation,2022-08,190.12,eur_mwh,ember,2022-08-31,,2026-09-26,ok,0
power_price,se,nation,2022-09,190.08,eur_mwh,ember,2022-09-30,,2026-09-26,ok,0
power_price,se,nation,2022-10,67.95,eur_mwh,ember,2022-10-31,,2026-09-26,ok,0
power_price,se,nation,2022-11,119.35,eur_mwh,ember,2022-11-30,,2026-09-26,ok,0
power_price,se,nation,2022-12,234.59,eur_mwh,ember,2022-12-31,,2026-09-26,ok,0
power_price,se,nation,2023-01,80.66,eur_mwh,ember,2023-01-31,,2026-09-26,ok,0
power_price,se,nation,2023-02,71.22,eur_mwh,ember,2023-02-28,,2026-09-26,ok,0
power_price,se,nation,2023-03,69.02,eur_mwh,ember,2023-03-31,,2026-09-26,ok,0
power_price,se,nation,2023-04,60.95,eur_mwh,ember,2023-04-30,,2026-09-26,ok,0
power_price,se,nation,2023-05,37.3,eur_mwh,ember,2023-05-31,,2026-09-26,ok,0
power_price,se,nation,2023-06,52.26,eur_mwh,ember,2023-06-30,,2026-09-26,ok,0
power_price,se,nation,2023-07,32.71,eur_mwh,ember,2023-07-31,,2026-09-26,ok,0
power_price,se,nation,2023-08,30.6,eur_mwh,ember,2023-08-31,,2026-09-26,ok,0
power_price,se,nation,2023-09,21.74,eur_mwh,ember,2023-09-30,,2026-09-26,ok,0
power_price,se,nation,2023-10,26.03,eur_mwh,ember,2023-10-31,,2026-09-26,ok,0
power_price,se,nation,2023-11,68.25,eur_mwh,ember,2023-11-30,,2026-09-26,ok,0
power_price,se,nation,2023-12,69.32,eur_mwh,ember,2023-12-31,,2026-09-26,ok,0
power_price,se,nation,2024-01,68.63,eur_mwh,ember,2024-01-31,,2026-09-26,ok,0
power_price,se,nation,2024-02,44.5,eur_mwh,ember,2024-02-29,,2026-09-26,ok,0
power_price,se,nation,2024-03,52.7,eur_mwh,ember,2024-03-31,,2026-09-26,ok,0
power_price,se,nation,2024-04,48.39,eur_mwh,ember,2024-04-30,,2026-09-26,ok,0
power_price,se,nation,2024-05,23.04,eur_mwh,ember,2024-05-31,,2026-09-26,ok,0
power_price,se,nation,2024-06,28.73,eur_mwh,ember,2024-06-30,,2026-09-26,ok,0
power_price,se,nation,2024-07,21.1,eur_mwh,ember,2024-07-31,,2026-09-26,ok,0
power_price,se,nation,2024-08,12.88,eur_mwh,ember,2024-08-31,,2026-09-26,ok,0
power_price,se,nation,2024-09,15.49,eur_mwh,ember,2024-09-30,,2026-09-26,ok,0
power_price,se,nation,2024-10,19.57,eur_mwh,ember,2024-10-31,,2026-09-26,ok,0
