metric_id,geo_id,geo_level,period,value,unit,source_id,observation_end,published_at,fetched_at,quality_flag,revision
shipping_tanker_imports,ae,nation,2019-01,3266958,tonnes,portwatch,2019-01-31,,2026-09-26,estimated,0
shipping_tanker_imports,ae,nation,2019-02,2860739,tonnes,portwatch,2019-02-28,,2026-09-26,estimated,0
shipping_tanker_imports,ae,nation,2019-03,3736295,tonnes,portwatch,2019-03-31,,2026-09-26,estimated,0
shipping_tanker_imports,ae,nation,2019-04,3456907,tonnes,portwatch,2019-04-30,,2026-09-26,estimated,0
shipping_tanker_imports,ae,nation,2019-05,3758603,tonnes,portwatch,2019-05-31,,2026-09-26,estimated,0
shipping_tanker_imports,ae,nation,2019-06,3932598,tonnes,portwatch,2019-06-30,,2026-09-26,estimated,0
shipping_tanker_imports,ae,nation,2019-07,4713312,tonnes,portwatch,2019-07-31,,2026-09-26,estimated,0
shipping_tanker_imports,ae,nation,2019-08,4108798,tonnes,portwatch,2019-08-31,,2026-09-26,estimated,0
shipping_tanker_imports,ae,nation,2019-09,4355586,tonnes,portwatch,2019-09-30,,2026-09-26,estimated,0
shipping_tanker_imports,ae,nation,2019-10,5430290,tonnes,portwatch,2019-10-31,,2026-09-26,estimated,0
shipping_tanker_imports,ae,nation,2019-11,4225351,tonnes,portwatch,2019-11-30,,2026-09-26,estimated,0
shipping_tanker_imports,ae,nation,2019-12,5222026,tonnes,portwatch,2019-12-31,,2026-09-26,estimated,0
shipping_tanker_imports,ae,nation,2020-01,4793907,tonnes,portwatch,2020-01-31,,2026-09-26,estimated,0
shipping_tanker_imports,ae,nation,2020-02,4783740,tonnes,portwatch,2020-02-29,,2026-09-26,estimated,0
shipping_tanker_imports,ae,nation,2020-03,4571640,tonnes,portwatch,2020-03-31,,2026-09-26,estimated,0
shipping_tanker_imports,ae,nation,2020-04,4412817,tonnes,portwatch,2020-04-30,,2026-09-26,estimated,0
shipping_tanker_imports,ae,nation,2020-05,4552988,tonnes,portwatch,2020-05-31,,2026-09-26,estimated,0
shipping_tanker_imports,ae,nation,2020-06,3736289,tonnes,portwatch,2020-06-30,,2026-09-26,estimated,0
shipping_tanker_imports,ae,nation,2020-07,3854177,tonnes,portwatch,2020-07-31,,2026-09-26,estimated,0
shipping_tanker_imports,ae,nation,2020-08,5232134,tonnes,portwatch,2020-08-31,,2026-09-26,estimated,0
shipping_tanker_imports,ae,nation,2020-09,4625315,tonnes,portwatch,2020-09-30,,2026-09-26,estimated,0
shipping_tanker_imports,ae,nation,2020-10,5276675,tonnes,portwatch,2020-10-31,,2026-09-26,estimated,0
shipping_tanker_imports,ae,nation,2020-11,4325159,tonnes,portwatch,2020-11-30,,2026-09-26,estimated,0
shipping_tanker_imports,ae,nation,2020-12,4699774,tonnes,portwatch,2020-12-31,,2026-09-26,estimated,0
shipping_tanker_imports,ae,nation,2021-01,5030155,tonnes,portwatch,2021-01-31,,2026-09-26,estimated,0
shipping_tanker_imports,ae,nation,2021-02,4466287,tonnes,portwatch,2021-02-28,,2026-09-26,estimated,0
shipping_tanker_imports,ae,nation,2021-03,5216366,tonnes,portwatch,2021-03-31,,2026-09-26,estimated,0
shipping_tanker_imports,ae,nation,2021-04,5292384,tonnes,portwatch,2021-04-30,,2026-09-26,estimated,0
shipping_tanker_imports,ae,nation,2021-05,5078583,tonnes,portwatch,2021-05-31,,2026-09-26,estimated,0
shipping_tanker_imports,ae,nation,2021-06,5108585,tonnes,portwatch,2021-06-30,,2026-09-26,estimated,0
shipping_tanker_imports,ae,nation,2021-07,5150146,tonnes,portwatch,2021-07-31,,2026-09-26,estimated,0
shipping_tanker_imports,ae,nation,2021-08,5169953,tonnes,portwatch,2021-08-31,,2026-09-26,estimated,0
shipping_tanker_imports,ae,nation,2021-09,4812834,tonnes,portwatch,2021-09-30,,2026-09-26,estimated,0
shipping_tanker_imports,ae,nation,2021-10,4984773,tonnes,portwatch,2021-10-31,,2026-09-26,estimated,0
shipping_tanker_imports,ae,nation,2021-11,5598875,tonnes,portwatch,2021-11-30,,2026-09-26,estimated,0
shipping_tanker_imports,ae,nation,2021-12,5406607,tonnes,portwatch,2021-12-31,,2026-09-26,estimated,0
shipping_tanker_imports,ae,nation,2022-01,6196539,tonnes,portwatch,2022-01-31,,2026-09-26,estimated,0
shipping_tanker_imports,ae,nation,2022-02,5713834,tonnes,portwatch,2022-02-28,,2026-09-26,estimated,0
shipping_tanker_imports,ae,nation,2022-03,6549346,tonnes,portwatch,2022-03-31,,2026-09-26,estimated,0
shipping_tanker_imports,ae,nation,2022-04,5776375,tonnes,portwatch,2022-04-30,,2026-09-26,estimated,0
shipping_tanker_imports,ae,nation,2022-05,6477213,tonnes,portwatch,2022-05-31,,2026-09-26,estimated,0
shipping_tanker_imports,ae,nation,2022-06,6109446,tonnes,portwatch,2022-06-30,,2026-09-26,estimated,0
shipping_tanker_imports,ae,nation,2022-07,6062504,tonnes,portwatch,2022-07-31,,2026-09-26,estimated,0
shipping_tanker_imports,ae,nation,2022-08,6353221,tonnes,portwatch,2022-08-31,,2026-09-26,estimated,0
shipping_tanker_imports,ae,nation,2022-09,6466256,tonnes,portwatch,2022-09-30,,2026-09-26,estimated,0
shipping_tanker_imports,ae,nation,2022-10,6724616,tonnes,portwatch,2022-10-31,,2026-09-26,estimated,0
shipping_tanker_imports,ae,nation,2022-11,6381769,tonnes,portwatch,2022-11-30,,2026-09-26,estimated,0
shipping_tanker_imports,ae,nation,2022-12,6266482,tonnes,portwatch,2022-12-31,,2026-09-26,estimated,0
shipping_tanker_imports,ae,nation,2023-01,6587408,tonnes,portwatch,2023-01-31,,2026-09-26,estimated,0
shipping_tanker_imports,ae,nation,2023-02,6002429,tonnes,portwatch,2023-02-28,,2026-09-26,estimated,0
shipping_tanker_imports,ae,nation,2023-03,6038942,tonnes,portwatch,2023-03-31,,2026-09-26,estimated,0
shipping_tanker_imports,ae,nation,2023-04,6403594,tonnes,portwatch,2023-04-30,,2026-09-26,estimated,0
shipping_tanker_imports,ae,nation,2023-05,7069681,tonnes,portwatch,2023-05-31,,2026-09-26,estimated,0
shipping_tanker_imports,ae,nation,2023-06,6691146,tonnes,portwatch,2023-06-30,,2026-09-26,estimated,0
shipping_tanker_imports,ae,nation,2023-07,6176874,tonnes,portwatch,2023-07-31,,2026-09-26,estimated,0
shipping_tanker_imports,ae,nation,2023-08,6807690,tonnes,portwatch,2023-08-31,,2026-09-26,estimated,0
shipping_tanker_imports,ae,nation,2023-09,6759832,tonnes,portwatch,2023-09-30,,2026-09-26,estimated,0
shipping_tanker_imports,ae,nation,2023-10,6239603,tonnes,portwatch,2023-10-31,,2026-09-26,estimated,0
shipping_tanker_imports,ae,nation,2023-11,6098987,tonnes,portwatch,2023-11-30,,2026-09-26,estimated,0
shipping_tanker_imports,ae,nation,2023-12,6142022,tonnes,portwatch,2023-12-31,,2026-09-26,estimated,0
shipping_tanker_imports,ae,nation,2024-01,6189379,tonnes,portwatch,2024-01-31,,2026-09-26,estimated,0
shipping_tanker_imports,ae,nation,2024-02,5537865,tonnes,portwatch,2024-02-29,,2026-09-26,estimated,0
shipping_tanker_imports,ae,nation,2024-03,6594151,tonnes,portwatch,2024-03-31,,2026-09-26,estimated,0
shipping_tanker_imports,ae,nation,2024-04,6563409,tonnes,portwatch,2024-04-30,,2026-09-26,estimated,0
shipping_tanker_imports,ae,nation,2024-05,7545710,tonnes,portwatch,2024-05-31,,2026-09-26,estimated,0
shipping_tanker_imports,ae,nation,2024-06,5808720,tonnes,portwatch,2024-06-30,,2026-09-26,estimated,0
shipping_tanker_imports,ae,nation,2024-07,6230264,tonnes,portwatch,2024-07-31,,2026-09-26,estimated,0
shipping_tanker_imports,ae,nation,2024-08,6822030,tonnes,portwatch,2024-08-31,,2026-09-26,estimated,0
shipping_tanker_imports,ae,nation,2024-09,7115446,tonnes,portwatch,2024-09-30,,2026-09-26,estimated,0
shipping_tanker_imports,ae,nation,2024-10,6156753,tonnes,portwatch,2024-10-31,,2026-09-26,estimated,0
shipping_tanker_imports,ae,nation,2024-11,6670903,tonnes,portwatch,2024-11-30,,2026-09-26,estimated,0
shipping_tanker_imports,ae,nation,2024-12,5922262,tonnes,portwatch,2024-12-31,,2026-09-26,estimated,0
shipping_tanker_imports,ae,nation,2025-01,6713075,tonnes,portwatch,2025-01-31,,2026-09-26,estimated,0
shipping_tanker_imports,ae,nation,2025-02,6169190,tonnes,portwatch,2025-02-28,,2026-09-26,estimated,0
shipping_tanker_imports,ae,nation,2025-03,7288124,tonnes,portwatch,2025-03-31,,2026-09-26,estimated,0
shipping_tanker_imports,ae,nation,2025-04,5915119,tonnes,portwatch,2025-04-30,,2026-09-26,estimated,0
shipping_tanker_imports,ae,nation,2025-05,5711116,tonnes,portwatch,2025-05-31,,2026-09-26,estimated,0
shipping_tanker_imports,ae,nation,2025-06,6772871,tonnes,portwatch,2025-06-30,,2026-09-26,estimated,0
shipping_tanker_imports,ae,nation,2025-07,5751902,tonnes,portwatch,2025-07-31,,2026-09-26,estimated,0
shipping_tanker_imports,ae,nation,2025-08,6132624,tonnes,portwatch,2025-08-31,,2026-09-26,estimated,0
shipping_tanker_imports,ae,nation,2025-09,6836690,tonnes,portwatch,2025-09-30,,2026-09-26,estimated,0
shipping_tanker_imports,ae,nation,2025-10,6657054,tonnes,portwatch,2025-10-31,,2026-09-26,estimated,0
shipping_tanker_imports,ae,nation,2025-11,7448833,tonnes,portwatch,2025-11-30,,2026-09-26,estimated,0
shipping_tanker_imports,ae,nation,2025-12,6380002,tonnes,portwatch,2025-12-31,,2026-09-26,estimated,0
shipping_tanker_imports,ae,nation,2026-01,6492106,tonnes,portwatch,2026-01-31,,2026-09-26,estimated,0
shipping_tanker_imports,ae,nation,2026-02,6185525,tonnes,portwatch,2026-02-28,,2026-09-26,estimated,0
shipping_tanker_imports,ae,nation,2026-03,1364472,tonnes,portwatch,2026-03-31,,2026-09-26,estimated,0
shipping_tanker_imports,ae,nation,2026-04,1215157,tonnes,portwatch,2026-04-30,,2026-09-26,estimated,0
shipping_tanker_imports,ae,nation,2026-05,1279970,tonnes,portwatch,2026-05-31,,2026-09-26,estimated,0
shipping_tanker_imports,ae,nation,2026-06,3950837,tonnes,portwatch,2026-06-30,,2026-09-26,estimated,0
shipping_tanker_imports,ae,nation,2026-07,2721991,tonnes,portwatch,2026-07-31,,2026-09-26,estimated,0
shipping_tanker_imports,ae,nation,2026-08,2591867,tonnes,portwatch,2026-08-31,,2026-09-26,estimated,0
shipping_tanker_imports,au,nation,2019-01,4579447,tonnes,portwatch,2019-01-31,,2026-09-26,estimated,0
shipping_tanker_imports,au,nation,2019-02,4083025,tonnes,portwatch,2019-02-28,,2026-09-26,estimated,0
shipping_tanker_imports,au,nation,2019-03,4739617,tonnes,portwatch,2019-03-31,,2026-09-26,estimated,0
shipping_tanker_imports,au,nation,2019-04,4053238,tonnes,portwatch,2019-04-30,,2026-09-26,estimated,0
shipping_tanker_imports,au,nation,2019-05,4353394,tonnes,portwatch,2019-05-31,,2026-09-26,estimated,0
shipping_tanker_imports,au,nation,2019-06,4146787,tonnes,portwatch,2019-06-30,,2026-09-26,estimated,0
shipping_tanker_imports,au,nation,2019-07,4442730,tonnes,portwatch,2019-07-31,,2026-09-26,estimated,0
shipping_tanker_imports,au,nation,2019-08,4051468,tonnes,portwatch,2019-08-31,,2026-09-26,estimated,0
shipping_tanker_imports,au,nation,2019-09,4357912,tonnes,portwatch,2019-09-30,,2026-09-26,estimated,0
shipping_tanker_imports,au,nation,2019-10,3679373,tonnes,portwatch,2019-10-31,,2026-09-26,estimated,0
shipping_tanker_imports,au,nation,2019-11,4488189,tonnes,portwatch,2019-11-30,,2026-09-26,estimated,0
shipping_tanker_imports,au,nation,2019-12,3855034,tonnes,portwatch,2019-12-31,,2026-09-26,estimated,0
shipping_tanker_imports,au,nation,2020-01,4296493,tonnes,portwatch,2020-01-31,,2026-09-26,estimated,0
shipping_tanker_imports,au,nation,2020-02,3874032,tonnes,portwatch,2020-02-29,,2026-09-26,estimated,0
shipping_tanker_imports,au,nation,2020-03,3600094,tonnes,portwatch,2020-03-31,,2026-09-26,estimated,0
shipping_tanker_imports,au,nation,2020-04,3510311,tonnes,portwatch,2020-04-30,,2026-09-26,estimated,0
shipping_tanker_imports,au,nation,2020-05,3760307,tonnes,portwatch,2020-05-31,,2026-09-26,estimated,0
shipping_tanker_imports,au,nation,2020-06,3362506,tonnes,portwatch,2020-06-30,,2026-09-26,estimated,0
shipping_tanker_imports,au,nation,2020-07,3439541,tonnes,portwatch,2020-07-31,,2026-09-26,estimated,0
shipping_tanker_imports,au,nation,2020-08,3640627,tonnes,portwatch,2020-08-31,,2026-09-26,estimated,0
shipping_tanker_imports,au,nation,2020-09,3167502,tonnes,portwatch,2020-09-30,,2026-09-26,estimated,0
shipping_tanker_imports,au,nation,2020-10,3762238,tonnes,portwatch,2020-10-31,,2026-09-26,estimated,0
shipping_tanker_imports,au,nation,2020-11,4113710,tonnes,portwatch,2020-11-30,,2026-09-26,estimated,0
shipping_tanker_imports,au,nation,2020-12,3698101,tonnes,portwatch,2020-12-31,,2026-09-26,estimated,0
shipping_tanker_imports,au,nation,2021-01,3620397,tonnes,portwatch,2021-01-31,,2026-09-26,estimated,0
shipping_tanker_imports,au,nation,2021-02,3191123,tonnes,portwatch,2021-02-28,,2026-09-26,estimated,0
shipping_tanker_imports,au,nation,2021-03,4161180,tonnes,portwatch,2021-03-31,,2026-09-26,estimated,0
shipping_tanker_imports,au,nation,2021-04,3160495,tonnes,portwatch,2021-04-30,,2026-09-26,estimated,0
shipping_tanker_imports,au,nation,2021-05,3338725,tonnes,portwatch,2021-05-31,,2026-09-26,estimated,0
shipping_tanker_imports,au,nation,2021-06,3604954,tonnes,portwatch,2021-06-30,,2026-09-26,estimated,0
shipping_tanker_imports,au,nation,2021-07,4056851,tonnes,portwatch,2021-07-31,,2026-09-26,estimated,0
shipping_tanker_imports,au,nation,2021-08,3515638,tonnes,portwatch,2021-08-31,,2026-09-26,estimated,0
shipping_tanker_imports,au,nation,2021-09,3027269,tonnes,portwatch,2021-09-30,,2026-09-26,estimated,0
shipping_tanker_imports,au,nation,2021-10,3187533,tonnes,portwatch,2021-10-31,,2026-09-26,estimated,0
shipping_tanker_imports,au,nation,2021-11,3954731,tonnes,portwatch,2021-11-30,,2026-09-26,estimated,0
shipping_tanker_imports,au,nation,2021-12,4388338,tonnes,portwatch,2021-12-31,,2026-09-26,estimated,0
shipping_tanker_imports,au,nation,2022-01,3854176,tonnes,portwatch,2022-01-31,,2026-09-26,estimated,0
shipping_tanker_imports,au,nation,2022-02,3372924,tonnes,portwatch,2022-02-28,,2026-09-26,estimated,0
shipping_tanker_imports,au,nation,2022-03,3728955,tonnes,portwatch,2022-03-31,,2026-09-26,estimated,0
shipping_tanker_imports,au,nation,2022-04,3598736,tonnes,portwatch,2022-04-30,,2026-09-26,estimated,0
shipping_tanker_imports,au,nation,2022-05,4016899,tonnes,portwatch,2022-05-31,,2026-09-26,estimated,0
shipping_tanker_imports,au,nation,2022-06,3748924,tonnes,portwatch,2022-06-30,,2026-09-26,estimated,0
shipping_tanker_imports,au,nation,2022-07,3619578,tonnes,portwatch,2022-07-31,,2026-09-26,estimated,0
shipping_tanker_imports,au,nation,2022-08,4067270,tonnes,portwatch,2022-08-31,,2026-09-26,estimated,0
shipping_tanker_imports,au,nation,2022-09,4302310,tonnes,portwatch,2022-09-30,,2026-09-26,estimated,0
shipping_tanker_imports,au,nation,2022-10,3726250,tonnes,portwatch,2022-10-31,,2026-09-26,estimated,0
shipping_tanker_imports,au,nation,2022-11,3671810,tonnes,portwatch,2022-11-30,,2026-09-26,estimated,0
shipping_tanker_imports,au,nation,2022-12,3642540,tonnes,portwatch,2022-12-31,,2026-09-26,estimated,0
shipping_tanker_imports,au,nation,2023-01,3988475,tonnes,portwatch,2023-01-31,,2026-09-26,estimated,0
shipping_tanker_imports,au,nation,2023-02,3924953,tonnes,portwatch,2023-02-28,,2026-09-26,estimated,0
shipping_tanker_imports,au,nation,2023-03,4344792,tonnes,portwatch,2023-03-31,,2026-09-26,estimated,0
shipping_tanker_imports,au,nation,2023-04,3761865,tonnes,portwatch,2023-04-30,,2026-09-26,estimated,0
shipping_tanker_imports,au,nation,2023-05,4261192,tonnes,portwatch,2023-05-31,,2026-09-26,estimated,0
shipping_tanker_imports,au,nation,2023-06,4059664,tonnes,portwatch,2023-06-30,,2026-09-26,estimated,0
shipping_tanker_imports,au,nation,2023-07,4018612,tonnes,portwatch,2023-07-31,,2026-09-26,estimated,0
shipping_tanker_imports,au,nation,2023-08,4300081,tonnes,portwatch,2023-08-31,,2026-09-26,estimated,0
shipping_tanker_imports,au,nation,2023-09,3866801,tonnes,portwatch,2023-09-30,,2026-09-26,estimated,0
shipping_tanker_imports,au,nation,2023-10,4218844,tonnes,portwatch,2023-10-31,,2026-09-26,estimated,0
shipping_tanker_imports,au,nation,2023-11,4152343,tonnes,portwatch,2023-11-30,,2026-09-26,estimated,0
shipping_tanker_imports,au,nation,2023-12,3951611,tonnes,portwatch,2023-12-31,,2026-09-26,estimated,0
shipping_tanker_imports,au,nation,2024-01,4107599,tonnes,portwatch,2024-01-31,,2026-09-26,estimated,0
shipping_tanker_imports,au,nation,2024-02,4363001,tonnes,portwatch,2024-02-29,,2026-09-26,estimated,0
shipping_tanker_imports,au,nation,2024-03,3912597,tonnes,portwatch,2024-03-31,,2026-09-26,estimated,0
shipping_tanker_imports,au,nation,2024-04,3772098,tonnes,portwatch,2024-04-30,,2026-09-26,estimated,0
shipping_tanker_imports,au,nation,2024-05,4506127,tonnes,portwatch,2024-05-31,,2026-09-26,estimated,0
shipping_tanker_imports,au,nation,2024-06,3979163,tonnes,portwatch,2024-06-30,,2026-09-26,estimated,0
shipping_tanker_imports,au,nation,2024-07,3966561,tonnes,portwatch,2024-07-31,,2026-09-26,estimated,0
shipping_tanker_imports,au,nation,2024-08,4621426,tonnes,portwatch,2024-08-31,,2026-09-26,estimated,0
shipping_tanker_imports,au,nation,2024-09,4052927,tonnes,portwatch,2024-09-30,,2026-09-26,estimated,0
shipping_tanker_imports,au,nation,2024-10,4335275,tonnes,portwatch,2024-10-31,,2026-09-26,estimated,0
shipping_tanker_imports,au,nation,2024-11,4550708,tonnes,portwatch,2024-11-30,,2026-09-26,estimated,0
shipping_tanker_imports,au,nation,2024-12,4445603,tonnes,portwatch,2024-12-31,,2026-09-26,estimated,0
shipping_tanker_imports,au,nation,2025-01,4468923,tonnes,portwatch,2025-01-31,,2026-09-26,estimated,0
shipping_tanker_imports,au,nation,2025-02,3955892,tonnes,portwatch,2025-02-28,,2026-09-26,estimated,0
shipping_tanker_imports,au,nation,2025-03,3954897,tonnes,portwatch,2025-03-31,,2026-09-26,estimated,0
shipping_tanker_imports,au,nation,2025-04,4214639,tonnes,portwatch,2025-04-30,,2026-09-26,estimated,0
shipping_tanker_imports,au,nation,2025-05,3889819,tonnes,portwatch,2025-05-31,,2026-09-26,estimated,0
shipping_tanker_imports,au,nation,2025-06,3941830,tonnes,portwatch,2025-06-30,,2026-09-26,estimated,0
shipping_tanker_imports,au,nation,2025-07,4315741,tonnes,portwatch,2025-07-31,,2026-09-26,estimated,0
shipping_tanker_imports,au,nation,2025-08,4329395,tonnes,portwatch,2025-08-31,,2026-09-26,estimated,0
shipping_tanker_imports,au,nation,2025-09,4420540,tonnes,portwatch,2025-09-30,,2026-09-26,estimated,0
shipping_tanker_imports,au,nation,2025-10,3966810,tonnes,portwatch,2025-10-31,,2026-09-26,estimated,0
shipping_tanker_imports,au,nation,2025-11,4128743,tonnes,portwatch,2025-11-30,,2026-09-26,estimated,0
shipping_tanker_imports,au,nation,2025-12,4257710,tonnes,portwatch,2025-12-31,,2026-09-26,estimated,0
shipping_tanker_imports,au,nation,2026-01,4798535,tonnes,portwatch,2026-01-31,,2026-09-26,estimated,0
shipping_tanker_imports,au,nation,2026-02,3409580,tonnes,portwatch,2026-02-28,,2026-09-26,estimated,0
shipping_tanker_imports,au,nation,2026-03,4098749,tonnes,portwatch,2026-03-31,,2026-09-26,estimated,0
shipping_tanker_imports,au,nation,2026-04,4312254,tonnes,portwatch,2026-04-30,,2026-09-26,estimated,0
shipping_tanker_imports,au,nation,2026-05,3910049,tonnes,portwatch,2026-05-31,,2026-09-26,estimated,0
shipping_tanker_imports,au,nation,2026-06,3877668,tonnes,portwatch,2026-06-30,,2026-09-26,estimated,0
shipping_tanker_imports,au,nation,2026-07,3864760,tonnes,portwatch,2026-07-31,,2026-09-26,estimated,0
shipping_tanker_imports,au,nation,2026-08,3648152,tonnes,portwatch,2026-08-31,,2026-09-26,estimated,0
shipping_tanker_imports,br,nation,2019-01,10601499,tonnes,portwatch,2019-01-31,,2026-09-26,estimated,0
shipping_tanker_imports,br,nation,2019-02,9793265,tonnes,portwatch,2019-02-28,,2026-09-26,estimated,0
shipping_tanker_imports,br,nation,2019-03,10510554,tonnes,portwatch,2019-03-31,,2026-09-26,estimated,0
shipping_tanker_imports,br,nation,2019-04,11814351,tonnes,portwatch,2019-04-30,,2026-09-26,estimated,0
shipping_tanker_imports,br,nation,2019-05,11188691,tonnes,portwatch,2019-05-31,,2026-09-26,estimated,0
shipping_tanker_imports,br,nation,2019-06,10806634,tonnes,portwatch,2019-06-30,,2026-09-26,estimated,0
shipping_tanker_imports,br,nation,2019-07,11731323,tonnes,portwatch,2019-07-31,,2026-09-26,estimated,0
shipping_tanker_imports,br,nation,2019-08,12260292,tonnes,portwatch,2019-08-31,,2026-09-26,estimated,0
shipping_tanker_imports,br,nation,2019-09,12030148,tonnes,portwatch,2019-09-30,,2026-09-26,estimated,0
shipping_tanker_imports,br,nation,2019-10,12210048,tonnes,portwatch,2019-10-31,,2026-09-26,estimated,0
shipping_tanker_imports,br,nation,2019-11,11941776,tonnes,portwatch,2019-11-30,,2026-09-26,estimated,0
shipping_tanker_imports,br,nation,2019-12,11718046,tonnes,portwatch,2019-12-31,,2026-09-26,estimated,0
shipping_tanker_imports,br,nation,2020-01,12879665,tonnes,portwatch,2020-01-31,,2026-09-26,estimated,0
shipping_tanker_imports,br,nation,2020-02,11579175,tonnes,portwatch,2020-02-29,,2026-09-26,estimated,0
shipping_tanker_imports,br,nation,2020-03,11489325,tonnes,portwatch,2020-03-31,,2026-09-26,estimated,0
shipping_tanker_imports,br,nation,2020-04,11919132,tonnes,portwatch,2020-04-30,,2026-09-26,estimated,0
shipping_tanker_imports,br,nation,2020-05,12220560,tonnes,portwatch,2020-05-31,,2026-09-26,estimated,0
shipping_tanker_imports,br,nation,2020-06,10015981,tonnes,portwatch,2020-06-30,,2026-09-26,estimated,0
shipping_tanker_imports,br,nation,2020-07,11202709,tonnes,portwatch,2020-07-31,,2026-09-26,estimated,0
shipping_tanker_imports,br,nation,2020-08,13216317,tonnes,portwatch,2020-08-31,,2026-09-26,estimated,0
shipping_tanker_imports,br,nation,2020-09,12891363,tonnes,portwatch,2020-09-30,,2026-09-26,estimated,0
shipping_tanker_imports,br,nation,2020-10,12783855,tonnes,portwatch,2020-10-31,,2026-09-26,estimated,0
shipping_tanker_imports,br,nation,2020-11,13999115,tonnes,portwatch,2020-11-30,,2026-09-26,estimated,0
shipping_tanker_imports,br,nation,2020-12,12970807,tonnes,portwatch,2020-12-31,,2026-09-26,estimated,0
shipping_tanker_imports,br,nation,2021-01,13425977,tonnes,portwatch,2021-01-31,,2026-09-26,estimated,0
shipping_tanker_imports,br,nation,2021-02,12385929,tonnes,portwatch,2021-02-28,,2026-09-26,estimated,0
shipping_tanker_imports,br,nation,2021-03,12983430,tonnes,portwatch,2021-03-31,,2026-09-26,estimated,0
shipping_tanker_imports,br,nation,2021-04,12309697,tonnes,portwatch,2021-04-30,,2026-09-26,estimated,0
shipping_tanker_imports,br,nation,2021-05,12859703,tonnes,portwatch,2021-05-31,,2026-09-26,estimated,0
shipping_tanker_imports,br,nation,2021-06,13535342,tonnes,portwatch,2021-06-30,,2026-09-26,estimated,0
shipping_tanker_imports,br,nation,2021-07,14588978,tonnes,portwatch,2021-07-31,,2026-09-26,estimated,0
shipping_tanker_imports,br,nation,2021-08,16485906,tonnes,portwatch,2021-08-31,,2026-09-26,estimated,0
shipping_tanker_imports,br,nation,2021-09,14610975,tonnes,portwatch,2021-09-30,,2026-09-26,estimated,0
shipping_tanker_imports,br,nation,2021-10,14510068,tonnes,portwatch,2021-10-31,,2026-09-26,estimated,0
shipping_tanker_imports,br,nation,2021-11,14930923,tonnes,portwatch,2021-11-30,,2026-09-26,estimated,0
shipping_tanker_imports,br,nation,2021-12,14508248,tonnes,portwatch,2021-12-31,,2026-09-26,estimated,0
shipping_tanker_imports,br,nation,2022-01,15484120,tonnes,portwatch,2022-01-31,,2026-09-26,estimated,0
shipping_tanker_imports,br,nation,2022-02,13263764,tonnes,portwatch,2022-02-28,,2026-09-26,estimated,0
shipping_tanker_imports,br,nation,2022-03,13292760,tonnes,portwatch,2022-03-31,,2026-09-26,estimated,0
shipping_tanker_imports,br,nation,2022-04,14406535,tonnes,portwatch,2022-04-30,,2026-09-26,estimated,0
shipping_tanker_imports,br,nation,2022-05,15850692,tonnes,portwatch,2022-05-31,,2026-09-26,estimated,0
shipping_tanker_imports,br,nation,2022-06,14859353,tonnes,portwatch,2022-06-30,,2026-09-26,estimated,0
shipping_tanker_imports,br,nation,2022-07,15636832,tonnes,portwatch,2022-07-31,,2026-09-26,estimated,0
shipping_tanker_imports,br,nation,2022-08,14611516,tonnes,portwatch,2022-08-31,,2026-09-26,estimated,0
shipping_tanker_imports,br,nation,2022-09,16263968,tonnes,portwatch,2022-09-30,,2026-09-26,estimated,0
shipping_tanker_imports,br,nation,2022-10,17184151,tonnes,portwatch,2022-10-31,,2026-09-26,estimated,0
shipping_tanker_imports,br,nation,2022-11,13427960,tonnes,portwatch,2022-11-30,,2026-09-26,estimated,0
shipping_tanker_imports,br,nation,2022-12,15440241,tonnes,portwatch,2022-12-31,,2026-09-26,estimated,0
shipping_tanker_imports,br,nation,2023-01,15306965,tonnes,portwatch,2023-01-31,,2026-09-26,estimated,0
shipping_tanker_imports,br,nation,2023-02,13659969,tonnes,portwatch,2023-02-28,,2026-09-26,estimated,0
shipping_tanker_imports,br,nation,2023-03,14087791,tonnes,portwatch,2023-03-31,,2026-09-26,estimated,0
shipping_tanker_imports,br,nation,2023-04,13766149,tonnes,portwatch,2023-04-30,,2026-09-26,estimated,0
shipping_tanker_imports,br,nation,2023-05,15277228,tonnes,portwatch,2023-05-31,,2026-09-26,estimated,0
shipping_tanker_imports,br,nation,2023-06,15120410,tonnes,portwatch,2023-06-30,,2026-09-26,estimated,0
shipping_tanker_imports,br,nation,2023-07,17062281,tonnes,portwatch,2023-07-31,,2026-09-26,estimated,0
shipping_tanker_imports,br,nation,2023-08,14154824,tonnes,portwatch,2023-08-31,,2026-09-26,estimated,0
shipping_tanker_imports,br,nation,2023-09,14339359,tonnes,portwatch,2023-09-30,,2026-09-26,estimated,0
shipping_tanker_imports,br,nation,2023-10,16518685,tonnes,portwatch,2023-10-31,,2026-09-26,estimated,0
shipping_tanker_imports,br,nation,2023-11,14969265,tonnes,portwatch,2023-11-30,,2026-09-26,estimated,0
shipping_tanker_imports,br,nation,2023-12,14969164,tonnes,portwatch,2023-12-31,,2026-09-26,estimated,0
shipping_tanker_imports,br,nation,2024-01,15765150,tonnes,portwatch,2024-01-31,,2026-09-26,estimated,0
shipping_tanker_imports,br,nation,2024-02,15362856,tonnes,portwatch,2024-02-29,,2026-09-26,estimated,0
shipping_tanker_imports,br,nation,2024-03,15265095,tonnes,portwatch,2024-03-31,,2026-09-26,estimated,0
shipping_tanker_imports,br,nation,2024-04,14024882,tonnes,portwatch,2024-04-30,,2026-09-26,estimated,0
shipping_tanker_imports,br,nation,2024-05,14206344,tonnes,portwatch,2024-05-31,,2026-09-26,estimated,0
shipping_tanker_imports,br,nation,2024-06,15570119,tonnes,portwatch,2024-06-30,,2026-09-26,estimated,0
shipping_tanker_imports,br,nation,2024-07,15577413,tonnes,portwatch,2024-07-31,,2026-09-26,estimated,0
shipping_tanker_imports,br,nation,2024-08,14178128,tonnes,portwatch,2024-08-31,,2026-09-26,estimated,0
shipping_tanker_imports,br,nation,2024-09,15710245,tonnes,portwatch,2024-09-30,,2026-09-26,estimated,0
shipping_tanker_imports,br,nation,2024-10,13688212,tonnes,portwatch,2024-10-31,,2026-09-26,estimated,0
shipping_tanker_imports,br,nation,2024-11,12934044,tonnes,portwatch,2024-11-30,,2026-09-26,estimated,0
shipping_tanker_imports,br,nation,2024-12,13444917,tonnes,portwatch,2024-12-31,,2026-09-26,estimated,0
shipping_tanker_imports,br,nation,2025-01,13402352,tonnes,portwatch,2025-01-31,,2026-09-26,estimated,0
shipping_tanker_imports,br,nation,2025-02,12408937,tonnes,portwatch,2025-02-28,,2026-09-26,estimated,0
shipping_tanker_imports,br,nation,2025-03,13513302,tonnes,portwatch,2025-03-31,,2026-09-26,estimated,0
shipping_tanker_imports,br,nation,2025-04,12884476,tonnes,portwatch,2025-04-30,,2026-09-26,estimated,0
shipping_tanker_imports,br,nation,2025-05,12888939,tonnes,portwatch,2025-05-31,,2026-09-26,estimated,0
shipping_tanker_imports,br,nation,2025-06,13275711,tonnes,portwatch,2025-06-30,,2026-09-26,estimated,0
shipping_tanker_imports,br,nation,2025-07,13921695,tonnes,portwatch,2025-07-31,,2026-09-26,estimated,0
shipping_tanker_imports,br,nation,2025-08,14961869,tonnes,portwatch,2025-08-31,,2026-09-26,estimated,0
shipping_tanker_imports,br,nation,2025-09,14441541,tonnes,portwatch,2025-09-30,,2026-09-26,estimated,0
shipping_tanker_imports,br,nation,2025-10,12101297,tonnes,portwatch,2025-10-31,,2026-09-26,estimated,0
shipping_tanker_imports,br,nation,2025-11,13103049,tonnes,portwatch,2025-11-30,,2026-09-26,estimated,0
shipping_tanker_imports,br,nation,2025-12,13760633,tonnes,portwatch,2025-12-31,,2026-09-26,estimated,0
shipping_tanker_imports,br,nation,2026-01,13797056,tonnes,portwatch,2026-01-31,,2026-09-26,estimated,0
shipping_tanker_imports,br,nation,2026-02,11799239,tonnes,portwatch,2026-02-28,,2026-09-26,estimated,0
shipping_tanker_imports,br,nation,2026-03,14544499,tonnes,portwatch,2026-03-31,,2026-09-26,estimated,0
shipping_tanker_imports,br,nation,2026-04,14158215,tonnes,portwatch,2026-04-30,,2026-09-26,estimated,0
shipping_tanker_imports,br,nation,2026-05,16140666,tonnes,portwatch,2026-05-31,,2026-09-26,estimated,0
shipping_tanker_imports,br,nation,2026-06,16180607,tonnes,portwatch,2026-06-30,,2026-09-26,estimated,0
shipping_tanker_imports,br,nation,2026-07,17588227,tonnes,portwatch,2026-07-31,,2026-09-26,estimated,0
shipping_tanker_imports,br,nation,2026-08,18959404,tonnes,portwatch,2026-08-31,,2026-09-26,estimated,0
shipping_tanker_imports,ca,nation,2019-01,4013335,tonnes,portwatch,2019-01-31,,2026-09-26,estimated,0
shipping_tanker_imports,ca,nation,2019-02,3002986,tonnes,portwatch,2019-02-28,,2026-09-26,estimated,0
shipping_tanker_imports,ca,nation,2019-03,3885324,tonnes,portwatch,2019-03-31,,2026-09-26,estimated,0
shipping_tanker_imports,ca,nation,2019-04,3572527,tonnes,portwatch,2019-04-30,,2026-09-26,estimated,0
shipping_tanker_imports,ca,nation,2019-05,3359032,tonnes,portwatch,2019-05-31,,2026-09-26,estimated,0
shipping_tanker_imports,ca,nation,2019-06,3645670,tonnes,portwatch,2019-06-30,,2026-09-26,estimated,0
shipping_tanker_imports,ca,nation,2019-07,3033106,tonnes,portwatch,2019-07-31,,2026-09-26,estimated,0
shipping_tanker_imports,ca,nation,2019-08,3188091,tonnes,portwatch,2019-08-31,,2026-09-26,estimated,0
shipping_tanker_imports,ca,nation,2019-09,2823508,tonnes,portwatch,2019-09-30,,2026-09-26,estimated,0
shipping_tanker_imports,ca,nation,2019-10,3186896,tonnes,portwatch,2019-10-31,,2026-09-26,estimated,0
shipping_tanker_imports,ca,nation,2019-11,3444017,tonnes,portwatch,2019-11-30,,2026-09-26,estimated,0
shipping_tanker_imports,ca,nation,2019-12,3806446,tonnes,portwatch,2019-12-31,,2026-09-26,estimated,0
shipping_tanker_imports,ca,nation,2020-01,4067650,tonnes,portwatch,2020-01-31,,2026-09-26,estimated,0
shipping_tanker_imports,ca,nation,2020-02,3113810,tonnes,portwatch,2020-02-29,,2026-09-26,estimated,0
shipping_tanker_imports,ca,nation,2020-03,2860928,tonnes,portwatch,2020-03-31,,2026-09-26,estimated,0
shipping_tanker_imports,ca,nation,2020-04,2810464,tonnes,portwatch,2020-04-30,,2026-09-26,estimated,0
shipping_tanker_imports,ca,nation,2020-05,2266985,tonnes,portwatch,2020-05-31,,2026-09-26,estimated,0
shipping_tanker_imports,ca,nation,2020-06,2408828,tonnes,portwatch,2020-06-30,,2026-09-26,estimated,0
shipping_tanker_imports,ca,nation,2020-07,2585683,tonnes,portwatch,2020-07-31,,2026-09-26,estimated,0
shipping_tanker_imports,ca,nation,2020-08,2350687,tonnes,portwatch,2020-08-31,,2026-09-26,estimated,0
shipping_tanker_imports,ca,nation,2020-09,2119800,tonnes,portwatch,2020-09-30,,2026-09-26,estimated,0
shipping_tanker_imports,ca,nation,2020-10,2699025,tonnes,portwatch,2020-10-31,,2026-09-26,estimated,0
shipping_tanker_imports,ca,nation,2020-11,2448343,tonnes,portwatch,2020-11-30,,2026-09-26,estimated,0
shipping_tanker_imports,ca,nation,2020-12,2589527,tonnes,portwatch,2020-12-31,,2026-09-26,estimated,0
shipping_tanker_imports,ca,nation,2021-01,2856818,tonnes,portwatch,2021-01-31,,2026-09-26,estimated,0
shipping_tanker_imports,ca,nation,2021-02,2030131,tonnes,portwatch,2021-02-28,,2026-09-26,estimated,0
shipping_tanker_imports,ca,nation,2021-03,3019947,tonnes,portwatch,2021-03-31,,2026-09-26,estimated,0
shipping_tanker_imports,ca,nation,2021-04,2977292,tonnes,portwatch,2021-04-30,,2026-09-26,estimated,0
shipping_tanker_imports,ca,nation,2021-05,2797181,tonnes,portwatch,2021-05-31,,2026-09-26,estimated,0
shipping_tanker_imports,ca,nation,2021-06,2780668,tonnes,portwatch,2021-06-30,,2026-09-26,estimated,0
shipping_tanker_imports,ca,nation,2021-07,3412641,tonnes,portwatch,2021-07-31,,2026-09-26,estimated,0
shipping_tanker_imports,ca,nation,2021-08,2782968,tonnes,portwatch,2021-08-31,,2026-09-26,estimated,0
shipping_tanker_imports,ca,nation,2021-09,2042343,tonnes,portwatch,2021-09-30,,2026-09-26,estimated,0
shipping_tanker_imports,ca,nation,2021-10,2775049,tonnes,portwatch,2021-10-31,,2026-09-26,estimated,0
shipping_tanker_imports,ca,nation,2021-11,3225549,tonnes,portwatch,2021-11-30,,2026-09-26,estimated,0
shipping_tanker_imports,ca,nation,2021-12,3127774,tonnes,portwatch,2021-12-31,,2026-09-26,estimated,0
shipping_tanker_imports,ca,nation,2022-01,4134925,tonnes,portwatch,2022-01-31,,2026-09-26,estimated,0
shipping_tanker_imports,ca,nation,2022-02,3017609,tonnes,portwatch,2022-02-28,,2026-09-26,estimated,0
shipping_tanker_imports,ca,nation,2022-03,3352502,tonnes,portwatch,2022-03-31,,2026-09-26,estimated,0
shipping_tanker_imports,ca,nation,2022-04,2985563,tonnes,portwatch,2022-04-30,,2026-09-26,estimated,0
shipping_tanker_imports,ca,nation,2022-05,3047423,tonnes,portwatch,2022-05-31,,2026-09-26,estimated,0
shipping_tanker_imports,ca,nation,2022-06,3427530,tonnes,portwatch,2022-06-30,,2026-09-26,estimated,0
shipping_tanker_imports,ca,nation,2022-07,3667238,tonnes,portwatch,2022-07-31,,2026-09-26,estimated,0
shipping_tanker_imports,ca,nation,2022-08,3687122,tonnes,portwatch,2022-08-31,,2026-09-26,estimated,0
shipping_tanker_imports,ca,nation,2022-09,3219725,tonnes,portwatch,2022-09-30,,2026-09-26,estimated,0
shipping_tanker_imports,ca,nation,2022-10,2690471,tonnes,portwatch,2022-10-31,,2026-09-26,estimated,0
shipping_tanker_imports,ca,nation,2022-11,2962024,tonnes,portwatch,2022-11-30,,2026-09-26,estimated,0
shipping_tanker_imports,ca,nation,2022-12,4012264,tonnes,portwatch,2022-12-31,,2026-09-26,estimated,0
shipping_tanker_imports,ca,nation,2023-01,3859484,tonnes,portwatch,2023-01-31,,2026-09-26,estimated,0
shipping_tanker_imports,ca,nation,2023-02,2955081,tonnes,portwatch,2023-02-28,,2026-09-26,estimated,0
shipping_tanker_imports,ca,nation,2023-03,3429138,tonnes,portwatch,2023-03-31,,2026-09-26,estimated,0
shipping_tanker_imports,ca,nation,2023-04,3460469,tonnes,portwatch,2023-04-30,,2026-09-26,estimated,0
shipping_tanker_imports,ca,nation,2023-05,3749565,tonnes,portwatch,2023-05-31,,2026-09-26,estimated,0
shipping_tanker_imports,ca,nation,2023-06,3265560,tonnes,portwatch,2023-06-30,,2026-09-26,estimated,0
shipping_tanker_imports,ca,nation,2023-07,3921011,tonnes,portwatch,2023-07-31,,2026-09-26,estimated,0
shipping_tanker_imports,ca,nation,2023-08,3551943,tonnes,portwatch,2023-08-31,,2026-09-26,estimated,0
shipping_tanker_imports,ca,nation,2023-09,3314634,tonnes,portwatch,2023-09-30,,2026-09-26,estimated,0
shipping_tanker_imports,ca,nation,2023-10,3299380,tonnes,portwatch,2023-10-31,,2026-09-26,estimated,0
shipping_tanker_imports,ca,nation,2023-11,3665919,tonnes,portwatch,2023-11-30,,2026-09-26,estimated,0
shipping_tanker_imports,ca,nation,2023-12,3603965,tonnes,portwatch,2023-12-31,,2026-09-26,estimated,0
shipping_tanker_imports,ca,nation,2024-01,3484362,tonnes,portwatch,2024-01-31,,2026-09-26,estimated,0
shipping_tanker_imports,ca,nation,2024-02,3317946,tonnes,portwatch,2024-02-29,,2026-09-26,estimated,0
shipping_tanker_imports,ca,nation,2024-03,3245464,tonnes,portwatch,2024-03-31,,2026-09-26,estimated,0
shipping_tanker_imports,ca,nation,2024-04,3727102,tonnes,portwatch,2024-04-30,,2026-09-26,estimated,0
shipping_tanker_imports,ca,nation,2024-05,3177350,tonnes,portwatch,2024-05-31,,2026-09-26,estimated,0
shipping_tanker_imports,ca,nation,2024-06,3426038,tonnes,portwatch,2024-06-30,,2026-09-26,estimated,0
shipping_tanker_imports,ca,nation,2024-07,3866585,tonnes,portwatch,2024-07-31,,2026-09-26,estimated,0
shipping_tanker_imports,ca,nation,2024-08,4498875,tonnes,portwatch,2024-08-31,,2026-09-26,estimated,0
shipping_tanker_imports,ca,nation,2024-09,3985416,tonnes,portwatch,2024-09-30,,2026-09-26,estimated,0
shipping_tanker_imports,ca,nation,2024-10,3510801,tonnes,portwatch,2024-10-31,,2026-09-26,estimated,0
shipping_tanker_imports,ca,nation,2024-11,3093283,tonnes,portwatch,2024-11-30,,2026-09-26,estimated,0
shipping_tanker_imports,ca,nation,2024-12,4442855,tonnes,portwatch,2024-12-31,,2026-09-26,estimated,0
shipping_tanker_imports,ca,nation,2025-01,3253647,tonnes,portwatch,2025-01-31,,2026-09-26,estimated,0
shipping_tanker_imports,ca,nation,2025-02,2625605,tonnes,portwatch,2025-02-28,,2026-09-26,estimated,0
shipping_tanker_imports,ca,nation,2025-03,3106110,tonnes,portwatch,2025-03-31,,2026-09-26,estimated,0
shipping_tanker_imports,ca,nation,2025-04,2674011,tonnes,portwatch,2025-04-30,,2026-09-26,estimated,0
shipping_tanker_imports,ca,nation,2025-05,3472709,tonnes,portwatch,2025-05-31,,2026-09-26,estimated,0
shipping_tanker_imports,ca,nation,2025-06,3715653,tonnes,portwatch,2025-06-30,,2026-09-26,estimated,0
shipping_tanker_imports,ca,nation,2025-07,3275212,tonnes,portwatch,2025-07-31,,2026-09-26,estimated,0
shipping_tanker_imports,ca,nation,2025-08,3887551,tonnes,portwatch,2025-08-31,,2026-09-26,estimated,0
shipping_tanker_imports,ca,nation,2025-09,2881619,tonnes,portwatch,2025-09-30,,2026-09-26,estimated,0
shipping_tanker_imports,ca,nation,2025-10,3835550,tonnes,portwatch,2025-10-31,,2026-09-26,estimated,0
shipping_tanker_imports,ca,nation,2025-11,3761541,tonnes,portwatch,2025-11-30,,2026-09-26,estimated,0
shipping_tanker_imports,ca,nation,2025-12,3855952,tonnes,portwatch,2025-12-31,,2026-09-26,estimated,0
shipping_tanker_imports,ca,nation,2026-01,4523791,tonnes,portwatch,2026-01-31,,2026-09-26,estimated,0
shipping_tanker_imports,ca,nation,2026-02,3782719,tonnes,portwatch,2026-02-28,,2026-09-26,estimated,0
shipping_tanker_imports,ca,nation,2026-03,4337595,tonnes,portwatch,2026-03-31,,2026-09-26,estimated,0
shipping_tanker_imports,ca,nation,2026-04,3745462,tonnes,portwatch,2026-04-30,,2026-09-26,estimated,0
shipping_tanker_imports,ca,nation,2026-05,3798485,tonnes,portwatch,2026-05-31,,2026-09-26,estimated,0
shipping_tanker_imports,ca,nation,2026-06,2742768,tonnes,portwatch,2026-06-30,,2026-09-26,estimated,0
shipping_tanker_imports,ca,nation,2026-07,3717719,tonnes,portwatch,2026-07-31,,2026-09-26,estimated,0
shipping_tanker_imports,ca,nation,2026-08,3774471,tonnes,portwatch,2026-08-31,,2026-09-26,estimated,0
shipping_tanker_imports,cn,nation,2019-01,53299696,tonnes,portwatch,2019-01-31,,2026-09-26,estimated,0
shipping_tanker_imports,cn,nation,2019-02,46061936,tonnes,portwatch,2019-02-28,,2026-09-26,estimated,0
shipping_tanker_imports,cn,nation,2019-03,49384835,tonnes,portwatch,2019-03-31,,2026-09-26,estimated,0
shipping_tanker_imports,cn,nation,2019-04,46724413,tonnes,portwatch,2019-04-30,,2026-09-26,estimated,0
shipping_tanker_imports,cn,nation,2019-05,48610709,tonnes,portwatch,2019-05-31,,2026-09-26,estimated,0
shipping_tanker_imports,cn,nation,2019-06,45455001,tonnes,portwatch,2019-06-30,,2026-09-26,estimated,0
shipping_tanker_imports,cn,nation,2019-07,49604931,tonnes,portwatch,2019-07-31,,2026-09-26,estimated,0
shipping_tanker_imports,cn,nation,2019-08,49150961,tonnes,portwatch,2019-08-31,,2026-09-26,estimated,0
shipping_tanker_imports,cn,nation,2019-09,48686345,tonnes,portwatch,2019-09-30,,2026-09-26,estimated,0
shipping_tanker_imports,cn,nation,2019-10,55278784,tonnes,portwatch,2019-10-31,,2026-09-26,estimated,0
shipping_tanker_imports,cn,nation,2019-11,46014545,tonnes,portwatch,2019-11-30,,2026-09-26,estimated,0
shipping_tanker_imports,cn,nation,2019-12,50748214,tonnes,portwatch,2019-12-31,,2026-09-26,estimated,0
shipping_tanker_imports,cn,nation,2020-01,52094967,tonnes,portwatch,2020-01-31,,2026-09-26,estimated,0
shipping_tanker_imports,cn,nation,2020-02,42793383,tonnes,portwatch,2020-02-29,,2026-09-26,estimated,0
shipping_tanker_imports,cn,nation,2020-03,41530482,tonnes,portwatch,2020-03-31,,2026-09-26,estimated,0
shipping_tanker_imports,cn,nation,2020-04,47430639,tonnes,portwatch,2020-04-30,,2026-09-26,estimated,0
shipping_tanker_imports,cn,nation,2020-05,50589828,tonnes,portwatch,2020-05-31,,2026-09-26,estimated,0
shipping_tanker_imports,cn,nation,2020-06,56837095,tonnes,portwatch,2020-06-30,,2026-09-26,estimated,0
shipping_tanker_imports,cn,nation,2020-07,54292889,tonnes,portwatch,2020-07-31,,2026-09-26,estimated,0
shipping_tanker_imports,cn,nation,2020-08,53179775,tonnes,portwatch,2020-08-31,,2026-09-26,estimated,0
shipping_tanker_imports,cn,nation,2020-09,46387733,tonnes,portwatch,2020-09-30,,2026-09-26,estimated,0
shipping_tanker_imports,cn,nation,2020-10,44621719,tonnes,portwatch,2020-10-31,,2026-09-26,estimated,0
shipping_tanker_imports,cn,nation,2020-11,46343166,tonnes,portwatch,2020-11-30,,2026-09-26,estimated,0
shipping_tanker_imports,cn,nation,2020-12,43841668,tonnes,portwatch,2020-12-31,,2026-09-26,estimated,0
shipping_tanker_imports,cn,nation,2021-01,46843586,tonnes,portwatch,2021-01-31,,2026-09-26,estimated,0
shipping_tanker_imports,cn,nation,2021-02,49386615,tonnes,portwatch,2021-02-28,,2026-09-26,estimated,0
shipping_tanker_imports,cn,nation,2021-03,54958121,tonnes,portwatch,2021-03-31,,2026-09-26,estimated,0
shipping_tanker_imports,cn,nation,2021-04,49296793,tonnes,portwatch,2021-04-30,,2026-09-26,estimated,0
shipping_tanker_imports,cn,nation,2021-05,49159934,tonnes,portwatch,2021-05-31,,2026-09-26,estimated,0
shipping_tanker_imports,cn,nation,2021-06,51961519,tonnes,portwatch,2021-06-30,,2026-09-26,estimated,0
shipping_tanker_imports,cn,nation,2021-07,44843657,tonnes,portwatch,2021-07-31,,2026-09-26,estimated,0
shipping_tanker_imports,cn,nation,2021-08,45273534,tonnes,portwatch,2021-08-31,,2026-09-26,estimated,0
shipping_tanker_imports,cn,nation,2021-09,40138194,tonnes,portwatch,2021-09-30,,2026-09-26,estimated,0
shipping_tanker_imports,cn,nation,2021-10,42807792,tonnes,portwatch,2021-10-31,,2026-09-26,estimated,0
shipping_tanker_imports,cn,nation,2021-11,50469319,tonnes,portwatch,2021-11-30,,2026-09-26,estimated,0
shipping_tanker_imports,cn,nation,2021-12,59593449,tonnes,portwatch,2021-12-31,,2026-09-26,estimated,0
shipping_tanker_imports,cn,nation,2022-01,59411049,tonnes,portwatch,2022-01-31,,2026-09-26,estimated,0
shipping_tanker_imports,cn,nation,2022-02,48035477,tonnes,portwatch,2022-02-28,,2026-09-26,estimated,0
shipping_tanker_imports,cn,nation,2022-03,55301412,tonnes,portwatch,2022-03-31,,2026-09-26,estimated,0
shipping_tanker_imports,cn,nation,2022-04,55078408,tonnes,portwatch,2022-04-30,,2026-09-26,estimated,0
shipping_tanker_imports,cn,nation,2022-05,55258191,tonnes,portwatch,2022-05-31,,2026-09-26,estimated,0
shipping_tanker_imports,cn,nation,2022-06,49507687,tonnes,portwatch,2022-06-30,,2026-09-26,estimated,0
shipping_tanker_imports,cn,nation,2022-07,52831741,tonnes,portwatch,2022-07-31,,2026-09-26,estimated,0
shipping_tanker_imports,cn,nation,2022-08,51332409,tonnes,portwatch,2022-08-31,,2026-09-26,estimated,0
shipping_tanker_imports,cn,nation,2022-09,51738182,tonnes,portwatch,2022-09-30,,2026-09-26,estimated,0
shipping_tanker_imports,cn,nation,2022-10,59198223,tonnes,portwatch,2022-10-31,,2026-09-26,estimated,0
shipping_tanker_imports,cn,nation,2022-11,57685188,tonnes,portwatch,2022-11-30,,2026-09-26,estimated,0
shipping_tanker_imports,cn,nation,2022-12,61075696,tonnes,portwatch,2022-12-31,,2026-09-26,estimated,0
shipping_tanker_imports,cn,nation,2023-01,52713079,tonnes,portwatch,2023-01-31,,2026-09-26,estimated,0
shipping_tanker_imports,cn,nation,2023-02,49269085,tonnes,portwatch,2023-02-28,,2026-09-26,estimated,0
shipping_tanker_imports,cn,nation,2023-03,57830383,tonnes,portwatch,2023-03-31,,2026-09-26,estimated,0
shipping_tanker_imports,cn,nation,2023-04,57010002,tonnes,portwatch,2023-04-30,,2026-09-26,estimated,0
shipping_tanker_imports,cn,nation,2023-05,56787626,tonnes,portwatch,2023-05-31,,2026-09-26,estimated,0
shipping_tanker_imports,cn,nation,2023-06,61606053,tonnes,portwatch,2023-06-30,,2026-09-26,estimated,0
shipping_tanker_imports,cn,nation,2023-07,53268957,tonnes,portwatch,2023-07-31,,2026-09-26,estimated,0
shipping_tanker_imports,cn,nation,2023-08,59104805,tonnes,portwatch,2023-08-31,,2026-09-26,estimated,0
shipping_tanker_imports,cn,nation,2023-09,59833893,tonnes,portwatch,2023-09-30,,2026-09-26,estimated,0
shipping_tanker_imports,cn,nation,2023-10,59826708,tonnes,portwatch,2023-10-31,,2026-09-26,estimated,0
shipping_tanker_imports,cn,nation,2023-11,52419914,tonnes,portwatch,2023-11-30,,2026-09-26,estimated,0
shipping_tanker_imports,cn,nation,2023-12,54480661,tonnes,portwatch,2023-12-31,,2026-09-26,estimated,0
shipping_tanker_imports,cn,nation,2024-01,58507840,tonnes,portwatch,2024-01-31,,2026-09-26,estimated,0
shipping_tanker_imports,cn,nation,2024-02,48660736,tonnes,portwatch,2024-02-29,,2026-09-26,estimated,0
shipping_tanker_imports,cn,nation,2024-03,50945185,tonnes,portwatch,2024-03-31,,2026-09-26,estimated,0
shipping_tanker_imports,cn,nation,2024-04,52668267,tonnes,portwatch,2024-04-30,,2026-09-26,estimated,0
shipping_tanker_imports,cn,nation,2024-05,50672941,tonnes,portwatch,2024-05-31,,2026-09-26,estimated,0
shipping_tanker_imports,cn,nation,2024-06,47915077,tonnes,portwatch,2024-06-30,,2026-09-26,estimated,0
shipping_tanker_imports,cn,nation,2024-07,50117887,tonnes,portwatch,2024-07-31,,2026-09-26,estimated,0
shipping_tanker_imports,cn,nation,2024-08,57886828,tonnes,portwatch,2024-08-31,,2026-09-26,estimated,0
shipping_tanker_imports,cn,nation,2024-09,50030219,tonnes,portwatch,2024-09-30,,2026-09-26,estimated,0
shipping_tanker_imports,cn,nation,2024-10,52180656,tonnes,portwatch,2024-10-31,,2026-09-26,estimated,0
shipping_tanker_imports,cn,nation,2024-11,49058449,tonnes,portwatch,2024-11-30,,2026-09-26,estimated,0
shipping_tanker_imports,cn,nation,2024-12,51055771,tonnes,portwatch,2024-12-31,,2026-09-26,estimated,0
shipping_tanker_imports,cn,nation,2025-01,48215448,tonnes,portwatch,2025-01-31,,2026-09-26,estimated,0
shipping_tanker_imports,cn,nation,2025-02,41058580,tonnes,portwatch,2025-02-28,,2026-09-26,estimated,0
shipping_tanker_imports,cn,nation,2025-03,49435488,tonnes,portwatch,2025-03-31,,2026-09-26,estimated,0
shipping_tanker_imports,cn,nation,2025-04,52193855,tonnes,portwatch,2025-04-30,,2026-09-26,estimated,0
shipping_tanker_imports,cn,nation,2025-05,54496904,tonnes,portwatch,2025-05-31,,2026-09-26,estimated,0
shipping_tanker_imports,cn,nation,2025-06,55364801,tonnes,portwatch,2025-06-30,,2026-09-26,estimated,0
shipping_tanker_imports,cn,nation,2025-07,50799530,tonnes,portwatch,2025-07-31,,2026-09-26,estimated,0
shipping_tanker_imports,cn,nation,2025-08,56600703,tonnes,portwatch,2025-08-31,,2026-09-26,estimated,0
shipping_tanker_imports,cn,nation,2025-09,52573739,tonnes,portwatch,2025-09-30,,2026-09-26,estimated,0
shipping_tanker_imports,cn,nation,2025-10,54635426,tonnes,portwatch,2025-10-31,,2026-09-26,estimated,0
shipping_tanker_imports,cn,nation,2025-11,54499860,tonnes,portwatch,2025-11-30,,2026-09-26,estimated,0
shipping_tanker_imports,cn,nation,2025-12,60662689,tonnes,portwatch,2025-12-31,,2026-09-26,estimated,0
shipping_tanker_imports,cn,nation,2026-01,53718183,tonnes,portwatch,2026-01-31,,2026-09-26,estimated,0
shipping_tanker_imports,cn,nation,2026-02,51403649,tonnes,portwatch,2026-02-28,,2026-09-26,estimated,0
shipping_tanker_imports,cn,nation,2026-03,49392152,tonnes,portwatch,2026-03-31,,2026-09-26,estimated,0
shipping_tanker_imports,cn,nation,2026-04,41275591,tonnes,portwatch,2026-04-30,,2026-09-26,estimated,0
shipping_tanker_imports,cn,nation,2026-05,32647174,tonnes,portwatch,2026-05-31,,2026-09-26,estimated,0
shipping_tanker_imports,cn,nation,2026-06,32431644,tonnes,portwatch,2026-06-30,,2026-09-26,estimated,0
shipping_tanker_imports,cn,nation,2026-07,39726878,tonnes,portwatch,2026-07-31,,2026-09-26,estimated,0
shipping_tanker_imports,cn,nation,2026-08,34285645,tonnes,portwatch,2026-08-31,,2026-09-26,estimated,0
shipping_tanker_imports,de,nation,2019-01,3850524,tonnes,portwatch,2019-01-31,,2026-09-26,estimated,0
shipping_tanker_imports,de,nation,2019-02,3012574,tonnes,portwatch,2019-02-28,,2026-09-26,estimated,0
shipping_tanker_imports,de,nation,2019-03,2989279,tonnes,portwatch,2019-03-31,,2026-09-26,estimated,0
shipping_tanker_imports,de,nation,2019-04,3336811,tonnes,portwatch,2019-04-30,,2026-09-26,estimated,0
shipping_tanker_imports,de,nation,2019-05,3257657,tonnes,portwatch,2019-05-31,,2026-09-26,estimated,0
shipping_tanker_imports,de,nation,2019-06,3310953,tonnes,portwatch,2019-06-30,,2026-09-26,estimated,0
shipping_tanker_imports,de,nation,2019-07,3296851,tonnes,portwatch,2019-07-31,,2026-09-26,estimated,0
shipping_tanker_imports,de,nation,2019-08,3156962,tonnes,portwatch,2019-08-31,,2026-09-26,estimated,0
shipping_tanker_imports,de,nation,2019-09,3145338,tonnes,portwatch,2019-09-30,,2026-09-26,estimated,0
shipping_tanker_imports,de,nation,2019-10,3099857,tonnes,portwatch,2019-10-31,,2026-09-26,estimated,0
shipping_tanker_imports,de,nation,2019-11,3144282,tonnes,portwatch,2019-11-30,,2026-09-26,estimated,0
shipping_tanker_imports,de,nation,2019-12,3001198,tonnes,portwatch,2019-12-31,,2026-09-26,estimated,0
shipping_tanker_imports,de,nation,2020-01,3024592,tonnes,portwatch,2020-01-31,,2026-09-26,estimated,0
shipping_tanker_imports,de,nation,2020-02,3227871,tonnes,portwatch,2020-02-29,,2026-09-26,estimated,0
shipping_tanker_imports,de,nation,2020-03,3554559,tonnes,portwatch,2020-03-31,,2026-09-26,estimated,0
shipping_tanker_imports,de,nation,2020-04,3258313,tonnes,portwatch,2020-04-30,,2026-09-26,estimated,0
shipping_tanker_imports,de,nation,2020-05,3533707,tonnes,portwatch,2020-05-31,,2026-09-26,estimated,0
shipping_tanker_imports,de,nation,2020-06,3097521,tonnes,portwatch,2020-06-30,,2026-09-26,estimated,0
shipping_tanker_imports,de,nation,2020-07,2980057,tonnes,portwatch,2020-07-31,,2026-09-26,estimated,0
shipping_tanker_imports,de,nation,2020-08,3332527,tonnes,portwatch,2020-08-31,,2026-09-26,estimated,0
shipping_tanker_imports,de,nation,2020-09,2943275,tonnes,portwatch,2020-09-30,,2026-09-26,estimated,0
shipping_tanker_imports,de,nation,2020-10,2932088,tonnes,portwatch,2020-10-31,,2026-09-26,estimated,0
shipping_tanker_imports,de,nation,2020-11,3093240,tonnes,portwatch,2020-11-30,,2026-09-26,estimated,0
shipping_tanker_imports,de,nation,2020-12,2933408,tonnes,portwatch,2020-12-31,,2026-09-26,estimated,0
shipping_tanker_imports,de,nation,2021-01,3106009,tonnes,portwatch,2021-01-31,,2026-09-26,estimated,0
shipping_tanker_imports,de,nation,2021-02,2406817,tonnes,portwatch,2021-02-28,,2026-09-26,estimated,0
shipping_tanker_imports,de,nation,2021-03,3283105,tonnes,portwatch,2021-03-31,,2026-09-26,estimated,0
shipping_tanker_imports,de,nation,2021-04,3172573,tonnes,portwatch,2021-04-30,,2026-09-26,estimated,0
shipping_tanker_imports,de,nation,2021-05,2862083,tonnes,portwatch,2021-05-31,,2026-09-26,estimated,0
shipping_tanker_imports,de,nation,2021-06,3007893,tonnes,portwatch,2021-06-30,,2026-09-26,estimated,0
shipping_tanker_imports,de,nation,2021-07,3913205,tonnes,portwatch,2021-07-31,,2026-09-26,estimated,0
shipping_tanker_imports,de,nation,2021-08,3006655,tonnes,portwatch,2021-08-31,,2026-09-26,estimated,0
shipping_tanker_imports,de,nation,2021-09,3209832,tonnes,portwatch,2021-09-30,,2026-09-26,estimated,0
shipping_tanker_imports,de,nation,2021-10,3584637,tonnes,portwatch,2021-10-31,,2026-09-26,estimated,0
shipping_tanker_imports,de,nation,2021-11,3680050,tonnes,portwatch,2021-11-30,,2026-09-26,estimated,0
shipping_tanker_imports,de,nation,2021-12,3181431,tonnes,portwatch,2021-12-31,,2026-09-26,estimated,0
shipping_tanker_imports,de,nation,2022-01,3587180,tonnes,portwatch,2022-01-31,,2026-09-26,estimated,0
shipping_tanker_imports,de,nation,2022-02,2945844,tonnes,portwatch,2022-02-28,,2026-09-26,estimated,0
shipping_tanker_imports,de,nation,2022-03,3426789,tonnes,portwatch,2022-03-31,,2026-09-26,estimated,0
shipping_tanker_imports,de,nation,2022-04,3301053,tonnes,portwatch,2022-04-30,,2026-09-26,estimated,0
shipping_tanker_imports,de,nation,2022-05,3262273,tonnes,portwatch,2022-05-31,,2026-09-26,estimated,0
shipping_tanker_imports,de,nation,2022-06,3722318,tonnes,portwatch,2022-06-30,,2026-09-26,estimated,0
shipping_tanker_imports,de,nation,2022-07,3800314,tonnes,portwatch,2022-07-31,,2026-09-26,estimated,0
shipping_tanker_imports,de,nation,2022-08,4013766,tonnes,portwatch,2022-08-31,,2026-09-26,estimated,0
shipping_tanker_imports,de,nation,2022-09,3599526,tonnes,portwatch,2022-09-30,,2026-09-26,estimated,0
shipping_tanker_imports,de,nation,2022-10,3514402,tonnes,portwatch,2022-10-31,,2026-09-26,estimated,0
shipping_tanker_imports,de,nation,2022-11,3576476,tonnes,portwatch,2022-11-30,,2026-09-26,estimated,0
shipping_tanker_imports,de,nation,2022-12,4095907,tonnes,portwatch,2022-12-31,,2026-09-26,estimated,0
shipping_tanker_imports,de,nation,2023-01,4519717,tonnes,portwatch,2023-01-31,,2026-09-26,estimated,0
shipping_tanker_imports,de,nation,2023-02,3649628,tonnes,portwatch,2023-02-28,,2026-09-26,estimated,0
shipping_tanker_imports,de,nation,2023-03,3578099,tonnes,portwatch,2023-03-31,,2026-09-26,estimated,0
shipping_tanker_imports,de,nation,2023-04,4122125,tonnes,portwatch,2023-04-30,,2026-09-26,estimated,0
shipping_tanker_imports,de,nation,2023-05,4343563,tonnes,portwatch,2023-05-31,,2026-09-26,estimated,0
shipping_tanker_imports,de,nation,2023-06,3495944,tonnes,portwatch,2023-06-30,,2026-09-26,estimated,0
shipping_tanker_imports,de,nation,2023-07,3721456,tonnes,portwatch,2023-07-31,,2026-09-26,estimated,0
shipping_tanker_imports,de,nation,2023-08,3425910,tonnes,portwatch,2023-08-31,,2026-09-26,estimated,0
shipping_tanker_imports,de,nation,2023-09,3296216,tonnes,portwatch,2023-09-30,,2026-09-26,estimated,0
shipping_tanker_imports,de,nation,2023-10,3331089,tonnes,portwatch,2023-10-31,,2026-09-26,estimated,0
shipping_tanker_imports,de,nation,2023-11,3637183,tonnes,portwatch,2023-11-30,,2026-09-26,estimated,0
shipping_tanker_imports,de,nation,2023-12,4357646,tonnes,portwatch,2023-12-31,,2026-09-26,estimated,0
shipping_tanker_imports,de,nation,2024-01,3729756,tonnes,portwatch,2024-01-31,,2026-09-26,estimated,0
shipping_tanker_imports,de,nation,2024-02,3350611,tonnes,portwatch,2024-02-29,,2026-09-26,estimated,0
shipping_tanker_imports,de,nation,2024-03,4238019,tonnes,portwatch,2024-03-31,,2026-09-26,estimated,0
shipping_tanker_imports,de,nation,2024-04,4073558,tonnes,portwatch,2024-04-30,,2026-09-26,estimated,0
shipping_tanker_imports,de,nation,2024-05,3355913,tonnes,portwatch,2024-05-31,,2026-09-26,estimated,0
shipping_tanker_imports,de,nation,2024-06,4223676,tonnes,portwatch,2024-06-30,,2026-09-26,estimated,0
shipping_tanker_imports,de,nation,2024-07,3413907,tonnes,portwatch,2024-07-31,,2026-09-26,estimated,0
shipping_tanker_imports,de,nation,2024-08,4632953,tonnes,portwatch,2024-08-31,,2026-09-26,estimated,0
shipping_tanker_imports,de,nation,2024-09,3663305,tonnes,portwatch,2024-09-30,,2026-09-26,estimated,0
shipping_tanker_imports,de,nation,2024-10,4547770,tonnes,portwatch,2024-10-31,,2026-09-26,estimated,0
shipping_tanker_imports,de,nation,2024-11,3858685,tonnes,portwatch,2024-11-30,,2026-09-26,estimated,0
shipping_tanker_imports,de,nation,2024-12,3857349,tonnes,portwatch,2024-12-31,,2026-09-26,estimated,0
shipping_tanker_imports,de,nation,2025-01,4194770,tonnes,portwatch,2025-01-31,,2026-09-26,estimated,0
shipping_tanker_imports,de,nation,2025-02,3525286,tonnes,portwatch,2025-02-28,,2026-09-26,estimated,0
shipping_tanker_imports,de,nation,2025-03,3761144,tonnes,portwatch,2025-03-31,,2026-09-26,estimated,0
shipping_tanker_imports,de,nation,2025-04,4053554,tonnes,portwatch,2025-04-30,,2026-09-26,estimated,0
shipping_tanker_imports,de,nation,2025-05,3952582,tonnes,portwatch,2025-05-31,,2026-09-26,estimated,0
shipping_tanker_imports,de,nation,2025-06,4416649,tonnes,portwatch,2025-06-30,,2026-09-26,estimated,0
shipping_tanker_imports,de,nation,2025-07,4070361,tonnes,portwatch,2025-07-31,,2026-09-26,estimated,0
shipping_tanker_imports,de,nation,2025-08,4029499,tonnes,portwatch,2025-08-31,,2026-09-26,estimated,0
shipping_tanker_imports,de,nation,2025-09,3629718,tonnes,portwatch,2025-09-30,,2026-09-26,estimated,0
shipping_tanker_imports,de,nation,2025-10,3768985,tonnes,portwatch,2025-10-31,,2026-09-26,estimated,0
shipping_tanker_imports,de,nation,2025-11,3697653,tonnes,portwatch,2025-11-30,,2026-09-26,estimated,0
shipping_tanker_imports,de,nation,2025-12,3555178,tonnes,portwatch,2025-12-31,,2026-09-26,estimated,0
shipping_tanker_imports,de,nation,2026-01,4044745,tonnes,portwatch,2026-01-31,,2026-09-26,estimated,0
shipping_tanker_imports,de,nation,2026-02,3370191,tonnes,portwatch,2026-02-28,,2026-09-26,estimated,0
shipping_tanker_imports,de,nation,2026-03,4026110,tonnes,portwatch,2026-03-31,,2026-09-26,estimated,0
shipping_tanker_imports,de,nation,2026-04,3162344,tonnes,portwatch,2026-04-30,,2026-09-26,estimated,0
shipping_tanker_imports,de,nation,2026-05,3399851,tonnes,portwatch,2026-05-31,,2026-09-26,estimated,0
shipping_tanker_imports,de,nation,2026-06,3539624,tonnes,portwatch,2026-06-30,,2026-09-26,estimated,0
shipping_tanker_imports,de,nation,2026-07,3246883,tonnes,portwatch,2026-07-31,,2026-09-26,estimated,0
shipping_tanker_imports,de,nation,2026-08,3474016,tonnes,portwatch,2026-08-31,,2026-09-26,estimated,0
shipping_tanker_imports,es,nation,2019-01,5165732,tonnes,portwatch,2019-01-31,,2026-09-26,estimated,0
shipping_tanker_imports,es,nation,2019-02,6465195,tonnes,portwatch,2019-02-28,,2026-09-26,estimated,0
shipping_tanker_imports,es,nation,2019-03,7201798,tonnes,portwatch,2019-03-31,,2026-09-26,estimated,0
shipping_tanker_imports,es,nation,2019-04,5662182,tonnes,portwatch,2019-04-30,,2026-09-26,estimated,0
shipping_tanker_imports,es,nation,2019-05,7628673,tonnes,portwatch,2019-05-31,,2026-09-26,estimated,0
shipping_tanker_imports,es,nation,2019-06,6713260,tonnes,portwatch,2019-06-30,,2026-09-26,estimated,0
shipping_tanker_imports,es,nation,2019-07,7447223,tonnes,portwatch,2019-07-31,,2026-09-26,estimated,0
shipping_tanker_imports,es,nation,2019-08,8551455,tonnes,portwatch,2019-08-31,,2026-09-26,estimated,0
shipping_tanker_imports,es,nation,2019-09,6691320,tonnes,portwatch,2019-09-30,,2026-09-26,estimated,0
shipping_tanker_imports,es,nation,2019-10,7416690,tonnes,portwatch,2019-10-31,,2026-09-26,estimated,0
shipping_tanker_imports,es,nation,2019-11,6940965,tonnes,portwatch,2019-11-30,,2026-09-26,estimated,0
shipping_tanker_imports,es,nation,2019-12,7797799,tonnes,portwatch,2019-12-31,,2026-09-26,estimated,0
shipping_tanker_imports,es,nation,2020-01,7159306,tonnes,portwatch,2020-01-31,,2026-09-26,estimated,0
shipping_tanker_imports,es,nation,2020-02,7473190,tonnes,portwatch,2020-02-29,,2026-09-26,estimated,0
shipping_tanker_imports,es,nation,2020-03,7152021,tonnes,portwatch,2020-03-31,,2026-09-26,estimated,0
shipping_tanker_imports,es,nation,2020-04,7612359,tonnes,portwatch,2020-04-30,,2026-09-26,estimated,0
shipping_tanker_imports,es,nation,2020-05,6344374,tonnes,portwatch,2020-05-31,,2026-09-26,estimated,0
shipping_tanker_imports,es,nation,2020-06,5875319,tonnes,portwatch,2020-06-30,,2026-09-26,estimated,0
shipping_tanker_imports,es,nation,2020-07,7015243,tonnes,portwatch,2020-07-31,,2026-09-26,estimated,0
shipping_tanker_imports,es,nation,2020-08,7202250,tonnes,portwatch,2020-08-31,,2026-09-26,estimated,0
shipping_tanker_imports,es,nation,2020-09,6487967,tonnes,portwatch,2020-09-30,,2026-09-26,estimated,0
shipping_tanker_imports,es,nation,2020-10,6396207,tonnes,portwatch,2020-10-31,,2026-09-26,estimated,0
shipping_tanker_imports,es,nation,2020-11,6880167,tonnes,portwatch,2020-11-30,,2026-09-26,estimated,0
shipping_tanker_imports,es,nation,2020-12,6425965,tonnes,portwatch,2020-12-31,,2026-09-26,estimated,0
shipping_tanker_imports,es,nation,2021-01,6437965,tonnes,portwatch,2021-01-31,,2026-09-26,estimated,0
shipping_tanker_imports,es,nation,2021-02,6647028,tonnes,portwatch,2021-02-28,,2026-09-26,estimated,0
shipping_tanker_imports,es,nation,2021-03,6822240,tonnes,portwatch,2021-03-31,,2026-09-26,estimated,0
shipping_tanker_imports,es,nation,2021-04,6559423,tonnes,portwatch,2021-04-30,,2026-09-26,estimated,0
shipping_tanker_imports,es,nation,2021-05,6203001,tonnes,portwatch,2021-05-31,,2026-09-26,estimated,0
shipping_tanker_imports,es,nation,2021-06,5724615,tonnes,portwatch,2021-06-30,,2026-09-26,estimated,0
shipping_tanker_imports,es,nation,2021-07,6969455,tonnes,portwatch,2021-07-31,,2026-09-26,estimated,0
shipping_tanker_imports,es,nation,2021-08,7921034,tonnes,portwatch,2021-08-31,,2026-09-26,estimated,0
shipping_tanker_imports,es,nation,2021-09,5883897,tonnes,portwatch,2021-09-30,,2026-09-26,estimated,0
shipping_tanker_imports,es,nation,2021-10,7665208,tonnes,portwatch,2021-10-31,,2026-09-26,estimated,0
shipping_tanker_imports,es,nation,2021-11,7804768,tonnes,portwatch,2021-11-30,,2026-09-26,estimated,0
shipping_tanker_imports,es,nation,2021-12,8041803,tonnes,portwatch,2021-12-31,,2026-09-26,estimated,0
shipping_tanker_imports,es,nation,2022-01,8757582,tonnes,portwatch,2022-01-31,,2026-09-26,estimated,0
shipping_tanker_imports,es,nation,2022-02,8828834,tonnes,portwatch,2022-02-28,,2026-09-26,estimated,0
shipping_tanker_imports,es,nation,2022-03,7684811,tonnes,portwatch,2022-03-31,,2026-09-26,estimated,0
shipping_tanker_imports,es,nation,2022-04,8897075,tonnes,portwatch,2022-04-30,,2026-09-26,estimated,0
shipping_tanker_imports,es,nation,2022-05,10113738,tonnes,portwatch,2022-05-31,,2026-09-26,estimated,0
shipping_tanker_imports,es,nation,2022-06,8494866,tonnes,portwatch,2022-06-30,,2026-09-26,estimated,0
shipping_tanker_imports,es,nation,2022-07,9972602,tonnes,portwatch,2022-07-31,,2026-09-26,estimated,0
shipping_tanker_imports,es,nation,2022-08,8968377,tonnes,portwatch,2022-08-31,,2026-09-26,estimated,0
shipping_tanker_imports,es,nation,2022-09,8879655,tonnes,portwatch,2022-09-30,,2026-09-26,estimated,0
shipping_tanker_imports,es,nation,2022-10,8951420,tonnes,portwatch,2022-10-31,,2026-09-26,estimated,0
shipping_tanker_imports,es,nation,2022-11,7508429,tonnes,portwatch,2022-11-30,,2026-09-26,estimated,0
shipping_tanker_imports,es,nation,2022-12,8854035,tonnes,portwatch,2022-12-31,,2026-09-26,estimated,0
shipping_tanker_imports,es,nation,2023-01,7814672,tonnes,portwatch,2023-01-31,,2026-09-26,estimated,0
shipping_tanker_imports,es,nation,2023-02,8420958,tonnes,portwatch,2023-02-28,,2026-09-26,estimated,0
shipping_tanker_imports,es,nation,2023-03,9139806,tonnes,portwatch,2023-03-31,,2026-09-26,estimated,0
shipping_tanker_imports,es,nation,2023-04,9845236,tonnes,portwatch,2023-04-30,,2026-09-26,estimated,0
shipping_tanker_imports,es,nation,2023-05,8272111,tonnes,portwatch,2023-05-31,,2026-09-26,estimated,0
shipping_tanker_imports,es,nation,2023-06,7642482,tonnes,portwatch,2023-06-30,,2026-09-26,estimated,0
shipping_tanker_imports,es,nation,2023-07,8089399,tonnes,portwatch,2023-07-31,,2026-09-26,estimated,0
shipping_tanker_imports,es,nation,2023-08,8311614,tonnes,portwatch,2023-08-31,,2026-09-26,estimated,0
shipping_tanker_imports,es,nation,2023-09,8439627,tonnes,portwatch,2023-09-30,,2026-09-26,estimated,0
shipping_tanker_imports,es,nation,2023-10,7888989,tonnes,portwatch,2023-10-31,,2026-09-26,estimated,0
shipping_tanker_imports,es,nation,2023-11,8724474,tonnes,portwatch,2023-11-30,,2026-09-26,estimated,0
shipping_tanker_imports,es,nation,2023-12,7902045,tonnes,portwatch,2023-12-31,,2026-09-26,estimated,0
shipping_tanker_imports,es,nation,2024-01,8761703,tonnes,portwatch,2024-01-31,,2026-09-26,estimated,0
shipping_tanker_imports,es,nation,2024-02,8818354,tonnes,portwatch,2024-02-29,,2026-09-26,estimated,0
shipping_tanker_imports,es,nation,2024-03,9036342,tonnes,portwatch,2024-03-31,,2026-09-26,estimated,0
shipping_tanker_imports,es,nation,2024-04,9900911,tonnes,portwatch,2024-04-30,,2026-09-26,estimated,0
shipping_tanker_imports,es,nation,2024-05,9967105,tonnes,portwatch,2024-05-31,,2026-09-26,estimated,0
shipping_tanker_imports,es,nation,2024-06,8581739,tonnes,portwatch,2024-06-30,,2026-09-26,estimated,0
shipping_tanker_imports,es,nation,2024-07,9099708,tonnes,portwatch,2024-07-31,,2026-09-26,estimated,0
shipping_tanker_imports,es,nation,2024-08,9080892,tonnes,portwatch,2024-08-31,,2026-09-26,estimated,0
shipping_tanker_imports,es,nation,2024-09,9194842,tonnes,portwatch,2024-09-30,,2026-09-26,estimated,0
shipping_tanker_imports,es,nation,2024-10,8764629,tonnes,portwatch,2024-10-31,,2026-09-26,estimated,0
shipping_tanker_imports,es,nation,2024-11,9379805,tonnes,portwatch,2024-11-30,,2026-09-26,estimated,0
shipping_tanker_imports,es,nation,2024-12,7987197,tonnes,portwatch,2024-12-31,,2026-09-26,estimated,0
shipping_tanker_imports,es,nation,2025-01,8765887,tonnes,portwatch,2025-01-31,,2026-09-26,estimated,0
shipping_tanker_imports,es,nation,2025-02,8446096,tonnes,portwatch,2025-02-28,,2026-09-26,estimated,0
shipping_tanker_imports,es,nation,2025-03,9128181,tonnes,portwatch,2025-03-31,,2026-09-26,estimated,0
shipping_tanker_imports,es,nation,2025-04,9902867,tonnes,portwatch,2025-04-30,,2026-09-26,estimated,0
shipping_tanker_imports,es,nation,2025-05,7562067,tonnes,portwatch,2025-05-31,,2026-09-26,estimated,0
shipping_tanker_imports,es,nation,2025-06,7910379,tonnes,portwatch,2025-06-30,,2026-09-26,estimated,0
shipping_tanker_imports,es,nation,2025-07,9558297,tonnes,portwatch,2025-07-31,,2026-09-26,estimated,0
shipping_tanker_imports,es,nation,2025-08,8183892,tonnes,portwatch,2025-08-31,,2026-09-26,estimated,0
shipping_tanker_imports,es,nation,2025-09,8184705,tonnes,portwatch,2025-09-30,,2026-09-26,estimated,0
shipping_tanker_imports,es,nation,2025-10,9411368,tonnes,portwatch,2025-10-31,,2026-09-26,estimated,0
shipping_tanker_imports,es,nation,2025-11,8700496,tonnes,portwatch,2025-11-30,,2026-09-26,estimated,0
shipping_tanker_imports,es,nation,2025-12,8926863,tonnes,portwatch,2025-12-31,,2026-09-26,estimated,0
shipping_tanker_imports,es,nation,2026-01,7939128,tonnes,portwatch,2026-01-31,,2026-09-26,estimated,0
shipping_tanker_imports,es,nation,2026-02,8194297,tonnes,portwatch,2026-02-28,,2026-09-26,estimated,0
shipping_tanker_imports,es,nation,2026-03,9000819,tonnes,portwatch,2026-03-31,,2026-09-26,estimated,0
shipping_tanker_imports,es,nation,2026-04,7688547,tonnes,portwatch,2026-04-30,,2026-09-26,estimated,0
shipping_tanker_imports,es,nation,2026-05,9223376,tonnes,portwatch,2026-05-31,,2026-09-26,estimated,0
shipping_tanker_imports,es,nation,2026-06,7150874,tonnes,portwatch,2026-06-30,,2026-09-26,estimated,0
shipping_tanker_imports,es,nation,2026-07,8245764,tonnes,portwatch,2026-07-31,,2026-09-26,estimated,0
shipping_tanker_imports,es,nation,2026-08,8610203,tonnes,portwatch,2026-08-31,,2026-09-26,estimated,0
shipping_tanker_imports,fr,nation,2019-01,6194353,tonnes,portwatch,2019-01-31,,2026-09-26,estimated,0
shipping_tanker_imports,fr,nation,2019-02,7038718,tonnes,portwatch,2019-02-28,,2026-09-26,estimated,0
shipping_tanker_imports,fr,nation,2019-03,7904604,tonnes,portwatch,2019-03-31,,2026-09-26,estimated,0
shipping_tanker_imports,fr,nation,2019-04,7732345,tonnes,portwatch,2019-04-30,,2026-09-26,estimated,0
shipping_tanker_imports,fr,nation,2019-05,6271912,tonnes,portwatch,2019-05-31,,2026-09-26,estimated,0
shipping_tanker_imports,fr,nation,2019-06,6116049,tonnes,portwatch,2019-06-30,,2026-09-26,estimated,0
shipping_tanker_imports,fr,nation,2019-07,7075164,tonnes,portwatch,2019-07-31,,2026-09-26,estimated,0
shipping_tanker_imports,fr,nation,2019-08,6913492,tonnes,portwatch,2019-08-31,,2026-09-26,estimated,0
shipping_tanker_imports,fr,nation,2019-09,5499216,tonnes,portwatch,2019-09-30,,2026-09-26,estimated,0
shipping_tanker_imports,fr,nation,2019-10,5652321,tonnes,portwatch,2019-10-31,,2026-09-26,estimated,0
shipping_tanker_imports,fr,nation,2019-11,5785532,tonnes,portwatch,2019-11-30,,2026-09-26,estimated,0
shipping_tanker_imports,fr,nation,2019-12,5519022,tonnes,portwatch,2019-12-31,,2026-09-26,estimated,0
shipping_tanker_imports,fr,nation,2020-01,5370233,tonnes,portwatch,2020-01-31,,2026-09-26,estimated,0
shipping_tanker_imports,fr,nation,2020-02,5187465,tonnes,portwatch,2020-02-29,,2026-09-26,estimated,0
shipping_tanker_imports,fr,nation,2020-03,5435456,tonnes,portwatch,2020-03-31,,2026-09-26,estimated,0
shipping_tanker_imports,fr,nation,2020-04,5069037,tonnes,portwatch,2020-04-30,,2026-09-26,estimated,0
shipping_tanker_imports,fr,nation,2020-05,6645370,tonnes,portwatch,2020-05-31,,2026-09-26,estimated,0
shipping_tanker_imports,fr,nation,2020-06,5443797,tonnes,portwatch,2020-06-30,,2026-09-26,estimated,0
shipping_tanker_imports,fr,nation,2020-07,6886300,tonnes,portwatch,2020-07-31,,2026-09-26,estimated,0
shipping_tanker_imports,fr,nation,2020-08,5383276,tonnes,portwatch,2020-08-31,,2026-09-26,estimated,0
shipping_tanker_imports,fr,nation,2020-09,5826849,tonnes,portwatch,2020-09-30,,2026-09-26,estimated,0
shipping_tanker_imports,fr,nation,2020-10,5996405,tonnes,portwatch,2020-10-31,,2026-09-26,estimated,0
shipping_tanker_imports,fr,nation,2020-11,4781767,tonnes,portwatch,2020-11-30,,2026-09-26,estimated,0
shipping_tanker_imports,fr,nation,2020-12,4880984,tonnes,portwatch,2020-12-31,,2026-09-26,estimated,0
shipping_tanker_imports,fr,nation,2021-01,6044087,tonnes,portwatch,2021-01-31,,2026-09-26,estimated,0
shipping_tanker_imports,fr,nation,2021-02,5774610,tonnes,portwatch,2021-02-28,,2026-09-26,estimated,0
shipping_tanker_imports,fr,nation,2021-03,5741880,tonnes,portwatch,2021-03-31,,2026-09-26,estimated,0
shipping_tanker_imports,fr,nation,2021-04,6354733,tonnes,portwatch,2021-04-30,,2026-09-26,estimated,0
shipping_tanker_imports,fr,nation,2021-05,6312036,tonnes,portwatch,2021-05-31,,2026-09-26,estimated,0
shipping_tanker_imports,fr,nation,2021-06,5746789,tonnes,portwatch,2021-06-30,,2026-09-26,estimated,0
shipping_tanker_imports,fr,nation,2021-07,5758058,tonnes,portwatch,2021-07-31,,2026-09-26,estimated,0
shipping_tanker_imports,fr,nation,2021-08,6155255,tonnes,portwatch,2021-08-31,,2026-09-26,estimated,0
shipping_tanker_imports,fr,nation,2021-09,4980439,tonnes,portwatch,2021-09-30,,2026-09-26,estimated,0
shipping_tanker_imports,fr,nation,2021-10,5237127,tonnes,portwatch,2021-10-31,,2026-09-26,estimated,0
shipping_tanker_imports,fr,nation,2021-11,7186154,tonnes,portwatch,2021-11-30,,2026-09-26,estimated,0
shipping_tanker_imports,fr,nation,2021-12,7697530,tonnes,portwatch,2021-12-31,,2026-09-26,estimated,0
shipping_tanker_imports,fr,nation,2022-01,8145173,tonnes,portwatch,2022-01-31,,2026-09-26,estimated,0
shipping_tanker_imports,fr,nation,2022-02,6826484,tonnes,portwatch,2022-02-28,,2026-09-26,estimated,0
shipping_tanker_imports,fr,nation,2022-03,7315579,tonnes,portwatch,2022-03-31,,2026-09-26,estimated,0
shipping_tanker_imports,fr,nation,2022-04,7599410,tonnes,portwatch,2022-04-30,,2026-09-26,estimated,0
shipping_tanker_imports,fr,nation,2022-05,8264973,tonnes,portwatch,2022-05-31,,2026-09-26,estimated,0
shipping_tanker_imports,fr,nation,2022-06,7302438,tonnes,portwatch,2022-06-30,,2026-09-26,estimated,0
shipping_tanker_imports,fr,nation,2022-07,8524204,tonnes,portwatch,2022-07-31,,2026-09-26,estimated,0
shipping_tanker_imports,fr,nation,2022-08,8625127,tonnes,portwatch,2022-08-31,,2026-09-26,estimated,0
shipping_tanker_imports,fr,nation,2022-09,8424488,tonnes,portwatch,2022-09-30,,2026-09-26,estimated,0
shipping_tanker_imports,fr,nation,2022-10,8018465,tonnes,portwatch,2022-10-31,,2026-09-26,estimated,0
shipping_tanker_imports,fr,nation,2022-11,8286747,tonnes,portwatch,2022-11-30,,2026-09-26,estimated,0
shipping_tanker_imports,fr,nation,2022-12,8348323,tonnes,portwatch,2022-12-31,,2026-09-26,estimated,0
shipping_tanker_imports,fr,nation,2023-01,9078480,tonnes,portwatch,2023-01-31,,2026-09-26,estimated,0
shipping_tanker_imports,fr,nation,2023-02,8081565,tonnes,portwatch,2023-02-28,,2026-09-26,estimated,0
shipping_tanker_imports,fr,nation,2023-03,4841086,tonnes,portwatch,2023-03-31,,2026-09-26,estimated,0
shipping_tanker_imports,fr,nation,2023-04,8469870,tonnes,portwatch,2023-04-30,,2026-09-26,estimated,0
shipping_tanker_imports,fr,nation,2023-05,8487723,tonnes,portwatch,2023-05-31,,2026-09-26,estimated,0
shipping_tanker_imports,fr,nation,2023-06,7679325,tonnes,portwatch,2023-06-30,,2026-09-26,estimated,0
shipping_tanker_imports,fr,nation,2023-07,7781850,tonnes,portwatch,2023-07-31,,2026-09-26,estimated,0
shipping_tanker_imports,fr,nation,2023-08,7291173,tonnes,portwatch,2023-08-31,,2026-09-26,estimated,0
shipping_tanker_imports,fr,nation,2023-09,7605755,tonnes,portwatch,2023-09-30,,2026-09-26,estimated,0
shipping_tanker_imports,fr,nation,2023-10,8236857,tonnes,portwatch,2023-10-31,,2026-09-26,estimated,0
shipping_tanker_imports,fr,nation,2023-11,8555578,tonnes,portwatch,2023-11-30,,2026-09-26,estimated,0
shipping_tanker_imports,fr,nation,2023-12,6355808,tonnes,portwatch,2023-12-31,,2026-09-26,estimated,0
shipping_tanker_imports,fr,nation,2024-01,5966121,tonnes,portwatch,2024-01-31,,2026-09-26,estimated,0
shipping_tanker_imports,fr,nation,2024-02,5268524,tonnes,portwatch,2024-02-29,,2026-09-26,estimated,0
shipping_tanker_imports,fr,nation,2024-03,8037844,tonnes,portwatch,2024-03-31,,2026-09-26,estimated,0
shipping_tanker_imports,fr,nation,2024-04,7151776,tonnes,portwatch,2024-04-30,,2026-09-26,estimated,0
shipping_tanker_imports,fr,nation,2024-05,7382128,tonnes,portwatch,2024-05-31,,2026-09-26,estimated,0
shipping_tanker_imports,fr,nation,2024-06,7489350,tonnes,portwatch,2024-06-30,,2026-09-26,estimated,0
shipping_tanker_imports,fr,nation,2024-07,7271321,tonnes,portwatch,2024-07-31,,2026-09-26,estimated,0
shipping_tanker_imports,fr,nation,2024-08,7813154,tonnes,portwatch,2024-08-31,,2026-09-26,estimated,0
shipping_tanker_imports,fr,nation,2024-09,8676048,tonnes,portwatch,2024-09-30,,2026-09-26,estimated,0
shipping_tanker_imports,fr,nation,2024-10,8011443,tonnes,portwatch,2024-10-31,,2026-09-26,estimated,0
shipping_tanker_imports,fr,nation,2024-11,7743999,tonnes,portwatch,2024-11-30,,2026-09-26,estimated,0
shipping_tanker_imports,fr,nation,2024-12,7858682,tonnes,portwatch,2024-12-31,,2026-09-26,estimated,0
shipping_tanker_imports,fr,nation,2025-01,7771771,tonnes,portwatch,2025-01-31,,2026-09-26,estimated,0
shipping_tanker_imports,fr,nation,2025-02,7404770,tonnes,portwatch,2025-02-28,,2026-09-26,estimated,0
shipping_tanker_imports,fr,nation,2025-03,9228758,tonnes,portwatch,2025-03-31,,2026-09-26,estimated,0
shipping_tanker_imports,fr,nation,2025-04,7156568,tonnes,portwatch,2025-04-30,,2026-09-26,estimated,0
shipping_tanker_imports,fr,nation,2025-05,7832843,tonnes,portwatch,2025-05-31,,2026-09-26,estimated,0
shipping_tanker_imports,fr,nation,2025-06,7649951,tonnes,portwatch,2025-06-30,,2026-09-26,estimated,0
shipping_tanker_imports,fr,nation,2025-07,8693122,tonnes,portwatch,2025-07-31,,2026-09-26,estimated,0
shipping_tanker_imports,fr,nation,2025-08,7251597,tonnes,portwatch,2025-08-31,,2026-09-26,estimated,0
shipping_tanker_imports,fr,nation,2025-09,8780970,tonnes,portwatch,2025-09-30,,2026-09-26,estimated,0
shipping_tanker_imports,fr,nation,2025-10,7485900,tonnes,portwatch,2025-10-31,,2026-09-26,estimated,0
shipping_tanker_imports,fr,nation,2025-11,8746862,tonnes,portwatch,2025-11-30,,2026-09-26,estimated,0
shipping_tanker_imports,fr,nation,2025-12,7681341,tonnes,portwatch,2025-12-31,,2026-09-26,estimated,0
shipping_tanker_imports,fr,nation,2026-01,7598944,tonnes,portwatch,2026-01-31,,2026-09-26,estimated,0
shipping_tanker_imports,fr,nation,2026-02,7747020,tonnes,portwatch,2026-02-28,,2026-09-26,estimated,0
shipping_tanker_imports,fr,nation,2026-03,7762491,tonnes,portwatch,2026-03-31,,2026-09-26,estimated,0
shipping_tanker_imports,fr,nation,2026-04,7375297,tonnes,portwatch,2026-04-30,,2026-09-26,estimated,0
shipping_tanker_imports,fr,nation,2026-05,6838938,tonnes,portwatch,2026-05-31,,2026-09-26,estimated,0
shipping_tanker_imports,fr,nation,2026-06,6919218,tonnes,portwatch,2026-06-30,,2026-09-26,estimated,0
shipping_tanker_imports,fr,nation,2026-07,7314514,tonnes,portwatch,2026-07-31,,2026-09-26,estimated,0
shipping_tanker_imports,fr,nation,2026-08,7118115,tonnes,portwatch,2026-08-31,,2026-09-26,estimated,0
shipping_tanker_imports,gb,nation,2019-01,7688015,tonnes,portwatch,2019-01-31,,2026-09-26,estimated,0
shipping_tanker_imports,gb,nation,2019-02,5814480,tonnes,portwatch,2019-02-28,,2026-09-26,estimated,0
shipping_tanker_imports,gb,nation,2019-03,7630975,tonnes,portwatch,2019-03-31,,2026-09-26,estimated,0
shipping_tanker_imports,gb,nation,2019-04,7353806,tonnes,portwatch,2019-04-30,,2026-09-26,estimated,0
shipping_tanker_imports,gb,nation,2019-05,7757098,tonnes,portwatch,2019-05-31,,2026-09-26,estimated,0
shipping_tanker_imports,gb,nation,2019-06,7063220,tonnes,portwatch,2019-06-30,,2026-09-26,estimated,0
shipping_tanker_imports,gb,nation,2019-07,6619903,tonnes,portwatch,2019-07-31,,2026-09-26,estimated,0
shipping_tanker_imports,gb,nation,2019-08,7513441,tonnes,portwatch,2019-08-31,,2026-09-26,estimated,0
shipping_tanker_imports,gb,nation,2019-09,6542644,tonnes,portwatch,2019-09-30,,2026-09-26,estimated,0
shipping_tanker_imports,gb,nation,2019-10,7648792,tonnes,portwatch,2019-10-31,,2026-09-26,estimated,0
shipping_tanker_imports,gb,nation,2019-11,6961499,tonnes,portwatch,2019-11-30,,2026-09-26,estimated,0
shipping_tanker_imports,gb,nation,2019-12,7224670,tonnes,portwatch,2019-12-31,,2026-09-26,estimated,0
shipping_tanker_imports,gb,nation,2020-01,7493191,tonnes,portwatch,2020-01-31,,2026-09-26,estimated,0
shipping_tanker_imports,gb,nation,2020-02,5658296,tonnes,portwatch,2020-02-29,,2026-09-26,estimated,0
shipping_tanker_imports,gb,nation,2020-03,7748832,tonnes,portwatch,2020-03-31,,2026-09-26,estimated,0
shipping_tanker_imports,gb,nation,2020-04,6093881,tonnes,portwatch,2020-04-30,,2026-09-26,estimated,0
shipping_tanker_imports,gb,nation,2020-05,5293569,tonnes,portwatch,2020-05-31,,2026-09-26,estimated,0
shipping_tanker_imports,gb,nation,2020-06,5522055,tonnes,portwatch,2020-06-30,,2026-09-26,estimated,0
shipping_tanker_imports,gb,nation,2020-07,5391791,tonnes,portwatch,2020-07-31,,2026-09-26,estimated,0
shipping_tanker_imports,gb,nation,2020-08,5447706,tonnes,portwatch,2020-08-31,,2026-09-26,estimated,0
shipping_tanker_imports,gb,nation,2020-09,6048999,tonnes,portwatch,2020-09-30,,2026-09-26,estimated,0
shipping_tanker_imports,gb,nation,2020-10,5834938,tonnes,portwatch,2020-10-31,,2026-09-26,estimated,0
shipping_tanker_imports,gb,nation,2020-11,5842000,tonnes,portwatch,2020-11-30,,2026-09-26,estimated,0
shipping_tanker_imports,gb,nation,2020-12,6094308,tonnes,portwatch,2020-12-31,,2026-09-26,estimated,0
shipping_tanker_imports,gb,nation,2021-01,5154210,tonnes,portwatch,2021-01-31,,2026-09-26,estimated,0
shipping_tanker_imports,gb,nation,2021-02,4942399,tonnes,portwatch,2021-02-28,,2026-09-26,estimated,0
shipping_tanker_imports,gb,nation,2021-03,6208975,tonnes,portwatch,2021-03-31,,2026-09-26,estimated,0
shipping_tanker_imports,gb,nation,2021-04,6461559,tonnes,portwatch,2021-04-30,,2026-09-26,estimated,0
shipping_tanker_imports,gb,nation,2021-05,6925980,tonnes,portwatch,2021-05-31,,2026-09-26,estimated,0
shipping_tanker_imports,gb,nation,2021-06,6587541,tonnes,portwatch,2021-06-30,,2026-09-26,estimated,0
shipping_tanker_imports,gb,nation,2021-07,6544907,tonnes,portwatch,2021-07-31,,2026-09-26,estimated,0
shipping_tanker_imports,gb,nation,2021-08,6069066,tonnes,portwatch,2021-08-31,,2026-09-26,estimated,0
shipping_tanker_imports,gb,nation,2021-09,6477168,tonnes,portwatch,2021-09-30,,2026-09-26,estimated,0
shipping_tanker_imports,gb,nation,2021-10,7177552,tonnes,portwatch,2021-10-31,,2026-09-26,estimated,0
shipping_tanker_imports,gb,nation,2021-11,7184201,tonnes,portwatch,2021-11-30,,2026-09-26,estimated,0
shipping_tanker_imports,gb,nation,2021-12,7372406,tonnes,portwatch,2021-12-31,,2026-09-26,estimated,0
shipping_tanker_imports,gb,nation,2022-01,7759181,tonnes,portwatch,2022-01-31,,2026-09-26,estimated,0
shipping_tanker_imports,gb,nation,2022-02,7551070,tonnes,portwatch,2022-02-28,,2026-09-26,estimated,0
shipping_tanker_imports,gb,nation,2022-03,8121253,tonnes,portwatch,2022-03-31,,2026-09-26,estimated,0
shipping_tanker_imports,gb,nation,2022-04,8328379,tonnes,portwatch,2022-04-30,,2026-09-26,estimated,0
shipping_tanker_imports,gb,nation,2022-05,7485387,tonnes,portwatch,2022-05-31,,2026-09-26,estimated,0
shipping_tanker_imports,gb,nation,2022-06,6747616,tonnes,portwatch,2022-06-30,,2026-09-26,estimated,0
shipping_tanker_imports,gb,nation,2022-07,7495474,tonnes,portwatch,2022-07-31,,2026-09-26,estimated,0
shipping_tanker_imports,gb,nation,2022-08,7238044,tonnes,portwatch,2022-08-31,,2026-09-26,estimated,0
shipping_tanker_imports,gb,nation,2022-09,7030439,tonnes,portwatch,2022-09-30,,2026-09-26,estimated,0
shipping_tanker_imports,gb,nation,2022-10,8183168,tonnes,portwatch,2022-10-31,,2026-09-26,estimated,0
shipping_tanker_imports,gb,nation,2022-11,7171961,tonnes,portwatch,2022-11-30,,2026-09-26,estimated,0
shipping_tanker_imports,gb,nation,2022-12,8347967,tonnes,portwatch,2022-12-31,,2026-09-26,estimated,0
shipping_tanker_imports,gb,nation,2023-01,8389111,tonnes,portwatch,2023-01-31,,2026-09-26,estimated,0
shipping_tanker_imports,gb,nation,2023-02,7275912,tonnes,portwatch,2023-02-28,,2026-09-26,estimated,0
shipping_tanker_imports,gb,nation,2023-03,7784752,tonnes,portwatch,2023-03-31,,2026-09-26,estimated,0
shipping_tanker_imports,gb,nation,2023-04,8433771,tonnes,portwatch,2023-04-30,,2026-09-26,estimated,0
shipping_tanker_imports,gb,nation,2023-05,7487054,tonnes,portwatch,2023-05-31,,2026-09-26,estimated,0
shipping_tanker_imports,gb,nation,2023-06,7105893,tonnes,portwatch,2023-06-30,,2026-09-26,estimated,0
shipping_tanker_imports,gb,nation,2023-07,6765037,tonnes,portwatch,2023-07-31,,2026-09-26,estimated,0
shipping_tanker_imports,gb,nation,2023-08,7454261,tonnes,portwatch,2023-08-31,,2026-09-26,estimated,0
shipping_tanker_imports,gb,nation,2023-09,6887181,tonnes,portwatch,2023-09-30,,2026-09-26,estimated,0
shipping_tanker_imports,gb,nation,2023-10,6440178,tonnes,portwatch,2023-10-31,,2026-09-26,estimated,0
shipping_tanker_imports,gb,nation,2023-11,6847330,tonnes,portwatch,2023-11-30,,2026-09-26,estimated,0
shipping_tanker_imports,gb,nation,2023-12,7072345,tonnes,portwatch,2023-12-31,,2026-09-26,estimated,0
shipping_tanker_imports,gb,nation,2024-01,7653400,tonnes,portwatch,2024-01-31,,2026-09-26,estimated,0
shipping_tanker_imports,gb,nation,2024-02,5904449,tonnes,portwatch,2024-02-29,,2026-09-26,estimated,0
shipping_tanker_imports,gb,nation,2024-03,6183512,tonnes,portwatch,2024-03-31,,2026-09-26,estimated,0
shipping_tanker_imports,gb,nation,2024-04,6824059,tonnes,portwatch,2024-04-30,,2026-09-26,estimated,0
shipping_tanker_imports,gb,nation,2024-05,6985050,tonnes,portwatch,2024-05-31,,2026-09-26,estimated,0
shipping_tanker_imports,gb,nation,2024-06,6739291,tonnes,portwatch,2024-06-30,,2026-09-26,estimated,0
shipping_tanker_imports,gb,nation,2024-07,6961164,tonnes,portwatch,2024-07-31,,2026-09-26,estimated,0
shipping_tanker_imports,gb,nation,2024-08,7270777,tonnes,portwatch,2024-08-31,,2026-09-26,estimated,0
shipping_tanker_imports,gb,nation,2024-09,6654137,tonnes,portwatch,2024-09-30,,2026-09-26,estimated,0
shipping_tanker_imports,gb,nation,2024-10,7143054,tonnes,portwatch,2024-10-31,,2026-09-26,estimated,0
shipping_tanker_imports,gb,nation,2024-11,7006960,tonnes,portwatch,2024-11-30,,2026-09-26,estimated,0
shipping_tanker_imports,gb,nation,2024-12,7661449,tonnes,portwatch,2024-12-31,,2026-09-26,estimated,0
shipping_tanker_imports,gb,nation,2025-01,7144186,tonnes,portwatch,2025-01-31,,2026-09-26,estimated,0
shipping_tanker_imports,gb,nation,2025-02,5934658,tonnes,portwatch,2025-02-28,,2026-09-26,estimated,0
shipping_tanker_imports,gb,nation,2025-03,6846327,tonnes,portwatch,2025-03-31,,2026-09-26,estimated,0
shipping_tanker_imports,gb,nation,2025-04,6234396,tonnes,portwatch,2025-04-30,,2026-09-26,estimated,0
shipping_tanker_imports,gb,nation,2025-05,7643937,tonnes,portwatch,2025-05-31,,2026-09-26,estimated,0
shipping_tanker_imports,gb,nation,2025-06,6805178,tonnes,portwatch,2025-06-30,,2026-09-26,estimated,0
shipping_tanker_imports,gb,nation,2025-07,5963203,tonnes,portwatch,2025-07-31,,2026-09-26,estimated,0
shipping_tanker_imports,gb,nation,2025-08,6264625,tonnes,portwatch,2025-08-31,,2026-09-26,estimated,0
shipping_tanker_imports,gb,nation,2025-09,6170215,tonnes,portwatch,2025-09-30,,2026-09-26,estimated,0
shipping_tanker_imports,gb,nation,2025-10,5981126,tonnes,portwatch,2025-10-31,,2026-09-26,estimated,0
shipping_tanker_imports,gb,nation,2025-11,7398188,tonnes,portwatch,2025-11-30,,2026-09-26,estimated,0
shipping_tanker_imports,gb,nation,2025-12,7021841,tonnes,portwatch,2025-12-31,,2026-09-26,estimated,0
shipping_tanker_imports,gb,nation,2026-01,6760143,tonnes,portwatch,2026-01-31,,2026-09-26,estimated,0
shipping_tanker_imports,gb,nation,2026-02,7286278,tonnes,portwatch,2026-02-28,,2026-09-26,estimated,0
shipping_tanker_imports,gb,nation,2026-03,7044472,tonnes,portwatch,2026-03-31,,2026-09-26,estimated,0
shipping_tanker_imports,gb,nation,2026-04,6110210,tonnes,portwatch,2026-04-30,,2026-09-26,estimated,0
shipping_tanker_imports,gb,nation,2026-05,6425306,tonnes,portwatch,2026-05-31,,2026-09-26,estimated,0
shipping_tanker_imports,gb,nation,2026-06,5764758,tonnes,portwatch,2026-06-30,,2026-09-26,estimated,0
shipping_tanker_imports,gb,nation,2026-07,5349778,tonnes,portwatch,2026-07-31,,2026-09-26,estimated,0
shipping_tanker_imports,gb,nation,2026-08,5618480,tonnes,portwatch,2026-08-31,,2026-09-26,estimated,0
shipping_tanker_imports,id,nation,2019-01,5144689,tonnes,portwatch,2019-01-31,,2026-09-26,estimated,0
shipping_tanker_imports,id,nation,2019-02,4936777,tonnes,portwatch,2019-02-28,,2026-09-26,estimated,0
shipping_tanker_imports,id,nation,2019-03,4988807,tonnes,portwatch,2019-03-31,,2026-09-26,estimated,0
shipping_tanker_imports,id,nation,2019-04,4954537,tonnes,portwatch,2019-04-30,,2026-09-26,estimated,0
shipping_tanker_imports,id,nation,2019-05,5556856,tonnes,portwatch,2019-05-31,,2026-09-26,estimated,0
shipping_tanker_imports,id,nation,2019-06,4724021,tonnes,portwatch,2019-06-30,,2026-09-26,estimated,0
shipping_tanker_imports,id,nation,2019-07,5128225,tonnes,portwatch,2019-07-31,,2026-09-26,estimated,0
shipping_tanker_imports,id,nation,2019-08,4851992,tonnes,portwatch,2019-08-31,,2026-09-26,estimated,0
shipping_tanker_imports,id,nation,2019-09,4682938,tonnes,portwatch,2019-09-30,,2026-09-26,estimated,0
shipping_tanker_imports,id,nation,2019-10,5074296,tonnes,portwatch,2019-10-31,,2026-09-26,estimated,0
shipping_tanker_imports,id,nation,2019-11,5759967,tonnes,portwatch,2019-11-30,,2026-09-26,estimated,0
shipping_tanker_imports,id,nation,2019-12,5368841,tonnes,portwatch,2019-12-31,,2026-09-26,estimated,0
shipping_tanker_imports,id,nation,2020-01,5197530,tonnes,portwatch,2020-01-31,,2026-09-26,estimated,0
shipping_tanker_imports,id,nation,2020-02,5190323,tonnes,portwatch,2020-02-29,,2026-09-26,estimated,0
shipping_tanker_imports,id,nation,2020-03,5663329,tonnes,portwatch,2020-03-31,,2026-09-26,estimated,0
shipping_tanker_imports,id,nation,2020-04,4974035,tonnes,portwatch,2020-04-30,,2026-09-26,estimated,0
shipping_tanker_imports,id,nation,2020-05,4344802,tonnes,portwatch,2020-05-31,,2026-09-26,estimated,0
shipping_tanker_imports,id,nation,2020-06,4301175,tonnes,portwatch,2020-06-30,,2026-09-26,estimated,0
shipping_tanker_imports,id,nation,2020-07,4853605,tonnes,portwatch,2020-07-31,,2026-09-26,estimated,0
shipping_tanker_imports,id,nation,2020-08,4237461,tonnes,portwatch,2020-08-31,,2026-09-26,estimated,0
shipping_tanker_imports,id,nation,2020-09,4557173,tonnes,portwatch,2020-09-30,,2026-09-26,estimated,0
shipping_tanker_imports,id,nation,2020-10,5162861,tonnes,portwatch,2020-10-31,,2026-09-26,estimated,0
shipping_tanker_imports,id,nation,2020-11,4658944,tonnes,portwatch,2020-11-30,,2026-09-26,estimated,0
shipping_tanker_imports,id,nation,2020-12,4857862,tonnes,portwatch,2020-12-31,,2026-09-26,estimated,0
shipping_tanker_imports,id,nation,2021-01,4721806,tonnes,portwatch,2021-01-31,,2026-09-26,estimated,0
shipping_tanker_imports,id,nation,2021-02,4004698,tonnes,portwatch,2021-02-28,,2026-09-26,estimated,0
shipping_tanker_imports,id,nation,2021-03,4736345,tonnes,portwatch,2021-03-31,,2026-09-26,estimated,0
shipping_tanker_imports,id,nation,2021-04,5146108,tonnes,portwatch,2021-04-30,,2026-09-26,estimated,0
shipping_tanker_imports,id,nation,2021-05,4128146,tonnes,portwatch,2021-05-31,,2026-09-26,estimated,0
shipping_tanker_imports,id,nation,2021-06,4239841,tonnes,portwatch,2021-06-30,,2026-09-26,estimated,0
shipping_tanker_imports,id,nation,2021-07,4334394,tonnes,portwatch,2021-07-31,,2026-09-26,estimated,0
shipping_tanker_imports,id,nation,2021-08,4719668,tonnes,portwatch,2021-08-31,,2026-09-26,estimated,0
shipping_tanker_imports,id,nation,2021-09,4656597,tonnes,portwatch,2021-09-30,,2026-09-26,estimated,0
shipping_tanker_imports,id,nation,2021-10,4557022,tonnes,portwatch,2021-10-31,,2026-09-26,estimated,0
shipping_tanker_imports,id,nation,2021-11,6358175,tonnes,portwatch,2021-11-30,,2026-09-26,estimated,0
shipping_tanker_imports,id,nation,2021-12,6508615,tonnes,portwatch,2021-12-31,,2026-09-26,estimated,0
shipping_tanker_imports,id,nation,2022-01,6934025,tonnes,portwatch,2022-01-31,,2026-09-26,estimated,0
shipping_tanker_imports,id,nation,2022-02,5295270,tonnes,portwatch,2022-02-28,,2026-09-26,estimated,0
shipping_tanker_imports,id,nation,2022-03,6428102,tonnes,portwatch,2022-03-31,,2026-09-26,estimated,0
shipping_tanker_imports,id,nation,2022-04,6476421,tonnes,portwatch,2022-04-30,,2026-09-26,estimated,0
shipping_tanker_imports,id,nation,2022-05,5839941,tonnes,portwatch,2022-05-31,,2026-09-26,estimated,0
shipping_tanker_imports,id,nation,2022-06,6097554,tonnes,portwatch,2022-06-30,,2026-09-26,estimated,0
shipping_tanker_imports,id,nation,2022-07,6516849,tonnes,portwatch,2022-07-31,,2026-09-26,estimated,0
shipping_tanker_imports,id,nation,2022-08,7385064,tonnes,portwatch,2022-08-31,,2026-09-26,estimated,0
shipping_tanker_imports,id,nation,2022-09,5907264,tonnes,portwatch,2022-09-30,,2026-09-26,estimated,0
shipping_tanker_imports,id,nation,2022-10,8100947,tonnes,portwatch,2022-10-31,,2026-09-26,estimated,0
shipping_tanker_imports,id,nation,2022-11,6815852,tonnes,portwatch,2022-11-30,,2026-09-26,estimated,0
shipping_tanker_imports,id,nation,2022-12,7502260,tonnes,portwatch,2022-12-31,,2026-09-26,estimated,0
shipping_tanker_imports,id,nation,2023-01,6946658,tonnes,portwatch,2023-01-31,,2026-09-26,estimated,0
shipping_tanker_imports,id,nation,2023-02,6753448,tonnes,portwatch,2023-02-28,,2026-09-26,estimated,0
shipping_tanker_imports,id,nation,2023-03,7012094,tonnes,portwatch,2023-03-31,,2026-09-26,estimated,0
shipping_tanker_imports,id,nation,2023-04,7216891,tonnes,portwatch,2023-04-30,,2026-09-26,estimated,0
shipping_tanker_imports,id,nation,2023-05,6403254,tonnes,portwatch,2023-05-31,,2026-09-26,estimated,0
shipping_tanker_imports,id,nation,2023-06,6585465,tonnes,portwatch,2023-06-30,,2026-09-26,estimated,0
shipping_tanker_imports,id,nation,2023-07,7466812,tonnes,portwatch,2023-07-31,,2026-09-26,estimated,0
shipping_tanker_imports,id,nation,2023-08,6488054,tonnes,portwatch,2023-08-31,,2026-09-26,estimated,0
shipping_tanker_imports,id,nation,2023-09,6584288,tonnes,portwatch,2023-09-30,,2026-09-26,estimated,0
shipping_tanker_imports,id,nation,2023-10,7334776,tonnes,portwatch,2023-10-31,,2026-09-26,estimated,0
shipping_tanker_imports,id,nation,2023-11,7028889,tonnes,portwatch,2023-11-30,,2026-09-26,estimated,0
shipping_tanker_imports,id,nation,2023-12,7445632,tonnes,portwatch,2023-12-31,,2026-09-26,estimated,0
shipping_tanker_imports,id,nation,2024-01,6811213,tonnes,portwatch,2024-01-31,,2026-09-26,estimated,0
shipping_tanker_imports,id,nation,2024-02,6579120,tonnes,portwatch,2024-02-29,,2026-09-26,estimated,0
shipping_tanker_imports,id,nation,2024-03,7131020,tonnes,portwatch,2024-03-31,,2026-09-26,estimated,0
shipping_tanker_imports,id,nation,2024-04,6812069,tonnes,portwatch,2024-04-30,,2026-09-26,estimated,0
shipping_tanker_imports,id,nation,2024-05,6863876,tonnes,portwatch,2024-05-31,,2026-09-26,estimated,0
shipping_tanker_imports,id,nation,2024-06,7039653,tonnes,portwatch,2024-06-30,,2026-09-26,estimated,0
shipping_tanker_imports,id,nation,2024-07,7469601,tonnes,portwatch,2024-07-31,,2026-09-26,estimated,0
shipping_tanker_imports,id,nation,2024-08,6751812,tonnes,portwatch,2024-08-31,,2026-09-26,estimated,0
shipping_tanker_imports,id,nation,2024-09,6462061,tonnes,portwatch,2024-09-30,,2026-09-26,estimated,0
shipping_tanker_imports,id,nation,2024-10,7368828,tonnes,portwatch,2024-10-31,,2026-09-26,estimated,0
shipping_tanker_imports,id,nation,2024-11,6960678,tonnes,portwatch,2024-11-30,,2026-09-26,estimated,0
shipping_tanker_imports,id,nation,2024-12,6841501,tonnes,portwatch,2024-12-31,,2026-09-26,estimated,0
shipping_tanker_imports,id,nation,2025-01,6940804,tonnes,portwatch,2025-01-31,,2026-09-26,estimated,0
shipping_tanker_imports,id,nation,2025-02,6895882,tonnes,portwatch,2025-02-28,,2026-09-26,estimated,0
shipping_tanker_imports,id,nation,2025-03,6807142,tonnes,portwatch,2025-03-31,,2026-09-26,estimated,0
shipping_tanker_imports,id,nation,2025-04,6961830,tonnes,portwatch,2025-04-30,,2026-09-26,estimated,0
shipping_tanker_imports,id,nation,2025-05,6925403,tonnes,portwatch,2025-05-31,,2026-09-26,estimated,0
shipping_tanker_imports,id,nation,2025-06,7142840,tonnes,portwatch,2025-06-30,,2026-09-26,estimated,0
shipping_tanker_imports,id,nation,2025-07,7156289,tonnes,portwatch,2025-07-31,,2026-09-26,estimated,0
shipping_tanker_imports,id,nation,2025-08,6688834,tonnes,portwatch,2025-08-31,,2026-09-26,estimated,0
shipping_tanker_imports,id,nation,2025-09,7048792,tonnes,portwatch,2025-09-30,,2026-09-26,estimated,0
shipping_tanker_imports,id,nation,2025-10,7814272,tonnes,portwatch,2025-10-31,,2026-09-26,estimated,0
shipping_tanker_imports,id,nation,2025-11,6851381,tonnes,portwatch,2025-11-30,,2026-09-26,estimated,0
shipping_tanker_imports,id,nation,2025-12,7060006,tonnes,portwatch,2025-12-31,,2026-09-26,estimated,0
shipping_tanker_imports,id,nation,2026-01,6894892,tonnes,portwatch,2026-01-31,,2026-09-26,estimated,0
shipping_tanker_imports,id,nation,2026-02,6183853,tonnes,portwatch,2026-02-28,,2026-09-26,estimated,0
shipping_tanker_imports,id,nation,2026-03,6800785,tonnes,portwatch,2026-03-31,,2026-09-26,estimated,0
shipping_tanker_imports,id,nation,2026-04,6760412,tonnes,portwatch,2026-04-30,,2026-09-26,estimated,0
shipping_tanker_imports,id,nation,2026-05,7618469,tonnes,portwatch,2026-05-31,,2026-09-26,estimated,0
shipping_tanker_imports,id,nation,2026-06,7120297,tonnes,portwatch,2026-06-30,,2026-09-26,estimated,0
shipping_tanker_imports,id,nation,2026-07,7557139,tonnes,portwatch,2026-07-31,,2026-09-26,estimated,0
shipping_tanker_imports,id,nation,2026-08,7032725,tonnes,portwatch,2026-08-31,,2026-09-26,estimated,0
shipping_tanker_imports,ie,nation,2019-01,507346,tonnes,portwatch,2019-01-31,,2026-09-26,estimated,0
shipping_tanker_imports,ie,nation,2019-02,510708,tonnes,portwatch,2019-02-28,,2026-09-26,estimated,0
shipping_tanker_imports,ie,nation,2019-03,552864,tonnes,portwatch,2019-03-31,,2026-09-26,estimated,0
shipping_tanker_imports,ie,nation,2019-04,483475,tonnes,portwatch,2019-04-30,,2026-09-26,estimated,0
shipping_tanker_imports,ie,nation,2019-05,481607,tonnes,portwatch,2019-05-31,,2026-09-26,estimated,0
shipping_tanker_imports,ie,nation,2019-06,368376,tonnes,portwatch,2019-06-30,,2026-09-26,estimated,0
shipping_tanker_imports,ie,nation,2019-07,559297,tonnes,portwatch,2019-07-31,,2026-09-26,estimated,0
shipping_tanker_imports,ie,nation,2019-08,687789,tonnes,portwatch,2019-08-31,,2026-09-26,estimated,0
shipping_tanker_imports,ie,nation,2019-09,561675,tonnes,portwatch,2019-09-30,,2026-09-26,estimated,0
shipping_tanker_imports,ie,nation,2019-10,685182,tonnes,portwatch,2019-10-31,,2026-09-26,estimated,0
shipping_tanker_imports,ie,nation,2019-11,687561,tonnes,portwatch,2019-11-30,,2026-09-26,estimated,0
shipping_tanker_imports,ie,nation,2019-12,533920,tonnes,portwatch,2019-12-31,,2026-09-26,estimated,0
shipping_tanker_imports,ie,nation,2020-01,664321,tonnes,portwatch,2020-01-31,,2026-09-26,estimated,0
shipping_tanker_imports,ie,nation,2020-02,587876,tonnes,portwatch,2020-02-29,,2026-09-26,estimated,0
shipping_tanker_imports,ie,nation,2020-03,665395,tonnes,portwatch,2020-03-31,,2026-09-26,estimated,0
shipping_tanker_imports,ie,nation,2020-04,445246,tonnes,portwatch,2020-04-30,,2026-09-26,estimated,0
shipping_tanker_imports,ie,nation,2020-05,397147,tonnes,portwatch,2020-05-31,,2026-09-26,estimated,0
shipping_tanker_imports,ie,nation,2020-06,382117,tonnes,portwatch,2020-06-30,,2026-09-26,estimated,0
shipping_tanker_imports,ie,nation,2020-07,554235,tonnes,portwatch,2020-07-31,,2026-09-26,estimated,0
shipping_tanker_imports,ie,nation,2020-08,405121,tonnes,portwatch,2020-08-31,,2026-09-26,estimated,0
shipping_tanker_imports,ie,nation,2020-09,494897,tonnes,portwatch,2020-09-30,,2026-09-26,estimated,0
shipping_tanker_imports,ie,nation,2020-10,486235,tonnes,portwatch,2020-10-31,,2026-09-26,estimated,0
shipping_tanker_imports,ie,nation,2020-11,427698,tonnes,portwatch,2020-11-30,,2026-09-26,estimated,0
shipping_tanker_imports,ie,nation,2020-12,645248,tonnes,portwatch,2020-12-31,,2026-09-26,estimated,0
shipping_tanker_imports,ie,nation,2021-01,580218,tonnes,portwatch,2021-01-31,,2026-09-26,estimated,0
shipping_tanker_imports,ie,nation,2021-02,322558,tonnes,portwatch,2021-02-28,,2026-09-26,estimated,0
shipping_tanker_imports,ie,nation,2021-03,571635,tonnes,portwatch,2021-03-31,,2026-09-26,estimated,0
shipping_tanker_imports,ie,nation,2021-04,574322,tonnes,portwatch,2021-04-30,,2026-09-26,estimated,0
shipping_tanker_imports,ie,nation,2021-05,542199,tonnes,portwatch,2021-05-31,,2026-09-26,estimated,0
shipping_tanker_imports,ie,nation,2021-06,626362,tonnes,portwatch,2021-06-30,,2026-09-26,estimated,0
shipping_tanker_imports,ie,nation,2021-07,539317,tonnes,portwatch,2021-07-31,,2026-09-26,estimated,0
shipping_tanker_imports,ie,nation,2021-08,485721,tonnes,portwatch,2021-08-31,,2026-09-26,estimated,0
shipping_tanker_imports,ie,nation,2021-09,639875,tonnes,portwatch,2021-09-30,,2026-09-26,estimated,0
shipping_tanker_imports,ie,nation,2021-10,589415,tonnes,portwatch,2021-10-31,,2026-09-26,estimated,0
shipping_tanker_imports,ie,nation,2021-11,539218,tonnes,portwatch,2021-11-30,,2026-09-26,estimated,0
shipping_tanker_imports,ie,nation,2021-12,546802,tonnes,portwatch,2021-12-31,,2026-09-26,estimated,0
shipping_tanker_imports,ie,nation,2022-01,541664,tonnes,portwatch,2022-01-31,,2026-09-26,estimated,0
shipping_tanker_imports,ie,nation,2022-02,536175,tonnes,portwatch,2022-02-28,,2026-09-26,estimated,0
shipping_tanker_imports,ie,nation,2022-03,643486,tonnes,portwatch,2022-03-31,,2026-09-26,estimated,0
shipping_tanker_imports,ie,nation,2022-04,814071,tonnes,portwatch,2022-04-30,,2026-09-26,estimated,0
shipping_tanker_imports,ie,nation,2022-05,617333,tonnes,portwatch,2022-05-31,,2026-09-26,estimated,0
shipping_tanker_imports,ie,nation,2022-06,516741,tonnes,portwatch,2022-06-30,,2026-09-26,estimated,0
shipping_tanker_imports,ie,nation,2022-07,593724,tonnes,portwatch,2022-07-31,,2026-09-26,estimated,0
shipping_tanker_imports,ie,nation,2022-08,670824,tonnes,portwatch,2022-08-31,,2026-09-26,estimated,0
shipping_tanker_imports,ie,nation,2022-09,639135,tonnes,portwatch,2022-09-30,,2026-09-26,estimated,0
shipping_tanker_imports,ie,nation,2022-10,618369,tonnes,portwatch,2022-10-31,,2026-09-26,estimated,0
shipping_tanker_imports,ie,nation,2022-11,525977,tonnes,portwatch,2022-11-30,,2026-09-26,estimated,0
shipping_tanker_imports,ie,nation,2022-12,679594,tonnes,portwatch,2022-12-31,,2026-09-26,estimated,0
shipping_tanker_imports,ie,nation,2023-01,444338,tonnes,portwatch,2023-01-31,,2026-09-26,estimated,0
shipping_tanker_imports,ie,nation,2023-02,529325,tonnes,portwatch,2023-02-28,,2026-09-26,estimated,0
shipping_tanker_imports,ie,nation,2023-03,648136,tonnes,portwatch,2023-03-31,,2026-09-26,estimated,0
shipping_tanker_imports,ie,nation,2023-04,686049,tonnes,portwatch,2023-04-30,,2026-09-26,estimated,0
shipping_tanker_imports,ie,nation,2023-05,673167,tonnes,portwatch,2023-05-31,,2026-09-26,estimated,0
shipping_tanker_imports,ie,nation,2023-06,556131,tonnes,portwatch,2023-06-30,,2026-09-26,estimated,0
shipping_tanker_imports,ie,nation,2023-07,651109,tonnes,portwatch,2023-07-31,,2026-09-26,estimated,0
shipping_tanker_imports,ie,nation,2023-08,427829,tonnes,portwatch,2023-08-31,,2026-09-26,estimated,0
shipping_tanker_imports,ie,nation,2023-09,630586,tonnes,portwatch,2023-09-30,,2026-09-26,estimated,0
shipping_tanker_imports,ie,nation,2023-10,553783,tonnes,portwatch,2023-10-31,,2026-09-26,estimated,0
shipping_tanker_imports,ie,nation,2023-11,470671,tonnes,portwatch,2023-11-30,,2026-09-26,estimated,0
shipping_tanker_imports,ie,nation,2023-12,508232,tonnes,portwatch,2023-12-31,,2026-09-26,estimated,0
shipping_tanker_imports,ie,nation,2024-01,563991,tonnes,portwatch,2024-01-31,,2026-09-26,estimated,0
shipping_tanker_imports,ie,nation,2024-02,594989,tonnes,portwatch,2024-02-29,,2026-09-26,estimated,0
shipping_tanker_imports,ie,nation,2024-03,534093,tonnes,portwatch,2024-03-31,,2026-09-26,estimated,0
shipping_tanker_imports,ie,nation,2024-04,520919,tonnes,portwatch,2024-04-30,,2026-09-26,estimated,0
shipping_tanker_imports,ie,nation,2024-05,682165,tonnes,portwatch,2024-05-31,,2026-09-26,estimated,0
shipping_tanker_imports,ie,nation,2024-06,541371,tonnes,portwatch,2024-06-30,,2026-09-26,estimated,0
shipping_tanker_imports,ie,nation,2024-07,593261,tonnes,portwatch,2024-07-31,,2026-09-26,estimated,0
shipping_tanker_imports,ie,nation,2024-08,488800,tonnes,portwatch,2024-08-31,,2026-09-26,estimated,0
shipping_tanker_imports,ie,nation,2024-09,632658,tonnes,portwatch,2024-09-30,,2026-09-26,estimated,0
shipping_tanker_imports,ie,nation,2024-10,513253,tonnes,portwatch,2024-10-31,,2026-09-26,estimated,0
shipping_tanker_imports,ie,nation,2024-11,497770,tonnes,portwatch,2024-11-30,,2026-09-26,estimated,0
shipping_tanker_imports,ie,nation,2024-12,590968,tonnes,portwatch,2024-12-31,,2026-09-26,estimated,0
shipping_tanker_imports,ie,nation,2025-01,568213,tonnes,portwatch,2025-01-31,,2026-09-26,estimated,0
shipping_tanker_imports,ie,nation,2025-02,541763,tonnes,portwatch,2025-02-28,,2026-09-26,estimated,0
shipping_tanker_imports,ie,nation,2025-03,632000,tonnes,portwatch,2025-03-31,,2026-09-26,estimated,0
shipping_tanker_imports,ie,nation,2025-04,500034,tonnes,portwatch,2025-04-30,,2026-09-26,estimated,0
shipping_tanker_imports,ie,nation,2025-05,658673,tonnes,portwatch,2025-05-31,,2026-09-26,estimated,0
shipping_tanker_imports,ie,nation,2025-06,564073,tonnes,portwatch,2025-06-30,,2026-09-26,estimated,0
shipping_tanker_imports,ie,nation,2025-07,557079,tonnes,portwatch,2025-07-31,,2026-09-26,estimated,0
shipping_tanker_imports,ie,nation,2025-08,717971,tonnes,portwatch,2025-08-31,,2026-09-26,estimated,0
shipping_tanker_imports,ie,nation,2025-09,470097,tonnes,portwatch,2025-09-30,,2026-09-26,estimated,0
shipping_tanker_imports,ie,nation,2025-10,672014,tonnes,portwatch,2025-10-31,,2026-09-26,estimated,0
shipping_tanker_imports,ie,nation,2025-11,609707,tonnes,portwatch,2025-11-30,,2026-09-26,estimated,0
shipping_tanker_imports,ie,nation,2025-12,638476,tonnes,portwatch,2025-12-31,,2026-09-26,estimated,0
shipping_tanker_imports,ie,nation,2026-01,499689,tonnes,portwatch,2026-01-31,,2026-09-26,estimated,0
shipping_tanker_imports,ie,nation,2026-02,536342,tonnes,portwatch,2026-02-28,,2026-09-26,estimated,0
shipping_tanker_imports,ie,nation,2026-03,576842,tonnes,portwatch,2026-03-31,,2026-09-26,estimated,0
shipping_tanker_imports,ie,nation,2026-04,525080,tonnes,portwatch,2026-04-30,,2026-09-26,estimated,0
shipping_tanker_imports,ie,nation,2026-05,698581,tonnes,portwatch,2026-05-31,,2026-09-26,estimated,0
shipping_tanker_imports,ie,nation,2026-06,572608,tonnes,portwatch,2026-06-30,,2026-09-26,estimated,0
shipping_tanker_imports,ie,nation,2026-07,591497,tonnes,portwatch,2026-07-31,,2026-09-26,estimated,0
shipping_tanker_imports,ie,nation,2026-08,610177,tonnes,portwatch,2026-08-31,,2026-09-26,estimated,0
shipping_tanker_imports,in,nation,2019-01,7982779,tonnes,portwatch,2019-01-31,,2026-09-26,estimated,0
shipping_tanker_imports,in,nation,2019-02,6879529,tonnes,portwatch,2019-02-28,,2026-09-26,estimated,0
shipping_tanker_imports,in,nation,2019-03,9453711,tonnes,portwatch,2019-03-31,,2026-09-26,estimated,0
shipping_tanker_imports,in,nation,2019-04,7840585,tonnes,portwatch,2019-04-30,,2026-09-26,estimated,0
shipping_tanker_imports,in,nation,2019-05,7945663,tonnes,portwatch,2019-05-31,,2026-09-26,estimated,0
shipping_tanker_imports,in,nation,2019-06,7856407,tonnes,portwatch,2019-06-30,,2026-09-26,estimated,0
shipping_tanker_imports,in,nation,2019-07,8427538,tonnes,portwatch,2019-07-31,,2026-09-26,estimated,0
shipping_tanker_imports,in,nation,2019-08,8881554,tonnes,portwatch,2019-08-31,,2026-09-26,estimated,0
shipping_tanker_imports,in,nation,2019-09,7432303,tonnes,portwatch,2019-09-30,,2026-09-26,estimated,0
shipping_tanker_imports,in,nation,2019-10,7218768,tonnes,portwatch,2019-10-31,,2026-09-26,estimated,0
shipping_tanker_imports,in,nation,2019-11,4797332,tonnes,portwatch,2019-11-30,,2026-09-26,estimated,0
shipping_tanker_imports,in,nation,2019-12,6230571,tonnes,portwatch,2019-12-31,,2026-09-26,estimated,0
shipping_tanker_imports,in,nation,2020-01,6466154,tonnes,portwatch,2020-01-31,,2026-09-26,estimated,0
shipping_tanker_imports,in,nation,2020-02,7111911,tonnes,portwatch,2020-02-29,,2026-09-26,estimated,0
shipping_tanker_imports,in,nation,2020-03,8063904,tonnes,portwatch,2020-03-31,,2026-09-26,estimated,0
shipping_tanker_imports,in,nation,2020-04,6888702,tonnes,portwatch,2020-04-30,,2026-09-26,estimated,0
shipping_tanker_imports,in,nation,2020-05,5489832,tonnes,portwatch,2020-05-31,,2026-09-26,estimated,0
shipping_tanker_imports,in,nation,2020-06,7139414,tonnes,portwatch,2020-06-30,,2026-09-26,estimated,0
shipping_tanker_imports,in,nation,2020-07,7165849,tonnes,portwatch,2020-07-31,,2026-09-26,estimated,0
shipping_tanker_imports,in,nation,2020-08,7093292,tonnes,portwatch,2020-08-31,,2026-09-26,estimated,0
shipping_tanker_imports,in,nation,2020-09,6875988,tonnes,portwatch,2020-09-30,,2026-09-26,estimated,0
shipping_tanker_imports,in,nation,2020-10,7324251,tonnes,portwatch,2020-10-31,,2026-09-26,estimated,0
shipping_tanker_imports,in,nation,2020-11,6690095,tonnes,portwatch,2020-11-30,,2026-09-26,estimated,0
shipping_tanker_imports,in,nation,2020-12,8273211,tonnes,portwatch,2020-12-31,,2026-09-26,estimated,0
shipping_tanker_imports,in,nation,2021-01,7466083,tonnes,portwatch,2021-01-31,,2026-09-26,estimated,0
shipping_tanker_imports,in,nation,2021-02,6968144,tonnes,portwatch,2021-02-28,,2026-09-26,estimated,0
shipping_tanker_imports,in,nation,2021-03,8459647,tonnes,portwatch,2021-03-31,,2026-09-26,estimated,0
shipping_tanker_imports,in,nation,2021-04,7327689,tonnes,portwatch,2021-04-30,,2026-09-26,estimated,0
shipping_tanker_imports,in,nation,2021-05,8253937,tonnes,portwatch,2021-05-31,,2026-09-26,estimated,0
shipping_tanker_imports,in,nation,2021-06,8283973,tonnes,portwatch,2021-06-30,,2026-09-26,estimated,0
shipping_tanker_imports,in,nation,2021-07,8198520,tonnes,portwatch,2021-07-31,,2026-09-26,estimated,0
shipping_tanker_imports,in,nation,2021-08,8943876,tonnes,portwatch,2021-08-31,,2026-09-26,estimated,0
shipping_tanker_imports,in,nation,2021-09,8690279,tonnes,portwatch,2021-09-30,,2026-09-26,estimated,0
shipping_tanker_imports,in,nation,2021-10,8308188,tonnes,portwatch,2021-10-31,,2026-09-26,estimated,0
shipping_tanker_imports,in,nation,2021-11,8070699,tonnes,portwatch,2021-11-30,,2026-09-26,estimated,0
shipping_tanker_imports,in,nation,2021-12,8476976,tonnes,portwatch,2021-12-31,,2026-09-26,estimated,0
shipping_tanker_imports,in,nation,2022-01,7782229,tonnes,portwatch,2022-01-31,,2026-09-26,estimated,0
shipping_tanker_imports,in,nation,2022-02,7754381,tonnes,portwatch,2022-02-28,,2026-09-26,estimated,0
shipping_tanker_imports,in,nation,2022-03,8234021,tonnes,portwatch,2022-03-31,,2026-09-26,estimated,0
shipping_tanker_imports,in,nation,2022-04,8026830,tonnes,portwatch,2022-04-30,,2026-09-26,estimated,0
shipping_tanker_imports,in,nation,2022-05,9021494,tonnes,portwatch,2022-05-31,,2026-09-26,estimated,0
shipping_tanker_imports,in,nation,2022-06,9670655,tonnes,portwatch,2022-06-30,,2026-09-26,estimated,0
shipping_tanker_imports,in,nation,2022-07,10517007,tonnes,portwatch,2022-07-31,,2026-09-26,estimated,0
shipping_tanker_imports,in,nation,2022-08,8168463,tonnes,portwatch,2022-08-31,,2026-09-26,estimated,0
shipping_tanker_imports,in,nation,2022-09,8684255,tonnes,portwatch,2022-09-30,,2026-09-26,estimated,0
shipping_tanker_imports,in,nation,2022-10,9593272,tonnes,portwatch,2022-10-31,,2026-09-26,estimated,0
shipping_tanker_imports,in,nation,2022-11,8804893,tonnes,portwatch,2022-11-30,,2026-09-26,estimated,0
shipping_tanker_imports,in,nation,2022-12,8499254,tonnes,portwatch,2022-12-31,,2026-09-26,estimated,0
shipping_tanker_imports,in,nation,2023-01,8514985,tonnes,portwatch,2023-01-31,,2026-09-26,estimated,0
shipping_tanker_imports,in,nation,2023-02,6336367,tonnes,portwatch,2023-02-28,,2026-09-26,estimated,0
shipping_tanker_imports,in,nation,2023-03,8449346,tonnes,portwatch,2023-03-31,,2026-09-26,estimated,0
shipping_tanker_imports,in,nation,2023-04,8517663,tonnes,portwatch,2023-04-30,,2026-09-26,estimated,0
shipping_tanker_imports,in,nation,2023-05,9240880,tonnes,portwatch,2023-05-31,,2026-09-26,estimated,0
shipping_tanker_imports,in,nation,2023-06,9810913,tonnes,portwatch,2023-06-30,,2026-09-26,estimated,0
shipping_tanker_imports,in,nation,2023-07,10093512,tonnes,portwatch,2023-07-31,,2026-09-26,estimated,0
shipping_tanker_imports,in,nation,2023-08,8951310,tonnes,portwatch,2023-08-31,,2026-09-26,estimated,0
shipping_tanker_imports,in,nation,2023-09,8611645,tonnes,portwatch,2023-09-30,,2026-09-26,estimated,0
shipping_tanker_imports,in,nation,2023-10,8145987,tonnes,portwatch,2023-10-31,,2026-09-26,estimated,0
shipping_tanker_imports,in,nation,2023-11,8073830,tonnes,portwatch,2023-11-30,,2026-09-26,estimated,0
shipping_tanker_imports,in,nation,2023-12,8300947,tonnes,portwatch,2023-12-31,,2026-09-26,estimated,0
shipping_tanker_imports,in,nation,2024-01,8170319,tonnes,portwatch,2024-01-31,,2026-09-26,estimated,0
shipping_tanker_imports,in,nation,2024-02,8751259,tonnes,portwatch,2024-02-29,,2026-09-26,estimated,0
shipping_tanker_imports,in,nation,2024-03,10153787,tonnes,portwatch,2024-03-31,,2026-09-26,estimated,0
shipping_tanker_imports,in,nation,2024-04,9986766,tonnes,portwatch,2024-04-30,,2026-09-26,estimated,0
shipping_tanker_imports,in,nation,2024-05,10324761,tonnes,portwatch,2024-05-31,,2026-09-26,estimated,0
shipping_tanker_imports,in,nation,2024-06,11183019,tonnes,portwatch,2024-06-30,,2026-09-26,estimated,0
shipping_tanker_imports,in,nation,2024-07,11573917,tonnes,portwatch,2024-07-31,,2026-09-26,estimated,0
shipping_tanker_imports,in,nation,2024-08,9999521,tonnes,portwatch,2024-08-31,,2026-09-26,estimated,0
shipping_tanker_imports,in,nation,2024-09,10090515,tonnes,portwatch,2024-09-30,,2026-09-26,estimated,0
shipping_tanker_imports,in,nation,2024-10,9087438,tonnes,portwatch,2024-10-31,,2026-09-26,estimated,0
shipping_tanker_imports,in,nation,2024-11,9014433,tonnes,portwatch,2024-11-30,,2026-09-26,estimated,0
shipping_tanker_imports,in,nation,2024-12,9258110,tonnes,portwatch,2024-12-31,,2026-09-26,estimated,0
shipping_tanker_imports,in,nation,2025-01,9099823,tonnes,portwatch,2025-01-31,,2026-09-26,estimated,0
shipping_tanker_imports,in,nation,2025-02,8549173,tonnes,portwatch,2025-02-28,,2026-09-26,estimated,0
shipping_tanker_imports,in,nation,2025-03,8401468,tonnes,portwatch,2025-03-31,,2026-09-26,estimated,0
shipping_tanker_imports,in,nation,2025-04,9137897,tonnes,portwatch,2025-04-30,,2026-09-26,estimated,0
shipping_tanker_imports,in,nation,2025-05,9108280,tonnes,portwatch,2025-05-31,,2026-09-26,estimated,0
shipping_tanker_imports,in,nation,2025-06,9355062,tonnes,portwatch,2025-06-30,,2026-09-26,estimated,0
shipping_tanker_imports,in,nation,2025-07,10341359,tonnes,portwatch,2025-07-31,,2026-09-26,estimated,0
shipping_tanker_imports,in,nation,2025-08,9460079,tonnes,portwatch,2025-08-31,,2026-09-26,estimated,0
shipping_tanker_imports,in,nation,2025-09,8726552,tonnes,portwatch,2025-09-30,,2026-09-26,estimated,0
shipping_tanker_imports,in,nation,2025-10,8336717,tonnes,portwatch,2025-10-31,,2026-09-26,estimated,0
shipping_tanker_imports,in,nation,2025-11,7686446,tonnes,portwatch,2025-11-30,,2026-09-26,estimated,0
shipping_tanker_imports,in,nation,2025-12,7769057,tonnes,portwatch,2025-12-31,,2026-09-26,estimated,0
shipping_tanker_imports,in,nation,2026-01,9043288,tonnes,portwatch,2026-01-31,,2026-09-26,estimated,0
shipping_tanker_imports,in,nation,2026-02,8131648,tonnes,portwatch,2026-02-28,,2026-09-26,estimated,0
shipping_tanker_imports,in,nation,2026-03,7287834,tonnes,portwatch,2026-03-31,,2026-09-26,estimated,0
shipping_tanker_imports,in,nation,2026-04,8420104,tonnes,portwatch,2026-04-30,,2026-09-26,estimated,0
shipping_tanker_imports,in,nation,2026-05,12156302,tonnes,portwatch,2026-05-31,,2026-09-26,estimated,0
shipping_tanker_imports,in,nation,2026-06,11700021,tonnes,portwatch,2026-06-30,,2026-09-26,estimated,0
shipping_tanker_imports,in,nation,2026-07,11904130,tonnes,portwatch,2026-07-31,,2026-09-26,estimated,0
shipping_tanker_imports,in,nation,2026-08,10911062,tonnes,portwatch,2026-08-31,,2026-09-26,estimated,0
shipping_tanker_imports,it,nation,2019-01,8155367,tonnes,portwatch,2019-01-31,,2026-09-26,estimated,0
shipping_tanker_imports,it,nation,2019-02,8082691,tonnes,portwatch,2019-02-28,,2026-09-26,estimated,0
shipping_tanker_imports,it,nation,2019-03,8619546,tonnes,portwatch,2019-03-31,,2026-09-26,estimated,0
shipping_tanker_imports,it,nation,2019-04,7980156,tonnes,portwatch,2019-04-30,,2026-09-26,estimated,0
shipping_tanker_imports,it,nation,2019-05,7925270,tonnes,portwatch,2019-05-31,,2026-09-26,estimated,0
shipping_tanker_imports,it,nation,2019-06,8841310,tonnes,portwatch,2019-06-30,,2026-09-26,estimated,0
shipping_tanker_imports,it,nation,2019-07,9695753,tonnes,portwatch,2019-07-31,,2026-09-26,estimated,0
shipping_tanker_imports,it,nation,2019-08,9470332,tonnes,portwatch,2019-08-31,,2026-09-26,estimated,0
shipping_tanker_imports,it,nation,2019-09,9253677,tonnes,portwatch,2019-09-30,,2026-09-26,estimated,0
shipping_tanker_imports,it,nation,2019-10,8531228,tonnes,portwatch,2019-10-31,,2026-09-26,estimated,0
shipping_tanker_imports,it,nation,2019-11,6830925,tonnes,portwatch,2019-11-30,,2026-09-26,estimated,0
shipping_tanker_imports,it,nation,2019-12,8012660,tonnes,portwatch,2019-12-31,,2026-09-26,estimated,0
shipping_tanker_imports,it,nation,2020-01,8804009,tonnes,portwatch,2020-01-31,,2026-09-26,estimated,0
shipping_tanker_imports,it,nation,2020-02,7860906,tonnes,portwatch,2020-02-29,,2026-09-26,estimated,0
shipping_tanker_imports,it,nation,2020-03,7070971,tonnes,portwatch,2020-03-31,,2026-09-26,estimated,0
shipping_tanker_imports,it,nation,2020-04,6379241,tonnes,portwatch,2020-04-30,,2026-09-26,estimated,0
shipping_tanker_imports,it,nation,2020-05,6338730,tonnes,portwatch,2020-05-31,,2026-09-26,estimated,0
shipping_tanker_imports,it,nation,2020-06,6997523,tonnes,portwatch,2020-06-30,,2026-09-26,estimated,0
shipping_tanker_imports,it,nation,2020-07,8860939,tonnes,portwatch,2020-07-31,,2026-09-26,estimated,0
shipping_tanker_imports,it,nation,2020-08,7741969,tonnes,portwatch,2020-08-31,,2026-09-26,estimated,0
shipping_tanker_imports,it,nation,2020-09,7921687,tonnes,portwatch,2020-09-30,,2026-09-26,estimated,0
shipping_tanker_imports,it,nation,2020-10,7068522,tonnes,portwatch,2020-10-31,,2026-09-26,estimated,0
shipping_tanker_imports,it,nation,2020-11,6380466,tonnes,portwatch,2020-11-30,,2026-09-26,estimated,0
shipping_tanker_imports,it,nation,2020-12,6911934,tonnes,portwatch,2020-12-31,,2026-09-26,estimated,0
shipping_tanker_imports,it,nation,2021-01,8251021,tonnes,portwatch,2021-01-31,,2026-09-26,estimated,0
shipping_tanker_imports,it,nation,2021-02,5660443,tonnes,portwatch,2021-02-28,,2026-09-26,estimated,0
shipping_tanker_imports,it,nation,2021-03,7846952,tonnes,portwatch,2021-03-31,,2026-09-26,estimated,0
shipping_tanker_imports,it,nation,2021-04,8114154,tonnes,portwatch,2021-04-30,,2026-09-26,estimated,0
shipping_tanker_imports,it,nation,2021-05,8949721,tonnes,portwatch,2021-05-31,,2026-09-26,estimated,0
shipping_tanker_imports,it,nation,2021-06,7860697,tonnes,portwatch,2021-06-30,,2026-09-26,estimated,0
shipping_tanker_imports,it,nation,2021-07,8622218,tonnes,portwatch,2021-07-31,,2026-09-26,estimated,0
shipping_tanker_imports,it,nation,2021-08,9023023,tonnes,portwatch,2021-08-31,,2026-09-26,estimated,0
shipping_tanker_imports,it,nation,2021-09,8817660,tonnes,portwatch,2021-09-30,,2026-09-26,estimated,0
shipping_tanker_imports,it,nation,2021-10,9262608,tonnes,portwatch,2021-10-31,,2026-09-26,estimated,0
shipping_tanker_imports,it,nation,2021-11,9849639,tonnes,portwatch,2021-11-30,,2026-09-26,estimated,0
shipping_tanker_imports,it,nation,2021-12,9576959,tonnes,portwatch,2021-12-31,,2026-09-26,estimated,0
shipping_tanker_imports,it,nation,2022-01,8929304,tonnes,portwatch,2022-01-31,,2026-09-26,estimated,0
shipping_tanker_imports,it,nation,2022-02,8726505,tonnes,portwatch,2022-02-28,,2026-09-26,estimated,0
shipping_tanker_imports,it,nation,2022-03,8788514,tonnes,portwatch,2022-03-31,,2026-09-26,estimated,0
shipping_tanker_imports,it,nation,2022-04,9199792,tonnes,portwatch,2022-04-30,,2026-09-26,estimated,0
shipping_tanker_imports,it,nation,2022-05,11215287,tonnes,portwatch,2022-05-31,,2026-09-26,estimated,0
shipping_tanker_imports,it,nation,2022-06,10816065,tonnes,portwatch,2022-06-30,,2026-09-26,estimated,0
shipping_tanker_imports,it,nation,2022-07,10324569,tonnes,portwatch,2022-07-31,,2026-09-26,estimated,0
shipping_tanker_imports,it,nation,2022-08,10203508,tonnes,portwatch,2022-08-31,,2026-09-26,estimated,0
shipping_tanker_imports,it,nation,2022-09,8399824,tonnes,portwatch,2022-09-30,,2026-09-26,estimated,0
shipping_tanker_imports,it,nation,2022-10,9499720,tonnes,portwatch,2022-10-31,,2026-09-26,estimated,0
shipping_tanker_imports,it,nation,2022-11,9561389,tonnes,portwatch,2022-11-30,,2026-09-26,estimated,0
shipping_tanker_imports,it,nation,2022-12,9858568,tonnes,portwatch,2022-12-31,,2026-09-26,estimated,0
shipping_tanker_imports,it,nation,2023-01,9315254,tonnes,portwatch,2023-01-31,,2026-09-26,estimated,0
shipping_tanker_imports,it,nation,2023-02,8391095,tonnes,portwatch,2023-02-28,,2026-09-26,estimated,0
shipping_tanker_imports,it,nation,2023-03,8776007,tonnes,portwatch,2023-03-31,,2026-09-26,estimated,0
shipping_tanker_imports,it,nation,2023-04,8735279,tonnes,portwatch,2023-04-30,,2026-09-26,estimated,0
shipping_tanker_imports,it,nation,2023-05,9418234,tonnes,portwatch,2023-05-31,,2026-09-26,estimated,0
shipping_tanker_imports,it,nation,2023-06,8990774,tonnes,portwatch,2023-06-30,,2026-09-26,estimated,0
shipping_tanker_imports,it,nation,2023-07,9513324,tonnes,portwatch,2023-07-31,,2026-09-26,estimated,0
shipping_tanker_imports,it,nation,2023-08,10535057,tonnes,portwatch,2023-08-31,,2026-09-26,estimated,0
shipping_tanker_imports,it,nation,2023-09,10218478,tonnes,portwatch,2023-09-30,,2026-09-26,estimated,0
shipping_tanker_imports,it,nation,2023-10,9665771,tonnes,portwatch,2023-10-31,,2026-09-26,estimated,0
shipping_tanker_imports,it,nation,2023-11,8415522,tonnes,portwatch,2023-11-30,,2026-09-26,estimated,0
shipping_tanker_imports,it,nation,2023-12,8933187,tonnes,portwatch,2023-12-31,,2026-09-26,estimated,0
shipping_tanker_imports,it,nation,2024-01,9637764,tonnes,portwatch,2024-01-31,,2026-09-26,estimated,0
shipping_tanker_imports,it,nation,2024-02,8523002,tonnes,portwatch,2024-02-29,,2026-09-26,estimated,0
shipping_tanker_imports,it,nation,2024-03,9751000,tonnes,portwatch,2024-03-31,,2026-09-26,estimated,0
shipping_tanker_imports,it,nation,2024-04,9277554,tonnes,portwatch,2024-04-30,,2026-09-26,estimated,0
shipping_tanker_imports,it,nation,2024-05,9433677,tonnes,portwatch,2024-05-31,,2026-09-26,estimated,0
shipping_tanker_imports,it,nation,2024-06,9081011,tonnes,portwatch,2024-06-30,,2026-09-26,estimated,0
shipping_tanker_imports,it,nation,2024-07,10202001,tonnes,portwatch,2024-07-31,,2026-09-26,estimated,0
shipping_tanker_imports,it,nation,2024-08,8782827,tonnes,portwatch,2024-08-31,,2026-09-26,estimated,0
shipping_tanker_imports,it,nation,2024-09,8634396,tonnes,portwatch,2024-09-30,,2026-09-26,estimated,0
shipping_tanker_imports,it,nation,2024-10,10816833,tonnes,portwatch,2024-10-31,,2026-09-26,estimated,0
shipping_tanker_imports,it,nation,2024-11,8249765,tonnes,portwatch,2024-11-30,,2026-09-26,estimated,0
shipping_tanker_imports,it,nation,2024-12,9356550,tonnes,portwatch,2024-12-31,,2026-09-26,estimated,0
shipping_tanker_imports,it,nation,2025-01,9935583,tonnes,portwatch,2025-01-31,,2026-09-26,estimated,0
shipping_tanker_imports,it,nation,2025-02,8579922,tonnes,portwatch,2025-02-28,,2026-09-26,estimated,0
shipping_tanker_imports,it,nation,2025-03,8599973,tonnes,portwatch,2025-03-31,,2026-09-26,estimated,0
shipping_tanker_imports,it,nation,2025-04,8587939,tonnes,portwatch,2025-04-30,,2026-09-26,estimated,0
shipping_tanker_imports,it,nation,2025-05,10598142,tonnes,portwatch,2025-05-31,,2026-09-26,estimated,0
shipping_tanker_imports,it,nation,2025-06,10085281,tonnes,portwatch,2025-06-30,,2026-09-26,estimated,0
shipping_tanker_imports,it,nation,2025-07,10185336,tonnes,portwatch,2025-07-31,,2026-09-26,estimated,0
shipping_tanker_imports,it,nation,2025-08,10686760,tonnes,portwatch,2025-08-31,,2026-09-26,estimated,0
shipping_tanker_imports,it,nation,2025-09,8457373,tonnes,portwatch,2025-09-30,,2026-09-26,estimated,0
shipping_tanker_imports,it,nation,2025-10,10464788,tonnes,portwatch,2025-10-31,,2026-09-26,estimated,0
shipping_tanker_imports,it,nation,2025-11,8924202,tonnes,portwatch,2025-11-30,,2026-09-26,estimated,0
shipping_tanker_imports,it,nation,2025-12,8111804,tonnes,portwatch,2025-12-31,,2026-09-26,estimated,0
shipping_tanker_imports,it,nation,2026-01,8564176,tonnes,portwatch,2026-01-31,,2026-09-26,estimated,0
shipping_tanker_imports,it,nation,2026-02,8521713,tonnes,portwatch,2026-02-28,,2026-09-26,estimated,0
shipping_tanker_imports,it,nation,2026-03,8529054,tonnes,portwatch,2026-03-31,,2026-09-26,estimated,0
shipping_tanker_imports,it,nation,2026-04,9193420,tonnes,portwatch,2026-04-30,,2026-09-26,estimated,0
shipping_tanker_imports,it,nation,2026-05,10596346,tonnes,portwatch,2026-05-31,,2026-09-26,estimated,0
shipping_tanker_imports,it,nation,2026-06,10562000,tonnes,portwatch,2026-06-30,,2026-09-26,estimated,0
shipping_tanker_imports,it,nation,2026-07,9491816,tonnes,portwatch,2026-07-31,,2026-09-26,estimated,0
shipping_tanker_imports,it,nation,2026-08,11063105,tonnes,portwatch,2026-08-31,,2026-09-26,estimated,0
shipping_tanker_imports,jp,nation,2019-01,17750392,tonnes,portwatch,2019-01-31,,2026-09-26,estimated,0
shipping_tanker_imports,jp,nation,2019-02,15720845,tonnes,portwatch,2019-02-28,,2026-09-26,estimated,0
shipping_tanker_imports,jp,nation,2019-03,17122291,tonnes,portwatch,2019-03-31,,2026-09-26,estimated,0
shipping_tanker_imports,jp,nation,2019-04,14603607,tonnes,portwatch,2019-04-30,,2026-09-26,estimated,0
shipping_tanker_imports,jp,nation,2019-05,17884752,tonnes,portwatch,2019-05-31,,2026-09-26,estimated,0
shipping_tanker_imports,jp,nation,2019-06,15931847,tonnes,portwatch,2019-06-30,,2026-09-26,estimated,0
shipping_tanker_imports,jp,nation,2019-07,17221109,tonnes,portwatch,2019-07-31,,2026-09-26,estimated,0
shipping_tanker_imports,jp,nation,2019-08,17468693,tonnes,portwatch,2019-08-31,,2026-09-26,estimated,0
shipping_tanker_imports,jp,nation,2019-09,15574696,tonnes,portwatch,2019-09-30,,2026-09-26,estimated,0
shipping_tanker_imports,jp,nation,2019-10,16231262,tonnes,portwatch,2019-10-31,,2026-09-26,estimated,0
shipping_tanker_imports,jp,nation,2019-11,18724741,tonnes,portwatch,2019-11-30,,2026-09-26,estimated,0
shipping_tanker_imports,jp,nation,2019-12,18228919,tonnes,portwatch,2019-12-31,,2026-09-26,estimated,0
shipping_tanker_imports,jp,nation,2020-01,20620503,tonnes,portwatch,2020-01-31,,2026-09-26,estimated,0
shipping_tanker_imports,jp,nation,2020-02,18705813,tonnes,portwatch,2020-02-29,,2026-09-26,estimated,0
shipping_tanker_imports,jp,nation,2020-03,19697773,tonnes,portwatch,2020-03-31,,2026-09-26,estimated,0
shipping_tanker_imports,jp,nation,2020-04,17248296,tonnes,portwatch,2020-04-30,,2026-09-26,estimated,0
shipping_tanker_imports,jp,nation,2020-05,17350645,tonnes,portwatch,2020-05-31,,2026-09-26,estimated,0
shipping_tanker_imports,jp,nation,2020-06,13903798,tonnes,portwatch,2020-06-30,,2026-09-26,estimated,0
shipping_tanker_imports,jp,nation,2020-07,15447085,tonnes,portwatch,2020-07-31,,2026-09-26,estimated,0
shipping_tanker_imports,jp,nation,2020-08,16974079,tonnes,portwatch,2020-08-31,,2026-09-26,estimated,0
shipping_tanker_imports,jp,nation,2020-09,15585586,tonnes,portwatch,2020-09-30,,2026-09-26,estimated,0
shipping_tanker_imports,jp,nation,2020-10,15219375,tonnes,portwatch,2020-10-31,,2026-09-26,estimated,0
shipping_tanker_imports,jp,nation,2020-11,17065710,tonnes,portwatch,2020-11-30,,2026-09-26,estimated,0
shipping_tanker_imports,jp,nation,2020-12,18688281,tonnes,portwatch,2020-12-31,,2026-09-26,estimated,0
shipping_tanker_imports,jp,nation,2021-01,18899923,tonnes,portwatch,2021-01-31,,2026-09-26,estimated,0
shipping_tanker_imports,jp,nation,2021-02,17525687,tonnes,portwatch,2021-02-28,,2026-09-26,estimated,0
shipping_tanker_imports,jp,nation,2021-03,17473100,tonnes,portwatch,2021-03-31,,2026-09-26,estimated,0
shipping_tanker_imports,jp,nation,2021-04,15689197,tonnes,portwatch,2021-04-30,,2026-09-26,estimated,0
shipping_tanker_imports,jp,nation,2021-05,15731204,tonnes,portwatch,2021-05-31,,2026-09-26,estimated,0
shipping_tanker_imports,jp,nation,2021-06,15010646,tonnes,portwatch,2021-06-30,,2026-09-26,estimated,0
shipping_tanker_imports,jp,nation,2021-07,15958060,tonnes,portwatch,2021-07-31,,2026-09-26,estimated,0
shipping_tanker_imports,jp,nation,2021-08,16955657,tonnes,portwatch,2021-08-31,,2026-09-26,estimated,0
shipping_tanker_imports,jp,nation,2021-09,14562221,tonnes,portwatch,2021-09-30,,2026-09-26,estimated,0
shipping_tanker_imports,jp,nation,2021-10,17183184,tonnes,portwatch,2021-10-31,,2026-09-26,estimated,0
shipping_tanker_imports,jp,nation,2021-11,16851257,tonnes,portwatch,2021-11-30,,2026-09-26,estimated,0
shipping_tanker_imports,jp,nation,2021-12,18458151,tonnes,portwatch,2021-12-31,,2026-09-26,estimated,0
shipping_tanker_imports,jp,nation,2022-01,18932116,tonnes,portwatch,2022-01-31,,2026-09-26,estimated,0
shipping_tanker_imports,jp,nation,2022-02,17175298,tonnes,portwatch,2022-02-28,,2026-09-26,estimated,0
shipping_tanker_imports,jp,nation,2022-03,19077158,tonnes,portwatch,2022-03-31,,2026-09-26,estimated,0
shipping_tanker_imports,jp,nation,2022-04,17585393,tonnes,portwatch,2022-04-30,,2026-09-26,estimated,0
shipping_tanker_imports,jp,nation,2022-05,17712599,tonnes,portwatch,2022-05-31,,2026-09-26,estimated,0
shipping_tanker_imports,jp,nation,2022-06,15675877,tonnes,portwatch,2022-06-30,,2026-09-26,estimated,0
shipping_tanker_imports,jp,nation,2022-07,16444384,tonnes,portwatch,2022-07-31,,2026-09-26,estimated,0
shipping_tanker_imports,jp,nation,2022-08,18585818,tonnes,portwatch,2022-08-31,,2026-09-26,estimated,0
shipping_tanker_imports,jp,nation,2022-09,17917127,tonnes,portwatch,2022-09-30,,2026-09-26,estimated,0
shipping_tanker_imports,jp,nation,2022-10,15869580,tonnes,portwatch,2022-10-31,,2026-09-26,estimated,0
shipping_tanker_imports,jp,nation,2022-11,17990332,tonnes,portwatch,2022-11-30,,2026-09-26,estimated,0
shipping_tanker_imports,jp,nation,2022-12,18991598,tonnes,portwatch,2022-12-31,,2026-09-26,estimated,0
shipping_tanker_imports,jp,nation,2023-01,17519435,tonnes,portwatch,2023-01-31,,2026-09-26,estimated,0
shipping_tanker_imports,jp,nation,2023-02,16808782,tonnes,portwatch,2023-02-28,,2026-09-26,estimated,0
shipping_tanker_imports,jp,nation,2023-03,18079917,tonnes,portwatch,2023-03-31,,2026-09-26,estimated,0
shipping_tanker_imports,jp,nation,2023-04,16508415,tonnes,portwatch,2023-04-30,,2026-09-26,estimated,0
shipping_tanker_imports,jp,nation,2023-05,17682459,tonnes,portwatch,2023-05-31,,2026-09-26,estimated,0
shipping_tanker_imports,jp,nation,2023-06,16216835,tonnes,portwatch,2023-06-30,,2026-09-26,estimated,0
shipping_tanker_imports,jp,nation,2023-07,15727346,tonnes,portwatch,2023-07-31,,2026-09-26,estimated,0
shipping_tanker_imports,jp,nation,2023-08,15803059,tonnes,portwatch,2023-08-31,,2026-09-26,estimated,0
shipping_tanker_imports,jp,nation,2023-09,16839072,tonnes,portwatch,2023-09-30,,2026-09-26,estimated,0
shipping_tanker_imports,jp,nation,2023-10,16160039,tonnes,portwatch,2023-10-31,,2026-09-26,estimated,0
shipping_tanker_imports,jp,nation,2023-11,16355180,tonnes,portwatch,2023-11-30,,2026-09-26,estimated,0
shipping_tanker_imports,jp,nation,2023-12,18050909,tonnes,portwatch,2023-12-31,,2026-09-26,estimated,0
shipping_tanker_imports,jp,nation,2024-01,17362788,tonnes,portwatch,2024-01-31,,2026-09-26,estimated,0
shipping_tanker_imports,jp,nation,2024-02,15788776,tonnes,portwatch,2024-02-29,,2026-09-26,estimated,0
shipping_tanker_imports,jp,nation,2024-03,17397519,tonnes,portwatch,2024-03-31,,2026-09-26,estimated,0
shipping_tanker_imports,jp,nation,2024-04,15963324,tonnes,portwatch,2024-04-30,,2026-09-26,estimated,0
shipping_tanker_imports,jp,nation,2024-05,17222752,tonnes,portwatch,2024-05-31,,2026-09-26,estimated,0
shipping_tanker_imports,jp,nation,2024-06,16624773,tonnes,portwatch,2024-06-30,,2026-09-26,estimated,0
shipping_tanker_imports,jp,nation,2024-07,16128717,tonnes,portwatch,2024-07-31,,2026-09-26,estimated,0
shipping_tanker_imports,jp,nation,2024-08,15043447,tonnes,portwatch,2024-08-31,,2026-09-26,estimated,0
shipping_tanker_imports,jp,nation,2024-09,16392842,tonnes,portwatch,2024-09-30,,2026-09-26,estimated,0
shipping_tanker_imports,jp,nation,2024-10,16401064,tonnes,portwatch,2024-10-31,,2026-09-26,estimated,0
shipping_tanker_imports,jp,nation,2024-11,15076492,tonnes,portwatch,2024-11-30,,2026-09-26,estimated,0
shipping_tanker_imports,jp,nation,2024-12,18584936,tonnes,portwatch,2024-12-31,,2026-09-26,estimated,0
shipping_tanker_imports,jp,nation,2025-01,18501583,tonnes,portwatch,2025-01-31,,2026-09-26,estimated,0
shipping_tanker_imports,jp,nation,2025-02,16037336,tonnes,portwatch,2025-02-28,,2026-09-26,estimated,0
shipping_tanker_imports,jp,nation,2025-03,17501700,tonnes,portwatch,2025-03-31,,2026-09-26,estimated,0
shipping_tanker_imports,jp,nation,2025-04,16227724,tonnes,portwatch,2025-04-30,,2026-09-26,estimated,0
shipping_tanker_imports,jp,nation,2025-05,16488663,tonnes,portwatch,2025-05-31,,2026-09-26,estimated,0
shipping_tanker_imports,jp,nation,2025-06,14990968,tonnes,portwatch,2025-06-30,,2026-09-26,estimated,0
shipping_tanker_imports,jp,nation,2025-07,14778913,tonnes,portwatch,2025-07-31,,2026-09-26,estimated,0
shipping_tanker_imports,jp,nation,2025-08,16869481,tonnes,portwatch,2025-08-31,,2026-09-26,estimated,0
shipping_tanker_imports,jp,nation,2025-09,15677005,tonnes,portwatch,2025-09-30,,2026-09-26,estimated,0
shipping_tanker_imports,jp,nation,2025-10,16410379,tonnes,portwatch,2025-10-31,,2026-09-26,estimated,0
shipping_tanker_imports,jp,nation,2025-11,15615455,tonnes,portwatch,2025-11-30,,2026-09-26,estimated,0
shipping_tanker_imports,jp,nation,2025-12,18487650,tonnes,portwatch,2025-12-31,,2026-09-26,estimated,0
shipping_tanker_imports,jp,nation,2026-01,16307601,tonnes,portwatch,2026-01-31,,2026-09-26,estimated,0
shipping_tanker_imports,jp,nation,2026-02,15809059,tonnes,portwatch,2026-02-28,,2026-09-26,estimated,0
shipping_tanker_imports,jp,nation,2026-03,14965292,tonnes,portwatch,2026-03-31,,2026-09-26,estimated,0
shipping_tanker_imports,jp,nation,2026-04,13427188,tonnes,portwatch,2026-04-30,,2026-09-26,estimated,0
shipping_tanker_imports,jp,nation,2026-05,15013735,tonnes,portwatch,2026-05-31,,2026-09-26,estimated,0
shipping_tanker_imports,jp,nation,2026-06,15502598,tonnes,portwatch,2026-06-30,,2026-09-26,estimated,0
shipping_tanker_imports,jp,nation,2026-07,14866614,tonnes,portwatch,2026-07-31,,2026-09-26,estimated,0
shipping_tanker_imports,jp,nation,2026-08,15238066,tonnes,portwatch,2026-08-31,,2026-09-26,estimated,0
shipping_tanker_imports,kr,nation,2019-01,13448259,tonnes,portwatch,2019-01-31,,2026-09-26,estimated,0
shipping_tanker_imports,kr,nation,2019-02,12302241,tonnes,portwatch,2019-02-28,,2026-09-26,estimated,0
shipping_tanker_imports,kr,nation,2019-03,14479873,tonnes,portwatch,2019-03-31,,2026-09-26,estimated,0
shipping_tanker_imports,kr,nation,2019-04,12196966,tonnes,portwatch,2019-04-30,,2026-09-26,estimated,0
shipping_tanker_imports,kr,nation,2019-05,13162685,tonnes,portwatch,2019-05-31,,2026-09-26,estimated,0
shipping_tanker_imports,kr,nation,2019-06,14942834,tonnes,portwatch,2019-06-30,,2026-09-26,estimated,0
shipping_tanker_imports,kr,nation,2019-07,16606381,tonnes,portwatch,2019-07-31,,2026-09-26,estimated,0
shipping_tanker_imports,kr,nation,2019-08,16015670,tonnes,portwatch,2019-08-31,,2026-09-26,estimated,0
shipping_tanker_imports,kr,nation,2019-09,14123208,tonnes,portwatch,2019-09-30,,2026-09-26,estimated,0
shipping_tanker_imports,kr,nation,2019-10,14134451,tonnes,portwatch,2019-10-31,,2026-09-26,estimated,0
shipping_tanker_imports,kr,nation,2019-11,14321214,tonnes,portwatch,2019-11-30,,2026-09-26,estimated,0
shipping_tanker_imports,kr,nation,2019-12,15063548,tonnes,portwatch,2019-12-31,,2026-09-26,estimated,0
shipping_tanker_imports,kr,nation,2020-01,14124330,tonnes,portwatch,2020-01-31,,2026-09-26,estimated,0
shipping_tanker_imports,kr,nation,2020-02,16822436,tonnes,portwatch,2020-02-29,,2026-09-26,estimated,0
shipping_tanker_imports,kr,nation,2020-03,16663164,tonnes,portwatch,2020-03-31,,2026-09-26,estimated,0
shipping_tanker_imports,kr,nation,2020-04,14228262,tonnes,portwatch,2020-04-30,,2026-09-26,estimated,0
shipping_tanker_imports,kr,nation,2020-05,13467739,tonnes,portwatch,2020-05-31,,2026-09-26,estimated,0
shipping_tanker_imports,kr,nation,2020-06,15529376,tonnes,portwatch,2020-06-30,,2026-09-26,estimated,0
shipping_tanker_imports,kr,nation,2020-07,15378895,tonnes,portwatch,2020-07-31,,2026-09-26,estimated,0
shipping_tanker_imports,kr,nation,2020-08,14001923,tonnes,portwatch,2020-08-31,,2026-09-26,estimated,0
shipping_tanker_imports,kr,nation,2020-09,15274103,tonnes,portwatch,2020-09-30,,2026-09-26,estimated,0
shipping_tanker_imports,kr,nation,2020-10,16306084,tonnes,portwatch,2020-10-31,,2026-09-26,estimated,0
shipping_tanker_imports,kr,nation,2020-11,12683156,tonnes,portwatch,2020-11-30,,2026-09-26,estimated,0
shipping_tanker_imports,kr,nation,2020-12,13056169,tonnes,portwatch,2020-12-31,,2026-09-26,estimated,0
shipping_tanker_imports,kr,nation,2021-01,15226622,tonnes,portwatch,2021-01-31,,2026-09-26,estimated,0
shipping_tanker_imports,kr,nation,2021-02,14707902,tonnes,portwatch,2021-02-28,,2026-09-26,estimated,0
shipping_tanker_imports,kr,nation,2021-03,16150260,tonnes,portwatch,2021-03-31,,2026-09-26,estimated,0
shipping_tanker_imports,kr,nation,2021-04,15238812,tonnes,portwatch,2021-04-30,,2026-09-26,estimated,0
shipping_tanker_imports,kr,nation,2021-05,13011402,tonnes,portwatch,2021-05-31,,2026-09-26,estimated,0
shipping_tanker_imports,kr,nation,2021-06,15525836,tonnes,portwatch,2021-06-30,,2026-09-26,estimated,0
shipping_tanker_imports,kr,nation,2021-07,16453430,tonnes,portwatch,2021-07-31,,2026-09-26,estimated,0
shipping_tanker_imports,kr,nation,2021-08,17021805,tonnes,portwatch,2021-08-31,,2026-09-26,estimated,0
shipping_tanker_imports,kr,nation,2021-09,19231380,tonnes,portwatch,2021-09-30,,2026-09-26,estimated,0
shipping_tanker_imports,kr,nation,2021-10,17360995,tonnes,portwatch,2021-10-31,,2026-09-26,estimated,0
shipping_tanker_imports,kr,nation,2021-11,15177570,tonnes,portwatch,2021-11-30,,2026-09-26,estimated,0
shipping_tanker_imports,kr,nation,2021-12,18201842,tonnes,portwatch,2021-12-31,,2026-09-26,estimated,0
shipping_tanker_imports,kr,nation,2022-01,20480206,tonnes,portwatch,2022-01-31,,2026-09-26,estimated,0
shipping_tanker_imports,kr,nation,2022-02,14603170,tonnes,portwatch,2022-02-28,,2026-09-26,estimated,0
shipping_tanker_imports,kr,nation,2022-03,19262399,tonnes,portwatch,2022-03-31,,2026-09-26,estimated,0
shipping_tanker_imports,kr,nation,2022-04,17586465,tonnes,portwatch,2022-04-30,,2026-09-26,estimated,0
shipping_tanker_imports,kr,nation,2022-05,21743113,tonnes,portwatch,2022-05-31,,2026-09-26,estimated,0
shipping_tanker_imports,kr,nation,2022-06,17125914,tonnes,portwatch,2022-06-30,,2026-09-26,estimated,0
shipping_tanker_imports,kr,nation,2022-07,20310328,tonnes,portwatch,2022-07-31,,2026-09-26,estimated,0
shipping_tanker_imports,kr,nation,2022-08,19043433,tonnes,portwatch,2022-08-31,,2026-09-26,estimated,0
shipping_tanker_imports,kr,nation,2022-09,16966793,tonnes,portwatch,2022-09-30,,2026-09-26,estimated,0
shipping_tanker_imports,kr,nation,2022-10,18062765,tonnes,portwatch,2022-10-31,,2026-09-26,estimated,0
shipping_tanker_imports,kr,nation,2022-11,15537630,tonnes,portwatch,2022-11-30,,2026-09-26,estimated,0
shipping_tanker_imports,kr,nation,2022-12,15781602,tonnes,portwatch,2022-12-31,,2026-09-26,estimated,0
shipping_tanker_imports,kr,nation,2023-01,16312866,tonnes,portwatch,2023-01-31,,2026-09-26,estimated,0
shipping_tanker_imports,kr,nation,2023-02,16435755,tonnes,portwatch,2023-02-28,,2026-09-26,estimated,0
shipping_tanker_imports,kr,nation,2023-03,20271660,tonnes,portwatch,2023-03-31,,2026-09-26,estimated,0
shipping_tanker_imports,kr,nation,2023-04,14801102,tonnes,portwatch,2023-04-30,,2026-09-26,estimated,0
shipping_tanker_imports,kr,nation,2023-05,19824501,tonnes,portwatch,2023-05-31,,2026-09-26,estimated,0
shipping_tanker_imports,kr,nation,2023-06,15407669,tonnes,portwatch,2023-06-30,,2026-09-26,estimated,0
shipping_tanker_imports,kr,nation,2023-07,17932496,tonnes,portwatch,2023-07-31,,2026-09-26,estimated,0
shipping_tanker_imports,kr,nation,2023-08,17422884,tonnes,portwatch,2023-08-31,,2026-09-26,estimated,0
shipping_tanker_imports,kr,nation,2023-09,16227063,tonnes,portwatch,2023-09-30,,2026-09-26,estimated,0
shipping_tanker_imports,kr,nation,2023-10,17374496,tonnes,portwatch,2023-10-31,,2026-09-26,estimated,0
shipping_tanker_imports,kr,nation,2023-11,17907675,tonnes,portwatch,2023-11-30,,2026-09-26,estimated,0
shipping_tanker_imports,kr,nation,2023-12,18157469,tonnes,portwatch,2023-12-31,,2026-09-26,estimated,0
shipping_tanker_imports,kr,nation,2024-01,19744145,tonnes,portwatch,2024-01-31,,2026-09-26,estimated,0
shipping_tanker_imports,kr,nation,2024-02,17015331,tonnes,portwatch,2024-02-29,,2026-09-26,estimated,0
shipping_tanker_imports,kr,nation,2024-03,23150061,tonnes,portwatch,2024-03-31,,2026-09-26,estimated,0
shipping_tanker_imports,kr,nation,2024-04,22124480,tonnes,portwatch,2024-04-30,,2026-09-26,estimated,0
shipping_tanker_imports,kr,nation,2024-05,21336396,tonnes,portwatch,2024-05-31,,2026-09-26,estimated,0
shipping_tanker_imports,kr,nation,2024-06,20745706,tonnes,portwatch,2024-06-30,,2026-09-26,estimated,0
shipping_tanker_imports,kr,nation,2024-07,20891234,tonnes,portwatch,2024-07-31,,2026-09-26,estimated,0
shipping_tanker_imports,kr,nation,2024-08,17463638,tonnes,portwatch,2024-08-31,,2026-09-26,estimated,0
shipping_tanker_imports,kr,nation,2024-09,17511224,tonnes,portwatch,2024-09-30,,2026-09-26,estimated,0
shipping_tanker_imports,kr,nation,2024-10,17261951,tonnes,portwatch,2024-10-31,,2026-09-26,estimated,0
shipping_tanker_imports,kr,nation,2024-11,14762755,tonnes,portwatch,2024-11-30,,2026-09-26,estimated,0
shipping_tanker_imports,kr,nation,2024-12,14808342,tonnes,portwatch,2024-12-31,,2026-09-26,estimated,0
shipping_tanker_imports,kr,nation,2025-01,15455179,tonnes,portwatch,2025-01-31,,2026-09-26,estimated,0
shipping_tanker_imports,kr,nation,2025-02,12521448,tonnes,portwatch,2025-02-28,,2026-09-26,estimated,0
shipping_tanker_imports,kr,nation,2025-03,14962469,tonnes,portwatch,2025-03-31,,2026-09-26,estimated,0
shipping_tanker_imports,kr,nation,2025-04,13764165,tonnes,portwatch,2025-04-30,,2026-09-26,estimated,0
shipping_tanker_imports,kr,nation,2025-05,18544026,tonnes,portwatch,2025-05-31,,2026-09-26,estimated,0
shipping_tanker_imports,kr,nation,2025-06,15409678,tonnes,portwatch,2025-06-30,,2026-09-26,estimated,0
shipping_tanker_imports,kr,nation,2025-07,14408726,tonnes,portwatch,2025-07-31,,2026-09-26,estimated,0
shipping_tanker_imports,kr,nation,2025-08,17451243,tonnes,portwatch,2025-08-31,,2026-09-26,estimated,0
shipping_tanker_imports,kr,nation,2025-09,15039458,tonnes,portwatch,2025-09-30,,2026-09-26,estimated,0
shipping_tanker_imports,kr,nation,2025-10,12710306,tonnes,portwatch,2025-10-31,,2026-09-26,estimated,0
shipping_tanker_imports,kr,nation,2025-11,13760337,tonnes,portwatch,2025-11-30,,2026-09-26,estimated,0
shipping_tanker_imports,kr,nation,2025-12,15291662,tonnes,portwatch,2025-12-31,,2026-09-26,estimated,0
shipping_tanker_imports,kr,nation,2026-01,15298753,tonnes,portwatch,2026-01-31,,2026-09-26,estimated,0
shipping_tanker_imports,kr,nation,2026-02,14837136,tonnes,portwatch,2026-02-28,,2026-09-26,estimated,0
shipping_tanker_imports,kr,nation,2026-03,14566188,tonnes,portwatch,2026-03-31,,2026-09-26,estimated,0
shipping_tanker_imports,kr,nation,2026-04,10993574,tonnes,portwatch,2026-04-30,,2026-09-26,estimated,0
shipping_tanker_imports,kr,nation,2026-05,17423063,tonnes,portwatch,2026-05-31,,2026-09-26,estimated,0
shipping_tanker_imports,kr,nation,2026-06,17090651,tonnes,portwatch,2026-06-30,,2026-09-26,estimated,0
shipping_tanker_imports,kr,nation,2026-07,23720714,tonnes,portwatch,2026-07-31,,2026-09-26,estimated,0
shipping_tanker_imports,kr,nation,2026-08,19592031,tonnes,portwatch,2026-08-31,,2026-09-26,estimated,0
shipping_tanker_imports,mx,nation,2019-01,2985497,tonnes,portwatch,2019-01-31,,2026-09-26,estimated,0
shipping_tanker_imports,mx,nation,2019-02,2710107,tonnes,portwatch,2019-02-28,,2026-09-26,estimated,0
shipping_tanker_imports,mx,nation,2019-03,3265716,tonnes,portwatch,2019-03-31,,2026-09-26,estimated,0
shipping_tanker_imports,mx,nation,2019-04,3111734,tonnes,portwatch,2019-04-30,,2026-09-26,estimated,0
shipping_tanker_imports,mx,nation,2019-05,3418408,tonnes,portwatch,2019-05-31,,2026-09-26,estimated,0
shipping_tanker_imports,mx,nation,2019-06,3477494,tonnes,portwatch,2019-06-30,,2026-09-26,estimated,0
shipping_tanker_imports,mx,nation,2019-07,3027159,tonnes,portwatch,2019-07-31,,2026-09-26,estimated,0
shipping_tanker_imports,mx,nation,2019-08,2877624,tonnes,portwatch,2019-08-31,,2026-09-26,estimated,0
shipping_tanker_imports,mx,nation,2019-09,2793266,tonnes,portwatch,2019-09-30,,2026-09-26,estimated,0
shipping_tanker_imports,mx,nation,2019-10,3139626,tonnes,portwatch,2019-10-31,,2026-09-26,estimated,0
shipping_tanker_imports,mx,nation,2019-11,2880905,tonnes,portwatch,2019-11-30,,2026-09-26,estimated,0
shipping_tanker_imports,mx,nation,2019-12,2890383,tonnes,portwatch,2019-12-31,,2026-09-26,estimated,0
shipping_tanker_imports,mx,nation,2020-01,3266599,tonnes,portwatch,2020-01-31,,2026-09-26,estimated,0
shipping_tanker_imports,mx,nation,2020-02,2500547,tonnes,portwatch,2020-02-29,,2026-09-26,estimated,0
shipping_tanker_imports,mx,nation,2020-03,2816210,tonnes,portwatch,2020-03-31,,2026-09-26,estimated,0
shipping_tanker_imports,mx,nation,2020-04,2817317,tonnes,portwatch,2020-04-30,,2026-09-26,estimated,0
shipping_tanker_imports,mx,nation,2020-05,2193798,tonnes,portwatch,2020-05-31,,2026-09-26,estimated,0
shipping_tanker_imports,mx,nation,2020-06,2011609,tonnes,portwatch,2020-06-30,,2026-09-26,estimated,0
shipping_tanker_imports,mx,nation,2020-07,2707677,tonnes,portwatch,2020-07-31,,2026-09-26,estimated,0
shipping_tanker_imports,mx,nation,2020-08,2639189,tonnes,portwatch,2020-08-31,,2026-09-26,estimated,0
shipping_tanker_imports,mx,nation,2020-09,2412141,tonnes,portwatch,2020-09-30,,2026-09-26,estimated,0
shipping_tanker_imports,mx,nation,2020-10,2242099,tonnes,portwatch,2020-10-31,,2026-09-26,estimated,0
shipping_tanker_imports,mx,nation,2020-11,2547252,tonnes,portwatch,2020-11-30,,2026-09-26,estimated,0
shipping_tanker_imports,mx,nation,2020-12,2632237,tonnes,portwatch,2020-12-31,,2026-09-26,estimated,0
shipping_tanker_imports,mx,nation,2021-01,2761994,tonnes,portwatch,2021-01-31,,2026-09-26,estimated,0
shipping_tanker_imports,mx,nation,2021-02,2179366,tonnes,portwatch,2021-02-28,,2026-09-26,estimated,0
shipping_tanker_imports,mx,nation,2021-03,2388240,tonnes,portwatch,2021-03-31,,2026-09-26,estimated,0
shipping_tanker_imports,mx,nation,2021-04,2790406,tonnes,portwatch,2021-04-30,,2026-09-26,estimated,0
shipping_tanker_imports,mx,nation,2021-05,2644995,tonnes,portwatch,2021-05-31,,2026-09-26,estimated,0
shipping_tanker_imports,mx,nation,2021-06,3083276,tonnes,portwatch,2021-06-30,,2026-09-26,estimated,0
shipping_tanker_imports,mx,nation,2021-07,3049044,tonnes,portwatch,2021-07-31,,2026-09-26,estimated,0
shipping_tanker_imports,mx,nation,2021-08,3078661,tonnes,portwatch,2021-08-31,,2026-09-26,estimated,0
shipping_tanker_imports,mx,nation,2021-09,2620304,tonnes,portwatch,2021-09-30,,2026-09-26,estimated,0
shipping_tanker_imports,mx,nation,2021-10,2756529,tonnes,portwatch,2021-10-31,,2026-09-26,estimated,0
shipping_tanker_imports,mx,nation,2021-11,2720099,tonnes,portwatch,2021-11-30,,2026-09-26,estimated,0
shipping_tanker_imports,mx,nation,2021-12,3282947,tonnes,portwatch,2021-12-31,,2026-09-26,estimated,0
shipping_tanker_imports,mx,nation,2022-01,2730698,tonnes,portwatch,2022-01-31,,2026-09-26,estimated,0
shipping_tanker_imports,mx,nation,2022-02,2568975,tonnes,portwatch,2022-02-28,,2026-09-26,estimated,0
shipping_tanker_imports,mx,nation,2022-03,2950047,tonnes,portwatch,2022-03-31,,2026-09-26,estimated,0
shipping_tanker_imports,mx,nation,2022-04,3030921,tonnes,portwatch,2022-04-30,,2026-09-26,estimated,0
shipping_tanker_imports,mx,nation,2022-05,3449000,tonnes,portwatch,2022-05-31,,2026-09-26,estimated,0
shipping_tanker_imports,mx,nation,2022-06,3314017,tonnes,portwatch,2022-06-30,,2026-09-26,estimated,0
shipping_tanker_imports,mx,nation,2022-07,3478319,tonnes,portwatch,2022-07-31,,2026-09-26,estimated,0
shipping_tanker_imports,mx,nation,2022-08,3589423,tonnes,portwatch,2022-08-31,,2026-09-26,estimated,0
shipping_tanker_imports,mx,nation,2022-09,3137993,tonnes,portwatch,2022-09-30,,2026-09-26,estimated,0
shipping_tanker_imports,mx,nation,2022-10,2817495,tonnes,portwatch,2022-10-31,,2026-09-26,estimated,0
shipping_tanker_imports,mx,nation,2022-11,2965676,tonnes,portwatch,2022-11-30,,2026-09-26,estimated,0
shipping_tanker_imports,mx,nation,2022-12,2720787,tonnes,portwatch,2022-12-31,,2026-09-26,estimated,0
shipping_tanker_imports,mx,nation,2023-01,3114676,tonnes,portwatch,2023-01-31,,2026-09-26,estimated,0
shipping_tanker_imports,mx,nation,2023-02,2602947,tonnes,portwatch,2023-02-28,,2026-09-26,estimated,0
shipping_tanker_imports,mx,nation,2023-03,3354273,tonnes,portwatch,2023-03-31,,2026-09-26,estimated,0
shipping_tanker_imports,mx,nation,2023-04,2615152,tonnes,portwatch,2023-04-30,,2026-09-26,estimated,0
shipping_tanker_imports,mx,nation,2023-05,3410102,tonnes,portwatch,2023-05-31,,2026-09-26,estimated,0
shipping_tanker_imports,mx,nation,2023-06,2736071,tonnes,portwatch,2023-06-30,,2026-09-26,estimated,0
shipping_tanker_imports,mx,nation,2023-07,3139142,tonnes,portwatch,2023-07-31,,2026-09-26,estimated,0
shipping_tanker_imports,mx,nation,2023-08,3580298,tonnes,portwatch,2023-08-31,,2026-09-26,estimated,0
shipping_tanker_imports,mx,nation,2023-09,3279697,tonnes,portwatch,2023-09-30,,2026-09-26,estimated,0
shipping_tanker_imports,mx,nation,2023-10,3500977,tonnes,portwatch,2023-10-31,,2026-09-26,estimated,0
shipping_tanker_imports,mx,nation,2023-11,2761810,tonnes,portwatch,2023-11-30,,2026-09-26,estimated,0
shipping_tanker_imports,mx,nation,2023-12,3455559,tonnes,portwatch,2023-12-31,,2026-09-26,estimated,0
shipping_tanker_imports,mx,nation,2024-01,2970190,tonnes,portwatch,2024-01-31,,2026-09-26,estimated,0
shipping_tanker_imports,mx,nation,2024-02,2398764,tonnes,portwatch,2024-02-29,,2026-09-26,estimated,0
shipping_tanker_imports,mx,nation,2024-03,3161733,tonnes,portwatch,2024-03-31,,2026-09-26,estimated,0
shipping_tanker_imports,mx,nation,2024-04,2957588,tonnes,portwatch,2024-04-30,,2026-09-26,estimated,0
shipping_tanker_imports,mx,nation,2024-05,2735853,tonnes,portwatch,2024-05-31,,2026-09-26,estimated,0
shipping_tanker_imports,mx,nation,2024-06,3442027,tonnes,portwatch,2024-06-30,,2026-09-26,estimated,0
shipping_tanker_imports,mx,nation,2024-07,3104708,tonnes,portwatch,2024-07-31,,2026-09-26,estimated,0
shipping_tanker_imports,mx,nation,2024-08,3038869,tonnes,portwatch,2024-08-31,,2026-09-26,estimated,0
shipping_tanker_imports,mx,nation,2024-09,2718485,tonnes,portwatch,2024-09-30,,2026-09-26,estimated,0
shipping_tanker_imports,mx,nation,2024-10,2839336,tonnes,portwatch,2024-10-31,,2026-09-26,estimated,0
shipping_tanker_imports,mx,nation,2024-11,2244494,tonnes,portwatch,2024-11-30,,2026-09-26,estimated,0
shipping_tanker_imports,mx,nation,2024-12,2666900,tonnes,portwatch,2024-12-31,,2026-09-26,estimated,0
shipping_tanker_imports,mx,nation,2025-01,2525824,tonnes,portwatch,2025-01-31,,2026-09-26,estimated,0
shipping_tanker_imports,mx,nation,2025-02,2042037,tonnes,portwatch,2025-02-28,,2026-09-26,estimated,0
shipping_tanker_imports,mx,nation,2025-03,2429830,tonnes,portwatch,2025-03-31,,2026-09-26,estimated,0
shipping_tanker_imports,mx,nation,2025-04,2111187,tonnes,portwatch,2025-04-30,,2026-09-26,estimated,0
shipping_tanker_imports,mx,nation,2025-05,2733497,tonnes,portwatch,2025-05-31,,2026-09-26,estimated,0
shipping_tanker_imports,mx,nation,2025-06,2458019,tonnes,portwatch,2025-06-30,,2026-09-26,estimated,0
shipping_tanker_imports,mx,nation,2025-07,2619974,tonnes,portwatch,2025-07-31,,2026-09-26,estimated,0
shipping_tanker_imports,mx,nation,2025-08,3008127,tonnes,portwatch,2025-08-31,,2026-09-26,estimated,0
shipping_tanker_imports,mx,nation,2025-09,2919483,tonnes,portwatch,2025-09-30,,2026-09-26,estimated,0
shipping_tanker_imports,mx,nation,2025-10,3127829,tonnes,portwatch,2025-10-31,,2026-09-26,estimated,0
shipping_tanker_imports,mx,nation,2025-11,2995937,tonnes,portwatch,2025-11-30,,2026-09-26,estimated,0
shipping_tanker_imports,mx,nation,2025-12,2465243,tonnes,portwatch,2025-12-31,,2026-09-26,estimated,0
shipping_tanker_imports,mx,nation,2026-01,2642226,tonnes,portwatch,2026-01-31,,2026-09-26,estimated,0
shipping_tanker_imports,mx,nation,2026-02,2152493,tonnes,portwatch,2026-02-28,,2026-09-26,estimated,0
shipping_tanker_imports,mx,nation,2026-03,2653977,tonnes,portwatch,2026-03-31,,2026-09-26,estimated,0
shipping_tanker_imports,mx,nation,2026-04,2437339,tonnes,portwatch,2026-04-30,,2026-09-26,estimated,0
shipping_tanker_imports,mx,nation,2026-05,3129369,tonnes,portwatch,2026-05-31,,2026-09-26,estimated,0
shipping_tanker_imports,mx,nation,2026-06,3015027,tonnes,portwatch,2026-06-30,,2026-09-26,estimated,0
shipping_tanker_imports,mx,nation,2026-07,3283439,tonnes,portwatch,2026-07-31,,2026-09-26,estimated,0
shipping_tanker_imports,mx,nation,2026-08,2653971,tonnes,portwatch,2026-08-31,,2026-09-26,estimated,0
shipping_tanker_imports,nl,nation,2019-01,17962627,tonnes,portwatch,2019-01-31,,2026-09-26,estimated,0
shipping_tanker_imports,nl,nation,2019-02,17058649,tonnes,portwatch,2019-02-28,,2026-09-26,estimated,0
shipping_tanker_imports,nl,nation,2019-03,18734493,tonnes,portwatch,2019-03-31,,2026-09-26,estimated,0
shipping_tanker_imports,nl,nation,2019-04,15267127,tonnes,portwatch,2019-04-30,,2026-09-26,estimated,0
shipping_tanker_imports,nl,nation,2019-05,17595281,tonnes,portwatch,2019-05-31,,2026-09-26,estimated,0
shipping_tanker_imports,nl,nation,2019-06,14803284,tonnes,portwatch,2019-06-30,,2026-09-26,estimated,0
shipping_tanker_imports,nl,nation,2019-07,15720008,tonnes,portwatch,2019-07-31,,2026-09-26,estimated,0
shipping_tanker_imports,nl,nation,2019-08,15811491,tonnes,portwatch,2019-08-31,,2026-09-26,estimated,0
shipping_tanker_imports,nl,nation,2019-09,15586711,tonnes,portwatch,2019-09-30,,2026-09-26,estimated,0
shipping_tanker_imports,nl,nation,2019-10,14548672,tonnes,portwatch,2019-10-31,,2026-09-26,estimated,0
shipping_tanker_imports,nl,nation,2019-11,16445715,tonnes,portwatch,2019-11-30,,2026-09-26,estimated,0
shipping_tanker_imports,nl,nation,2019-12,15055935,tonnes,portwatch,2019-12-31,,2026-09-26,estimated,0
shipping_tanker_imports,nl,nation,2020-01,15701244,tonnes,portwatch,2020-01-31,,2026-09-26,estimated,0
shipping_tanker_imports,nl,nation,2020-02,14446940,tonnes,portwatch,2020-02-29,,2026-09-26,estimated,0
shipping_tanker_imports,nl,nation,2020-03,15609469,tonnes,portwatch,2020-03-31,,2026-09-26,estimated,0
shipping_tanker_imports,nl,nation,2020-04,16181383,tonnes,portwatch,2020-04-30,,2026-09-26,estimated,0
shipping_tanker_imports,nl,nation,2020-05,16941385,tonnes,portwatch,2020-05-31,,2026-09-26,estimated,0
shipping_tanker_imports,nl,nation,2020-06,13052029,tonnes,portwatch,2020-06-30,,2026-09-26,estimated,0
shipping_tanker_imports,nl,nation,2020-07,13224422,tonnes,portwatch,2020-07-31,,2026-09-26,estimated,0
shipping_tanker_imports,nl,nation,2020-08,14054847,tonnes,portwatch,2020-08-31,,2026-09-26,estimated,0
shipping_tanker_imports,nl,nation,2020-09,13083842,tonnes,portwatch,2020-09-30,,2026-09-26,estimated,0
shipping_tanker_imports,nl,nation,2020-10,13987950,tonnes,portwatch,2020-10-31,,2026-09-26,estimated,0
shipping_tanker_imports,nl,nation,2020-11,14272379,tonnes,portwatch,2020-11-30,,2026-09-26,estimated,0
shipping_tanker_imports,nl,nation,2020-12,15709501,tonnes,portwatch,2020-12-31,,2026-09-26,estimated,0
shipping_tanker_imports,nl,nation,2021-01,15073275,tonnes,portwatch,2021-01-31,,2026-09-26,estimated,0
shipping_tanker_imports,nl,nation,2021-02,14073074,tonnes,portwatch,2021-02-28,,2026-09-26,estimated,0
shipping_tanker_imports,nl,nation,2021-03,16809013,tonnes,portwatch,2021-03-31,,2026-09-26,estimated,0
shipping_tanker_imports,nl,nation,2021-04,14998558,tonnes,portwatch,2021-04-30,,2026-09-26,estimated,0
shipping_tanker_imports,nl,nation,2021-05,15341767,tonnes,portwatch,2021-05-31,,2026-09-26,estimated,0
shipping_tanker_imports,nl,nation,2021-06,14513479,tonnes,portwatch,2021-06-30,,2026-09-26,estimated,0
shipping_tanker_imports,nl,nation,2021-07,14915862,tonnes,portwatch,2021-07-31,,2026-09-26,estimated,0
shipping_tanker_imports,nl,nation,2021-08,15207066,tonnes,portwatch,2021-08-31,,2026-09-26,estimated,0
shipping_tanker_imports,nl,nation,2021-09,15042067,tonnes,portwatch,2021-09-30,,2026-09-26,estimated,0
shipping_tanker_imports,nl,nation,2021-10,16630521,tonnes,portwatch,2021-10-31,,2026-09-26,estimated,0
shipping_tanker_imports,nl,nation,2021-11,14739206,tonnes,portwatch,2021-11-30,,2026-09-26,estimated,0
shipping_tanker_imports,nl,nation,2021-12,14675394,tonnes,portwatch,2021-12-31,,2026-09-26,estimated,0
shipping_tanker_imports,nl,nation,2022-01,14998671,tonnes,portwatch,2022-01-31,,2026-09-26,estimated,0
shipping_tanker_imports,nl,nation,2022-02,13770452,tonnes,portwatch,2022-02-28,,2026-09-26,estimated,0
shipping_tanker_imports,nl,nation,2022-03,16852515,tonnes,portwatch,2022-03-31,,2026-09-26,estimated,0
shipping_tanker_imports,nl,nation,2022-04,16337193,tonnes,portwatch,2022-04-30,,2026-09-26,estimated,0
shipping_tanker_imports,nl,nation,2022-05,16879993,tonnes,portwatch,2022-05-31,,2026-09-26,estimated,0
shipping_tanker_imports,nl,nation,2022-06,16573902,tonnes,portwatch,2022-06-30,,2026-09-26,estimated,0
shipping_tanker_imports,nl,nation,2022-07,17322149,tonnes,portwatch,2022-07-31,,2026-09-26,estimated,0
shipping_tanker_imports,nl,nation,2022-08,16101142,tonnes,portwatch,2022-08-31,,2026-09-26,estimated,0
shipping_tanker_imports,nl,nation,2022-09,18358576,tonnes,portwatch,2022-09-30,,2026-09-26,estimated,0
shipping_tanker_imports,nl,nation,2022-10,18414629,tonnes,portwatch,2022-10-31,,2026-09-26,estimated,0
shipping_tanker_imports,nl,nation,2022-11,15390756,tonnes,portwatch,2022-11-30,,2026-09-26,estimated,0
shipping_tanker_imports,nl,nation,2022-12,16300147,tonnes,portwatch,2022-12-31,,2026-09-26,estimated,0
shipping_tanker_imports,nl,nation,2023-01,17311933,tonnes,portwatch,2023-01-31,,2026-09-26,estimated,0
shipping_tanker_imports,nl,nation,2023-02,15926900,tonnes,portwatch,2023-02-28,,2026-09-26,estimated,0
shipping_tanker_imports,nl,nation,2023-03,16611134,tonnes,portwatch,2023-03-31,,2026-09-26,estimated,0
shipping_tanker_imports,nl,nation,2023-04,16621522,tonnes,portwatch,2023-04-30,,2026-09-26,estimated,0
shipping_tanker_imports,nl,nation,2023-05,16457378,tonnes,portwatch,2023-05-31,,2026-09-26,estimated,0
shipping_tanker_imports,nl,nation,2023-06,15630347,tonnes,portwatch,2023-06-30,,2026-09-26,estimated,0
shipping_tanker_imports,nl,nation,2023-07,15582233,tonnes,portwatch,2023-07-31,,2026-09-26,estimated,0
shipping_tanker_imports,nl,nation,2023-08,15820624,tonnes,portwatch,2023-08-31,,2026-09-26,estimated,0
shipping_tanker_imports,nl,nation,2023-09,13971943,tonnes,portwatch,2023-09-30,,2026-09-26,estimated,0
shipping_tanker_imports,nl,nation,2023-10,15961878,tonnes,portwatch,2023-10-31,,2026-09-26,estimated,0
shipping_tanker_imports,nl,nation,2023-11,15494636,tonnes,portwatch,2023-11-30,,2026-09-26,estimated,0
shipping_tanker_imports,nl,nation,2023-12,16062673,tonnes,portwatch,2023-12-31,,2026-09-26,estimated,0
shipping_tanker_imports,nl,nation,2024-01,16017882,tonnes,portwatch,2024-01-31,,2026-09-26,estimated,0
shipping_tanker_imports,nl,nation,2024-02,16498509,tonnes,portwatch,2024-02-29,,2026-09-26,estimated,0
shipping_tanker_imports,nl,nation,2024-03,16999542,tonnes,portwatch,2024-03-31,,2026-09-26,estimated,0
shipping_tanker_imports,nl,nation,2024-04,14953633,tonnes,portwatch,2024-04-30,,2026-09-26,estimated,0
shipping_tanker_imports,nl,nation,2024-05,16481042,tonnes,portwatch,2024-05-31,,2026-09-26,estimated,0
shipping_tanker_imports,nl,nation,2024-06,15969181,tonnes,portwatch,2024-06-30,,2026-09-26,estimated,0
shipping_tanker_imports,nl,nation,2024-07,14547975,tonnes,portwatch,2024-07-31,,2026-09-26,estimated,0
shipping_tanker_imports,nl,nation,2024-08,16009230,tonnes,portwatch,2024-08-31,,2026-09-26,estimated,0
shipping_tanker_imports,nl,nation,2024-09,14437110,tonnes,portwatch,2024-09-30,,2026-09-26,estimated,0
shipping_tanker_imports,nl,nation,2024-10,15171065,tonnes,portwatch,2024-10-31,,2026-09-26,estimated,0
shipping_tanker_imports,nl,nation,2024-11,15702925,tonnes,portwatch,2024-11-30,,2026-09-26,estimated,0
shipping_tanker_imports,nl,nation,2024-12,15044193,tonnes,portwatch,2024-12-31,,2026-09-26,estimated,0
shipping_tanker_imports,nl,nation,2025-01,13950116,tonnes,portwatch,2025-01-31,,2026-09-26,estimated,0
shipping_tanker_imports,nl,nation,2025-02,16624525,tonnes,portwatch,2025-02-28,,2026-09-26,estimated,0
shipping_tanker_imports,nl,nation,2025-03,15102600,tonnes,portwatch,2025-03-31,,2026-09-26,estimated,0
shipping_tanker_imports,nl,nation,2025-04,16466209,tonnes,portwatch,2025-04-30,,2026-09-26,estimated,0
shipping_tanker_imports,nl,nation,2025-05,15625590,tonnes,portwatch,2025-05-31,,2026-09-26,estimated,0
shipping_tanker_imports,nl,nation,2025-06,14612593,tonnes,portwatch,2025-06-30,,2026-09-26,estimated,0
shipping_tanker_imports,nl,nation,2025-07,15393194,tonnes,portwatch,2025-07-31,,2026-09-26,estimated,0
shipping_tanker_imports,nl,nation,2025-08,15873537,tonnes,portwatch,2025-08-31,,2026-09-26,estimated,0
shipping_tanker_imports,nl,nation,2025-09,16085184,tonnes,portwatch,2025-09-30,,2026-09-26,estimated,0
shipping_tanker_imports,nl,nation,2025-10,13789153,tonnes,portwatch,2025-10-31,,2026-09-26,estimated,0
shipping_tanker_imports,nl,nation,2025-11,14947976,tonnes,portwatch,2025-11-30,,2026-09-26,estimated,0
shipping_tanker_imports,nl,nation,2025-12,15199875,tonnes,portwatch,2025-12-31,,2026-09-26,estimated,0
shipping_tanker_imports,nl,nation,2026-01,14985652,tonnes,portwatch,2026-01-31,,2026-09-26,estimated,0
shipping_tanker_imports,nl,nation,2026-02,13147565,tonnes,portwatch,2026-02-28,,2026-09-26,estimated,0
shipping_tanker_imports,nl,nation,2026-03,14824827,tonnes,portwatch,2026-03-31,,2026-09-26,estimated,0
shipping_tanker_imports,nl,nation,2026-04,14162561,tonnes,portwatch,2026-04-30,,2026-09-26,estimated,0
shipping_tanker_imports,nl,nation,2026-05,16095228,tonnes,portwatch,2026-05-31,,2026-09-26,estimated,0
shipping_tanker_imports,nl,nation,2026-06,13281834,tonnes,portwatch,2026-06-30,,2026-09-26,estimated,0
shipping_tanker_imports,nl,nation,2026-07,14726830,tonnes,portwatch,2026-07-31,,2026-09-26,estimated,0
shipping_tanker_imports,nl,nation,2026-08,14945315,tonnes,portwatch,2026-08-31,,2026-09-26,estimated,0
shipping_tanker_imports,no,nation,2019-01,1405445,tonnes,portwatch,2019-01-31,,2026-09-26,estimated,0
shipping_tanker_imports,no,nation,2019-02,1487454,tonnes,portwatch,2019-02-28,,2026-09-26,estimated,0
shipping_tanker_imports,no,nation,2019-03,1524575,tonnes,portwatch,2019-03-31,,2026-09-26,estimated,0
shipping_tanker_imports,no,nation,2019-04,1484737,tonnes,portwatch,2019-04-30,,2026-09-26,estimated,0
shipping_tanker_imports,no,nation,2019-05,1384666,tonnes,portwatch,2019-05-31,,2026-09-26,estimated,0
shipping_tanker_imports,no,nation,2019-06,1272566,tonnes,portwatch,2019-06-30,,2026-09-26,estimated,0
shipping_tanker_imports,no,nation,2019-07,1640755,tonnes,portwatch,2019-07-31,,2026-09-26,estimated,0
shipping_tanker_imports,no,nation,2019-08,1094360,tonnes,portwatch,2019-08-31,,2026-09-26,estimated,0
shipping_tanker_imports,no,nation,2019-09,1151286,tonnes,portwatch,2019-09-30,,2026-09-26,estimated,0
shipping_tanker_imports,no,nation,2019-10,1381769,tonnes,portwatch,2019-10-31,,2026-09-26,estimated,0
shipping_tanker_imports,no,nation,2019-11,1588412,tonnes,portwatch,2019-11-30,,2026-09-26,estimated,0
shipping_tanker_imports,no,nation,2019-12,1699752,tonnes,portwatch,2019-12-31,,2026-09-26,estimated,0
shipping_tanker_imports,no,nation,2020-01,1859433,tonnes,portwatch,2020-01-31,,2026-09-26,estimated,0
shipping_tanker_imports,no,nation,2020-02,1228992,tonnes,portwatch,2020-02-29,,2026-09-26,estimated,0
shipping_tanker_imports,no,nation,2020-03,1148638,tonnes,portwatch,2020-03-31,,2026-09-26,estimated,0
shipping_tanker_imports,no,nation,2020-04,872653,tonnes,portwatch,2020-04-30,,2026-09-26,estimated,0
shipping_tanker_imports,no,nation,2020-05,1283086,tonnes,portwatch,2020-05-31,,2026-09-26,estimated,0
shipping_tanker_imports,no,nation,2020-06,1413744,tonnes,portwatch,2020-06-30,,2026-09-26,estimated,0
shipping_tanker_imports,no,nation,2020-07,1245285,tonnes,portwatch,2020-07-31,,2026-09-26,estimated,0
shipping_tanker_imports,no,nation,2020-08,1406529,tonnes,portwatch,2020-08-31,,2026-09-26,estimated,0
shipping_tanker_imports,no,nation,2020-09,1315977,tonnes,portwatch,2020-09-30,,2026-09-26,estimated,0
shipping_tanker_imports,no,nation,2020-10,1337434,tonnes,portwatch,2020-10-31,,2026-09-26,estimated,0
shipping_tanker_imports,no,nation,2020-11,1167175,tonnes,portwatch,2020-11-30,,2026-09-26,estimated,0
shipping_tanker_imports,no,nation,2020-12,1261624,tonnes,portwatch,2020-12-31,,2026-09-26,estimated,0
shipping_tanker_imports,no,nation,2021-01,1122108,tonnes,portwatch,2021-01-31,,2026-09-26,estimated,0
shipping_tanker_imports,no,nation,2021-02,1240542,tonnes,portwatch,2021-02-28,,2026-09-26,estimated,0
shipping_tanker_imports,no,nation,2021-03,1265952,tonnes,portwatch,2021-03-31,,2026-09-26,estimated,0
shipping_tanker_imports,no,nation,2021-04,1226857,tonnes,portwatch,2021-04-30,,2026-09-26,estimated,0
shipping_tanker_imports,no,nation,2021-05,1481830,tonnes,portwatch,2021-05-31,,2026-09-26,estimated,0
shipping_tanker_imports,no,nation,2021-06,1479000,tonnes,portwatch,2021-06-30,,2026-09-26,estimated,0
shipping_tanker_imports,no,nation,2021-07,1268041,tonnes,portwatch,2021-07-31,,2026-09-26,estimated,0
shipping_tanker_imports,no,nation,2021-08,1108427,tonnes,portwatch,2021-08-31,,2026-09-26,estimated,0
shipping_tanker_imports,no,nation,2021-09,1503105,tonnes,portwatch,2021-09-30,,2026-09-26,estimated,0
shipping_tanker_imports,no,nation,2021-10,1428678,tonnes,portwatch,2021-10-31,,2026-09-26,estimated,0
shipping_tanker_imports,no,nation,2021-11,1189401,tonnes,portwatch,2021-11-30,,2026-09-26,estimated,0
shipping_tanker_imports,no,nation,2021-12,937505,tonnes,portwatch,2021-12-31,,2026-09-26,estimated,0
shipping_tanker_imports,no,nation,2022-01,1473275,tonnes,portwatch,2022-01-31,,2026-09-26,estimated,0
shipping_tanker_imports,no,nation,2022-02,985367,tonnes,portwatch,2022-02-28,,2026-09-26,estimated,0
shipping_tanker_imports,no,nation,2022-03,1145609,tonnes,portwatch,2022-03-31,,2026-09-26,estimated,0
shipping_tanker_imports,no,nation,2022-04,776488,tonnes,portwatch,2022-04-30,,2026-09-26,estimated,0
shipping_tanker_imports,no,nation,2022-05,789764,tonnes,portwatch,2022-05-31,,2026-09-26,estimated,0
shipping_tanker_imports,no,nation,2022-06,1021953,tonnes,portwatch,2022-06-30,,2026-09-26,estimated,0
shipping_tanker_imports,no,nation,2022-07,1070826,tonnes,portwatch,2022-07-31,,2026-09-26,estimated,0
shipping_tanker_imports,no,nation,2022-08,804719,tonnes,portwatch,2022-08-31,,2026-09-26,estimated,0
shipping_tanker_imports,no,nation,2022-09,1139581,tonnes,portwatch,2022-09-30,,2026-09-26,estimated,0
shipping_tanker_imports,no,nation,2022-10,1082245,tonnes,portwatch,2022-10-31,,2026-09-26,estimated,0
shipping_tanker_imports,no,nation,2022-11,1175058,tonnes,portwatch,2022-11-30,,2026-09-26,estimated,0
shipping_tanker_imports,no,nation,2022-12,1337015,tonnes,portwatch,2022-12-31,,2026-09-26,estimated,0
shipping_tanker_imports,no,nation,2023-01,805498,tonnes,portwatch,2023-01-31,,2026-09-26,estimated,0
shipping_tanker_imports,no,nation,2023-02,900315,tonnes,portwatch,2023-02-28,,2026-09-26,estimated,0
shipping_tanker_imports,no,nation,2023-03,964653,tonnes,portwatch,2023-03-31,,2026-09-26,estimated,0
shipping_tanker_imports,no,nation,2023-04,1190852,tonnes,portwatch,2023-04-30,,2026-09-26,estimated,0
shipping_tanker_imports,no,nation,2023-05,1206622,tonnes,portwatch,2023-05-31,,2026-09-26,estimated,0
shipping_tanker_imports,no,nation,2023-06,860461,tonnes,portwatch,2023-06-30,,2026-09-26,estimated,0
shipping_tanker_imports,no,nation,2023-07,1156919,tonnes,portwatch,2023-07-31,,2026-09-26,estimated,0
shipping_tanker_imports,no,nation,2023-08,1440119,tonnes,portwatch,2023-08-31,,2026-09-26,estimated,0
shipping_tanker_imports,no,nation,2023-09,1332473,tonnes,portwatch,2023-09-30,,2026-09-26,estimated,0
shipping_tanker_imports,no,nation,2023-10,1116698,tonnes,portwatch,2023-10-31,,2026-09-26,estimated,0
shipping_tanker_imports,no,nation,2023-11,1381980,tonnes,portwatch,2023-11-30,,2026-09-26,estimated,0
shipping_tanker_imports,no,nation,2023-12,1151903,tonnes,portwatch,2023-12-31,,2026-09-26,estimated,0
shipping_tanker_imports,no,nation,2024-01,1231408,tonnes,portwatch,2024-01-31,,2026-09-26,estimated,0
shipping_tanker_imports,no,nation,2024-02,1203020,tonnes,portwatch,2024-02-29,,2026-09-26,estimated,0
shipping_tanker_imports,no,nation,2024-03,1067072,tonnes,portwatch,2024-03-31,,2026-09-26,estimated,0
shipping_tanker_imports,no,nation,2024-04,987724,tonnes,portwatch,2024-04-30,,2026-09-26,estimated,0
shipping_tanker_imports,no,nation,2024-05,955048,tonnes,portwatch,2024-05-31,,2026-09-26,estimated,0
shipping_tanker_imports,no,nation,2024-06,893904,tonnes,portwatch,2024-06-30,,2026-09-26,estimated,0
shipping_tanker_imports,no,nation,2024-07,1418718,tonnes,portwatch,2024-07-31,,2026-09-26,estimated,0
shipping_tanker_imports,no,nation,2024-08,1357055,tonnes,portwatch,2024-08-31,,2026-09-26,estimated,0
shipping_tanker_imports,no,nation,2024-09,931495,tonnes,portwatch,2024-09-30,,2026-09-26,estimated,0
shipping_tanker_imports,no,nation,2024-10,1118441,tonnes,portwatch,2024-10-31,,2026-09-26,estimated,0
shipping_tanker_imports,no,nation,2024-11,1249474,tonnes,portwatch,2024-11-30,,2026-09-26,estimated,0
shipping_tanker_imports,no,nation,2024-12,1154930,tonnes,portwatch,2024-12-31,,2026-09-26,estimated,0
shipping_tanker_imports,no,nation,2025-01,1114897,tonnes,portwatch,2025-01-31,,2026-09-26,estimated,0
shipping_tanker_imports,no,nation,2025-02,919248,tonnes,portwatch,2025-02-28,,2026-09-26,estimated,0
shipping_tanker_imports,no,nation,2025-03,1050926,tonnes,portwatch,2025-03-31,,2026-09-26,estimated,0
shipping_tanker_imports,no,nation,2025-04,1207665,tonnes,portwatch,2025-04-30,,2026-09-26,estimated,0
shipping_tanker_imports,no,nation,2025-05,926604,tonnes,portwatch,2025-05-31,,2026-09-26,estimated,0
shipping_tanker_imports,no,nation,2025-06,1340326,tonnes,portwatch,2025-06-30,,2026-09-26,estimated,0
shipping_tanker_imports,no,nation,2025-07,1115332,tonnes,portwatch,2025-07-31,,2026-09-26,estimated,0
shipping_tanker_imports,no,nation,2025-08,958948,tonnes,portwatch,2025-08-31,,2026-09-26,estimated,0
shipping_tanker_imports,no,nation,2025-09,1572392,tonnes,portwatch,2025-09-30,,2026-09-26,estimated,0
shipping_tanker_imports,no,nation,2025-10,794938,tonnes,portwatch,2025-10-31,,2026-09-26,estimated,0
shipping_tanker_imports,no,nation,2025-11,1234346,tonnes,portwatch,2025-11-30,,2026-09-26,estimated,0
shipping_tanker_imports,no,nation,2025-12,1209582,tonnes,portwatch,2025-12-31,,2026-09-26,estimated,0
shipping_tanker_imports,no,nation,2026-01,1016114,tonnes,portwatch,2026-01-31,,2026-09-26,estimated,0
shipping_tanker_imports,no,nation,2026-02,1128369,tonnes,portwatch,2026-02-28,,2026-09-26,estimated,0
shipping_tanker_imports,no,nation,2026-03,1125836,tonnes,portwatch,2026-03-31,,2026-09-26,estimated,0
shipping_tanker_imports,no,nation,2026-04,1304925,tonnes,portwatch,2026-04-30,,2026-09-26,estimated,0
shipping_tanker_imports,no,nation,2026-05,912817,tonnes,portwatch,2026-05-31,,2026-09-26,estimated,0
shipping_tanker_imports,no,nation,2026-06,1330304,tonnes,portwatch,2026-06-30,,2026-09-26,estimated,0
shipping_tanker_imports,no,nation,2026-07,1061225,tonnes,portwatch,2026-07-31,,2026-09-26,estimated,0
shipping_tanker_imports,no,nation,2026-08,1561771,tonnes,portwatch,2026-08-31,,2026-09-26,estimated,0
shipping_tanker_imports,pl,nation,2019-01,1589566,tonnes,portwatch,2019-01-31,,2026-09-26,estimated,0
shipping_tanker_imports,pl,nation,2019-02,1486136,tonnes,portwatch,2019-02-28,,2026-09-26,estimated,0
shipping_tanker_imports,pl,nation,2019-03,1679724,tonnes,portwatch,2019-03-31,,2026-09-26,estimated,0
shipping_tanker_imports,pl,nation,2019-04,1706484,tonnes,portwatch,2019-04-30,,2026-09-26,estimated,0
shipping_tanker_imports,pl,nation,2019-05,3369813,tonnes,portwatch,2019-05-31,,2026-09-26,estimated,0
shipping_tanker_imports,pl,nation,2019-06,2812690,tonnes,portwatch,2019-06-30,,2026-09-26,estimated,0
shipping_tanker_imports,pl,nation,2019-07,2097224,tonnes,portwatch,2019-07-31,,2026-09-26,estimated,0
shipping_tanker_imports,pl,nation,2019-08,1678536,tonnes,portwatch,2019-08-31,,2026-09-26,estimated,0
shipping_tanker_imports,pl,nation,2019-09,1667032,tonnes,portwatch,2019-09-30,,2026-09-26,estimated,0
shipping_tanker_imports,pl,nation,2019-10,1912967,tonnes,portwatch,2019-10-31,,2026-09-26,estimated,0
shipping_tanker_imports,pl,nation,2019-11,1666395,tonnes,portwatch,2019-11-30,,2026-09-26,estimated,0
shipping_tanker_imports,pl,nation,2019-12,1411551,tonnes,portwatch,2019-12-31,,2026-09-26,estimated,0
shipping_tanker_imports,pl,nation,2020-01,1167605,tonnes,portwatch,2020-01-31,,2026-09-26,estimated,0
shipping_tanker_imports,pl,nation,2020-02,834409,tonnes,portwatch,2020-02-29,,2026-09-26,estimated,0
shipping_tanker_imports,pl,nation,2020-03,1295191,tonnes,portwatch,2020-03-31,,2026-09-26,estimated,0
shipping_tanker_imports,pl,nation,2020-04,1022952,tonnes,portwatch,2020-04-30,,2026-09-26,estimated,0
shipping_tanker_imports,pl,nation,2020-05,1419589,tonnes,portwatch,2020-05-31,,2026-09-26,estimated,0
shipping_tanker_imports,pl,nation,2020-06,1526249,tonnes,portwatch,2020-06-30,,2026-09-26,estimated,0
shipping_tanker_imports,pl,nation,2020-07,1642801,tonnes,portwatch,2020-07-31,,2026-09-26,estimated,0
shipping_tanker_imports,pl,nation,2020-08,1474231,tonnes,portwatch,2020-08-31,,2026-09-26,estimated,0
shipping_tanker_imports,pl,nation,2020-09,1702723,tonnes,portwatch,2020-09-30,,2026-09-26,estimated,0
shipping_tanker_imports,pl,nation,2020-10,1507675,tonnes,portwatch,2020-10-31,,2026-09-26,estimated,0
shipping_tanker_imports,pl,nation,2020-11,1430580,tonnes,portwatch,2020-11-30,,2026-09-26,estimated,0
shipping_tanker_imports,pl,nation,2020-12,1083957,tonnes,portwatch,2020-12-31,,2026-09-26,estimated,0
shipping_tanker_imports,pl,nation,2021-01,1925540,tonnes,portwatch,2021-01-31,,2026-09-26,estimated,0
shipping_tanker_imports,pl,nation,2021-02,1724064,tonnes,portwatch,2021-02-28,,2026-09-26,estimated,0
shipping_tanker_imports,pl,nation,2021-03,2053045,tonnes,portwatch,2021-03-31,,2026-09-26,estimated,0
shipping_tanker_imports,pl,nation,2021-04,1847929,tonnes,portwatch,2021-04-30,,2026-09-26,estimated,0
shipping_tanker_imports,pl,nation,2021-05,1633250,tonnes,portwatch,2021-05-31,,2026-09-26,estimated,0
shipping_tanker_imports,pl,nation,2021-06,1662746,tonnes,portwatch,2021-06-30,,2026-09-26,estimated,0
shipping_tanker_imports,pl,nation,2021-07,2223213,tonnes,portwatch,2021-07-31,,2026-09-26,estimated,0
shipping_tanker_imports,pl,nation,2021-08,1970639,tonnes,portwatch,2021-08-31,,2026-09-26,estimated,0
shipping_tanker_imports,pl,nation,2021-09,1773432,tonnes,portwatch,2021-09-30,,2026-09-26,estimated,0
shipping_tanker_imports,pl,nation,2021-10,2776452,tonnes,portwatch,2021-10-31,,2026-09-26,estimated,0
shipping_tanker_imports,pl,nation,2021-11,2474126,tonnes,portwatch,2021-11-30,,2026-09-26,estimated,0
shipping_tanker_imports,pl,nation,2021-12,2289549,tonnes,portwatch,2021-12-31,,2026-09-26,estimated,0
shipping_tanker_imports,pl,nation,2022-01,1872568,tonnes,portwatch,2022-01-31,,2026-09-26,estimated,0
shipping_tanker_imports,pl,nation,2022-02,2023282,tonnes,portwatch,2022-02-28,,2026-09-26,estimated,0
shipping_tanker_imports,pl,nation,2022-03,2914520,tonnes,portwatch,2022-03-31,,2026-09-26,estimated,0
shipping_tanker_imports,pl,nation,2022-04,2355868,tonnes,portwatch,2022-04-30,,2026-09-26,estimated,0
shipping_tanker_imports,pl,nation,2022-05,2263163,tonnes,portwatch,2022-05-31,,2026-09-26,estimated,0
shipping_tanker_imports,pl,nation,2022-06,2422060,tonnes,portwatch,2022-06-30,,2026-09-26,estimated,0
shipping_tanker_imports,pl,nation,2022-07,2701770,tonnes,portwatch,2022-07-31,,2026-09-26,estimated,0
shipping_tanker_imports,pl,nation,2022-08,2197341,tonnes,portwatch,2022-08-31,,2026-09-26,estimated,0
shipping_tanker_imports,pl,nation,2022-09,3223376,tonnes,portwatch,2022-09-30,,2026-09-26,estimated,0
shipping_tanker_imports,pl,nation,2022-10,3286106,tonnes,portwatch,2022-10-31,,2026-09-26,estimated,0
shipping_tanker_imports,pl,nation,2022-11,2854254,tonnes,portwatch,2022-11-30,,2026-09-26,estimated,0
shipping_tanker_imports,pl,nation,2022-12,3195390,tonnes,portwatch,2022-12-31,,2026-09-26,estimated,0
shipping_tanker_imports,pl,nation,2023-01,3817383,tonnes,portwatch,2023-01-31,,2026-09-26,estimated,0
shipping_tanker_imports,pl,nation,2023-02,3155195,tonnes,portwatch,2023-02-28,,2026-09-26,estimated,0
shipping_tanker_imports,pl,nation,2023-03,3630841,tonnes,portwatch,2023-03-31,,2026-09-26,estimated,0
shipping_tanker_imports,pl,nation,2023-04,3724967,tonnes,portwatch,2023-04-30,,2026-09-26,estimated,0
shipping_tanker_imports,pl,nation,2023-05,3779772,tonnes,portwatch,2023-05-31,,2026-09-26,estimated,0
shipping_tanker_imports,pl,nation,2023-06,4155960,tonnes,portwatch,2023-06-30,,2026-09-26,estimated,0
shipping_tanker_imports,pl,nation,2023-07,3676384,tonnes,portwatch,2023-07-31,,2026-09-26,estimated,0
shipping_tanker_imports,pl,nation,2023-08,4017106,tonnes,portwatch,2023-08-31,,2026-09-26,estimated,0
shipping_tanker_imports,pl,nation,2023-09,3829842,tonnes,portwatch,2023-09-30,,2026-09-26,estimated,0
shipping_tanker_imports,pl,nation,2023-10,3996191,tonnes,portwatch,2023-10-31,,2026-09-26,estimated,0
shipping_tanker_imports,pl,nation,2023-11,3618275,tonnes,portwatch,2023-11-30,,2026-09-26,estimated,0
shipping_tanker_imports,pl,nation,2023-12,3278645,tonnes,portwatch,2023-12-31,,2026-09-26,estimated,0
shipping_tanker_imports,pl,nation,2024-01,3280340,tonnes,portwatch,2024-01-31,,2026-09-26,estimated,0
shipping_tanker_imports,pl,nation,2024-02,3621261,tonnes,portwatch,2024-02-29,,2026-09-26,estimated,0
shipping_tanker_imports,pl,nation,2024-03,3809099,tonnes,portwatch,2024-03-31,,2026-09-26,estimated,0
shipping_tanker_imports,pl,nation,2024-04,4028426,tonnes,portwatch,2024-04-30,,2026-09-26,estimated,0
shipping_tanker_imports,pl,nation,2024-05,4492095,tonnes,portwatch,2024-05-31,,2026-09-26,estimated,0
shipping_tanker_imports,pl,nation,2024-06,3784661,tonnes,portwatch,2024-06-30,,2026-09-26,estimated,0
shipping_tanker_imports,pl,nation,2024-07,4303005,tonnes,portwatch,2024-07-31,,2026-09-26,estimated,0
shipping_tanker_imports,pl,nation,2024-08,3781261,tonnes,portwatch,2024-08-31,,2026-09-26,estimated,0
shipping_tanker_imports,pl,nation,2024-09,3954470,tonnes,portwatch,2024-09-30,,2026-09-26,estimated,0
shipping_tanker_imports,pl,nation,2024-10,3506161,tonnes,portwatch,2024-10-31,,2026-09-26,estimated,0
shipping_tanker_imports,pl,nation,2024-11,3630375,tonnes,portwatch,2024-11-30,,2026-09-26,estimated,0
shipping_tanker_imports,pl,nation,2024-12,3831180,tonnes,portwatch,2024-12-31,,2026-09-26,estimated,0
shipping_tanker_imports,pl,nation,2025-01,3893412,tonnes,portwatch,2025-01-31,,2026-09-26,estimated,0
shipping_tanker_imports,pl,nation,2025-02,2328775,tonnes,portwatch,2025-02-28,,2026-09-26,estimated,0
shipping_tanker_imports,pl,nation,2025-03,4473573,tonnes,portwatch,2025-03-31,,2026-09-26,estimated,0
shipping_tanker_imports,pl,nation,2025-04,3933326,tonnes,portwatch,2025-04-30,,2026-09-26,estimated,0
shipping_tanker_imports,pl,nation,2025-05,3653851,tonnes,portwatch,2025-05-31,,2026-09-26,estimated,0
shipping_tanker_imports,pl,nation,2025-06,4043565,tonnes,portwatch,2025-06-30,,2026-09-26,estimated,0
shipping_tanker_imports,pl,nation,2025-07,3800325,tonnes,portwatch,2025-07-31,,2026-09-26,estimated,0
shipping_tanker_imports,pl,nation,2025-08,4260123,tonnes,portwatch,2025-08-31,,2026-09-26,estimated,0
shipping_tanker_imports,pl,nation,2025-09,4121563,tonnes,portwatch,2025-09-30,,2026-09-26,estimated,0
shipping_tanker_imports,pl,nation,2025-10,4225281,tonnes,portwatch,2025-10-31,,2026-09-26,estimated,0
shipping_tanker_imports,pl,nation,2025-11,3933138,tonnes,portwatch,2025-11-30,,2026-09-26,estimated,0
shipping_tanker_imports,pl,nation,2025-12,3232225,tonnes,portwatch,2025-12-31,,2026-09-26,estimated,0
shipping_tanker_imports,pl,nation,2026-01,3392938,tonnes,portwatch,2026-01-31,,2026-09-26,estimated,0
shipping_tanker_imports,pl,nation,2026-02,3458921,tonnes,portwatch,2026-02-28,,2026-09-26,estimated,0
shipping_tanker_imports,pl,nation,2026-03,3486432,tonnes,portwatch,2026-03-31,,2026-09-26,estimated,0
shipping_tanker_imports,pl,nation,2026-04,3407967,tonnes,portwatch,2026-04-30,,2026-09-26,estimated,0
shipping_tanker_imports,pl,nation,2026-05,3429911,tonnes,portwatch,2026-05-31,,2026-09-26,estimated,0
shipping_tanker_imports,pl,nation,2026-06,3256244,tonnes,portwatch,2026-06-30,,2026-09-26,estimated,0
shipping_tanker_imports,pl,nation,2026-07,3830255,tonnes,portwatch,2026-07-31,,2026-09-26,estimated,0
shipping_tanker_imports,pl,nation,2026-08,4017302,tonnes,portwatch,2026-08-31,,2026-09-26,estimated,0
shipping_tanker_imports,pt,nation,2019-01,1687729,tonnes,portwatch,2019-01-31,,2026-09-26,estimated,0
shipping_tanker_imports,pt,nation,2019-02,1260353,tonnes,portwatch,2019-02-28,,2026-09-26,estimated,0
shipping_tanker_imports,pt,nation,2019-03,1286064,tonnes,portwatch,2019-03-31,,2026-09-26,estimated,0
shipping_tanker_imports,pt,nation,2019-04,1096115,tonnes,portwatch,2019-04-30,,2026-09-26,estimated,0
shipping_tanker_imports,pt,nation,2019-05,1793881,tonnes,portwatch,2019-05-31,,2026-09-26,estimated,0
shipping_tanker_imports,pt,nation,2019-06,1489902,tonnes,portwatch,2019-06-30,,2026-09-26,estimated,0
shipping_tanker_imports,pt,nation,2019-07,1322066,tonnes,portwatch,2019-07-31,,2026-09-26,estimated,0
shipping_tanker_imports,pt,nation,2019-08,1042590,tonnes,portwatch,2019-08-31,,2026-09-26,estimated,0
shipping_tanker_imports,pt,nation,2019-09,1557352,tonnes,portwatch,2019-09-30,,2026-09-26,estimated,0
shipping_tanker_imports,pt,nation,2019-10,1540298,tonnes,portwatch,2019-10-31,,2026-09-26,estimated,0
shipping_tanker_imports,pt,nation,2019-11,1203285,tonnes,portwatch,2019-11-30,,2026-09-26,estimated,0
shipping_tanker_imports,pt,nation,2019-12,1093510,tonnes,portwatch,2019-12-31,,2026-09-26,estimated,0
shipping_tanker_imports,pt,nation,2020-01,1730359,tonnes,portwatch,2020-01-31,,2026-09-26,estimated,0
shipping_tanker_imports,pt,nation,2020-02,1393099,tonnes,portwatch,2020-02-29,,2026-09-26,estimated,0
shipping_tanker_imports,pt,nation,2020-03,1944222,tonnes,portwatch,2020-03-31,,2026-09-26,estimated,0
shipping_tanker_imports,pt,nation,2020-04,1279223,tonnes,portwatch,2020-04-30,,2026-09-26,estimated,0
shipping_tanker_imports,pt,nation,2020-05,760942,tonnes,portwatch,2020-05-31,,2026-09-26,estimated,0
shipping_tanker_imports,pt,nation,2020-06,855656,tonnes,portwatch,2020-06-30,,2026-09-26,estimated,0
shipping_tanker_imports,pt,nation,2020-07,1686661,tonnes,portwatch,2020-07-31,,2026-09-26,estimated,0
shipping_tanker_imports,pt,nation,2020-08,1444305,tonnes,portwatch,2020-08-31,,2026-09-26,estimated,0
shipping_tanker_imports,pt,nation,2020-09,1346400,tonnes,portwatch,2020-09-30,,2026-09-26,estimated,0
shipping_tanker_imports,pt,nation,2020-10,1297713,tonnes,portwatch,2020-10-31,,2026-09-26,estimated,0
shipping_tanker_imports,pt,nation,2020-11,1567455,tonnes,portwatch,2020-11-30,,2026-09-26,estimated,0
shipping_tanker_imports,pt,nation,2020-12,1511188,tonnes,portwatch,2020-12-31,,2026-09-26,estimated,0
shipping_tanker_imports,pt,nation,2021-01,1389695,tonnes,portwatch,2021-01-31,,2026-09-26,estimated,0
shipping_tanker_imports,pt,nation,2021-02,1424085,tonnes,portwatch,2021-02-28,,2026-09-26,estimated,0
shipping_tanker_imports,pt,nation,2021-03,1586651,tonnes,portwatch,2021-03-31,,2026-09-26,estimated,0
shipping_tanker_imports,pt,nation,2021-04,1471144,tonnes,portwatch,2021-04-30,,2026-09-26,estimated,0
shipping_tanker_imports,pt,nation,2021-05,1660610,tonnes,portwatch,2021-05-31,,2026-09-26,estimated,0
shipping_tanker_imports,pt,nation,2021-06,1632388,tonnes,portwatch,2021-06-30,,2026-09-26,estimated,0
shipping_tanker_imports,pt,nation,2021-07,1909148,tonnes,portwatch,2021-07-31,,2026-09-26,estimated,0
shipping_tanker_imports,pt,nation,2021-08,1569688,tonnes,portwatch,2021-08-31,,2026-09-26,estimated,0
shipping_tanker_imports,pt,nation,2021-09,1366212,tonnes,portwatch,2021-09-30,,2026-09-26,estimated,0
shipping_tanker_imports,pt,nation,2021-10,1312909,tonnes,portwatch,2021-10-31,,2026-09-26,estimated,0
shipping_tanker_imports,pt,nation,2021-11,1724298,tonnes,portwatch,2021-11-30,,2026-09-26,estimated,0
shipping_tanker_imports,pt,nation,2021-12,1241061,tonnes,portwatch,2021-12-31,,2026-09-26,estimated,0
shipping_tanker_imports,pt,nation,2022-01,1328396,tonnes,portwatch,2022-01-31,,2026-09-26,estimated,0
shipping_tanker_imports,pt,nation,2022-02,1800692,tonnes,portwatch,2022-02-28,,2026-09-26,estimated,0
shipping_tanker_imports,pt,nation,2022-03,1162119,tonnes,portwatch,2022-03-31,,2026-09-26,estimated,0
shipping_tanker_imports,pt,nation,2022-04,1613590,tonnes,portwatch,2022-04-30,,2026-09-26,estimated,0
shipping_tanker_imports,pt,nation,2022-05,1499578,tonnes,portwatch,2022-05-31,,2026-09-26,estimated,0
shipping_tanker_imports,pt,nation,2022-06,1863517,tonnes,portwatch,2022-06-30,,2026-09-26,estimated,0
shipping_tanker_imports,pt,nation,2022-07,1541887,tonnes,portwatch,2022-07-31,,2026-09-26,estimated,0
shipping_tanker_imports,pt,nation,2022-08,1525981,tonnes,portwatch,2022-08-31,,2026-09-26,estimated,0
shipping_tanker_imports,pt,nation,2022-09,1584775,tonnes,portwatch,2022-09-30,,2026-09-26,estimated,0
shipping_tanker_imports,pt,nation,2022-10,1172638,tonnes,portwatch,2022-10-31,,2026-09-26,estimated,0
shipping_tanker_imports,pt,nation,2022-11,1705836,tonnes,portwatch,2022-11-30,,2026-09-26,estimated,0
shipping_tanker_imports,pt,nation,2022-12,1394702,tonnes,portwatch,2022-12-31,,2026-09-26,estimated,0
shipping_tanker_imports,pt,nation,2023-01,1357360,tonnes,portwatch,2023-01-31,,2026-09-26,estimated,0
shipping_tanker_imports,pt,nation,2023-02,1282757,tonnes,portwatch,2023-02-28,,2026-09-26,estimated,0
shipping_tanker_imports,pt,nation,2023-03,1335042,tonnes,portwatch,2023-03-31,,2026-09-26,estimated,0
shipping_tanker_imports,pt,nation,2023-04,1590579,tonnes,portwatch,2023-04-30,,2026-09-26,estimated,0
shipping_tanker_imports,pt,nation,2023-05,1326162,tonnes,portwatch,2023-05-31,,2026-09-26,estimated,0
shipping_tanker_imports,pt,nation,2023-06,1880755,tonnes,portwatch,2023-06-30,,2026-09-26,estimated,0
shipping_tanker_imports,pt,nation,2023-07,1616522,tonnes,portwatch,2023-07-31,,2026-09-26,estimated,0
shipping_tanker_imports,pt,nation,2023-08,1471383,tonnes,portwatch,2023-08-31,,2026-09-26,estimated,0
shipping_tanker_imports,pt,nation,2023-09,1400141,tonnes,portwatch,2023-09-30,,2026-09-26,estimated,0
shipping_tanker_imports,pt,nation,2023-10,1304005,tonnes,portwatch,2023-10-31,,2026-09-26,estimated,0
shipping_tanker_imports,pt,nation,2023-11,1319519,tonnes,portwatch,2023-11-30,,2026-09-26,estimated,0
shipping_tanker_imports,pt,nation,2023-12,1533575,tonnes,portwatch,2023-12-31,,2026-09-26,estimated,0
shipping_tanker_imports,pt,nation,2024-01,1533925,tonnes,portwatch,2024-01-31,,2026-09-26,estimated,0
shipping_tanker_imports,pt,nation,2024-02,1582004,tonnes,portwatch,2024-02-29,,2026-09-26,estimated,0
shipping_tanker_imports,pt,nation,2024-03,864487,tonnes,portwatch,2024-03-31,,2026-09-26,estimated,0
shipping_tanker_imports,pt,nation,2024-04,1806472,tonnes,portwatch,2024-04-30,,2026-09-26,estimated,0
shipping_tanker_imports,pt,nation,2024-05,1742862,tonnes,portwatch,2024-05-31,,2026-09-26,estimated,0
shipping_tanker_imports,pt,nation,2024-06,1499432,tonnes,portwatch,2024-06-30,,2026-09-26,estimated,0
shipping_tanker_imports,pt,nation,2024-07,1583794,tonnes,portwatch,2024-07-31,,2026-09-26,estimated,0
shipping_tanker_imports,pt,nation,2024-08,1828742,tonnes,portwatch,2024-08-31,,2026-09-26,estimated,0
shipping_tanker_imports,pt,nation,2024-09,1653006,tonnes,portwatch,2024-09-30,,2026-09-26,estimated,0
shipping_tanker_imports,pt,nation,2024-10,1510437,tonnes,portwatch,2024-10-31,,2026-09-26,estimated,0
shipping_tanker_imports,pt,nation,2024-11,1466143,tonnes,portwatch,2024-11-30,,2026-09-26,estimated,0
shipping_tanker_imports,pt,nation,2024-12,1869538,tonnes,portwatch,2024-12-31,,2026-09-26,estimated,0
shipping_tanker_imports,pt,nation,2025-01,1468008,tonnes,portwatch,2025-01-31,,2026-09-26,estimated,0
shipping_tanker_imports,pt,nation,2025-02,1843001,tonnes,portwatch,2025-02-28,,2026-09-26,estimated,0
shipping_tanker_imports,pt,nation,2025-03,1549967,tonnes,portwatch,2025-03-31,,2026-09-26,estimated,0
shipping_tanker_imports,pt,nation,2025-04,1422098,tonnes,portwatch,2025-04-30,,2026-09-26,estimated,0
shipping_tanker_imports,pt,nation,2025-05,1614128,tonnes,portwatch,2025-05-31,,2026-09-26,estimated,0
shipping_tanker_imports,pt,nation,2025-06,1439120,tonnes,portwatch,2025-06-30,,2026-09-26,estimated,0
shipping_tanker_imports,pt,nation,2025-07,1767338,tonnes,portwatch,2025-07-31,,2026-09-26,estimated,0
shipping_tanker_imports,pt,nation,2025-08,1808806,tonnes,portwatch,2025-08-31,,2026-09-26,estimated,0
shipping_tanker_imports,pt,nation,2025-09,1619842,tonnes,portwatch,2025-09-30,,2026-09-26,estimated,0
shipping_tanker_imports,pt,nation,2025-10,1011124,tonnes,portwatch,2025-10-31,,2026-09-26,estimated,0
shipping_tanker_imports,pt,nation,2025-11,772578,tonnes,portwatch,2025-11-30,,2026-09-26,estimated,0
shipping_tanker_imports,pt,nation,2025-12,1473063,tonnes,portwatch,2025-12-31,,2026-09-26,estimated,0
shipping_tanker_imports,pt,nation,2026-01,972358,tonnes,portwatch,2026-01-31,,2026-09-26,estimated,0
shipping_tanker_imports,pt,nation,2026-02,1433820,tonnes,portwatch,2026-02-28,,2026-09-26,estimated,0
shipping_tanker_imports,pt,nation,2026-03,1687920,tonnes,portwatch,2026-03-31,,2026-09-26,estimated,0
shipping_tanker_imports,pt,nation,2026-04,1596080,tonnes,portwatch,2026-04-30,,2026-09-26,estimated,0
shipping_tanker_imports,pt,nation,2026-05,1756399,tonnes,portwatch,2026-05-31,,2026-09-26,estimated,0
shipping_tanker_imports,pt,nation,2026-06,1778520,tonnes,portwatch,2026-06-30,,2026-09-26,estimated,0
shipping_tanker_imports,pt,nation,2026-07,1479919,tonnes,portwatch,2026-07-31,,2026-09-26,estimated,0
shipping_tanker_imports,pt,nation,2026-08,1771708,tonnes,portwatch,2026-08-31,,2026-09-26,estimated,0
shipping_tanker_imports,ru,nation,2019-01,1495940,tonnes,portwatch,2019-01-31,,2026-09-26,estimated,0
shipping_tanker_imports,ru,nation,2019-02,1290476,tonnes,portwatch,2019-02-28,,2026-09-26,estimated,0
shipping_tanker_imports,ru,nation,2019-03,1511821,tonnes,portwatch,2019-03-31,,2026-09-26,estimated,0
shipping_tanker_imports,ru,nation,2019-04,1346410,tonnes,portwatch,2019-04-30,,2026-09-26,estimated,0
shipping_tanker_imports,ru,nation,2019-05,1507359,tonnes,portwatch,2019-05-31,,2026-09-26,estimated,0
shipping_tanker_imports,ru,nation,2019-06,1278450,tonnes,portwatch,2019-06-30,,2026-09-26,estimated,0
shipping_tanker_imports,ru,nation,2019-07,1109195,tonnes,portwatch,2019-07-31,,2026-09-26,estimated,0
shipping_tanker_imports,ru,nation,2019-08,1465316,tonnes,portwatch,2019-08-31,,2026-09-26,estimated,0
shipping_tanker_imports,ru,nation,2019-09,1042336,tonnes,portwatch,2019-09-30,,2026-09-26,estimated,0
shipping_tanker_imports,ru,nation,2019-10,1453715,tonnes,portwatch,2019-10-31,,2026-09-26,estimated,0
shipping_tanker_imports,ru,nation,2019-11,1201969,tonnes,portwatch,2019-11-30,,2026-09-26,estimated,0
shipping_tanker_imports,ru,nation,2019-12,1413894,tonnes,portwatch,2019-12-31,,2026-09-26,estimated,0
shipping_tanker_imports,ru,nation,2020-01,1258606,tonnes,portwatch,2020-01-31,,2026-09-26,estimated,0
shipping_tanker_imports,ru,nation,2020-02,1220670,tonnes,portwatch,2020-02-29,,2026-09-26,estimated,0
shipping_tanker_imports,ru,nation,2020-03,1482319,tonnes,portwatch,2020-03-31,,2026-09-26,estimated,0
shipping_tanker_imports,ru,nation,2020-04,1107632,tonnes,portwatch,2020-04-30,,2026-09-26,estimated,0
shipping_tanker_imports,ru,nation,2020-05,1190636,tonnes,portwatch,2020-05-31,,2026-09-26,estimated,0
shipping_tanker_imports,ru,nation,2020-06,1053231,tonnes,portwatch,2020-06-30,,2026-09-26,estimated,0
shipping_tanker_imports,ru,nation,2020-07,1100162,tonnes,portwatch,2020-07-31,,2026-09-26,estimated,0
shipping_tanker_imports,ru,nation,2020-08,1078492,tonnes,portwatch,2020-08-31,,2026-09-26,estimated,0
shipping_tanker_imports,ru,nation,2020-09,643012,tonnes,portwatch,2020-09-30,,2026-09-26,estimated,0
shipping_tanker_imports,ru,nation,2020-10,1290882,tonnes,portwatch,2020-10-31,,2026-09-26,estimated,0
shipping_tanker_imports,ru,nation,2020-11,900609,tonnes,portwatch,2020-11-30,,2026-09-26,estimated,0
shipping_tanker_imports,ru,nation,2020-12,1040888,tonnes,portwatch,2020-12-31,,2026-09-26,estimated,0
shipping_tanker_imports,ru,nation,2021-01,1037075,tonnes,portwatch,2021-01-31,,2026-09-26,estimated,0
shipping_tanker_imports,ru,nation,2021-02,960984,tonnes,portwatch,2021-02-28,,2026-09-26,estimated,0
shipping_tanker_imports,ru,nation,2021-03,927382,tonnes,portwatch,2021-03-31,,2026-09-26,estimated,0
shipping_tanker_imports,ru,nation,2021-04,1173614,tonnes,portwatch,2021-04-30,,2026-09-26,estimated,0
shipping_tanker_imports,ru,nation,2021-05,1149235,tonnes,portwatch,2021-05-31,,2026-09-26,estimated,0
shipping_tanker_imports,ru,nation,2021-06,1244263,tonnes,portwatch,2021-06-30,,2026-09-26,estimated,0
shipping_tanker_imports,ru,nation,2021-07,1213713,tonnes,portwatch,2021-07-31,,2026-09-26,estimated,0
shipping_tanker_imports,ru,nation,2021-08,1236254,tonnes,portwatch,2021-08-31,,2026-09-26,estimated,0
shipping_tanker_imports,ru,nation,2021-09,810926,tonnes,portwatch,2021-09-30,,2026-09-26,estimated,0
shipping_tanker_imports,ru,nation,2021-10,924746,tonnes,portwatch,2021-10-31,,2026-09-26,estimated,0
shipping_tanker_imports,ru,nation,2021-11,1182386,tonnes,portwatch,2021-11-30,,2026-09-26,estimated,0
shipping_tanker_imports,ru,nation,2021-12,1385604,tonnes,portwatch,2021-12-31,,2026-09-26,estimated,0
shipping_tanker_imports,ru,nation,2022-01,1360212,tonnes,portwatch,2022-01-31,,2026-09-26,estimated,0
shipping_tanker_imports,ru,nation,2022-02,1222114,tonnes,portwatch,2022-02-28,,2026-09-26,estimated,0
shipping_tanker_imports,ru,nation,2022-03,1398893,tonnes,portwatch,2022-03-31,,2026-09-26,estimated,0
shipping_tanker_imports,ru,nation,2022-04,1157531,tonnes,portwatch,2022-04-30,,2026-09-26,estimated,0
shipping_tanker_imports,ru,nation,2022-05,1332266,tonnes,portwatch,2022-05-31,,2026-09-26,estimated,0
shipping_tanker_imports,ru,nation,2022-06,958735,tonnes,portwatch,2022-06-30,,2026-09-26,estimated,0
shipping_tanker_imports,ru,nation,2022-07,1337893,tonnes,portwatch,2022-07-31,,2026-09-26,estimated,0
shipping_tanker_imports,ru,nation,2022-08,1398873,tonnes,portwatch,2022-08-31,,2026-09-26,estimated,0
shipping_tanker_imports,ru,nation,2022-09,1275990,tonnes,portwatch,2022-09-30,,2026-09-26,estimated,0
shipping_tanker_imports,ru,nation,2022-10,1135862,tonnes,portwatch,2022-10-31,,2026-09-26,estimated,0
shipping_tanker_imports,ru,nation,2022-11,1190178,tonnes,portwatch,2022-11-30,,2026-09-26,estimated,0
shipping_tanker_imports,ru,nation,2022-12,1400512,tonnes,portwatch,2022-12-31,,2026-09-26,estimated,0
shipping_tanker_imports,ru,nation,2023-01,1381984,tonnes,portwatch,2023-01-31,,2026-09-26,estimated,0
shipping_tanker_imports,ru,nation,2023-02,977579,tonnes,portwatch,2023-02-28,,2026-09-26,estimated,0
shipping_tanker_imports,ru,nation,2023-03,1334076,tonnes,portwatch,2023-03-31,,2026-09-26,estimated,0
shipping_tanker_imports,ru,nation,2023-04,1438292,tonnes,portwatch,2023-04-30,,2026-09-26,estimated,0
shipping_tanker_imports,ru,nation,2023-05,1140691,tonnes,portwatch,2023-05-31,,2026-09-26,estimated,0
shipping_tanker_imports,ru,nation,2023-06,1085416,tonnes,portwatch,2023-06-30,,2026-09-26,estimated,0
shipping_tanker_imports,ru,nation,2023-07,1176413,tonnes,portwatch,2023-07-31,,2026-09-26,estimated,0
shipping_tanker_imports,ru,nation,2023-08,1059400,tonnes,portwatch,2023-08-31,,2026-09-26,estimated,0
shipping_tanker_imports,ru,nation,2023-09,1196873,tonnes,portwatch,2023-09-30,,2026-09-26,estimated,0
shipping_tanker_imports,ru,nation,2023-10,1275979,tonnes,portwatch,2023-10-31,,2026-09-26,estimated,0
shipping_tanker_imports,ru,nation,2023-11,1154585,tonnes,portwatch,2023-11-30,,2026-09-26,estimated,0
shipping_tanker_imports,ru,nation,2023-12,1255133,tonnes,portwatch,2023-12-31,,2026-09-26,estimated,0
shipping_tanker_imports,ru,nation,2024-01,1264445,tonnes,portwatch,2024-01-31,,2026-09-26,estimated,0
shipping_tanker_imports,ru,nation,2024-02,1392999,tonnes,portwatch,2024-02-29,,2026-09-26,estimated,0
shipping_tanker_imports,ru,nation,2024-03,1292895,tonnes,portwatch,2024-03-31,,2026-09-26,estimated,0
shipping_tanker_imports,ru,nation,2024-04,911188,tonnes,portwatch,2024-04-30,,2026-09-26,estimated,0
shipping_tanker_imports,ru,nation,2024-05,1060899,tonnes,portwatch,2024-05-31,,2026-09-26,estimated,0
shipping_tanker_imports,ru,nation,2024-06,1011119,tonnes,portwatch,2024-06-30,,2026-09-26,estimated,0
shipping_tanker_imports,ru,nation,2024-07,912975,tonnes,portwatch,2024-07-31,,2026-09-26,estimated,0
shipping_tanker_imports,ru,nation,2024-08,679545,tonnes,portwatch,2024-08-31,,2026-09-26,estimated,0
shipping_tanker_imports,ru,nation,2024-09,795625,tonnes,portwatch,2024-09-30,,2026-09-26,estimated,0
shipping_tanker_imports,ru,nation,2024-10,837077,tonnes,portwatch,2024-10-31,,2026-09-26,estimated,0
shipping_tanker_imports,ru,nation,2024-11,1206956,tonnes,portwatch,2024-11-30,,2026-09-26,estimated,0
shipping_tanker_imports,ru,nation,2024-12,1087431,tonnes,portwatch,2024-12-31,,2026-09-26,estimated,0
shipping_tanker_imports,ru,nation,2025-01,970763,tonnes,portwatch,2025-01-31,,2026-09-26,estimated,0
shipping_tanker_imports,ru,nation,2025-02,555043,tonnes,portwatch,2025-02-28,,2026-09-26,estimated,0
shipping_tanker_imports,ru,nation,2025-03,536834,tonnes,portwatch,2025-03-31,,2026-09-26,estimated,0
shipping_tanker_imports,ru,nation,2025-04,566164,tonnes,portwatch,2025-04-30,,2026-09-26,estimated,0
shipping_tanker_imports,ru,nation,2025-05,536722,tonnes,portwatch,2025-05-31,,2026-09-26,estimated,0
shipping_tanker_imports,ru,nation,2025-06,450483,tonnes,portwatch,2025-06-30,,2026-09-26,estimated,0
shipping_tanker_imports,ru,nation,2025-07,328897,tonnes,portwatch,2025-07-31,,2026-09-26,estimated,0
shipping_tanker_imports,ru,nation,2025-08,668953,tonnes,portwatch,2025-08-31,,2026-09-26,estimated,0
shipping_tanker_imports,ru,nation,2025-09,685335,tonnes,portwatch,2025-09-30,,2026-09-26,estimated,0
shipping_tanker_imports,ru,nation,2025-10,725595,tonnes,portwatch,2025-10-31,,2026-09-26,estimated,0
shipping_tanker_imports,ru,nation,2025-11,423422,tonnes,portwatch,2025-11-30,,2026-09-26,estimated,0
shipping_tanker_imports,ru,nation,2025-12,384567,tonnes,portwatch,2025-12-31,,2026-09-26,estimated,0
shipping_tanker_imports,ru,nation,2026-01,589245,tonnes,portwatch,2026-01-31,,2026-09-26,estimated,0
shipping_tanker_imports,ru,nation,2026-02,428325,tonnes,portwatch,2026-02-28,,2026-09-26,estimated,0
shipping_tanker_imports,ru,nation,2026-03,736302,tonnes,portwatch,2026-03-31,,2026-09-26,estimated,0
shipping_tanker_imports,ru,nation,2026-04,663761,tonnes,portwatch,2026-04-30,,2026-09-26,estimated,0
shipping_tanker_imports,ru,nation,2026-05,538221,tonnes,portwatch,2026-05-31,,2026-09-26,estimated,0
shipping_tanker_imports,ru,nation,2026-06,242842,tonnes,portwatch,2026-06-30,,2026-09-26,estimated,0
shipping_tanker_imports,ru,nation,2026-07,572669,tonnes,portwatch,2026-07-31,,2026-09-26,estimated,0
shipping_tanker_imports,ru,nation,2026-08,530299,tonnes,portwatch,2026-08-31,,2026-09-26,estimated,0
shipping_tanker_imports,sa,nation,2019-01,3792491,tonnes,portwatch,2019-01-31,,2026-09-26,estimated,0
shipping_tanker_imports,sa,nation,2019-02,3685232,tonnes,portwatch,2019-02-28,,2026-09-26,estimated,0
shipping_tanker_imports,sa,nation,2019-03,4913146,tonnes,portwatch,2019-03-31,,2026-09-26,estimated,0
shipping_tanker_imports,sa,nation,2019-04,4384809,tonnes,portwatch,2019-04-30,,2026-09-26,estimated,0
shipping_tanker_imports,sa,nation,2019-05,4643257,tonnes,portwatch,2019-05-31,,2026-09-26,estimated,0
shipping_tanker_imports,sa,nation,2019-06,5605502,tonnes,portwatch,2019-06-30,,2026-09-26,estimated,0
shipping_tanker_imports,sa,nation,2019-07,6990454,tonnes,portwatch,2019-07-31,,2026-09-26,estimated,0
shipping_tanker_imports,sa,nation,2019-08,6143344,tonnes,portwatch,2019-08-31,,2026-09-26,estimated,0
shipping_tanker_imports,sa,nation,2019-09,6178906,tonnes,portwatch,2019-09-30,,2026-09-26,estimated,0
shipping_tanker_imports,sa,nation,2019-10,6601636,tonnes,portwatch,2019-10-31,,2026-09-26,estimated,0
shipping_tanker_imports,sa,nation,2019-11,5291272,tonnes,portwatch,2019-11-30,,2026-09-26,estimated,0
shipping_tanker_imports,sa,nation,2019-12,4101847,tonnes,portwatch,2019-12-31,,2026-09-26,estimated,0
shipping_tanker_imports,sa,nation,2020-01,4461394,tonnes,portwatch,2020-01-31,,2026-09-26,estimated,0
shipping_tanker_imports,sa,nation,2020-02,3462419,tonnes,portwatch,2020-02-29,,2026-09-26,estimated,0
shipping_tanker_imports,sa,nation,2020-03,3547074,tonnes,portwatch,2020-03-31,,2026-09-26,estimated,0
shipping_tanker_imports,sa,nation,2020-04,5199999,tonnes,portwatch,2020-04-30,,2026-09-26,estimated,0
shipping_tanker_imports,sa,nation,2020-05,4908410,tonnes,portwatch,2020-05-31,,2026-09-26,estimated,0
shipping_tanker_imports,sa,nation,2020-06,5044502,tonnes,portwatch,2020-06-30,,2026-09-26,estimated,0
shipping_tanker_imports,sa,nation,2020-07,6002253,tonnes,portwatch,2020-07-31,,2026-09-26,estimated,0
shipping_tanker_imports,sa,nation,2020-08,6479495,tonnes,portwatch,2020-08-31,,2026-09-26,estimated,0
shipping_tanker_imports,sa,nation,2020-09,5745797,tonnes,portwatch,2020-09-30,,2026-09-26,estimated,0
shipping_tanker_imports,sa,nation,2020-10,4757101,tonnes,portwatch,2020-10-31,,2026-09-26,estimated,0
shipping_tanker_imports,sa,nation,2020-11,3753056,tonnes,portwatch,2020-11-30,,2026-09-26,estimated,0
shipping_tanker_imports,sa,nation,2020-12,3934754,tonnes,portwatch,2020-12-31,,2026-09-26,estimated,0
shipping_tanker_imports,sa,nation,2021-01,3232726,tonnes,portwatch,2021-01-31,,2026-09-26,estimated,0
shipping_tanker_imports,sa,nation,2021-02,3157609,tonnes,portwatch,2021-02-28,,2026-09-26,estimated,0
shipping_tanker_imports,sa,nation,2021-03,4719382,tonnes,portwatch,2021-03-31,,2026-09-26,estimated,0
shipping_tanker_imports,sa,nation,2021-04,5440958,tonnes,portwatch,2021-04-30,,2026-09-26,estimated,0
shipping_tanker_imports,sa,nation,2021-05,5294011,tonnes,portwatch,2021-05-31,,2026-09-26,estimated,0
shipping_tanker_imports,sa,nation,2021-06,4834926,tonnes,portwatch,2021-06-30,,2026-09-26,estimated,0
shipping_tanker_imports,sa,nation,2021-07,5706959,tonnes,portwatch,2021-07-31,,2026-09-26,estimated,0
shipping_tanker_imports,sa,nation,2021-08,6543127,tonnes,portwatch,2021-08-31,,2026-09-26,estimated,0
shipping_tanker_imports,sa,nation,2021-09,6463514,tonnes,portwatch,2021-09-30,,2026-09-26,estimated,0
shipping_tanker_imports,sa,nation,2021-10,7039707,tonnes,portwatch,2021-10-31,,2026-09-26,estimated,0
shipping_tanker_imports,sa,nation,2021-11,2958339,tonnes,portwatch,2021-11-30,,2026-09-26,estimated,0
shipping_tanker_imports,sa,nation,2021-12,4599612,tonnes,portwatch,2021-12-31,,2026-09-26,estimated,0
shipping_tanker_imports,sa,nation,2022-01,3968858,tonnes,portwatch,2022-01-31,,2026-09-26,estimated,0
shipping_tanker_imports,sa,nation,2022-02,3846867,tonnes,portwatch,2022-02-28,,2026-09-26,estimated,0
shipping_tanker_imports,sa,nation,2022-03,3982533,tonnes,portwatch,2022-03-31,,2026-09-26,estimated,0
shipping_tanker_imports,sa,nation,2022-04,4762059,tonnes,portwatch,2022-04-30,,2026-09-26,estimated,0
shipping_tanker_imports,sa,nation,2022-05,4876465,tonnes,portwatch,2022-05-31,,2026-09-26,estimated,0
shipping_tanker_imports,sa,nation,2022-06,5772870,tonnes,portwatch,2022-06-30,,2026-09-26,estimated,0
shipping_tanker_imports,sa,nation,2022-07,6031208,tonnes,portwatch,2022-07-31,,2026-09-26,estimated,0
shipping_tanker_imports,sa,nation,2022-08,4830027,tonnes,portwatch,2022-08-31,,2026-09-26,estimated,0
shipping_tanker_imports,sa,nation,2022-09,4656995,tonnes,portwatch,2022-09-30,,2026-09-26,estimated,0
shipping_tanker_imports,sa,nation,2022-10,3928474,tonnes,portwatch,2022-10-31,,2026-09-26,estimated,0
shipping_tanker_imports,sa,nation,2022-11,3689744,tonnes,portwatch,2022-11-30,,2026-09-26,estimated,0
shipping_tanker_imports,sa,nation,2022-12,4669664,tonnes,portwatch,2022-12-31,,2026-09-26,estimated,0
shipping_tanker_imports,sa,nation,2023-01,4026911,tonnes,portwatch,2023-01-31,,2026-09-26,estimated,0
shipping_tanker_imports,sa,nation,2023-02,3675338,tonnes,portwatch,2023-02-28,,2026-09-26,estimated,0
shipping_tanker_imports,sa,nation,2023-03,4098954,tonnes,portwatch,2023-03-31,,2026-09-26,estimated,0
shipping_tanker_imports,sa,nation,2023-04,3334733,tonnes,portwatch,2023-04-30,,2026-09-26,estimated,0
shipping_tanker_imports,sa,nation,2023-05,3828247,tonnes,portwatch,2023-05-31,,2026-09-26,estimated,0
shipping_tanker_imports,sa,nation,2023-06,4115542,tonnes,portwatch,2023-06-30,,2026-09-26,estimated,0
shipping_tanker_imports,sa,nation,2023-07,4053530,tonnes,portwatch,2023-07-31,,2026-09-26,estimated,0
shipping_tanker_imports,sa,nation,2023-08,4896351,tonnes,portwatch,2023-08-31,,2026-09-26,estimated,0
shipping_tanker_imports,sa,nation,2023-09,4639216,tonnes,portwatch,2023-09-30,,2026-09-26,estimated,0
shipping_tanker_imports,sa,nation,2023-10,3791675,tonnes,portwatch,2023-10-31,,2026-09-26,estimated,0
shipping_tanker_imports,sa,nation,2023-11,3638305,tonnes,portwatch,2023-11-30,,2026-09-26,estimated,0
shipping_tanker_imports,sa,nation,2023-12,4085349,tonnes,portwatch,2023-12-31,,2026-09-26,estimated,0
shipping_tanker_imports,sa,nation,2024-01,4166097,tonnes,portwatch,2024-01-31,,2026-09-26,estimated,0
shipping_tanker_imports,sa,nation,2024-02,3615110,tonnes,portwatch,2024-02-29,,2026-09-26,estimated,0
shipping_tanker_imports,sa,nation,2024-03,5395628,tonnes,portwatch,2024-03-31,,2026-09-26,estimated,0
shipping_tanker_imports,sa,nation,2024-04,5962145,tonnes,portwatch,2024-04-30,,2026-09-26,estimated,0
shipping_tanker_imports,sa,nation,2024-05,6192136,tonnes,portwatch,2024-05-31,,2026-09-26,estimated,0
shipping_tanker_imports,sa,nation,2024-06,6237373,tonnes,portwatch,2024-06-30,,2026-09-26,estimated,0
shipping_tanker_imports,sa,nation,2024-07,5869780,tonnes,portwatch,2024-07-31,,2026-09-26,estimated,0
shipping_tanker_imports,sa,nation,2024-08,6782629,tonnes,portwatch,2024-08-31,,2026-09-26,estimated,0
shipping_tanker_imports,sa,nation,2024-09,5594605,tonnes,portwatch,2024-09-30,,2026-09-26,estimated,0
shipping_tanker_imports,sa,nation,2024-10,4043647,tonnes,portwatch,2024-10-31,,2026-09-26,estimated,0
shipping_tanker_imports,sa,nation,2024-11,4592968,tonnes,portwatch,2024-11-30,,2026-09-26,estimated,0
shipping_tanker_imports,sa,nation,2024-12,2800573,tonnes,portwatch,2024-12-31,,2026-09-26,estimated,0
shipping_tanker_imports,sa,nation,2025-01,3418498,tonnes,portwatch,2025-01-31,,2026-09-26,estimated,0
shipping_tanker_imports,sa,nation,2025-02,3146119,tonnes,portwatch,2025-02-28,,2026-09-26,estimated,0
shipping_tanker_imports,sa,nation,2025-03,3648356,tonnes,portwatch,2025-03-31,,2026-09-26,estimated,0
shipping_tanker_imports,sa,nation,2025-04,3162781,tonnes,portwatch,2025-04-30,,2026-09-26,estimated,0
shipping_tanker_imports,sa,nation,2025-05,4549192,tonnes,portwatch,2025-05-31,,2026-09-26,estimated,0
shipping_tanker_imports,sa,nation,2025-06,2852324,tonnes,portwatch,2025-06-30,,2026-09-26,estimated,0
shipping_tanker_imports,sa,nation,2025-07,4596559,tonnes,portwatch,2025-07-31,,2026-09-26,estimated,0
shipping_tanker_imports,sa,nation,2025-08,4430455,tonnes,portwatch,2025-08-31,,2026-09-26,estimated,0
shipping_tanker_imports,sa,nation,2025-09,4165905,tonnes,portwatch,2025-09-30,,2026-09-26,estimated,0
shipping_tanker_imports,sa,nation,2025-10,3988864,tonnes,portwatch,2025-10-31,,2026-09-26,estimated,0
shipping_tanker_imports,sa,nation,2025-11,3323605,tonnes,portwatch,2025-11-30,,2026-09-26,estimated,0
shipping_tanker_imports,sa,nation,2025-12,2909984,tonnes,portwatch,2025-12-31,,2026-09-26,estimated,0
shipping_tanker_imports,sa,nation,2026-01,2545387,tonnes,portwatch,2026-01-31,,2026-09-26,estimated,0
shipping_tanker_imports,sa,nation,2026-02,2825161,tonnes,portwatch,2026-02-28,,2026-09-26,estimated,0
shipping_tanker_imports,sa,nation,2026-03,4476283,tonnes,portwatch,2026-03-31,,2026-09-26,estimated,0
shipping_tanker_imports,sa,nation,2026-04,4453301,tonnes,portwatch,2026-04-30,,2026-09-26,estimated,0
shipping_tanker_imports,sa,nation,2026-05,4835291,tonnes,portwatch,2026-05-31,,2026-09-26,estimated,0
shipping_tanker_imports,sa,nation,2026-06,4588435,tonnes,portwatch,2026-06-30,,2026-09-26,estimated,0
shipping_tanker_imports,sa,nation,2026-07,3874662,tonnes,portwatch,2026-07-31,,2026-09-26,estimated,0
shipping_tanker_imports,sa,nation,2026-08,1180823,tonnes,portwatch,2026-08-31,,2026-09-26,estimated,0
shipping_tanker_imports,se,nation,2019-01,2459060,tonnes,portwatch,2019-01-31,,2026-09-26,estimated,0
shipping_tanker_imports,se,nation,2019-02,2589032,tonnes,portwatch,2019-02-28,,2026-09-26,estimated,0
shipping_tanker_imports,se,nation,2019-03,2613976,tonnes,portwatch,2019-03-31,,2026-09-26,estimated,0
shipping_tanker_imports,se,nation,2019-04,2774665,tonnes,portwatch,2019-04-30,,2026-09-26,estimated,0
shipping_tanker_imports,se,nation,2019-05,2531018,tonnes,portwatch,2019-05-31,,2026-09-26,estimated,0
shipping_tanker_imports,se,nation,2019-06,2682331,tonnes,portwatch,2019-06-30,,2026-09-26,estimated,0
shipping_tanker_imports,se,nation,2019-07,2696846,tonnes,portwatch,2019-07-31,,2026-09-26,estimated,0
shipping_tanker_imports,se,nation,2019-08,2409324,tonnes,portwatch,2019-08-31,,2026-09-26,estimated,0
shipping_tanker_imports,se,nation,2019-09,2068641,tonnes,portwatch,2019-09-30,,2026-09-26,estimated,0
shipping_tanker_imports,se,nation,2019-10,2182882,tonnes,portwatch,2019-10-31,,2026-09-26,estimated,0
shipping_tanker_imports,se,nation,2019-11,2358160,tonnes,portwatch,2019-11-30,,2026-09-26,estimated,0
shipping_tanker_imports,se,nation,2019-12,2421291,tonnes,portwatch,2019-12-31,,2026-09-26,estimated,0
shipping_tanker_imports,se,nation,2020-01,2685624,tonnes,portwatch,2020-01-31,,2026-09-26,estimated,0
shipping_tanker_imports,se,nation,2020-02,2185602,tonnes,portwatch,2020-02-29,,2026-09-26,estimated,0
shipping_tanker_imports,se,nation,2020-03,3152866,tonnes,portwatch,2020-03-31,,2026-09-26,estimated,0
shipping_tanker_imports,se,nation,2020-04,3700655,tonnes,portwatch,2020-04-30,,2026-09-26,estimated,0
shipping_tanker_imports,se,nation,2020-05,3584247,tonnes,portwatch,2020-05-31,,2026-09-26,estimated,0
shipping_tanker_imports,se,nation,2020-06,2291226,tonnes,portwatch,2020-06-30,,2026-09-26,estimated,0
shipping_tanker_imports,se,nation,2020-07,2128336,tonnes,portwatch,2020-07-31,,2026-09-26,estimated,0
shipping_tanker_imports,se,nation,2020-08,2214010,tonnes,portwatch,2020-08-31,,2026-09-26,estimated,0
shipping_tanker_imports,se,nation,2020-09,2050251,tonnes,portwatch,2020-09-30,,2026-09-26,estimated,0
shipping_tanker_imports,se,nation,2020-10,1848748,tonnes,portwatch,2020-10-31,,2026-09-26,estimated,0
shipping_tanker_imports,se,nation,2020-11,2381689,tonnes,portwatch,2020-11-30,,2026-09-26,estimated,0
shipping_tanker_imports,se,nation,2020-12,2516464,tonnes,portwatch,2020-12-31,,2026-09-26,estimated,0
shipping_tanker_imports,se,nation,2021-01,2219291,tonnes,portwatch,2021-01-31,,2026-09-26,estimated,0
shipping_tanker_imports,se,nation,2021-02,2108267,tonnes,portwatch,2021-02-28,,2026-09-26,estimated,0
shipping_tanker_imports,se,nation,2021-03,2312933,tonnes,portwatch,2021-03-31,,2026-09-26,estimated,0
shipping_tanker_imports,se,nation,2021-04,2677174,tonnes,portwatch,2021-04-30,,2026-09-26,estimated,0
shipping_tanker_imports,se,nation,2021-05,2327836,tonnes,portwatch,2021-05-31,,2026-09-26,estimated,0
shipping_tanker_imports,se,nation,2021-06,2725920,tonnes,portwatch,2021-06-30,,2026-09-26,estimated,0
shipping_tanker_imports,se,nation,2021-07,1954491,tonnes,portwatch,2021-07-31,,2026-09-26,estimated,0
shipping_tanker_imports,se,nation,2021-08,2548642,tonnes,portwatch,2021-08-31,,2026-09-26,estimated,0
shipping_tanker_imports,se,nation,2021-09,2566076,tonnes,portwatch,2021-09-30,,2026-09-26,estimated,0
shipping_tanker_imports,se,nation,2021-10,2094866,tonnes,portwatch,2021-10-31,,2026-09-26,estimated,0
shipping_tanker_imports,se,nation,2021-11,1990560,tonnes,portwatch,2021-11-30,,2026-09-26,estimated,0
shipping_tanker_imports,se,nation,2021-12,3163101,tonnes,portwatch,2021-12-31,,2026-09-26,estimated,0
shipping_tanker_imports,se,nation,2022-01,2838797,tonnes,portwatch,2022-01-31,,2026-09-26,estimated,0
shipping_tanker_imports,se,nation,2022-02,2511905,tonnes,portwatch,2022-02-28,,2026-09-26,estimated,0
shipping_tanker_imports,se,nation,2022-03,2222636,tonnes,portwatch,2022-03-31,,2026-09-26,estimated,0
shipping_tanker_imports,se,nation,2022-04,2786573,tonnes,portwatch,2022-04-30,,2026-09-26,estimated,0
shipping_tanker_imports,se,nation,2022-05,2838206,tonnes,portwatch,2022-05-31,,2026-09-26,estimated,0
shipping_tanker_imports,se,nation,2022-06,2261943,tonnes,portwatch,2022-06-30,,2026-09-26,estimated,0
shipping_tanker_imports,se,nation,2022-07,2995795,tonnes,portwatch,2022-07-31,,2026-09-26,estimated,0
shipping_tanker_imports,se,nation,2022-08,2380846,tonnes,portwatch,2022-08-31,,2026-09-26,estimated,0
shipping_tanker_imports,se,nation,2022-09,2014668,tonnes,portwatch,2022-09-30,,2026-09-26,estimated,0
shipping_tanker_imports,se,nation,2022-10,2420812,tonnes,portwatch,2022-10-31,,2026-09-26,estimated,0
shipping_tanker_imports,se,nation,2022-11,2963103,tonnes,portwatch,2022-11-30,,2026-09-26,estimated,0
shipping_tanker_imports,se,nation,2022-12,2703276,tonnes,portwatch,2022-12-31,,2026-09-26,estimated,0
shipping_tanker_imports,se,nation,2023-01,2539170,tonnes,portwatch,2023-01-31,,2026-09-26,estimated,0
shipping_tanker_imports,se,nation,2023-02,2058007,tonnes,portwatch,2023-02-28,,2026-09-26,estimated,0
shipping_tanker_imports,se,nation,2023-03,2570585,tonnes,portwatch,2023-03-31,,2026-09-26,estimated,0
shipping_tanker_imports,se,nation,2023-04,2518299,tonnes,portwatch,2023-04-30,,2026-09-26,estimated,0
shipping_tanker_imports,se,nation,2023-05,2783787,tonnes,portwatch,2023-05-31,,2026-09-26,estimated,0
shipping_tanker_imports,se,nation,2023-06,2325295,tonnes,portwatch,2023-06-30,,2026-09-26,estimated,0
shipping_tanker_imports,se,nation,2023-07,2658214,tonnes,portwatch,2023-07-31,,2026-09-26,estimated,0
shipping_tanker_imports,se,nation,2023-08,2707277,tonnes,portwatch,2023-08-31,,2026-09-26,estimated,0
shipping_tanker_imports,se,nation,2023-09,2436001,tonnes,portwatch,2023-09-30,,2026-09-26,estimated,0
shipping_tanker_imports,se,nation,2023-10,2056303,tonnes,portwatch,2023-10-31,,2026-09-26,estimated,0
shipping_tanker_imports,se,nation,2023-11,2102237,tonnes,portwatch,2023-11-30,,2026-09-26,estimated,0
shipping_tanker_imports,se,nation,2023-12,2313372,tonnes,portwatch,2023-12-31,,2026-09-26,estimated,0
shipping_tanker_imports,se,nation,2024-01,2408202,tonnes,portwatch,2024-01-31,,2026-09-26,estimated,0
shipping_tanker_imports,se,nation,2024-02,2457052,tonnes,portwatch,2024-02-29,,2026-09-26,estimated,0
shipping_tanker_imports,se,nation,2024-03,2432686,tonnes,portwatch,2024-03-31,,2026-09-26,estimated,0
shipping_tanker_imports,se,nation,2024-04,2682372,tonnes,portwatch,2024-04-30,,2026-09-26,estimated,0
shipping_tanker_imports,se,nation,2024-05,3114892,tonnes,portwatch,2024-05-31,,2026-09-26,estimated,0
shipping_tanker_imports,se,nation,2024-06,2437365,tonnes,portwatch,2024-06-30,,2026-09-26,estimated,0
shipping_tanker_imports,se,nation,2024-07,2874300,tonnes,portwatch,2024-07-31,,2026-09-26,estimated,0
shipping_tanker_imports,se,nation,2024-08,2345559,tonnes,portwatch,2024-08-31,,2026-09-26,estimated,0
shipping_tanker_imports,se,nation,2024-09,2083476,tonnes,portwatch,2024-09-30,,2026-09-26,estimated,0
shipping_tanker_imports,se,nation,2024-10,2427369,tonnes,portwatch,2024-10-31,,2026-09-26,estimated,0
shipping_tanker_imports,se,nation,2024-11,2303861,tonnes,portwatch,2024-11-30,,2026-09-26,estimated,0
shipping_tanker_imports,se,nation,2024-12,2526086,tonnes,portwatch,2024-12-31,,2026-09-26,estimated,0
shipping_tanker_imports,se,nation,2025-01,2598792,tonnes,portwatch,2025-01-31,,2026-09-26,estimated,0
shipping_tanker_imports,se,nation,2025-02,2107214,tonnes,portwatch,2025-02-28,,2026-09-26,estimated,0
shipping_tanker_imports,se,nation,2025-03,2514758,tonnes,portwatch,2025-03-31,,2026-09-26,estimated,0
shipping_tanker_imports,se,nation,2025-04,2440805,tonnes,portwatch,2025-04-30,,2026-09-26,estimated,0
shipping_tanker_imports,se,nation,2025-05,2746464,tonnes,portwatch,2025-05-31,,2026-09-26,estimated,0
shipping_tanker_imports,se,nation,2025-06,2143220,tonnes,portwatch,2025-06-30,,2026-09-26,estimated,0
shipping_tanker_imports,se,nation,2025-07,2439990,tonnes,portwatch,2025-07-31,,2026-09-26,estimated,0
shipping_tanker_imports,se,nation,2025-08,2231722,tonnes,portwatch,2025-08-31,,2026-09-26,estimated,0
shipping_tanker_imports,se,nation,2025-09,2085929,tonnes,portwatch,2025-09-30,,2026-09-26,estimated,0
shipping_tanker_imports,se,nation,2025-10,2115427,tonnes,portwatch,2025-10-31,,2026-09-26,estimated,0
shipping_tanker_imports,se,nation,2025-11,1871765,tonnes,portwatch,2025-11-30,,2026-09-26,estimated,0
shipping_tanker_imports,se,nation,2025-12,2642813,tonnes,portwatch,2025-12-31,,2026-09-26,estimated,0
shipping_tanker_imports,se,nation,2026-01,2424181,tonnes,portwatch,2026-01-31,,2026-09-26,estimated,0
shipping_tanker_imports,se,nation,2026-02,2132809,tonnes,portwatch,2026-02-28,,2026-09-26,estimated,0
shipping_tanker_imports,se,nation,2026-03,2991764,tonnes,portwatch,2026-03-31,,2026-09-26,estimated,0
shipping_tanker_imports,se,nation,2026-04,2831063,tonnes,portwatch,2026-04-30,,2026-09-26,estimated,0
shipping_tanker_imports,se,nation,2026-05,2001958,tonnes,portwatch,2026-05-31,,2026-09-26,estimated,0
shipping_tanker_imports,se,nation,2026-06,2499910,tonnes,portwatch,2026-06-30,,2026-09-26,estimated,0
shipping_tanker_imports,se,nation,2026-07,1830098,tonnes,portwatch,2026-07-31,,2026-09-26,estimated,0
shipping_tanker_imports,se,nation,2026-08,2513747,tonnes,portwatch,2026-08-31,,2026-09-26,estimated,0
shipping_tanker_imports,sg,nation,2019-01,19158179,tonnes,portwatch,2019-01-31,,2026-09-26,estimated,0
shipping_tanker_imports,sg,nation,2019-02,16523181,tonnes,portwatch,2019-02-28,,2026-09-26,estimated,0
shipping_tanker_imports,sg,nation,2019-03,16966431,tonnes,portwatch,2019-03-31,,2026-09-26,estimated,0
shipping_tanker_imports,sg,nation,2019-04,17460975,tonnes,portwatch,2019-04-30,,2026-09-26,estimated,0
shipping_tanker_imports,sg,nation,2019-05,19052957,tonnes,portwatch,2019-05-31,,2026-09-26,estimated,0
shipping_tanker_imports,sg,nation,2019-06,17264631,tonnes,portwatch,2019-06-30,,2026-09-26,estimated,0
shipping_tanker_imports,sg,nation,2019-07,17565300,tonnes,portwatch,2019-07-31,,2026-09-26,estimated,0
shipping_tanker_imports,sg,nation,2019-08,16834968,tonnes,portwatch,2019-08-31,,2026-09-26,estimated,0
shipping_tanker_imports,sg,nation,2019-09,17099835,tonnes,portwatch,2019-09-30,,2026-09-26,estimated,0
shipping_tanker_imports,sg,nation,2019-10,19011240,tonnes,portwatch,2019-10-31,,2026-09-26,estimated,0
shipping_tanker_imports,sg,nation,2019-11,16512317,tonnes,portwatch,2019-11-30,,2026-09-26,estimated,0
shipping_tanker_imports,sg,nation,2019-12,17437277,tonnes,portwatch,2019-12-31,,2026-09-26,estimated,0
shipping_tanker_imports,sg,nation,2020-01,18729336,tonnes,portwatch,2020-01-31,,2026-09-26,estimated,0
shipping_tanker_imports,sg,nation,2020-02,18123072,tonnes,portwatch,2020-02-29,,2026-09-26,estimated,0
shipping_tanker_imports,sg,nation,2020-03,17309629,tonnes,portwatch,2020-03-31,,2026-09-26,estimated,0
shipping_tanker_imports,sg,nation,2020-04,17332521,tonnes,portwatch,2020-04-30,,2026-09-26,estimated,0
shipping_tanker_imports,sg,nation,2020-05,16273162,tonnes,portwatch,2020-05-31,,2026-09-26,estimated,0
shipping_tanker_imports,sg,nation,2020-06,14487439,tonnes,portwatch,2020-06-30,,2026-09-26,estimated,0
shipping_tanker_imports,sg,nation,2020-07,15828245,tonnes,portwatch,2020-07-31,,2026-09-26,estimated,0
shipping_tanker_imports,sg,nation,2020-08,14753846,tonnes,portwatch,2020-08-31,,2026-09-26,estimated,0
shipping_tanker_imports,sg,nation,2020-09,15648457,tonnes,portwatch,2020-09-30,,2026-09-26,estimated,0
shipping_tanker_imports,sg,nation,2020-10,15559412,tonnes,portwatch,2020-10-31,,2026-09-26,estimated,0
shipping_tanker_imports,sg,nation,2020-11,16516077,tonnes,portwatch,2020-11-30,,2026-09-26,estimated,0
shipping_tanker_imports,sg,nation,2020-12,18098466,tonnes,portwatch,2020-12-31,,2026-09-26,estimated,0
shipping_tanker_imports,sg,nation,2021-01,17249123,tonnes,portwatch,2021-01-31,,2026-09-26,estimated,0
shipping_tanker_imports,sg,nation,2021-02,15840108,tonnes,portwatch,2021-02-28,,2026-09-26,estimated,0
shipping_tanker_imports,sg,nation,2021-03,17786024,tonnes,portwatch,2021-03-31,,2026-09-26,estimated,0
shipping_tanker_imports,sg,nation,2021-04,17441139,tonnes,portwatch,2021-04-30,,2026-09-26,estimated,0
shipping_tanker_imports,sg,nation,2021-05,18241080,tonnes,portwatch,2021-05-31,,2026-09-26,estimated,0
shipping_tanker_imports,sg,nation,2021-06,16486372,tonnes,portwatch,2021-06-30,,2026-09-26,estimated,0
shipping_tanker_imports,sg,nation,2021-07,17045708,tonnes,portwatch,2021-07-31,,2026-09-26,estimated,0
shipping_tanker_imports,sg,nation,2021-08,15239285,tonnes,portwatch,2021-08-31,,2026-09-26,estimated,0
shipping_tanker_imports,sg,nation,2021-09,16500824,tonnes,portwatch,2021-09-30,,2026-09-26,estimated,0
shipping_tanker_imports,sg,nation,2021-10,17009517,tonnes,portwatch,2021-10-31,,2026-09-26,estimated,0
shipping_tanker_imports,sg,nation,2021-11,17215671,tonnes,portwatch,2021-11-30,,2026-09-26,estimated,0
shipping_tanker_imports,sg,nation,2021-12,17535934,tonnes,portwatch,2021-12-31,,2026-09-26,estimated,0
shipping_tanker_imports,sg,nation,2022-01,19057544,tonnes,portwatch,2022-01-31,,2026-09-26,estimated,0
shipping_tanker_imports,sg,nation,2022-02,15733591,tonnes,portwatch,2022-02-28,,2026-09-26,estimated,0
shipping_tanker_imports,sg,nation,2022-03,14724716,tonnes,portwatch,2022-03-31,,2026-09-26,estimated,0
shipping_tanker_imports,sg,nation,2022-04,16242976,tonnes,portwatch,2022-04-30,,2026-09-26,estimated,0
shipping_tanker_imports,sg,nation,2022-05,16323490,tonnes,portwatch,2022-05-31,,2026-09-26,estimated,0
shipping_tanker_imports,sg,nation,2022-06,15445757,tonnes,portwatch,2022-06-30,,2026-09-26,estimated,0
shipping_tanker_imports,sg,nation,2022-07,16589058,tonnes,portwatch,2022-07-31,,2026-09-26,estimated,0
shipping_tanker_imports,sg,nation,2022-08,16770510,tonnes,portwatch,2022-08-31,,2026-09-26,estimated,0
shipping_tanker_imports,sg,nation,2022-09,15595603,tonnes,portwatch,2022-09-30,,2026-09-26,estimated,0
shipping_tanker_imports,sg,nation,2022-10,17210271,tonnes,portwatch,2022-10-31,,2026-09-26,estimated,0
shipping_tanker_imports,sg,nation,2022-11,15551918,tonnes,portwatch,2022-11-30,,2026-09-26,estimated,0
shipping_tanker_imports,sg,nation,2022-12,17439247,tonnes,portwatch,2022-12-31,,2026-09-26,estimated,0
shipping_tanker_imports,sg,nation,2023-01,16843614,tonnes,portwatch,2023-01-31,,2026-09-26,estimated,0
shipping_tanker_imports,sg,nation,2023-02,15496214,tonnes,portwatch,2023-02-28,,2026-09-26,estimated,0
shipping_tanker_imports,sg,nation,2023-03,16546728,tonnes,portwatch,2023-03-31,,2026-09-26,estimated,0
shipping_tanker_imports,sg,nation,2023-04,16734236,tonnes,portwatch,2023-04-30,,2026-09-26,estimated,0
shipping_tanker_imports,sg,nation,2023-05,16102618,tonnes,portwatch,2023-05-31,,2026-09-26,estimated,0
shipping_tanker_imports,sg,nation,2023-06,17138524,tonnes,portwatch,2023-06-30,,2026-09-26,estimated,0
shipping_tanker_imports,sg,nation,2023-07,15262132,tonnes,portwatch,2023-07-31,,2026-09-26,estimated,0
shipping_tanker_imports,sg,nation,2023-08,15922204,tonnes,portwatch,2023-08-31,,2026-09-26,estimated,0
shipping_tanker_imports,sg,nation,2023-09,14369621,tonnes,portwatch,2023-09-30,,2026-09-26,estimated,0
shipping_tanker_imports,sg,nation,2023-10,16338715,tonnes,portwatch,2023-10-31,,2026-09-26,estimated,0
shipping_tanker_imports,sg,nation,2023-11,15564079,tonnes,portwatch,2023-11-30,,2026-09-26,estimated,0
shipping_tanker_imports,sg,nation,2023-12,16115104,tonnes,portwatch,2023-12-31,,2026-09-26,estimated,0
shipping_tanker_imports,sg,nation,2024-01,17387590,tonnes,portwatch,2024-01-31,,2026-09-26,estimated,0
shipping_tanker_imports,sg,nation,2024-02,16639834,tonnes,portwatch,2024-02-29,,2026-09-26,estimated,0
shipping_tanker_imports,sg,nation,2024-03,15772865,tonnes,portwatch,2024-03-31,,2026-09-26,estimated,0
shipping_tanker_imports,sg,nation,2024-04,16635815,tonnes,portwatch,2024-04-30,,2026-09-26,estimated,0
shipping_tanker_imports,sg,nation,2024-05,17019617,tonnes,portwatch,2024-05-31,,2026-09-26,estimated,0
shipping_tanker_imports,sg,nation,2024-06,15917004,tonnes,portwatch,2024-06-30,,2026-09-26,estimated,0
shipping_tanker_imports,sg,nation,2024-07,15379745,tonnes,portwatch,2024-07-31,,2026-09-26,estimated,0
shipping_tanker_imports,sg,nation,2024-08,15853972,tonnes,portwatch,2024-08-31,,2026-09-26,estimated,0
shipping_tanker_imports,sg,nation,2024-09,14208365,tonnes,portwatch,2024-09-30,,2026-09-26,estimated,0
shipping_tanker_imports,sg,nation,2024-10,15601737,tonnes,portwatch,2024-10-31,,2026-09-26,estimated,0
shipping_tanker_imports,sg,nation,2024-11,15957660,tonnes,portwatch,2024-11-30,,2026-09-26,estimated,0
shipping_tanker_imports,sg,nation,2024-12,18302079,tonnes,portwatch,2024-12-31,,2026-09-26,estimated,0
shipping_tanker_imports,sg,nation,2025-01,15123715,tonnes,portwatch,2025-01-31,,2026-09-26,estimated,0
shipping_tanker_imports,sg,nation,2025-02,13863809,tonnes,portwatch,2025-02-28,,2026-09-26,estimated,0
shipping_tanker_imports,sg,nation,2025-03,17107739,tonnes,portwatch,2025-03-31,,2026-09-26,estimated,0
shipping_tanker_imports,sg,nation,2025-04,15772075,tonnes,portwatch,2025-04-30,,2026-09-26,estimated,0
shipping_tanker_imports,sg,nation,2025-05,16094312,tonnes,portwatch,2025-05-31,,2026-09-26,estimated,0
shipping_tanker_imports,sg,nation,2025-06,17243897,tonnes,portwatch,2025-06-30,,2026-09-26,estimated,0
shipping_tanker_imports,sg,nation,2025-07,17426652,tonnes,portwatch,2025-07-31,,2026-09-26,estimated,0
shipping_tanker_imports,sg,nation,2025-08,18986965,tonnes,portwatch,2025-08-31,,2026-09-26,estimated,0
shipping_tanker_imports,sg,nation,2025-09,15498512,tonnes,portwatch,2025-09-30,,2026-09-26,estimated,0
shipping_tanker_imports,sg,nation,2025-10,17155825,tonnes,portwatch,2025-10-31,,2026-09-26,estimated,0
shipping_tanker_imports,sg,nation,2025-11,17827234,tonnes,portwatch,2025-11-30,,2026-09-26,estimated,0
shipping_tanker_imports,sg,nation,2025-12,17077570,tonnes,portwatch,2025-12-31,,2026-09-26,estimated,0
shipping_tanker_imports,sg,nation,2026-01,17777981,tonnes,portwatch,2026-01-31,,2026-09-26,estimated,0
shipping_tanker_imports,sg,nation,2026-02,15972607,tonnes,portwatch,2026-02-28,,2026-09-26,estimated,0
shipping_tanker_imports,sg,nation,2026-03,16377205,tonnes,portwatch,2026-03-31,,2026-09-26,estimated,0
shipping_tanker_imports,sg,nation,2026-04,13921499,tonnes,portwatch,2026-04-30,,2026-09-26,estimated,0
shipping_tanker_imports,sg,nation,2026-05,15730544,tonnes,portwatch,2026-05-31,,2026-09-26,estimated,0
shipping_tanker_imports,sg,nation,2026-06,14585020,tonnes,portwatch,2026-06-30,,2026-09-26,estimated,0
shipping_tanker_imports,sg,nation,2026-07,15746557,tonnes,portwatch,2026-07-31,,2026-09-26,estimated,0
shipping_tanker_imports,sg,nation,2026-08,14841810,tonnes,portwatch,2026-08-31,,2026-09-26,estimated,0
shipping_tanker_imports,tr,nation,2019-01,4908252,tonnes,portwatch,2019-01-31,,2026-09-26,estimated,0
shipping_tanker_imports,tr,nation,2019-02,4598066,tonnes,portwatch,2019-02-28,,2026-09-26,estimated,0
shipping_tanker_imports,tr,nation,2019-03,5169725,tonnes,portwatch,2019-03-31,,2026-09-26,estimated,0
shipping_tanker_imports,tr,nation,2019-04,5382361,tonnes,portwatch,2019-04-30,,2026-09-26,estimated,0
shipping_tanker_imports,tr,nation,2019-05,5272383,tonnes,portwatch,2019-05-31,,2026-09-26,estimated,0
shipping_tanker_imports,tr,nation,2019-06,5681509,tonnes,portwatch,2019-06-30,,2026-09-26,estimated,0
shipping_tanker_imports,tr,nation,2019-07,5667130,tonnes,portwatch,2019-07-31,,2026-09-26,estimated,0
shipping_tanker_imports,tr,nation,2019-08,6252514,tonnes,portwatch,2019-08-31,,2026-09-26,estimated,0
shipping_tanker_imports,tr,nation,2019-09,6213854,tonnes,portwatch,2019-09-30,,2026-09-26,estimated,0
shipping_tanker_imports,tr,nation,2019-10,6064673,tonnes,portwatch,2019-10-31,,2026-09-26,estimated,0
shipping_tanker_imports,tr,nation,2019-11,6147757,tonnes,portwatch,2019-11-30,,2026-09-26,estimated,0
shipping_tanker_imports,tr,nation,2019-12,5569905,tonnes,portwatch,2019-12-31,,2026-09-26,estimated,0
shipping_tanker_imports,tr,nation,2020-01,5132499,tonnes,portwatch,2020-01-31,,2026-09-26,estimated,0
shipping_tanker_imports,tr,nation,2020-02,6247191,tonnes,portwatch,2020-02-29,,2026-09-26,estimated,0
shipping_tanker_imports,tr,nation,2020-03,6594949,tonnes,portwatch,2020-03-31,,2026-09-26,estimated,0
shipping_tanker_imports,tr,nation,2020-04,5735265,tonnes,portwatch,2020-04-30,,2026-09-26,estimated,0
shipping_tanker_imports,tr,nation,2020-05,5390264,tonnes,portwatch,2020-05-31,,2026-09-26,estimated,0
shipping_tanker_imports,tr,nation,2020-06,5322393,tonnes,portwatch,2020-06-30,,2026-09-26,estimated,0
shipping_tanker_imports,tr,nation,2020-07,6626045,tonnes,portwatch,2020-07-31,,2026-09-26,estimated,0
shipping_tanker_imports,tr,nation,2020-08,5890977,tonnes,portwatch,2020-08-31,,2026-09-26,estimated,0
shipping_tanker_imports,tr,nation,2020-09,6094124,tonnes,portwatch,2020-09-30,,2026-09-26,estimated,0
shipping_tanker_imports,tr,nation,2020-10,5767650,tonnes,portwatch,2020-10-31,,2026-09-26,estimated,0
shipping_tanker_imports,tr,nation,2020-11,5281311,tonnes,portwatch,2020-11-30,,2026-09-26,estimated,0
shipping_tanker_imports,tr,nation,2020-12,6146073,tonnes,portwatch,2020-12-31,,2026-09-26,estimated,0
shipping_tanker_imports,tr,nation,2021-01,5735093,tonnes,portwatch,2021-01-31,,2026-09-26,estimated,0
shipping_tanker_imports,tr,nation,2021-02,4736991,tonnes,portwatch,2021-02-28,,2026-09-26,estimated,0
shipping_tanker_imports,tr,nation,2021-03,6199827,tonnes,portwatch,2021-03-31,,2026-09-26,estimated,0
shipping_tanker_imports,tr,nation,2021-04,5877964,tonnes,portwatch,2021-04-30,,2026-09-26,estimated,0
shipping_tanker_imports,tr,nation,2021-05,5721646,tonnes,portwatch,2021-05-31,,2026-09-26,estimated,0
shipping_tanker_imports,tr,nation,2021-06,5485507,tonnes,portwatch,2021-06-30,,2026-09-26,estimated,0
shipping_tanker_imports,tr,nation,2021-07,6797613,tonnes,portwatch,2021-07-31,,2026-09-26,estimated,0
shipping_tanker_imports,tr,nation,2021-08,7179621,tonnes,portwatch,2021-08-31,,2026-09-26,estimated,0
shipping_tanker_imports,tr,nation,2021-09,6875306,tonnes,portwatch,2021-09-30,,2026-09-26,estimated,0
shipping_tanker_imports,tr,nation,2021-10,7232713,tonnes,portwatch,2021-10-31,,2026-09-26,estimated,0
shipping_tanker_imports,tr,nation,2021-11,7243573,tonnes,portwatch,2021-11-30,,2026-09-26,estimated,0
shipping_tanker_imports,tr,nation,2021-12,7797798,tonnes,portwatch,2021-12-31,,2026-09-26,estimated,0
shipping_tanker_imports,tr,nation,2022-01,6994051,tonnes,portwatch,2022-01-31,,2026-09-26,estimated,0
shipping_tanker_imports,tr,nation,2022-02,5814319,tonnes,portwatch,2022-02-28,,2026-09-26,estimated,0
shipping_tanker_imports,tr,nation,2022-03,7656122,tonnes,portwatch,2022-03-31,,2026-09-26,estimated,0
shipping_tanker_imports,tr,nation,2022-04,6737387,tonnes,portwatch,2022-04-30,,2026-09-26,estimated,0
shipping_tanker_imports,tr,nation,2022-05,6869036,tonnes,portwatch,2022-05-31,,2026-09-26,estimated,0
shipping_tanker_imports,tr,nation,2022-06,6390313,tonnes,portwatch,2022-06-30,,2026-09-26,estimated,0
shipping_tanker_imports,tr,nation,2022-07,6516348,tonnes,portwatch,2022-07-31,,2026-09-26,estimated,0
shipping_tanker_imports,tr,nation,2022-08,6321414,tonnes,portwatch,2022-08-31,,2026-09-26,estimated,0
shipping_tanker_imports,tr,nation,2022-09,6077775,tonnes,portwatch,2022-09-30,,2026-09-26,estimated,0
shipping_tanker_imports,tr,nation,2022-10,6063309,tonnes,portwatch,2022-10-31,,2026-09-26,estimated,0
shipping_tanker_imports,tr,nation,2022-11,6246943,tonnes,portwatch,2022-11-30,,2026-09-26,estimated,0
shipping_tanker_imports,tr,nation,2022-12,6134098,tonnes,portwatch,2022-12-31,,2026-09-26,estimated,0
shipping_tanker_imports,tr,nation,2023-01,5891001,tonnes,portwatch,2023-01-31,,2026-09-26,estimated,0
shipping_tanker_imports,tr,nation,2023-02,6376103,tonnes,portwatch,2023-02-28,,2026-09-26,estimated,0
shipping_tanker_imports,tr,nation,2023-03,6773077,tonnes,portwatch,2023-03-31,,2026-09-26,estimated,0
shipping_tanker_imports,tr,nation,2023-04,5497543,tonnes,portwatch,2023-04-30,,2026-09-26,estimated,0
shipping_tanker_imports,tr,nation,2023-05,6424825,tonnes,portwatch,2023-05-31,,2026-09-26,estimated,0
shipping_tanker_imports,tr,nation,2023-06,6184487,tonnes,portwatch,2023-06-30,,2026-09-26,estimated,0
shipping_tanker_imports,tr,nation,2023-07,6820781,tonnes,portwatch,2023-07-31,,2026-09-26,estimated,0
shipping_tanker_imports,tr,nation,2023-08,6223879,tonnes,portwatch,2023-08-31,,2026-09-26,estimated,0
shipping_tanker_imports,tr,nation,2023-09,6409711,tonnes,portwatch,2023-09-30,,2026-09-26,estimated,0
shipping_tanker_imports,tr,nation,2023-10,5678650,tonnes,portwatch,2023-10-31,,2026-09-26,estimated,0
shipping_tanker_imports,tr,nation,2023-11,6149201,tonnes,portwatch,2023-11-30,,2026-09-26,estimated,0
shipping_tanker_imports,tr,nation,2023-12,6996343,tonnes,portwatch,2023-12-31,,2026-09-26,estimated,0
shipping_tanker_imports,tr,nation,2024-01,6430504,tonnes,portwatch,2024-01-31,,2026-09-26,estimated,0
shipping_tanker_imports,tr,nation,2024-02,6298002,tonnes,portwatch,2024-02-29,,2026-09-26,estimated,0
shipping_tanker_imports,tr,nation,2024-03,8558184,tonnes,portwatch,2024-03-31,,2026-09-26,estimated,0
shipping_tanker_imports,tr,nation,2024-04,7751702,tonnes,portwatch,2024-04-30,,2026-09-26,estimated,0
shipping_tanker_imports,tr,nation,2024-05,7412434,tonnes,portwatch,2024-05-31,,2026-09-26,estimated,0
shipping_tanker_imports,tr,nation,2024-06,7493267,tonnes,portwatch,2024-06-30,,2026-09-26,estimated,0
shipping_tanker_imports,tr,nation,2024-07,6917568,tonnes,portwatch,2024-07-31,,2026-09-26,estimated,0
shipping_tanker_imports,tr,nation,2024-08,5699825,tonnes,portwatch,2024-08-31,,2026-09-26,estimated,0
shipping_tanker_imports,tr,nation,2024-09,5012902,tonnes,portwatch,2024-09-30,,2026-09-26,estimated,0
shipping_tanker_imports,tr,nation,2024-10,4976446,tonnes,portwatch,2024-10-31,,2026-09-26,estimated,0
shipping_tanker_imports,tr,nation,2024-11,5611755,tonnes,portwatch,2024-11-30,,2026-09-26,estimated,0
shipping_tanker_imports,tr,nation,2024-12,6519280,tonnes,portwatch,2024-12-31,,2026-09-26,estimated,0
shipping_tanker_imports,tr,nation,2025-01,6363405,tonnes,portwatch,2025-01-31,,2026-09-26,estimated,0
shipping_tanker_imports,tr,nation,2025-02,6330575,tonnes,portwatch,2025-02-28,,2026-09-26,estimated,0
shipping_tanker_imports,tr,nation,2025-03,7578706,tonnes,portwatch,2025-03-31,,2026-09-26,estimated,0
shipping_tanker_imports,tr,nation,2025-04,5383862,tonnes,portwatch,2025-04-30,,2026-09-26,estimated,0
shipping_tanker_imports,tr,nation,2025-05,6045092,tonnes,portwatch,2025-05-31,,2026-09-26,estimated,0
shipping_tanker_imports,tr,nation,2025-06,6407447,tonnes,portwatch,2025-06-30,,2026-09-26,estimated,0
shipping_tanker_imports,tr,nation,2025-07,6353444,tonnes,portwatch,2025-07-31,,2026-09-26,estimated,0
shipping_tanker_imports,tr,nation,2025-08,5983088,tonnes,portwatch,2025-08-31,,2026-09-26,estimated,0
shipping_tanker_imports,tr,nation,2025-09,6050313,tonnes,portwatch,2025-09-30,,2026-09-26,estimated,0
shipping_tanker_imports,tr,nation,2025-10,6511513,tonnes,portwatch,2025-10-31,,2026-09-26,estimated,0
shipping_tanker_imports,tr,nation,2025-11,5998176,tonnes,portwatch,2025-11-30,,2026-09-26,estimated,0
shipping_tanker_imports,tr,nation,2025-12,7461518,tonnes,portwatch,2025-12-31,,2026-09-26,estimated,0
shipping_tanker_imports,tr,nation,2026-01,6109385,tonnes,portwatch,2026-01-31,,2026-09-26,estimated,0
shipping_tanker_imports,tr,nation,2026-02,5650602,tonnes,portwatch,2026-02-28,,2026-09-26,estimated,0
shipping_tanker_imports,tr,nation,2026-03,5832025,tonnes,portwatch,2026-03-31,,2026-09-26,estimated,0
shipping_tanker_imports,tr,nation,2026-04,5198079,tonnes,portwatch,2026-04-30,,2026-09-26,estimated,0
shipping_tanker_imports,tr,nation,2026-05,7969932,tonnes,portwatch,2026-05-31,,2026-09-26,estimated,0
shipping_tanker_imports,tr,nation,2026-06,7628790,tonnes,portwatch,2026-06-30,,2026-09-26,estimated,0
shipping_tanker_imports,tr,nation,2026-07,7015459,tonnes,portwatch,2026-07-31,,2026-09-26,estimated,0
shipping_tanker_imports,tr,nation,2026-08,6780965,tonnes,portwatch,2026-08-31,,2026-09-26,estimated,0
shipping_tanker_imports,us,nation,2019-01,26113185,tonnes,portwatch,2019-01-31,,2026-09-26,estimated,0
shipping_tanker_imports,us,nation,2019-02,18806448,tonnes,portwatch,2019-02-28,,2026-09-26,estimated,0
shipping_tanker_imports,us,nation,2019-03,22043105,tonnes,portwatch,2019-03-31,,2026-09-26,estimated,0
shipping_tanker_imports,us,nation,2019-04,22222467,tonnes,portwatch,2019-04-30,,2026-09-26,estimated,0
shipping_tanker_imports,us,nation,2019-05,24184824,tonnes,portwatch,2019-05-31,,2026-09-26,estimated,0
shipping_tanker_imports,us,nation,2019-06,24266053,tonnes,portwatch,2019-06-30,,2026-09-26,estimated,0
shipping_tanker_imports,us,nation,2019-07,25828958,tonnes,portwatch,2019-07-31,,2026-09-26,estimated,0
shipping_tanker_imports,us,nation,2019-08,23873350,tonnes,portwatch,2019-08-31,,2026-09-26,estimated,0
shipping_tanker_imports,us,nation,2019-09,24011681,tonnes,portwatch,2019-09-30,,2026-09-26,estimated,0
shipping_tanker_imports,us,nation,2019-10,23281961,tonnes,portwatch,2019-10-31,,2026-09-26,estimated,0
shipping_tanker_imports,us,nation,2019-11,24525870,tonnes,portwatch,2019-11-30,,2026-09-26,estimated,0
shipping_tanker_imports,us,nation,2019-12,22726428,tonnes,portwatch,2019-12-31,,2026-09-26,estimated,0
shipping_tanker_imports,us,nation,2020-01,22493384,tonnes,portwatch,2020-01-31,,2026-09-26,estimated,0
shipping_tanker_imports,us,nation,2020-02,20477785,tonnes,portwatch,2020-02-29,,2026-09-26,estimated,0
shipping_tanker_imports,us,nation,2020-03,22637552,tonnes,portwatch,2020-03-31,,2026-09-26,estimated,0
shipping_tanker_imports,us,nation,2020-04,18588306,tonnes,portwatch,2020-04-30,,2026-09-26,estimated,0
shipping_tanker_imports,us,nation,2020-05,21492411,tonnes,portwatch,2020-05-31,,2026-09-26,estimated,0
shipping_tanker_imports,us,nation,2020-06,21904964,tonnes,portwatch,2020-06-30,,2026-09-26,estimated,0
shipping_tanker_imports,us,nation,2020-07,20382402,tonnes,portwatch,2020-07-31,,2026-09-26,estimated,0
shipping_tanker_imports,us,nation,2020-08,19154855,tonnes,portwatch,2020-08-31,,2026-09-26,estimated,0
shipping_tanker_imports,us,nation,2020-09,19184934,tonnes,portwatch,2020-09-30,,2026-09-26,estimated,0
shipping_tanker_imports,us,nation,2020-10,20089701,tonnes,portwatch,2020-10-31,,2026-09-26,estimated,0
shipping_tanker_imports,us,nation,2020-11,19720680,tonnes,portwatch,2020-11-30,,2026-09-26,estimated,0
shipping_tanker_imports,us,nation,2020-12,18890051,tonnes,portwatch,2020-12-31,,2026-09-26,estimated,0
shipping_tanker_imports,us,nation,2021-01,20256277,tonnes,portwatch,2021-01-31,,2026-09-26,estimated,0
shipping_tanker_imports,us,nation,2021-02,16792173,tonnes,portwatch,2021-02-28,,2026-09-26,estimated,0
shipping_tanker_imports,us,nation,2021-03,21650595,tonnes,portwatch,2021-03-31,,2026-09-26,estimated,0
shipping_tanker_imports,us,nation,2021-04,22059942,tonnes,portwatch,2021-04-30,,2026-09-26,estimated,0
shipping_tanker_imports,us,nation,2021-05,24411763,tonnes,portwatch,2021-05-31,,2026-09-26,estimated,0
shipping_tanker_imports,us,nation,2021-06,23772929,tonnes,portwatch,2021-06-30,,2026-09-26,estimated,0
shipping_tanker_imports,us,nation,2021-07,23940722,tonnes,portwatch,2021-07-31,,2026-09-26,estimated,0
shipping_tanker_imports,us,nation,2021-08,23274576,tonnes,portwatch,2021-08-31,,2026-09-26,estimated,0
shipping_tanker_imports,us,nation,2021-09,22620729,tonnes,portwatch,2021-09-30,,2026-09-26,estimated,0
shipping_tanker_imports,us,nation,2021-10,20659486,tonnes,portwatch,2021-10-31,,2026-09-26,estimated,0
shipping_tanker_imports,us,nation,2021-11,22701865,tonnes,portwatch,2021-11-30,,2026-09-26,estimated,0
shipping_tanker_imports,us,nation,2021-12,21376187,tonnes,portwatch,2021-12-31,,2026-09-26,estimated,0
shipping_tanker_imports,us,nation,2022-01,21718194,tonnes,portwatch,2022-01-31,,2026-09-26,estimated,0
shipping_tanker_imports,us,nation,2022-02,19822111,tonnes,portwatch,2022-02-28,,2026-09-26,estimated,0
shipping_tanker_imports,us,nation,2022-03,22922939,tonnes,portwatch,2022-03-31,,2026-09-26,estimated,0
shipping_tanker_imports,us,nation,2022-04,22858687,tonnes,portwatch,2022-04-30,,2026-09-26,estimated,0
shipping_tanker_imports,us,nation,2022-05,23989232,tonnes,portwatch,2022-05-31,,2026-09-26,estimated,0
shipping_tanker_imports,us,nation,2022-06,24035579,tonnes,portwatch,2022-06-30,,2026-09-26,estimated,0
shipping_tanker_imports,us,nation,2022-07,24255992,tonnes,portwatch,2022-07-31,,2026-09-26,estimated,0
shipping_tanker_imports,us,nation,2022-08,22526339,tonnes,portwatch,2022-08-31,,2026-09-26,estimated,0
shipping_tanker_imports,us,nation,2022-09,22111339,tonnes,portwatch,2022-09-30,,2026-09-26,estimated,0
shipping_tanker_imports,us,nation,2022-10,22986730,tonnes,portwatch,2022-10-31,,2026-09-26,estimated,0
shipping_tanker_imports,us,nation,2022-11,20993522,tonnes,portwatch,2022-11-30,,2026-09-26,estimated,0
shipping_tanker_imports,us,nation,2022-12,22544433,tonnes,portwatch,2022-12-31,,2026-09-26,estimated,0
shipping_tanker_imports,us,nation,2023-01,24563150,tonnes,portwatch,2023-01-31,,2026-09-26,estimated,0
shipping_tanker_imports,us,nation,2023-02,20005360,tonnes,portwatch,2023-02-28,,2026-09-26,estimated,0
shipping_tanker_imports,us,nation,2023-03,22949834,tonnes,portwatch,2023-03-31,,2026-09-26,estimated,0
shipping_tanker_imports,us,nation,2023-04,23768314,tonnes,portwatch,2023-04-30,,2026-09-26,estimated,0
shipping_tanker_imports,us,nation,2023-05,23909353,tonnes,portwatch,2023-05-31,,2026-09-26,estimated,0
shipping_tanker_imports,us,nation,2023-06,24236171,tonnes,portwatch,2023-06-30,,2026-09-26,estimated,0
shipping_tanker_imports,us,nation,2023-07,22687258,tonnes,portwatch,2023-07-31,,2026-09-26,estimated,0
shipping_tanker_imports,us,nation,2023-08,23892172,tonnes,portwatch,2023-08-31,,2026-09-26,estimated,0
shipping_tanker_imports,us,nation,2023-09,23492980,tonnes,portwatch,2023-09-30,,2026-09-26,estimated,0
shipping_tanker_imports,us,nation,2023-10,18884121,tonnes,portwatch,2023-10-31,,2026-09-26,estimated,0
shipping_tanker_imports,us,nation,2023-11,20329441,tonnes,portwatch,2023-11-30,,2026-09-26,estimated,0
shipping_tanker_imports,us,nation,2023-12,21976020,tonnes,portwatch,2023-12-31,,2026-09-26,estimated,0
shipping_tanker_imports,us,nation,2024-01,21587001,tonnes,portwatch,2024-01-31,,2026-09-26,estimated,0
shipping_tanker_imports,us,nation,2024-02,20065363,tonnes,portwatch,2024-02-29,,2026-09-26,estimated,0
shipping_tanker_imports,us,nation,2024-03,20664076,tonnes,portwatch,2024-03-31,,2026-09-26,estimated,0
shipping_tanker_imports,us,nation,2024-04,22298070,tonnes,portwatch,2024-04-30,,2026-09-26,estimated,0
shipping_tanker_imports,us,nation,2024-05,24710989,tonnes,portwatch,2024-05-31,,2026-09-26,estimated,0
shipping_tanker_imports,us,nation,2024-06,22539293,tonnes,portwatch,2024-06-30,,2026-09-26,estimated,0
shipping_tanker_imports,us,nation,2024-07,23800781,tonnes,portwatch,2024-07-31,,2026-09-26,estimated,0
shipping_tanker_imports,us,nation,2024-08,22366950,tonnes,portwatch,2024-08-31,,2026-09-26,estimated,0
shipping_tanker_imports,us,nation,2024-09,20676552,tonnes,portwatch,2024-09-30,,2026-09-26,estimated,0
shipping_tanker_imports,us,nation,2024-10,20273133,tonnes,portwatch,2024-10-31,,2026-09-26,estimated,0
shipping_tanker_imports,us,nation,2024-11,21045789,tonnes,portwatch,2024-11-30,,2026-09-26,estimated,0
shipping_tanker_imports,us,nation,2024-12,19938019,tonnes,portwatch,2024-12-31,,2026-09-26,estimated,0
shipping_tanker_imports,us,nation,2025-01,20460684,tonnes,portwatch,2025-01-31,,2026-09-26,estimated,0
shipping_tanker_imports,us,nation,2025-02,16724686,tonnes,portwatch,2025-02-28,,2026-09-26,estimated,0
shipping_tanker_imports,us,nation,2025-03,20889133,tonnes,portwatch,2025-03-31,,2026-09-26,estimated,0
shipping_tanker_imports,us,nation,2025-04,20523993,tonnes,portwatch,2025-04-30,,2026-09-26,estimated,0
shipping_tanker_imports,us,nation,2025-05,21973500,tonnes,portwatch,2025-05-31,,2026-09-26,estimated,0
shipping_tanker_imports,us,nation,2025-06,20653049,tonnes,portwatch,2025-06-30,,2026-09-26,estimated,0
shipping_tanker_imports,us,nation,2025-07,20402030,tonnes,portwatch,2025-07-31,,2026-09-26,estimated,0
shipping_tanker_imports,us,nation,2025-08,22237860,tonnes,portwatch,2025-08-31,,2026-09-26,estimated,0
shipping_tanker_imports,us,nation,2025-09,19698296,tonnes,portwatch,2025-09-30,,2026-09-26,estimated,0
shipping_tanker_imports,us,nation,2025-10,19835430,tonnes,portwatch,2025-10-31,,2026-09-26,estimated,0
shipping_tanker_imports,us,nation,2025-11,18450790,tonnes,portwatch,2025-11-30,,2026-09-26,estimated,0
shipping_tanker_imports,us,nation,2025-12,20569564,tonnes,portwatch,2025-12-31,,2026-09-26,estimated,0
shipping_tanker_imports,us,nation,2026-01,18986932,tonnes,portwatch,2026-01-31,,2026-09-26,estimated,0
shipping_tanker_imports,us,nation,2026-02,16499114,tonnes,portwatch,2026-02-28,,2026-09-26,estimated,0
shipping_tanker_imports,us,nation,2026-03,20794626,tonnes,portwatch,2026-03-31,,2026-09-26,estimated,0
shipping_tanker_imports,us,nation,2026-04,19118040,tonnes,portwatch,2026-04-30,,2026-09-26,estimated,0
shipping_tanker_imports,us,nation,2026-05,21175047,tonnes,portwatch,2026-05-31,,2026-09-26,estimated,0
shipping_tanker_imports,us,nation,2026-06,19622280,tonnes,portwatch,2026-06-30,,2026-09-26,estimated,0
shipping_tanker_imports,us,nation,2026-07,21018924,tonnes,portwatch,2026-07-31,,2026-09-26,estimated,0
shipping_tanker_imports,us,nation,2026-08,22418240,tonnes,portwatch,2026-08-31,,2026-09-26,estimated,0
shipping_tanker_imports,za,nation,2019-01,1336058,tonnes,portwatch,2019-01-31,,2026-09-26,estimated,0
shipping_tanker_imports,za,nation,2019-02,1140272,tonnes,portwatch,2019-02-28,,2026-09-26,estimated,0
shipping_tanker_imports,za,nation,2019-03,1422262,tonnes,portwatch,2019-03-31,,2026-09-26,estimated,0
shipping_tanker_imports,za,nation,2019-04,1555506,tonnes,portwatch,2019-04-30,,2026-09-26,estimated,0
shipping_tanker_imports,za,nation,2019-05,1473256,tonnes,portwatch,2019-05-31,,2026-09-26,estimated,0
shipping_tanker_imports,za,nation,2019-06,1307090,tonnes,portwatch,2019-06-30,,2026-09-26,estimated,0
shipping_tanker_imports,za,nation,2019-07,1369492,tonnes,portwatch,2019-07-31,,2026-09-26,estimated,0
shipping_tanker_imports,za,nation,2019-08,1294469,tonnes,portwatch,2019-08-31,,2026-09-26,estimated,0
shipping_tanker_imports,za,nation,2019-09,1831817,tonnes,portwatch,2019-09-30,,2026-09-26,estimated,0
shipping_tanker_imports,za,nation,2019-10,1673803,tonnes,portwatch,2019-10-31,,2026-09-26,estimated,0
shipping_tanker_imports,za,nation,2019-11,1717674,tonnes,portwatch,2019-11-30,,2026-09-26,estimated,0
shipping_tanker_imports,za,nation,2019-12,1243510,tonnes,portwatch,2019-12-31,,2026-09-26,estimated,0
shipping_tanker_imports,za,nation,2020-01,1608638,tonnes,portwatch,2020-01-31,,2026-09-26,estimated,0
shipping_tanker_imports,za,nation,2020-02,1461518,tonnes,portwatch,2020-02-29,,2026-09-26,estimated,0
shipping_tanker_imports,za,nation,2020-03,1560570,tonnes,portwatch,2020-03-31,,2026-09-26,estimated,0
shipping_tanker_imports,za,nation,2020-04,2288859,tonnes,portwatch,2020-04-30,,2026-09-26,estimated,0
shipping_tanker_imports,za,nation,2020-05,1774910,tonnes,portwatch,2020-05-31,,2026-09-26,estimated,0
shipping_tanker_imports,za,nation,2020-06,1690012,tonnes,portwatch,2020-06-30,,2026-09-26,estimated,0
shipping_tanker_imports,za,nation,2020-07,2158572,tonnes,portwatch,2020-07-31,,2026-09-26,estimated,0
shipping_tanker_imports,za,nation,2020-08,1462393,tonnes,portwatch,2020-08-31,,2026-09-26,estimated,0
shipping_tanker_imports,za,nation,2020-09,2010881,tonnes,portwatch,2020-09-30,,2026-09-26,estimated,0
shipping_tanker_imports,za,nation,2020-10,1608801,tonnes,portwatch,2020-10-31,,2026-09-26,estimated,0
shipping_tanker_imports,za,nation,2020-11,1605331,tonnes,portwatch,2020-11-30,,2026-09-26,estimated,0
shipping_tanker_imports,za,nation,2020-12,1202961,tonnes,portwatch,2020-12-31,,2026-09-26,estimated,0
shipping_tanker_imports,za,nation,2021-01,1513648,tonnes,portwatch,2021-01-31,,2026-09-26,estimated,0
shipping_tanker_imports,za,nation,2021-02,1464738,tonnes,portwatch,2021-02-28,,2026-09-26,estimated,0
shipping_tanker_imports,za,nation,2021-03,1565844,tonnes,portwatch,2021-03-31,,2026-09-26,estimated,0
shipping_tanker_imports,za,nation,2021-04,1875373,tonnes,portwatch,2021-04-30,,2026-09-26,estimated,0
shipping_tanker_imports,za,nation,2021-05,2139526,tonnes,portwatch,2021-05-31,,2026-09-26,estimated,0
shipping_tanker_imports,za,nation,2021-06,1566887,tonnes,portwatch,2021-06-30,,2026-09-26,estimated,0
shipping_tanker_imports,za,nation,2021-07,1781705,tonnes,portwatch,2021-07-31,,2026-09-26,estimated,0
shipping_tanker_imports,za,nation,2021-08,1621316,tonnes,portwatch,2021-08-31,,2026-09-26,estimated,0
shipping_tanker_imports,za,nation,2021-09,1571555,tonnes,portwatch,2021-09-30,,2026-09-26,estimated,0
shipping_tanker_imports,za,nation,2021-10,1626994,tonnes,portwatch,2021-10-31,,2026-09-26,estimated,0
shipping_tanker_imports,za,nation,2021-11,1710691,tonnes,portwatch,2021-11-30,,2026-09-26,estimated,0
shipping_tanker_imports,za,nation,2021-12,2210550,tonnes,portwatch,2021-12-31,,2026-09-26,estimated,0
shipping_tanker_imports,za,nation,2022-01,1575267,tonnes,portwatch,2022-01-31,,2026-09-26,estimated,0
shipping_tanker_imports,za,nation,2022-02,1920531,tonnes,portwatch,2022-02-28,,2026-09-26,estimated,0
shipping_tanker_imports,za,nation,2022-03,1738109,tonnes,portwatch,2022-03-31,,2026-09-26,estimated,0
shipping_tanker_imports,za,nation,2022-04,1658987,tonnes,portwatch,2022-04-30,,2026-09-26,estimated,0
shipping_tanker_imports,za,nation,2022-05,2239588,tonnes,portwatch,2022-05-31,,2026-09-26,estimated,0
shipping_tanker_imports,za,nation,2022-06,2010064,tonnes,portwatch,2022-06-30,,2026-09-26,estimated,0
shipping_tanker_imports,za,nation,2022-07,2149170,tonnes,portwatch,2022-07-31,,2026-09-26,estimated,0
shipping_tanker_imports,za,nation,2022-08,1858912,tonnes,portwatch,2022-08-31,,2026-09-26,estimated,0
shipping_tanker_imports,za,nation,2022-09,2282034,tonnes,portwatch,2022-09-30,,2026-09-26,estimated,0
shipping_tanker_imports,za,nation,2022-10,2071151,tonnes,portwatch,2022-10-31,,2026-09-26,estimated,0
shipping_tanker_imports,za,nation,2022-11,1959345,tonnes,portwatch,2022-11-30,,2026-09-26,estimated,0
shipping_tanker_imports,za,nation,2022-12,2393098,tonnes,portwatch,2022-12-31,,2026-09-26,estimated,0
shipping_tanker_imports,za,nation,2023-01,1980940,tonnes,portwatch,2023-01-31,,2026-09-26,estimated,0
shipping_tanker_imports,za,nation,2023-02,1975921,tonnes,portwatch,2023-02-28,,2026-09-26,estimated,0
shipping_tanker_imports,za,nation,2023-03,2442268,tonnes,portwatch,2023-03-31,,2026-09-26,estimated,0
shipping_tanker_imports,za,nation,2023-04,2234420,tonnes,portwatch,2023-04-30,,2026-09-26,estimated,0
shipping_tanker_imports,za,nation,2023-05,2192745,tonnes,portwatch,2023-05-31,,2026-09-26,estimated,0
shipping_tanker_imports,za,nation,2023-06,2279503,tonnes,portwatch,2023-06-30,,2026-09-26,estimated,0
shipping_tanker_imports,za,nation,2023-07,1800247,tonnes,portwatch,2023-07-31,,2026-09-26,estimated,0
shipping_tanker_imports,za,nation,2023-08,1816931,tonnes,portwatch,2023-08-31,,2026-09-26,estimated,0
shipping_tanker_imports,za,nation,2023-09,2218881,tonnes,portwatch,2023-09-30,,2026-09-26,estimated,0
shipping_tanker_imports,za,nation,2023-10,2019171,tonnes,portwatch,2023-10-31,,2026-09-26,estimated,0
shipping_tanker_imports,za,nation,2023-11,1892595,tonnes,portwatch,2023-11-30,,2026-09-26,estimated,0
shipping_tanker_imports,za,nation,2023-12,1821795,tonnes,portwatch,2023-12-31,,2026-09-26,estimated,0
shipping_tanker_imports,za,nation,2024-01,1598280,tonnes,portwatch,2024-01-31,,2026-09-26,estimated,0
shipping_tanker_imports,za,nation,2024-02,1688787,tonnes,portwatch,2024-02-29,,2026-09-26,estimated,0
shipping_tanker_imports,za,nation,2024-03,1675175,tonnes,portwatch,2024-03-31,,2026-09-26,estimated,0
shipping_tanker_imports,za,nation,2024-04,1652524,tonnes,portwatch,2024-04-30,,2026-09-26,estimated,0
shipping_tanker_imports,za,nation,2024-05,1980108,tonnes,portwatch,2024-05-31,,2026-09-26,estimated,0
shipping_tanker_imports,za,nation,2024-06,1840650,tonnes,portwatch,2024-06-30,,2026-09-26,estimated,0
shipping_tanker_imports,za,nation,2024-07,1901356,tonnes,portwatch,2024-07-31,,2026-09-26,estimated,0
shipping_tanker_imports,za,nation,2024-08,1531195,tonnes,portwatch,2024-08-31,,2026-09-26,estimated,0
shipping_tanker_imports,za,nation,2024-09,1891376,tonnes,portwatch,2024-09-30,,2026-09-26,estimated,0
shipping_tanker_imports,za,nation,2024-10,1993731,tonnes,portwatch,2024-10-31,,2026-09-26,estimated,0
shipping_tanker_imports,za,nation,2024-11,2019392,tonnes,portwatch,2024-11-30,,2026-09-26,estimated,0
shipping_tanker_imports,za,nation,2024-12,1839040,tonnes,portwatch,2024-12-31,,2026-09-26,estimated,0
shipping_tanker_imports,za,nation,2025-01,1487890,tonnes,portwatch,2025-01-31,,2026-09-26,estimated,0
shipping_tanker_imports,za,nation,2025-02,1906440,tonnes,portwatch,2025-02-28,,2026-09-26,estimated,0
shipping_tanker_imports,za,nation,2025-03,2191098,tonnes,portwatch,2025-03-31,,2026-09-26,estimated,0
shipping_tanker_imports,za,nation,2025-04,2000596,tonnes,portwatch,2025-04-30,,2026-09-26,estimated,0
shipping_tanker_imports,za,nation,2025-05,1979551,tonnes,portwatch,2025-05-31,,2026-09-26,estimated,0
shipping_tanker_imports,za,nation,2025-06,1804666,tonnes,portwatch,2025-06-30,,2026-09-26,estimated,0
shipping_tanker_imports,za,nation,2025-07,1651850,tonnes,portwatch,2025-07-31,,2026-09-26,estimated,0
shipping_tanker_imports,za,nation,2025-08,1829654,tonnes,portwatch,2025-08-31,,2026-09-26,estimated,0
shipping_tanker_imports,za,nation,2025-09,1899500,tonnes,portwatch,2025-09-30,,2026-09-26,estimated,0
shipping_tanker_imports,za,nation,2025-10,1683468,tonnes,portwatch,2025-10-31,,2026-09-26,estimated,0
shipping_tanker_imports,za,nation,2025-11,1951963,tonnes,portwatch,2025-11-30,,2026-09-26,estimated,0
shipping_tanker_imports,za,nation,2025-12,1781283,tonnes,portwatch,2025-12-31,,2026-09-26,estimated,0
shipping_tanker_imports,za,nation,2026-01,1724873,tonnes,portwatch,2026-01-31,,2026-09-26,estimated,0
shipping_tanker_imports,za,nation,2026-02,1494842,tonnes,portwatch,2026-02-28,,2026-09-26,estimated,0
shipping_tanker_imports,za,nation,2026-03,1633804,tonnes,portwatch,2026-03-31,,2026-09-26,estimated,0
shipping_tanker_imports,za,nation,2026-04,1644548,tonnes,portwatch,2026-04-30,,2026-09-26,estimated,0
shipping_tanker_imports,za,nation,2026-05,2027412,tonnes,portwatch,2026-05-31,,2026-09-26,estimated,0
shipping_tanker_imports,za,nation,2026-06,1739720,tonnes,portwatch,2026-06-30,,2026-09-26,estimated,0
shipping_tanker_imports,za,nation,2026-07,1558222,tonnes,portwatch,2026-07-31,,2026-09-26,estimated,0
shipping_tanker_imports,za,nation,2026-08,1691277,tonnes,portwatch,2026-08-31,,2026-09-26,estimated,0
