metric_id,geo_id,geo_level,period,value,unit,source_id,observation_end,published_at,fetched_at,quality_flag,revision
shipping_exports,ae,nation,2019-01,17366614,tonnes,portwatch,2019-01-31,,2026-09-26,estimated,0
shipping_exports,ae,nation,2019-01,17367929,tonnes,portwatch,2019-01-31,,2026-10-06T05:59:44+00:00,estimated,1
shipping_exports,ae,nation,2019-02,15128304,tonnes,portwatch,2019-02-28,,2026-09-26,estimated,0
shipping_exports,ae,nation,2019-02,15130324,tonnes,portwatch,2019-02-28,,2026-10-06T05:59:44+00:00,estimated,1
shipping_exports,ae,nation,2019-03,17535044,tonnes,portwatch,2019-03-31,,2026-09-26,estimated,0
shipping_exports,ae,nation,2019-03,17537558,tonnes,portwatch,2019-03-31,,2026-10-06T05:59:44+00:00,estimated,1
shipping_exports,ae,nation,2019-04,17589216,tonnes,portwatch,2019-04-30,,2026-09-26,estimated,0
shipping_exports,ae,nation,2019-04,17591175,tonnes,portwatch,2019-04-30,,2026-10-06T05:59:44+00:00,estimated,1
shipping_exports,ae,nation,2019-05,19870961,tonnes,portwatch,2019-05-31,,2026-09-26,estimated,0
shipping_exports,ae,nation,2019-05,19873166,tonnes,portwatch,2019-05-31,,2026-10-06T05:59:44+00:00,estimated,1
shipping_exports,ae,nation,2019-06,23556254,tonnes,portwatch,2019-06-30,,2026-09-26,estimated,0
shipping_exports,ae,nation,2019-06,23558455,tonnes,portwatch,2019-06-30,,2026-10-06T05:59:44+00:00,estimated,1
shipping_exports,ae,nation,2019-07,22613852,tonnes,portwatch,2019-07-31,,2026-09-26,estimated,0
shipping_exports,ae,nation,2019-07,22614377,tonnes,portwatch,2019-07-31,,2026-10-06T05:59:44+00:00,estimated,1
shipping_exports,ae,nation,2019-08,21335775,tonnes,portwatch,2019-08-31,,2026-09-26,estimated,0
shipping_exports,ae,nation,2019-08,21338000,tonnes,portwatch,2019-08-31,,2026-10-06T05:59:44+00:00,estimated,1
shipping_exports,ae,nation,2019-09,21485385,tonnes,portwatch,2019-09-30,,2026-09-26,estimated,0
shipping_exports,ae,nation,2019-09,21486899,tonnes,portwatch,2019-09-30,,2026-10-06T05:59:44+00:00,estimated,1
shipping_exports,ae,nation,2019-10,19954599,tonnes,portwatch,2019-10-31,,2026-09-26,estimated,0
shipping_exports,ae,nation,2019-10,19956698,tonnes,portwatch,2019-10-31,,2026-10-06T05:59:44+00:00,estimated,1
shipping_exports,ae,nation,2019-11,16857287,tonnes,portwatch,2019-11-30,,2026-09-26,estimated,0
shipping_exports,ae,nation,2019-11,16859186,tonnes,portwatch,2019-11-30,,2026-10-06T05:59:44+00:00,estimated,1
shipping_exports,ae,nation,2019-12,18265796,tonnes,portwatch,2019-12-31,,2026-09-26,estimated,0
shipping_exports,ae,nation,2019-12,18269380,tonnes,portwatch,2019-12-31,,2026-10-06T05:59:44+00:00,estimated,1
shipping_exports,ae,nation,2020-01,18662899,tonnes,portwatch,2020-01-31,,2026-09-26,estimated,0
shipping_exports,ae,nation,2020-01,18665328,tonnes,portwatch,2020-01-31,,2026-10-06T05:59:44+00:00,estimated,1
shipping_exports,ae,nation,2020-02,17924348,tonnes,portwatch,2020-02-29,,2026-09-26,estimated,0
shipping_exports,ae,nation,2020-02,17926872,tonnes,portwatch,2020-02-29,,2026-10-06T05:59:44+00:00,estimated,1
shipping_exports,ae,nation,2020-03,17972899,tonnes,portwatch,2020-03-31,,2026-09-26,estimated,0
shipping_exports,ae,nation,2020-03,17975029,tonnes,portwatch,2020-03-31,,2026-10-06T05:59:44+00:00,estimated,1
shipping_exports,ae,nation,2020-04,16192086,tonnes,portwatch,2020-04-30,,2026-09-26,estimated,0
shipping_exports,ae,nation,2020-04,16195063,tonnes,portwatch,2020-04-30,,2026-10-06T05:59:44+00:00,estimated,1
shipping_exports,ae,nation,2020-05,18743689,tonnes,portwatch,2020-05-31,,2026-09-26,estimated,0
shipping_exports,ae,nation,2020-05,18745352,tonnes,portwatch,2020-05-31,,2026-10-06T05:59:44+00:00,estimated,1
shipping_exports,ae,nation,2020-06,19288533,tonnes,portwatch,2020-06-30,,2026-09-26,estimated,0
shipping_exports,ae,nation,2020-06,19289958,tonnes,portwatch,2020-06-30,,2026-10-06T05:59:44+00:00,estimated,1
shipping_exports,ae,nation,2020-07,20624401,tonnes,portwatch,2020-07-31,,2026-09-26,estimated,0
shipping_exports,ae,nation,2020-07,20626165,tonnes,portwatch,2020-07-31,,2026-10-06T05:59:44+00:00,estimated,1
shipping_exports,ae,nation,2020-08,20270587,tonnes,portwatch,2020-08-31,,2026-09-26,estimated,0
shipping_exports,ae,nation,2020-08,20272809,tonnes,portwatch,2020-08-31,,2026-10-06T05:59:44+00:00,estimated,1
shipping_exports,ae,nation,2020-09,21657077,tonnes,portwatch,2020-09-30,,2026-09-26,estimated,0
shipping_exports,ae,nation,2020-09,21658935,tonnes,portwatch,2020-09-30,,2026-10-06T05:59:44+00:00,estimated,1
shipping_exports,ae,nation,2020-10,20183866,tonnes,portwatch,2020-10-31,,2026-09-26,estimated,0
shipping_exports,ae,nation,2020-10,20186252,tonnes,portwatch,2020-10-31,,2026-10-06T05:59:44+00:00,estimated,1
shipping_exports,ae,nation,2020-11,17286306,tonnes,portwatch,2020-11-30,,2026-09-26,estimated,0
shipping_exports,ae,nation,2020-11,17288451,tonnes,portwatch,2020-11-30,,2026-10-06T05:59:44+00:00,estimated,1
shipping_exports,ae,nation,2020-12,18395780,tonnes,portwatch,2020-12-31,,2026-09-26,estimated,0
shipping_exports,ae,nation,2020-12,18397219,tonnes,portwatch,2020-12-31,,2026-10-06T05:59:44+00:00,estimated,1
shipping_exports,ae,nation,2021-01,19503285,tonnes,portwatch,2021-01-31,,2026-09-26,estimated,0
shipping_exports,ae,nation,2021-01,19504809,tonnes,portwatch,2021-01-31,,2026-10-06T05:59:44+00:00,estimated,1
shipping_exports,ae,nation,2021-02,19789389,tonnes,portwatch,2021-02-28,,2026-09-26,estimated,0
shipping_exports,ae,nation,2021-02,19791259,tonnes,portwatch,2021-02-28,,2026-10-06T05:59:44+00:00,estimated,1
shipping_exports,ae,nation,2021-03,22176193,tonnes,portwatch,2021-03-31,,2026-09-26,estimated,0
shipping_exports,ae,nation,2021-03,22178261,tonnes,portwatch,2021-03-31,,2026-10-06T05:59:44+00:00,estimated,1
shipping_exports,ae,nation,2021-04,21643135,tonnes,portwatch,2021-04-30,,2026-09-26,estimated,0
shipping_exports,ae,nation,2021-04,21645336,tonnes,portwatch,2021-04-30,,2026-10-06T05:59:44+00:00,estimated,1
shipping_exports,ae,nation,2021-05,21059842,tonnes,portwatch,2021-05-31,,2026-09-26,estimated,0
shipping_exports,ae,nation,2021-05,21061877,tonnes,portwatch,2021-05-31,,2026-10-06T05:59:44+00:00,estimated,1
shipping_exports,ae,nation,2021-06,23089275,tonnes,portwatch,2021-06-30,,2026-09-26,estimated,0
shipping_exports,ae,nation,2021-06,23091786,tonnes,portwatch,2021-06-30,,2026-10-06T05:59:44+00:00,estimated,1
shipping_exports,ae,nation,2021-07,23585594,tonnes,portwatch,2021-07-31,,2026-09-26,estimated,0
shipping_exports,ae,nation,2021-07,23587897,tonnes,portwatch,2021-07-31,,2026-10-06T05:59:44+00:00,estimated,1
shipping_exports,ae,nation,2021-08,23053343,tonnes,portwatch,2021-08-31,,2026-09-26,estimated,0
shipping_exports,ae,nation,2021-08,23055750,tonnes,portwatch,2021-08-31,,2026-10-06T05:59:44+00:00,estimated,1
shipping_exports,ae,nation,2021-09,23422479,tonnes,portwatch,2021-09-30,,2026-09-26,estimated,0
shipping_exports,ae,nation,2021-09,23424127,tonnes,portwatch,2021-09-30,,2026-10-06T05:59:44+00:00,estimated,1
shipping_exports,ae,nation,2021-10,23630200,tonnes,portwatch,2021-10-31,,2026-09-26,estimated,0
shipping_exports,ae,nation,2021-10,23632329,tonnes,portwatch,2021-10-31,,2026-10-06T05:59:44+00:00,estimated,1
shipping_exports,ae,nation,2021-11,22671046,tonnes,portwatch,2021-11-30,,2026-09-26,estimated,0
shipping_exports,ae,nation,2021-11,22673045,tonnes,portwatch,2021-11-30,,2026-10-06T05:59:44+00:00,estimated,1
shipping_exports,ae,nation,2021-12,20982326,tonnes,portwatch,2021-12-31,,2026-09-26,estimated,0
shipping_exports,ae,nation,2021-12,20984415,tonnes,portwatch,2021-12-31,,2026-10-06T05:59:44+00:00,estimated,1
shipping_exports,ae,nation,2022-01,21588486,tonnes,portwatch,2022-01-31,,2026-09-26,estimated,0
shipping_exports,ae,nation,2022-01,21590189,tonnes,portwatch,2022-01-31,,2026-10-06T05:59:44+00:00,estimated,1
shipping_exports,ae,nation,2022-02,21705131,tonnes,portwatch,2022-02-28,,2026-09-26,estimated,0
shipping_exports,ae,nation,2022-02,21706864,tonnes,portwatch,2022-02-28,,2026-10-06T05:59:44+00:00,estimated,1
shipping_exports,ae,nation,2022-03,24367952,tonnes,portwatch,2022-03-31,,2026-09-26,estimated,0
shipping_exports,ae,nation,2022-03,24370675,tonnes,portwatch,2022-03-31,,2026-10-06T05:59:44+00:00,estimated,1
shipping_exports,ae,nation,2022-04,22783599,tonnes,portwatch,2022-04-30,,2026-09-26,estimated,0
shipping_exports,ae,nation,2022-04,22785002,tonnes,portwatch,2022-04-30,,2026-10-06T05:59:44+00:00,estimated,1
shipping_exports,ae,nation,2022-05,23266116,tonnes,portwatch,2022-05-31,,2026-09-26,estimated,0
shipping_exports,ae,nation,2022-05,23268502,tonnes,portwatch,2022-05-31,,2026-10-06T05:59:44+00:00,estimated,1
shipping_exports,ae,nation,2022-06,23082546,tonnes,portwatch,2022-06-30,,2026-09-26,estimated,0
shipping_exports,ae,nation,2022-06,23084249,tonnes,portwatch,2022-06-30,,2026-10-06T05:59:44+00:00,estimated,1
shipping_exports,ae,nation,2022-07,22216979,tonnes,portwatch,2022-07-31,,2026-09-26,estimated,0
shipping_exports,ae,nation,2022-07,22218635,tonnes,portwatch,2022-07-31,,2026-10-06T05:59:44+00:00,estimated,1
shipping_exports,ae,nation,2022-08,26302800,tonnes,portwatch,2022-08-31,,2026-09-26,estimated,0
shipping_exports,ae,nation,2022-08,26305011,tonnes,portwatch,2022-08-31,,2026-10-06T05:59:44+00:00,estimated,1
shipping_exports,ae,nation,2022-09,24535348,tonnes,portwatch,2022-09-30,,2026-09-26,estimated,0
shipping_exports,ae,nation,2022-09,24537214,tonnes,portwatch,2022-09-30,,2026-10-06T05:59:44+00:00,estimated,1
shipping_exports,ae,nation,2022-10,24202771,tonnes,portwatch,2022-10-31,,2026-09-26,estimated,0
shipping_exports,ae,nation,2022-10,24204814,tonnes,portwatch,2022-10-31,,2026-10-06T05:59:44+00:00,estimated,1
shipping_exports,ae,nation,2022-11,22309166,tonnes,portwatch,2022-11-30,,2026-09-26,estimated,0
shipping_exports,ae,nation,2022-11,22310786,tonnes,portwatch,2022-11-30,,2026-10-06T05:59:44+00:00,estimated,1
shipping_exports,ae,nation,2022-12,21774613,tonnes,portwatch,2022-12-31,,2026-09-26,estimated,0
shipping_exports,ae,nation,2022-12,21776976,tonnes,portwatch,2022-12-31,,2026-10-06T05:59:44+00:00,estimated,1
shipping_exports,ae,nation,2023-01,21390169,tonnes,portwatch,2023-01-31,,2026-09-26,estimated,0
shipping_exports,ae,nation,2023-01,21391848,tonnes,portwatch,2023-01-31,,2026-10-06T05:59:44+00:00,estimated,1
shipping_exports,ae,nation,2023-02,21052083,tonnes,portwatch,2023-02-28,,2026-09-26,estimated,0
shipping_exports,ae,nation,2023-02,21054038,tonnes,portwatch,2023-02-28,,2026-10-06T05:59:44+00:00,estimated,1
shipping_exports,ae,nation,2023-03,23537680,tonnes,portwatch,2023-03-31,,2026-09-26,estimated,0
shipping_exports,ae,nation,2023-03,23540003,tonnes,portwatch,2023-03-31,,2026-10-06T05:59:44+00:00,estimated,1
shipping_exports,ae,nation,2023-04,23106634,tonnes,portwatch,2023-04-30,,2026-09-26,estimated,0
shipping_exports,ae,nation,2023-04,23108601,tonnes,portwatch,2023-04-30,,2026-10-06T05:59:44+00:00,estimated,1
shipping_exports,ae,nation,2023-05,25249213,tonnes,portwatch,2023-05-31,,2026-09-26,estimated,0
shipping_exports,ae,nation,2023-05,25250774,tonnes,portwatch,2023-05-31,,2026-10-06T05:59:44+00:00,estimated,1
shipping_exports,ae,nation,2023-06,25119145,tonnes,portwatch,2023-06-30,,2026-09-26,estimated,0
shipping_exports,ae,nation,2023-06,25119129,tonnes,portwatch,2023-06-30,,2026-10-06T05:59:44+00:00,estimated,1
shipping_exports,ae,nation,2023-07,26109043,tonnes,portwatch,2023-07-31,,2026-09-26,estimated,0
shipping_exports,ae,nation,2023-07,26110356,tonnes,portwatch,2023-07-31,,2026-10-06T05:59:44+00:00,estimated,1
shipping_exports,ae,nation,2023-08,26981631,tonnes,portwatch,2023-08-31,,2026-09-26,estimated,0
shipping_exports,ae,nation,2023-08,26982394,tonnes,portwatch,2023-08-31,,2026-10-06T05:59:44+00:00,estimated,1
shipping_exports,ae,nation,2023-09,24459312,tonnes,portwatch,2023-09-30,,2026-09-26,estimated,0
shipping_exports,ae,nation,2023-09,24459751,tonnes,portwatch,2023-09-30,,2026-10-06T05:59:44+00:00,estimated,1
shipping_exports,ae,nation,2023-10,25529819,tonnes,portwatch,2023-10-31,,2026-09-26,estimated,0
shipping_exports,ae,nation,2023-10,25529529,tonnes,portwatch,2023-10-31,,2026-10-06T05:59:44+00:00,estimated,1
shipping_exports,ae,nation,2023-11,20690156,tonnes,portwatch,2023-11-30,,2026-09-26,estimated,0
shipping_exports,ae,nation,2023-11,20690996,tonnes,portwatch,2023-11-30,,2026-10-06T05:59:44+00:00,estimated,1
shipping_exports,ae,nation,2023-12,20903781,tonnes,portwatch,2023-12-31,,2026-09-26,estimated,0
shipping_exports,ae,nation,2023-12,20903913,tonnes,portwatch,2023-12-31,,2026-10-06T05:59:44+00:00,estimated,1
shipping_exports,ae,nation,2024-01,22391768,tonnes,portwatch,2024-01-31,,2026-09-26,estimated,0
shipping_exports,ae,nation,2024-01,22391751,tonnes,portwatch,2024-01-31,,2026-10-06T05:59:44+00:00,estimated,1
shipping_exports,ae,nation,2024-02,19623482,tonnes,portwatch,2024-02-29,,2026-09-26,estimated,0
shipping_exports,ae,nation,2024-02,19624473,tonnes,portwatch,2024-02-29,,2026-10-06T05:59:44+00:00,estimated,1
shipping_exports,ae,nation,2024-03,24921016,tonnes,portwatch,2024-03-31,,2026-09-26,estimated,0
shipping_exports,ae,nation,2024-03,24922489,tonnes,portwatch,2024-03-31,,2026-10-06T05:59:44+00:00,estimated,1
shipping_exports,ae,nation,2024-04,23121892,tonnes,portwatch,2024-04-30,,2026-09-26,estimated,0
shipping_exports,ae,nation,2024-04,23123627,tonnes,portwatch,2024-04-30,,2026-10-06T05:59:44+00:00,estimated,1
shipping_exports,ae,nation,2024-05,25092913,tonnes,portwatch,2024-05-31,,2026-09-26,estimated,0
shipping_exports,ae,nation,2024-05,25094105,tonnes,portwatch,2024-05-31,,2026-10-06T05:59:44+00:00,estimated,1
shipping_exports,ae,nation,2024-06,23892472,tonnes,portwatch,2024-06-30,,2026-09-26,estimated,0
shipping_exports,ae,nation,2024-06,23894006,tonnes,portwatch,2024-06-30,,2026-10-06T05:59:44+00:00,estimated,1
shipping_exports,ae,nation,2024-07,23658793,tonnes,portwatch,2024-07-31,,2026-09-26,estimated,0
shipping_exports,ae,nation,2024-07,23660416,tonnes,portwatch,2024-07-31,,2026-10-06T05:59:44+00:00,estimated,1
shipping_exports,ae,nation,2024-08,25506966,tonnes,portwatch,2024-08-31,,2026-09-26,estimated,0
shipping_exports,ae,nation,2024-08,25508070,tonnes,portwatch,2024-08-31,,2026-10-06T05:59:44+00:00,estimated,1
shipping_exports,ae,nation,2024-09,25977822,tonnes,portwatch,2024-09-30,,2026-09-26,estimated,0
shipping_exports,ae,nation,2024-09,25979269,tonnes,portwatch,2024-09-30,,2026-10-06T05:59:44+00:00,estimated,1
shipping_exports,ae,nation,2024-10,23259146,tonnes,portwatch,2024-10-31,,2026-09-26,estimated,0
shipping_exports,ae,nation,2024-10,23260695,tonnes,portwatch,2024-10-31,,2026-10-06T05:59:44+00:00,estimated,1
shipping_exports,ae,nation,2024-11,23061101,tonnes,portwatch,2024-11-30,,2026-09-26,estimated,0
shipping_exports,ae,nation,2024-11,23062385,tonnes,portwatch,2024-11-30,,2026-10-06T05:59:44+00:00,estimated,1
shipping_exports,ae,nation,2024-12,23133955,tonnes,portwatch,2024-12-31,,2026-09-26,estimated,0
shipping_exports,ae,nation,2024-12,23134313,tonnes,portwatch,2024-12-31,,2026-10-06T05:59:44+00:00,estimated,1
shipping_exports,ae,nation,2025-01,23207782,tonnes,portwatch,2025-01-31,,2026-09-26,estimated,0
shipping_exports,ae,nation,2025-01,23209187,tonnes,portwatch,2025-01-31,,2026-10-06T05:59:44+00:00,estimated,1
shipping_exports,ae,nation,2025-02,21335651,tonnes,portwatch,2025-02-28,,2026-09-26,estimated,0
shipping_exports,ae,nation,2025-02,21336889,tonnes,portwatch,2025-02-28,,2026-10-06T05:59:44+00:00,estimated,1
shipping_exports,ae,nation,2025-03,23760545,tonnes,portwatch,2025-03-31,,2026-09-26,estimated,0
shipping_exports,ae,nation,2025-03,23762055,tonnes,portwatch,2025-03-31,,2026-10-06T05:59:44+00:00,estimated,1
shipping_exports,ae,nation,2025-04,22660188,tonnes,portwatch,2025-04-30,,2026-09-26,estimated,0
shipping_exports,ae,nation,2025-04,22661279,tonnes,portwatch,2025-04-30,,2026-10-06T05:59:44+00:00,estimated,1
shipping_exports,ae,nation,2025-05,23663967,tonnes,portwatch,2025-05-31,,2026-09-26,estimated,0
shipping_exports,ae,nation,2025-05,23663978,tonnes,portwatch,2025-05-31,,2026-10-06T05:59:44+00:00,estimated,1
shipping_exports,ae,nation,2025-06,21436754,tonnes,portwatch,2025-06-30,,2026-09-26,estimated,0
shipping_exports,ae,nation,2025-06,21437244,tonnes,portwatch,2025-06-30,,2026-10-06T05:59:44+00:00,estimated,1
shipping_exports,ae,nation,2025-07,23995386,tonnes,portwatch,2025-07-31,,2026-09-26,estimated,0
shipping_exports,ae,nation,2025-07,23995463,tonnes,portwatch,2025-07-31,,2026-10-06T05:59:44+00:00,estimated,1
shipping_exports,ae,nation,2025-08,24310997,tonnes,portwatch,2025-08-31,,2026-09-26,estimated,0
shipping_exports,ae,nation,2025-08,24312415,tonnes,portwatch,2025-08-31,,2026-10-06T05:59:44+00:00,estimated,1
shipping_exports,ae,nation,2025-09,23053862,tonnes,portwatch,2025-09-30,,2026-09-26,estimated,0
shipping_exports,ae,nation,2025-09,23052561,tonnes,portwatch,2025-09-30,,2026-10-06T05:59:44+00:00,estimated,1
shipping_exports,ae,nation,2025-10,23146473,tonnes,portwatch,2025-10-31,,2026-09-26,estimated,0
shipping_exports,ae,nation,2025-10,23147749,tonnes,portwatch,2025-10-31,,2026-10-06T05:59:44+00:00,estimated,1
shipping_exports,ae,nation,2025-11,19113330,tonnes,portwatch,2025-11-30,,2026-09-26,estimated,0
shipping_exports,ae,nation,2025-11,19113258,tonnes,portwatch,2025-11-30,,2026-10-06T05:59:44+00:00,estimated,1
shipping_exports,ae,nation,2025-12,20520803,tonnes,portwatch,2025-12-31,,2026-09-26,estimated,0
shipping_exports,ae,nation,2025-12,20522326,tonnes,portwatch,2025-12-31,,2026-10-06T05:59:44+00:00,estimated,1
shipping_exports,ae,nation,2026-01,21169655,tonnes,portwatch,2026-01-31,,2026-09-26,estimated,0
shipping_exports,ae,nation,2026-01,21171092,tonnes,portwatch,2026-01-31,,2026-10-06T05:59:44+00:00,estimated,1
shipping_exports,ae,nation,2026-02,21666686,tonnes,portwatch,2026-02-28,,2026-09-26,estimated,0
shipping_exports,ae,nation,2026-02,21663532,tonnes,portwatch,2026-02-28,,2026-10-06T05:59:44+00:00,estimated,1
shipping_exports,ae,nation,2026-03,3906543,tonnes,portwatch,2026-03-31,,2026-09-26,estimated,0
shipping_exports,ae,nation,2026-03,3907705,tonnes,portwatch,2026-03-31,,2026-10-06T05:59:44+00:00,estimated,1
shipping_exports,ae,nation,2026-04,6122427,tonnes,portwatch,2026-04-30,,2026-09-26,estimated,0
shipping_exports,ae,nation,2026-04,6119253,tonnes,portwatch,2026-04-30,,2026-10-06T05:59:44+00:00,estimated,1
shipping_exports,ae,nation,2026-05,4517858,tonnes,portwatch,2026-05-31,,2026-09-26,estimated,0
shipping_exports,ae,nation,2026-05,4514934,tonnes,portwatch,2026-05-31,,2026-10-06T05:59:44+00:00,estimated,1
shipping_exports,ae,nation,2026-06,9060376,tonnes,portwatch,2026-06-30,,2026-09-26,estimated,0
shipping_exports,ae,nation,2026-06,9064028,tonnes,portwatch,2026-06-30,,2026-10-06T05:59:44+00:00,estimated,1
shipping_exports,ae,nation,2026-07,6818945,tonnes,portwatch,2026-07-31,,2026-09-26,estimated,0
shipping_exports,ae,nation,2026-07,6799076,tonnes,portwatch,2026-07-31,,2026-10-06T05:59:44+00:00,estimated,1
shipping_exports,ae,nation,2026-08,6386659,tonnes,portwatch,2026-08-31,,2026-09-26,estimated,0
shipping_exports,ae,nation,2026-08,6324741,tonnes,portwatch,2026-08-31,,2026-10-06T05:59:44+00:00,estimated,1
shipping_exports,au,nation,2019-01,105336832,tonnes,portwatch,2019-01-31,,2026-09-26,estimated,0
shipping_exports,au,nation,2019-01,105337070,tonnes,portwatch,2019-01-31,,2026-10-06T05:59:31+00:00,estimated,1
shipping_exports,au,nation,2019-02,100461147,tonnes,portwatch,2019-02-28,,2026-09-26,estimated,0
shipping_exports,au,nation,2019-02,100461209,tonnes,portwatch,2019-02-28,,2026-10-06T05:59:31+00:00,estimated,1
shipping_exports,au,nation,2019-03,100101725,tonnes,portwatch,2019-03-31,,2026-09-26,estimated,0
shipping_exports,au,nation,2019-03,100101901,tonnes,portwatch,2019-03-31,,2026-10-06T05:59:31+00:00,estimated,1
shipping_exports,au,nation,2019-04,114123297,tonnes,portwatch,2019-04-30,,2026-09-26,estimated,0
shipping_exports,au,nation,2019-04,114123573,tonnes,portwatch,2019-04-30,,2026-10-06T05:59:31+00:00,estimated,1
shipping_exports,au,nation,2019-05,120119790,tonnes,portwatch,2019-05-31,,2026-09-26,estimated,0
shipping_exports,au,nation,2019-05,120119532,tonnes,portwatch,2019-05-31,,2026-10-06T05:59:31+00:00,estimated,1
shipping_exports,au,nation,2019-06,121579498,tonnes,portwatch,2019-06-30,,2026-09-26,estimated,0
shipping_exports,au,nation,2019-06,121579469,tonnes,portwatch,2019-06-30,,2026-10-06T05:59:31+00:00,estimated,1
shipping_exports,au,nation,2019-07,116444189,tonnes,portwatch,2019-07-31,,2026-09-26,estimated,0
shipping_exports,au,nation,2019-07,116444101,tonnes,portwatch,2019-07-31,,2026-10-06T05:59:31+00:00,estimated,1
shipping_exports,au,nation,2019-08,120431200,tonnes,portwatch,2019-08-31,,2026-09-26,estimated,0
shipping_exports,au,nation,2019-08,120431177,tonnes,portwatch,2019-08-31,,2026-10-06T05:59:31+00:00,estimated,1
shipping_exports,au,nation,2019-09,113129414,tonnes,portwatch,2019-09-30,,2026-09-26,estimated,0
shipping_exports,au,nation,2019-09,113129496,tonnes,portwatch,2019-09-30,,2026-10-06T05:59:31+00:00,estimated,1
shipping_exports,au,nation,2019-10,114943858,tonnes,portwatch,2019-10-31,,2026-09-26,estimated,0
shipping_exports,au,nation,2019-10,114943746,tonnes,portwatch,2019-10-31,,2026-10-06T05:59:31+00:00,estimated,1
shipping_exports,au,nation,2019-11,113579803,tonnes,portwatch,2019-11-30,,2026-09-26,estimated,0
shipping_exports,au,nation,2019-11,113579713,tonnes,portwatch,2019-11-30,,2026-10-06T05:59:31+00:00,estimated,1
shipping_exports,au,nation,2019-12,124643046,tonnes,portwatch,2019-12-31,,2026-09-26,estimated,0
shipping_exports,au,nation,2019-12,124643722,tonnes,portwatch,2019-12-31,,2026-10-06T05:59:31+00:00,estimated,1
shipping_exports,au,nation,2020-01,114625336,tonnes,portwatch,2020-01-31,,2026-09-26,estimated,0
shipping_exports,au,nation,2020-01,114626434,tonnes,portwatch,2020-01-31,,2026-10-06T05:59:31+00:00,estimated,1
shipping_exports,au,nation,2020-02,100676908,tonnes,portwatch,2020-02-29,,2026-09-26,estimated,0
shipping_exports,au,nation,2020-02,100676848,tonnes,portwatch,2020-02-29,,2026-10-06T05:59:31+00:00,estimated,1
shipping_exports,au,nation,2020-03,117889361,tonnes,portwatch,2020-03-31,,2026-09-26,estimated,0
shipping_exports,au,nation,2020-03,117889508,tonnes,portwatch,2020-03-31,,2026-10-06T05:59:31+00:00,estimated,1
shipping_exports,au,nation,2020-04,118206910,tonnes,portwatch,2020-04-30,,2026-09-26,estimated,0
shipping_exports,au,nation,2020-04,118206943,tonnes,portwatch,2020-04-30,,2026-10-06T05:59:31+00:00,estimated,1
shipping_exports,au,nation,2020-05,115687506,tonnes,portwatch,2020-05-31,,2026-09-26,estimated,0
shipping_exports,au,nation,2020-05,115687724,tonnes,portwatch,2020-05-31,,2026-10-06T05:59:31+00:00,estimated,1
shipping_exports,au,nation,2020-06,126514046,tonnes,portwatch,2020-06-30,,2026-09-26,estimated,0
shipping_exports,au,nation,2020-06,126514086,tonnes,portwatch,2020-06-30,,2026-10-06T05:59:31+00:00,estimated,1
shipping_exports,au,nation,2020-07,112068316,tonnes,portwatch,2020-07-31,,2026-09-26,estimated,0
shipping_exports,au,nation,2020-07,112068539,tonnes,portwatch,2020-07-31,,2026-10-06T05:59:31+00:00,estimated,1
shipping_exports,au,nation,2020-08,116427004,tonnes,portwatch,2020-08-31,,2026-09-26,estimated,0
shipping_exports,au,nation,2020-08,116426972,tonnes,portwatch,2020-08-31,,2026-10-06T05:59:31+00:00,estimated,1
shipping_exports,au,nation,2020-09,113891391,tonnes,portwatch,2020-09-30,,2026-09-26,estimated,0
shipping_exports,au,nation,2020-09,113891414,tonnes,portwatch,2020-09-30,,2026-10-06T05:59:31+00:00,estimated,1
shipping_exports,au,nation,2020-10,118189442,tonnes,portwatch,2020-10-31,,2026-09-26,estimated,0
shipping_exports,au,nation,2020-10,118189651,tonnes,portwatch,2020-10-31,,2026-10-06T05:59:31+00:00,estimated,1
shipping_exports,au,nation,2020-11,107541207,tonnes,portwatch,2020-11-30,,2026-09-26,estimated,0
shipping_exports,au,nation,2020-11,107541393,tonnes,portwatch,2020-11-30,,2026-10-06T05:59:31+00:00,estimated,1
shipping_exports,au,nation,2020-12,126229890,tonnes,portwatch,2020-12-31,,2026-09-26,estimated,0
shipping_exports,au,nation,2020-12,126229998,tonnes,portwatch,2020-12-31,,2026-10-06T05:59:31+00:00,estimated,1
shipping_exports,au,nation,2021-01,107962792,tonnes,portwatch,2021-01-31,,2026-09-26,estimated,0
shipping_exports,au,nation,2021-01,107962733,tonnes,portwatch,2021-01-31,,2026-10-06T05:59:31+00:00,estimated,1
shipping_exports,au,nation,2021-02,110787781,tonnes,portwatch,2021-02-28,,2026-09-26,estimated,0
shipping_exports,au,nation,2021-02,110787671,tonnes,portwatch,2021-02-28,,2026-10-06T05:59:31+00:00,estimated,1
shipping_exports,au,nation,2021-03,116711155,tonnes,portwatch,2021-03-31,,2026-09-26,estimated,0
shipping_exports,au,nation,2021-03,116711264,tonnes,portwatch,2021-03-31,,2026-10-06T05:59:31+00:00,estimated,1
shipping_exports,au,nation,2021-04,115393423,tonnes,portwatch,2021-04-30,,2026-09-26,estimated,0
shipping_exports,au,nation,2021-04,115393368,tonnes,portwatch,2021-04-30,,2026-10-06T05:59:31+00:00,estimated,1
shipping_exports,au,nation,2021-05,117297725,tonnes,portwatch,2021-05-31,,2026-09-26,estimated,0
shipping_exports,au,nation,2021-05,117297800,tonnes,portwatch,2021-05-31,,2026-10-06T05:59:31+00:00,estimated,1
shipping_exports,au,nation,2021-06,121648359,tonnes,portwatch,2021-06-30,,2026-09-26,estimated,0
shipping_exports,au,nation,2021-06,121647957,tonnes,portwatch,2021-06-30,,2026-10-06T05:59:31+00:00,estimated,1
shipping_exports,au,nation,2021-07,114264360,tonnes,portwatch,2021-07-31,,2026-09-26,estimated,0
shipping_exports,au,nation,2021-07,114264327,tonnes,portwatch,2021-07-31,,2026-10-06T05:59:31+00:00,estimated,1
shipping_exports,au,nation,2021-08,117125012,tonnes,portwatch,2021-08-31,,2026-09-26,estimated,0
shipping_exports,au,nation,2021-08,117124767,tonnes,portwatch,2021-08-31,,2026-10-06T05:59:31+00:00,estimated,1
shipping_exports,au,nation,2021-09,120420586,tonnes,portwatch,2021-09-30,,2026-09-26,estimated,0
shipping_exports,au,nation,2021-09,120420606,tonnes,portwatch,2021-09-30,,2026-10-06T05:59:31+00:00,estimated,1
shipping_exports,au,nation,2021-10,115856979,tonnes,portwatch,2021-10-31,,2026-09-26,estimated,0
shipping_exports,au,nation,2021-10,115856902,tonnes,portwatch,2021-10-31,,2026-10-06T05:59:31+00:00,estimated,1
shipping_exports,au,nation,2021-11,112478756,tonnes,portwatch,2021-11-30,,2026-09-26,estimated,0
shipping_exports,au,nation,2021-11,112478758,tonnes,portwatch,2021-11-30,,2026-10-06T05:59:31+00:00,estimated,1
shipping_exports,au,nation,2021-12,127849691,tonnes,portwatch,2021-12-31,,2026-09-26,estimated,0
shipping_exports,au,nation,2021-12,127849546,tonnes,portwatch,2021-12-31,,2026-10-06T05:59:31+00:00,estimated,1
shipping_exports,au,nation,2022-01,116058052,tonnes,portwatch,2022-01-31,,2026-09-26,estimated,0
shipping_exports,au,nation,2022-01,116057992,tonnes,portwatch,2022-01-31,,2026-10-06T05:59:31+00:00,estimated,1
shipping_exports,au,nation,2022-02,101835858,tonnes,portwatch,2022-02-28,,2026-09-26,estimated,0
shipping_exports,au,nation,2022-02,101835742,tonnes,portwatch,2022-02-28,,2026-10-06T05:59:31+00:00,estimated,1
shipping_exports,au,nation,2022-03,115410314,tonnes,portwatch,2022-03-31,,2026-09-26,estimated,0
shipping_exports,au,nation,2022-03,115410544,tonnes,portwatch,2022-03-31,,2026-10-06T05:59:31+00:00,estimated,1
shipping_exports,au,nation,2022-04,111218295,tonnes,portwatch,2022-04-30,,2026-09-26,estimated,0
shipping_exports,au,nation,2022-04,111218129,tonnes,portwatch,2022-04-30,,2026-10-06T05:59:31+00:00,estimated,1
shipping_exports,au,nation,2022-05,118384985,tonnes,portwatch,2022-05-31,,2026-09-26,estimated,0
shipping_exports,au,nation,2022-05,118384876,tonnes,portwatch,2022-05-31,,2026-10-06T05:59:31+00:00,estimated,1
shipping_exports,au,nation,2022-06,123743423,tonnes,portwatch,2022-06-30,,2026-09-26,estimated,0
shipping_exports,au,nation,2022-06,123743311,tonnes,portwatch,2022-06-30,,2026-10-06T05:59:31+00:00,estimated,1
shipping_exports,au,nation,2022-07,113034354,tonnes,portwatch,2022-07-31,,2026-09-26,estimated,0
shipping_exports,au,nation,2022-07,113034435,tonnes,portwatch,2022-07-31,,2026-10-06T05:59:31+00:00,estimated,1
shipping_exports,au,nation,2022-08,115617882,tonnes,portwatch,2022-08-31,,2026-09-26,estimated,0
shipping_exports,au,nation,2022-08,115618385,tonnes,portwatch,2022-08-31,,2026-10-06T05:59:31+00:00,estimated,1
shipping_exports,au,nation,2022-09,117452108,tonnes,portwatch,2022-09-30,,2026-09-26,estimated,0
shipping_exports,au,nation,2022-09,117452099,tonnes,portwatch,2022-09-30,,2026-10-06T05:59:31+00:00,estimated,1
shipping_exports,au,nation,2022-10,118693113,tonnes,portwatch,2022-10-31,,2026-09-26,estimated,0
shipping_exports,au,nation,2022-10,118693313,tonnes,portwatch,2022-10-31,,2026-10-06T05:59:31+00:00,estimated,1
shipping_exports,au,nation,2022-11,117641874,tonnes,portwatch,2022-11-30,,2026-09-26,estimated,0
shipping_exports,au,nation,2022-11,117641918,tonnes,portwatch,2022-11-30,,2026-10-06T05:59:31+00:00,estimated,1
shipping_exports,au,nation,2022-12,128437088,tonnes,portwatch,2022-12-31,,2026-09-26,estimated,0
shipping_exports,au,nation,2022-12,128436983,tonnes,portwatch,2022-12-31,,2026-10-06T05:59:31+00:00,estimated,1
shipping_exports,au,nation,2023-01,116852050,tonnes,portwatch,2023-01-31,,2026-09-26,estimated,0
shipping_exports,au,nation,2023-01,116852104,tonnes,portwatch,2023-01-31,,2026-10-06T05:59:31+00:00,estimated,1
shipping_exports,au,nation,2023-02,100414318,tonnes,portwatch,2023-02-28,,2026-09-26,estimated,0
shipping_exports,au,nation,2023-02,100414286,tonnes,portwatch,2023-02-28,,2026-10-06T05:59:31+00:00,estimated,1
shipping_exports,au,nation,2023-03,122387539,tonnes,portwatch,2023-03-31,,2026-09-26,estimated,0
shipping_exports,au,nation,2023-03,122387260,tonnes,portwatch,2023-03-31,,2026-10-06T05:59:31+00:00,estimated,1
shipping_exports,au,nation,2023-04,109295240,tonnes,portwatch,2023-04-30,,2026-09-26,estimated,0
shipping_exports,au,nation,2023-04,109295057,tonnes,portwatch,2023-04-30,,2026-10-06T05:59:31+00:00,estimated,1
shipping_exports,au,nation,2023-05,119637941,tonnes,portwatch,2023-05-31,,2026-09-26,estimated,0
shipping_exports,au,nation,2023-05,119638022,tonnes,portwatch,2023-05-31,,2026-10-06T05:59:31+00:00,estimated,1
shipping_exports,au,nation,2023-06,127900932,tonnes,portwatch,2023-06-30,,2026-09-26,estimated,0
shipping_exports,au,nation,2023-06,127900903,tonnes,portwatch,2023-06-30,,2026-10-06T05:59:31+00:00,estimated,1
shipping_exports,au,nation,2023-07,119208084,tonnes,portwatch,2023-07-31,,2026-09-26,estimated,0
shipping_exports,au,nation,2023-07,119207917,tonnes,portwatch,2023-07-31,,2026-10-06T05:59:31+00:00,estimated,1
shipping_exports,au,nation,2023-08,117671577,tonnes,portwatch,2023-08-31,,2026-09-26,estimated,0
shipping_exports,au,nation,2023-08,117671605,tonnes,portwatch,2023-08-31,,2026-10-06T05:59:31+00:00,estimated,1
shipping_exports,au,nation,2023-09,115443988,tonnes,portwatch,2023-09-30,,2026-09-26,estimated,0
shipping_exports,au,nation,2023-09,115440195,tonnes,portwatch,2023-09-30,,2026-10-06T05:59:31+00:00,estimated,1
shipping_exports,au,nation,2023-10,121059002,tonnes,portwatch,2023-10-31,,2026-09-26,estimated,0
shipping_exports,au,nation,2023-10,121059091,tonnes,portwatch,2023-10-31,,2026-10-06T05:59:31+00:00,estimated,1
shipping_exports,au,nation,2023-11,119114137,tonnes,portwatch,2023-11-30,,2026-09-26,estimated,0
shipping_exports,au,nation,2023-11,119114304,tonnes,portwatch,2023-11-30,,2026-10-06T05:59:31+00:00,estimated,1
shipping_exports,au,nation,2023-12,128391805,tonnes,portwatch,2023-12-31,,2026-09-26,estimated,0
shipping_exports,au,nation,2023-12,128391939,tonnes,portwatch,2023-12-31,,2026-10-06T05:59:31+00:00,estimated,1
shipping_exports,au,nation,2024-01,112704287,tonnes,portwatch,2024-01-31,,2026-09-26,estimated,0
shipping_exports,au,nation,2024-01,112704210,tonnes,portwatch,2024-01-31,,2026-10-06T05:59:31+00:00,estimated,1
shipping_exports,au,nation,2024-02,104299037,tonnes,portwatch,2024-02-29,,2026-09-26,estimated,0
shipping_exports,au,nation,2024-02,104298977,tonnes,portwatch,2024-02-29,,2026-10-06T05:59:31+00:00,estimated,1
shipping_exports,au,nation,2024-03,121524302,tonnes,portwatch,2024-03-31,,2026-09-26,estimated,0
shipping_exports,au,nation,2024-03,121524140,tonnes,portwatch,2024-03-31,,2026-10-06T05:59:31+00:00,estimated,1
shipping_exports,au,nation,2024-04,113943844,tonnes,portwatch,2024-04-30,,2026-09-26,estimated,0
shipping_exports,au,nation,2024-04,113943698,tonnes,portwatch,2024-04-30,,2026-10-06T05:59:31+00:00,estimated,1
shipping_exports,au,nation,2024-05,122505570,tonnes,portwatch,2024-05-31,,2026-09-26,estimated,0
shipping_exports,au,nation,2024-05,122503863,tonnes,portwatch,2024-05-31,,2026-10-06T05:59:31+00:00,estimated,1
shipping_exports,au,nation,2024-06,129063640,tonnes,portwatch,2024-06-30,,2026-09-26,estimated,0
shipping_exports,au,nation,2024-06,129063699,tonnes,portwatch,2024-06-30,,2026-10-06T05:59:31+00:00,estimated,1
shipping_exports,au,nation,2024-07,112519721,tonnes,portwatch,2024-07-31,,2026-09-26,estimated,0
shipping_exports,au,nation,2024-07,112519592,tonnes,portwatch,2024-07-31,,2026-10-06T05:59:31+00:00,estimated,1
shipping_exports,au,nation,2024-08,120844985,tonnes,portwatch,2024-08-31,,2026-09-26,estimated,0
shipping_exports,au,nation,2024-08,120844930,tonnes,portwatch,2024-08-31,,2026-10-06T05:59:31+00:00,estimated,1
shipping_exports,au,nation,2024-09,122209631,tonnes,portwatch,2024-09-30,,2026-09-26,estimated,0
shipping_exports,au,nation,2024-09,122209668,tonnes,portwatch,2024-09-30,,2026-10-06T05:59:31+00:00,estimated,1
shipping_exports,au,nation,2024-10,116228606,tonnes,portwatch,2024-10-31,,2026-09-26,estimated,0
shipping_exports,au,nation,2024-10,116228383,tonnes,portwatch,2024-10-31,,2026-10-06T05:59:31+00:00,estimated,1
shipping_exports,au,nation,2024-11,119368801,tonnes,portwatch,2024-11-30,,2026-09-26,estimated,0
shipping_exports,au,nation,2024-11,119368909,tonnes,portwatch,2024-11-30,,2026-10-06T05:59:31+00:00,estimated,1
shipping_exports,au,nation,2024-12,127891365,tonnes,portwatch,2024-12-31,,2026-09-26,estimated,0
shipping_exports,au,nation,2024-12,127891414,tonnes,portwatch,2024-12-31,,2026-10-06T05:59:31+00:00,estimated,1
shipping_exports,au,nation,2025-01,107519335,tonnes,portwatch,2025-01-31,,2026-09-26,estimated,0
shipping_exports,au,nation,2025-01,107519344,tonnes,portwatch,2025-01-31,,2026-10-06T05:59:31+00:00,estimated,1
shipping_exports,au,nation,2025-02,90365166,tonnes,portwatch,2025-02-28,,2026-09-26,estimated,0
shipping_exports,au,nation,2025-02,90365173,tonnes,portwatch,2025-02-28,,2026-10-06T05:59:31+00:00,estimated,1
shipping_exports,au,nation,2025-03,121135710,tonnes,portwatch,2025-03-31,,2026-09-26,estimated,0
shipping_exports,au,nation,2025-03,121136265,tonnes,portwatch,2025-03-31,,2026-10-06T05:59:31+00:00,estimated,1
shipping_exports,au,nation,2025-04,110082706,tonnes,portwatch,2025-04-30,,2026-09-26,estimated,0
shipping_exports,au,nation,2025-04,110083061,tonnes,portwatch,2025-04-30,,2026-10-06T05:59:31+00:00,estimated,1
shipping_exports,au,nation,2025-05,119355628,tonnes,portwatch,2025-05-31,,2026-09-26,estimated,0
shipping_exports,au,nation,2025-05,119355667,tonnes,portwatch,2025-05-31,,2026-10-06T05:59:31+00:00,estimated,1
shipping_exports,au,nation,2025-06,129933653,tonnes,portwatch,2025-06-30,,2026-09-26,estimated,0
shipping_exports,au,nation,2025-06,129933311,tonnes,portwatch,2025-06-30,,2026-10-06T05:59:31+00:00,estimated,1
shipping_exports,au,nation,2025-07,116107675,tonnes,portwatch,2025-07-31,,2026-09-26,estimated,0
shipping_exports,au,nation,2025-07,116108277,tonnes,portwatch,2025-07-31,,2026-10-06T05:59:31+00:00,estimated,1
shipping_exports,au,nation,2025-08,113931908,tonnes,portwatch,2025-08-31,,2026-09-26,estimated,0
shipping_exports,au,nation,2025-08,113932521,tonnes,portwatch,2025-08-31,,2026-10-06T05:59:31+00:00,estimated,1
shipping_exports,au,nation,2025-09,122130907,tonnes,portwatch,2025-09-30,,2026-09-26,estimated,0
shipping_exports,au,nation,2025-09,122131933,tonnes,portwatch,2025-09-30,,2026-10-06T05:59:31+00:00,estimated,1
shipping_exports,au,nation,2025-10,120344428,tonnes,portwatch,2025-10-31,,2026-09-26,estimated,0
shipping_exports,au,nation,2025-10,120344548,tonnes,portwatch,2025-10-31,,2026-10-06T05:59:31+00:00,estimated,1
shipping_exports,au,nation,2025-11,116623035,tonnes,portwatch,2025-11-30,,2026-09-26,estimated,0
shipping_exports,au,nation,2025-11,116622807,tonnes,portwatch,2025-11-30,,2026-10-06T05:59:31+00:00,estimated,1
shipping_exports,au,nation,2025-12,132868155,tonnes,portwatch,2025-12-31,,2026-09-26,estimated,0
shipping_exports,au,nation,2025-12,132866637,tonnes,portwatch,2025-12-31,,2026-10-06T05:59:31+00:00,estimated,1
shipping_exports,au,nation,2026-01,115919918,tonnes,portwatch,2026-01-31,,2026-09-26,estimated,0
shipping_exports,au,nation,2026-01,115921360,tonnes,portwatch,2026-01-31,,2026-10-06T05:59:31+00:00,estimated,1
shipping_exports,au,nation,2026-02,98599896,tonnes,portwatch,2026-02-28,,2026-09-26,estimated,0
shipping_exports,au,nation,2026-02,98599914,tonnes,portwatch,2026-02-28,,2026-10-06T05:59:31+00:00,estimated,1
shipping_exports,au,nation,2026-03,106148042,tonnes,portwatch,2026-03-31,,2026-09-26,estimated,0
shipping_exports,au,nation,2026-03,106149714,tonnes,portwatch,2026-03-31,,2026-10-06T05:59:31+00:00,estimated,1
shipping_exports,au,nation,2026-04,112222011,tonnes,portwatch,2026-04-30,,2026-09-26,estimated,0
shipping_exports,au,nation,2026-04,112220695,tonnes,portwatch,2026-04-30,,2026-10-06T05:59:31+00:00,estimated,1
shipping_exports,au,nation,2026-05,119814308,tonnes,portwatch,2026-05-31,,2026-09-26,estimated,0
shipping_exports,au,nation,2026-05,119820953,tonnes,portwatch,2026-05-31,,2026-10-06T05:59:31+00:00,estimated,1
shipping_exports,au,nation,2026-06,123612571,tonnes,portwatch,2026-06-30,,2026-09-26,estimated,0
shipping_exports,au,nation,2026-06,123611365,tonnes,portwatch,2026-06-30,,2026-10-06T05:59:31+00:00,estimated,1
shipping_exports,au,nation,2026-07,106576023,tonnes,portwatch,2026-07-31,,2026-09-26,estimated,0
shipping_exports,au,nation,2026-07,106546260,tonnes,portwatch,2026-07-31,,2026-10-06T05:59:31+00:00,estimated,1
shipping_exports,au,nation,2026-08,114874221,tonnes,portwatch,2026-08-31,,2026-09-26,estimated,0
shipping_exports,au,nation,2026-08,114815008,tonnes,portwatch,2026-08-31,,2026-10-06T05:59:31+00:00,estimated,1
shipping_exports,br,nation,2019-01,54458937,tonnes,portwatch,2019-01-31,,2026-09-26,estimated,0
shipping_exports,br,nation,2019-01,54459973,tonnes,portwatch,2019-01-31,,2026-10-06T05:59:32+00:00,estimated,1
shipping_exports,br,nation,2019-02,48286491,tonnes,portwatch,2019-02-28,,2026-09-26,estimated,0
shipping_exports,br,nation,2019-02,48286947,tonnes,portwatch,2019-02-28,,2026-10-06T05:59:32+00:00,estimated,1
shipping_exports,br,nation,2019-03,52090722,tonnes,portwatch,2019-03-31,,2026-09-26,estimated,0
shipping_exports,br,nation,2019-03,52091583,tonnes,portwatch,2019-03-31,,2026-10-06T05:59:32+00:00,estimated,1
shipping_exports,br,nation,2019-04,47431590,tonnes,portwatch,2019-04-30,,2026-09-26,estimated,0
shipping_exports,br,nation,2019-04,47431386,tonnes,portwatch,2019-04-30,,2026-10-06T05:59:32+00:00,estimated,1
shipping_exports,br,nation,2019-05,58641171,tonnes,portwatch,2019-05-31,,2026-09-26,estimated,0
shipping_exports,br,nation,2019-05,58646001,tonnes,portwatch,2019-05-31,,2026-10-06T05:59:32+00:00,estimated,1
shipping_exports,br,nation,2019-06,61666053,tonnes,portwatch,2019-06-30,,2026-09-26,estimated,0
shipping_exports,br,nation,2019-06,61667532,tonnes,portwatch,2019-06-30,,2026-10-06T05:59:32+00:00,estimated,1
shipping_exports,br,nation,2019-07,65297102,tonnes,portwatch,2019-07-31,,2026-09-26,estimated,0
shipping_exports,br,nation,2019-07,65297786,tonnes,portwatch,2019-07-31,,2026-10-06T05:59:32+00:00,estimated,1
shipping_exports,br,nation,2019-08,66725298,tonnes,portwatch,2019-08-31,,2026-09-26,estimated,0
shipping_exports,br,nation,2019-08,66725775,tonnes,portwatch,2019-08-31,,2026-10-06T05:59:32+00:00,estimated,1
shipping_exports,br,nation,2019-09,64063693,tonnes,portwatch,2019-09-30,,2026-09-26,estimated,0
shipping_exports,br,nation,2019-09,64063746,tonnes,portwatch,2019-09-30,,2026-10-06T05:59:32+00:00,estimated,1
shipping_exports,br,nation,2019-10,67136829,tonnes,portwatch,2019-10-31,,2026-09-26,estimated,0
shipping_exports,br,nation,2019-10,67136177,tonnes,portwatch,2019-10-31,,2026-10-06T05:59:32+00:00,estimated,1
shipping_exports,br,nation,2019-11,58917461,tonnes,portwatch,2019-11-30,,2026-09-26,estimated,0
shipping_exports,br,nation,2019-11,58917266,tonnes,portwatch,2019-11-30,,2026-10-06T05:59:32+00:00,estimated,1
shipping_exports,br,nation,2019-12,49844856,tonnes,portwatch,2019-12-31,,2026-09-26,estimated,0
shipping_exports,br,nation,2019-12,49848751,tonnes,portwatch,2019-12-31,,2026-10-06T05:59:32+00:00,estimated,1
shipping_exports,br,nation,2020-01,50415998,tonnes,portwatch,2020-01-31,,2026-09-26,estimated,0
shipping_exports,br,nation,2020-01,50418491,tonnes,portwatch,2020-01-31,,2026-10-06T05:59:32+00:00,estimated,1
shipping_exports,br,nation,2020-02,50463843,tonnes,portwatch,2020-02-29,,2026-09-26,estimated,0
shipping_exports,br,nation,2020-02,50464306,tonnes,portwatch,2020-02-29,,2026-10-06T05:59:32+00:00,estimated,1
shipping_exports,br,nation,2020-03,56890641,tonnes,portwatch,2020-03-31,,2026-09-26,estimated,0
shipping_exports,br,nation,2020-03,56890211,tonnes,portwatch,2020-03-31,,2026-10-06T05:59:32+00:00,estimated,1
shipping_exports,br,nation,2020-04,61089218,tonnes,portwatch,2020-04-30,,2026-09-26,estimated,0
shipping_exports,br,nation,2020-04,61088943,tonnes,portwatch,2020-04-30,,2026-10-06T05:59:32+00:00,estimated,1
shipping_exports,br,nation,2020-05,62969539,tonnes,portwatch,2020-05-31,,2026-09-26,estimated,0
shipping_exports,br,nation,2020-05,62973240,tonnes,portwatch,2020-05-31,,2026-10-06T05:59:32+00:00,estimated,1
shipping_exports,br,nation,2020-06,67895310,tonnes,portwatch,2020-06-30,,2026-09-26,estimated,0
shipping_exports,br,nation,2020-06,67895523,tonnes,portwatch,2020-06-30,,2026-10-06T05:59:32+00:00,estimated,1
shipping_exports,br,nation,2020-07,66812695,tonnes,portwatch,2020-07-31,,2026-09-26,estimated,0
shipping_exports,br,nation,2020-07,66813334,tonnes,portwatch,2020-07-31,,2026-10-06T05:59:32+00:00,estimated,1
shipping_exports,br,nation,2020-08,75525515,tonnes,portwatch,2020-08-31,,2026-09-26,estimated,0
shipping_exports,br,nation,2020-08,75525640,tonnes,portwatch,2020-08-31,,2026-10-06T05:59:32+00:00,estimated,1
shipping_exports,br,nation,2020-09,64556860,tonnes,portwatch,2020-09-30,,2026-09-26,estimated,0
shipping_exports,br,nation,2020-09,64557865,tonnes,portwatch,2020-09-30,,2026-10-06T05:59:32+00:00,estimated,1
shipping_exports,br,nation,2020-10,66130991,tonnes,portwatch,2020-10-31,,2026-09-26,estimated,0
shipping_exports,br,nation,2020-10,66131333,tonnes,portwatch,2020-10-31,,2026-10-06T05:59:32+00:00,estimated,1
shipping_exports,br,nation,2020-11,59399005,tonnes,portwatch,2020-11-30,,2026-09-26,estimated,0
shipping_exports,br,nation,2020-11,59399105,tonnes,portwatch,2020-11-30,,2026-10-06T05:59:32+00:00,estimated,1
shipping_exports,br,nation,2020-12,59715673,tonnes,portwatch,2020-12-31,,2026-09-26,estimated,0
shipping_exports,br,nation,2020-12,59715881,tonnes,portwatch,2020-12-31,,2026-10-06T05:59:32+00:00,estimated,1
shipping_exports,br,nation,2021-01,52247631,tonnes,portwatch,2021-01-31,,2026-09-26,estimated,0
shipping_exports,br,nation,2021-01,52247966,tonnes,portwatch,2021-01-31,,2026-10-06T05:59:32+00:00,estimated,1
shipping_exports,br,nation,2021-02,51537452,tonnes,portwatch,2021-02-28,,2026-09-26,estimated,0
shipping_exports,br,nation,2021-02,51537316,tonnes,portwatch,2021-02-28,,2026-10-06T05:59:32+00:00,estimated,1
shipping_exports,br,nation,2021-03,61970477,tonnes,portwatch,2021-03-31,,2026-09-26,estimated,0
shipping_exports,br,nation,2021-03,61970269,tonnes,portwatch,2021-03-31,,2026-10-06T05:59:32+00:00,estimated,1
shipping_exports,br,nation,2021-04,63524949,tonnes,portwatch,2021-04-30,,2026-09-26,estimated,0
shipping_exports,br,nation,2021-04,63525306,tonnes,portwatch,2021-04-30,,2026-10-06T05:59:32+00:00,estimated,1
shipping_exports,br,nation,2021-05,67766938,tonnes,portwatch,2021-05-31,,2026-09-26,estimated,0
shipping_exports,br,nation,2021-05,67767646,tonnes,portwatch,2021-05-31,,2026-10-06T05:59:32+00:00,estimated,1
shipping_exports,br,nation,2021-06,64235518,tonnes,portwatch,2021-06-30,,2026-09-26,estimated,0
shipping_exports,br,nation,2021-06,64236208,tonnes,portwatch,2021-06-30,,2026-10-06T05:59:32+00:00,estimated,1
shipping_exports,br,nation,2021-07,68438950,tonnes,portwatch,2021-07-31,,2026-09-26,estimated,0
shipping_exports,br,nation,2021-07,68437997,tonnes,portwatch,2021-07-31,,2026-10-06T05:59:32+00:00,estimated,1
shipping_exports,br,nation,2021-08,70517105,tonnes,portwatch,2021-08-31,,2026-09-26,estimated,0
shipping_exports,br,nation,2021-08,70517537,tonnes,portwatch,2021-08-31,,2026-10-06T05:59:32+00:00,estimated,1
shipping_exports,br,nation,2021-09,65721569,tonnes,portwatch,2021-09-30,,2026-09-26,estimated,0
shipping_exports,br,nation,2021-09,65722475,tonnes,portwatch,2021-09-30,,2026-10-06T05:59:32+00:00,estimated,1
shipping_exports,br,nation,2021-10,60554859,tonnes,portwatch,2021-10-31,,2026-09-26,estimated,0
shipping_exports,br,nation,2021-10,60555341,tonnes,portwatch,2021-10-31,,2026-10-06T05:59:32+00:00,estimated,1
shipping_exports,br,nation,2021-11,62121011,tonnes,portwatch,2021-11-30,,2026-09-26,estimated,0
shipping_exports,br,nation,2021-11,62121620,tonnes,portwatch,2021-11-30,,2026-10-06T05:59:32+00:00,estimated,1
shipping_exports,br,nation,2021-12,61372142,tonnes,portwatch,2021-12-31,,2026-09-26,estimated,0
shipping_exports,br,nation,2021-12,61372505,tonnes,portwatch,2021-12-31,,2026-10-06T05:59:32+00:00,estimated,1
shipping_exports,br,nation,2022-01,53081402,tonnes,portwatch,2022-01-31,,2026-09-26,estimated,0
shipping_exports,br,nation,2022-01,53081993,tonnes,portwatch,2022-01-31,,2026-10-06T05:59:32+00:00,estimated,1
shipping_exports,br,nation,2022-02,55035978,tonnes,portwatch,2022-02-28,,2026-09-26,estimated,0
shipping_exports,br,nation,2022-02,55036566,tonnes,portwatch,2022-02-28,,2026-10-06T05:59:32+00:00,estimated,1
shipping_exports,br,nation,2022-03,61701227,tonnes,portwatch,2022-03-31,,2026-09-26,estimated,0
shipping_exports,br,nation,2022-03,61700954,tonnes,portwatch,2022-03-31,,2026-10-06T05:59:32+00:00,estimated,1
shipping_exports,br,nation,2022-04,61125172,tonnes,portwatch,2022-04-30,,2026-09-26,estimated,0
shipping_exports,br,nation,2022-04,61125725,tonnes,portwatch,2022-04-30,,2026-10-06T05:59:32+00:00,estimated,1
shipping_exports,br,nation,2022-05,65867992,tonnes,portwatch,2022-05-31,,2026-09-26,estimated,0
shipping_exports,br,nation,2022-05,65869031,tonnes,portwatch,2022-05-31,,2026-10-06T05:59:32+00:00,estimated,1
shipping_exports,br,nation,2022-06,65515867,tonnes,portwatch,2022-06-30,,2026-09-26,estimated,0
shipping_exports,br,nation,2022-06,65516218,tonnes,portwatch,2022-06-30,,2026-10-06T05:59:32+00:00,estimated,1
shipping_exports,br,nation,2022-07,69906826,tonnes,portwatch,2022-07-31,,2026-09-26,estimated,0
shipping_exports,br,nation,2022-07,69907344,tonnes,portwatch,2022-07-31,,2026-10-06T05:59:32+00:00,estimated,1
shipping_exports,br,nation,2022-08,71349261,tonnes,portwatch,2022-08-31,,2026-09-26,estimated,0
shipping_exports,br,nation,2022-08,71351389,tonnes,portwatch,2022-08-31,,2026-10-06T05:59:32+00:00,estimated,1
shipping_exports,br,nation,2022-09,71695327,tonnes,portwatch,2022-09-30,,2026-09-26,estimated,0
shipping_exports,br,nation,2022-09,71695155,tonnes,portwatch,2022-09-30,,2026-10-06T05:59:32+00:00,estimated,1
shipping_exports,br,nation,2022-10,68100517,tonnes,portwatch,2022-10-31,,2026-09-26,estimated,0
shipping_exports,br,nation,2022-10,68101417,tonnes,portwatch,2022-10-31,,2026-10-06T05:59:32+00:00,estimated,1
shipping_exports,br,nation,2022-11,61611420,tonnes,portwatch,2022-11-30,,2026-09-26,estimated,0
shipping_exports,br,nation,2022-11,61611640,tonnes,portwatch,2022-11-30,,2026-10-06T05:59:32+00:00,estimated,1
shipping_exports,br,nation,2022-12,66651550,tonnes,portwatch,2022-12-31,,2026-09-26,estimated,0
shipping_exports,br,nation,2022-12,66651953,tonnes,portwatch,2022-12-31,,2026-10-06T05:59:32+00:00,estimated,1
shipping_exports,br,nation,2023-01,56180217,tonnes,portwatch,2023-01-31,,2026-09-26,estimated,0
shipping_exports,br,nation,2023-01,56180890,tonnes,portwatch,2023-01-31,,2026-10-06T05:59:32+00:00,estimated,1
shipping_exports,br,nation,2023-02,55340879,tonnes,portwatch,2023-02-28,,2026-09-26,estimated,0
shipping_exports,br,nation,2023-02,55341689,tonnes,portwatch,2023-02-28,,2026-10-06T05:59:32+00:00,estimated,1
shipping_exports,br,nation,2023-03,69363358,tonnes,portwatch,2023-03-31,,2026-09-26,estimated,0
shipping_exports,br,nation,2023-03,69364198,tonnes,portwatch,2023-03-31,,2026-10-06T05:59:32+00:00,estimated,1
shipping_exports,br,nation,2023-04,65829207,tonnes,portwatch,2023-04-30,,2026-09-26,estimated,0
shipping_exports,br,nation,2023-04,65829634,tonnes,portwatch,2023-04-30,,2026-10-06T05:59:32+00:00,estimated,1
shipping_exports,br,nation,2023-05,74263949,tonnes,portwatch,2023-05-31,,2026-09-26,estimated,0
shipping_exports,br,nation,2023-05,74265083,tonnes,portwatch,2023-05-31,,2026-10-06T05:59:32+00:00,estimated,1
shipping_exports,br,nation,2023-06,76807485,tonnes,portwatch,2023-06-30,,2026-09-26,estimated,0
shipping_exports,br,nation,2023-06,76809089,tonnes,portwatch,2023-06-30,,2026-10-06T05:59:32+00:00,estimated,1
shipping_exports,br,nation,2023-07,79266024,tonnes,portwatch,2023-07-31,,2026-09-26,estimated,0
shipping_exports,br,nation,2023-07,79267028,tonnes,portwatch,2023-07-31,,2026-10-06T05:59:32+00:00,estimated,1
shipping_exports,br,nation,2023-08,78997050,tonnes,portwatch,2023-08-31,,2026-09-26,estimated,0
shipping_exports,br,nation,2023-08,78997227,tonnes,portwatch,2023-08-31,,2026-10-06T05:59:32+00:00,estimated,1
shipping_exports,br,nation,2023-09,78373808,tonnes,portwatch,2023-09-30,,2026-09-26,estimated,0
shipping_exports,br,nation,2023-09,78375727,tonnes,portwatch,2023-09-30,,2026-10-06T05:59:32+00:00,estimated,1
shipping_exports,br,nation,2023-10,79680433,tonnes,portwatch,2023-10-31,,2026-09-26,estimated,0
shipping_exports,br,nation,2023-10,79682644,tonnes,portwatch,2023-10-31,,2026-10-06T05:59:32+00:00,estimated,1
shipping_exports,br,nation,2023-11,74564857,tonnes,portwatch,2023-11-30,,2026-09-26,estimated,0
shipping_exports,br,nation,2023-11,74566024,tonnes,portwatch,2023-11-30,,2026-10-06T05:59:32+00:00,estimated,1
shipping_exports,br,nation,2023-12,78229464,tonnes,portwatch,2023-12-31,,2026-09-26,estimated,0
shipping_exports,br,nation,2023-12,78228179,tonnes,portwatch,2023-12-31,,2026-10-06T05:59:32+00:00,estimated,1
shipping_exports,br,nation,2024-01,64287140,tonnes,portwatch,2024-01-31,,2026-09-26,estimated,0
shipping_exports,br,nation,2024-01,64289387,tonnes,portwatch,2024-01-31,,2026-10-06T05:59:32+00:00,estimated,1
shipping_exports,br,nation,2024-02,63159331,tonnes,portwatch,2024-02-29,,2026-09-26,estimated,0
shipping_exports,br,nation,2024-02,63160180,tonnes,portwatch,2024-02-29,,2026-10-06T05:59:32+00:00,estimated,1
shipping_exports,br,nation,2024-03,68544680,tonnes,portwatch,2024-03-31,,2026-09-26,estimated,0
shipping_exports,br,nation,2024-03,68545391,tonnes,portwatch,2024-03-31,,2026-10-06T05:59:32+00:00,estimated,1
shipping_exports,br,nation,2024-04,66982907,tonnes,portwatch,2024-04-30,,2026-09-26,estimated,0
shipping_exports,br,nation,2024-04,66984126,tonnes,portwatch,2024-04-30,,2026-10-06T05:59:32+00:00,estimated,1
shipping_exports,br,nation,2024-05,72182667,tonnes,portwatch,2024-05-31,,2026-09-26,estimated,0
shipping_exports,br,nation,2024-05,72183861,tonnes,portwatch,2024-05-31,,2026-10-06T05:59:32+00:00,estimated,1
shipping_exports,br,nation,2024-06,76626428,tonnes,portwatch,2024-06-30,,2026-09-26,estimated,0
shipping_exports,br,nation,2024-06,76627898,tonnes,portwatch,2024-06-30,,2026-10-06T05:59:32+00:00,estimated,1
shipping_exports,br,nation,2024-07,76604782,tonnes,portwatch,2024-07-31,,2026-09-26,estimated,0
shipping_exports,br,nation,2024-07,76605827,tonnes,portwatch,2024-07-31,,2026-10-06T05:59:32+00:00,estimated,1
shipping_exports,br,nation,2024-08,80061683,tonnes,portwatch,2024-08-31,,2026-09-26,estimated,0
shipping_exports,br,nation,2024-08,80063074,tonnes,portwatch,2024-08-31,,2026-10-06T05:59:32+00:00,estimated,1
shipping_exports,br,nation,2024-09,73751440,tonnes,portwatch,2024-09-30,,2026-09-26,estimated,0
shipping_exports,br,nation,2024-09,73753228,tonnes,portwatch,2024-09-30,,2026-10-06T05:59:32+00:00,estimated,1
shipping_exports,br,nation,2024-10,71508816,tonnes,portwatch,2024-10-31,,2026-09-26,estimated,0
shipping_exports,br,nation,2024-10,71511312,tonnes,portwatch,2024-10-31,,2026-10-06T05:59:32+00:00,estimated,1
shipping_exports,br,nation,2024-11,64691275,tonnes,portwatch,2024-11-30,,2026-09-26,estimated,0
shipping_exports,br,nation,2024-11,64690652,tonnes,portwatch,2024-11-30,,2026-10-06T05:59:32+00:00,estimated,1
shipping_exports,br,nation,2024-12,65372870,tonnes,portwatch,2024-12-31,,2026-09-26,estimated,0
shipping_exports,br,nation,2024-12,65375548,tonnes,portwatch,2024-12-31,,2026-10-06T05:59:32+00:00,estimated,1
shipping_exports,br,nation,2025-01,56347692,tonnes,portwatch,2025-01-31,,2026-09-26,estimated,0
shipping_exports,br,nation,2025-01,56352311,tonnes,portwatch,2025-01-31,,2026-10-06T05:59:32+00:00,estimated,1
shipping_exports,br,nation,2025-02,58633624,tonnes,portwatch,2025-02-28,,2026-09-26,estimated,0
shipping_exports,br,nation,2025-02,58639294,tonnes,portwatch,2025-02-28,,2026-10-06T05:59:32+00:00,estimated,1
shipping_exports,br,nation,2025-03,71318356,tonnes,portwatch,2025-03-31,,2026-09-26,estimated,0
shipping_exports,br,nation,2025-03,71319469,tonnes,portwatch,2025-03-31,,2026-10-06T05:59:32+00:00,estimated,1
shipping_exports,br,nation,2025-04,68454480,tonnes,portwatch,2025-04-30,,2026-09-26,estimated,0
shipping_exports,br,nation,2025-04,68456951,tonnes,portwatch,2025-04-30,,2026-10-06T05:59:32+00:00,estimated,1
shipping_exports,br,nation,2025-05,72750622,tonnes,portwatch,2025-05-31,,2026-09-26,estimated,0
shipping_exports,br,nation,2025-05,72746397,tonnes,portwatch,2025-05-31,,2026-10-06T05:59:32+00:00,estimated,1
shipping_exports,br,nation,2025-06,76249693,tonnes,portwatch,2025-06-30,,2026-09-26,estimated,0
shipping_exports,br,nation,2025-06,76251355,tonnes,portwatch,2025-06-30,,2026-10-06T05:59:32+00:00,estimated,1
shipping_exports,br,nation,2025-07,77487814,tonnes,portwatch,2025-07-31,,2026-09-26,estimated,0
shipping_exports,br,nation,2025-07,77490922,tonnes,portwatch,2025-07-31,,2026-10-06T05:59:32+00:00,estimated,1
shipping_exports,br,nation,2025-08,84804234,tonnes,portwatch,2025-08-31,,2026-09-26,estimated,0
shipping_exports,br,nation,2025-08,84802748,tonnes,portwatch,2025-08-31,,2026-10-06T05:59:32+00:00,estimated,1
shipping_exports,br,nation,2025-09,75253147,tonnes,portwatch,2025-09-30,,2026-09-26,estimated,0
shipping_exports,br,nation,2025-09,75261803,tonnes,portwatch,2025-09-30,,2026-10-06T05:59:32+00:00,estimated,1
shipping_exports,br,nation,2025-10,77727130,tonnes,portwatch,2025-10-31,,2026-09-26,estimated,0
shipping_exports,br,nation,2025-10,77724344,tonnes,portwatch,2025-10-31,,2026-10-06T05:59:32+00:00,estimated,1
shipping_exports,br,nation,2025-11,72102712,tonnes,portwatch,2025-11-30,,2026-09-26,estimated,0
shipping_exports,br,nation,2025-11,72073060,tonnes,portwatch,2025-11-30,,2026-10-06T05:59:32+00:00,estimated,1
shipping_exports,br,nation,2025-12,71624254,tonnes,portwatch,2025-12-31,,2026-09-26,estimated,0
shipping_exports,br,nation,2025-12,71626700,tonnes,portwatch,2025-12-31,,2026-10-06T05:59:32+00:00,estimated,1
shipping_exports,br,nation,2026-01,59016526,tonnes,portwatch,2026-01-31,,2026-09-26,estimated,0
shipping_exports,br,nation,2026-01,59001425,tonnes,portwatch,2026-01-31,,2026-10-06T05:59:32+00:00,estimated,1
shipping_exports,br,nation,2026-02,59469914,tonnes,portwatch,2026-02-28,,2026-09-26,estimated,0
shipping_exports,br,nation,2026-02,59469966,tonnes,portwatch,2026-02-28,,2026-10-06T05:59:32+00:00,estimated,1
shipping_exports,br,nation,2026-03,71825956,tonnes,portwatch,2026-03-31,,2026-09-26,estimated,0
shipping_exports,br,nation,2026-03,71823699,tonnes,portwatch,2026-03-31,,2026-10-06T05:59:32+00:00,estimated,1
shipping_exports,br,nation,2026-04,73827086,tonnes,portwatch,2026-04-30,,2026-09-26,estimated,0
shipping_exports,br,nation,2026-04,73805204,tonnes,portwatch,2026-04-30,,2026-10-06T05:59:32+00:00,estimated,1
shipping_exports,br,nation,2026-05,77901356,tonnes,portwatch,2026-05-31,,2026-09-26,estimated,0
shipping_exports,br,nation,2026-05,77899790,tonnes,portwatch,2026-05-31,,2026-10-06T05:59:32+00:00,estimated,1
shipping_exports,br,nation,2026-06,81748410,tonnes,portwatch,2026-06-30,,2026-09-26,estimated,0
shipping_exports,br,nation,2026-06,81739044,tonnes,portwatch,2026-06-30,,2026-10-06T05:59:32+00:00,estimated,1
shipping_exports,br,nation,2026-07,79494065,tonnes,portwatch,2026-07-31,,2026-09-26,estimated,0
shipping_exports,br,nation,2026-07,79484186,tonnes,portwatch,2026-07-31,,2026-10-06T05:59:32+00:00,estimated,1
shipping_exports,br,nation,2026-08,79346597,tonnes,portwatch,2026-08-31,,2026-09-26,estimated,0
shipping_exports,br,nation,2026-08,79585483,tonnes,portwatch,2026-08-31,,2026-10-06T05:59:32+00:00,estimated,1
shipping_exports,ca,nation,2019-01,12851475,tonnes,portwatch,2019-01-31,,2026-09-26,estimated,0
shipping_exports,ca,nation,2019-01,12850798,tonnes,portwatch,2019-01-31,,2026-10-06T05:59:32+00:00,estimated,1
shipping_exports,ca,nation,2019-02,10500754,tonnes,portwatch,2019-02-28,,2026-09-26,estimated,0
shipping_exports,ca,nation,2019-02,10499961,tonnes,portwatch,2019-02-28,,2026-10-06T05:59:32+00:00,estimated,1
shipping_exports,ca,nation,2019-03,14850357,tonnes,portwatch,2019-03-31,,2026-09-26,estimated,0
shipping_exports,ca,nation,2019-03,14849812,tonnes,portwatch,2019-03-31,,2026-10-06T05:59:32+00:00,estimated,1
shipping_exports,ca,nation,2019-04,13242672,tonnes,portwatch,2019-04-30,,2026-09-26,estimated,0
shipping_exports,ca,nation,2019-04,13243620,tonnes,portwatch,2019-04-30,,2026-10-06T05:59:32+00:00,estimated,1
shipping_exports,ca,nation,2019-05,15839694,tonnes,portwatch,2019-05-31,,2026-09-26,estimated,0
shipping_exports,ca,nation,2019-05,15839054,tonnes,portwatch,2019-05-31,,2026-10-06T05:59:32+00:00,estimated,1
shipping_exports,ca,nation,2019-06,16231082,tonnes,portwatch,2019-06-30,,2026-09-26,estimated,0
shipping_exports,ca,nation,2019-06,16231411,tonnes,portwatch,2019-06-30,,2026-10-06T05:59:32+00:00,estimated,1
shipping_exports,ca,nation,2019-07,13937515,tonnes,portwatch,2019-07-31,,2026-09-26,estimated,0
shipping_exports,ca,nation,2019-07,13936786,tonnes,portwatch,2019-07-31,,2026-10-06T05:59:32+00:00,estimated,1
shipping_exports,ca,nation,2019-08,13941844,tonnes,portwatch,2019-08-31,,2026-09-26,estimated,0
shipping_exports,ca,nation,2019-08,13942434,tonnes,portwatch,2019-08-31,,2026-10-06T05:59:32+00:00,estimated,1
shipping_exports,ca,nation,2019-09,13580757,tonnes,portwatch,2019-09-30,,2026-09-26,estimated,0
shipping_exports,ca,nation,2019-09,13581884,tonnes,portwatch,2019-09-30,,2026-10-06T05:59:32+00:00,estimated,1
shipping_exports,ca,nation,2019-10,14398293,tonnes,portwatch,2019-10-31,,2026-09-26,estimated,0
shipping_exports,ca,nation,2019-10,14398371,tonnes,portwatch,2019-10-31,,2026-10-06T05:59:32+00:00,estimated,1
shipping_exports,ca,nation,2019-11,15073460,tonnes,portwatch,2019-11-30,,2026-09-26,estimated,0
shipping_exports,ca,nation,2019-11,15073152,tonnes,portwatch,2019-11-30,,2026-10-06T05:59:32+00:00,estimated,1
shipping_exports,ca,nation,2019-12,15530243,tonnes,portwatch,2019-12-31,,2026-09-26,estimated,0
shipping_exports,ca,nation,2019-12,15530185,tonnes,portwatch,2019-12-31,,2026-10-06T05:59:32+00:00,estimated,1
shipping_exports,ca,nation,2020-01,13674903,tonnes,portwatch,2020-01-31,,2026-09-26,estimated,0
shipping_exports,ca,nation,2020-01,13676241,tonnes,portwatch,2020-01-31,,2026-10-06T05:59:32+00:00,estimated,1
shipping_exports,ca,nation,2020-02,12759339,tonnes,portwatch,2020-02-29,,2026-09-26,estimated,0
shipping_exports,ca,nation,2020-02,12759449,tonnes,portwatch,2020-02-29,,2026-10-06T05:59:32+00:00,estimated,1
shipping_exports,ca,nation,2020-03,14484798,tonnes,portwatch,2020-03-31,,2026-09-26,estimated,0
shipping_exports,ca,nation,2020-03,14484416,tonnes,portwatch,2020-03-31,,2026-10-06T05:59:32+00:00,estimated,1
shipping_exports,ca,nation,2020-04,14272336,tonnes,portwatch,2020-04-30,,2026-09-26,estimated,0
shipping_exports,ca,nation,2020-04,14271335,tonnes,portwatch,2020-04-30,,2026-10-06T05:59:32+00:00,estimated,1
shipping_exports,ca,nation,2020-05,15535699,tonnes,portwatch,2020-05-31,,2026-09-26,estimated,0
shipping_exports,ca,nation,2020-05,15534304,tonnes,portwatch,2020-05-31,,2026-10-06T05:59:32+00:00,estimated,1
shipping_exports,ca,nation,2020-06,15536479,tonnes,portwatch,2020-06-30,,2026-09-26,estimated,0
shipping_exports,ca,nation,2020-06,15536079,tonnes,portwatch,2020-06-30,,2026-10-06T05:59:32+00:00,estimated,1
shipping_exports,ca,nation,2020-07,15267550,tonnes,portwatch,2020-07-31,,2026-09-26,estimated,0
shipping_exports,ca,nation,2020-07,15268325,tonnes,portwatch,2020-07-31,,2026-10-06T05:59:32+00:00,estimated,1
shipping_exports,ca,nation,2020-08,15105873,tonnes,portwatch,2020-08-31,,2026-09-26,estimated,0
shipping_exports,ca,nation,2020-08,15105104,tonnes,portwatch,2020-08-31,,2026-10-06T05:59:32+00:00,estimated,1
shipping_exports,ca,nation,2020-09,13885809,tonnes,portwatch,2020-09-30,,2026-09-26,estimated,0
shipping_exports,ca,nation,2020-09,13885785,tonnes,portwatch,2020-09-30,,2026-10-06T05:59:32+00:00,estimated,1
shipping_exports,ca,nation,2020-10,15728769,tonnes,portwatch,2020-10-31,,2026-09-26,estimated,0
shipping_exports,ca,nation,2020-10,15728496,tonnes,portwatch,2020-10-31,,2026-10-06T05:59:32+00:00,estimated,1
shipping_exports,ca,nation,2020-11,17978681,tonnes,portwatch,2020-11-30,,2026-09-26,estimated,0
shipping_exports,ca,nation,2020-11,17979162,tonnes,portwatch,2020-11-30,,2026-10-06T05:59:32+00:00,estimated,1
shipping_exports,ca,nation,2020-12,16656631,tonnes,portwatch,2020-12-31,,2026-09-26,estimated,0
shipping_exports,ca,nation,2020-12,16656126,tonnes,portwatch,2020-12-31,,2026-10-06T05:59:32+00:00,estimated,1
shipping_exports,ca,nation,2021-01,14962843,tonnes,portwatch,2021-01-31,,2026-09-26,estimated,0
shipping_exports,ca,nation,2021-01,14962608,tonnes,portwatch,2021-01-31,,2026-10-06T05:59:32+00:00,estimated,1
shipping_exports,ca,nation,2021-02,13346471,tonnes,portwatch,2021-02-28,,2026-09-26,estimated,0
shipping_exports,ca,nation,2021-02,13345599,tonnes,portwatch,2021-02-28,,2026-10-06T05:59:32+00:00,estimated,1
shipping_exports,ca,nation,2021-03,15258680,tonnes,portwatch,2021-03-31,,2026-09-26,estimated,0
shipping_exports,ca,nation,2021-03,15257591,tonnes,portwatch,2021-03-31,,2026-10-06T05:59:32+00:00,estimated,1
shipping_exports,ca,nation,2021-04,14574707,tonnes,portwatch,2021-04-30,,2026-09-26,estimated,0
shipping_exports,ca,nation,2021-04,14574819,tonnes,portwatch,2021-04-30,,2026-10-06T05:59:32+00:00,estimated,1
shipping_exports,ca,nation,2021-05,14918645,tonnes,portwatch,2021-05-31,,2026-09-26,estimated,0
shipping_exports,ca,nation,2021-05,14918652,tonnes,portwatch,2021-05-31,,2026-10-06T05:59:32+00:00,estimated,1
shipping_exports,ca,nation,2021-06,13479568,tonnes,portwatch,2021-06-30,,2026-09-26,estimated,0
shipping_exports,ca,nation,2021-06,13479412,tonnes,portwatch,2021-06-30,,2026-10-06T05:59:32+00:00,estimated,1
shipping_exports,ca,nation,2021-07,13930561,tonnes,portwatch,2021-07-31,,2026-09-26,estimated,0
shipping_exports,ca,nation,2021-07,13930462,tonnes,portwatch,2021-07-31,,2026-10-06T05:59:32+00:00,estimated,1
shipping_exports,ca,nation,2021-08,13760499,tonnes,portwatch,2021-08-31,,2026-09-26,estimated,0
shipping_exports,ca,nation,2021-08,13760208,tonnes,portwatch,2021-08-31,,2026-10-06T05:59:32+00:00,estimated,1
shipping_exports,ca,nation,2021-09,14296759,tonnes,portwatch,2021-09-30,,2026-09-26,estimated,0
shipping_exports,ca,nation,2021-09,14297003,tonnes,portwatch,2021-09-30,,2026-10-06T05:59:32+00:00,estimated,1
shipping_exports,ca,nation,2021-10,15112562,tonnes,portwatch,2021-10-31,,2026-09-26,estimated,0
shipping_exports,ca,nation,2021-10,15112063,tonnes,portwatch,2021-10-31,,2026-10-06T05:59:32+00:00,estimated,1
shipping_exports,ca,nation,2021-11,14233858,tonnes,portwatch,2021-11-30,,2026-09-26,estimated,0
shipping_exports,ca,nation,2021-11,14234426,tonnes,portwatch,2021-11-30,,2026-10-06T05:59:32+00:00,estimated,1
shipping_exports,ca,nation,2021-12,14474680,tonnes,portwatch,2021-12-31,,2026-09-26,estimated,0
shipping_exports,ca,nation,2021-12,14474276,tonnes,portwatch,2021-12-31,,2026-10-06T05:59:32+00:00,estimated,1
shipping_exports,ca,nation,2022-01,12743788,tonnes,portwatch,2022-01-31,,2026-09-26,estimated,0
shipping_exports,ca,nation,2022-01,12743283,tonnes,portwatch,2022-01-31,,2026-10-06T05:59:32+00:00,estimated,1
shipping_exports,ca,nation,2022-02,11868867,tonnes,portwatch,2022-02-28,,2026-09-26,estimated,0
shipping_exports,ca,nation,2022-02,11869896,tonnes,portwatch,2022-02-28,,2026-10-06T05:59:32+00:00,estimated,1
shipping_exports,ca,nation,2022-03,14611645,tonnes,portwatch,2022-03-31,,2026-09-26,estimated,0
shipping_exports,ca,nation,2022-03,14612683,tonnes,portwatch,2022-03-31,,2026-10-06T05:59:32+00:00,estimated,1
shipping_exports,ca,nation,2022-04,13520735,tonnes,portwatch,2022-04-30,,2026-09-26,estimated,0
shipping_exports,ca,nation,2022-04,13520974,tonnes,portwatch,2022-04-30,,2026-10-06T05:59:32+00:00,estimated,1
shipping_exports,ca,nation,2022-05,15469799,tonnes,portwatch,2022-05-31,,2026-09-26,estimated,0
shipping_exports,ca,nation,2022-05,15469493,tonnes,portwatch,2022-05-31,,2026-10-06T05:59:32+00:00,estimated,1
shipping_exports,ca,nation,2022-06,14457275,tonnes,portwatch,2022-06-30,,2026-09-26,estimated,0
shipping_exports,ca,nation,2022-06,14457425,tonnes,portwatch,2022-06-30,,2026-10-06T05:59:32+00:00,estimated,1
shipping_exports,ca,nation,2022-07,14041514,tonnes,portwatch,2022-07-31,,2026-09-26,estimated,0
shipping_exports,ca,nation,2022-07,14041616,tonnes,portwatch,2022-07-31,,2026-10-06T05:59:32+00:00,estimated,1
shipping_exports,ca,nation,2022-08,14258912,tonnes,portwatch,2022-08-31,,2026-09-26,estimated,0
shipping_exports,ca,nation,2022-08,14259470,tonnes,portwatch,2022-08-31,,2026-10-06T05:59:32+00:00,estimated,1
shipping_exports,ca,nation,2022-09,15674846,tonnes,portwatch,2022-09-30,,2026-09-26,estimated,0
shipping_exports,ca,nation,2022-09,15674475,tonnes,portwatch,2022-09-30,,2026-10-06T05:59:32+00:00,estimated,1
shipping_exports,ca,nation,2022-10,17401228,tonnes,portwatch,2022-10-31,,2026-09-26,estimated,0
shipping_exports,ca,nation,2022-10,17402246,tonnes,portwatch,2022-10-31,,2026-10-06T05:59:32+00:00,estimated,1
shipping_exports,ca,nation,2022-11,16419580,tonnes,portwatch,2022-11-30,,2026-09-26,estimated,0
shipping_exports,ca,nation,2022-11,16420067,tonnes,portwatch,2022-11-30,,2026-10-06T05:59:32+00:00,estimated,1
shipping_exports,ca,nation,2022-12,15376776,tonnes,portwatch,2022-12-31,,2026-09-26,estimated,0
shipping_exports,ca,nation,2022-12,15376756,tonnes,portwatch,2022-12-31,,2026-10-06T05:59:32+00:00,estimated,1
shipping_exports,ca,nation,2023-01,15673303,tonnes,portwatch,2023-01-31,,2026-09-26,estimated,0
shipping_exports,ca,nation,2023-01,15672877,tonnes,portwatch,2023-01-31,,2026-10-06T05:59:32+00:00,estimated,1
shipping_exports,ca,nation,2023-02,13150772,tonnes,portwatch,2023-02-28,,2026-09-26,estimated,0
shipping_exports,ca,nation,2023-02,13151033,tonnes,portwatch,2023-02-28,,2026-10-06T05:59:32+00:00,estimated,1
shipping_exports,ca,nation,2023-03,15621013,tonnes,portwatch,2023-03-31,,2026-09-26,estimated,0
shipping_exports,ca,nation,2023-03,15621430,tonnes,portwatch,2023-03-31,,2026-10-06T05:59:32+00:00,estimated,1
shipping_exports,ca,nation,2023-04,17133878,tonnes,portwatch,2023-04-30,,2026-09-26,estimated,0
shipping_exports,ca,nation,2023-04,17134229,tonnes,portwatch,2023-04-30,,2026-10-06T05:59:32+00:00,estimated,1
shipping_exports,ca,nation,2023-05,16703584,tonnes,portwatch,2023-05-31,,2026-09-26,estimated,0
shipping_exports,ca,nation,2023-05,16703703,tonnes,portwatch,2023-05-31,,2026-10-06T05:59:32+00:00,estimated,1
shipping_exports,ca,nation,2023-06,13635734,tonnes,portwatch,2023-06-30,,2026-09-26,estimated,0
shipping_exports,ca,nation,2023-06,13635648,tonnes,portwatch,2023-06-30,,2026-10-06T05:59:32+00:00,estimated,1
shipping_exports,ca,nation,2023-07,14305798,tonnes,portwatch,2023-07-31,,2026-09-26,estimated,0
shipping_exports,ca,nation,2023-07,14306170,tonnes,portwatch,2023-07-31,,2026-10-06T05:59:32+00:00,estimated,1
shipping_exports,ca,nation,2023-08,15156876,tonnes,portwatch,2023-08-31,,2026-09-26,estimated,0
shipping_exports,ca,nation,2023-08,15157056,tonnes,portwatch,2023-08-31,,2026-10-06T05:59:32+00:00,estimated,1
shipping_exports,ca,nation,2023-09,14081666,tonnes,portwatch,2023-09-30,,2026-09-26,estimated,0
shipping_exports,ca,nation,2023-09,14081635,tonnes,portwatch,2023-09-30,,2026-10-06T05:59:32+00:00,estimated,1
shipping_exports,ca,nation,2023-10,16818682,tonnes,portwatch,2023-10-31,,2026-09-26,estimated,0
shipping_exports,ca,nation,2023-10,16819003,tonnes,portwatch,2023-10-31,,2026-10-06T05:59:32+00:00,estimated,1
shipping_exports,ca,nation,2023-11,16672847,tonnes,portwatch,2023-11-30,,2026-09-26,estimated,0
shipping_exports,ca,nation,2023-11,16673085,tonnes,portwatch,2023-11-30,,2026-10-06T05:59:32+00:00,estimated,1
shipping_exports,ca,nation,2023-12,18236341,tonnes,portwatch,2023-12-31,,2026-09-26,estimated,0
shipping_exports,ca,nation,2023-12,18235857,tonnes,portwatch,2023-12-31,,2026-10-06T05:59:32+00:00,estimated,1
shipping_exports,ca,nation,2024-01,13022368,tonnes,portwatch,2024-01-31,,2026-09-26,estimated,0
shipping_exports,ca,nation,2024-01,13022266,tonnes,portwatch,2024-01-31,,2026-10-06T05:59:32+00:00,estimated,1
shipping_exports,ca,nation,2024-02,15166480,tonnes,portwatch,2024-02-29,,2026-09-26,estimated,0
shipping_exports,ca,nation,2024-02,15167284,tonnes,portwatch,2024-02-29,,2026-10-06T05:59:32+00:00,estimated,1
shipping_exports,ca,nation,2024-03,15426653,tonnes,portwatch,2024-03-31,,2026-09-26,estimated,0
shipping_exports,ca,nation,2024-03,15427324,tonnes,portwatch,2024-03-31,,2026-10-06T05:59:32+00:00,estimated,1
shipping_exports,ca,nation,2024-04,15674996,tonnes,portwatch,2024-04-30,,2026-09-26,estimated,0
shipping_exports,ca,nation,2024-04,15673627,tonnes,portwatch,2024-04-30,,2026-10-06T05:59:32+00:00,estimated,1
shipping_exports,ca,nation,2024-05,16253357,tonnes,portwatch,2024-05-31,,2026-09-26,estimated,0
shipping_exports,ca,nation,2024-05,16253839,tonnes,portwatch,2024-05-31,,2026-10-06T05:59:32+00:00,estimated,1
shipping_exports,ca,nation,2024-06,16686647,tonnes,portwatch,2024-06-30,,2026-09-26,estimated,0
shipping_exports,ca,nation,2024-06,16687295,tonnes,portwatch,2024-06-30,,2026-10-06T05:59:32+00:00,estimated,1
shipping_exports,ca,nation,2024-07,16994913,tonnes,portwatch,2024-07-31,,2026-09-26,estimated,0
shipping_exports,ca,nation,2024-07,16995482,tonnes,portwatch,2024-07-31,,2026-10-06T05:59:32+00:00,estimated,1
shipping_exports,ca,nation,2024-08,16190633,tonnes,portwatch,2024-08-31,,2026-09-26,estimated,0
shipping_exports,ca,nation,2024-08,16190871,tonnes,portwatch,2024-08-31,,2026-10-06T05:59:32+00:00,estimated,1
shipping_exports,ca,nation,2024-09,17209636,tonnes,portwatch,2024-09-30,,2026-09-26,estimated,0
shipping_exports,ca,nation,2024-09,17209372,tonnes,portwatch,2024-09-30,,2026-10-06T05:59:32+00:00,estimated,1
shipping_exports,ca,nation,2024-10,19411249,tonnes,portwatch,2024-10-31,,2026-09-26,estimated,0
shipping_exports,ca,nation,2024-10,19412029,tonnes,portwatch,2024-10-31,,2026-10-06T05:59:32+00:00,estimated,1
shipping_exports,ca,nation,2024-11,17880673,tonnes,portwatch,2024-11-30,,2026-09-26,estimated,0
shipping_exports,ca,nation,2024-11,17880647,tonnes,portwatch,2024-11-30,,2026-10-06T05:59:32+00:00,estimated,1
shipping_exports,ca,nation,2024-12,19519757,tonnes,portwatch,2024-12-31,,2026-09-26,estimated,0
shipping_exports,ca,nation,2024-12,19518215,tonnes,portwatch,2024-12-31,,2026-10-06T05:59:32+00:00,estimated,1
shipping_exports,ca,nation,2025-01,15669913,tonnes,portwatch,2025-01-31,,2026-09-26,estimated,0
shipping_exports,ca,nation,2025-01,15670101,tonnes,portwatch,2025-01-31,,2026-10-06T05:59:32+00:00,estimated,1
shipping_exports,ca,nation,2025-02,13635327,tonnes,portwatch,2025-02-28,,2026-09-26,estimated,0
shipping_exports,ca,nation,2025-02,13635835,tonnes,portwatch,2025-02-28,,2026-10-06T05:59:32+00:00,estimated,1
shipping_exports,ca,nation,2025-03,18663654,tonnes,portwatch,2025-03-31,,2026-09-26,estimated,0
shipping_exports,ca,nation,2025-03,18664708,tonnes,portwatch,2025-03-31,,2026-10-06T05:59:32+00:00,estimated,1
shipping_exports,ca,nation,2025-04,17683160,tonnes,portwatch,2025-04-30,,2026-09-26,estimated,0
shipping_exports,ca,nation,2025-04,17683243,tonnes,portwatch,2025-04-30,,2026-10-06T05:59:32+00:00,estimated,1
shipping_exports,ca,nation,2025-05,19031895,tonnes,portwatch,2025-05-31,,2026-09-26,estimated,0
shipping_exports,ca,nation,2025-05,19031519,tonnes,portwatch,2025-05-31,,2026-10-06T05:59:32+00:00,estimated,1
shipping_exports,ca,nation,2025-06,17654901,tonnes,portwatch,2025-06-30,,2026-09-26,estimated,0
shipping_exports,ca,nation,2025-06,17654633,tonnes,portwatch,2025-06-30,,2026-10-06T05:59:32+00:00,estimated,1
shipping_exports,ca,nation,2025-07,17031836,tonnes,portwatch,2025-07-31,,2026-09-26,estimated,0
shipping_exports,ca,nation,2025-07,17031793,tonnes,portwatch,2025-07-31,,2026-10-06T05:59:32+00:00,estimated,1
shipping_exports,ca,nation,2025-08,16389545,tonnes,portwatch,2025-08-31,,2026-09-26,estimated,0
shipping_exports,ca,nation,2025-08,16389857,tonnes,portwatch,2025-08-31,,2026-10-06T05:59:32+00:00,estimated,1
shipping_exports,ca,nation,2025-09,19516869,tonnes,portwatch,2025-09-30,,2026-09-26,estimated,0
shipping_exports,ca,nation,2025-09,19515277,tonnes,portwatch,2025-09-30,,2026-10-06T05:59:32+00:00,estimated,1
shipping_exports,ca,nation,2025-10,20636315,tonnes,portwatch,2025-10-31,,2026-09-26,estimated,0
shipping_exports,ca,nation,2025-10,20635904,tonnes,portwatch,2025-10-31,,2026-10-06T05:59:32+00:00,estimated,1
shipping_exports,ca,nation,2025-11,21941876,tonnes,portwatch,2025-11-30,,2026-09-26,estimated,0
shipping_exports,ca,nation,2025-11,21941265,tonnes,portwatch,2025-11-30,,2026-10-06T05:59:32+00:00,estimated,1
shipping_exports,ca,nation,2025-12,20118531,tonnes,portwatch,2025-12-31,,2026-09-26,estimated,0
shipping_exports,ca,nation,2025-12,20117783,tonnes,portwatch,2025-12-31,,2026-10-06T05:59:32+00:00,estimated,1
shipping_exports,ca,nation,2026-01,17014258,tonnes,portwatch,2026-01-31,,2026-09-26,estimated,0
shipping_exports,ca,nation,2026-01,17014391,tonnes,portwatch,2026-01-31,,2026-10-06T05:59:32+00:00,estimated,1
shipping_exports,ca,nation,2026-02,15654852,tonnes,portwatch,2026-02-28,,2026-09-26,estimated,0
shipping_exports,ca,nation,2026-02,15655309,tonnes,portwatch,2026-02-28,,2026-10-06T05:59:32+00:00,estimated,1
shipping_exports,ca,nation,2026-03,18163024,tonnes,portwatch,2026-03-31,,2026-09-26,estimated,0
shipping_exports,ca,nation,2026-03,18162626,tonnes,portwatch,2026-03-31,,2026-10-06T05:59:32+00:00,estimated,1
shipping_exports,ca,nation,2026-04,18209657,tonnes,portwatch,2026-04-30,,2026-09-26,estimated,0
shipping_exports,ca,nation,2026-04,18209104,tonnes,portwatch,2026-04-30,,2026-10-06T05:59:32+00:00,estimated,1
shipping_exports,ca,nation,2026-05,20046518,tonnes,portwatch,2026-05-31,,2026-09-26,estimated,0
shipping_exports,ca,nation,2026-05,20045241,tonnes,portwatch,2026-05-31,,2026-10-06T05:59:32+00:00,estimated,1
shipping_exports,ca,nation,2026-06,17227995,tonnes,portwatch,2026-06-30,,2026-09-26,estimated,0
shipping_exports,ca,nation,2026-06,17227769,tonnes,portwatch,2026-06-30,,2026-10-06T05:59:32+00:00,estimated,1
shipping_exports,ca,nation,2026-07,17959156,tonnes,portwatch,2026-07-31,,2026-09-26,estimated,0
shipping_exports,ca,nation,2026-07,18047704,tonnes,portwatch,2026-07-31,,2026-10-06T05:59:32+00:00,estimated,1
shipping_exports,ca,nation,2026-08,18249218,tonnes,portwatch,2026-08-31,,2026-09-26,estimated,0
shipping_exports,ca,nation,2026-08,18339387,tonnes,portwatch,2026-08-31,,2026-10-06T05:59:32+00:00,estimated,1
shipping_exports,cn,nation,2019-01,183501437,tonnes,portwatch,2019-01-31,,2026-09-26,estimated,0
shipping_exports,cn,nation,2019-01,183520772,tonnes,portwatch,2019-01-31,,2026-10-06T05:59:33+00:00,estimated,1
shipping_exports,cn,nation,2019-02,142092656,tonnes,portwatch,2019-02-28,,2026-09-26,estimated,0
shipping_exports,cn,nation,2019-02,142111642,tonnes,portwatch,2019-02-28,,2026-10-06T05:59:33+00:00,estimated,1
shipping_exports,cn,nation,2019-03,172024028,tonnes,portwatch,2019-03-31,,2026-09-26,estimated,0
shipping_exports,cn,nation,2019-03,172043861,tonnes,portwatch,2019-03-31,,2026-10-06T05:59:33+00:00,estimated,1
shipping_exports,cn,nation,2019-04,169619700,tonnes,portwatch,2019-04-30,,2026-09-26,estimated,0
shipping_exports,cn,nation,2019-04,169631830,tonnes,portwatch,2019-04-30,,2026-10-06T05:59:33+00:00,estimated,1
shipping_exports,cn,nation,2019-05,184592031,tonnes,portwatch,2019-05-31,,2026-09-26,estimated,0
shipping_exports,cn,nation,2019-05,184604802,tonnes,portwatch,2019-05-31,,2026-10-06T05:59:33+00:00,estimated,1
shipping_exports,cn,nation,2019-06,182609374,tonnes,portwatch,2019-06-30,,2026-09-26,estimated,0
shipping_exports,cn,nation,2019-06,182621080,tonnes,portwatch,2019-06-30,,2026-10-06T05:59:33+00:00,estimated,1
shipping_exports,cn,nation,2019-07,180582891,tonnes,portwatch,2019-07-31,,2026-09-26,estimated,0
shipping_exports,cn,nation,2019-07,180592840,tonnes,portwatch,2019-07-31,,2026-10-06T05:59:33+00:00,estimated,1
shipping_exports,cn,nation,2019-08,176203375,tonnes,portwatch,2019-08-31,,2026-09-26,estimated,0
shipping_exports,cn,nation,2019-08,176213023,tonnes,portwatch,2019-08-31,,2026-10-06T05:59:33+00:00,estimated,1
shipping_exports,cn,nation,2019-09,175579136,tonnes,portwatch,2019-09-30,,2026-09-26,estimated,0
shipping_exports,cn,nation,2019-09,175590256,tonnes,portwatch,2019-09-30,,2026-10-06T05:59:33+00:00,estimated,1
shipping_exports,cn,nation,2019-10,177234721,tonnes,portwatch,2019-10-31,,2026-09-26,estimated,0
shipping_exports,cn,nation,2019-10,177245767,tonnes,portwatch,2019-10-31,,2026-10-06T05:59:33+00:00,estimated,1
shipping_exports,cn,nation,2019-11,171479536,tonnes,portwatch,2019-11-30,,2026-09-26,estimated,0
shipping_exports,cn,nation,2019-11,171489363,tonnes,portwatch,2019-11-30,,2026-10-06T05:59:33+00:00,estimated,1
shipping_exports,cn,nation,2019-12,168416525,tonnes,portwatch,2019-12-31,,2026-09-26,estimated,0
shipping_exports,cn,nation,2019-12,168447327,tonnes,portwatch,2019-12-31,,2026-10-06T05:59:33+00:00,estimated,1
shipping_exports,cn,nation,2020-01,176294247,tonnes,portwatch,2020-01-31,,2026-09-26,estimated,0
shipping_exports,cn,nation,2020-01,176304300,tonnes,portwatch,2020-01-31,,2026-10-06T05:59:33+00:00,estimated,1
shipping_exports,cn,nation,2020-02,119590142,tonnes,portwatch,2020-02-29,,2026-09-26,estimated,0
shipping_exports,cn,nation,2020-02,119599574,tonnes,portwatch,2020-02-29,,2026-10-06T05:59:33+00:00,estimated,1
shipping_exports,cn,nation,2020-03,162787003,tonnes,portwatch,2020-03-31,,2026-09-26,estimated,0
shipping_exports,cn,nation,2020-03,162795421,tonnes,portwatch,2020-03-31,,2026-10-06T05:59:33+00:00,estimated,1
shipping_exports,cn,nation,2020-04,164316753,tonnes,portwatch,2020-04-30,,2026-09-26,estimated,0
shipping_exports,cn,nation,2020-04,164326111,tonnes,portwatch,2020-04-30,,2026-10-06T05:59:33+00:00,estimated,1
shipping_exports,cn,nation,2020-05,172252306,tonnes,portwatch,2020-05-31,,2026-09-26,estimated,0
shipping_exports,cn,nation,2020-05,172263322,tonnes,portwatch,2020-05-31,,2026-10-06T05:59:33+00:00,estimated,1
shipping_exports,cn,nation,2020-06,180173476,tonnes,portwatch,2020-06-30,,2026-09-26,estimated,0
shipping_exports,cn,nation,2020-06,180185289,tonnes,portwatch,2020-06-30,,2026-10-06T05:59:33+00:00,estimated,1
shipping_exports,cn,nation,2020-07,187715754,tonnes,portwatch,2020-07-31,,2026-09-26,estimated,0
shipping_exports,cn,nation,2020-07,187725069,tonnes,portwatch,2020-07-31,,2026-10-06T05:59:33+00:00,estimated,1
shipping_exports,cn,nation,2020-08,181957345,tonnes,portwatch,2020-08-31,,2026-09-26,estimated,0
shipping_exports,cn,nation,2020-08,181971453,tonnes,portwatch,2020-08-31,,2026-10-06T05:59:33+00:00,estimated,1
shipping_exports,cn,nation,2020-09,186714460,tonnes,portwatch,2020-09-30,,2026-09-26,estimated,0
shipping_exports,cn,nation,2020-09,186725224,tonnes,portwatch,2020-09-30,,2026-10-06T05:59:33+00:00,estimated,1
shipping_exports,cn,nation,2020-10,187070652,tonnes,portwatch,2020-10-31,,2026-09-26,estimated,0
shipping_exports,cn,nation,2020-10,187084464,tonnes,portwatch,2020-10-31,,2026-10-06T05:59:33+00:00,estimated,1
shipping_exports,cn,nation,2020-11,181624565,tonnes,portwatch,2020-11-30,,2026-09-26,estimated,0
shipping_exports,cn,nation,2020-11,181636288,tonnes,portwatch,2020-11-30,,2026-10-06T05:59:33+00:00,estimated,1
shipping_exports,cn,nation,2020-12,173326800,tonnes,portwatch,2020-12-31,,2026-09-26,estimated,0
shipping_exports,cn,nation,2020-12,173337875,tonnes,portwatch,2020-12-31,,2026-10-06T05:59:33+00:00,estimated,1
shipping_exports,cn,nation,2021-01,191784187,tonnes,portwatch,2021-01-31,,2026-09-26,estimated,0
shipping_exports,cn,nation,2021-01,191794086,tonnes,portwatch,2021-01-31,,2026-10-06T05:59:33+00:00,estimated,1
shipping_exports,cn,nation,2021-02,159444342,tonnes,portwatch,2021-02-28,,2026-09-26,estimated,0
shipping_exports,cn,nation,2021-02,159451884,tonnes,portwatch,2021-02-28,,2026-10-06T05:59:33+00:00,estimated,1
shipping_exports,cn,nation,2021-03,190545618,tonnes,portwatch,2021-03-31,,2026-09-26,estimated,0
shipping_exports,cn,nation,2021-03,190558639,tonnes,portwatch,2021-03-31,,2026-10-06T05:59:33+00:00,estimated,1
shipping_exports,cn,nation,2021-04,192594912,tonnes,portwatch,2021-04-30,,2026-09-26,estimated,0
shipping_exports,cn,nation,2021-04,192605888,tonnes,portwatch,2021-04-30,,2026-10-06T05:59:33+00:00,estimated,1
shipping_exports,cn,nation,2021-05,198233074,tonnes,portwatch,2021-05-31,,2026-09-26,estimated,0
shipping_exports,cn,nation,2021-05,198243668,tonnes,portwatch,2021-05-31,,2026-10-06T05:59:33+00:00,estimated,1
shipping_exports,cn,nation,2021-06,190132570,tonnes,portwatch,2021-06-30,,2026-09-26,estimated,0
shipping_exports,cn,nation,2021-06,190142156,tonnes,portwatch,2021-06-30,,2026-10-06T05:59:33+00:00,estimated,1
shipping_exports,cn,nation,2021-07,180397893,tonnes,portwatch,2021-07-31,,2026-09-26,estimated,0
shipping_exports,cn,nation,2021-07,180406530,tonnes,portwatch,2021-07-31,,2026-10-06T05:59:33+00:00,estimated,1
shipping_exports,cn,nation,2021-08,185738574,tonnes,portwatch,2021-08-31,,2026-09-26,estimated,0
shipping_exports,cn,nation,2021-08,185749776,tonnes,portwatch,2021-08-31,,2026-10-06T05:59:33+00:00,estimated,1
shipping_exports,cn,nation,2021-09,177945866,tonnes,portwatch,2021-09-30,,2026-09-26,estimated,0
shipping_exports,cn,nation,2021-09,177956283,tonnes,portwatch,2021-09-30,,2026-10-06T05:59:33+00:00,estimated,1
shipping_exports,cn,nation,2021-10,184865652,tonnes,portwatch,2021-10-31,,2026-09-26,estimated,0
shipping_exports,cn,nation,2021-10,184876643,tonnes,portwatch,2021-10-31,,2026-10-06T05:59:33+00:00,estimated,1
shipping_exports,cn,nation,2021-11,181438232,tonnes,portwatch,2021-11-30,,2026-09-26,estimated,0
shipping_exports,cn,nation,2021-11,181451343,tonnes,portwatch,2021-11-30,,2026-10-06T05:59:33+00:00,estimated,1
shipping_exports,cn,nation,2021-12,189592040,tonnes,portwatch,2021-12-31,,2026-09-26,estimated,0
shipping_exports,cn,nation,2021-12,189604328,tonnes,portwatch,2021-12-31,,2026-10-06T05:59:33+00:00,estimated,1
shipping_exports,cn,nation,2022-01,201909101,tonnes,portwatch,2022-01-31,,2026-09-26,estimated,0
shipping_exports,cn,nation,2022-01,201919015,tonnes,portwatch,2022-01-31,,2026-10-06T05:59:33+00:00,estimated,1
shipping_exports,cn,nation,2022-02,159001473,tonnes,portwatch,2022-02-28,,2026-09-26,estimated,0
shipping_exports,cn,nation,2022-02,159011423,tonnes,portwatch,2022-02-28,,2026-10-06T05:59:33+00:00,estimated,1
shipping_exports,cn,nation,2022-03,189003423,tonnes,portwatch,2022-03-31,,2026-09-26,estimated,0
shipping_exports,cn,nation,2022-03,189013840,tonnes,portwatch,2022-03-31,,2026-10-06T05:59:33+00:00,estimated,1
shipping_exports,cn,nation,2022-04,182312000,tonnes,portwatch,2022-04-30,,2026-09-26,estimated,0
shipping_exports,cn,nation,2022-04,182323733,tonnes,portwatch,2022-04-30,,2026-10-06T05:59:33+00:00,estimated,1
shipping_exports,cn,nation,2022-05,195736176,tonnes,portwatch,2022-05-31,,2026-09-26,estimated,0
shipping_exports,cn,nation,2022-05,195747156,tonnes,portwatch,2022-05-31,,2026-10-06T05:59:33+00:00,estimated,1
shipping_exports,cn,nation,2022-06,192548517,tonnes,portwatch,2022-06-30,,2026-09-26,estimated,0
shipping_exports,cn,nation,2022-06,192558291,tonnes,portwatch,2022-06-30,,2026-10-06T05:59:33+00:00,estimated,1
shipping_exports,cn,nation,2022-07,200930618,tonnes,portwatch,2022-07-31,,2026-09-26,estimated,0
shipping_exports,cn,nation,2022-07,200941633,tonnes,portwatch,2022-07-31,,2026-10-06T05:59:33+00:00,estimated,1
shipping_exports,cn,nation,2022-08,194861516,tonnes,portwatch,2022-08-31,,2026-09-26,estimated,0
shipping_exports,cn,nation,2022-08,194871352,tonnes,portwatch,2022-08-31,,2026-10-06T05:59:33+00:00,estimated,1
shipping_exports,cn,nation,2022-09,181415404,tonnes,portwatch,2022-09-30,,2026-09-26,estimated,0
shipping_exports,cn,nation,2022-09,181426154,tonnes,portwatch,2022-09-30,,2026-10-06T05:59:33+00:00,estimated,1
shipping_exports,cn,nation,2022-10,187041236,tonnes,portwatch,2022-10-31,,2026-09-26,estimated,0
shipping_exports,cn,nation,2022-10,187053750,tonnes,portwatch,2022-10-31,,2026-10-06T05:59:33+00:00,estimated,1
shipping_exports,cn,nation,2022-11,186745431,tonnes,portwatch,2022-11-30,,2026-09-26,estimated,0
shipping_exports,cn,nation,2022-11,186757693,tonnes,portwatch,2022-11-30,,2026-10-06T05:59:33+00:00,estimated,1
shipping_exports,cn,nation,2022-12,190874311,tonnes,portwatch,2022-12-31,,2026-09-26,estimated,0
shipping_exports,cn,nation,2022-12,190886368,tonnes,portwatch,2022-12-31,,2026-10-06T05:59:33+00:00,estimated,1
shipping_exports,cn,nation,2023-01,184802565,tonnes,portwatch,2023-01-31,,2026-09-26,estimated,0
shipping_exports,cn,nation,2023-01,184816095,tonnes,portwatch,2023-01-31,,2026-10-06T05:59:33+00:00,estimated,1
shipping_exports,cn,nation,2023-02,157510841,tonnes,portwatch,2023-02-28,,2026-09-26,estimated,0
shipping_exports,cn,nation,2023-02,157521247,tonnes,portwatch,2023-02-28,,2026-10-06T05:59:33+00:00,estimated,1
shipping_exports,cn,nation,2023-03,198918462,tonnes,portwatch,2023-03-31,,2026-09-26,estimated,0
shipping_exports,cn,nation,2023-03,198931085,tonnes,portwatch,2023-03-31,,2026-10-06T05:59:33+00:00,estimated,1
shipping_exports,cn,nation,2023-04,198266017,tonnes,portwatch,2023-04-30,,2026-09-26,estimated,0
shipping_exports,cn,nation,2023-04,198280161,tonnes,portwatch,2023-04-30,,2026-10-06T05:59:33+00:00,estimated,1
shipping_exports,cn,nation,2023-05,199137964,tonnes,portwatch,2023-05-31,,2026-09-26,estimated,0
shipping_exports,cn,nation,2023-05,199151066,tonnes,portwatch,2023-05-31,,2026-10-06T05:59:33+00:00,estimated,1
shipping_exports,cn,nation,2023-06,200094569,tonnes,portwatch,2023-06-30,,2026-09-26,estimated,0
shipping_exports,cn,nation,2023-06,200110756,tonnes,portwatch,2023-06-30,,2026-10-06T05:59:33+00:00,estimated,1
shipping_exports,cn,nation,2023-07,201346086,tonnes,portwatch,2023-07-31,,2026-09-26,estimated,0
shipping_exports,cn,nation,2023-07,201358780,tonnes,portwatch,2023-07-31,,2026-10-06T05:59:33+00:00,estimated,1
shipping_exports,cn,nation,2023-08,199612013,tonnes,portwatch,2023-08-31,,2026-09-26,estimated,0
shipping_exports,cn,nation,2023-08,199624799,tonnes,portwatch,2023-08-31,,2026-10-06T05:59:33+00:00,estimated,1
shipping_exports,cn,nation,2023-09,198624082,tonnes,portwatch,2023-09-30,,2026-09-26,estimated,0
shipping_exports,cn,nation,2023-09,198635466,tonnes,portwatch,2023-09-30,,2026-10-06T05:59:33+00:00,estimated,1
shipping_exports,cn,nation,2023-10,192906938,tonnes,portwatch,2023-10-31,,2026-09-26,estimated,0
shipping_exports,cn,nation,2023-10,192918822,tonnes,portwatch,2023-10-31,,2026-10-06T05:59:33+00:00,estimated,1
shipping_exports,cn,nation,2023-11,189875587,tonnes,portwatch,2023-11-30,,2026-09-26,estimated,0
shipping_exports,cn,nation,2023-11,189889933,tonnes,portwatch,2023-11-30,,2026-10-06T05:59:33+00:00,estimated,1
shipping_exports,cn,nation,2023-12,186038606,tonnes,portwatch,2023-12-31,,2026-09-26,estimated,0
shipping_exports,cn,nation,2023-12,186049742,tonnes,portwatch,2023-12-31,,2026-10-06T05:59:33+00:00,estimated,1
shipping_exports,cn,nation,2024-01,203247260,tonnes,portwatch,2024-01-31,,2026-09-26,estimated,0
shipping_exports,cn,nation,2024-01,203262123,tonnes,portwatch,2024-01-31,,2026-10-06T05:59:33+00:00,estimated,1
shipping_exports,cn,nation,2024-02,160989021,tonnes,portwatch,2024-02-29,,2026-09-26,estimated,0
shipping_exports,cn,nation,2024-02,161001107,tonnes,portwatch,2024-02-29,,2026-10-06T05:59:33+00:00,estimated,1
shipping_exports,cn,nation,2024-03,218507879,tonnes,portwatch,2024-03-31,,2026-09-26,estimated,0
shipping_exports,cn,nation,2024-03,218521670,tonnes,portwatch,2024-03-31,,2026-10-06T05:59:33+00:00,estimated,1
shipping_exports,cn,nation,2024-04,218329909,tonnes,portwatch,2024-04-30,,2026-09-26,estimated,0
shipping_exports,cn,nation,2024-04,218345565,tonnes,portwatch,2024-04-30,,2026-10-06T05:59:33+00:00,estimated,1
shipping_exports,cn,nation,2024-05,227634492,tonnes,portwatch,2024-05-31,,2026-09-26,estimated,0
shipping_exports,cn,nation,2024-05,227652286,tonnes,portwatch,2024-05-31,,2026-10-06T05:59:33+00:00,estimated,1
shipping_exports,cn,nation,2024-06,226116166,tonnes,portwatch,2024-06-30,,2026-09-26,estimated,0
shipping_exports,cn,nation,2024-06,226134733,tonnes,portwatch,2024-06-30,,2026-10-06T05:59:33+00:00,estimated,1
shipping_exports,cn,nation,2024-07,214683760,tonnes,portwatch,2024-07-31,,2026-09-26,estimated,0
shipping_exports,cn,nation,2024-07,214697516,tonnes,portwatch,2024-07-31,,2026-10-06T05:59:33+00:00,estimated,1
shipping_exports,cn,nation,2024-08,202597462,tonnes,portwatch,2024-08-31,,2026-09-26,estimated,0
shipping_exports,cn,nation,2024-08,202608953,tonnes,portwatch,2024-08-31,,2026-10-06T05:59:33+00:00,estimated,1
shipping_exports,cn,nation,2024-09,196628904,tonnes,portwatch,2024-09-30,,2026-09-26,estimated,0
shipping_exports,cn,nation,2024-09,196639705,tonnes,portwatch,2024-09-30,,2026-10-06T05:59:33+00:00,estimated,1
shipping_exports,cn,nation,2024-10,203215766,tonnes,portwatch,2024-10-31,,2026-09-26,estimated,0
shipping_exports,cn,nation,2024-10,203231616,tonnes,portwatch,2024-10-31,,2026-10-06T05:59:33+00:00,estimated,1
shipping_exports,cn,nation,2024-11,202971864,tonnes,portwatch,2024-11-30,,2026-09-26,estimated,0
shipping_exports,cn,nation,2024-11,202994974,tonnes,portwatch,2024-11-30,,2026-10-06T05:59:33+00:00,estimated,1
shipping_exports,cn,nation,2024-12,202382915,tonnes,portwatch,2024-12-31,,2026-09-26,estimated,0
shipping_exports,cn,nation,2024-12,202405620,tonnes,portwatch,2024-12-31,,2026-10-06T05:59:33+00:00,estimated,1
shipping_exports,cn,nation,2025-01,211643622,tonnes,portwatch,2025-01-31,,2026-09-26,estimated,0
shipping_exports,cn,nation,2025-01,211660975,tonnes,portwatch,2025-01-31,,2026-10-06T05:59:33+00:00,estimated,1
shipping_exports,cn,nation,2025-02,170332870,tonnes,portwatch,2025-02-28,,2026-09-26,estimated,0
shipping_exports,cn,nation,2025-02,170354107,tonnes,portwatch,2025-02-28,,2026-10-06T05:59:33+00:00,estimated,1
shipping_exports,cn,nation,2025-03,206105836,tonnes,portwatch,2025-03-31,,2026-09-26,estimated,0
shipping_exports,cn,nation,2025-03,206125638,tonnes,portwatch,2025-03-31,,2026-10-06T05:59:33+00:00,estimated,1
shipping_exports,cn,nation,2025-04,207595900,tonnes,portwatch,2025-04-30,,2026-09-26,estimated,0
shipping_exports,cn,nation,2025-04,207612886,tonnes,portwatch,2025-04-30,,2026-10-06T05:59:33+00:00,estimated,1
shipping_exports,cn,nation,2025-05,216269005,tonnes,portwatch,2025-05-31,,2026-09-26,estimated,0
shipping_exports,cn,nation,2025-05,216286040,tonnes,portwatch,2025-05-31,,2026-10-06T05:59:33+00:00,estimated,1
shipping_exports,cn,nation,2025-06,210826420,tonnes,portwatch,2025-06-30,,2026-09-26,estimated,0
shipping_exports,cn,nation,2025-06,210840606,tonnes,portwatch,2025-06-30,,2026-10-06T05:59:33+00:00,estimated,1
shipping_exports,cn,nation,2025-07,212950456,tonnes,portwatch,2025-07-31,,2026-09-26,estimated,0
shipping_exports,cn,nation,2025-07,212967334,tonnes,portwatch,2025-07-31,,2026-10-06T05:59:33+00:00,estimated,1
shipping_exports,cn,nation,2025-08,221304986,tonnes,portwatch,2025-08-31,,2026-09-26,estimated,0
shipping_exports,cn,nation,2025-08,221329163,tonnes,portwatch,2025-08-31,,2026-10-06T05:59:33+00:00,estimated,1
shipping_exports,cn,nation,2025-09,211253529,tonnes,portwatch,2025-09-30,,2026-09-26,estimated,0
shipping_exports,cn,nation,2025-09,211282706,tonnes,portwatch,2025-09-30,,2026-10-06T05:59:33+00:00,estimated,1
shipping_exports,cn,nation,2025-10,209434343,tonnes,portwatch,2025-10-31,,2026-09-26,estimated,0
shipping_exports,cn,nation,2025-10,209476371,tonnes,portwatch,2025-10-31,,2026-10-06T05:59:33+00:00,estimated,1
shipping_exports,cn,nation,2025-11,210542218,tonnes,portwatch,2025-11-30,,2026-09-26,estimated,0
shipping_exports,cn,nation,2025-11,210562224,tonnes,portwatch,2025-11-30,,2026-10-06T05:59:33+00:00,estimated,1
shipping_exports,cn,nation,2025-12,208553257,tonnes,portwatch,2025-12-31,,2026-09-26,estimated,0
shipping_exports,cn,nation,2025-12,208582024,tonnes,portwatch,2025-12-31,,2026-10-06T05:59:33+00:00,estimated,1
shipping_exports,cn,nation,2026-01,221690590,tonnes,portwatch,2026-01-31,,2026-09-26,estimated,0
shipping_exports,cn,nation,2026-01,221714522,tonnes,portwatch,2026-01-31,,2026-10-06T05:59:33+00:00,estimated,1
shipping_exports,cn,nation,2026-02,188213295,tonnes,portwatch,2026-02-28,,2026-09-26,estimated,0
shipping_exports,cn,nation,2026-02,188239837,tonnes,portwatch,2026-02-28,,2026-10-06T05:59:33+00:00,estimated,1
shipping_exports,cn,nation,2026-03,210391824,tonnes,portwatch,2026-03-31,,2026-09-26,estimated,0
shipping_exports,cn,nation,2026-03,210704705,tonnes,portwatch,2026-03-31,,2026-10-06T05:59:33+00:00,estimated,1
shipping_exports,cn,nation,2026-04,212400257,tonnes,portwatch,2026-04-30,,2026-09-26,estimated,0
shipping_exports,cn,nation,2026-04,212405960,tonnes,portwatch,2026-04-30,,2026-10-06T05:59:33+00:00,estimated,1
shipping_exports,cn,nation,2026-05,208403859,tonnes,portwatch,2026-05-31,,2026-09-26,estimated,0
shipping_exports,cn,nation,2026-05,208409625,tonnes,portwatch,2026-05-31,,2026-10-06T05:59:33+00:00,estimated,1
shipping_exports,cn,nation,2026-06,214266727,tonnes,portwatch,2026-06-30,,2026-09-26,estimated,0
shipping_exports,cn,nation,2026-06,214660318,tonnes,portwatch,2026-06-30,,2026-10-06T05:59:33+00:00,estimated,1
shipping_exports,cn,nation,2026-07,194595700,tonnes,portwatch,2026-07-31,,2026-09-26,estimated,0
shipping_exports,cn,nation,2026-07,194629562,tonnes,portwatch,2026-07-31,,2026-10-06T05:59:33+00:00,estimated,1
shipping_exports,cn,nation,2026-08,195015911,tonnes,portwatch,2026-08-31,,2026-09-26,estimated,0
shipping_exports,cn,nation,2026-08,195328062,tonnes,portwatch,2026-08-31,,2026-10-06T05:59:33+00:00,estimated,1
shipping_exports,de,nation,2019-01,9122629,tonnes,portwatch,2019-01-31,,2026-09-26,estimated,0
shipping_exports,de,nation,2019-01,9122755,tonnes,portwatch,2019-01-31,,2026-10-06T05:59:34+00:00,estimated,1
shipping_exports,de,nation,2019-02,9478016,tonnes,portwatch,2019-02-28,,2026-09-26,estimated,0
shipping_exports,de,nation,2019-02,9478004,tonnes,portwatch,2019-02-28,,2026-10-06T05:59:34+00:00,estimated,1
shipping_exports,de,nation,2019-03,10338378,tonnes,portwatch,2019-03-31,,2026-09-26,estimated,0
shipping_exports,de,nation,2019-03,10338296,tonnes,portwatch,2019-03-31,,2026-10-06T05:59:34+00:00,estimated,1
shipping_exports,de,nation,2019-04,9574482,tonnes,portwatch,2019-04-30,,2026-09-26,estimated,0
shipping_exports,de,nation,2019-04,9574310,tonnes,portwatch,2019-04-30,,2026-10-06T05:59:34+00:00,estimated,1
shipping_exports,de,nation,2019-05,9682465,tonnes,portwatch,2019-05-31,,2026-09-26,estimated,0
shipping_exports,de,nation,2019-05,9682315,tonnes,portwatch,2019-05-31,,2026-10-06T05:59:34+00:00,estimated,1
shipping_exports,de,nation,2019-06,9690047,tonnes,portwatch,2019-06-30,,2026-09-26,estimated,0
shipping_exports,de,nation,2019-06,9689833,tonnes,portwatch,2019-06-30,,2026-10-06T05:59:34+00:00,estimated,1
shipping_exports,de,nation,2019-07,9603070,tonnes,portwatch,2019-07-31,,2026-09-26,estimated,0
shipping_exports,de,nation,2019-07,9602770,tonnes,portwatch,2019-07-31,,2026-10-06T05:59:34+00:00,estimated,1
shipping_exports,de,nation,2019-08,10044726,tonnes,portwatch,2019-08-31,,2026-09-26,estimated,0
shipping_exports,de,nation,2019-08,10044701,tonnes,portwatch,2019-08-31,,2026-10-06T05:59:34+00:00,estimated,1
shipping_exports,de,nation,2019-09,9327294,tonnes,portwatch,2019-09-30,,2026-09-26,estimated,0
shipping_exports,de,nation,2019-09,9327044,tonnes,portwatch,2019-09-30,,2026-10-06T05:59:34+00:00,estimated,1
shipping_exports,de,nation,2019-10,9728282,tonnes,portwatch,2019-10-31,,2026-09-26,estimated,0
shipping_exports,de,nation,2019-10,9728131,tonnes,portwatch,2019-10-31,,2026-10-06T05:59:34+00:00,estimated,1
shipping_exports,de,nation,2019-11,9193825,tonnes,portwatch,2019-11-30,,2026-09-26,estimated,0
shipping_exports,de,nation,2019-11,9193700,tonnes,portwatch,2019-11-30,,2026-10-06T05:59:34+00:00,estimated,1
shipping_exports,de,nation,2019-12,9256355,tonnes,portwatch,2019-12-31,,2026-09-26,estimated,0
shipping_exports,de,nation,2019-12,9256117,tonnes,portwatch,2019-12-31,,2026-10-06T05:59:34+00:00,estimated,1
shipping_exports,de,nation,2020-01,9208133,tonnes,portwatch,2020-01-31,,2026-09-26,estimated,0
shipping_exports,de,nation,2020-01,9208124,tonnes,portwatch,2020-01-31,,2026-10-06T05:59:34+00:00,estimated,1
shipping_exports,de,nation,2020-02,9405959,tonnes,portwatch,2020-02-29,,2026-09-26,estimated,0
shipping_exports,de,nation,2020-02,9405862,tonnes,portwatch,2020-02-29,,2026-10-06T05:59:34+00:00,estimated,1
shipping_exports,de,nation,2020-03,10379496,tonnes,portwatch,2020-03-31,,2026-09-26,estimated,0
shipping_exports,de,nation,2020-03,10379449,tonnes,portwatch,2020-03-31,,2026-10-06T05:59:34+00:00,estimated,1
shipping_exports,de,nation,2020-04,8790335,tonnes,portwatch,2020-04-30,,2026-09-26,estimated,0
shipping_exports,de,nation,2020-04,8790194,tonnes,portwatch,2020-04-30,,2026-10-06T05:59:34+00:00,estimated,1
shipping_exports,de,nation,2020-05,8745507,tonnes,portwatch,2020-05-31,,2026-09-26,estimated,0
shipping_exports,de,nation,2020-05,8745447,tonnes,portwatch,2020-05-31,,2026-10-06T05:59:34+00:00,estimated,1
shipping_exports,de,nation,2020-06,8119125,tonnes,portwatch,2020-06-30,,2026-09-26,estimated,0
shipping_exports,de,nation,2020-06,8118985,tonnes,portwatch,2020-06-30,,2026-10-06T05:59:34+00:00,estimated,1
shipping_exports,de,nation,2020-07,9439444,tonnes,portwatch,2020-07-31,,2026-09-26,estimated,0
shipping_exports,de,nation,2020-07,9439393,tonnes,portwatch,2020-07-31,,2026-10-06T05:59:34+00:00,estimated,1
shipping_exports,de,nation,2020-08,8943949,tonnes,portwatch,2020-08-31,,2026-09-26,estimated,0
shipping_exports,de,nation,2020-08,8943966,tonnes,portwatch,2020-08-31,,2026-10-06T05:59:34+00:00,estimated,1
shipping_exports,de,nation,2020-09,8863571,tonnes,portwatch,2020-09-30,,2026-09-26,estimated,0
shipping_exports,de,nation,2020-09,8863515,tonnes,portwatch,2020-09-30,,2026-10-06T05:59:34+00:00,estimated,1
shipping_exports,de,nation,2020-10,9946095,tonnes,portwatch,2020-10-31,,2026-09-26,estimated,0
shipping_exports,de,nation,2020-10,9945875,tonnes,portwatch,2020-10-31,,2026-10-06T05:59:34+00:00,estimated,1
shipping_exports,de,nation,2020-11,10378511,tonnes,portwatch,2020-11-30,,2026-09-26,estimated,0
shipping_exports,de,nation,2020-11,10378497,tonnes,portwatch,2020-11-30,,2026-10-06T05:59:34+00:00,estimated,1
shipping_exports,de,nation,2020-12,9503466,tonnes,portwatch,2020-12-31,,2026-09-26,estimated,0
shipping_exports,de,nation,2020-12,9503237,tonnes,portwatch,2020-12-31,,2026-10-06T05:59:34+00:00,estimated,1
shipping_exports,de,nation,2021-01,9625204,tonnes,portwatch,2021-01-31,,2026-09-26,estimated,0
shipping_exports,de,nation,2021-01,9625063,tonnes,portwatch,2021-01-31,,2026-10-06T05:59:34+00:00,estimated,1
shipping_exports,de,nation,2021-02,9038421,tonnes,portwatch,2021-02-28,,2026-09-26,estimated,0
shipping_exports,de,nation,2021-02,9038453,tonnes,portwatch,2021-02-28,,2026-10-06T05:59:34+00:00,estimated,1
shipping_exports,de,nation,2021-03,10734322,tonnes,portwatch,2021-03-31,,2026-09-26,estimated,0
shipping_exports,de,nation,2021-03,10734184,tonnes,portwatch,2021-03-31,,2026-10-06T05:59:34+00:00,estimated,1
shipping_exports,de,nation,2021-04,9324884,tonnes,portwatch,2021-04-30,,2026-09-26,estimated,0
shipping_exports,de,nation,2021-04,9324834,tonnes,portwatch,2021-04-30,,2026-10-06T05:59:34+00:00,estimated,1
shipping_exports,de,nation,2021-05,9360183,tonnes,portwatch,2021-05-31,,2026-09-26,estimated,0
shipping_exports,de,nation,2021-05,9360185,tonnes,portwatch,2021-05-31,,2026-10-06T05:59:34+00:00,estimated,1
shipping_exports,de,nation,2021-06,9293874,tonnes,portwatch,2021-06-30,,2026-09-26,estimated,0
shipping_exports,de,nation,2021-06,9293654,tonnes,portwatch,2021-06-30,,2026-10-06T05:59:34+00:00,estimated,1
shipping_exports,de,nation,2021-07,9688437,tonnes,portwatch,2021-07-31,,2026-09-26,estimated,0
shipping_exports,de,nation,2021-07,9688222,tonnes,portwatch,2021-07-31,,2026-10-06T05:59:34+00:00,estimated,1
shipping_exports,de,nation,2021-08,9414060,tonnes,portwatch,2021-08-31,,2026-09-26,estimated,0
shipping_exports,de,nation,2021-08,9414033,tonnes,portwatch,2021-08-31,,2026-10-06T05:59:34+00:00,estimated,1
shipping_exports,de,nation,2021-09,9671508,tonnes,portwatch,2021-09-30,,2026-09-26,estimated,0
shipping_exports,de,nation,2021-09,9671373,tonnes,portwatch,2021-09-30,,2026-10-06T05:59:34+00:00,estimated,1
shipping_exports,de,nation,2021-10,9766748,tonnes,portwatch,2021-10-31,,2026-09-26,estimated,0
shipping_exports,de,nation,2021-10,9766741,tonnes,portwatch,2021-10-31,,2026-10-06T05:59:34+00:00,estimated,1
shipping_exports,de,nation,2021-11,9752420,tonnes,portwatch,2021-11-30,,2026-09-26,estimated,0
shipping_exports,de,nation,2021-11,9752339,tonnes,portwatch,2021-11-30,,2026-10-06T05:59:34+00:00,estimated,1
shipping_exports,de,nation,2021-12,9443944,tonnes,portwatch,2021-12-31,,2026-09-26,estimated,0
shipping_exports,de,nation,2021-12,9443935,tonnes,portwatch,2021-12-31,,2026-10-06T05:59:34+00:00,estimated,1
shipping_exports,de,nation,2022-01,9916382,tonnes,portwatch,2022-01-31,,2026-09-26,estimated,0
shipping_exports,de,nation,2022-01,9916302,tonnes,portwatch,2022-01-31,,2026-10-06T05:59:34+00:00,estimated,1
shipping_exports,de,nation,2022-02,8416520,tonnes,portwatch,2022-02-28,,2026-09-26,estimated,0
shipping_exports,de,nation,2022-02,8416391,tonnes,portwatch,2022-02-28,,2026-10-06T05:59:34+00:00,estimated,1
shipping_exports,de,nation,2022-03,10219725,tonnes,portwatch,2022-03-31,,2026-09-26,estimated,0
shipping_exports,de,nation,2022-03,10219728,tonnes,portwatch,2022-03-31,,2026-10-06T05:59:34+00:00,estimated,1
shipping_exports,de,nation,2022-04,8896425,tonnes,portwatch,2022-04-30,,2026-09-26,estimated,0
shipping_exports,de,nation,2022-04,8896421,tonnes,portwatch,2022-04-30,,2026-10-06T05:59:34+00:00,estimated,1
shipping_exports,de,nation,2022-05,9687841,tonnes,portwatch,2022-05-31,,2026-09-26,estimated,0
shipping_exports,de,nation,2022-05,9687902,tonnes,portwatch,2022-05-31,,2026-10-06T05:59:34+00:00,estimated,1
shipping_exports,de,nation,2022-06,8478111,tonnes,portwatch,2022-06-30,,2026-09-26,estimated,0
shipping_exports,de,nation,2022-06,8478270,tonnes,portwatch,2022-06-30,,2026-10-06T05:59:34+00:00,estimated,1
shipping_exports,de,nation,2022-07,8147146,tonnes,portwatch,2022-07-31,,2026-09-26,estimated,0
shipping_exports,de,nation,2022-07,8147042,tonnes,portwatch,2022-07-31,,2026-10-06T05:59:34+00:00,estimated,1
shipping_exports,de,nation,2022-08,8947069,tonnes,portwatch,2022-08-31,,2026-09-26,estimated,0
shipping_exports,de,nation,2022-08,8947084,tonnes,portwatch,2022-08-31,,2026-10-06T05:59:34+00:00,estimated,1
shipping_exports,de,nation,2022-09,9334537,tonnes,portwatch,2022-09-30,,2026-09-26,estimated,0
shipping_exports,de,nation,2022-09,9334565,tonnes,portwatch,2022-09-30,,2026-10-06T05:59:34+00:00,estimated,1
shipping_exports,de,nation,2022-10,9387961,tonnes,portwatch,2022-10-31,,2026-09-26,estimated,0
shipping_exports,de,nation,2022-10,9387728,tonnes,portwatch,2022-10-31,,2026-10-06T05:59:34+00:00,estimated,1
shipping_exports,de,nation,2022-11,8504173,tonnes,portwatch,2022-11-30,,2026-09-26,estimated,0
shipping_exports,de,nation,2022-11,8504254,tonnes,portwatch,2022-11-30,,2026-10-06T05:59:34+00:00,estimated,1
shipping_exports,de,nation,2022-12,8181821,tonnes,portwatch,2022-12-31,,2026-09-26,estimated,0
shipping_exports,de,nation,2022-12,8181924,tonnes,portwatch,2022-12-31,,2026-10-06T05:59:34+00:00,estimated,1
shipping_exports,de,nation,2023-01,8142157,tonnes,portwatch,2023-01-31,,2026-09-26,estimated,0
shipping_exports,de,nation,2023-01,8142136,tonnes,portwatch,2023-01-31,,2026-10-06T05:59:34+00:00,estimated,1
shipping_exports,de,nation,2023-02,8593243,tonnes,portwatch,2023-02-28,,2026-09-26,estimated,0
shipping_exports,de,nation,2023-02,8593467,tonnes,portwatch,2023-02-28,,2026-10-06T05:59:34+00:00,estimated,1
shipping_exports,de,nation,2023-03,9047385,tonnes,portwatch,2023-03-31,,2026-09-26,estimated,0
shipping_exports,de,nation,2023-03,9047552,tonnes,portwatch,2023-03-31,,2026-10-06T05:59:34+00:00,estimated,1
shipping_exports,de,nation,2023-04,8608710,tonnes,portwatch,2023-04-30,,2026-09-26,estimated,0
shipping_exports,de,nation,2023-04,8608881,tonnes,portwatch,2023-04-30,,2026-10-06T05:59:34+00:00,estimated,1
shipping_exports,de,nation,2023-05,8373100,tonnes,portwatch,2023-05-31,,2026-09-26,estimated,0
shipping_exports,de,nation,2023-05,8373130,tonnes,portwatch,2023-05-31,,2026-10-06T05:59:34+00:00,estimated,1
shipping_exports,de,nation,2023-06,8274320,tonnes,portwatch,2023-06-30,,2026-09-26,estimated,0
shipping_exports,de,nation,2023-06,8274400,tonnes,portwatch,2023-06-30,,2026-10-06T05:59:34+00:00,estimated,1
shipping_exports,de,nation,2023-07,8416537,tonnes,portwatch,2023-07-31,,2026-09-26,estimated,0
shipping_exports,de,nation,2023-07,8416485,tonnes,portwatch,2023-07-31,,2026-10-06T05:59:34+00:00,estimated,1
shipping_exports,de,nation,2023-08,8282157,tonnes,portwatch,2023-08-31,,2026-09-26,estimated,0
shipping_exports,de,nation,2023-08,8282061,tonnes,portwatch,2023-08-31,,2026-10-06T05:59:34+00:00,estimated,1
shipping_exports,de,nation,2023-09,8490601,tonnes,portwatch,2023-09-30,,2026-09-26,estimated,0
shipping_exports,de,nation,2023-09,8490503,tonnes,portwatch,2023-09-30,,2026-10-06T05:59:34+00:00,estimated,1
shipping_exports,de,nation,2023-10,8446945,tonnes,portwatch,2023-10-31,,2026-09-26,estimated,0
shipping_exports,de,nation,2023-10,8446958,tonnes,portwatch,2023-10-31,,2026-10-06T05:59:34+00:00,estimated,1
shipping_exports,de,nation,2023-11,8507841,tonnes,portwatch,2023-11-30,,2026-09-26,estimated,0
shipping_exports,de,nation,2023-11,8507749,tonnes,portwatch,2023-11-30,,2026-10-06T05:59:34+00:00,estimated,1
shipping_exports,de,nation,2023-12,8116780,tonnes,portwatch,2023-12-31,,2026-09-26,estimated,0
shipping_exports,de,nation,2023-12,8116797,tonnes,portwatch,2023-12-31,,2026-10-06T05:59:34+00:00,estimated,1
shipping_exports,de,nation,2024-01,7517616,tonnes,portwatch,2024-01-31,,2026-09-26,estimated,0
shipping_exports,de,nation,2024-01,7517585,tonnes,portwatch,2024-01-31,,2026-10-06T05:59:34+00:00,estimated,1
shipping_exports,de,nation,2024-02,8749516,tonnes,portwatch,2024-02-29,,2026-09-26,estimated,0
shipping_exports,de,nation,2024-02,8749540,tonnes,portwatch,2024-02-29,,2026-10-06T05:59:34+00:00,estimated,1
shipping_exports,de,nation,2024-03,8999672,tonnes,portwatch,2024-03-31,,2026-09-26,estimated,0
shipping_exports,de,nation,2024-03,8999648,tonnes,portwatch,2024-03-31,,2026-10-06T05:59:34+00:00,estimated,1
shipping_exports,de,nation,2024-04,8641694,tonnes,portwatch,2024-04-30,,2026-09-26,estimated,0
shipping_exports,de,nation,2024-04,8641674,tonnes,portwatch,2024-04-30,,2026-10-06T05:59:34+00:00,estimated,1
shipping_exports,de,nation,2024-05,8507312,tonnes,portwatch,2024-05-31,,2026-09-26,estimated,0
shipping_exports,de,nation,2024-05,8507432,tonnes,portwatch,2024-05-31,,2026-10-06T05:59:34+00:00,estimated,1
shipping_exports,de,nation,2024-06,8457057,tonnes,portwatch,2024-06-30,,2026-09-26,estimated,0
shipping_exports,de,nation,2024-06,8457045,tonnes,portwatch,2024-06-30,,2026-10-06T05:59:34+00:00,estimated,1
shipping_exports,de,nation,2024-07,8636219,tonnes,portwatch,2024-07-31,,2026-09-26,estimated,0
shipping_exports,de,nation,2024-07,8636218,tonnes,portwatch,2024-07-31,,2026-10-06T05:59:34+00:00,estimated,1
shipping_exports,de,nation,2024-08,8594479,tonnes,portwatch,2024-08-31,,2026-09-26,estimated,0
shipping_exports,de,nation,2024-08,8594432,tonnes,portwatch,2024-08-31,,2026-10-06T05:59:34+00:00,estimated,1
shipping_exports,de,nation,2024-09,8340709,tonnes,portwatch,2024-09-30,,2026-09-26,estimated,0
shipping_exports,de,nation,2024-09,8340695,tonnes,portwatch,2024-09-30,,2026-10-06T05:59:34+00:00,estimated,1
shipping_exports,de,nation,2024-10,9084447,tonnes,portwatch,2024-10-31,,2026-09-26,estimated,0
shipping_exports,de,nation,2024-10,9084584,tonnes,portwatch,2024-10-31,,2026-10-06T05:59:34+00:00,estimated,1
shipping_exports,de,nation,2024-11,8532863,tonnes,portwatch,2024-11-30,,2026-09-26,estimated,0
shipping_exports,de,nation,2024-11,8532718,tonnes,portwatch,2024-11-30,,2026-10-06T05:59:34+00:00,estimated,1
shipping_exports,de,nation,2024-12,8095178,tonnes,portwatch,2024-12-31,,2026-09-26,estimated,0
shipping_exports,de,nation,2024-12,8095173,tonnes,portwatch,2024-12-31,,2026-10-06T05:59:34+00:00,estimated,1
shipping_exports,de,nation,2025-01,8154091,tonnes,portwatch,2025-01-31,,2026-09-26,estimated,0
shipping_exports,de,nation,2025-01,8154184,tonnes,portwatch,2025-01-31,,2026-10-06T05:59:34+00:00,estimated,1
shipping_exports,de,nation,2025-02,8540329,tonnes,portwatch,2025-02-28,,2026-09-26,estimated,0
shipping_exports,de,nation,2025-02,8540456,tonnes,portwatch,2025-02-28,,2026-10-06T05:59:34+00:00,estimated,1
shipping_exports,de,nation,2025-03,9724422,tonnes,portwatch,2025-03-31,,2026-09-26,estimated,0
shipping_exports,de,nation,2025-03,9724346,tonnes,portwatch,2025-03-31,,2026-10-06T05:59:34+00:00,estimated,1
shipping_exports,de,nation,2025-04,8860467,tonnes,portwatch,2025-04-30,,2026-09-26,estimated,0
shipping_exports,de,nation,2025-04,8860388,tonnes,portwatch,2025-04-30,,2026-10-06T05:59:34+00:00,estimated,1
shipping_exports,de,nation,2025-05,8975104,tonnes,portwatch,2025-05-31,,2026-09-26,estimated,0
shipping_exports,de,nation,2025-05,8974930,tonnes,portwatch,2025-05-31,,2026-10-06T05:59:34+00:00,estimated,1
shipping_exports,de,nation,2025-06,8580755,tonnes,portwatch,2025-06-30,,2026-09-26,estimated,0
shipping_exports,de,nation,2025-06,8580871,tonnes,portwatch,2025-06-30,,2026-10-06T05:59:34+00:00,estimated,1
shipping_exports,de,nation,2025-07,9169271,tonnes,portwatch,2025-07-31,,2026-09-26,estimated,0
shipping_exports,de,nation,2025-07,9169309,tonnes,portwatch,2025-07-31,,2026-10-06T05:59:34+00:00,estimated,1
shipping_exports,de,nation,2025-08,9066102,tonnes,portwatch,2025-08-31,,2026-09-26,estimated,0
shipping_exports,de,nation,2025-08,9065689,tonnes,portwatch,2025-08-31,,2026-10-06T05:59:34+00:00,estimated,1
shipping_exports,de,nation,2025-09,8361521,tonnes,portwatch,2025-09-30,,2026-09-26,estimated,0
shipping_exports,de,nation,2025-09,8361500,tonnes,portwatch,2025-09-30,,2026-10-06T05:59:34+00:00,estimated,1
shipping_exports,de,nation,2025-10,8890380,tonnes,portwatch,2025-10-31,,2026-09-26,estimated,0
shipping_exports,de,nation,2025-10,8890277,tonnes,portwatch,2025-10-31,,2026-10-06T05:59:34+00:00,estimated,1
shipping_exports,de,nation,2025-11,8881649,tonnes,portwatch,2025-11-30,,2026-09-26,estimated,0
shipping_exports,de,nation,2025-11,8881647,tonnes,portwatch,2025-11-30,,2026-10-06T05:59:34+00:00,estimated,1
shipping_exports,de,nation,2025-12,8843881,tonnes,portwatch,2025-12-31,,2026-09-26,estimated,0
shipping_exports,de,nation,2025-12,8843861,tonnes,portwatch,2025-12-31,,2026-10-06T05:59:34+00:00,estimated,1
shipping_exports,de,nation,2026-01,7670753,tonnes,portwatch,2026-01-31,,2026-09-26,estimated,0
shipping_exports,de,nation,2026-01,7670615,tonnes,portwatch,2026-01-31,,2026-10-06T05:59:34+00:00,estimated,1
shipping_exports,de,nation,2026-02,8496845,tonnes,portwatch,2026-02-28,,2026-09-26,estimated,0
shipping_exports,de,nation,2026-02,8496254,tonnes,portwatch,2026-02-28,,2026-10-06T05:59:34+00:00,estimated,1
shipping_exports,de,nation,2026-03,9974477,tonnes,portwatch,2026-03-31,,2026-09-26,estimated,0
shipping_exports,de,nation,2026-03,9974164,tonnes,portwatch,2026-03-31,,2026-10-06T05:59:34+00:00,estimated,1
shipping_exports,de,nation,2026-04,9004872,tonnes,portwatch,2026-04-30,,2026-09-26,estimated,0
shipping_exports,de,nation,2026-04,9005004,tonnes,portwatch,2026-04-30,,2026-10-06T05:59:34+00:00,estimated,1
shipping_exports,de,nation,2026-05,9232857,tonnes,portwatch,2026-05-31,,2026-09-26,estimated,0
shipping_exports,de,nation,2026-05,9232875,tonnes,portwatch,2026-05-31,,2026-10-06T05:59:34+00:00,estimated,1
shipping_exports,de,nation,2026-06,8759742,tonnes,portwatch,2026-06-30,,2026-09-26,estimated,0
shipping_exports,de,nation,2026-06,8759550,tonnes,portwatch,2026-06-30,,2026-10-06T05:59:34+00:00,estimated,1
shipping_exports,de,nation,2026-07,9118362,tonnes,portwatch,2026-07-31,,2026-09-26,estimated,0
shipping_exports,de,nation,2026-07,9118246,tonnes,portwatch,2026-07-31,,2026-10-06T05:59:34+00:00,estimated,1
shipping_exports,de,nation,2026-08,8947256,tonnes,portwatch,2026-08-31,,2026-09-26,estimated,0
shipping_exports,de,nation,2026-08,8946878,tonnes,portwatch,2026-08-31,,2026-10-06T05:59:34+00:00,estimated,1
shipping_exports,es,nation,2019-01,11076243,tonnes,portwatch,2019-01-31,,2026-09-26,estimated,0
shipping_exports,es,nation,2019-01,11075557,tonnes,portwatch,2019-01-31,,2026-10-06T05:59:42+00:00,estimated,1
shipping_exports,es,nation,2019-02,11328137,tonnes,portwatch,2019-02-28,,2026-09-26,estimated,0
shipping_exports,es,nation,2019-02,11327399,tonnes,portwatch,2019-02-28,,2026-10-06T05:59:42+00:00,estimated,1
shipping_exports,es,nation,2019-03,12106923,tonnes,portwatch,2019-03-31,,2026-09-26,estimated,0
shipping_exports,es,nation,2019-03,12105832,tonnes,portwatch,2019-03-31,,2026-10-06T05:59:42+00:00,estimated,1
shipping_exports,es,nation,2019-04,11559273,tonnes,portwatch,2019-04-30,,2026-09-26,estimated,0
shipping_exports,es,nation,2019-04,11558274,tonnes,portwatch,2019-04-30,,2026-10-06T05:59:42+00:00,estimated,1
shipping_exports,es,nation,2019-05,13404985,tonnes,portwatch,2019-05-31,,2026-09-26,estimated,0
shipping_exports,es,nation,2019-05,13404071,tonnes,portwatch,2019-05-31,,2026-10-06T05:59:42+00:00,estimated,1
shipping_exports,es,nation,2019-06,12616275,tonnes,portwatch,2019-06-30,,2026-09-26,estimated,0
shipping_exports,es,nation,2019-06,12615134,tonnes,portwatch,2019-06-30,,2026-10-06T05:59:42+00:00,estimated,1
shipping_exports,es,nation,2019-07,12388498,tonnes,portwatch,2019-07-31,,2026-09-26,estimated,0
shipping_exports,es,nation,2019-07,12388027,tonnes,portwatch,2019-07-31,,2026-10-06T05:59:42+00:00,estimated,1
shipping_exports,es,nation,2019-08,12943387,tonnes,portwatch,2019-08-31,,2026-09-26,estimated,0
shipping_exports,es,nation,2019-08,12942335,tonnes,portwatch,2019-08-31,,2026-10-06T05:59:42+00:00,estimated,1
shipping_exports,es,nation,2019-09,12873289,tonnes,portwatch,2019-09-30,,2026-09-26,estimated,0
shipping_exports,es,nation,2019-09,12872222,tonnes,portwatch,2019-09-30,,2026-10-06T05:59:42+00:00,estimated,1
shipping_exports,es,nation,2019-10,12603803,tonnes,portwatch,2019-10-31,,2026-09-26,estimated,0
shipping_exports,es,nation,2019-10,12602887,tonnes,portwatch,2019-10-31,,2026-10-06T05:59:42+00:00,estimated,1
shipping_exports,es,nation,2019-11,12044932,tonnes,portwatch,2019-11-30,,2026-09-26,estimated,0
shipping_exports,es,nation,2019-11,12043728,tonnes,portwatch,2019-11-30,,2026-10-06T05:59:42+00:00,estimated,1
shipping_exports,es,nation,2019-12,13197985,tonnes,portwatch,2019-12-31,,2026-09-26,estimated,0
shipping_exports,es,nation,2019-12,13196701,tonnes,portwatch,2019-12-31,,2026-10-06T05:59:42+00:00,estimated,1
shipping_exports,es,nation,2020-01,12395362,tonnes,portwatch,2020-01-31,,2026-09-26,estimated,0
shipping_exports,es,nation,2020-01,12393568,tonnes,portwatch,2020-01-31,,2026-10-06T05:59:42+00:00,estimated,1
shipping_exports,es,nation,2020-02,12366691,tonnes,portwatch,2020-02-29,,2026-09-26,estimated,0
shipping_exports,es,nation,2020-02,12366100,tonnes,portwatch,2020-02-29,,2026-10-06T05:59:42+00:00,estimated,1
shipping_exports,es,nation,2020-03,13142027,tonnes,portwatch,2020-03-31,,2026-09-26,estimated,0
shipping_exports,es,nation,2020-03,13141286,tonnes,portwatch,2020-03-31,,2026-10-06T05:59:42+00:00,estimated,1
shipping_exports,es,nation,2020-04,11713257,tonnes,portwatch,2020-04-30,,2026-09-26,estimated,0
shipping_exports,es,nation,2020-04,11712234,tonnes,portwatch,2020-04-30,,2026-10-06T05:59:42+00:00,estimated,1
shipping_exports,es,nation,2020-05,11878517,tonnes,portwatch,2020-05-31,,2026-09-26,estimated,0
shipping_exports,es,nation,2020-05,11877656,tonnes,portwatch,2020-05-31,,2026-10-06T05:59:42+00:00,estimated,1
shipping_exports,es,nation,2020-06,12043206,tonnes,portwatch,2020-06-30,,2026-09-26,estimated,0
shipping_exports,es,nation,2020-06,12042483,tonnes,portwatch,2020-06-30,,2026-10-06T05:59:42+00:00,estimated,1
shipping_exports,es,nation,2020-07,12920423,tonnes,portwatch,2020-07-31,,2026-09-26,estimated,0
shipping_exports,es,nation,2020-07,12919490,tonnes,portwatch,2020-07-31,,2026-10-06T05:59:42+00:00,estimated,1
shipping_exports,es,nation,2020-08,13450231,tonnes,portwatch,2020-08-31,,2026-09-26,estimated,0
shipping_exports,es,nation,2020-08,13448992,tonnes,portwatch,2020-08-31,,2026-10-06T05:59:42+00:00,estimated,1
shipping_exports,es,nation,2020-09,12911809,tonnes,portwatch,2020-09-30,,2026-09-26,estimated,0
shipping_exports,es,nation,2020-09,12910482,tonnes,portwatch,2020-09-30,,2026-10-06T05:59:42+00:00,estimated,1
shipping_exports,es,nation,2020-10,13237731,tonnes,portwatch,2020-10-31,,2026-09-26,estimated,0
shipping_exports,es,nation,2020-10,13237088,tonnes,portwatch,2020-10-31,,2026-10-06T05:59:42+00:00,estimated,1
shipping_exports,es,nation,2020-11,13747441,tonnes,portwatch,2020-11-30,,2026-09-26,estimated,0
shipping_exports,es,nation,2020-11,13746100,tonnes,portwatch,2020-11-30,,2026-10-06T05:59:42+00:00,estimated,1
shipping_exports,es,nation,2020-12,13179776,tonnes,portwatch,2020-12-31,,2026-09-26,estimated,0
shipping_exports,es,nation,2020-12,13178092,tonnes,portwatch,2020-12-31,,2026-10-06T05:59:42+00:00,estimated,1
shipping_exports,es,nation,2021-01,12717066,tonnes,portwatch,2021-01-31,,2026-09-26,estimated,0
shipping_exports,es,nation,2021-01,12715836,tonnes,portwatch,2021-01-31,,2026-10-06T05:59:42+00:00,estimated,1
shipping_exports,es,nation,2021-02,11625686,tonnes,portwatch,2021-02-28,,2026-09-26,estimated,0
shipping_exports,es,nation,2021-02,11624790,tonnes,portwatch,2021-02-28,,2026-10-06T05:59:42+00:00,estimated,1
shipping_exports,es,nation,2021-03,13623293,tonnes,portwatch,2021-03-31,,2026-09-26,estimated,0
shipping_exports,es,nation,2021-03,13622475,tonnes,portwatch,2021-03-31,,2026-10-06T05:59:42+00:00,estimated,1
shipping_exports,es,nation,2021-04,12084802,tonnes,portwatch,2021-04-30,,2026-09-26,estimated,0
shipping_exports,es,nation,2021-04,12083814,tonnes,portwatch,2021-04-30,,2026-10-06T05:59:42+00:00,estimated,1
shipping_exports,es,nation,2021-05,12813308,tonnes,portwatch,2021-05-31,,2026-09-26,estimated,0
shipping_exports,es,nation,2021-05,12812358,tonnes,portwatch,2021-05-31,,2026-10-06T05:59:42+00:00,estimated,1
shipping_exports,es,nation,2021-06,13511133,tonnes,portwatch,2021-06-30,,2026-09-26,estimated,0
shipping_exports,es,nation,2021-06,13510287,tonnes,portwatch,2021-06-30,,2026-10-06T05:59:42+00:00,estimated,1
shipping_exports,es,nation,2021-07,13529792,tonnes,portwatch,2021-07-31,,2026-09-26,estimated,0
shipping_exports,es,nation,2021-07,13528957,tonnes,portwatch,2021-07-31,,2026-10-06T05:59:42+00:00,estimated,1
shipping_exports,es,nation,2021-08,14046420,tonnes,portwatch,2021-08-31,,2026-09-26,estimated,0
shipping_exports,es,nation,2021-08,14045569,tonnes,portwatch,2021-08-31,,2026-10-06T05:59:42+00:00,estimated,1
shipping_exports,es,nation,2021-09,12519556,tonnes,portwatch,2021-09-30,,2026-09-26,estimated,0
shipping_exports,es,nation,2021-09,12518857,tonnes,portwatch,2021-09-30,,2026-10-06T05:59:42+00:00,estimated,1
shipping_exports,es,nation,2021-10,13722133,tonnes,portwatch,2021-10-31,,2026-09-26,estimated,0
shipping_exports,es,nation,2021-10,13721645,tonnes,portwatch,2021-10-31,,2026-10-06T05:59:42+00:00,estimated,1
shipping_exports,es,nation,2021-11,12670477,tonnes,portwatch,2021-11-30,,2026-09-26,estimated,0
shipping_exports,es,nation,2021-11,12669903,tonnes,portwatch,2021-11-30,,2026-10-06T05:59:42+00:00,estimated,1
shipping_exports,es,nation,2021-12,12756043,tonnes,portwatch,2021-12-31,,2026-09-26,estimated,0
shipping_exports,es,nation,2021-12,12754862,tonnes,portwatch,2021-12-31,,2026-10-06T05:59:42+00:00,estimated,1
shipping_exports,es,nation,2022-01,13795053,tonnes,portwatch,2022-01-31,,2026-09-26,estimated,0
shipping_exports,es,nation,2022-01,13794505,tonnes,portwatch,2022-01-31,,2026-10-06T05:59:42+00:00,estimated,1
shipping_exports,es,nation,2022-02,12004201,tonnes,portwatch,2022-02-28,,2026-09-26,estimated,0
shipping_exports,es,nation,2022-02,12003511,tonnes,portwatch,2022-02-28,,2026-10-06T05:59:42+00:00,estimated,1
shipping_exports,es,nation,2022-03,13640962,tonnes,portwatch,2022-03-31,,2026-09-26,estimated,0
shipping_exports,es,nation,2022-03,13640004,tonnes,portwatch,2022-03-31,,2026-10-06T05:59:42+00:00,estimated,1
shipping_exports,es,nation,2022-04,13515797,tonnes,portwatch,2022-04-30,,2026-09-26,estimated,0
shipping_exports,es,nation,2022-04,13514759,tonnes,portwatch,2022-04-30,,2026-10-06T05:59:42+00:00,estimated,1
shipping_exports,es,nation,2022-05,15435284,tonnes,portwatch,2022-05-31,,2026-09-26,estimated,0
shipping_exports,es,nation,2022-05,15434580,tonnes,portwatch,2022-05-31,,2026-10-06T05:59:42+00:00,estimated,1
shipping_exports,es,nation,2022-06,14238260,tonnes,portwatch,2022-06-30,,2026-09-26,estimated,0
shipping_exports,es,nation,2022-06,14237080,tonnes,portwatch,2022-06-30,,2026-10-06T05:59:42+00:00,estimated,1
shipping_exports,es,nation,2022-07,13975640,tonnes,portwatch,2022-07-31,,2026-09-26,estimated,0
shipping_exports,es,nation,2022-07,13974012,tonnes,portwatch,2022-07-31,,2026-10-06T05:59:42+00:00,estimated,1
shipping_exports,es,nation,2022-08,14222716,tonnes,portwatch,2022-08-31,,2026-09-26,estimated,0
shipping_exports,es,nation,2022-08,14221579,tonnes,portwatch,2022-08-31,,2026-10-06T05:59:42+00:00,estimated,1
shipping_exports,es,nation,2022-09,14121144,tonnes,portwatch,2022-09-30,,2026-09-26,estimated,0
shipping_exports,es,nation,2022-09,14119896,tonnes,portwatch,2022-09-30,,2026-10-06T05:59:42+00:00,estimated,1
shipping_exports,es,nation,2022-10,12749569,tonnes,portwatch,2022-10-31,,2026-09-26,estimated,0
shipping_exports,es,nation,2022-10,12748602,tonnes,portwatch,2022-10-31,,2026-10-06T05:59:42+00:00,estimated,1
shipping_exports,es,nation,2022-11,12761946,tonnes,portwatch,2022-11-30,,2026-09-26,estimated,0
shipping_exports,es,nation,2022-11,12761139,tonnes,portwatch,2022-11-30,,2026-10-06T05:59:42+00:00,estimated,1
shipping_exports,es,nation,2022-12,13213607,tonnes,portwatch,2022-12-31,,2026-09-26,estimated,0
shipping_exports,es,nation,2022-12,13212594,tonnes,portwatch,2022-12-31,,2026-10-06T05:59:42+00:00,estimated,1
shipping_exports,es,nation,2023-01,13323678,tonnes,portwatch,2023-01-31,,2026-09-26,estimated,0
shipping_exports,es,nation,2023-01,13323126,tonnes,portwatch,2023-01-31,,2026-10-06T05:59:42+00:00,estimated,1
shipping_exports,es,nation,2023-02,12537272,tonnes,portwatch,2023-02-28,,2026-09-26,estimated,0
shipping_exports,es,nation,2023-02,12536324,tonnes,portwatch,2023-02-28,,2026-10-06T05:59:42+00:00,estimated,1
shipping_exports,es,nation,2023-03,14047912,tonnes,portwatch,2023-03-31,,2026-09-26,estimated,0
shipping_exports,es,nation,2023-03,14047038,tonnes,portwatch,2023-03-31,,2026-10-06T05:59:42+00:00,estimated,1
shipping_exports,es,nation,2023-04,14482844,tonnes,portwatch,2023-04-30,,2026-09-26,estimated,0
shipping_exports,es,nation,2023-04,14481581,tonnes,portwatch,2023-04-30,,2026-10-06T05:59:42+00:00,estimated,1
shipping_exports,es,nation,2023-05,13935095,tonnes,portwatch,2023-05-31,,2026-09-26,estimated,0
shipping_exports,es,nation,2023-05,13934248,tonnes,portwatch,2023-05-31,,2026-10-06T05:59:42+00:00,estimated,1
shipping_exports,es,nation,2023-06,13847140,tonnes,portwatch,2023-06-30,,2026-09-26,estimated,0
shipping_exports,es,nation,2023-06,13846143,tonnes,portwatch,2023-06-30,,2026-10-06T05:59:42+00:00,estimated,1
shipping_exports,es,nation,2023-07,12188446,tonnes,portwatch,2023-07-31,,2026-09-26,estimated,0
shipping_exports,es,nation,2023-07,12187506,tonnes,portwatch,2023-07-31,,2026-10-06T05:59:42+00:00,estimated,1
shipping_exports,es,nation,2023-08,13391347,tonnes,portwatch,2023-08-31,,2026-09-26,estimated,0
shipping_exports,es,nation,2023-08,13390899,tonnes,portwatch,2023-08-31,,2026-10-06T05:59:42+00:00,estimated,1
shipping_exports,es,nation,2023-09,13523936,tonnes,portwatch,2023-09-30,,2026-09-26,estimated,0
shipping_exports,es,nation,2023-09,13522522,tonnes,portwatch,2023-09-30,,2026-10-06T05:59:42+00:00,estimated,1
shipping_exports,es,nation,2023-10,13518350,tonnes,portwatch,2023-10-31,,2026-09-26,estimated,0
shipping_exports,es,nation,2023-10,13516991,tonnes,portwatch,2023-10-31,,2026-10-06T05:59:42+00:00,estimated,1
shipping_exports,es,nation,2023-11,12782503,tonnes,portwatch,2023-11-30,,2026-09-26,estimated,0
shipping_exports,es,nation,2023-11,12781813,tonnes,portwatch,2023-11-30,,2026-10-06T05:59:42+00:00,estimated,1
shipping_exports,es,nation,2023-12,13592578,tonnes,portwatch,2023-12-31,,2026-09-26,estimated,0
shipping_exports,es,nation,2023-12,13591278,tonnes,portwatch,2023-12-31,,2026-10-06T05:59:42+00:00,estimated,1
shipping_exports,es,nation,2024-01,13218840,tonnes,portwatch,2024-01-31,,2026-09-26,estimated,0
shipping_exports,es,nation,2024-01,13217965,tonnes,portwatch,2024-01-31,,2026-10-06T05:59:42+00:00,estimated,1
shipping_exports,es,nation,2024-02,12963203,tonnes,portwatch,2024-02-29,,2026-09-26,estimated,0
shipping_exports,es,nation,2024-02,12962218,tonnes,portwatch,2024-02-29,,2026-10-06T05:59:42+00:00,estimated,1
shipping_exports,es,nation,2024-03,14365099,tonnes,portwatch,2024-03-31,,2026-09-26,estimated,0
shipping_exports,es,nation,2024-03,14363728,tonnes,portwatch,2024-03-31,,2026-10-06T05:59:42+00:00,estimated,1
shipping_exports,es,nation,2024-04,14873481,tonnes,portwatch,2024-04-30,,2026-09-26,estimated,0
shipping_exports,es,nation,2024-04,14871842,tonnes,portwatch,2024-04-30,,2026-10-06T05:59:42+00:00,estimated,1
shipping_exports,es,nation,2024-05,14718002,tonnes,portwatch,2024-05-31,,2026-09-26,estimated,0
shipping_exports,es,nation,2024-05,14716343,tonnes,portwatch,2024-05-31,,2026-10-06T05:59:42+00:00,estimated,1
shipping_exports,es,nation,2024-06,14849134,tonnes,portwatch,2024-06-30,,2026-09-26,estimated,0
shipping_exports,es,nation,2024-06,14848200,tonnes,portwatch,2024-06-30,,2026-10-06T05:59:42+00:00,estimated,1
shipping_exports,es,nation,2024-07,14749180,tonnes,portwatch,2024-07-31,,2026-09-26,estimated,0
shipping_exports,es,nation,2024-07,14748004,tonnes,portwatch,2024-07-31,,2026-10-06T05:59:42+00:00,estimated,1
shipping_exports,es,nation,2024-08,13957272,tonnes,portwatch,2024-08-31,,2026-09-26,estimated,0
shipping_exports,es,nation,2024-08,13956284,tonnes,portwatch,2024-08-31,,2026-10-06T05:59:42+00:00,estimated,1
shipping_exports,es,nation,2024-09,14091159,tonnes,portwatch,2024-09-30,,2026-09-26,estimated,0
shipping_exports,es,nation,2024-09,14089907,tonnes,portwatch,2024-09-30,,2026-10-06T05:59:42+00:00,estimated,1
shipping_exports,es,nation,2024-10,13605711,tonnes,portwatch,2024-10-31,,2026-09-26,estimated,0
shipping_exports,es,nation,2024-10,13604264,tonnes,portwatch,2024-10-31,,2026-10-06T05:59:42+00:00,estimated,1
shipping_exports,es,nation,2024-11,13930638,tonnes,portwatch,2024-11-30,,2026-09-26,estimated,0
shipping_exports,es,nation,2024-11,13929393,tonnes,portwatch,2024-11-30,,2026-10-06T05:59:42+00:00,estimated,1
shipping_exports,es,nation,2024-12,12426269,tonnes,portwatch,2024-12-31,,2026-09-26,estimated,0
shipping_exports,es,nation,2024-12,12424876,tonnes,portwatch,2024-12-31,,2026-10-06T05:59:42+00:00,estimated,1
shipping_exports,es,nation,2025-01,12164398,tonnes,portwatch,2025-01-31,,2026-09-26,estimated,0
shipping_exports,es,nation,2025-01,12163347,tonnes,portwatch,2025-01-31,,2026-10-06T05:59:42+00:00,estimated,1
shipping_exports,es,nation,2025-02,12616382,tonnes,portwatch,2025-02-28,,2026-09-26,estimated,0
shipping_exports,es,nation,2025-02,12615098,tonnes,portwatch,2025-02-28,,2026-10-06T05:59:42+00:00,estimated,1
shipping_exports,es,nation,2025-03,14405915,tonnes,portwatch,2025-03-31,,2026-09-26,estimated,0
shipping_exports,es,nation,2025-03,14404427,tonnes,portwatch,2025-03-31,,2026-10-06T05:59:42+00:00,estimated,1
shipping_exports,es,nation,2025-04,13059247,tonnes,portwatch,2025-04-30,,2026-09-26,estimated,0
shipping_exports,es,nation,2025-04,13057594,tonnes,portwatch,2025-04-30,,2026-10-06T05:59:42+00:00,estimated,1
shipping_exports,es,nation,2025-05,13830358,tonnes,portwatch,2025-05-31,,2026-09-26,estimated,0
shipping_exports,es,nation,2025-05,13828482,tonnes,portwatch,2025-05-31,,2026-10-06T05:59:42+00:00,estimated,1
shipping_exports,es,nation,2025-06,12979013,tonnes,portwatch,2025-06-30,,2026-09-26,estimated,0
shipping_exports,es,nation,2025-06,12978361,tonnes,portwatch,2025-06-30,,2026-10-06T05:59:42+00:00,estimated,1
shipping_exports,es,nation,2025-07,13491892,tonnes,portwatch,2025-07-31,,2026-09-26,estimated,0
shipping_exports,es,nation,2025-07,13491314,tonnes,portwatch,2025-07-31,,2026-10-06T05:59:42+00:00,estimated,1
shipping_exports,es,nation,2025-08,13007140,tonnes,portwatch,2025-08-31,,2026-09-26,estimated,0
shipping_exports,es,nation,2025-08,13005037,tonnes,portwatch,2025-08-31,,2026-10-06T05:59:42+00:00,estimated,1
shipping_exports,es,nation,2025-09,13219228,tonnes,portwatch,2025-09-30,,2026-09-26,estimated,0
shipping_exports,es,nation,2025-09,13218094,tonnes,portwatch,2025-09-30,,2026-10-06T05:59:42+00:00,estimated,1
shipping_exports,es,nation,2025-10,14185345,tonnes,portwatch,2025-10-31,,2026-09-26,estimated,0
shipping_exports,es,nation,2025-10,14185899,tonnes,portwatch,2025-10-31,,2026-10-06T05:59:42+00:00,estimated,1
shipping_exports,es,nation,2025-11,13381082,tonnes,portwatch,2025-11-30,,2026-09-26,estimated,0
shipping_exports,es,nation,2025-11,13378884,tonnes,portwatch,2025-11-30,,2026-10-06T05:59:42+00:00,estimated,1
shipping_exports,es,nation,2025-12,12599629,tonnes,portwatch,2025-12-31,,2026-09-26,estimated,0
shipping_exports,es,nation,2025-12,12597612,tonnes,portwatch,2025-12-31,,2026-10-06T05:59:42+00:00,estimated,1
shipping_exports,es,nation,2026-01,12075131,tonnes,portwatch,2026-01-31,,2026-09-26,estimated,0
shipping_exports,es,nation,2026-01,12073328,tonnes,portwatch,2026-01-31,,2026-10-06T05:59:42+00:00,estimated,1
shipping_exports,es,nation,2026-02,11988305,tonnes,portwatch,2026-02-28,,2026-09-26,estimated,0
shipping_exports,es,nation,2026-02,11988246,tonnes,portwatch,2026-02-28,,2026-10-06T05:59:42+00:00,estimated,1
shipping_exports,es,nation,2026-03,13261558,tonnes,portwatch,2026-03-31,,2026-09-26,estimated,0
shipping_exports,es,nation,2026-03,13259793,tonnes,portwatch,2026-03-31,,2026-10-06T05:59:42+00:00,estimated,1
shipping_exports,es,nation,2026-04,12910552,tonnes,portwatch,2026-04-30,,2026-09-26,estimated,0
shipping_exports,es,nation,2026-04,12908621,tonnes,portwatch,2026-04-30,,2026-10-06T05:59:42+00:00,estimated,1
shipping_exports,es,nation,2026-05,13815383,tonnes,portwatch,2026-05-31,,2026-09-26,estimated,0
shipping_exports,es,nation,2026-05,13803716,tonnes,portwatch,2026-05-31,,2026-10-06T05:59:42+00:00,estimated,1
shipping_exports,es,nation,2026-06,13020806,tonnes,portwatch,2026-06-30,,2026-09-26,estimated,0
shipping_exports,es,nation,2026-06,13017103,tonnes,portwatch,2026-06-30,,2026-10-06T05:59:42+00:00,estimated,1
shipping_exports,es,nation,2026-07,12478090,tonnes,portwatch,2026-07-31,,2026-09-26,estimated,0
shipping_exports,es,nation,2026-07,12477561,tonnes,portwatch,2026-07-31,,2026-10-06T05:59:42+00:00,estimated,1
shipping_exports,es,nation,2026-08,12681484,tonnes,portwatch,2026-08-31,,2026-09-26,estimated,0
shipping_exports,es,nation,2026-08,12663917,tonnes,portwatch,2026-08-31,,2026-10-06T05:59:42+00:00,estimated,1
shipping_exports,fr,nation,2019-01,4551383,tonnes,portwatch,2019-01-31,,2026-09-26,estimated,0
shipping_exports,fr,nation,2019-01,4551283,tonnes,portwatch,2019-01-31,,2026-10-06T05:59:33+00:00,estimated,1
shipping_exports,fr,nation,2019-02,4934884,tonnes,portwatch,2019-02-28,,2026-09-26,estimated,0
shipping_exports,fr,nation,2019-02,4934831,tonnes,portwatch,2019-02-28,,2026-10-06T05:59:33+00:00,estimated,1
shipping_exports,fr,nation,2019-03,6019708,tonnes,portwatch,2019-03-31,,2026-09-26,estimated,0
shipping_exports,fr,nation,2019-03,6019744,tonnes,portwatch,2019-03-31,,2026-10-06T05:59:33+00:00,estimated,1
shipping_exports,fr,nation,2019-04,5267069,tonnes,portwatch,2019-04-30,,2026-09-26,estimated,0
shipping_exports,fr,nation,2019-04,5266987,tonnes,portwatch,2019-04-30,,2026-10-06T05:59:33+00:00,estimated,1
shipping_exports,fr,nation,2019-05,4990406,tonnes,portwatch,2019-05-31,,2026-09-26,estimated,0
shipping_exports,fr,nation,2019-05,4990436,tonnes,portwatch,2019-05-31,,2026-10-06T05:59:33+00:00,estimated,1
shipping_exports,fr,nation,2019-06,4358676,tonnes,portwatch,2019-06-30,,2026-09-26,estimated,0
shipping_exports,fr,nation,2019-06,4358578,tonnes,portwatch,2019-06-30,,2026-10-06T05:59:33+00:00,estimated,1
shipping_exports,fr,nation,2019-07,5187696,tonnes,portwatch,2019-07-31,,2026-09-26,estimated,0
shipping_exports,fr,nation,2019-07,5187709,tonnes,portwatch,2019-07-31,,2026-10-06T05:59:33+00:00,estimated,1
shipping_exports,fr,nation,2019-08,4948574,tonnes,portwatch,2019-08-31,,2026-09-26,estimated,0
shipping_exports,fr,nation,2019-08,4949691,tonnes,portwatch,2019-08-31,,2026-10-06T05:59:33+00:00,estimated,1
shipping_exports,fr,nation,2019-09,4848985,tonnes,portwatch,2019-09-30,,2026-09-26,estimated,0
shipping_exports,fr,nation,2019-09,4848925,tonnes,portwatch,2019-09-30,,2026-10-06T05:59:33+00:00,estimated,1
shipping_exports,fr,nation,2019-10,4819004,tonnes,portwatch,2019-10-31,,2026-09-26,estimated,0
shipping_exports,fr,nation,2019-10,4819272,tonnes,portwatch,2019-10-31,,2026-10-06T05:59:33+00:00,estimated,1
shipping_exports,fr,nation,2019-11,4324548,tonnes,portwatch,2019-11-30,,2026-09-26,estimated,0
shipping_exports,fr,nation,2019-11,4324699,tonnes,portwatch,2019-11-30,,2026-10-06T05:59:33+00:00,estimated,1
shipping_exports,fr,nation,2019-12,4562871,tonnes,portwatch,2019-12-31,,2026-09-26,estimated,0
shipping_exports,fr,nation,2019-12,4563314,tonnes,portwatch,2019-12-31,,2026-10-06T05:59:33+00:00,estimated,1
shipping_exports,fr,nation,2020-01,3709292,tonnes,portwatch,2020-01-31,,2026-09-26,estimated,0
shipping_exports,fr,nation,2020-01,3709164,tonnes,portwatch,2020-01-31,,2026-10-06T05:59:33+00:00,estimated,1
shipping_exports,fr,nation,2020-02,4349456,tonnes,portwatch,2020-02-29,,2026-09-26,estimated,0
shipping_exports,fr,nation,2020-02,4349734,tonnes,portwatch,2020-02-29,,2026-10-06T05:59:33+00:00,estimated,1
shipping_exports,fr,nation,2020-03,4795244,tonnes,portwatch,2020-03-31,,2026-09-26,estimated,0
shipping_exports,fr,nation,2020-03,4795220,tonnes,portwatch,2020-03-31,,2026-10-06T05:59:33+00:00,estimated,1
shipping_exports,fr,nation,2020-04,5165138,tonnes,portwatch,2020-04-30,,2026-09-26,estimated,0
shipping_exports,fr,nation,2020-04,5164927,tonnes,portwatch,2020-04-30,,2026-10-06T05:59:33+00:00,estimated,1
shipping_exports,fr,nation,2020-05,4621224,tonnes,portwatch,2020-05-31,,2026-09-26,estimated,0
shipping_exports,fr,nation,2020-05,4621587,tonnes,portwatch,2020-05-31,,2026-10-06T05:59:33+00:00,estimated,1
shipping_exports,fr,nation,2020-06,4665890,tonnes,portwatch,2020-06-30,,2026-09-26,estimated,0
shipping_exports,fr,nation,2020-06,4666443,tonnes,portwatch,2020-06-30,,2026-10-06T05:59:33+00:00,estimated,1
shipping_exports,fr,nation,2020-07,4456752,tonnes,portwatch,2020-07-31,,2026-09-26,estimated,0
shipping_exports,fr,nation,2020-07,4456641,tonnes,portwatch,2020-07-31,,2026-10-06T05:59:33+00:00,estimated,1
shipping_exports,fr,nation,2020-08,4348972,tonnes,portwatch,2020-08-31,,2026-09-26,estimated,0
shipping_exports,fr,nation,2020-08,4348867,tonnes,portwatch,2020-08-31,,2026-10-06T05:59:33+00:00,estimated,1
shipping_exports,fr,nation,2020-09,3807845,tonnes,portwatch,2020-09-30,,2026-09-26,estimated,0
shipping_exports,fr,nation,2020-09,3807983,tonnes,portwatch,2020-09-30,,2026-10-06T05:59:33+00:00,estimated,1
shipping_exports,fr,nation,2020-10,4712630,tonnes,portwatch,2020-10-31,,2026-09-26,estimated,0
shipping_exports,fr,nation,2020-10,4713128,tonnes,portwatch,2020-10-31,,2026-10-06T05:59:33+00:00,estimated,1
shipping_exports,fr,nation,2020-11,4874041,tonnes,portwatch,2020-11-30,,2026-09-26,estimated,0
shipping_exports,fr,nation,2020-11,4874029,tonnes,portwatch,2020-11-30,,2026-10-06T05:59:33+00:00,estimated,1
shipping_exports,fr,nation,2020-12,4291112,tonnes,portwatch,2020-12-31,,2026-09-26,estimated,0
shipping_exports,fr,nation,2020-12,4291121,tonnes,portwatch,2020-12-31,,2026-10-06T05:59:33+00:00,estimated,1
shipping_exports,fr,nation,2021-01,4515756,tonnes,portwatch,2021-01-31,,2026-09-26,estimated,0
shipping_exports,fr,nation,2021-01,4515516,tonnes,portwatch,2021-01-31,,2026-10-06T05:59:33+00:00,estimated,1
shipping_exports,fr,nation,2021-02,4430396,tonnes,portwatch,2021-02-28,,2026-09-26,estimated,0
shipping_exports,fr,nation,2021-02,4430383,tonnes,portwatch,2021-02-28,,2026-10-06T05:59:33+00:00,estimated,1
shipping_exports,fr,nation,2021-03,4977608,tonnes,portwatch,2021-03-31,,2026-09-26,estimated,0
shipping_exports,fr,nation,2021-03,4977609,tonnes,portwatch,2021-03-31,,2026-10-06T05:59:33+00:00,estimated,1
shipping_exports,fr,nation,2021-04,4476062,tonnes,portwatch,2021-04-30,,2026-09-26,estimated,0
shipping_exports,fr,nation,2021-04,4476165,tonnes,portwatch,2021-04-30,,2026-10-06T05:59:33+00:00,estimated,1
shipping_exports,fr,nation,2021-05,4322329,tonnes,portwatch,2021-05-31,,2026-09-26,estimated,0
shipping_exports,fr,nation,2021-05,4322417,tonnes,portwatch,2021-05-31,,2026-10-06T05:59:33+00:00,estimated,1
shipping_exports,fr,nation,2021-06,3857506,tonnes,portwatch,2021-06-30,,2026-09-26,estimated,0
shipping_exports,fr,nation,2021-06,3857753,tonnes,portwatch,2021-06-30,,2026-10-06T05:59:33+00:00,estimated,1
shipping_exports,fr,nation,2021-07,4372895,tonnes,portwatch,2021-07-31,,2026-09-26,estimated,0
shipping_exports,fr,nation,2021-07,4372910,tonnes,portwatch,2021-07-31,,2026-10-06T05:59:33+00:00,estimated,1
shipping_exports,fr,nation,2021-08,5118531,tonnes,portwatch,2021-08-31,,2026-09-26,estimated,0
shipping_exports,fr,nation,2021-08,5118627,tonnes,portwatch,2021-08-31,,2026-10-06T05:59:33+00:00,estimated,1
shipping_exports,fr,nation,2021-09,4359434,tonnes,portwatch,2021-09-30,,2026-09-26,estimated,0
shipping_exports,fr,nation,2021-09,4359610,tonnes,portwatch,2021-09-30,,2026-10-06T05:59:33+00:00,estimated,1
shipping_exports,fr,nation,2021-10,5105259,tonnes,portwatch,2021-10-31,,2026-09-26,estimated,0
shipping_exports,fr,nation,2021-10,5105347,tonnes,portwatch,2021-10-31,,2026-10-06T05:59:33+00:00,estimated,1
shipping_exports,fr,nation,2021-11,4974684,tonnes,portwatch,2021-11-30,,2026-09-26,estimated,0
shipping_exports,fr,nation,2021-11,4974712,tonnes,portwatch,2021-11-30,,2026-10-06T05:59:33+00:00,estimated,1
shipping_exports,fr,nation,2021-12,4601700,tonnes,portwatch,2021-12-31,,2026-09-26,estimated,0
shipping_exports,fr,nation,2021-12,4601539,tonnes,portwatch,2021-12-31,,2026-10-06T05:59:33+00:00,estimated,1
shipping_exports,fr,nation,2022-01,4821277,tonnes,portwatch,2022-01-31,,2026-09-26,estimated,0
shipping_exports,fr,nation,2022-01,4821116,tonnes,portwatch,2022-01-31,,2026-10-06T05:59:33+00:00,estimated,1
shipping_exports,fr,nation,2022-02,4178995,tonnes,portwatch,2022-02-28,,2026-09-26,estimated,0
shipping_exports,fr,nation,2022-02,4179016,tonnes,portwatch,2022-02-28,,2026-10-06T05:59:33+00:00,estimated,1
shipping_exports,fr,nation,2022-03,5017334,tonnes,portwatch,2022-03-31,,2026-09-26,estimated,0
shipping_exports,fr,nation,2022-03,5017091,tonnes,portwatch,2022-03-31,,2026-10-06T05:59:33+00:00,estimated,1
shipping_exports,fr,nation,2022-04,4432452,tonnes,portwatch,2022-04-30,,2026-09-26,estimated,0
shipping_exports,fr,nation,2022-04,4432454,tonnes,portwatch,2022-04-30,,2026-10-06T05:59:33+00:00,estimated,1
shipping_exports,fr,nation,2022-05,5341306,tonnes,portwatch,2022-05-31,,2026-09-26,estimated,0
shipping_exports,fr,nation,2022-05,5341160,tonnes,portwatch,2022-05-31,,2026-10-06T05:59:33+00:00,estimated,1
shipping_exports,fr,nation,2022-06,4403185,tonnes,portwatch,2022-06-30,,2026-09-26,estimated,0
shipping_exports,fr,nation,2022-06,4402919,tonnes,portwatch,2022-06-30,,2026-10-06T05:59:33+00:00,estimated,1
shipping_exports,fr,nation,2022-07,5720498,tonnes,portwatch,2022-07-31,,2026-09-26,estimated,0
shipping_exports,fr,nation,2022-07,5720369,tonnes,portwatch,2022-07-31,,2026-10-06T05:59:33+00:00,estimated,1
shipping_exports,fr,nation,2022-08,6554955,tonnes,portwatch,2022-08-31,,2026-09-26,estimated,0
shipping_exports,fr,nation,2022-08,6554997,tonnes,portwatch,2022-08-31,,2026-10-06T05:59:33+00:00,estimated,1
shipping_exports,fr,nation,2022-09,5095666,tonnes,portwatch,2022-09-30,,2026-09-26,estimated,0
shipping_exports,fr,nation,2022-09,5095704,tonnes,portwatch,2022-09-30,,2026-10-06T05:59:33+00:00,estimated,1
shipping_exports,fr,nation,2022-10,5866521,tonnes,portwatch,2022-10-31,,2026-09-26,estimated,0
shipping_exports,fr,nation,2022-10,5866488,tonnes,portwatch,2022-10-31,,2026-10-06T05:59:33+00:00,estimated,1
shipping_exports,fr,nation,2022-11,4837441,tonnes,portwatch,2022-11-30,,2026-09-26,estimated,0
shipping_exports,fr,nation,2022-11,4837113,tonnes,portwatch,2022-11-30,,2026-10-06T05:59:33+00:00,estimated,1
shipping_exports,fr,nation,2022-12,5111729,tonnes,portwatch,2022-12-31,,2026-09-26,estimated,0
shipping_exports,fr,nation,2022-12,5111748,tonnes,portwatch,2022-12-31,,2026-10-06T05:59:33+00:00,estimated,1
shipping_exports,fr,nation,2023-01,4936878,tonnes,portwatch,2023-01-31,,2026-09-26,estimated,0
shipping_exports,fr,nation,2023-01,4937077,tonnes,portwatch,2023-01-31,,2026-10-06T05:59:33+00:00,estimated,1
shipping_exports,fr,nation,2023-02,4586018,tonnes,portwatch,2023-02-28,,2026-09-26,estimated,0
shipping_exports,fr,nation,2023-02,4585968,tonnes,portwatch,2023-02-28,,2026-10-06T05:59:33+00:00,estimated,1
shipping_exports,fr,nation,2023-03,3736268,tonnes,portwatch,2023-03-31,,2026-09-26,estimated,0
shipping_exports,fr,nation,2023-03,3736049,tonnes,portwatch,2023-03-31,,2026-10-06T05:59:33+00:00,estimated,1
shipping_exports,fr,nation,2023-04,4233679,tonnes,portwatch,2023-04-30,,2026-09-26,estimated,0
shipping_exports,fr,nation,2023-04,4233748,tonnes,portwatch,2023-04-30,,2026-10-06T05:59:33+00:00,estimated,1
shipping_exports,fr,nation,2023-05,4713934,tonnes,portwatch,2023-05-31,,2026-09-26,estimated,0
shipping_exports,fr,nation,2023-05,4713705,tonnes,portwatch,2023-05-31,,2026-10-06T05:59:33+00:00,estimated,1
shipping_exports,fr,nation,2023-06,4569535,tonnes,portwatch,2023-06-30,,2026-09-26,estimated,0
shipping_exports,fr,nation,2023-06,4569236,tonnes,portwatch,2023-06-30,,2026-10-06T05:59:33+00:00,estimated,1
shipping_exports,fr,nation,2023-07,5279394,tonnes,portwatch,2023-07-31,,2026-09-26,estimated,0
shipping_exports,fr,nation,2023-07,5279293,tonnes,portwatch,2023-07-31,,2026-10-06T05:59:33+00:00,estimated,1
shipping_exports,fr,nation,2023-08,4994871,tonnes,portwatch,2023-08-31,,2026-09-26,estimated,0
shipping_exports,fr,nation,2023-08,4994982,tonnes,portwatch,2023-08-31,,2026-10-06T05:59:33+00:00,estimated,1
shipping_exports,fr,nation,2023-09,5168724,tonnes,portwatch,2023-09-30,,2026-09-26,estimated,0
shipping_exports,fr,nation,2023-09,5168884,tonnes,portwatch,2023-09-30,,2026-10-06T05:59:33+00:00,estimated,1
shipping_exports,fr,nation,2023-10,5124262,tonnes,portwatch,2023-10-31,,2026-09-26,estimated,0
shipping_exports,fr,nation,2023-10,5124268,tonnes,portwatch,2023-10-31,,2026-10-06T05:59:33+00:00,estimated,1
shipping_exports,fr,nation,2023-11,4422772,tonnes,portwatch,2023-11-30,,2026-09-26,estimated,0
shipping_exports,fr,nation,2023-11,4422547,tonnes,portwatch,2023-11-30,,2026-10-06T05:59:33+00:00,estimated,1
shipping_exports,fr,nation,2023-12,4805133,tonnes,portwatch,2023-12-31,,2026-09-26,estimated,0
shipping_exports,fr,nation,2023-12,4805129,tonnes,portwatch,2023-12-31,,2026-10-06T05:59:33+00:00,estimated,1
shipping_exports,fr,nation,2024-01,4979016,tonnes,portwatch,2024-01-31,,2026-09-26,estimated,0
shipping_exports,fr,nation,2024-01,4979564,tonnes,portwatch,2024-01-31,,2026-10-06T05:59:33+00:00,estimated,1
shipping_exports,fr,nation,2024-02,4948301,tonnes,portwatch,2024-02-29,,2026-09-26,estimated,0
shipping_exports,fr,nation,2024-02,4948249,tonnes,portwatch,2024-02-29,,2026-10-06T05:59:33+00:00,estimated,1
shipping_exports,fr,nation,2024-03,5632406,tonnes,portwatch,2024-03-31,,2026-09-26,estimated,0
shipping_exports,fr,nation,2024-03,5633214,tonnes,portwatch,2024-03-31,,2026-10-06T05:59:33+00:00,estimated,1
shipping_exports,fr,nation,2024-04,5188413,tonnes,portwatch,2024-04-30,,2026-09-26,estimated,0
shipping_exports,fr,nation,2024-04,5188454,tonnes,portwatch,2024-04-30,,2026-10-06T05:59:33+00:00,estimated,1
shipping_exports,fr,nation,2024-05,4843523,tonnes,portwatch,2024-05-31,,2026-09-26,estimated,0
shipping_exports,fr,nation,2024-05,4843481,tonnes,portwatch,2024-05-31,,2026-10-06T05:59:33+00:00,estimated,1
shipping_exports,fr,nation,2024-06,4879841,tonnes,portwatch,2024-06-30,,2026-09-26,estimated,0
shipping_exports,fr,nation,2024-06,4879935,tonnes,portwatch,2024-06-30,,2026-10-06T05:59:33+00:00,estimated,1
shipping_exports,fr,nation,2024-07,5185187,tonnes,portwatch,2024-07-31,,2026-09-26,estimated,0
shipping_exports,fr,nation,2024-07,5185341,tonnes,portwatch,2024-07-31,,2026-10-06T05:59:33+00:00,estimated,1
shipping_exports,fr,nation,2024-08,4833563,tonnes,portwatch,2024-08-31,,2026-09-26,estimated,0
shipping_exports,fr,nation,2024-08,4833668,tonnes,portwatch,2024-08-31,,2026-10-06T05:59:33+00:00,estimated,1
shipping_exports,fr,nation,2024-09,4268122,tonnes,portwatch,2024-09-30,,2026-09-26,estimated,0
shipping_exports,fr,nation,2024-09,4268044,tonnes,portwatch,2024-09-30,,2026-10-06T05:59:33+00:00,estimated,1
shipping_exports,fr,nation,2024-10,4600408,tonnes,portwatch,2024-10-31,,2026-09-26,estimated,0
shipping_exports,fr,nation,2024-10,4600200,tonnes,portwatch,2024-10-31,,2026-10-06T05:59:33+00:00,estimated,1
shipping_exports,fr,nation,2024-11,5010000,tonnes,portwatch,2024-11-30,,2026-09-26,estimated,0
shipping_exports,fr,nation,2024-11,5009720,tonnes,portwatch,2024-11-30,,2026-10-06T05:59:33+00:00,estimated,1
shipping_exports,fr,nation,2024-12,4634793,tonnes,portwatch,2024-12-31,,2026-09-26,estimated,0
shipping_exports,fr,nation,2024-12,4634780,tonnes,portwatch,2024-12-31,,2026-10-06T05:59:33+00:00,estimated,1
shipping_exports,fr,nation,2025-01,4290736,tonnes,portwatch,2025-01-31,,2026-09-26,estimated,0
shipping_exports,fr,nation,2025-01,4290805,tonnes,portwatch,2025-01-31,,2026-10-06T05:59:33+00:00,estimated,1
shipping_exports,fr,nation,2025-02,4523202,tonnes,portwatch,2025-02-28,,2026-09-26,estimated,0
shipping_exports,fr,nation,2025-02,4523029,tonnes,portwatch,2025-02-28,,2026-10-06T05:59:33+00:00,estimated,1
shipping_exports,fr,nation,2025-03,5082284,tonnes,portwatch,2025-03-31,,2026-09-26,estimated,0
shipping_exports,fr,nation,2025-03,5082102,tonnes,portwatch,2025-03-31,,2026-10-06T05:59:33+00:00,estimated,1
shipping_exports,fr,nation,2025-04,4643628,tonnes,portwatch,2025-04-30,,2026-09-26,estimated,0
shipping_exports,fr,nation,2025-04,4644231,tonnes,portwatch,2025-04-30,,2026-10-06T05:59:33+00:00,estimated,1
shipping_exports,fr,nation,2025-05,4798361,tonnes,portwatch,2025-05-31,,2026-09-26,estimated,0
shipping_exports,fr,nation,2025-05,4798319,tonnes,portwatch,2025-05-31,,2026-10-06T05:59:33+00:00,estimated,1
shipping_exports,fr,nation,2025-06,4925614,tonnes,portwatch,2025-06-30,,2026-09-26,estimated,0
shipping_exports,fr,nation,2025-06,4925591,tonnes,portwatch,2025-06-30,,2026-10-06T05:59:33+00:00,estimated,1
shipping_exports,fr,nation,2025-07,4892564,tonnes,portwatch,2025-07-31,,2026-09-26,estimated,0
shipping_exports,fr,nation,2025-07,4892911,tonnes,portwatch,2025-07-31,,2026-10-06T05:59:33+00:00,estimated,1
shipping_exports,fr,nation,2025-08,5353013,tonnes,portwatch,2025-08-31,,2026-09-26,estimated,0
shipping_exports,fr,nation,2025-08,5353221,tonnes,portwatch,2025-08-31,,2026-10-06T05:59:33+00:00,estimated,1
shipping_exports,fr,nation,2025-09,5578770,tonnes,portwatch,2025-09-30,,2026-09-26,estimated,0
shipping_exports,fr,nation,2025-09,5578361,tonnes,portwatch,2025-09-30,,2026-10-06T05:59:33+00:00,estimated,1
shipping_exports,fr,nation,2025-10,5771826,tonnes,portwatch,2025-10-31,,2026-09-26,estimated,0
shipping_exports,fr,nation,2025-10,5772081,tonnes,portwatch,2025-10-31,,2026-10-06T05:59:33+00:00,estimated,1
shipping_exports,fr,nation,2025-11,5484106,tonnes,portwatch,2025-11-30,,2026-09-26,estimated,0
shipping_exports,fr,nation,2025-11,5485040,tonnes,portwatch,2025-11-30,,2026-10-06T05:59:33+00:00,estimated,1
shipping_exports,fr,nation,2025-12,5621997,tonnes,portwatch,2025-12-31,,2026-09-26,estimated,0
shipping_exports,fr,nation,2025-12,5622245,tonnes,portwatch,2025-12-31,,2026-10-06T05:59:33+00:00,estimated,1
shipping_exports,fr,nation,2026-01,5195488,tonnes,portwatch,2026-01-31,,2026-09-26,estimated,0
shipping_exports,fr,nation,2026-01,5196010,tonnes,portwatch,2026-01-31,,2026-10-06T05:59:33+00:00,estimated,1
shipping_exports,fr,nation,2026-02,4849027,tonnes,portwatch,2026-02-28,,2026-09-26,estimated,0
shipping_exports,fr,nation,2026-02,4849963,tonnes,portwatch,2026-02-28,,2026-10-06T05:59:33+00:00,estimated,1
shipping_exports,fr,nation,2026-03,5472596,tonnes,portwatch,2026-03-31,,2026-09-26,estimated,0
shipping_exports,fr,nation,2026-03,5472948,tonnes,portwatch,2026-03-31,,2026-10-06T05:59:33+00:00,estimated,1
shipping_exports,fr,nation,2026-04,4801146,tonnes,portwatch,2026-04-30,,2026-09-26,estimated,0
shipping_exports,fr,nation,2026-04,4802020,tonnes,portwatch,2026-04-30,,2026-10-06T05:59:33+00:00,estimated,1
shipping_exports,fr,nation,2026-05,4777930,tonnes,portwatch,2026-05-31,,2026-09-26,estimated,0
shipping_exports,fr,nation,2026-05,4777872,tonnes,portwatch,2026-05-31,,2026-10-06T05:59:33+00:00,estimated,1
shipping_exports,fr,nation,2026-06,4889848,tonnes,portwatch,2026-06-30,,2026-09-26,estimated,0
shipping_exports,fr,nation,2026-06,4889669,tonnes,portwatch,2026-06-30,,2026-10-06T05:59:33+00:00,estimated,1
shipping_exports,fr,nation,2026-07,5282992,tonnes,portwatch,2026-07-31,,2026-09-26,estimated,0
shipping_exports,fr,nation,2026-07,5283642,tonnes,portwatch,2026-07-31,,2026-10-06T05:59:33+00:00,estimated,1
shipping_exports,fr,nation,2026-08,4777984,tonnes,portwatch,2026-08-31,,2026-09-26,estimated,0
shipping_exports,fr,nation,2026-08,4778610,tonnes,portwatch,2026-08-31,,2026-10-06T05:59:33+00:00,estimated,1
shipping_exports,gb,nation,2019-01,8718628,tonnes,portwatch,2019-01-31,,2026-09-26,estimated,0
shipping_exports,gb,nation,2019-01,8718248,tonnes,portwatch,2019-01-31,,2026-10-06T05:59:44+00:00,estimated,1
shipping_exports,gb,nation,2019-02,8238650,tonnes,portwatch,2019-02-28,,2026-09-26,estimated,0
shipping_exports,gb,nation,2019-02,8238362,tonnes,portwatch,2019-02-28,,2026-10-06T05:59:44+00:00,estimated,1
shipping_exports,gb,nation,2019-03,8641268,tonnes,portwatch,2019-03-31,,2026-09-26,estimated,0
shipping_exports,gb,nation,2019-03,8641157,tonnes,portwatch,2019-03-31,,2026-10-06T05:59:44+00:00,estimated,1
shipping_exports,gb,nation,2019-04,8074929,tonnes,portwatch,2019-04-30,,2026-09-26,estimated,0
shipping_exports,gb,nation,2019-04,8075000,tonnes,portwatch,2019-04-30,,2026-10-06T05:59:44+00:00,estimated,1
shipping_exports,gb,nation,2019-05,8263425,tonnes,portwatch,2019-05-31,,2026-09-26,estimated,0
shipping_exports,gb,nation,2019-05,8263359,tonnes,portwatch,2019-05-31,,2026-10-06T05:59:44+00:00,estimated,1
shipping_exports,gb,nation,2019-06,7756914,tonnes,portwatch,2019-06-30,,2026-09-26,estimated,0
shipping_exports,gb,nation,2019-06,7756608,tonnes,portwatch,2019-06-30,,2026-10-06T05:59:44+00:00,estimated,1
shipping_exports,gb,nation,2019-07,8281421,tonnes,portwatch,2019-07-31,,2026-09-26,estimated,0
shipping_exports,gb,nation,2019-07,8281426,tonnes,portwatch,2019-07-31,,2026-10-06T05:59:44+00:00,estimated,1
shipping_exports,gb,nation,2019-08,8336808,tonnes,portwatch,2019-08-31,,2026-09-26,estimated,0
shipping_exports,gb,nation,2019-08,8336870,tonnes,portwatch,2019-08-31,,2026-10-06T05:59:44+00:00,estimated,1
shipping_exports,gb,nation,2019-09,9063890,tonnes,portwatch,2019-09-30,,2026-09-26,estimated,0
shipping_exports,gb,nation,2019-09,9063969,tonnes,portwatch,2019-09-30,,2026-10-06T05:59:44+00:00,estimated,1
shipping_exports,gb,nation,2019-10,8975004,tonnes,portwatch,2019-10-31,,2026-09-26,estimated,0
shipping_exports,gb,nation,2019-10,8974798,tonnes,portwatch,2019-10-31,,2026-10-06T05:59:44+00:00,estimated,1
shipping_exports,gb,nation,2019-11,8215178,tonnes,portwatch,2019-11-30,,2026-09-26,estimated,0
shipping_exports,gb,nation,2019-11,8215110,tonnes,portwatch,2019-11-30,,2026-10-06T05:59:44+00:00,estimated,1
shipping_exports,gb,nation,2019-12,8854059,tonnes,portwatch,2019-12-31,,2026-09-26,estimated,0
shipping_exports,gb,nation,2019-12,8854540,tonnes,portwatch,2019-12-31,,2026-10-06T05:59:44+00:00,estimated,1
shipping_exports,gb,nation,2020-01,8293281,tonnes,portwatch,2020-01-31,,2026-09-26,estimated,0
shipping_exports,gb,nation,2020-01,8293237,tonnes,portwatch,2020-01-31,,2026-10-06T05:59:44+00:00,estimated,1
shipping_exports,gb,nation,2020-02,7599736,tonnes,portwatch,2020-02-29,,2026-09-26,estimated,0
shipping_exports,gb,nation,2020-02,7599699,tonnes,portwatch,2020-02-29,,2026-10-06T05:59:44+00:00,estimated,1
shipping_exports,gb,nation,2020-03,8411617,tonnes,portwatch,2020-03-31,,2026-09-26,estimated,0
shipping_exports,gb,nation,2020-03,8411501,tonnes,portwatch,2020-03-31,,2026-10-06T05:59:44+00:00,estimated,1
shipping_exports,gb,nation,2020-04,7538259,tonnes,portwatch,2020-04-30,,2026-09-26,estimated,0
shipping_exports,gb,nation,2020-04,7538497,tonnes,portwatch,2020-04-30,,2026-10-06T05:59:44+00:00,estimated,1
shipping_exports,gb,nation,2020-05,7690007,tonnes,portwatch,2020-05-31,,2026-09-26,estimated,0
shipping_exports,gb,nation,2020-05,7689829,tonnes,portwatch,2020-05-31,,2026-10-06T05:59:44+00:00,estimated,1
shipping_exports,gb,nation,2020-06,7268980,tonnes,portwatch,2020-06-30,,2026-09-26,estimated,0
shipping_exports,gb,nation,2020-06,7268447,tonnes,portwatch,2020-06-30,,2026-10-06T05:59:44+00:00,estimated,1
shipping_exports,gb,nation,2020-07,7882182,tonnes,portwatch,2020-07-31,,2026-09-26,estimated,0
shipping_exports,gb,nation,2020-07,7881870,tonnes,portwatch,2020-07-31,,2026-10-06T05:59:44+00:00,estimated,1
shipping_exports,gb,nation,2020-08,7665488,tonnes,portwatch,2020-08-31,,2026-09-26,estimated,0
shipping_exports,gb,nation,2020-08,7665416,tonnes,portwatch,2020-08-31,,2026-10-06T05:59:44+00:00,estimated,1
shipping_exports,gb,nation,2020-09,6975778,tonnes,portwatch,2020-09-30,,2026-09-26,estimated,0
shipping_exports,gb,nation,2020-09,6975723,tonnes,portwatch,2020-09-30,,2026-10-06T05:59:44+00:00,estimated,1
shipping_exports,gb,nation,2020-10,8469533,tonnes,portwatch,2020-10-31,,2026-09-26,estimated,0
shipping_exports,gb,nation,2020-10,8469619,tonnes,portwatch,2020-10-31,,2026-10-06T05:59:44+00:00,estimated,1
shipping_exports,gb,nation,2020-11,8183206,tonnes,portwatch,2020-11-30,,2026-09-26,estimated,0
shipping_exports,gb,nation,2020-11,8183267,tonnes,portwatch,2020-11-30,,2026-10-06T05:59:44+00:00,estimated,1
shipping_exports,gb,nation,2020-12,7773508,tonnes,portwatch,2020-12-31,,2026-09-26,estimated,0
shipping_exports,gb,nation,2020-12,7773070,tonnes,portwatch,2020-12-31,,2026-10-06T05:59:44+00:00,estimated,1
shipping_exports,gb,nation,2021-01,8520508,tonnes,portwatch,2021-01-31,,2026-09-26,estimated,0
shipping_exports,gb,nation,2021-01,8520473,tonnes,portwatch,2021-01-31,,2026-10-06T05:59:44+00:00,estimated,1
shipping_exports,gb,nation,2021-02,7765757,tonnes,portwatch,2021-02-28,,2026-09-26,estimated,0
shipping_exports,gb,nation,2021-02,7765809,tonnes,portwatch,2021-02-28,,2026-10-06T05:59:44+00:00,estimated,1
shipping_exports,gb,nation,2021-03,8502312,tonnes,portwatch,2021-03-31,,2026-09-26,estimated,0
shipping_exports,gb,nation,2021-03,8502425,tonnes,portwatch,2021-03-31,,2026-10-06T05:59:44+00:00,estimated,1
shipping_exports,gb,nation,2021-04,7935582,tonnes,portwatch,2021-04-30,,2026-09-26,estimated,0
shipping_exports,gb,nation,2021-04,7935500,tonnes,portwatch,2021-04-30,,2026-10-06T05:59:44+00:00,estimated,1
shipping_exports,gb,nation,2021-05,8187364,tonnes,portwatch,2021-05-31,,2026-09-26,estimated,0
shipping_exports,gb,nation,2021-05,8187351,tonnes,portwatch,2021-05-31,,2026-10-06T05:59:44+00:00,estimated,1
shipping_exports,gb,nation,2021-06,7552162,tonnes,portwatch,2021-06-30,,2026-09-26,estimated,0
shipping_exports,gb,nation,2021-06,7552220,tonnes,portwatch,2021-06-30,,2026-10-06T05:59:44+00:00,estimated,1
shipping_exports,gb,nation,2021-07,8645595,tonnes,portwatch,2021-07-31,,2026-09-26,estimated,0
shipping_exports,gb,nation,2021-07,8645667,tonnes,portwatch,2021-07-31,,2026-10-06T05:59:44+00:00,estimated,1
shipping_exports,gb,nation,2021-08,8374042,tonnes,portwatch,2021-08-31,,2026-09-26,estimated,0
shipping_exports,gb,nation,2021-08,8373863,tonnes,portwatch,2021-08-31,,2026-10-06T05:59:44+00:00,estimated,1
shipping_exports,gb,nation,2021-09,8224179,tonnes,portwatch,2021-09-30,,2026-09-26,estimated,0
shipping_exports,gb,nation,2021-09,8224135,tonnes,portwatch,2021-09-30,,2026-10-06T05:59:44+00:00,estimated,1
shipping_exports,gb,nation,2021-10,8029968,tonnes,portwatch,2021-10-31,,2026-09-26,estimated,0
shipping_exports,gb,nation,2021-10,8029458,tonnes,portwatch,2021-10-31,,2026-10-06T05:59:44+00:00,estimated,1
shipping_exports,gb,nation,2021-11,8526773,tonnes,portwatch,2021-11-30,,2026-09-26,estimated,0
shipping_exports,gb,nation,2021-11,8526806,tonnes,portwatch,2021-11-30,,2026-10-06T05:59:44+00:00,estimated,1
shipping_exports,gb,nation,2021-12,9445131,tonnes,portwatch,2021-12-31,,2026-09-26,estimated,0
shipping_exports,gb,nation,2021-12,9445330,tonnes,portwatch,2021-12-31,,2026-10-06T05:59:44+00:00,estimated,1
shipping_exports,gb,nation,2022-01,8457042,tonnes,portwatch,2022-01-31,,2026-09-26,estimated,0
shipping_exports,gb,nation,2022-01,8457282,tonnes,portwatch,2022-01-31,,2026-10-06T05:59:44+00:00,estimated,1
shipping_exports,gb,nation,2022-02,7913536,tonnes,portwatch,2022-02-28,,2026-09-26,estimated,0
shipping_exports,gb,nation,2022-02,7913692,tonnes,portwatch,2022-02-28,,2026-10-06T05:59:44+00:00,estimated,1
shipping_exports,gb,nation,2022-03,9015969,tonnes,portwatch,2022-03-31,,2026-09-26,estimated,0
shipping_exports,gb,nation,2022-03,9015901,tonnes,portwatch,2022-03-31,,2026-10-06T05:59:44+00:00,estimated,1
shipping_exports,gb,nation,2022-04,8237659,tonnes,portwatch,2022-04-30,,2026-09-26,estimated,0
shipping_exports,gb,nation,2022-04,8237716,tonnes,portwatch,2022-04-30,,2026-10-06T05:59:44+00:00,estimated,1
shipping_exports,gb,nation,2022-05,8186174,tonnes,portwatch,2022-05-31,,2026-09-26,estimated,0
shipping_exports,gb,nation,2022-05,8186196,tonnes,portwatch,2022-05-31,,2026-10-06T05:59:44+00:00,estimated,1
shipping_exports,gb,nation,2022-06,7236225,tonnes,portwatch,2022-06-30,,2026-09-26,estimated,0
shipping_exports,gb,nation,2022-06,7235832,tonnes,portwatch,2022-06-30,,2026-10-06T05:59:44+00:00,estimated,1
shipping_exports,gb,nation,2022-07,8872261,tonnes,portwatch,2022-07-31,,2026-09-26,estimated,0
shipping_exports,gb,nation,2022-07,8872248,tonnes,portwatch,2022-07-31,,2026-10-06T05:59:44+00:00,estimated,1
shipping_exports,gb,nation,2022-08,7800658,tonnes,portwatch,2022-08-31,,2026-09-26,estimated,0
shipping_exports,gb,nation,2022-08,7800688,tonnes,portwatch,2022-08-31,,2026-10-06T05:59:44+00:00,estimated,1
shipping_exports,gb,nation,2022-09,7928816,tonnes,portwatch,2022-09-30,,2026-09-26,estimated,0
shipping_exports,gb,nation,2022-09,7928879,tonnes,portwatch,2022-09-30,,2026-10-06T05:59:44+00:00,estimated,1
shipping_exports,gb,nation,2022-10,8482844,tonnes,portwatch,2022-10-31,,2026-09-26,estimated,0
shipping_exports,gb,nation,2022-10,8482847,tonnes,portwatch,2022-10-31,,2026-10-06T05:59:44+00:00,estimated,1
shipping_exports,gb,nation,2022-11,8650578,tonnes,portwatch,2022-11-30,,2026-09-26,estimated,0
shipping_exports,gb,nation,2022-11,8650605,tonnes,portwatch,2022-11-30,,2026-10-06T05:59:44+00:00,estimated,1
shipping_exports,gb,nation,2022-12,8424725,tonnes,portwatch,2022-12-31,,2026-09-26,estimated,0
shipping_exports,gb,nation,2022-12,8424445,tonnes,portwatch,2022-12-31,,2026-10-06T05:59:44+00:00,estimated,1
shipping_exports,gb,nation,2023-01,7782228,tonnes,portwatch,2023-01-31,,2026-09-26,estimated,0
shipping_exports,gb,nation,2023-01,7781847,tonnes,portwatch,2023-01-31,,2026-10-06T05:59:44+00:00,estimated,1
shipping_exports,gb,nation,2023-02,8082359,tonnes,portwatch,2023-02-28,,2026-09-26,estimated,0
shipping_exports,gb,nation,2023-02,8082259,tonnes,portwatch,2023-02-28,,2026-10-06T05:59:44+00:00,estimated,1
shipping_exports,gb,nation,2023-03,8512913,tonnes,portwatch,2023-03-31,,2026-09-26,estimated,0
shipping_exports,gb,nation,2023-03,8512797,tonnes,portwatch,2023-03-31,,2026-10-06T05:59:44+00:00,estimated,1
shipping_exports,gb,nation,2023-04,7759125,tonnes,portwatch,2023-04-30,,2026-09-26,estimated,0
shipping_exports,gb,nation,2023-04,7758885,tonnes,portwatch,2023-04-30,,2026-10-06T05:59:44+00:00,estimated,1
shipping_exports,gb,nation,2023-05,7713254,tonnes,portwatch,2023-05-31,,2026-09-26,estimated,0
shipping_exports,gb,nation,2023-05,7713246,tonnes,portwatch,2023-05-31,,2026-10-06T05:59:44+00:00,estimated,1
shipping_exports,gb,nation,2023-06,7029505,tonnes,portwatch,2023-06-30,,2026-09-26,estimated,0
shipping_exports,gb,nation,2023-06,7029280,tonnes,portwatch,2023-06-30,,2026-10-06T05:59:44+00:00,estimated,1
shipping_exports,gb,nation,2023-07,7592233,tonnes,portwatch,2023-07-31,,2026-09-26,estimated,0
shipping_exports,gb,nation,2023-07,7592114,tonnes,portwatch,2023-07-31,,2026-10-06T05:59:44+00:00,estimated,1
shipping_exports,gb,nation,2023-08,7493080,tonnes,portwatch,2023-08-31,,2026-09-26,estimated,0
shipping_exports,gb,nation,2023-08,7492969,tonnes,portwatch,2023-08-31,,2026-10-06T05:59:44+00:00,estimated,1
shipping_exports,gb,nation,2023-09,7350669,tonnes,portwatch,2023-09-30,,2026-09-26,estimated,0
shipping_exports,gb,nation,2023-09,7350513,tonnes,portwatch,2023-09-30,,2026-10-06T05:59:44+00:00,estimated,1
shipping_exports,gb,nation,2023-10,7969572,tonnes,portwatch,2023-10-31,,2026-09-26,estimated,0
shipping_exports,gb,nation,2023-10,7969619,tonnes,portwatch,2023-10-31,,2026-10-06T05:59:44+00:00,estimated,1
shipping_exports,gb,nation,2023-11,7388173,tonnes,portwatch,2023-11-30,,2026-09-26,estimated,0
shipping_exports,gb,nation,2023-11,7388149,tonnes,portwatch,2023-11-30,,2026-10-06T05:59:44+00:00,estimated,1
shipping_exports,gb,nation,2023-12,7307679,tonnes,portwatch,2023-12-31,,2026-09-26,estimated,0
shipping_exports,gb,nation,2023-12,7307716,tonnes,portwatch,2023-12-31,,2026-10-06T05:59:44+00:00,estimated,1
shipping_exports,gb,nation,2024-01,7473989,tonnes,portwatch,2024-01-31,,2026-09-26,estimated,0
shipping_exports,gb,nation,2024-01,7473963,tonnes,portwatch,2024-01-31,,2026-10-06T05:59:44+00:00,estimated,1
shipping_exports,gb,nation,2024-02,6887784,tonnes,portwatch,2024-02-29,,2026-09-26,estimated,0
shipping_exports,gb,nation,2024-02,6887626,tonnes,portwatch,2024-02-29,,2026-10-06T05:59:44+00:00,estimated,1
shipping_exports,gb,nation,2024-03,7837774,tonnes,portwatch,2024-03-31,,2026-09-26,estimated,0
shipping_exports,gb,nation,2024-03,7838180,tonnes,portwatch,2024-03-31,,2026-10-06T05:59:44+00:00,estimated,1
shipping_exports,gb,nation,2024-04,7820451,tonnes,portwatch,2024-04-30,,2026-09-26,estimated,0
shipping_exports,gb,nation,2024-04,7820264,tonnes,portwatch,2024-04-30,,2026-10-06T05:59:44+00:00,estimated,1
shipping_exports,gb,nation,2024-05,7856977,tonnes,portwatch,2024-05-31,,2026-09-26,estimated,0
shipping_exports,gb,nation,2024-05,7856781,tonnes,portwatch,2024-05-31,,2026-10-06T05:59:44+00:00,estimated,1
shipping_exports,gb,nation,2024-06,7449092,tonnes,portwatch,2024-06-30,,2026-09-26,estimated,0
shipping_exports,gb,nation,2024-06,7449220,tonnes,portwatch,2024-06-30,,2026-10-06T05:59:44+00:00,estimated,1
shipping_exports,gb,nation,2024-07,8092632,tonnes,portwatch,2024-07-31,,2026-09-26,estimated,0
shipping_exports,gb,nation,2024-07,8092746,tonnes,portwatch,2024-07-31,,2026-10-06T05:59:44+00:00,estimated,1
shipping_exports,gb,nation,2024-08,7565802,tonnes,portwatch,2024-08-31,,2026-09-26,estimated,0
shipping_exports,gb,nation,2024-08,7565835,tonnes,portwatch,2024-08-31,,2026-10-06T05:59:44+00:00,estimated,1
shipping_exports,gb,nation,2024-09,7215863,tonnes,portwatch,2024-09-30,,2026-09-26,estimated,0
shipping_exports,gb,nation,2024-09,7215983,tonnes,portwatch,2024-09-30,,2026-10-06T05:59:44+00:00,estimated,1
shipping_exports,gb,nation,2024-10,7889870,tonnes,portwatch,2024-10-31,,2026-09-26,estimated,0
shipping_exports,gb,nation,2024-10,7889727,tonnes,portwatch,2024-10-31,,2026-10-06T05:59:44+00:00,estimated,1
shipping_exports,gb,nation,2024-11,8396475,tonnes,portwatch,2024-11-30,,2026-09-26,estimated,0
shipping_exports,gb,nation,2024-11,8396431,tonnes,portwatch,2024-11-30,,2026-10-06T05:59:44+00:00,estimated,1
shipping_exports,gb,nation,2024-12,7309357,tonnes,portwatch,2024-12-31,,2026-09-26,estimated,0
shipping_exports,gb,nation,2024-12,7309450,tonnes,portwatch,2024-12-31,,2026-10-06T05:59:44+00:00,estimated,1
shipping_exports,gb,nation,2025-01,7716918,tonnes,portwatch,2025-01-31,,2026-09-26,estimated,0
shipping_exports,gb,nation,2025-01,7716744,tonnes,portwatch,2025-01-31,,2026-10-06T05:59:44+00:00,estimated,1
shipping_exports,gb,nation,2025-02,7189296,tonnes,portwatch,2025-02-28,,2026-09-26,estimated,0
shipping_exports,gb,nation,2025-02,7189317,tonnes,portwatch,2025-02-28,,2026-10-06T05:59:44+00:00,estimated,1
shipping_exports,gb,nation,2025-03,7573259,tonnes,portwatch,2025-03-31,,2026-09-26,estimated,0
shipping_exports,gb,nation,2025-03,7573042,tonnes,portwatch,2025-03-31,,2026-10-06T05:59:44+00:00,estimated,1
shipping_exports,gb,nation,2025-04,7429545,tonnes,portwatch,2025-04-30,,2026-09-26,estimated,0
shipping_exports,gb,nation,2025-04,7429384,tonnes,portwatch,2025-04-30,,2026-10-06T05:59:44+00:00,estimated,1
shipping_exports,gb,nation,2025-05,7759620,tonnes,portwatch,2025-05-31,,2026-09-26,estimated,0
shipping_exports,gb,nation,2025-05,7759689,tonnes,portwatch,2025-05-31,,2026-10-06T05:59:44+00:00,estimated,1
shipping_exports,gb,nation,2025-06,6703139,tonnes,portwatch,2025-06-30,,2026-09-26,estimated,0
shipping_exports,gb,nation,2025-06,6703066,tonnes,portwatch,2025-06-30,,2026-10-06T05:59:44+00:00,estimated,1
shipping_exports,gb,nation,2025-07,8034546,tonnes,portwatch,2025-07-31,,2026-09-26,estimated,0
shipping_exports,gb,nation,2025-07,8034416,tonnes,portwatch,2025-07-31,,2026-10-06T05:59:44+00:00,estimated,1
shipping_exports,gb,nation,2025-08,7213502,tonnes,portwatch,2025-08-31,,2026-09-26,estimated,0
shipping_exports,gb,nation,2025-08,7213641,tonnes,portwatch,2025-08-31,,2026-10-06T05:59:44+00:00,estimated,1
shipping_exports,gb,nation,2025-09,6541285,tonnes,portwatch,2025-09-30,,2026-09-26,estimated,0
shipping_exports,gb,nation,2025-09,6540740,tonnes,portwatch,2025-09-30,,2026-10-06T05:59:44+00:00,estimated,1
shipping_exports,gb,nation,2025-10,7065571,tonnes,portwatch,2025-10-31,,2026-09-26,estimated,0
shipping_exports,gb,nation,2025-10,7065390,tonnes,portwatch,2025-10-31,,2026-10-06T05:59:44+00:00,estimated,1
shipping_exports,gb,nation,2025-11,6863604,tonnes,portwatch,2025-11-30,,2026-09-26,estimated,0
shipping_exports,gb,nation,2025-11,6863750,tonnes,portwatch,2025-11-30,,2026-10-06T05:59:44+00:00,estimated,1
shipping_exports,gb,nation,2025-12,6391351,tonnes,portwatch,2025-12-31,,2026-09-26,estimated,0
shipping_exports,gb,nation,2025-12,6391182,tonnes,portwatch,2025-12-31,,2026-10-06T05:59:44+00:00,estimated,1
shipping_exports,gb,nation,2026-01,6709768,tonnes,portwatch,2026-01-31,,2026-09-26,estimated,0
shipping_exports,gb,nation,2026-01,6708828,tonnes,portwatch,2026-01-31,,2026-10-06T05:59:44+00:00,estimated,1
shipping_exports,gb,nation,2026-02,7182307,tonnes,portwatch,2026-02-28,,2026-09-26,estimated,0
shipping_exports,gb,nation,2026-02,7182204,tonnes,portwatch,2026-02-28,,2026-10-06T05:59:44+00:00,estimated,1
shipping_exports,gb,nation,2026-03,7457657,tonnes,portwatch,2026-03-31,,2026-09-26,estimated,0
shipping_exports,gb,nation,2026-03,7457757,tonnes,portwatch,2026-03-31,,2026-10-06T05:59:44+00:00,estimated,1
shipping_exports,gb,nation,2026-04,6619663,tonnes,portwatch,2026-04-30,,2026-09-26,estimated,0
shipping_exports,gb,nation,2026-04,6619153,tonnes,portwatch,2026-04-30,,2026-10-06T05:59:44+00:00,estimated,1
shipping_exports,gb,nation,2026-05,6839516,tonnes,portwatch,2026-05-31,,2026-09-26,estimated,0
shipping_exports,gb,nation,2026-05,6839112,tonnes,portwatch,2026-05-31,,2026-10-06T05:59:44+00:00,estimated,1
shipping_exports,gb,nation,2026-06,7121182,tonnes,portwatch,2026-06-30,,2026-09-26,estimated,0
shipping_exports,gb,nation,2026-06,7121225,tonnes,portwatch,2026-06-30,,2026-10-06T05:59:44+00:00,estimated,1
shipping_exports,gb,nation,2026-07,6370555,tonnes,portwatch,2026-07-31,,2026-09-26,estimated,0
shipping_exports,gb,nation,2026-07,6370275,tonnes,portwatch,2026-07-31,,2026-10-06T05:59:44+00:00,estimated,1
shipping_exports,gb,nation,2026-08,6035926,tonnes,portwatch,2026-08-31,,2026-09-26,estimated,0
shipping_exports,gb,nation,2026-08,6031773,tonnes,portwatch,2026-08-31,,2026-10-06T05:59:44+00:00,estimated,1
shipping_exports,id,nation,2019-01,28680337,tonnes,portwatch,2019-01-31,,2026-09-26,estimated,0
shipping_exports,id,nation,2019-01,28682167,tonnes,portwatch,2019-01-31,,2026-10-06T05:59:35+00:00,estimated,1
shipping_exports,id,nation,2019-02,31592153,tonnes,portwatch,2019-02-28,,2026-09-26,estimated,0
shipping_exports,id,nation,2019-02,31594260,tonnes,portwatch,2019-02-28,,2026-10-06T05:59:35+00:00,estimated,1
shipping_exports,id,nation,2019-03,31661879,tonnes,portwatch,2019-03-31,,2026-09-26,estimated,0
shipping_exports,id,nation,2019-03,31662179,tonnes,portwatch,2019-03-31,,2026-10-06T05:59:35+00:00,estimated,1
shipping_exports,id,nation,2019-04,29142094,tonnes,portwatch,2019-04-30,,2026-09-26,estimated,0
shipping_exports,id,nation,2019-04,29144953,tonnes,portwatch,2019-04-30,,2026-10-06T05:59:35+00:00,estimated,1
shipping_exports,id,nation,2019-05,30769232,tonnes,portwatch,2019-05-31,,2026-09-26,estimated,0
shipping_exports,id,nation,2019-05,30771925,tonnes,portwatch,2019-05-31,,2026-10-06T05:59:35+00:00,estimated,1
shipping_exports,id,nation,2019-06,25498918,tonnes,portwatch,2019-06-30,,2026-09-26,estimated,0
shipping_exports,id,nation,2019-06,25501165,tonnes,portwatch,2019-06-30,,2026-10-06T05:59:35+00:00,estimated,1
shipping_exports,id,nation,2019-07,30113563,tonnes,portwatch,2019-07-31,,2026-09-26,estimated,0
shipping_exports,id,nation,2019-07,30114722,tonnes,portwatch,2019-07-31,,2026-10-06T05:59:35+00:00,estimated,1
shipping_exports,id,nation,2019-08,29489556,tonnes,portwatch,2019-08-31,,2026-09-26,estimated,0
shipping_exports,id,nation,2019-08,29492492,tonnes,portwatch,2019-08-31,,2026-10-06T05:59:35+00:00,estimated,1
shipping_exports,id,nation,2019-09,29711254,tonnes,portwatch,2019-09-30,,2026-09-26,estimated,0
shipping_exports,id,nation,2019-09,29715352,tonnes,portwatch,2019-09-30,,2026-10-06T05:59:35+00:00,estimated,1
shipping_exports,id,nation,2019-10,29812406,tonnes,portwatch,2019-10-31,,2026-09-26,estimated,0
shipping_exports,id,nation,2019-10,29817227,tonnes,portwatch,2019-10-31,,2026-10-06T05:59:35+00:00,estimated,1
shipping_exports,id,nation,2019-11,30244104,tonnes,portwatch,2019-11-30,,2026-09-26,estimated,0
shipping_exports,id,nation,2019-11,30247248,tonnes,portwatch,2019-11-30,,2026-10-06T05:59:35+00:00,estimated,1
shipping_exports,id,nation,2019-12,31484561,tonnes,portwatch,2019-12-31,,2026-09-26,estimated,0
shipping_exports,id,nation,2019-12,31489895,tonnes,portwatch,2019-12-31,,2026-10-06T05:59:35+00:00,estimated,1
shipping_exports,id,nation,2020-01,29765619,tonnes,portwatch,2020-01-31,,2026-09-26,estimated,0
shipping_exports,id,nation,2020-01,29770229,tonnes,portwatch,2020-01-31,,2026-10-06T05:59:35+00:00,estimated,1
shipping_exports,id,nation,2020-02,30771721,tonnes,portwatch,2020-02-29,,2026-09-26,estimated,0
shipping_exports,id,nation,2020-02,30775738,tonnes,portwatch,2020-02-29,,2026-10-06T05:59:35+00:00,estimated,1
shipping_exports,id,nation,2020-03,32766591,tonnes,portwatch,2020-03-31,,2026-09-26,estimated,0
shipping_exports,id,nation,2020-03,32770684,tonnes,portwatch,2020-03-31,,2026-10-06T05:59:35+00:00,estimated,1
shipping_exports,id,nation,2020-04,27930806,tonnes,portwatch,2020-04-30,,2026-09-26,estimated,0
shipping_exports,id,nation,2020-04,27932606,tonnes,portwatch,2020-04-30,,2026-10-06T05:59:35+00:00,estimated,1
shipping_exports,id,nation,2020-05,27771005,tonnes,portwatch,2020-05-31,,2026-09-26,estimated,0
shipping_exports,id,nation,2020-05,27773366,tonnes,portwatch,2020-05-31,,2026-10-06T05:59:35+00:00,estimated,1
shipping_exports,id,nation,2020-06,25607452,tonnes,portwatch,2020-06-30,,2026-09-26,estimated,0
shipping_exports,id,nation,2020-06,25610890,tonnes,portwatch,2020-06-30,,2026-10-06T05:59:35+00:00,estimated,1
shipping_exports,id,nation,2020-07,26216078,tonnes,portwatch,2020-07-31,,2026-09-26,estimated,0
shipping_exports,id,nation,2020-07,26227787,tonnes,portwatch,2020-07-31,,2026-10-06T05:59:35+00:00,estimated,1
shipping_exports,id,nation,2020-08,26615058,tonnes,portwatch,2020-08-31,,2026-09-26,estimated,0
shipping_exports,id,nation,2020-08,26618916,tonnes,portwatch,2020-08-31,,2026-10-06T05:59:35+00:00,estimated,1
shipping_exports,id,nation,2020-09,24475861,tonnes,portwatch,2020-09-30,,2026-09-26,estimated,0
shipping_exports,id,nation,2020-09,24477190,tonnes,portwatch,2020-09-30,,2026-10-06T05:59:35+00:00,estimated,1
shipping_exports,id,nation,2020-10,28861903,tonnes,portwatch,2020-10-31,,2026-09-26,estimated,0
shipping_exports,id,nation,2020-10,28862658,tonnes,portwatch,2020-10-31,,2026-10-06T05:59:35+00:00,estimated,1
shipping_exports,id,nation,2020-11,29078414,tonnes,portwatch,2020-11-30,,2026-09-26,estimated,0
shipping_exports,id,nation,2020-11,29079767,tonnes,portwatch,2020-11-30,,2026-10-06T05:59:35+00:00,estimated,1
shipping_exports,id,nation,2020-12,34571564,tonnes,portwatch,2020-12-31,,2026-09-26,estimated,0
shipping_exports,id,nation,2020-12,34574223,tonnes,portwatch,2020-12-31,,2026-10-06T05:59:35+00:00,estimated,1
shipping_exports,id,nation,2021-01,32602495,tonnes,portwatch,2021-01-31,,2026-09-26,estimated,0
shipping_exports,id,nation,2021-01,32606515,tonnes,portwatch,2021-01-31,,2026-10-06T05:59:35+00:00,estimated,1
shipping_exports,id,nation,2021-02,27500582,tonnes,portwatch,2021-02-28,,2026-09-26,estimated,0
shipping_exports,id,nation,2021-02,27503554,tonnes,portwatch,2021-02-28,,2026-10-06T05:59:35+00:00,estimated,1
shipping_exports,id,nation,2021-03,28081962,tonnes,portwatch,2021-03-31,,2026-09-26,estimated,0
shipping_exports,id,nation,2021-03,28082396,tonnes,portwatch,2021-03-31,,2026-10-06T05:59:35+00:00,estimated,1
shipping_exports,id,nation,2021-04,30481253,tonnes,portwatch,2021-04-30,,2026-09-26,estimated,0
shipping_exports,id,nation,2021-04,30482962,tonnes,portwatch,2021-04-30,,2026-10-06T05:59:35+00:00,estimated,1
shipping_exports,id,nation,2021-05,30986487,tonnes,portwatch,2021-05-31,,2026-09-26,estimated,0
shipping_exports,id,nation,2021-05,30988072,tonnes,portwatch,2021-05-31,,2026-10-06T05:59:35+00:00,estimated,1
shipping_exports,id,nation,2021-06,31971255,tonnes,portwatch,2021-06-30,,2026-09-26,estimated,0
shipping_exports,id,nation,2021-06,31973116,tonnes,portwatch,2021-06-30,,2026-10-06T05:59:35+00:00,estimated,1
shipping_exports,id,nation,2021-07,32242401,tonnes,portwatch,2021-07-31,,2026-09-26,estimated,0
shipping_exports,id,nation,2021-07,32247672,tonnes,portwatch,2021-07-31,,2026-10-06T05:59:35+00:00,estimated,1
shipping_exports,id,nation,2021-08,31758462,tonnes,portwatch,2021-08-31,,2026-09-26,estimated,0
shipping_exports,id,nation,2021-08,31759642,tonnes,portwatch,2021-08-31,,2026-10-06T05:59:35+00:00,estimated,1
shipping_exports,id,nation,2021-09,31906549,tonnes,portwatch,2021-09-30,,2026-09-26,estimated,0
shipping_exports,id,nation,2021-09,31907174,tonnes,portwatch,2021-09-30,,2026-10-06T05:59:35+00:00,estimated,1
shipping_exports,id,nation,2021-10,32020424,tonnes,portwatch,2021-10-31,,2026-09-26,estimated,0
shipping_exports,id,nation,2021-10,32024121,tonnes,portwatch,2021-10-31,,2026-10-06T05:59:35+00:00,estimated,1
shipping_exports,id,nation,2021-11,34169005,tonnes,portwatch,2021-11-30,,2026-09-26,estimated,0
shipping_exports,id,nation,2021-11,34171278,tonnes,portwatch,2021-11-30,,2026-10-06T05:59:35+00:00,estimated,1
shipping_exports,id,nation,2021-12,37327558,tonnes,portwatch,2021-12-31,,2026-09-26,estimated,0
shipping_exports,id,nation,2021-12,37330282,tonnes,portwatch,2021-12-31,,2026-10-06T05:59:35+00:00,estimated,1
shipping_exports,id,nation,2022-01,25668312,tonnes,portwatch,2022-01-31,,2026-09-26,estimated,0
shipping_exports,id,nation,2022-01,25670629,tonnes,portwatch,2022-01-31,,2026-10-06T05:59:35+00:00,estimated,1
shipping_exports,id,nation,2022-02,31285390,tonnes,portwatch,2022-02-28,,2026-09-26,estimated,0
shipping_exports,id,nation,2022-02,31286973,tonnes,portwatch,2022-02-28,,2026-10-06T05:59:35+00:00,estimated,1
shipping_exports,id,nation,2022-03,40381832,tonnes,portwatch,2022-03-31,,2026-09-26,estimated,0
shipping_exports,id,nation,2022-03,40385203,tonnes,portwatch,2022-03-31,,2026-10-06T05:59:35+00:00,estimated,1
shipping_exports,id,nation,2022-04,37307445,tonnes,portwatch,2022-04-30,,2026-09-26,estimated,0
shipping_exports,id,nation,2022-04,37308249,tonnes,portwatch,2022-04-30,,2026-10-06T05:59:35+00:00,estimated,1
shipping_exports,id,nation,2022-05,36271699,tonnes,portwatch,2022-05-31,,2026-09-26,estimated,0
shipping_exports,id,nation,2022-05,36273339,tonnes,portwatch,2022-05-31,,2026-10-06T05:59:35+00:00,estimated,1
shipping_exports,id,nation,2022-06,39263542,tonnes,portwatch,2022-06-30,,2026-09-26,estimated,0
shipping_exports,id,nation,2022-06,39264443,tonnes,portwatch,2022-06-30,,2026-10-06T05:59:35+00:00,estimated,1
shipping_exports,id,nation,2022-07,43688905,tonnes,portwatch,2022-07-31,,2026-09-26,estimated,0
shipping_exports,id,nation,2022-07,43691003,tonnes,portwatch,2022-07-31,,2026-10-06T05:59:35+00:00,estimated,1
shipping_exports,id,nation,2022-08,43153393,tonnes,portwatch,2022-08-31,,2026-09-26,estimated,0
shipping_exports,id,nation,2022-08,43154157,tonnes,portwatch,2022-08-31,,2026-10-06T05:59:35+00:00,estimated,1
shipping_exports,id,nation,2022-09,45690378,tonnes,portwatch,2022-09-30,,2026-09-26,estimated,0
shipping_exports,id,nation,2022-09,45693438,tonnes,portwatch,2022-09-30,,2026-10-06T05:59:35+00:00,estimated,1
shipping_exports,id,nation,2022-10,43394084,tonnes,portwatch,2022-10-31,,2026-09-26,estimated,0
shipping_exports,id,nation,2022-10,43397760,tonnes,portwatch,2022-10-31,,2026-10-06T05:59:35+00:00,estimated,1
shipping_exports,id,nation,2022-11,43861050,tonnes,portwatch,2022-11-30,,2026-09-26,estimated,0
shipping_exports,id,nation,2022-11,43864466,tonnes,portwatch,2022-11-30,,2026-10-06T05:59:35+00:00,estimated,1
shipping_exports,id,nation,2022-12,42336768,tonnes,portwatch,2022-12-31,,2026-09-26,estimated,0
shipping_exports,id,nation,2022-12,42340229,tonnes,portwatch,2022-12-31,,2026-10-06T05:59:35+00:00,estimated,1
shipping_exports,id,nation,2023-01,38981395,tonnes,portwatch,2023-01-31,,2026-09-26,estimated,0
shipping_exports,id,nation,2023-01,38983884,tonnes,portwatch,2023-01-31,,2026-10-06T05:59:35+00:00,estimated,1
shipping_exports,id,nation,2023-02,40065195,tonnes,portwatch,2023-02-28,,2026-09-26,estimated,0
shipping_exports,id,nation,2023-02,40068441,tonnes,portwatch,2023-02-28,,2026-10-06T05:59:35+00:00,estimated,1
shipping_exports,id,nation,2023-03,46535321,tonnes,portwatch,2023-03-31,,2026-09-26,estimated,0
shipping_exports,id,nation,2023-03,46538609,tonnes,portwatch,2023-03-31,,2026-10-06T05:59:35+00:00,estimated,1
shipping_exports,id,nation,2023-04,42655356,tonnes,portwatch,2023-04-30,,2026-09-26,estimated,0
shipping_exports,id,nation,2023-04,42658099,tonnes,portwatch,2023-04-30,,2026-10-06T05:59:35+00:00,estimated,1
shipping_exports,id,nation,2023-05,42084616,tonnes,portwatch,2023-05-31,,2026-09-26,estimated,0
shipping_exports,id,nation,2023-05,42086810,tonnes,portwatch,2023-05-31,,2026-10-06T05:59:35+00:00,estimated,1
shipping_exports,id,nation,2023-06,42032360,tonnes,portwatch,2023-06-30,,2026-09-26,estimated,0
shipping_exports,id,nation,2023-06,42033430,tonnes,portwatch,2023-06-30,,2026-10-06T05:59:35+00:00,estimated,1
shipping_exports,id,nation,2023-07,46459715,tonnes,portwatch,2023-07-31,,2026-09-26,estimated,0
shipping_exports,id,nation,2023-07,46463213,tonnes,portwatch,2023-07-31,,2026-10-06T05:59:35+00:00,estimated,1
shipping_exports,id,nation,2023-08,44650536,tonnes,portwatch,2023-08-31,,2026-09-26,estimated,0
shipping_exports,id,nation,2023-08,44656212,tonnes,portwatch,2023-08-31,,2026-10-06T05:59:35+00:00,estimated,1
shipping_exports,id,nation,2023-09,43156792,tonnes,portwatch,2023-09-30,,2026-09-26,estimated,0
shipping_exports,id,nation,2023-09,43157831,tonnes,portwatch,2023-09-30,,2026-10-06T05:59:35+00:00,estimated,1
shipping_exports,id,nation,2023-10,45605328,tonnes,portwatch,2023-10-31,,2026-09-26,estimated,0
shipping_exports,id,nation,2023-10,45607781,tonnes,portwatch,2023-10-31,,2026-10-06T05:59:35+00:00,estimated,1
shipping_exports,id,nation,2023-11,44712044,tonnes,portwatch,2023-11-30,,2026-09-26,estimated,0
shipping_exports,id,nation,2023-11,44719143,tonnes,portwatch,2023-11-30,,2026-10-06T05:59:35+00:00,estimated,1
shipping_exports,id,nation,2023-12,43459852,tonnes,portwatch,2023-12-31,,2026-09-26,estimated,0
shipping_exports,id,nation,2023-12,43463494,tonnes,portwatch,2023-12-31,,2026-10-06T05:59:35+00:00,estimated,1
shipping_exports,id,nation,2024-01,39311682,tonnes,portwatch,2024-01-31,,2026-09-26,estimated,0
shipping_exports,id,nation,2024-01,39317062,tonnes,portwatch,2024-01-31,,2026-10-06T05:59:35+00:00,estimated,1
shipping_exports,id,nation,2024-02,34109968,tonnes,portwatch,2024-02-29,,2026-09-26,estimated,0
shipping_exports,id,nation,2024-02,34116389,tonnes,portwatch,2024-02-29,,2026-10-06T05:59:35+00:00,estimated,1
shipping_exports,id,nation,2024-03,37815218,tonnes,portwatch,2024-03-31,,2026-09-26,estimated,0
shipping_exports,id,nation,2024-03,37823383,tonnes,portwatch,2024-03-31,,2026-10-06T05:59:35+00:00,estimated,1
shipping_exports,id,nation,2024-04,35600655,tonnes,portwatch,2024-04-30,,2026-09-26,estimated,0
shipping_exports,id,nation,2024-04,35607959,tonnes,portwatch,2024-04-30,,2026-10-06T05:59:35+00:00,estimated,1
shipping_exports,id,nation,2024-05,41079146,tonnes,portwatch,2024-05-31,,2026-09-26,estimated,0
shipping_exports,id,nation,2024-05,41084428,tonnes,portwatch,2024-05-31,,2026-10-06T05:59:35+00:00,estimated,1
shipping_exports,id,nation,2024-06,37349750,tonnes,portwatch,2024-06-30,,2026-09-26,estimated,0
shipping_exports,id,nation,2024-06,37357448,tonnes,portwatch,2024-06-30,,2026-10-06T05:59:35+00:00,estimated,1
shipping_exports,id,nation,2024-07,38545865,tonnes,portwatch,2024-07-31,,2026-09-26,estimated,0
shipping_exports,id,nation,2024-07,38551088,tonnes,portwatch,2024-07-31,,2026-10-06T05:59:35+00:00,estimated,1
shipping_exports,id,nation,2024-08,40350744,tonnes,portwatch,2024-08-31,,2026-09-26,estimated,0
shipping_exports,id,nation,2024-08,40352309,tonnes,portwatch,2024-08-31,,2026-10-06T05:59:35+00:00,estimated,1
shipping_exports,id,nation,2024-09,40938856,tonnes,portwatch,2024-09-30,,2026-09-26,estimated,0
shipping_exports,id,nation,2024-09,40940445,tonnes,portwatch,2024-09-30,,2026-10-06T05:59:35+00:00,estimated,1
shipping_exports,id,nation,2024-10,42817450,tonnes,portwatch,2024-10-31,,2026-09-26,estimated,0
shipping_exports,id,nation,2024-10,42821103,tonnes,portwatch,2024-10-31,,2026-10-06T05:59:35+00:00,estimated,1
shipping_exports,id,nation,2024-11,43188710,tonnes,portwatch,2024-11-30,,2026-09-26,estimated,0
shipping_exports,id,nation,2024-11,43194664,tonnes,portwatch,2024-11-30,,2026-10-06T05:59:35+00:00,estimated,1
shipping_exports,id,nation,2024-12,40058471,tonnes,portwatch,2024-12-31,,2026-09-26,estimated,0
shipping_exports,id,nation,2024-12,40059139,tonnes,portwatch,2024-12-31,,2026-10-06T05:59:35+00:00,estimated,1
shipping_exports,id,nation,2025-01,40237386,tonnes,portwatch,2025-01-31,,2026-09-26,estimated,0
shipping_exports,id,nation,2025-01,40239459,tonnes,portwatch,2025-01-31,,2026-10-06T05:59:35+00:00,estimated,1
shipping_exports,id,nation,2025-02,35886640,tonnes,portwatch,2025-02-28,,2026-09-26,estimated,0
shipping_exports,id,nation,2025-02,35889746,tonnes,portwatch,2025-02-28,,2026-10-06T05:59:35+00:00,estimated,1
shipping_exports,id,nation,2025-03,36942648,tonnes,portwatch,2025-03-31,,2026-09-26,estimated,0
shipping_exports,id,nation,2025-03,36944164,tonnes,portwatch,2025-03-31,,2026-10-06T05:59:35+00:00,estimated,1
shipping_exports,id,nation,2025-04,36878824,tonnes,portwatch,2025-04-30,,2026-09-26,estimated,0
shipping_exports,id,nation,2025-04,36879992,tonnes,portwatch,2025-04-30,,2026-10-06T05:59:35+00:00,estimated,1
shipping_exports,id,nation,2025-05,38337817,tonnes,portwatch,2025-05-31,,2026-09-26,estimated,0
shipping_exports,id,nation,2025-05,38338958,tonnes,portwatch,2025-05-31,,2026-10-06T05:59:35+00:00,estimated,1
shipping_exports,id,nation,2025-06,36107686,tonnes,portwatch,2025-06-30,,2026-09-26,estimated,0
shipping_exports,id,nation,2025-06,36112048,tonnes,portwatch,2025-06-30,,2026-10-06T05:59:35+00:00,estimated,1
shipping_exports,id,nation,2025-07,38642195,tonnes,portwatch,2025-07-31,,2026-09-26,estimated,0
shipping_exports,id,nation,2025-07,38646533,tonnes,portwatch,2025-07-31,,2026-10-06T05:59:35+00:00,estimated,1
shipping_exports,id,nation,2025-08,45170925,tonnes,portwatch,2025-08-31,,2026-09-26,estimated,0
shipping_exports,id,nation,2025-08,45175446,tonnes,portwatch,2025-08-31,,2026-10-06T05:59:35+00:00,estimated,1
shipping_exports,id,nation,2025-09,39029429,tonnes,portwatch,2025-09-30,,2026-09-26,estimated,0
shipping_exports,id,nation,2025-09,39040211,tonnes,portwatch,2025-09-30,,2026-10-06T05:59:35+00:00,estimated,1
shipping_exports,id,nation,2025-10,41906961,tonnes,portwatch,2025-10-31,,2026-09-26,estimated,0
shipping_exports,id,nation,2025-10,41906812,tonnes,portwatch,2025-10-31,,2026-10-06T05:59:35+00:00,estimated,1
shipping_exports,id,nation,2025-11,42231276,tonnes,portwatch,2025-11-30,,2026-09-26,estimated,0
shipping_exports,id,nation,2025-11,42231448,tonnes,portwatch,2025-11-30,,2026-10-06T05:59:35+00:00,estimated,1
shipping_exports,id,nation,2025-12,41705778,tonnes,portwatch,2025-12-31,,2026-09-26,estimated,0
shipping_exports,id,nation,2025-12,41707683,tonnes,portwatch,2025-12-31,,2026-10-06T05:59:35+00:00,estimated,1
shipping_exports,id,nation,2026-01,36578335,tonnes,portwatch,2026-01-31,,2026-09-26,estimated,0
shipping_exports,id,nation,2026-01,36577680,tonnes,portwatch,2026-01-31,,2026-10-06T05:59:35+00:00,estimated,1
shipping_exports,id,nation,2026-02,31153729,tonnes,portwatch,2026-02-28,,2026-09-26,estimated,0
shipping_exports,id,nation,2026-02,31151601,tonnes,portwatch,2026-02-28,,2026-10-06T05:59:35+00:00,estimated,1
shipping_exports,id,nation,2026-03,32448463,tonnes,portwatch,2026-03-31,,2026-09-26,estimated,0
shipping_exports,id,nation,2026-03,32445886,tonnes,portwatch,2026-03-31,,2026-10-06T05:59:35+00:00,estimated,1
shipping_exports,id,nation,2026-04,34478701,tonnes,portwatch,2026-04-30,,2026-09-26,estimated,0
shipping_exports,id,nation,2026-04,34478591,tonnes,portwatch,2026-04-30,,2026-10-06T05:59:35+00:00,estimated,1
shipping_exports,id,nation,2026-05,39297777,tonnes,portwatch,2026-05-31,,2026-09-26,estimated,0
shipping_exports,id,nation,2026-05,39294215,tonnes,portwatch,2026-05-31,,2026-10-06T05:59:35+00:00,estimated,1
shipping_exports,id,nation,2026-06,38528299,tonnes,portwatch,2026-06-30,,2026-09-26,estimated,0
shipping_exports,id,nation,2026-06,38525818,tonnes,portwatch,2026-06-30,,2026-10-06T05:59:35+00:00,estimated,1
shipping_exports,id,nation,2026-07,37802755,tonnes,portwatch,2026-07-31,,2026-09-26,estimated,0
shipping_exports,id,nation,2026-07,37752619,tonnes,portwatch,2026-07-31,,2026-10-06T05:59:35+00:00,estimated,1
shipping_exports,id,nation,2026-08,37571918,tonnes,portwatch,2026-08-31,,2026-09-26,estimated,0
shipping_exports,id,nation,2026-08,37514376,tonnes,portwatch,2026-08-31,,2026-10-06T05:59:35+00:00,estimated,1
shipping_exports,ie,nation,2019-01,471761,tonnes,portwatch,2019-01-31,,2026-09-26,estimated,0
shipping_exports,ie,nation,2019-01,471928,tonnes,portwatch,2019-01-31,,2026-10-06T05:59:35+00:00,estimated,1
shipping_exports,ie,nation,2019-02,395577,tonnes,portwatch,2019-02-28,,2026-09-26,estimated,0
shipping_exports,ie,nation,2019-02,395779,tonnes,portwatch,2019-02-28,,2026-10-06T05:59:35+00:00,estimated,1
shipping_exports,ie,nation,2019-03,457725,tonnes,portwatch,2019-03-31,,2026-09-26,estimated,0
shipping_exports,ie,nation,2019-03,458043,tonnes,portwatch,2019-03-31,,2026-10-06T05:59:35+00:00,estimated,1
shipping_exports,ie,nation,2019-04,437628,tonnes,portwatch,2019-04-30,,2026-09-26,estimated,0
shipping_exports,ie,nation,2019-04,437515,tonnes,portwatch,2019-04-30,,2026-10-06T05:59:35+00:00,estimated,1
shipping_exports,ie,nation,2019-05,393244,tonnes,portwatch,2019-05-31,,2026-09-26,estimated,0
shipping_exports,ie,nation,2019-05,393433,tonnes,portwatch,2019-05-31,,2026-10-06T05:59:35+00:00,estimated,1
shipping_exports,ie,nation,2019-06,411579,tonnes,portwatch,2019-06-30,,2026-09-26,estimated,0
shipping_exports,ie,nation,2019-06,411559,tonnes,portwatch,2019-06-30,,2026-10-06T05:59:35+00:00,estimated,1
shipping_exports,ie,nation,2019-07,474390,tonnes,portwatch,2019-07-31,,2026-09-26,estimated,0
shipping_exports,ie,nation,2019-07,474751,tonnes,portwatch,2019-07-31,,2026-10-06T05:59:35+00:00,estimated,1
shipping_exports,ie,nation,2019-08,528476,tonnes,portwatch,2019-08-31,,2026-09-26,estimated,0
shipping_exports,ie,nation,2019-08,528384,tonnes,portwatch,2019-08-31,,2026-10-06T05:59:35+00:00,estimated,1
shipping_exports,ie,nation,2019-09,391225,tonnes,portwatch,2019-09-30,,2026-09-26,estimated,0
shipping_exports,ie,nation,2019-09,391195,tonnes,portwatch,2019-09-30,,2026-10-06T05:59:35+00:00,estimated,1
shipping_exports,ie,nation,2019-10,448142,tonnes,portwatch,2019-10-31,,2026-09-26,estimated,0
shipping_exports,ie,nation,2019-10,448131,tonnes,portwatch,2019-10-31,,2026-10-06T05:59:35+00:00,estimated,1
shipping_exports,ie,nation,2019-11,437967,tonnes,portwatch,2019-11-30,,2026-09-26,estimated,0
shipping_exports,ie,nation,2019-12,445174,tonnes,portwatch,2019-12-31,,2026-09-26,estimated,0
shipping_exports,ie,nation,2019-12,445466,tonnes,portwatch,2019-12-31,,2026-10-06T05:59:35+00:00,estimated,1
shipping_exports,ie,nation,2020-01,426643,tonnes,portwatch,2020-01-31,,2026-09-26,estimated,0
shipping_exports,ie,nation,2020-01,426730,tonnes,portwatch,2020-01-31,,2026-10-06T05:59:35+00:00,estimated,1
shipping_exports,ie,nation,2020-02,339451,tonnes,portwatch,2020-02-29,,2026-09-26,estimated,0
shipping_exports,ie,nation,2020-02,339358,tonnes,portwatch,2020-02-29,,2026-10-06T05:59:35+00:00,estimated,1
shipping_exports,ie,nation,2020-03,498985,tonnes,portwatch,2020-03-31,,2026-09-26,estimated,0
shipping_exports,ie,nation,2020-03,498716,tonnes,portwatch,2020-03-31,,2026-10-06T05:59:35+00:00,estimated,1
shipping_exports,ie,nation,2020-04,360562,tonnes,portwatch,2020-04-30,,2026-09-26,estimated,0
shipping_exports,ie,nation,2020-04,360672,tonnes,portwatch,2020-04-30,,2026-10-06T05:59:35+00:00,estimated,1
shipping_exports,ie,nation,2020-05,459508,tonnes,portwatch,2020-05-31,,2026-09-26,estimated,0
shipping_exports,ie,nation,2020-05,459347,tonnes,portwatch,2020-05-31,,2026-10-06T05:59:35+00:00,estimated,1
shipping_exports,ie,nation,2020-06,380190,tonnes,portwatch,2020-06-30,,2026-09-26,estimated,0
shipping_exports,ie,nation,2020-06,380292,tonnes,portwatch,2020-06-30,,2026-10-06T05:59:35+00:00,estimated,1
shipping_exports,ie,nation,2020-07,500497,tonnes,portwatch,2020-07-31,,2026-09-26,estimated,0
shipping_exports,ie,nation,2020-07,500618,tonnes,portwatch,2020-07-31,,2026-10-06T05:59:35+00:00,estimated,1
shipping_exports,ie,nation,2020-08,470522,tonnes,portwatch,2020-08-31,,2026-09-26,estimated,0
shipping_exports,ie,nation,2020-08,470763,tonnes,portwatch,2020-08-31,,2026-10-06T05:59:35+00:00,estimated,1
shipping_exports,ie,nation,2020-09,416879,tonnes,portwatch,2020-09-30,,2026-09-26,estimated,0
shipping_exports,ie,nation,2020-09,416980,tonnes,portwatch,2020-09-30,,2026-10-06T05:59:35+00:00,estimated,1
shipping_exports,ie,nation,2020-10,436247,tonnes,portwatch,2020-10-31,,2026-09-26,estimated,0
shipping_exports,ie,nation,2020-10,436373,tonnes,portwatch,2020-10-31,,2026-10-06T05:59:35+00:00,estimated,1
shipping_exports,ie,nation,2020-11,467298,tonnes,portwatch,2020-11-30,,2026-09-26,estimated,0
shipping_exports,ie,nation,2020-11,467184,tonnes,portwatch,2020-11-30,,2026-10-06T05:59:35+00:00,estimated,1
shipping_exports,ie,nation,2020-12,432449,tonnes,portwatch,2020-12-31,,2026-09-26,estimated,0
shipping_exports,ie,nation,2020-12,432579,tonnes,portwatch,2020-12-31,,2026-10-06T05:59:35+00:00,estimated,1
shipping_exports,ie,nation,2021-01,517874,tonnes,portwatch,2021-01-31,,2026-09-26,estimated,0
shipping_exports,ie,nation,2021-01,518085,tonnes,portwatch,2021-01-31,,2026-10-06T05:59:35+00:00,estimated,1
shipping_exports,ie,nation,2021-02,447471,tonnes,portwatch,2021-02-28,,2026-09-26,estimated,0
shipping_exports,ie,nation,2021-02,447573,tonnes,portwatch,2021-02-28,,2026-10-06T05:59:35+00:00,estimated,1
shipping_exports,ie,nation,2021-03,551535,tonnes,portwatch,2021-03-31,,2026-09-26,estimated,0
shipping_exports,ie,nation,2021-03,551788,tonnes,portwatch,2021-03-31,,2026-10-06T05:59:35+00:00,estimated,1
shipping_exports,ie,nation,2021-04,581110,tonnes,portwatch,2021-04-30,,2026-09-26,estimated,0
shipping_exports,ie,nation,2021-04,581437,tonnes,portwatch,2021-04-30,,2026-10-06T05:59:35+00:00,estimated,1
shipping_exports,ie,nation,2021-05,499039,tonnes,portwatch,2021-05-31,,2026-09-26,estimated,0
shipping_exports,ie,nation,2021-05,499176,tonnes,portwatch,2021-05-31,,2026-10-06T05:59:35+00:00,estimated,1
shipping_exports,ie,nation,2021-06,457592,tonnes,portwatch,2021-06-30,,2026-09-26,estimated,0
shipping_exports,ie,nation,2021-06,457595,tonnes,portwatch,2021-06-30,,2026-10-06T05:59:35+00:00,estimated,1
shipping_exports,ie,nation,2021-07,496374,tonnes,portwatch,2021-07-31,,2026-09-26,estimated,0
shipping_exports,ie,nation,2021-07,496711,tonnes,portwatch,2021-07-31,,2026-10-06T05:59:35+00:00,estimated,1
shipping_exports,ie,nation,2021-08,558205,tonnes,portwatch,2021-08-31,,2026-09-26,estimated,0
shipping_exports,ie,nation,2021-08,558218,tonnes,portwatch,2021-08-31,,2026-10-06T05:59:35+00:00,estimated,1
shipping_exports,ie,nation,2021-09,471588,tonnes,portwatch,2021-09-30,,2026-09-26,estimated,0
shipping_exports,ie,nation,2021-09,471484,tonnes,portwatch,2021-09-30,,2026-10-06T05:59:35+00:00,estimated,1
shipping_exports,ie,nation,2021-10,509365,tonnes,portwatch,2021-10-31,,2026-09-26,estimated,0
shipping_exports,ie,nation,2021-10,509723,tonnes,portwatch,2021-10-31,,2026-10-06T05:59:35+00:00,estimated,1
shipping_exports,ie,nation,2021-11,571301,tonnes,portwatch,2021-11-30,,2026-09-26,estimated,0
shipping_exports,ie,nation,2021-11,571585,tonnes,portwatch,2021-11-30,,2026-10-06T05:59:35+00:00,estimated,1
shipping_exports,ie,nation,2021-12,430130,tonnes,portwatch,2021-12-31,,2026-09-26,estimated,0
shipping_exports,ie,nation,2021-12,430419,tonnes,portwatch,2021-12-31,,2026-10-06T05:59:35+00:00,estimated,1
shipping_exports,ie,nation,2022-01,510698,tonnes,portwatch,2022-01-31,,2026-09-26,estimated,0
shipping_exports,ie,nation,2022-01,510844,tonnes,portwatch,2022-01-31,,2026-10-06T05:59:35+00:00,estimated,1
shipping_exports,ie,nation,2022-02,365825,tonnes,portwatch,2022-02-28,,2026-09-26,estimated,0
shipping_exports,ie,nation,2022-02,366156,tonnes,portwatch,2022-02-28,,2026-10-06T05:59:35+00:00,estimated,1
shipping_exports,ie,nation,2022-03,512263,tonnes,portwatch,2022-03-31,,2026-09-26,estimated,0
shipping_exports,ie,nation,2022-03,512434,tonnes,portwatch,2022-03-31,,2026-10-06T05:59:35+00:00,estimated,1
shipping_exports,ie,nation,2022-04,598754,tonnes,portwatch,2022-04-30,,2026-09-26,estimated,0
shipping_exports,ie,nation,2022-04,598665,tonnes,portwatch,2022-04-30,,2026-10-06T05:59:35+00:00,estimated,1
shipping_exports,ie,nation,2022-05,513216,tonnes,portwatch,2022-05-31,,2026-09-26,estimated,0
shipping_exports,ie,nation,2022-05,513554,tonnes,portwatch,2022-05-31,,2026-10-06T05:59:35+00:00,estimated,1
shipping_exports,ie,nation,2022-06,385805,tonnes,portwatch,2022-06-30,,2026-09-26,estimated,0
shipping_exports,ie,nation,2022-06,385981,tonnes,portwatch,2022-06-30,,2026-10-06T05:59:35+00:00,estimated,1
shipping_exports,ie,nation,2022-07,563614,tonnes,portwatch,2022-07-31,,2026-09-26,estimated,0
shipping_exports,ie,nation,2022-07,563684,tonnes,portwatch,2022-07-31,,2026-10-06T05:59:35+00:00,estimated,1
shipping_exports,ie,nation,2022-08,514475,tonnes,portwatch,2022-08-31,,2026-09-26,estimated,0
shipping_exports,ie,nation,2022-08,514748,tonnes,portwatch,2022-08-31,,2026-10-06T05:59:35+00:00,estimated,1
shipping_exports,ie,nation,2022-09,430009,tonnes,portwatch,2022-09-30,,2026-09-26,estimated,0
shipping_exports,ie,nation,2022-09,430083,tonnes,portwatch,2022-09-30,,2026-10-06T05:59:35+00:00,estimated,1
shipping_exports,ie,nation,2022-10,445250,tonnes,portwatch,2022-10-31,,2026-09-26,estimated,0
shipping_exports,ie,nation,2022-10,445415,tonnes,portwatch,2022-10-31,,2026-10-06T05:59:35+00:00,estimated,1
shipping_exports,ie,nation,2022-11,384209,tonnes,portwatch,2022-11-30,,2026-09-26,estimated,0
shipping_exports,ie,nation,2022-11,384354,tonnes,portwatch,2022-11-30,,2026-10-06T05:59:35+00:00,estimated,1
shipping_exports,ie,nation,2022-12,446171,tonnes,portwatch,2022-12-31,,2026-09-26,estimated,0
shipping_exports,ie,nation,2022-12,446109,tonnes,portwatch,2022-12-31,,2026-10-06T05:59:35+00:00,estimated,1
shipping_exports,ie,nation,2023-01,417843,tonnes,portwatch,2023-01-31,,2026-09-26,estimated,0
shipping_exports,ie,nation,2023-01,417948,tonnes,portwatch,2023-01-31,,2026-10-06T05:59:35+00:00,estimated,1
shipping_exports,ie,nation,2023-02,460642,tonnes,portwatch,2023-02-28,,2026-09-26,estimated,0
shipping_exports,ie,nation,2023-02,460477,tonnes,portwatch,2023-02-28,,2026-10-06T05:59:35+00:00,estimated,1
shipping_exports,ie,nation,2023-03,541400,tonnes,portwatch,2023-03-31,,2026-09-26,estimated,0
shipping_exports,ie,nation,2023-03,541426,tonnes,portwatch,2023-03-31,,2026-10-06T05:59:35+00:00,estimated,1
shipping_exports,ie,nation,2023-04,465406,tonnes,portwatch,2023-04-30,,2026-09-26,estimated,0
shipping_exports,ie,nation,2023-04,465551,tonnes,portwatch,2023-04-30,,2026-10-06T05:59:35+00:00,estimated,1
shipping_exports,ie,nation,2023-05,517303,tonnes,portwatch,2023-05-31,,2026-09-26,estimated,0
shipping_exports,ie,nation,2023-05,517567,tonnes,portwatch,2023-05-31,,2026-10-06T05:59:35+00:00,estimated,1
shipping_exports,ie,nation,2023-06,475690,tonnes,portwatch,2023-06-30,,2026-09-26,estimated,0
shipping_exports,ie,nation,2023-06,475860,tonnes,portwatch,2023-06-30,,2026-10-06T05:59:35+00:00,estimated,1
shipping_exports,ie,nation,2023-07,397405,tonnes,portwatch,2023-07-31,,2026-09-26,estimated,0
shipping_exports,ie,nation,2023-07,397398,tonnes,portwatch,2023-07-31,,2026-10-06T05:59:35+00:00,estimated,1
shipping_exports,ie,nation,2023-08,371281,tonnes,portwatch,2023-08-31,,2026-09-26,estimated,0
shipping_exports,ie,nation,2023-08,371236,tonnes,portwatch,2023-08-31,,2026-10-06T05:59:35+00:00,estimated,1
shipping_exports,ie,nation,2023-09,348048,tonnes,portwatch,2023-09-30,,2026-09-26,estimated,0
shipping_exports,ie,nation,2023-09,347970,tonnes,portwatch,2023-09-30,,2026-10-06T05:59:35+00:00,estimated,1
shipping_exports,ie,nation,2023-10,464045,tonnes,portwatch,2023-10-31,,2026-09-26,estimated,0
shipping_exports,ie,nation,2023-10,464108,tonnes,portwatch,2023-10-31,,2026-10-06T05:59:35+00:00,estimated,1
shipping_exports,ie,nation,2023-11,460660,tonnes,portwatch,2023-11-30,,2026-09-26,estimated,0
shipping_exports,ie,nation,2023-11,460860,tonnes,portwatch,2023-11-30,,2026-10-06T05:59:35+00:00,estimated,1
shipping_exports,ie,nation,2023-12,394684,tonnes,portwatch,2023-12-31,,2026-09-26,estimated,0
shipping_exports,ie,nation,2023-12,394624,tonnes,portwatch,2023-12-31,,2026-10-06T05:59:35+00:00,estimated,1
shipping_exports,ie,nation,2024-01,460261,tonnes,portwatch,2024-01-31,,2026-09-26,estimated,0
shipping_exports,ie,nation,2024-01,460403,tonnes,portwatch,2024-01-31,,2026-10-06T05:59:35+00:00,estimated,1
shipping_exports,ie,nation,2024-02,377820,tonnes,portwatch,2024-02-29,,2026-09-26,estimated,0
shipping_exports,ie,nation,2024-02,377932,tonnes,portwatch,2024-02-29,,2026-10-06T05:59:35+00:00,estimated,1
shipping_exports,ie,nation,2024-03,521588,tonnes,portwatch,2024-03-31,,2026-09-26,estimated,0
shipping_exports,ie,nation,2024-03,521790,tonnes,portwatch,2024-03-31,,2026-10-06T05:59:35+00:00,estimated,1
shipping_exports,ie,nation,2024-04,457516,tonnes,portwatch,2024-04-30,,2026-09-26,estimated,0
shipping_exports,ie,nation,2024-04,457585,tonnes,portwatch,2024-04-30,,2026-10-06T05:59:35+00:00,estimated,1
shipping_exports,ie,nation,2024-05,466060,tonnes,portwatch,2024-05-31,,2026-09-26,estimated,0
shipping_exports,ie,nation,2024-05,466012,tonnes,portwatch,2024-05-31,,2026-10-06T05:59:35+00:00,estimated,1
shipping_exports,ie,nation,2024-06,403190,tonnes,portwatch,2024-06-30,,2026-09-26,estimated,0
shipping_exports,ie,nation,2024-06,403435,tonnes,portwatch,2024-06-30,,2026-10-06T05:59:35+00:00,estimated,1
shipping_exports,ie,nation,2024-07,400477,tonnes,portwatch,2024-07-31,,2026-09-26,estimated,0
shipping_exports,ie,nation,2024-07,400466,tonnes,portwatch,2024-07-31,,2026-10-06T05:59:35+00:00,estimated,1
shipping_exports,ie,nation,2024-08,449652,tonnes,portwatch,2024-08-31,,2026-09-26,estimated,0
shipping_exports,ie,nation,2024-08,450009,tonnes,portwatch,2024-08-31,,2026-10-06T05:59:35+00:00,estimated,1
shipping_exports,ie,nation,2024-09,473771,tonnes,portwatch,2024-09-30,,2026-09-26,estimated,0
shipping_exports,ie,nation,2024-09,473993,tonnes,portwatch,2024-09-30,,2026-10-06T05:59:35+00:00,estimated,1
shipping_exports,ie,nation,2024-10,380949,tonnes,portwatch,2024-10-31,,2026-09-26,estimated,0
shipping_exports,ie,nation,2024-10,381226,tonnes,portwatch,2024-10-31,,2026-10-06T05:59:35+00:00,estimated,1
shipping_exports,ie,nation,2024-11,379201,tonnes,portwatch,2024-11-30,,2026-09-26,estimated,0
shipping_exports,ie,nation,2024-11,379207,tonnes,portwatch,2024-11-30,,2026-10-06T05:59:35+00:00,estimated,1
shipping_exports,ie,nation,2024-12,359424,tonnes,portwatch,2024-12-31,,2026-09-26,estimated,0
shipping_exports,ie,nation,2024-12,359562,tonnes,portwatch,2024-12-31,,2026-10-06T05:59:35+00:00,estimated,1
shipping_exports,ie,nation,2025-01,455133,tonnes,portwatch,2025-01-31,,2026-09-26,estimated,0
shipping_exports,ie,nation,2025-01,455291,tonnes,portwatch,2025-01-31,,2026-10-06T05:59:35+00:00,estimated,1
shipping_exports,ie,nation,2025-02,381644,tonnes,portwatch,2025-02-28,,2026-09-26,estimated,0
shipping_exports,ie,nation,2025-02,381961,tonnes,portwatch,2025-02-28,,2026-10-06T05:59:35+00:00,estimated,1
shipping_exports,ie,nation,2025-03,516051,tonnes,portwatch,2025-03-31,,2026-09-26,estimated,0
shipping_exports,ie,nation,2025-03,516407,tonnes,portwatch,2025-03-31,,2026-10-06T05:59:35+00:00,estimated,1
shipping_exports,ie,nation,2025-04,586775,tonnes,portwatch,2025-04-30,,2026-09-26,estimated,0
shipping_exports,ie,nation,2025-04,586917,tonnes,portwatch,2025-04-30,,2026-10-06T05:59:35+00:00,estimated,1
shipping_exports,ie,nation,2025-05,534060,tonnes,portwatch,2025-05-31,,2026-09-26,estimated,0
shipping_exports,ie,nation,2025-05,534142,tonnes,portwatch,2025-05-31,,2026-10-06T05:59:35+00:00,estimated,1
shipping_exports,ie,nation,2025-06,470071,tonnes,portwatch,2025-06-30,,2026-09-26,estimated,0
shipping_exports,ie,nation,2025-06,470250,tonnes,portwatch,2025-06-30,,2026-10-06T05:59:35+00:00,estimated,1
shipping_exports,ie,nation,2025-07,477691,tonnes,portwatch,2025-07-31,,2026-09-26,estimated,0
shipping_exports,ie,nation,2025-07,479090,tonnes,portwatch,2025-07-31,,2026-10-06T05:59:35+00:00,estimated,1
shipping_exports,ie,nation,2025-08,510913,tonnes,portwatch,2025-08-31,,2026-09-26,estimated,0
shipping_exports,ie,nation,2025-08,510487,tonnes,portwatch,2025-08-31,,2026-10-06T05:59:35+00:00,estimated,1
shipping_exports,ie,nation,2025-09,463248,tonnes,portwatch,2025-09-30,,2026-09-26,estimated,0
shipping_exports,ie,nation,2025-09,463269,tonnes,portwatch,2025-09-30,,2026-10-06T05:59:35+00:00,estimated,1
shipping_exports,ie,nation,2025-10,489174,tonnes,portwatch,2025-10-31,,2026-09-26,estimated,0
shipping_exports,ie,nation,2025-10,489112,tonnes,portwatch,2025-10-31,,2026-10-06T05:59:35+00:00,estimated,1
shipping_exports,ie,nation,2025-11,528181,tonnes,portwatch,2025-11-30,,2026-09-26,estimated,0
shipping_exports,ie,nation,2025-11,528165,tonnes,portwatch,2025-11-30,,2026-10-06T05:59:35+00:00,estimated,1
shipping_exports,ie,nation,2025-12,500610,tonnes,portwatch,2025-12-31,,2026-09-26,estimated,0
shipping_exports,ie,nation,2025-12,500943,tonnes,portwatch,2025-12-31,,2026-10-06T05:59:35+00:00,estimated,1
shipping_exports,ie,nation,2026-01,451799,tonnes,portwatch,2026-01-31,,2026-09-26,estimated,0
shipping_exports,ie,nation,2026-01,453217,tonnes,portwatch,2026-01-31,,2026-10-06T05:59:35+00:00,estimated,1
shipping_exports,ie,nation,2026-02,482566,tonnes,portwatch,2026-02-28,,2026-09-26,estimated,0
shipping_exports,ie,nation,2026-02,482615,tonnes,portwatch,2026-02-28,,2026-10-06T05:59:35+00:00,estimated,1
shipping_exports,ie,nation,2026-03,537284,tonnes,portwatch,2026-03-31,,2026-09-26,estimated,0
shipping_exports,ie,nation,2026-03,537761,tonnes,portwatch,2026-03-31,,2026-10-06T05:59:35+00:00,estimated,1
shipping_exports,ie,nation,2026-04,534473,tonnes,portwatch,2026-04-30,,2026-09-26,estimated,0
shipping_exports,ie,nation,2026-04,534629,tonnes,portwatch,2026-04-30,,2026-10-06T05:59:35+00:00,estimated,1
shipping_exports,ie,nation,2026-05,630861,tonnes,portwatch,2026-05-31,,2026-09-26,estimated,0
shipping_exports,ie,nation,2026-05,631146,tonnes,portwatch,2026-05-31,,2026-10-06T05:59:35+00:00,estimated,1
shipping_exports,ie,nation,2026-06,475363,tonnes,portwatch,2026-06-30,,2026-09-26,estimated,0
shipping_exports,ie,nation,2026-06,475639,tonnes,portwatch,2026-06-30,,2026-10-06T05:59:35+00:00,estimated,1
shipping_exports,ie,nation,2026-07,551946,tonnes,portwatch,2026-07-31,,2026-09-26,estimated,0
shipping_exports,ie,nation,2026-07,552054,tonnes,portwatch,2026-07-31,,2026-10-06T05:59:35+00:00,estimated,1
shipping_exports,ie,nation,2026-08,575357,tonnes,portwatch,2026-08-31,,2026-09-26,estimated,0
shipping_exports,ie,nation,2026-08,577057,tonnes,portwatch,2026-08-31,,2026-10-06T05:59:35+00:00,estimated,1
shipping_exports,in,nation,2019-01,12754673,tonnes,portwatch,2019-01-31,,2026-09-26,estimated,0
shipping_exports,in,nation,2019-01,12755695,tonnes,portwatch,2019-01-31,,2026-10-06T05:59:34+00:00,estimated,1
shipping_exports,in,nation,2019-02,12172016,tonnes,portwatch,2019-02-28,,2026-09-26,estimated,0
shipping_exports,in,nation,2019-02,12172597,tonnes,portwatch,2019-02-28,,2026-10-06T05:59:34+00:00,estimated,1
shipping_exports,in,nation,2019-03,14707265,tonnes,portwatch,2019-03-31,,2026-09-26,estimated,0
shipping_exports,in,nation,2019-03,14708505,tonnes,portwatch,2019-03-31,,2026-10-06T05:59:34+00:00,estimated,1
shipping_exports,in,nation,2019-04,14354196,tonnes,portwatch,2019-04-30,,2026-09-26,estimated,0
shipping_exports,in,nation,2019-04,14355198,tonnes,portwatch,2019-04-30,,2026-10-06T05:59:34+00:00,estimated,1
shipping_exports,in,nation,2019-05,14979757,tonnes,portwatch,2019-05-31,,2026-09-26,estimated,0
shipping_exports,in,nation,2019-05,14980867,tonnes,portwatch,2019-05-31,,2026-10-06T05:59:34+00:00,estimated,1
shipping_exports,in,nation,2019-06,13254966,tonnes,portwatch,2019-06-30,,2026-09-26,estimated,0
shipping_exports,in,nation,2019-06,13256178,tonnes,portwatch,2019-06-30,,2026-10-06T05:59:34+00:00,estimated,1
shipping_exports,in,nation,2019-07,14228813,tonnes,portwatch,2019-07-31,,2026-09-26,estimated,0
shipping_exports,in,nation,2019-07,14230100,tonnes,portwatch,2019-07-31,,2026-10-06T05:59:34+00:00,estimated,1
shipping_exports,in,nation,2019-08,13325704,tonnes,portwatch,2019-08-31,,2026-09-26,estimated,0
shipping_exports,in,nation,2019-08,13326337,tonnes,portwatch,2019-08-31,,2026-10-06T05:59:34+00:00,estimated,1
shipping_exports,in,nation,2019-09,10958351,tonnes,portwatch,2019-09-30,,2026-09-26,estimated,0
shipping_exports,in,nation,2019-09,10960755,tonnes,portwatch,2019-09-30,,2026-10-06T05:59:34+00:00,estimated,1
shipping_exports,in,nation,2019-10,11740746,tonnes,portwatch,2019-10-31,,2026-09-26,estimated,0
shipping_exports,in,nation,2019-10,11742396,tonnes,portwatch,2019-10-31,,2026-10-06T05:59:34+00:00,estimated,1
shipping_exports,in,nation,2019-11,11995166,tonnes,portwatch,2019-11-30,,2026-09-26,estimated,0
shipping_exports,in,nation,2019-11,11997107,tonnes,portwatch,2019-11-30,,2026-10-06T05:59:34+00:00,estimated,1
shipping_exports,in,nation,2019-12,12788570,tonnes,portwatch,2019-12-31,,2026-09-26,estimated,0
shipping_exports,in,nation,2019-12,12791199,tonnes,portwatch,2019-12-31,,2026-10-06T05:59:34+00:00,estimated,1
shipping_exports,in,nation,2020-01,13117584,tonnes,portwatch,2020-01-31,,2026-09-26,estimated,0
shipping_exports,in,nation,2020-01,13120319,tonnes,portwatch,2020-01-31,,2026-10-06T05:59:34+00:00,estimated,1
shipping_exports,in,nation,2020-02,13712410,tonnes,portwatch,2020-02-29,,2026-09-26,estimated,0
shipping_exports,in,nation,2020-02,13713643,tonnes,portwatch,2020-02-29,,2026-10-06T05:59:34+00:00,estimated,1
shipping_exports,in,nation,2020-03,15264490,tonnes,portwatch,2020-03-31,,2026-09-26,estimated,0
shipping_exports,in,nation,2020-03,15265438,tonnes,portwatch,2020-03-31,,2026-10-06T05:59:34+00:00,estimated,1
shipping_exports,in,nation,2020-04,12112559,tonnes,portwatch,2020-04-30,,2026-09-26,estimated,0
shipping_exports,in,nation,2020-04,12113828,tonnes,portwatch,2020-04-30,,2026-10-06T05:59:34+00:00,estimated,1
shipping_exports,in,nation,2020-05,15242207,tonnes,portwatch,2020-05-31,,2026-09-26,estimated,0
shipping_exports,in,nation,2020-05,15243862,tonnes,portwatch,2020-05-31,,2026-10-06T05:59:34+00:00,estimated,1
shipping_exports,in,nation,2020-06,17620488,tonnes,portwatch,2020-06-30,,2026-09-26,estimated,0
shipping_exports,in,nation,2020-06,17621158,tonnes,portwatch,2020-06-30,,2026-10-06T05:59:34+00:00,estimated,1
shipping_exports,in,nation,2020-07,16885999,tonnes,portwatch,2020-07-31,,2026-09-26,estimated,0
shipping_exports,in,nation,2020-07,16887620,tonnes,portwatch,2020-07-31,,2026-10-06T05:59:34+00:00,estimated,1
shipping_exports,in,nation,2020-08,16962116,tonnes,portwatch,2020-08-31,,2026-09-26,estimated,0
shipping_exports,in,nation,2020-08,16963188,tonnes,portwatch,2020-08-31,,2026-10-06T05:59:34+00:00,estimated,1
shipping_exports,in,nation,2020-09,15290509,tonnes,portwatch,2020-09-30,,2026-09-26,estimated,0
shipping_exports,in,nation,2020-09,15291686,tonnes,portwatch,2020-09-30,,2026-10-06T05:59:34+00:00,estimated,1
shipping_exports,in,nation,2020-10,15069883,tonnes,portwatch,2020-10-31,,2026-09-26,estimated,0
shipping_exports,in,nation,2020-10,15071357,tonnes,portwatch,2020-10-31,,2026-10-06T05:59:34+00:00,estimated,1
shipping_exports,in,nation,2020-11,15297023,tonnes,portwatch,2020-11-30,,2026-09-26,estimated,0
shipping_exports,in,nation,2020-11,15298385,tonnes,portwatch,2020-11-30,,2026-10-06T05:59:34+00:00,estimated,1
shipping_exports,in,nation,2020-12,16126495,tonnes,portwatch,2020-12-31,,2026-09-26,estimated,0
shipping_exports,in,nation,2020-12,16128550,tonnes,portwatch,2020-12-31,,2026-10-06T05:59:34+00:00,estimated,1
shipping_exports,in,nation,2021-01,16487453,tonnes,portwatch,2021-01-31,,2026-09-26,estimated,0
shipping_exports,in,nation,2021-01,16489642,tonnes,portwatch,2021-01-31,,2026-10-06T05:59:34+00:00,estimated,1
shipping_exports,in,nation,2021-02,15299045,tonnes,portwatch,2021-02-28,,2026-09-26,estimated,0
shipping_exports,in,nation,2021-02,15300411,tonnes,portwatch,2021-02-28,,2026-10-06T05:59:34+00:00,estimated,1
shipping_exports,in,nation,2021-03,21602990,tonnes,portwatch,2021-03-31,,2026-09-26,estimated,0
shipping_exports,in,nation,2021-03,21604331,tonnes,portwatch,2021-03-31,,2026-10-06T05:59:34+00:00,estimated,1
shipping_exports,in,nation,2021-04,17562392,tonnes,portwatch,2021-04-30,,2026-09-26,estimated,0
shipping_exports,in,nation,2021-04,17563128,tonnes,portwatch,2021-04-30,,2026-10-06T05:59:34+00:00,estimated,1
shipping_exports,in,nation,2021-05,17840975,tonnes,portwatch,2021-05-31,,2026-09-26,estimated,0
shipping_exports,in,nation,2021-05,17841968,tonnes,portwatch,2021-05-31,,2026-10-06T05:59:34+00:00,estimated,1
shipping_exports,in,nation,2021-06,18775500,tonnes,portwatch,2021-06-30,,2026-09-26,estimated,0
shipping_exports,in,nation,2021-06,18775799,tonnes,portwatch,2021-06-30,,2026-10-06T05:59:34+00:00,estimated,1
shipping_exports,in,nation,2021-07,18152599,tonnes,portwatch,2021-07-31,,2026-09-26,estimated,0
shipping_exports,in,nation,2021-07,18154219,tonnes,portwatch,2021-07-31,,2026-10-06T05:59:34+00:00,estimated,1
shipping_exports,in,nation,2021-08,17186645,tonnes,portwatch,2021-08-31,,2026-09-26,estimated,0
shipping_exports,in,nation,2021-08,17187797,tonnes,portwatch,2021-08-31,,2026-10-06T05:59:34+00:00,estimated,1
shipping_exports,in,nation,2021-09,14733013,tonnes,portwatch,2021-09-30,,2026-09-26,estimated,0
shipping_exports,in,nation,2021-09,14734235,tonnes,portwatch,2021-09-30,,2026-10-06T05:59:34+00:00,estimated,1
shipping_exports,in,nation,2021-10,16471621,tonnes,portwatch,2021-10-31,,2026-09-26,estimated,0
shipping_exports,in,nation,2021-10,16473470,tonnes,portwatch,2021-10-31,,2026-10-06T05:59:34+00:00,estimated,1
shipping_exports,in,nation,2021-11,15552588,tonnes,portwatch,2021-11-30,,2026-09-26,estimated,0
shipping_exports,in,nation,2021-11,15554407,tonnes,portwatch,2021-11-30,,2026-10-06T05:59:34+00:00,estimated,1
shipping_exports,in,nation,2021-12,17172448,tonnes,portwatch,2021-12-31,,2026-09-26,estimated,0
shipping_exports,in,nation,2021-12,17173883,tonnes,portwatch,2021-12-31,,2026-10-06T05:59:34+00:00,estimated,1
shipping_exports,in,nation,2022-01,19855572,tonnes,portwatch,2022-01-31,,2026-09-26,estimated,0
shipping_exports,in,nation,2022-01,19856946,tonnes,portwatch,2022-01-31,,2026-10-06T05:59:34+00:00,estimated,1
shipping_exports,in,nation,2022-02,18249233,tonnes,portwatch,2022-02-28,,2026-09-26,estimated,0
shipping_exports,in,nation,2022-02,18249781,tonnes,portwatch,2022-02-28,,2026-10-06T05:59:34+00:00,estimated,1
shipping_exports,in,nation,2022-03,22644098,tonnes,portwatch,2022-03-31,,2026-09-26,estimated,0
shipping_exports,in,nation,2022-03,22645485,tonnes,portwatch,2022-03-31,,2026-10-06T05:59:34+00:00,estimated,1
shipping_exports,in,nation,2022-04,23172912,tonnes,portwatch,2022-04-30,,2026-09-26,estimated,0
shipping_exports,in,nation,2022-04,23174046,tonnes,portwatch,2022-04-30,,2026-10-06T05:59:34+00:00,estimated,1
shipping_exports,in,nation,2022-05,21894224,tonnes,portwatch,2022-05-31,,2026-09-26,estimated,0
shipping_exports,in,nation,2022-05,21895025,tonnes,portwatch,2022-05-31,,2026-10-06T05:59:34+00:00,estimated,1
shipping_exports,in,nation,2022-06,20599804,tonnes,portwatch,2022-06-30,,2026-09-26,estimated,0
shipping_exports,in,nation,2022-06,20600656,tonnes,portwatch,2022-06-30,,2026-10-06T05:59:34+00:00,estimated,1
shipping_exports,in,nation,2022-07,18173148,tonnes,portwatch,2022-07-31,,2026-09-26,estimated,0
shipping_exports,in,nation,2022-07,18174855,tonnes,portwatch,2022-07-31,,2026-10-06T05:59:34+00:00,estimated,1
shipping_exports,in,nation,2022-08,19273090,tonnes,portwatch,2022-08-31,,2026-09-26,estimated,0
shipping_exports,in,nation,2022-08,19274619,tonnes,portwatch,2022-08-31,,2026-10-06T05:59:34+00:00,estimated,1
shipping_exports,in,nation,2022-09,16251598,tonnes,portwatch,2022-09-30,,2026-09-26,estimated,0
shipping_exports,in,nation,2022-09,16253264,tonnes,portwatch,2022-09-30,,2026-10-06T05:59:34+00:00,estimated,1
shipping_exports,in,nation,2022-10,16248095,tonnes,portwatch,2022-10-31,,2026-09-26,estimated,0
shipping_exports,in,nation,2022-10,16249750,tonnes,portwatch,2022-10-31,,2026-10-06T05:59:34+00:00,estimated,1
shipping_exports,in,nation,2022-11,16024257,tonnes,portwatch,2022-11-30,,2026-09-26,estimated,0
shipping_exports,in,nation,2022-11,16025756,tonnes,portwatch,2022-11-30,,2026-10-06T05:59:34+00:00,estimated,1
shipping_exports,in,nation,2022-12,19322266,tonnes,portwatch,2022-12-31,,2026-09-26,estimated,0
shipping_exports,in,nation,2022-12,19324206,tonnes,portwatch,2022-12-31,,2026-10-06T05:59:34+00:00,estimated,1
shipping_exports,in,nation,2023-01,19846916,tonnes,portwatch,2023-01-31,,2026-09-26,estimated,0
shipping_exports,in,nation,2023-01,19848578,tonnes,portwatch,2023-01-31,,2026-10-06T05:59:34+00:00,estimated,1
shipping_exports,in,nation,2023-02,17682113,tonnes,portwatch,2023-02-28,,2026-09-26,estimated,0
shipping_exports,in,nation,2023-02,17683670,tonnes,portwatch,2023-02-28,,2026-10-06T05:59:34+00:00,estimated,1
shipping_exports,in,nation,2023-03,19464706,tonnes,portwatch,2023-03-31,,2026-09-26,estimated,0
shipping_exports,in,nation,2023-03,19466091,tonnes,portwatch,2023-03-31,,2026-10-06T05:59:34+00:00,estimated,1
shipping_exports,in,nation,2023-04,17578173,tonnes,portwatch,2023-04-30,,2026-09-26,estimated,0
shipping_exports,in,nation,2023-04,17578739,tonnes,portwatch,2023-04-30,,2026-10-06T05:59:34+00:00,estimated,1
shipping_exports,in,nation,2023-05,17750641,tonnes,portwatch,2023-05-31,,2026-09-26,estimated,0
shipping_exports,in,nation,2023-05,17751862,tonnes,portwatch,2023-05-31,,2026-10-06T05:59:34+00:00,estimated,1
shipping_exports,in,nation,2023-06,17260044,tonnes,portwatch,2023-06-30,,2026-09-26,estimated,0
shipping_exports,in,nation,2023-06,17261511,tonnes,portwatch,2023-06-30,,2026-10-06T05:59:34+00:00,estimated,1
shipping_exports,in,nation,2023-07,17199951,tonnes,portwatch,2023-07-31,,2026-09-26,estimated,0
shipping_exports,in,nation,2023-07,17201298,tonnes,portwatch,2023-07-31,,2026-10-06T05:59:34+00:00,estimated,1
shipping_exports,in,nation,2023-08,16929920,tonnes,portwatch,2023-08-31,,2026-09-26,estimated,0
shipping_exports,in,nation,2023-08,16935806,tonnes,portwatch,2023-08-31,,2026-10-06T05:59:34+00:00,estimated,1
shipping_exports,in,nation,2023-09,16353610,tonnes,portwatch,2023-09-30,,2026-09-26,estimated,0
shipping_exports,in,nation,2023-09,16354473,tonnes,portwatch,2023-09-30,,2026-10-06T05:59:34+00:00,estimated,1
shipping_exports,in,nation,2023-10,15758299,tonnes,portwatch,2023-10-31,,2026-09-26,estimated,0
shipping_exports,in,nation,2023-10,15759786,tonnes,portwatch,2023-10-31,,2026-10-06T05:59:34+00:00,estimated,1
shipping_exports,in,nation,2023-11,17457763,tonnes,portwatch,2023-11-30,,2026-09-26,estimated,0
shipping_exports,in,nation,2023-11,17458534,tonnes,portwatch,2023-11-30,,2026-10-06T05:59:34+00:00,estimated,1
shipping_exports,in,nation,2023-12,16972590,tonnes,portwatch,2023-12-31,,2026-09-26,estimated,0
shipping_exports,in,nation,2023-12,16965580,tonnes,portwatch,2023-12-31,,2026-10-06T05:59:34+00:00,estimated,1
shipping_exports,in,nation,2024-01,19497335,tonnes,portwatch,2024-01-31,,2026-09-26,estimated,0
shipping_exports,in,nation,2024-01,19498242,tonnes,portwatch,2024-01-31,,2026-10-06T05:59:34+00:00,estimated,1
shipping_exports,in,nation,2024-02,17476073,tonnes,portwatch,2024-02-29,,2026-09-26,estimated,0
shipping_exports,in,nation,2024-02,17476973,tonnes,portwatch,2024-02-29,,2026-10-06T05:59:34+00:00,estimated,1
shipping_exports,in,nation,2024-03,20125859,tonnes,portwatch,2024-03-31,,2026-09-26,estimated,0
shipping_exports,in,nation,2024-03,20126770,tonnes,portwatch,2024-03-31,,2026-10-06T05:59:34+00:00,estimated,1
shipping_exports,in,nation,2024-04,18017938,tonnes,portwatch,2024-04-30,,2026-09-26,estimated,0
shipping_exports,in,nation,2024-04,18019957,tonnes,portwatch,2024-04-30,,2026-10-06T05:59:34+00:00,estimated,1
shipping_exports,in,nation,2024-05,20235922,tonnes,portwatch,2024-05-31,,2026-09-26,estimated,0
shipping_exports,in,nation,2024-05,20238193,tonnes,portwatch,2024-05-31,,2026-10-06T05:59:34+00:00,estimated,1
shipping_exports,in,nation,2024-06,21212086,tonnes,portwatch,2024-06-30,,2026-09-26,estimated,0
shipping_exports,in,nation,2024-06,21214289,tonnes,portwatch,2024-06-30,,2026-10-06T05:59:34+00:00,estimated,1
shipping_exports,in,nation,2024-07,18822859,tonnes,portwatch,2024-07-31,,2026-09-26,estimated,0
shipping_exports,in,nation,2024-07,18825698,tonnes,portwatch,2024-07-31,,2026-10-06T05:59:34+00:00,estimated,1
shipping_exports,in,nation,2024-08,16767175,tonnes,portwatch,2024-08-31,,2026-09-26,estimated,0
shipping_exports,in,nation,2024-08,16769151,tonnes,portwatch,2024-08-31,,2026-10-06T05:59:34+00:00,estimated,1
shipping_exports,in,nation,2024-09,16510921,tonnes,portwatch,2024-09-30,,2026-09-26,estimated,0
shipping_exports,in,nation,2024-09,16512688,tonnes,portwatch,2024-09-30,,2026-10-06T05:59:34+00:00,estimated,1
shipping_exports,in,nation,2024-10,18440479,tonnes,portwatch,2024-10-31,,2026-09-26,estimated,0
shipping_exports,in,nation,2024-10,18442921,tonnes,portwatch,2024-10-31,,2026-10-06T05:59:34+00:00,estimated,1
shipping_exports,in,nation,2024-11,15797181,tonnes,portwatch,2024-11-30,,2026-09-26,estimated,0
shipping_exports,in,nation,2024-11,15799192,tonnes,portwatch,2024-11-30,,2026-10-06T05:59:34+00:00,estimated,1
shipping_exports,in,nation,2024-12,17449780,tonnes,portwatch,2024-12-31,,2026-09-26,estimated,0
shipping_exports,in,nation,2024-12,17451716,tonnes,portwatch,2024-12-31,,2026-10-06T05:59:34+00:00,estimated,1
shipping_exports,in,nation,2025-01,16702510,tonnes,portwatch,2025-01-31,,2026-09-26,estimated,0
shipping_exports,in,nation,2025-01,16703921,tonnes,portwatch,2025-01-31,,2026-10-06T05:59:34+00:00,estimated,1
shipping_exports,in,nation,2025-02,16300106,tonnes,portwatch,2025-02-28,,2026-09-26,estimated,0
shipping_exports,in,nation,2025-02,16300652,tonnes,portwatch,2025-02-28,,2026-10-06T05:59:34+00:00,estimated,1
shipping_exports,in,nation,2025-03,17874410,tonnes,portwatch,2025-03-31,,2026-09-26,estimated,0
shipping_exports,in,nation,2025-03,17875895,tonnes,portwatch,2025-03-31,,2026-10-06T05:59:34+00:00,estimated,1
shipping_exports,in,nation,2025-04,16294680,tonnes,portwatch,2025-04-30,,2026-09-26,estimated,0
shipping_exports,in,nation,2025-04,16296785,tonnes,portwatch,2025-04-30,,2026-10-06T05:59:34+00:00,estimated,1
shipping_exports,in,nation,2025-05,16474717,tonnes,portwatch,2025-05-31,,2026-09-26,estimated,0
shipping_exports,in,nation,2025-05,16478361,tonnes,portwatch,2025-05-31,,2026-10-06T05:59:34+00:00,estimated,1
shipping_exports,in,nation,2025-06,15299463,tonnes,portwatch,2025-06-30,,2026-09-26,estimated,0
shipping_exports,in,nation,2025-06,15304010,tonnes,portwatch,2025-06-30,,2026-10-06T05:59:34+00:00,estimated,1
shipping_exports,in,nation,2025-07,15946107,tonnes,portwatch,2025-07-31,,2026-09-26,estimated,0
shipping_exports,in,nation,2025-07,15951126,tonnes,portwatch,2025-07-31,,2026-10-06T05:59:34+00:00,estimated,1
shipping_exports,in,nation,2025-08,14588437,tonnes,portwatch,2025-08-31,,2026-09-26,estimated,0
shipping_exports,in,nation,2025-08,14589343,tonnes,portwatch,2025-08-31,,2026-10-06T05:59:34+00:00,estimated,1
shipping_exports,in,nation,2025-09,14614006,tonnes,portwatch,2025-09-30,,2026-09-26,estimated,0
shipping_exports,in,nation,2025-09,14593331,tonnes,portwatch,2025-09-30,,2026-10-06T05:59:34+00:00,estimated,1
shipping_exports,in,nation,2025-10,14367442,tonnes,portwatch,2025-10-31,,2026-09-26,estimated,0
shipping_exports,in,nation,2025-10,14343899,tonnes,portwatch,2025-10-31,,2026-10-06T05:59:34+00:00,estimated,1
shipping_exports,in,nation,2025-11,14236058,tonnes,portwatch,2025-11-30,,2026-09-26,estimated,0
shipping_exports,in,nation,2025-11,14222324,tonnes,portwatch,2025-11-30,,2026-10-06T05:59:34+00:00,estimated,1
shipping_exports,in,nation,2025-12,14239640,tonnes,portwatch,2025-12-31,,2026-09-26,estimated,0
shipping_exports,in,nation,2025-12,14234255,tonnes,portwatch,2025-12-31,,2026-10-06T05:59:34+00:00,estimated,1
shipping_exports,in,nation,2026-01,14619133,tonnes,portwatch,2026-01-31,,2026-09-26,estimated,0
shipping_exports,in,nation,2026-01,14618821,tonnes,portwatch,2026-01-31,,2026-10-06T05:59:34+00:00,estimated,1
shipping_exports,in,nation,2026-02,15147816,tonnes,portwatch,2026-02-28,,2026-09-26,estimated,0
shipping_exports,in,nation,2026-02,15132275,tonnes,portwatch,2026-02-28,,2026-10-06T05:59:34+00:00,estimated,1
shipping_exports,in,nation,2026-03,16202374,tonnes,portwatch,2026-03-31,,2026-09-26,estimated,0
shipping_exports,in,nation,2026-03,16195359,tonnes,portwatch,2026-03-31,,2026-10-06T05:59:34+00:00,estimated,1
shipping_exports,in,nation,2026-04,18661638,tonnes,portwatch,2026-04-30,,2026-09-26,estimated,0
shipping_exports,in,nation,2026-04,18690486,tonnes,portwatch,2026-04-30,,2026-10-06T05:59:34+00:00,estimated,1
shipping_exports,in,nation,2026-05,24185780,tonnes,portwatch,2026-05-31,,2026-09-26,estimated,0
shipping_exports,in,nation,2026-05,24186341,tonnes,portwatch,2026-05-31,,2026-10-06T05:59:34+00:00,estimated,1
shipping_exports,in,nation,2026-06,24593290,tonnes,portwatch,2026-06-30,,2026-09-26,estimated,0
shipping_exports,in,nation,2026-06,24593052,tonnes,portwatch,2026-06-30,,2026-10-06T05:59:34+00:00,estimated,1
shipping_exports,in,nation,2026-07,24299416,tonnes,portwatch,2026-07-31,,2026-09-26,estimated,0
shipping_exports,in,nation,2026-07,24268121,tonnes,portwatch,2026-07-31,,2026-10-06T05:59:34+00:00,estimated,1
shipping_exports,in,nation,2026-08,24053387,tonnes,portwatch,2026-08-31,,2026-09-26,estimated,0
shipping_exports,in,nation,2026-08,24054534,tonnes,portwatch,2026-08-31,,2026-10-06T05:59:34+00:00,estimated,1
shipping_exports,it,nation,2019-01,6275752,tonnes,portwatch,2019-01-31,,2026-09-26,estimated,0
shipping_exports,it,nation,2019-01,6275615,tonnes,portwatch,2019-01-31,,2026-10-06T05:59:36+00:00,estimated,1
shipping_exports,it,nation,2019-02,5738230,tonnes,portwatch,2019-02-28,,2026-09-26,estimated,0
shipping_exports,it,nation,2019-02,5738039,tonnes,portwatch,2019-02-28,,2026-10-06T05:59:36+00:00,estimated,1
shipping_exports,it,nation,2019-03,6905326,tonnes,portwatch,2019-03-31,,2026-09-26,estimated,0
shipping_exports,it,nation,2019-03,6905013,tonnes,portwatch,2019-03-31,,2026-10-06T05:59:36+00:00,estimated,1
shipping_exports,it,nation,2019-04,6854021,tonnes,portwatch,2019-04-30,,2026-09-26,estimated,0
shipping_exports,it,nation,2019-04,6853868,tonnes,portwatch,2019-04-30,,2026-10-06T05:59:36+00:00,estimated,1
shipping_exports,it,nation,2019-05,7634138,tonnes,portwatch,2019-05-31,,2026-09-26,estimated,0
shipping_exports,it,nation,2019-05,7633981,tonnes,portwatch,2019-05-31,,2026-10-06T05:59:36+00:00,estimated,1
shipping_exports,it,nation,2019-06,7648975,tonnes,portwatch,2019-06-30,,2026-09-26,estimated,0
shipping_exports,it,nation,2019-06,7648711,tonnes,portwatch,2019-06-30,,2026-10-06T05:59:36+00:00,estimated,1
shipping_exports,it,nation,2019-07,7958699,tonnes,portwatch,2019-07-31,,2026-09-26,estimated,0
shipping_exports,it,nation,2019-07,7958626,tonnes,portwatch,2019-07-31,,2026-10-06T05:59:36+00:00,estimated,1
shipping_exports,it,nation,2019-08,6969406,tonnes,portwatch,2019-08-31,,2026-09-26,estimated,0
shipping_exports,it,nation,2019-08,6969408,tonnes,portwatch,2019-08-31,,2026-10-06T05:59:36+00:00,estimated,1
shipping_exports,it,nation,2019-09,6687290,tonnes,portwatch,2019-09-30,,2026-09-26,estimated,0
shipping_exports,it,nation,2019-09,6686600,tonnes,portwatch,2019-09-30,,2026-10-06T05:59:36+00:00,estimated,1
shipping_exports,it,nation,2019-10,7066135,tonnes,portwatch,2019-10-31,,2026-09-26,estimated,0
shipping_exports,it,nation,2019-10,7065480,tonnes,portwatch,2019-10-31,,2026-10-06T05:59:36+00:00,estimated,1
shipping_exports,it,nation,2019-11,6588968,tonnes,portwatch,2019-11-30,,2026-09-26,estimated,0
shipping_exports,it,nation,2019-11,6588950,tonnes,portwatch,2019-11-30,,2026-10-06T05:59:36+00:00,estimated,1
shipping_exports,it,nation,2019-12,7031545,tonnes,portwatch,2019-12-31,,2026-09-26,estimated,0
shipping_exports,it,nation,2019-12,7031098,tonnes,portwatch,2019-12-31,,2026-10-06T05:59:36+00:00,estimated,1
shipping_exports,it,nation,2020-01,6569397,tonnes,portwatch,2020-01-31,,2026-09-26,estimated,0
shipping_exports,it,nation,2020-01,6568744,tonnes,portwatch,2020-01-31,,2026-10-06T05:59:36+00:00,estimated,1
shipping_exports,it,nation,2020-02,7187066,tonnes,portwatch,2020-02-29,,2026-09-26,estimated,0
shipping_exports,it,nation,2020-02,7187126,tonnes,portwatch,2020-02-29,,2026-10-06T05:59:36+00:00,estimated,1
shipping_exports,it,nation,2020-03,6662899,tonnes,portwatch,2020-03-31,,2026-09-26,estimated,0
shipping_exports,it,nation,2020-03,6662967,tonnes,portwatch,2020-03-31,,2026-10-06T05:59:36+00:00,estimated,1
shipping_exports,it,nation,2020-04,6260486,tonnes,portwatch,2020-04-30,,2026-09-26,estimated,0
shipping_exports,it,nation,2020-04,6260305,tonnes,portwatch,2020-04-30,,2026-10-06T05:59:36+00:00,estimated,1
shipping_exports,it,nation,2020-05,6256458,tonnes,portwatch,2020-05-31,,2026-09-26,estimated,0
shipping_exports,it,nation,2020-05,6256261,tonnes,portwatch,2020-05-31,,2026-10-06T05:59:36+00:00,estimated,1
shipping_exports,it,nation,2020-06,5722725,tonnes,portwatch,2020-06-30,,2026-09-26,estimated,0
shipping_exports,it,nation,2020-06,5722754,tonnes,portwatch,2020-06-30,,2026-10-06T05:59:36+00:00,estimated,1
shipping_exports,it,nation,2020-07,6332613,tonnes,portwatch,2020-07-31,,2026-09-26,estimated,0
shipping_exports,it,nation,2020-07,6332493,tonnes,portwatch,2020-07-31,,2026-10-06T05:59:36+00:00,estimated,1
shipping_exports,it,nation,2020-08,6240233,tonnes,portwatch,2020-08-31,,2026-09-26,estimated,0
shipping_exports,it,nation,2020-08,6240326,tonnes,portwatch,2020-08-31,,2026-10-06T05:59:36+00:00,estimated,1
shipping_exports,it,nation,2020-09,5755907,tonnes,portwatch,2020-09-30,,2026-09-26,estimated,0
shipping_exports,it,nation,2020-09,5755816,tonnes,portwatch,2020-09-30,,2026-10-06T05:59:36+00:00,estimated,1
shipping_exports,it,nation,2020-10,6376975,tonnes,portwatch,2020-10-31,,2026-09-26,estimated,0
shipping_exports,it,nation,2020-10,6377090,tonnes,portwatch,2020-10-31,,2026-10-06T05:59:36+00:00,estimated,1
shipping_exports,it,nation,2020-11,6564242,tonnes,portwatch,2020-11-30,,2026-09-26,estimated,0
shipping_exports,it,nation,2020-11,6564514,tonnes,portwatch,2020-11-30,,2026-10-06T05:59:36+00:00,estimated,1
shipping_exports,it,nation,2020-12,6923812,tonnes,portwatch,2020-12-31,,2026-09-26,estimated,0
shipping_exports,it,nation,2020-12,6923845,tonnes,portwatch,2020-12-31,,2026-10-06T05:59:36+00:00,estimated,1
shipping_exports,it,nation,2021-01,6315372,tonnes,portwatch,2021-01-31,,2026-09-26,estimated,0
shipping_exports,it,nation,2021-01,6315473,tonnes,portwatch,2021-01-31,,2026-10-06T05:59:36+00:00,estimated,1
shipping_exports,it,nation,2021-02,5718016,tonnes,portwatch,2021-02-28,,2026-09-26,estimated,0
shipping_exports,it,nation,2021-02,5718154,tonnes,portwatch,2021-02-28,,2026-10-06T05:59:36+00:00,estimated,1
shipping_exports,it,nation,2021-03,7446876,tonnes,portwatch,2021-03-31,,2026-09-26,estimated,0
shipping_exports,it,nation,2021-03,7447014,tonnes,portwatch,2021-03-31,,2026-10-06T05:59:36+00:00,estimated,1
shipping_exports,it,nation,2021-04,7311376,tonnes,portwatch,2021-04-30,,2026-09-26,estimated,0
shipping_exports,it,nation,2021-04,7311472,tonnes,portwatch,2021-04-30,,2026-10-06T05:59:36+00:00,estimated,1
shipping_exports,it,nation,2021-05,7918904,tonnes,portwatch,2021-05-31,,2026-09-26,estimated,0
shipping_exports,it,nation,2021-05,7919069,tonnes,portwatch,2021-05-31,,2026-10-06T05:59:36+00:00,estimated,1
shipping_exports,it,nation,2021-06,6774194,tonnes,portwatch,2021-06-30,,2026-09-26,estimated,0
shipping_exports,it,nation,2021-06,6774236,tonnes,portwatch,2021-06-30,,2026-10-06T05:59:36+00:00,estimated,1
shipping_exports,it,nation,2021-07,6960714,tonnes,portwatch,2021-07-31,,2026-09-26,estimated,0
shipping_exports,it,nation,2021-07,6960801,tonnes,portwatch,2021-07-31,,2026-10-06T05:59:36+00:00,estimated,1
shipping_exports,it,nation,2021-08,6831249,tonnes,portwatch,2021-08-31,,2026-09-26,estimated,0
shipping_exports,it,nation,2021-08,6831167,tonnes,portwatch,2021-08-31,,2026-10-06T05:59:36+00:00,estimated,1
shipping_exports,it,nation,2021-09,6590990,tonnes,portwatch,2021-09-30,,2026-09-26,estimated,0
shipping_exports,it,nation,2021-09,6590961,tonnes,portwatch,2021-09-30,,2026-10-06T05:59:36+00:00,estimated,1
shipping_exports,it,nation,2021-10,6932254,tonnes,portwatch,2021-10-31,,2026-09-26,estimated,0
shipping_exports,it,nation,2021-10,6932323,tonnes,portwatch,2021-10-31,,2026-10-06T05:59:36+00:00,estimated,1
shipping_exports,it,nation,2021-11,8015191,tonnes,portwatch,2021-11-30,,2026-09-26,estimated,0
shipping_exports,it,nation,2021-11,8015270,tonnes,portwatch,2021-11-30,,2026-10-06T05:59:36+00:00,estimated,1
shipping_exports,it,nation,2021-12,7775806,tonnes,portwatch,2021-12-31,,2026-09-26,estimated,0
shipping_exports,it,nation,2021-12,7776042,tonnes,portwatch,2021-12-31,,2026-10-06T05:59:36+00:00,estimated,1
shipping_exports,it,nation,2022-01,7327535,tonnes,portwatch,2022-01-31,,2026-09-26,estimated,0
shipping_exports,it,nation,2022-01,7327609,tonnes,portwatch,2022-01-31,,2026-10-06T05:59:36+00:00,estimated,1
shipping_exports,it,nation,2022-02,7311911,tonnes,portwatch,2022-02-28,,2026-09-26,estimated,0
shipping_exports,it,nation,2022-02,7311882,tonnes,portwatch,2022-02-28,,2026-10-06T05:59:36+00:00,estimated,1
shipping_exports,it,nation,2022-03,7535841,tonnes,portwatch,2022-03-31,,2026-09-26,estimated,0
shipping_exports,it,nation,2022-03,7536028,tonnes,portwatch,2022-03-31,,2026-10-06T05:59:36+00:00,estimated,1
shipping_exports,it,nation,2022-04,8071519,tonnes,portwatch,2022-04-30,,2026-09-26,estimated,0
shipping_exports,it,nation,2022-04,8071588,tonnes,portwatch,2022-04-30,,2026-10-06T05:59:36+00:00,estimated,1
shipping_exports,it,nation,2022-05,8883818,tonnes,portwatch,2022-05-31,,2026-09-26,estimated,0
shipping_exports,it,nation,2022-05,8883844,tonnes,portwatch,2022-05-31,,2026-10-06T05:59:36+00:00,estimated,1
shipping_exports,it,nation,2022-06,8402809,tonnes,portwatch,2022-06-30,,2026-09-26,estimated,0
shipping_exports,it,nation,2022-06,8402622,tonnes,portwatch,2022-06-30,,2026-10-06T05:59:36+00:00,estimated,1
shipping_exports,it,nation,2022-07,8594568,tonnes,portwatch,2022-07-31,,2026-09-26,estimated,0
shipping_exports,it,nation,2022-07,8594570,tonnes,portwatch,2022-07-31,,2026-10-06T05:59:36+00:00,estimated,1
shipping_exports,it,nation,2022-08,7492092,tonnes,portwatch,2022-08-31,,2026-09-26,estimated,0
shipping_exports,it,nation,2022-08,7492076,tonnes,portwatch,2022-08-31,,2026-10-06T05:59:36+00:00,estimated,1
shipping_exports,it,nation,2022-09,7358608,tonnes,portwatch,2022-09-30,,2026-09-26,estimated,0
shipping_exports,it,nation,2022-09,7358600,tonnes,portwatch,2022-09-30,,2026-10-06T05:59:36+00:00,estimated,1
shipping_exports,it,nation,2022-10,7933582,tonnes,portwatch,2022-10-31,,2026-09-26,estimated,0
shipping_exports,it,nation,2022-10,7933524,tonnes,portwatch,2022-10-31,,2026-10-06T05:59:36+00:00,estimated,1
shipping_exports,it,nation,2022-11,7063074,tonnes,portwatch,2022-11-30,,2026-09-26,estimated,0
shipping_exports,it,nation,2022-11,7063251,tonnes,portwatch,2022-11-30,,2026-10-06T05:59:36+00:00,estimated,1
shipping_exports,it,nation,2022-12,8171008,tonnes,portwatch,2022-12-31,,2026-09-26,estimated,0
shipping_exports,it,nation,2022-12,8171141,tonnes,portwatch,2022-12-31,,2026-10-06T05:59:36+00:00,estimated,1
shipping_exports,it,nation,2023-01,7850651,tonnes,portwatch,2023-01-31,,2026-09-26,estimated,0
shipping_exports,it,nation,2023-01,7850619,tonnes,portwatch,2023-01-31,,2026-10-06T05:59:36+00:00,estimated,1
shipping_exports,it,nation,2023-02,7857280,tonnes,portwatch,2023-02-28,,2026-09-26,estimated,0
shipping_exports,it,nation,2023-02,7857233,tonnes,portwatch,2023-02-28,,2026-10-06T05:59:36+00:00,estimated,1
shipping_exports,it,nation,2023-03,8807480,tonnes,portwatch,2023-03-31,,2026-09-26,estimated,0
shipping_exports,it,nation,2023-03,8807546,tonnes,portwatch,2023-03-31,,2026-10-06T05:59:36+00:00,estimated,1
shipping_exports,it,nation,2023-04,8268768,tonnes,portwatch,2023-04-30,,2026-09-26,estimated,0
shipping_exports,it,nation,2023-05,8373913,tonnes,portwatch,2023-05-31,,2026-09-26,estimated,0
shipping_exports,it,nation,2023-05,8374060,tonnes,portwatch,2023-05-31,,2026-10-06T05:59:36+00:00,estimated,1
shipping_exports,it,nation,2023-06,7952184,tonnes,portwatch,2023-06-30,,2026-09-26,estimated,0
shipping_exports,it,nation,2023-06,7952250,tonnes,portwatch,2023-06-30,,2026-10-06T05:59:36+00:00,estimated,1
shipping_exports,it,nation,2023-07,8801992,tonnes,portwatch,2023-07-31,,2026-09-26,estimated,0
shipping_exports,it,nation,2023-07,8802019,tonnes,portwatch,2023-07-31,,2026-10-06T05:59:36+00:00,estimated,1
shipping_exports,it,nation,2023-08,8351630,tonnes,portwatch,2023-08-31,,2026-09-26,estimated,0
shipping_exports,it,nation,2023-08,8351773,tonnes,portwatch,2023-08-31,,2026-10-06T05:59:36+00:00,estimated,1
shipping_exports,it,nation,2023-09,8583342,tonnes,portwatch,2023-09-30,,2026-09-26,estimated,0
shipping_exports,it,nation,2023-09,8583303,tonnes,portwatch,2023-09-30,,2026-10-06T05:59:36+00:00,estimated,1
shipping_exports,it,nation,2023-10,8577020,tonnes,portwatch,2023-10-31,,2026-09-26,estimated,0
shipping_exports,it,nation,2023-10,8577126,tonnes,portwatch,2023-10-31,,2026-10-06T05:59:36+00:00,estimated,1
shipping_exports,it,nation,2023-11,8220192,tonnes,portwatch,2023-11-30,,2026-09-26,estimated,0
shipping_exports,it,nation,2023-11,8220519,tonnes,portwatch,2023-11-30,,2026-10-06T05:59:36+00:00,estimated,1
shipping_exports,it,nation,2023-12,8171993,tonnes,portwatch,2023-12-31,,2026-09-26,estimated,0
shipping_exports,it,nation,2023-12,8172099,tonnes,portwatch,2023-12-31,,2026-10-06T05:59:36+00:00,estimated,1
shipping_exports,it,nation,2024-01,8765959,tonnes,portwatch,2024-01-31,,2026-09-26,estimated,0
shipping_exports,it,nation,2024-01,8766143,tonnes,portwatch,2024-01-31,,2026-10-06T05:59:36+00:00,estimated,1
shipping_exports,it,nation,2024-02,7926423,tonnes,portwatch,2024-02-29,,2026-09-26,estimated,0
shipping_exports,it,nation,2024-02,7926665,tonnes,portwatch,2024-02-29,,2026-10-06T05:59:36+00:00,estimated,1
shipping_exports,it,nation,2024-03,8686091,tonnes,portwatch,2024-03-31,,2026-09-26,estimated,0
shipping_exports,it,nation,2024-03,8686231,tonnes,portwatch,2024-03-31,,2026-10-06T05:59:36+00:00,estimated,1
shipping_exports,it,nation,2024-04,8018731,tonnes,portwatch,2024-04-30,,2026-09-26,estimated,0
shipping_exports,it,nation,2024-04,8019113,tonnes,portwatch,2024-04-30,,2026-10-06T05:59:36+00:00,estimated,1
shipping_exports,it,nation,2024-05,8785778,tonnes,portwatch,2024-05-31,,2026-09-26,estimated,0
shipping_exports,it,nation,2024-05,8786005,tonnes,portwatch,2024-05-31,,2026-10-06T05:59:36+00:00,estimated,1
shipping_exports,it,nation,2024-06,7869746,tonnes,portwatch,2024-06-30,,2026-09-26,estimated,0
shipping_exports,it,nation,2024-06,7869838,tonnes,portwatch,2024-06-30,,2026-10-06T05:59:36+00:00,estimated,1
shipping_exports,it,nation,2024-07,7943450,tonnes,portwatch,2024-07-31,,2026-09-26,estimated,0
shipping_exports,it,nation,2024-07,7943419,tonnes,portwatch,2024-07-31,,2026-10-06T05:59:36+00:00,estimated,1
shipping_exports,it,nation,2024-08,8397041,tonnes,portwatch,2024-08-31,,2026-09-26,estimated,0
shipping_exports,it,nation,2024-08,8397165,tonnes,portwatch,2024-08-31,,2026-10-06T05:59:36+00:00,estimated,1
shipping_exports,it,nation,2024-09,7928198,tonnes,portwatch,2024-09-30,,2026-09-26,estimated,0
shipping_exports,it,nation,2024-09,7928423,tonnes,portwatch,2024-09-30,,2026-10-06T05:59:36+00:00,estimated,1
shipping_exports,it,nation,2024-10,7997000,tonnes,portwatch,2024-10-31,,2026-09-26,estimated,0
shipping_exports,it,nation,2024-10,7996950,tonnes,portwatch,2024-10-31,,2026-10-06T05:59:36+00:00,estimated,1
shipping_exports,it,nation,2024-11,8515857,tonnes,portwatch,2024-11-30,,2026-09-26,estimated,0
shipping_exports,it,nation,2024-11,8515823,tonnes,portwatch,2024-11-30,,2026-10-06T05:59:36+00:00,estimated,1
shipping_exports,it,nation,2024-12,8488470,tonnes,portwatch,2024-12-31,,2026-09-26,estimated,0
shipping_exports,it,nation,2024-12,8488748,tonnes,portwatch,2024-12-31,,2026-10-06T05:59:36+00:00,estimated,1
shipping_exports,it,nation,2025-01,8445148,tonnes,portwatch,2025-01-31,,2026-09-26,estimated,0
shipping_exports,it,nation,2025-01,8445252,tonnes,portwatch,2025-01-31,,2026-10-06T05:59:36+00:00,estimated,1
shipping_exports,it,nation,2025-02,8023006,tonnes,portwatch,2025-02-28,,2026-09-26,estimated,0
shipping_exports,it,nation,2025-02,8022879,tonnes,portwatch,2025-02-28,,2026-10-06T05:59:36+00:00,estimated,1
shipping_exports,it,nation,2025-03,8603625,tonnes,portwatch,2025-03-31,,2026-09-26,estimated,0
shipping_exports,it,nation,2025-03,8603661,tonnes,portwatch,2025-03-31,,2026-10-06T05:59:36+00:00,estimated,1
shipping_exports,it,nation,2025-04,7812902,tonnes,portwatch,2025-04-30,,2026-09-26,estimated,0
shipping_exports,it,nation,2025-04,7813033,tonnes,portwatch,2025-04-30,,2026-10-06T05:59:36+00:00,estimated,1
shipping_exports,it,nation,2025-05,8212391,tonnes,portwatch,2025-05-31,,2026-09-26,estimated,0
shipping_exports,it,nation,2025-05,8212294,tonnes,portwatch,2025-05-31,,2026-10-06T05:59:36+00:00,estimated,1
shipping_exports,it,nation,2025-06,8168634,tonnes,portwatch,2025-06-30,,2026-09-26,estimated,0
shipping_exports,it,nation,2025-06,8168315,tonnes,portwatch,2025-06-30,,2026-10-06T05:59:36+00:00,estimated,1
shipping_exports,it,nation,2025-07,8177691,tonnes,portwatch,2025-07-31,,2026-09-26,estimated,0
shipping_exports,it,nation,2025-07,8177486,tonnes,portwatch,2025-07-31,,2026-10-06T05:59:36+00:00,estimated,1
shipping_exports,it,nation,2025-08,8420901,tonnes,portwatch,2025-08-31,,2026-09-26,estimated,0
shipping_exports,it,nation,2025-08,8420444,tonnes,portwatch,2025-08-31,,2026-10-06T05:59:36+00:00,estimated,1
shipping_exports,it,nation,2025-09,8017722,tonnes,portwatch,2025-09-30,,2026-09-26,estimated,0
shipping_exports,it,nation,2025-09,8017616,tonnes,portwatch,2025-09-30,,2026-10-06T05:59:36+00:00,estimated,1
shipping_exports,it,nation,2025-10,8558460,tonnes,portwatch,2025-10-31,,2026-09-26,estimated,0
shipping_exports,it,nation,2025-10,8558188,tonnes,portwatch,2025-10-31,,2026-10-06T05:59:36+00:00,estimated,1
shipping_exports,it,nation,2025-11,7976169,tonnes,portwatch,2025-11-30,,2026-09-26,estimated,0
shipping_exports,it,nation,2025-11,7975767,tonnes,portwatch,2025-11-30,,2026-10-06T05:59:36+00:00,estimated,1
shipping_exports,it,nation,2025-12,8201812,tonnes,portwatch,2025-12-31,,2026-09-26,estimated,0
shipping_exports,it,nation,2025-12,8201720,tonnes,portwatch,2025-12-31,,2026-10-06T05:59:36+00:00,estimated,1
shipping_exports,it,nation,2026-01,7945964,tonnes,portwatch,2026-01-31,,2026-09-26,estimated,0
shipping_exports,it,nation,2026-01,7945660,tonnes,portwatch,2026-01-31,,2026-10-06T05:59:36+00:00,estimated,1
shipping_exports,it,nation,2026-02,7362369,tonnes,portwatch,2026-02-28,,2026-09-26,estimated,0
shipping_exports,it,nation,2026-02,7362419,tonnes,portwatch,2026-02-28,,2026-10-06T05:59:36+00:00,estimated,1
shipping_exports,it,nation,2026-03,8146226,tonnes,portwatch,2026-03-31,,2026-09-26,estimated,0
shipping_exports,it,nation,2026-03,8145438,tonnes,portwatch,2026-03-31,,2026-10-06T05:59:36+00:00,estimated,1
shipping_exports,it,nation,2026-04,8739236,tonnes,portwatch,2026-04-30,,2026-09-26,estimated,0
shipping_exports,it,nation,2026-04,8738770,tonnes,portwatch,2026-04-30,,2026-10-06T05:59:36+00:00,estimated,1
shipping_exports,it,nation,2026-05,9264223,tonnes,portwatch,2026-05-31,,2026-09-26,estimated,0
shipping_exports,it,nation,2026-05,9263324,tonnes,portwatch,2026-05-31,,2026-10-06T05:59:36+00:00,estimated,1
shipping_exports,it,nation,2026-06,8951540,tonnes,portwatch,2026-06-30,,2026-09-26,estimated,0
shipping_exports,it,nation,2026-06,8952721,tonnes,portwatch,2026-06-30,,2026-10-06T05:59:36+00:00,estimated,1
shipping_exports,it,nation,2026-07,8969280,tonnes,portwatch,2026-07-31,,2026-09-26,estimated,0
shipping_exports,it,nation,2026-07,8964180,tonnes,portwatch,2026-07-31,,2026-10-06T05:59:36+00:00,estimated,1
shipping_exports,it,nation,2026-08,8935285,tonnes,portwatch,2026-08-31,,2026-09-26,estimated,0
shipping_exports,it,nation,2026-08,8937283,tonnes,portwatch,2026-08-31,,2026-10-06T05:59:36+00:00,estimated,1
shipping_exports,jp,nation,2019-01,24198148,tonnes,portwatch,2019-01-31,,2026-09-26,estimated,0
shipping_exports,jp,nation,2019-01,24198486,tonnes,portwatch,2019-01-31,,2026-10-06T05:59:36+00:00,estimated,1
shipping_exports,jp,nation,2019-02,23083526,tonnes,portwatch,2019-02-28,,2026-09-26,estimated,0
shipping_exports,jp,nation,2019-02,23084107,tonnes,portwatch,2019-02-28,,2026-10-06T05:59:36+00:00,estimated,1
shipping_exports,jp,nation,2019-03,27154289,tonnes,portwatch,2019-03-31,,2026-09-26,estimated,0
shipping_exports,jp,nation,2019-03,27154366,tonnes,portwatch,2019-03-31,,2026-10-06T05:59:36+00:00,estimated,1
shipping_exports,jp,nation,2019-04,23962391,tonnes,portwatch,2019-04-30,,2026-09-26,estimated,0
shipping_exports,jp,nation,2019-04,23963325,tonnes,portwatch,2019-04-30,,2026-10-06T05:59:36+00:00,estimated,1
shipping_exports,jp,nation,2019-05,23876247,tonnes,portwatch,2019-05-31,,2026-09-26,estimated,0
shipping_exports,jp,nation,2019-05,23876746,tonnes,portwatch,2019-05-31,,2026-10-06T05:59:36+00:00,estimated,1
shipping_exports,jp,nation,2019-06,25237410,tonnes,portwatch,2019-06-30,,2026-09-26,estimated,0
shipping_exports,jp,nation,2019-06,25237373,tonnes,portwatch,2019-06-30,,2026-10-06T05:59:36+00:00,estimated,1
shipping_exports,jp,nation,2019-07,25742991,tonnes,portwatch,2019-07-31,,2026-09-26,estimated,0
shipping_exports,jp,nation,2019-07,25742502,tonnes,portwatch,2019-07-31,,2026-10-06T05:59:36+00:00,estimated,1
shipping_exports,jp,nation,2019-08,24362361,tonnes,portwatch,2019-08-31,,2026-09-26,estimated,0
shipping_exports,jp,nation,2019-08,24360962,tonnes,portwatch,2019-08-31,,2026-10-06T05:59:36+00:00,estimated,1
shipping_exports,jp,nation,2019-09,25841449,tonnes,portwatch,2019-09-30,,2026-09-26,estimated,0
shipping_exports,jp,nation,2019-09,25839917,tonnes,portwatch,2019-09-30,,2026-10-06T05:59:36+00:00,estimated,1
shipping_exports,jp,nation,2019-10,26127922,tonnes,portwatch,2019-10-31,,2026-09-26,estimated,0
shipping_exports,jp,nation,2019-10,26127030,tonnes,portwatch,2019-10-31,,2026-10-06T05:59:36+00:00,estimated,1
shipping_exports,jp,nation,2019-11,27265525,tonnes,portwatch,2019-11-30,,2026-09-26,estimated,0
shipping_exports,jp,nation,2019-11,27264784,tonnes,portwatch,2019-11-30,,2026-10-06T05:59:36+00:00,estimated,1
shipping_exports,jp,nation,2019-12,27112750,tonnes,portwatch,2019-12-31,,2026-09-26,estimated,0
shipping_exports,jp,nation,2019-12,27111200,tonnes,portwatch,2019-12-31,,2026-10-06T05:59:36+00:00,estimated,1
shipping_exports,jp,nation,2020-01,24521835,tonnes,portwatch,2020-01-31,,2026-09-26,estimated,0
shipping_exports,jp,nation,2020-01,24521849,tonnes,portwatch,2020-01-31,,2026-10-06T05:59:36+00:00,estimated,1
shipping_exports,jp,nation,2020-02,24862386,tonnes,portwatch,2020-02-29,,2026-09-26,estimated,0
shipping_exports,jp,nation,2020-02,24861904,tonnes,portwatch,2020-02-29,,2026-10-06T05:59:36+00:00,estimated,1
shipping_exports,jp,nation,2020-03,27541946,tonnes,portwatch,2020-03-31,,2026-09-26,estimated,0
shipping_exports,jp,nation,2020-03,27542280,tonnes,portwatch,2020-03-31,,2026-10-06T05:59:36+00:00,estimated,1
shipping_exports,jp,nation,2020-04,23924581,tonnes,portwatch,2020-04-30,,2026-09-26,estimated,0
shipping_exports,jp,nation,2020-04,23923614,tonnes,portwatch,2020-04-30,,2026-10-06T05:59:36+00:00,estimated,1
shipping_exports,jp,nation,2020-05,21682516,tonnes,portwatch,2020-05-31,,2026-09-26,estimated,0
shipping_exports,jp,nation,2020-05,21681690,tonnes,portwatch,2020-05-31,,2026-10-06T05:59:36+00:00,estimated,1
shipping_exports,jp,nation,2020-06,22557098,tonnes,portwatch,2020-06-30,,2026-09-26,estimated,0
shipping_exports,jp,nation,2020-06,22556177,tonnes,portwatch,2020-06-30,,2026-10-06T05:59:36+00:00,estimated,1
shipping_exports,jp,nation,2020-07,23332920,tonnes,portwatch,2020-07-31,,2026-09-26,estimated,0
shipping_exports,jp,nation,2020-07,23331277,tonnes,portwatch,2020-07-31,,2026-10-06T05:59:36+00:00,estimated,1
shipping_exports,jp,nation,2020-08,23565533,tonnes,portwatch,2020-08-31,,2026-09-26,estimated,0
shipping_exports,jp,nation,2020-08,23564650,tonnes,portwatch,2020-08-31,,2026-10-06T05:59:36+00:00,estimated,1
shipping_exports,jp,nation,2020-09,22779416,tonnes,portwatch,2020-09-30,,2026-09-26,estimated,0
shipping_exports,jp,nation,2020-09,22777256,tonnes,portwatch,2020-09-30,,2026-10-06T05:59:36+00:00,estimated,1
shipping_exports,jp,nation,2020-10,25489231,tonnes,portwatch,2020-10-31,,2026-09-26,estimated,0
shipping_exports,jp,nation,2020-10,25486715,tonnes,portwatch,2020-10-31,,2026-10-06T05:59:36+00:00,estimated,1
shipping_exports,jp,nation,2020-11,24342976,tonnes,portwatch,2020-11-30,,2026-09-26,estimated,0
shipping_exports,jp,nation,2020-11,24341171,tonnes,portwatch,2020-11-30,,2026-10-06T05:59:36+00:00,estimated,1
shipping_exports,jp,nation,2020-12,25744826,tonnes,portwatch,2020-12-31,,2026-09-26,estimated,0
shipping_exports,jp,nation,2020-12,25743066,tonnes,portwatch,2020-12-31,,2026-10-06T05:59:36+00:00,estimated,1
shipping_exports,jp,nation,2021-01,24325811,tonnes,portwatch,2021-01-31,,2026-09-26,estimated,0
shipping_exports,jp,nation,2021-01,24323594,tonnes,portwatch,2021-01-31,,2026-10-06T05:59:36+00:00,estimated,1
shipping_exports,jp,nation,2021-02,22957650,tonnes,portwatch,2021-02-28,,2026-09-26,estimated,0
shipping_exports,jp,nation,2021-02,22956394,tonnes,portwatch,2021-02-28,,2026-10-06T05:59:36+00:00,estimated,1
shipping_exports,jp,nation,2021-03,26711394,tonnes,portwatch,2021-03-31,,2026-09-26,estimated,0
shipping_exports,jp,nation,2021-03,26709103,tonnes,portwatch,2021-03-31,,2026-10-06T05:59:36+00:00,estimated,1
shipping_exports,jp,nation,2021-04,25282306,tonnes,portwatch,2021-04-30,,2026-09-26,estimated,0
shipping_exports,jp,nation,2021-04,25279894,tonnes,portwatch,2021-04-30,,2026-10-06T05:59:36+00:00,estimated,1
shipping_exports,jp,nation,2021-05,23346477,tonnes,portwatch,2021-05-31,,2026-09-26,estimated,0
shipping_exports,jp,nation,2021-05,23344435,tonnes,portwatch,2021-05-31,,2026-10-06T05:59:36+00:00,estimated,1
shipping_exports,jp,nation,2021-06,25316777,tonnes,portwatch,2021-06-30,,2026-09-26,estimated,0
shipping_exports,jp,nation,2021-06,25314336,tonnes,portwatch,2021-06-30,,2026-10-06T05:59:36+00:00,estimated,1
shipping_exports,jp,nation,2021-07,25042478,tonnes,portwatch,2021-07-31,,2026-09-26,estimated,0
shipping_exports,jp,nation,2021-07,25039477,tonnes,portwatch,2021-07-31,,2026-10-06T05:59:36+00:00,estimated,1
shipping_exports,jp,nation,2021-08,25868477,tonnes,portwatch,2021-08-31,,2026-09-26,estimated,0
shipping_exports,jp,nation,2021-08,25866149,tonnes,portwatch,2021-08-31,,2026-10-06T05:59:36+00:00,estimated,1
shipping_exports,jp,nation,2021-09,24198304,tonnes,portwatch,2021-09-30,,2026-09-26,estimated,0
shipping_exports,jp,nation,2021-09,24196865,tonnes,portwatch,2021-09-30,,2026-10-06T05:59:36+00:00,estimated,1
shipping_exports,jp,nation,2021-10,26398469,tonnes,portwatch,2021-10-31,,2026-09-26,estimated,0
shipping_exports,jp,nation,2021-10,26395987,tonnes,portwatch,2021-10-31,,2026-10-06T05:59:36+00:00,estimated,1
shipping_exports,jp,nation,2021-11,25217112,tonnes,portwatch,2021-11-30,,2026-09-26,estimated,0
shipping_exports,jp,nation,2021-11,25214080,tonnes,portwatch,2021-11-30,,2026-10-06T05:59:36+00:00,estimated,1
shipping_exports,jp,nation,2021-12,25366937,tonnes,portwatch,2021-12-31,,2026-09-26,estimated,0
shipping_exports,jp,nation,2021-12,25364307,tonnes,portwatch,2021-12-31,,2026-10-06T05:59:36+00:00,estimated,1
shipping_exports,jp,nation,2022-01,24638790,tonnes,portwatch,2022-01-31,,2026-09-26,estimated,0
shipping_exports,jp,nation,2022-01,24636189,tonnes,portwatch,2022-01-31,,2026-10-06T05:59:36+00:00,estimated,1
shipping_exports,jp,nation,2022-02,23721544,tonnes,portwatch,2022-02-28,,2026-09-26,estimated,0
shipping_exports,jp,nation,2022-02,23719198,tonnes,portwatch,2022-02-28,,2026-10-06T05:59:36+00:00,estimated,1
shipping_exports,jp,nation,2022-03,25623699,tonnes,portwatch,2022-03-31,,2026-09-26,estimated,0
shipping_exports,jp,nation,2022-03,25620699,tonnes,portwatch,2022-03-31,,2026-10-06T05:59:36+00:00,estimated,1
shipping_exports,jp,nation,2022-04,24994735,tonnes,portwatch,2022-04-30,,2026-09-26,estimated,0
shipping_exports,jp,nation,2022-04,24991869,tonnes,portwatch,2022-04-30,,2026-10-06T05:59:36+00:00,estimated,1
shipping_exports,jp,nation,2022-05,24777074,tonnes,portwatch,2022-05-31,,2026-09-26,estimated,0
shipping_exports,jp,nation,2022-05,24774877,tonnes,portwatch,2022-05-31,,2026-10-06T05:59:36+00:00,estimated,1
shipping_exports,jp,nation,2022-06,24726864,tonnes,portwatch,2022-06-30,,2026-09-26,estimated,0
shipping_exports,jp,nation,2022-06,24724045,tonnes,portwatch,2022-06-30,,2026-10-06T05:59:36+00:00,estimated,1
shipping_exports,jp,nation,2022-07,25291136,tonnes,portwatch,2022-07-31,,2026-09-26,estimated,0
shipping_exports,jp,nation,2022-07,25287942,tonnes,portwatch,2022-07-31,,2026-10-06T05:59:36+00:00,estimated,1
shipping_exports,jp,nation,2022-08,24930171,tonnes,portwatch,2022-08-31,,2026-09-26,estimated,0
shipping_exports,jp,nation,2022-08,24927626,tonnes,portwatch,2022-08-31,,2026-10-06T05:59:36+00:00,estimated,1
shipping_exports,jp,nation,2022-09,24861547,tonnes,portwatch,2022-09-30,,2026-09-26,estimated,0
shipping_exports,jp,nation,2022-09,24859082,tonnes,portwatch,2022-09-30,,2026-10-06T05:59:36+00:00,estimated,1
shipping_exports,jp,nation,2022-10,25735712,tonnes,portwatch,2022-10-31,,2026-09-26,estimated,0
shipping_exports,jp,nation,2022-10,25732582,tonnes,portwatch,2022-10-31,,2026-10-06T05:59:36+00:00,estimated,1
shipping_exports,jp,nation,2022-11,25176069,tonnes,portwatch,2022-11-30,,2026-09-26,estimated,0
shipping_exports,jp,nation,2022-11,25173122,tonnes,portwatch,2022-11-30,,2026-10-06T05:59:36+00:00,estimated,1
shipping_exports,jp,nation,2022-12,25405082,tonnes,portwatch,2022-12-31,,2026-09-26,estimated,0
shipping_exports,jp,nation,2022-12,25403347,tonnes,portwatch,2022-12-31,,2026-10-06T05:59:36+00:00,estimated,1
shipping_exports,jp,nation,2023-01,24819069,tonnes,portwatch,2023-01-31,,2026-09-26,estimated,0
shipping_exports,jp,nation,2023-01,24816698,tonnes,portwatch,2023-01-31,,2026-10-06T05:59:36+00:00,estimated,1
shipping_exports,jp,nation,2023-02,23245555,tonnes,portwatch,2023-02-28,,2026-09-26,estimated,0
shipping_exports,jp,nation,2023-02,23242741,tonnes,portwatch,2023-02-28,,2026-10-06T05:59:36+00:00,estimated,1
shipping_exports,jp,nation,2023-03,25941529,tonnes,portwatch,2023-03-31,,2026-09-26,estimated,0
shipping_exports,jp,nation,2023-03,25939386,tonnes,portwatch,2023-03-31,,2026-10-06T05:59:36+00:00,estimated,1
shipping_exports,jp,nation,2023-04,23651323,tonnes,portwatch,2023-04-30,,2026-09-26,estimated,0
shipping_exports,jp,nation,2023-04,23649497,tonnes,portwatch,2023-04-30,,2026-10-06T05:59:36+00:00,estimated,1
shipping_exports,jp,nation,2023-05,23704092,tonnes,portwatch,2023-05-31,,2026-09-26,estimated,0
shipping_exports,jp,nation,2023-05,23701300,tonnes,portwatch,2023-05-31,,2026-10-06T05:59:36+00:00,estimated,1
shipping_exports,jp,nation,2023-06,23970738,tonnes,portwatch,2023-06-30,,2026-09-26,estimated,0
shipping_exports,jp,nation,2023-06,23967730,tonnes,portwatch,2023-06-30,,2026-10-06T05:59:36+00:00,estimated,1
shipping_exports,jp,nation,2023-07,24406580,tonnes,portwatch,2023-07-31,,2026-09-26,estimated,0
shipping_exports,jp,nation,2023-07,24405653,tonnes,portwatch,2023-07-31,,2026-10-06T05:59:36+00:00,estimated,1
shipping_exports,jp,nation,2023-08,23024734,tonnes,portwatch,2023-08-31,,2026-09-26,estimated,0
shipping_exports,jp,nation,2023-08,23021507,tonnes,portwatch,2023-08-31,,2026-10-06T05:59:36+00:00,estimated,1
shipping_exports,jp,nation,2023-09,24632158,tonnes,portwatch,2023-09-30,,2026-09-26,estimated,0
shipping_exports,jp,nation,2023-09,24629832,tonnes,portwatch,2023-09-30,,2026-10-06T05:59:36+00:00,estimated,1
shipping_exports,jp,nation,2023-10,24751696,tonnes,portwatch,2023-10-31,,2026-09-26,estimated,0
shipping_exports,jp,nation,2023-10,24749156,tonnes,portwatch,2023-10-31,,2026-10-06T05:59:36+00:00,estimated,1
shipping_exports,jp,nation,2023-11,24219227,tonnes,portwatch,2023-11-30,,2026-09-26,estimated,0
shipping_exports,jp,nation,2023-11,24216028,tonnes,portwatch,2023-11-30,,2026-10-06T05:59:36+00:00,estimated,1
shipping_exports,jp,nation,2023-12,24556906,tonnes,portwatch,2023-12-31,,2026-09-26,estimated,0
shipping_exports,jp,nation,2023-12,24554950,tonnes,portwatch,2023-12-31,,2026-10-06T05:59:36+00:00,estimated,1
shipping_exports,jp,nation,2024-01,22589159,tonnes,portwatch,2024-01-31,,2026-09-26,estimated,0
shipping_exports,jp,nation,2024-01,22586829,tonnes,portwatch,2024-01-31,,2026-10-06T05:59:36+00:00,estimated,1
shipping_exports,jp,nation,2024-02,23427553,tonnes,portwatch,2024-02-29,,2026-09-26,estimated,0
shipping_exports,jp,nation,2024-02,23425091,tonnes,portwatch,2024-02-29,,2026-10-06T05:59:36+00:00,estimated,1
shipping_exports,jp,nation,2024-03,24832611,tonnes,portwatch,2024-03-31,,2026-09-26,estimated,0
shipping_exports,jp,nation,2024-03,24830346,tonnes,portwatch,2024-03-31,,2026-10-06T05:59:36+00:00,estimated,1
shipping_exports,jp,nation,2024-04,23553104,tonnes,portwatch,2024-04-30,,2026-09-26,estimated,0
shipping_exports,jp,nation,2024-04,23550347,tonnes,portwatch,2024-04-30,,2026-10-06T05:59:36+00:00,estimated,1
shipping_exports,jp,nation,2024-05,23672596,tonnes,portwatch,2024-05-31,,2026-09-26,estimated,0
shipping_exports,jp,nation,2024-05,23668524,tonnes,portwatch,2024-05-31,,2026-10-06T05:59:36+00:00,estimated,1
shipping_exports,jp,nation,2024-06,24254815,tonnes,portwatch,2024-06-30,,2026-09-26,estimated,0
shipping_exports,jp,nation,2024-06,24251684,tonnes,portwatch,2024-06-30,,2026-10-06T05:59:36+00:00,estimated,1
shipping_exports,jp,nation,2024-07,24268541,tonnes,portwatch,2024-07-31,,2026-09-26,estimated,0
shipping_exports,jp,nation,2024-07,24264519,tonnes,portwatch,2024-07-31,,2026-10-06T05:59:36+00:00,estimated,1
shipping_exports,jp,nation,2024-08,21197587,tonnes,portwatch,2024-08-31,,2026-09-26,estimated,0
shipping_exports,jp,nation,2024-08,21194671,tonnes,portwatch,2024-08-31,,2026-10-06T05:59:36+00:00,estimated,1
shipping_exports,jp,nation,2024-09,24670206,tonnes,portwatch,2024-09-30,,2026-09-26,estimated,0
shipping_exports,jp,nation,2024-09,24666819,tonnes,portwatch,2024-09-30,,2026-10-06T05:59:36+00:00,estimated,1
shipping_exports,jp,nation,2024-10,25095383,tonnes,portwatch,2024-10-31,,2026-09-26,estimated,0
shipping_exports,jp,nation,2024-10,25089720,tonnes,portwatch,2024-10-31,,2026-10-06T05:59:36+00:00,estimated,1
shipping_exports,jp,nation,2024-11,23004067,tonnes,portwatch,2024-11-30,,2026-09-26,estimated,0
shipping_exports,jp,nation,2024-11,23000642,tonnes,portwatch,2024-11-30,,2026-10-06T05:59:36+00:00,estimated,1
shipping_exports,jp,nation,2024-12,26080704,tonnes,portwatch,2024-12-31,,2026-09-26,estimated,0
shipping_exports,jp,nation,2024-12,26077999,tonnes,portwatch,2024-12-31,,2026-10-06T05:59:36+00:00,estimated,1
shipping_exports,jp,nation,2025-01,22746269,tonnes,portwatch,2025-01-31,,2026-09-26,estimated,0
shipping_exports,jp,nation,2025-01,22740678,tonnes,portwatch,2025-01-31,,2026-10-06T05:59:36+00:00,estimated,1
shipping_exports,jp,nation,2025-02,22457903,tonnes,portwatch,2025-02-28,,2026-09-26,estimated,0
shipping_exports,jp,nation,2025-02,22454149,tonnes,portwatch,2025-02-28,,2026-10-06T05:59:36+00:00,estimated,1
shipping_exports,jp,nation,2025-03,24200789,tonnes,portwatch,2025-03-31,,2026-09-26,estimated,0
shipping_exports,jp,nation,2025-03,24195491,tonnes,portwatch,2025-03-31,,2026-10-06T05:59:36+00:00,estimated,1
shipping_exports,jp,nation,2025-04,23196320,tonnes,portwatch,2025-04-30,,2026-09-26,estimated,0
shipping_exports,jp,nation,2025-04,23191367,tonnes,portwatch,2025-04-30,,2026-10-06T05:59:36+00:00,estimated,1
shipping_exports,jp,nation,2025-05,22459093,tonnes,portwatch,2025-05-31,,2026-09-26,estimated,0
shipping_exports,jp,nation,2025-05,22455998,tonnes,portwatch,2025-05-31,,2026-10-06T05:59:36+00:00,estimated,1
shipping_exports,jp,nation,2025-06,23080639,tonnes,portwatch,2025-06-30,,2026-09-26,estimated,0
shipping_exports,jp,nation,2025-06,23077875,tonnes,portwatch,2025-06-30,,2026-10-06T05:59:36+00:00,estimated,1
shipping_exports,jp,nation,2025-07,22873162,tonnes,portwatch,2025-07-31,,2026-09-26,estimated,0
shipping_exports,jp,nation,2025-07,22868770,tonnes,portwatch,2025-07-31,,2026-10-06T05:59:36+00:00,estimated,1
shipping_exports,jp,nation,2025-08,23391490,tonnes,portwatch,2025-08-31,,2026-09-26,estimated,0
shipping_exports,jp,nation,2025-08,23386343,tonnes,portwatch,2025-08-31,,2026-10-06T05:59:36+00:00,estimated,1
shipping_exports,jp,nation,2025-09,23103861,tonnes,portwatch,2025-09-30,,2026-09-26,estimated,0
shipping_exports,jp,nation,2025-09,23098824,tonnes,portwatch,2025-09-30,,2026-10-06T05:59:36+00:00,estimated,1
shipping_exports,jp,nation,2025-10,24283794,tonnes,portwatch,2025-10-31,,2026-09-26,estimated,0
shipping_exports,jp,nation,2025-10,24279981,tonnes,portwatch,2025-10-31,,2026-10-06T05:59:36+00:00,estimated,1
shipping_exports,jp,nation,2025-11,22891197,tonnes,portwatch,2025-11-30,,2026-09-26,estimated,0
shipping_exports,jp,nation,2025-11,22887211,tonnes,portwatch,2025-11-30,,2026-10-06T05:59:36+00:00,estimated,1
shipping_exports,jp,nation,2025-12,24610674,tonnes,portwatch,2025-12-31,,2026-09-26,estimated,0
shipping_exports,jp,nation,2025-12,24603853,tonnes,portwatch,2025-12-31,,2026-10-06T05:59:36+00:00,estimated,1
shipping_exports,jp,nation,2026-01,22665134,tonnes,portwatch,2026-01-31,,2026-09-26,estimated,0
shipping_exports,jp,nation,2026-01,22659335,tonnes,portwatch,2026-01-31,,2026-10-06T05:59:36+00:00,estimated,1
shipping_exports,jp,nation,2026-02,21534476,tonnes,portwatch,2026-02-28,,2026-09-26,estimated,0
shipping_exports,jp,nation,2026-02,21530672,tonnes,portwatch,2026-02-28,,2026-10-06T05:59:36+00:00,estimated,1
shipping_exports,jp,nation,2026-03,24064270,tonnes,portwatch,2026-03-31,,2026-09-26,estimated,0
shipping_exports,jp,nation,2026-03,24057550,tonnes,portwatch,2026-03-31,,2026-10-06T05:59:36+00:00,estimated,1
shipping_exports,jp,nation,2026-04,21472342,tonnes,portwatch,2026-04-30,,2026-09-26,estimated,0
shipping_exports,jp,nation,2026-04,21464412,tonnes,portwatch,2026-04-30,,2026-10-06T05:59:36+00:00,estimated,1
shipping_exports,jp,nation,2026-05,22855264,tonnes,portwatch,2026-05-31,,2026-09-26,estimated,0
shipping_exports,jp,nation,2026-05,22849747,tonnes,portwatch,2026-05-31,,2026-10-06T05:59:36+00:00,estimated,1
shipping_exports,jp,nation,2026-06,20956945,tonnes,portwatch,2026-06-30,,2026-09-26,estimated,0
shipping_exports,jp,nation,2026-06,20948803,tonnes,portwatch,2026-06-30,,2026-10-06T05:59:36+00:00,estimated,1
shipping_exports,jp,nation,2026-07,23248693,tonnes,portwatch,2026-07-31,,2026-09-26,estimated,0
shipping_exports,jp,nation,2026-07,23282939,tonnes,portwatch,2026-07-31,,2026-10-06T05:59:36+00:00,estimated,1
shipping_exports,jp,nation,2026-08,21439337,tonnes,portwatch,2026-08-31,,2026-09-26,estimated,0
shipping_exports,jp,nation,2026-08,21435530,tonnes,portwatch,2026-08-31,,2026-10-06T05:59:36+00:00,estimated,1
shipping_exports,kr,nation,2019-01,14820949,tonnes,portwatch,2019-01-31,,2026-09-26,estimated,0
shipping_exports,kr,nation,2019-01,14820025,tonnes,portwatch,2019-01-31,,2026-10-06T05:59:41+00:00,estimated,1
shipping_exports,kr,nation,2019-02,14121774,tonnes,portwatch,2019-02-28,,2026-09-26,estimated,0
shipping_exports,kr,nation,2019-02,14121168,tonnes,portwatch,2019-02-28,,2026-10-06T05:59:41+00:00,estimated,1
shipping_exports,kr,nation,2019-03,17419214,tonnes,portwatch,2019-03-31,,2026-09-26,estimated,0
shipping_exports,kr,nation,2019-03,17418510,tonnes,portwatch,2019-03-31,,2026-10-06T05:59:41+00:00,estimated,1
shipping_exports,kr,nation,2019-04,15471466,tonnes,portwatch,2019-04-30,,2026-09-26,estimated,0
shipping_exports,kr,nation,2019-04,15471035,tonnes,portwatch,2019-04-30,,2026-10-06T05:59:41+00:00,estimated,1
shipping_exports,kr,nation,2019-05,17431385,tonnes,portwatch,2019-05-31,,2026-09-26,estimated,0
shipping_exports,kr,nation,2019-05,17430953,tonnes,portwatch,2019-05-31,,2026-10-06T05:59:41+00:00,estimated,1
shipping_exports,kr,nation,2019-06,17546338,tonnes,portwatch,2019-06-30,,2026-09-26,estimated,0
shipping_exports,kr,nation,2019-06,17546102,tonnes,portwatch,2019-06-30,,2026-10-06T05:59:41+00:00,estimated,1
shipping_exports,kr,nation,2019-07,17252878,tonnes,portwatch,2019-07-31,,2026-09-26,estimated,0
shipping_exports,kr,nation,2019-07,17252064,tonnes,portwatch,2019-07-31,,2026-10-06T05:59:41+00:00,estimated,1
shipping_exports,kr,nation,2019-08,18277988,tonnes,portwatch,2019-08-31,,2026-09-26,estimated,0
shipping_exports,kr,nation,2019-08,18277390,tonnes,portwatch,2019-08-31,,2026-10-06T05:59:41+00:00,estimated,1
shipping_exports,kr,nation,2019-09,17543870,tonnes,portwatch,2019-09-30,,2026-09-26,estimated,0
shipping_exports,kr,nation,2019-09,17543490,tonnes,portwatch,2019-09-30,,2026-10-06T05:59:41+00:00,estimated,1
shipping_exports,kr,nation,2019-10,19648798,tonnes,portwatch,2019-10-31,,2026-09-26,estimated,0
shipping_exports,kr,nation,2019-10,19648508,tonnes,portwatch,2019-10-31,,2026-10-06T05:59:41+00:00,estimated,1
shipping_exports,kr,nation,2019-11,19029283,tonnes,portwatch,2019-11-30,,2026-09-26,estimated,0
shipping_exports,kr,nation,2019-11,19028953,tonnes,portwatch,2019-11-30,,2026-10-06T05:59:41+00:00,estimated,1
shipping_exports,kr,nation,2019-12,18707772,tonnes,portwatch,2019-12-31,,2026-09-26,estimated,0
shipping_exports,kr,nation,2019-12,18707297,tonnes,portwatch,2019-12-31,,2026-10-06T05:59:41+00:00,estimated,1
shipping_exports,kr,nation,2020-01,17274237,tonnes,portwatch,2020-01-31,,2026-09-26,estimated,0
shipping_exports,kr,nation,2020-01,17274273,tonnes,portwatch,2020-01-31,,2026-10-06T05:59:41+00:00,estimated,1
shipping_exports,kr,nation,2020-02,19050414,tonnes,portwatch,2020-02-29,,2026-09-26,estimated,0
shipping_exports,kr,nation,2020-02,19049947,tonnes,portwatch,2020-02-29,,2026-10-06T05:59:41+00:00,estimated,1
shipping_exports,kr,nation,2020-03,19424689,tonnes,portwatch,2020-03-31,,2026-09-26,estimated,0
shipping_exports,kr,nation,2020-03,19424202,tonnes,portwatch,2020-03-31,,2026-10-06T05:59:41+00:00,estimated,1
shipping_exports,kr,nation,2020-04,16599980,tonnes,portwatch,2020-04-30,,2026-09-26,estimated,0
shipping_exports,kr,nation,2020-04,16600223,tonnes,portwatch,2020-04-30,,2026-10-06T05:59:41+00:00,estimated,1
shipping_exports,kr,nation,2020-05,17643719,tonnes,portwatch,2020-05-31,,2026-09-26,estimated,0
shipping_exports,kr,nation,2020-05,17643776,tonnes,portwatch,2020-05-31,,2026-10-06T05:59:41+00:00,estimated,1
shipping_exports,kr,nation,2020-06,17543927,tonnes,portwatch,2020-06-30,,2026-09-26,estimated,0
shipping_exports,kr,nation,2020-06,17542851,tonnes,portwatch,2020-06-30,,2026-10-06T05:59:41+00:00,estimated,1
shipping_exports,kr,nation,2020-07,18533680,tonnes,portwatch,2020-07-31,,2026-09-26,estimated,0
shipping_exports,kr,nation,2020-07,18532589,tonnes,portwatch,2020-07-31,,2026-10-06T05:59:41+00:00,estimated,1
shipping_exports,kr,nation,2020-08,16973786,tonnes,portwatch,2020-08-31,,2026-09-26,estimated,0
shipping_exports,kr,nation,2020-08,16972903,tonnes,portwatch,2020-08-31,,2026-10-06T05:59:41+00:00,estimated,1
shipping_exports,kr,nation,2020-09,18183786,tonnes,portwatch,2020-09-30,,2026-09-26,estimated,0
shipping_exports,kr,nation,2020-09,18182913,tonnes,portwatch,2020-09-30,,2026-10-06T05:59:41+00:00,estimated,1
shipping_exports,kr,nation,2020-10,18522793,tonnes,portwatch,2020-10-31,,2026-09-26,estimated,0
shipping_exports,kr,nation,2020-10,18522051,tonnes,portwatch,2020-10-31,,2026-10-06T05:59:41+00:00,estimated,1
shipping_exports,kr,nation,2020-11,17437635,tonnes,portwatch,2020-11-30,,2026-09-26,estimated,0
shipping_exports,kr,nation,2020-11,17437449,tonnes,portwatch,2020-11-30,,2026-10-06T05:59:41+00:00,estimated,1
shipping_exports,kr,nation,2020-12,17568089,tonnes,portwatch,2020-12-31,,2026-09-26,estimated,0
shipping_exports,kr,nation,2020-12,17567467,tonnes,portwatch,2020-12-31,,2026-10-06T05:59:41+00:00,estimated,1
shipping_exports,kr,nation,2021-01,18059672,tonnes,portwatch,2021-01-31,,2026-09-26,estimated,0
shipping_exports,kr,nation,2021-01,18058802,tonnes,portwatch,2021-01-31,,2026-10-06T05:59:41+00:00,estimated,1
shipping_exports,kr,nation,2021-02,16403502,tonnes,portwatch,2021-02-28,,2026-09-26,estimated,0
shipping_exports,kr,nation,2021-02,16403104,tonnes,portwatch,2021-02-28,,2026-10-06T05:59:41+00:00,estimated,1
shipping_exports,kr,nation,2021-03,20193406,tonnes,portwatch,2021-03-31,,2026-09-26,estimated,0
shipping_exports,kr,nation,2021-03,20193080,tonnes,portwatch,2021-03-31,,2026-10-06T05:59:41+00:00,estimated,1
shipping_exports,kr,nation,2021-04,17968391,tonnes,portwatch,2021-04-30,,2026-09-26,estimated,0
shipping_exports,kr,nation,2021-04,17967552,tonnes,portwatch,2021-04-30,,2026-10-06T05:59:41+00:00,estimated,1
shipping_exports,kr,nation,2021-05,18794646,tonnes,portwatch,2021-05-31,,2026-09-26,estimated,0
shipping_exports,kr,nation,2021-05,18793563,tonnes,portwatch,2021-05-31,,2026-10-06T05:59:41+00:00,estimated,1
shipping_exports,kr,nation,2021-06,18119236,tonnes,portwatch,2021-06-30,,2026-09-26,estimated,0
shipping_exports,kr,nation,2021-06,18118155,tonnes,portwatch,2021-06-30,,2026-10-06T05:59:41+00:00,estimated,1
shipping_exports,kr,nation,2021-07,19915391,tonnes,portwatch,2021-07-31,,2026-09-26,estimated,0
shipping_exports,kr,nation,2021-07,19914800,tonnes,portwatch,2021-07-31,,2026-10-06T05:59:41+00:00,estimated,1
shipping_exports,kr,nation,2021-08,18841565,tonnes,portwatch,2021-08-31,,2026-09-26,estimated,0
shipping_exports,kr,nation,2021-08,18840436,tonnes,portwatch,2021-08-31,,2026-10-06T05:59:41+00:00,estimated,1
shipping_exports,kr,nation,2021-09,19439763,tonnes,portwatch,2021-09-30,,2026-09-26,estimated,0
shipping_exports,kr,nation,2021-09,19438638,tonnes,portwatch,2021-09-30,,2026-10-06T05:59:41+00:00,estimated,1
shipping_exports,kr,nation,2021-10,21197793,tonnes,portwatch,2021-10-31,,2026-09-26,estimated,0
shipping_exports,kr,nation,2021-10,21196485,tonnes,portwatch,2021-10-31,,2026-10-06T05:59:41+00:00,estimated,1
shipping_exports,kr,nation,2021-11,18281898,tonnes,portwatch,2021-11-30,,2026-09-26,estimated,0
shipping_exports,kr,nation,2021-11,18280256,tonnes,portwatch,2021-11-30,,2026-10-06T05:59:41+00:00,estimated,1
shipping_exports,kr,nation,2021-12,18991796,tonnes,portwatch,2021-12-31,,2026-09-26,estimated,0
shipping_exports,kr,nation,2021-12,18989900,tonnes,portwatch,2021-12-31,,2026-10-06T05:59:41+00:00,estimated,1
shipping_exports,kr,nation,2022-01,19959155,tonnes,portwatch,2022-01-31,,2026-09-26,estimated,0
shipping_exports,kr,nation,2022-01,19957509,tonnes,portwatch,2022-01-31,,2026-10-06T05:59:41+00:00,estimated,1
shipping_exports,kr,nation,2022-02,17196526,tonnes,portwatch,2022-02-28,,2026-09-26,estimated,0
shipping_exports,kr,nation,2022-02,17194535,tonnes,portwatch,2022-02-28,,2026-10-06T05:59:41+00:00,estimated,1
shipping_exports,kr,nation,2022-03,18797713,tonnes,portwatch,2022-03-31,,2026-09-26,estimated,0
shipping_exports,kr,nation,2022-03,18795623,tonnes,portwatch,2022-03-31,,2026-10-06T05:59:41+00:00,estimated,1
shipping_exports,kr,nation,2022-04,20402618,tonnes,portwatch,2022-04-30,,2026-09-26,estimated,0
shipping_exports,kr,nation,2022-04,20400749,tonnes,portwatch,2022-04-30,,2026-10-06T05:59:41+00:00,estimated,1
shipping_exports,kr,nation,2022-05,21998123,tonnes,portwatch,2022-05-31,,2026-09-26,estimated,0
shipping_exports,kr,nation,2022-05,21995153,tonnes,portwatch,2022-05-31,,2026-10-06T05:59:41+00:00,estimated,1
shipping_exports,kr,nation,2022-06,18484204,tonnes,portwatch,2022-06-30,,2026-09-26,estimated,0
shipping_exports,kr,nation,2022-06,18483853,tonnes,portwatch,2022-06-30,,2026-10-06T05:59:41+00:00,estimated,1
shipping_exports,kr,nation,2022-07,20767932,tonnes,portwatch,2022-07-31,,2026-09-26,estimated,0
shipping_exports,kr,nation,2022-07,20766999,tonnes,portwatch,2022-07-31,,2026-10-06T05:59:41+00:00,estimated,1
shipping_exports,kr,nation,2022-08,20089492,tonnes,portwatch,2022-08-31,,2026-09-26,estimated,0
shipping_exports,kr,nation,2022-08,20088080,tonnes,portwatch,2022-08-31,,2026-10-06T05:59:41+00:00,estimated,1
shipping_exports,kr,nation,2022-09,19305081,tonnes,portwatch,2022-09-30,,2026-09-26,estimated,0
shipping_exports,kr,nation,2022-09,19303937,tonnes,portwatch,2022-09-30,,2026-10-06T05:59:41+00:00,estimated,1
shipping_exports,kr,nation,2022-10,18309380,tonnes,portwatch,2022-10-31,,2026-09-26,estimated,0
shipping_exports,kr,nation,2022-10,18308539,tonnes,portwatch,2022-10-31,,2026-10-06T05:59:41+00:00,estimated,1
shipping_exports,kr,nation,2022-11,17263543,tonnes,portwatch,2022-11-30,,2026-09-26,estimated,0
shipping_exports,kr,nation,2022-11,17262693,tonnes,portwatch,2022-11-30,,2026-10-06T05:59:41+00:00,estimated,1
shipping_exports,kr,nation,2022-12,17343889,tonnes,portwatch,2022-12-31,,2026-09-26,estimated,0
shipping_exports,kr,nation,2022-12,17343427,tonnes,portwatch,2022-12-31,,2026-10-06T05:59:41+00:00,estimated,1
shipping_exports,kr,nation,2023-01,17397565,tonnes,portwatch,2023-01-31,,2026-09-26,estimated,0
shipping_exports,kr,nation,2023-01,17396881,tonnes,portwatch,2023-01-31,,2026-10-06T05:59:41+00:00,estimated,1
shipping_exports,kr,nation,2023-02,18124272,tonnes,portwatch,2023-02-28,,2026-09-26,estimated,0
shipping_exports,kr,nation,2023-02,18124579,tonnes,portwatch,2023-02-28,,2026-10-06T05:59:41+00:00,estimated,1
shipping_exports,kr,nation,2023-03,20133600,tonnes,portwatch,2023-03-31,,2026-09-26,estimated,0
shipping_exports,kr,nation,2023-03,20131616,tonnes,portwatch,2023-03-31,,2026-10-06T05:59:41+00:00,estimated,1
shipping_exports,kr,nation,2023-04,18285249,tonnes,portwatch,2023-04-30,,2026-09-26,estimated,0
shipping_exports,kr,nation,2023-04,18282806,tonnes,portwatch,2023-04-30,,2026-10-06T05:59:41+00:00,estimated,1
shipping_exports,kr,nation,2023-05,20989075,tonnes,portwatch,2023-05-31,,2026-09-26,estimated,0
shipping_exports,kr,nation,2023-05,20989520,tonnes,portwatch,2023-05-31,,2026-10-06T05:59:41+00:00,estimated,1
shipping_exports,kr,nation,2023-06,19155646,tonnes,portwatch,2023-06-30,,2026-09-26,estimated,0
shipping_exports,kr,nation,2023-06,19154483,tonnes,portwatch,2023-06-30,,2026-10-06T05:59:41+00:00,estimated,1
shipping_exports,kr,nation,2023-07,19901977,tonnes,portwatch,2023-07-31,,2026-09-26,estimated,0
shipping_exports,kr,nation,2023-07,19901001,tonnes,portwatch,2023-07-31,,2026-10-06T05:59:41+00:00,estimated,1
shipping_exports,kr,nation,2023-08,18474706,tonnes,portwatch,2023-08-31,,2026-09-26,estimated,0
shipping_exports,kr,nation,2023-08,18473794,tonnes,portwatch,2023-08-31,,2026-10-06T05:59:41+00:00,estimated,1
shipping_exports,kr,nation,2023-09,19206426,tonnes,portwatch,2023-09-30,,2026-09-26,estimated,0
shipping_exports,kr,nation,2023-09,19205904,tonnes,portwatch,2023-09-30,,2026-10-06T05:59:41+00:00,estimated,1
shipping_exports,kr,nation,2023-10,18671080,tonnes,portwatch,2023-10-31,,2026-09-26,estimated,0
shipping_exports,kr,nation,2023-10,18669825,tonnes,portwatch,2023-10-31,,2026-10-06T05:59:41+00:00,estimated,1
shipping_exports,kr,nation,2023-11,19361084,tonnes,portwatch,2023-11-30,,2026-09-26,estimated,0
shipping_exports,kr,nation,2023-11,19359553,tonnes,portwatch,2023-11-30,,2026-10-06T05:59:41+00:00,estimated,1
shipping_exports,kr,nation,2023-12,19087605,tonnes,portwatch,2023-12-31,,2026-09-26,estimated,0
shipping_exports,kr,nation,2023-12,19086574,tonnes,portwatch,2023-12-31,,2026-10-06T05:59:41+00:00,estimated,1
shipping_exports,kr,nation,2024-01,19384827,tonnes,portwatch,2024-01-31,,2026-09-26,estimated,0
shipping_exports,kr,nation,2024-01,19383811,tonnes,portwatch,2024-01-31,,2026-10-06T05:59:41+00:00,estimated,1
shipping_exports,kr,nation,2024-02,18941225,tonnes,portwatch,2024-02-29,,2026-09-26,estimated,0
shipping_exports,kr,nation,2024-02,18940246,tonnes,portwatch,2024-02-29,,2026-10-06T05:59:41+00:00,estimated,1
shipping_exports,kr,nation,2024-03,23706828,tonnes,portwatch,2024-03-31,,2026-09-26,estimated,0
shipping_exports,kr,nation,2024-03,23705233,tonnes,portwatch,2024-03-31,,2026-10-06T05:59:41+00:00,estimated,1
shipping_exports,kr,nation,2024-04,22783200,tonnes,portwatch,2024-04-30,,2026-09-26,estimated,0
shipping_exports,kr,nation,2024-04,22781212,tonnes,portwatch,2024-04-30,,2026-10-06T05:59:41+00:00,estimated,1
shipping_exports,kr,nation,2024-05,23723657,tonnes,portwatch,2024-05-31,,2026-09-26,estimated,0
shipping_exports,kr,nation,2024-05,23721821,tonnes,portwatch,2024-05-31,,2026-10-06T05:59:41+00:00,estimated,1
shipping_exports,kr,nation,2024-06,21691198,tonnes,portwatch,2024-06-30,,2026-09-26,estimated,0
shipping_exports,kr,nation,2024-06,21689547,tonnes,portwatch,2024-06-30,,2026-10-06T05:59:41+00:00,estimated,1
shipping_exports,kr,nation,2024-07,22464233,tonnes,portwatch,2024-07-31,,2026-09-26,estimated,0
shipping_exports,kr,nation,2024-07,22462578,tonnes,portwatch,2024-07-31,,2026-10-06T05:59:41+00:00,estimated,1
shipping_exports,kr,nation,2024-08,20143930,tonnes,portwatch,2024-08-31,,2026-09-26,estimated,0
shipping_exports,kr,nation,2024-08,20143158,tonnes,portwatch,2024-08-31,,2026-10-06T05:59:41+00:00,estimated,1
shipping_exports,kr,nation,2024-09,19520319,tonnes,portwatch,2024-09-30,,2026-09-26,estimated,0
shipping_exports,kr,nation,2024-09,19518928,tonnes,portwatch,2024-09-30,,2026-10-06T05:59:41+00:00,estimated,1
shipping_exports,kr,nation,2024-10,20277963,tonnes,portwatch,2024-10-31,,2026-09-26,estimated,0
shipping_exports,kr,nation,2024-10,20276684,tonnes,portwatch,2024-10-31,,2026-10-06T05:59:41+00:00,estimated,1
shipping_exports,kr,nation,2024-11,17757452,tonnes,portwatch,2024-11-30,,2026-09-26,estimated,0
shipping_exports,kr,nation,2024-11,17756862,tonnes,portwatch,2024-11-30,,2026-10-06T05:59:41+00:00,estimated,1
shipping_exports,kr,nation,2024-12,19674235,tonnes,portwatch,2024-12-31,,2026-09-26,estimated,0
shipping_exports,kr,nation,2024-12,19673526,tonnes,portwatch,2024-12-31,,2026-10-06T05:59:41+00:00,estimated,1
shipping_exports,kr,nation,2025-01,16707289,tonnes,portwatch,2025-01-31,,2026-09-26,estimated,0
shipping_exports,kr,nation,2025-01,16707152,tonnes,portwatch,2025-01-31,,2026-10-06T05:59:41+00:00,estimated,1
shipping_exports,kr,nation,2025-02,15985610,tonnes,portwatch,2025-02-28,,2026-09-26,estimated,0
shipping_exports,kr,nation,2025-02,15984591,tonnes,portwatch,2025-02-28,,2026-10-06T05:59:41+00:00,estimated,1
shipping_exports,kr,nation,2025-03,17585107,tonnes,portwatch,2025-03-31,,2026-09-26,estimated,0
shipping_exports,kr,nation,2025-03,17584631,tonnes,portwatch,2025-03-31,,2026-10-06T05:59:41+00:00,estimated,1
shipping_exports,kr,nation,2025-04,17549629,tonnes,portwatch,2025-04-30,,2026-09-26,estimated,0
shipping_exports,kr,nation,2025-04,17549465,tonnes,portwatch,2025-04-30,,2026-10-06T05:59:41+00:00,estimated,1
shipping_exports,kr,nation,2025-05,19316014,tonnes,portwatch,2025-05-31,,2026-09-26,estimated,0
shipping_exports,kr,nation,2025-05,19317165,tonnes,portwatch,2025-05-31,,2026-10-06T05:59:41+00:00,estimated,1
shipping_exports,kr,nation,2025-06,18874448,tonnes,portwatch,2025-06-30,,2026-09-26,estimated,0
shipping_exports,kr,nation,2025-06,18874047,tonnes,portwatch,2025-06-30,,2026-10-06T05:59:41+00:00,estimated,1
shipping_exports,kr,nation,2025-07,19485864,tonnes,portwatch,2025-07-31,,2026-09-26,estimated,0
shipping_exports,kr,nation,2025-07,19484765,tonnes,portwatch,2025-07-31,,2026-10-06T05:59:41+00:00,estimated,1
shipping_exports,kr,nation,2025-08,18715993,tonnes,portwatch,2025-08-31,,2026-09-26,estimated,0
shipping_exports,kr,nation,2025-08,18714346,tonnes,portwatch,2025-08-31,,2026-10-06T05:59:41+00:00,estimated,1
shipping_exports,kr,nation,2025-09,17344560,tonnes,portwatch,2025-09-30,,2026-09-26,estimated,0
shipping_exports,kr,nation,2025-09,17343844,tonnes,portwatch,2025-09-30,,2026-10-06T05:59:41+00:00,estimated,1
shipping_exports,kr,nation,2025-10,16254889,tonnes,portwatch,2025-10-31,,2026-09-26,estimated,0
shipping_exports,kr,nation,2025-10,16257857,tonnes,portwatch,2025-10-31,,2026-10-06T05:59:41+00:00,estimated,1
shipping_exports,kr,nation,2025-11,16192204,tonnes,portwatch,2025-11-30,,2026-09-26,estimated,0
shipping_exports,kr,nation,2025-11,16191800,tonnes,portwatch,2025-11-30,,2026-10-06T05:59:41+00:00,estimated,1
shipping_exports,kr,nation,2025-12,17533287,tonnes,portwatch,2025-12-31,,2026-09-26,estimated,0
shipping_exports,kr,nation,2025-12,17534101,tonnes,portwatch,2025-12-31,,2026-10-06T05:59:41+00:00,estimated,1
shipping_exports,kr,nation,2026-01,17814893,tonnes,portwatch,2026-01-31,,2026-09-26,estimated,0
shipping_exports,kr,nation,2026-01,17817405,tonnes,portwatch,2026-01-31,,2026-10-06T05:59:41+00:00,estimated,1
shipping_exports,kr,nation,2026-02,15223887,tonnes,portwatch,2026-02-28,,2026-09-26,estimated,0
shipping_exports,kr,nation,2026-02,15224312,tonnes,portwatch,2026-02-28,,2026-10-06T05:59:41+00:00,estimated,1
shipping_exports,kr,nation,2026-03,17076961,tonnes,portwatch,2026-03-31,,2026-09-26,estimated,0
shipping_exports,kr,nation,2026-03,17080420,tonnes,portwatch,2026-03-31,,2026-10-06T05:59:41+00:00,estimated,1
shipping_exports,kr,nation,2026-04,14640436,tonnes,portwatch,2026-04-30,,2026-09-26,estimated,0
shipping_exports,kr,nation,2026-04,14639617,tonnes,portwatch,2026-04-30,,2026-10-06T05:59:41+00:00,estimated,1
shipping_exports,kr,nation,2026-05,20097292,tonnes,portwatch,2026-05-31,,2026-09-26,estimated,0
shipping_exports,kr,nation,2026-05,20134171,tonnes,portwatch,2026-05-31,,2026-10-06T05:59:41+00:00,estimated,1
shipping_exports,kr,nation,2026-06,20474559,tonnes,portwatch,2026-06-30,,2026-09-26,estimated,0
shipping_exports,kr,nation,2026-06,20476958,tonnes,portwatch,2026-06-30,,2026-10-06T05:59:41+00:00,estimated,1
shipping_exports,kr,nation,2026-07,22334454,tonnes,portwatch,2026-07-31,,2026-09-26,estimated,0
shipping_exports,kr,nation,2026-07,22334939,tonnes,portwatch,2026-07-31,,2026-10-06T05:59:41+00:00,estimated,1
shipping_exports,kr,nation,2026-08,21269922,tonnes,portwatch,2026-08-31,,2026-09-26,estimated,0
shipping_exports,kr,nation,2026-08,21274406,tonnes,portwatch,2026-08-31,,2026-10-06T05:59:41+00:00,estimated,1
shipping_exports,mx,nation,2019-01,5441418,tonnes,portwatch,2019-01-31,,2026-09-26,estimated,0
shipping_exports,mx,nation,2019-01,5441557,tonnes,portwatch,2019-01-31,,2026-10-06T05:59:37+00:00,estimated,1
shipping_exports,mx,nation,2019-02,5322628,tonnes,portwatch,2019-02-28,,2026-09-26,estimated,0
shipping_exports,mx,nation,2019-02,5322454,tonnes,portwatch,2019-02-28,,2026-10-06T05:59:37+00:00,estimated,1
shipping_exports,mx,nation,2019-03,5769366,tonnes,portwatch,2019-03-31,,2026-09-26,estimated,0
shipping_exports,mx,nation,2019-03,5769159,tonnes,portwatch,2019-03-31,,2026-10-06T05:59:37+00:00,estimated,1
shipping_exports,mx,nation,2019-04,6076976,tonnes,portwatch,2019-04-30,,2026-09-26,estimated,0
shipping_exports,mx,nation,2019-04,6076696,tonnes,portwatch,2019-04-30,,2026-10-06T05:59:37+00:00,estimated,1
shipping_exports,mx,nation,2019-05,6158845,tonnes,portwatch,2019-05-31,,2026-09-26,estimated,0
shipping_exports,mx,nation,2019-05,6158879,tonnes,portwatch,2019-05-31,,2026-10-06T05:59:37+00:00,estimated,1
shipping_exports,mx,nation,2019-06,6020272,tonnes,portwatch,2019-06-30,,2026-09-26,estimated,0
shipping_exports,mx,nation,2019-06,6020090,tonnes,portwatch,2019-06-30,,2026-10-06T05:59:37+00:00,estimated,1
shipping_exports,mx,nation,2019-07,5830922,tonnes,portwatch,2019-07-31,,2026-09-26,estimated,0
shipping_exports,mx,nation,2019-07,5830794,tonnes,portwatch,2019-07-31,,2026-10-06T05:59:37+00:00,estimated,1
shipping_exports,mx,nation,2019-08,6164240,tonnes,portwatch,2019-08-31,,2026-09-26,estimated,0
shipping_exports,mx,nation,2019-08,6164103,tonnes,portwatch,2019-08-31,,2026-10-06T05:59:37+00:00,estimated,1
shipping_exports,mx,nation,2019-09,6088890,tonnes,portwatch,2019-09-30,,2026-09-26,estimated,0
shipping_exports,mx,nation,2019-09,6088664,tonnes,portwatch,2019-09-30,,2026-10-06T05:59:37+00:00,estimated,1
shipping_exports,mx,nation,2019-10,6179710,tonnes,portwatch,2019-10-31,,2026-09-26,estimated,0
shipping_exports,mx,nation,2019-10,6179658,tonnes,portwatch,2019-10-31,,2026-10-06T05:59:37+00:00,estimated,1
shipping_exports,mx,nation,2019-11,6372525,tonnes,portwatch,2019-11-30,,2026-09-26,estimated,0
shipping_exports,mx,nation,2019-11,6372456,tonnes,portwatch,2019-11-30,,2026-10-06T05:59:37+00:00,estimated,1
shipping_exports,mx,nation,2019-12,6486749,tonnes,portwatch,2019-12-31,,2026-09-26,estimated,0
shipping_exports,mx,nation,2019-12,6486299,tonnes,portwatch,2019-12-31,,2026-10-06T05:59:37+00:00,estimated,1
shipping_exports,mx,nation,2020-01,5951394,tonnes,portwatch,2020-01-31,,2026-09-26,estimated,0
shipping_exports,mx,nation,2020-01,5951492,tonnes,portwatch,2020-01-31,,2026-10-06T05:59:37+00:00,estimated,1
shipping_exports,mx,nation,2020-02,5794584,tonnes,portwatch,2020-02-29,,2026-09-26,estimated,0
shipping_exports,mx,nation,2020-02,5794450,tonnes,portwatch,2020-02-29,,2026-10-06T05:59:37+00:00,estimated,1
shipping_exports,mx,nation,2020-03,5496094,tonnes,portwatch,2020-03-31,,2026-09-26,estimated,0
shipping_exports,mx,nation,2020-03,5495916,tonnes,portwatch,2020-03-31,,2026-10-06T05:59:37+00:00,estimated,1
shipping_exports,mx,nation,2020-04,5622054,tonnes,portwatch,2020-04-30,,2026-09-26,estimated,0
shipping_exports,mx,nation,2020-04,5621886,tonnes,portwatch,2020-04-30,,2026-10-06T05:59:37+00:00,estimated,1
shipping_exports,mx,nation,2020-05,5546164,tonnes,portwatch,2020-05-31,,2026-09-26,estimated,0
shipping_exports,mx,nation,2020-05,5546172,tonnes,portwatch,2020-05-31,,2026-10-06T05:59:37+00:00,estimated,1
shipping_exports,mx,nation,2020-06,5424376,tonnes,portwatch,2020-06-30,,2026-09-26,estimated,0
shipping_exports,mx,nation,2020-06,5424311,tonnes,portwatch,2020-06-30,,2026-10-06T05:59:37+00:00,estimated,1
shipping_exports,mx,nation,2020-07,5728646,tonnes,portwatch,2020-07-31,,2026-09-26,estimated,0
shipping_exports,mx,nation,2020-07,5728642,tonnes,portwatch,2020-07-31,,2026-10-06T05:59:37+00:00,estimated,1
shipping_exports,mx,nation,2020-08,5671955,tonnes,portwatch,2020-08-31,,2026-09-26,estimated,0
shipping_exports,mx,nation,2020-08,5671846,tonnes,portwatch,2020-08-31,,2026-10-06T05:59:37+00:00,estimated,1
shipping_exports,mx,nation,2020-09,6137043,tonnes,portwatch,2020-09-30,,2026-09-26,estimated,0
shipping_exports,mx,nation,2020-09,6136843,tonnes,portwatch,2020-09-30,,2026-10-06T05:59:37+00:00,estimated,1
shipping_exports,mx,nation,2020-10,6063875,tonnes,portwatch,2020-10-31,,2026-09-26,estimated,0
shipping_exports,mx,nation,2020-10,6063703,tonnes,portwatch,2020-10-31,,2026-10-06T05:59:37+00:00,estimated,1
shipping_exports,mx,nation,2020-11,5240977,tonnes,portwatch,2020-11-30,,2026-09-26,estimated,0
shipping_exports,mx,nation,2020-11,5240890,tonnes,portwatch,2020-11-30,,2026-10-06T05:59:37+00:00,estimated,1
shipping_exports,mx,nation,2020-12,6093233,tonnes,portwatch,2020-12-31,,2026-09-26,estimated,0
shipping_exports,mx,nation,2020-12,6093159,tonnes,portwatch,2020-12-31,,2026-10-06T05:59:37+00:00,estimated,1
shipping_exports,mx,nation,2021-01,5610246,tonnes,portwatch,2021-01-31,,2026-09-26,estimated,0
shipping_exports,mx,nation,2021-01,5610140,tonnes,portwatch,2021-01-31,,2026-10-06T05:59:37+00:00,estimated,1
shipping_exports,mx,nation,2021-02,5209675,tonnes,portwatch,2021-02-28,,2026-09-26,estimated,0
shipping_exports,mx,nation,2021-02,5209706,tonnes,portwatch,2021-02-28,,2026-10-06T05:59:37+00:00,estimated,1
shipping_exports,mx,nation,2021-03,6043466,tonnes,portwatch,2021-03-31,,2026-09-26,estimated,0
shipping_exports,mx,nation,2021-03,6043322,tonnes,portwatch,2021-03-31,,2026-10-06T05:59:37+00:00,estimated,1
shipping_exports,mx,nation,2021-04,6308262,tonnes,portwatch,2021-04-30,,2026-09-26,estimated,0
shipping_exports,mx,nation,2021-04,6308086,tonnes,portwatch,2021-04-30,,2026-10-06T05:59:37+00:00,estimated,1
shipping_exports,mx,nation,2021-05,6898406,tonnes,portwatch,2021-05-31,,2026-09-26,estimated,0
shipping_exports,mx,nation,2021-05,6898301,tonnes,portwatch,2021-05-31,,2026-10-06T05:59:37+00:00,estimated,1
shipping_exports,mx,nation,2021-06,6319818,tonnes,portwatch,2021-06-30,,2026-09-26,estimated,0
shipping_exports,mx,nation,2021-06,6319654,tonnes,portwatch,2021-06-30,,2026-10-06T05:59:37+00:00,estimated,1
shipping_exports,mx,nation,2021-07,6963796,tonnes,portwatch,2021-07-31,,2026-09-26,estimated,0
shipping_exports,mx,nation,2021-07,6963700,tonnes,portwatch,2021-07-31,,2026-10-06T05:59:37+00:00,estimated,1
shipping_exports,mx,nation,2021-08,7050866,tonnes,portwatch,2021-08-31,,2026-09-26,estimated,0
shipping_exports,mx,nation,2021-08,7050682,tonnes,portwatch,2021-08-31,,2026-10-06T05:59:37+00:00,estimated,1
shipping_exports,mx,nation,2021-09,6460226,tonnes,portwatch,2021-09-30,,2026-09-26,estimated,0
shipping_exports,mx,nation,2021-09,6460068,tonnes,portwatch,2021-09-30,,2026-10-06T05:59:37+00:00,estimated,1
shipping_exports,mx,nation,2021-10,7106788,tonnes,portwatch,2021-10-31,,2026-09-26,estimated,0
shipping_exports,mx,nation,2021-10,7106763,tonnes,portwatch,2021-10-31,,2026-10-06T05:59:37+00:00,estimated,1
shipping_exports,mx,nation,2021-11,6897807,tonnes,portwatch,2021-11-30,,2026-09-26,estimated,0
shipping_exports,mx,nation,2021-11,6897694,tonnes,portwatch,2021-11-30,,2026-10-06T05:59:37+00:00,estimated,1
shipping_exports,mx,nation,2021-12,7449782,tonnes,portwatch,2021-12-31,,2026-09-26,estimated,0
shipping_exports,mx,nation,2021-12,7449750,tonnes,portwatch,2021-12-31,,2026-10-06T05:59:37+00:00,estimated,1
shipping_exports,mx,nation,2022-01,6636296,tonnes,portwatch,2022-01-31,,2026-09-26,estimated,0
shipping_exports,mx,nation,2022-01,6636053,tonnes,portwatch,2022-01-31,,2026-10-06T05:59:37+00:00,estimated,1
shipping_exports,mx,nation,2022-02,6481188,tonnes,portwatch,2022-02-28,,2026-09-26,estimated,0
shipping_exports,mx,nation,2022-02,6480981,tonnes,portwatch,2022-02-28,,2026-10-06T05:59:37+00:00,estimated,1
shipping_exports,mx,nation,2022-03,7747055,tonnes,portwatch,2022-03-31,,2026-09-26,estimated,0
shipping_exports,mx,nation,2022-03,7747093,tonnes,portwatch,2022-03-31,,2026-10-06T05:59:37+00:00,estimated,1
shipping_exports,mx,nation,2022-04,7449450,tonnes,portwatch,2022-04-30,,2026-09-26,estimated,0
shipping_exports,mx,nation,2022-04,7449545,tonnes,portwatch,2022-04-30,,2026-10-06T05:59:37+00:00,estimated,1
shipping_exports,mx,nation,2022-05,6749837,tonnes,portwatch,2022-05-31,,2026-09-26,estimated,0
shipping_exports,mx,nation,2022-05,6749744,tonnes,portwatch,2022-05-31,,2026-10-06T05:59:37+00:00,estimated,1
shipping_exports,mx,nation,2022-06,6398414,tonnes,portwatch,2022-06-30,,2026-09-26,estimated,0
shipping_exports,mx,nation,2022-06,6398440,tonnes,portwatch,2022-06-30,,2026-10-06T05:59:37+00:00,estimated,1
shipping_exports,mx,nation,2022-07,7446438,tonnes,portwatch,2022-07-31,,2026-09-26,estimated,0
shipping_exports,mx,nation,2022-07,7446029,tonnes,portwatch,2022-07-31,,2026-10-06T05:59:37+00:00,estimated,1
shipping_exports,mx,nation,2022-08,7399203,tonnes,portwatch,2022-08-31,,2026-09-26,estimated,0
shipping_exports,mx,nation,2022-08,7399093,tonnes,portwatch,2022-08-31,,2026-10-06T05:59:37+00:00,estimated,1
shipping_exports,mx,nation,2022-09,5956491,tonnes,portwatch,2022-09-30,,2026-09-26,estimated,0
shipping_exports,mx,nation,2022-09,5956374,tonnes,portwatch,2022-09-30,,2026-10-06T05:59:37+00:00,estimated,1
shipping_exports,mx,nation,2022-10,6934789,tonnes,portwatch,2022-10-31,,2026-09-26,estimated,0
shipping_exports,mx,nation,2022-10,6934618,tonnes,portwatch,2022-10-31,,2026-10-06T05:59:37+00:00,estimated,1
shipping_exports,mx,nation,2022-11,6520291,tonnes,portwatch,2022-11-30,,2026-09-26,estimated,0
shipping_exports,mx,nation,2022-11,6520250,tonnes,portwatch,2022-11-30,,2026-10-06T05:59:37+00:00,estimated,1
shipping_exports,mx,nation,2022-12,7130666,tonnes,portwatch,2022-12-31,,2026-09-26,estimated,0
shipping_exports,mx,nation,2022-12,7130448,tonnes,portwatch,2022-12-31,,2026-10-06T05:59:37+00:00,estimated,1
shipping_exports,mx,nation,2023-01,6417469,tonnes,portwatch,2023-01-31,,2026-09-26,estimated,0
shipping_exports,mx,nation,2023-01,6417406,tonnes,portwatch,2023-01-31,,2026-10-06T05:59:37+00:00,estimated,1
shipping_exports,mx,nation,2023-02,6657997,tonnes,portwatch,2023-02-28,,2026-09-26,estimated,0
shipping_exports,mx,nation,2023-02,6657925,tonnes,portwatch,2023-02-28,,2026-10-06T05:59:37+00:00,estimated,1
shipping_exports,mx,nation,2023-03,7175253,tonnes,portwatch,2023-03-31,,2026-09-26,estimated,0
shipping_exports,mx,nation,2023-03,7175138,tonnes,portwatch,2023-03-31,,2026-10-06T05:59:37+00:00,estimated,1
shipping_exports,mx,nation,2023-04,7437213,tonnes,portwatch,2023-04-30,,2026-09-26,estimated,0
shipping_exports,mx,nation,2023-04,7436992,tonnes,portwatch,2023-04-30,,2026-10-06T05:59:37+00:00,estimated,1
shipping_exports,mx,nation,2023-05,7405070,tonnes,portwatch,2023-05-31,,2026-09-26,estimated,0
shipping_exports,mx,nation,2023-05,7404902,tonnes,portwatch,2023-05-31,,2026-10-06T05:59:37+00:00,estimated,1
shipping_exports,mx,nation,2023-06,8056772,tonnes,portwatch,2023-06-30,,2026-09-26,estimated,0
shipping_exports,mx,nation,2023-06,8056665,tonnes,portwatch,2023-06-30,,2026-10-06T05:59:37+00:00,estimated,1
shipping_exports,mx,nation,2023-07,7254775,tonnes,portwatch,2023-07-31,,2026-09-26,estimated,0
shipping_exports,mx,nation,2023-07,7254765,tonnes,portwatch,2023-07-31,,2026-10-06T05:59:37+00:00,estimated,1
shipping_exports,mx,nation,2023-08,7624435,tonnes,portwatch,2023-08-31,,2026-09-26,estimated,0
shipping_exports,mx,nation,2023-08,7624427,tonnes,portwatch,2023-08-31,,2026-10-06T05:59:37+00:00,estimated,1
shipping_exports,mx,nation,2023-09,7821834,tonnes,portwatch,2023-09-30,,2026-09-26,estimated,0
shipping_exports,mx,nation,2023-09,7821662,tonnes,portwatch,2023-09-30,,2026-10-06T05:59:37+00:00,estimated,1
shipping_exports,mx,nation,2023-10,6681892,tonnes,portwatch,2023-10-31,,2026-09-26,estimated,0
shipping_exports,mx,nation,2023-10,6681756,tonnes,portwatch,2023-10-31,,2026-10-06T05:59:37+00:00,estimated,1
shipping_exports,mx,nation,2023-11,6182820,tonnes,portwatch,2023-11-30,,2026-09-26,estimated,0
shipping_exports,mx,nation,2023-11,6182801,tonnes,portwatch,2023-11-30,,2026-10-06T05:59:37+00:00,estimated,1
shipping_exports,mx,nation,2023-12,6605338,tonnes,portwatch,2023-12-31,,2026-09-26,estimated,0
shipping_exports,mx,nation,2023-12,6605311,tonnes,portwatch,2023-12-31,,2026-10-06T05:59:37+00:00,estimated,1
shipping_exports,mx,nation,2024-01,7336665,tonnes,portwatch,2024-01-31,,2026-09-26,estimated,0
shipping_exports,mx,nation,2024-01,7336584,tonnes,portwatch,2024-01-31,,2026-10-06T05:59:37+00:00,estimated,1
shipping_exports,mx,nation,2024-02,7226160,tonnes,portwatch,2024-02-29,,2026-09-26,estimated,0
shipping_exports,mx,nation,2024-02,7226089,tonnes,portwatch,2024-02-29,,2026-10-06T05:59:37+00:00,estimated,1
shipping_exports,mx,nation,2024-03,7079947,tonnes,portwatch,2024-03-31,,2026-09-26,estimated,0
shipping_exports,mx,nation,2024-03,7079526,tonnes,portwatch,2024-03-31,,2026-10-06T05:59:37+00:00,estimated,1
shipping_exports,mx,nation,2024-04,6357059,tonnes,portwatch,2024-04-30,,2026-09-26,estimated,0
shipping_exports,mx,nation,2024-04,6356650,tonnes,portwatch,2024-04-30,,2026-10-06T05:59:37+00:00,estimated,1
shipping_exports,mx,nation,2024-05,7297702,tonnes,portwatch,2024-05-31,,2026-09-26,estimated,0
shipping_exports,mx,nation,2024-05,7297313,tonnes,portwatch,2024-05-31,,2026-10-06T05:59:37+00:00,estimated,1
shipping_exports,mx,nation,2024-06,7363669,tonnes,portwatch,2024-06-30,,2026-09-26,estimated,0
shipping_exports,mx,nation,2024-06,7363407,tonnes,portwatch,2024-06-30,,2026-10-06T05:59:37+00:00,estimated,1
shipping_exports,mx,nation,2024-07,6922999,tonnes,portwatch,2024-07-31,,2026-09-26,estimated,0
shipping_exports,mx,nation,2024-07,6922742,tonnes,portwatch,2024-07-31,,2026-10-06T05:59:37+00:00,estimated,1
shipping_exports,mx,nation,2024-08,6867593,tonnes,portwatch,2024-08-31,,2026-09-26,estimated,0
shipping_exports,mx,nation,2024-08,6867358,tonnes,portwatch,2024-08-31,,2026-10-06T05:59:37+00:00,estimated,1
shipping_exports,mx,nation,2024-09,6468315,tonnes,portwatch,2024-09-30,,2026-09-26,estimated,0
shipping_exports,mx,nation,2024-09,6468107,tonnes,portwatch,2024-09-30,,2026-10-06T05:59:37+00:00,estimated,1
shipping_exports,mx,nation,2024-10,6788924,tonnes,portwatch,2024-10-31,,2026-09-26,estimated,0
shipping_exports,mx,nation,2024-10,6788803,tonnes,portwatch,2024-10-31,,2026-10-06T05:59:37+00:00,estimated,1
shipping_exports,mx,nation,2024-11,6425079,tonnes,portwatch,2024-11-30,,2026-09-26,estimated,0
shipping_exports,mx,nation,2024-11,6424851,tonnes,portwatch,2024-11-30,,2026-10-06T05:59:37+00:00,estimated,1
shipping_exports,mx,nation,2024-12,6879141,tonnes,portwatch,2024-12-31,,2026-09-26,estimated,0
shipping_exports,mx,nation,2024-12,6878992,tonnes,portwatch,2024-12-31,,2026-10-06T05:59:37+00:00,estimated,1
shipping_exports,mx,nation,2025-01,6271973,tonnes,portwatch,2025-01-31,,2026-09-26,estimated,0
shipping_exports,mx,nation,2025-01,6272003,tonnes,portwatch,2025-01-31,,2026-10-06T05:59:37+00:00,estimated,1
shipping_exports,mx,nation,2025-02,6469193,tonnes,portwatch,2025-02-28,,2026-09-26,estimated,0
shipping_exports,mx,nation,2025-02,6469056,tonnes,portwatch,2025-02-28,,2026-10-06T05:59:37+00:00,estimated,1
shipping_exports,mx,nation,2025-03,6244386,tonnes,portwatch,2025-03-31,,2026-09-26,estimated,0
shipping_exports,mx,nation,2025-03,6244024,tonnes,portwatch,2025-03-31,,2026-10-06T05:59:37+00:00,estimated,1
shipping_exports,mx,nation,2025-04,6501354,tonnes,portwatch,2025-04-30,,2026-09-26,estimated,0
shipping_exports,mx,nation,2025-04,6501087,tonnes,portwatch,2025-04-30,,2026-10-06T05:59:37+00:00,estimated,1
shipping_exports,mx,nation,2025-05,5905994,tonnes,portwatch,2025-05-31,,2026-09-26,estimated,0
shipping_exports,mx,nation,2025-05,5906067,tonnes,portwatch,2025-05-31,,2026-10-06T05:59:37+00:00,estimated,1
shipping_exports,mx,nation,2025-06,6086155,tonnes,portwatch,2025-06-30,,2026-09-26,estimated,0
shipping_exports,mx,nation,2025-06,6086087,tonnes,portwatch,2025-06-30,,2026-10-06T05:59:37+00:00,estimated,1
shipping_exports,mx,nation,2025-07,6905727,tonnes,portwatch,2025-07-31,,2026-09-26,estimated,0
shipping_exports,mx,nation,2025-07,6905760,tonnes,portwatch,2025-07-31,,2026-10-06T05:59:37+00:00,estimated,1
shipping_exports,mx,nation,2025-08,6799891,tonnes,portwatch,2025-08-31,,2026-09-26,estimated,0
shipping_exports,mx,nation,2025-08,6799819,tonnes,portwatch,2025-08-31,,2026-10-06T05:59:37+00:00,estimated,1
shipping_exports,mx,nation,2025-09,7200442,tonnes,portwatch,2025-09-30,,2026-09-26,estimated,0
shipping_exports,mx,nation,2025-09,7200531,tonnes,portwatch,2025-09-30,,2026-10-06T05:59:37+00:00,estimated,1
shipping_exports,mx,nation,2025-10,6045915,tonnes,portwatch,2025-10-31,,2026-09-26,estimated,0
shipping_exports,mx,nation,2025-10,6046067,tonnes,portwatch,2025-10-31,,2026-10-06T05:59:37+00:00,estimated,1
shipping_exports,mx,nation,2025-11,6401242,tonnes,portwatch,2025-11-30,,2026-09-26,estimated,0
shipping_exports,mx,nation,2025-11,6400969,tonnes,portwatch,2025-11-30,,2026-10-06T05:59:37+00:00,estimated,1
shipping_exports,mx,nation,2025-12,6287501,tonnes,portwatch,2025-12-31,,2026-09-26,estimated,0
shipping_exports,mx,nation,2025-12,6286973,tonnes,portwatch,2025-12-31,,2026-10-06T05:59:37+00:00,estimated,1
shipping_exports,mx,nation,2026-01,5829269,tonnes,portwatch,2026-01-31,,2026-09-26,estimated,0
shipping_exports,mx,nation,2026-01,5829135,tonnes,portwatch,2026-01-31,,2026-10-06T05:59:37+00:00,estimated,1
shipping_exports,mx,nation,2026-02,5903949,tonnes,portwatch,2026-02-28,,2026-09-26,estimated,0
shipping_exports,mx,nation,2026-02,5904071,tonnes,portwatch,2026-02-28,,2026-10-06T05:59:37+00:00,estimated,1
shipping_exports,mx,nation,2026-03,6159910,tonnes,portwatch,2026-03-31,,2026-09-26,estimated,0
shipping_exports,mx,nation,2026-03,6159758,tonnes,portwatch,2026-03-31,,2026-10-06T05:59:37+00:00,estimated,1
shipping_exports,mx,nation,2026-04,6707478,tonnes,portwatch,2026-04-30,,2026-09-26,estimated,0
shipping_exports,mx,nation,2026-04,6680390,tonnes,portwatch,2026-04-30,,2026-10-06T05:59:37+00:00,estimated,1
shipping_exports,mx,nation,2026-05,6343081,tonnes,portwatch,2026-05-31,,2026-09-26,estimated,0
shipping_exports,mx,nation,2026-05,6342879,tonnes,portwatch,2026-05-31,,2026-10-06T05:59:37+00:00,estimated,1
shipping_exports,mx,nation,2026-06,6143373,tonnes,portwatch,2026-06-30,,2026-09-26,estimated,0
shipping_exports,mx,nation,2026-06,6143414,tonnes,portwatch,2026-06-30,,2026-10-06T05:59:37+00:00,estimated,1
shipping_exports,mx,nation,2026-07,6936584,tonnes,portwatch,2026-07-31,,2026-09-26,estimated,0
shipping_exports,mx,nation,2026-07,6936571,tonnes,portwatch,2026-07-31,,2026-10-06T05:59:37+00:00,estimated,1
shipping_exports,mx,nation,2026-08,6492254,tonnes,portwatch,2026-08-31,,2026-09-26,estimated,0
shipping_exports,mx,nation,2026-08,6492084,tonnes,portwatch,2026-08-31,,2026-10-06T05:59:37+00:00,estimated,1
shipping_exports,nl,nation,2019-01,14899908,tonnes,portwatch,2019-01-31,,2026-09-26,estimated,0
shipping_exports,nl,nation,2019-01,14899210,tonnes,portwatch,2019-01-31,,2026-10-06T05:59:37+00:00,estimated,1
shipping_exports,nl,nation,2019-02,14923887,tonnes,portwatch,2019-02-28,,2026-09-26,estimated,0
shipping_exports,nl,nation,2019-02,14923192,tonnes,portwatch,2019-02-28,,2026-10-06T05:59:37+00:00,estimated,1
shipping_exports,nl,nation,2019-03,15112033,tonnes,portwatch,2019-03-31,,2026-09-26,estimated,0
shipping_exports,nl,nation,2019-03,15111122,tonnes,portwatch,2019-03-31,,2026-10-06T05:59:37+00:00,estimated,1
shipping_exports,nl,nation,2019-04,14960379,tonnes,portwatch,2019-04-30,,2026-09-26,estimated,0
shipping_exports,nl,nation,2019-04,14959913,tonnes,portwatch,2019-04-30,,2026-10-06T05:59:37+00:00,estimated,1
shipping_exports,nl,nation,2019-05,14567141,tonnes,portwatch,2019-05-31,,2026-09-26,estimated,0
shipping_exports,nl,nation,2019-05,14566387,tonnes,portwatch,2019-05-31,,2026-10-06T05:59:37+00:00,estimated,1
shipping_exports,nl,nation,2019-06,13696178,tonnes,portwatch,2019-06-30,,2026-09-26,estimated,0
shipping_exports,nl,nation,2019-06,13696009,tonnes,portwatch,2019-06-30,,2026-10-06T05:59:37+00:00,estimated,1
shipping_exports,nl,nation,2019-07,14169955,tonnes,portwatch,2019-07-31,,2026-09-26,estimated,0
shipping_exports,nl,nation,2019-07,14169511,tonnes,portwatch,2019-07-31,,2026-10-06T05:59:37+00:00,estimated,1
shipping_exports,nl,nation,2019-08,13938447,tonnes,portwatch,2019-08-31,,2026-09-26,estimated,0
shipping_exports,nl,nation,2019-08,13937871,tonnes,portwatch,2019-08-31,,2026-10-06T05:59:37+00:00,estimated,1
shipping_exports,nl,nation,2019-09,13914261,tonnes,portwatch,2019-09-30,,2026-09-26,estimated,0
shipping_exports,nl,nation,2019-09,13913805,tonnes,portwatch,2019-09-30,,2026-10-06T05:59:37+00:00,estimated,1
shipping_exports,nl,nation,2019-10,15398059,tonnes,portwatch,2019-10-31,,2026-09-26,estimated,0
shipping_exports,nl,nation,2019-10,15397546,tonnes,portwatch,2019-10-31,,2026-10-06T05:59:37+00:00,estimated,1
shipping_exports,nl,nation,2019-11,14307949,tonnes,portwatch,2019-11-30,,2026-09-26,estimated,0
shipping_exports,nl,nation,2019-11,14307482,tonnes,portwatch,2019-11-30,,2026-10-06T05:59:37+00:00,estimated,1
shipping_exports,nl,nation,2019-12,13812562,tonnes,portwatch,2019-12-31,,2026-09-26,estimated,0
shipping_exports,nl,nation,2019-12,13810758,tonnes,portwatch,2019-12-31,,2026-10-06T05:59:37+00:00,estimated,1
shipping_exports,nl,nation,2020-01,14226571,tonnes,portwatch,2020-01-31,,2026-09-26,estimated,0
shipping_exports,nl,nation,2020-01,14225882,tonnes,portwatch,2020-01-31,,2026-10-06T05:59:37+00:00,estimated,1
shipping_exports,nl,nation,2020-02,13066446,tonnes,portwatch,2020-02-29,,2026-09-26,estimated,0
shipping_exports,nl,nation,2020-02,13065956,tonnes,portwatch,2020-02-29,,2026-10-06T05:59:37+00:00,estimated,1
shipping_exports,nl,nation,2020-03,14518368,tonnes,portwatch,2020-03-31,,2026-09-26,estimated,0
shipping_exports,nl,nation,2020-03,14518098,tonnes,portwatch,2020-03-31,,2026-10-06T05:59:37+00:00,estimated,1
shipping_exports,nl,nation,2020-04,12876078,tonnes,portwatch,2020-04-30,,2026-09-26,estimated,0
shipping_exports,nl,nation,2020-04,12875722,tonnes,portwatch,2020-04-30,,2026-10-06T05:59:37+00:00,estimated,1
shipping_exports,nl,nation,2020-05,13585098,tonnes,portwatch,2020-05-31,,2026-09-26,estimated,0
shipping_exports,nl,nation,2020-05,13584724,tonnes,portwatch,2020-05-31,,2026-10-06T05:59:37+00:00,estimated,1
shipping_exports,nl,nation,2020-06,13337083,tonnes,portwatch,2020-06-30,,2026-09-26,estimated,0
shipping_exports,nl,nation,2020-06,13335981,tonnes,portwatch,2020-06-30,,2026-10-06T05:59:37+00:00,estimated,1
shipping_exports,nl,nation,2020-07,13831322,tonnes,portwatch,2020-07-31,,2026-09-26,estimated,0
shipping_exports,nl,nation,2020-07,13830614,tonnes,portwatch,2020-07-31,,2026-10-06T05:59:37+00:00,estimated,1
shipping_exports,nl,nation,2020-08,12770871,tonnes,portwatch,2020-08-31,,2026-09-26,estimated,0
shipping_exports,nl,nation,2020-08,12770380,tonnes,portwatch,2020-08-31,,2026-10-06T05:59:37+00:00,estimated,1
shipping_exports,nl,nation,2020-09,12901941,tonnes,portwatch,2020-09-30,,2026-09-26,estimated,0
shipping_exports,nl,nation,2020-09,12901449,tonnes,portwatch,2020-09-30,,2026-10-06T05:59:37+00:00,estimated,1
shipping_exports,nl,nation,2020-10,14837961,tonnes,portwatch,2020-10-31,,2026-09-26,estimated,0
shipping_exports,nl,nation,2020-10,14837579,tonnes,portwatch,2020-10-31,,2026-10-06T05:59:37+00:00,estimated,1
shipping_exports,nl,nation,2020-11,14390121,tonnes,portwatch,2020-11-30,,2026-09-26,estimated,0
shipping_exports,nl,nation,2020-11,14389826,tonnes,portwatch,2020-11-30,,2026-10-06T05:59:37+00:00,estimated,1
shipping_exports,nl,nation,2020-12,13901747,tonnes,portwatch,2020-12-31,,2026-09-26,estimated,0
shipping_exports,nl,nation,2020-12,13901265,tonnes,portwatch,2020-12-31,,2026-10-06T05:59:37+00:00,estimated,1
shipping_exports,nl,nation,2021-01,14628769,tonnes,portwatch,2021-01-31,,2026-09-26,estimated,0
shipping_exports,nl,nation,2021-01,14628387,tonnes,portwatch,2021-01-31,,2026-10-06T05:59:37+00:00,estimated,1
shipping_exports,nl,nation,2021-02,13214708,tonnes,portwatch,2021-02-28,,2026-09-26,estimated,0
shipping_exports,nl,nation,2021-02,13214396,tonnes,portwatch,2021-02-28,,2026-10-06T05:59:37+00:00,estimated,1
shipping_exports,nl,nation,2021-03,14582115,tonnes,portwatch,2021-03-31,,2026-09-26,estimated,0
shipping_exports,nl,nation,2021-03,14581701,tonnes,portwatch,2021-03-31,,2026-10-06T05:59:37+00:00,estimated,1
shipping_exports,nl,nation,2021-04,13728895,tonnes,portwatch,2021-04-30,,2026-09-26,estimated,0
shipping_exports,nl,nation,2021-04,13728480,tonnes,portwatch,2021-04-30,,2026-10-06T05:59:37+00:00,estimated,1
shipping_exports,nl,nation,2021-05,13909110,tonnes,portwatch,2021-05-31,,2026-09-26,estimated,0
shipping_exports,nl,nation,2021-05,13908816,tonnes,portwatch,2021-05-31,,2026-10-06T05:59:37+00:00,estimated,1
shipping_exports,nl,nation,2021-06,13865053,tonnes,portwatch,2021-06-30,,2026-09-26,estimated,0
shipping_exports,nl,nation,2021-06,13864221,tonnes,portwatch,2021-06-30,,2026-10-06T05:59:37+00:00,estimated,1
shipping_exports,nl,nation,2021-07,14371018,tonnes,portwatch,2021-07-31,,2026-09-26,estimated,0
shipping_exports,nl,nation,2021-07,14370793,tonnes,portwatch,2021-07-31,,2026-10-06T05:59:37+00:00,estimated,1
shipping_exports,nl,nation,2021-08,13948624,tonnes,portwatch,2021-08-31,,2026-09-26,estimated,0
shipping_exports,nl,nation,2021-08,13948265,tonnes,portwatch,2021-08-31,,2026-10-06T05:59:37+00:00,estimated,1
shipping_exports,nl,nation,2021-09,13602220,tonnes,portwatch,2021-09-30,,2026-09-26,estimated,0
shipping_exports,nl,nation,2021-09,13601709,tonnes,portwatch,2021-09-30,,2026-10-06T05:59:37+00:00,estimated,1
shipping_exports,nl,nation,2021-10,14535349,tonnes,portwatch,2021-10-31,,2026-09-26,estimated,0
shipping_exports,nl,nation,2021-10,14535006,tonnes,portwatch,2021-10-31,,2026-10-06T05:59:37+00:00,estimated,1
shipping_exports,nl,nation,2021-11,13056966,tonnes,portwatch,2021-11-30,,2026-09-26,estimated,0
shipping_exports,nl,nation,2021-11,13056585,tonnes,portwatch,2021-11-30,,2026-10-06T05:59:37+00:00,estimated,1
shipping_exports,nl,nation,2021-12,12915851,tonnes,portwatch,2021-12-31,,2026-09-26,estimated,0
shipping_exports,nl,nation,2021-12,12915513,tonnes,portwatch,2021-12-31,,2026-10-06T05:59:37+00:00,estimated,1
shipping_exports,nl,nation,2022-01,13105582,tonnes,portwatch,2022-01-31,,2026-09-26,estimated,0
shipping_exports,nl,nation,2022-01,13105241,tonnes,portwatch,2022-01-31,,2026-10-06T05:59:37+00:00,estimated,1
shipping_exports,nl,nation,2022-02,11554789,tonnes,portwatch,2022-02-28,,2026-09-26,estimated,0
shipping_exports,nl,nation,2022-02,11554484,tonnes,portwatch,2022-02-28,,2026-10-06T05:59:37+00:00,estimated,1
shipping_exports,nl,nation,2022-03,14096913,tonnes,portwatch,2022-03-31,,2026-09-26,estimated,0
shipping_exports,nl,nation,2022-03,14096524,tonnes,portwatch,2022-03-31,,2026-10-06T05:59:37+00:00,estimated,1
shipping_exports,nl,nation,2022-04,13769808,tonnes,portwatch,2022-04-30,,2026-09-26,estimated,0
shipping_exports,nl,nation,2022-04,13769514,tonnes,portwatch,2022-04-30,,2026-10-06T05:59:37+00:00,estimated,1
shipping_exports,nl,nation,2022-05,14032011,tonnes,portwatch,2022-05-31,,2026-09-26,estimated,0
shipping_exports,nl,nation,2022-05,14031723,tonnes,portwatch,2022-05-31,,2026-10-06T05:59:37+00:00,estimated,1
shipping_exports,nl,nation,2022-06,12743913,tonnes,portwatch,2022-06-30,,2026-09-26,estimated,0
shipping_exports,nl,nation,2022-06,12743448,tonnes,portwatch,2022-06-30,,2026-10-06T05:59:37+00:00,estimated,1
shipping_exports,nl,nation,2022-07,14819382,tonnes,portwatch,2022-07-31,,2026-09-26,estimated,0
shipping_exports,nl,nation,2022-07,14819058,tonnes,portwatch,2022-07-31,,2026-10-06T05:59:37+00:00,estimated,1
shipping_exports,nl,nation,2022-08,12905353,tonnes,portwatch,2022-08-31,,2026-09-26,estimated,0
shipping_exports,nl,nation,2022-08,12904854,tonnes,portwatch,2022-08-31,,2026-10-06T05:59:37+00:00,estimated,1
shipping_exports,nl,nation,2022-09,13779063,tonnes,portwatch,2022-09-30,,2026-09-26,estimated,0
shipping_exports,nl,nation,2022-09,13778548,tonnes,portwatch,2022-09-30,,2026-10-06T05:59:37+00:00,estimated,1
shipping_exports,nl,nation,2022-10,14232303,tonnes,portwatch,2022-10-31,,2026-09-26,estimated,0
shipping_exports,nl,nation,2022-10,14231925,tonnes,portwatch,2022-10-31,,2026-10-06T05:59:37+00:00,estimated,1
shipping_exports,nl,nation,2022-11,12578938,tonnes,portwatch,2022-11-30,,2026-09-26,estimated,0
shipping_exports,nl,nation,2022-11,12578606,tonnes,portwatch,2022-11-30,,2026-10-06T05:59:37+00:00,estimated,1
shipping_exports,nl,nation,2022-12,12283947,tonnes,portwatch,2022-12-31,,2026-09-26,estimated,0
shipping_exports,nl,nation,2022-12,12283545,tonnes,portwatch,2022-12-31,,2026-10-06T05:59:37+00:00,estimated,1
shipping_exports,nl,nation,2023-01,12942732,tonnes,portwatch,2023-01-31,,2026-09-26,estimated,0
shipping_exports,nl,nation,2023-01,12942048,tonnes,portwatch,2023-01-31,,2026-10-06T05:59:37+00:00,estimated,1
shipping_exports,nl,nation,2023-02,12219476,tonnes,portwatch,2023-02-28,,2026-09-26,estimated,0
shipping_exports,nl,nation,2023-02,12219093,tonnes,portwatch,2023-02-28,,2026-10-06T05:59:37+00:00,estimated,1
shipping_exports,nl,nation,2023-03,13243604,tonnes,portwatch,2023-03-31,,2026-09-26,estimated,0
shipping_exports,nl,nation,2023-03,13243161,tonnes,portwatch,2023-03-31,,2026-10-06T05:59:37+00:00,estimated,1
shipping_exports,nl,nation,2023-04,11807912,tonnes,portwatch,2023-04-30,,2026-09-26,estimated,0
shipping_exports,nl,nation,2023-04,11807628,tonnes,portwatch,2023-04-30,,2026-10-06T05:59:37+00:00,estimated,1
shipping_exports,nl,nation,2023-05,13299168,tonnes,portwatch,2023-05-31,,2026-09-26,estimated,0
shipping_exports,nl,nation,2023-05,13298368,tonnes,portwatch,2023-05-31,,2026-10-06T05:59:37+00:00,estimated,1
shipping_exports,nl,nation,2023-06,12042053,tonnes,portwatch,2023-06-30,,2026-09-26,estimated,0
shipping_exports,nl,nation,2023-06,12041628,tonnes,portwatch,2023-06-30,,2026-10-06T05:59:37+00:00,estimated,1
shipping_exports,nl,nation,2023-07,12493629,tonnes,portwatch,2023-07-31,,2026-09-26,estimated,0
shipping_exports,nl,nation,2023-07,12493039,tonnes,portwatch,2023-07-31,,2026-10-06T05:59:37+00:00,estimated,1
shipping_exports,nl,nation,2023-08,12516704,tonnes,portwatch,2023-08-31,,2026-09-26,estimated,0
shipping_exports,nl,nation,2023-08,12516417,tonnes,portwatch,2023-08-31,,2026-10-06T05:59:37+00:00,estimated,1
shipping_exports,nl,nation,2023-09,12662306,tonnes,portwatch,2023-09-30,,2026-09-26,estimated,0
shipping_exports,nl,nation,2023-09,12661900,tonnes,portwatch,2023-09-30,,2026-10-06T05:59:37+00:00,estimated,1
shipping_exports,nl,nation,2023-10,13858421,tonnes,portwatch,2023-10-31,,2026-09-26,estimated,0
shipping_exports,nl,nation,2023-10,13857893,tonnes,portwatch,2023-10-31,,2026-10-06T05:59:37+00:00,estimated,1
shipping_exports,nl,nation,2023-11,12021449,tonnes,portwatch,2023-11-30,,2026-09-26,estimated,0
shipping_exports,nl,nation,2023-11,12021269,tonnes,portwatch,2023-11-30,,2026-10-06T05:59:37+00:00,estimated,1
shipping_exports,nl,nation,2023-12,11553283,tonnes,portwatch,2023-12-31,,2026-09-26,estimated,0
shipping_exports,nl,nation,2023-12,11553174,tonnes,portwatch,2023-12-31,,2026-10-06T05:59:37+00:00,estimated,1
shipping_exports,nl,nation,2024-01,12893757,tonnes,portwatch,2024-01-31,,2026-09-26,estimated,0
shipping_exports,nl,nation,2024-01,12893347,tonnes,portwatch,2024-01-31,,2026-10-06T05:59:37+00:00,estimated,1
shipping_exports,nl,nation,2024-02,12085901,tonnes,portwatch,2024-02-29,,2026-09-26,estimated,0
shipping_exports,nl,nation,2024-02,12085665,tonnes,portwatch,2024-02-29,,2026-10-06T05:59:37+00:00,estimated,1
shipping_exports,nl,nation,2024-03,13362094,tonnes,portwatch,2024-03-31,,2026-09-26,estimated,0
shipping_exports,nl,nation,2024-03,13361755,tonnes,portwatch,2024-03-31,,2026-10-06T05:59:37+00:00,estimated,1
shipping_exports,nl,nation,2024-04,12181636,tonnes,portwatch,2024-04-30,,2026-09-26,estimated,0
shipping_exports,nl,nation,2024-04,12181150,tonnes,portwatch,2024-04-30,,2026-10-06T05:59:37+00:00,estimated,1
shipping_exports,nl,nation,2024-05,12850030,tonnes,portwatch,2024-05-31,,2026-09-26,estimated,0
shipping_exports,nl,nation,2024-05,12849542,tonnes,portwatch,2024-05-31,,2026-10-06T05:59:37+00:00,estimated,1
shipping_exports,nl,nation,2024-06,11817383,tonnes,portwatch,2024-06-30,,2026-09-26,estimated,0
shipping_exports,nl,nation,2024-06,11817136,tonnes,portwatch,2024-06-30,,2026-10-06T05:59:37+00:00,estimated,1
shipping_exports,nl,nation,2024-07,12730742,tonnes,portwatch,2024-07-31,,2026-09-26,estimated,0
shipping_exports,nl,nation,2024-07,12730387,tonnes,portwatch,2024-07-31,,2026-10-06T05:59:37+00:00,estimated,1
shipping_exports,nl,nation,2024-08,12080925,tonnes,portwatch,2024-08-31,,2026-09-26,estimated,0
shipping_exports,nl,nation,2024-08,12080654,tonnes,portwatch,2024-08-31,,2026-10-06T05:59:37+00:00,estimated,1
shipping_exports,nl,nation,2024-09,11935878,tonnes,portwatch,2024-09-30,,2026-09-26,estimated,0
shipping_exports,nl,nation,2024-09,11935734,tonnes,portwatch,2024-09-30,,2026-10-06T05:59:37+00:00,estimated,1
shipping_exports,nl,nation,2024-10,12854454,tonnes,portwatch,2024-10-31,,2026-09-26,estimated,0
shipping_exports,nl,nation,2024-10,12854181,tonnes,portwatch,2024-10-31,,2026-10-06T05:59:37+00:00,estimated,1
shipping_exports,nl,nation,2024-11,12110899,tonnes,portwatch,2024-11-30,,2026-09-26,estimated,0
shipping_exports,nl,nation,2024-11,12110542,tonnes,portwatch,2024-11-30,,2026-10-06T05:59:37+00:00,estimated,1
shipping_exports,nl,nation,2024-12,10775184,tonnes,portwatch,2024-12-31,,2026-09-26,estimated,0
shipping_exports,nl,nation,2024-12,10774709,tonnes,portwatch,2024-12-31,,2026-10-06T05:59:37+00:00,estimated,1
shipping_exports,nl,nation,2025-01,11562945,tonnes,portwatch,2025-01-31,,2026-09-26,estimated,0
shipping_exports,nl,nation,2025-01,11562676,tonnes,portwatch,2025-01-31,,2026-10-06T05:59:37+00:00,estimated,1
shipping_exports,nl,nation,2025-02,11319657,tonnes,portwatch,2025-02-28,,2026-09-26,estimated,0
shipping_exports,nl,nation,2025-02,11319176,tonnes,portwatch,2025-02-28,,2026-10-06T05:59:37+00:00,estimated,1
shipping_exports,nl,nation,2025-03,11894725,tonnes,portwatch,2025-03-31,,2026-09-26,estimated,0
shipping_exports,nl,nation,2025-03,11894124,tonnes,portwatch,2025-03-31,,2026-10-06T05:59:37+00:00,estimated,1
shipping_exports,nl,nation,2025-04,11591539,tonnes,portwatch,2025-04-30,,2026-09-26,estimated,0
shipping_exports,nl,nation,2025-04,11591293,tonnes,portwatch,2025-04-30,,2026-10-06T05:59:37+00:00,estimated,1
shipping_exports,nl,nation,2025-05,12022167,tonnes,portwatch,2025-05-31,,2026-09-26,estimated,0
shipping_exports,nl,nation,2025-05,12021896,tonnes,portwatch,2025-05-31,,2026-10-06T05:59:37+00:00,estimated,1
shipping_exports,nl,nation,2025-06,11353122,tonnes,portwatch,2025-06-30,,2026-09-26,estimated,0
shipping_exports,nl,nation,2025-06,11352815,tonnes,portwatch,2025-06-30,,2026-10-06T05:59:37+00:00,estimated,1
shipping_exports,nl,nation,2025-07,11649451,tonnes,portwatch,2025-07-31,,2026-09-26,estimated,0
shipping_exports,nl,nation,2025-07,11648617,tonnes,portwatch,2025-07-31,,2026-10-06T05:59:37+00:00,estimated,1
shipping_exports,nl,nation,2025-08,11301969,tonnes,portwatch,2025-08-31,,2026-09-26,estimated,0
shipping_exports,nl,nation,2025-08,11301797,tonnes,portwatch,2025-08-31,,2026-10-06T05:59:37+00:00,estimated,1
shipping_exports,nl,nation,2025-09,12146374,tonnes,portwatch,2025-09-30,,2026-09-26,estimated,0
shipping_exports,nl,nation,2025-09,12145455,tonnes,portwatch,2025-09-30,,2026-10-06T05:59:37+00:00,estimated,1
shipping_exports,nl,nation,2025-10,12246282,tonnes,portwatch,2025-10-31,,2026-09-26,estimated,0
shipping_exports,nl,nation,2025-10,12245463,tonnes,portwatch,2025-10-31,,2026-10-06T05:59:37+00:00,estimated,1
shipping_exports,nl,nation,2025-11,11714814,tonnes,portwatch,2025-11-30,,2026-09-26,estimated,0
shipping_exports,nl,nation,2025-11,11714394,tonnes,portwatch,2025-11-30,,2026-10-06T05:59:37+00:00,estimated,1
shipping_exports,nl,nation,2025-12,10973150,tonnes,portwatch,2025-12-31,,2026-09-26,estimated,0
shipping_exports,nl,nation,2025-12,10972707,tonnes,portwatch,2025-12-31,,2026-10-06T05:59:37+00:00,estimated,1
shipping_exports,nl,nation,2026-01,11599421,tonnes,portwatch,2026-01-31,,2026-09-26,estimated,0
shipping_exports,nl,nation,2026-01,11598047,tonnes,portwatch,2026-01-31,,2026-10-06T05:59:37+00:00,estimated,1
shipping_exports,nl,nation,2026-02,10803590,tonnes,portwatch,2026-02-28,,2026-09-26,estimated,0
shipping_exports,nl,nation,2026-02,10801981,tonnes,portwatch,2026-02-28,,2026-10-06T05:59:37+00:00,estimated,1
shipping_exports,nl,nation,2026-03,12415574,tonnes,portwatch,2026-03-31,,2026-09-26,estimated,0
shipping_exports,nl,nation,2026-03,12415083,tonnes,portwatch,2026-03-31,,2026-10-06T05:59:37+00:00,estimated,1
shipping_exports,nl,nation,2026-04,11028161,tonnes,portwatch,2026-04-30,,2026-09-26,estimated,0
shipping_exports,nl,nation,2026-04,11029223,tonnes,portwatch,2026-04-30,,2026-10-06T05:59:37+00:00,estimated,1
shipping_exports,nl,nation,2026-05,11462000,tonnes,portwatch,2026-05-31,,2026-09-26,estimated,0
shipping_exports,nl,nation,2026-05,11461397,tonnes,portwatch,2026-05-31,,2026-10-06T05:59:37+00:00,estimated,1
shipping_exports,nl,nation,2026-06,11383592,tonnes,portwatch,2026-06-30,,2026-09-26,estimated,0
shipping_exports,nl,nation,2026-06,11383426,tonnes,portwatch,2026-06-30,,2026-10-06T05:59:37+00:00,estimated,1
shipping_exports,nl,nation,2026-07,12042337,tonnes,portwatch,2026-07-31,,2026-09-26,estimated,0
shipping_exports,nl,nation,2026-07,12039986,tonnes,portwatch,2026-07-31,,2026-10-06T05:59:37+00:00,estimated,1
shipping_exports,nl,nation,2026-08,11492632,tonnes,portwatch,2026-08-31,,2026-09-26,estimated,0
shipping_exports,nl,nation,2026-08,11495815,tonnes,portwatch,2026-08-31,,2026-10-06T05:59:37+00:00,estimated,1
shipping_exports,no,nation,2019-01,7244602,tonnes,portwatch,2019-01-31,,2026-09-26,estimated,0
shipping_exports,no,nation,2019-01,7244435,tonnes,portwatch,2019-01-31,,2026-10-06T05:59:38+00:00,estimated,1
shipping_exports,no,nation,2019-02,6407420,tonnes,portwatch,2019-02-28,,2026-09-26,estimated,0
shipping_exports,no,nation,2019-02,6406897,tonnes,portwatch,2019-02-28,,2026-10-06T05:59:38+00:00,estimated,1
shipping_exports,no,nation,2019-03,6985726,tonnes,portwatch,2019-03-31,,2026-09-26,estimated,0
shipping_exports,no,nation,2019-03,6985379,tonnes,portwatch,2019-03-31,,2026-10-06T05:59:38+00:00,estimated,1
shipping_exports,no,nation,2019-04,6376909,tonnes,portwatch,2019-04-30,,2026-09-26,estimated,0
shipping_exports,no,nation,2019-04,6376342,tonnes,portwatch,2019-04-30,,2026-10-06T05:59:38+00:00,estimated,1
shipping_exports,no,nation,2019-05,7272905,tonnes,portwatch,2019-05-31,,2026-09-26,estimated,0
shipping_exports,no,nation,2019-05,7272336,tonnes,portwatch,2019-05-31,,2026-10-06T05:59:38+00:00,estimated,1
shipping_exports,no,nation,2019-06,6900077,tonnes,portwatch,2019-06-30,,2026-09-26,estimated,0
shipping_exports,no,nation,2019-06,6899804,tonnes,portwatch,2019-06-30,,2026-10-06T05:59:38+00:00,estimated,1
shipping_exports,no,nation,2019-07,7192922,tonnes,portwatch,2019-07-31,,2026-09-26,estimated,0
shipping_exports,no,nation,2019-07,7193018,tonnes,portwatch,2019-07-31,,2026-10-06T05:59:38+00:00,estimated,1
shipping_exports,no,nation,2019-08,6126504,tonnes,portwatch,2019-08-31,,2026-09-26,estimated,0
shipping_exports,no,nation,2019-08,6126099,tonnes,portwatch,2019-08-31,,2026-10-06T05:59:38+00:00,estimated,1
shipping_exports,no,nation,2019-09,6710540,tonnes,portwatch,2019-09-30,,2026-09-26,estimated,0
shipping_exports,no,nation,2019-09,6710206,tonnes,portwatch,2019-09-30,,2026-10-06T05:59:38+00:00,estimated,1
shipping_exports,no,nation,2019-10,6995302,tonnes,portwatch,2019-10-31,,2026-09-26,estimated,0
shipping_exports,no,nation,2019-10,6994894,tonnes,portwatch,2019-10-31,,2026-10-06T05:59:38+00:00,estimated,1
shipping_exports,no,nation,2019-11,8638476,tonnes,portwatch,2019-11-30,,2026-09-26,estimated,0
shipping_exports,no,nation,2019-11,8637996,tonnes,portwatch,2019-11-30,,2026-10-06T05:59:38+00:00,estimated,1
shipping_exports,no,nation,2019-12,7746986,tonnes,portwatch,2019-12-31,,2026-09-26,estimated,0
shipping_exports,no,nation,2019-12,7746666,tonnes,portwatch,2019-12-31,,2026-10-06T05:59:38+00:00,estimated,1
shipping_exports,no,nation,2020-01,7716600,tonnes,portwatch,2020-01-31,,2026-09-26,estimated,0
shipping_exports,no,nation,2020-01,7716266,tonnes,portwatch,2020-01-31,,2026-10-06T05:59:38+00:00,estimated,1
shipping_exports,no,nation,2020-02,8672297,tonnes,portwatch,2020-02-29,,2026-09-26,estimated,0
shipping_exports,no,nation,2020-02,8672028,tonnes,portwatch,2020-02-29,,2026-10-06T05:59:38+00:00,estimated,1
shipping_exports,no,nation,2020-03,8632711,tonnes,portwatch,2020-03-31,,2026-09-26,estimated,0
shipping_exports,no,nation,2020-03,8632832,tonnes,portwatch,2020-03-31,,2026-10-06T05:59:38+00:00,estimated,1
shipping_exports,no,nation,2020-04,7791198,tonnes,portwatch,2020-04-30,,2026-09-26,estimated,0
shipping_exports,no,nation,2020-04,7791001,tonnes,portwatch,2020-04-30,,2026-10-06T05:59:38+00:00,estimated,1
shipping_exports,no,nation,2020-05,8684303,tonnes,portwatch,2020-05-31,,2026-09-26,estimated,0
shipping_exports,no,nation,2020-05,8684043,tonnes,portwatch,2020-05-31,,2026-10-06T05:59:38+00:00,estimated,1
shipping_exports,no,nation,2020-06,7307209,tonnes,portwatch,2020-06-30,,2026-09-26,estimated,0
shipping_exports,no,nation,2020-06,7307055,tonnes,portwatch,2020-06-30,,2026-10-06T05:59:38+00:00,estimated,1
shipping_exports,no,nation,2020-07,9142429,tonnes,portwatch,2020-07-31,,2026-09-26,estimated,0
shipping_exports,no,nation,2020-07,9142336,tonnes,portwatch,2020-07-31,,2026-10-06T05:59:38+00:00,estimated,1
shipping_exports,no,nation,2020-08,9446100,tonnes,portwatch,2020-08-31,,2026-09-26,estimated,0
shipping_exports,no,nation,2020-08,9446594,tonnes,portwatch,2020-08-31,,2026-10-06T05:59:38+00:00,estimated,1
shipping_exports,no,nation,2020-09,7468119,tonnes,portwatch,2020-09-30,,2026-09-26,estimated,0
shipping_exports,no,nation,2020-09,7468003,tonnes,portwatch,2020-09-30,,2026-10-06T05:59:38+00:00,estimated,1
shipping_exports,no,nation,2020-10,7954835,tonnes,portwatch,2020-10-31,,2026-09-26,estimated,0
shipping_exports,no,nation,2020-10,7954682,tonnes,portwatch,2020-10-31,,2026-10-06T05:59:38+00:00,estimated,1
shipping_exports,no,nation,2020-11,9192392,tonnes,portwatch,2020-11-30,,2026-09-26,estimated,0
shipping_exports,no,nation,2020-11,9191950,tonnes,portwatch,2020-11-30,,2026-10-06T05:59:38+00:00,estimated,1
shipping_exports,no,nation,2020-12,7954447,tonnes,portwatch,2020-12-31,,2026-09-26,estimated,0
shipping_exports,no,nation,2020-12,7954096,tonnes,portwatch,2020-12-31,,2026-10-06T05:59:38+00:00,estimated,1
shipping_exports,no,nation,2021-01,9151553,tonnes,portwatch,2021-01-31,,2026-09-26,estimated,0
shipping_exports,no,nation,2021-01,9151382,tonnes,portwatch,2021-01-31,,2026-10-06T05:59:38+00:00,estimated,1
shipping_exports,no,nation,2021-02,8358996,tonnes,portwatch,2021-02-28,,2026-09-26,estimated,0
shipping_exports,no,nation,2021-02,8358822,tonnes,portwatch,2021-02-28,,2026-10-06T05:59:38+00:00,estimated,1
shipping_exports,no,nation,2021-03,9507523,tonnes,portwatch,2021-03-31,,2026-09-26,estimated,0
shipping_exports,no,nation,2021-03,9506992,tonnes,portwatch,2021-03-31,,2026-10-06T05:59:38+00:00,estimated,1
shipping_exports,no,nation,2021-04,8992220,tonnes,portwatch,2021-04-30,,2026-09-26,estimated,0
shipping_exports,no,nation,2021-04,8991825,tonnes,portwatch,2021-04-30,,2026-10-06T05:59:38+00:00,estimated,1
shipping_exports,no,nation,2021-05,10059027,tonnes,portwatch,2021-05-31,,2026-09-26,estimated,0
shipping_exports,no,nation,2021-05,10058652,tonnes,portwatch,2021-05-31,,2026-10-06T05:59:38+00:00,estimated,1
shipping_exports,no,nation,2021-06,7944603,tonnes,portwatch,2021-06-30,,2026-09-26,estimated,0
shipping_exports,no,nation,2021-06,7943869,tonnes,portwatch,2021-06-30,,2026-10-06T05:59:38+00:00,estimated,1
shipping_exports,no,nation,2021-07,8722355,tonnes,portwatch,2021-07-31,,2026-09-26,estimated,0
shipping_exports,no,nation,2021-07,8722126,tonnes,portwatch,2021-07-31,,2026-10-06T05:59:38+00:00,estimated,1
shipping_exports,no,nation,2021-08,8994456,tonnes,portwatch,2021-08-31,,2026-09-26,estimated,0
shipping_exports,no,nation,2021-08,8994071,tonnes,portwatch,2021-08-31,,2026-10-06T05:59:38+00:00,estimated,1
shipping_exports,no,nation,2021-09,8042369,tonnes,portwatch,2021-09-30,,2026-09-26,estimated,0
shipping_exports,no,nation,2021-09,8042042,tonnes,portwatch,2021-09-30,,2026-10-06T05:59:38+00:00,estimated,1
shipping_exports,no,nation,2021-10,9433026,tonnes,portwatch,2021-10-31,,2026-09-26,estimated,0
shipping_exports,no,nation,2021-10,9432596,tonnes,portwatch,2021-10-31,,2026-10-06T05:59:38+00:00,estimated,1
shipping_exports,no,nation,2021-11,8276556,tonnes,portwatch,2021-11-30,,2026-09-26,estimated,0
shipping_exports,no,nation,2021-11,8276176,tonnes,portwatch,2021-11-30,,2026-10-06T05:59:38+00:00,estimated,1
shipping_exports,no,nation,2021-12,8850125,tonnes,portwatch,2021-12-31,,2026-09-26,estimated,0
shipping_exports,no,nation,2021-12,8849908,tonnes,portwatch,2021-12-31,,2026-10-06T05:59:38+00:00,estimated,1
shipping_exports,no,nation,2022-01,8825227,tonnes,portwatch,2022-01-31,,2026-09-26,estimated,0
shipping_exports,no,nation,2022-01,8824888,tonnes,portwatch,2022-01-31,,2026-10-06T05:59:38+00:00,estimated,1
shipping_exports,no,nation,2022-02,7143037,tonnes,portwatch,2022-02-28,,2026-09-26,estimated,0
shipping_exports,no,nation,2022-02,7142700,tonnes,portwatch,2022-02-28,,2026-10-06T05:59:38+00:00,estimated,1
shipping_exports,no,nation,2022-03,8564345,tonnes,portwatch,2022-03-31,,2026-09-26,estimated,0
shipping_exports,no,nation,2022-03,8564147,tonnes,portwatch,2022-03-31,,2026-10-06T05:59:38+00:00,estimated,1
shipping_exports,no,nation,2022-04,8173093,tonnes,portwatch,2022-04-30,,2026-09-26,estimated,0
shipping_exports,no,nation,2022-04,8172916,tonnes,portwatch,2022-04-30,,2026-10-06T05:59:38+00:00,estimated,1
shipping_exports,no,nation,2022-05,8608393,tonnes,portwatch,2022-05-31,,2026-09-26,estimated,0
shipping_exports,no,nation,2022-05,8608211,tonnes,portwatch,2022-05-31,,2026-10-06T05:59:38+00:00,estimated,1
shipping_exports,no,nation,2022-06,7451295,tonnes,portwatch,2022-06-30,,2026-09-26,estimated,0
shipping_exports,no,nation,2022-06,7451103,tonnes,portwatch,2022-06-30,,2026-10-06T05:59:38+00:00,estimated,1
shipping_exports,no,nation,2022-07,8168798,tonnes,portwatch,2022-07-31,,2026-09-26,estimated,0
shipping_exports,no,nation,2022-07,8168537,tonnes,portwatch,2022-07-31,,2026-10-06T05:59:38+00:00,estimated,1
shipping_exports,no,nation,2022-08,8658973,tonnes,portwatch,2022-08-31,,2026-09-26,estimated,0
shipping_exports,no,nation,2022-08,8658876,tonnes,portwatch,2022-08-31,,2026-10-06T05:59:38+00:00,estimated,1
shipping_exports,no,nation,2022-09,8786898,tonnes,portwatch,2022-09-30,,2026-09-26,estimated,0
shipping_exports,no,nation,2022-09,8787346,tonnes,portwatch,2022-09-30,,2026-10-06T05:59:38+00:00,estimated,1
shipping_exports,no,nation,2022-10,9384554,tonnes,portwatch,2022-10-31,,2026-09-26,estimated,0
shipping_exports,no,nation,2022-10,9384518,tonnes,portwatch,2022-10-31,,2026-10-06T05:59:38+00:00,estimated,1
shipping_exports,no,nation,2022-11,8135319,tonnes,portwatch,2022-11-30,,2026-09-26,estimated,0
shipping_exports,no,nation,2022-11,8134952,tonnes,portwatch,2022-11-30,,2026-10-06T05:59:38+00:00,estimated,1
shipping_exports,no,nation,2022-12,9069716,tonnes,portwatch,2022-12-31,,2026-09-26,estimated,0
shipping_exports,no,nation,2022-12,9069300,tonnes,portwatch,2022-12-31,,2026-10-06T05:59:38+00:00,estimated,1
shipping_exports,no,nation,2023-01,8505841,tonnes,portwatch,2023-01-31,,2026-09-26,estimated,0
shipping_exports,no,nation,2023-01,8505709,tonnes,portwatch,2023-01-31,,2026-10-06T05:59:38+00:00,estimated,1
shipping_exports,no,nation,2023-02,8402613,tonnes,portwatch,2023-02-28,,2026-09-26,estimated,0
shipping_exports,no,nation,2023-02,8403104,tonnes,portwatch,2023-02-28,,2026-10-06T05:59:38+00:00,estimated,1
shipping_exports,no,nation,2023-03,9130018,tonnes,portwatch,2023-03-31,,2026-09-26,estimated,0
shipping_exports,no,nation,2023-03,9129821,tonnes,portwatch,2023-03-31,,2026-10-06T05:59:38+00:00,estimated,1
shipping_exports,no,nation,2023-04,8811978,tonnes,portwatch,2023-04-30,,2026-09-26,estimated,0
shipping_exports,no,nation,2023-04,8812036,tonnes,portwatch,2023-04-30,,2026-10-06T05:59:38+00:00,estimated,1
shipping_exports,no,nation,2023-05,9586094,tonnes,portwatch,2023-05-31,,2026-09-26,estimated,0
shipping_exports,no,nation,2023-05,9586720,tonnes,portwatch,2023-05-31,,2026-10-06T05:59:38+00:00,estimated,1
shipping_exports,no,nation,2023-06,9683397,tonnes,portwatch,2023-06-30,,2026-09-26,estimated,0
shipping_exports,no,nation,2023-06,9682950,tonnes,portwatch,2023-06-30,,2026-10-06T05:59:38+00:00,estimated,1
shipping_exports,no,nation,2023-07,9226251,tonnes,portwatch,2023-07-31,,2026-09-26,estimated,0
shipping_exports,no,nation,2023-07,9225852,tonnes,portwatch,2023-07-31,,2026-10-06T05:59:38+00:00,estimated,1
shipping_exports,no,nation,2023-08,9359079,tonnes,portwatch,2023-08-31,,2026-09-26,estimated,0
shipping_exports,no,nation,2023-08,9358873,tonnes,portwatch,2023-08-31,,2026-10-06T05:59:38+00:00,estimated,1
shipping_exports,no,nation,2023-09,9496791,tonnes,portwatch,2023-09-30,,2026-09-26,estimated,0
shipping_exports,no,nation,2023-09,9496715,tonnes,portwatch,2023-09-30,,2026-10-06T05:59:38+00:00,estimated,1
shipping_exports,no,nation,2023-10,9527553,tonnes,portwatch,2023-10-31,,2026-09-26,estimated,0
shipping_exports,no,nation,2023-10,9527332,tonnes,portwatch,2023-10-31,,2026-10-06T05:59:38+00:00,estimated,1
shipping_exports,no,nation,2023-11,8637607,tonnes,portwatch,2023-11-30,,2026-09-26,estimated,0
shipping_exports,no,nation,2023-11,8637334,tonnes,portwatch,2023-11-30,,2026-10-06T05:59:38+00:00,estimated,1
shipping_exports,no,nation,2023-12,10030717,tonnes,portwatch,2023-12-31,,2026-09-26,estimated,0
shipping_exports,no,nation,2023-12,10030452,tonnes,portwatch,2023-12-31,,2026-10-06T05:59:38+00:00,estimated,1
shipping_exports,no,nation,2024-01,8506129,tonnes,portwatch,2024-01-31,,2026-09-26,estimated,0
shipping_exports,no,nation,2024-01,8505961,tonnes,portwatch,2024-01-31,,2026-10-06T05:59:38+00:00,estimated,1
shipping_exports,no,nation,2024-02,8437785,tonnes,portwatch,2024-02-29,,2026-09-26,estimated,0
shipping_exports,no,nation,2024-02,8437647,tonnes,portwatch,2024-02-29,,2026-10-06T05:59:38+00:00,estimated,1
shipping_exports,no,nation,2024-03,9050074,tonnes,portwatch,2024-03-31,,2026-09-26,estimated,0
shipping_exports,no,nation,2024-03,9049921,tonnes,portwatch,2024-03-31,,2026-10-06T05:59:38+00:00,estimated,1
shipping_exports,no,nation,2024-04,10470911,tonnes,portwatch,2024-04-30,,2026-09-26,estimated,0
shipping_exports,no,nation,2024-04,10470673,tonnes,portwatch,2024-04-30,,2026-10-06T05:59:38+00:00,estimated,1
shipping_exports,no,nation,2024-05,9600855,tonnes,portwatch,2024-05-31,,2026-09-26,estimated,0
shipping_exports,no,nation,2024-05,9600732,tonnes,portwatch,2024-05-31,,2026-10-06T05:59:38+00:00,estimated,1
shipping_exports,no,nation,2024-06,9232880,tonnes,portwatch,2024-06-30,,2026-09-26,estimated,0
shipping_exports,no,nation,2024-06,9232825,tonnes,portwatch,2024-06-30,,2026-10-06T05:59:38+00:00,estimated,1
shipping_exports,no,nation,2024-07,10405936,tonnes,portwatch,2024-07-31,,2026-09-26,estimated,0
shipping_exports,no,nation,2024-07,10406120,tonnes,portwatch,2024-07-31,,2026-10-06T05:59:38+00:00,estimated,1
shipping_exports,no,nation,2024-08,9379161,tonnes,portwatch,2024-08-31,,2026-09-26,estimated,0
shipping_exports,no,nation,2024-08,9379056,tonnes,portwatch,2024-08-31,,2026-10-06T05:59:38+00:00,estimated,1
shipping_exports,no,nation,2024-09,8614896,tonnes,portwatch,2024-09-30,,2026-09-26,estimated,0
shipping_exports,no,nation,2024-09,8614979,tonnes,portwatch,2024-09-30,,2026-10-06T05:59:38+00:00,estimated,1
shipping_exports,no,nation,2024-10,8814962,tonnes,portwatch,2024-10-31,,2026-09-26,estimated,0
shipping_exports,no,nation,2024-10,8814873,tonnes,portwatch,2024-10-31,,2026-10-06T05:59:38+00:00,estimated,1
shipping_exports,no,nation,2024-11,9042183,tonnes,portwatch,2024-11-30,,2026-09-26,estimated,0
shipping_exports,no,nation,2024-11,9041984,tonnes,portwatch,2024-11-30,,2026-10-06T05:59:38+00:00,estimated,1
shipping_exports,no,nation,2024-12,9990780,tonnes,portwatch,2024-12-31,,2026-09-26,estimated,0
shipping_exports,no,nation,2024-12,9990702,tonnes,portwatch,2024-12-31,,2026-10-06T05:59:38+00:00,estimated,1
shipping_exports,no,nation,2025-01,8818253,tonnes,portwatch,2025-01-31,,2026-09-26,estimated,0
shipping_exports,no,nation,2025-01,8818191,tonnes,portwatch,2025-01-31,,2026-10-06T05:59:38+00:00,estimated,1
shipping_exports,no,nation,2025-02,8720474,tonnes,portwatch,2025-02-28,,2026-09-26,estimated,0
shipping_exports,no,nation,2025-02,8720893,tonnes,portwatch,2025-02-28,,2026-10-06T05:59:38+00:00,estimated,1
shipping_exports,no,nation,2025-03,9730324,tonnes,portwatch,2025-03-31,,2026-09-26,estimated,0
shipping_exports,no,nation,2025-03,9730244,tonnes,portwatch,2025-03-31,,2026-10-06T05:59:38+00:00,estimated,1
shipping_exports,no,nation,2025-04,9437270,tonnes,portwatch,2025-04-30,,2026-09-26,estimated,0
shipping_exports,no,nation,2025-04,9437024,tonnes,portwatch,2025-04-30,,2026-10-06T05:59:38+00:00,estimated,1
shipping_exports,no,nation,2025-05,8984248,tonnes,portwatch,2025-05-31,,2026-09-26,estimated,0
shipping_exports,no,nation,2025-05,8984135,tonnes,portwatch,2025-05-31,,2026-10-06T05:59:38+00:00,estimated,1
shipping_exports,no,nation,2025-06,8548058,tonnes,portwatch,2025-06-30,,2026-09-26,estimated,0
shipping_exports,no,nation,2025-06,8548053,tonnes,portwatch,2025-06-30,,2026-10-06T05:59:38+00:00,estimated,1
shipping_exports,no,nation,2025-07,9500887,tonnes,portwatch,2025-07-31,,2026-09-26,estimated,0
shipping_exports,no,nation,2025-07,9500560,tonnes,portwatch,2025-07-31,,2026-10-06T05:59:38+00:00,estimated,1
shipping_exports,no,nation,2025-08,9473712,tonnes,portwatch,2025-08-31,,2026-09-26,estimated,0
shipping_exports,no,nation,2025-08,9473328,tonnes,portwatch,2025-08-31,,2026-10-06T05:59:38+00:00,estimated,1
shipping_exports,no,nation,2025-09,8819590,tonnes,portwatch,2025-09-30,,2026-09-26,estimated,0
shipping_exports,no,nation,2025-09,8819720,tonnes,portwatch,2025-09-30,,2026-10-06T05:59:38+00:00,estimated,1
shipping_exports,no,nation,2025-10,9524580,tonnes,portwatch,2025-10-31,,2026-09-26,estimated,0
shipping_exports,no,nation,2025-10,9523950,tonnes,portwatch,2025-10-31,,2026-10-06T05:59:38+00:00,estimated,1
shipping_exports,no,nation,2025-11,9229934,tonnes,portwatch,2025-11-30,,2026-09-26,estimated,0
shipping_exports,no,nation,2025-11,9229602,tonnes,portwatch,2025-11-30,,2026-10-06T05:59:38+00:00,estimated,1
shipping_exports,no,nation,2025-12,9631326,tonnes,portwatch,2025-12-31,,2026-09-26,estimated,0
shipping_exports,no,nation,2025-12,9630779,tonnes,portwatch,2025-12-31,,2026-10-06T05:59:38+00:00,estimated,1
shipping_exports,no,nation,2026-01,9390269,tonnes,portwatch,2026-01-31,,2026-09-26,estimated,0
shipping_exports,no,nation,2026-01,9389960,tonnes,portwatch,2026-01-31,,2026-10-06T05:59:38+00:00,estimated,1
shipping_exports,no,nation,2026-02,8124767,tonnes,portwatch,2026-02-28,,2026-09-26,estimated,0
shipping_exports,no,nation,2026-02,8124038,tonnes,portwatch,2026-02-28,,2026-10-06T05:59:38+00:00,estimated,1
shipping_exports,no,nation,2026-03,8927077,tonnes,portwatch,2026-03-31,,2026-09-26,estimated,0
shipping_exports,no,nation,2026-03,8926758,tonnes,portwatch,2026-03-31,,2026-10-06T05:59:38+00:00,estimated,1
shipping_exports,no,nation,2026-04,9083587,tonnes,portwatch,2026-04-30,,2026-09-26,estimated,0
shipping_exports,no,nation,2026-04,9083339,tonnes,portwatch,2026-04-30,,2026-10-06T05:59:38+00:00,estimated,1
shipping_exports,no,nation,2026-05,8576375,tonnes,portwatch,2026-05-31,,2026-09-26,estimated,0
shipping_exports,no,nation,2026-05,8575966,tonnes,portwatch,2026-05-31,,2026-10-06T05:59:38+00:00,estimated,1
shipping_exports,no,nation,2026-06,8898963,tonnes,portwatch,2026-06-30,,2026-09-26,estimated,0
shipping_exports,no,nation,2026-06,8899252,tonnes,portwatch,2026-06-30,,2026-10-06T05:59:38+00:00,estimated,1
shipping_exports,no,nation,2026-07,9212877,tonnes,portwatch,2026-07-31,,2026-09-26,estimated,0
shipping_exports,no,nation,2026-07,9212532,tonnes,portwatch,2026-07-31,,2026-10-06T05:59:38+00:00,estimated,1
shipping_exports,no,nation,2026-08,8818328,tonnes,portwatch,2026-08-31,,2026-09-26,estimated,0
shipping_exports,no,nation,2026-08,8818964,tonnes,portwatch,2026-08-31,,2026-10-06T05:59:38+00:00,estimated,1
shipping_exports,pl,nation,2019-01,2075195,tonnes,portwatch,2019-01-31,,2026-09-26,estimated,0
shipping_exports,pl,nation,2019-01,2075094,tonnes,portwatch,2019-01-31,,2026-10-06T05:59:38+00:00,estimated,1
shipping_exports,pl,nation,2019-02,2424787,tonnes,portwatch,2019-02-28,,2026-09-26,estimated,0
shipping_exports,pl,nation,2019-02,2424573,tonnes,portwatch,2019-02-28,,2026-10-06T05:59:38+00:00,estimated,1
shipping_exports,pl,nation,2019-03,2339336,tonnes,portwatch,2019-03-31,,2026-09-26,estimated,0
shipping_exports,pl,nation,2019-03,2339047,tonnes,portwatch,2019-03-31,,2026-10-06T05:59:38+00:00,estimated,1
shipping_exports,pl,nation,2019-04,2161647,tonnes,portwatch,2019-04-30,,2026-09-26,estimated,0
shipping_exports,pl,nation,2019-04,2161510,tonnes,portwatch,2019-04-30,,2026-10-06T05:59:38+00:00,estimated,1
shipping_exports,pl,nation,2019-05,2509230,tonnes,portwatch,2019-05-31,,2026-09-26,estimated,0
shipping_exports,pl,nation,2019-05,2509094,tonnes,portwatch,2019-05-31,,2026-10-06T05:59:38+00:00,estimated,1
shipping_exports,pl,nation,2019-06,2151120,tonnes,portwatch,2019-06-30,,2026-09-26,estimated,0
shipping_exports,pl,nation,2019-06,2150933,tonnes,portwatch,2019-06-30,,2026-10-06T05:59:38+00:00,estimated,1
shipping_exports,pl,nation,2019-07,2225419,tonnes,portwatch,2019-07-31,,2026-09-26,estimated,0
shipping_exports,pl,nation,2019-07,2225244,tonnes,portwatch,2019-07-31,,2026-10-06T05:59:38+00:00,estimated,1
shipping_exports,pl,nation,2019-08,2375360,tonnes,portwatch,2019-08-31,,2026-09-26,estimated,0
shipping_exports,pl,nation,2019-08,2375354,tonnes,portwatch,2019-08-31,,2026-10-06T05:59:38+00:00,estimated,1
shipping_exports,pl,nation,2019-09,2051933,tonnes,portwatch,2019-09-30,,2026-09-26,estimated,0
shipping_exports,pl,nation,2019-09,2051726,tonnes,portwatch,2019-09-30,,2026-10-06T05:59:38+00:00,estimated,1
shipping_exports,pl,nation,2019-10,2290413,tonnes,portwatch,2019-10-31,,2026-09-26,estimated,0
shipping_exports,pl,nation,2019-10,2290295,tonnes,portwatch,2019-10-31,,2026-10-06T05:59:38+00:00,estimated,1
shipping_exports,pl,nation,2019-11,2198158,tonnes,portwatch,2019-11-30,,2026-09-26,estimated,0
shipping_exports,pl,nation,2019-11,2197915,tonnes,portwatch,2019-11-30,,2026-10-06T05:59:38+00:00,estimated,1
shipping_exports,pl,nation,2019-12,2518969,tonnes,portwatch,2019-12-31,,2026-09-26,estimated,0
shipping_exports,pl,nation,2019-12,2518421,tonnes,portwatch,2019-12-31,,2026-10-06T05:59:38+00:00,estimated,1
shipping_exports,pl,nation,2020-01,2371669,tonnes,portwatch,2020-01-31,,2026-09-26,estimated,0
shipping_exports,pl,nation,2020-01,2371398,tonnes,portwatch,2020-01-31,,2026-10-06T05:59:38+00:00,estimated,1
shipping_exports,pl,nation,2020-02,2464999,tonnes,portwatch,2020-02-29,,2026-09-26,estimated,0
shipping_exports,pl,nation,2020-02,2464772,tonnes,portwatch,2020-02-29,,2026-10-06T05:59:38+00:00,estimated,1
shipping_exports,pl,nation,2020-03,2489147,tonnes,portwatch,2020-03-31,,2026-09-26,estimated,0
shipping_exports,pl,nation,2020-03,2489223,tonnes,portwatch,2020-03-31,,2026-10-06T05:59:38+00:00,estimated,1
shipping_exports,pl,nation,2020-04,2230025,tonnes,portwatch,2020-04-30,,2026-09-26,estimated,0
shipping_exports,pl,nation,2020-04,2229999,tonnes,portwatch,2020-04-30,,2026-10-06T05:59:38+00:00,estimated,1
shipping_exports,pl,nation,2020-05,2316389,tonnes,portwatch,2020-05-31,,2026-09-26,estimated,0
shipping_exports,pl,nation,2020-05,2316285,tonnes,portwatch,2020-05-31,,2026-10-06T05:59:38+00:00,estimated,1
shipping_exports,pl,nation,2020-06,2062584,tonnes,portwatch,2020-06-30,,2026-09-26,estimated,0
shipping_exports,pl,nation,2020-06,2062381,tonnes,portwatch,2020-06-30,,2026-10-06T05:59:38+00:00,estimated,1
shipping_exports,pl,nation,2020-07,2075115,tonnes,portwatch,2020-07-31,,2026-09-26,estimated,0
shipping_exports,pl,nation,2020-07,2074783,tonnes,portwatch,2020-07-31,,2026-10-06T05:59:38+00:00,estimated,1
shipping_exports,pl,nation,2020-08,2245125,tonnes,portwatch,2020-08-31,,2026-09-26,estimated,0
shipping_exports,pl,nation,2020-08,2244752,tonnes,portwatch,2020-08-31,,2026-10-06T05:59:38+00:00,estimated,1
shipping_exports,pl,nation,2020-09,2557149,tonnes,portwatch,2020-09-30,,2026-09-26,estimated,0
shipping_exports,pl,nation,2020-09,2556785,tonnes,portwatch,2020-09-30,,2026-10-06T05:59:38+00:00,estimated,1
shipping_exports,pl,nation,2020-10,2468206,tonnes,portwatch,2020-10-31,,2026-09-26,estimated,0
shipping_exports,pl,nation,2020-10,2467577,tonnes,portwatch,2020-10-31,,2026-10-06T05:59:38+00:00,estimated,1
shipping_exports,pl,nation,2020-11,2634002,tonnes,portwatch,2020-11-30,,2026-09-26,estimated,0
shipping_exports,pl,nation,2020-11,2633672,tonnes,portwatch,2020-11-30,,2026-10-06T05:59:38+00:00,estimated,1
shipping_exports,pl,nation,2020-12,2296452,tonnes,portwatch,2020-12-31,,2026-09-26,estimated,0
shipping_exports,pl,nation,2020-12,2296034,tonnes,portwatch,2020-12-31,,2026-10-06T05:59:38+00:00,estimated,1
shipping_exports,pl,nation,2021-01,2839671,tonnes,portwatch,2021-01-31,,2026-09-26,estimated,0
shipping_exports,pl,nation,2021-01,2839121,tonnes,portwatch,2021-01-31,,2026-10-06T05:59:38+00:00,estimated,1
shipping_exports,pl,nation,2021-02,2482462,tonnes,portwatch,2021-02-28,,2026-09-26,estimated,0
shipping_exports,pl,nation,2021-02,2482310,tonnes,portwatch,2021-02-28,,2026-10-06T05:59:38+00:00,estimated,1
shipping_exports,pl,nation,2021-03,2704947,tonnes,portwatch,2021-03-31,,2026-09-26,estimated,0
shipping_exports,pl,nation,2021-03,2704738,tonnes,portwatch,2021-03-31,,2026-10-06T05:59:38+00:00,estimated,1
shipping_exports,pl,nation,2021-04,2547417,tonnes,portwatch,2021-04-30,,2026-09-26,estimated,0
shipping_exports,pl,nation,2021-04,2547254,tonnes,portwatch,2021-04-30,,2026-10-06T05:59:38+00:00,estimated,1
shipping_exports,pl,nation,2021-05,2423266,tonnes,portwatch,2021-05-31,,2026-09-26,estimated,0
shipping_exports,pl,nation,2021-05,2422892,tonnes,portwatch,2021-05-31,,2026-10-06T05:59:38+00:00,estimated,1
shipping_exports,pl,nation,2021-06,2190468,tonnes,portwatch,2021-06-30,,2026-09-26,estimated,0
shipping_exports,pl,nation,2021-06,2190029,tonnes,portwatch,2021-06-30,,2026-10-06T05:59:38+00:00,estimated,1
shipping_exports,pl,nation,2021-07,2210756,tonnes,portwatch,2021-07-31,,2026-09-26,estimated,0
shipping_exports,pl,nation,2021-07,2210403,tonnes,portwatch,2021-07-31,,2026-10-06T05:59:38+00:00,estimated,1
shipping_exports,pl,nation,2021-08,2363318,tonnes,portwatch,2021-08-31,,2026-09-26,estimated,0
shipping_exports,pl,nation,2021-08,2362799,tonnes,portwatch,2021-08-31,,2026-10-06T05:59:38+00:00,estimated,1
shipping_exports,pl,nation,2021-09,2506557,tonnes,portwatch,2021-09-30,,2026-09-26,estimated,0
shipping_exports,pl,nation,2021-09,2506099,tonnes,portwatch,2021-09-30,,2026-10-06T05:59:38+00:00,estimated,1
shipping_exports,pl,nation,2021-10,2286288,tonnes,portwatch,2021-10-31,,2026-09-26,estimated,0
shipping_exports,pl,nation,2021-10,2285721,tonnes,portwatch,2021-10-31,,2026-10-06T05:59:38+00:00,estimated,1
shipping_exports,pl,nation,2021-11,2317139,tonnes,portwatch,2021-11-30,,2026-09-26,estimated,0
shipping_exports,pl,nation,2021-11,2316547,tonnes,portwatch,2021-11-30,,2026-10-06T05:59:38+00:00,estimated,1
shipping_exports,pl,nation,2021-12,2201580,tonnes,portwatch,2021-12-31,,2026-09-26,estimated,0
shipping_exports,pl,nation,2021-12,2200883,tonnes,portwatch,2021-12-31,,2026-10-06T05:59:38+00:00,estimated,1
shipping_exports,pl,nation,2022-01,2129965,tonnes,portwatch,2022-01-31,,2026-09-26,estimated,0
shipping_exports,pl,nation,2022-01,2129572,tonnes,portwatch,2022-01-31,,2026-10-06T05:59:38+00:00,estimated,1
shipping_exports,pl,nation,2022-02,2031557,tonnes,portwatch,2022-02-28,,2026-09-26,estimated,0
shipping_exports,pl,nation,2022-02,2031178,tonnes,portwatch,2022-02-28,,2026-10-06T05:59:38+00:00,estimated,1
shipping_exports,pl,nation,2022-03,2715592,tonnes,portwatch,2022-03-31,,2026-09-26,estimated,0
shipping_exports,pl,nation,2022-03,2715346,tonnes,portwatch,2022-03-31,,2026-10-06T05:59:38+00:00,estimated,1
shipping_exports,pl,nation,2022-04,2175905,tonnes,portwatch,2022-04-30,,2026-09-26,estimated,0
shipping_exports,pl,nation,2022-04,2175722,tonnes,portwatch,2022-04-30,,2026-10-06T05:59:38+00:00,estimated,1
shipping_exports,pl,nation,2022-05,2531208,tonnes,portwatch,2022-05-31,,2026-09-26,estimated,0
shipping_exports,pl,nation,2022-05,2530736,tonnes,portwatch,2022-05-31,,2026-10-06T05:59:38+00:00,estimated,1
shipping_exports,pl,nation,2022-06,2499334,tonnes,portwatch,2022-06-30,,2026-09-26,estimated,0
shipping_exports,pl,nation,2022-06,2499107,tonnes,portwatch,2022-06-30,,2026-10-06T05:59:38+00:00,estimated,1
shipping_exports,pl,nation,2022-07,2740645,tonnes,portwatch,2022-07-31,,2026-09-26,estimated,0
shipping_exports,pl,nation,2022-07,2740280,tonnes,portwatch,2022-07-31,,2026-10-06T05:59:38+00:00,estimated,1
shipping_exports,pl,nation,2022-08,2302093,tonnes,portwatch,2022-08-31,,2026-09-26,estimated,0
shipping_exports,pl,nation,2022-08,2301703,tonnes,portwatch,2022-08-31,,2026-10-06T05:59:38+00:00,estimated,1
shipping_exports,pl,nation,2022-09,2234924,tonnes,portwatch,2022-09-30,,2026-09-26,estimated,0
shipping_exports,pl,nation,2022-09,2234753,tonnes,portwatch,2022-09-30,,2026-10-06T05:59:38+00:00,estimated,1
shipping_exports,pl,nation,2022-10,2453254,tonnes,portwatch,2022-10-31,,2026-09-26,estimated,0
shipping_exports,pl,nation,2022-10,2453091,tonnes,portwatch,2022-10-31,,2026-10-06T05:59:38+00:00,estimated,1
shipping_exports,pl,nation,2022-11,2471876,tonnes,portwatch,2022-11-30,,2026-09-26,estimated,0
shipping_exports,pl,nation,2022-11,2471742,tonnes,portwatch,2022-11-30,,2026-10-06T05:59:38+00:00,estimated,1
shipping_exports,pl,nation,2022-12,2492225,tonnes,portwatch,2022-12-31,,2026-09-26,estimated,0
shipping_exports,pl,nation,2022-12,2491882,tonnes,portwatch,2022-12-31,,2026-10-06T05:59:38+00:00,estimated,1
shipping_exports,pl,nation,2023-01,2292207,tonnes,portwatch,2023-01-31,,2026-09-26,estimated,0
shipping_exports,pl,nation,2023-01,2292090,tonnes,portwatch,2023-01-31,,2026-10-06T05:59:38+00:00,estimated,1
shipping_exports,pl,nation,2023-02,2122789,tonnes,portwatch,2023-02-28,,2026-09-26,estimated,0
shipping_exports,pl,nation,2023-02,2122660,tonnes,portwatch,2023-02-28,,2026-10-06T05:59:38+00:00,estimated,1
shipping_exports,pl,nation,2023-03,2711110,tonnes,portwatch,2023-03-31,,2026-09-26,estimated,0
shipping_exports,pl,nation,2023-03,2711000,tonnes,portwatch,2023-03-31,,2026-10-06T05:59:38+00:00,estimated,1
shipping_exports,pl,nation,2023-04,2510289,tonnes,portwatch,2023-04-30,,2026-09-26,estimated,0
shipping_exports,pl,nation,2023-04,2510258,tonnes,portwatch,2023-04-30,,2026-10-06T05:59:38+00:00,estimated,1
shipping_exports,pl,nation,2023-05,2923654,tonnes,portwatch,2023-05-31,,2026-09-26,estimated,0
shipping_exports,pl,nation,2023-05,2923414,tonnes,portwatch,2023-05-31,,2026-10-06T05:59:38+00:00,estimated,1
shipping_exports,pl,nation,2023-06,3079604,tonnes,portwatch,2023-06-30,,2026-09-26,estimated,0
shipping_exports,pl,nation,2023-06,3079250,tonnes,portwatch,2023-06-30,,2026-10-06T05:59:38+00:00,estimated,1
shipping_exports,pl,nation,2023-07,2639392,tonnes,portwatch,2023-07-31,,2026-09-26,estimated,0
shipping_exports,pl,nation,2023-07,2639085,tonnes,portwatch,2023-07-31,,2026-10-06T05:59:38+00:00,estimated,1
shipping_exports,pl,nation,2023-08,2659686,tonnes,portwatch,2023-08-31,,2026-09-26,estimated,0
shipping_exports,pl,nation,2023-08,2659642,tonnes,portwatch,2023-08-31,,2026-10-06T05:59:38+00:00,estimated,1
shipping_exports,pl,nation,2023-09,2405944,tonnes,portwatch,2023-09-30,,2026-09-26,estimated,0
shipping_exports,pl,nation,2023-09,2405681,tonnes,portwatch,2023-09-30,,2026-10-06T05:59:38+00:00,estimated,1
shipping_exports,pl,nation,2023-10,2992809,tonnes,portwatch,2023-10-31,,2026-09-26,estimated,0
shipping_exports,pl,nation,2023-10,2992624,tonnes,portwatch,2023-10-31,,2026-10-06T05:59:38+00:00,estimated,1
shipping_exports,pl,nation,2023-11,2929817,tonnes,portwatch,2023-11-30,,2026-09-26,estimated,0
shipping_exports,pl,nation,2023-11,2929637,tonnes,portwatch,2023-11-30,,2026-10-06T05:59:38+00:00,estimated,1
shipping_exports,pl,nation,2023-12,2297780,tonnes,portwatch,2023-12-31,,2026-09-26,estimated,0
shipping_exports,pl,nation,2023-12,2297614,tonnes,portwatch,2023-12-31,,2026-10-06T05:59:38+00:00,estimated,1
shipping_exports,pl,nation,2024-01,2371751,tonnes,portwatch,2024-01-31,,2026-09-26,estimated,0
shipping_exports,pl,nation,2024-01,2371568,tonnes,portwatch,2024-01-31,,2026-10-06T05:59:38+00:00,estimated,1
shipping_exports,pl,nation,2024-02,2569985,tonnes,portwatch,2024-02-29,,2026-09-26,estimated,0
shipping_exports,pl,nation,2024-02,2569822,tonnes,portwatch,2024-02-29,,2026-10-06T05:59:38+00:00,estimated,1
shipping_exports,pl,nation,2024-03,2626693,tonnes,portwatch,2024-03-31,,2026-09-26,estimated,0
shipping_exports,pl,nation,2024-03,2626616,tonnes,portwatch,2024-03-31,,2026-10-06T05:59:38+00:00,estimated,1
shipping_exports,pl,nation,2024-04,2438040,tonnes,portwatch,2024-04-30,,2026-09-26,estimated,0
shipping_exports,pl,nation,2024-04,2437833,tonnes,portwatch,2024-04-30,,2026-10-06T05:59:38+00:00,estimated,1
shipping_exports,pl,nation,2024-05,2577048,tonnes,portwatch,2024-05-31,,2026-09-26,estimated,0
shipping_exports,pl,nation,2024-05,2576764,tonnes,portwatch,2024-05-31,,2026-10-06T05:59:38+00:00,estimated,1
shipping_exports,pl,nation,2024-06,2349907,tonnes,portwatch,2024-06-30,,2026-09-26,estimated,0
shipping_exports,pl,nation,2024-06,2349800,tonnes,portwatch,2024-06-30,,2026-10-06T05:59:38+00:00,estimated,1
shipping_exports,pl,nation,2024-07,2423419,tonnes,portwatch,2024-07-31,,2026-09-26,estimated,0
shipping_exports,pl,nation,2024-07,2423123,tonnes,portwatch,2024-07-31,,2026-10-06T05:59:38+00:00,estimated,1
shipping_exports,pl,nation,2024-08,2057356,tonnes,portwatch,2024-08-31,,2026-09-26,estimated,0
shipping_exports,pl,nation,2024-08,2056987,tonnes,portwatch,2024-08-31,,2026-10-06T05:59:38+00:00,estimated,1
shipping_exports,pl,nation,2024-09,2373925,tonnes,portwatch,2024-09-30,,2026-09-26,estimated,0
shipping_exports,pl,nation,2024-09,2373858,tonnes,portwatch,2024-09-30,,2026-10-06T05:59:38+00:00,estimated,1
shipping_exports,pl,nation,2024-10,2484230,tonnes,portwatch,2024-10-31,,2026-09-26,estimated,0
shipping_exports,pl,nation,2024-10,2484014,tonnes,portwatch,2024-10-31,,2026-10-06T05:59:38+00:00,estimated,1
shipping_exports,pl,nation,2024-11,2291878,tonnes,portwatch,2024-11-30,,2026-09-26,estimated,0
shipping_exports,pl,nation,2024-11,2291675,tonnes,portwatch,2024-11-30,,2026-10-06T05:59:38+00:00,estimated,1
shipping_exports,pl,nation,2024-12,2141622,tonnes,portwatch,2024-12-31,,2026-09-26,estimated,0
shipping_exports,pl,nation,2024-12,2141424,tonnes,portwatch,2024-12-31,,2026-10-06T05:59:38+00:00,estimated,1
shipping_exports,pl,nation,2025-01,2427202,tonnes,portwatch,2025-01-31,,2026-09-26,estimated,0
shipping_exports,pl,nation,2025-01,2426950,tonnes,portwatch,2025-01-31,,2026-10-06T05:59:38+00:00,estimated,1
shipping_exports,pl,nation,2025-02,2356560,tonnes,portwatch,2025-02-28,,2026-09-26,estimated,0
shipping_exports,pl,nation,2025-02,2356312,tonnes,portwatch,2025-02-28,,2026-10-06T05:59:38+00:00,estimated,1
shipping_exports,pl,nation,2025-03,2480280,tonnes,portwatch,2025-03-31,,2026-09-26,estimated,0
shipping_exports,pl,nation,2025-03,2480121,tonnes,portwatch,2025-03-31,,2026-10-06T05:59:38+00:00,estimated,1
shipping_exports,pl,nation,2025-04,2364518,tonnes,portwatch,2025-04-30,,2026-09-26,estimated,0
shipping_exports,pl,nation,2025-04,2364323,tonnes,portwatch,2025-04-30,,2026-10-06T05:59:38+00:00,estimated,1
shipping_exports,pl,nation,2025-05,2219716,tonnes,portwatch,2025-05-31,,2026-09-26,estimated,0
shipping_exports,pl,nation,2025-05,2219684,tonnes,portwatch,2025-05-31,,2026-10-06T05:59:38+00:00,estimated,1
shipping_exports,pl,nation,2025-06,2057503,tonnes,portwatch,2025-06-30,,2026-09-26,estimated,0
shipping_exports,pl,nation,2025-06,2057423,tonnes,portwatch,2025-06-30,,2026-10-06T05:59:38+00:00,estimated,1
shipping_exports,pl,nation,2025-07,2064443,tonnes,portwatch,2025-07-31,,2026-09-26,estimated,0
shipping_exports,pl,nation,2025-07,2064422,tonnes,portwatch,2025-07-31,,2026-10-06T05:59:38+00:00,estimated,1
shipping_exports,pl,nation,2025-08,2370566,tonnes,portwatch,2025-08-31,,2026-09-26,estimated,0
shipping_exports,pl,nation,2025-08,2370273,tonnes,portwatch,2025-08-31,,2026-10-06T05:59:38+00:00,estimated,1
shipping_exports,pl,nation,2025-09,2140438,tonnes,portwatch,2025-09-30,,2026-09-26,estimated,0
shipping_exports,pl,nation,2025-09,2140181,tonnes,portwatch,2025-09-30,,2026-10-06T05:59:38+00:00,estimated,1
shipping_exports,pl,nation,2025-10,2791300,tonnes,portwatch,2025-10-31,,2026-09-26,estimated,0
shipping_exports,pl,nation,2025-10,2791076,tonnes,portwatch,2025-10-31,,2026-10-06T05:59:38+00:00,estimated,1
shipping_exports,pl,nation,2025-11,2961467,tonnes,portwatch,2025-11-30,,2026-09-26,estimated,0
shipping_exports,pl,nation,2025-11,2961405,tonnes,portwatch,2025-11-30,,2026-10-06T05:59:38+00:00,estimated,1
shipping_exports,pl,nation,2025-12,2383640,tonnes,portwatch,2025-12-31,,2026-09-26,estimated,0
shipping_exports,pl,nation,2025-12,2383371,tonnes,portwatch,2025-12-31,,2026-10-06T05:59:38+00:00,estimated,1
shipping_exports,pl,nation,2026-01,2447248,tonnes,portwatch,2026-01-31,,2026-09-26,estimated,0
shipping_exports,pl,nation,2026-01,2447162,tonnes,portwatch,2026-01-31,,2026-10-06T05:59:38+00:00,estimated,1
shipping_exports,pl,nation,2026-02,2222031,tonnes,portwatch,2026-02-28,,2026-09-26,estimated,0
shipping_exports,pl,nation,2026-02,2221944,tonnes,portwatch,2026-02-28,,2026-10-06T05:59:38+00:00,estimated,1
shipping_exports,pl,nation,2026-03,2811263,tonnes,portwatch,2026-03-31,,2026-09-26,estimated,0
shipping_exports,pl,nation,2026-03,2811382,tonnes,portwatch,2026-03-31,,2026-10-06T05:59:38+00:00,estimated,1
shipping_exports,pl,nation,2026-04,2597626,tonnes,portwatch,2026-04-30,,2026-09-26,estimated,0
shipping_exports,pl,nation,2026-04,2597245,tonnes,portwatch,2026-04-30,,2026-10-06T05:59:38+00:00,estimated,1
shipping_exports,pl,nation,2026-05,2754339,tonnes,portwatch,2026-05-31,,2026-09-26,estimated,0
shipping_exports,pl,nation,2026-05,2754120,tonnes,portwatch,2026-05-31,,2026-10-06T05:59:38+00:00,estimated,1
shipping_exports,pl,nation,2026-06,2621096,tonnes,portwatch,2026-06-30,,2026-09-26,estimated,0
shipping_exports,pl,nation,2026-06,2620983,tonnes,portwatch,2026-06-30,,2026-10-06T05:59:38+00:00,estimated,1
shipping_exports,pl,nation,2026-07,2839390,tonnes,portwatch,2026-07-31,,2026-09-26,estimated,0
shipping_exports,pl,nation,2026-07,2839132,tonnes,portwatch,2026-07-31,,2026-10-06T05:59:38+00:00,estimated,1
shipping_exports,pl,nation,2026-08,2769121,tonnes,portwatch,2026-08-31,,2026-09-26,estimated,0
shipping_exports,pl,nation,2026-08,2768260,tonnes,portwatch,2026-08-31,,2026-10-06T05:59:38+00:00,estimated,1
shipping_exports,pt,nation,2019-01,1983171,tonnes,portwatch,2019-01-31,,2026-09-26,estimated,0
shipping_exports,pt,nation,2019-01,1983167,tonnes,portwatch,2019-01-31,,2026-10-06T05:59:39+00:00,estimated,1
shipping_exports,pt,nation,2019-02,1806645,tonnes,portwatch,2019-02-28,,2026-09-26,estimated,0
shipping_exports,pt,nation,2019-02,1806561,tonnes,portwatch,2019-02-28,,2026-10-06T05:59:39+00:00,estimated,1
shipping_exports,pt,nation,2019-03,1819774,tonnes,portwatch,2019-03-31,,2026-09-26,estimated,0
shipping_exports,pt,nation,2019-03,1819632,tonnes,portwatch,2019-03-31,,2026-10-06T05:59:39+00:00,estimated,1
shipping_exports,pt,nation,2019-04,1804703,tonnes,portwatch,2019-04-30,,2026-09-26,estimated,0
shipping_exports,pt,nation,2019-04,1804582,tonnes,portwatch,2019-04-30,,2026-10-06T05:59:39+00:00,estimated,1
shipping_exports,pt,nation,2019-05,2399080,tonnes,portwatch,2019-05-31,,2026-09-26,estimated,0
shipping_exports,pt,nation,2019-05,2398932,tonnes,portwatch,2019-05-31,,2026-10-06T05:59:39+00:00,estimated,1
shipping_exports,pt,nation,2019-06,1979892,tonnes,portwatch,2019-06-30,,2026-09-26,estimated,0
shipping_exports,pt,nation,2019-06,1979430,tonnes,portwatch,2019-06-30,,2026-10-06T05:59:39+00:00,estimated,1
shipping_exports,pt,nation,2019-07,1955579,tonnes,portwatch,2019-07-31,,2026-09-26,estimated,0
shipping_exports,pt,nation,2019-07,1955367,tonnes,portwatch,2019-07-31,,2026-10-06T05:59:39+00:00,estimated,1
shipping_exports,pt,nation,2019-08,1625009,tonnes,portwatch,2019-08-31,,2026-09-26,estimated,0
shipping_exports,pt,nation,2019-08,1624395,tonnes,portwatch,2019-08-31,,2026-10-06T05:59:39+00:00,estimated,1
shipping_exports,pt,nation,2019-09,1977610,tonnes,portwatch,2019-09-30,,2026-09-26,estimated,0
shipping_exports,pt,nation,2019-09,1975651,tonnes,portwatch,2019-09-30,,2026-10-06T05:59:39+00:00,estimated,1
shipping_exports,pt,nation,2019-10,1929258,tonnes,portwatch,2019-10-31,,2026-09-26,estimated,0
shipping_exports,pt,nation,2019-10,1928799,tonnes,portwatch,2019-10-31,,2026-10-06T05:59:39+00:00,estimated,1
shipping_exports,pt,nation,2019-11,2178652,tonnes,portwatch,2019-11-30,,2026-09-26,estimated,0
shipping_exports,pt,nation,2019-11,2178571,tonnes,portwatch,2019-11-30,,2026-10-06T05:59:39+00:00,estimated,1
shipping_exports,pt,nation,2019-12,2189638,tonnes,portwatch,2019-12-31,,2026-09-26,estimated,0
shipping_exports,pt,nation,2019-12,2187988,tonnes,portwatch,2019-12-31,,2026-10-06T05:59:39+00:00,estimated,1
shipping_exports,pt,nation,2020-01,2137298,tonnes,portwatch,2020-01-31,,2026-09-26,estimated,0
shipping_exports,pt,nation,2020-01,2136369,tonnes,portwatch,2020-01-31,,2026-10-06T05:59:39+00:00,estimated,1
shipping_exports,pt,nation,2020-02,1877151,tonnes,portwatch,2020-02-29,,2026-09-26,estimated,0
shipping_exports,pt,nation,2020-02,1876262,tonnes,portwatch,2020-02-29,,2026-10-06T05:59:39+00:00,estimated,1
shipping_exports,pt,nation,2020-03,2195845,tonnes,portwatch,2020-03-31,,2026-09-26,estimated,0
shipping_exports,pt,nation,2020-03,2195238,tonnes,portwatch,2020-03-31,,2026-10-06T05:59:39+00:00,estimated,1
shipping_exports,pt,nation,2020-04,1817332,tonnes,portwatch,2020-04-30,,2026-09-26,estimated,0
shipping_exports,pt,nation,2020-04,1817244,tonnes,portwatch,2020-04-30,,2026-10-06T05:59:39+00:00,estimated,1
shipping_exports,pt,nation,2020-05,1616484,tonnes,portwatch,2020-05-31,,2026-09-26,estimated,0
shipping_exports,pt,nation,2020-05,1616397,tonnes,portwatch,2020-05-31,,2026-10-06T05:59:39+00:00,estimated,1
shipping_exports,pt,nation,2020-06,1718251,tonnes,portwatch,2020-06-30,,2026-09-26,estimated,0
shipping_exports,pt,nation,2020-06,1718161,tonnes,portwatch,2020-06-30,,2026-10-06T05:59:39+00:00,estimated,1
shipping_exports,pt,nation,2020-07,1955756,tonnes,portwatch,2020-07-31,,2026-09-26,estimated,0
shipping_exports,pt,nation,2020-07,1955722,tonnes,portwatch,2020-07-31,,2026-10-06T05:59:39+00:00,estimated,1
shipping_exports,pt,nation,2020-08,2173292,tonnes,portwatch,2020-08-31,,2026-09-26,estimated,0
shipping_exports,pt,nation,2020-08,2173167,tonnes,portwatch,2020-08-31,,2026-10-06T05:59:39+00:00,estimated,1
shipping_exports,pt,nation,2020-09,2377743,tonnes,portwatch,2020-09-30,,2026-09-26,estimated,0
shipping_exports,pt,nation,2020-09,2377630,tonnes,portwatch,2020-09-30,,2026-10-06T05:59:39+00:00,estimated,1
shipping_exports,pt,nation,2020-10,2435568,tonnes,portwatch,2020-10-31,,2026-09-26,estimated,0
shipping_exports,pt,nation,2020-10,2434800,tonnes,portwatch,2020-10-31,,2026-10-06T05:59:39+00:00,estimated,1
shipping_exports,pt,nation,2020-11,2097571,tonnes,portwatch,2020-11-30,,2026-09-26,estimated,0
shipping_exports,pt,nation,2020-11,2097086,tonnes,portwatch,2020-11-30,,2026-10-06T05:59:39+00:00,estimated,1
shipping_exports,pt,nation,2020-12,1952470,tonnes,portwatch,2020-12-31,,2026-09-26,estimated,0
shipping_exports,pt,nation,2020-12,1951829,tonnes,portwatch,2020-12-31,,2026-10-06T05:59:39+00:00,estimated,1
shipping_exports,pt,nation,2021-01,2236830,tonnes,portwatch,2021-01-31,,2026-09-26,estimated,0
shipping_exports,pt,nation,2021-01,2236729,tonnes,portwatch,2021-01-31,,2026-10-06T05:59:39+00:00,estimated,1
shipping_exports,pt,nation,2021-02,2272419,tonnes,portwatch,2021-02-28,,2026-09-26,estimated,0
shipping_exports,pt,nation,2021-02,2272279,tonnes,portwatch,2021-02-28,,2026-10-06T05:59:39+00:00,estimated,1
shipping_exports,pt,nation,2021-03,2176111,tonnes,portwatch,2021-03-31,,2026-09-26,estimated,0
shipping_exports,pt,nation,2021-03,2175910,tonnes,portwatch,2021-03-31,,2026-10-06T05:59:39+00:00,estimated,1
shipping_exports,pt,nation,2021-04,2124469,tonnes,portwatch,2021-04-30,,2026-09-26,estimated,0
shipping_exports,pt,nation,2021-04,2124369,tonnes,portwatch,2021-04-30,,2026-10-06T05:59:39+00:00,estimated,1
shipping_exports,pt,nation,2021-05,2196801,tonnes,portwatch,2021-05-31,,2026-09-26,estimated,0
shipping_exports,pt,nation,2021-05,2196670,tonnes,portwatch,2021-05-31,,2026-10-06T05:59:39+00:00,estimated,1
shipping_exports,pt,nation,2021-06,2367711,tonnes,portwatch,2021-06-30,,2026-09-26,estimated,0
shipping_exports,pt,nation,2021-06,2367671,tonnes,portwatch,2021-06-30,,2026-10-06T05:59:39+00:00,estimated,1
shipping_exports,pt,nation,2021-07,2283275,tonnes,portwatch,2021-07-31,,2026-09-26,estimated,0
shipping_exports,pt,nation,2021-07,2282347,tonnes,portwatch,2021-07-31,,2026-10-06T05:59:39+00:00,estimated,1
shipping_exports,pt,nation,2021-08,1993845,tonnes,portwatch,2021-08-31,,2026-09-26,estimated,0
shipping_exports,pt,nation,2021-08,1993710,tonnes,portwatch,2021-08-31,,2026-10-06T05:59:39+00:00,estimated,1
shipping_exports,pt,nation,2021-09,1970766,tonnes,portwatch,2021-09-30,,2026-09-26,estimated,0
shipping_exports,pt,nation,2021-09,1970605,tonnes,portwatch,2021-09-30,,2026-10-06T05:59:39+00:00,estimated,1
shipping_exports,pt,nation,2021-10,2007675,tonnes,portwatch,2021-10-31,,2026-09-26,estimated,0
shipping_exports,pt,nation,2021-10,2006808,tonnes,portwatch,2021-10-31,,2026-10-06T05:59:39+00:00,estimated,1
shipping_exports,pt,nation,2021-11,1713458,tonnes,portwatch,2021-11-30,,2026-09-26,estimated,0
shipping_exports,pt,nation,2021-11,1713322,tonnes,portwatch,2021-11-30,,2026-10-06T05:59:39+00:00,estimated,1
shipping_exports,pt,nation,2021-12,1836021,tonnes,portwatch,2021-12-31,,2026-09-26,estimated,0
shipping_exports,pt,nation,2021-12,1835949,tonnes,portwatch,2021-12-31,,2026-10-06T05:59:39+00:00,estimated,1
shipping_exports,pt,nation,2022-01,2059952,tonnes,portwatch,2022-01-31,,2026-09-26,estimated,0
shipping_exports,pt,nation,2022-01,2059864,tonnes,portwatch,2022-01-31,,2026-10-06T05:59:39+00:00,estimated,1
shipping_exports,pt,nation,2022-02,1850792,tonnes,portwatch,2022-02-28,,2026-09-26,estimated,0
shipping_exports,pt,nation,2022-02,1850776,tonnes,portwatch,2022-02-28,,2026-10-06T05:59:39+00:00,estimated,1
shipping_exports,pt,nation,2022-03,2067607,tonnes,portwatch,2022-03-31,,2026-09-26,estimated,0
shipping_exports,pt,nation,2022-03,2067580,tonnes,portwatch,2022-03-31,,2026-10-06T05:59:39+00:00,estimated,1
shipping_exports,pt,nation,2022-04,1868019,tonnes,portwatch,2022-04-30,,2026-09-26,estimated,0
shipping_exports,pt,nation,2022-04,1868002,tonnes,portwatch,2022-04-30,,2026-10-06T05:59:39+00:00,estimated,1
shipping_exports,pt,nation,2022-05,2053094,tonnes,portwatch,2022-05-31,,2026-09-26,estimated,0
shipping_exports,pt,nation,2022-05,2052896,tonnes,portwatch,2022-05-31,,2026-10-06T05:59:39+00:00,estimated,1
shipping_exports,pt,nation,2022-06,2051845,tonnes,portwatch,2022-06-30,,2026-09-26,estimated,0
shipping_exports,pt,nation,2022-06,2051557,tonnes,portwatch,2022-06-30,,2026-10-06T05:59:39+00:00,estimated,1
shipping_exports,pt,nation,2022-07,2288518,tonnes,portwatch,2022-07-31,,2026-09-26,estimated,0
shipping_exports,pt,nation,2022-07,2288458,tonnes,portwatch,2022-07-31,,2026-10-06T05:59:39+00:00,estimated,1
shipping_exports,pt,nation,2022-08,2128110,tonnes,portwatch,2022-08-31,,2026-09-26,estimated,0
shipping_exports,pt,nation,2022-08,2128074,tonnes,portwatch,2022-08-31,,2026-10-06T05:59:39+00:00,estimated,1
shipping_exports,pt,nation,2022-09,2204441,tonnes,portwatch,2022-09-30,,2026-09-26,estimated,0
shipping_exports,pt,nation,2022-09,2204411,tonnes,portwatch,2022-09-30,,2026-10-06T05:59:39+00:00,estimated,1
shipping_exports,pt,nation,2022-10,1706340,tonnes,portwatch,2022-10-31,,2026-09-26,estimated,0
shipping_exports,pt,nation,2022-10,1706315,tonnes,portwatch,2022-10-31,,2026-10-06T05:59:39+00:00,estimated,1
shipping_exports,pt,nation,2022-11,1542747,tonnes,portwatch,2022-11-30,,2026-09-26,estimated,0
shipping_exports,pt,nation,2022-11,1542659,tonnes,portwatch,2022-11-30,,2026-10-06T05:59:39+00:00,estimated,1
shipping_exports,pt,nation,2022-12,1932289,tonnes,portwatch,2022-12-31,,2026-09-26,estimated,0
shipping_exports,pt,nation,2022-12,1931657,tonnes,portwatch,2022-12-31,,2026-10-06T05:59:39+00:00,estimated,1
shipping_exports,pt,nation,2023-01,1755405,tonnes,portwatch,2023-01-31,,2026-09-26,estimated,0
shipping_exports,pt,nation,2023-01,1755325,tonnes,portwatch,2023-01-31,,2026-10-06T05:59:39+00:00,estimated,1
shipping_exports,pt,nation,2023-02,1786686,tonnes,portwatch,2023-02-28,,2026-09-26,estimated,0
shipping_exports,pt,nation,2023-02,1786597,tonnes,portwatch,2023-02-28,,2026-10-06T05:59:39+00:00,estimated,1
shipping_exports,pt,nation,2023-03,1798059,tonnes,portwatch,2023-03-31,,2026-09-26,estimated,0
shipping_exports,pt,nation,2023-03,1797594,tonnes,portwatch,2023-03-31,,2026-10-06T05:59:39+00:00,estimated,1
shipping_exports,pt,nation,2023-04,1869038,tonnes,portwatch,2023-04-30,,2026-09-26,estimated,0
shipping_exports,pt,nation,2023-04,1868918,tonnes,portwatch,2023-04-30,,2026-10-06T05:59:39+00:00,estimated,1
shipping_exports,pt,nation,2023-05,2045840,tonnes,portwatch,2023-05-31,,2026-09-26,estimated,0
shipping_exports,pt,nation,2023-05,2045744,tonnes,portwatch,2023-05-31,,2026-10-06T05:59:39+00:00,estimated,1
shipping_exports,pt,nation,2023-06,1976309,tonnes,portwatch,2023-06-30,,2026-09-26,estimated,0
shipping_exports,pt,nation,2023-06,1975739,tonnes,portwatch,2023-06-30,,2026-10-06T05:59:39+00:00,estimated,1
shipping_exports,pt,nation,2023-07,1947133,tonnes,portwatch,2023-07-31,,2026-09-26,estimated,0
shipping_exports,pt,nation,2023-07,1947029,tonnes,portwatch,2023-07-31,,2026-10-06T05:59:39+00:00,estimated,1
shipping_exports,pt,nation,2023-08,2075298,tonnes,portwatch,2023-08-31,,2026-09-26,estimated,0
shipping_exports,pt,nation,2023-08,2075212,tonnes,portwatch,2023-08-31,,2026-10-06T05:59:39+00:00,estimated,1
shipping_exports,pt,nation,2023-09,1911994,tonnes,portwatch,2023-09-30,,2026-09-26,estimated,0
shipping_exports,pt,nation,2023-09,1911885,tonnes,portwatch,2023-09-30,,2026-10-06T05:59:39+00:00,estimated,1
shipping_exports,pt,nation,2023-10,1721319,tonnes,portwatch,2023-10-31,,2026-09-26,estimated,0
shipping_exports,pt,nation,2023-10,1721297,tonnes,portwatch,2023-10-31,,2026-10-06T05:59:39+00:00,estimated,1
shipping_exports,pt,nation,2023-11,1483344,tonnes,portwatch,2023-11-30,,2026-09-26,estimated,0
shipping_exports,pt,nation,2023-11,1483265,tonnes,portwatch,2023-11-30,,2026-10-06T05:59:39+00:00,estimated,1
shipping_exports,pt,nation,2023-12,1934854,tonnes,portwatch,2023-12-31,,2026-09-26,estimated,0
shipping_exports,pt,nation,2023-12,1934429,tonnes,portwatch,2023-12-31,,2026-10-06T05:59:39+00:00,estimated,1
shipping_exports,pt,nation,2024-01,2144714,tonnes,portwatch,2024-01-31,,2026-09-26,estimated,0
shipping_exports,pt,nation,2024-01,2143868,tonnes,portwatch,2024-01-31,,2026-10-06T05:59:39+00:00,estimated,1
shipping_exports,pt,nation,2024-02,1989401,tonnes,portwatch,2024-02-29,,2026-09-26,estimated,0
shipping_exports,pt,nation,2024-02,1989404,tonnes,portwatch,2024-02-29,,2026-10-06T05:59:39+00:00,estimated,1
shipping_exports,pt,nation,2024-03,1969128,tonnes,portwatch,2024-03-31,,2026-09-26,estimated,0
shipping_exports,pt,nation,2024-03,1968810,tonnes,portwatch,2024-03-31,,2026-10-06T05:59:39+00:00,estimated,1
shipping_exports,pt,nation,2024-04,2198551,tonnes,portwatch,2024-04-30,,2026-09-26,estimated,0
shipping_exports,pt,nation,2024-04,2198102,tonnes,portwatch,2024-04-30,,2026-10-06T05:59:39+00:00,estimated,1
shipping_exports,pt,nation,2024-05,2430252,tonnes,portwatch,2024-05-31,,2026-09-26,estimated,0
shipping_exports,pt,nation,2024-05,2429416,tonnes,portwatch,2024-05-31,,2026-10-06T05:59:39+00:00,estimated,1
shipping_exports,pt,nation,2024-06,2088392,tonnes,portwatch,2024-06-30,,2026-09-26,estimated,0
shipping_exports,pt,nation,2024-06,2088348,tonnes,portwatch,2024-06-30,,2026-10-06T05:59:39+00:00,estimated,1
shipping_exports,pt,nation,2024-07,2067595,tonnes,portwatch,2024-07-31,,2026-09-26,estimated,0
shipping_exports,pt,nation,2024-07,2067340,tonnes,portwatch,2024-07-31,,2026-10-06T05:59:39+00:00,estimated,1
shipping_exports,pt,nation,2024-08,2011014,tonnes,portwatch,2024-08-31,,2026-09-26,estimated,0
shipping_exports,pt,nation,2024-08,2010880,tonnes,portwatch,2024-08-31,,2026-10-06T05:59:39+00:00,estimated,1
shipping_exports,pt,nation,2024-09,1824387,tonnes,portwatch,2024-09-30,,2026-09-26,estimated,0
shipping_exports,pt,nation,2024-09,1824304,tonnes,portwatch,2024-09-30,,2026-10-06T05:59:39+00:00,estimated,1
shipping_exports,pt,nation,2024-10,1986870,tonnes,portwatch,2024-10-31,,2026-09-26,estimated,0
shipping_exports,pt,nation,2024-10,1986692,tonnes,portwatch,2024-10-31,,2026-10-06T05:59:39+00:00,estimated,1
shipping_exports,pt,nation,2024-11,1875319,tonnes,portwatch,2024-11-30,,2026-09-26,estimated,0
shipping_exports,pt,nation,2024-11,1875308,tonnes,portwatch,2024-11-30,,2026-10-06T05:59:39+00:00,estimated,1
shipping_exports,pt,nation,2024-12,1951417,tonnes,portwatch,2024-12-31,,2026-09-26,estimated,0
shipping_exports,pt,nation,2024-12,1950968,tonnes,portwatch,2024-12-31,,2026-10-06T05:59:39+00:00,estimated,1
shipping_exports,pt,nation,2025-01,1764666,tonnes,portwatch,2025-01-31,,2026-09-26,estimated,0
shipping_exports,pt,nation,2025-01,1764632,tonnes,portwatch,2025-01-31,,2026-10-06T05:59:39+00:00,estimated,1
shipping_exports,pt,nation,2025-02,2108467,tonnes,portwatch,2025-02-28,,2026-09-26,estimated,0
shipping_exports,pt,nation,2025-02,2107982,tonnes,portwatch,2025-02-28,,2026-10-06T05:59:39+00:00,estimated,1
shipping_exports,pt,nation,2025-03,1787789,tonnes,portwatch,2025-03-31,,2026-09-26,estimated,0
shipping_exports,pt,nation,2025-03,1787778,tonnes,portwatch,2025-03-31,,2026-10-06T05:59:39+00:00,estimated,1
shipping_exports,pt,nation,2025-04,1945124,tonnes,portwatch,2025-04-30,,2026-09-26,estimated,0
shipping_exports,pt,nation,2025-04,1944997,tonnes,portwatch,2025-04-30,,2026-10-06T05:59:39+00:00,estimated,1
shipping_exports,pt,nation,2025-05,2238625,tonnes,portwatch,2025-05-31,,2026-09-26,estimated,0
shipping_exports,pt,nation,2025-05,2238148,tonnes,portwatch,2025-05-31,,2026-10-06T05:59:39+00:00,estimated,1
shipping_exports,pt,nation,2025-06,2197505,tonnes,portwatch,2025-06-30,,2026-09-26,estimated,0
shipping_exports,pt,nation,2025-06,2197526,tonnes,portwatch,2025-06-30,,2026-10-06T05:59:39+00:00,estimated,1
shipping_exports,pt,nation,2025-07,1980970,tonnes,portwatch,2025-07-31,,2026-09-26,estimated,0
shipping_exports,pt,nation,2025-07,1980477,tonnes,portwatch,2025-07-31,,2026-10-06T05:59:39+00:00,estimated,1
shipping_exports,pt,nation,2025-08,1952864,tonnes,portwatch,2025-08-31,,2026-09-26,estimated,0
shipping_exports,pt,nation,2025-08,1952461,tonnes,portwatch,2025-08-31,,2026-10-06T05:59:39+00:00,estimated,1
shipping_exports,pt,nation,2025-09,1756479,tonnes,portwatch,2025-09-30,,2026-09-26,estimated,0
shipping_exports,pt,nation,2025-09,1756020,tonnes,portwatch,2025-09-30,,2026-10-06T05:59:39+00:00,estimated,1
shipping_exports,pt,nation,2025-10,1466692,tonnes,portwatch,2025-10-31,,2026-09-26,estimated,0
shipping_exports,pt,nation,2025-10,1466688,tonnes,portwatch,2025-10-31,,2026-10-06T05:59:39+00:00,estimated,1
shipping_exports,pt,nation,2025-11,1317776,tonnes,portwatch,2025-11-30,,2026-09-26,estimated,0
shipping_exports,pt,nation,2025-11,1316789,tonnes,portwatch,2025-11-30,,2026-10-06T05:59:39+00:00,estimated,1
shipping_exports,pt,nation,2025-12,1558258,tonnes,portwatch,2025-12-31,,2026-09-26,estimated,0
shipping_exports,pt,nation,2025-12,1556499,tonnes,portwatch,2025-12-31,,2026-10-06T05:59:39+00:00,estimated,1
shipping_exports,pt,nation,2026-01,1270102,tonnes,portwatch,2026-01-31,,2026-09-26,estimated,0
shipping_exports,pt,nation,2026-01,1269574,tonnes,portwatch,2026-01-31,,2026-10-06T05:59:39+00:00,estimated,1
shipping_exports,pt,nation,2026-02,1342623,tonnes,portwatch,2026-02-28,,2026-09-26,estimated,0
shipping_exports,pt,nation,2026-02,1342136,tonnes,portwatch,2026-02-28,,2026-10-06T05:59:39+00:00,estimated,1
shipping_exports,pt,nation,2026-03,2043660,tonnes,portwatch,2026-03-31,,2026-09-26,estimated,0
shipping_exports,pt,nation,2026-03,2042485,tonnes,portwatch,2026-03-31,,2026-10-06T05:59:39+00:00,estimated,1
shipping_exports,pt,nation,2026-04,1804889,tonnes,portwatch,2026-04-30,,2026-09-26,estimated,0
shipping_exports,pt,nation,2026-04,1804075,tonnes,portwatch,2026-04-30,,2026-10-06T05:59:39+00:00,estimated,1
shipping_exports,pt,nation,2026-05,1796579,tonnes,portwatch,2026-05-31,,2026-09-26,estimated,0
shipping_exports,pt,nation,2026-05,1796447,tonnes,portwatch,2026-05-31,,2026-10-06T05:59:39+00:00,estimated,1
shipping_exports,pt,nation,2026-06,1759168,tonnes,portwatch,2026-06-30,,2026-09-26,estimated,0
shipping_exports,pt,nation,2026-06,1759019,tonnes,portwatch,2026-06-30,,2026-10-06T05:59:39+00:00,estimated,1
shipping_exports,pt,nation,2026-07,1755698,tonnes,portwatch,2026-07-31,,2026-09-26,estimated,0
shipping_exports,pt,nation,2026-07,1755446,tonnes,portwatch,2026-07-31,,2026-10-06T05:59:39+00:00,estimated,1
shipping_exports,pt,nation,2026-08,1711098,tonnes,portwatch,2026-08-31,,2026-09-26,estimated,0
shipping_exports,pt,nation,2026-08,1709815,tonnes,portwatch,2026-08-31,,2026-10-06T05:59:39+00:00,estimated,1
shipping_exports,ru,nation,2019-01,39149605,tonnes,portwatch,2019-01-31,,2026-09-26,estimated,0
shipping_exports,ru,nation,2019-01,39149473,tonnes,portwatch,2019-01-31,,2026-10-06T05:59:39+00:00,estimated,1
shipping_exports,ru,nation,2019-02,36290742,tonnes,portwatch,2019-02-28,,2026-09-26,estimated,0
shipping_exports,ru,nation,2019-02,36290638,tonnes,portwatch,2019-02-28,,2026-10-06T05:59:39+00:00,estimated,1
shipping_exports,ru,nation,2019-03,41401164,tonnes,portwatch,2019-03-31,,2026-09-26,estimated,0
shipping_exports,ru,nation,2019-03,41401055,tonnes,portwatch,2019-03-31,,2026-10-06T05:59:39+00:00,estimated,1
shipping_exports,ru,nation,2019-04,37924541,tonnes,portwatch,2019-04-30,,2026-09-26,estimated,0
shipping_exports,ru,nation,2019-04,37924884,tonnes,portwatch,2019-04-30,,2026-10-06T05:59:39+00:00,estimated,1
shipping_exports,ru,nation,2019-05,40887107,tonnes,portwatch,2019-05-31,,2026-09-26,estimated,0
shipping_exports,ru,nation,2019-05,40887991,tonnes,portwatch,2019-05-31,,2026-10-06T05:59:39+00:00,estimated,1
shipping_exports,ru,nation,2019-06,38031577,tonnes,portwatch,2019-06-30,,2026-09-26,estimated,0
shipping_exports,ru,nation,2019-06,38031625,tonnes,portwatch,2019-06-30,,2026-10-06T05:59:39+00:00,estimated,1
shipping_exports,ru,nation,2019-07,39186910,tonnes,portwatch,2019-07-31,,2026-09-26,estimated,0
shipping_exports,ru,nation,2019-07,39187123,tonnes,portwatch,2019-07-31,,2026-10-06T05:59:39+00:00,estimated,1
shipping_exports,ru,nation,2019-08,38624230,tonnes,portwatch,2019-08-31,,2026-09-26,estimated,0
shipping_exports,ru,nation,2019-08,38624716,tonnes,portwatch,2019-08-31,,2026-10-06T05:59:39+00:00,estimated,1
shipping_exports,ru,nation,2019-09,37491285,tonnes,portwatch,2019-09-30,,2026-09-26,estimated,0
shipping_exports,ru,nation,2019-09,37492186,tonnes,portwatch,2019-09-30,,2026-10-06T05:59:39+00:00,estimated,1
shipping_exports,ru,nation,2019-10,38621276,tonnes,portwatch,2019-10-31,,2026-09-26,estimated,0
shipping_exports,ru,nation,2019-10,38622041,tonnes,portwatch,2019-10-31,,2026-10-06T05:59:39+00:00,estimated,1
shipping_exports,ru,nation,2019-11,36292238,tonnes,portwatch,2019-11-30,,2026-09-26,estimated,0
shipping_exports,ru,nation,2019-11,36292400,tonnes,portwatch,2019-11-30,,2026-10-06T05:59:39+00:00,estimated,1
shipping_exports,ru,nation,2019-12,39263491,tonnes,portwatch,2019-12-31,,2026-09-26,estimated,0
shipping_exports,ru,nation,2019-12,39261906,tonnes,portwatch,2019-12-31,,2026-10-06T05:59:39+00:00,estimated,1
shipping_exports,ru,nation,2020-01,39843055,tonnes,portwatch,2020-01-31,,2026-09-26,estimated,0
shipping_exports,ru,nation,2020-01,39843106,tonnes,portwatch,2020-01-31,,2026-10-06T05:59:39+00:00,estimated,1
shipping_exports,ru,nation,2020-02,38725850,tonnes,portwatch,2020-02-29,,2026-09-26,estimated,0
shipping_exports,ru,nation,2020-02,38725604,tonnes,portwatch,2020-02-29,,2026-10-06T05:59:39+00:00,estimated,1
shipping_exports,ru,nation,2020-03,42718386,tonnes,portwatch,2020-03-31,,2026-09-26,estimated,0
shipping_exports,ru,nation,2020-03,42718398,tonnes,portwatch,2020-03-31,,2026-10-06T05:59:39+00:00,estimated,1
shipping_exports,ru,nation,2020-04,40756915,tonnes,portwatch,2020-04-30,,2026-09-26,estimated,0
shipping_exports,ru,nation,2020-04,40757086,tonnes,portwatch,2020-04-30,,2026-10-06T05:59:39+00:00,estimated,1
shipping_exports,ru,nation,2020-05,39175211,tonnes,portwatch,2020-05-31,,2026-09-26,estimated,0
shipping_exports,ru,nation,2020-05,39175527,tonnes,portwatch,2020-05-31,,2026-10-06T05:59:39+00:00,estimated,1
shipping_exports,ru,nation,2020-06,32484707,tonnes,portwatch,2020-06-30,,2026-09-26,estimated,0
shipping_exports,ru,nation,2020-06,32485350,tonnes,portwatch,2020-06-30,,2026-10-06T05:59:39+00:00,estimated,1
shipping_exports,ru,nation,2020-07,34121909,tonnes,portwatch,2020-07-31,,2026-09-26,estimated,0
shipping_exports,ru,nation,2020-07,34121584,tonnes,portwatch,2020-07-31,,2026-10-06T05:59:39+00:00,estimated,1
shipping_exports,ru,nation,2020-08,35264016,tonnes,portwatch,2020-08-31,,2026-09-26,estimated,0
shipping_exports,ru,nation,2020-08,35263848,tonnes,portwatch,2020-08-31,,2026-10-06T05:59:39+00:00,estimated,1
shipping_exports,ru,nation,2020-09,35826440,tonnes,portwatch,2020-09-30,,2026-09-26,estimated,0
shipping_exports,ru,nation,2020-09,35826428,tonnes,portwatch,2020-09-30,,2026-10-06T05:59:39+00:00,estimated,1
shipping_exports,ru,nation,2020-10,39238615,tonnes,portwatch,2020-10-31,,2026-09-26,estimated,0
shipping_exports,ru,nation,2020-10,39238499,tonnes,portwatch,2020-10-31,,2026-10-06T05:59:39+00:00,estimated,1
shipping_exports,ru,nation,2020-11,38352356,tonnes,portwatch,2020-11-30,,2026-09-26,estimated,0
shipping_exports,ru,nation,2020-11,38352451,tonnes,portwatch,2020-11-30,,2026-10-06T05:59:39+00:00,estimated,1
shipping_exports,ru,nation,2020-12,40378099,tonnes,portwatch,2020-12-31,,2026-09-26,estimated,0
shipping_exports,ru,nation,2020-12,40377632,tonnes,portwatch,2020-12-31,,2026-10-06T05:59:39+00:00,estimated,1
shipping_exports,ru,nation,2021-01,37514552,tonnes,portwatch,2021-01-31,,2026-09-26,estimated,0
shipping_exports,ru,nation,2021-01,37514003,tonnes,portwatch,2021-01-31,,2026-10-06T05:59:39+00:00,estimated,1
shipping_exports,ru,nation,2021-02,37935686,tonnes,portwatch,2021-02-28,,2026-09-26,estimated,0
shipping_exports,ru,nation,2021-02,37935386,tonnes,portwatch,2021-02-28,,2026-10-06T05:59:39+00:00,estimated,1
shipping_exports,ru,nation,2021-03,40828809,tonnes,portwatch,2021-03-31,,2026-09-26,estimated,0
shipping_exports,ru,nation,2021-03,40828772,tonnes,portwatch,2021-03-31,,2026-10-06T05:59:39+00:00,estimated,1
shipping_exports,ru,nation,2021-04,37920521,tonnes,portwatch,2021-04-30,,2026-09-26,estimated,0
shipping_exports,ru,nation,2021-04,37920397,tonnes,portwatch,2021-04-30,,2026-10-06T05:59:39+00:00,estimated,1
shipping_exports,ru,nation,2021-05,36681989,tonnes,portwatch,2021-05-31,,2026-09-26,estimated,0
shipping_exports,ru,nation,2021-05,36682236,tonnes,portwatch,2021-05-31,,2026-10-06T05:59:39+00:00,estimated,1
shipping_exports,ru,nation,2021-06,37784094,tonnes,portwatch,2021-06-30,,2026-09-26,estimated,0
shipping_exports,ru,nation,2021-06,37783839,tonnes,portwatch,2021-06-30,,2026-10-06T05:59:39+00:00,estimated,1
shipping_exports,ru,nation,2021-07,36328851,tonnes,portwatch,2021-07-31,,2026-09-26,estimated,0
shipping_exports,ru,nation,2021-07,36328823,tonnes,portwatch,2021-07-31,,2026-10-06T05:59:39+00:00,estimated,1
shipping_exports,ru,nation,2021-08,38347253,tonnes,portwatch,2021-08-31,,2026-09-26,estimated,0
shipping_exports,ru,nation,2021-08,38346984,tonnes,portwatch,2021-08-31,,2026-10-06T05:59:39+00:00,estimated,1
shipping_exports,ru,nation,2021-09,36179898,tonnes,portwatch,2021-09-30,,2026-09-26,estimated,0
shipping_exports,ru,nation,2021-09,36180553,tonnes,portwatch,2021-09-30,,2026-10-06T05:59:39+00:00,estimated,1
shipping_exports,ru,nation,2021-10,37842542,tonnes,portwatch,2021-10-31,,2026-09-26,estimated,0
shipping_exports,ru,nation,2021-10,37842914,tonnes,portwatch,2021-10-31,,2026-10-06T05:59:39+00:00,estimated,1
shipping_exports,ru,nation,2021-11,34658979,tonnes,portwatch,2021-11-30,,2026-09-26,estimated,0
shipping_exports,ru,nation,2021-11,34659357,tonnes,portwatch,2021-11-30,,2026-10-06T05:59:39+00:00,estimated,1
shipping_exports,ru,nation,2021-12,37930493,tonnes,portwatch,2021-12-31,,2026-09-26,estimated,0
shipping_exports,ru,nation,2021-12,37930273,tonnes,portwatch,2021-12-31,,2026-10-06T05:59:39+00:00,estimated,1
shipping_exports,ru,nation,2022-01,35689467,tonnes,portwatch,2022-01-31,,2026-09-26,estimated,0
shipping_exports,ru,nation,2022-01,35690044,tonnes,portwatch,2022-01-31,,2026-10-06T05:59:39+00:00,estimated,1
shipping_exports,ru,nation,2022-02,39171970,tonnes,portwatch,2022-02-28,,2026-09-26,estimated,0
shipping_exports,ru,nation,2022-02,39171939,tonnes,portwatch,2022-02-28,,2026-10-06T05:59:39+00:00,estimated,1
shipping_exports,ru,nation,2022-03,34575850,tonnes,portwatch,2022-03-31,,2026-09-26,estimated,0
shipping_exports,ru,nation,2022-03,34575779,tonnes,portwatch,2022-03-31,,2026-10-06T05:59:39+00:00,estimated,1
shipping_exports,ru,nation,2022-04,39982745,tonnes,portwatch,2022-04-30,,2026-09-26,estimated,0
shipping_exports,ru,nation,2022-04,39982437,tonnes,portwatch,2022-04-30,,2026-10-06T05:59:39+00:00,estimated,1
shipping_exports,ru,nation,2022-05,38943034,tonnes,portwatch,2022-05-31,,2026-09-26,estimated,0
shipping_exports,ru,nation,2022-05,38942829,tonnes,portwatch,2022-05-31,,2026-10-06T05:59:39+00:00,estimated,1
shipping_exports,ru,nation,2022-06,39492906,tonnes,portwatch,2022-06-30,,2026-09-26,estimated,0
shipping_exports,ru,nation,2022-06,39492839,tonnes,portwatch,2022-06-30,,2026-10-06T05:59:39+00:00,estimated,1
shipping_exports,ru,nation,2022-07,37658191,tonnes,portwatch,2022-07-31,,2026-09-26,estimated,0
shipping_exports,ru,nation,2022-07,37658509,tonnes,portwatch,2022-07-31,,2026-10-06T05:59:39+00:00,estimated,1
shipping_exports,ru,nation,2022-08,39190486,tonnes,portwatch,2022-08-31,,2026-09-26,estimated,0
shipping_exports,ru,nation,2022-08,39190295,tonnes,portwatch,2022-08-31,,2026-10-06T05:59:39+00:00,estimated,1
shipping_exports,ru,nation,2022-09,36051383,tonnes,portwatch,2022-09-30,,2026-09-26,estimated,0
shipping_exports,ru,nation,2022-09,36051265,tonnes,portwatch,2022-09-30,,2026-10-06T05:59:39+00:00,estimated,1
shipping_exports,ru,nation,2022-10,40809605,tonnes,portwatch,2022-10-31,,2026-09-26,estimated,0
shipping_exports,ru,nation,2022-10,40809212,tonnes,portwatch,2022-10-31,,2026-10-06T05:59:39+00:00,estimated,1
shipping_exports,ru,nation,2022-11,38954131,tonnes,portwatch,2022-11-30,,2026-09-26,estimated,0
shipping_exports,ru,nation,2022-11,38953810,tonnes,portwatch,2022-11-30,,2026-10-06T05:59:39+00:00,estimated,1
shipping_exports,ru,nation,2022-12,39000652,tonnes,portwatch,2022-12-31,,2026-09-26,estimated,0
shipping_exports,ru,nation,2022-12,39000613,tonnes,portwatch,2022-12-31,,2026-10-06T05:59:39+00:00,estimated,1
shipping_exports,ru,nation,2023-01,40928036,tonnes,portwatch,2023-01-31,,2026-09-26,estimated,0
shipping_exports,ru,nation,2023-01,40927420,tonnes,portwatch,2023-01-31,,2026-10-06T05:59:39+00:00,estimated,1
shipping_exports,ru,nation,2023-02,37177691,tonnes,portwatch,2023-02-28,,2026-09-26,estimated,0
shipping_exports,ru,nation,2023-02,37177677,tonnes,portwatch,2023-02-28,,2026-10-06T05:59:39+00:00,estimated,1
shipping_exports,ru,nation,2023-03,44223486,tonnes,portwatch,2023-03-31,,2026-09-26,estimated,0
shipping_exports,ru,nation,2023-03,44223112,tonnes,portwatch,2023-03-31,,2026-10-06T05:59:39+00:00,estimated,1
shipping_exports,ru,nation,2023-04,44219026,tonnes,portwatch,2023-04-30,,2026-09-26,estimated,0
shipping_exports,ru,nation,2023-04,44215224,tonnes,portwatch,2023-04-30,,2026-10-06T05:59:39+00:00,estimated,1
shipping_exports,ru,nation,2023-05,43559075,tonnes,portwatch,2023-05-31,,2026-09-26,estimated,0
shipping_exports,ru,nation,2023-05,43544841,tonnes,portwatch,2023-05-31,,2026-10-06T05:59:39+00:00,estimated,1
shipping_exports,ru,nation,2023-06,39620289,tonnes,portwatch,2023-06-30,,2026-09-26,estimated,0
shipping_exports,ru,nation,2023-06,39613016,tonnes,portwatch,2023-06-30,,2026-10-06T05:59:39+00:00,estimated,1
shipping_exports,ru,nation,2023-07,38486724,tonnes,portwatch,2023-07-31,,2026-09-26,estimated,0
shipping_exports,ru,nation,2023-07,38482377,tonnes,portwatch,2023-07-31,,2026-10-06T05:59:39+00:00,estimated,1
shipping_exports,ru,nation,2023-08,38154840,tonnes,portwatch,2023-08-31,,2026-09-26,estimated,0
shipping_exports,ru,nation,2023-08,38154169,tonnes,portwatch,2023-08-31,,2026-10-06T05:59:39+00:00,estimated,1
shipping_exports,ru,nation,2023-09,39154537,tonnes,portwatch,2023-09-30,,2026-09-26,estimated,0
shipping_exports,ru,nation,2023-09,39136782,tonnes,portwatch,2023-09-30,,2026-10-06T05:59:39+00:00,estimated,1
shipping_exports,ru,nation,2023-10,38813106,tonnes,portwatch,2023-10-31,,2026-09-26,estimated,0
shipping_exports,ru,nation,2023-10,38809074,tonnes,portwatch,2023-10-31,,2026-10-06T05:59:39+00:00,estimated,1
shipping_exports,ru,nation,2023-11,35489237,tonnes,portwatch,2023-11-30,,2026-09-26,estimated,0
shipping_exports,ru,nation,2023-11,35467863,tonnes,portwatch,2023-11-30,,2026-10-06T05:59:39+00:00,estimated,1
shipping_exports,ru,nation,2023-12,38885222,tonnes,portwatch,2023-12-31,,2026-09-26,estimated,0
shipping_exports,ru,nation,2023-12,38870785,tonnes,portwatch,2023-12-31,,2026-10-06T05:59:39+00:00,estimated,1
shipping_exports,ru,nation,2024-01,38060003,tonnes,portwatch,2024-01-31,,2026-09-26,estimated,0
shipping_exports,ru,nation,2024-01,38051950,tonnes,portwatch,2024-01-31,,2026-10-06T05:59:39+00:00,estimated,1
shipping_exports,ru,nation,2024-02,36047749,tonnes,portwatch,2024-02-29,,2026-09-26,estimated,0
shipping_exports,ru,nation,2024-02,36030289,tonnes,portwatch,2024-02-29,,2026-10-06T05:59:39+00:00,estimated,1
shipping_exports,ru,nation,2024-03,38176893,tonnes,portwatch,2024-03-31,,2026-09-26,estimated,0
shipping_exports,ru,nation,2024-03,38176442,tonnes,portwatch,2024-03-31,,2026-10-06T05:59:39+00:00,estimated,1
shipping_exports,ru,nation,2024-04,37921940,tonnes,portwatch,2024-04-30,,2026-09-26,estimated,0
shipping_exports,ru,nation,2024-04,37921042,tonnes,portwatch,2024-04-30,,2026-10-06T05:59:39+00:00,estimated,1
shipping_exports,ru,nation,2024-05,38912983,tonnes,portwatch,2024-05-31,,2026-09-26,estimated,0
shipping_exports,ru,nation,2024-05,38912288,tonnes,portwatch,2024-05-31,,2026-10-06T05:59:39+00:00,estimated,1
shipping_exports,ru,nation,2024-06,34749963,tonnes,portwatch,2024-06-30,,2026-09-26,estimated,0
shipping_exports,ru,nation,2024-06,34749001,tonnes,portwatch,2024-06-30,,2026-10-06T05:59:39+00:00,estimated,1
shipping_exports,ru,nation,2024-07,33365400,tonnes,portwatch,2024-07-31,,2026-09-26,estimated,0
shipping_exports,ru,nation,2024-07,33365050,tonnes,portwatch,2024-07-31,,2026-10-06T05:59:39+00:00,estimated,1
shipping_exports,ru,nation,2024-08,32568313,tonnes,portwatch,2024-08-31,,2026-09-26,estimated,0
shipping_exports,ru,nation,2024-08,32567079,tonnes,portwatch,2024-08-31,,2026-10-06T05:59:39+00:00,estimated,1
shipping_exports,ru,nation,2024-09,33102514,tonnes,portwatch,2024-09-30,,2026-09-26,estimated,0
shipping_exports,ru,nation,2024-09,33102026,tonnes,portwatch,2024-09-30,,2026-10-06T05:59:39+00:00,estimated,1
shipping_exports,ru,nation,2024-10,34779257,tonnes,portwatch,2024-10-31,,2026-09-26,estimated,0
shipping_exports,ru,nation,2024-10,34771107,tonnes,portwatch,2024-10-31,,2026-10-06T05:59:39+00:00,estimated,1
shipping_exports,ru,nation,2024-11,30068796,tonnes,portwatch,2024-11-30,,2026-09-26,estimated,0
shipping_exports,ru,nation,2024-11,30060858,tonnes,portwatch,2024-11-30,,2026-10-06T05:59:39+00:00,estimated,1
shipping_exports,ru,nation,2024-12,31797794,tonnes,portwatch,2024-12-31,,2026-09-26,estimated,0
shipping_exports,ru,nation,2024-12,31783643,tonnes,portwatch,2024-12-31,,2026-10-06T05:59:39+00:00,estimated,1
shipping_exports,ru,nation,2025-01,31945447,tonnes,portwatch,2025-01-31,,2026-09-26,estimated,0
shipping_exports,ru,nation,2025-01,31938164,tonnes,portwatch,2025-01-31,,2026-10-06T05:59:39+00:00,estimated,1
shipping_exports,ru,nation,2025-02,27018145,tonnes,portwatch,2025-02-28,,2026-09-26,estimated,0
shipping_exports,ru,nation,2025-02,27007525,tonnes,portwatch,2025-02-28,,2026-10-06T05:59:39+00:00,estimated,1
shipping_exports,ru,nation,2025-03,31136136,tonnes,portwatch,2025-03-31,,2026-09-26,estimated,0
shipping_exports,ru,nation,2025-03,31124725,tonnes,portwatch,2025-03-31,,2026-10-06T05:59:39+00:00,estimated,1
shipping_exports,ru,nation,2025-04,29191695,tonnes,portwatch,2025-04-30,,2026-09-26,estimated,0
shipping_exports,ru,nation,2025-04,29181645,tonnes,portwatch,2025-04-30,,2026-10-06T05:59:39+00:00,estimated,1
shipping_exports,ru,nation,2025-05,30728112,tonnes,portwatch,2025-05-31,,2026-09-26,estimated,0
shipping_exports,ru,nation,2025-05,30717027,tonnes,portwatch,2025-05-31,,2026-10-06T05:59:39+00:00,estimated,1
shipping_exports,ru,nation,2025-06,29353747,tonnes,portwatch,2025-06-30,,2026-09-26,estimated,0
shipping_exports,ru,nation,2025-06,29351146,tonnes,portwatch,2025-06-30,,2026-10-06T05:59:39+00:00,estimated,1
shipping_exports,ru,nation,2025-07,32674127,tonnes,portwatch,2025-07-31,,2026-09-26,estimated,0
shipping_exports,ru,nation,2025-07,32670600,tonnes,portwatch,2025-07-31,,2026-10-06T05:59:39+00:00,estimated,1
shipping_exports,ru,nation,2025-08,33779427,tonnes,portwatch,2025-08-31,,2026-09-26,estimated,0
shipping_exports,ru,nation,2025-08,33759746,tonnes,portwatch,2025-08-31,,2026-10-06T05:59:39+00:00,estimated,1
shipping_exports,ru,nation,2025-09,31439314,tonnes,portwatch,2025-09-30,,2026-09-26,estimated,0
shipping_exports,ru,nation,2025-09,31426276,tonnes,portwatch,2025-09-30,,2026-10-06T05:59:39+00:00,estimated,1
shipping_exports,ru,nation,2025-10,34761541,tonnes,portwatch,2025-10-31,,2026-09-26,estimated,0
shipping_exports,ru,nation,2025-10,34745728,tonnes,portwatch,2025-10-31,,2026-10-06T05:59:39+00:00,estimated,1
shipping_exports,ru,nation,2025-11,30897931,tonnes,portwatch,2025-11-30,,2026-09-26,estimated,0
shipping_exports,ru,nation,2025-11,30877913,tonnes,portwatch,2025-11-30,,2026-10-06T05:59:39+00:00,estimated,1
shipping_exports,ru,nation,2025-12,29850021,tonnes,portwatch,2025-12-31,,2026-09-26,estimated,0
shipping_exports,ru,nation,2025-12,29837802,tonnes,portwatch,2025-12-31,,2026-10-06T05:59:39+00:00,estimated,1
shipping_exports,ru,nation,2026-01,26471278,tonnes,portwatch,2026-01-31,,2026-09-26,estimated,0
shipping_exports,ru,nation,2026-01,26456603,tonnes,portwatch,2026-01-31,,2026-10-06T05:59:39+00:00,estimated,1
shipping_exports,ru,nation,2026-02,24372292,tonnes,portwatch,2026-02-28,,2026-09-26,estimated,0
shipping_exports,ru,nation,2026-02,24350696,tonnes,portwatch,2026-02-28,,2026-10-06T05:59:39+00:00,estimated,1
shipping_exports,ru,nation,2026-03,30948911,tonnes,portwatch,2026-03-31,,2026-09-26,estimated,0
shipping_exports,ru,nation,2026-03,30942090,tonnes,portwatch,2026-03-31,,2026-10-06T05:59:39+00:00,estimated,1
shipping_exports,ru,nation,2026-04,29477527,tonnes,portwatch,2026-04-30,,2026-09-26,estimated,0
shipping_exports,ru,nation,2026-04,29471731,tonnes,portwatch,2026-04-30,,2026-10-06T05:59:39+00:00,estimated,1
shipping_exports,ru,nation,2026-05,34029891,tonnes,portwatch,2026-05-31,,2026-09-26,estimated,0
shipping_exports,ru,nation,2026-05,34029847,tonnes,portwatch,2026-05-31,,2026-10-06T05:59:39+00:00,estimated,1
shipping_exports,ru,nation,2026-06,32466127,tonnes,portwatch,2026-06-30,,2026-09-26,estimated,0
shipping_exports,ru,nation,2026-06,32485860,tonnes,portwatch,2026-06-30,,2026-10-06T05:59:39+00:00,estimated,1
shipping_exports,ru,nation,2026-07,31091642,tonnes,portwatch,2026-07-31,,2026-09-26,estimated,0
shipping_exports,ru,nation,2026-07,31042927,tonnes,portwatch,2026-07-31,,2026-10-06T05:59:39+00:00,estimated,1
shipping_exports,ru,nation,2026-08,26344957,tonnes,portwatch,2026-08-31,,2026-09-26,estimated,0
shipping_exports,ru,nation,2026-08,26506102,tonnes,portwatch,2026-08-31,,2026-10-06T05:59:39+00:00,estimated,1
shipping_exports,sa,nation,2019-01,23598077,tonnes,portwatch,2019-01-31,,2026-09-26,estimated,0
shipping_exports,sa,nation,2019-01,23598996,tonnes,portwatch,2019-01-31,,2026-10-06T05:59:40+00:00,estimated,1
shipping_exports,sa,nation,2019-02,22270351,tonnes,portwatch,2019-02-28,,2026-09-26,estimated,0
shipping_exports,sa,nation,2019-02,22270165,tonnes,portwatch,2019-02-28,,2026-10-06T05:59:40+00:00,estimated,1
shipping_exports,sa,nation,2019-03,23272351,tonnes,portwatch,2019-03-31,,2026-09-26,estimated,0
shipping_exports,sa,nation,2019-03,23273041,tonnes,portwatch,2019-03-31,,2026-10-06T05:59:40+00:00,estimated,1
shipping_exports,sa,nation,2019-04,27954212,tonnes,portwatch,2019-04-30,,2026-09-26,estimated,0
shipping_exports,sa,nation,2019-04,27953885,tonnes,portwatch,2019-04-30,,2026-10-06T05:59:40+00:00,estimated,1
shipping_exports,sa,nation,2019-05,33674352,tonnes,portwatch,2019-05-31,,2026-09-26,estimated,0
shipping_exports,sa,nation,2019-05,33673997,tonnes,portwatch,2019-05-31,,2026-10-06T05:59:40+00:00,estimated,1
shipping_exports,sa,nation,2019-06,34630729,tonnes,portwatch,2019-06-30,,2026-09-26,estimated,0
shipping_exports,sa,nation,2019-06,34633159,tonnes,portwatch,2019-06-30,,2026-10-06T05:59:40+00:00,estimated,1
shipping_exports,sa,nation,2019-07,36762462,tonnes,portwatch,2019-07-31,,2026-09-26,estimated,0
shipping_exports,sa,nation,2019-07,36763653,tonnes,portwatch,2019-07-31,,2026-10-06T05:59:40+00:00,estimated,1
shipping_exports,sa,nation,2019-08,37474109,tonnes,portwatch,2019-08-31,,2026-09-26,estimated,0
shipping_exports,sa,nation,2019-08,37473895,tonnes,portwatch,2019-08-31,,2026-10-06T05:59:40+00:00,estimated,1
shipping_exports,sa,nation,2019-09,34800785,tonnes,portwatch,2019-09-30,,2026-09-26,estimated,0
shipping_exports,sa,nation,2019-09,34800702,tonnes,portwatch,2019-09-30,,2026-10-06T05:59:40+00:00,estimated,1
shipping_exports,sa,nation,2019-10,35957871,tonnes,portwatch,2019-10-31,,2026-09-26,estimated,0
shipping_exports,sa,nation,2019-10,35957798,tonnes,portwatch,2019-10-31,,2026-10-06T05:59:40+00:00,estimated,1
shipping_exports,sa,nation,2019-11,24226292,tonnes,portwatch,2019-11-30,,2026-09-26,estimated,0
shipping_exports,sa,nation,2019-11,24226291,tonnes,portwatch,2019-11-30,,2026-10-06T05:59:40+00:00,estimated,1
shipping_exports,sa,nation,2019-12,22924582,tonnes,portwatch,2019-12-31,,2026-09-26,estimated,0
shipping_exports,sa,nation,2019-12,22925373,tonnes,portwatch,2019-12-31,,2026-10-06T05:59:40+00:00,estimated,1
shipping_exports,sa,nation,2020-01,21853585,tonnes,portwatch,2020-01-31,,2026-09-26,estimated,0
shipping_exports,sa,nation,2020-01,21853493,tonnes,portwatch,2020-01-31,,2026-10-06T05:59:40+00:00,estimated,1
shipping_exports,sa,nation,2020-02,22481047,tonnes,portwatch,2020-02-29,,2026-09-26,estimated,0
shipping_exports,sa,nation,2020-02,22481183,tonnes,portwatch,2020-02-29,,2026-10-06T05:59:40+00:00,estimated,1
shipping_exports,sa,nation,2020-03,28559122,tonnes,portwatch,2020-03-31,,2026-09-26,estimated,0
shipping_exports,sa,nation,2020-03,28560051,tonnes,portwatch,2020-03-31,,2026-10-06T05:59:40+00:00,estimated,1
shipping_exports,sa,nation,2020-04,40891574,tonnes,portwatch,2020-04-30,,2026-09-26,estimated,0
shipping_exports,sa,nation,2020-04,40891516,tonnes,portwatch,2020-04-30,,2026-10-06T05:59:40+00:00,estimated,1
shipping_exports,sa,nation,2020-05,34646829,tonnes,portwatch,2020-05-31,,2026-09-26,estimated,0
shipping_exports,sa,nation,2020-05,34647895,tonnes,portwatch,2020-05-31,,2026-10-06T05:59:40+00:00,estimated,1
shipping_exports,sa,nation,2020-06,33325178,tonnes,portwatch,2020-06-30,,2026-09-26,estimated,0
shipping_exports,sa,nation,2020-06,33326299,tonnes,portwatch,2020-06-30,,2026-10-06T05:59:40+00:00,estimated,1
shipping_exports,sa,nation,2020-07,31294023,tonnes,portwatch,2020-07-31,,2026-09-26,estimated,0
shipping_exports,sa,nation,2020-07,31293828,tonnes,portwatch,2020-07-31,,2026-10-06T05:59:40+00:00,estimated,1
shipping_exports,sa,nation,2020-08,34623687,tonnes,portwatch,2020-08-31,,2026-09-26,estimated,0
shipping_exports,sa,nation,2020-08,34623580,tonnes,portwatch,2020-08-31,,2026-10-06T05:59:40+00:00,estimated,1
shipping_exports,sa,nation,2020-09,34354630,tonnes,portwatch,2020-09-30,,2026-09-26,estimated,0
shipping_exports,sa,nation,2020-09,34354507,tonnes,portwatch,2020-09-30,,2026-10-06T05:59:40+00:00,estimated,1
shipping_exports,sa,nation,2020-10,32580410,tonnes,portwatch,2020-10-31,,2026-09-26,estimated,0
shipping_exports,sa,nation,2020-10,32580306,tonnes,portwatch,2020-10-31,,2026-10-06T05:59:40+00:00,estimated,1
shipping_exports,sa,nation,2020-11,21172122,tonnes,portwatch,2020-11-30,,2026-09-26,estimated,0
shipping_exports,sa,nation,2020-11,21173221,tonnes,portwatch,2020-11-30,,2026-10-06T05:59:40+00:00,estimated,1
shipping_exports,sa,nation,2020-12,19766790,tonnes,portwatch,2020-12-31,,2026-09-26,estimated,0
shipping_exports,sa,nation,2020-12,19766363,tonnes,portwatch,2020-12-31,,2026-10-06T05:59:40+00:00,estimated,1
shipping_exports,sa,nation,2021-01,21703671,tonnes,portwatch,2021-01-31,,2026-09-26,estimated,0
shipping_exports,sa,nation,2021-01,21703465,tonnes,portwatch,2021-01-31,,2026-10-06T05:59:40+00:00,estimated,1
shipping_exports,sa,nation,2021-02,22747057,tonnes,portwatch,2021-02-28,,2026-09-26,estimated,0
shipping_exports,sa,nation,2021-02,22749124,tonnes,portwatch,2021-02-28,,2026-10-06T05:59:40+00:00,estimated,1
shipping_exports,sa,nation,2021-03,33849747,tonnes,portwatch,2021-03-31,,2026-09-26,estimated,0
shipping_exports,sa,nation,2021-03,33849621,tonnes,portwatch,2021-03-31,,2026-10-06T05:59:40+00:00,estimated,1
shipping_exports,sa,nation,2021-04,34045805,tonnes,portwatch,2021-04-30,,2026-09-26,estimated,0
shipping_exports,sa,nation,2021-04,34045791,tonnes,portwatch,2021-04-30,,2026-10-06T05:59:40+00:00,estimated,1
shipping_exports,sa,nation,2021-05,36296973,tonnes,portwatch,2021-05-31,,2026-09-26,estimated,0
shipping_exports,sa,nation,2021-05,36301693,tonnes,portwatch,2021-05-31,,2026-10-06T05:59:40+00:00,estimated,1
shipping_exports,sa,nation,2021-06,36365214,tonnes,portwatch,2021-06-30,,2026-09-26,estimated,0
shipping_exports,sa,nation,2021-06,36365120,tonnes,portwatch,2021-06-30,,2026-10-06T05:59:40+00:00,estimated,1
shipping_exports,sa,nation,2021-07,40052582,tonnes,portwatch,2021-07-31,,2026-09-26,estimated,0
shipping_exports,sa,nation,2021-07,40052460,tonnes,portwatch,2021-07-31,,2026-10-06T05:59:40+00:00,estimated,1
shipping_exports,sa,nation,2021-08,39237030,tonnes,portwatch,2021-08-31,,2026-09-26,estimated,0
shipping_exports,sa,nation,2021-08,39236965,tonnes,portwatch,2021-08-31,,2026-10-06T05:59:40+00:00,estimated,1
shipping_exports,sa,nation,2021-09,40129261,tonnes,portwatch,2021-09-30,,2026-09-26,estimated,0
shipping_exports,sa,nation,2021-09,40129080,tonnes,portwatch,2021-09-30,,2026-10-06T05:59:40+00:00,estimated,1
shipping_exports,sa,nation,2021-10,39169826,tonnes,portwatch,2021-10-31,,2026-09-26,estimated,0
shipping_exports,sa,nation,2021-10,39169702,tonnes,portwatch,2021-10-31,,2026-10-06T05:59:40+00:00,estimated,1
shipping_exports,sa,nation,2021-11,31037086,tonnes,portwatch,2021-11-30,,2026-09-26,estimated,0
shipping_exports,sa,nation,2021-11,31037094,tonnes,portwatch,2021-11-30,,2026-10-06T05:59:40+00:00,estimated,1
shipping_exports,sa,nation,2021-12,31701380,tonnes,portwatch,2021-12-31,,2026-09-26,estimated,0
shipping_exports,sa,nation,2021-12,31701073,tonnes,portwatch,2021-12-31,,2026-10-06T05:59:40+00:00,estimated,1
shipping_exports,sa,nation,2022-01,31337124,tonnes,portwatch,2022-01-31,,2026-09-26,estimated,0
shipping_exports,sa,nation,2022-01,31338290,tonnes,portwatch,2022-01-31,,2026-10-06T05:59:40+00:00,estimated,1
shipping_exports,sa,nation,2022-02,32805715,tonnes,portwatch,2022-02-28,,2026-09-26,estimated,0
shipping_exports,sa,nation,2022-02,32805746,tonnes,portwatch,2022-02-28,,2026-10-06T05:59:40+00:00,estimated,1
shipping_exports,sa,nation,2022-03,32919486,tonnes,portwatch,2022-03-31,,2026-09-26,estimated,0
shipping_exports,sa,nation,2022-03,32919492,tonnes,portwatch,2022-03-31,,2026-10-06T05:59:40+00:00,estimated,1
shipping_exports,sa,nation,2022-04,38247368,tonnes,portwatch,2022-04-30,,2026-09-26,estimated,0
shipping_exports,sa,nation,2022-04,38248528,tonnes,portwatch,2022-04-30,,2026-10-06T05:59:40+00:00,estimated,1
shipping_exports,sa,nation,2022-05,38725888,tonnes,portwatch,2022-05-31,,2026-09-26,estimated,0
shipping_exports,sa,nation,2022-05,38725974,tonnes,portwatch,2022-05-31,,2026-10-06T05:59:40+00:00,estimated,1
shipping_exports,sa,nation,2022-06,37660735,tonnes,portwatch,2022-06-30,,2026-09-26,estimated,0
shipping_exports,sa,nation,2022-06,37660680,tonnes,portwatch,2022-06-30,,2026-10-06T05:59:40+00:00,estimated,1
shipping_exports,sa,nation,2022-07,41285358,tonnes,portwatch,2022-07-31,,2026-09-26,estimated,0
shipping_exports,sa,nation,2022-07,41285169,tonnes,portwatch,2022-07-31,,2026-10-06T05:59:40+00:00,estimated,1
shipping_exports,sa,nation,2022-08,43642405,tonnes,portwatch,2022-08-31,,2026-09-26,estimated,0
shipping_exports,sa,nation,2022-08,43644828,tonnes,portwatch,2022-08-31,,2026-10-06T05:59:40+00:00,estimated,1
shipping_exports,sa,nation,2022-09,39290502,tonnes,portwatch,2022-09-30,,2026-09-26,estimated,0
shipping_exports,sa,nation,2022-09,39290335,tonnes,portwatch,2022-09-30,,2026-10-06T05:59:40+00:00,estimated,1
shipping_exports,sa,nation,2022-10,36049121,tonnes,portwatch,2022-10-31,,2026-09-26,estimated,0
shipping_exports,sa,nation,2022-10,36049074,tonnes,portwatch,2022-10-31,,2026-10-06T05:59:40+00:00,estimated,1
shipping_exports,sa,nation,2022-11,28000122,tonnes,portwatch,2022-11-30,,2026-09-26,estimated,0
shipping_exports,sa,nation,2022-11,28000067,tonnes,portwatch,2022-11-30,,2026-10-06T05:59:40+00:00,estimated,1
shipping_exports,sa,nation,2022-12,24413883,tonnes,portwatch,2022-12-31,,2026-09-26,estimated,0
shipping_exports,sa,nation,2022-12,24413601,tonnes,portwatch,2022-12-31,,2026-10-06T05:59:40+00:00,estimated,1
shipping_exports,sa,nation,2023-01,23361492,tonnes,portwatch,2023-01-31,,2026-09-26,estimated,0
shipping_exports,sa,nation,2023-01,23361095,tonnes,portwatch,2023-01-31,,2026-10-06T05:59:40+00:00,estimated,1
shipping_exports,sa,nation,2023-02,28999919,tonnes,portwatch,2023-02-28,,2026-09-26,estimated,0
shipping_exports,sa,nation,2023-02,28999677,tonnes,portwatch,2023-02-28,,2026-10-06T05:59:40+00:00,estimated,1
shipping_exports,sa,nation,2023-03,34698175,tonnes,portwatch,2023-03-31,,2026-09-26,estimated,0
shipping_exports,sa,nation,2023-03,34697906,tonnes,portwatch,2023-03-31,,2026-10-06T05:59:40+00:00,estimated,1
shipping_exports,sa,nation,2023-04,36863203,tonnes,portwatch,2023-04-30,,2026-09-26,estimated,0
shipping_exports,sa,nation,2023-04,36862872,tonnes,portwatch,2023-04-30,,2026-10-06T05:59:40+00:00,estimated,1
shipping_exports,sa,nation,2023-05,34017436,tonnes,portwatch,2023-05-31,,2026-09-26,estimated,0
shipping_exports,sa,nation,2023-05,34017378,tonnes,portwatch,2023-05-31,,2026-10-06T05:59:40+00:00,estimated,1
shipping_exports,sa,nation,2023-06,30241268,tonnes,portwatch,2023-06-30,,2026-09-26,estimated,0
shipping_exports,sa,nation,2023-06,30241331,tonnes,portwatch,2023-06-30,,2026-10-06T05:59:40+00:00,estimated,1
shipping_exports,sa,nation,2023-07,33837157,tonnes,portwatch,2023-07-31,,2026-09-26,estimated,0
shipping_exports,sa,nation,2023-07,33836826,tonnes,portwatch,2023-07-31,,2026-10-06T05:59:40+00:00,estimated,1
shipping_exports,sa,nation,2023-08,32328607,tonnes,portwatch,2023-08-31,,2026-09-26,estimated,0
shipping_exports,sa,nation,2023-08,32328626,tonnes,portwatch,2023-08-31,,2026-10-06T05:59:40+00:00,estimated,1
shipping_exports,sa,nation,2023-09,33988780,tonnes,portwatch,2023-09-30,,2026-09-26,estimated,0
shipping_exports,sa,nation,2023-09,33988712,tonnes,portwatch,2023-09-30,,2026-10-06T05:59:40+00:00,estimated,1
shipping_exports,sa,nation,2023-10,27560226,tonnes,portwatch,2023-10-31,,2026-09-26,estimated,0
shipping_exports,sa,nation,2023-10,27560064,tonnes,portwatch,2023-10-31,,2026-10-06T05:59:40+00:00,estimated,1
shipping_exports,sa,nation,2023-11,18315117,tonnes,portwatch,2023-11-30,,2026-09-26,estimated,0
shipping_exports,sa,nation,2023-11,18315002,tonnes,portwatch,2023-11-30,,2026-10-06T05:59:40+00:00,estimated,1
shipping_exports,sa,nation,2023-12,20203121,tonnes,portwatch,2023-12-31,,2026-09-26,estimated,0
shipping_exports,sa,nation,2023-12,20202992,tonnes,portwatch,2023-12-31,,2026-10-06T05:59:40+00:00,estimated,1
shipping_exports,sa,nation,2024-01,22007494,tonnes,portwatch,2024-01-31,,2026-09-26,estimated,0
shipping_exports,sa,nation,2024-01,22007135,tonnes,portwatch,2024-01-31,,2026-10-06T05:59:40+00:00,estimated,1
shipping_exports,sa,nation,2024-02,19391285,tonnes,portwatch,2024-02-29,,2026-09-26,estimated,0
shipping_exports,sa,nation,2024-02,19391139,tonnes,portwatch,2024-02-29,,2026-10-06T05:59:40+00:00,estimated,1
shipping_exports,sa,nation,2024-03,33714109,tonnes,portwatch,2024-03-31,,2026-09-26,estimated,0
shipping_exports,sa,nation,2024-03,33713796,tonnes,portwatch,2024-03-31,,2026-10-06T05:59:40+00:00,estimated,1
shipping_exports,sa,nation,2024-04,29796225,tonnes,portwatch,2024-04-30,,2026-09-26,estimated,0
shipping_exports,sa,nation,2024-04,29796236,tonnes,portwatch,2024-04-30,,2026-10-06T05:59:40+00:00,estimated,1
shipping_exports,sa,nation,2024-05,32483136,tonnes,portwatch,2024-05-31,,2026-09-26,estimated,0
shipping_exports,sa,nation,2024-05,32483317,tonnes,portwatch,2024-05-31,,2026-10-06T05:59:40+00:00,estimated,1
shipping_exports,sa,nation,2024-06,29557350,tonnes,portwatch,2024-06-30,,2026-09-26,estimated,0
shipping_exports,sa,nation,2024-06,29557412,tonnes,portwatch,2024-06-30,,2026-10-06T05:59:40+00:00,estimated,1
shipping_exports,sa,nation,2024-07,29213066,tonnes,portwatch,2024-07-31,,2026-09-26,estimated,0
shipping_exports,sa,nation,2024-07,29213101,tonnes,portwatch,2024-07-31,,2026-10-06T05:59:40+00:00,estimated,1
shipping_exports,sa,nation,2024-08,32095333,tonnes,portwatch,2024-08-31,,2026-09-26,estimated,0
shipping_exports,sa,nation,2024-08,32095483,tonnes,portwatch,2024-08-31,,2026-10-06T05:59:40+00:00,estimated,1
shipping_exports,sa,nation,2024-09,29674009,tonnes,portwatch,2024-09-30,,2026-09-26,estimated,0
shipping_exports,sa,nation,2024-09,29674119,tonnes,portwatch,2024-09-30,,2026-10-06T05:59:40+00:00,estimated,1
shipping_exports,sa,nation,2024-10,31093125,tonnes,portwatch,2024-10-31,,2026-09-26,estimated,0
shipping_exports,sa,nation,2024-10,31092989,tonnes,portwatch,2024-10-31,,2026-10-06T05:59:40+00:00,estimated,1
shipping_exports,sa,nation,2024-11,28214481,tonnes,portwatch,2024-11-30,,2026-09-26,estimated,0
shipping_exports,sa,nation,2024-11,28214567,tonnes,portwatch,2024-11-30,,2026-10-06T05:59:40+00:00,estimated,1
shipping_exports,sa,nation,2024-12,32744438,tonnes,portwatch,2024-12-31,,2026-09-26,estimated,0
shipping_exports,sa,nation,2024-12,32744108,tonnes,portwatch,2024-12-31,,2026-10-06T05:59:40+00:00,estimated,1
shipping_exports,sa,nation,2025-01,28146516,tonnes,portwatch,2025-01-31,,2026-09-26,estimated,0
shipping_exports,sa,nation,2025-01,28146276,tonnes,portwatch,2025-01-31,,2026-10-06T05:59:40+00:00,estimated,1
shipping_exports,sa,nation,2025-02,27376774,tonnes,portwatch,2025-02-28,,2026-09-26,estimated,0
shipping_exports,sa,nation,2025-02,27376630,tonnes,portwatch,2025-02-28,,2026-10-06T05:59:40+00:00,estimated,1
shipping_exports,sa,nation,2025-03,28606127,tonnes,portwatch,2025-03-31,,2026-09-26,estimated,0
shipping_exports,sa,nation,2025-03,28606035,tonnes,portwatch,2025-03-31,,2026-10-06T05:59:40+00:00,estimated,1
shipping_exports,sa,nation,2025-04,30976138,tonnes,portwatch,2025-04-30,,2026-09-26,estimated,0
shipping_exports,sa,nation,2025-04,30976026,tonnes,portwatch,2025-04-30,,2026-10-06T05:59:40+00:00,estimated,1
shipping_exports,sa,nation,2025-05,24440927,tonnes,portwatch,2025-05-31,,2026-09-26,estimated,0
shipping_exports,sa,nation,2025-05,24440847,tonnes,portwatch,2025-05-31,,2026-10-06T05:59:40+00:00,estimated,1
shipping_exports,sa,nation,2025-06,21201663,tonnes,portwatch,2025-06-30,,2026-09-26,estimated,0
shipping_exports,sa,nation,2025-06,21201555,tonnes,portwatch,2025-06-30,,2026-10-06T05:59:40+00:00,estimated,1
shipping_exports,sa,nation,2025-07,27581655,tonnes,portwatch,2025-07-31,,2026-09-26,estimated,0
shipping_exports,sa,nation,2025-07,27577860,tonnes,portwatch,2025-07-31,,2026-10-06T05:59:40+00:00,estimated,1
shipping_exports,sa,nation,2025-08,33242350,tonnes,portwatch,2025-08-31,,2026-09-26,estimated,0
shipping_exports,sa,nation,2025-08,33242430,tonnes,portwatch,2025-08-31,,2026-10-06T05:59:40+00:00,estimated,1
shipping_exports,sa,nation,2025-09,30652778,tonnes,portwatch,2025-09-30,,2026-09-26,estimated,0
shipping_exports,sa,nation,2025-09,30652578,tonnes,portwatch,2025-09-30,,2026-10-06T05:59:40+00:00,estimated,1
shipping_exports,sa,nation,2025-10,33878324,tonnes,portwatch,2025-10-31,,2026-09-26,estimated,0
shipping_exports,sa,nation,2025-10,33796830,tonnes,portwatch,2025-10-31,,2026-10-06T05:59:40+00:00,estimated,1
shipping_exports,sa,nation,2025-11,29768985,tonnes,portwatch,2025-11-30,,2026-09-26,estimated,0
shipping_exports,sa,nation,2025-11,29761578,tonnes,portwatch,2025-11-30,,2026-10-06T05:59:40+00:00,estimated,1
shipping_exports,sa,nation,2025-12,27392075,tonnes,portwatch,2025-12-31,,2026-09-26,estimated,0
shipping_exports,sa,nation,2025-12,27388230,tonnes,portwatch,2025-12-31,,2026-10-06T05:59:40+00:00,estimated,1
shipping_exports,sa,nation,2026-01,30007497,tonnes,portwatch,2026-01-31,,2026-09-26,estimated,0
shipping_exports,sa,nation,2026-01,30007141,tonnes,portwatch,2026-01-31,,2026-10-06T05:59:40+00:00,estimated,1
shipping_exports,sa,nation,2026-02,31433006,tonnes,portwatch,2026-02-28,,2026-09-26,estimated,0
shipping_exports,sa,nation,2026-02,31218282,tonnes,portwatch,2026-02-28,,2026-10-06T05:59:40+00:00,estimated,1
shipping_exports,sa,nation,2026-03,21388585,tonnes,portwatch,2026-03-31,,2026-09-26,estimated,0
shipping_exports,sa,nation,2026-03,21384377,tonnes,portwatch,2026-03-31,,2026-10-06T05:59:40+00:00,estimated,1
shipping_exports,sa,nation,2026-04,17485829,tonnes,portwatch,2026-04-30,,2026-09-26,estimated,0
shipping_exports,sa,nation,2026-04,17485528,tonnes,portwatch,2026-04-30,,2026-10-06T05:59:40+00:00,estimated,1
shipping_exports,sa,nation,2026-05,23832790,tonnes,portwatch,2026-05-31,,2026-09-26,estimated,0
shipping_exports,sa,nation,2026-05,23810965,tonnes,portwatch,2026-05-31,,2026-10-06T05:59:40+00:00,estimated,1
shipping_exports,sa,nation,2026-06,25713124,tonnes,portwatch,2026-06-30,,2026-09-26,estimated,0
shipping_exports,sa,nation,2026-06,25709337,tonnes,portwatch,2026-06-30,,2026-10-06T05:59:40+00:00,estimated,1
shipping_exports,sa,nation,2026-07,21734548,tonnes,portwatch,2026-07-31,,2026-09-26,estimated,0
shipping_exports,sa,nation,2026-07,21744965,tonnes,portwatch,2026-07-31,,2026-10-06T05:59:40+00:00,estimated,1
shipping_exports,sa,nation,2026-08,3480236,tonnes,portwatch,2026-08-31,,2026-09-26,estimated,0
shipping_exports,sa,nation,2026-08,3493221,tonnes,portwatch,2026-08-31,,2026-10-06T05:59:40+00:00,estimated,1
shipping_exports,se,nation,2019-01,2231978,tonnes,portwatch,2019-01-31,,2026-09-26,estimated,0
shipping_exports,se,nation,2019-01,2231033,tonnes,portwatch,2019-01-31,,2026-10-06T05:59:42+00:00,estimated,1
shipping_exports,se,nation,2019-02,2021896,tonnes,portwatch,2019-02-28,,2026-09-26,estimated,0
shipping_exports,se,nation,2019-02,2021930,tonnes,portwatch,2019-02-28,,2026-10-06T05:59:42+00:00,estimated,1
shipping_exports,se,nation,2019-03,1960958,tonnes,portwatch,2019-03-31,,2026-09-26,estimated,0
shipping_exports,se,nation,2019-03,1960849,tonnes,portwatch,2019-03-31,,2026-10-06T05:59:42+00:00,estimated,1
shipping_exports,se,nation,2019-04,2125049,tonnes,portwatch,2019-04-30,,2026-09-26,estimated,0
shipping_exports,se,nation,2019-04,2124720,tonnes,portwatch,2019-04-30,,2026-10-06T05:59:42+00:00,estimated,1
shipping_exports,se,nation,2019-05,2439474,tonnes,portwatch,2019-05-31,,2026-09-26,estimated,0
shipping_exports,se,nation,2019-05,2439479,tonnes,portwatch,2019-05-31,,2026-10-06T05:59:42+00:00,estimated,1
shipping_exports,se,nation,2019-06,2284882,tonnes,portwatch,2019-06-30,,2026-09-26,estimated,0
shipping_exports,se,nation,2019-06,2284861,tonnes,portwatch,2019-06-30,,2026-10-06T05:59:42+00:00,estimated,1
shipping_exports,se,nation,2019-07,2468714,tonnes,portwatch,2019-07-31,,2026-09-26,estimated,0
shipping_exports,se,nation,2019-07,2468709,tonnes,portwatch,2019-07-31,,2026-10-06T05:59:42+00:00,estimated,1
shipping_exports,se,nation,2019-08,2499151,tonnes,portwatch,2019-08-31,,2026-09-26,estimated,0
shipping_exports,se,nation,2019-08,2499165,tonnes,portwatch,2019-08-31,,2026-10-06T05:59:42+00:00,estimated,1
shipping_exports,se,nation,2019-09,2139088,tonnes,portwatch,2019-09-30,,2026-09-26,estimated,0
shipping_exports,se,nation,2019-09,2139191,tonnes,portwatch,2019-09-30,,2026-10-06T05:59:42+00:00,estimated,1
shipping_exports,se,nation,2019-10,1912471,tonnes,portwatch,2019-10-31,,2026-09-26,estimated,0
shipping_exports,se,nation,2019-10,1912479,tonnes,portwatch,2019-10-31,,2026-10-06T05:59:42+00:00,estimated,1
shipping_exports,se,nation,2019-11,2115225,tonnes,portwatch,2019-11-30,,2026-09-26,estimated,0
shipping_exports,se,nation,2019-11,2115263,tonnes,portwatch,2019-11-30,,2026-10-06T05:59:42+00:00,estimated,1
shipping_exports,se,nation,2019-12,2497808,tonnes,portwatch,2019-12-31,,2026-09-26,estimated,0
shipping_exports,se,nation,2019-12,2497875,tonnes,portwatch,2019-12-31,,2026-10-06T05:59:42+00:00,estimated,1
shipping_exports,se,nation,2020-01,2631773,tonnes,portwatch,2020-01-31,,2026-09-26,estimated,0
shipping_exports,se,nation,2020-01,2631833,tonnes,portwatch,2020-01-31,,2026-10-06T05:59:42+00:00,estimated,1
shipping_exports,se,nation,2020-02,2237773,tonnes,portwatch,2020-02-29,,2026-09-26,estimated,0
shipping_exports,se,nation,2020-02,2237785,tonnes,portwatch,2020-02-29,,2026-10-06T05:59:42+00:00,estimated,1
shipping_exports,se,nation,2020-03,2276921,tonnes,portwatch,2020-03-31,,2026-09-26,estimated,0
shipping_exports,se,nation,2020-03,2277151,tonnes,portwatch,2020-03-31,,2026-10-06T05:59:42+00:00,estimated,1
shipping_exports,se,nation,2020-04,2156234,tonnes,portwatch,2020-04-30,,2026-09-26,estimated,0
shipping_exports,se,nation,2020-04,2156397,tonnes,portwatch,2020-04-30,,2026-10-06T05:59:42+00:00,estimated,1
shipping_exports,se,nation,2020-05,2363371,tonnes,portwatch,2020-05-31,,2026-09-26,estimated,0
shipping_exports,se,nation,2020-05,2363332,tonnes,portwatch,2020-05-31,,2026-10-06T05:59:42+00:00,estimated,1
shipping_exports,se,nation,2020-06,2136730,tonnes,portwatch,2020-06-30,,2026-09-26,estimated,0
shipping_exports,se,nation,2020-06,2136867,tonnes,portwatch,2020-06-30,,2026-10-06T05:59:42+00:00,estimated,1
shipping_exports,se,nation,2020-07,2352491,tonnes,portwatch,2020-07-31,,2026-09-26,estimated,0
shipping_exports,se,nation,2020-07,2352498,tonnes,portwatch,2020-07-31,,2026-10-06T05:59:42+00:00,estimated,1
shipping_exports,se,nation,2020-08,2506355,tonnes,portwatch,2020-08-31,,2026-09-26,estimated,0
shipping_exports,se,nation,2020-08,2506386,tonnes,portwatch,2020-08-31,,2026-10-06T05:59:42+00:00,estimated,1
shipping_exports,se,nation,2020-09,2569232,tonnes,portwatch,2020-09-30,,2026-09-26,estimated,0
shipping_exports,se,nation,2020-09,2569340,tonnes,portwatch,2020-09-30,,2026-10-06T05:59:42+00:00,estimated,1
shipping_exports,se,nation,2020-10,2450029,tonnes,portwatch,2020-10-31,,2026-09-26,estimated,0
shipping_exports,se,nation,2020-10,2450072,tonnes,portwatch,2020-10-31,,2026-10-06T05:59:42+00:00,estimated,1
shipping_exports,se,nation,2020-11,2366821,tonnes,portwatch,2020-11-30,,2026-09-26,estimated,0
shipping_exports,se,nation,2020-11,2366853,tonnes,portwatch,2020-11-30,,2026-10-06T05:59:42+00:00,estimated,1
shipping_exports,se,nation,2020-12,2164695,tonnes,portwatch,2020-12-31,,2026-09-26,estimated,0
shipping_exports,se,nation,2020-12,2164888,tonnes,portwatch,2020-12-31,,2026-10-06T05:59:42+00:00,estimated,1
shipping_exports,se,nation,2021-01,2261801,tonnes,portwatch,2021-01-31,,2026-09-26,estimated,0
shipping_exports,se,nation,2021-01,2261796,tonnes,portwatch,2021-01-31,,2026-10-06T05:59:42+00:00,estimated,1
shipping_exports,se,nation,2021-02,2524322,tonnes,portwatch,2021-02-28,,2026-09-26,estimated,0
shipping_exports,se,nation,2021-02,2524362,tonnes,portwatch,2021-02-28,,2026-10-06T05:59:42+00:00,estimated,1
shipping_exports,se,nation,2021-03,2953246,tonnes,portwatch,2021-03-31,,2026-09-26,estimated,0
shipping_exports,se,nation,2021-03,2953330,tonnes,portwatch,2021-03-31,,2026-10-06T05:59:42+00:00,estimated,1
shipping_exports,se,nation,2021-04,2099690,tonnes,portwatch,2021-04-30,,2026-09-26,estimated,0
shipping_exports,se,nation,2021-04,2099796,tonnes,portwatch,2021-04-30,,2026-10-06T05:59:42+00:00,estimated,1
shipping_exports,se,nation,2021-05,2401704,tonnes,portwatch,2021-05-31,,2026-09-26,estimated,0
shipping_exports,se,nation,2021-05,2401817,tonnes,portwatch,2021-05-31,,2026-10-06T05:59:42+00:00,estimated,1
shipping_exports,se,nation,2021-06,2542323,tonnes,portwatch,2021-06-30,,2026-09-26,estimated,0
shipping_exports,se,nation,2021-06,2542492,tonnes,portwatch,2021-06-30,,2026-10-06T05:59:42+00:00,estimated,1
shipping_exports,se,nation,2021-07,2649966,tonnes,portwatch,2021-07-31,,2026-09-26,estimated,0
shipping_exports,se,nation,2021-07,2649996,tonnes,portwatch,2021-07-31,,2026-10-06T05:59:42+00:00,estimated,1
shipping_exports,se,nation,2021-08,2384162,tonnes,portwatch,2021-08-31,,2026-09-26,estimated,0
shipping_exports,se,nation,2021-08,2384326,tonnes,portwatch,2021-08-31,,2026-10-06T05:59:42+00:00,estimated,1
shipping_exports,se,nation,2021-09,2776190,tonnes,portwatch,2021-09-30,,2026-09-26,estimated,0
shipping_exports,se,nation,2021-09,2776263,tonnes,portwatch,2021-09-30,,2026-10-06T05:59:42+00:00,estimated,1
shipping_exports,se,nation,2021-10,2701720,tonnes,portwatch,2021-10-31,,2026-09-26,estimated,0
shipping_exports,se,nation,2021-10,2701789,tonnes,portwatch,2021-10-31,,2026-10-06T05:59:42+00:00,estimated,1
shipping_exports,se,nation,2021-11,2331836,tonnes,portwatch,2021-11-30,,2026-09-26,estimated,0
shipping_exports,se,nation,2021-11,2332009,tonnes,portwatch,2021-11-30,,2026-10-06T05:59:42+00:00,estimated,1
shipping_exports,se,nation,2021-12,2684618,tonnes,portwatch,2021-12-31,,2026-09-26,estimated,0
shipping_exports,se,nation,2021-12,2684727,tonnes,portwatch,2021-12-31,,2026-10-06T05:59:42+00:00,estimated,1
shipping_exports,se,nation,2022-01,2499057,tonnes,portwatch,2022-01-31,,2026-09-26,estimated,0
shipping_exports,se,nation,2022-01,2499210,tonnes,portwatch,2022-01-31,,2026-10-06T05:59:42+00:00,estimated,1
shipping_exports,se,nation,2022-02,2297365,tonnes,portwatch,2022-02-28,,2026-09-26,estimated,0
shipping_exports,se,nation,2022-02,2297466,tonnes,portwatch,2022-02-28,,2026-10-06T05:59:42+00:00,estimated,1
shipping_exports,se,nation,2022-03,2770290,tonnes,portwatch,2022-03-31,,2026-09-26,estimated,0
shipping_exports,se,nation,2022-03,2770392,tonnes,portwatch,2022-03-31,,2026-10-06T05:59:42+00:00,estimated,1
shipping_exports,se,nation,2022-04,2466755,tonnes,portwatch,2022-04-30,,2026-09-26,estimated,0
shipping_exports,se,nation,2022-04,2466863,tonnes,portwatch,2022-04-30,,2026-10-06T05:59:42+00:00,estimated,1
shipping_exports,se,nation,2022-05,2573322,tonnes,portwatch,2022-05-31,,2026-09-26,estimated,0
shipping_exports,se,nation,2022-05,2573393,tonnes,portwatch,2022-05-31,,2026-10-06T05:59:42+00:00,estimated,1
shipping_exports,se,nation,2022-06,2585881,tonnes,portwatch,2022-06-30,,2026-09-26,estimated,0
shipping_exports,se,nation,2022-06,2585945,tonnes,portwatch,2022-06-30,,2026-10-06T05:59:42+00:00,estimated,1
shipping_exports,se,nation,2022-07,2492922,tonnes,portwatch,2022-07-31,,2026-09-26,estimated,0
shipping_exports,se,nation,2022-07,2493151,tonnes,portwatch,2022-07-31,,2026-10-06T05:59:42+00:00,estimated,1
shipping_exports,se,nation,2022-08,2386809,tonnes,portwatch,2022-08-31,,2026-09-26,estimated,0
shipping_exports,se,nation,2022-08,2387002,tonnes,portwatch,2022-08-31,,2026-10-06T05:59:42+00:00,estimated,1
shipping_exports,se,nation,2022-09,2246125,tonnes,portwatch,2022-09-30,,2026-09-26,estimated,0
shipping_exports,se,nation,2022-09,2246314,tonnes,portwatch,2022-09-30,,2026-10-06T05:59:42+00:00,estimated,1
shipping_exports,se,nation,2022-10,2483616,tonnes,portwatch,2022-10-31,,2026-09-26,estimated,0
shipping_exports,se,nation,2022-10,2483731,tonnes,portwatch,2022-10-31,,2026-10-06T05:59:42+00:00,estimated,1
shipping_exports,se,nation,2022-11,2825900,tonnes,portwatch,2022-11-30,,2026-09-26,estimated,0
shipping_exports,se,nation,2022-11,2826039,tonnes,portwatch,2022-11-30,,2026-10-06T05:59:42+00:00,estimated,1
shipping_exports,se,nation,2022-12,2766336,tonnes,portwatch,2022-12-31,,2026-09-26,estimated,0
shipping_exports,se,nation,2022-12,2766357,tonnes,portwatch,2022-12-31,,2026-10-06T05:59:42+00:00,estimated,1
shipping_exports,se,nation,2023-01,2552536,tonnes,portwatch,2023-01-31,,2026-09-26,estimated,0
shipping_exports,se,nation,2023-01,2552574,tonnes,portwatch,2023-01-31,,2026-10-06T05:59:42+00:00,estimated,1
shipping_exports,se,nation,2023-02,2278370,tonnes,portwatch,2023-02-28,,2026-09-26,estimated,0
shipping_exports,se,nation,2023-02,2278232,tonnes,portwatch,2023-02-28,,2026-10-06T05:59:42+00:00,estimated,1
shipping_exports,se,nation,2023-03,2581730,tonnes,portwatch,2023-03-31,,2026-09-26,estimated,0
shipping_exports,se,nation,2023-03,2581911,tonnes,portwatch,2023-03-31,,2026-10-06T05:59:42+00:00,estimated,1
shipping_exports,se,nation,2023-04,2324166,tonnes,portwatch,2023-04-30,,2026-09-26,estimated,0
shipping_exports,se,nation,2023-04,2324429,tonnes,portwatch,2023-04-30,,2026-10-06T05:59:42+00:00,estimated,1
shipping_exports,se,nation,2023-05,2229968,tonnes,portwatch,2023-05-31,,2026-09-26,estimated,0
shipping_exports,se,nation,2023-05,2230176,tonnes,portwatch,2023-05-31,,2026-10-06T05:59:42+00:00,estimated,1
shipping_exports,se,nation,2023-06,2491395,tonnes,portwatch,2023-06-30,,2026-09-26,estimated,0
shipping_exports,se,nation,2023-06,2491446,tonnes,portwatch,2023-06-30,,2026-10-06T05:59:42+00:00,estimated,1
shipping_exports,se,nation,2023-07,2434106,tonnes,portwatch,2023-07-31,,2026-09-26,estimated,0
shipping_exports,se,nation,2023-07,2434205,tonnes,portwatch,2023-07-31,,2026-10-06T05:59:42+00:00,estimated,1
shipping_exports,se,nation,2023-08,2458435,tonnes,portwatch,2023-08-31,,2026-09-26,estimated,0
shipping_exports,se,nation,2023-08,2458633,tonnes,portwatch,2023-08-31,,2026-10-06T05:59:42+00:00,estimated,1
shipping_exports,se,nation,2023-09,2605402,tonnes,portwatch,2023-09-30,,2026-09-26,estimated,0
shipping_exports,se,nation,2023-09,2605439,tonnes,portwatch,2023-09-30,,2026-10-06T05:59:42+00:00,estimated,1
shipping_exports,se,nation,2023-10,2019714,tonnes,portwatch,2023-10-31,,2026-09-26,estimated,0
shipping_exports,se,nation,2023-10,2019825,tonnes,portwatch,2023-10-31,,2026-10-06T05:59:42+00:00,estimated,1
shipping_exports,se,nation,2023-11,2106581,tonnes,portwatch,2023-11-30,,2026-09-26,estimated,0
shipping_exports,se,nation,2023-11,2106724,tonnes,portwatch,2023-11-30,,2026-10-06T05:59:42+00:00,estimated,1
shipping_exports,se,nation,2023-12,2605191,tonnes,portwatch,2023-12-31,,2026-09-26,estimated,0
shipping_exports,se,nation,2023-12,2605329,tonnes,portwatch,2023-12-31,,2026-10-06T05:59:42+00:00,estimated,1
shipping_exports,se,nation,2024-01,2440984,tonnes,portwatch,2024-01-31,,2026-09-26,estimated,0
shipping_exports,se,nation,2024-01,2440959,tonnes,portwatch,2024-01-31,,2026-10-06T05:59:42+00:00,estimated,1
shipping_exports,se,nation,2024-02,2549625,tonnes,portwatch,2024-02-29,,2026-09-26,estimated,0
shipping_exports,se,nation,2024-02,2549593,tonnes,portwatch,2024-02-29,,2026-10-06T05:59:42+00:00,estimated,1
shipping_exports,se,nation,2024-03,2567854,tonnes,portwatch,2024-03-31,,2026-09-26,estimated,0
shipping_exports,se,nation,2024-03,2567892,tonnes,portwatch,2024-03-31,,2026-10-06T05:59:42+00:00,estimated,1
shipping_exports,se,nation,2024-04,2594486,tonnes,portwatch,2024-04-30,,2026-09-26,estimated,0
shipping_exports,se,nation,2024-04,2594512,tonnes,portwatch,2024-04-30,,2026-10-06T05:59:42+00:00,estimated,1
shipping_exports,se,nation,2024-05,2649492,tonnes,portwatch,2024-05-31,,2026-09-26,estimated,0
shipping_exports,se,nation,2024-05,2649566,tonnes,portwatch,2024-05-31,,2026-10-06T05:59:42+00:00,estimated,1
shipping_exports,se,nation,2024-06,2407704,tonnes,portwatch,2024-06-30,,2026-09-26,estimated,0
shipping_exports,se,nation,2024-06,2407698,tonnes,portwatch,2024-06-30,,2026-10-06T05:59:42+00:00,estimated,1
shipping_exports,se,nation,2024-07,2632866,tonnes,portwatch,2024-07-31,,2026-09-26,estimated,0
shipping_exports,se,nation,2024-07,2632960,tonnes,portwatch,2024-07-31,,2026-10-06T05:59:42+00:00,estimated,1
shipping_exports,se,nation,2024-08,2610714,tonnes,portwatch,2024-08-31,,2026-09-26,estimated,0
shipping_exports,se,nation,2024-08,2610741,tonnes,portwatch,2024-08-31,,2026-10-06T05:59:42+00:00,estimated,1
shipping_exports,se,nation,2024-09,2447711,tonnes,portwatch,2024-09-30,,2026-09-26,estimated,0
shipping_exports,se,nation,2024-09,2447829,tonnes,portwatch,2024-09-30,,2026-10-06T05:59:42+00:00,estimated,1
shipping_exports,se,nation,2024-10,2693437,tonnes,portwatch,2024-10-31,,2026-09-26,estimated,0
shipping_exports,se,nation,2024-10,2693488,tonnes,portwatch,2024-10-31,,2026-10-06T05:59:42+00:00,estimated,1
shipping_exports,se,nation,2024-11,2467788,tonnes,portwatch,2024-11-30,,2026-09-26,estimated,0
shipping_exports,se,nation,2024-11,2467801,tonnes,portwatch,2024-11-30,,2026-10-06T05:59:42+00:00,estimated,1
shipping_exports,se,nation,2024-12,2436706,tonnes,portwatch,2024-12-31,,2026-09-26,estimated,0
shipping_exports,se,nation,2024-12,2436865,tonnes,portwatch,2024-12-31,,2026-10-06T05:59:42+00:00,estimated,1
shipping_exports,se,nation,2025-01,2566691,tonnes,portwatch,2025-01-31,,2026-09-26,estimated,0
shipping_exports,se,nation,2025-01,2566688,tonnes,portwatch,2025-01-31,,2026-10-06T05:59:42+00:00,estimated,1
shipping_exports,se,nation,2025-02,2475765,tonnes,portwatch,2025-02-28,,2026-09-26,estimated,0
shipping_exports,se,nation,2025-02,2475793,tonnes,portwatch,2025-02-28,,2026-10-06T05:59:42+00:00,estimated,1
shipping_exports,se,nation,2025-03,2708959,tonnes,portwatch,2025-03-31,,2026-09-26,estimated,0
shipping_exports,se,nation,2025-03,2709038,tonnes,portwatch,2025-03-31,,2026-10-06T05:59:42+00:00,estimated,1
shipping_exports,se,nation,2025-04,2383319,tonnes,portwatch,2025-04-30,,2026-09-26,estimated,0
shipping_exports,se,nation,2025-04,2383420,tonnes,portwatch,2025-04-30,,2026-10-06T05:59:42+00:00,estimated,1
shipping_exports,se,nation,2025-05,2522480,tonnes,portwatch,2025-05-31,,2026-09-26,estimated,0
shipping_exports,se,nation,2025-05,2522482,tonnes,portwatch,2025-05-31,,2026-10-06T05:59:42+00:00,estimated,1
shipping_exports,se,nation,2025-06,2543231,tonnes,portwatch,2025-06-30,,2026-09-26,estimated,0
shipping_exports,se,nation,2025-06,2543254,tonnes,portwatch,2025-06-30,,2026-10-06T05:59:42+00:00,estimated,1
shipping_exports,se,nation,2025-07,2634027,tonnes,portwatch,2025-07-31,,2026-09-26,estimated,0
shipping_exports,se,nation,2025-07,2634644,tonnes,portwatch,2025-07-31,,2026-10-06T05:59:42+00:00,estimated,1
shipping_exports,se,nation,2025-08,2270514,tonnes,portwatch,2025-08-31,,2026-09-26,estimated,0
shipping_exports,se,nation,2025-08,2270575,tonnes,portwatch,2025-08-31,,2026-10-06T05:59:42+00:00,estimated,1
shipping_exports,se,nation,2025-09,2214573,tonnes,portwatch,2025-09-30,,2026-09-26,estimated,0
shipping_exports,se,nation,2025-09,2214561,tonnes,portwatch,2025-09-30,,2026-10-06T05:59:42+00:00,estimated,1
shipping_exports,se,nation,2025-10,2151930,tonnes,portwatch,2025-10-31,,2026-09-26,estimated,0
shipping_exports,se,nation,2025-10,2151981,tonnes,portwatch,2025-10-31,,2026-10-06T05:59:42+00:00,estimated,1
shipping_exports,se,nation,2025-11,2491806,tonnes,portwatch,2025-11-30,,2026-09-26,estimated,0
shipping_exports,se,nation,2025-11,2492391,tonnes,portwatch,2025-11-30,,2026-10-06T05:59:42+00:00,estimated,1
shipping_exports,se,nation,2025-12,2555770,tonnes,portwatch,2025-12-31,,2026-09-26,estimated,0
shipping_exports,se,nation,2025-12,2556319,tonnes,portwatch,2025-12-31,,2026-10-06T05:59:42+00:00,estimated,1
shipping_exports,se,nation,2026-01,2475566,tonnes,portwatch,2026-01-31,,2026-09-26,estimated,0
shipping_exports,se,nation,2026-01,2475750,tonnes,portwatch,2026-01-31,,2026-10-06T05:59:42+00:00,estimated,1
shipping_exports,se,nation,2026-02,2291894,tonnes,portwatch,2026-02-28,,2026-09-26,estimated,0
shipping_exports,se,nation,2026-02,2292986,tonnes,portwatch,2026-02-28,,2026-10-06T05:59:42+00:00,estimated,1
shipping_exports,se,nation,2026-03,2866683,tonnes,portwatch,2026-03-31,,2026-09-26,estimated,0
shipping_exports,se,nation,2026-03,2866949,tonnes,portwatch,2026-03-31,,2026-10-06T05:59:42+00:00,estimated,1
shipping_exports,se,nation,2026-04,2653792,tonnes,portwatch,2026-04-30,,2026-09-26,estimated,0
shipping_exports,se,nation,2026-04,2653828,tonnes,portwatch,2026-04-30,,2026-10-06T05:59:42+00:00,estimated,1
shipping_exports,se,nation,2026-05,2640169,tonnes,portwatch,2026-05-31,,2026-09-26,estimated,0
shipping_exports,se,nation,2026-05,2640423,tonnes,portwatch,2026-05-31,,2026-10-06T05:59:42+00:00,estimated,1
shipping_exports,se,nation,2026-06,2415216,tonnes,portwatch,2026-06-30,,2026-09-26,estimated,0
shipping_exports,se,nation,2026-06,2415442,tonnes,portwatch,2026-06-30,,2026-10-06T05:59:42+00:00,estimated,1
shipping_exports,se,nation,2026-07,2384178,tonnes,portwatch,2026-07-31,,2026-09-26,estimated,0
shipping_exports,se,nation,2026-07,2385576,tonnes,portwatch,2026-07-31,,2026-10-06T05:59:42+00:00,estimated,1
shipping_exports,se,nation,2026-08,2265455,tonnes,portwatch,2026-08-31,,2026-09-26,estimated,0
shipping_exports,se,nation,2026-08,2265528,tonnes,portwatch,2026-08-31,,2026-10-06T05:59:42+00:00,estimated,1
shipping_exports,sg,nation,2019-01,32066146,tonnes,portwatch,2019-01-31,,2026-09-26,estimated,0
shipping_exports,sg,nation,2019-01,32067307,tonnes,portwatch,2019-01-31,,2026-10-06T05:59:40+00:00,estimated,1
shipping_exports,sg,nation,2019-02,29073091,tonnes,portwatch,2019-02-28,,2026-09-26,estimated,0
shipping_exports,sg,nation,2019-02,29074332,tonnes,portwatch,2019-02-28,,2026-10-06T05:59:40+00:00,estimated,1
shipping_exports,sg,nation,2019-03,33007406,tonnes,portwatch,2019-03-31,,2026-09-26,estimated,0
shipping_exports,sg,nation,2019-03,33009189,tonnes,portwatch,2019-03-31,,2026-10-06T05:59:40+00:00,estimated,1
shipping_exports,sg,nation,2019-04,30735163,tonnes,portwatch,2019-04-30,,2026-09-26,estimated,0
shipping_exports,sg,nation,2019-04,30736730,tonnes,portwatch,2019-04-30,,2026-10-06T05:59:40+00:00,estimated,1
shipping_exports,sg,nation,2019-05,34206206,tonnes,portwatch,2019-05-31,,2026-09-26,estimated,0
shipping_exports,sg,nation,2019-05,34207691,tonnes,portwatch,2019-05-31,,2026-10-06T05:59:40+00:00,estimated,1
shipping_exports,sg,nation,2019-06,30192635,tonnes,portwatch,2019-06-30,,2026-09-26,estimated,0
shipping_exports,sg,nation,2019-06,30194359,tonnes,portwatch,2019-06-30,,2026-10-06T05:59:40+00:00,estimated,1
shipping_exports,sg,nation,2019-07,33173051,tonnes,portwatch,2019-07-31,,2026-09-26,estimated,0
shipping_exports,sg,nation,2019-07,33174860,tonnes,portwatch,2019-07-31,,2026-10-06T05:59:40+00:00,estimated,1
shipping_exports,sg,nation,2019-08,30656037,tonnes,portwatch,2019-08-31,,2026-09-26,estimated,0
shipping_exports,sg,nation,2019-08,30657459,tonnes,portwatch,2019-08-31,,2026-10-06T05:59:40+00:00,estimated,1
shipping_exports,sg,nation,2019-09,31286334,tonnes,portwatch,2019-09-30,,2026-09-26,estimated,0
shipping_exports,sg,nation,2019-09,31288007,tonnes,portwatch,2019-09-30,,2026-10-06T05:59:40+00:00,estimated,1
shipping_exports,sg,nation,2019-10,33504417,tonnes,portwatch,2019-10-31,,2026-09-26,estimated,0
shipping_exports,sg,nation,2019-10,33506268,tonnes,portwatch,2019-10-31,,2026-10-06T05:59:40+00:00,estimated,1
shipping_exports,sg,nation,2019-11,32452351,tonnes,portwatch,2019-11-30,,2026-09-26,estimated,0
shipping_exports,sg,nation,2019-11,32453788,tonnes,portwatch,2019-11-30,,2026-10-06T05:59:40+00:00,estimated,1
shipping_exports,sg,nation,2019-12,32181592,tonnes,portwatch,2019-12-31,,2026-09-26,estimated,0
shipping_exports,sg,nation,2019-12,32183663,tonnes,portwatch,2019-12-31,,2026-10-06T05:59:40+00:00,estimated,1
shipping_exports,sg,nation,2020-01,33052318,tonnes,portwatch,2020-01-31,,2026-09-26,estimated,0
shipping_exports,sg,nation,2020-01,33054174,tonnes,portwatch,2020-01-31,,2026-10-06T05:59:40+00:00,estimated,1
shipping_exports,sg,nation,2020-02,30404735,tonnes,portwatch,2020-02-29,,2026-09-26,estimated,0
shipping_exports,sg,nation,2020-02,30406596,tonnes,portwatch,2020-02-29,,2026-10-06T05:59:40+00:00,estimated,1
shipping_exports,sg,nation,2020-03,34132199,tonnes,portwatch,2020-03-31,,2026-09-26,estimated,0
shipping_exports,sg,nation,2020-03,34133680,tonnes,portwatch,2020-03-31,,2026-10-06T05:59:40+00:00,estimated,1
shipping_exports,sg,nation,2020-04,30305753,tonnes,portwatch,2020-04-30,,2026-09-26,estimated,0
shipping_exports,sg,nation,2020-04,30307579,tonnes,portwatch,2020-04-30,,2026-10-06T05:59:40+00:00,estimated,1
shipping_exports,sg,nation,2020-05,29460266,tonnes,portwatch,2020-05-31,,2026-09-26,estimated,0
shipping_exports,sg,nation,2020-05,29461849,tonnes,portwatch,2020-05-31,,2026-10-06T05:59:40+00:00,estimated,1
shipping_exports,sg,nation,2020-06,30269594,tonnes,portwatch,2020-06-30,,2026-09-26,estimated,0
shipping_exports,sg,nation,2020-06,30271086,tonnes,portwatch,2020-06-30,,2026-10-06T05:59:40+00:00,estimated,1
shipping_exports,sg,nation,2020-07,31323664,tonnes,portwatch,2020-07-31,,2026-09-26,estimated,0
shipping_exports,sg,nation,2020-07,31325232,tonnes,portwatch,2020-07-31,,2026-10-06T05:59:40+00:00,estimated,1
shipping_exports,sg,nation,2020-08,33434133,tonnes,portwatch,2020-08-31,,2026-09-26,estimated,0
shipping_exports,sg,nation,2020-08,33435848,tonnes,portwatch,2020-08-31,,2026-10-06T05:59:40+00:00,estimated,1
shipping_exports,sg,nation,2020-09,30343867,tonnes,portwatch,2020-09-30,,2026-09-26,estimated,0
shipping_exports,sg,nation,2020-09,30344926,tonnes,portwatch,2020-09-30,,2026-10-06T05:59:40+00:00,estimated,1
shipping_exports,sg,nation,2020-10,33164600,tonnes,portwatch,2020-10-31,,2026-09-26,estimated,0
shipping_exports,sg,nation,2020-10,33165891,tonnes,portwatch,2020-10-31,,2026-10-06T05:59:40+00:00,estimated,1
shipping_exports,sg,nation,2020-11,30793050,tonnes,portwatch,2020-11-30,,2026-09-26,estimated,0
shipping_exports,sg,nation,2020-11,30794707,tonnes,portwatch,2020-11-30,,2026-10-06T05:59:40+00:00,estimated,1
shipping_exports,sg,nation,2020-12,31526002,tonnes,portwatch,2020-12-31,,2026-09-26,estimated,0
shipping_exports,sg,nation,2020-12,31527474,tonnes,portwatch,2020-12-31,,2026-10-06T05:59:40+00:00,estimated,1
shipping_exports,sg,nation,2021-01,32243985,tonnes,portwatch,2021-01-31,,2026-09-26,estimated,0
shipping_exports,sg,nation,2021-01,32245125,tonnes,portwatch,2021-01-31,,2026-10-06T05:59:40+00:00,estimated,1
shipping_exports,sg,nation,2021-02,29478031,tonnes,portwatch,2021-02-28,,2026-09-26,estimated,0
shipping_exports,sg,nation,2021-02,29479227,tonnes,portwatch,2021-02-28,,2026-10-06T05:59:40+00:00,estimated,1
shipping_exports,sg,nation,2021-03,33867713,tonnes,portwatch,2021-03-31,,2026-09-26,estimated,0
shipping_exports,sg,nation,2021-03,33868917,tonnes,portwatch,2021-03-31,,2026-10-06T05:59:40+00:00,estimated,1
shipping_exports,sg,nation,2021-04,32774669,tonnes,portwatch,2021-04-30,,2026-09-26,estimated,0
shipping_exports,sg,nation,2021-04,32775289,tonnes,portwatch,2021-04-30,,2026-10-06T05:59:40+00:00,estimated,1
shipping_exports,sg,nation,2021-05,32193978,tonnes,portwatch,2021-05-31,,2026-09-26,estimated,0
shipping_exports,sg,nation,2021-05,32195026,tonnes,portwatch,2021-05-31,,2026-10-06T05:59:40+00:00,estimated,1
shipping_exports,sg,nation,2021-06,30077599,tonnes,portwatch,2021-06-30,,2026-09-26,estimated,0
shipping_exports,sg,nation,2021-06,30077622,tonnes,portwatch,2021-06-30,,2026-10-06T05:59:40+00:00,estimated,1
shipping_exports,sg,nation,2021-07,32104433,tonnes,portwatch,2021-07-31,,2026-09-26,estimated,0
shipping_exports,sg,nation,2021-07,32104665,tonnes,portwatch,2021-07-31,,2026-10-06T05:59:40+00:00,estimated,1
shipping_exports,sg,nation,2021-08,31791083,tonnes,portwatch,2021-08-31,,2026-09-26,estimated,0
shipping_exports,sg,nation,2021-08,31791243,tonnes,portwatch,2021-08-31,,2026-10-06T05:59:40+00:00,estimated,1
shipping_exports,sg,nation,2021-09,30364456,tonnes,portwatch,2021-09-30,,2026-09-26,estimated,0
shipping_exports,sg,nation,2021-09,30364722,tonnes,portwatch,2021-09-30,,2026-10-06T05:59:40+00:00,estimated,1
shipping_exports,sg,nation,2021-10,30503695,tonnes,portwatch,2021-10-31,,2026-09-26,estimated,0
shipping_exports,sg,nation,2021-10,30503487,tonnes,portwatch,2021-10-31,,2026-10-06T05:59:40+00:00,estimated,1
shipping_exports,sg,nation,2021-11,31320979,tonnes,portwatch,2021-11-30,,2026-09-26,estimated,0
shipping_exports,sg,nation,2021-11,31319998,tonnes,portwatch,2021-11-30,,2026-10-06T05:59:40+00:00,estimated,1
shipping_exports,sg,nation,2021-12,32295429,tonnes,portwatch,2021-12-31,,2026-09-26,estimated,0
shipping_exports,sg,nation,2021-12,32294291,tonnes,portwatch,2021-12-31,,2026-10-06T05:59:40+00:00,estimated,1
shipping_exports,sg,nation,2022-01,31819710,tonnes,portwatch,2022-01-31,,2026-09-26,estimated,0
shipping_exports,sg,nation,2022-01,31814902,tonnes,portwatch,2022-01-31,,2026-10-06T05:59:40+00:00,estimated,1
shipping_exports,sg,nation,2022-02,27681267,tonnes,portwatch,2022-02-28,,2026-09-26,estimated,0
shipping_exports,sg,nation,2022-02,27677591,tonnes,portwatch,2022-02-28,,2026-10-06T05:59:40+00:00,estimated,1
shipping_exports,sg,nation,2022-03,31539090,tonnes,portwatch,2022-03-31,,2026-09-26,estimated,0
shipping_exports,sg,nation,2022-03,31536529,tonnes,portwatch,2022-03-31,,2026-10-06T05:59:40+00:00,estimated,1
shipping_exports,sg,nation,2022-04,29665829,tonnes,portwatch,2022-04-30,,2026-09-26,estimated,0
shipping_exports,sg,nation,2022-04,29663505,tonnes,portwatch,2022-04-30,,2026-10-06T05:59:40+00:00,estimated,1
shipping_exports,sg,nation,2022-05,31229394,tonnes,portwatch,2022-05-31,,2026-09-26,estimated,0
shipping_exports,sg,nation,2022-05,31226950,tonnes,portwatch,2022-05-31,,2026-10-06T05:59:40+00:00,estimated,1
shipping_exports,sg,nation,2022-06,31691791,tonnes,portwatch,2022-06-30,,2026-09-26,estimated,0
shipping_exports,sg,nation,2022-06,31689212,tonnes,portwatch,2022-06-30,,2026-10-06T05:59:40+00:00,estimated,1
shipping_exports,sg,nation,2022-07,31767979,tonnes,portwatch,2022-07-31,,2026-09-26,estimated,0
shipping_exports,sg,nation,2022-07,31765718,tonnes,portwatch,2022-07-31,,2026-10-06T05:59:40+00:00,estimated,1
shipping_exports,sg,nation,2022-08,32717550,tonnes,portwatch,2022-08-31,,2026-09-26,estimated,0
shipping_exports,sg,nation,2022-08,32715148,tonnes,portwatch,2022-08-31,,2026-10-06T05:59:40+00:00,estimated,1
shipping_exports,sg,nation,2022-09,30215952,tonnes,portwatch,2022-09-30,,2026-09-26,estimated,0
shipping_exports,sg,nation,2022-09,30215292,tonnes,portwatch,2022-09-30,,2026-10-06T05:59:40+00:00,estimated,1
shipping_exports,sg,nation,2022-10,31522597,tonnes,portwatch,2022-10-31,,2026-09-26,estimated,0
shipping_exports,sg,nation,2022-10,31523488,tonnes,portwatch,2022-10-31,,2026-10-06T05:59:40+00:00,estimated,1
shipping_exports,sg,nation,2022-11,30270843,tonnes,portwatch,2022-11-30,,2026-09-26,estimated,0
shipping_exports,sg,nation,2022-11,30270898,tonnes,portwatch,2022-11-30,,2026-10-06T05:59:40+00:00,estimated,1
shipping_exports,sg,nation,2022-12,32266797,tonnes,portwatch,2022-12-31,,2026-09-26,estimated,0
shipping_exports,sg,nation,2022-12,32266204,tonnes,portwatch,2022-12-31,,2026-10-06T05:59:40+00:00,estimated,1
shipping_exports,sg,nation,2023-01,31986355,tonnes,portwatch,2023-01-31,,2026-09-26,estimated,0
shipping_exports,sg,nation,2023-01,31986714,tonnes,portwatch,2023-01-31,,2026-10-06T05:59:40+00:00,estimated,1
shipping_exports,sg,nation,2023-02,27534743,tonnes,portwatch,2023-02-28,,2026-09-26,estimated,0
shipping_exports,sg,nation,2023-02,27533683,tonnes,portwatch,2023-02-28,,2026-10-06T05:59:40+00:00,estimated,1
shipping_exports,sg,nation,2023-03,33770224,tonnes,portwatch,2023-03-31,,2026-09-26,estimated,0
shipping_exports,sg,nation,2023-03,33768906,tonnes,portwatch,2023-03-31,,2026-10-06T05:59:40+00:00,estimated,1
shipping_exports,sg,nation,2023-04,31820927,tonnes,portwatch,2023-04-30,,2026-09-26,estimated,0
shipping_exports,sg,nation,2023-04,31819394,tonnes,portwatch,2023-04-30,,2026-10-06T05:59:40+00:00,estimated,1
shipping_exports,sg,nation,2023-05,33982103,tonnes,portwatch,2023-05-31,,2026-09-26,estimated,0
shipping_exports,sg,nation,2023-05,33982907,tonnes,portwatch,2023-05-31,,2026-10-06T05:59:40+00:00,estimated,1
shipping_exports,sg,nation,2023-06,33319616,tonnes,portwatch,2023-06-30,,2026-09-26,estimated,0
shipping_exports,sg,nation,2023-06,33320566,tonnes,portwatch,2023-06-30,,2026-10-06T05:59:40+00:00,estimated,1
shipping_exports,sg,nation,2023-07,33972594,tonnes,portwatch,2023-07-31,,2026-09-26,estimated,0
shipping_exports,sg,nation,2023-07,33973362,tonnes,portwatch,2023-07-31,,2026-10-06T05:59:40+00:00,estimated,1
shipping_exports,sg,nation,2023-08,32845145,tonnes,portwatch,2023-08-31,,2026-09-26,estimated,0
shipping_exports,sg,nation,2023-08,32845241,tonnes,portwatch,2023-08-31,,2026-10-06T05:59:40+00:00,estimated,1
shipping_exports,sg,nation,2023-09,30637080,tonnes,portwatch,2023-09-30,,2026-09-26,estimated,0
shipping_exports,sg,nation,2023-09,30638323,tonnes,portwatch,2023-09-30,,2026-10-06T05:59:40+00:00,estimated,1
shipping_exports,sg,nation,2023-10,31826417,tonnes,portwatch,2023-10-31,,2026-09-26,estimated,0
shipping_exports,sg,nation,2023-10,31827163,tonnes,portwatch,2023-10-31,,2026-10-06T05:59:40+00:00,estimated,1
shipping_exports,sg,nation,2023-11,31587529,tonnes,portwatch,2023-11-30,,2026-09-26,estimated,0
shipping_exports,sg,nation,2023-11,31586704,tonnes,portwatch,2023-11-30,,2026-10-06T05:59:40+00:00,estimated,1
shipping_exports,sg,nation,2023-12,33124476,tonnes,portwatch,2023-12-31,,2026-09-26,estimated,0
shipping_exports,sg,nation,2023-12,33122329,tonnes,portwatch,2023-12-31,,2026-10-06T05:59:40+00:00,estimated,1
shipping_exports,sg,nation,2024-01,33936981,tonnes,portwatch,2024-01-31,,2026-09-26,estimated,0
shipping_exports,sg,nation,2024-01,33935402,tonnes,portwatch,2024-01-31,,2026-10-06T05:59:40+00:00,estimated,1
shipping_exports,sg,nation,2024-02,30402029,tonnes,portwatch,2024-02-29,,2026-09-26,estimated,0
shipping_exports,sg,nation,2024-02,30402035,tonnes,portwatch,2024-02-29,,2026-10-06T05:59:40+00:00,estimated,1
shipping_exports,sg,nation,2024-03,33309528,tonnes,portwatch,2024-03-31,,2026-09-26,estimated,0
shipping_exports,sg,nation,2024-03,33310316,tonnes,portwatch,2024-03-31,,2026-10-06T05:59:40+00:00,estimated,1
shipping_exports,sg,nation,2024-04,32495626,tonnes,portwatch,2024-04-30,,2026-09-26,estimated,0
shipping_exports,sg,nation,2024-04,32495644,tonnes,portwatch,2024-04-30,,2026-10-06T05:59:40+00:00,estimated,1
shipping_exports,sg,nation,2024-05,34646873,tonnes,portwatch,2024-05-31,,2026-09-26,estimated,0
shipping_exports,sg,nation,2024-05,34646677,tonnes,portwatch,2024-05-31,,2026-10-06T05:59:40+00:00,estimated,1
shipping_exports,sg,nation,2024-06,30765404,tonnes,portwatch,2024-06-30,,2026-09-26,estimated,0
shipping_exports,sg,nation,2024-06,30765646,tonnes,portwatch,2024-06-30,,2026-10-06T05:59:40+00:00,estimated,1
shipping_exports,sg,nation,2024-07,32546398,tonnes,portwatch,2024-07-31,,2026-09-26,estimated,0
shipping_exports,sg,nation,2024-07,32546833,tonnes,portwatch,2024-07-31,,2026-10-06T05:59:40+00:00,estimated,1
shipping_exports,sg,nation,2024-08,35467555,tonnes,portwatch,2024-08-31,,2026-09-26,estimated,0
shipping_exports,sg,nation,2024-08,35467790,tonnes,portwatch,2024-08-31,,2026-10-06T05:59:40+00:00,estimated,1
shipping_exports,sg,nation,2024-09,30558985,tonnes,portwatch,2024-09-30,,2026-09-26,estimated,0
shipping_exports,sg,nation,2024-09,30559747,tonnes,portwatch,2024-09-30,,2026-10-06T05:59:40+00:00,estimated,1
shipping_exports,sg,nation,2024-10,33000023,tonnes,portwatch,2024-10-31,,2026-09-26,estimated,0
shipping_exports,sg,nation,2024-10,33000074,tonnes,portwatch,2024-10-31,,2026-10-06T05:59:40+00:00,estimated,1
shipping_exports,sg,nation,2024-11,32277963,tonnes,portwatch,2024-11-30,,2026-09-26,estimated,0
shipping_exports,sg,nation,2024-11,32278444,tonnes,portwatch,2024-11-30,,2026-10-06T05:59:40+00:00,estimated,1
shipping_exports,sg,nation,2024-12,33751329,tonnes,portwatch,2024-12-31,,2026-09-26,estimated,0
shipping_exports,sg,nation,2024-12,33751627,tonnes,portwatch,2024-12-31,,2026-10-06T05:59:40+00:00,estimated,1
shipping_exports,sg,nation,2025-01,34700103,tonnes,portwatch,2025-01-31,,2026-09-26,estimated,0
shipping_exports,sg,nation,2025-01,34699764,tonnes,portwatch,2025-01-31,,2026-10-06T05:59:40+00:00,estimated,1
shipping_exports,sg,nation,2025-02,30329010,tonnes,portwatch,2025-02-28,,2026-09-26,estimated,0
shipping_exports,sg,nation,2025-02,30327515,tonnes,portwatch,2025-02-28,,2026-10-06T05:59:40+00:00,estimated,1
shipping_exports,sg,nation,2025-03,35328368,tonnes,portwatch,2025-03-31,,2026-09-26,estimated,0
shipping_exports,sg,nation,2025-03,35327945,tonnes,portwatch,2025-03-31,,2026-10-06T05:59:40+00:00,estimated,1
shipping_exports,sg,nation,2025-04,33564181,tonnes,portwatch,2025-04-30,,2026-09-26,estimated,0
shipping_exports,sg,nation,2025-04,33560438,tonnes,portwatch,2025-04-30,,2026-10-06T05:59:40+00:00,estimated,1
shipping_exports,sg,nation,2025-05,36389422,tonnes,portwatch,2025-05-31,,2026-09-26,estimated,0
shipping_exports,sg,nation,2025-05,36386925,tonnes,portwatch,2025-05-31,,2026-10-06T05:59:40+00:00,estimated,1
shipping_exports,sg,nation,2025-06,35382952,tonnes,portwatch,2025-06-30,,2026-09-26,estimated,0
shipping_exports,sg,nation,2025-06,35378013,tonnes,portwatch,2025-06-30,,2026-10-06T05:59:40+00:00,estimated,1
shipping_exports,sg,nation,2025-07,37110366,tonnes,portwatch,2025-07-31,,2026-09-26,estimated,0
shipping_exports,sg,nation,2025-07,37109030,tonnes,portwatch,2025-07-31,,2026-10-06T05:59:40+00:00,estimated,1
shipping_exports,sg,nation,2025-08,36726067,tonnes,portwatch,2025-08-31,,2026-09-26,estimated,0
shipping_exports,sg,nation,2025-08,36725286,tonnes,portwatch,2025-08-31,,2026-10-06T05:59:40+00:00,estimated,1
shipping_exports,sg,nation,2025-09,34222594,tonnes,portwatch,2025-09-30,,2026-09-26,estimated,0
shipping_exports,sg,nation,2025-09,34220926,tonnes,portwatch,2025-09-30,,2026-10-06T05:59:40+00:00,estimated,1
shipping_exports,sg,nation,2025-10,37440910,tonnes,portwatch,2025-10-31,,2026-09-26,estimated,0
shipping_exports,sg,nation,2025-10,37437276,tonnes,portwatch,2025-10-31,,2026-10-06T05:59:40+00:00,estimated,1
shipping_exports,sg,nation,2025-11,34050555,tonnes,portwatch,2025-11-30,,2026-09-26,estimated,0
shipping_exports,sg,nation,2025-11,34046931,tonnes,portwatch,2025-11-30,,2026-10-06T05:59:40+00:00,estimated,1
shipping_exports,sg,nation,2025-12,34923044,tonnes,portwatch,2025-12-31,,2026-09-26,estimated,0
shipping_exports,sg,nation,2025-12,34922888,tonnes,portwatch,2025-12-31,,2026-10-06T05:59:40+00:00,estimated,1
shipping_exports,sg,nation,2026-01,37345974,tonnes,portwatch,2026-01-31,,2026-09-26,estimated,0
shipping_exports,sg,nation,2026-01,37345629,tonnes,portwatch,2026-01-31,,2026-10-06T05:59:40+00:00,estimated,1
shipping_exports,sg,nation,2026-02,30914449,tonnes,portwatch,2026-02-28,,2026-09-26,estimated,0
shipping_exports,sg,nation,2026-02,30912784,tonnes,portwatch,2026-02-28,,2026-10-06T05:59:40+00:00,estimated,1
shipping_exports,sg,nation,2026-03,37336519,tonnes,portwatch,2026-03-31,,2026-09-26,estimated,0
shipping_exports,sg,nation,2026-03,37336718,tonnes,portwatch,2026-03-31,,2026-10-06T05:59:40+00:00,estimated,1
shipping_exports,sg,nation,2026-04,35675510,tonnes,portwatch,2026-04-30,,2026-09-26,estimated,0
shipping_exports,sg,nation,2026-04,35672665,tonnes,portwatch,2026-04-30,,2026-10-06T05:59:40+00:00,estimated,1
shipping_exports,sg,nation,2026-05,36647588,tonnes,portwatch,2026-05-31,,2026-09-26,estimated,0
shipping_exports,sg,nation,2026-05,36644390,tonnes,portwatch,2026-05-31,,2026-10-06T05:59:40+00:00,estimated,1
shipping_exports,sg,nation,2026-06,34968407,tonnes,portwatch,2026-06-30,,2026-09-26,estimated,0
shipping_exports,sg,nation,2026-06,34963400,tonnes,portwatch,2026-06-30,,2026-10-06T05:59:40+00:00,estimated,1
shipping_exports,sg,nation,2026-07,40739070,tonnes,portwatch,2026-07-31,,2026-09-26,estimated,0
shipping_exports,sg,nation,2026-07,40702937,tonnes,portwatch,2026-07-31,,2026-10-06T05:59:40+00:00,estimated,1
shipping_exports,sg,nation,2026-08,38996473,tonnes,portwatch,2026-08-31,,2026-09-26,estimated,0
shipping_exports,sg,nation,2026-08,39016751,tonnes,portwatch,2026-08-31,,2026-10-06T05:59:40+00:00,estimated,1
shipping_exports,tr,nation,2019-01,14766668,tonnes,portwatch,2019-01-31,,2026-09-26,estimated,0
shipping_exports,tr,nation,2019-01,14766506,tonnes,portwatch,2019-01-31,,2026-10-06T05:59:43+00:00,estimated,1
shipping_exports,tr,nation,2019-02,13620298,tonnes,portwatch,2019-02-28,,2026-09-26,estimated,0
shipping_exports,tr,nation,2019-02,13620016,tonnes,portwatch,2019-02-28,,2026-10-06T05:59:43+00:00,estimated,1
shipping_exports,tr,nation,2019-03,13204264,tonnes,portwatch,2019-03-31,,2026-09-26,estimated,0
shipping_exports,tr,nation,2019-03,13210193,tonnes,portwatch,2019-03-31,,2026-10-06T05:59:43+00:00,estimated,1
shipping_exports,tr,nation,2019-04,13906563,tonnes,portwatch,2019-04-30,,2026-09-26,estimated,0
shipping_exports,tr,nation,2019-04,13907704,tonnes,portwatch,2019-04-30,,2026-10-06T05:59:43+00:00,estimated,1
shipping_exports,tr,nation,2019-05,14469636,tonnes,portwatch,2019-05-31,,2026-09-26,estimated,0
shipping_exports,tr,nation,2019-05,14470182,tonnes,portwatch,2019-05-31,,2026-10-06T05:59:43+00:00,estimated,1
shipping_exports,tr,nation,2019-06,14368802,tonnes,portwatch,2019-06-30,,2026-09-26,estimated,0
shipping_exports,tr,nation,2019-06,14369531,tonnes,portwatch,2019-06-30,,2026-10-06T05:59:43+00:00,estimated,1
shipping_exports,tr,nation,2019-07,14838498,tonnes,portwatch,2019-07-31,,2026-09-26,estimated,0
shipping_exports,tr,nation,2019-07,14838473,tonnes,portwatch,2019-07-31,,2026-10-06T05:59:43+00:00,estimated,1
shipping_exports,tr,nation,2019-08,14513648,tonnes,portwatch,2019-08-31,,2026-09-26,estimated,0
shipping_exports,tr,nation,2019-08,14514061,tonnes,portwatch,2019-08-31,,2026-10-06T05:59:43+00:00,estimated,1
shipping_exports,tr,nation,2019-09,13991133,tonnes,portwatch,2019-09-30,,2026-09-26,estimated,0
shipping_exports,tr,nation,2019-09,13990619,tonnes,portwatch,2019-09-30,,2026-10-06T05:59:43+00:00,estimated,1
shipping_exports,tr,nation,2019-10,14593251,tonnes,portwatch,2019-10-31,,2026-09-26,estimated,0
shipping_exports,tr,nation,2019-10,14593949,tonnes,portwatch,2019-10-31,,2026-10-06T05:59:43+00:00,estimated,1
shipping_exports,tr,nation,2019-11,13584804,tonnes,portwatch,2019-11-30,,2026-09-26,estimated,0
shipping_exports,tr,nation,2019-11,13586297,tonnes,portwatch,2019-11-30,,2026-10-06T05:59:43+00:00,estimated,1
shipping_exports,tr,nation,2019-12,11765362,tonnes,portwatch,2019-12-31,,2026-09-26,estimated,0
shipping_exports,tr,nation,2019-12,11767120,tonnes,portwatch,2019-12-31,,2026-10-06T05:59:43+00:00,estimated,1
shipping_exports,tr,nation,2020-01,13415702,tonnes,portwatch,2020-01-31,,2026-09-26,estimated,0
shipping_exports,tr,nation,2020-01,13416214,tonnes,portwatch,2020-01-31,,2026-10-06T05:59:43+00:00,estimated,1
shipping_exports,tr,nation,2020-02,11830610,tonnes,portwatch,2020-02-29,,2026-09-26,estimated,0
shipping_exports,tr,nation,2020-02,11833205,tonnes,portwatch,2020-02-29,,2026-10-06T05:59:43+00:00,estimated,1
shipping_exports,tr,nation,2020-03,15787722,tonnes,portwatch,2020-03-31,,2026-09-26,estimated,0
shipping_exports,tr,nation,2020-03,15790928,tonnes,portwatch,2020-03-31,,2026-10-06T05:59:43+00:00,estimated,1
shipping_exports,tr,nation,2020-04,13304693,tonnes,portwatch,2020-04-30,,2026-09-26,estimated,0
shipping_exports,tr,nation,2020-04,13306023,tonnes,portwatch,2020-04-30,,2026-10-06T05:59:43+00:00,estimated,1
shipping_exports,tr,nation,2020-05,13576849,tonnes,portwatch,2020-05-31,,2026-09-26,estimated,0
shipping_exports,tr,nation,2020-05,13577847,tonnes,portwatch,2020-05-31,,2026-10-06T05:59:43+00:00,estimated,1
shipping_exports,tr,nation,2020-06,12823274,tonnes,portwatch,2020-06-30,,2026-09-26,estimated,0
shipping_exports,tr,nation,2020-06,12825951,tonnes,portwatch,2020-06-30,,2026-10-06T05:59:43+00:00,estimated,1
shipping_exports,tr,nation,2020-07,14461888,tonnes,portwatch,2020-07-31,,2026-09-26,estimated,0
shipping_exports,tr,nation,2020-07,14463720,tonnes,portwatch,2020-07-31,,2026-10-06T05:59:43+00:00,estimated,1
shipping_exports,tr,nation,2020-08,14843636,tonnes,portwatch,2020-08-31,,2026-09-26,estimated,0
shipping_exports,tr,nation,2020-08,14845398,tonnes,portwatch,2020-08-31,,2026-10-06T05:59:43+00:00,estimated,1
shipping_exports,tr,nation,2020-09,14820158,tonnes,portwatch,2020-09-30,,2026-09-26,estimated,0
shipping_exports,tr,nation,2020-09,14823447,tonnes,portwatch,2020-09-30,,2026-10-06T05:59:43+00:00,estimated,1
shipping_exports,tr,nation,2020-10,15481020,tonnes,portwatch,2020-10-31,,2026-09-26,estimated,0
shipping_exports,tr,nation,2020-10,15481559,tonnes,portwatch,2020-10-31,,2026-10-06T05:59:43+00:00,estimated,1
shipping_exports,tr,nation,2020-11,14722672,tonnes,portwatch,2020-11-30,,2026-09-26,estimated,0
shipping_exports,tr,nation,2020-11,14724112,tonnes,portwatch,2020-11-30,,2026-10-06T05:59:43+00:00,estimated,1
shipping_exports,tr,nation,2020-12,14820916,tonnes,portwatch,2020-12-31,,2026-09-26,estimated,0
shipping_exports,tr,nation,2020-12,14822350,tonnes,portwatch,2020-12-31,,2026-10-06T05:59:43+00:00,estimated,1
shipping_exports,tr,nation,2021-01,13843824,tonnes,portwatch,2021-01-31,,2026-09-26,estimated,0
shipping_exports,tr,nation,2021-01,13844777,tonnes,portwatch,2021-01-31,,2026-10-06T05:59:43+00:00,estimated,1
shipping_exports,tr,nation,2021-02,13788633,tonnes,portwatch,2021-02-28,,2026-09-26,estimated,0
shipping_exports,tr,nation,2021-02,13790068,tonnes,portwatch,2021-02-28,,2026-10-06T05:59:43+00:00,estimated,1
shipping_exports,tr,nation,2021-03,15226622,tonnes,portwatch,2021-03-31,,2026-09-26,estimated,0
shipping_exports,tr,nation,2021-03,15227214,tonnes,portwatch,2021-03-31,,2026-10-06T05:59:43+00:00,estimated,1
shipping_exports,tr,nation,2021-04,14071212,tonnes,portwatch,2021-04-30,,2026-09-26,estimated,0
shipping_exports,tr,nation,2021-04,14070700,tonnes,portwatch,2021-04-30,,2026-10-06T05:59:43+00:00,estimated,1
shipping_exports,tr,nation,2021-05,16658267,tonnes,portwatch,2021-05-31,,2026-09-26,estimated,0
shipping_exports,tr,nation,2021-05,16658080,tonnes,portwatch,2021-05-31,,2026-10-06T05:59:43+00:00,estimated,1
shipping_exports,tr,nation,2021-06,17045169,tonnes,portwatch,2021-06-30,,2026-09-26,estimated,0
shipping_exports,tr,nation,2021-06,17044957,tonnes,portwatch,2021-06-30,,2026-10-06T05:59:43+00:00,estimated,1
shipping_exports,tr,nation,2021-07,17158942,tonnes,portwatch,2021-07-31,,2026-09-26,estimated,0
shipping_exports,tr,nation,2021-07,17158684,tonnes,portwatch,2021-07-31,,2026-10-06T05:59:43+00:00,estimated,1
shipping_exports,tr,nation,2021-08,17858223,tonnes,portwatch,2021-08-31,,2026-09-26,estimated,0
shipping_exports,tr,nation,2021-08,17857587,tonnes,portwatch,2021-08-31,,2026-10-06T05:59:43+00:00,estimated,1
shipping_exports,tr,nation,2021-09,18950138,tonnes,portwatch,2021-09-30,,2026-09-26,estimated,0
shipping_exports,tr,nation,2021-09,18950023,tonnes,portwatch,2021-09-30,,2026-10-06T05:59:43+00:00,estimated,1
shipping_exports,tr,nation,2021-10,19985354,tonnes,portwatch,2021-10-31,,2026-09-26,estimated,0
shipping_exports,tr,nation,2021-10,19987405,tonnes,portwatch,2021-10-31,,2026-10-06T05:59:43+00:00,estimated,1
shipping_exports,tr,nation,2021-11,15842263,tonnes,portwatch,2021-11-30,,2026-09-26,estimated,0
shipping_exports,tr,nation,2021-11,15843029,tonnes,portwatch,2021-11-30,,2026-10-06T05:59:43+00:00,estimated,1
shipping_exports,tr,nation,2021-12,18914461,tonnes,portwatch,2021-12-31,,2026-09-26,estimated,0
shipping_exports,tr,nation,2021-12,18914323,tonnes,portwatch,2021-12-31,,2026-10-06T05:59:43+00:00,estimated,1
shipping_exports,tr,nation,2022-01,17571555,tonnes,portwatch,2022-01-31,,2026-09-26,estimated,0
shipping_exports,tr,nation,2022-01,17573320,tonnes,portwatch,2022-01-31,,2026-10-06T05:59:43+00:00,estimated,1
shipping_exports,tr,nation,2022-02,16707706,tonnes,portwatch,2022-02-28,,2026-09-26,estimated,0
shipping_exports,tr,nation,2022-02,16708723,tonnes,portwatch,2022-02-28,,2026-10-06T05:59:43+00:00,estimated,1
shipping_exports,tr,nation,2022-03,17913722,tonnes,portwatch,2022-03-31,,2026-09-26,estimated,0
shipping_exports,tr,nation,2022-03,17913737,tonnes,portwatch,2022-03-31,,2026-10-06T05:59:43+00:00,estimated,1
shipping_exports,tr,nation,2022-04,18249591,tonnes,portwatch,2022-04-30,,2026-09-26,estimated,0
shipping_exports,tr,nation,2022-04,18250358,tonnes,portwatch,2022-04-30,,2026-10-06T05:59:43+00:00,estimated,1
shipping_exports,tr,nation,2022-05,20333513,tonnes,portwatch,2022-05-31,,2026-09-26,estimated,0
shipping_exports,tr,nation,2022-05,20333727,tonnes,portwatch,2022-05-31,,2026-10-06T05:59:43+00:00,estimated,1
shipping_exports,tr,nation,2022-06,15786682,tonnes,portwatch,2022-06-30,,2026-09-26,estimated,0
shipping_exports,tr,nation,2022-06,15786763,tonnes,portwatch,2022-06-30,,2026-10-06T05:59:43+00:00,estimated,1
shipping_exports,tr,nation,2022-07,18059559,tonnes,portwatch,2022-07-31,,2026-09-26,estimated,0
shipping_exports,tr,nation,2022-07,18059111,tonnes,portwatch,2022-07-31,,2026-10-06T05:59:43+00:00,estimated,1
shipping_exports,tr,nation,2022-08,18031298,tonnes,portwatch,2022-08-31,,2026-09-26,estimated,0
shipping_exports,tr,nation,2022-08,18031285,tonnes,portwatch,2022-08-31,,2026-10-06T05:59:43+00:00,estimated,1
shipping_exports,tr,nation,2022-09,16188660,tonnes,portwatch,2022-09-30,,2026-09-26,estimated,0
shipping_exports,tr,nation,2022-09,16188329,tonnes,portwatch,2022-09-30,,2026-10-06T05:59:43+00:00,estimated,1
shipping_exports,tr,nation,2022-10,17083207,tonnes,portwatch,2022-10-31,,2026-09-26,estimated,0
shipping_exports,tr,nation,2022-10,17083483,tonnes,portwatch,2022-10-31,,2026-10-06T05:59:43+00:00,estimated,1
shipping_exports,tr,nation,2022-11,15619618,tonnes,portwatch,2022-11-30,,2026-09-26,estimated,0
shipping_exports,tr,nation,2022-11,15620265,tonnes,portwatch,2022-11-30,,2026-10-06T05:59:43+00:00,estimated,1
shipping_exports,tr,nation,2022-12,16991764,tonnes,portwatch,2022-12-31,,2026-09-26,estimated,0
shipping_exports,tr,nation,2022-12,16990990,tonnes,portwatch,2022-12-31,,2026-10-06T05:59:43+00:00,estimated,1
shipping_exports,tr,nation,2023-01,15290165,tonnes,portwatch,2023-01-31,,2026-09-26,estimated,0
shipping_exports,tr,nation,2023-01,15290040,tonnes,portwatch,2023-01-31,,2026-10-06T05:59:43+00:00,estimated,1
shipping_exports,tr,nation,2023-02,14526119,tonnes,portwatch,2023-02-28,,2026-09-26,estimated,0
shipping_exports,tr,nation,2023-02,14525828,tonnes,portwatch,2023-02-28,,2026-10-06T05:59:43+00:00,estimated,1
shipping_exports,tr,nation,2023-03,16898252,tonnes,portwatch,2023-03-31,,2026-09-26,estimated,0
shipping_exports,tr,nation,2023-03,16898046,tonnes,portwatch,2023-03-31,,2026-10-06T05:59:43+00:00,estimated,1
shipping_exports,tr,nation,2023-04,15166783,tonnes,portwatch,2023-04-30,,2026-09-26,estimated,0
shipping_exports,tr,nation,2023-04,15166328,tonnes,portwatch,2023-04-30,,2026-10-06T05:59:43+00:00,estimated,1
shipping_exports,tr,nation,2023-05,16557777,tonnes,portwatch,2023-05-31,,2026-09-26,estimated,0
shipping_exports,tr,nation,2023-05,16557554,tonnes,portwatch,2023-05-31,,2026-10-06T05:59:43+00:00,estimated,1
shipping_exports,tr,nation,2023-06,16387104,tonnes,portwatch,2023-06-30,,2026-09-26,estimated,0
shipping_exports,tr,nation,2023-06,16387280,tonnes,portwatch,2023-06-30,,2026-10-06T05:59:43+00:00,estimated,1
shipping_exports,tr,nation,2023-07,15404003,tonnes,portwatch,2023-07-31,,2026-09-26,estimated,0
shipping_exports,tr,nation,2023-07,15403773,tonnes,portwatch,2023-07-31,,2026-10-06T05:59:43+00:00,estimated,1
shipping_exports,tr,nation,2023-08,17329239,tonnes,portwatch,2023-08-31,,2026-09-26,estimated,0
shipping_exports,tr,nation,2023-08,17328334,tonnes,portwatch,2023-08-31,,2026-10-06T05:59:43+00:00,estimated,1
shipping_exports,tr,nation,2023-09,16867873,tonnes,portwatch,2023-09-30,,2026-09-26,estimated,0
shipping_exports,tr,nation,2023-09,16867469,tonnes,portwatch,2023-09-30,,2026-10-06T05:59:43+00:00,estimated,1
shipping_exports,tr,nation,2023-10,16440276,tonnes,portwatch,2023-10-31,,2026-09-26,estimated,0
shipping_exports,tr,nation,2023-10,16439485,tonnes,portwatch,2023-10-31,,2026-10-06T05:59:43+00:00,estimated,1
shipping_exports,tr,nation,2023-11,14557751,tonnes,portwatch,2023-11-30,,2026-09-26,estimated,0
shipping_exports,tr,nation,2023-11,14557395,tonnes,portwatch,2023-11-30,,2026-10-06T05:59:43+00:00,estimated,1
shipping_exports,tr,nation,2023-12,16627698,tonnes,portwatch,2023-12-31,,2026-09-26,estimated,0
shipping_exports,tr,nation,2023-12,16627240,tonnes,portwatch,2023-12-31,,2026-10-06T05:59:43+00:00,estimated,1
shipping_exports,tr,nation,2024-01,15042249,tonnes,portwatch,2024-01-31,,2026-09-26,estimated,0
shipping_exports,tr,nation,2024-01,15043093,tonnes,portwatch,2024-01-31,,2026-10-06T05:59:43+00:00,estimated,1
shipping_exports,tr,nation,2024-02,15573334,tonnes,portwatch,2024-02-29,,2026-09-26,estimated,0
shipping_exports,tr,nation,2024-02,15572740,tonnes,portwatch,2024-02-29,,2026-10-06T05:59:43+00:00,estimated,1
shipping_exports,tr,nation,2024-03,17912704,tonnes,portwatch,2024-03-31,,2026-09-26,estimated,0
shipping_exports,tr,nation,2024-03,17913636,tonnes,portwatch,2024-03-31,,2026-10-06T05:59:43+00:00,estimated,1
shipping_exports,tr,nation,2024-04,16317072,tonnes,portwatch,2024-04-30,,2026-09-26,estimated,0
shipping_exports,tr,nation,2024-04,16318659,tonnes,portwatch,2024-04-30,,2026-10-06T05:59:43+00:00,estimated,1
shipping_exports,tr,nation,2024-05,17850272,tonnes,portwatch,2024-05-31,,2026-09-26,estimated,0
shipping_exports,tr,nation,2024-05,17851802,tonnes,portwatch,2024-05-31,,2026-10-06T05:59:43+00:00,estimated,1
shipping_exports,tr,nation,2024-06,16786732,tonnes,portwatch,2024-06-30,,2026-09-26,estimated,0
shipping_exports,tr,nation,2024-06,16788866,tonnes,portwatch,2024-06-30,,2026-10-06T05:59:43+00:00,estimated,1
shipping_exports,tr,nation,2024-07,17541619,tonnes,portwatch,2024-07-31,,2026-09-26,estimated,0
shipping_exports,tr,nation,2024-07,17542695,tonnes,portwatch,2024-07-31,,2026-10-06T05:59:43+00:00,estimated,1
shipping_exports,tr,nation,2024-08,16072411,tonnes,portwatch,2024-08-31,,2026-09-26,estimated,0
shipping_exports,tr,nation,2024-08,16072628,tonnes,portwatch,2024-08-31,,2026-10-06T05:59:43+00:00,estimated,1
shipping_exports,tr,nation,2024-09,14210512,tonnes,portwatch,2024-09-30,,2026-09-26,estimated,0
shipping_exports,tr,nation,2024-09,14210887,tonnes,portwatch,2024-09-30,,2026-10-06T05:59:43+00:00,estimated,1
shipping_exports,tr,nation,2024-10,17306201,tonnes,portwatch,2024-10-31,,2026-09-26,estimated,0
shipping_exports,tr,nation,2024-10,17306474,tonnes,portwatch,2024-10-31,,2026-10-06T05:59:43+00:00,estimated,1
shipping_exports,tr,nation,2024-11,17222477,tonnes,portwatch,2024-11-30,,2026-09-26,estimated,0
shipping_exports,tr,nation,2024-11,17222687,tonnes,portwatch,2024-11-30,,2026-10-06T05:59:43+00:00,estimated,1
shipping_exports,tr,nation,2024-12,16615172,tonnes,portwatch,2024-12-31,,2026-09-26,estimated,0
shipping_exports,tr,nation,2024-12,16615251,tonnes,portwatch,2024-12-31,,2026-10-06T05:59:43+00:00,estimated,1
shipping_exports,tr,nation,2025-01,17135666,tonnes,portwatch,2025-01-31,,2026-09-26,estimated,0
shipping_exports,tr,nation,2025-01,17136280,tonnes,portwatch,2025-01-31,,2026-10-06T05:59:43+00:00,estimated,1
shipping_exports,tr,nation,2025-02,16381265,tonnes,portwatch,2025-02-28,,2026-09-26,estimated,0
shipping_exports,tr,nation,2025-02,16381504,tonnes,portwatch,2025-02-28,,2026-10-06T05:59:43+00:00,estimated,1
shipping_exports,tr,nation,2025-03,17075139,tonnes,portwatch,2025-03-31,,2026-09-26,estimated,0
shipping_exports,tr,nation,2025-03,17075414,tonnes,portwatch,2025-03-31,,2026-10-06T05:59:43+00:00,estimated,1
shipping_exports,tr,nation,2025-04,17446248,tonnes,portwatch,2025-04-30,,2026-09-26,estimated,0
shipping_exports,tr,nation,2025-04,17446214,tonnes,portwatch,2025-04-30,,2026-10-06T05:59:43+00:00,estimated,1
shipping_exports,tr,nation,2025-05,18181340,tonnes,portwatch,2025-05-31,,2026-09-26,estimated,0
shipping_exports,tr,nation,2025-05,18183361,tonnes,portwatch,2025-05-31,,2026-10-06T05:59:43+00:00,estimated,1
shipping_exports,tr,nation,2025-06,17416073,tonnes,portwatch,2025-06-30,,2026-09-26,estimated,0
shipping_exports,tr,nation,2025-06,17416877,tonnes,portwatch,2025-06-30,,2026-10-06T05:59:43+00:00,estimated,1
shipping_exports,tr,nation,2025-07,17233693,tonnes,portwatch,2025-07-31,,2026-09-26,estimated,0
shipping_exports,tr,nation,2025-07,17233856,tonnes,portwatch,2025-07-31,,2026-10-06T05:59:43+00:00,estimated,1
shipping_exports,tr,nation,2025-08,17809115,tonnes,portwatch,2025-08-31,,2026-09-26,estimated,0
shipping_exports,tr,nation,2025-08,17809595,tonnes,portwatch,2025-08-31,,2026-10-06T05:59:43+00:00,estimated,1
shipping_exports,tr,nation,2025-09,16836982,tonnes,portwatch,2025-09-30,,2026-09-26,estimated,0
shipping_exports,tr,nation,2025-09,16837835,tonnes,portwatch,2025-09-30,,2026-10-06T05:59:43+00:00,estimated,1
shipping_exports,tr,nation,2025-10,16776914,tonnes,portwatch,2025-10-31,,2026-09-26,estimated,0
shipping_exports,tr,nation,2025-10,16778127,tonnes,portwatch,2025-10-31,,2026-10-06T05:59:43+00:00,estimated,1
shipping_exports,tr,nation,2025-11,15972787,tonnes,portwatch,2025-11-30,,2026-09-26,estimated,0
shipping_exports,tr,nation,2025-11,15973500,tonnes,portwatch,2025-11-30,,2026-10-06T05:59:43+00:00,estimated,1
shipping_exports,tr,nation,2025-12,16230040,tonnes,portwatch,2025-12-31,,2026-09-26,estimated,0
shipping_exports,tr,nation,2025-12,16230814,tonnes,portwatch,2025-12-31,,2026-10-06T05:59:43+00:00,estimated,1
shipping_exports,tr,nation,2026-01,14035719,tonnes,portwatch,2026-01-31,,2026-09-26,estimated,0
shipping_exports,tr,nation,2026-01,14032413,tonnes,portwatch,2026-01-31,,2026-10-06T05:59:43+00:00,estimated,1
shipping_exports,tr,nation,2026-02,14252408,tonnes,portwatch,2026-02-28,,2026-09-26,estimated,0
shipping_exports,tr,nation,2026-02,14253939,tonnes,portwatch,2026-02-28,,2026-10-06T05:59:43+00:00,estimated,1
shipping_exports,tr,nation,2026-03,15463644,tonnes,portwatch,2026-03-31,,2026-09-26,estimated,0
shipping_exports,tr,nation,2026-03,15464775,tonnes,portwatch,2026-03-31,,2026-10-06T05:59:43+00:00,estimated,1
shipping_exports,tr,nation,2026-04,16007699,tonnes,portwatch,2026-04-30,,2026-09-26,estimated,0
shipping_exports,tr,nation,2026-04,16009502,tonnes,portwatch,2026-04-30,,2026-10-06T05:59:43+00:00,estimated,1
shipping_exports,tr,nation,2026-05,17549320,tonnes,portwatch,2026-05-31,,2026-09-26,estimated,0
shipping_exports,tr,nation,2026-05,17549358,tonnes,portwatch,2026-05-31,,2026-10-06T05:59:43+00:00,estimated,1
shipping_exports,tr,nation,2026-06,18934166,tonnes,portwatch,2026-06-30,,2026-09-26,estimated,0
shipping_exports,tr,nation,2026-06,18936172,tonnes,portwatch,2026-06-30,,2026-10-06T05:59:43+00:00,estimated,1
shipping_exports,tr,nation,2026-07,17066303,tonnes,portwatch,2026-07-31,,2026-09-26,estimated,0
shipping_exports,tr,nation,2026-07,17070261,tonnes,portwatch,2026-07-31,,2026-10-06T05:59:43+00:00,estimated,1
shipping_exports,tr,nation,2026-08,14915212,tonnes,portwatch,2026-08-31,,2026-09-26,estimated,0
shipping_exports,tr,nation,2026-08,15133719,tonnes,portwatch,2026-08-31,,2026-10-06T05:59:43+00:00,estimated,1
shipping_exports,us,nation,2019-01,69283487,tonnes,portwatch,2019-01-31,,2026-09-26,estimated,0
shipping_exports,us,nation,2019-01,69284841,tonnes,portwatch,2019-01-31,,2026-10-06T05:59:45+00:00,estimated,1
shipping_exports,us,nation,2019-02,60086596,tonnes,portwatch,2019-02-28,,2026-09-26,estimated,0
shipping_exports,us,nation,2019-02,60087960,tonnes,portwatch,2019-02-28,,2026-10-06T05:59:45+00:00,estimated,1
shipping_exports,us,nation,2019-03,66628816,tonnes,portwatch,2019-03-31,,2026-09-26,estimated,0
shipping_exports,us,nation,2019-03,66629945,tonnes,portwatch,2019-03-31,,2026-10-06T05:59:45+00:00,estimated,1
shipping_exports,us,nation,2019-04,67867919,tonnes,portwatch,2019-04-30,,2026-09-26,estimated,0
shipping_exports,us,nation,2019-04,67871364,tonnes,portwatch,2019-04-30,,2026-10-06T05:59:45+00:00,estimated,1
shipping_exports,us,nation,2019-05,69014740,tonnes,portwatch,2019-05-31,,2026-09-26,estimated,0
shipping_exports,us,nation,2019-05,69017226,tonnes,portwatch,2019-05-31,,2026-10-06T05:59:45+00:00,estimated,1
shipping_exports,us,nation,2019-06,66777555,tonnes,portwatch,2019-06-30,,2026-09-26,estimated,0
shipping_exports,us,nation,2019-06,66780141,tonnes,portwatch,2019-06-30,,2026-10-06T05:59:45+00:00,estimated,1
shipping_exports,us,nation,2019-07,65457780,tonnes,portwatch,2019-07-31,,2026-09-26,estimated,0
shipping_exports,us,nation,2019-07,65460295,tonnes,portwatch,2019-07-31,,2026-10-06T05:59:45+00:00,estimated,1
shipping_exports,us,nation,2019-08,70024869,tonnes,portwatch,2019-08-31,,2026-09-26,estimated,0
shipping_exports,us,nation,2019-08,70028708,tonnes,portwatch,2019-08-31,,2026-10-06T05:59:45+00:00,estimated,1
shipping_exports,us,nation,2019-09,63664749,tonnes,portwatch,2019-09-30,,2026-09-26,estimated,0
shipping_exports,us,nation,2019-09,63667327,tonnes,portwatch,2019-09-30,,2026-10-06T05:59:45+00:00,estimated,1
shipping_exports,us,nation,2019-10,68819348,tonnes,portwatch,2019-10-31,,2026-09-26,estimated,0
shipping_exports,us,nation,2019-10,68822184,tonnes,portwatch,2019-10-31,,2026-10-06T05:59:45+00:00,estimated,1
shipping_exports,us,nation,2019-11,67494066,tonnes,portwatch,2019-11-30,,2026-09-26,estimated,0
shipping_exports,us,nation,2019-11,67496897,tonnes,portwatch,2019-11-30,,2026-10-06T05:59:45+00:00,estimated,1
shipping_exports,us,nation,2019-12,72307515,tonnes,portwatch,2019-12-31,,2026-09-26,estimated,0
shipping_exports,us,nation,2019-12,72311415,tonnes,portwatch,2019-12-31,,2026-10-06T05:59:45+00:00,estimated,1
shipping_exports,us,nation,2020-01,70026687,tonnes,portwatch,2020-01-31,,2026-09-26,estimated,0
shipping_exports,us,nation,2020-01,70029817,tonnes,portwatch,2020-01-31,,2026-10-06T05:59:45+00:00,estimated,1
shipping_exports,us,nation,2020-02,66943649,tonnes,portwatch,2020-02-29,,2026-09-26,estimated,0
shipping_exports,us,nation,2020-02,66944739,tonnes,portwatch,2020-02-29,,2026-10-06T05:59:45+00:00,estimated,1
shipping_exports,us,nation,2020-03,72148437,tonnes,portwatch,2020-03-31,,2026-09-26,estimated,0
shipping_exports,us,nation,2020-03,72151416,tonnes,portwatch,2020-03-31,,2026-10-06T05:59:45+00:00,estimated,1
shipping_exports,us,nation,2020-04,62842180,tonnes,portwatch,2020-04-30,,2026-09-26,estimated,0
shipping_exports,us,nation,2020-04,62843659,tonnes,portwatch,2020-04-30,,2026-10-06T05:59:45+00:00,estimated,1
shipping_exports,us,nation,2020-05,57920731,tonnes,portwatch,2020-05-31,,2026-09-26,estimated,0
shipping_exports,us,nation,2020-05,57923493,tonnes,portwatch,2020-05-31,,2026-10-06T05:59:45+00:00,estimated,1
shipping_exports,us,nation,2020-06,60256079,tonnes,portwatch,2020-06-30,,2026-09-26,estimated,0
shipping_exports,us,nation,2020-06,60257863,tonnes,portwatch,2020-06-30,,2026-10-06T05:59:45+00:00,estimated,1
shipping_exports,us,nation,2020-07,62208571,tonnes,portwatch,2020-07-31,,2026-09-26,estimated,0
shipping_exports,us,nation,2020-07,62208968,tonnes,portwatch,2020-07-31,,2026-10-06T05:59:45+00:00,estimated,1
shipping_exports,us,nation,2020-08,65321234,tonnes,portwatch,2020-08-31,,2026-09-26,estimated,0
shipping_exports,us,nation,2020-08,65323639,tonnes,portwatch,2020-08-31,,2026-10-06T05:59:45+00:00,estimated,1
shipping_exports,us,nation,2020-09,63968395,tonnes,portwatch,2020-09-30,,2026-09-26,estimated,0
shipping_exports,us,nation,2020-09,63971358,tonnes,portwatch,2020-09-30,,2026-10-06T05:59:45+00:00,estimated,1
shipping_exports,us,nation,2020-10,68933659,tonnes,portwatch,2020-10-31,,2026-09-26,estimated,0
shipping_exports,us,nation,2020-10,68936044,tonnes,portwatch,2020-10-31,,2026-10-06T05:59:45+00:00,estimated,1
shipping_exports,us,nation,2020-11,68532263,tonnes,portwatch,2020-11-30,,2026-09-26,estimated,0
shipping_exports,us,nation,2020-11,68535914,tonnes,portwatch,2020-11-30,,2026-10-06T05:59:45+00:00,estimated,1
shipping_exports,us,nation,2020-12,72494900,tonnes,portwatch,2020-12-31,,2026-09-26,estimated,0
shipping_exports,us,nation,2020-12,72498415,tonnes,portwatch,2020-12-31,,2026-10-06T05:59:45+00:00,estimated,1
shipping_exports,us,nation,2021-01,70288385,tonnes,portwatch,2021-01-31,,2026-09-26,estimated,0
shipping_exports,us,nation,2021-01,70291297,tonnes,portwatch,2021-01-31,,2026-10-06T05:59:45+00:00,estimated,1
shipping_exports,us,nation,2021-02,57131112,tonnes,portwatch,2021-02-28,,2026-09-26,estimated,0
shipping_exports,us,nation,2021-02,57132221,tonnes,portwatch,2021-02-28,,2026-10-06T05:59:45+00:00,estimated,1
shipping_exports,us,nation,2021-03,70639156,tonnes,portwatch,2021-03-31,,2026-09-26,estimated,0
shipping_exports,us,nation,2021-03,70641040,tonnes,portwatch,2021-03-31,,2026-10-06T05:59:45+00:00,estimated,1
shipping_exports,us,nation,2021-04,66471369,tonnes,portwatch,2021-04-30,,2026-09-26,estimated,0
shipping_exports,us,nation,2021-04,66474626,tonnes,portwatch,2021-04-30,,2026-10-06T05:59:45+00:00,estimated,1
shipping_exports,us,nation,2021-05,67809915,tonnes,portwatch,2021-05-31,,2026-09-26,estimated,0
shipping_exports,us,nation,2021-05,67809891,tonnes,portwatch,2021-05-31,,2026-10-06T05:59:45+00:00,estimated,1
shipping_exports,us,nation,2021-06,66730675,tonnes,portwatch,2021-06-30,,2026-09-26,estimated,0
shipping_exports,us,nation,2021-06,66732228,tonnes,portwatch,2021-06-30,,2026-10-06T05:59:45+00:00,estimated,1
shipping_exports,us,nation,2021-07,64781886,tonnes,portwatch,2021-07-31,,2026-09-26,estimated,0
shipping_exports,us,nation,2021-07,64784492,tonnes,portwatch,2021-07-31,,2026-10-06T05:59:45+00:00,estimated,1
shipping_exports,us,nation,2021-08,61680473,tonnes,portwatch,2021-08-31,,2026-09-26,estimated,0
shipping_exports,us,nation,2021-08,61682397,tonnes,portwatch,2021-08-31,,2026-10-06T05:59:45+00:00,estimated,1
shipping_exports,us,nation,2021-09,60073585,tonnes,portwatch,2021-09-30,,2026-09-26,estimated,0
shipping_exports,us,nation,2021-09,60075650,tonnes,portwatch,2021-09-30,,2026-10-06T05:59:45+00:00,estimated,1
shipping_exports,us,nation,2021-10,72483872,tonnes,portwatch,2021-10-31,,2026-09-26,estimated,0
shipping_exports,us,nation,2021-10,72486683,tonnes,portwatch,2021-10-31,,2026-10-06T05:59:45+00:00,estimated,1
shipping_exports,us,nation,2021-11,71995887,tonnes,portwatch,2021-11-30,,2026-09-26,estimated,0
shipping_exports,us,nation,2021-11,71998272,tonnes,portwatch,2021-11-30,,2026-10-06T05:59:45+00:00,estimated,1
shipping_exports,us,nation,2021-12,71744871,tonnes,portwatch,2021-12-31,,2026-09-26,estimated,0
shipping_exports,us,nation,2021-12,71746940,tonnes,portwatch,2021-12-31,,2026-10-06T05:59:45+00:00,estimated,1
shipping_exports,us,nation,2022-01,68841967,tonnes,portwatch,2022-01-31,,2026-09-26,estimated,0
shipping_exports,us,nation,2022-01,68843287,tonnes,portwatch,2022-01-31,,2026-10-06T05:59:45+00:00,estimated,1
shipping_exports,us,nation,2022-02,61689365,tonnes,portwatch,2022-02-28,,2026-09-26,estimated,0
shipping_exports,us,nation,2022-02,61690334,tonnes,portwatch,2022-02-28,,2026-10-06T05:59:45+00:00,estimated,1
shipping_exports,us,nation,2022-03,73191406,tonnes,portwatch,2022-03-31,,2026-09-26,estimated,0
shipping_exports,us,nation,2022-03,73192853,tonnes,portwatch,2022-03-31,,2026-10-06T05:59:45+00:00,estimated,1
shipping_exports,us,nation,2022-04,71866045,tonnes,portwatch,2022-04-30,,2026-09-26,estimated,0
shipping_exports,us,nation,2022-04,71868637,tonnes,portwatch,2022-04-30,,2026-10-06T05:59:45+00:00,estimated,1
shipping_exports,us,nation,2022-05,75002492,tonnes,portwatch,2022-05-31,,2026-09-26,estimated,0
shipping_exports,us,nation,2022-05,75004704,tonnes,portwatch,2022-05-31,,2026-10-06T05:59:45+00:00,estimated,1
shipping_exports,us,nation,2022-06,69260161,tonnes,portwatch,2022-06-30,,2026-09-26,estimated,0
shipping_exports,us,nation,2022-06,69261551,tonnes,portwatch,2022-06-30,,2026-10-06T05:59:45+00:00,estimated,1
shipping_exports,us,nation,2022-07,67742288,tonnes,portwatch,2022-07-31,,2026-09-26,estimated,0
shipping_exports,us,nation,2022-07,67744248,tonnes,portwatch,2022-07-31,,2026-10-06T05:59:45+00:00,estimated,1
shipping_exports,us,nation,2022-08,71232696,tonnes,portwatch,2022-08-31,,2026-09-26,estimated,0
shipping_exports,us,nation,2022-08,71234835,tonnes,portwatch,2022-08-31,,2026-10-06T05:59:45+00:00,estimated,1
shipping_exports,us,nation,2022-09,68655514,tonnes,portwatch,2022-09-30,,2026-09-26,estimated,0
shipping_exports,us,nation,2022-09,68657360,tonnes,portwatch,2022-09-30,,2026-10-06T05:59:45+00:00,estimated,1
shipping_exports,us,nation,2022-10,73659757,tonnes,portwatch,2022-10-31,,2026-09-26,estimated,0
shipping_exports,us,nation,2022-10,73662911,tonnes,portwatch,2022-10-31,,2026-10-06T05:59:45+00:00,estimated,1
shipping_exports,us,nation,2022-11,73649263,tonnes,portwatch,2022-11-30,,2026-09-26,estimated,0
shipping_exports,us,nation,2022-11,73649399,tonnes,portwatch,2022-11-30,,2026-10-06T05:59:45+00:00,estimated,1
shipping_exports,us,nation,2022-12,71839818,tonnes,portwatch,2022-12-31,,2026-09-26,estimated,0
shipping_exports,us,nation,2022-12,71840717,tonnes,portwatch,2022-12-31,,2026-10-06T05:59:45+00:00,estimated,1
shipping_exports,us,nation,2023-01,72873219,tonnes,portwatch,2023-01-31,,2026-09-26,estimated,0
shipping_exports,us,nation,2023-01,72873837,tonnes,portwatch,2023-01-31,,2026-10-06T05:59:45+00:00,estimated,1
shipping_exports,us,nation,2023-02,63086925,tonnes,portwatch,2023-02-28,,2026-09-26,estimated,0
shipping_exports,us,nation,2023-02,63087300,tonnes,portwatch,2023-02-28,,2026-10-06T05:59:45+00:00,estimated,1
shipping_exports,us,nation,2023-03,72715370,tonnes,portwatch,2023-03-31,,2026-09-26,estimated,0
shipping_exports,us,nation,2023-03,72716084,tonnes,portwatch,2023-03-31,,2026-10-06T05:59:45+00:00,estimated,1
shipping_exports,us,nation,2023-04,66986652,tonnes,portwatch,2023-04-30,,2026-09-26,estimated,0
shipping_exports,us,nation,2023-04,66988548,tonnes,portwatch,2023-04-30,,2026-10-06T05:59:45+00:00,estimated,1
shipping_exports,us,nation,2023-05,70008094,tonnes,portwatch,2023-05-31,,2026-09-26,estimated,0
shipping_exports,us,nation,2023-05,70009996,tonnes,portwatch,2023-05-31,,2026-10-06T05:59:45+00:00,estimated,1
shipping_exports,us,nation,2023-06,67115121,tonnes,portwatch,2023-06-30,,2026-09-26,estimated,0
shipping_exports,us,nation,2023-06,67115770,tonnes,portwatch,2023-06-30,,2026-10-06T05:59:45+00:00,estimated,1
shipping_exports,us,nation,2023-07,65836516,tonnes,portwatch,2023-07-31,,2026-09-26,estimated,0
shipping_exports,us,nation,2023-07,65837806,tonnes,portwatch,2023-07-31,,2026-10-06T05:59:45+00:00,estimated,1
shipping_exports,us,nation,2023-08,67568963,tonnes,portwatch,2023-08-31,,2026-09-26,estimated,0
shipping_exports,us,nation,2023-08,67572154,tonnes,portwatch,2023-08-31,,2026-10-06T05:59:45+00:00,estimated,1
shipping_exports,us,nation,2023-09,70501001,tonnes,portwatch,2023-09-30,,2026-09-26,estimated,0
shipping_exports,us,nation,2023-09,70503281,tonnes,portwatch,2023-09-30,,2026-10-06T05:59:45+00:00,estimated,1
shipping_exports,us,nation,2023-10,77208635,tonnes,portwatch,2023-10-31,,2026-09-26,estimated,0
shipping_exports,us,nation,2023-10,77209643,tonnes,portwatch,2023-10-31,,2026-10-06T05:59:45+00:00,estimated,1
shipping_exports,us,nation,2023-11,73388052,tonnes,portwatch,2023-11-30,,2026-09-26,estimated,0
shipping_exports,us,nation,2023-11,73389544,tonnes,portwatch,2023-11-30,,2026-10-06T05:59:45+00:00,estimated,1
shipping_exports,us,nation,2023-12,79783129,tonnes,portwatch,2023-12-31,,2026-09-26,estimated,0
shipping_exports,us,nation,2023-12,79786094,tonnes,portwatch,2023-12-31,,2026-10-06T05:59:45+00:00,estimated,1
shipping_exports,us,nation,2024-01,72198372,tonnes,portwatch,2024-01-31,,2026-09-26,estimated,0
shipping_exports,us,nation,2024-01,72200355,tonnes,portwatch,2024-01-31,,2026-10-06T05:59:45+00:00,estimated,1
shipping_exports,us,nation,2024-02,71659288,tonnes,portwatch,2024-02-29,,2026-09-26,estimated,0
shipping_exports,us,nation,2024-02,71660592,tonnes,portwatch,2024-02-29,,2026-10-06T05:59:45+00:00,estimated,1
shipping_exports,us,nation,2024-03,77910299,tonnes,portwatch,2024-03-31,,2026-09-26,estimated,0
shipping_exports,us,nation,2024-03,77912418,tonnes,portwatch,2024-03-31,,2026-10-06T05:59:45+00:00,estimated,1
shipping_exports,us,nation,2024-04,69555581,tonnes,portwatch,2024-04-30,,2026-09-26,estimated,0
shipping_exports,us,nation,2024-04,69557342,tonnes,portwatch,2024-04-30,,2026-10-06T05:59:45+00:00,estimated,1
shipping_exports,us,nation,2024-05,75107441,tonnes,portwatch,2024-05-31,,2026-09-26,estimated,0
shipping_exports,us,nation,2024-05,75109119,tonnes,portwatch,2024-05-31,,2026-10-06T05:59:45+00:00,estimated,1
shipping_exports,us,nation,2024-06,73419058,tonnes,portwatch,2024-06-30,,2026-09-26,estimated,0
shipping_exports,us,nation,2024-06,73420776,tonnes,portwatch,2024-06-30,,2026-10-06T05:59:45+00:00,estimated,1
shipping_exports,us,nation,2024-07,72836997,tonnes,portwatch,2024-07-31,,2026-09-26,estimated,0
shipping_exports,us,nation,2024-07,72839178,tonnes,portwatch,2024-07-31,,2026-10-06T05:59:45+00:00,estimated,1
shipping_exports,us,nation,2024-08,75775869,tonnes,portwatch,2024-08-31,,2026-09-26,estimated,0
shipping_exports,us,nation,2024-08,75777444,tonnes,portwatch,2024-08-31,,2026-10-06T05:59:45+00:00,estimated,1
shipping_exports,us,nation,2024-09,74499155,tonnes,portwatch,2024-09-30,,2026-09-26,estimated,0
shipping_exports,us,nation,2024-09,74500554,tonnes,portwatch,2024-09-30,,2026-10-06T05:59:45+00:00,estimated,1
shipping_exports,us,nation,2024-10,78921040,tonnes,portwatch,2024-10-31,,2026-09-26,estimated,0
shipping_exports,us,nation,2024-10,78923231,tonnes,portwatch,2024-10-31,,2026-10-06T05:59:45+00:00,estimated,1
shipping_exports,us,nation,2024-11,81595393,tonnes,portwatch,2024-11-30,,2026-09-26,estimated,0
shipping_exports,us,nation,2024-11,81596446,tonnes,portwatch,2024-11-30,,2026-10-06T05:59:45+00:00,estimated,1
shipping_exports,us,nation,2024-12,80920232,tonnes,portwatch,2024-12-31,,2026-09-26,estimated,0
shipping_exports,us,nation,2024-12,80923848,tonnes,portwatch,2024-12-31,,2026-10-06T05:59:45+00:00,estimated,1
shipping_exports,us,nation,2025-01,72526983,tonnes,portwatch,2025-01-31,,2026-09-26,estimated,0
shipping_exports,us,nation,2025-01,72529651,tonnes,portwatch,2025-01-31,,2026-10-06T05:59:45+00:00,estimated,1
shipping_exports,us,nation,2025-02,66892733,tonnes,portwatch,2025-02-28,,2026-09-26,estimated,0
shipping_exports,us,nation,2025-02,66894589,tonnes,portwatch,2025-02-28,,2026-10-06T05:59:45+00:00,estimated,1
shipping_exports,us,nation,2025-03,76727505,tonnes,portwatch,2025-03-31,,2026-09-26,estimated,0
shipping_exports,us,nation,2025-03,76729467,tonnes,portwatch,2025-03-31,,2026-10-06T05:59:45+00:00,estimated,1
shipping_exports,us,nation,2025-04,73505870,tonnes,portwatch,2025-04-30,,2026-09-26,estimated,0
shipping_exports,us,nation,2025-04,73507154,tonnes,portwatch,2025-04-30,,2026-10-06T05:59:45+00:00,estimated,1
shipping_exports,us,nation,2025-05,74913233,tonnes,portwatch,2025-05-31,,2026-09-26,estimated,0
shipping_exports,us,nation,2025-05,74914275,tonnes,portwatch,2025-05-31,,2026-10-06T05:59:45+00:00,estimated,1
shipping_exports,us,nation,2025-06,70960336,tonnes,portwatch,2025-06-30,,2026-09-26,estimated,0
shipping_exports,us,nation,2025-06,70964443,tonnes,portwatch,2025-06-30,,2026-10-06T05:59:45+00:00,estimated,1
shipping_exports,us,nation,2025-07,71126974,tonnes,portwatch,2025-07-31,,2026-09-26,estimated,0
shipping_exports,us,nation,2025-07,71127856,tonnes,portwatch,2025-07-31,,2026-10-06T05:59:45+00:00,estimated,1
shipping_exports,us,nation,2025-08,76650159,tonnes,portwatch,2025-08-31,,2026-09-26,estimated,0
shipping_exports,us,nation,2025-08,76652852,tonnes,portwatch,2025-08-31,,2026-10-06T05:59:45+00:00,estimated,1
shipping_exports,us,nation,2025-09,76952227,tonnes,portwatch,2025-09-30,,2026-09-26,estimated,0
shipping_exports,us,nation,2025-09,76948645,tonnes,portwatch,2025-09-30,,2026-10-06T05:59:45+00:00,estimated,1
shipping_exports,us,nation,2025-10,79153864,tonnes,portwatch,2025-10-31,,2026-09-26,estimated,0
shipping_exports,us,nation,2025-10,79155933,tonnes,portwatch,2025-10-31,,2026-10-06T05:59:45+00:00,estimated,1
shipping_exports,us,nation,2025-11,78089837,tonnes,portwatch,2025-11-30,,2026-09-26,estimated,0
shipping_exports,us,nation,2025-11,78096864,tonnes,portwatch,2025-11-30,,2026-10-06T05:59:45+00:00,estimated,1
shipping_exports,us,nation,2025-12,78707382,tonnes,portwatch,2025-12-31,,2026-09-26,estimated,0
shipping_exports,us,nation,2025-12,78709337,tonnes,portwatch,2025-12-31,,2026-10-06T05:59:45+00:00,estimated,1
shipping_exports,us,nation,2026-01,79019058,tonnes,portwatch,2026-01-31,,2026-09-26,estimated,0
shipping_exports,us,nation,2026-01,79025345,tonnes,portwatch,2026-01-31,,2026-10-06T05:59:45+00:00,estimated,1
shipping_exports,us,nation,2026-02,70484947,tonnes,portwatch,2026-02-28,,2026-09-26,estimated,0
shipping_exports,us,nation,2026-02,70485889,tonnes,portwatch,2026-02-28,,2026-10-06T05:59:45+00:00,estimated,1
shipping_exports,us,nation,2026-03,87279472,tonnes,portwatch,2026-03-31,,2026-09-26,estimated,0
shipping_exports,us,nation,2026-03,87276708,tonnes,portwatch,2026-03-31,,2026-10-06T05:59:45+00:00,estimated,1
shipping_exports,us,nation,2026-04,87684686,tonnes,portwatch,2026-04-30,,2026-09-26,estimated,0
shipping_exports,us,nation,2026-04,87687580,tonnes,portwatch,2026-04-30,,2026-10-06T05:59:45+00:00,estimated,1
shipping_exports,us,nation,2026-05,84378401,tonnes,portwatch,2026-05-31,,2026-09-26,estimated,0
shipping_exports,us,nation,2026-05,84379596,tonnes,portwatch,2026-05-31,,2026-10-06T05:59:45+00:00,estimated,1
shipping_exports,us,nation,2026-06,76757031,tonnes,portwatch,2026-06-30,,2026-09-26,estimated,0
shipping_exports,us,nation,2026-06,76756958,tonnes,portwatch,2026-06-30,,2026-10-06T05:59:45+00:00,estimated,1
shipping_exports,us,nation,2026-07,77530381,tonnes,portwatch,2026-07-31,,2026-09-26,estimated,0
shipping_exports,us,nation,2026-07,77528636,tonnes,portwatch,2026-07-31,,2026-10-06T05:59:45+00:00,estimated,1
shipping_exports,us,nation,2026-08,77843029,tonnes,portwatch,2026-08-31,,2026-09-26,estimated,0
shipping_exports,us,nation,2026-08,77999278,tonnes,portwatch,2026-08-31,,2026-10-06T05:59:45+00:00,estimated,1
shipping_exports,za,nation,2019-01,13269969,tonnes,portwatch,2019-01-31,,2026-09-26,estimated,0
shipping_exports,za,nation,2019-01,13269951,tonnes,portwatch,2019-01-31,,2026-10-06T05:59:41+00:00,estimated,1
shipping_exports,za,nation,2019-02,14202825,tonnes,portwatch,2019-02-28,,2026-09-26,estimated,0
shipping_exports,za,nation,2019-02,14202671,tonnes,portwatch,2019-02-28,,2026-10-06T05:59:41+00:00,estimated,1
shipping_exports,za,nation,2019-03,15627832,tonnes,portwatch,2019-03-31,,2026-09-26,estimated,0
shipping_exports,za,nation,2019-03,15628014,tonnes,portwatch,2019-03-31,,2026-10-06T05:59:41+00:00,estimated,1
shipping_exports,za,nation,2019-04,14697801,tonnes,portwatch,2019-04-30,,2026-09-26,estimated,0
shipping_exports,za,nation,2019-04,14697761,tonnes,portwatch,2019-04-30,,2026-10-06T05:59:41+00:00,estimated,1
shipping_exports,za,nation,2019-05,15795763,tonnes,portwatch,2019-05-31,,2026-09-26,estimated,0
shipping_exports,za,nation,2019-05,15795676,tonnes,portwatch,2019-05-31,,2026-10-06T05:59:41+00:00,estimated,1
shipping_exports,za,nation,2019-06,14029631,tonnes,portwatch,2019-06-30,,2026-09-26,estimated,0
shipping_exports,za,nation,2019-06,14029401,tonnes,portwatch,2019-06-30,,2026-10-06T05:59:41+00:00,estimated,1
shipping_exports,za,nation,2019-07,13888229,tonnes,portwatch,2019-07-31,,2026-09-26,estimated,0
shipping_exports,za,nation,2019-07,13887917,tonnes,portwatch,2019-07-31,,2026-10-06T05:59:41+00:00,estimated,1
shipping_exports,za,nation,2019-08,13614037,tonnes,portwatch,2019-08-31,,2026-09-26,estimated,0
shipping_exports,za,nation,2019-08,13613950,tonnes,portwatch,2019-08-31,,2026-10-06T05:59:41+00:00,estimated,1
shipping_exports,za,nation,2019-09,12943600,tonnes,portwatch,2019-09-30,,2026-09-26,estimated,0
shipping_exports,za,nation,2019-09,12943501,tonnes,portwatch,2019-09-30,,2026-10-06T05:59:41+00:00,estimated,1
shipping_exports,za,nation,2019-10,14630719,tonnes,portwatch,2019-10-31,,2026-09-26,estimated,0
shipping_exports,za,nation,2019-10,14630686,tonnes,portwatch,2019-10-31,,2026-10-06T05:59:41+00:00,estimated,1
shipping_exports,za,nation,2019-11,15193431,tonnes,portwatch,2019-11-30,,2026-09-26,estimated,0
shipping_exports,za,nation,2019-11,15193487,tonnes,portwatch,2019-11-30,,2026-10-06T05:59:41+00:00,estimated,1
shipping_exports,za,nation,2019-12,14474731,tonnes,portwatch,2019-12-31,,2026-09-26,estimated,0
shipping_exports,za,nation,2019-12,14476260,tonnes,portwatch,2019-12-31,,2026-10-06T05:59:41+00:00,estimated,1
shipping_exports,za,nation,2020-01,17234780,tonnes,portwatch,2020-01-31,,2026-09-26,estimated,0
shipping_exports,za,nation,2020-01,17235378,tonnes,portwatch,2020-01-31,,2026-10-06T05:59:41+00:00,estimated,1
shipping_exports,za,nation,2020-02,13746648,tonnes,portwatch,2020-02-29,,2026-09-26,estimated,0
shipping_exports,za,nation,2020-02,13746369,tonnes,portwatch,2020-02-29,,2026-10-06T05:59:41+00:00,estimated,1
shipping_exports,za,nation,2020-03,14077550,tonnes,portwatch,2020-03-31,,2026-09-26,estimated,0
shipping_exports,za,nation,2020-03,14077163,tonnes,portwatch,2020-03-31,,2026-10-06T05:59:41+00:00,estimated,1
shipping_exports,za,nation,2020-04,10055979,tonnes,portwatch,2020-04-30,,2026-09-26,estimated,0
shipping_exports,za,nation,2020-04,10055646,tonnes,portwatch,2020-04-30,,2026-10-06T05:59:41+00:00,estimated,1
shipping_exports,za,nation,2020-05,13231242,tonnes,portwatch,2020-05-31,,2026-09-26,estimated,0
shipping_exports,za,nation,2020-05,13231181,tonnes,portwatch,2020-05-31,,2026-10-06T05:59:41+00:00,estimated,1
shipping_exports,za,nation,2020-06,15239900,tonnes,portwatch,2020-06-30,,2026-09-26,estimated,0
shipping_exports,za,nation,2020-06,15239962,tonnes,portwatch,2020-06-30,,2026-10-06T05:59:41+00:00,estimated,1
shipping_exports,za,nation,2020-07,14367583,tonnes,portwatch,2020-07-31,,2026-09-26,estimated,0
shipping_exports,za,nation,2020-07,14367367,tonnes,portwatch,2020-07-31,,2026-10-06T05:59:41+00:00,estimated,1
shipping_exports,za,nation,2020-08,15790972,tonnes,portwatch,2020-08-31,,2026-09-26,estimated,0
shipping_exports,za,nation,2020-08,15790902,tonnes,portwatch,2020-08-31,,2026-10-06T05:59:41+00:00,estimated,1
shipping_exports,za,nation,2020-09,16378944,tonnes,portwatch,2020-09-30,,2026-09-26,estimated,0
shipping_exports,za,nation,2020-09,16378674,tonnes,portwatch,2020-09-30,,2026-10-06T05:59:41+00:00,estimated,1
shipping_exports,za,nation,2020-10,14679520,tonnes,portwatch,2020-10-31,,2026-09-26,estimated,0
shipping_exports,za,nation,2020-10,14679505,tonnes,portwatch,2020-10-31,,2026-10-06T05:59:41+00:00,estimated,1
shipping_exports,za,nation,2020-11,16210818,tonnes,portwatch,2020-11-30,,2026-09-26,estimated,0
shipping_exports,za,nation,2020-11,16210873,tonnes,portwatch,2020-11-30,,2026-10-06T05:59:41+00:00,estimated,1
shipping_exports,za,nation,2020-12,15864555,tonnes,portwatch,2020-12-31,,2026-09-26,estimated,0
shipping_exports,za,nation,2020-12,15864322,tonnes,portwatch,2020-12-31,,2026-10-06T05:59:41+00:00,estimated,1
shipping_exports,za,nation,2021-01,12450522,tonnes,portwatch,2021-01-31,,2026-09-26,estimated,0
shipping_exports,za,nation,2021-01,12450348,tonnes,portwatch,2021-01-31,,2026-10-06T05:59:41+00:00,estimated,1
shipping_exports,za,nation,2021-02,12539971,tonnes,portwatch,2021-02-28,,2026-09-26,estimated,0
shipping_exports,za,nation,2021-02,12539932,tonnes,portwatch,2021-02-28,,2026-10-06T05:59:41+00:00,estimated,1
shipping_exports,za,nation,2021-03,16521809,tonnes,portwatch,2021-03-31,,2026-09-26,estimated,0
shipping_exports,za,nation,2021-03,16521661,tonnes,portwatch,2021-03-31,,2026-10-06T05:59:41+00:00,estimated,1
shipping_exports,za,nation,2021-04,14432076,tonnes,portwatch,2021-04-30,,2026-09-26,estimated,0
shipping_exports,za,nation,2021-04,14432039,tonnes,portwatch,2021-04-30,,2026-10-06T05:59:41+00:00,estimated,1
shipping_exports,za,nation,2021-05,15651720,tonnes,portwatch,2021-05-31,,2026-09-26,estimated,0
shipping_exports,za,nation,2021-05,15651678,tonnes,portwatch,2021-05-31,,2026-10-06T05:59:41+00:00,estimated,1
shipping_exports,za,nation,2021-06,14634320,tonnes,portwatch,2021-06-30,,2026-09-26,estimated,0
shipping_exports,za,nation,2021-06,14634257,tonnes,portwatch,2021-06-30,,2026-10-06T05:59:41+00:00,estimated,1
shipping_exports,za,nation,2021-07,12797266,tonnes,portwatch,2021-07-31,,2026-09-26,estimated,0
shipping_exports,za,nation,2021-07,12797117,tonnes,portwatch,2021-07-31,,2026-10-06T05:59:41+00:00,estimated,1
shipping_exports,za,nation,2021-08,15009981,tonnes,portwatch,2021-08-31,,2026-09-26,estimated,0
shipping_exports,za,nation,2021-08,15009836,tonnes,portwatch,2021-08-31,,2026-10-06T05:59:41+00:00,estimated,1
shipping_exports,za,nation,2021-09,13725311,tonnes,portwatch,2021-09-30,,2026-09-26,estimated,0
shipping_exports,za,nation,2021-09,13725215,tonnes,portwatch,2021-09-30,,2026-10-06T05:59:41+00:00,estimated,1
shipping_exports,za,nation,2021-10,12748420,tonnes,portwatch,2021-10-31,,2026-09-26,estimated,0
shipping_exports,za,nation,2021-10,12748308,tonnes,portwatch,2021-10-31,,2026-10-06T05:59:41+00:00,estimated,1
shipping_exports,za,nation,2021-11,14495220,tonnes,portwatch,2021-11-30,,2026-09-26,estimated,0
shipping_exports,za,nation,2021-11,14495035,tonnes,portwatch,2021-11-30,,2026-10-06T05:59:41+00:00,estimated,1
shipping_exports,za,nation,2021-12,14223732,tonnes,portwatch,2021-12-31,,2026-09-26,estimated,0
shipping_exports,za,nation,2021-12,14223424,tonnes,portwatch,2021-12-31,,2026-10-06T05:59:41+00:00,estimated,1
shipping_exports,za,nation,2022-01,13592047,tonnes,portwatch,2022-01-31,,2026-09-26,estimated,0
shipping_exports,za,nation,2022-01,13591919,tonnes,portwatch,2022-01-31,,2026-10-06T05:59:41+00:00,estimated,1
shipping_exports,za,nation,2022-02,14244690,tonnes,portwatch,2022-02-28,,2026-09-26,estimated,0
shipping_exports,za,nation,2022-02,14244543,tonnes,portwatch,2022-02-28,,2026-10-06T05:59:41+00:00,estimated,1
shipping_exports,za,nation,2022-03,13668808,tonnes,portwatch,2022-03-31,,2026-09-26,estimated,0
shipping_exports,za,nation,2022-03,13668767,tonnes,portwatch,2022-03-31,,2026-10-06T05:59:41+00:00,estimated,1
shipping_exports,za,nation,2022-04,13194815,tonnes,portwatch,2022-04-30,,2026-09-26,estimated,0
shipping_exports,za,nation,2022-04,13194754,tonnes,portwatch,2022-04-30,,2026-10-06T05:59:41+00:00,estimated,1
shipping_exports,za,nation,2022-05,14091679,tonnes,portwatch,2022-05-31,,2026-09-26,estimated,0
shipping_exports,za,nation,2022-05,14091467,tonnes,portwatch,2022-05-31,,2026-10-06T05:59:41+00:00,estimated,1
shipping_exports,za,nation,2022-06,15257267,tonnes,portwatch,2022-06-30,,2026-09-26,estimated,0
shipping_exports,za,nation,2022-06,15257012,tonnes,portwatch,2022-06-30,,2026-10-06T05:59:41+00:00,estimated,1
shipping_exports,za,nation,2022-07,14432508,tonnes,portwatch,2022-07-31,,2026-09-26,estimated,0
shipping_exports,za,nation,2022-07,14432312,tonnes,portwatch,2022-07-31,,2026-10-06T05:59:41+00:00,estimated,1
shipping_exports,za,nation,2022-08,13742619,tonnes,portwatch,2022-08-31,,2026-09-26,estimated,0
shipping_exports,za,nation,2022-08,13742373,tonnes,portwatch,2022-08-31,,2026-10-06T05:59:41+00:00,estimated,1
shipping_exports,za,nation,2022-09,15850625,tonnes,portwatch,2022-09-30,,2026-09-26,estimated,0
shipping_exports,za,nation,2022-09,15850463,tonnes,portwatch,2022-09-30,,2026-10-06T05:59:41+00:00,estimated,1
shipping_exports,za,nation,2022-10,11350167,tonnes,portwatch,2022-10-31,,2026-09-26,estimated,0
shipping_exports,za,nation,2022-10,11349758,tonnes,portwatch,2022-10-31,,2026-10-06T05:59:41+00:00,estimated,1
shipping_exports,za,nation,2022-11,11902170,tonnes,portwatch,2022-11-30,,2026-09-26,estimated,0
shipping_exports,za,nation,2022-11,11901931,tonnes,portwatch,2022-11-30,,2026-10-06T05:59:41+00:00,estimated,1
shipping_exports,za,nation,2022-12,13855988,tonnes,portwatch,2022-12-31,,2026-09-26,estimated,0
shipping_exports,za,nation,2022-12,13855729,tonnes,portwatch,2022-12-31,,2026-10-06T05:59:41+00:00,estimated,1
shipping_exports,za,nation,2023-01,13630762,tonnes,portwatch,2023-01-31,,2026-09-26,estimated,0
shipping_exports,za,nation,2023-01,13630316,tonnes,portwatch,2023-01-31,,2026-10-06T05:59:41+00:00,estimated,1
shipping_exports,za,nation,2023-02,12153029,tonnes,portwatch,2023-02-28,,2026-09-26,estimated,0
shipping_exports,za,nation,2023-02,12152711,tonnes,portwatch,2023-02-28,,2026-10-06T05:59:41+00:00,estimated,1
shipping_exports,za,nation,2023-03,14626822,tonnes,portwatch,2023-03-31,,2026-09-26,estimated,0
shipping_exports,za,nation,2023-03,14626638,tonnes,portwatch,2023-03-31,,2026-10-06T05:59:41+00:00,estimated,1
shipping_exports,za,nation,2023-04,13957443,tonnes,portwatch,2023-04-30,,2026-09-26,estimated,0
shipping_exports,za,nation,2023-04,13957187,tonnes,portwatch,2023-04-30,,2026-10-06T05:59:41+00:00,estimated,1
shipping_exports,za,nation,2023-05,13951867,tonnes,portwatch,2023-05-31,,2026-09-26,estimated,0
shipping_exports,za,nation,2023-05,13951786,tonnes,portwatch,2023-05-31,,2026-10-06T05:59:41+00:00,estimated,1
shipping_exports,za,nation,2023-06,14417399,tonnes,portwatch,2023-06-30,,2026-09-26,estimated,0
shipping_exports,za,nation,2023-06,14417427,tonnes,portwatch,2023-06-30,,2026-10-06T05:59:41+00:00,estimated,1
shipping_exports,za,nation,2023-07,14685499,tonnes,portwatch,2023-07-31,,2026-09-26,estimated,0
shipping_exports,za,nation,2023-07,14685385,tonnes,portwatch,2023-07-31,,2026-10-06T05:59:41+00:00,estimated,1
shipping_exports,za,nation,2023-08,14501732,tonnes,portwatch,2023-08-31,,2026-09-26,estimated,0
shipping_exports,za,nation,2023-08,14501823,tonnes,portwatch,2023-08-31,,2026-10-06T05:59:41+00:00,estimated,1
shipping_exports,za,nation,2023-09,13182772,tonnes,portwatch,2023-09-30,,2026-09-26,estimated,0
shipping_exports,za,nation,2023-09,13182748,tonnes,portwatch,2023-09-30,,2026-10-06T05:59:41+00:00,estimated,1
shipping_exports,za,nation,2023-10,12076856,tonnes,portwatch,2023-10-31,,2026-09-26,estimated,0
shipping_exports,za,nation,2023-10,12076848,tonnes,portwatch,2023-10-31,,2026-10-06T05:59:41+00:00,estimated,1
shipping_exports,za,nation,2023-11,13772119,tonnes,portwatch,2023-11-30,,2026-09-26,estimated,0
shipping_exports,za,nation,2023-11,13772292,tonnes,portwatch,2023-11-30,,2026-10-06T05:59:41+00:00,estimated,1
shipping_exports,za,nation,2023-12,15243641,tonnes,portwatch,2023-12-31,,2026-09-26,estimated,0
shipping_exports,za,nation,2023-12,15243741,tonnes,portwatch,2023-12-31,,2026-10-06T05:59:41+00:00,estimated,1
shipping_exports,za,nation,2024-01,13327106,tonnes,portwatch,2024-01-31,,2026-09-26,estimated,0
shipping_exports,za,nation,2024-01,13327022,tonnes,portwatch,2024-01-31,,2026-10-06T05:59:41+00:00,estimated,1
shipping_exports,za,nation,2024-02,12481317,tonnes,portwatch,2024-02-29,,2026-09-26,estimated,0
shipping_exports,za,nation,2024-02,12481204,tonnes,portwatch,2024-02-29,,2026-10-06T05:59:41+00:00,estimated,1
shipping_exports,za,nation,2024-03,14088628,tonnes,portwatch,2024-03-31,,2026-09-26,estimated,0
shipping_exports,za,nation,2024-03,14088753,tonnes,portwatch,2024-03-31,,2026-10-06T05:59:41+00:00,estimated,1
shipping_exports,za,nation,2024-04,12389357,tonnes,portwatch,2024-04-30,,2026-09-26,estimated,0
shipping_exports,za,nation,2024-04,12389075,tonnes,portwatch,2024-04-30,,2026-10-06T05:59:41+00:00,estimated,1
shipping_exports,za,nation,2024-05,13889279,tonnes,portwatch,2024-05-31,,2026-09-26,estimated,0
shipping_exports,za,nation,2024-05,13889451,tonnes,portwatch,2024-05-31,,2026-10-06T05:59:41+00:00,estimated,1
shipping_exports,za,nation,2024-06,13226099,tonnes,portwatch,2024-06-30,,2026-09-26,estimated,0
shipping_exports,za,nation,2024-06,13226011,tonnes,portwatch,2024-06-30,,2026-10-06T05:59:41+00:00,estimated,1
shipping_exports,za,nation,2024-07,11076334,tonnes,portwatch,2024-07-31,,2026-09-26,estimated,0
shipping_exports,za,nation,2024-07,11076226,tonnes,portwatch,2024-07-31,,2026-10-06T05:59:41+00:00,estimated,1
shipping_exports,za,nation,2024-08,14460199,tonnes,portwatch,2024-08-31,,2026-09-26,estimated,0
shipping_exports,za,nation,2024-08,14460311,tonnes,portwatch,2024-08-31,,2026-10-06T05:59:41+00:00,estimated,1
shipping_exports,za,nation,2024-09,13934989,tonnes,portwatch,2024-09-30,,2026-09-26,estimated,0
shipping_exports,za,nation,2024-09,13934943,tonnes,portwatch,2024-09-30,,2026-10-06T05:59:41+00:00,estimated,1
shipping_exports,za,nation,2024-10,12815014,tonnes,portwatch,2024-10-31,,2026-09-26,estimated,0
shipping_exports,za,nation,2024-10,12815229,tonnes,portwatch,2024-10-31,,2026-10-06T05:59:41+00:00,estimated,1
shipping_exports,za,nation,2024-11,13787332,tonnes,portwatch,2024-11-30,,2026-09-26,estimated,0
shipping_exports,za,nation,2024-11,13787333,tonnes,portwatch,2024-11-30,,2026-10-06T05:59:41+00:00,estimated,1
shipping_exports,za,nation,2024-12,15485874,tonnes,portwatch,2024-12-31,,2026-09-26,estimated,0
shipping_exports,za,nation,2024-12,15485994,tonnes,portwatch,2024-12-31,,2026-10-06T05:59:41+00:00,estimated,1
shipping_exports,za,nation,2025-01,13115800,tonnes,portwatch,2025-01-31,,2026-09-26,estimated,0
shipping_exports,za,nation,2025-01,13115850,tonnes,portwatch,2025-01-31,,2026-10-06T05:59:41+00:00,estimated,1
shipping_exports,za,nation,2025-02,12958408,tonnes,portwatch,2025-02-28,,2026-09-26,estimated,0
shipping_exports,za,nation,2025-02,12958330,tonnes,portwatch,2025-02-28,,2026-10-06T05:59:41+00:00,estimated,1
shipping_exports,za,nation,2025-03,15564468,tonnes,portwatch,2025-03-31,,2026-09-26,estimated,0
shipping_exports,za,nation,2025-03,15564319,tonnes,portwatch,2025-03-31,,2026-10-06T05:59:41+00:00,estimated,1
shipping_exports,za,nation,2025-04,13489000,tonnes,portwatch,2025-04-30,,2026-09-26,estimated,0
shipping_exports,za,nation,2025-04,13489025,tonnes,portwatch,2025-04-30,,2026-10-06T05:59:41+00:00,estimated,1
shipping_exports,za,nation,2025-05,14594233,tonnes,portwatch,2025-05-31,,2026-09-26,estimated,0
shipping_exports,za,nation,2025-05,14594277,tonnes,portwatch,2025-05-31,,2026-10-06T05:59:41+00:00,estimated,1
shipping_exports,za,nation,2025-06,13613243,tonnes,portwatch,2025-06-30,,2026-09-26,estimated,0
shipping_exports,za,nation,2025-06,13613131,tonnes,portwatch,2025-06-30,,2026-10-06T05:59:41+00:00,estimated,1
shipping_exports,za,nation,2025-07,14713092,tonnes,portwatch,2025-07-31,,2026-09-26,estimated,0
shipping_exports,za,nation,2025-07,14712930,tonnes,portwatch,2025-07-31,,2026-10-06T05:59:41+00:00,estimated,1
shipping_exports,za,nation,2025-08,15064908,tonnes,portwatch,2025-08-31,,2026-09-26,estimated,0
shipping_exports,za,nation,2025-08,15064988,tonnes,portwatch,2025-08-31,,2026-10-06T05:59:41+00:00,estimated,1
shipping_exports,za,nation,2025-09,14883829,tonnes,portwatch,2025-09-30,,2026-09-26,estimated,0
shipping_exports,za,nation,2025-09,14887821,tonnes,portwatch,2025-09-30,,2026-10-06T05:59:41+00:00,estimated,1
shipping_exports,za,nation,2025-10,13192563,tonnes,portwatch,2025-10-31,,2026-09-26,estimated,0
shipping_exports,za,nation,2025-10,13192552,tonnes,portwatch,2025-10-31,,2026-10-06T05:59:41+00:00,estimated,1
shipping_exports,za,nation,2025-11,14794382,tonnes,portwatch,2025-11-30,,2026-09-26,estimated,0
shipping_exports,za,nation,2025-11,14797812,tonnes,portwatch,2025-11-30,,2026-10-06T05:59:41+00:00,estimated,1
shipping_exports,za,nation,2025-12,15655457,tonnes,portwatch,2025-12-31,,2026-09-26,estimated,0
shipping_exports,za,nation,2025-12,15662731,tonnes,portwatch,2025-12-31,,2026-10-06T05:59:41+00:00,estimated,1
shipping_exports,za,nation,2026-01,14956467,tonnes,portwatch,2026-01-31,,2026-09-26,estimated,0
shipping_exports,za,nation,2026-01,14960196,tonnes,portwatch,2026-01-31,,2026-10-06T05:59:41+00:00,estimated,1
shipping_exports,za,nation,2026-02,14104982,tonnes,portwatch,2026-02-28,,2026-09-26,estimated,0
shipping_exports,za,nation,2026-02,14108842,tonnes,portwatch,2026-02-28,,2026-10-06T05:59:41+00:00,estimated,1
shipping_exports,za,nation,2026-03,16379937,tonnes,portwatch,2026-03-31,,2026-09-26,estimated,0
shipping_exports,za,nation,2026-03,16380008,tonnes,portwatch,2026-03-31,,2026-10-06T05:59:41+00:00,estimated,1
shipping_exports,za,nation,2026-04,13955557,tonnes,portwatch,2026-04-30,,2026-09-26,estimated,0
shipping_exports,za,nation,2026-04,13959134,tonnes,portwatch,2026-04-30,,2026-10-06T05:59:41+00:00,estimated,1
shipping_exports,za,nation,2026-05,13959694,tonnes,portwatch,2026-05-31,,2026-09-26,estimated,0
shipping_exports,za,nation,2026-05,13961288,tonnes,portwatch,2026-05-31,,2026-10-06T05:59:41+00:00,estimated,1
shipping_exports,za,nation,2026-06,14098706,tonnes,portwatch,2026-06-30,,2026-09-26,estimated,0
shipping_exports,za,nation,2026-06,14101925,tonnes,portwatch,2026-06-30,,2026-10-06T05:59:41+00:00,estimated,1
shipping_exports,za,nation,2026-07,13875022,tonnes,portwatch,2026-07-31,,2026-09-26,estimated,0
shipping_exports,za,nation,2026-07,14022861,tonnes,portwatch,2026-07-31,,2026-10-06T05:59:41+00:00,estimated,1
shipping_exports,za,nation,2026-08,14683650,tonnes,portwatch,2026-08-31,,2026-09-26,estimated,0
shipping_exports,za,nation,2026-08,14790497,tonnes,portwatch,2026-08-31,,2026-10-06T05:59:41+00:00,estimated,1
