metric_id,geo_id,geo_level,period,value,unit,source_id,observation_end,published_at,fetched_at,quality_flag,revision
shipping_container_exports,ae,nation,2019-01,8936860,tonnes,portwatch,2019-01-31,,2026-09-26,estimated,0
shipping_container_exports,ae,nation,2019-01,8936923,tonnes,portwatch,2019-01-31,,2026-10-06T05:59:44+00:00,estimated,1
shipping_container_exports,ae,nation,2019-02,6155441,tonnes,portwatch,2019-02-28,,2026-09-26,estimated,0
shipping_container_exports,ae,nation,2019-02,6155529,tonnes,portwatch,2019-02-28,,2026-10-06T05:59:44+00:00,estimated,1
shipping_container_exports,ae,nation,2019-03,7805100,tonnes,portwatch,2019-03-31,,2026-09-26,estimated,0
shipping_container_exports,ae,nation,2019-03,7805042,tonnes,portwatch,2019-03-31,,2026-10-06T05:59:44+00:00,estimated,1
shipping_container_exports,ae,nation,2019-04,7100964,tonnes,portwatch,2019-04-30,,2026-09-26,estimated,0
shipping_container_exports,ae,nation,2019-04,7101123,tonnes,portwatch,2019-04-30,,2026-10-06T05:59:44+00:00,estimated,1
shipping_container_exports,ae,nation,2019-05,8366031,tonnes,portwatch,2019-05-31,,2026-09-26,estimated,0
shipping_container_exports,ae,nation,2019-05,8366285,tonnes,portwatch,2019-05-31,,2026-10-06T05:59:44+00:00,estimated,1
shipping_container_exports,ae,nation,2019-06,8406427,tonnes,portwatch,2019-06-30,,2026-09-26,estimated,0
shipping_container_exports,ae,nation,2019-06,8406543,tonnes,portwatch,2019-06-30,,2026-10-06T05:59:44+00:00,estimated,1
shipping_container_exports,ae,nation,2019-07,7447013,tonnes,portwatch,2019-07-31,,2026-09-26,estimated,0
shipping_container_exports,ae,nation,2019-07,7447054,tonnes,portwatch,2019-07-31,,2026-10-06T05:59:44+00:00,estimated,1
shipping_container_exports,ae,nation,2019-08,7062575,tonnes,portwatch,2019-08-31,,2026-09-26,estimated,0
shipping_container_exports,ae,nation,2019-08,7062606,tonnes,portwatch,2019-08-31,,2026-10-06T05:59:44+00:00,estimated,1
shipping_container_exports,ae,nation,2019-09,7045320,tonnes,portwatch,2019-09-30,,2026-09-26,estimated,0
shipping_container_exports,ae,nation,2019-09,7045486,tonnes,portwatch,2019-09-30,,2026-10-06T05:59:44+00:00,estimated,1
shipping_container_exports,ae,nation,2019-10,6889135,tonnes,portwatch,2019-10-31,,2026-09-26,estimated,0
shipping_container_exports,ae,nation,2019-10,6889307,tonnes,portwatch,2019-10-31,,2026-10-06T05:59:44+00:00,estimated,1
shipping_container_exports,ae,nation,2019-11,6981276,tonnes,portwatch,2019-11-30,,2026-09-26,estimated,0
shipping_container_exports,ae,nation,2019-11,6981311,tonnes,portwatch,2019-11-30,,2026-10-06T05:59:44+00:00,estimated,1
shipping_container_exports,ae,nation,2019-12,7165984,tonnes,portwatch,2019-12-31,,2026-09-26,estimated,0
shipping_container_exports,ae,nation,2019-12,7166245,tonnes,portwatch,2019-12-31,,2026-10-06T05:59:44+00:00,estimated,1
shipping_container_exports,ae,nation,2020-01,6919866,tonnes,portwatch,2020-01-31,,2026-09-26,estimated,0
shipping_container_exports,ae,nation,2020-01,6919968,tonnes,portwatch,2020-01-31,,2026-10-06T05:59:44+00:00,estimated,1
shipping_container_exports,ae,nation,2020-02,6801786,tonnes,portwatch,2020-02-29,,2026-09-26,estimated,0
shipping_container_exports,ae,nation,2020-02,6802096,tonnes,portwatch,2020-02-29,,2026-10-06T05:59:44+00:00,estimated,1
shipping_container_exports,ae,nation,2020-03,6846313,tonnes,portwatch,2020-03-31,,2026-09-26,estimated,0
shipping_container_exports,ae,nation,2020-03,6846615,tonnes,portwatch,2020-03-31,,2026-10-06T05:59:44+00:00,estimated,1
shipping_container_exports,ae,nation,2020-04,6681118,tonnes,portwatch,2020-04-30,,2026-09-26,estimated,0
shipping_container_exports,ae,nation,2020-04,6681424,tonnes,portwatch,2020-04-30,,2026-10-06T05:59:44+00:00,estimated,1
shipping_container_exports,ae,nation,2020-05,6842592,tonnes,portwatch,2020-05-31,,2026-09-26,estimated,0
shipping_container_exports,ae,nation,2020-05,6842754,tonnes,portwatch,2020-05-31,,2026-10-06T05:59:44+00:00,estimated,1
shipping_container_exports,ae,nation,2020-06,7111561,tonnes,portwatch,2020-06-30,,2026-09-26,estimated,0
shipping_container_exports,ae,nation,2020-06,7111734,tonnes,portwatch,2020-06-30,,2026-10-06T05:59:44+00:00,estimated,1
shipping_container_exports,ae,nation,2020-07,7401243,tonnes,portwatch,2020-07-31,,2026-09-26,estimated,0
shipping_container_exports,ae,nation,2020-07,7401481,tonnes,portwatch,2020-07-31,,2026-10-06T05:59:44+00:00,estimated,1
shipping_container_exports,ae,nation,2020-08,7008412,tonnes,portwatch,2020-08-31,,2026-09-26,estimated,0
shipping_container_exports,ae,nation,2020-08,7008556,tonnes,portwatch,2020-08-31,,2026-10-06T05:59:44+00:00,estimated,1
shipping_container_exports,ae,nation,2020-09,7678144,tonnes,portwatch,2020-09-30,,2026-09-26,estimated,0
shipping_container_exports,ae,nation,2020-09,7678441,tonnes,portwatch,2020-09-30,,2026-10-06T05:59:44+00:00,estimated,1
shipping_container_exports,ae,nation,2020-10,7715161,tonnes,portwatch,2020-10-31,,2026-09-26,estimated,0
shipping_container_exports,ae,nation,2020-10,7715362,tonnes,portwatch,2020-10-31,,2026-10-06T05:59:44+00:00,estimated,1
shipping_container_exports,ae,nation,2020-11,7154141,tonnes,portwatch,2020-11-30,,2026-09-26,estimated,0
shipping_container_exports,ae,nation,2020-11,7154368,tonnes,portwatch,2020-11-30,,2026-10-06T05:59:44+00:00,estimated,1
shipping_container_exports,ae,nation,2020-12,6971479,tonnes,portwatch,2020-12-31,,2026-09-26,estimated,0
shipping_container_exports,ae,nation,2020-12,6971769,tonnes,portwatch,2020-12-31,,2026-10-06T05:59:44+00:00,estimated,1
shipping_container_exports,ae,nation,2021-01,7580303,tonnes,portwatch,2021-01-31,,2026-09-26,estimated,0
shipping_container_exports,ae,nation,2021-01,7580507,tonnes,portwatch,2021-01-31,,2026-10-06T05:59:44+00:00,estimated,1
shipping_container_exports,ae,nation,2021-02,7039837,tonnes,portwatch,2021-02-28,,2026-09-26,estimated,0
shipping_container_exports,ae,nation,2021-02,7040021,tonnes,portwatch,2021-02-28,,2026-10-06T05:59:44+00:00,estimated,1
shipping_container_exports,ae,nation,2021-03,7765180,tonnes,portwatch,2021-03-31,,2026-09-26,estimated,0
shipping_container_exports,ae,nation,2021-03,7765346,tonnes,portwatch,2021-03-31,,2026-10-06T05:59:44+00:00,estimated,1
shipping_container_exports,ae,nation,2021-04,7436815,tonnes,portwatch,2021-04-30,,2026-09-26,estimated,0
shipping_container_exports,ae,nation,2021-04,7436983,tonnes,portwatch,2021-04-30,,2026-10-06T05:59:44+00:00,estimated,1
shipping_container_exports,ae,nation,2021-05,7289411,tonnes,portwatch,2021-05-31,,2026-09-26,estimated,0
shipping_container_exports,ae,nation,2021-05,7289554,tonnes,portwatch,2021-05-31,,2026-10-06T05:59:44+00:00,estimated,1
shipping_container_exports,ae,nation,2021-06,7414453,tonnes,portwatch,2021-06-30,,2026-09-26,estimated,0
shipping_container_exports,ae,nation,2021-06,7414609,tonnes,portwatch,2021-06-30,,2026-10-06T05:59:44+00:00,estimated,1
shipping_container_exports,ae,nation,2021-07,7496523,tonnes,portwatch,2021-07-31,,2026-09-26,estimated,0
shipping_container_exports,ae,nation,2021-07,7496623,tonnes,portwatch,2021-07-31,,2026-10-06T05:59:44+00:00,estimated,1
shipping_container_exports,ae,nation,2021-08,7416384,tonnes,portwatch,2021-08-31,,2026-09-26,estimated,0
shipping_container_exports,ae,nation,2021-08,7416544,tonnes,portwatch,2021-08-31,,2026-10-06T05:59:44+00:00,estimated,1
shipping_container_exports,ae,nation,2021-09,7364538,tonnes,portwatch,2021-09-30,,2026-09-26,estimated,0
shipping_container_exports,ae,nation,2021-09,7364495,tonnes,portwatch,2021-09-30,,2026-10-06T05:59:44+00:00,estimated,1
shipping_container_exports,ae,nation,2021-10,7583485,tonnes,portwatch,2021-10-31,,2026-09-26,estimated,0
shipping_container_exports,ae,nation,2021-10,7583479,tonnes,portwatch,2021-10-31,,2026-10-06T05:59:44+00:00,estimated,1
shipping_container_exports,ae,nation,2021-11,7497205,tonnes,portwatch,2021-11-30,,2026-09-26,estimated,0
shipping_container_exports,ae,nation,2021-11,7497184,tonnes,portwatch,2021-11-30,,2026-10-06T05:59:44+00:00,estimated,1
shipping_container_exports,ae,nation,2021-12,7280414,tonnes,portwatch,2021-12-31,,2026-09-26,estimated,0
shipping_container_exports,ae,nation,2021-12,7280393,tonnes,portwatch,2021-12-31,,2026-10-06T05:59:44+00:00,estimated,1
shipping_container_exports,ae,nation,2022-01,7344217,tonnes,portwatch,2022-01-31,,2026-09-26,estimated,0
shipping_container_exports,ae,nation,2022-01,7344109,tonnes,portwatch,2022-01-31,,2026-10-06T05:59:44+00:00,estimated,1
shipping_container_exports,ae,nation,2022-02,6930017,tonnes,portwatch,2022-02-28,,2026-09-26,estimated,0
shipping_container_exports,ae,nation,2022-02,6929863,tonnes,portwatch,2022-02-28,,2026-10-06T05:59:44+00:00,estimated,1
shipping_container_exports,ae,nation,2022-03,7585681,tonnes,portwatch,2022-03-31,,2026-09-26,estimated,0
shipping_container_exports,ae,nation,2022-03,7585773,tonnes,portwatch,2022-03-31,,2026-10-06T05:59:44+00:00,estimated,1
shipping_container_exports,ae,nation,2022-04,7592061,tonnes,portwatch,2022-04-30,,2026-09-26,estimated,0
shipping_container_exports,ae,nation,2022-04,7592091,tonnes,portwatch,2022-04-30,,2026-10-06T05:59:44+00:00,estimated,1
shipping_container_exports,ae,nation,2022-05,7710935,tonnes,portwatch,2022-05-31,,2026-09-26,estimated,0
shipping_container_exports,ae,nation,2022-05,7711032,tonnes,portwatch,2022-05-31,,2026-10-06T05:59:44+00:00,estimated,1
shipping_container_exports,ae,nation,2022-06,7746207,tonnes,portwatch,2022-06-30,,2026-09-26,estimated,0
shipping_container_exports,ae,nation,2022-06,7746446,tonnes,portwatch,2022-06-30,,2026-10-06T05:59:44+00:00,estimated,1
shipping_container_exports,ae,nation,2022-07,7996757,tonnes,portwatch,2022-07-31,,2026-09-26,estimated,0
shipping_container_exports,ae,nation,2022-07,7996907,tonnes,portwatch,2022-07-31,,2026-10-06T05:59:44+00:00,estimated,1
shipping_container_exports,ae,nation,2022-08,8465097,tonnes,portwatch,2022-08-31,,2026-09-26,estimated,0
shipping_container_exports,ae,nation,2022-08,8465129,tonnes,portwatch,2022-08-31,,2026-10-06T05:59:44+00:00,estimated,1
shipping_container_exports,ae,nation,2022-09,8308776,tonnes,portwatch,2022-09-30,,2026-09-26,estimated,0
shipping_container_exports,ae,nation,2022-09,8308864,tonnes,portwatch,2022-09-30,,2026-10-06T05:59:44+00:00,estimated,1
shipping_container_exports,ae,nation,2022-10,6846368,tonnes,portwatch,2022-10-31,,2026-09-26,estimated,0
shipping_container_exports,ae,nation,2022-10,6846413,tonnes,portwatch,2022-10-31,,2026-10-06T05:59:44+00:00,estimated,1
shipping_container_exports,ae,nation,2022-11,6895231,tonnes,portwatch,2022-11-30,,2026-09-26,estimated,0
shipping_container_exports,ae,nation,2022-11,6895263,tonnes,portwatch,2022-11-30,,2026-10-06T05:59:44+00:00,estimated,1
shipping_container_exports,ae,nation,2022-12,6884963,tonnes,portwatch,2022-12-31,,2026-09-26,estimated,0
shipping_container_exports,ae,nation,2022-12,6885064,tonnes,portwatch,2022-12-31,,2026-10-06T05:59:44+00:00,estimated,1
shipping_container_exports,ae,nation,2023-01,7723139,tonnes,portwatch,2023-01-31,,2026-09-26,estimated,0
shipping_container_exports,ae,nation,2023-01,7723148,tonnes,portwatch,2023-01-31,,2026-10-06T05:59:44+00:00,estimated,1
shipping_container_exports,ae,nation,2023-02,6625195,tonnes,portwatch,2023-02-28,,2026-09-26,estimated,0
shipping_container_exports,ae,nation,2023-02,6625199,tonnes,portwatch,2023-02-28,,2026-10-06T05:59:44+00:00,estimated,1
shipping_container_exports,ae,nation,2023-03,7627425,tonnes,portwatch,2023-03-31,,2026-09-26,estimated,0
shipping_container_exports,ae,nation,2023-03,7627535,tonnes,portwatch,2023-03-31,,2026-10-06T05:59:44+00:00,estimated,1
shipping_container_exports,ae,nation,2023-04,7075170,tonnes,portwatch,2023-04-30,,2026-09-26,estimated,0
shipping_container_exports,ae,nation,2023-04,7075222,tonnes,portwatch,2023-04-30,,2026-10-06T05:59:44+00:00,estimated,1
shipping_container_exports,ae,nation,2023-05,8085423,tonnes,portwatch,2023-05-31,,2026-09-26,estimated,0
shipping_container_exports,ae,nation,2023-05,8085445,tonnes,portwatch,2023-05-31,,2026-10-06T05:59:44+00:00,estimated,1
shipping_container_exports,ae,nation,2023-06,7460211,tonnes,portwatch,2023-06-30,,2026-09-26,estimated,0
shipping_container_exports,ae,nation,2023-06,7460294,tonnes,portwatch,2023-06-30,,2026-10-06T05:59:44+00:00,estimated,1
shipping_container_exports,ae,nation,2023-07,8541466,tonnes,portwatch,2023-07-31,,2026-09-26,estimated,0
shipping_container_exports,ae,nation,2023-07,8541414,tonnes,portwatch,2023-07-31,,2026-10-06T05:59:44+00:00,estimated,1
shipping_container_exports,ae,nation,2023-08,9097368,tonnes,portwatch,2023-08-31,,2026-09-26,estimated,0
shipping_container_exports,ae,nation,2023-08,9097391,tonnes,portwatch,2023-08-31,,2026-10-06T05:59:44+00:00,estimated,1
shipping_container_exports,ae,nation,2023-09,8740631,tonnes,portwatch,2023-09-30,,2026-09-26,estimated,0
shipping_container_exports,ae,nation,2023-09,8740644,tonnes,portwatch,2023-09-30,,2026-10-06T05:59:44+00:00,estimated,1
shipping_container_exports,ae,nation,2023-10,7416987,tonnes,portwatch,2023-10-31,,2026-09-26,estimated,0
shipping_container_exports,ae,nation,2023-10,7417126,tonnes,portwatch,2023-10-31,,2026-10-06T05:59:44+00:00,estimated,1
shipping_container_exports,ae,nation,2023-11,6869059,tonnes,portwatch,2023-11-30,,2026-09-26,estimated,0
shipping_container_exports,ae,nation,2023-11,6869100,tonnes,portwatch,2023-11-30,,2026-10-06T05:59:44+00:00,estimated,1
shipping_container_exports,ae,nation,2023-12,7462698,tonnes,portwatch,2023-12-31,,2026-09-26,estimated,0
shipping_container_exports,ae,nation,2023-12,7462706,tonnes,portwatch,2023-12-31,,2026-10-06T05:59:44+00:00,estimated,1
shipping_container_exports,ae,nation,2024-01,8078281,tonnes,portwatch,2024-01-31,,2026-09-26,estimated,0
shipping_container_exports,ae,nation,2024-01,8078262,tonnes,portwatch,2024-01-31,,2026-10-06T05:59:44+00:00,estimated,1
shipping_container_exports,ae,nation,2024-02,7440378,tonnes,portwatch,2024-02-29,,2026-09-26,estimated,0
shipping_container_exports,ae,nation,2024-02,7440406,tonnes,portwatch,2024-02-29,,2026-10-06T05:59:44+00:00,estimated,1
shipping_container_exports,ae,nation,2024-03,7600789,tonnes,portwatch,2024-03-31,,2026-09-26,estimated,0
shipping_container_exports,ae,nation,2024-03,7600756,tonnes,portwatch,2024-03-31,,2026-10-06T05:59:44+00:00,estimated,1
shipping_container_exports,ae,nation,2024-04,7793517,tonnes,portwatch,2024-04-30,,2026-09-26,estimated,0
shipping_container_exports,ae,nation,2024-04,7793427,tonnes,portwatch,2024-04-30,,2026-10-06T05:59:44+00:00,estimated,1
shipping_container_exports,ae,nation,2024-05,8172982,tonnes,portwatch,2024-05-31,,2026-09-26,estimated,0
shipping_container_exports,ae,nation,2024-05,8172964,tonnes,portwatch,2024-05-31,,2026-10-06T05:59:44+00:00,estimated,1
shipping_container_exports,ae,nation,2024-06,8084524,tonnes,portwatch,2024-06-30,,2026-09-26,estimated,0
shipping_container_exports,ae,nation,2024-06,8084408,tonnes,portwatch,2024-06-30,,2026-10-06T05:59:44+00:00,estimated,1
shipping_container_exports,ae,nation,2024-07,8455197,tonnes,portwatch,2024-07-31,,2026-09-26,estimated,0
shipping_container_exports,ae,nation,2024-07,8455133,tonnes,portwatch,2024-07-31,,2026-10-06T05:59:44+00:00,estimated,1
shipping_container_exports,ae,nation,2024-08,8660824,tonnes,portwatch,2024-08-31,,2026-09-26,estimated,0
shipping_container_exports,ae,nation,2024-08,8660794,tonnes,portwatch,2024-08-31,,2026-10-06T05:59:44+00:00,estimated,1
shipping_container_exports,ae,nation,2024-09,9211452,tonnes,portwatch,2024-09-30,,2026-09-26,estimated,0
shipping_container_exports,ae,nation,2024-09,9211433,tonnes,portwatch,2024-09-30,,2026-10-06T05:59:44+00:00,estimated,1
shipping_container_exports,ae,nation,2024-10,8762708,tonnes,portwatch,2024-10-31,,2026-09-26,estimated,0
shipping_container_exports,ae,nation,2024-10,8762765,tonnes,portwatch,2024-10-31,,2026-10-06T05:59:44+00:00,estimated,1
shipping_container_exports,ae,nation,2024-11,8794497,tonnes,portwatch,2024-11-30,,2026-09-26,estimated,0
shipping_container_exports,ae,nation,2024-11,8794377,tonnes,portwatch,2024-11-30,,2026-10-06T05:59:44+00:00,estimated,1
shipping_container_exports,ae,nation,2024-12,8808233,tonnes,portwatch,2024-12-31,,2026-09-26,estimated,0
shipping_container_exports,ae,nation,2024-12,8807996,tonnes,portwatch,2024-12-31,,2026-10-06T05:59:44+00:00,estimated,1
shipping_container_exports,ae,nation,2025-01,8881606,tonnes,portwatch,2025-01-31,,2026-09-26,estimated,0
shipping_container_exports,ae,nation,2025-01,8881566,tonnes,portwatch,2025-01-31,,2026-10-06T05:59:44+00:00,estimated,1
shipping_container_exports,ae,nation,2025-02,7975020,tonnes,portwatch,2025-02-28,,2026-09-26,estimated,0
shipping_container_exports,ae,nation,2025-02,7974892,tonnes,portwatch,2025-02-28,,2026-10-06T05:59:44+00:00,estimated,1
shipping_container_exports,ae,nation,2025-03,8443604,tonnes,portwatch,2025-03-31,,2026-09-26,estimated,0
shipping_container_exports,ae,nation,2025-03,8443660,tonnes,portwatch,2025-03-31,,2026-10-06T05:59:44+00:00,estimated,1
shipping_container_exports,ae,nation,2025-04,8230285,tonnes,portwatch,2025-04-30,,2026-09-26,estimated,0
shipping_container_exports,ae,nation,2025-04,8230281,tonnes,portwatch,2025-04-30,,2026-10-06T05:59:44+00:00,estimated,1
shipping_container_exports,ae,nation,2025-05,8398581,tonnes,portwatch,2025-05-31,,2026-09-26,estimated,0
shipping_container_exports,ae,nation,2025-05,8398419,tonnes,portwatch,2025-05-31,,2026-10-06T05:59:44+00:00,estimated,1
shipping_container_exports,ae,nation,2025-06,7536668,tonnes,portwatch,2025-06-30,,2026-09-26,estimated,0
shipping_container_exports,ae,nation,2025-06,7536529,tonnes,portwatch,2025-06-30,,2026-10-06T05:59:44+00:00,estimated,1
shipping_container_exports,ae,nation,2025-07,7757570,tonnes,portwatch,2025-07-31,,2026-09-26,estimated,0
shipping_container_exports,ae,nation,2025-07,7757508,tonnes,portwatch,2025-07-31,,2026-10-06T05:59:44+00:00,estimated,1
shipping_container_exports,ae,nation,2025-08,8607199,tonnes,portwatch,2025-08-31,,2026-09-26,estimated,0
shipping_container_exports,ae,nation,2025-08,8607144,tonnes,portwatch,2025-08-31,,2026-10-06T05:59:44+00:00,estimated,1
shipping_container_exports,ae,nation,2025-09,8246679,tonnes,portwatch,2025-09-30,,2026-09-26,estimated,0
shipping_container_exports,ae,nation,2025-09,8246668,tonnes,portwatch,2025-09-30,,2026-10-06T05:59:44+00:00,estimated,1
shipping_container_exports,ae,nation,2025-10,9139463,tonnes,portwatch,2025-10-31,,2026-09-26,estimated,0
shipping_container_exports,ae,nation,2025-10,9139336,tonnes,portwatch,2025-10-31,,2026-10-06T05:59:44+00:00,estimated,1
shipping_container_exports,ae,nation,2025-11,8279544,tonnes,portwatch,2025-11-30,,2026-09-26,estimated,0
shipping_container_exports,ae,nation,2025-11,8279462,tonnes,portwatch,2025-11-30,,2026-10-06T05:59:44+00:00,estimated,1
shipping_container_exports,ae,nation,2025-12,8011628,tonnes,portwatch,2025-12-31,,2026-09-26,estimated,0
shipping_container_exports,ae,nation,2025-12,8011528,tonnes,portwatch,2025-12-31,,2026-10-06T05:59:44+00:00,estimated,1
shipping_container_exports,ae,nation,2026-01,8529571,tonnes,portwatch,2026-01-31,,2026-09-26,estimated,0
shipping_container_exports,ae,nation,2026-01,8529325,tonnes,portwatch,2026-01-31,,2026-10-06T05:59:44+00:00,estimated,1
shipping_container_exports,ae,nation,2026-02,8079166,tonnes,portwatch,2026-02-28,,2026-09-26,estimated,0
shipping_container_exports,ae,nation,2026-02,8078918,tonnes,portwatch,2026-02-28,,2026-10-06T05:59:44+00:00,estimated,1
shipping_container_exports,ae,nation,2026-03,666096,tonnes,portwatch,2026-03-31,,2026-09-26,estimated,0
shipping_container_exports,ae,nation,2026-03,665993,tonnes,portwatch,2026-03-31,,2026-10-06T05:59:44+00:00,estimated,1
shipping_container_exports,ae,nation,2026-04,1274926,tonnes,portwatch,2026-04-30,,2026-09-26,estimated,0
shipping_container_exports,ae,nation,2026-04,1274881,tonnes,portwatch,2026-04-30,,2026-10-06T05:59:44+00:00,estimated,1
shipping_container_exports,ae,nation,2026-05,625724,tonnes,portwatch,2026-05-31,,2026-09-26,estimated,0
shipping_container_exports,ae,nation,2026-05,625816,tonnes,portwatch,2026-05-31,,2026-10-06T05:59:44+00:00,estimated,1
shipping_container_exports,ae,nation,2026-06,899697,tonnes,portwatch,2026-06-30,,2026-09-26,estimated,0
shipping_container_exports,ae,nation,2026-06,899551,tonnes,portwatch,2026-06-30,,2026-10-06T05:59:44+00:00,estimated,1
shipping_container_exports,ae,nation,2026-07,1692578,tonnes,portwatch,2026-07-31,,2026-09-26,estimated,0
shipping_container_exports,ae,nation,2026-07,1692559,tonnes,portwatch,2026-07-31,,2026-10-06T05:59:44+00:00,estimated,1
shipping_container_exports,ae,nation,2026-08,1262284,tonnes,portwatch,2026-08-31,,2026-09-26,estimated,0
shipping_container_exports,ae,nation,2026-08,1262197,tonnes,portwatch,2026-08-31,,2026-10-06T05:59:44+00:00,estimated,1
shipping_container_exports,au,nation,2019-01,1727924,tonnes,portwatch,2019-01-31,,2026-09-26,estimated,0
shipping_container_exports,au,nation,2019-01,1727822,tonnes,portwatch,2019-01-31,,2026-10-06T05:59:31+00:00,estimated,1
shipping_container_exports,au,nation,2019-02,1766811,tonnes,portwatch,2019-02-28,,2026-09-26,estimated,0
shipping_container_exports,au,nation,2019-02,1766701,tonnes,portwatch,2019-02-28,,2026-10-06T05:59:31+00:00,estimated,1
shipping_container_exports,au,nation,2019-03,1951068,tonnes,portwatch,2019-03-31,,2026-09-26,estimated,0
shipping_container_exports,au,nation,2019-03,1950973,tonnes,portwatch,2019-03-31,,2026-10-06T05:59:31+00:00,estimated,1
shipping_container_exports,au,nation,2019-04,2076539,tonnes,portwatch,2019-04-30,,2026-09-26,estimated,0
shipping_container_exports,au,nation,2019-04,2076473,tonnes,portwatch,2019-04-30,,2026-10-06T05:59:31+00:00,estimated,1
shipping_container_exports,au,nation,2019-05,1969605,tonnes,portwatch,2019-05-31,,2026-09-26,estimated,0
shipping_container_exports,au,nation,2019-05,1969490,tonnes,portwatch,2019-05-31,,2026-10-06T05:59:31+00:00,estimated,1
shipping_container_exports,au,nation,2019-06,2083281,tonnes,portwatch,2019-06-30,,2026-09-26,estimated,0
shipping_container_exports,au,nation,2019-06,2083211,tonnes,portwatch,2019-06-30,,2026-10-06T05:59:31+00:00,estimated,1
shipping_container_exports,au,nation,2019-07,2174689,tonnes,portwatch,2019-07-31,,2026-09-26,estimated,0
shipping_container_exports,au,nation,2019-07,2174598,tonnes,portwatch,2019-07-31,,2026-10-06T05:59:31+00:00,estimated,1
shipping_container_exports,au,nation,2019-08,2002466,tonnes,portwatch,2019-08-31,,2026-09-26,estimated,0
shipping_container_exports,au,nation,2019-08,2002395,tonnes,portwatch,2019-08-31,,2026-10-06T05:59:31+00:00,estimated,1
shipping_container_exports,au,nation,2019-09,2070082,tonnes,portwatch,2019-09-30,,2026-09-26,estimated,0
shipping_container_exports,au,nation,2019-09,2070005,tonnes,portwatch,2019-09-30,,2026-10-06T05:59:31+00:00,estimated,1
shipping_container_exports,au,nation,2019-10,2072451,tonnes,portwatch,2019-10-31,,2026-09-26,estimated,0
shipping_container_exports,au,nation,2019-10,2072343,tonnes,portwatch,2019-10-31,,2026-10-06T05:59:31+00:00,estimated,1
shipping_container_exports,au,nation,2019-11,2104341,tonnes,portwatch,2019-11-30,,2026-09-26,estimated,0
shipping_container_exports,au,nation,2019-11,2104230,tonnes,portwatch,2019-11-30,,2026-10-06T05:59:31+00:00,estimated,1
shipping_container_exports,au,nation,2019-12,2114544,tonnes,portwatch,2019-12-31,,2026-09-26,estimated,0
shipping_container_exports,au,nation,2019-12,2113987,tonnes,portwatch,2019-12-31,,2026-10-06T05:59:31+00:00,estimated,1
shipping_container_exports,au,nation,2020-01,1739152,tonnes,portwatch,2020-01-31,,2026-09-26,estimated,0
shipping_container_exports,au,nation,2020-01,1738985,tonnes,portwatch,2020-01-31,,2026-10-06T05:59:31+00:00,estimated,1
shipping_container_exports,au,nation,2020-02,1831044,tonnes,portwatch,2020-02-29,,2026-09-26,estimated,0
shipping_container_exports,au,nation,2020-02,1830980,tonnes,portwatch,2020-02-29,,2026-10-06T05:59:31+00:00,estimated,1
shipping_container_exports,au,nation,2020-03,1950633,tonnes,portwatch,2020-03-31,,2026-09-26,estimated,0
shipping_container_exports,au,nation,2020-03,1950611,tonnes,portwatch,2020-03-31,,2026-10-06T05:59:31+00:00,estimated,1
shipping_container_exports,au,nation,2020-04,1751447,tonnes,portwatch,2020-04-30,,2026-09-26,estimated,0
shipping_container_exports,au,nation,2020-04,1751428,tonnes,portwatch,2020-04-30,,2026-10-06T05:59:31+00:00,estimated,1
shipping_container_exports,au,nation,2020-05,1799918,tonnes,portwatch,2020-05-31,,2026-09-26,estimated,0
shipping_container_exports,au,nation,2020-05,1799902,tonnes,portwatch,2020-05-31,,2026-10-06T05:59:31+00:00,estimated,1
shipping_container_exports,au,nation,2020-06,2066990,tonnes,portwatch,2020-06-30,,2026-09-26,estimated,0
shipping_container_exports,au,nation,2020-06,2066893,tonnes,portwatch,2020-06-30,,2026-10-06T05:59:31+00:00,estimated,1
shipping_container_exports,au,nation,2020-07,1908477,tonnes,portwatch,2020-07-31,,2026-09-26,estimated,0
shipping_container_exports,au,nation,2020-07,1908410,tonnes,portwatch,2020-07-31,,2026-10-06T05:59:31+00:00,estimated,1
shipping_container_exports,au,nation,2020-08,2102966,tonnes,portwatch,2020-08-31,,2026-09-26,estimated,0
shipping_container_exports,au,nation,2020-08,2102910,tonnes,portwatch,2020-08-31,,2026-10-06T05:59:31+00:00,estimated,1
shipping_container_exports,au,nation,2020-09,1784538,tonnes,portwatch,2020-09-30,,2026-09-26,estimated,0
shipping_container_exports,au,nation,2020-09,1784449,tonnes,portwatch,2020-09-30,,2026-10-06T05:59:31+00:00,estimated,1
shipping_container_exports,au,nation,2020-10,2108167,tonnes,portwatch,2020-10-31,,2026-09-26,estimated,0
shipping_container_exports,au,nation,2020-10,2108095,tonnes,portwatch,2020-10-31,,2026-10-06T05:59:31+00:00,estimated,1
shipping_container_exports,au,nation,2020-11,1912865,tonnes,portwatch,2020-11-30,,2026-09-26,estimated,0
shipping_container_exports,au,nation,2020-11,1912802,tonnes,portwatch,2020-11-30,,2026-10-06T05:59:31+00:00,estimated,1
shipping_container_exports,au,nation,2020-12,1865259,tonnes,portwatch,2020-12-31,,2026-09-26,estimated,0
shipping_container_exports,au,nation,2020-12,1865248,tonnes,portwatch,2020-12-31,,2026-10-06T05:59:31+00:00,estimated,1
shipping_container_exports,au,nation,2021-01,1710578,tonnes,portwatch,2021-01-31,,2026-09-26,estimated,0
shipping_container_exports,au,nation,2021-01,1710475,tonnes,portwatch,2021-01-31,,2026-10-06T05:59:31+00:00,estimated,1
shipping_container_exports,au,nation,2021-02,1895693,tonnes,portwatch,2021-02-28,,2026-09-26,estimated,0
shipping_container_exports,au,nation,2021-02,1895598,tonnes,portwatch,2021-02-28,,2026-10-06T05:59:31+00:00,estimated,1
shipping_container_exports,au,nation,2021-03,2129399,tonnes,portwatch,2021-03-31,,2026-09-26,estimated,0
shipping_container_exports,au,nation,2021-03,2129383,tonnes,portwatch,2021-03-31,,2026-10-06T05:59:31+00:00,estimated,1
shipping_container_exports,au,nation,2021-04,1949279,tonnes,portwatch,2021-04-30,,2026-09-26,estimated,0
shipping_container_exports,au,nation,2021-04,1949191,tonnes,portwatch,2021-04-30,,2026-10-06T05:59:31+00:00,estimated,1
shipping_container_exports,au,nation,2021-05,2115592,tonnes,portwatch,2021-05-31,,2026-09-26,estimated,0
shipping_container_exports,au,nation,2021-05,2115460,tonnes,portwatch,2021-05-31,,2026-10-06T05:59:31+00:00,estimated,1
shipping_container_exports,au,nation,2021-06,2045035,tonnes,portwatch,2021-06-30,,2026-09-26,estimated,0
shipping_container_exports,au,nation,2021-06,2044939,tonnes,portwatch,2021-06-30,,2026-10-06T05:59:31+00:00,estimated,1
shipping_container_exports,au,nation,2021-07,2165093,tonnes,portwatch,2021-07-31,,2026-09-26,estimated,0
shipping_container_exports,au,nation,2021-07,2164989,tonnes,portwatch,2021-07-31,,2026-10-06T05:59:31+00:00,estimated,1
shipping_container_exports,au,nation,2021-08,2029937,tonnes,portwatch,2021-08-31,,2026-09-26,estimated,0
shipping_container_exports,au,nation,2021-08,2029808,tonnes,portwatch,2021-08-31,,2026-10-06T05:59:31+00:00,estimated,1
shipping_container_exports,au,nation,2021-09,1996576,tonnes,portwatch,2021-09-30,,2026-09-26,estimated,0
shipping_container_exports,au,nation,2021-09,1996458,tonnes,portwatch,2021-09-30,,2026-10-06T05:59:31+00:00,estimated,1
shipping_container_exports,au,nation,2021-10,1895124,tonnes,portwatch,2021-10-31,,2026-09-26,estimated,0
shipping_container_exports,au,nation,2021-10,1895022,tonnes,portwatch,2021-10-31,,2026-10-06T05:59:31+00:00,estimated,1
shipping_container_exports,au,nation,2021-11,2075860,tonnes,portwatch,2021-11-30,,2026-09-26,estimated,0
shipping_container_exports,au,nation,2021-11,2075769,tonnes,portwatch,2021-11-30,,2026-10-06T05:59:31+00:00,estimated,1
shipping_container_exports,au,nation,2021-12,1929718,tonnes,portwatch,2021-12-31,,2026-09-26,estimated,0
shipping_container_exports,au,nation,2021-12,1929646,tonnes,portwatch,2021-12-31,,2026-10-06T05:59:31+00:00,estimated,1
shipping_container_exports,au,nation,2022-01,1794243,tonnes,portwatch,2022-01-31,,2026-09-26,estimated,0
shipping_container_exports,au,nation,2022-01,1794215,tonnes,portwatch,2022-01-31,,2026-10-06T05:59:31+00:00,estimated,1
shipping_container_exports,au,nation,2022-02,1778330,tonnes,portwatch,2022-02-28,,2026-09-26,estimated,0
shipping_container_exports,au,nation,2022-02,1778245,tonnes,portwatch,2022-02-28,,2026-10-06T05:59:31+00:00,estimated,1
shipping_container_exports,au,nation,2022-03,1826313,tonnes,portwatch,2022-03-31,,2026-09-26,estimated,0
shipping_container_exports,au,nation,2022-03,1826239,tonnes,portwatch,2022-03-31,,2026-10-06T05:59:31+00:00,estimated,1
shipping_container_exports,au,nation,2022-04,1799288,tonnes,portwatch,2022-04-30,,2026-09-26,estimated,0
shipping_container_exports,au,nation,2022-04,1799183,tonnes,portwatch,2022-04-30,,2026-10-06T05:59:31+00:00,estimated,1
shipping_container_exports,au,nation,2022-05,1984245,tonnes,portwatch,2022-05-31,,2026-09-26,estimated,0
shipping_container_exports,au,nation,2022-05,1984074,tonnes,portwatch,2022-05-31,,2026-10-06T05:59:31+00:00,estimated,1
shipping_container_exports,au,nation,2022-06,1947927,tonnes,portwatch,2022-06-30,,2026-09-26,estimated,0
shipping_container_exports,au,nation,2022-06,1947789,tonnes,portwatch,2022-06-30,,2026-10-06T05:59:31+00:00,estimated,1
shipping_container_exports,au,nation,2022-07,1908135,tonnes,portwatch,2022-07-31,,2026-09-26,estimated,0
shipping_container_exports,au,nation,2022-07,1908033,tonnes,portwatch,2022-07-31,,2026-10-06T05:59:31+00:00,estimated,1
shipping_container_exports,au,nation,2022-08,2240123,tonnes,portwatch,2022-08-31,,2026-09-26,estimated,0
shipping_container_exports,au,nation,2022-08,2240042,tonnes,portwatch,2022-08-31,,2026-10-06T05:59:31+00:00,estimated,1
shipping_container_exports,au,nation,2022-09,2201297,tonnes,portwatch,2022-09-30,,2026-09-26,estimated,0
shipping_container_exports,au,nation,2022-09,2201176,tonnes,portwatch,2022-09-30,,2026-10-06T05:59:31+00:00,estimated,1
shipping_container_exports,au,nation,2022-10,2134312,tonnes,portwatch,2022-10-31,,2026-09-26,estimated,0
shipping_container_exports,au,nation,2022-10,2134192,tonnes,portwatch,2022-10-31,,2026-10-06T05:59:31+00:00,estimated,1
shipping_container_exports,au,nation,2022-11,1945947,tonnes,portwatch,2022-11-30,,2026-09-26,estimated,0
shipping_container_exports,au,nation,2022-11,1945791,tonnes,portwatch,2022-11-30,,2026-10-06T05:59:31+00:00,estimated,1
shipping_container_exports,au,nation,2022-12,1863070,tonnes,portwatch,2022-12-31,,2026-09-26,estimated,0
shipping_container_exports,au,nation,2022-12,1862977,tonnes,portwatch,2022-12-31,,2026-10-06T05:59:31+00:00,estimated,1
shipping_container_exports,au,nation,2023-01,1624054,tonnes,portwatch,2023-01-31,,2026-09-26,estimated,0
shipping_container_exports,au,nation,2023-01,1623953,tonnes,portwatch,2023-01-31,,2026-10-06T05:59:31+00:00,estimated,1
shipping_container_exports,au,nation,2023-02,1737073,tonnes,portwatch,2023-02-28,,2026-09-26,estimated,0
shipping_container_exports,au,nation,2023-02,1737013,tonnes,portwatch,2023-02-28,,2026-10-06T05:59:31+00:00,estimated,1
shipping_container_exports,au,nation,2023-03,2054131,tonnes,portwatch,2023-03-31,,2026-09-26,estimated,0
shipping_container_exports,au,nation,2023-03,2054005,tonnes,portwatch,2023-03-31,,2026-10-06T05:59:31+00:00,estimated,1
shipping_container_exports,au,nation,2023-04,1807243,tonnes,portwatch,2023-04-30,,2026-09-26,estimated,0
shipping_container_exports,au,nation,2023-04,1807165,tonnes,portwatch,2023-04-30,,2026-10-06T05:59:31+00:00,estimated,1
shipping_container_exports,au,nation,2023-05,1913805,tonnes,portwatch,2023-05-31,,2026-09-26,estimated,0
shipping_container_exports,au,nation,2023-05,1913719,tonnes,portwatch,2023-05-31,,2026-10-06T05:59:31+00:00,estimated,1
shipping_container_exports,au,nation,2023-06,1967277,tonnes,portwatch,2023-06-30,,2026-09-26,estimated,0
shipping_container_exports,au,nation,2023-06,1967193,tonnes,portwatch,2023-06-30,,2026-10-06T05:59:31+00:00,estimated,1
shipping_container_exports,au,nation,2023-07,2113287,tonnes,portwatch,2023-07-31,,2026-09-26,estimated,0
shipping_container_exports,au,nation,2023-07,2113162,tonnes,portwatch,2023-07-31,,2026-10-06T05:59:31+00:00,estimated,1
shipping_container_exports,au,nation,2023-08,2057290,tonnes,portwatch,2023-08-31,,2026-09-26,estimated,0
shipping_container_exports,au,nation,2023-08,2057170,tonnes,portwatch,2023-08-31,,2026-10-06T05:59:31+00:00,estimated,1
shipping_container_exports,au,nation,2023-09,2106106,tonnes,portwatch,2023-09-30,,2026-09-26,estimated,0
shipping_container_exports,au,nation,2023-09,2105967,tonnes,portwatch,2023-09-30,,2026-10-06T05:59:31+00:00,estimated,1
shipping_container_exports,au,nation,2023-10,2026952,tonnes,portwatch,2023-10-31,,2026-09-26,estimated,0
shipping_container_exports,au,nation,2023-10,2026869,tonnes,portwatch,2023-10-31,,2026-10-06T05:59:31+00:00,estimated,1
shipping_container_exports,au,nation,2023-11,1836641,tonnes,portwatch,2023-11-30,,2026-09-26,estimated,0
shipping_container_exports,au,nation,2023-11,1836545,tonnes,portwatch,2023-11-30,,2026-10-06T05:59:31+00:00,estimated,1
shipping_container_exports,au,nation,2023-12,1864595,tonnes,portwatch,2023-12-31,,2026-09-26,estimated,0
shipping_container_exports,au,nation,2023-12,1864491,tonnes,portwatch,2023-12-31,,2026-10-06T05:59:31+00:00,estimated,1
shipping_container_exports,au,nation,2024-01,1773484,tonnes,portwatch,2024-01-31,,2026-09-26,estimated,0
shipping_container_exports,au,nation,2024-01,1773381,tonnes,portwatch,2024-01-31,,2026-10-06T05:59:31+00:00,estimated,1
shipping_container_exports,au,nation,2024-02,1910152,tonnes,portwatch,2024-02-29,,2026-09-26,estimated,0
shipping_container_exports,au,nation,2024-02,1910075,tonnes,portwatch,2024-02-29,,2026-10-06T05:59:31+00:00,estimated,1
shipping_container_exports,au,nation,2024-03,2093892,tonnes,portwatch,2024-03-31,,2026-09-26,estimated,0
shipping_container_exports,au,nation,2024-03,2093777,tonnes,portwatch,2024-03-31,,2026-10-06T05:59:31+00:00,estimated,1
shipping_container_exports,au,nation,2024-04,1993625,tonnes,portwatch,2024-04-30,,2026-09-26,estimated,0
shipping_container_exports,au,nation,2024-04,1993508,tonnes,portwatch,2024-04-30,,2026-10-06T05:59:31+00:00,estimated,1
shipping_container_exports,au,nation,2024-05,2057943,tonnes,portwatch,2024-05-31,,2026-09-26,estimated,0
shipping_container_exports,au,nation,2024-05,2057826,tonnes,portwatch,2024-05-31,,2026-10-06T05:59:31+00:00,estimated,1
shipping_container_exports,au,nation,2024-06,2147641,tonnes,portwatch,2024-06-30,,2026-09-26,estimated,0
shipping_container_exports,au,nation,2024-06,2147539,tonnes,portwatch,2024-06-30,,2026-10-06T05:59:31+00:00,estimated,1
shipping_container_exports,au,nation,2024-07,2117539,tonnes,portwatch,2024-07-31,,2026-09-26,estimated,0
shipping_container_exports,au,nation,2024-07,2117397,tonnes,portwatch,2024-07-31,,2026-10-06T05:59:31+00:00,estimated,1
shipping_container_exports,au,nation,2024-08,2096446,tonnes,portwatch,2024-08-31,,2026-09-26,estimated,0
shipping_container_exports,au,nation,2024-08,2096349,tonnes,portwatch,2024-08-31,,2026-10-06T05:59:31+00:00,estimated,1
shipping_container_exports,au,nation,2024-09,2152400,tonnes,portwatch,2024-09-30,,2026-09-26,estimated,0
shipping_container_exports,au,nation,2024-09,2152304,tonnes,portwatch,2024-09-30,,2026-10-06T05:59:31+00:00,estimated,1
shipping_container_exports,au,nation,2024-10,2088531,tonnes,portwatch,2024-10-31,,2026-09-26,estimated,0
shipping_container_exports,au,nation,2024-10,2088311,tonnes,portwatch,2024-10-31,,2026-10-06T05:59:31+00:00,estimated,1
shipping_container_exports,au,nation,2024-11,2054655,tonnes,portwatch,2024-11-30,,2026-09-26,estimated,0
shipping_container_exports,au,nation,2024-11,2054529,tonnes,portwatch,2024-11-30,,2026-10-06T05:59:31+00:00,estimated,1
shipping_container_exports,au,nation,2024-12,2110843,tonnes,portwatch,2024-12-31,,2026-09-26,estimated,0
shipping_container_exports,au,nation,2024-12,2110705,tonnes,portwatch,2024-12-31,,2026-10-06T05:59:31+00:00,estimated,1
shipping_container_exports,au,nation,2025-01,1779892,tonnes,portwatch,2025-01-31,,2026-09-26,estimated,0
shipping_container_exports,au,nation,2025-01,1779822,tonnes,portwatch,2025-01-31,,2026-10-06T05:59:31+00:00,estimated,1
shipping_container_exports,au,nation,2025-02,2056185,tonnes,portwatch,2025-02-28,,2026-09-26,estimated,0
shipping_container_exports,au,nation,2025-02,2056034,tonnes,portwatch,2025-02-28,,2026-10-06T05:59:31+00:00,estimated,1
shipping_container_exports,au,nation,2025-03,2084423,tonnes,portwatch,2025-03-31,,2026-09-26,estimated,0
shipping_container_exports,au,nation,2025-03,2084293,tonnes,portwatch,2025-03-31,,2026-10-06T05:59:31+00:00,estimated,1
shipping_container_exports,au,nation,2025-04,2033380,tonnes,portwatch,2025-04-30,,2026-09-26,estimated,0
shipping_container_exports,au,nation,2025-04,2033295,tonnes,portwatch,2025-04-30,,2026-10-06T05:59:31+00:00,estimated,1
shipping_container_exports,au,nation,2025-05,2044253,tonnes,portwatch,2025-05-31,,2026-09-26,estimated,0
shipping_container_exports,au,nation,2025-05,2044170,tonnes,portwatch,2025-05-31,,2026-10-06T05:59:31+00:00,estimated,1
shipping_container_exports,au,nation,2025-06,2133148,tonnes,portwatch,2025-06-30,,2026-09-26,estimated,0
shipping_container_exports,au,nation,2025-06,2133050,tonnes,portwatch,2025-06-30,,2026-10-06T05:59:31+00:00,estimated,1
shipping_container_exports,au,nation,2025-07,2161790,tonnes,portwatch,2025-07-31,,2026-09-26,estimated,0
shipping_container_exports,au,nation,2025-07,2161687,tonnes,portwatch,2025-07-31,,2026-10-06T05:59:31+00:00,estimated,1
shipping_container_exports,au,nation,2025-08,2200876,tonnes,portwatch,2025-08-31,,2026-09-26,estimated,0
shipping_container_exports,au,nation,2025-08,2200747,tonnes,portwatch,2025-08-31,,2026-10-06T05:59:31+00:00,estimated,1
shipping_container_exports,au,nation,2025-09,2158857,tonnes,portwatch,2025-09-30,,2026-09-26,estimated,0
shipping_container_exports,au,nation,2025-09,2158733,tonnes,portwatch,2025-09-30,,2026-10-06T05:59:31+00:00,estimated,1
shipping_container_exports,au,nation,2025-10,2293398,tonnes,portwatch,2025-10-31,,2026-09-26,estimated,0
shipping_container_exports,au,nation,2025-10,2293310,tonnes,portwatch,2025-10-31,,2026-10-06T05:59:31+00:00,estimated,1
shipping_container_exports,au,nation,2025-11,2249366,tonnes,portwatch,2025-11-30,,2026-09-26,estimated,0
shipping_container_exports,au,nation,2025-11,2249231,tonnes,portwatch,2025-11-30,,2026-10-06T05:59:31+00:00,estimated,1
shipping_container_exports,au,nation,2025-12,2302893,tonnes,portwatch,2025-12-31,,2026-09-26,estimated,0
shipping_container_exports,au,nation,2025-12,2302767,tonnes,portwatch,2025-12-31,,2026-10-06T05:59:31+00:00,estimated,1
shipping_container_exports,au,nation,2026-01,1748339,tonnes,portwatch,2026-01-31,,2026-09-26,estimated,0
shipping_container_exports,au,nation,2026-01,1748268,tonnes,portwatch,2026-01-31,,2026-10-06T05:59:31+00:00,estimated,1
shipping_container_exports,au,nation,2026-02,2056467,tonnes,portwatch,2026-02-28,,2026-09-26,estimated,0
shipping_container_exports,au,nation,2026-02,2056334,tonnes,portwatch,2026-02-28,,2026-10-06T05:59:31+00:00,estimated,1
shipping_container_exports,au,nation,2026-03,2144114,tonnes,portwatch,2026-03-31,,2026-09-26,estimated,0
shipping_container_exports,au,nation,2026-03,2143992,tonnes,portwatch,2026-03-31,,2026-10-06T05:59:31+00:00,estimated,1
shipping_container_exports,au,nation,2026-04,2151438,tonnes,portwatch,2026-04-30,,2026-09-26,estimated,0
shipping_container_exports,au,nation,2026-04,2151324,tonnes,portwatch,2026-04-30,,2026-10-06T05:59:31+00:00,estimated,1
shipping_container_exports,au,nation,2026-05,1969667,tonnes,portwatch,2026-05-31,,2026-09-26,estimated,0
shipping_container_exports,au,nation,2026-05,1969457,tonnes,portwatch,2026-05-31,,2026-10-06T05:59:31+00:00,estimated,1
shipping_container_exports,au,nation,2026-06,2253718,tonnes,portwatch,2026-06-30,,2026-09-26,estimated,0
shipping_container_exports,au,nation,2026-06,2253656,tonnes,portwatch,2026-06-30,,2026-10-06T05:59:31+00:00,estimated,1
shipping_container_exports,au,nation,2026-07,2197725,tonnes,portwatch,2026-07-31,,2026-09-26,estimated,0
shipping_container_exports,au,nation,2026-07,2197604,tonnes,portwatch,2026-07-31,,2026-10-06T05:59:31+00:00,estimated,1
shipping_container_exports,au,nation,2026-08,2204145,tonnes,portwatch,2026-08-31,,2026-09-26,estimated,0
shipping_container_exports,au,nation,2026-08,2204020,tonnes,portwatch,2026-08-31,,2026-10-06T05:59:31+00:00,estimated,1
shipping_container_exports,br,nation,2019-01,3421819,tonnes,portwatch,2019-01-31,,2026-09-26,estimated,0
shipping_container_exports,br,nation,2019-01,3421955,tonnes,portwatch,2019-01-31,,2026-10-06T05:59:32+00:00,estimated,1
shipping_container_exports,br,nation,2019-02,3413752,tonnes,portwatch,2019-02-28,,2026-09-26,estimated,0
shipping_container_exports,br,nation,2019-02,3413820,tonnes,portwatch,2019-02-28,,2026-10-06T05:59:32+00:00,estimated,1
shipping_container_exports,br,nation,2019-03,3773087,tonnes,portwatch,2019-03-31,,2026-09-26,estimated,0
shipping_container_exports,br,nation,2019-03,3773192,tonnes,portwatch,2019-03-31,,2026-10-06T05:59:32+00:00,estimated,1
shipping_container_exports,br,nation,2019-04,4057636,tonnes,portwatch,2019-04-30,,2026-09-26,estimated,0
shipping_container_exports,br,nation,2019-04,4057693,tonnes,portwatch,2019-04-30,,2026-10-06T05:59:32+00:00,estimated,1
shipping_container_exports,br,nation,2019-05,4098709,tonnes,portwatch,2019-05-31,,2026-09-26,estimated,0
shipping_container_exports,br,nation,2019-05,4098766,tonnes,portwatch,2019-05-31,,2026-10-06T05:59:32+00:00,estimated,1
shipping_container_exports,br,nation,2019-06,4176399,tonnes,portwatch,2019-06-30,,2026-09-26,estimated,0
shipping_container_exports,br,nation,2019-06,4176519,tonnes,portwatch,2019-06-30,,2026-10-06T05:59:32+00:00,estimated,1
shipping_container_exports,br,nation,2019-07,3750838,tonnes,portwatch,2019-07-31,,2026-09-26,estimated,0
shipping_container_exports,br,nation,2019-07,3750937,tonnes,portwatch,2019-07-31,,2026-10-06T05:59:32+00:00,estimated,1
shipping_container_exports,br,nation,2019-08,3999458,tonnes,portwatch,2019-08-31,,2026-09-26,estimated,0
shipping_container_exports,br,nation,2019-08,3999523,tonnes,portwatch,2019-08-31,,2026-10-06T05:59:32+00:00,estimated,1
shipping_container_exports,br,nation,2019-09,4335476,tonnes,portwatch,2019-09-30,,2026-09-26,estimated,0
shipping_container_exports,br,nation,2019-09,4335471,tonnes,portwatch,2019-09-30,,2026-10-06T05:59:32+00:00,estimated,1
shipping_container_exports,br,nation,2019-10,4392760,tonnes,portwatch,2019-10-31,,2026-09-26,estimated,0
shipping_container_exports,br,nation,2019-10,4392659,tonnes,portwatch,2019-10-31,,2026-10-06T05:59:32+00:00,estimated,1
shipping_container_exports,br,nation,2019-11,4045158,tonnes,portwatch,2019-11-30,,2026-09-26,estimated,0
shipping_container_exports,br,nation,2019-11,4045176,tonnes,portwatch,2019-11-30,,2026-10-06T05:59:32+00:00,estimated,1
shipping_container_exports,br,nation,2019-12,4273798,tonnes,portwatch,2019-12-31,,2026-09-26,estimated,0
shipping_container_exports,br,nation,2019-12,4274052,tonnes,portwatch,2019-12-31,,2026-10-06T05:59:32+00:00,estimated,1
shipping_container_exports,br,nation,2020-01,3544016,tonnes,portwatch,2020-01-31,,2026-09-26,estimated,0
shipping_container_exports,br,nation,2020-01,3544094,tonnes,portwatch,2020-01-31,,2026-10-06T05:59:32+00:00,estimated,1
shipping_container_exports,br,nation,2020-02,3741942,tonnes,portwatch,2020-02-29,,2026-09-26,estimated,0
shipping_container_exports,br,nation,2020-02,3741578,tonnes,portwatch,2020-02-29,,2026-10-06T05:59:32+00:00,estimated,1
shipping_container_exports,br,nation,2020-03,3875075,tonnes,portwatch,2020-03-31,,2026-09-26,estimated,0
shipping_container_exports,br,nation,2020-03,3875118,tonnes,portwatch,2020-03-31,,2026-10-06T05:59:32+00:00,estimated,1
shipping_container_exports,br,nation,2020-04,4009124,tonnes,portwatch,2020-04-30,,2026-09-26,estimated,0
shipping_container_exports,br,nation,2020-04,4009175,tonnes,portwatch,2020-04-30,,2026-10-06T05:59:32+00:00,estimated,1
shipping_container_exports,br,nation,2020-05,4308059,tonnes,portwatch,2020-05-31,,2026-09-26,estimated,0
shipping_container_exports,br,nation,2020-05,4308009,tonnes,portwatch,2020-05-31,,2026-10-06T05:59:32+00:00,estimated,1
shipping_container_exports,br,nation,2020-06,4174212,tonnes,portwatch,2020-06-30,,2026-09-26,estimated,0
shipping_container_exports,br,nation,2020-06,4174236,tonnes,portwatch,2020-06-30,,2026-10-06T05:59:32+00:00,estimated,1
shipping_container_exports,br,nation,2020-07,4418535,tonnes,portwatch,2020-07-31,,2026-09-26,estimated,0
shipping_container_exports,br,nation,2020-07,4418471,tonnes,portwatch,2020-07-31,,2026-10-06T05:59:32+00:00,estimated,1
shipping_container_exports,br,nation,2020-08,4368512,tonnes,portwatch,2020-08-31,,2026-09-26,estimated,0
shipping_container_exports,br,nation,2020-08,4368481,tonnes,portwatch,2020-08-31,,2026-10-06T05:59:32+00:00,estimated,1
shipping_container_exports,br,nation,2020-09,4431001,tonnes,portwatch,2020-09-30,,2026-09-26,estimated,0
shipping_container_exports,br,nation,2020-09,4430997,tonnes,portwatch,2020-09-30,,2026-10-06T05:59:32+00:00,estimated,1
shipping_container_exports,br,nation,2020-10,4320681,tonnes,portwatch,2020-10-31,,2026-09-26,estimated,0
shipping_container_exports,br,nation,2020-10,4320621,tonnes,portwatch,2020-10-31,,2026-10-06T05:59:32+00:00,estimated,1
shipping_container_exports,br,nation,2020-11,4639682,tonnes,portwatch,2020-11-30,,2026-09-26,estimated,0
shipping_container_exports,br,nation,2020-11,4639746,tonnes,portwatch,2020-11-30,,2026-10-06T05:59:32+00:00,estimated,1
shipping_container_exports,br,nation,2020-12,4654266,tonnes,portwatch,2020-12-31,,2026-09-26,estimated,0
shipping_container_exports,br,nation,2020-12,4654241,tonnes,portwatch,2020-12-31,,2026-10-06T05:59:32+00:00,estimated,1
shipping_container_exports,br,nation,2021-01,3657034,tonnes,portwatch,2021-01-31,,2026-09-26,estimated,0
shipping_container_exports,br,nation,2021-01,3656855,tonnes,portwatch,2021-01-31,,2026-10-06T05:59:32+00:00,estimated,1
shipping_container_exports,br,nation,2021-02,4132477,tonnes,portwatch,2021-02-28,,2026-09-26,estimated,0
shipping_container_exports,br,nation,2021-02,4132447,tonnes,portwatch,2021-02-28,,2026-10-06T05:59:32+00:00,estimated,1
shipping_container_exports,br,nation,2021-03,4453605,tonnes,portwatch,2021-03-31,,2026-09-26,estimated,0
shipping_container_exports,br,nation,2021-03,4453571,tonnes,portwatch,2021-03-31,,2026-10-06T05:59:32+00:00,estimated,1
shipping_container_exports,br,nation,2021-04,4174952,tonnes,portwatch,2021-04-30,,2026-09-26,estimated,0
shipping_container_exports,br,nation,2021-04,4175053,tonnes,portwatch,2021-04-30,,2026-10-06T05:59:32+00:00,estimated,1
shipping_container_exports,br,nation,2021-05,4680311,tonnes,portwatch,2021-05-31,,2026-09-26,estimated,0
shipping_container_exports,br,nation,2021-05,4680312,tonnes,portwatch,2021-05-31,,2026-10-06T05:59:32+00:00,estimated,1
shipping_container_exports,br,nation,2021-06,4312677,tonnes,portwatch,2021-06-30,,2026-09-26,estimated,0
shipping_container_exports,br,nation,2021-06,4312715,tonnes,portwatch,2021-06-30,,2026-10-06T05:59:32+00:00,estimated,1
shipping_container_exports,br,nation,2021-07,4349496,tonnes,portwatch,2021-07-31,,2026-09-26,estimated,0
shipping_container_exports,br,nation,2021-07,4349399,tonnes,portwatch,2021-07-31,,2026-10-06T05:59:32+00:00,estimated,1
shipping_container_exports,br,nation,2021-08,4335721,tonnes,portwatch,2021-08-31,,2026-09-26,estimated,0
shipping_container_exports,br,nation,2021-09,4364837,tonnes,portwatch,2021-09-30,,2026-09-26,estimated,0
shipping_container_exports,br,nation,2021-09,4364783,tonnes,portwatch,2021-09-30,,2026-10-06T05:59:32+00:00,estimated,1
shipping_container_exports,br,nation,2021-10,4353632,tonnes,portwatch,2021-10-31,,2026-09-26,estimated,0
shipping_container_exports,br,nation,2021-10,4353639,tonnes,portwatch,2021-10-31,,2026-10-06T05:59:32+00:00,estimated,1
shipping_container_exports,br,nation,2021-11,3817977,tonnes,portwatch,2021-11-30,,2026-09-26,estimated,0
shipping_container_exports,br,nation,2021-11,3817923,tonnes,portwatch,2021-11-30,,2026-10-06T05:59:32+00:00,estimated,1
shipping_container_exports,br,nation,2021-12,4455051,tonnes,portwatch,2021-12-31,,2026-09-26,estimated,0
shipping_container_exports,br,nation,2021-12,4455056,tonnes,portwatch,2021-12-31,,2026-10-06T05:59:32+00:00,estimated,1
shipping_container_exports,br,nation,2022-01,3966727,tonnes,portwatch,2022-01-31,,2026-09-26,estimated,0
shipping_container_exports,br,nation,2022-01,3966756,tonnes,portwatch,2022-01-31,,2026-10-06T05:59:32+00:00,estimated,1
shipping_container_exports,br,nation,2022-02,3816712,tonnes,portwatch,2022-02-28,,2026-09-26,estimated,0
shipping_container_exports,br,nation,2022-02,3816851,tonnes,portwatch,2022-02-28,,2026-10-06T05:59:32+00:00,estimated,1
shipping_container_exports,br,nation,2022-03,4331978,tonnes,portwatch,2022-03-31,,2026-09-26,estimated,0
shipping_container_exports,br,nation,2022-03,4331867,tonnes,portwatch,2022-03-31,,2026-10-06T05:59:32+00:00,estimated,1
shipping_container_exports,br,nation,2022-04,4052347,tonnes,portwatch,2022-04-30,,2026-09-26,estimated,0
shipping_container_exports,br,nation,2022-04,4052434,tonnes,portwatch,2022-04-30,,2026-10-06T05:59:32+00:00,estimated,1
shipping_container_exports,br,nation,2022-05,4185209,tonnes,portwatch,2022-05-31,,2026-09-26,estimated,0
shipping_container_exports,br,nation,2022-05,4185314,tonnes,portwatch,2022-05-31,,2026-10-06T05:59:32+00:00,estimated,1
shipping_container_exports,br,nation,2022-06,4048940,tonnes,portwatch,2022-06-30,,2026-09-26,estimated,0
shipping_container_exports,br,nation,2022-06,4048933,tonnes,portwatch,2022-06-30,,2026-10-06T05:59:32+00:00,estimated,1
shipping_container_exports,br,nation,2022-07,4002891,tonnes,portwatch,2022-07-31,,2026-09-26,estimated,0
shipping_container_exports,br,nation,2022-07,4002996,tonnes,portwatch,2022-07-31,,2026-10-06T05:59:32+00:00,estimated,1
shipping_container_exports,br,nation,2022-08,4110430,tonnes,portwatch,2022-08-31,,2026-09-26,estimated,0
shipping_container_exports,br,nation,2022-08,4110347,tonnes,portwatch,2022-08-31,,2026-10-06T05:59:32+00:00,estimated,1
shipping_container_exports,br,nation,2022-09,4495269,tonnes,portwatch,2022-09-30,,2026-09-26,estimated,0
shipping_container_exports,br,nation,2022-09,4495312,tonnes,portwatch,2022-09-30,,2026-10-06T05:59:32+00:00,estimated,1
shipping_container_exports,br,nation,2022-10,4173895,tonnes,portwatch,2022-10-31,,2026-09-26,estimated,0
shipping_container_exports,br,nation,2022-10,4174195,tonnes,portwatch,2022-10-31,,2026-10-06T05:59:32+00:00,estimated,1
shipping_container_exports,br,nation,2022-11,3798922,tonnes,portwatch,2022-11-30,,2026-09-26,estimated,0
shipping_container_exports,br,nation,2022-11,3798967,tonnes,portwatch,2022-11-30,,2026-10-06T05:59:32+00:00,estimated,1
shipping_container_exports,br,nation,2022-12,3867678,tonnes,portwatch,2022-12-31,,2026-09-26,estimated,0
shipping_container_exports,br,nation,2022-12,3867655,tonnes,portwatch,2022-12-31,,2026-10-06T05:59:32+00:00,estimated,1
shipping_container_exports,br,nation,2023-01,3318686,tonnes,portwatch,2023-01-31,,2026-09-26,estimated,0
shipping_container_exports,br,nation,2023-01,3318774,tonnes,portwatch,2023-01-31,,2026-10-06T05:59:32+00:00,estimated,1
shipping_container_exports,br,nation,2023-02,3228393,tonnes,portwatch,2023-02-28,,2026-09-26,estimated,0
shipping_container_exports,br,nation,2023-02,3228453,tonnes,portwatch,2023-02-28,,2026-10-06T05:59:32+00:00,estimated,1
shipping_container_exports,br,nation,2023-03,4008325,tonnes,portwatch,2023-03-31,,2026-09-26,estimated,0
shipping_container_exports,br,nation,2023-03,4008389,tonnes,portwatch,2023-03-31,,2026-10-06T05:59:32+00:00,estimated,1
shipping_container_exports,br,nation,2023-04,3851985,tonnes,portwatch,2023-04-30,,2026-09-26,estimated,0
shipping_container_exports,br,nation,2023-04,3852033,tonnes,portwatch,2023-04-30,,2026-10-06T05:59:32+00:00,estimated,1
shipping_container_exports,br,nation,2023-05,4117581,tonnes,portwatch,2023-05-31,,2026-09-26,estimated,0
shipping_container_exports,br,nation,2023-05,4117644,tonnes,portwatch,2023-05-31,,2026-10-06T05:59:32+00:00,estimated,1
shipping_container_exports,br,nation,2023-06,4034007,tonnes,portwatch,2023-06-30,,2026-09-26,estimated,0
shipping_container_exports,br,nation,2023-06,4034034,tonnes,portwatch,2023-06-30,,2026-10-06T05:59:32+00:00,estimated,1
shipping_container_exports,br,nation,2023-07,4463146,tonnes,portwatch,2023-07-31,,2026-09-26,estimated,0
shipping_container_exports,br,nation,2023-07,4463147,tonnes,portwatch,2023-07-31,,2026-10-06T05:59:32+00:00,estimated,1
shipping_container_exports,br,nation,2023-08,4507896,tonnes,portwatch,2023-08-31,,2026-09-26,estimated,0
shipping_container_exports,br,nation,2023-08,4508009,tonnes,portwatch,2023-08-31,,2026-10-06T05:59:32+00:00,estimated,1
shipping_container_exports,br,nation,2023-09,4191137,tonnes,portwatch,2023-09-30,,2026-09-26,estimated,0
shipping_container_exports,br,nation,2023-09,4191173,tonnes,portwatch,2023-09-30,,2026-10-06T05:59:32+00:00,estimated,1
shipping_container_exports,br,nation,2023-10,4420816,tonnes,portwatch,2023-10-31,,2026-09-26,estimated,0
shipping_container_exports,br,nation,2023-10,4420870,tonnes,portwatch,2023-10-31,,2026-10-06T05:59:32+00:00,estimated,1
shipping_container_exports,br,nation,2023-11,4464785,tonnes,portwatch,2023-11-30,,2026-09-26,estimated,0
shipping_container_exports,br,nation,2023-11,4464768,tonnes,portwatch,2023-11-30,,2026-10-06T05:59:32+00:00,estimated,1
shipping_container_exports,br,nation,2023-12,4661346,tonnes,portwatch,2023-12-31,,2026-09-26,estimated,0
shipping_container_exports,br,nation,2023-12,4661360,tonnes,portwatch,2023-12-31,,2026-10-06T05:59:32+00:00,estimated,1
shipping_container_exports,br,nation,2024-01,4390795,tonnes,portwatch,2024-01-31,,2026-09-26,estimated,0
shipping_container_exports,br,nation,2024-01,4390818,tonnes,portwatch,2024-01-31,,2026-10-06T05:59:32+00:00,estimated,1
shipping_container_exports,br,nation,2024-02,4470444,tonnes,portwatch,2024-02-29,,2026-09-26,estimated,0
shipping_container_exports,br,nation,2024-02,4470538,tonnes,portwatch,2024-02-29,,2026-10-06T05:59:32+00:00,estimated,1
shipping_container_exports,br,nation,2024-03,4744237,tonnes,portwatch,2024-03-31,,2026-09-26,estimated,0
shipping_container_exports,br,nation,2024-03,4744277,tonnes,portwatch,2024-03-31,,2026-10-06T05:59:32+00:00,estimated,1
shipping_container_exports,br,nation,2024-04,4779410,tonnes,portwatch,2024-04-30,,2026-09-26,estimated,0
shipping_container_exports,br,nation,2024-04,4779558,tonnes,portwatch,2024-04-30,,2026-10-06T05:59:32+00:00,estimated,1
shipping_container_exports,br,nation,2024-05,4727248,tonnes,portwatch,2024-05-31,,2026-09-26,estimated,0
shipping_container_exports,br,nation,2024-05,4727305,tonnes,portwatch,2024-05-31,,2026-10-06T05:59:32+00:00,estimated,1
shipping_container_exports,br,nation,2024-06,4615720,tonnes,portwatch,2024-06-30,,2026-09-26,estimated,0
shipping_container_exports,br,nation,2024-06,4615813,tonnes,portwatch,2024-06-30,,2026-10-06T05:59:32+00:00,estimated,1
shipping_container_exports,br,nation,2024-07,4557633,tonnes,portwatch,2024-07-31,,2026-09-26,estimated,0
shipping_container_exports,br,nation,2024-07,4557666,tonnes,portwatch,2024-07-31,,2026-10-06T05:59:32+00:00,estimated,1
shipping_container_exports,br,nation,2024-08,4533619,tonnes,portwatch,2024-08-31,,2026-09-26,estimated,0
shipping_container_exports,br,nation,2024-08,4533597,tonnes,portwatch,2024-08-31,,2026-10-06T05:59:32+00:00,estimated,1
shipping_container_exports,br,nation,2024-09,4861619,tonnes,portwatch,2024-09-30,,2026-09-26,estimated,0
shipping_container_exports,br,nation,2024-09,4861757,tonnes,portwatch,2024-09-30,,2026-10-06T05:59:32+00:00,estimated,1
shipping_container_exports,br,nation,2024-10,4766038,tonnes,portwatch,2024-10-31,,2026-09-26,estimated,0
shipping_container_exports,br,nation,2024-10,4766018,tonnes,portwatch,2024-10-31,,2026-10-06T05:59:32+00:00,estimated,1
shipping_container_exports,br,nation,2024-11,4876096,tonnes,portwatch,2024-11-30,,2026-09-26,estimated,0
shipping_container_exports,br,nation,2024-11,4876169,tonnes,portwatch,2024-11-30,,2026-10-06T05:59:32+00:00,estimated,1
shipping_container_exports,br,nation,2024-12,4505257,tonnes,portwatch,2024-12-31,,2026-09-26,estimated,0
shipping_container_exports,br,nation,2024-12,4505349,tonnes,portwatch,2024-12-31,,2026-10-06T05:59:32+00:00,estimated,1
shipping_container_exports,br,nation,2025-01,4446071,tonnes,portwatch,2025-01-31,,2026-09-26,estimated,0
shipping_container_exports,br,nation,2025-01,4446139,tonnes,portwatch,2025-01-31,,2026-10-06T05:59:32+00:00,estimated,1
shipping_container_exports,br,nation,2025-02,4025696,tonnes,portwatch,2025-02-28,,2026-09-26,estimated,0
shipping_container_exports,br,nation,2025-02,4025933,tonnes,portwatch,2025-02-28,,2026-10-06T05:59:32+00:00,estimated,1
shipping_container_exports,br,nation,2025-03,4494694,tonnes,portwatch,2025-03-31,,2026-09-26,estimated,0
shipping_container_exports,br,nation,2025-03,4494729,tonnes,portwatch,2025-03-31,,2026-10-06T05:59:32+00:00,estimated,1
shipping_container_exports,br,nation,2025-04,4342568,tonnes,portwatch,2025-04-30,,2026-09-26,estimated,0
shipping_container_exports,br,nation,2025-04,4342353,tonnes,portwatch,2025-04-30,,2026-10-06T05:59:32+00:00,estimated,1
shipping_container_exports,br,nation,2025-05,4287146,tonnes,portwatch,2025-05-31,,2026-09-26,estimated,0
shipping_container_exports,br,nation,2025-05,4286914,tonnes,portwatch,2025-05-31,,2026-10-06T05:59:32+00:00,estimated,1
shipping_container_exports,br,nation,2025-06,4357966,tonnes,portwatch,2025-06-30,,2026-09-26,estimated,0
shipping_container_exports,br,nation,2025-06,4358140,tonnes,portwatch,2025-06-30,,2026-10-06T05:59:32+00:00,estimated,1
shipping_container_exports,br,nation,2025-07,4493690,tonnes,portwatch,2025-07-31,,2026-09-26,estimated,0
shipping_container_exports,br,nation,2025-07,4493822,tonnes,portwatch,2025-07-31,,2026-10-06T05:59:32+00:00,estimated,1
shipping_container_exports,br,nation,2025-08,4427680,tonnes,portwatch,2025-08-31,,2026-09-26,estimated,0
shipping_container_exports,br,nation,2025-08,4427671,tonnes,portwatch,2025-08-31,,2026-10-06T05:59:32+00:00,estimated,1
shipping_container_exports,br,nation,2025-09,4912323,tonnes,portwatch,2025-09-30,,2026-09-26,estimated,0
shipping_container_exports,br,nation,2025-09,4912744,tonnes,portwatch,2025-09-30,,2026-10-06T05:59:32+00:00,estimated,1
shipping_container_exports,br,nation,2025-10,5338170,tonnes,portwatch,2025-10-31,,2026-09-26,estimated,0
shipping_container_exports,br,nation,2025-10,5338306,tonnes,portwatch,2025-10-31,,2026-10-06T05:59:32+00:00,estimated,1
shipping_container_exports,br,nation,2025-11,4738750,tonnes,portwatch,2025-11-30,,2026-09-26,estimated,0
shipping_container_exports,br,nation,2025-11,4738525,tonnes,portwatch,2025-11-30,,2026-10-06T05:59:32+00:00,estimated,1
shipping_container_exports,br,nation,2025-12,4982573,tonnes,portwatch,2025-12-31,,2026-09-26,estimated,0
shipping_container_exports,br,nation,2025-12,4983020,tonnes,portwatch,2025-12-31,,2026-10-06T05:59:32+00:00,estimated,1
shipping_container_exports,br,nation,2026-01,4538209,tonnes,portwatch,2026-01-31,,2026-09-26,estimated,0
shipping_container_exports,br,nation,2026-01,4538039,tonnes,portwatch,2026-01-31,,2026-10-06T05:59:32+00:00,estimated,1
shipping_container_exports,br,nation,2026-02,4297520,tonnes,portwatch,2026-02-28,,2026-09-26,estimated,0
shipping_container_exports,br,nation,2026-02,4297416,tonnes,portwatch,2026-02-28,,2026-10-06T05:59:32+00:00,estimated,1
shipping_container_exports,br,nation,2026-03,4894874,tonnes,portwatch,2026-03-31,,2026-09-26,estimated,0
shipping_container_exports,br,nation,2026-03,4894532,tonnes,portwatch,2026-03-31,,2026-10-06T05:59:32+00:00,estimated,1
shipping_container_exports,br,nation,2026-04,5223112,tonnes,portwatch,2026-04-30,,2026-09-26,estimated,0
shipping_container_exports,br,nation,2026-04,5222943,tonnes,portwatch,2026-04-30,,2026-10-06T05:59:32+00:00,estimated,1
shipping_container_exports,br,nation,2026-05,5214426,tonnes,portwatch,2026-05-31,,2026-09-26,estimated,0
shipping_container_exports,br,nation,2026-05,5214066,tonnes,portwatch,2026-05-31,,2026-10-06T05:59:32+00:00,estimated,1
shipping_container_exports,br,nation,2026-06,5149766,tonnes,portwatch,2026-06-30,,2026-09-26,estimated,0
shipping_container_exports,br,nation,2026-06,5149762,tonnes,portwatch,2026-06-30,,2026-10-06T05:59:32+00:00,estimated,1
shipping_container_exports,br,nation,2026-07,4885081,tonnes,portwatch,2026-07-31,,2026-09-26,estimated,0
shipping_container_exports,br,nation,2026-07,4884429,tonnes,portwatch,2026-07-31,,2026-10-06T05:59:32+00:00,estimated,1
shipping_container_exports,br,nation,2026-08,4802735,tonnes,portwatch,2026-08-31,,2026-09-26,estimated,0
shipping_container_exports,br,nation,2026-08,4802871,tonnes,portwatch,2026-08-31,,2026-10-06T05:59:32+00:00,estimated,1
shipping_container_exports,ca,nation,2019-01,1324863,tonnes,portwatch,2019-01-31,,2026-09-26,estimated,0
shipping_container_exports,ca,nation,2019-01,1325005,tonnes,portwatch,2019-01-31,,2026-10-06T05:59:32+00:00,estimated,1
shipping_container_exports,ca,nation,2019-02,1388906,tonnes,portwatch,2019-02-28,,2026-09-26,estimated,0
shipping_container_exports,ca,nation,2019-02,1388936,tonnes,portwatch,2019-02-28,,2026-10-06T05:59:32+00:00,estimated,1
shipping_container_exports,ca,nation,2019-03,1525230,tonnes,portwatch,2019-03-31,,2026-09-26,estimated,0
shipping_container_exports,ca,nation,2019-03,1525231,tonnes,portwatch,2019-03-31,,2026-10-06T05:59:32+00:00,estimated,1
shipping_container_exports,ca,nation,2019-04,1456508,tonnes,portwatch,2019-04-30,,2026-09-26,estimated,0
shipping_container_exports,ca,nation,2019-04,1456664,tonnes,portwatch,2019-04-30,,2026-10-06T05:59:32+00:00,estimated,1
shipping_container_exports,ca,nation,2019-05,1476508,tonnes,portwatch,2019-05-31,,2026-09-26,estimated,0
shipping_container_exports,ca,nation,2019-05,1476470,tonnes,portwatch,2019-05-31,,2026-10-06T05:59:32+00:00,estimated,1
shipping_container_exports,ca,nation,2019-06,1453057,tonnes,portwatch,2019-06-30,,2026-09-26,estimated,0
shipping_container_exports,ca,nation,2019-06,1453098,tonnes,portwatch,2019-06-30,,2026-10-06T05:59:32+00:00,estimated,1
shipping_container_exports,ca,nation,2019-07,1385565,tonnes,portwatch,2019-07-31,,2026-09-26,estimated,0
shipping_container_exports,ca,nation,2019-07,1385662,tonnes,portwatch,2019-07-31,,2026-10-06T05:59:32+00:00,estimated,1
shipping_container_exports,ca,nation,2019-08,1327840,tonnes,portwatch,2019-08-31,,2026-09-26,estimated,0
shipping_container_exports,ca,nation,2019-08,1327978,tonnes,portwatch,2019-08-31,,2026-10-06T05:59:32+00:00,estimated,1
shipping_container_exports,ca,nation,2019-09,1346138,tonnes,portwatch,2019-09-30,,2026-09-26,estimated,0
shipping_container_exports,ca,nation,2019-09,1346232,tonnes,portwatch,2019-09-30,,2026-10-06T05:59:32+00:00,estimated,1
shipping_container_exports,ca,nation,2019-10,1257652,tonnes,portwatch,2019-10-31,,2026-09-26,estimated,0
shipping_container_exports,ca,nation,2019-10,1257781,tonnes,portwatch,2019-10-31,,2026-10-06T05:59:32+00:00,estimated,1
shipping_container_exports,ca,nation,2019-11,1343269,tonnes,portwatch,2019-11-30,,2026-09-26,estimated,0
shipping_container_exports,ca,nation,2019-11,1343244,tonnes,portwatch,2019-11-30,,2026-10-06T05:59:32+00:00,estimated,1
shipping_container_exports,ca,nation,2019-12,1343592,tonnes,portwatch,2019-12-31,,2026-09-26,estimated,0
shipping_container_exports,ca,nation,2019-12,1343877,tonnes,portwatch,2019-12-31,,2026-10-06T05:59:32+00:00,estimated,1
shipping_container_exports,ca,nation,2020-01,1158114,tonnes,portwatch,2020-01-31,,2026-09-26,estimated,0
shipping_container_exports,ca,nation,2020-01,1158460,tonnes,portwatch,2020-01-31,,2026-10-06T05:59:32+00:00,estimated,1
shipping_container_exports,ca,nation,2020-02,1319614,tonnes,portwatch,2020-02-29,,2026-09-26,estimated,0
shipping_container_exports,ca,nation,2020-02,1319716,tonnes,portwatch,2020-02-29,,2026-10-06T05:59:32+00:00,estimated,1
shipping_container_exports,ca,nation,2020-03,1362461,tonnes,portwatch,2020-03-31,,2026-09-26,estimated,0
shipping_container_exports,ca,nation,2020-03,1362445,tonnes,portwatch,2020-03-31,,2026-10-06T05:59:32+00:00,estimated,1
shipping_container_exports,ca,nation,2020-04,1330173,tonnes,portwatch,2020-04-30,,2026-09-26,estimated,0
shipping_container_exports,ca,nation,2020-04,1330197,tonnes,portwatch,2020-04-30,,2026-10-06T05:59:32+00:00,estimated,1
shipping_container_exports,ca,nation,2020-05,1443203,tonnes,portwatch,2020-05-31,,2026-09-26,estimated,0
shipping_container_exports,ca,nation,2020-05,1443267,tonnes,portwatch,2020-05-31,,2026-10-06T05:59:32+00:00,estimated,1
shipping_container_exports,ca,nation,2020-06,1237021,tonnes,portwatch,2020-06-30,,2026-09-26,estimated,0
shipping_container_exports,ca,nation,2020-06,1237005,tonnes,portwatch,2020-06-30,,2026-10-06T05:59:32+00:00,estimated,1
shipping_container_exports,ca,nation,2020-07,1242119,tonnes,portwatch,2020-07-31,,2026-09-26,estimated,0
shipping_container_exports,ca,nation,2020-07,1242107,tonnes,portwatch,2020-07-31,,2026-10-06T05:59:32+00:00,estimated,1
shipping_container_exports,ca,nation,2020-08,1173998,tonnes,portwatch,2020-08-31,,2026-09-26,estimated,0
shipping_container_exports,ca,nation,2020-08,1174078,tonnes,portwatch,2020-08-31,,2026-10-06T05:59:32+00:00,estimated,1
shipping_container_exports,ca,nation,2020-09,1365424,tonnes,portwatch,2020-09-30,,2026-09-26,estimated,0
shipping_container_exports,ca,nation,2020-09,1365503,tonnes,portwatch,2020-09-30,,2026-10-06T05:59:32+00:00,estimated,1
shipping_container_exports,ca,nation,2020-10,1359807,tonnes,portwatch,2020-10-31,,2026-09-26,estimated,0
shipping_container_exports,ca,nation,2020-10,1359787,tonnes,portwatch,2020-10-31,,2026-10-06T05:59:32+00:00,estimated,1
shipping_container_exports,ca,nation,2020-11,1238338,tonnes,portwatch,2020-11-30,,2026-09-26,estimated,0
shipping_container_exports,ca,nation,2020-11,1238393,tonnes,portwatch,2020-11-30,,2026-10-06T05:59:32+00:00,estimated,1
shipping_container_exports,ca,nation,2020-12,1300453,tonnes,portwatch,2020-12-31,,2026-09-26,estimated,0
shipping_container_exports,ca,nation,2020-12,1300472,tonnes,portwatch,2020-12-31,,2026-10-06T05:59:32+00:00,estimated,1
shipping_container_exports,ca,nation,2021-01,1149995,tonnes,portwatch,2021-01-31,,2026-09-26,estimated,0
shipping_container_exports,ca,nation,2021-01,1149975,tonnes,portwatch,2021-01-31,,2026-10-06T05:59:32+00:00,estimated,1
shipping_container_exports,ca,nation,2021-02,1108714,tonnes,portwatch,2021-02-28,,2026-09-26,estimated,0
shipping_container_exports,ca,nation,2021-02,1108732,tonnes,portwatch,2021-02-28,,2026-10-06T05:59:32+00:00,estimated,1
shipping_container_exports,ca,nation,2021-03,1349153,tonnes,portwatch,2021-03-31,,2026-09-26,estimated,0
shipping_container_exports,ca,nation,2021-03,1349133,tonnes,portwatch,2021-03-31,,2026-10-06T05:59:32+00:00,estimated,1
shipping_container_exports,ca,nation,2021-04,1228476,tonnes,portwatch,2021-04-30,,2026-09-26,estimated,0
shipping_container_exports,ca,nation,2021-04,1228549,tonnes,portwatch,2021-04-30,,2026-10-06T05:59:32+00:00,estimated,1
shipping_container_exports,ca,nation,2021-05,1439323,tonnes,portwatch,2021-05-31,,2026-09-26,estimated,0
shipping_container_exports,ca,nation,2021-05,1439343,tonnes,portwatch,2021-05-31,,2026-10-06T05:59:32+00:00,estimated,1
shipping_container_exports,ca,nation,2021-06,1123867,tonnes,portwatch,2021-06-30,,2026-09-26,estimated,0
shipping_container_exports,ca,nation,2021-06,1123893,tonnes,portwatch,2021-06-30,,2026-10-06T05:59:32+00:00,estimated,1
shipping_container_exports,ca,nation,2021-07,939185,tonnes,portwatch,2021-07-31,,2026-09-26,estimated,0
shipping_container_exports,ca,nation,2021-07,939211,tonnes,portwatch,2021-07-31,,2026-10-06T05:59:32+00:00,estimated,1
shipping_container_exports,ca,nation,2021-08,1177406,tonnes,portwatch,2021-08-31,,2026-09-26,estimated,0
shipping_container_exports,ca,nation,2021-08,1177384,tonnes,portwatch,2021-08-31,,2026-10-06T05:59:32+00:00,estimated,1
shipping_container_exports,ca,nation,2021-09,989939,tonnes,portwatch,2021-09-30,,2026-09-26,estimated,0
shipping_container_exports,ca,nation,2021-09,990044,tonnes,portwatch,2021-09-30,,2026-10-06T05:59:32+00:00,estimated,1
shipping_container_exports,ca,nation,2021-10,1072006,tonnes,portwatch,2021-10-31,,2026-09-26,estimated,0
shipping_container_exports,ca,nation,2021-10,1072217,tonnes,portwatch,2021-10-31,,2026-10-06T05:59:32+00:00,estimated,1
shipping_container_exports,ca,nation,2021-11,830491,tonnes,portwatch,2021-11-30,,2026-09-26,estimated,0
shipping_container_exports,ca,nation,2021-11,830690,tonnes,portwatch,2021-11-30,,2026-10-06T05:59:32+00:00,estimated,1
shipping_container_exports,ca,nation,2021-12,736674,tonnes,portwatch,2021-12-31,,2026-09-26,estimated,0
shipping_container_exports,ca,nation,2021-12,736909,tonnes,portwatch,2021-12-31,,2026-10-06T05:59:32+00:00,estimated,1
shipping_container_exports,ca,nation,2022-01,714249,tonnes,portwatch,2022-01-31,,2026-09-26,estimated,0
shipping_container_exports,ca,nation,2022-01,714529,tonnes,portwatch,2022-01-31,,2026-10-06T05:59:32+00:00,estimated,1
shipping_container_exports,ca,nation,2022-02,754276,tonnes,portwatch,2022-02-28,,2026-09-26,estimated,0
shipping_container_exports,ca,nation,2022-02,754514,tonnes,portwatch,2022-02-28,,2026-10-06T05:59:32+00:00,estimated,1
shipping_container_exports,ca,nation,2022-03,953814,tonnes,portwatch,2022-03-31,,2026-09-26,estimated,0
shipping_container_exports,ca,nation,2022-03,954101,tonnes,portwatch,2022-03-31,,2026-10-06T05:59:32+00:00,estimated,1
shipping_container_exports,ca,nation,2022-04,927205,tonnes,portwatch,2022-04-30,,2026-09-26,estimated,0
shipping_container_exports,ca,nation,2022-04,927286,tonnes,portwatch,2022-04-30,,2026-10-06T05:59:32+00:00,estimated,1
shipping_container_exports,ca,nation,2022-05,950733,tonnes,portwatch,2022-05-31,,2026-09-26,estimated,0
shipping_container_exports,ca,nation,2022-05,950875,tonnes,portwatch,2022-05-31,,2026-10-06T05:59:32+00:00,estimated,1
shipping_container_exports,ca,nation,2022-06,835284,tonnes,portwatch,2022-06-30,,2026-09-26,estimated,0
shipping_container_exports,ca,nation,2022-06,835600,tonnes,portwatch,2022-06-30,,2026-10-06T05:59:32+00:00,estimated,1
shipping_container_exports,ca,nation,2022-07,855627,tonnes,portwatch,2022-07-31,,2026-09-26,estimated,0
shipping_container_exports,ca,nation,2022-07,855852,tonnes,portwatch,2022-07-31,,2026-10-06T05:59:32+00:00,estimated,1
shipping_container_exports,ca,nation,2022-08,912031,tonnes,portwatch,2022-08-31,,2026-09-26,estimated,0
shipping_container_exports,ca,nation,2022-08,912467,tonnes,portwatch,2022-08-31,,2026-10-06T05:59:32+00:00,estimated,1
shipping_container_exports,ca,nation,2022-09,916454,tonnes,portwatch,2022-09-30,,2026-09-26,estimated,0
shipping_container_exports,ca,nation,2022-09,916433,tonnes,portwatch,2022-09-30,,2026-10-06T05:59:32+00:00,estimated,1
shipping_container_exports,ca,nation,2022-10,979791,tonnes,portwatch,2022-10-31,,2026-09-26,estimated,0
shipping_container_exports,ca,nation,2022-10,980025,tonnes,portwatch,2022-10-31,,2026-10-06T05:59:32+00:00,estimated,1
shipping_container_exports,ca,nation,2022-11,1042136,tonnes,portwatch,2022-11-30,,2026-09-26,estimated,0
shipping_container_exports,ca,nation,2022-11,1042259,tonnes,portwatch,2022-11-30,,2026-10-06T05:59:32+00:00,estimated,1
shipping_container_exports,ca,nation,2022-12,936122,tonnes,portwatch,2022-12-31,,2026-09-26,estimated,0
shipping_container_exports,ca,nation,2022-12,936136,tonnes,portwatch,2022-12-31,,2026-10-06T05:59:32+00:00,estimated,1
shipping_container_exports,ca,nation,2023-01,946056,tonnes,portwatch,2023-01-31,,2026-09-26,estimated,0
shipping_container_exports,ca,nation,2023-01,946210,tonnes,portwatch,2023-01-31,,2026-10-06T05:59:32+00:00,estimated,1
shipping_container_exports,ca,nation,2023-02,952939,tonnes,portwatch,2023-02-28,,2026-09-26,estimated,0
shipping_container_exports,ca,nation,2023-02,953043,tonnes,portwatch,2023-02-28,,2026-10-06T05:59:32+00:00,estimated,1
shipping_container_exports,ca,nation,2023-03,1035546,tonnes,portwatch,2023-03-31,,2026-09-26,estimated,0
shipping_container_exports,ca,nation,2023-03,1035522,tonnes,portwatch,2023-03-31,,2026-10-06T05:59:32+00:00,estimated,1
shipping_container_exports,ca,nation,2023-04,1100648,tonnes,portwatch,2023-04-30,,2026-09-26,estimated,0
shipping_container_exports,ca,nation,2023-04,1100854,tonnes,portwatch,2023-04-30,,2026-10-06T05:59:32+00:00,estimated,1
shipping_container_exports,ca,nation,2023-05,993263,tonnes,portwatch,2023-05-31,,2026-09-26,estimated,0
shipping_container_exports,ca,nation,2023-05,993340,tonnes,portwatch,2023-05-31,,2026-10-06T05:59:32+00:00,estimated,1
shipping_container_exports,ca,nation,2023-06,1026858,tonnes,portwatch,2023-06-30,,2026-09-26,estimated,0
shipping_container_exports,ca,nation,2023-06,1027156,tonnes,portwatch,2023-06-30,,2026-10-06T05:59:32+00:00,estimated,1
shipping_container_exports,ca,nation,2023-07,665013,tonnes,portwatch,2023-07-31,,2026-09-26,estimated,0
shipping_container_exports,ca,nation,2023-07,665266,tonnes,portwatch,2023-07-31,,2026-10-06T05:59:32+00:00,estimated,1
shipping_container_exports,ca,nation,2023-08,894355,tonnes,portwatch,2023-08-31,,2026-09-26,estimated,0
shipping_container_exports,ca,nation,2023-08,894552,tonnes,portwatch,2023-08-31,,2026-10-06T05:59:32+00:00,estimated,1
shipping_container_exports,ca,nation,2023-09,1027712,tonnes,portwatch,2023-09-30,,2026-09-26,estimated,0
shipping_container_exports,ca,nation,2023-09,1027692,tonnes,portwatch,2023-09-30,,2026-10-06T05:59:32+00:00,estimated,1
shipping_container_exports,ca,nation,2023-10,1035207,tonnes,portwatch,2023-10-31,,2026-09-26,estimated,0
shipping_container_exports,ca,nation,2023-10,1035351,tonnes,portwatch,2023-10-31,,2026-10-06T05:59:32+00:00,estimated,1
shipping_container_exports,ca,nation,2023-11,1058024,tonnes,portwatch,2023-11-30,,2026-09-26,estimated,0
shipping_container_exports,ca,nation,2023-11,1058304,tonnes,portwatch,2023-11-30,,2026-10-06T05:59:32+00:00,estimated,1
shipping_container_exports,ca,nation,2023-12,1096604,tonnes,portwatch,2023-12-31,,2026-09-26,estimated,0
shipping_container_exports,ca,nation,2023-12,1096830,tonnes,portwatch,2023-12-31,,2026-10-06T05:59:32+00:00,estimated,1
shipping_container_exports,ca,nation,2024-01,904432,tonnes,portwatch,2024-01-31,,2026-09-26,estimated,0
shipping_container_exports,ca,nation,2024-01,904926,tonnes,portwatch,2024-01-31,,2026-10-06T05:59:32+00:00,estimated,1
shipping_container_exports,ca,nation,2024-02,1139964,tonnes,portwatch,2024-02-29,,2026-09-26,estimated,0
shipping_container_exports,ca,nation,2024-02,1140346,tonnes,portwatch,2024-02-29,,2026-10-06T05:59:32+00:00,estimated,1
shipping_container_exports,ca,nation,2024-03,1152228,tonnes,portwatch,2024-03-31,,2026-09-26,estimated,0
shipping_container_exports,ca,nation,2024-03,1152847,tonnes,portwatch,2024-03-31,,2026-10-06T05:59:32+00:00,estimated,1
shipping_container_exports,ca,nation,2024-04,1010323,tonnes,portwatch,2024-04-30,,2026-09-26,estimated,0
shipping_container_exports,ca,nation,2024-04,1010429,tonnes,portwatch,2024-04-30,,2026-10-06T05:59:32+00:00,estimated,1
shipping_container_exports,ca,nation,2024-05,1019599,tonnes,portwatch,2024-05-31,,2026-09-26,estimated,0
shipping_container_exports,ca,nation,2024-05,1019841,tonnes,portwatch,2024-05-31,,2026-10-06T05:59:32+00:00,estimated,1
shipping_container_exports,ca,nation,2024-06,1019253,tonnes,portwatch,2024-06-30,,2026-09-26,estimated,0
shipping_container_exports,ca,nation,2024-06,1019559,tonnes,portwatch,2024-06-30,,2026-10-06T05:59:32+00:00,estimated,1
shipping_container_exports,ca,nation,2024-07,883207,tonnes,portwatch,2024-07-31,,2026-09-26,estimated,0
shipping_container_exports,ca,nation,2024-07,883340,tonnes,portwatch,2024-07-31,,2026-10-06T05:59:32+00:00,estimated,1
shipping_container_exports,ca,nation,2024-08,887396,tonnes,portwatch,2024-08-31,,2026-09-26,estimated,0
shipping_container_exports,ca,nation,2024-08,887733,tonnes,portwatch,2024-08-31,,2026-10-06T05:59:32+00:00,estimated,1
shipping_container_exports,ca,nation,2024-09,1015594,tonnes,portwatch,2024-09-30,,2026-09-26,estimated,0
shipping_container_exports,ca,nation,2024-09,1015767,tonnes,portwatch,2024-09-30,,2026-10-06T05:59:32+00:00,estimated,1
shipping_container_exports,ca,nation,2024-10,1003681,tonnes,portwatch,2024-10-31,,2026-09-26,estimated,0
shipping_container_exports,ca,nation,2024-10,1004009,tonnes,portwatch,2024-10-31,,2026-10-06T05:59:32+00:00,estimated,1
shipping_container_exports,ca,nation,2024-11,846870,tonnes,portwatch,2024-11-30,,2026-09-26,estimated,0
shipping_container_exports,ca,nation,2024-11,847336,tonnes,portwatch,2024-11-30,,2026-10-06T05:59:32+00:00,estimated,1
shipping_container_exports,ca,nation,2024-12,1040574,tonnes,portwatch,2024-12-31,,2026-09-26,estimated,0
shipping_container_exports,ca,nation,2024-12,1040668,tonnes,portwatch,2024-12-31,,2026-10-06T05:59:32+00:00,estimated,1
shipping_container_exports,ca,nation,2025-01,995812,tonnes,portwatch,2025-01-31,,2026-09-26,estimated,0
shipping_container_exports,ca,nation,2025-01,995902,tonnes,portwatch,2025-01-31,,2026-10-06T05:59:32+00:00,estimated,1
shipping_container_exports,ca,nation,2025-02,881394,tonnes,portwatch,2025-02-28,,2026-09-26,estimated,0
shipping_container_exports,ca,nation,2025-02,881559,tonnes,portwatch,2025-02-28,,2026-10-06T05:59:32+00:00,estimated,1
shipping_container_exports,ca,nation,2025-03,1141949,tonnes,portwatch,2025-03-31,,2026-09-26,estimated,0
shipping_container_exports,ca,nation,2025-03,1142253,tonnes,portwatch,2025-03-31,,2026-10-06T05:59:32+00:00,estimated,1
shipping_container_exports,ca,nation,2025-04,1086091,tonnes,portwatch,2025-04-30,,2026-09-26,estimated,0
shipping_container_exports,ca,nation,2025-04,1086474,tonnes,portwatch,2025-04-30,,2026-10-06T05:59:32+00:00,estimated,1
shipping_container_exports,ca,nation,2025-05,1021658,tonnes,portwatch,2025-05-31,,2026-09-26,estimated,0
shipping_container_exports,ca,nation,2025-05,1021965,tonnes,portwatch,2025-05-31,,2026-10-06T05:59:32+00:00,estimated,1
shipping_container_exports,ca,nation,2025-06,976952,tonnes,portwatch,2025-06-30,,2026-09-26,estimated,0
shipping_container_exports,ca,nation,2025-06,977174,tonnes,portwatch,2025-06-30,,2026-10-06T05:59:32+00:00,estimated,1
shipping_container_exports,ca,nation,2025-07,865184,tonnes,portwatch,2025-07-31,,2026-09-26,estimated,0
shipping_container_exports,ca,nation,2025-07,865484,tonnes,portwatch,2025-07-31,,2026-10-06T05:59:32+00:00,estimated,1
shipping_container_exports,ca,nation,2025-08,945517,tonnes,portwatch,2025-08-31,,2026-09-26,estimated,0
shipping_container_exports,ca,nation,2025-08,946048,tonnes,portwatch,2025-08-31,,2026-10-06T05:59:32+00:00,estimated,1
shipping_container_exports,ca,nation,2025-09,964523,tonnes,portwatch,2025-09-30,,2026-09-26,estimated,0
shipping_container_exports,ca,nation,2025-09,964694,tonnes,portwatch,2025-09-30,,2026-10-06T05:59:32+00:00,estimated,1
shipping_container_exports,ca,nation,2025-10,1051882,tonnes,portwatch,2025-10-31,,2026-09-26,estimated,0
shipping_container_exports,ca,nation,2025-10,1052195,tonnes,portwatch,2025-10-31,,2026-10-06T05:59:32+00:00,estimated,1
shipping_container_exports,ca,nation,2025-11,1148158,tonnes,portwatch,2025-11-30,,2026-09-26,estimated,0
shipping_container_exports,ca,nation,2025-11,1148327,tonnes,portwatch,2025-11-30,,2026-10-06T05:59:32+00:00,estimated,1
shipping_container_exports,ca,nation,2025-12,1045385,tonnes,portwatch,2025-12-31,,2026-09-26,estimated,0
shipping_container_exports,ca,nation,2025-12,1045657,tonnes,portwatch,2025-12-31,,2026-10-06T05:59:32+00:00,estimated,1
shipping_container_exports,ca,nation,2026-01,844153,tonnes,portwatch,2026-01-31,,2026-09-26,estimated,0
shipping_container_exports,ca,nation,2026-01,844342,tonnes,portwatch,2026-01-31,,2026-10-06T05:59:32+00:00,estimated,1
shipping_container_exports,ca,nation,2026-02,1031019,tonnes,portwatch,2026-02-28,,2026-09-26,estimated,0
shipping_container_exports,ca,nation,2026-02,1031181,tonnes,portwatch,2026-02-28,,2026-10-06T05:59:32+00:00,estimated,1
shipping_container_exports,ca,nation,2026-03,1095663,tonnes,portwatch,2026-03-31,,2026-09-26,estimated,0
shipping_container_exports,ca,nation,2026-03,1095669,tonnes,portwatch,2026-03-31,,2026-10-06T05:59:32+00:00,estimated,1
shipping_container_exports,ca,nation,2026-04,1015206,tonnes,portwatch,2026-04-30,,2026-09-26,estimated,0
shipping_container_exports,ca,nation,2026-04,1015292,tonnes,portwatch,2026-04-30,,2026-10-06T05:59:32+00:00,estimated,1
shipping_container_exports,ca,nation,2026-05,1116063,tonnes,portwatch,2026-05-31,,2026-09-26,estimated,0
shipping_container_exports,ca,nation,2026-05,1116401,tonnes,portwatch,2026-05-31,,2026-10-06T05:59:32+00:00,estimated,1
shipping_container_exports,ca,nation,2026-06,1001621,tonnes,portwatch,2026-06-30,,2026-09-26,estimated,0
shipping_container_exports,ca,nation,2026-06,1001812,tonnes,portwatch,2026-06-30,,2026-10-06T05:59:32+00:00,estimated,1
shipping_container_exports,ca,nation,2026-07,934782,tonnes,portwatch,2026-07-31,,2026-09-26,estimated,0
shipping_container_exports,ca,nation,2026-07,934831,tonnes,portwatch,2026-07-31,,2026-10-06T05:59:32+00:00,estimated,1
shipping_container_exports,ca,nation,2026-08,991045,tonnes,portwatch,2026-08-31,,2026-09-26,estimated,0
shipping_container_exports,ca,nation,2026-08,992395,tonnes,portwatch,2026-08-31,,2026-10-06T05:59:32+00:00,estimated,1
shipping_container_exports,cn,nation,2019-01,92300745,tonnes,portwatch,2019-01-31,,2026-09-26,estimated,0
shipping_container_exports,cn,nation,2019-01,92316962,tonnes,portwatch,2019-01-31,,2026-10-06T05:59:33+00:00,estimated,1
shipping_container_exports,cn,nation,2019-02,66195579,tonnes,portwatch,2019-02-28,,2026-09-26,estimated,0
shipping_container_exports,cn,nation,2019-02,66210575,tonnes,portwatch,2019-02-28,,2026-10-06T05:59:33+00:00,estimated,1
shipping_container_exports,cn,nation,2019-03,84386780,tonnes,portwatch,2019-03-31,,2026-09-26,estimated,0
shipping_container_exports,cn,nation,2019-03,84404133,tonnes,portwatch,2019-03-31,,2026-10-06T05:59:33+00:00,estimated,1
shipping_container_exports,cn,nation,2019-04,88426270,tonnes,portwatch,2019-04-30,,2026-09-26,estimated,0
shipping_container_exports,cn,nation,2019-04,88434783,tonnes,portwatch,2019-04-30,,2026-10-06T05:59:33+00:00,estimated,1
shipping_container_exports,cn,nation,2019-05,91164832,tonnes,portwatch,2019-05-31,,2026-09-26,estimated,0
shipping_container_exports,cn,nation,2019-05,91173356,tonnes,portwatch,2019-05-31,,2026-10-06T05:59:33+00:00,estimated,1
shipping_container_exports,cn,nation,2019-06,91156738,tonnes,portwatch,2019-06-30,,2026-09-26,estimated,0
shipping_container_exports,cn,nation,2019-06,91164571,tonnes,portwatch,2019-06-30,,2026-10-06T05:59:33+00:00,estimated,1
shipping_container_exports,cn,nation,2019-07,92278679,tonnes,portwatch,2019-07-31,,2026-09-26,estimated,0
shipping_container_exports,cn,nation,2019-07,92286045,tonnes,portwatch,2019-07-31,,2026-10-06T05:59:33+00:00,estimated,1
shipping_container_exports,cn,nation,2019-08,91316227,tonnes,portwatch,2019-08-31,,2026-09-26,estimated,0
shipping_container_exports,cn,nation,2019-08,91323198,tonnes,portwatch,2019-08-31,,2026-10-06T05:59:33+00:00,estimated,1
shipping_container_exports,cn,nation,2019-09,91257951,tonnes,portwatch,2019-09-30,,2026-09-26,estimated,0
shipping_container_exports,cn,nation,2019-09,91265713,tonnes,portwatch,2019-09-30,,2026-10-06T05:59:33+00:00,estimated,1
shipping_container_exports,cn,nation,2019-10,88754383,tonnes,portwatch,2019-10-31,,2026-09-26,estimated,0
shipping_container_exports,cn,nation,2019-10,88761883,tonnes,portwatch,2019-10-31,,2026-10-06T05:59:33+00:00,estimated,1
shipping_container_exports,cn,nation,2019-11,86242572,tonnes,portwatch,2019-11-30,,2026-09-26,estimated,0
shipping_container_exports,cn,nation,2019-11,86249830,tonnes,portwatch,2019-11-30,,2026-10-06T05:59:33+00:00,estimated,1
shipping_container_exports,cn,nation,2019-12,81997988,tonnes,portwatch,2019-12-31,,2026-09-26,estimated,0
shipping_container_exports,cn,nation,2019-12,82021273,tonnes,portwatch,2019-12-31,,2026-10-06T05:59:33+00:00,estimated,1
shipping_container_exports,cn,nation,2020-01,89866884,tonnes,portwatch,2020-01-31,,2026-09-26,estimated,0
shipping_container_exports,cn,nation,2020-01,89874342,tonnes,portwatch,2020-01-31,,2026-10-06T05:59:33+00:00,estimated,1
shipping_container_exports,cn,nation,2020-02,51145796,tonnes,portwatch,2020-02-29,,2026-09-26,estimated,0
shipping_container_exports,cn,nation,2020-02,51152907,tonnes,portwatch,2020-02-29,,2026-10-06T05:59:33+00:00,estimated,1
shipping_container_exports,cn,nation,2020-03,82720858,tonnes,portwatch,2020-03-31,,2026-09-26,estimated,0
shipping_container_exports,cn,nation,2020-03,82727151,tonnes,portwatch,2020-03-31,,2026-10-06T05:59:33+00:00,estimated,1
shipping_container_exports,cn,nation,2020-04,81022172,tonnes,portwatch,2020-04-30,,2026-09-26,estimated,0
shipping_container_exports,cn,nation,2020-04,81029214,tonnes,portwatch,2020-04-30,,2026-10-06T05:59:33+00:00,estimated,1
shipping_container_exports,cn,nation,2020-05,85141358,tonnes,portwatch,2020-05-31,,2026-09-26,estimated,0
shipping_container_exports,cn,nation,2020-05,85149197,tonnes,portwatch,2020-05-31,,2026-10-06T05:59:33+00:00,estimated,1
shipping_container_exports,cn,nation,2020-06,90102505,tonnes,portwatch,2020-06-30,,2026-09-26,estimated,0
shipping_container_exports,cn,nation,2020-06,90111070,tonnes,portwatch,2020-06-30,,2026-10-06T05:59:33+00:00,estimated,1
shipping_container_exports,cn,nation,2020-07,97680923,tonnes,portwatch,2020-07-31,,2026-09-26,estimated,0
shipping_container_exports,cn,nation,2020-07,97689604,tonnes,portwatch,2020-07-31,,2026-10-06T05:59:33+00:00,estimated,1
shipping_container_exports,cn,nation,2020-08,97233479,tonnes,portwatch,2020-08-31,,2026-09-26,estimated,0
shipping_container_exports,cn,nation,2020-08,97244114,tonnes,portwatch,2020-08-31,,2026-10-06T05:59:33+00:00,estimated,1
shipping_container_exports,cn,nation,2020-09,99279554,tonnes,portwatch,2020-09-30,,2026-09-26,estimated,0
shipping_container_exports,cn,nation,2020-09,99289439,tonnes,portwatch,2020-09-30,,2026-10-06T05:59:33+00:00,estimated,1
shipping_container_exports,cn,nation,2020-10,97982727,tonnes,portwatch,2020-10-31,,2026-09-26,estimated,0
shipping_container_exports,cn,nation,2020-10,97993467,tonnes,portwatch,2020-10-31,,2026-10-06T05:59:33+00:00,estimated,1
shipping_container_exports,cn,nation,2020-11,94007056,tonnes,portwatch,2020-11-30,,2026-09-26,estimated,0
shipping_container_exports,cn,nation,2020-11,94017073,tonnes,portwatch,2020-11-30,,2026-10-06T05:59:33+00:00,estimated,1
shipping_container_exports,cn,nation,2020-12,86138684,tonnes,portwatch,2020-12-31,,2026-09-26,estimated,0
shipping_container_exports,cn,nation,2020-12,86148131,tonnes,portwatch,2020-12-31,,2026-10-06T05:59:33+00:00,estimated,1
shipping_container_exports,cn,nation,2021-01,96303329,tonnes,portwatch,2021-01-31,,2026-09-26,estimated,0
shipping_container_exports,cn,nation,2021-01,96311956,tonnes,portwatch,2021-01-31,,2026-10-06T05:59:33+00:00,estimated,1
shipping_container_exports,cn,nation,2021-02,77105559,tonnes,portwatch,2021-02-28,,2026-09-26,estimated,0
shipping_container_exports,cn,nation,2021-02,77112902,tonnes,portwatch,2021-02-28,,2026-10-06T05:59:33+00:00,estimated,1
shipping_container_exports,cn,nation,2021-03,93587226,tonnes,portwatch,2021-03-31,,2026-09-26,estimated,0
shipping_container_exports,cn,nation,2021-03,93597913,tonnes,portwatch,2021-03-31,,2026-10-06T05:59:33+00:00,estimated,1
shipping_container_exports,cn,nation,2021-04,97228872,tonnes,portwatch,2021-04-30,,2026-09-26,estimated,0
shipping_container_exports,cn,nation,2021-04,97238018,tonnes,portwatch,2021-04-30,,2026-10-06T05:59:33+00:00,estimated,1
shipping_container_exports,cn,nation,2021-05,98274376,tonnes,portwatch,2021-05-31,,2026-09-26,estimated,0
shipping_container_exports,cn,nation,2021-05,98284253,tonnes,portwatch,2021-05-31,,2026-10-06T05:59:33+00:00,estimated,1
shipping_container_exports,cn,nation,2021-06,96572447,tonnes,portwatch,2021-06-30,,2026-09-26,estimated,0
shipping_container_exports,cn,nation,2021-06,96580773,tonnes,portwatch,2021-06-30,,2026-10-06T05:59:33+00:00,estimated,1
shipping_container_exports,cn,nation,2021-07,92899105,tonnes,portwatch,2021-07-31,,2026-09-26,estimated,0
shipping_container_exports,cn,nation,2021-07,92908815,tonnes,portwatch,2021-07-31,,2026-10-06T05:59:33+00:00,estimated,1
shipping_container_exports,cn,nation,2021-08,98179650,tonnes,portwatch,2021-08-31,,2026-09-26,estimated,0
shipping_container_exports,cn,nation,2021-08,98189698,tonnes,portwatch,2021-08-31,,2026-10-06T05:59:33+00:00,estimated,1
shipping_container_exports,cn,nation,2021-09,94413510,tonnes,portwatch,2021-09-30,,2026-09-26,estimated,0
shipping_container_exports,cn,nation,2021-09,94423047,tonnes,portwatch,2021-09-30,,2026-10-06T05:59:33+00:00,estimated,1
shipping_container_exports,cn,nation,2021-10,94167016,tonnes,portwatch,2021-10-31,,2026-09-26,estimated,0
shipping_container_exports,cn,nation,2021-10,94175983,tonnes,portwatch,2021-10-31,,2026-10-06T05:59:33+00:00,estimated,1
shipping_container_exports,cn,nation,2021-11,91923360,tonnes,portwatch,2021-11-30,,2026-09-26,estimated,0
shipping_container_exports,cn,nation,2021-11,91932792,tonnes,portwatch,2021-11-30,,2026-10-06T05:59:33+00:00,estimated,1
shipping_container_exports,cn,nation,2021-12,88048326,tonnes,portwatch,2021-12-31,,2026-09-26,estimated,0
shipping_container_exports,cn,nation,2021-12,88057894,tonnes,portwatch,2021-12-31,,2026-10-06T05:59:33+00:00,estimated,1
shipping_container_exports,cn,nation,2022-01,100619463,tonnes,portwatch,2022-01-31,,2026-09-26,estimated,0
shipping_container_exports,cn,nation,2022-01,100628644,tonnes,portwatch,2022-01-31,,2026-10-06T05:59:33+00:00,estimated,1
shipping_container_exports,cn,nation,2022-02,76807629,tonnes,portwatch,2022-02-28,,2026-09-26,estimated,0
shipping_container_exports,cn,nation,2022-02,76816166,tonnes,portwatch,2022-02-28,,2026-10-06T05:59:33+00:00,estimated,1
shipping_container_exports,cn,nation,2022-03,95987887,tonnes,portwatch,2022-03-31,,2026-09-26,estimated,0
shipping_container_exports,cn,nation,2022-03,95997336,tonnes,portwatch,2022-03-31,,2026-10-06T05:59:33+00:00,estimated,1
shipping_container_exports,cn,nation,2022-04,93270015,tonnes,portwatch,2022-04-30,,2026-09-26,estimated,0
shipping_container_exports,cn,nation,2022-04,93280140,tonnes,portwatch,2022-04-30,,2026-10-06T05:59:33+00:00,estimated,1
shipping_container_exports,cn,nation,2022-05,101785690,tonnes,portwatch,2022-05-31,,2026-09-26,estimated,0
shipping_container_exports,cn,nation,2022-05,101796717,tonnes,portwatch,2022-05-31,,2026-10-06T05:59:33+00:00,estimated,1
shipping_container_exports,cn,nation,2022-06,102950061,tonnes,portwatch,2022-06-30,,2026-09-26,estimated,0
shipping_container_exports,cn,nation,2022-06,102959518,tonnes,portwatch,2022-06-30,,2026-10-06T05:59:33+00:00,estimated,1
shipping_container_exports,cn,nation,2022-07,105375437,tonnes,portwatch,2022-07-31,,2026-09-26,estimated,0
shipping_container_exports,cn,nation,2022-07,105385289,tonnes,portwatch,2022-07-31,,2026-10-06T05:59:33+00:00,estimated,1
shipping_container_exports,cn,nation,2022-08,100747284,tonnes,portwatch,2022-08-31,,2026-09-26,estimated,0
shipping_container_exports,cn,nation,2022-08,100757286,tonnes,portwatch,2022-08-31,,2026-10-06T05:59:33+00:00,estimated,1
shipping_container_exports,cn,nation,2022-09,95619866,tonnes,portwatch,2022-09-30,,2026-09-26,estimated,0
shipping_container_exports,cn,nation,2022-09,95630293,tonnes,portwatch,2022-09-30,,2026-10-06T05:59:33+00:00,estimated,1
shipping_container_exports,cn,nation,2022-10,93873576,tonnes,portwatch,2022-10-31,,2026-09-26,estimated,0
shipping_container_exports,cn,nation,2022-10,93884329,tonnes,portwatch,2022-10-31,,2026-10-06T05:59:33+00:00,estimated,1
shipping_container_exports,cn,nation,2022-11,95829703,tonnes,portwatch,2022-11-30,,2026-09-26,estimated,0
shipping_container_exports,cn,nation,2022-11,95840533,tonnes,portwatch,2022-11-30,,2026-10-06T05:59:33+00:00,estimated,1
shipping_container_exports,cn,nation,2022-12,94091258,tonnes,portwatch,2022-12-31,,2026-09-26,estimated,0
shipping_container_exports,cn,nation,2022-12,94101247,tonnes,portwatch,2022-12-31,,2026-10-06T05:59:33+00:00,estimated,1
shipping_container_exports,cn,nation,2023-01,99729069,tonnes,portwatch,2023-01-31,,2026-09-26,estimated,0
shipping_container_exports,cn,nation,2023-01,99739644,tonnes,portwatch,2023-01-31,,2026-10-06T05:59:33+00:00,estimated,1
shipping_container_exports,cn,nation,2023-02,78190146,tonnes,portwatch,2023-02-28,,2026-09-26,estimated,0
shipping_container_exports,cn,nation,2023-02,78198464,tonnes,portwatch,2023-02-28,,2026-10-06T05:59:33+00:00,estimated,1
shipping_container_exports,cn,nation,2023-03,104154196,tonnes,portwatch,2023-03-31,,2026-09-26,estimated,0
shipping_container_exports,cn,nation,2023-03,104164278,tonnes,portwatch,2023-03-31,,2026-10-06T05:59:33+00:00,estimated,1
shipping_container_exports,cn,nation,2023-04,104474303,tonnes,portwatch,2023-04-30,,2026-09-26,estimated,0
shipping_container_exports,cn,nation,2023-04,104483955,tonnes,portwatch,2023-04-30,,2026-10-06T05:59:33+00:00,estimated,1
shipping_container_exports,cn,nation,2023-05,108836522,tonnes,portwatch,2023-05-31,,2026-09-26,estimated,0
shipping_container_exports,cn,nation,2023-05,108846281,tonnes,portwatch,2023-05-31,,2026-10-06T05:59:33+00:00,estimated,1
shipping_container_exports,cn,nation,2023-06,110945514,tonnes,portwatch,2023-06-30,,2026-09-26,estimated,0
shipping_container_exports,cn,nation,2023-06,110955975,tonnes,portwatch,2023-06-30,,2026-10-06T05:59:33+00:00,estimated,1
shipping_container_exports,cn,nation,2023-07,111008980,tonnes,portwatch,2023-07-31,,2026-09-26,estimated,0
shipping_container_exports,cn,nation,2023-07,111019039,tonnes,portwatch,2023-07-31,,2026-10-06T05:59:33+00:00,estimated,1
shipping_container_exports,cn,nation,2023-08,110838880,tonnes,portwatch,2023-08-31,,2026-09-26,estimated,0
shipping_container_exports,cn,nation,2023-08,110849204,tonnes,portwatch,2023-08-31,,2026-10-06T05:59:33+00:00,estimated,1
shipping_container_exports,cn,nation,2023-09,109615377,tonnes,portwatch,2023-09-30,,2026-09-26,estimated,0
shipping_container_exports,cn,nation,2023-09,109624218,tonnes,portwatch,2023-09-30,,2026-10-06T05:59:33+00:00,estimated,1
shipping_container_exports,cn,nation,2023-10,102285394,tonnes,portwatch,2023-10-31,,2026-09-26,estimated,0
shipping_container_exports,cn,nation,2023-10,102294446,tonnes,portwatch,2023-10-31,,2026-10-06T05:59:33+00:00,estimated,1
shipping_container_exports,cn,nation,2023-11,105023239,tonnes,portwatch,2023-11-30,,2026-09-26,estimated,0
shipping_container_exports,cn,nation,2023-11,105034121,tonnes,portwatch,2023-11-30,,2026-10-06T05:59:33+00:00,estimated,1
shipping_container_exports,cn,nation,2023-12,103691268,tonnes,portwatch,2023-12-31,,2026-09-26,estimated,0
shipping_container_exports,cn,nation,2023-12,103699651,tonnes,portwatch,2023-12-31,,2026-10-06T05:59:33+00:00,estimated,1
shipping_container_exports,cn,nation,2024-01,113281226,tonnes,portwatch,2024-01-31,,2026-09-26,estimated,0
shipping_container_exports,cn,nation,2024-01,113291701,tonnes,portwatch,2024-01-31,,2026-10-06T05:59:33+00:00,estimated,1
shipping_container_exports,cn,nation,2024-02,83530783,tonnes,portwatch,2024-02-29,,2026-09-26,estimated,0
shipping_container_exports,cn,nation,2024-02,83539689,tonnes,portwatch,2024-02-29,,2026-10-06T05:59:33+00:00,estimated,1
shipping_container_exports,cn,nation,2024-03,103063743,tonnes,portwatch,2024-03-31,,2026-09-26,estimated,0
shipping_container_exports,cn,nation,2024-03,103075784,tonnes,portwatch,2024-03-31,,2026-10-06T05:59:33+00:00,estimated,1
shipping_container_exports,cn,nation,2024-04,117531811,tonnes,portwatch,2024-04-30,,2026-09-26,estimated,0
shipping_container_exports,cn,nation,2024-04,117544613,tonnes,portwatch,2024-04-30,,2026-10-06T05:59:33+00:00,estimated,1
shipping_container_exports,cn,nation,2024-05,114307434,tonnes,portwatch,2024-05-31,,2026-09-26,estimated,0
shipping_container_exports,cn,nation,2024-05,114320178,tonnes,portwatch,2024-05-31,,2026-10-06T05:59:33+00:00,estimated,1
shipping_container_exports,cn,nation,2024-06,114888355,tonnes,portwatch,2024-06-30,,2026-09-26,estimated,0
shipping_container_exports,cn,nation,2024-06,114901107,tonnes,portwatch,2024-06-30,,2026-10-06T05:59:33+00:00,estimated,1
shipping_container_exports,cn,nation,2024-07,115057156,tonnes,portwatch,2024-07-31,,2026-09-26,estimated,0
shipping_container_exports,cn,nation,2024-07,115067943,tonnes,portwatch,2024-07-31,,2026-10-06T05:59:33+00:00,estimated,1
shipping_container_exports,cn,nation,2024-08,116324624,tonnes,portwatch,2024-08-31,,2026-09-26,estimated,0
shipping_container_exports,cn,nation,2024-08,116335044,tonnes,portwatch,2024-08-31,,2026-10-06T05:59:33+00:00,estimated,1
shipping_container_exports,cn,nation,2024-09,113136981,tonnes,portwatch,2024-09-30,,2026-09-26,estimated,0
shipping_container_exports,cn,nation,2024-09,113147160,tonnes,portwatch,2024-09-30,,2026-10-06T05:59:33+00:00,estimated,1
shipping_container_exports,cn,nation,2024-10,113081721,tonnes,portwatch,2024-10-31,,2026-09-26,estimated,0
shipping_container_exports,cn,nation,2024-10,113095496,tonnes,portwatch,2024-10-31,,2026-10-06T05:59:33+00:00,estimated,1
shipping_container_exports,cn,nation,2024-11,108962415,tonnes,portwatch,2024-11-30,,2026-09-26,estimated,0
shipping_container_exports,cn,nation,2024-11,108980289,tonnes,portwatch,2024-11-30,,2026-10-06T05:59:33+00:00,estimated,1
shipping_container_exports,cn,nation,2024-12,103590361,tonnes,portwatch,2024-12-31,,2026-09-26,estimated,0
shipping_container_exports,cn,nation,2024-12,103607375,tonnes,portwatch,2024-12-31,,2026-10-06T05:59:33+00:00,estimated,1
shipping_container_exports,cn,nation,2025-01,121479977,tonnes,portwatch,2025-01-31,,2026-09-26,estimated,0
shipping_container_exports,cn,nation,2025-01,121494418,tonnes,portwatch,2025-01-31,,2026-10-06T05:59:33+00:00,estimated,1
shipping_container_exports,cn,nation,2025-02,94282960,tonnes,portwatch,2025-02-28,,2026-09-26,estimated,0
shipping_container_exports,cn,nation,2025-02,94298548,tonnes,portwatch,2025-02-28,,2026-10-06T05:59:33+00:00,estimated,1
shipping_container_exports,cn,nation,2025-03,115480603,tonnes,portwatch,2025-03-31,,2026-09-26,estimated,0
shipping_container_exports,cn,nation,2025-03,115497613,tonnes,portwatch,2025-03-31,,2026-10-06T05:59:33+00:00,estimated,1
shipping_container_exports,cn,nation,2025-04,117295163,tonnes,portwatch,2025-04-30,,2026-09-26,estimated,0
shipping_container_exports,cn,nation,2025-04,117308379,tonnes,portwatch,2025-04-30,,2026-10-06T05:59:33+00:00,estimated,1
shipping_container_exports,cn,nation,2025-05,122730775,tonnes,portwatch,2025-05-31,,2026-09-26,estimated,0
shipping_container_exports,cn,nation,2025-05,122743989,tonnes,portwatch,2025-05-31,,2026-10-06T05:59:33+00:00,estimated,1
shipping_container_exports,cn,nation,2025-06,122993595,tonnes,portwatch,2025-06-30,,2026-09-26,estimated,0
shipping_container_exports,cn,nation,2025-06,123008471,tonnes,portwatch,2025-06-30,,2026-10-06T05:59:33+00:00,estimated,1
shipping_container_exports,cn,nation,2025-07,122862258,tonnes,portwatch,2025-07-31,,2026-09-26,estimated,0
shipping_container_exports,cn,nation,2025-07,122874795,tonnes,portwatch,2025-07-31,,2026-10-06T05:59:33+00:00,estimated,1
shipping_container_exports,cn,nation,2025-08,128170467,tonnes,portwatch,2025-08-31,,2026-09-26,estimated,0
shipping_container_exports,cn,nation,2025-08,128187629,tonnes,portwatch,2025-08-31,,2026-10-06T05:59:33+00:00,estimated,1
shipping_container_exports,cn,nation,2025-09,120257025,tonnes,portwatch,2025-09-30,,2026-09-26,estimated,0
shipping_container_exports,cn,nation,2025-09,120277604,tonnes,portwatch,2025-09-30,,2026-10-06T05:59:33+00:00,estimated,1
shipping_container_exports,cn,nation,2025-10,119455585,tonnes,portwatch,2025-10-31,,2026-09-26,estimated,0
shipping_container_exports,cn,nation,2025-10,119475848,tonnes,portwatch,2025-10-31,,2026-10-06T05:59:33+00:00,estimated,1
shipping_container_exports,cn,nation,2025-11,120555405,tonnes,portwatch,2025-11-30,,2026-09-26,estimated,0
shipping_container_exports,cn,nation,2025-11,120568508,tonnes,portwatch,2025-11-30,,2026-10-06T05:59:33+00:00,estimated,1
shipping_container_exports,cn,nation,2025-12,116075251,tonnes,portwatch,2025-12-31,,2026-09-26,estimated,0
shipping_container_exports,cn,nation,2025-12,116096465,tonnes,portwatch,2025-12-31,,2026-10-06T05:59:33+00:00,estimated,1
shipping_container_exports,cn,nation,2026-01,131950787,tonnes,portwatch,2026-01-31,,2026-09-26,estimated,0
shipping_container_exports,cn,nation,2026-01,131965713,tonnes,portwatch,2026-01-31,,2026-10-06T05:59:33+00:00,estimated,1
shipping_container_exports,cn,nation,2026-02,110075549,tonnes,portwatch,2026-02-28,,2026-09-26,estimated,0
shipping_container_exports,cn,nation,2026-02,110089755,tonnes,portwatch,2026-02-28,,2026-10-06T05:59:33+00:00,estimated,1
shipping_container_exports,cn,nation,2026-03,119896054,tonnes,portwatch,2026-03-31,,2026-09-26,estimated,0
shipping_container_exports,cn,nation,2026-03,119915453,tonnes,portwatch,2026-03-31,,2026-10-06T05:59:33+00:00,estimated,1
shipping_container_exports,cn,nation,2026-04,123956605,tonnes,portwatch,2026-04-30,,2026-09-26,estimated,0
shipping_container_exports,cn,nation,2026-04,123971798,tonnes,portwatch,2026-04-30,,2026-10-06T05:59:33+00:00,estimated,1
shipping_container_exports,cn,nation,2026-05,125156809,tonnes,portwatch,2026-05-31,,2026-09-26,estimated,0
shipping_container_exports,cn,nation,2026-05,125168391,tonnes,portwatch,2026-05-31,,2026-10-06T05:59:33+00:00,estimated,1
shipping_container_exports,cn,nation,2026-06,128827589,tonnes,portwatch,2026-06-30,,2026-09-26,estimated,0
shipping_container_exports,cn,nation,2026-06,128842029,tonnes,portwatch,2026-06-30,,2026-10-06T05:59:33+00:00,estimated,1
shipping_container_exports,cn,nation,2026-07,115498412,tonnes,portwatch,2026-07-31,,2026-09-26,estimated,0
shipping_container_exports,cn,nation,2026-07,115508825,tonnes,portwatch,2026-07-31,,2026-10-06T05:59:33+00:00,estimated,1
shipping_container_exports,cn,nation,2026-08,114884855,tonnes,portwatch,2026-08-31,,2026-09-26,estimated,0
shipping_container_exports,cn,nation,2026-08,114893171,tonnes,portwatch,2026-08-31,,2026-10-06T05:59:33+00:00,estimated,1
shipping_container_exports,de,nation,2019-01,7189385,tonnes,portwatch,2019-01-31,,2026-09-26,estimated,0
shipping_container_exports,de,nation,2019-01,7189334,tonnes,portwatch,2019-01-31,,2026-10-06T05:59:34+00:00,estimated,1
shipping_container_exports,de,nation,2019-02,7605735,tonnes,portwatch,2019-02-28,,2026-09-26,estimated,0
shipping_container_exports,de,nation,2019-02,7605628,tonnes,portwatch,2019-02-28,,2026-10-06T05:59:34+00:00,estimated,1
shipping_container_exports,de,nation,2019-03,7980950,tonnes,portwatch,2019-03-31,,2026-09-26,estimated,0
shipping_container_exports,de,nation,2019-03,7980889,tonnes,portwatch,2019-03-31,,2026-10-06T05:59:34+00:00,estimated,1
shipping_container_exports,de,nation,2019-04,7692410,tonnes,portwatch,2019-04-30,,2026-09-26,estimated,0
shipping_container_exports,de,nation,2019-04,7692345,tonnes,portwatch,2019-04-30,,2026-10-06T05:59:34+00:00,estimated,1
shipping_container_exports,de,nation,2019-05,7918715,tonnes,portwatch,2019-05-31,,2026-09-26,estimated,0
shipping_container_exports,de,nation,2019-05,7918653,tonnes,portwatch,2019-05-31,,2026-10-06T05:59:34+00:00,estimated,1
shipping_container_exports,de,nation,2019-06,7671972,tonnes,portwatch,2019-06-30,,2026-09-26,estimated,0
shipping_container_exports,de,nation,2019-06,7671926,tonnes,portwatch,2019-06-30,,2026-10-06T05:59:34+00:00,estimated,1
shipping_container_exports,de,nation,2019-07,7964152,tonnes,portwatch,2019-07-31,,2026-09-26,estimated,0
shipping_container_exports,de,nation,2019-07,7964076,tonnes,portwatch,2019-07-31,,2026-10-06T05:59:34+00:00,estimated,1
shipping_container_exports,de,nation,2019-08,7891147,tonnes,portwatch,2019-08-31,,2026-09-26,estimated,0
shipping_container_exports,de,nation,2019-08,7891097,tonnes,portwatch,2019-08-31,,2026-10-06T05:59:34+00:00,estimated,1
shipping_container_exports,de,nation,2019-09,7446395,tonnes,portwatch,2019-09-30,,2026-09-26,estimated,0
shipping_container_exports,de,nation,2019-09,7446262,tonnes,portwatch,2019-09-30,,2026-10-06T05:59:34+00:00,estimated,1
shipping_container_exports,de,nation,2019-10,7826018,tonnes,portwatch,2019-10-31,,2026-09-26,estimated,0
shipping_container_exports,de,nation,2019-10,7825951,tonnes,portwatch,2019-10-31,,2026-10-06T05:59:34+00:00,estimated,1
shipping_container_exports,de,nation,2019-11,7170143,tonnes,portwatch,2019-11-30,,2026-09-26,estimated,0
shipping_container_exports,de,nation,2019-11,7170070,tonnes,portwatch,2019-11-30,,2026-10-06T05:59:34+00:00,estimated,1
shipping_container_exports,de,nation,2019-12,7028021,tonnes,portwatch,2019-12-31,,2026-09-26,estimated,0
shipping_container_exports,de,nation,2019-12,7027863,tonnes,portwatch,2019-12-31,,2026-10-06T05:59:34+00:00,estimated,1
shipping_container_exports,de,nation,2020-01,6991485,tonnes,portwatch,2020-01-31,,2026-09-26,estimated,0
shipping_container_exports,de,nation,2020-01,6991460,tonnes,portwatch,2020-01-31,,2026-10-06T05:59:34+00:00,estimated,1
shipping_container_exports,de,nation,2020-02,6878052,tonnes,portwatch,2020-02-29,,2026-09-26,estimated,0
shipping_container_exports,de,nation,2020-02,6878033,tonnes,portwatch,2020-02-29,,2026-10-06T05:59:34+00:00,estimated,1
shipping_container_exports,de,nation,2020-03,7490310,tonnes,portwatch,2020-03-31,,2026-09-26,estimated,0
shipping_container_exports,de,nation,2020-03,7490308,tonnes,portwatch,2020-03-31,,2026-10-06T05:59:34+00:00,estimated,1
shipping_container_exports,de,nation,2020-04,6654108,tonnes,portwatch,2020-04-30,,2026-09-26,estimated,0
shipping_container_exports,de,nation,2020-04,6654064,tonnes,portwatch,2020-04-30,,2026-10-06T05:59:34+00:00,estimated,1
shipping_container_exports,de,nation,2020-05,6684148,tonnes,portwatch,2020-05-31,,2026-09-26,estimated,0
shipping_container_exports,de,nation,2020-05,6684116,tonnes,portwatch,2020-05-31,,2026-10-06T05:59:34+00:00,estimated,1
shipping_container_exports,de,nation,2020-06,6179401,tonnes,portwatch,2020-06-30,,2026-09-26,estimated,0
shipping_container_exports,de,nation,2020-06,6179337,tonnes,portwatch,2020-06-30,,2026-10-06T05:59:34+00:00,estimated,1
shipping_container_exports,de,nation,2020-07,7480010,tonnes,portwatch,2020-07-31,,2026-09-26,estimated,0
shipping_container_exports,de,nation,2020-07,7479970,tonnes,portwatch,2020-07-31,,2026-10-06T05:59:34+00:00,estimated,1
shipping_container_exports,de,nation,2020-08,7002253,tonnes,portwatch,2020-08-31,,2026-09-26,estimated,0
shipping_container_exports,de,nation,2020-08,7002204,tonnes,portwatch,2020-08-31,,2026-10-06T05:59:34+00:00,estimated,1
shipping_container_exports,de,nation,2020-09,7011020,tonnes,portwatch,2020-09-30,,2026-09-26,estimated,0
shipping_container_exports,de,nation,2020-09,7010976,tonnes,portwatch,2020-09-30,,2026-10-06T05:59:34+00:00,estimated,1
shipping_container_exports,de,nation,2020-10,7880614,tonnes,portwatch,2020-10-31,,2026-09-26,estimated,0
shipping_container_exports,de,nation,2020-10,7880568,tonnes,portwatch,2020-10-31,,2026-10-06T05:59:34+00:00,estimated,1
shipping_container_exports,de,nation,2020-11,7712264,tonnes,portwatch,2020-11-30,,2026-09-26,estimated,0
shipping_container_exports,de,nation,2020-11,7712180,tonnes,portwatch,2020-11-30,,2026-10-06T05:59:34+00:00,estimated,1
shipping_container_exports,de,nation,2020-12,7083454,tonnes,portwatch,2020-12-31,,2026-09-26,estimated,0
shipping_container_exports,de,nation,2020-12,7083398,tonnes,portwatch,2020-12-31,,2026-10-06T05:59:34+00:00,estimated,1
shipping_container_exports,de,nation,2021-01,7258779,tonnes,portwatch,2021-01-31,,2026-09-26,estimated,0
shipping_container_exports,de,nation,2021-01,7258745,tonnes,portwatch,2021-01-31,,2026-10-06T05:59:34+00:00,estimated,1
shipping_container_exports,de,nation,2021-02,7007353,tonnes,portwatch,2021-02-28,,2026-09-26,estimated,0
shipping_container_exports,de,nation,2021-02,7007373,tonnes,portwatch,2021-02-28,,2026-10-06T05:59:34+00:00,estimated,1
shipping_container_exports,de,nation,2021-03,8005445,tonnes,portwatch,2021-03-31,,2026-09-26,estimated,0
shipping_container_exports,de,nation,2021-03,8005437,tonnes,portwatch,2021-03-31,,2026-10-06T05:59:34+00:00,estimated,1
shipping_container_exports,de,nation,2021-04,7149799,tonnes,portwatch,2021-04-30,,2026-09-26,estimated,0
shipping_container_exports,de,nation,2021-04,7149730,tonnes,portwatch,2021-04-30,,2026-10-06T05:59:34+00:00,estimated,1
shipping_container_exports,de,nation,2021-05,7017535,tonnes,portwatch,2021-05-31,,2026-09-26,estimated,0
shipping_container_exports,de,nation,2021-05,7017529,tonnes,portwatch,2021-05-31,,2026-10-06T05:59:34+00:00,estimated,1
shipping_container_exports,de,nation,2021-06,7465819,tonnes,portwatch,2021-06-30,,2026-09-26,estimated,0
shipping_container_exports,de,nation,2021-06,7465733,tonnes,portwatch,2021-06-30,,2026-10-06T05:59:34+00:00,estimated,1
shipping_container_exports,de,nation,2021-07,7515862,tonnes,portwatch,2021-07-31,,2026-09-26,estimated,0
shipping_container_exports,de,nation,2021-07,7515795,tonnes,portwatch,2021-07-31,,2026-10-06T05:59:34+00:00,estimated,1
shipping_container_exports,de,nation,2021-08,7083373,tonnes,portwatch,2021-08-31,,2026-09-26,estimated,0
shipping_container_exports,de,nation,2021-08,7083347,tonnes,portwatch,2021-08-31,,2026-10-06T05:59:34+00:00,estimated,1
shipping_container_exports,de,nation,2021-09,7311919,tonnes,portwatch,2021-09-30,,2026-09-26,estimated,0
shipping_container_exports,de,nation,2021-09,7311865,tonnes,portwatch,2021-09-30,,2026-10-06T05:59:34+00:00,estimated,1
shipping_container_exports,de,nation,2021-10,7492275,tonnes,portwatch,2021-10-31,,2026-09-26,estimated,0
shipping_container_exports,de,nation,2021-10,7492216,tonnes,portwatch,2021-10-31,,2026-10-06T05:59:34+00:00,estimated,1
shipping_container_exports,de,nation,2021-11,7506082,tonnes,portwatch,2021-11-30,,2026-09-26,estimated,0
shipping_container_exports,de,nation,2021-11,7506088,tonnes,portwatch,2021-11-30,,2026-10-06T05:59:34+00:00,estimated,1
shipping_container_exports,de,nation,2021-12,6783229,tonnes,portwatch,2021-12-31,,2026-09-26,estimated,0
shipping_container_exports,de,nation,2021-12,6783264,tonnes,portwatch,2021-12-31,,2026-10-06T05:59:34+00:00,estimated,1
shipping_container_exports,de,nation,2022-01,7700431,tonnes,portwatch,2022-01-31,,2026-09-26,estimated,0
shipping_container_exports,de,nation,2022-01,7700390,tonnes,portwatch,2022-01-31,,2026-10-06T05:59:34+00:00,estimated,1
shipping_container_exports,de,nation,2022-02,6388148,tonnes,portwatch,2022-02-28,,2026-09-26,estimated,0
shipping_container_exports,de,nation,2022-02,6388077,tonnes,portwatch,2022-02-28,,2026-10-06T05:59:34+00:00,estimated,1
shipping_container_exports,de,nation,2022-03,7752153,tonnes,portwatch,2022-03-31,,2026-09-26,estimated,0
shipping_container_exports,de,nation,2022-03,7752127,tonnes,portwatch,2022-03-31,,2026-10-06T05:59:34+00:00,estimated,1
shipping_container_exports,de,nation,2022-04,6571409,tonnes,portwatch,2022-04-30,,2026-09-26,estimated,0
shipping_container_exports,de,nation,2022-04,6571382,tonnes,portwatch,2022-04-30,,2026-10-06T05:59:34+00:00,estimated,1
shipping_container_exports,de,nation,2022-05,7295180,tonnes,portwatch,2022-05-31,,2026-09-26,estimated,0
shipping_container_exports,de,nation,2022-05,7295161,tonnes,portwatch,2022-05-31,,2026-10-06T05:59:34+00:00,estimated,1
shipping_container_exports,de,nation,2022-06,6203979,tonnes,portwatch,2022-06-30,,2026-09-26,estimated,0
shipping_container_exports,de,nation,2022-06,6203939,tonnes,portwatch,2022-06-30,,2026-10-06T05:59:34+00:00,estimated,1
shipping_container_exports,de,nation,2022-07,5996231,tonnes,portwatch,2022-07-31,,2026-09-26,estimated,0
shipping_container_exports,de,nation,2022-07,5996112,tonnes,portwatch,2022-07-31,,2026-10-06T05:59:34+00:00,estimated,1
shipping_container_exports,de,nation,2022-08,6657298,tonnes,portwatch,2022-08-31,,2026-09-26,estimated,0
shipping_container_exports,de,nation,2022-08,6657223,tonnes,portwatch,2022-08-31,,2026-10-06T05:59:34+00:00,estimated,1
shipping_container_exports,de,nation,2022-09,6602650,tonnes,portwatch,2022-09-30,,2026-09-26,estimated,0
shipping_container_exports,de,nation,2022-09,6602607,tonnes,portwatch,2022-09-30,,2026-10-06T05:59:34+00:00,estimated,1
shipping_container_exports,de,nation,2022-10,6901082,tonnes,portwatch,2022-10-31,,2026-09-26,estimated,0
shipping_container_exports,de,nation,2022-10,6901048,tonnes,portwatch,2022-10-31,,2026-10-06T05:59:34+00:00,estimated,1
shipping_container_exports,de,nation,2022-11,6291170,tonnes,portwatch,2022-11-30,,2026-09-26,estimated,0
shipping_container_exports,de,nation,2022-11,6291152,tonnes,portwatch,2022-11-30,,2026-10-06T05:59:34+00:00,estimated,1
shipping_container_exports,de,nation,2022-12,6218514,tonnes,portwatch,2022-12-31,,2026-09-26,estimated,0
shipping_container_exports,de,nation,2022-12,6218494,tonnes,portwatch,2022-12-31,,2026-10-06T05:59:34+00:00,estimated,1
shipping_container_exports,de,nation,2023-01,5828051,tonnes,portwatch,2023-01-31,,2026-09-26,estimated,0
shipping_container_exports,de,nation,2023-01,5828006,tonnes,portwatch,2023-01-31,,2026-10-06T05:59:34+00:00,estimated,1
shipping_container_exports,de,nation,2023-02,6003812,tonnes,portwatch,2023-02-28,,2026-09-26,estimated,0
shipping_container_exports,de,nation,2023-02,6003791,tonnes,portwatch,2023-02-28,,2026-10-06T05:59:34+00:00,estimated,1
shipping_container_exports,de,nation,2023-03,6258585,tonnes,portwatch,2023-03-31,,2026-09-26,estimated,0
shipping_container_exports,de,nation,2023-03,6258577,tonnes,portwatch,2023-03-31,,2026-10-06T05:59:34+00:00,estimated,1
shipping_container_exports,de,nation,2023-04,6268013,tonnes,portwatch,2023-04-30,,2026-09-26,estimated,0
shipping_container_exports,de,nation,2023-04,6268017,tonnes,portwatch,2023-04-30,,2026-10-06T05:59:34+00:00,estimated,1
shipping_container_exports,de,nation,2023-05,6104432,tonnes,portwatch,2023-05-31,,2026-09-26,estimated,0
shipping_container_exports,de,nation,2023-05,6104404,tonnes,portwatch,2023-05-31,,2026-10-06T05:59:34+00:00,estimated,1
shipping_container_exports,de,nation,2023-06,6187444,tonnes,portwatch,2023-06-30,,2026-09-26,estimated,0
shipping_container_exports,de,nation,2023-06,6187441,tonnes,portwatch,2023-06-30,,2026-10-06T05:59:34+00:00,estimated,1
shipping_container_exports,de,nation,2023-07,6564125,tonnes,portwatch,2023-07-31,,2026-09-26,estimated,0
shipping_container_exports,de,nation,2023-07,6564091,tonnes,portwatch,2023-07-31,,2026-10-06T05:59:34+00:00,estimated,1
shipping_container_exports,de,nation,2023-08,6365889,tonnes,portwatch,2023-08-31,,2026-09-26,estimated,0
shipping_container_exports,de,nation,2023-08,6365854,tonnes,portwatch,2023-08-31,,2026-10-06T05:59:34+00:00,estimated,1
shipping_container_exports,de,nation,2023-09,6446970,tonnes,portwatch,2023-09-30,,2026-09-26,estimated,0
shipping_container_exports,de,nation,2023-09,6446892,tonnes,portwatch,2023-09-30,,2026-10-06T05:59:34+00:00,estimated,1
shipping_container_exports,de,nation,2023-10,6519473,tonnes,portwatch,2023-10-31,,2026-09-26,estimated,0
shipping_container_exports,de,nation,2023-10,6519454,tonnes,portwatch,2023-10-31,,2026-10-06T05:59:34+00:00,estimated,1
shipping_container_exports,de,nation,2023-11,6502012,tonnes,portwatch,2023-11-30,,2026-09-26,estimated,0
shipping_container_exports,de,nation,2023-11,6502001,tonnes,portwatch,2023-11-30,,2026-10-06T05:59:34+00:00,estimated,1
shipping_container_exports,de,nation,2023-12,5992199,tonnes,portwatch,2023-12-31,,2026-09-26,estimated,0
shipping_container_exports,de,nation,2023-12,5992180,tonnes,portwatch,2023-12-31,,2026-10-06T05:59:34+00:00,estimated,1
shipping_container_exports,de,nation,2024-01,5617529,tonnes,portwatch,2024-01-31,,2026-09-26,estimated,0
shipping_container_exports,de,nation,2024-01,5617496,tonnes,portwatch,2024-01-31,,2026-10-06T05:59:34+00:00,estimated,1
shipping_container_exports,de,nation,2024-02,6737397,tonnes,portwatch,2024-02-29,,2026-09-26,estimated,0
shipping_container_exports,de,nation,2024-02,6737360,tonnes,portwatch,2024-02-29,,2026-10-06T05:59:34+00:00,estimated,1
shipping_container_exports,de,nation,2024-03,6713091,tonnes,portwatch,2024-03-31,,2026-09-26,estimated,0
shipping_container_exports,de,nation,2024-03,6713079,tonnes,portwatch,2024-03-31,,2026-10-06T05:59:34+00:00,estimated,1
shipping_container_exports,de,nation,2024-04,6535686,tonnes,portwatch,2024-04-30,,2026-09-26,estimated,0
shipping_container_exports,de,nation,2024-04,6535676,tonnes,portwatch,2024-04-30,,2026-10-06T05:59:34+00:00,estimated,1
shipping_container_exports,de,nation,2024-05,6233203,tonnes,portwatch,2024-05-31,,2026-09-26,estimated,0
shipping_container_exports,de,nation,2024-05,6233197,tonnes,portwatch,2024-05-31,,2026-10-06T05:59:34+00:00,estimated,1
shipping_container_exports,de,nation,2024-06,6314766,tonnes,portwatch,2024-06-30,,2026-09-26,estimated,0
shipping_container_exports,de,nation,2024-06,6314784,tonnes,portwatch,2024-06-30,,2026-10-06T05:59:34+00:00,estimated,1
shipping_container_exports,de,nation,2024-07,6538785,tonnes,portwatch,2024-07-31,,2026-09-26,estimated,0
shipping_container_exports,de,nation,2024-07,6538743,tonnes,portwatch,2024-07-31,,2026-10-06T05:59:34+00:00,estimated,1
shipping_container_exports,de,nation,2024-08,6653317,tonnes,portwatch,2024-08-31,,2026-09-26,estimated,0
shipping_container_exports,de,nation,2024-08,6653256,tonnes,portwatch,2024-08-31,,2026-10-06T05:59:34+00:00,estimated,1
shipping_container_exports,de,nation,2024-09,6546010,tonnes,portwatch,2024-09-30,,2026-09-26,estimated,0
shipping_container_exports,de,nation,2024-09,6545942,tonnes,portwatch,2024-09-30,,2026-10-06T05:59:34+00:00,estimated,1
shipping_container_exports,de,nation,2024-10,6921315,tonnes,portwatch,2024-10-31,,2026-09-26,estimated,0
shipping_container_exports,de,nation,2024-10,6921299,tonnes,portwatch,2024-10-31,,2026-10-06T05:59:34+00:00,estimated,1
shipping_container_exports,de,nation,2024-11,6540332,tonnes,portwatch,2024-11-30,,2026-09-26,estimated,0
shipping_container_exports,de,nation,2024-11,6540308,tonnes,portwatch,2024-11-30,,2026-10-06T05:59:34+00:00,estimated,1
shipping_container_exports,de,nation,2024-12,5961763,tonnes,portwatch,2024-12-31,,2026-09-26,estimated,0
shipping_container_exports,de,nation,2025-01,6220187,tonnes,portwatch,2025-01-31,,2026-09-26,estimated,0
shipping_container_exports,de,nation,2025-01,6220211,tonnes,portwatch,2025-01-31,,2026-10-06T05:59:34+00:00,estimated,1
shipping_container_exports,de,nation,2025-02,6375965,tonnes,portwatch,2025-02-28,,2026-09-26,estimated,0
shipping_container_exports,de,nation,2025-02,6375955,tonnes,portwatch,2025-02-28,,2026-10-06T05:59:34+00:00,estimated,1
shipping_container_exports,de,nation,2025-03,7270353,tonnes,portwatch,2025-03-31,,2026-09-26,estimated,0
shipping_container_exports,de,nation,2025-03,7270302,tonnes,portwatch,2025-03-31,,2026-10-06T05:59:34+00:00,estimated,1
shipping_container_exports,de,nation,2025-04,7081612,tonnes,portwatch,2025-04-30,,2026-09-26,estimated,0
shipping_container_exports,de,nation,2025-04,7081630,tonnes,portwatch,2025-04-30,,2026-10-06T05:59:34+00:00,estimated,1
shipping_container_exports,de,nation,2025-05,7229424,tonnes,portwatch,2025-05-31,,2026-09-26,estimated,0
shipping_container_exports,de,nation,2025-05,7229388,tonnes,portwatch,2025-05-31,,2026-10-06T05:59:34+00:00,estimated,1
shipping_container_exports,de,nation,2025-06,6760842,tonnes,portwatch,2025-06-30,,2026-09-26,estimated,0
shipping_container_exports,de,nation,2025-06,6760907,tonnes,portwatch,2025-06-30,,2026-10-06T05:59:34+00:00,estimated,1
shipping_container_exports,de,nation,2025-07,7170310,tonnes,portwatch,2025-07-31,,2026-09-26,estimated,0
shipping_container_exports,de,nation,2025-07,7170230,tonnes,portwatch,2025-07-31,,2026-10-06T05:59:34+00:00,estimated,1
shipping_container_exports,de,nation,2025-08,6867087,tonnes,portwatch,2025-08-31,,2026-09-26,estimated,0
shipping_container_exports,de,nation,2025-08,6867010,tonnes,portwatch,2025-08-31,,2026-10-06T05:59:34+00:00,estimated,1
shipping_container_exports,de,nation,2025-09,6661627,tonnes,portwatch,2025-09-30,,2026-09-26,estimated,0
shipping_container_exports,de,nation,2025-09,6661751,tonnes,portwatch,2025-09-30,,2026-10-06T05:59:34+00:00,estimated,1
shipping_container_exports,de,nation,2025-10,6842866,tonnes,portwatch,2025-10-31,,2026-09-26,estimated,0
shipping_container_exports,de,nation,2025-10,6842719,tonnes,portwatch,2025-10-31,,2026-10-06T05:59:34+00:00,estimated,1
shipping_container_exports,de,nation,2025-11,6870515,tonnes,portwatch,2025-11-30,,2026-09-26,estimated,0
shipping_container_exports,de,nation,2025-11,6870445,tonnes,portwatch,2025-11-30,,2026-10-06T05:59:34+00:00,estimated,1
shipping_container_exports,de,nation,2025-12,6727805,tonnes,portwatch,2025-12-31,,2026-09-26,estimated,0
shipping_container_exports,de,nation,2025-12,6727830,tonnes,portwatch,2025-12-31,,2026-10-06T05:59:34+00:00,estimated,1
shipping_container_exports,de,nation,2026-01,5701557,tonnes,portwatch,2026-01-31,,2026-09-26,estimated,0
shipping_container_exports,de,nation,2026-01,5701589,tonnes,portwatch,2026-01-31,,2026-10-06T05:59:34+00:00,estimated,1
shipping_container_exports,de,nation,2026-02,6643557,tonnes,portwatch,2026-02-28,,2026-09-26,estimated,0
shipping_container_exports,de,nation,2026-02,6643468,tonnes,portwatch,2026-02-28,,2026-10-06T05:59:34+00:00,estimated,1
shipping_container_exports,de,nation,2026-03,7645463,tonnes,portwatch,2026-03-31,,2026-09-26,estimated,0
shipping_container_exports,de,nation,2026-03,7645417,tonnes,portwatch,2026-03-31,,2026-10-06T05:59:34+00:00,estimated,1
shipping_container_exports,de,nation,2026-04,7028140,tonnes,portwatch,2026-04-30,,2026-09-26,estimated,0
shipping_container_exports,de,nation,2026-04,7028265,tonnes,portwatch,2026-04-30,,2026-10-06T05:59:34+00:00,estimated,1
shipping_container_exports,de,nation,2026-05,6939385,tonnes,portwatch,2026-05-31,,2026-09-26,estimated,0
shipping_container_exports,de,nation,2026-05,6939395,tonnes,portwatch,2026-05-31,,2026-10-06T05:59:34+00:00,estimated,1
shipping_container_exports,de,nation,2026-06,6989986,tonnes,portwatch,2026-06-30,,2026-09-26,estimated,0
shipping_container_exports,de,nation,2026-06,6990030,tonnes,portwatch,2026-06-30,,2026-10-06T05:59:34+00:00,estimated,1
shipping_container_exports,de,nation,2026-07,7045114,tonnes,portwatch,2026-07-31,,2026-09-26,estimated,0
shipping_container_exports,de,nation,2026-07,7045063,tonnes,portwatch,2026-07-31,,2026-10-06T05:59:34+00:00,estimated,1
shipping_container_exports,de,nation,2026-08,6924462,tonnes,portwatch,2026-08-31,,2026-09-26,estimated,0
shipping_container_exports,de,nation,2026-08,6924371,tonnes,portwatch,2026-08-31,,2026-10-06T05:59:34+00:00,estimated,1
shipping_container_exports,es,nation,2019-01,6254689,tonnes,portwatch,2019-01-31,,2026-09-26,estimated,0
shipping_container_exports,es,nation,2019-01,6254620,tonnes,portwatch,2019-01-31,,2026-10-06T05:59:42+00:00,estimated,1
shipping_container_exports,es,nation,2019-02,6046664,tonnes,portwatch,2019-02-28,,2026-09-26,estimated,0
shipping_container_exports,es,nation,2019-02,6046626,tonnes,portwatch,2019-02-28,,2026-10-06T05:59:42+00:00,estimated,1
shipping_container_exports,es,nation,2019-03,6618775,tonnes,portwatch,2019-03-31,,2026-09-26,estimated,0
shipping_container_exports,es,nation,2019-03,6618667,tonnes,portwatch,2019-03-31,,2026-10-06T05:59:42+00:00,estimated,1
shipping_container_exports,es,nation,2019-04,6484591,tonnes,portwatch,2019-04-30,,2026-09-26,estimated,0
shipping_container_exports,es,nation,2019-04,6484558,tonnes,portwatch,2019-04-30,,2026-10-06T05:59:42+00:00,estimated,1
shipping_container_exports,es,nation,2019-05,7314095,tonnes,portwatch,2019-05-31,,2026-09-26,estimated,0
shipping_container_exports,es,nation,2019-05,7314046,tonnes,portwatch,2019-05-31,,2026-10-06T05:59:42+00:00,estimated,1
shipping_container_exports,es,nation,2019-06,6943233,tonnes,portwatch,2019-06-30,,2026-09-26,estimated,0
shipping_container_exports,es,nation,2019-06,6943181,tonnes,portwatch,2019-06-30,,2026-10-06T05:59:42+00:00,estimated,1
shipping_container_exports,es,nation,2019-07,6499699,tonnes,portwatch,2019-07-31,,2026-09-26,estimated,0
shipping_container_exports,es,nation,2019-07,6499628,tonnes,portwatch,2019-07-31,,2026-10-06T05:59:42+00:00,estimated,1
shipping_container_exports,es,nation,2019-08,6759231,tonnes,portwatch,2019-08-31,,2026-09-26,estimated,0
shipping_container_exports,es,nation,2019-08,6759191,tonnes,portwatch,2019-08-31,,2026-10-06T05:59:42+00:00,estimated,1
shipping_container_exports,es,nation,2019-09,6573115,tonnes,portwatch,2019-09-30,,2026-09-26,estimated,0
shipping_container_exports,es,nation,2019-09,6573032,tonnes,portwatch,2019-09-30,,2026-10-06T05:59:42+00:00,estimated,1
shipping_container_exports,es,nation,2019-10,7019018,tonnes,portwatch,2019-10-31,,2026-09-26,estimated,0
shipping_container_exports,es,nation,2019-10,7018960,tonnes,portwatch,2019-10-31,,2026-10-06T05:59:42+00:00,estimated,1
shipping_container_exports,es,nation,2019-11,6247479,tonnes,portwatch,2019-11-30,,2026-09-26,estimated,0
shipping_container_exports,es,nation,2019-11,6247376,tonnes,portwatch,2019-11-30,,2026-10-06T05:59:42+00:00,estimated,1
shipping_container_exports,es,nation,2019-12,5932917,tonnes,portwatch,2019-12-31,,2026-09-26,estimated,0
shipping_container_exports,es,nation,2019-12,5932754,tonnes,portwatch,2019-12-31,,2026-10-06T05:59:42+00:00,estimated,1
shipping_container_exports,es,nation,2020-01,6399399,tonnes,portwatch,2020-01-31,,2026-09-26,estimated,0
shipping_container_exports,es,nation,2020-01,6399301,tonnes,portwatch,2020-01-31,,2026-10-06T05:59:42+00:00,estimated,1
shipping_container_exports,es,nation,2020-02,6221138,tonnes,portwatch,2020-02-29,,2026-09-26,estimated,0
shipping_container_exports,es,nation,2020-02,6221096,tonnes,portwatch,2020-02-29,,2026-10-06T05:59:42+00:00,estimated,1
shipping_container_exports,es,nation,2020-03,6265613,tonnes,portwatch,2020-03-31,,2026-09-26,estimated,0
shipping_container_exports,es,nation,2020-03,6265560,tonnes,portwatch,2020-03-31,,2026-10-06T05:59:42+00:00,estimated,1
shipping_container_exports,es,nation,2020-04,5969093,tonnes,portwatch,2020-04-30,,2026-09-26,estimated,0
shipping_container_exports,es,nation,2020-04,5969017,tonnes,portwatch,2020-04-30,,2026-10-06T05:59:42+00:00,estimated,1
shipping_container_exports,es,nation,2020-05,6384216,tonnes,portwatch,2020-05-31,,2026-09-26,estimated,0
shipping_container_exports,es,nation,2020-05,6384187,tonnes,portwatch,2020-05-31,,2026-10-06T05:59:42+00:00,estimated,1
shipping_container_exports,es,nation,2020-06,6306762,tonnes,portwatch,2020-06-30,,2026-09-26,estimated,0
shipping_container_exports,es,nation,2020-06,6306724,tonnes,portwatch,2020-06-30,,2026-10-06T05:59:42+00:00,estimated,1
shipping_container_exports,es,nation,2020-07,6837318,tonnes,portwatch,2020-07-31,,2026-09-26,estimated,0
shipping_container_exports,es,nation,2020-07,6837308,tonnes,portwatch,2020-07-31,,2026-10-06T05:59:42+00:00,estimated,1
shipping_container_exports,es,nation,2020-08,6846315,tonnes,portwatch,2020-08-31,,2026-09-26,estimated,0
shipping_container_exports,es,nation,2020-08,6846191,tonnes,portwatch,2020-08-31,,2026-10-06T05:59:42+00:00,estimated,1
shipping_container_exports,es,nation,2020-09,7018673,tonnes,portwatch,2020-09-30,,2026-09-26,estimated,0
shipping_container_exports,es,nation,2020-09,7018587,tonnes,portwatch,2020-09-30,,2026-10-06T05:59:42+00:00,estimated,1
shipping_container_exports,es,nation,2020-10,7801905,tonnes,portwatch,2020-10-31,,2026-09-26,estimated,0
shipping_container_exports,es,nation,2020-10,7801850,tonnes,portwatch,2020-10-31,,2026-10-06T05:59:42+00:00,estimated,1
shipping_container_exports,es,nation,2020-11,7297104,tonnes,portwatch,2020-11-30,,2026-09-26,estimated,0
shipping_container_exports,es,nation,2020-11,7297030,tonnes,portwatch,2020-11-30,,2026-10-06T05:59:42+00:00,estimated,1
shipping_container_exports,es,nation,2020-12,7126875,tonnes,portwatch,2020-12-31,,2026-09-26,estimated,0
shipping_container_exports,es,nation,2020-12,7126827,tonnes,portwatch,2020-12-31,,2026-10-06T05:59:42+00:00,estimated,1
shipping_container_exports,es,nation,2021-01,7130762,tonnes,portwatch,2021-01-31,,2026-09-26,estimated,0
shipping_container_exports,es,nation,2021-01,7130734,tonnes,portwatch,2021-01-31,,2026-10-06T05:59:42+00:00,estimated,1
shipping_container_exports,es,nation,2021-02,6630220,tonnes,portwatch,2021-02-28,,2026-09-26,estimated,0
shipping_container_exports,es,nation,2021-02,6630163,tonnes,portwatch,2021-02-28,,2026-10-06T05:59:42+00:00,estimated,1
shipping_container_exports,es,nation,2021-03,7156573,tonnes,portwatch,2021-03-31,,2026-09-26,estimated,0
shipping_container_exports,es,nation,2021-03,7156463,tonnes,portwatch,2021-03-31,,2026-10-06T05:59:42+00:00,estimated,1
shipping_container_exports,es,nation,2021-04,7089776,tonnes,portwatch,2021-04-30,,2026-09-26,estimated,0
shipping_container_exports,es,nation,2021-04,7089690,tonnes,portwatch,2021-04-30,,2026-10-06T05:59:42+00:00,estimated,1
shipping_container_exports,es,nation,2021-05,7123612,tonnes,portwatch,2021-05-31,,2026-09-26,estimated,0
shipping_container_exports,es,nation,2021-05,7123520,tonnes,portwatch,2021-05-31,,2026-10-06T05:59:42+00:00,estimated,1
shipping_container_exports,es,nation,2021-06,6982361,tonnes,portwatch,2021-06-30,,2026-09-26,estimated,0
shipping_container_exports,es,nation,2021-06,6982315,tonnes,portwatch,2021-06-30,,2026-10-06T05:59:42+00:00,estimated,1
shipping_container_exports,es,nation,2021-07,7113357,tonnes,portwatch,2021-07-31,,2026-09-26,estimated,0
shipping_container_exports,es,nation,2021-07,7113280,tonnes,portwatch,2021-07-31,,2026-10-06T05:59:42+00:00,estimated,1
shipping_container_exports,es,nation,2021-08,6964477,tonnes,portwatch,2021-08-31,,2026-09-26,estimated,0
shipping_container_exports,es,nation,2021-08,6964428,tonnes,portwatch,2021-08-31,,2026-10-06T05:59:42+00:00,estimated,1
shipping_container_exports,es,nation,2021-09,6599742,tonnes,portwatch,2021-09-30,,2026-09-26,estimated,0
shipping_container_exports,es,nation,2021-09,6599663,tonnes,portwatch,2021-09-30,,2026-10-06T05:59:42+00:00,estimated,1
shipping_container_exports,es,nation,2021-10,7304432,tonnes,portwatch,2021-10-31,,2026-09-26,estimated,0
shipping_container_exports,es,nation,2021-10,7304345,tonnes,portwatch,2021-10-31,,2026-10-06T05:59:42+00:00,estimated,1
shipping_container_exports,es,nation,2021-11,6504581,tonnes,portwatch,2021-11-30,,2026-09-26,estimated,0
shipping_container_exports,es,nation,2021-11,6504433,tonnes,portwatch,2021-11-30,,2026-10-06T05:59:42+00:00,estimated,1
shipping_container_exports,es,nation,2021-12,6280738,tonnes,portwatch,2021-12-31,,2026-09-26,estimated,0
shipping_container_exports,es,nation,2021-12,6280641,tonnes,portwatch,2021-12-31,,2026-10-06T05:59:42+00:00,estimated,1
shipping_container_exports,es,nation,2022-01,6779065,tonnes,portwatch,2022-01-31,,2026-09-26,estimated,0
shipping_container_exports,es,nation,2022-01,6779042,tonnes,portwatch,2022-01-31,,2026-10-06T05:59:42+00:00,estimated,1
shipping_container_exports,es,nation,2022-02,5948434,tonnes,portwatch,2022-02-28,,2026-09-26,estimated,0
shipping_container_exports,es,nation,2022-02,5948338,tonnes,portwatch,2022-02-28,,2026-10-06T05:59:42+00:00,estimated,1
shipping_container_exports,es,nation,2022-03,6096396,tonnes,portwatch,2022-03-31,,2026-09-26,estimated,0
shipping_container_exports,es,nation,2022-03,6096201,tonnes,portwatch,2022-03-31,,2026-10-06T05:59:42+00:00,estimated,1
shipping_container_exports,es,nation,2022-04,6675276,tonnes,portwatch,2022-04-30,,2026-09-26,estimated,0
shipping_container_exports,es,nation,2022-04,6675183,tonnes,portwatch,2022-04-30,,2026-10-06T05:59:42+00:00,estimated,1
shipping_container_exports,es,nation,2022-05,7322314,tonnes,portwatch,2022-05-31,,2026-09-26,estimated,0
shipping_container_exports,es,nation,2022-05,7322224,tonnes,portwatch,2022-05-31,,2026-10-06T05:59:42+00:00,estimated,1
shipping_container_exports,es,nation,2022-06,6721955,tonnes,portwatch,2022-06-30,,2026-09-26,estimated,0
shipping_container_exports,es,nation,2022-06,6721840,tonnes,portwatch,2022-06-30,,2026-10-06T05:59:42+00:00,estimated,1
shipping_container_exports,es,nation,2022-07,6616959,tonnes,portwatch,2022-07-31,,2026-09-26,estimated,0
shipping_container_exports,es,nation,2022-07,6616816,tonnes,portwatch,2022-07-31,,2026-10-06T05:59:42+00:00,estimated,1
shipping_container_exports,es,nation,2022-08,6476196,tonnes,portwatch,2022-08-31,,2026-09-26,estimated,0
shipping_container_exports,es,nation,2022-08,6476065,tonnes,portwatch,2022-08-31,,2026-10-06T05:59:42+00:00,estimated,1
shipping_container_exports,es,nation,2022-09,6347609,tonnes,portwatch,2022-09-30,,2026-09-26,estimated,0
shipping_container_exports,es,nation,2022-09,6347487,tonnes,portwatch,2022-09-30,,2026-10-06T05:59:42+00:00,estimated,1
shipping_container_exports,es,nation,2022-10,5886357,tonnes,portwatch,2022-10-31,,2026-09-26,estimated,0
shipping_container_exports,es,nation,2022-10,5886238,tonnes,portwatch,2022-10-31,,2026-10-06T05:59:42+00:00,estimated,1
shipping_container_exports,es,nation,2022-11,5706662,tonnes,portwatch,2022-11-30,,2026-09-26,estimated,0
shipping_container_exports,es,nation,2022-11,5706572,tonnes,portwatch,2022-11-30,,2026-10-06T05:59:42+00:00,estimated,1
shipping_container_exports,es,nation,2022-12,5822702,tonnes,portwatch,2022-12-31,,2026-09-26,estimated,0
shipping_container_exports,es,nation,2022-12,5822668,tonnes,portwatch,2022-12-31,,2026-10-06T05:59:42+00:00,estimated,1
shipping_container_exports,es,nation,2023-01,5637356,tonnes,portwatch,2023-01-31,,2026-09-26,estimated,0
shipping_container_exports,es,nation,2023-01,5637294,tonnes,portwatch,2023-01-31,,2026-10-06T05:59:42+00:00,estimated,1
shipping_container_exports,es,nation,2023-02,5338198,tonnes,portwatch,2023-02-28,,2026-09-26,estimated,0
shipping_container_exports,es,nation,2023-02,5338114,tonnes,portwatch,2023-02-28,,2026-10-06T05:59:42+00:00,estimated,1
shipping_container_exports,es,nation,2023-03,5981121,tonnes,portwatch,2023-03-31,,2026-09-26,estimated,0
shipping_container_exports,es,nation,2023-03,5981052,tonnes,portwatch,2023-03-31,,2026-10-06T05:59:42+00:00,estimated,1
shipping_container_exports,es,nation,2023-04,5794505,tonnes,portwatch,2023-04-30,,2026-09-26,estimated,0
shipping_container_exports,es,nation,2023-04,5794465,tonnes,portwatch,2023-04-30,,2026-10-06T05:59:42+00:00,estimated,1
shipping_container_exports,es,nation,2023-05,6476501,tonnes,portwatch,2023-05-31,,2026-09-26,estimated,0
shipping_container_exports,es,nation,2023-05,6476437,tonnes,portwatch,2023-05-31,,2026-10-06T05:59:42+00:00,estimated,1
shipping_container_exports,es,nation,2023-06,6050043,tonnes,portwatch,2023-06-30,,2026-09-26,estimated,0
shipping_container_exports,es,nation,2023-06,6049969,tonnes,portwatch,2023-06-30,,2026-10-06T05:59:42+00:00,estimated,1
shipping_container_exports,es,nation,2023-07,5986342,tonnes,portwatch,2023-07-31,,2026-09-26,estimated,0
shipping_container_exports,es,nation,2023-07,5986285,tonnes,portwatch,2023-07-31,,2026-10-06T05:59:42+00:00,estimated,1
shipping_container_exports,es,nation,2023-08,6029690,tonnes,portwatch,2023-08-31,,2026-09-26,estimated,0
shipping_container_exports,es,nation,2023-08,6029614,tonnes,portwatch,2023-08-31,,2026-10-06T05:59:42+00:00,estimated,1
shipping_container_exports,es,nation,2023-09,5934970,tonnes,portwatch,2023-09-30,,2026-09-26,estimated,0
shipping_container_exports,es,nation,2023-09,5934862,tonnes,portwatch,2023-09-30,,2026-10-06T05:59:42+00:00,estimated,1
shipping_container_exports,es,nation,2023-10,6401451,tonnes,portwatch,2023-10-31,,2026-09-26,estimated,0
shipping_container_exports,es,nation,2023-10,6401346,tonnes,portwatch,2023-10-31,,2026-10-06T05:59:42+00:00,estimated,1
shipping_container_exports,es,nation,2023-11,6105434,tonnes,portwatch,2023-11-30,,2026-09-26,estimated,0
shipping_container_exports,es,nation,2023-11,6105327,tonnes,portwatch,2023-11-30,,2026-10-06T05:59:42+00:00,estimated,1
shipping_container_exports,es,nation,2023-12,5818906,tonnes,portwatch,2023-12-31,,2026-09-26,estimated,0
shipping_container_exports,es,nation,2023-12,5818812,tonnes,portwatch,2023-12-31,,2026-10-06T05:59:42+00:00,estimated,1
shipping_container_exports,es,nation,2024-01,6141489,tonnes,portwatch,2024-01-31,,2026-09-26,estimated,0
shipping_container_exports,es,nation,2024-01,6141402,tonnes,portwatch,2024-01-31,,2026-10-06T05:59:42+00:00,estimated,1
shipping_container_exports,es,nation,2024-02,5834619,tonnes,portwatch,2024-02-29,,2026-09-26,estimated,0
shipping_container_exports,es,nation,2024-02,5834557,tonnes,portwatch,2024-02-29,,2026-10-06T05:59:42+00:00,estimated,1
shipping_container_exports,es,nation,2024-03,6401886,tonnes,portwatch,2024-03-31,,2026-09-26,estimated,0
shipping_container_exports,es,nation,2024-03,6401783,tonnes,portwatch,2024-03-31,,2026-10-06T05:59:42+00:00,estimated,1
shipping_container_exports,es,nation,2024-04,6818809,tonnes,portwatch,2024-04-30,,2026-09-26,estimated,0
shipping_container_exports,es,nation,2024-04,6818792,tonnes,portwatch,2024-04-30,,2026-10-06T05:59:42+00:00,estimated,1
shipping_container_exports,es,nation,2024-05,6843300,tonnes,portwatch,2024-05-31,,2026-09-26,estimated,0
shipping_container_exports,es,nation,2024-05,6843191,tonnes,portwatch,2024-05-31,,2026-10-06T05:59:42+00:00,estimated,1
shipping_container_exports,es,nation,2024-06,6631811,tonnes,portwatch,2024-06-30,,2026-09-26,estimated,0
shipping_container_exports,es,nation,2024-06,6631732,tonnes,portwatch,2024-06-30,,2026-10-06T05:59:42+00:00,estimated,1
shipping_container_exports,es,nation,2024-07,6362248,tonnes,portwatch,2024-07-31,,2026-09-26,estimated,0
shipping_container_exports,es,nation,2024-07,6362172,tonnes,portwatch,2024-07-31,,2026-10-06T05:59:42+00:00,estimated,1
shipping_container_exports,es,nation,2024-08,6434306,tonnes,portwatch,2024-08-31,,2026-09-26,estimated,0
shipping_container_exports,es,nation,2024-08,6434241,tonnes,portwatch,2024-08-31,,2026-10-06T05:59:42+00:00,estimated,1
shipping_container_exports,es,nation,2024-09,6032763,tonnes,portwatch,2024-09-30,,2026-09-26,estimated,0
shipping_container_exports,es,nation,2024-09,6032645,tonnes,portwatch,2024-09-30,,2026-10-06T05:59:42+00:00,estimated,1
shipping_container_exports,es,nation,2024-10,6278654,tonnes,portwatch,2024-10-31,,2026-09-26,estimated,0
shipping_container_exports,es,nation,2024-10,6278551,tonnes,portwatch,2024-10-31,,2026-10-06T05:59:42+00:00,estimated,1
shipping_container_exports,es,nation,2024-11,6088032,tonnes,portwatch,2024-11-30,,2026-09-26,estimated,0
shipping_container_exports,es,nation,2024-11,6087923,tonnes,portwatch,2024-11-30,,2026-10-06T05:59:42+00:00,estimated,1
shipping_container_exports,es,nation,2024-12,5691697,tonnes,portwatch,2024-12-31,,2026-09-26,estimated,0
shipping_container_exports,es,nation,2024-12,5691579,tonnes,portwatch,2024-12-31,,2026-10-06T05:59:42+00:00,estimated,1
shipping_container_exports,es,nation,2025-01,5896606,tonnes,portwatch,2025-01-31,,2026-09-26,estimated,0
shipping_container_exports,es,nation,2025-01,5896480,tonnes,portwatch,2025-01-31,,2026-10-06T05:59:42+00:00,estimated,1
shipping_container_exports,es,nation,2025-02,5729045,tonnes,portwatch,2025-02-28,,2026-09-26,estimated,0
shipping_container_exports,es,nation,2025-02,5728944,tonnes,portwatch,2025-02-28,,2026-10-06T05:59:42+00:00,estimated,1
shipping_container_exports,es,nation,2025-03,6295944,tonnes,portwatch,2025-03-31,,2026-09-26,estimated,0
shipping_container_exports,es,nation,2025-03,6295841,tonnes,portwatch,2025-03-31,,2026-10-06T05:59:42+00:00,estimated,1
shipping_container_exports,es,nation,2025-04,6266230,tonnes,portwatch,2025-04-30,,2026-09-26,estimated,0
shipping_container_exports,es,nation,2025-04,6265966,tonnes,portwatch,2025-04-30,,2026-10-06T05:59:42+00:00,estimated,1
shipping_container_exports,es,nation,2025-05,6714874,tonnes,portwatch,2025-05-31,,2026-09-26,estimated,0
shipping_container_exports,es,nation,2025-05,6714594,tonnes,portwatch,2025-05-31,,2026-10-06T05:59:42+00:00,estimated,1
shipping_container_exports,es,nation,2025-06,6165194,tonnes,portwatch,2025-06-30,,2026-09-26,estimated,0
shipping_container_exports,es,nation,2025-06,6165013,tonnes,portwatch,2025-06-30,,2026-10-06T05:59:42+00:00,estimated,1
shipping_container_exports,es,nation,2025-07,6114368,tonnes,portwatch,2025-07-31,,2026-09-26,estimated,0
shipping_container_exports,es,nation,2025-07,6114239,tonnes,portwatch,2025-07-31,,2026-10-06T05:59:42+00:00,estimated,1
shipping_container_exports,es,nation,2025-08,6010447,tonnes,portwatch,2025-08-31,,2026-09-26,estimated,0
shipping_container_exports,es,nation,2025-08,6010181,tonnes,portwatch,2025-08-31,,2026-10-06T05:59:42+00:00,estimated,1
shipping_container_exports,es,nation,2025-09,5925690,tonnes,portwatch,2025-09-30,,2026-09-26,estimated,0
shipping_container_exports,es,nation,2025-09,5925615,tonnes,portwatch,2025-09-30,,2026-10-06T05:59:42+00:00,estimated,1
shipping_container_exports,es,nation,2025-10,6037204,tonnes,portwatch,2025-10-31,,2026-09-26,estimated,0
shipping_container_exports,es,nation,2025-10,6038561,tonnes,portwatch,2025-10-31,,2026-10-06T05:59:42+00:00,estimated,1
shipping_container_exports,es,nation,2025-11,6000434,tonnes,portwatch,2025-11-30,,2026-09-26,estimated,0
shipping_container_exports,es,nation,2025-11,5999874,tonnes,portwatch,2025-11-30,,2026-10-06T05:59:42+00:00,estimated,1
shipping_container_exports,es,nation,2025-12,5494413,tonnes,portwatch,2025-12-31,,2026-09-26,estimated,0
shipping_container_exports,es,nation,2025-12,5493279,tonnes,portwatch,2025-12-31,,2026-10-06T05:59:42+00:00,estimated,1
shipping_container_exports,es,nation,2026-01,5474074,tonnes,portwatch,2026-01-31,,2026-09-26,estimated,0
shipping_container_exports,es,nation,2026-01,5473805,tonnes,portwatch,2026-01-31,,2026-10-06T05:59:42+00:00,estimated,1
shipping_container_exports,es,nation,2026-02,5291273,tonnes,portwatch,2026-02-28,,2026-09-26,estimated,0
shipping_container_exports,es,nation,2026-02,5290738,tonnes,portwatch,2026-02-28,,2026-10-06T05:59:42+00:00,estimated,1
shipping_container_exports,es,nation,2026-03,5990754,tonnes,portwatch,2026-03-31,,2026-09-26,estimated,0
shipping_container_exports,es,nation,2026-03,5990397,tonnes,portwatch,2026-03-31,,2026-10-06T05:59:42+00:00,estimated,1
shipping_container_exports,es,nation,2026-04,5987743,tonnes,portwatch,2026-04-30,,2026-09-26,estimated,0
shipping_container_exports,es,nation,2026-04,5987341,tonnes,portwatch,2026-04-30,,2026-10-06T05:59:42+00:00,estimated,1
shipping_container_exports,es,nation,2026-05,6245092,tonnes,portwatch,2026-05-31,,2026-09-26,estimated,0
shipping_container_exports,es,nation,2026-05,6244431,tonnes,portwatch,2026-05-31,,2026-10-06T05:59:42+00:00,estimated,1
shipping_container_exports,es,nation,2026-06,6093611,tonnes,portwatch,2026-06-30,,2026-09-26,estimated,0
shipping_container_exports,es,nation,2026-06,6092800,tonnes,portwatch,2026-06-30,,2026-10-06T05:59:42+00:00,estimated,1
shipping_container_exports,es,nation,2026-07,5736289,tonnes,portwatch,2026-07-31,,2026-09-26,estimated,0
shipping_container_exports,es,nation,2026-07,5736134,tonnes,portwatch,2026-07-31,,2026-10-06T05:59:42+00:00,estimated,1
shipping_container_exports,es,nation,2026-08,6033434,tonnes,portwatch,2026-08-31,,2026-09-26,estimated,0
shipping_container_exports,es,nation,2026-08,6033061,tonnes,portwatch,2026-08-31,,2026-10-06T05:59:42+00:00,estimated,1
shipping_container_exports,fr,nation,2019-01,1611431,tonnes,portwatch,2019-01-31,,2026-09-26,estimated,0
shipping_container_exports,fr,nation,2019-01,1611147,tonnes,portwatch,2019-01-31,,2026-10-06T05:59:33+00:00,estimated,1
shipping_container_exports,fr,nation,2019-02,1659581,tonnes,portwatch,2019-02-28,,2026-09-26,estimated,0
shipping_container_exports,fr,nation,2019-02,1659371,tonnes,portwatch,2019-02-28,,2026-10-06T05:59:33+00:00,estimated,1
shipping_container_exports,fr,nation,2019-03,1754388,tonnes,portwatch,2019-03-31,,2026-09-26,estimated,0
shipping_container_exports,fr,nation,2019-03,1754151,tonnes,portwatch,2019-03-31,,2026-10-06T05:59:33+00:00,estimated,1
shipping_container_exports,fr,nation,2019-04,1912700,tonnes,portwatch,2019-04-30,,2026-09-26,estimated,0
shipping_container_exports,fr,nation,2019-04,1912536,tonnes,portwatch,2019-04-30,,2026-10-06T05:59:33+00:00,estimated,1
shipping_container_exports,fr,nation,2019-05,2027149,tonnes,portwatch,2019-05-31,,2026-09-26,estimated,0
shipping_container_exports,fr,nation,2019-05,2026998,tonnes,portwatch,2019-05-31,,2026-10-06T05:59:33+00:00,estimated,1
shipping_container_exports,fr,nation,2019-06,1781757,tonnes,portwatch,2019-06-30,,2026-09-26,estimated,0
shipping_container_exports,fr,nation,2019-06,1781559,tonnes,portwatch,2019-06-30,,2026-10-06T05:59:33+00:00,estimated,1
shipping_container_exports,fr,nation,2019-07,1837096,tonnes,portwatch,2019-07-31,,2026-09-26,estimated,0
shipping_container_exports,fr,nation,2019-07,1836951,tonnes,portwatch,2019-07-31,,2026-10-06T05:59:33+00:00,estimated,1
shipping_container_exports,fr,nation,2019-08,1900529,tonnes,portwatch,2019-08-31,,2026-09-26,estimated,0
shipping_container_exports,fr,nation,2019-08,1900361,tonnes,portwatch,2019-08-31,,2026-10-06T05:59:33+00:00,estimated,1
shipping_container_exports,fr,nation,2019-09,1681652,tonnes,portwatch,2019-09-30,,2026-09-26,estimated,0
shipping_container_exports,fr,nation,2019-09,1681466,tonnes,portwatch,2019-09-30,,2026-10-06T05:59:33+00:00,estimated,1
shipping_container_exports,fr,nation,2019-10,1895050,tonnes,portwatch,2019-10-31,,2026-09-26,estimated,0
shipping_container_exports,fr,nation,2019-10,1894930,tonnes,portwatch,2019-10-31,,2026-10-06T05:59:33+00:00,estimated,1
shipping_container_exports,fr,nation,2019-11,1608909,tonnes,portwatch,2019-11-30,,2026-09-26,estimated,0
shipping_container_exports,fr,nation,2019-11,1608724,tonnes,portwatch,2019-11-30,,2026-10-06T05:59:33+00:00,estimated,1
shipping_container_exports,fr,nation,2019-12,1385959,tonnes,portwatch,2019-12-31,,2026-09-26,estimated,0
shipping_container_exports,fr,nation,2019-12,1385634,tonnes,portwatch,2019-12-31,,2026-10-06T05:59:33+00:00,estimated,1
shipping_container_exports,fr,nation,2020-01,917679,tonnes,portwatch,2020-01-31,,2026-09-26,estimated,0
shipping_container_exports,fr,nation,2020-01,917590,tonnes,portwatch,2020-01-31,,2026-10-06T05:59:33+00:00,estimated,1
shipping_container_exports,fr,nation,2020-02,1169339,tonnes,portwatch,2020-02-29,,2026-09-26,estimated,0
shipping_container_exports,fr,nation,2020-02,1169211,tonnes,portwatch,2020-02-29,,2026-10-06T05:59:33+00:00,estimated,1
shipping_container_exports,fr,nation,2020-03,1525884,tonnes,portwatch,2020-03-31,,2026-09-26,estimated,0
shipping_container_exports,fr,nation,2020-03,1525746,tonnes,portwatch,2020-03-31,,2026-10-06T05:59:33+00:00,estimated,1
shipping_container_exports,fr,nation,2020-04,1482696,tonnes,portwatch,2020-04-30,,2026-09-26,estimated,0
shipping_container_exports,fr,nation,2020-04,1482539,tonnes,portwatch,2020-04-30,,2026-10-06T05:59:33+00:00,estimated,1
shipping_container_exports,fr,nation,2020-05,1375232,tonnes,portwatch,2020-05-31,,2026-09-26,estimated,0
shipping_container_exports,fr,nation,2020-05,1375085,tonnes,portwatch,2020-05-31,,2026-10-06T05:59:33+00:00,estimated,1
shipping_container_exports,fr,nation,2020-06,1382713,tonnes,portwatch,2020-06-30,,2026-09-26,estimated,0
shipping_container_exports,fr,nation,2020-06,1382636,tonnes,portwatch,2020-06-30,,2026-10-06T05:59:33+00:00,estimated,1
shipping_container_exports,fr,nation,2020-07,1625124,tonnes,portwatch,2020-07-31,,2026-09-26,estimated,0
shipping_container_exports,fr,nation,2020-07,1625027,tonnes,portwatch,2020-07-31,,2026-10-06T05:59:33+00:00,estimated,1
shipping_container_exports,fr,nation,2020-08,1529418,tonnes,portwatch,2020-08-31,,2026-09-26,estimated,0
shipping_container_exports,fr,nation,2020-08,1529312,tonnes,portwatch,2020-08-31,,2026-10-06T05:59:33+00:00,estimated,1
shipping_container_exports,fr,nation,2020-09,1609844,tonnes,portwatch,2020-09-30,,2026-09-26,estimated,0
shipping_container_exports,fr,nation,2020-09,1609739,tonnes,portwatch,2020-09-30,,2026-10-06T05:59:33+00:00,estimated,1
shipping_container_exports,fr,nation,2020-10,1873400,tonnes,portwatch,2020-10-31,,2026-09-26,estimated,0
shipping_container_exports,fr,nation,2020-10,1873270,tonnes,portwatch,2020-10-31,,2026-10-06T05:59:33+00:00,estimated,1
shipping_container_exports,fr,nation,2020-11,1846217,tonnes,portwatch,2020-11-30,,2026-09-26,estimated,0
shipping_container_exports,fr,nation,2020-11,1846006,tonnes,portwatch,2020-11-30,,2026-10-06T05:59:33+00:00,estimated,1
shipping_container_exports,fr,nation,2020-12,1651795,tonnes,portwatch,2020-12-31,,2026-09-26,estimated,0
shipping_container_exports,fr,nation,2020-12,1651689,tonnes,portwatch,2020-12-31,,2026-10-06T05:59:33+00:00,estimated,1
shipping_container_exports,fr,nation,2021-01,1924954,tonnes,portwatch,2021-01-31,,2026-09-26,estimated,0
shipping_container_exports,fr,nation,2021-01,1924812,tonnes,portwatch,2021-01-31,,2026-10-06T05:59:33+00:00,estimated,1
shipping_container_exports,fr,nation,2021-02,1516118,tonnes,portwatch,2021-02-28,,2026-09-26,estimated,0
shipping_container_exports,fr,nation,2021-02,1516018,tonnes,portwatch,2021-02-28,,2026-10-06T05:59:33+00:00,estimated,1
shipping_container_exports,fr,nation,2021-03,1764121,tonnes,portwatch,2021-03-31,,2026-09-26,estimated,0
shipping_container_exports,fr,nation,2021-03,1763958,tonnes,portwatch,2021-03-31,,2026-10-06T05:59:33+00:00,estimated,1
shipping_container_exports,fr,nation,2021-04,1880035,tonnes,portwatch,2021-04-30,,2026-09-26,estimated,0
shipping_container_exports,fr,nation,2021-04,1879858,tonnes,portwatch,2021-04-30,,2026-10-06T05:59:33+00:00,estimated,1
shipping_container_exports,fr,nation,2021-05,2028837,tonnes,portwatch,2021-05-31,,2026-09-26,estimated,0
shipping_container_exports,fr,nation,2021-05,2028700,tonnes,portwatch,2021-05-31,,2026-10-06T05:59:33+00:00,estimated,1
shipping_container_exports,fr,nation,2021-06,1848108,tonnes,portwatch,2021-06-30,,2026-09-26,estimated,0
shipping_container_exports,fr,nation,2021-06,1848012,tonnes,portwatch,2021-06-30,,2026-10-06T05:59:33+00:00,estimated,1
shipping_container_exports,fr,nation,2021-07,1841105,tonnes,portwatch,2021-07-31,,2026-09-26,estimated,0
shipping_container_exports,fr,nation,2021-07,1841000,tonnes,portwatch,2021-07-31,,2026-10-06T05:59:33+00:00,estimated,1
shipping_container_exports,fr,nation,2021-08,2027449,tonnes,portwatch,2021-08-31,,2026-09-26,estimated,0
shipping_container_exports,fr,nation,2021-08,2027254,tonnes,portwatch,2021-08-31,,2026-10-06T05:59:33+00:00,estimated,1
shipping_container_exports,fr,nation,2021-09,1797582,tonnes,portwatch,2021-09-30,,2026-09-26,estimated,0
shipping_container_exports,fr,nation,2021-09,1797409,tonnes,portwatch,2021-09-30,,2026-10-06T05:59:33+00:00,estimated,1
shipping_container_exports,fr,nation,2021-10,2110208,tonnes,portwatch,2021-10-31,,2026-09-26,estimated,0
shipping_container_exports,fr,nation,2021-10,2110064,tonnes,portwatch,2021-10-31,,2026-10-06T05:59:33+00:00,estimated,1
shipping_container_exports,fr,nation,2021-11,1830981,tonnes,portwatch,2021-11-30,,2026-09-26,estimated,0
shipping_container_exports,fr,nation,2021-11,1830795,tonnes,portwatch,2021-11-30,,2026-10-06T05:59:33+00:00,estimated,1
shipping_container_exports,fr,nation,2021-12,1822088,tonnes,portwatch,2021-12-31,,2026-09-26,estimated,0
shipping_container_exports,fr,nation,2021-12,1821916,tonnes,portwatch,2021-12-31,,2026-10-06T05:59:33+00:00,estimated,1
shipping_container_exports,fr,nation,2022-01,1975169,tonnes,portwatch,2022-01-31,,2026-09-26,estimated,0
shipping_container_exports,fr,nation,2022-01,1974941,tonnes,portwatch,2022-01-31,,2026-10-06T05:59:33+00:00,estimated,1
shipping_container_exports,fr,nation,2022-02,1546583,tonnes,portwatch,2022-02-28,,2026-09-26,estimated,0
shipping_container_exports,fr,nation,2022-02,1546428,tonnes,portwatch,2022-02-28,,2026-10-06T05:59:33+00:00,estimated,1
shipping_container_exports,fr,nation,2022-03,1867694,tonnes,portwatch,2022-03-31,,2026-09-26,estimated,0
shipping_container_exports,fr,nation,2022-03,1867455,tonnes,portwatch,2022-03-31,,2026-10-06T05:59:33+00:00,estimated,1
shipping_container_exports,fr,nation,2022-04,1754846,tonnes,portwatch,2022-04-30,,2026-09-26,estimated,0
shipping_container_exports,fr,nation,2022-04,1754719,tonnes,portwatch,2022-04-30,,2026-10-06T05:59:33+00:00,estimated,1
shipping_container_exports,fr,nation,2022-05,2133344,tonnes,portwatch,2022-05-31,,2026-09-26,estimated,0
shipping_container_exports,fr,nation,2022-05,2133113,tonnes,portwatch,2022-05-31,,2026-10-06T05:59:33+00:00,estimated,1
shipping_container_exports,fr,nation,2022-06,1789225,tonnes,portwatch,2022-06-30,,2026-09-26,estimated,0
shipping_container_exports,fr,nation,2022-06,1789007,tonnes,portwatch,2022-06-30,,2026-10-06T05:59:33+00:00,estimated,1
shipping_container_exports,fr,nation,2022-07,1951307,tonnes,portwatch,2022-07-31,,2026-09-26,estimated,0
shipping_container_exports,fr,nation,2022-07,1951098,tonnes,portwatch,2022-07-31,,2026-10-06T05:59:33+00:00,estimated,1
shipping_container_exports,fr,nation,2022-08,1950923,tonnes,portwatch,2022-08-31,,2026-09-26,estimated,0
shipping_container_exports,fr,nation,2022-08,1950682,tonnes,portwatch,2022-08-31,,2026-10-06T05:59:33+00:00,estimated,1
shipping_container_exports,fr,nation,2022-09,1991362,tonnes,portwatch,2022-09-30,,2026-09-26,estimated,0
shipping_container_exports,fr,nation,2022-09,1991083,tonnes,portwatch,2022-09-30,,2026-10-06T05:59:33+00:00,estimated,1
shipping_container_exports,fr,nation,2022-10,2132968,tonnes,portwatch,2022-10-31,,2026-09-26,estimated,0
shipping_container_exports,fr,nation,2022-10,2132744,tonnes,portwatch,2022-10-31,,2026-10-06T05:59:33+00:00,estimated,1
shipping_container_exports,fr,nation,2022-11,1755989,tonnes,portwatch,2022-11-30,,2026-09-26,estimated,0
shipping_container_exports,fr,nation,2022-11,1755811,tonnes,portwatch,2022-11-30,,2026-10-06T05:59:33+00:00,estimated,1
shipping_container_exports,fr,nation,2022-12,1819604,tonnes,portwatch,2022-12-31,,2026-09-26,estimated,0
shipping_container_exports,fr,nation,2022-12,1819437,tonnes,portwatch,2022-12-31,,2026-10-06T05:59:33+00:00,estimated,1
shipping_container_exports,fr,nation,2023-01,1558381,tonnes,portwatch,2023-01-31,,2026-09-26,estimated,0
shipping_container_exports,fr,nation,2023-01,1558294,tonnes,portwatch,2023-01-31,,2026-10-06T05:59:33+00:00,estimated,1
shipping_container_exports,fr,nation,2023-02,1441461,tonnes,portwatch,2023-02-28,,2026-09-26,estimated,0
shipping_container_exports,fr,nation,2023-02,1441253,tonnes,portwatch,2023-02-28,,2026-10-06T05:59:33+00:00,estimated,1
shipping_container_exports,fr,nation,2023-03,1291343,tonnes,portwatch,2023-03-31,,2026-09-26,estimated,0
shipping_container_exports,fr,nation,2023-03,1291214,tonnes,portwatch,2023-03-31,,2026-10-06T05:59:33+00:00,estimated,1
shipping_container_exports,fr,nation,2023-04,1470738,tonnes,portwatch,2023-04-30,,2026-09-26,estimated,0
shipping_container_exports,fr,nation,2023-04,1470584,tonnes,portwatch,2023-04-30,,2026-10-06T05:59:33+00:00,estimated,1
shipping_container_exports,fr,nation,2023-05,1567312,tonnes,portwatch,2023-05-31,,2026-09-26,estimated,0
shipping_container_exports,fr,nation,2023-05,1567170,tonnes,portwatch,2023-05-31,,2026-10-06T05:59:33+00:00,estimated,1
shipping_container_exports,fr,nation,2023-06,1727256,tonnes,portwatch,2023-06-30,,2026-09-26,estimated,0
shipping_container_exports,fr,nation,2023-06,1727077,tonnes,portwatch,2023-06-30,,2026-10-06T05:59:33+00:00,estimated,1
shipping_container_exports,fr,nation,2023-07,1791701,tonnes,portwatch,2023-07-31,,2026-09-26,estimated,0
shipping_container_exports,fr,nation,2023-07,1791609,tonnes,portwatch,2023-07-31,,2026-10-06T05:59:33+00:00,estimated,1
shipping_container_exports,fr,nation,2023-08,1579512,tonnes,portwatch,2023-08-31,,2026-09-26,estimated,0
shipping_container_exports,fr,nation,2023-08,1579352,tonnes,portwatch,2023-08-31,,2026-10-06T05:59:33+00:00,estimated,1
shipping_container_exports,fr,nation,2023-09,1649529,tonnes,portwatch,2023-09-30,,2026-09-26,estimated,0
shipping_container_exports,fr,nation,2023-09,1649349,tonnes,portwatch,2023-09-30,,2026-10-06T05:59:33+00:00,estimated,1
shipping_container_exports,fr,nation,2023-10,1861775,tonnes,portwatch,2023-10-31,,2026-09-26,estimated,0
shipping_container_exports,fr,nation,2023-10,1861603,tonnes,portwatch,2023-10-31,,2026-10-06T05:59:33+00:00,estimated,1
shipping_container_exports,fr,nation,2023-11,1532710,tonnes,portwatch,2023-11-30,,2026-09-26,estimated,0
shipping_container_exports,fr,nation,2023-11,1532567,tonnes,portwatch,2023-11-30,,2026-10-06T05:59:33+00:00,estimated,1
shipping_container_exports,fr,nation,2023-12,1648158,tonnes,portwatch,2023-12-31,,2026-09-26,estimated,0
shipping_container_exports,fr,nation,2023-12,1647978,tonnes,portwatch,2023-12-31,,2026-10-06T05:59:33+00:00,estimated,1
shipping_container_exports,fr,nation,2024-01,1674685,tonnes,portwatch,2024-01-31,,2026-09-26,estimated,0
shipping_container_exports,fr,nation,2024-01,1674579,tonnes,portwatch,2024-01-31,,2026-10-06T05:59:33+00:00,estimated,1
shipping_container_exports,fr,nation,2024-02,1599783,tonnes,portwatch,2024-02-29,,2026-09-26,estimated,0
shipping_container_exports,fr,nation,2024-02,1599669,tonnes,portwatch,2024-02-29,,2026-10-06T05:59:33+00:00,estimated,1
shipping_container_exports,fr,nation,2024-03,1816677,tonnes,portwatch,2024-03-31,,2026-09-26,estimated,0
shipping_container_exports,fr,nation,2024-03,1816516,tonnes,portwatch,2024-03-31,,2026-10-06T05:59:33+00:00,estimated,1
shipping_container_exports,fr,nation,2024-04,1841739,tonnes,portwatch,2024-04-30,,2026-09-26,estimated,0
shipping_container_exports,fr,nation,2024-04,1841575,tonnes,portwatch,2024-04-30,,2026-10-06T05:59:33+00:00,estimated,1
shipping_container_exports,fr,nation,2024-05,1938463,tonnes,portwatch,2024-05-31,,2026-09-26,estimated,0
shipping_container_exports,fr,nation,2024-05,1938274,tonnes,portwatch,2024-05-31,,2026-10-06T05:59:33+00:00,estimated,1
shipping_container_exports,fr,nation,2024-06,1815427,tonnes,portwatch,2024-06-30,,2026-09-26,estimated,0
shipping_container_exports,fr,nation,2024-06,1815244,tonnes,portwatch,2024-06-30,,2026-10-06T05:59:33+00:00,estimated,1
shipping_container_exports,fr,nation,2024-07,1922808,tonnes,portwatch,2024-07-31,,2026-09-26,estimated,0
shipping_container_exports,fr,nation,2024-07,1922649,tonnes,portwatch,2024-07-31,,2026-10-06T05:59:33+00:00,estimated,1
shipping_container_exports,fr,nation,2024-08,1942310,tonnes,portwatch,2024-08-31,,2026-09-26,estimated,0
shipping_container_exports,fr,nation,2024-08,1942134,tonnes,portwatch,2024-08-31,,2026-10-06T05:59:33+00:00,estimated,1
shipping_container_exports,fr,nation,2024-09,1931937,tonnes,portwatch,2024-09-30,,2026-09-26,estimated,0
shipping_container_exports,fr,nation,2024-09,1931735,tonnes,portwatch,2024-09-30,,2026-10-06T05:59:33+00:00,estimated,1
shipping_container_exports,fr,nation,2024-10,1949628,tonnes,portwatch,2024-10-31,,2026-09-26,estimated,0
shipping_container_exports,fr,nation,2024-10,1949408,tonnes,portwatch,2024-10-31,,2026-10-06T05:59:33+00:00,estimated,1
shipping_container_exports,fr,nation,2024-11,2066442,tonnes,portwatch,2024-11-30,,2026-09-26,estimated,0
shipping_container_exports,fr,nation,2024-11,2066319,tonnes,portwatch,2024-11-30,,2026-10-06T05:59:33+00:00,estimated,1
shipping_container_exports,fr,nation,2024-12,1893804,tonnes,portwatch,2024-12-31,,2026-09-26,estimated,0
shipping_container_exports,fr,nation,2024-12,1893593,tonnes,portwatch,2024-12-31,,2026-10-06T05:59:33+00:00,estimated,1
shipping_container_exports,fr,nation,2025-01,1796542,tonnes,portwatch,2025-01-31,,2026-09-26,estimated,0
shipping_container_exports,fr,nation,2025-01,1796414,tonnes,portwatch,2025-01-31,,2026-10-06T05:59:33+00:00,estimated,1
shipping_container_exports,fr,nation,2025-02,1661839,tonnes,portwatch,2025-02-28,,2026-09-26,estimated,0
shipping_container_exports,fr,nation,2025-02,1661676,tonnes,portwatch,2025-02-28,,2026-10-06T05:59:33+00:00,estimated,1
shipping_container_exports,fr,nation,2025-03,1837458,tonnes,portwatch,2025-03-31,,2026-09-26,estimated,0
shipping_container_exports,fr,nation,2025-03,1837278,tonnes,portwatch,2025-03-31,,2026-10-06T05:59:33+00:00,estimated,1
shipping_container_exports,fr,nation,2025-04,1850668,tonnes,portwatch,2025-04-30,,2026-09-26,estimated,0
shipping_container_exports,fr,nation,2025-04,1850506,tonnes,portwatch,2025-04-30,,2026-10-06T05:59:33+00:00,estimated,1
shipping_container_exports,fr,nation,2025-05,1901580,tonnes,portwatch,2025-05-31,,2026-09-26,estimated,0
shipping_container_exports,fr,nation,2025-05,1901430,tonnes,portwatch,2025-05-31,,2026-10-06T05:59:33+00:00,estimated,1
shipping_container_exports,fr,nation,2025-06,1885241,tonnes,portwatch,2025-06-30,,2026-09-26,estimated,0
shipping_container_exports,fr,nation,2025-06,1885151,tonnes,portwatch,2025-06-30,,2026-10-06T05:59:33+00:00,estimated,1
shipping_container_exports,fr,nation,2025-07,1943612,tonnes,portwatch,2025-07-31,,2026-09-26,estimated,0
shipping_container_exports,fr,nation,2025-07,1943446,tonnes,portwatch,2025-07-31,,2026-10-06T05:59:33+00:00,estimated,1
shipping_container_exports,fr,nation,2025-08,1988644,tonnes,portwatch,2025-08-31,,2026-09-26,estimated,0
shipping_container_exports,fr,nation,2025-08,1988521,tonnes,portwatch,2025-08-31,,2026-10-06T05:59:33+00:00,estimated,1
shipping_container_exports,fr,nation,2025-09,2051240,tonnes,portwatch,2025-09-30,,2026-09-26,estimated,0
shipping_container_exports,fr,nation,2025-09,2051063,tonnes,portwatch,2025-09-30,,2026-10-06T05:59:33+00:00,estimated,1
shipping_container_exports,fr,nation,2025-10,1994113,tonnes,portwatch,2025-10-31,,2026-09-26,estimated,0
shipping_container_exports,fr,nation,2025-10,1993928,tonnes,portwatch,2025-10-31,,2026-10-06T05:59:33+00:00,estimated,1
shipping_container_exports,fr,nation,2025-11,2025489,tonnes,portwatch,2025-11-30,,2026-09-26,estimated,0
shipping_container_exports,fr,nation,2025-11,2025401,tonnes,portwatch,2025-11-30,,2026-10-06T05:59:33+00:00,estimated,1
shipping_container_exports,fr,nation,2025-12,2098181,tonnes,portwatch,2025-12-31,,2026-09-26,estimated,0
shipping_container_exports,fr,nation,2025-12,2098158,tonnes,portwatch,2025-12-31,,2026-10-06T05:59:33+00:00,estimated,1
shipping_container_exports,fr,nation,2026-01,1756473,tonnes,portwatch,2026-01-31,,2026-09-26,estimated,0
shipping_container_exports,fr,nation,2026-01,1756293,tonnes,portwatch,2026-01-31,,2026-10-06T05:59:33+00:00,estimated,1
shipping_container_exports,fr,nation,2026-02,1864927,tonnes,portwatch,2026-02-28,,2026-09-26,estimated,0
shipping_container_exports,fr,nation,2026-02,1865013,tonnes,portwatch,2026-02-28,,2026-10-06T05:59:33+00:00,estimated,1
shipping_container_exports,fr,nation,2026-03,2046544,tonnes,portwatch,2026-03-31,,2026-09-26,estimated,0
shipping_container_exports,fr,nation,2026-03,2046438,tonnes,portwatch,2026-03-31,,2026-10-06T05:59:33+00:00,estimated,1
shipping_container_exports,fr,nation,2026-04,1979123,tonnes,portwatch,2026-04-30,,2026-09-26,estimated,0
shipping_container_exports,fr,nation,2026-04,1978951,tonnes,portwatch,2026-04-30,,2026-10-06T05:59:33+00:00,estimated,1
shipping_container_exports,fr,nation,2026-05,2016870,tonnes,portwatch,2026-05-31,,2026-09-26,estimated,0
shipping_container_exports,fr,nation,2026-05,2016789,tonnes,portwatch,2026-05-31,,2026-10-06T05:59:33+00:00,estimated,1
shipping_container_exports,fr,nation,2026-06,2116247,tonnes,portwatch,2026-06-30,,2026-09-26,estimated,0
shipping_container_exports,fr,nation,2026-06,2116092,tonnes,portwatch,2026-06-30,,2026-10-06T05:59:33+00:00,estimated,1
shipping_container_exports,fr,nation,2026-07,2094947,tonnes,portwatch,2026-07-31,,2026-09-26,estimated,0
shipping_container_exports,fr,nation,2026-07,2094789,tonnes,portwatch,2026-07-31,,2026-10-06T05:59:33+00:00,estimated,1
shipping_container_exports,fr,nation,2026-08,2073975,tonnes,portwatch,2026-08-31,,2026-09-26,estimated,0
shipping_container_exports,fr,nation,2026-08,2073867,tonnes,portwatch,2026-08-31,,2026-10-06T05:59:33+00:00,estimated,1
shipping_container_exports,gb,nation,2019-01,2780979,tonnes,portwatch,2019-01-31,,2026-09-26,estimated,0
shipping_container_exports,gb,nation,2019-01,2780594,tonnes,portwatch,2019-01-31,,2026-10-06T05:59:44+00:00,estimated,1
shipping_container_exports,gb,nation,2019-02,2660541,tonnes,portwatch,2019-02-28,,2026-09-26,estimated,0
shipping_container_exports,gb,nation,2019-02,2660508,tonnes,portwatch,2019-02-28,,2026-10-06T05:59:44+00:00,estimated,1
shipping_container_exports,gb,nation,2019-03,2581829,tonnes,portwatch,2019-03-31,,2026-09-26,estimated,0
shipping_container_exports,gb,nation,2019-03,2581804,tonnes,portwatch,2019-03-31,,2026-10-06T05:59:44+00:00,estimated,1
shipping_container_exports,gb,nation,2019-04,2547049,tonnes,portwatch,2019-04-30,,2026-09-26,estimated,0
shipping_container_exports,gb,nation,2019-04,2546965,tonnes,portwatch,2019-04-30,,2026-10-06T05:59:44+00:00,estimated,1
shipping_container_exports,gb,nation,2019-05,2592424,tonnes,portwatch,2019-05-31,,2026-09-26,estimated,0
shipping_container_exports,gb,nation,2019-05,2592377,tonnes,portwatch,2019-05-31,,2026-10-06T05:59:44+00:00,estimated,1
shipping_container_exports,gb,nation,2019-06,2490225,tonnes,portwatch,2019-06-30,,2026-09-26,estimated,0
shipping_container_exports,gb,nation,2019-06,2490158,tonnes,portwatch,2019-06-30,,2026-10-06T05:59:44+00:00,estimated,1
shipping_container_exports,gb,nation,2019-07,2830271,tonnes,portwatch,2019-07-31,,2026-09-26,estimated,0
shipping_container_exports,gb,nation,2019-07,2830243,tonnes,portwatch,2019-07-31,,2026-10-06T05:59:44+00:00,estimated,1
shipping_container_exports,gb,nation,2019-08,2864844,tonnes,portwatch,2019-08-31,,2026-09-26,estimated,0
shipping_container_exports,gb,nation,2019-08,2864816,tonnes,portwatch,2019-08-31,,2026-10-06T05:59:44+00:00,estimated,1
shipping_container_exports,gb,nation,2019-09,2608291,tonnes,portwatch,2019-09-30,,2026-09-26,estimated,0
shipping_container_exports,gb,nation,2019-09,2608333,tonnes,portwatch,2019-09-30,,2026-10-06T05:59:44+00:00,estimated,1
shipping_container_exports,gb,nation,2019-10,3077383,tonnes,portwatch,2019-10-31,,2026-09-26,estimated,0
shipping_container_exports,gb,nation,2019-10,3077333,tonnes,portwatch,2019-10-31,,2026-10-06T05:59:44+00:00,estimated,1
shipping_container_exports,gb,nation,2019-11,2790640,tonnes,portwatch,2019-11-30,,2026-09-26,estimated,0
shipping_container_exports,gb,nation,2019-11,2790585,tonnes,portwatch,2019-11-30,,2026-10-06T05:59:44+00:00,estimated,1
shipping_container_exports,gb,nation,2019-12,2558004,tonnes,portwatch,2019-12-31,,2026-09-26,estimated,0
shipping_container_exports,gb,nation,2019-12,2557958,tonnes,portwatch,2019-12-31,,2026-10-06T05:59:44+00:00,estimated,1
shipping_container_exports,gb,nation,2020-01,2547086,tonnes,portwatch,2020-01-31,,2026-09-26,estimated,0
shipping_container_exports,gb,nation,2020-01,2547016,tonnes,portwatch,2020-01-31,,2026-10-06T05:59:44+00:00,estimated,1
shipping_container_exports,gb,nation,2020-02,2059774,tonnes,portwatch,2020-02-29,,2026-09-26,estimated,0
shipping_container_exports,gb,nation,2020-02,2059835,tonnes,portwatch,2020-02-29,,2026-10-06T05:59:44+00:00,estimated,1
shipping_container_exports,gb,nation,2020-03,2522575,tonnes,portwatch,2020-03-31,,2026-09-26,estimated,0
shipping_container_exports,gb,nation,2020-03,2522617,tonnes,portwatch,2020-03-31,,2026-10-06T05:59:44+00:00,estimated,1
shipping_container_exports,gb,nation,2020-04,1948509,tonnes,portwatch,2020-04-30,,2026-09-26,estimated,0
shipping_container_exports,gb,nation,2020-04,1948510,tonnes,portwatch,2020-04-30,,2026-10-06T05:59:44+00:00,estimated,1
shipping_container_exports,gb,nation,2020-05,1891545,tonnes,portwatch,2020-05-31,,2026-09-26,estimated,0
shipping_container_exports,gb,nation,2020-05,1891487,tonnes,portwatch,2020-05-31,,2026-10-06T05:59:44+00:00,estimated,1
shipping_container_exports,gb,nation,2020-06,1937163,tonnes,portwatch,2020-06-30,,2026-09-26,estimated,0
shipping_container_exports,gb,nation,2020-06,1937080,tonnes,portwatch,2020-06-30,,2026-10-06T05:59:44+00:00,estimated,1
shipping_container_exports,gb,nation,2020-07,2430140,tonnes,portwatch,2020-07-31,,2026-09-26,estimated,0
shipping_container_exports,gb,nation,2020-07,2430084,tonnes,portwatch,2020-07-31,,2026-10-06T05:59:44+00:00,estimated,1
shipping_container_exports,gb,nation,2020-08,2360461,tonnes,portwatch,2020-08-31,,2026-09-26,estimated,0
shipping_container_exports,gb,nation,2020-08,2360457,tonnes,portwatch,2020-08-31,,2026-10-06T05:59:44+00:00,estimated,1
shipping_container_exports,gb,nation,2020-09,2268984,tonnes,portwatch,2020-09-30,,2026-09-26,estimated,0
shipping_container_exports,gb,nation,2020-09,2268940,tonnes,portwatch,2020-09-30,,2026-10-06T05:59:44+00:00,estimated,1
shipping_container_exports,gb,nation,2020-10,2764190,tonnes,portwatch,2020-10-31,,2026-09-26,estimated,0
shipping_container_exports,gb,nation,2020-10,2764201,tonnes,portwatch,2020-10-31,,2026-10-06T05:59:44+00:00,estimated,1
shipping_container_exports,gb,nation,2020-11,2564605,tonnes,portwatch,2020-11-30,,2026-09-26,estimated,0
shipping_container_exports,gb,nation,2020-11,2564657,tonnes,portwatch,2020-11-30,,2026-10-06T05:59:44+00:00,estimated,1
shipping_container_exports,gb,nation,2020-12,2514198,tonnes,portwatch,2020-12-31,,2026-09-26,estimated,0
shipping_container_exports,gb,nation,2020-12,2513842,tonnes,portwatch,2020-12-31,,2026-10-06T05:59:44+00:00,estimated,1
shipping_container_exports,gb,nation,2021-01,2503024,tonnes,portwatch,2021-01-31,,2026-09-26,estimated,0
shipping_container_exports,gb,nation,2021-01,2503006,tonnes,portwatch,2021-01-31,,2026-10-06T05:59:44+00:00,estimated,1
shipping_container_exports,gb,nation,2021-02,2444015,tonnes,portwatch,2021-02-28,,2026-09-26,estimated,0
shipping_container_exports,gb,nation,2021-02,2444056,tonnes,portwatch,2021-02-28,,2026-10-06T05:59:44+00:00,estimated,1
shipping_container_exports,gb,nation,2021-03,2599148,tonnes,portwatch,2021-03-31,,2026-09-26,estimated,0
shipping_container_exports,gb,nation,2021-03,2599302,tonnes,portwatch,2021-03-31,,2026-10-06T05:59:44+00:00,estimated,1
shipping_container_exports,gb,nation,2021-04,2222561,tonnes,portwatch,2021-04-30,,2026-09-26,estimated,0
shipping_container_exports,gb,nation,2021-04,2222614,tonnes,portwatch,2021-04-30,,2026-10-06T05:59:44+00:00,estimated,1
shipping_container_exports,gb,nation,2021-05,2576760,tonnes,portwatch,2021-05-31,,2026-09-26,estimated,0
shipping_container_exports,gb,nation,2021-05,2576725,tonnes,portwatch,2021-05-31,,2026-10-06T05:59:44+00:00,estimated,1
shipping_container_exports,gb,nation,2021-06,2588399,tonnes,portwatch,2021-06-30,,2026-09-26,estimated,0
shipping_container_exports,gb,nation,2021-06,2588575,tonnes,portwatch,2021-06-30,,2026-10-06T05:59:44+00:00,estimated,1
shipping_container_exports,gb,nation,2021-07,2381825,tonnes,portwatch,2021-07-31,,2026-09-26,estimated,0
shipping_container_exports,gb,nation,2021-07,2381994,tonnes,portwatch,2021-07-31,,2026-10-06T05:59:44+00:00,estimated,1
shipping_container_exports,gb,nation,2021-08,2215705,tonnes,portwatch,2021-08-31,,2026-09-26,estimated,0
shipping_container_exports,gb,nation,2021-08,2215693,tonnes,portwatch,2021-08-31,,2026-10-06T05:59:44+00:00,estimated,1
shipping_container_exports,gb,nation,2021-09,2277694,tonnes,portwatch,2021-09-30,,2026-09-26,estimated,0
shipping_container_exports,gb,nation,2021-09,2277776,tonnes,portwatch,2021-09-30,,2026-10-06T05:59:44+00:00,estimated,1
shipping_container_exports,gb,nation,2021-10,2341369,tonnes,portwatch,2021-10-31,,2026-09-26,estimated,0
shipping_container_exports,gb,nation,2021-10,2341395,tonnes,portwatch,2021-10-31,,2026-10-06T05:59:44+00:00,estimated,1
shipping_container_exports,gb,nation,2021-11,2331537,tonnes,portwatch,2021-11-30,,2026-09-26,estimated,0
shipping_container_exports,gb,nation,2021-11,2331668,tonnes,portwatch,2021-11-30,,2026-10-06T05:59:44+00:00,estimated,1
shipping_container_exports,gb,nation,2021-12,2171639,tonnes,portwatch,2021-12-31,,2026-09-26,estimated,0
shipping_container_exports,gb,nation,2021-12,2171702,tonnes,portwatch,2021-12-31,,2026-10-06T05:59:44+00:00,estimated,1
shipping_container_exports,gb,nation,2022-01,2442106,tonnes,portwatch,2022-01-31,,2026-09-26,estimated,0
shipping_container_exports,gb,nation,2022-01,2442312,tonnes,portwatch,2022-01-31,,2026-10-06T05:59:44+00:00,estimated,1
shipping_container_exports,gb,nation,2022-02,1931425,tonnes,portwatch,2022-02-28,,2026-09-26,estimated,0
shipping_container_exports,gb,nation,2022-02,1931516,tonnes,portwatch,2022-02-28,,2026-10-06T05:59:44+00:00,estimated,1
shipping_container_exports,gb,nation,2022-03,2423923,tonnes,portwatch,2022-03-31,,2026-09-26,estimated,0
shipping_container_exports,gb,nation,2022-03,2423809,tonnes,portwatch,2022-03-31,,2026-10-06T05:59:44+00:00,estimated,1
shipping_container_exports,gb,nation,2022-04,2066072,tonnes,portwatch,2022-04-30,,2026-09-26,estimated,0
shipping_container_exports,gb,nation,2022-04,2066196,tonnes,portwatch,2022-04-30,,2026-10-06T05:59:44+00:00,estimated,1
shipping_container_exports,gb,nation,2022-05,2287502,tonnes,portwatch,2022-05-31,,2026-09-26,estimated,0
shipping_container_exports,gb,nation,2022-05,2287560,tonnes,portwatch,2022-05-31,,2026-10-06T05:59:44+00:00,estimated,1
shipping_container_exports,gb,nation,2022-06,2175926,tonnes,portwatch,2022-06-30,,2026-09-26,estimated,0
shipping_container_exports,gb,nation,2022-06,2176071,tonnes,portwatch,2022-06-30,,2026-10-06T05:59:44+00:00,estimated,1
shipping_container_exports,gb,nation,2022-07,2487558,tonnes,portwatch,2022-07-31,,2026-09-26,estimated,0
shipping_container_exports,gb,nation,2022-07,2487546,tonnes,portwatch,2022-07-31,,2026-10-06T05:59:44+00:00,estimated,1
shipping_container_exports,gb,nation,2022-08,1961241,tonnes,portwatch,2022-08-31,,2026-09-26,estimated,0
shipping_container_exports,gb,nation,2022-08,1961438,tonnes,portwatch,2022-08-31,,2026-10-06T05:59:44+00:00,estimated,1
shipping_container_exports,gb,nation,2022-09,2270941,tonnes,portwatch,2022-09-30,,2026-09-26,estimated,0
shipping_container_exports,gb,nation,2022-09,2271092,tonnes,portwatch,2022-09-30,,2026-10-06T05:59:44+00:00,estimated,1
shipping_container_exports,gb,nation,2022-10,2377631,tonnes,portwatch,2022-10-31,,2026-09-26,estimated,0
shipping_container_exports,gb,nation,2022-10,2377687,tonnes,portwatch,2022-10-31,,2026-10-06T05:59:44+00:00,estimated,1
shipping_container_exports,gb,nation,2022-11,2208795,tonnes,portwatch,2022-11-30,,2026-09-26,estimated,0
shipping_container_exports,gb,nation,2022-11,2208787,tonnes,portwatch,2022-11-30,,2026-10-06T05:59:44+00:00,estimated,1
shipping_container_exports,gb,nation,2022-12,2220595,tonnes,portwatch,2022-12-31,,2026-09-26,estimated,0
shipping_container_exports,gb,nation,2022-12,2220641,tonnes,portwatch,2022-12-31,,2026-10-06T05:59:44+00:00,estimated,1
shipping_container_exports,gb,nation,2023-01,2117598,tonnes,portwatch,2023-01-31,,2026-09-26,estimated,0
shipping_container_exports,gb,nation,2023-01,2117497,tonnes,portwatch,2023-01-31,,2026-10-06T05:59:44+00:00,estimated,1
shipping_container_exports,gb,nation,2023-02,2037223,tonnes,portwatch,2023-02-28,,2026-09-26,estimated,0
shipping_container_exports,gb,nation,2023-02,2037235,tonnes,portwatch,2023-02-28,,2026-10-06T05:59:44+00:00,estimated,1
shipping_container_exports,gb,nation,2023-03,2205512,tonnes,portwatch,2023-03-31,,2026-09-26,estimated,0
shipping_container_exports,gb,nation,2023-03,2205538,tonnes,portwatch,2023-03-31,,2026-10-06T05:59:44+00:00,estimated,1
shipping_container_exports,gb,nation,2023-04,2207698,tonnes,portwatch,2023-04-30,,2026-09-26,estimated,0
shipping_container_exports,gb,nation,2023-04,2207570,tonnes,portwatch,2023-04-30,,2026-10-06T05:59:44+00:00,estimated,1
shipping_container_exports,gb,nation,2023-05,2436268,tonnes,portwatch,2023-05-31,,2026-09-26,estimated,0
shipping_container_exports,gb,nation,2023-05,2436276,tonnes,portwatch,2023-05-31,,2026-10-06T05:59:44+00:00,estimated,1
shipping_container_exports,gb,nation,2023-06,2257600,tonnes,portwatch,2023-06-30,,2026-09-26,estimated,0
shipping_container_exports,gb,nation,2023-06,2257503,tonnes,portwatch,2023-06-30,,2026-10-06T05:59:44+00:00,estimated,1
shipping_container_exports,gb,nation,2023-07,2261031,tonnes,portwatch,2023-07-31,,2026-09-26,estimated,0
shipping_container_exports,gb,nation,2023-07,2261040,tonnes,portwatch,2023-07-31,,2026-10-06T05:59:44+00:00,estimated,1
shipping_container_exports,gb,nation,2023-08,2217172,tonnes,portwatch,2023-08-31,,2026-09-26,estimated,0
shipping_container_exports,gb,nation,2023-08,2217098,tonnes,portwatch,2023-08-31,,2026-10-06T05:59:44+00:00,estimated,1
shipping_container_exports,gb,nation,2023-09,2296405,tonnes,portwatch,2023-09-30,,2026-09-26,estimated,0
shipping_container_exports,gb,nation,2023-09,2296318,tonnes,portwatch,2023-09-30,,2026-10-06T05:59:44+00:00,estimated,1
shipping_container_exports,gb,nation,2023-10,2379951,tonnes,portwatch,2023-10-31,,2026-09-26,estimated,0
shipping_container_exports,gb,nation,2023-10,2380036,tonnes,portwatch,2023-10-31,,2026-10-06T05:59:44+00:00,estimated,1
shipping_container_exports,gb,nation,2023-11,2332776,tonnes,portwatch,2023-11-30,,2026-09-26,estimated,0
shipping_container_exports,gb,nation,2023-11,2332788,tonnes,portwatch,2023-11-30,,2026-10-06T05:59:44+00:00,estimated,1
shipping_container_exports,gb,nation,2023-12,1893361,tonnes,portwatch,2023-12-31,,2026-09-26,estimated,0
shipping_container_exports,gb,nation,2023-12,1893428,tonnes,portwatch,2023-12-31,,2026-10-06T05:59:44+00:00,estimated,1
shipping_container_exports,gb,nation,2024-01,2111453,tonnes,portwatch,2024-01-31,,2026-09-26,estimated,0
shipping_container_exports,gb,nation,2024-01,2111387,tonnes,portwatch,2024-01-31,,2026-10-06T05:59:44+00:00,estimated,1
shipping_container_exports,gb,nation,2024-02,2034987,tonnes,portwatch,2024-02-29,,2026-09-26,estimated,0
shipping_container_exports,gb,nation,2024-02,2034971,tonnes,portwatch,2024-02-29,,2026-10-06T05:59:44+00:00,estimated,1
shipping_container_exports,gb,nation,2024-03,2154311,tonnes,portwatch,2024-03-31,,2026-09-26,estimated,0
shipping_container_exports,gb,nation,2024-03,2154340,tonnes,portwatch,2024-03-31,,2026-10-06T05:59:44+00:00,estimated,1
shipping_container_exports,gb,nation,2024-04,2310714,tonnes,portwatch,2024-04-30,,2026-09-26,estimated,0
shipping_container_exports,gb,nation,2024-04,2310588,tonnes,portwatch,2024-04-30,,2026-10-06T05:59:44+00:00,estimated,1
shipping_container_exports,gb,nation,2024-05,2197505,tonnes,portwatch,2024-05-31,,2026-09-26,estimated,0
shipping_container_exports,gb,nation,2024-05,2197571,tonnes,portwatch,2024-05-31,,2026-10-06T05:59:44+00:00,estimated,1
shipping_container_exports,gb,nation,2024-06,2171284,tonnes,portwatch,2024-06-30,,2026-09-26,estimated,0
shipping_container_exports,gb,nation,2024-06,2171285,tonnes,portwatch,2024-06-30,,2026-10-06T05:59:44+00:00,estimated,1
shipping_container_exports,gb,nation,2024-07,2243427,tonnes,portwatch,2024-07-31,,2026-09-26,estimated,0
shipping_container_exports,gb,nation,2024-07,2243476,tonnes,portwatch,2024-07-31,,2026-10-06T05:59:44+00:00,estimated,1
shipping_container_exports,gb,nation,2024-08,2251425,tonnes,portwatch,2024-08-31,,2026-09-26,estimated,0
shipping_container_exports,gb,nation,2024-08,2251465,tonnes,portwatch,2024-08-31,,2026-10-06T05:59:44+00:00,estimated,1
shipping_container_exports,gb,nation,2024-09,2231947,tonnes,portwatch,2024-09-30,,2026-09-26,estimated,0
shipping_container_exports,gb,nation,2024-09,2231967,tonnes,portwatch,2024-09-30,,2026-10-06T05:59:44+00:00,estimated,1
shipping_container_exports,gb,nation,2024-10,2408109,tonnes,portwatch,2024-10-31,,2026-09-26,estimated,0
shipping_container_exports,gb,nation,2024-10,2408057,tonnes,portwatch,2024-10-31,,2026-10-06T05:59:44+00:00,estimated,1
shipping_container_exports,gb,nation,2024-11,2210304,tonnes,portwatch,2024-11-30,,2026-09-26,estimated,0
shipping_container_exports,gb,nation,2024-11,2210354,tonnes,portwatch,2024-11-30,,2026-10-06T05:59:44+00:00,estimated,1
shipping_container_exports,gb,nation,2024-12,2230833,tonnes,portwatch,2024-12-31,,2026-09-26,estimated,0
shipping_container_exports,gb,nation,2024-12,2230884,tonnes,portwatch,2024-12-31,,2026-10-06T05:59:44+00:00,estimated,1
shipping_container_exports,gb,nation,2025-01,2246168,tonnes,portwatch,2025-01-31,,2026-09-26,estimated,0
shipping_container_exports,gb,nation,2025-01,2246119,tonnes,portwatch,2025-01-31,,2026-10-06T05:59:44+00:00,estimated,1
shipping_container_exports,gb,nation,2025-02,2282715,tonnes,portwatch,2025-02-28,,2026-09-26,estimated,0
shipping_container_exports,gb,nation,2025-02,2282732,tonnes,portwatch,2025-02-28,,2026-10-06T05:59:44+00:00,estimated,1
shipping_container_exports,gb,nation,2025-03,2437895,tonnes,portwatch,2025-03-31,,2026-09-26,estimated,0
shipping_container_exports,gb,nation,2025-03,2437917,tonnes,portwatch,2025-03-31,,2026-10-06T05:59:44+00:00,estimated,1
shipping_container_exports,gb,nation,2025-04,2228550,tonnes,portwatch,2025-04-30,,2026-09-26,estimated,0
shipping_container_exports,gb,nation,2025-04,2228501,tonnes,portwatch,2025-04-30,,2026-10-06T05:59:44+00:00,estimated,1
shipping_container_exports,gb,nation,2025-05,2210992,tonnes,portwatch,2025-05-31,,2026-09-26,estimated,0
shipping_container_exports,gb,nation,2025-05,2211093,tonnes,portwatch,2025-05-31,,2026-10-06T05:59:44+00:00,estimated,1
shipping_container_exports,gb,nation,2025-06,2415924,tonnes,portwatch,2025-06-30,,2026-09-26,estimated,0
shipping_container_exports,gb,nation,2025-06,2415919,tonnes,portwatch,2025-06-30,,2026-10-06T05:59:44+00:00,estimated,1
shipping_container_exports,gb,nation,2025-07,2373045,tonnes,portwatch,2025-07-31,,2026-09-26,estimated,0
shipping_container_exports,gb,nation,2025-07,2373173,tonnes,portwatch,2025-07-31,,2026-10-06T05:59:44+00:00,estimated,1
shipping_container_exports,gb,nation,2025-08,2396588,tonnes,portwatch,2025-08-31,,2026-09-26,estimated,0
shipping_container_exports,gb,nation,2025-08,2396640,tonnes,portwatch,2025-08-31,,2026-10-06T05:59:44+00:00,estimated,1
shipping_container_exports,gb,nation,2025-09,1973278,tonnes,portwatch,2025-09-30,,2026-09-26,estimated,0
shipping_container_exports,gb,nation,2025-09,1973377,tonnes,portwatch,2025-09-30,,2026-10-06T05:59:44+00:00,estimated,1
shipping_container_exports,gb,nation,2025-10,2394803,tonnes,portwatch,2025-10-31,,2026-09-26,estimated,0
shipping_container_exports,gb,nation,2025-10,2394852,tonnes,portwatch,2025-10-31,,2026-10-06T05:59:44+00:00,estimated,1
shipping_container_exports,gb,nation,2025-11,2487991,tonnes,portwatch,2025-11-30,,2026-09-26,estimated,0
shipping_container_exports,gb,nation,2025-11,2488082,tonnes,portwatch,2025-11-30,,2026-10-06T05:59:44+00:00,estimated,1
shipping_container_exports,gb,nation,2025-12,1847019,tonnes,portwatch,2025-12-31,,2026-09-26,estimated,0
shipping_container_exports,gb,nation,2025-12,1847187,tonnes,portwatch,2025-12-31,,2026-10-06T05:59:44+00:00,estimated,1
shipping_container_exports,gb,nation,2026-01,2029884,tonnes,portwatch,2026-01-31,,2026-09-26,estimated,0
shipping_container_exports,gb,nation,2026-01,2030011,tonnes,portwatch,2026-01-31,,2026-10-06T05:59:44+00:00,estimated,1
shipping_container_exports,gb,nation,2026-02,2293428,tonnes,portwatch,2026-02-28,,2026-09-26,estimated,0
shipping_container_exports,gb,nation,2026-02,2293493,tonnes,portwatch,2026-02-28,,2026-10-06T05:59:44+00:00,estimated,1
shipping_container_exports,gb,nation,2026-03,2361298,tonnes,portwatch,2026-03-31,,2026-09-26,estimated,0
shipping_container_exports,gb,nation,2026-03,2361363,tonnes,portwatch,2026-03-31,,2026-10-06T05:59:44+00:00,estimated,1
shipping_container_exports,gb,nation,2026-04,2204217,tonnes,portwatch,2026-04-30,,2026-09-26,estimated,0
shipping_container_exports,gb,nation,2026-04,2203794,tonnes,portwatch,2026-04-30,,2026-10-06T05:59:44+00:00,estimated,1
shipping_container_exports,gb,nation,2026-05,2305860,tonnes,portwatch,2026-05-31,,2026-09-26,estimated,0
shipping_container_exports,gb,nation,2026-05,2305514,tonnes,portwatch,2026-05-31,,2026-10-06T05:59:44+00:00,estimated,1
shipping_container_exports,gb,nation,2026-06,2301117,tonnes,portwatch,2026-06-30,,2026-09-26,estimated,0
shipping_container_exports,gb,nation,2026-06,2301229,tonnes,portwatch,2026-06-30,,2026-10-06T05:59:44+00:00,estimated,1
shipping_container_exports,gb,nation,2026-07,2218931,tonnes,portwatch,2026-07-31,,2026-09-26,estimated,0
shipping_container_exports,gb,nation,2026-07,2218896,tonnes,portwatch,2026-07-31,,2026-10-06T05:59:44+00:00,estimated,1
shipping_container_exports,gb,nation,2026-08,2005493,tonnes,portwatch,2026-08-31,,2026-09-26,estimated,0
shipping_container_exports,gb,nation,2026-08,2002220,tonnes,portwatch,2026-08-31,,2026-10-06T05:59:44+00:00,estimated,1
shipping_container_exports,id,nation,2019-01,1239325,tonnes,portwatch,2019-01-31,,2026-09-26,estimated,0
shipping_container_exports,id,nation,2019-01,1239440,tonnes,portwatch,2019-01-31,,2026-10-06T05:59:35+00:00,estimated,1
shipping_container_exports,id,nation,2019-02,1236733,tonnes,portwatch,2019-02-28,,2026-09-26,estimated,0
shipping_container_exports,id,nation,2019-02,1236856,tonnes,portwatch,2019-02-28,,2026-10-06T05:59:35+00:00,estimated,1
shipping_container_exports,id,nation,2019-03,1307793,tonnes,portwatch,2019-03-31,,2026-09-26,estimated,0
shipping_container_exports,id,nation,2019-03,1307965,tonnes,portwatch,2019-03-31,,2026-10-06T05:59:35+00:00,estimated,1
shipping_container_exports,id,nation,2019-04,1118045,tonnes,portwatch,2019-04-30,,2026-09-26,estimated,0
shipping_container_exports,id,nation,2019-04,1118127,tonnes,portwatch,2019-04-30,,2026-10-06T05:59:35+00:00,estimated,1
shipping_container_exports,id,nation,2019-05,1699842,tonnes,portwatch,2019-05-31,,2026-09-26,estimated,0
shipping_container_exports,id,nation,2019-05,1699937,tonnes,portwatch,2019-05-31,,2026-10-06T05:59:35+00:00,estimated,1
shipping_container_exports,id,nation,2019-06,904592,tonnes,portwatch,2019-06-30,,2026-09-26,estimated,0
shipping_container_exports,id,nation,2019-06,904686,tonnes,portwatch,2019-06-30,,2026-10-06T05:59:35+00:00,estimated,1
shipping_container_exports,id,nation,2019-07,1301858,tonnes,portwatch,2019-07-31,,2026-09-26,estimated,0
shipping_container_exports,id,nation,2019-07,1302014,tonnes,portwatch,2019-07-31,,2026-10-06T05:59:35+00:00,estimated,1
shipping_container_exports,id,nation,2019-08,1291243,tonnes,portwatch,2019-08-31,,2026-09-26,estimated,0
shipping_container_exports,id,nation,2019-08,1291409,tonnes,portwatch,2019-08-31,,2026-10-06T05:59:35+00:00,estimated,1
shipping_container_exports,id,nation,2019-09,1396411,tonnes,portwatch,2019-09-30,,2026-09-26,estimated,0
shipping_container_exports,id,nation,2019-09,1396535,tonnes,portwatch,2019-09-30,,2026-10-06T05:59:35+00:00,estimated,1
shipping_container_exports,id,nation,2019-10,1352069,tonnes,portwatch,2019-10-31,,2026-09-26,estimated,0
shipping_container_exports,id,nation,2019-10,1352267,tonnes,portwatch,2019-10-31,,2026-10-06T05:59:35+00:00,estimated,1
shipping_container_exports,id,nation,2019-11,1246255,tonnes,portwatch,2019-11-30,,2026-09-26,estimated,0
shipping_container_exports,id,nation,2019-11,1246391,tonnes,portwatch,2019-11-30,,2026-10-06T05:59:35+00:00,estimated,1
shipping_container_exports,id,nation,2019-12,1365726,tonnes,portwatch,2019-12-31,,2026-09-26,estimated,0
shipping_container_exports,id,nation,2019-12,1365773,tonnes,portwatch,2019-12-31,,2026-10-06T05:59:35+00:00,estimated,1
shipping_container_exports,id,nation,2020-01,1307856,tonnes,portwatch,2020-01-31,,2026-09-26,estimated,0
shipping_container_exports,id,nation,2020-01,1308047,tonnes,portwatch,2020-01-31,,2026-10-06T05:59:35+00:00,estimated,1
shipping_container_exports,id,nation,2020-02,1416376,tonnes,portwatch,2020-02-29,,2026-09-26,estimated,0
shipping_container_exports,id,nation,2020-02,1416525,tonnes,portwatch,2020-02-29,,2026-10-06T05:59:35+00:00,estimated,1
shipping_container_exports,id,nation,2020-03,1292002,tonnes,portwatch,2020-03-31,,2026-09-26,estimated,0
shipping_container_exports,id,nation,2020-03,1292154,tonnes,portwatch,2020-03-31,,2026-10-06T05:59:35+00:00,estimated,1
shipping_container_exports,id,nation,2020-04,1299493,tonnes,portwatch,2020-04-30,,2026-09-26,estimated,0
shipping_container_exports,id,nation,2020-04,1299611,tonnes,portwatch,2020-04-30,,2026-10-06T05:59:35+00:00,estimated,1
shipping_container_exports,id,nation,2020-05,1410326,tonnes,portwatch,2020-05-31,,2026-09-26,estimated,0
shipping_container_exports,id,nation,2020-05,1410391,tonnes,portwatch,2020-05-31,,2026-10-06T05:59:35+00:00,estimated,1
shipping_container_exports,id,nation,2020-06,1447664,tonnes,portwatch,2020-06-30,,2026-09-26,estimated,0
shipping_container_exports,id,nation,2020-06,1447756,tonnes,portwatch,2020-06-30,,2026-10-06T05:59:35+00:00,estimated,1
shipping_container_exports,id,nation,2020-07,1604580,tonnes,portwatch,2020-07-31,,2026-09-26,estimated,0
shipping_container_exports,id,nation,2020-07,1604596,tonnes,portwatch,2020-07-31,,2026-10-06T05:59:35+00:00,estimated,1
shipping_container_exports,id,nation,2020-08,1579404,tonnes,portwatch,2020-08-31,,2026-09-26,estimated,0
shipping_container_exports,id,nation,2020-08,1579500,tonnes,portwatch,2020-08-31,,2026-10-06T05:59:35+00:00,estimated,1
shipping_container_exports,id,nation,2020-09,1466761,tonnes,portwatch,2020-09-30,,2026-09-26,estimated,0
shipping_container_exports,id,nation,2020-09,1466895,tonnes,portwatch,2020-09-30,,2026-10-06T05:59:35+00:00,estimated,1
shipping_container_exports,id,nation,2020-10,1682030,tonnes,portwatch,2020-10-31,,2026-09-26,estimated,0
shipping_container_exports,id,nation,2020-10,1682140,tonnes,portwatch,2020-10-31,,2026-10-06T05:59:35+00:00,estimated,1
shipping_container_exports,id,nation,2020-11,1454424,tonnes,portwatch,2020-11-30,,2026-09-26,estimated,0
shipping_container_exports,id,nation,2020-11,1454503,tonnes,portwatch,2020-11-30,,2026-10-06T05:59:35+00:00,estimated,1
shipping_container_exports,id,nation,2020-12,1201649,tonnes,portwatch,2020-12-31,,2026-09-26,estimated,0
shipping_container_exports,id,nation,2020-12,1201747,tonnes,portwatch,2020-12-31,,2026-10-06T05:59:35+00:00,estimated,1
shipping_container_exports,id,nation,2021-01,1238596,tonnes,portwatch,2021-01-31,,2026-09-26,estimated,0
shipping_container_exports,id,nation,2021-01,1238690,tonnes,portwatch,2021-01-31,,2026-10-06T05:59:35+00:00,estimated,1
shipping_container_exports,id,nation,2021-02,1278608,tonnes,portwatch,2021-02-28,,2026-09-26,estimated,0
shipping_container_exports,id,nation,2021-02,1278749,tonnes,portwatch,2021-02-28,,2026-10-06T05:59:35+00:00,estimated,1
shipping_container_exports,id,nation,2021-03,1455989,tonnes,portwatch,2021-03-31,,2026-09-26,estimated,0
shipping_container_exports,id,nation,2021-03,1456136,tonnes,portwatch,2021-03-31,,2026-10-06T05:59:35+00:00,estimated,1
shipping_container_exports,id,nation,2021-04,1403320,tonnes,portwatch,2021-04-30,,2026-09-26,estimated,0
shipping_container_exports,id,nation,2021-04,1403573,tonnes,portwatch,2021-04-30,,2026-10-06T05:59:35+00:00,estimated,1
shipping_container_exports,id,nation,2021-05,1219715,tonnes,portwatch,2021-05-31,,2026-09-26,estimated,0
shipping_container_exports,id,nation,2021-05,1219856,tonnes,portwatch,2021-05-31,,2026-10-06T05:59:35+00:00,estimated,1
shipping_container_exports,id,nation,2021-06,1278931,tonnes,portwatch,2021-06-30,,2026-09-26,estimated,0
shipping_container_exports,id,nation,2021-06,1279063,tonnes,portwatch,2021-06-30,,2026-10-06T05:59:35+00:00,estimated,1
shipping_container_exports,id,nation,2021-07,1247694,tonnes,portwatch,2021-07-31,,2026-09-26,estimated,0
shipping_container_exports,id,nation,2021-07,1247821,tonnes,portwatch,2021-07-31,,2026-10-06T05:59:35+00:00,estimated,1
shipping_container_exports,id,nation,2021-08,1533793,tonnes,portwatch,2021-08-31,,2026-09-26,estimated,0
shipping_container_exports,id,nation,2021-08,1533911,tonnes,portwatch,2021-08-31,,2026-10-06T05:59:35+00:00,estimated,1
shipping_container_exports,id,nation,2021-09,1158782,tonnes,portwatch,2021-09-30,,2026-09-26,estimated,0
shipping_container_exports,id,nation,2021-09,1158898,tonnes,portwatch,2021-09-30,,2026-10-06T05:59:35+00:00,estimated,1
shipping_container_exports,id,nation,2021-10,1103496,tonnes,portwatch,2021-10-31,,2026-09-26,estimated,0
shipping_container_exports,id,nation,2021-10,1103542,tonnes,portwatch,2021-10-31,,2026-10-06T05:59:35+00:00,estimated,1
shipping_container_exports,id,nation,2021-11,1395522,tonnes,portwatch,2021-11-30,,2026-09-26,estimated,0
shipping_container_exports,id,nation,2021-11,1395654,tonnes,portwatch,2021-11-30,,2026-10-06T05:59:35+00:00,estimated,1
shipping_container_exports,id,nation,2021-12,1369046,tonnes,portwatch,2021-12-31,,2026-09-26,estimated,0
shipping_container_exports,id,nation,2021-12,1369213,tonnes,portwatch,2021-12-31,,2026-10-06T05:59:35+00:00,estimated,1
shipping_container_exports,id,nation,2022-01,1206025,tonnes,portwatch,2022-01-31,,2026-09-26,estimated,0
shipping_container_exports,id,nation,2022-01,1206113,tonnes,portwatch,2022-01-31,,2026-10-06T05:59:35+00:00,estimated,1
shipping_container_exports,id,nation,2022-02,1253634,tonnes,portwatch,2022-02-28,,2026-09-26,estimated,0
shipping_container_exports,id,nation,2022-02,1253715,tonnes,portwatch,2022-02-28,,2026-10-06T05:59:35+00:00,estimated,1
shipping_container_exports,id,nation,2022-03,1354164,tonnes,portwatch,2022-03-31,,2026-09-26,estimated,0
shipping_container_exports,id,nation,2022-03,1354367,tonnes,portwatch,2022-03-31,,2026-10-06T05:59:35+00:00,estimated,1
shipping_container_exports,id,nation,2022-04,1385326,tonnes,portwatch,2022-04-30,,2026-09-26,estimated,0
shipping_container_exports,id,nation,2022-04,1385512,tonnes,portwatch,2022-04-30,,2026-10-06T05:59:35+00:00,estimated,1
shipping_container_exports,id,nation,2022-05,1035731,tonnes,portwatch,2022-05-31,,2026-09-26,estimated,0
shipping_container_exports,id,nation,2022-05,1035874,tonnes,portwatch,2022-05-31,,2026-10-06T05:59:35+00:00,estimated,1
shipping_container_exports,id,nation,2022-06,1258381,tonnes,portwatch,2022-06-30,,2026-09-26,estimated,0
shipping_container_exports,id,nation,2022-06,1258468,tonnes,portwatch,2022-06-30,,2026-10-06T05:59:35+00:00,estimated,1
shipping_container_exports,id,nation,2022-07,1416855,tonnes,portwatch,2022-07-31,,2026-09-26,estimated,0
shipping_container_exports,id,nation,2022-07,1417003,tonnes,portwatch,2022-07-31,,2026-10-06T05:59:35+00:00,estimated,1
shipping_container_exports,id,nation,2022-08,1579968,tonnes,portwatch,2022-08-31,,2026-09-26,estimated,0
shipping_container_exports,id,nation,2022-08,1580165,tonnes,portwatch,2022-08-31,,2026-10-06T05:59:35+00:00,estimated,1
shipping_container_exports,id,nation,2022-09,1618290,tonnes,portwatch,2022-09-30,,2026-09-26,estimated,0
shipping_container_exports,id,nation,2022-09,1618411,tonnes,portwatch,2022-09-30,,2026-10-06T05:59:35+00:00,estimated,1
shipping_container_exports,id,nation,2022-10,1720019,tonnes,portwatch,2022-10-31,,2026-09-26,estimated,0
shipping_container_exports,id,nation,2022-10,1720162,tonnes,portwatch,2022-10-31,,2026-10-06T05:59:35+00:00,estimated,1
shipping_container_exports,id,nation,2022-11,1495867,tonnes,portwatch,2022-11-30,,2026-09-26,estimated,0
shipping_container_exports,id,nation,2022-11,1495981,tonnes,portwatch,2022-11-30,,2026-10-06T05:59:35+00:00,estimated,1
shipping_container_exports,id,nation,2022-12,1460089,tonnes,portwatch,2022-12-31,,2026-09-26,estimated,0
shipping_container_exports,id,nation,2022-12,1460136,tonnes,portwatch,2022-12-31,,2026-10-06T05:59:35+00:00,estimated,1
shipping_container_exports,id,nation,2023-01,1546681,tonnes,portwatch,2023-01-31,,2026-09-26,estimated,0
shipping_container_exports,id,nation,2023-01,1546837,tonnes,portwatch,2023-01-31,,2026-10-06T05:59:35+00:00,estimated,1
shipping_container_exports,id,nation,2023-02,1528019,tonnes,portwatch,2023-02-28,,2026-09-26,estimated,0
shipping_container_exports,id,nation,2023-02,1528149,tonnes,portwatch,2023-02-28,,2026-10-06T05:59:35+00:00,estimated,1
shipping_container_exports,id,nation,2023-03,1549580,tonnes,portwatch,2023-03-31,,2026-09-26,estimated,0
shipping_container_exports,id,nation,2023-03,1549670,tonnes,portwatch,2023-03-31,,2026-10-06T05:59:35+00:00,estimated,1
shipping_container_exports,id,nation,2023-04,1284209,tonnes,portwatch,2023-04-30,,2026-09-26,estimated,0
shipping_container_exports,id,nation,2023-04,1284327,tonnes,portwatch,2023-04-30,,2026-10-06T05:59:35+00:00,estimated,1
shipping_container_exports,id,nation,2023-05,1456021,tonnes,portwatch,2023-05-31,,2026-09-26,estimated,0
shipping_container_exports,id,nation,2023-05,1456142,tonnes,portwatch,2023-05-31,,2026-10-06T05:59:35+00:00,estimated,1
shipping_container_exports,id,nation,2023-06,1450567,tonnes,portwatch,2023-06-30,,2026-09-26,estimated,0
shipping_container_exports,id,nation,2023-06,1450690,tonnes,portwatch,2023-06-30,,2026-10-06T05:59:35+00:00,estimated,1
shipping_container_exports,id,nation,2023-07,1598295,tonnes,portwatch,2023-07-31,,2026-09-26,estimated,0
shipping_container_exports,id,nation,2023-07,1598338,tonnes,portwatch,2023-07-31,,2026-10-06T05:59:35+00:00,estimated,1
shipping_container_exports,id,nation,2023-08,1634642,tonnes,portwatch,2023-08-31,,2026-09-26,estimated,0
shipping_container_exports,id,nation,2023-08,1634876,tonnes,portwatch,2023-08-31,,2026-10-06T05:59:35+00:00,estimated,1
shipping_container_exports,id,nation,2023-09,1632829,tonnes,portwatch,2023-09-30,,2026-09-26,estimated,0
shipping_container_exports,id,nation,2023-09,1632873,tonnes,portwatch,2023-09-30,,2026-10-06T05:59:35+00:00,estimated,1
shipping_container_exports,id,nation,2023-10,1837223,tonnes,portwatch,2023-10-31,,2026-09-26,estimated,0
shipping_container_exports,id,nation,2023-10,1837271,tonnes,portwatch,2023-10-31,,2026-10-06T05:59:35+00:00,estimated,1
shipping_container_exports,id,nation,2023-11,1516105,tonnes,portwatch,2023-11-30,,2026-09-26,estimated,0
shipping_container_exports,id,nation,2023-11,1516117,tonnes,portwatch,2023-11-30,,2026-10-06T05:59:35+00:00,estimated,1
shipping_container_exports,id,nation,2023-12,1501941,tonnes,portwatch,2023-12-31,,2026-09-26,estimated,0
shipping_container_exports,id,nation,2023-12,1502114,tonnes,portwatch,2023-12-31,,2026-10-06T05:59:35+00:00,estimated,1
shipping_container_exports,id,nation,2024-01,1616280,tonnes,portwatch,2024-01-31,,2026-09-26,estimated,0
shipping_container_exports,id,nation,2024-01,1616477,tonnes,portwatch,2024-01-31,,2026-10-06T05:59:35+00:00,estimated,1
shipping_container_exports,id,nation,2024-02,1300687,tonnes,portwatch,2024-02-29,,2026-09-26,estimated,0
shipping_container_exports,id,nation,2024-02,1300828,tonnes,portwatch,2024-02-29,,2026-10-06T05:59:35+00:00,estimated,1
shipping_container_exports,id,nation,2024-03,1391155,tonnes,portwatch,2024-03-31,,2026-09-26,estimated,0
shipping_container_exports,id,nation,2024-03,1391260,tonnes,portwatch,2024-03-31,,2026-10-06T05:59:35+00:00,estimated,1
shipping_container_exports,id,nation,2024-04,1297002,tonnes,portwatch,2024-04-30,,2026-09-26,estimated,0
shipping_container_exports,id,nation,2024-04,1297129,tonnes,portwatch,2024-04-30,,2026-10-06T05:59:35+00:00,estimated,1
shipping_container_exports,id,nation,2024-05,1439188,tonnes,portwatch,2024-05-31,,2026-09-26,estimated,0
shipping_container_exports,id,nation,2024-05,1439356,tonnes,portwatch,2024-05-31,,2026-10-06T05:59:35+00:00,estimated,1
shipping_container_exports,id,nation,2024-06,1336930,tonnes,portwatch,2024-06-30,,2026-09-26,estimated,0
shipping_container_exports,id,nation,2024-06,1337038,tonnes,portwatch,2024-06-30,,2026-10-06T05:59:35+00:00,estimated,1
shipping_container_exports,id,nation,2024-07,1320030,tonnes,portwatch,2024-07-31,,2026-09-26,estimated,0
shipping_container_exports,id,nation,2024-07,1320180,tonnes,portwatch,2024-07-31,,2026-10-06T05:59:35+00:00,estimated,1
shipping_container_exports,id,nation,2024-08,1431540,tonnes,portwatch,2024-08-31,,2026-09-26,estimated,0
shipping_container_exports,id,nation,2024-08,1431714,tonnes,portwatch,2024-08-31,,2026-10-06T05:59:35+00:00,estimated,1
shipping_container_exports,id,nation,2024-09,1383717,tonnes,portwatch,2024-09-30,,2026-09-26,estimated,0
shipping_container_exports,id,nation,2024-09,1383774,tonnes,portwatch,2024-09-30,,2026-10-06T05:59:35+00:00,estimated,1
shipping_container_exports,id,nation,2024-10,1505829,tonnes,portwatch,2024-10-31,,2026-09-26,estimated,0
shipping_container_exports,id,nation,2024-10,1506023,tonnes,portwatch,2024-10-31,,2026-10-06T05:59:35+00:00,estimated,1
shipping_container_exports,id,nation,2024-11,1556712,tonnes,portwatch,2024-11-30,,2026-09-26,estimated,0
shipping_container_exports,id,nation,2024-11,1556762,tonnes,portwatch,2024-11-30,,2026-10-06T05:59:35+00:00,estimated,1
shipping_container_exports,id,nation,2024-12,1379887,tonnes,portwatch,2024-12-31,,2026-09-26,estimated,0
shipping_container_exports,id,nation,2024-12,1380012,tonnes,portwatch,2024-12-31,,2026-10-06T05:59:35+00:00,estimated,1
shipping_container_exports,id,nation,2025-01,1469621,tonnes,portwatch,2025-01-31,,2026-09-26,estimated,0
shipping_container_exports,id,nation,2025-01,1469765,tonnes,portwatch,2025-01-31,,2026-10-06T05:59:35+00:00,estimated,1
shipping_container_exports,id,nation,2025-02,1553712,tonnes,portwatch,2025-02-28,,2026-09-26,estimated,0
shipping_container_exports,id,nation,2025-02,1553817,tonnes,portwatch,2025-02-28,,2026-10-06T05:59:35+00:00,estimated,1
shipping_container_exports,id,nation,2025-03,1576132,tonnes,portwatch,2025-03-31,,2026-09-26,estimated,0
shipping_container_exports,id,nation,2025-03,1576238,tonnes,portwatch,2025-03-31,,2026-10-06T05:59:35+00:00,estimated,1
shipping_container_exports,id,nation,2025-04,1288532,tonnes,portwatch,2025-04-30,,2026-09-26,estimated,0
shipping_container_exports,id,nation,2025-04,1288690,tonnes,portwatch,2025-04-30,,2026-10-06T05:59:35+00:00,estimated,1
shipping_container_exports,id,nation,2025-05,1581134,tonnes,portwatch,2025-05-31,,2026-09-26,estimated,0
shipping_container_exports,id,nation,2025-05,1581176,tonnes,portwatch,2025-05-31,,2026-10-06T05:59:35+00:00,estimated,1
shipping_container_exports,id,nation,2025-06,1567816,tonnes,portwatch,2025-06-30,,2026-09-26,estimated,0
shipping_container_exports,id,nation,2025-06,1567842,tonnes,portwatch,2025-06-30,,2026-10-06T05:59:35+00:00,estimated,1
shipping_container_exports,id,nation,2025-07,1627302,tonnes,portwatch,2025-07-31,,2026-09-26,estimated,0
shipping_container_exports,id,nation,2025-07,1627395,tonnes,portwatch,2025-07-31,,2026-10-06T05:59:35+00:00,estimated,1
shipping_container_exports,id,nation,2025-08,1728461,tonnes,portwatch,2025-08-31,,2026-09-26,estimated,0
shipping_container_exports,id,nation,2025-08,1728343,tonnes,portwatch,2025-08-31,,2026-10-06T05:59:35+00:00,estimated,1
shipping_container_exports,id,nation,2025-09,1678868,tonnes,portwatch,2025-09-30,,2026-09-26,estimated,0
shipping_container_exports,id,nation,2025-09,1678907,tonnes,portwatch,2025-09-30,,2026-10-06T05:59:35+00:00,estimated,1
shipping_container_exports,id,nation,2025-10,1787973,tonnes,portwatch,2025-10-31,,2026-09-26,estimated,0
shipping_container_exports,id,nation,2025-10,1787977,tonnes,portwatch,2025-10-31,,2026-10-06T05:59:35+00:00,estimated,1
shipping_container_exports,id,nation,2025-11,1582549,tonnes,portwatch,2025-11-30,,2026-09-26,estimated,0
shipping_container_exports,id,nation,2025-11,1582655,tonnes,portwatch,2025-11-30,,2026-10-06T05:59:35+00:00,estimated,1
shipping_container_exports,id,nation,2025-12,1496806,tonnes,portwatch,2025-12-31,,2026-09-26,estimated,0
shipping_container_exports,id,nation,2025-12,1496801,tonnes,portwatch,2025-12-31,,2026-10-06T05:59:35+00:00,estimated,1
shipping_container_exports,id,nation,2026-01,1325819,tonnes,portwatch,2026-01-31,,2026-09-26,estimated,0
shipping_container_exports,id,nation,2026-01,1325854,tonnes,portwatch,2026-01-31,,2026-10-06T05:59:35+00:00,estimated,1
shipping_container_exports,id,nation,2026-02,1198984,tonnes,portwatch,2026-02-28,,2026-09-26,estimated,0
shipping_container_exports,id,nation,2026-02,1198963,tonnes,portwatch,2026-02-28,,2026-10-06T05:59:35+00:00,estimated,1
shipping_container_exports,id,nation,2026-03,1284814,tonnes,portwatch,2026-03-31,,2026-09-26,estimated,0
shipping_container_exports,id,nation,2026-03,1284767,tonnes,portwatch,2026-03-31,,2026-10-06T05:59:35+00:00,estimated,1
shipping_container_exports,id,nation,2026-04,1365949,tonnes,portwatch,2026-04-30,,2026-09-26,estimated,0
shipping_container_exports,id,nation,2026-04,1365864,tonnes,portwatch,2026-04-30,,2026-10-06T05:59:35+00:00,estimated,1
shipping_container_exports,id,nation,2026-05,1227225,tonnes,portwatch,2026-05-31,,2026-09-26,estimated,0
shipping_container_exports,id,nation,2026-05,1227185,tonnes,portwatch,2026-05-31,,2026-10-06T05:59:35+00:00,estimated,1
shipping_container_exports,id,nation,2026-06,1291995,tonnes,portwatch,2026-06-30,,2026-09-26,estimated,0
shipping_container_exports,id,nation,2026-06,1291918,tonnes,portwatch,2026-06-30,,2026-10-06T05:59:35+00:00,estimated,1
shipping_container_exports,id,nation,2026-07,1574804,tonnes,portwatch,2026-07-31,,2026-09-26,estimated,0
shipping_container_exports,id,nation,2026-07,1574770,tonnes,portwatch,2026-07-31,,2026-10-06T05:59:35+00:00,estimated,1
shipping_container_exports,id,nation,2026-08,1475010,tonnes,portwatch,2026-08-31,,2026-09-26,estimated,0
shipping_container_exports,id,nation,2026-08,1474713,tonnes,portwatch,2026-08-31,,2026-10-06T05:59:35+00:00,estimated,1
shipping_container_exports,ie,nation,2019-01,230453,tonnes,portwatch,2019-01-31,,2026-09-26,estimated,0
shipping_container_exports,ie,nation,2019-01,230817,tonnes,portwatch,2019-01-31,,2026-10-06T05:59:35+00:00,estimated,1
shipping_container_exports,ie,nation,2019-02,223354,tonnes,portwatch,2019-02-28,,2026-09-26,estimated,0
shipping_container_exports,ie,nation,2019-02,223726,tonnes,portwatch,2019-02-28,,2026-10-06T05:59:35+00:00,estimated,1
shipping_container_exports,ie,nation,2019-03,229006,tonnes,portwatch,2019-03-31,,2026-09-26,estimated,0
shipping_container_exports,ie,nation,2019-03,229325,tonnes,portwatch,2019-03-31,,2026-10-06T05:59:35+00:00,estimated,1
shipping_container_exports,ie,nation,2019-04,250287,tonnes,portwatch,2019-04-30,,2026-09-26,estimated,0
shipping_container_exports,ie,nation,2019-04,250381,tonnes,portwatch,2019-04-30,,2026-10-06T05:59:35+00:00,estimated,1
shipping_container_exports,ie,nation,2019-05,270767,tonnes,portwatch,2019-05-31,,2026-09-26,estimated,0
shipping_container_exports,ie,nation,2019-05,270919,tonnes,portwatch,2019-05-31,,2026-10-06T05:59:35+00:00,estimated,1
shipping_container_exports,ie,nation,2019-06,258275,tonnes,portwatch,2019-06-30,,2026-09-26,estimated,0
shipping_container_exports,ie,nation,2019-06,258328,tonnes,portwatch,2019-06-30,,2026-10-06T05:59:35+00:00,estimated,1
shipping_container_exports,ie,nation,2019-07,246502,tonnes,portwatch,2019-07-31,,2026-09-26,estimated,0
shipping_container_exports,ie,nation,2019-07,246853,tonnes,portwatch,2019-07-31,,2026-10-06T05:59:35+00:00,estimated,1
shipping_container_exports,ie,nation,2019-08,234377,tonnes,portwatch,2019-08-31,,2026-09-26,estimated,0
shipping_container_exports,ie,nation,2019-08,234485,tonnes,portwatch,2019-08-31,,2026-10-06T05:59:35+00:00,estimated,1
shipping_container_exports,ie,nation,2019-09,233686,tonnes,portwatch,2019-09-30,,2026-09-26,estimated,0
shipping_container_exports,ie,nation,2019-09,233713,tonnes,portwatch,2019-09-30,,2026-10-06T05:59:35+00:00,estimated,1
shipping_container_exports,ie,nation,2019-10,262123,tonnes,portwatch,2019-10-31,,2026-09-26,estimated,0
shipping_container_exports,ie,nation,2019-10,262192,tonnes,portwatch,2019-10-31,,2026-10-06T05:59:35+00:00,estimated,1
shipping_container_exports,ie,nation,2019-11,250603,tonnes,portwatch,2019-11-30,,2026-09-26,estimated,0
shipping_container_exports,ie,nation,2019-11,250648,tonnes,portwatch,2019-11-30,,2026-10-06T05:59:35+00:00,estimated,1
shipping_container_exports,ie,nation,2019-12,225346,tonnes,portwatch,2019-12-31,,2026-09-26,estimated,0
shipping_container_exports,ie,nation,2019-12,225755,tonnes,portwatch,2019-12-31,,2026-10-06T05:59:35+00:00,estimated,1
shipping_container_exports,ie,nation,2020-01,242651,tonnes,portwatch,2020-01-31,,2026-09-26,estimated,0
shipping_container_exports,ie,nation,2020-01,242790,tonnes,portwatch,2020-01-31,,2026-10-06T05:59:35+00:00,estimated,1
shipping_container_exports,ie,nation,2020-02,211464,tonnes,portwatch,2020-02-29,,2026-09-26,estimated,0
shipping_container_exports,ie,nation,2020-02,211553,tonnes,portwatch,2020-02-29,,2026-10-06T05:59:35+00:00,estimated,1
shipping_container_exports,ie,nation,2020-03,250138,tonnes,portwatch,2020-03-31,,2026-09-26,estimated,0
shipping_container_exports,ie,nation,2020-03,250200,tonnes,portwatch,2020-03-31,,2026-10-06T05:59:35+00:00,estimated,1
shipping_container_exports,ie,nation,2020-04,204667,tonnes,portwatch,2020-04-30,,2026-09-26,estimated,0
shipping_container_exports,ie,nation,2020-04,204818,tonnes,portwatch,2020-04-30,,2026-10-06T05:59:35+00:00,estimated,1
shipping_container_exports,ie,nation,2020-05,232237,tonnes,portwatch,2020-05-31,,2026-09-26,estimated,0
shipping_container_exports,ie,nation,2020-05,232245,tonnes,portwatch,2020-05-31,,2026-10-06T05:59:35+00:00,estimated,1
shipping_container_exports,ie,nation,2020-06,203627,tonnes,portwatch,2020-06-30,,2026-09-26,estimated,0
shipping_container_exports,ie,nation,2020-06,203767,tonnes,portwatch,2020-06-30,,2026-10-06T05:59:35+00:00,estimated,1
shipping_container_exports,ie,nation,2020-07,261774,tonnes,portwatch,2020-07-31,,2026-09-26,estimated,0
shipping_container_exports,ie,nation,2020-07,261916,tonnes,portwatch,2020-07-31,,2026-10-06T05:59:35+00:00,estimated,1
shipping_container_exports,ie,nation,2020-08,236805,tonnes,portwatch,2020-08-31,,2026-09-26,estimated,0
shipping_container_exports,ie,nation,2020-08,237078,tonnes,portwatch,2020-08-31,,2026-10-06T05:59:35+00:00,estimated,1
shipping_container_exports,ie,nation,2020-09,249361,tonnes,portwatch,2020-09-30,,2026-09-26,estimated,0
shipping_container_exports,ie,nation,2020-09,249500,tonnes,portwatch,2020-09-30,,2026-10-06T05:59:35+00:00,estimated,1
shipping_container_exports,ie,nation,2020-10,231653,tonnes,portwatch,2020-10-31,,2026-09-26,estimated,0
shipping_container_exports,ie,nation,2020-10,231861,tonnes,portwatch,2020-10-31,,2026-10-06T05:59:35+00:00,estimated,1
shipping_container_exports,ie,nation,2020-11,247216,tonnes,portwatch,2020-11-30,,2026-09-26,estimated,0
shipping_container_exports,ie,nation,2020-11,247298,tonnes,portwatch,2020-11-30,,2026-10-06T05:59:35+00:00,estimated,1
shipping_container_exports,ie,nation,2020-12,232910,tonnes,portwatch,2020-12-31,,2026-09-26,estimated,0
shipping_container_exports,ie,nation,2020-12,233032,tonnes,portwatch,2020-12-31,,2026-10-06T05:59:35+00:00,estimated,1
shipping_container_exports,ie,nation,2021-01,263888,tonnes,portwatch,2021-01-31,,2026-09-26,estimated,0
shipping_container_exports,ie,nation,2021-01,264092,tonnes,portwatch,2021-01-31,,2026-10-06T05:59:35+00:00,estimated,1
shipping_container_exports,ie,nation,2021-02,246352,tonnes,portwatch,2021-02-28,,2026-09-26,estimated,0
shipping_container_exports,ie,nation,2021-02,246430,tonnes,portwatch,2021-02-28,,2026-10-06T05:59:35+00:00,estimated,1
shipping_container_exports,ie,nation,2021-03,283378,tonnes,portwatch,2021-03-31,,2026-09-26,estimated,0
shipping_container_exports,ie,nation,2021-03,283669,tonnes,portwatch,2021-03-31,,2026-10-06T05:59:35+00:00,estimated,1
shipping_container_exports,ie,nation,2021-04,267989,tonnes,portwatch,2021-04-30,,2026-09-26,estimated,0
shipping_container_exports,ie,nation,2021-04,268199,tonnes,portwatch,2021-04-30,,2026-10-06T05:59:35+00:00,estimated,1
shipping_container_exports,ie,nation,2021-05,279988,tonnes,portwatch,2021-05-31,,2026-09-26,estimated,0
shipping_container_exports,ie,nation,2021-05,280204,tonnes,portwatch,2021-05-31,,2026-10-06T05:59:35+00:00,estimated,1
shipping_container_exports,ie,nation,2021-06,284792,tonnes,portwatch,2021-06-30,,2026-09-26,estimated,0
shipping_container_exports,ie,nation,2021-06,284938,tonnes,portwatch,2021-06-30,,2026-10-06T05:59:35+00:00,estimated,1
shipping_container_exports,ie,nation,2021-07,245364,tonnes,portwatch,2021-07-31,,2026-09-26,estimated,0
shipping_container_exports,ie,nation,2021-07,245715,tonnes,portwatch,2021-07-31,,2026-10-06T05:59:35+00:00,estimated,1
shipping_container_exports,ie,nation,2021-08,291522,tonnes,portwatch,2021-08-31,,2026-09-26,estimated,0
shipping_container_exports,ie,nation,2021-08,291714,tonnes,portwatch,2021-08-31,,2026-10-06T05:59:35+00:00,estimated,1
shipping_container_exports,ie,nation,2021-09,270960,tonnes,portwatch,2021-09-30,,2026-09-26,estimated,0
shipping_container_exports,ie,nation,2021-09,271055,tonnes,portwatch,2021-09-30,,2026-10-06T05:59:35+00:00,estimated,1
shipping_container_exports,ie,nation,2021-10,254855,tonnes,portwatch,2021-10-31,,2026-09-26,estimated,0
shipping_container_exports,ie,nation,2021-10,255179,tonnes,portwatch,2021-10-31,,2026-10-06T05:59:35+00:00,estimated,1
shipping_container_exports,ie,nation,2021-11,282203,tonnes,portwatch,2021-11-30,,2026-09-26,estimated,0
shipping_container_exports,ie,nation,2021-11,282673,tonnes,portwatch,2021-11-30,,2026-10-06T05:59:35+00:00,estimated,1
shipping_container_exports,ie,nation,2021-12,235537,tonnes,portwatch,2021-12-31,,2026-09-26,estimated,0
shipping_container_exports,ie,nation,2021-12,235812,tonnes,portwatch,2021-12-31,,2026-10-06T05:59:35+00:00,estimated,1
shipping_container_exports,ie,nation,2022-01,241496,tonnes,portwatch,2022-01-31,,2026-09-26,estimated,0
shipping_container_exports,ie,nation,2022-01,241849,tonnes,portwatch,2022-01-31,,2026-10-06T05:59:35+00:00,estimated,1
shipping_container_exports,ie,nation,2022-02,210805,tonnes,portwatch,2022-02-28,,2026-09-26,estimated,0
shipping_container_exports,ie,nation,2022-02,211073,tonnes,portwatch,2022-02-28,,2026-10-06T05:59:35+00:00,estimated,1
shipping_container_exports,ie,nation,2022-03,248593,tonnes,portwatch,2022-03-31,,2026-09-26,estimated,0
shipping_container_exports,ie,nation,2022-03,248893,tonnes,portwatch,2022-03-31,,2026-10-06T05:59:35+00:00,estimated,1
shipping_container_exports,ie,nation,2022-04,300495,tonnes,portwatch,2022-04-30,,2026-09-26,estimated,0
shipping_container_exports,ie,nation,2022-04,300569,tonnes,portwatch,2022-04-30,,2026-10-06T05:59:35+00:00,estimated,1
shipping_container_exports,ie,nation,2022-05,297969,tonnes,portwatch,2022-05-31,,2026-09-26,estimated,0
shipping_container_exports,ie,nation,2022-05,298233,tonnes,portwatch,2022-05-31,,2026-10-06T05:59:35+00:00,estimated,1
shipping_container_exports,ie,nation,2022-06,252924,tonnes,portwatch,2022-06-30,,2026-09-26,estimated,0
shipping_container_exports,ie,nation,2022-06,253101,tonnes,portwatch,2022-06-30,,2026-10-06T05:59:35+00:00,estimated,1
shipping_container_exports,ie,nation,2022-07,282983,tonnes,portwatch,2022-07-31,,2026-09-26,estimated,0
shipping_container_exports,ie,nation,2022-07,283093,tonnes,portwatch,2022-07-31,,2026-10-06T05:59:35+00:00,estimated,1
shipping_container_exports,ie,nation,2022-08,266878,tonnes,portwatch,2022-08-31,,2026-09-26,estimated,0
shipping_container_exports,ie,nation,2022-08,266962,tonnes,portwatch,2022-08-31,,2026-10-06T05:59:35+00:00,estimated,1
shipping_container_exports,ie,nation,2022-09,276752,tonnes,portwatch,2022-09-30,,2026-09-26,estimated,0
shipping_container_exports,ie,nation,2022-09,276920,tonnes,portwatch,2022-09-30,,2026-10-06T05:59:35+00:00,estimated,1
shipping_container_exports,ie,nation,2022-10,274410,tonnes,portwatch,2022-10-31,,2026-09-26,estimated,0
shipping_container_exports,ie,nation,2022-10,274525,tonnes,portwatch,2022-10-31,,2026-10-06T05:59:35+00:00,estimated,1
shipping_container_exports,ie,nation,2022-11,256507,tonnes,portwatch,2022-11-30,,2026-09-26,estimated,0
shipping_container_exports,ie,nation,2022-11,256663,tonnes,portwatch,2022-11-30,,2026-10-06T05:59:35+00:00,estimated,1
shipping_container_exports,ie,nation,2022-12,228420,tonnes,portwatch,2022-12-31,,2026-09-26,estimated,0
shipping_container_exports,ie,nation,2022-12,228513,tonnes,portwatch,2022-12-31,,2026-10-06T05:59:35+00:00,estimated,1
shipping_container_exports,ie,nation,2023-01,242463,tonnes,portwatch,2023-01-31,,2026-09-26,estimated,0
shipping_container_exports,ie,nation,2023-01,242707,tonnes,portwatch,2023-01-31,,2026-10-06T05:59:35+00:00,estimated,1
shipping_container_exports,ie,nation,2023-02,242080,tonnes,portwatch,2023-02-28,,2026-09-26,estimated,0
shipping_container_exports,ie,nation,2023-02,242186,tonnes,portwatch,2023-02-28,,2026-10-06T05:59:35+00:00,estimated,1
shipping_container_exports,ie,nation,2023-03,284710,tonnes,portwatch,2023-03-31,,2026-09-26,estimated,0
shipping_container_exports,ie,nation,2023-03,284833,tonnes,portwatch,2023-03-31,,2026-10-06T05:59:35+00:00,estimated,1
shipping_container_exports,ie,nation,2023-04,234273,tonnes,portwatch,2023-04-30,,2026-09-26,estimated,0
shipping_container_exports,ie,nation,2023-04,234393,tonnes,portwatch,2023-04-30,,2026-10-06T05:59:35+00:00,estimated,1
shipping_container_exports,ie,nation,2023-05,256206,tonnes,portwatch,2023-05-31,,2026-09-26,estimated,0
shipping_container_exports,ie,nation,2023-05,256338,tonnes,portwatch,2023-05-31,,2026-10-06T05:59:35+00:00,estimated,1
shipping_container_exports,ie,nation,2023-06,254011,tonnes,portwatch,2023-06-30,,2026-09-26,estimated,0
shipping_container_exports,ie,nation,2023-06,254135,tonnes,portwatch,2023-06-30,,2026-10-06T05:59:35+00:00,estimated,1
shipping_container_exports,ie,nation,2023-07,157892,tonnes,portwatch,2023-07-31,,2026-09-26,estimated,0
shipping_container_exports,ie,nation,2023-07,157893,tonnes,portwatch,2023-07-31,,2026-10-06T05:59:35+00:00,estimated,1
shipping_container_exports,ie,nation,2023-08,157583,tonnes,portwatch,2023-08-31,,2026-09-26,estimated,0
shipping_container_exports,ie,nation,2023-08,157641,tonnes,portwatch,2023-08-31,,2026-10-06T05:59:35+00:00,estimated,1
shipping_container_exports,ie,nation,2023-09,139253,tonnes,portwatch,2023-09-30,,2026-09-26,estimated,0
shipping_container_exports,ie,nation,2023-09,139268,tonnes,portwatch,2023-09-30,,2026-10-06T05:59:35+00:00,estimated,1
shipping_container_exports,ie,nation,2023-10,263528,tonnes,portwatch,2023-10-31,,2026-09-26,estimated,0
shipping_container_exports,ie,nation,2023-10,263614,tonnes,portwatch,2023-10-31,,2026-10-06T05:59:35+00:00,estimated,1
shipping_container_exports,ie,nation,2023-11,259333,tonnes,portwatch,2023-11-30,,2026-09-26,estimated,0
shipping_container_exports,ie,nation,2023-11,259501,tonnes,portwatch,2023-11-30,,2026-10-06T05:59:35+00:00,estimated,1
shipping_container_exports,ie,nation,2023-12,251343,tonnes,portwatch,2023-12-31,,2026-09-26,estimated,0
shipping_container_exports,ie,nation,2023-12,251462,tonnes,portwatch,2023-12-31,,2026-10-06T05:59:35+00:00,estimated,1
shipping_container_exports,ie,nation,2024-01,232685,tonnes,portwatch,2024-01-31,,2026-09-26,estimated,0
shipping_container_exports,ie,nation,2024-01,232792,tonnes,portwatch,2024-01-31,,2026-10-06T05:59:35+00:00,estimated,1
shipping_container_exports,ie,nation,2024-02,228237,tonnes,portwatch,2024-02-29,,2026-09-26,estimated,0
shipping_container_exports,ie,nation,2024-02,228366,tonnes,portwatch,2024-02-29,,2026-10-06T05:59:35+00:00,estimated,1
shipping_container_exports,ie,nation,2024-03,293104,tonnes,portwatch,2024-03-31,,2026-09-26,estimated,0
shipping_container_exports,ie,nation,2024-03,293247,tonnes,portwatch,2024-03-31,,2026-10-06T05:59:35+00:00,estimated,1
shipping_container_exports,ie,nation,2024-04,268303,tonnes,portwatch,2024-04-30,,2026-09-26,estimated,0
shipping_container_exports,ie,nation,2024-04,268357,tonnes,portwatch,2024-04-30,,2026-10-06T05:59:35+00:00,estimated,1
shipping_container_exports,ie,nation,2024-05,268307,tonnes,portwatch,2024-05-31,,2026-09-26,estimated,0
shipping_container_exports,ie,nation,2024-05,268501,tonnes,portwatch,2024-05-31,,2026-10-06T05:59:35+00:00,estimated,1
shipping_container_exports,ie,nation,2024-06,265008,tonnes,portwatch,2024-06-30,,2026-09-26,estimated,0
shipping_container_exports,ie,nation,2024-06,265138,tonnes,portwatch,2024-06-30,,2026-10-06T05:59:35+00:00,estimated,1
shipping_container_exports,ie,nation,2024-07,259347,tonnes,portwatch,2024-07-31,,2026-09-26,estimated,0
shipping_container_exports,ie,nation,2024-07,259454,tonnes,portwatch,2024-07-31,,2026-10-06T05:59:35+00:00,estimated,1
shipping_container_exports,ie,nation,2024-08,248912,tonnes,portwatch,2024-08-31,,2026-09-26,estimated,0
shipping_container_exports,ie,nation,2024-08,249058,tonnes,portwatch,2024-08-31,,2026-10-06T05:59:35+00:00,estimated,1
shipping_container_exports,ie,nation,2024-09,266697,tonnes,portwatch,2024-09-30,,2026-09-26,estimated,0
shipping_container_exports,ie,nation,2024-09,266852,tonnes,portwatch,2024-09-30,,2026-10-06T05:59:35+00:00,estimated,1
shipping_container_exports,ie,nation,2024-10,269213,tonnes,portwatch,2024-10-31,,2026-09-26,estimated,0
shipping_container_exports,ie,nation,2024-10,269412,tonnes,portwatch,2024-10-31,,2026-10-06T05:59:35+00:00,estimated,1
shipping_container_exports,ie,nation,2024-11,264857,tonnes,portwatch,2024-11-30,,2026-09-26,estimated,0
shipping_container_exports,ie,nation,2024-11,264964,tonnes,portwatch,2024-11-30,,2026-10-06T05:59:35+00:00,estimated,1
shipping_container_exports,ie,nation,2024-12,216273,tonnes,portwatch,2024-12-31,,2026-09-26,estimated,0
shipping_container_exports,ie,nation,2024-12,216422,tonnes,portwatch,2024-12-31,,2026-10-06T05:59:35+00:00,estimated,1
shipping_container_exports,ie,nation,2025-01,237459,tonnes,portwatch,2025-01-31,,2026-09-26,estimated,0
shipping_container_exports,ie,nation,2025-01,237565,tonnes,portwatch,2025-01-31,,2026-10-06T05:59:35+00:00,estimated,1
shipping_container_exports,ie,nation,2025-02,236748,tonnes,portwatch,2025-02-28,,2026-09-26,estimated,0
shipping_container_exports,ie,nation,2025-02,236971,tonnes,portwatch,2025-02-28,,2026-10-06T05:59:35+00:00,estimated,1
shipping_container_exports,ie,nation,2025-03,269917,tonnes,portwatch,2025-03-31,,2026-09-26,estimated,0
shipping_container_exports,ie,nation,2025-03,270104,tonnes,portwatch,2025-03-31,,2026-10-06T05:59:35+00:00,estimated,1
shipping_container_exports,ie,nation,2025-04,265668,tonnes,portwatch,2025-04-30,,2026-09-26,estimated,0
shipping_container_exports,ie,nation,2025-04,265735,tonnes,portwatch,2025-04-30,,2026-10-06T05:59:35+00:00,estimated,1
shipping_container_exports,ie,nation,2025-05,293515,tonnes,portwatch,2025-05-31,,2026-09-26,estimated,0
shipping_container_exports,ie,nation,2025-05,293669,tonnes,portwatch,2025-05-31,,2026-10-06T05:59:35+00:00,estimated,1
shipping_container_exports,ie,nation,2025-06,281076,tonnes,portwatch,2025-06-30,,2026-09-26,estimated,0
shipping_container_exports,ie,nation,2025-06,281178,tonnes,portwatch,2025-06-30,,2026-10-06T05:59:35+00:00,estimated,1
shipping_container_exports,ie,nation,2025-07,275620,tonnes,portwatch,2025-07-31,,2026-09-26,estimated,0
shipping_container_exports,ie,nation,2025-07,275668,tonnes,portwatch,2025-07-31,,2026-10-06T05:59:35+00:00,estimated,1
shipping_container_exports,ie,nation,2025-08,289883,tonnes,portwatch,2025-08-31,,2026-09-26,estimated,0
shipping_container_exports,ie,nation,2025-08,290008,tonnes,portwatch,2025-08-31,,2026-10-06T05:59:35+00:00,estimated,1
shipping_container_exports,ie,nation,2025-09,270104,tonnes,portwatch,2025-09-30,,2026-09-26,estimated,0
shipping_container_exports,ie,nation,2025-09,270181,tonnes,portwatch,2025-09-30,,2026-10-06T05:59:35+00:00,estimated,1
shipping_container_exports,ie,nation,2025-10,312810,tonnes,portwatch,2025-10-31,,2026-09-26,estimated,0
shipping_container_exports,ie,nation,2025-10,312853,tonnes,portwatch,2025-10-31,,2026-10-06T05:59:35+00:00,estimated,1
shipping_container_exports,ie,nation,2025-11,303744,tonnes,portwatch,2025-11-30,,2026-09-26,estimated,0
shipping_container_exports,ie,nation,2025-11,303837,tonnes,portwatch,2025-11-30,,2026-10-06T05:59:35+00:00,estimated,1
shipping_container_exports,ie,nation,2025-12,267705,tonnes,portwatch,2025-12-31,,2026-09-26,estimated,0
shipping_container_exports,ie,nation,2025-12,267875,tonnes,portwatch,2025-12-31,,2026-10-06T05:59:35+00:00,estimated,1
shipping_container_exports,ie,nation,2026-01,233915,tonnes,portwatch,2026-01-31,,2026-09-26,estimated,0
shipping_container_exports,ie,nation,2026-01,233923,tonnes,portwatch,2026-01-31,,2026-10-06T05:59:35+00:00,estimated,1
shipping_container_exports,ie,nation,2026-02,264137,tonnes,portwatch,2026-02-28,,2026-09-26,estimated,0
shipping_container_exports,ie,nation,2026-02,264335,tonnes,portwatch,2026-02-28,,2026-10-06T05:59:35+00:00,estimated,1
shipping_container_exports,ie,nation,2026-03,330920,tonnes,portwatch,2026-03-31,,2026-09-26,estimated,0
shipping_container_exports,ie,nation,2026-03,331421,tonnes,portwatch,2026-03-31,,2026-10-06T05:59:35+00:00,estimated,1
shipping_container_exports,ie,nation,2026-04,283636,tonnes,portwatch,2026-04-30,,2026-09-26,estimated,0
shipping_container_exports,ie,nation,2026-04,283929,tonnes,portwatch,2026-04-30,,2026-10-06T05:59:35+00:00,estimated,1
shipping_container_exports,ie,nation,2026-05,351111,tonnes,portwatch,2026-05-31,,2026-09-26,estimated,0
shipping_container_exports,ie,nation,2026-05,351401,tonnes,portwatch,2026-05-31,,2026-10-06T05:59:35+00:00,estimated,1
shipping_container_exports,ie,nation,2026-06,318408,tonnes,portwatch,2026-06-30,,2026-09-26,estimated,0
shipping_container_exports,ie,nation,2026-06,318644,tonnes,portwatch,2026-06-30,,2026-10-06T05:59:35+00:00,estimated,1
shipping_container_exports,ie,nation,2026-07,347184,tonnes,portwatch,2026-07-31,,2026-09-26,estimated,0
shipping_container_exports,ie,nation,2026-07,347291,tonnes,portwatch,2026-07-31,,2026-10-06T05:59:35+00:00,estimated,1
shipping_container_exports,ie,nation,2026-08,303582,tonnes,portwatch,2026-08-31,,2026-09-26,estimated,0
shipping_container_exports,ie,nation,2026-08,303808,tonnes,portwatch,2026-08-31,,2026-10-06T05:59:35+00:00,estimated,1
shipping_container_exports,in,nation,2019-01,4094587,tonnes,portwatch,2019-01-31,,2026-09-26,estimated,0
shipping_container_exports,in,nation,2019-01,4094813,tonnes,portwatch,2019-01-31,,2026-10-06T05:59:34+00:00,estimated,1
shipping_container_exports,in,nation,2019-02,3915899,tonnes,portwatch,2019-02-28,,2026-09-26,estimated,0
shipping_container_exports,in,nation,2019-02,3916235,tonnes,portwatch,2019-02-28,,2026-10-06T05:59:34+00:00,estimated,1
shipping_container_exports,in,nation,2019-03,4522052,tonnes,portwatch,2019-03-31,,2026-09-26,estimated,0
shipping_container_exports,in,nation,2019-03,4522729,tonnes,portwatch,2019-03-31,,2026-10-06T05:59:34+00:00,estimated,1
shipping_container_exports,in,nation,2019-04,4060651,tonnes,portwatch,2019-04-30,,2026-09-26,estimated,0
shipping_container_exports,in,nation,2019-04,4061124,tonnes,portwatch,2019-04-30,,2026-10-06T05:59:34+00:00,estimated,1
shipping_container_exports,in,nation,2019-05,3977728,tonnes,portwatch,2019-05-31,,2026-09-26,estimated,0
shipping_container_exports,in,nation,2019-05,3978295,tonnes,portwatch,2019-05-31,,2026-10-06T05:59:34+00:00,estimated,1
shipping_container_exports,in,nation,2019-06,3808353,tonnes,portwatch,2019-06-30,,2026-09-26,estimated,0
shipping_container_exports,in,nation,2019-06,3808605,tonnes,portwatch,2019-06-30,,2026-10-06T05:59:34+00:00,estimated,1
shipping_container_exports,in,nation,2019-07,3757119,tonnes,portwatch,2019-07-31,,2026-09-26,estimated,0
shipping_container_exports,in,nation,2019-07,3757583,tonnes,portwatch,2019-07-31,,2026-10-06T05:59:34+00:00,estimated,1
shipping_container_exports,in,nation,2019-08,3691065,tonnes,portwatch,2019-08-31,,2026-09-26,estimated,0
shipping_container_exports,in,nation,2019-08,3691578,tonnes,portwatch,2019-08-31,,2026-10-06T05:59:34+00:00,estimated,1
shipping_container_exports,in,nation,2019-09,3154079,tonnes,portwatch,2019-09-30,,2026-09-26,estimated,0
shipping_container_exports,in,nation,2019-09,3154575,tonnes,portwatch,2019-09-30,,2026-10-06T05:59:34+00:00,estimated,1
shipping_container_exports,in,nation,2019-10,3528566,tonnes,portwatch,2019-10-31,,2026-09-26,estimated,0
shipping_container_exports,in,nation,2019-10,3529013,tonnes,portwatch,2019-10-31,,2026-10-06T05:59:34+00:00,estimated,1
shipping_container_exports,in,nation,2019-11,3499205,tonnes,portwatch,2019-11-30,,2026-09-26,estimated,0
shipping_container_exports,in,nation,2019-11,3500387,tonnes,portwatch,2019-11-30,,2026-10-06T05:59:34+00:00,estimated,1
shipping_container_exports,in,nation,2019-12,3932896,tonnes,portwatch,2019-12-31,,2026-09-26,estimated,0
shipping_container_exports,in,nation,2019-12,3933928,tonnes,portwatch,2019-12-31,,2026-10-06T05:59:34+00:00,estimated,1
shipping_container_exports,in,nation,2020-01,3997657,tonnes,portwatch,2020-01-31,,2026-09-26,estimated,0
shipping_container_exports,in,nation,2020-01,3998678,tonnes,portwatch,2020-01-31,,2026-10-06T05:59:34+00:00,estimated,1
shipping_container_exports,in,nation,2020-02,4411120,tonnes,portwatch,2020-02-29,,2026-09-26,estimated,0
shipping_container_exports,in,nation,2020-02,4411370,tonnes,portwatch,2020-02-29,,2026-10-06T05:59:34+00:00,estimated,1
shipping_container_exports,in,nation,2020-03,4212145,tonnes,portwatch,2020-03-31,,2026-09-26,estimated,0
shipping_container_exports,in,nation,2020-03,4212453,tonnes,portwatch,2020-03-31,,2026-10-06T05:59:34+00:00,estimated,1
shipping_container_exports,in,nation,2020-04,2189758,tonnes,portwatch,2020-04-30,,2026-09-26,estimated,0
shipping_container_exports,in,nation,2020-04,2190171,tonnes,portwatch,2020-04-30,,2026-10-06T05:59:34+00:00,estimated,1
shipping_container_exports,in,nation,2020-05,3377652,tonnes,portwatch,2020-05-31,,2026-09-26,estimated,0
shipping_container_exports,in,nation,2020-05,3377831,tonnes,portwatch,2020-05-31,,2026-10-06T05:59:34+00:00,estimated,1
shipping_container_exports,in,nation,2020-06,4625899,tonnes,portwatch,2020-06-30,,2026-09-26,estimated,0
shipping_container_exports,in,nation,2020-06,4626021,tonnes,portwatch,2020-06-30,,2026-10-06T05:59:34+00:00,estimated,1
shipping_container_exports,in,nation,2020-07,4652048,tonnes,portwatch,2020-07-31,,2026-09-26,estimated,0
shipping_container_exports,in,nation,2020-07,4652424,tonnes,portwatch,2020-07-31,,2026-10-06T05:59:34+00:00,estimated,1
shipping_container_exports,in,nation,2020-08,4331872,tonnes,portwatch,2020-08-31,,2026-09-26,estimated,0
shipping_container_exports,in,nation,2020-08,4332254,tonnes,portwatch,2020-08-31,,2026-10-06T05:59:34+00:00,estimated,1
shipping_container_exports,in,nation,2020-09,4319708,tonnes,portwatch,2020-09-30,,2026-09-26,estimated,0
shipping_container_exports,in,nation,2020-09,4320094,tonnes,portwatch,2020-09-30,,2026-10-06T05:59:34+00:00,estimated,1
shipping_container_exports,in,nation,2020-10,4397107,tonnes,portwatch,2020-10-31,,2026-09-26,estimated,0
shipping_container_exports,in,nation,2020-10,4397449,tonnes,portwatch,2020-10-31,,2026-10-06T05:59:34+00:00,estimated,1
shipping_container_exports,in,nation,2020-11,4298266,tonnes,portwatch,2020-11-30,,2026-09-26,estimated,0
shipping_container_exports,in,nation,2020-11,4298729,tonnes,portwatch,2020-11-30,,2026-10-06T05:59:34+00:00,estimated,1
shipping_container_exports,in,nation,2020-12,4716751,tonnes,portwatch,2020-12-31,,2026-09-26,estimated,0
shipping_container_exports,in,nation,2020-12,4717444,tonnes,portwatch,2020-12-31,,2026-10-06T05:59:34+00:00,estimated,1
shipping_container_exports,in,nation,2021-01,4650927,tonnes,portwatch,2021-01-31,,2026-09-26,estimated,0
shipping_container_exports,in,nation,2021-01,4651465,tonnes,portwatch,2021-01-31,,2026-10-06T05:59:34+00:00,estimated,1
shipping_container_exports,in,nation,2021-02,4819575,tonnes,portwatch,2021-02-28,,2026-09-26,estimated,0
shipping_container_exports,in,nation,2021-02,4820022,tonnes,portwatch,2021-02-28,,2026-10-06T05:59:34+00:00,estimated,1
shipping_container_exports,in,nation,2021-03,6118882,tonnes,portwatch,2021-03-31,,2026-09-26,estimated,0
shipping_container_exports,in,nation,2021-03,6119245,tonnes,portwatch,2021-03-31,,2026-10-06T05:59:34+00:00,estimated,1
shipping_container_exports,in,nation,2021-04,4812369,tonnes,portwatch,2021-04-30,,2026-09-26,estimated,0
shipping_container_exports,in,nation,2021-04,4812853,tonnes,portwatch,2021-04-30,,2026-10-06T05:59:34+00:00,estimated,1
shipping_container_exports,in,nation,2021-05,4460122,tonnes,portwatch,2021-05-31,,2026-09-26,estimated,0
shipping_container_exports,in,nation,2021-05,4460717,tonnes,portwatch,2021-05-31,,2026-10-06T05:59:34+00:00,estimated,1
shipping_container_exports,in,nation,2021-06,4616260,tonnes,portwatch,2021-06-30,,2026-09-26,estimated,0
shipping_container_exports,in,nation,2021-06,4616648,tonnes,portwatch,2021-06-30,,2026-10-06T05:59:34+00:00,estimated,1
shipping_container_exports,in,nation,2021-07,4491718,tonnes,portwatch,2021-07-31,,2026-09-26,estimated,0
shipping_container_exports,in,nation,2021-07,4492129,tonnes,portwatch,2021-07-31,,2026-10-06T05:59:34+00:00,estimated,1
shipping_container_exports,in,nation,2021-08,4722171,tonnes,portwatch,2021-08-31,,2026-09-26,estimated,0
shipping_container_exports,in,nation,2021-08,4722547,tonnes,portwatch,2021-08-31,,2026-10-06T05:59:34+00:00,estimated,1
shipping_container_exports,in,nation,2021-09,4457176,tonnes,portwatch,2021-09-30,,2026-09-26,estimated,0
shipping_container_exports,in,nation,2021-09,4457515,tonnes,portwatch,2021-09-30,,2026-10-06T05:59:34+00:00,estimated,1
shipping_container_exports,in,nation,2021-10,4298997,tonnes,portwatch,2021-10-31,,2026-09-26,estimated,0
shipping_container_exports,in,nation,2021-10,4299276,tonnes,portwatch,2021-10-31,,2026-10-06T05:59:34+00:00,estimated,1
shipping_container_exports,in,nation,2021-11,4454154,tonnes,portwatch,2021-11-30,,2026-09-26,estimated,0
shipping_container_exports,in,nation,2021-11,4454784,tonnes,portwatch,2021-11-30,,2026-10-06T05:59:34+00:00,estimated,1
shipping_container_exports,in,nation,2021-12,4823848,tonnes,portwatch,2021-12-31,,2026-09-26,estimated,0
shipping_container_exports,in,nation,2021-12,4824275,tonnes,portwatch,2021-12-31,,2026-10-06T05:59:34+00:00,estimated,1
shipping_container_exports,in,nation,2022-01,4852674,tonnes,portwatch,2022-01-31,,2026-09-26,estimated,0
shipping_container_exports,in,nation,2022-01,4853208,tonnes,portwatch,2022-01-31,,2026-10-06T05:59:34+00:00,estimated,1
shipping_container_exports,in,nation,2022-02,4528541,tonnes,portwatch,2022-02-28,,2026-09-26,estimated,0
shipping_container_exports,in,nation,2022-02,4528832,tonnes,portwatch,2022-02-28,,2026-10-06T05:59:34+00:00,estimated,1
shipping_container_exports,in,nation,2022-03,5262911,tonnes,portwatch,2022-03-31,,2026-09-26,estimated,0
shipping_container_exports,in,nation,2022-03,5263265,tonnes,portwatch,2022-03-31,,2026-10-06T05:59:34+00:00,estimated,1
shipping_container_exports,in,nation,2022-04,5127423,tonnes,portwatch,2022-04-30,,2026-09-26,estimated,0
shipping_container_exports,in,nation,2022-04,5128018,tonnes,portwatch,2022-04-30,,2026-10-06T05:59:34+00:00,estimated,1
shipping_container_exports,in,nation,2022-05,5069013,tonnes,portwatch,2022-05-31,,2026-09-26,estimated,0
shipping_container_exports,in,nation,2022-05,5069042,tonnes,portwatch,2022-05-31,,2026-10-06T05:59:34+00:00,estimated,1
shipping_container_exports,in,nation,2022-06,5264639,tonnes,portwatch,2022-06-30,,2026-09-26,estimated,0
shipping_container_exports,in,nation,2022-06,5265140,tonnes,portwatch,2022-06-30,,2026-10-06T05:59:34+00:00,estimated,1
shipping_container_exports,in,nation,2022-07,4961161,tonnes,portwatch,2022-07-31,,2026-09-26,estimated,0
shipping_container_exports,in,nation,2022-07,4961682,tonnes,portwatch,2022-07-31,,2026-10-06T05:59:34+00:00,estimated,1
shipping_container_exports,in,nation,2022-08,4474540,tonnes,portwatch,2022-08-31,,2026-09-26,estimated,0
shipping_container_exports,in,nation,2022-08,4475067,tonnes,portwatch,2022-08-31,,2026-10-06T05:59:34+00:00,estimated,1
shipping_container_exports,in,nation,2022-09,4257835,tonnes,portwatch,2022-09-30,,2026-09-26,estimated,0
shipping_container_exports,in,nation,2022-09,4258527,tonnes,portwatch,2022-09-30,,2026-10-06T05:59:34+00:00,estimated,1
shipping_container_exports,in,nation,2022-10,4296291,tonnes,portwatch,2022-10-31,,2026-09-26,estimated,0
shipping_container_exports,in,nation,2022-10,4296997,tonnes,portwatch,2022-10-31,,2026-10-06T05:59:34+00:00,estimated,1
shipping_container_exports,in,nation,2022-11,4437790,tonnes,portwatch,2022-11-30,,2026-09-26,estimated,0
shipping_container_exports,in,nation,2022-11,4438360,tonnes,portwatch,2022-11-30,,2026-10-06T05:59:34+00:00,estimated,1
shipping_container_exports,in,nation,2022-12,5479785,tonnes,portwatch,2022-12-31,,2026-09-26,estimated,0
shipping_container_exports,in,nation,2022-12,5480628,tonnes,portwatch,2022-12-31,,2026-10-06T05:59:34+00:00,estimated,1
shipping_container_exports,in,nation,2023-01,5599106,tonnes,portwatch,2023-01-31,,2026-09-26,estimated,0
shipping_container_exports,in,nation,2023-01,5599829,tonnes,portwatch,2023-01-31,,2026-10-06T05:59:34+00:00,estimated,1
shipping_container_exports,in,nation,2023-02,5080410,tonnes,portwatch,2023-02-28,,2026-09-26,estimated,0
shipping_container_exports,in,nation,2023-02,5080941,tonnes,portwatch,2023-02-28,,2026-10-06T05:59:34+00:00,estimated,1
shipping_container_exports,in,nation,2023-03,5372159,tonnes,portwatch,2023-03-31,,2026-09-26,estimated,0
shipping_container_exports,in,nation,2023-03,5372636,tonnes,portwatch,2023-03-31,,2026-10-06T05:59:34+00:00,estimated,1
shipping_container_exports,in,nation,2023-04,5144856,tonnes,portwatch,2023-04-30,,2026-09-26,estimated,0
shipping_container_exports,in,nation,2023-04,5145131,tonnes,portwatch,2023-04-30,,2026-10-06T05:59:34+00:00,estimated,1
shipping_container_exports,in,nation,2023-05,5441643,tonnes,portwatch,2023-05-31,,2026-09-26,estimated,0
shipping_container_exports,in,nation,2023-05,5442178,tonnes,portwatch,2023-05-31,,2026-10-06T05:59:34+00:00,estimated,1
shipping_container_exports,in,nation,2023-06,4342337,tonnes,portwatch,2023-06-30,,2026-09-26,estimated,0
shipping_container_exports,in,nation,2023-06,4342766,tonnes,portwatch,2023-06-30,,2026-10-06T05:59:34+00:00,estimated,1
shipping_container_exports,in,nation,2023-07,4957232,tonnes,portwatch,2023-07-31,,2026-09-26,estimated,0
shipping_container_exports,in,nation,2023-07,4957854,tonnes,portwatch,2023-07-31,,2026-10-06T05:59:34+00:00,estimated,1
shipping_container_exports,in,nation,2023-08,5251140,tonnes,portwatch,2023-08-31,,2026-09-26,estimated,0
shipping_container_exports,in,nation,2023-08,5251700,tonnes,portwatch,2023-08-31,,2026-10-06T05:59:34+00:00,estimated,1
shipping_container_exports,in,nation,2023-09,4884352,tonnes,portwatch,2023-09-30,,2026-09-26,estimated,0
shipping_container_exports,in,nation,2023-09,4885053,tonnes,portwatch,2023-09-30,,2026-10-06T05:59:34+00:00,estimated,1
shipping_container_exports,in,nation,2023-10,5137874,tonnes,portwatch,2023-10-31,,2026-09-26,estimated,0
shipping_container_exports,in,nation,2023-10,5138768,tonnes,portwatch,2023-10-31,,2026-10-06T05:59:34+00:00,estimated,1
shipping_container_exports,in,nation,2023-11,4609021,tonnes,portwatch,2023-11-30,,2026-09-26,estimated,0
shipping_container_exports,in,nation,2023-11,4609620,tonnes,portwatch,2023-11-30,,2026-10-06T05:59:34+00:00,estimated,1
shipping_container_exports,in,nation,2023-12,5095134,tonnes,portwatch,2023-12-31,,2026-09-26,estimated,0
shipping_container_exports,in,nation,2023-12,5096020,tonnes,portwatch,2023-12-31,,2026-10-06T05:59:34+00:00,estimated,1
shipping_container_exports,in,nation,2024-01,4982855,tonnes,portwatch,2024-01-31,,2026-09-26,estimated,0
shipping_container_exports,in,nation,2024-01,4983777,tonnes,portwatch,2024-01-31,,2026-10-06T05:59:34+00:00,estimated,1
shipping_container_exports,in,nation,2024-02,5389536,tonnes,portwatch,2024-02-29,,2026-09-26,estimated,0
shipping_container_exports,in,nation,2024-02,5390070,tonnes,portwatch,2024-02-29,,2026-10-06T05:59:34+00:00,estimated,1
shipping_container_exports,in,nation,2024-03,6056817,tonnes,portwatch,2024-03-31,,2026-09-26,estimated,0
shipping_container_exports,in,nation,2024-03,6057413,tonnes,portwatch,2024-03-31,,2026-10-06T05:59:34+00:00,estimated,1
shipping_container_exports,in,nation,2024-04,5347526,tonnes,portwatch,2024-04-30,,2026-09-26,estimated,0
shipping_container_exports,in,nation,2024-04,5348226,tonnes,portwatch,2024-04-30,,2026-10-06T05:59:34+00:00,estimated,1
shipping_container_exports,in,nation,2024-05,5335982,tonnes,portwatch,2024-05-31,,2026-09-26,estimated,0
shipping_container_exports,in,nation,2024-05,5336597,tonnes,portwatch,2024-05-31,,2026-10-06T05:59:34+00:00,estimated,1
shipping_container_exports,in,nation,2024-06,5217613,tonnes,portwatch,2024-06-30,,2026-09-26,estimated,0
shipping_container_exports,in,nation,2024-06,5218364,tonnes,portwatch,2024-06-30,,2026-10-06T05:59:34+00:00,estimated,1
shipping_container_exports,in,nation,2024-07,5187560,tonnes,portwatch,2024-07-31,,2026-09-26,estimated,0
shipping_container_exports,in,nation,2024-07,5188472,tonnes,portwatch,2024-07-31,,2026-10-06T05:59:34+00:00,estimated,1
shipping_container_exports,in,nation,2024-08,4997826,tonnes,portwatch,2024-08-31,,2026-09-26,estimated,0
shipping_container_exports,in,nation,2024-08,4998810,tonnes,portwatch,2024-08-31,,2026-10-06T05:59:34+00:00,estimated,1
shipping_container_exports,in,nation,2024-09,4752650,tonnes,portwatch,2024-09-30,,2026-09-26,estimated,0
shipping_container_exports,in,nation,2024-09,4753186,tonnes,portwatch,2024-09-30,,2026-10-06T05:59:34+00:00,estimated,1
shipping_container_exports,in,nation,2024-10,5413884,tonnes,portwatch,2024-10-31,,2026-09-26,estimated,0
shipping_container_exports,in,nation,2024-10,5414807,tonnes,portwatch,2024-10-31,,2026-10-06T05:59:34+00:00,estimated,1
shipping_container_exports,in,nation,2024-11,5204954,tonnes,portwatch,2024-11-30,,2026-09-26,estimated,0
shipping_container_exports,in,nation,2024-11,5205474,tonnes,portwatch,2024-11-30,,2026-10-06T05:59:34+00:00,estimated,1
shipping_container_exports,in,nation,2024-12,5521362,tonnes,portwatch,2024-12-31,,2026-09-26,estimated,0
shipping_container_exports,in,nation,2024-12,5521826,tonnes,portwatch,2024-12-31,,2026-10-06T05:59:34+00:00,estimated,1
shipping_container_exports,in,nation,2025-01,5855917,tonnes,portwatch,2025-01-31,,2026-09-26,estimated,0
shipping_container_exports,in,nation,2025-01,5855990,tonnes,portwatch,2025-01-31,,2026-10-06T05:59:34+00:00,estimated,1
shipping_container_exports,in,nation,2025-02,5539679,tonnes,portwatch,2025-02-28,,2026-09-26,estimated,0
shipping_container_exports,in,nation,2025-02,5540040,tonnes,portwatch,2025-02-28,,2026-10-06T05:59:34+00:00,estimated,1
shipping_container_exports,in,nation,2025-03,6044166,tonnes,portwatch,2025-03-31,,2026-09-26,estimated,0
shipping_container_exports,in,nation,2025-03,6044711,tonnes,portwatch,2025-03-31,,2026-10-06T05:59:34+00:00,estimated,1
shipping_container_exports,in,nation,2025-04,5986512,tonnes,portwatch,2025-04-30,,2026-09-26,estimated,0
shipping_container_exports,in,nation,2025-04,5986950,tonnes,portwatch,2025-04-30,,2026-10-06T05:59:34+00:00,estimated,1
shipping_container_exports,in,nation,2025-05,5517956,tonnes,portwatch,2025-05-31,,2026-09-26,estimated,0
shipping_container_exports,in,nation,2025-05,5518772,tonnes,portwatch,2025-05-31,,2026-10-06T05:59:34+00:00,estimated,1
shipping_container_exports,in,nation,2025-06,5292193,tonnes,portwatch,2025-06-30,,2026-09-26,estimated,0
shipping_container_exports,in,nation,2025-06,5293617,tonnes,portwatch,2025-06-30,,2026-10-06T05:59:34+00:00,estimated,1
shipping_container_exports,in,nation,2025-07,5764499,tonnes,portwatch,2025-07-31,,2026-09-26,estimated,0
shipping_container_exports,in,nation,2025-07,5765623,tonnes,portwatch,2025-07-31,,2026-10-06T05:59:34+00:00,estimated,1
shipping_container_exports,in,nation,2025-08,5637334,tonnes,portwatch,2025-08-31,,2026-09-26,estimated,0
shipping_container_exports,in,nation,2025-08,5634763,tonnes,portwatch,2025-08-31,,2026-10-06T05:59:34+00:00,estimated,1
shipping_container_exports,in,nation,2025-09,5545975,tonnes,portwatch,2025-09-30,,2026-09-26,estimated,0
shipping_container_exports,in,nation,2025-09,5540525,tonnes,portwatch,2025-09-30,,2026-10-06T05:59:34+00:00,estimated,1
shipping_container_exports,in,nation,2025-10,5262676,tonnes,portwatch,2025-10-31,,2026-09-26,estimated,0
shipping_container_exports,in,nation,2025-10,5253840,tonnes,portwatch,2025-10-31,,2026-10-06T05:59:34+00:00,estimated,1
shipping_container_exports,in,nation,2025-11,5491440,tonnes,portwatch,2025-11-30,,2026-09-26,estimated,0
shipping_container_exports,in,nation,2025-11,5483009,tonnes,portwatch,2025-11-30,,2026-10-06T05:59:34+00:00,estimated,1
shipping_container_exports,in,nation,2025-12,5874126,tonnes,portwatch,2025-12-31,,2026-09-26,estimated,0
shipping_container_exports,in,nation,2025-12,5867099,tonnes,portwatch,2025-12-31,,2026-10-06T05:59:34+00:00,estimated,1
shipping_container_exports,in,nation,2026-01,6340573,tonnes,portwatch,2026-01-31,,2026-09-26,estimated,0
shipping_container_exports,in,nation,2026-01,6337356,tonnes,portwatch,2026-01-31,,2026-10-06T05:59:34+00:00,estimated,1
shipping_container_exports,in,nation,2026-02,5578951,tonnes,portwatch,2026-02-28,,2026-09-26,estimated,0
shipping_container_exports,in,nation,2026-02,5570256,tonnes,portwatch,2026-02-28,,2026-10-06T05:59:34+00:00,estimated,1
shipping_container_exports,in,nation,2026-03,5800964,tonnes,portwatch,2026-03-31,,2026-09-26,estimated,0
shipping_container_exports,in,nation,2026-03,5792887,tonnes,portwatch,2026-03-31,,2026-10-06T05:59:34+00:00,estimated,1
shipping_container_exports,in,nation,2026-04,6293579,tonnes,portwatch,2026-04-30,,2026-09-26,estimated,0
shipping_container_exports,in,nation,2026-04,6287971,tonnes,portwatch,2026-04-30,,2026-10-06T05:59:34+00:00,estimated,1
shipping_container_exports,in,nation,2026-05,6660153,tonnes,portwatch,2026-05-31,,2026-09-26,estimated,0
shipping_container_exports,in,nation,2026-05,6659858,tonnes,portwatch,2026-05-31,,2026-10-06T05:59:34+00:00,estimated,1
shipping_container_exports,in,nation,2026-06,6333867,tonnes,portwatch,2026-06-30,,2026-09-26,estimated,0
shipping_container_exports,in,nation,2026-06,6333051,tonnes,portwatch,2026-06-30,,2026-10-06T05:59:34+00:00,estimated,1
shipping_container_exports,in,nation,2026-07,5981546,tonnes,portwatch,2026-07-31,,2026-09-26,estimated,0
shipping_container_exports,in,nation,2026-07,5980189,tonnes,portwatch,2026-07-31,,2026-10-06T05:59:34+00:00,estimated,1
shipping_container_exports,in,nation,2026-08,6290079,tonnes,portwatch,2026-08-31,,2026-09-26,estimated,0
shipping_container_exports,in,nation,2026-08,6289517,tonnes,portwatch,2026-08-31,,2026-10-06T05:59:34+00:00,estimated,1
shipping_container_exports,it,nation,2019-01,3343251,tonnes,portwatch,2019-01-31,,2026-09-26,estimated,0
shipping_container_exports,it,nation,2019-01,3342946,tonnes,portwatch,2019-01-31,,2026-10-06T05:59:36+00:00,estimated,1
shipping_container_exports,it,nation,2019-02,3181073,tonnes,portwatch,2019-02-28,,2026-09-26,estimated,0
shipping_container_exports,it,nation,2019-02,3180837,tonnes,portwatch,2019-02-28,,2026-10-06T05:59:36+00:00,estimated,1
shipping_container_exports,it,nation,2019-03,3765997,tonnes,portwatch,2019-03-31,,2026-09-26,estimated,0
shipping_container_exports,it,nation,2019-03,3765579,tonnes,portwatch,2019-03-31,,2026-10-06T05:59:36+00:00,estimated,1
shipping_container_exports,it,nation,2019-04,3831027,tonnes,portwatch,2019-04-30,,2026-09-26,estimated,0
shipping_container_exports,it,nation,2019-04,3830732,tonnes,portwatch,2019-04-30,,2026-10-06T05:59:36+00:00,estimated,1
shipping_container_exports,it,nation,2019-05,4194058,tonnes,portwatch,2019-05-31,,2026-09-26,estimated,0
shipping_container_exports,it,nation,2019-05,4193873,tonnes,portwatch,2019-05-31,,2026-10-06T05:59:36+00:00,estimated,1
shipping_container_exports,it,nation,2019-06,4315712,tonnes,portwatch,2019-06-30,,2026-09-26,estimated,0
shipping_container_exports,it,nation,2019-06,4315370,tonnes,portwatch,2019-06-30,,2026-10-06T05:59:36+00:00,estimated,1
shipping_container_exports,it,nation,2019-07,4399809,tonnes,portwatch,2019-07-31,,2026-09-26,estimated,0
shipping_container_exports,it,nation,2019-07,4399636,tonnes,portwatch,2019-07-31,,2026-10-06T05:59:36+00:00,estimated,1
shipping_container_exports,it,nation,2019-08,3775444,tonnes,portwatch,2019-08-31,,2026-09-26,estimated,0
shipping_container_exports,it,nation,2019-08,3775284,tonnes,portwatch,2019-08-31,,2026-10-06T05:59:36+00:00,estimated,1
shipping_container_exports,it,nation,2019-09,3726043,tonnes,portwatch,2019-09-30,,2026-09-26,estimated,0
shipping_container_exports,it,nation,2019-09,3725754,tonnes,portwatch,2019-09-30,,2026-10-06T05:59:36+00:00,estimated,1
shipping_container_exports,it,nation,2019-10,4232191,tonnes,portwatch,2019-10-31,,2026-09-26,estimated,0
shipping_container_exports,it,nation,2019-10,4232065,tonnes,portwatch,2019-10-31,,2026-10-06T05:59:36+00:00,estimated,1
shipping_container_exports,it,nation,2019-11,3783791,tonnes,portwatch,2019-11-30,,2026-09-26,estimated,0
shipping_container_exports,it,nation,2019-11,3783666,tonnes,portwatch,2019-11-30,,2026-10-06T05:59:36+00:00,estimated,1
shipping_container_exports,it,nation,2019-12,3990508,tonnes,portwatch,2019-12-31,,2026-09-26,estimated,0
shipping_container_exports,it,nation,2019-12,3989967,tonnes,portwatch,2019-12-31,,2026-10-06T05:59:36+00:00,estimated,1
shipping_container_exports,it,nation,2020-01,3836172,tonnes,portwatch,2020-01-31,,2026-09-26,estimated,0
shipping_container_exports,it,nation,2020-01,3836013,tonnes,portwatch,2020-01-31,,2026-10-06T05:59:36+00:00,estimated,1
shipping_container_exports,it,nation,2020-02,4257277,tonnes,portwatch,2020-02-29,,2026-09-26,estimated,0
shipping_container_exports,it,nation,2020-02,4257284,tonnes,portwatch,2020-02-29,,2026-10-06T05:59:36+00:00,estimated,1
shipping_container_exports,it,nation,2020-03,3868383,tonnes,portwatch,2020-03-31,,2026-09-26,estimated,0
shipping_container_exports,it,nation,2020-03,3868283,tonnes,portwatch,2020-03-31,,2026-10-06T05:59:36+00:00,estimated,1
shipping_container_exports,it,nation,2020-04,3560688,tonnes,portwatch,2020-04-30,,2026-09-26,estimated,0
shipping_container_exports,it,nation,2020-04,3560482,tonnes,portwatch,2020-04-30,,2026-10-06T05:59:36+00:00,estimated,1
shipping_container_exports,it,nation,2020-05,3635277,tonnes,portwatch,2020-05-31,,2026-09-26,estimated,0
shipping_container_exports,it,nation,2020-05,3635074,tonnes,portwatch,2020-05-31,,2026-10-06T05:59:36+00:00,estimated,1
shipping_container_exports,it,nation,2020-06,3670363,tonnes,portwatch,2020-06-30,,2026-09-26,estimated,0
shipping_container_exports,it,nation,2020-06,3670273,tonnes,portwatch,2020-06-30,,2026-10-06T05:59:36+00:00,estimated,1
shipping_container_exports,it,nation,2020-07,3506949,tonnes,portwatch,2020-07-31,,2026-09-26,estimated,0
shipping_container_exports,it,nation,2020-07,3506886,tonnes,portwatch,2020-07-31,,2026-10-06T05:59:36+00:00,estimated,1
shipping_container_exports,it,nation,2020-08,3381295,tonnes,portwatch,2020-08-31,,2026-09-26,estimated,0
shipping_container_exports,it,nation,2020-08,3381214,tonnes,portwatch,2020-08-31,,2026-10-06T05:59:36+00:00,estimated,1
shipping_container_exports,it,nation,2020-09,3251998,tonnes,portwatch,2020-09-30,,2026-09-26,estimated,0
shipping_container_exports,it,nation,2020-09,3251847,tonnes,portwatch,2020-09-30,,2026-10-06T05:59:36+00:00,estimated,1
shipping_container_exports,it,nation,2020-10,4014300,tonnes,portwatch,2020-10-31,,2026-09-26,estimated,0
shipping_container_exports,it,nation,2020-10,4014207,tonnes,portwatch,2020-10-31,,2026-10-06T05:59:36+00:00,estimated,1
shipping_container_exports,it,nation,2020-11,3990231,tonnes,portwatch,2020-11-30,,2026-09-26,estimated,0
shipping_container_exports,it,nation,2020-11,3990256,tonnes,portwatch,2020-11-30,,2026-10-06T05:59:36+00:00,estimated,1
shipping_container_exports,it,nation,2020-12,3632606,tonnes,portwatch,2020-12-31,,2026-09-26,estimated,0
shipping_container_exports,it,nation,2020-12,3632477,tonnes,portwatch,2020-12-31,,2026-10-06T05:59:36+00:00,estimated,1
shipping_container_exports,it,nation,2021-01,3633163,tonnes,portwatch,2021-01-31,,2026-09-26,estimated,0
shipping_container_exports,it,nation,2021-01,3633100,tonnes,portwatch,2021-01-31,,2026-10-06T05:59:36+00:00,estimated,1
shipping_container_exports,it,nation,2021-02,3236911,tonnes,portwatch,2021-02-28,,2026-09-26,estimated,0
shipping_container_exports,it,nation,2021-02,3236915,tonnes,portwatch,2021-02-28,,2026-10-06T05:59:36+00:00,estimated,1
shipping_container_exports,it,nation,2021-03,3752976,tonnes,portwatch,2021-03-31,,2026-09-26,estimated,0
shipping_container_exports,it,nation,2021-03,3752972,tonnes,portwatch,2021-03-31,,2026-10-06T05:59:36+00:00,estimated,1
shipping_container_exports,it,nation,2021-04,3770603,tonnes,portwatch,2021-04-30,,2026-09-26,estimated,0
shipping_container_exports,it,nation,2021-04,3770682,tonnes,portwatch,2021-04-30,,2026-10-06T05:59:36+00:00,estimated,1
shipping_container_exports,it,nation,2021-05,3974800,tonnes,portwatch,2021-05-31,,2026-09-26,estimated,0
shipping_container_exports,it,nation,2021-05,3974947,tonnes,portwatch,2021-05-31,,2026-10-06T05:59:36+00:00,estimated,1
shipping_container_exports,it,nation,2021-06,3787740,tonnes,portwatch,2021-06-30,,2026-09-26,estimated,0
shipping_container_exports,it,nation,2021-06,3787776,tonnes,portwatch,2021-06-30,,2026-10-06T05:59:36+00:00,estimated,1
shipping_container_exports,it,nation,2021-07,3942040,tonnes,portwatch,2021-07-31,,2026-09-26,estimated,0
shipping_container_exports,it,nation,2021-07,3942039,tonnes,portwatch,2021-07-31,,2026-10-06T05:59:36+00:00,estimated,1
shipping_container_exports,it,nation,2021-08,3693863,tonnes,portwatch,2021-08-31,,2026-09-26,estimated,0
shipping_container_exports,it,nation,2021-08,3693771,tonnes,portwatch,2021-08-31,,2026-10-06T05:59:36+00:00,estimated,1
shipping_container_exports,it,nation,2021-09,3615696,tonnes,portwatch,2021-09-30,,2026-09-26,estimated,0
shipping_container_exports,it,nation,2021-09,3615574,tonnes,portwatch,2021-09-30,,2026-10-06T05:59:36+00:00,estimated,1
shipping_container_exports,it,nation,2021-10,3734047,tonnes,portwatch,2021-10-31,,2026-09-26,estimated,0
shipping_container_exports,it,nation,2021-10,3734092,tonnes,portwatch,2021-10-31,,2026-10-06T05:59:36+00:00,estimated,1
shipping_container_exports,it,nation,2021-11,3612315,tonnes,portwatch,2021-11-30,,2026-09-26,estimated,0
shipping_container_exports,it,nation,2021-11,3612261,tonnes,portwatch,2021-11-30,,2026-10-06T05:59:36+00:00,estimated,1
shipping_container_exports,it,nation,2021-12,3626642,tonnes,portwatch,2021-12-31,,2026-09-26,estimated,0
shipping_container_exports,it,nation,2021-12,3626729,tonnes,portwatch,2021-12-31,,2026-10-06T05:59:36+00:00,estimated,1
shipping_container_exports,it,nation,2022-01,3640522,tonnes,portwatch,2022-01-31,,2026-09-26,estimated,0
shipping_container_exports,it,nation,2022-01,3640418,tonnes,portwatch,2022-01-31,,2026-10-06T05:59:36+00:00,estimated,1
shipping_container_exports,it,nation,2022-02,3665601,tonnes,portwatch,2022-02-28,,2026-09-26,estimated,0
shipping_container_exports,it,nation,2022-02,3665436,tonnes,portwatch,2022-02-28,,2026-10-06T05:59:36+00:00,estimated,1
shipping_container_exports,it,nation,2022-03,3961119,tonnes,portwatch,2022-03-31,,2026-09-26,estimated,0
shipping_container_exports,it,nation,2022-03,3961051,tonnes,portwatch,2022-03-31,,2026-10-06T05:59:36+00:00,estimated,1
shipping_container_exports,it,nation,2022-04,4070132,tonnes,portwatch,2022-04-30,,2026-09-26,estimated,0
shipping_container_exports,it,nation,2022-04,4070036,tonnes,portwatch,2022-04-30,,2026-10-06T05:59:36+00:00,estimated,1
shipping_container_exports,it,nation,2022-05,4320551,tonnes,portwatch,2022-05-31,,2026-09-26,estimated,0
shipping_container_exports,it,nation,2022-05,4320398,tonnes,portwatch,2022-05-31,,2026-10-06T05:59:36+00:00,estimated,1
shipping_container_exports,it,nation,2022-06,4365981,tonnes,portwatch,2022-06-30,,2026-09-26,estimated,0
shipping_container_exports,it,nation,2022-06,4365680,tonnes,portwatch,2022-06-30,,2026-10-06T05:59:36+00:00,estimated,1
shipping_container_exports,it,nation,2022-07,3968885,tonnes,portwatch,2022-07-31,,2026-09-26,estimated,0
shipping_container_exports,it,nation,2022-07,3968821,tonnes,portwatch,2022-07-31,,2026-10-06T05:59:36+00:00,estimated,1
shipping_container_exports,it,nation,2022-08,3486429,tonnes,portwatch,2022-08-31,,2026-09-26,estimated,0
shipping_container_exports,it,nation,2022-08,3486389,tonnes,portwatch,2022-08-31,,2026-10-06T05:59:36+00:00,estimated,1
shipping_container_exports,it,nation,2022-09,3724161,tonnes,portwatch,2022-09-30,,2026-09-26,estimated,0
shipping_container_exports,it,nation,2022-09,3724067,tonnes,portwatch,2022-09-30,,2026-10-06T05:59:36+00:00,estimated,1
shipping_container_exports,it,nation,2022-10,3668939,tonnes,portwatch,2022-10-31,,2026-09-26,estimated,0
shipping_container_exports,it,nation,2022-10,3668819,tonnes,portwatch,2022-10-31,,2026-10-06T05:59:36+00:00,estimated,1
shipping_container_exports,it,nation,2022-11,3466123,tonnes,portwatch,2022-11-30,,2026-09-26,estimated,0
shipping_container_exports,it,nation,2022-11,3466065,tonnes,portwatch,2022-11-30,,2026-10-06T05:59:36+00:00,estimated,1
shipping_container_exports,it,nation,2022-12,4000302,tonnes,portwatch,2022-12-31,,2026-09-26,estimated,0
shipping_container_exports,it,nation,2022-12,4000242,tonnes,portwatch,2022-12-31,,2026-10-06T05:59:36+00:00,estimated,1
shipping_container_exports,it,nation,2023-01,3852528,tonnes,portwatch,2023-01-31,,2026-09-26,estimated,0
shipping_container_exports,it,nation,2023-01,3852404,tonnes,portwatch,2023-01-31,,2026-10-06T05:59:36+00:00,estimated,1
shipping_container_exports,it,nation,2023-02,3750658,tonnes,portwatch,2023-02-28,,2026-09-26,estimated,0
shipping_container_exports,it,nation,2023-02,3750647,tonnes,portwatch,2023-02-28,,2026-10-06T05:59:36+00:00,estimated,1
shipping_container_exports,it,nation,2023-03,4421579,tonnes,portwatch,2023-03-31,,2026-09-26,estimated,0
shipping_container_exports,it,nation,2023-03,4421500,tonnes,portwatch,2023-03-31,,2026-10-06T05:59:36+00:00,estimated,1
shipping_container_exports,it,nation,2023-04,3936773,tonnes,portwatch,2023-04-30,,2026-09-26,estimated,0
shipping_container_exports,it,nation,2023-04,3936594,tonnes,portwatch,2023-04-30,,2026-10-06T05:59:36+00:00,estimated,1
shipping_container_exports,it,nation,2023-05,4129749,tonnes,portwatch,2023-05-31,,2026-09-26,estimated,0
shipping_container_exports,it,nation,2023-05,4129656,tonnes,portwatch,2023-05-31,,2026-10-06T05:59:36+00:00,estimated,1
shipping_container_exports,it,nation,2023-06,4139594,tonnes,portwatch,2023-06-30,,2026-09-26,estimated,0
shipping_container_exports,it,nation,2023-06,4139528,tonnes,portwatch,2023-06-30,,2026-10-06T05:59:36+00:00,estimated,1
shipping_container_exports,it,nation,2023-07,4508249,tonnes,portwatch,2023-07-31,,2026-09-26,estimated,0
shipping_container_exports,it,nation,2023-07,4508071,tonnes,portwatch,2023-07-31,,2026-10-06T05:59:36+00:00,estimated,1
shipping_container_exports,it,nation,2023-08,4073096,tonnes,portwatch,2023-08-31,,2026-09-26,estimated,0
shipping_container_exports,it,nation,2023-08,4072994,tonnes,portwatch,2023-08-31,,2026-10-06T05:59:36+00:00,estimated,1
shipping_container_exports,it,nation,2023-09,4096578,tonnes,portwatch,2023-09-30,,2026-09-26,estimated,0
shipping_container_exports,it,nation,2023-09,4096439,tonnes,portwatch,2023-09-30,,2026-10-06T05:59:36+00:00,estimated,1
shipping_container_exports,it,nation,2023-10,4523298,tonnes,portwatch,2023-10-31,,2026-09-26,estimated,0
shipping_container_exports,it,nation,2023-10,4523250,tonnes,portwatch,2023-10-31,,2026-10-06T05:59:36+00:00,estimated,1
shipping_container_exports,it,nation,2023-11,4100711,tonnes,portwatch,2023-11-30,,2026-09-26,estimated,0
shipping_container_exports,it,nation,2023-11,4100773,tonnes,portwatch,2023-11-30,,2026-10-06T05:59:36+00:00,estimated,1
shipping_container_exports,it,nation,2023-12,3995842,tonnes,portwatch,2023-12-31,,2026-09-26,estimated,0
shipping_container_exports,it,nation,2023-12,3995851,tonnes,portwatch,2023-12-31,,2026-10-06T05:59:36+00:00,estimated,1
shipping_container_exports,it,nation,2024-01,4081539,tonnes,portwatch,2024-01-31,,2026-09-26,estimated,0
shipping_container_exports,it,nation,2024-01,4081543,tonnes,portwatch,2024-01-31,,2026-10-06T05:59:36+00:00,estimated,1
shipping_container_exports,it,nation,2024-02,4240061,tonnes,portwatch,2024-02-29,,2026-09-26,estimated,0
shipping_container_exports,it,nation,2024-02,4239963,tonnes,portwatch,2024-02-29,,2026-10-06T05:59:36+00:00,estimated,1
shipping_container_exports,it,nation,2024-03,4424897,tonnes,portwatch,2024-03-31,,2026-09-26,estimated,0
shipping_container_exports,it,nation,2024-03,4424851,tonnes,portwatch,2024-03-31,,2026-10-06T05:59:36+00:00,estimated,1
shipping_container_exports,it,nation,2024-04,4312685,tonnes,portwatch,2024-04-30,,2026-09-26,estimated,0
shipping_container_exports,it,nation,2024-04,4312798,tonnes,portwatch,2024-04-30,,2026-10-06T05:59:36+00:00,estimated,1
shipping_container_exports,it,nation,2024-05,4388183,tonnes,portwatch,2024-05-31,,2026-09-26,estimated,0
shipping_container_exports,it,nation,2024-05,4388132,tonnes,portwatch,2024-05-31,,2026-10-06T05:59:36+00:00,estimated,1
shipping_container_exports,it,nation,2024-06,4135248,tonnes,portwatch,2024-06-30,,2026-09-26,estimated,0
shipping_container_exports,it,nation,2024-06,4135091,tonnes,portwatch,2024-06-30,,2026-10-06T05:59:36+00:00,estimated,1
shipping_container_exports,it,nation,2024-07,4087970,tonnes,portwatch,2024-07-31,,2026-09-26,estimated,0
shipping_container_exports,it,nation,2024-07,4087772,tonnes,portwatch,2024-07-31,,2026-10-06T05:59:36+00:00,estimated,1
shipping_container_exports,it,nation,2024-08,4259041,tonnes,portwatch,2024-08-31,,2026-09-26,estimated,0
shipping_container_exports,it,nation,2024-08,4259024,tonnes,portwatch,2024-08-31,,2026-10-06T05:59:36+00:00,estimated,1
shipping_container_exports,it,nation,2024-09,4102460,tonnes,portwatch,2024-09-30,,2026-09-26,estimated,0
shipping_container_exports,it,nation,2024-09,4102325,tonnes,portwatch,2024-09-30,,2026-10-06T05:59:36+00:00,estimated,1
shipping_container_exports,it,nation,2024-10,4237964,tonnes,portwatch,2024-10-31,,2026-09-26,estimated,0
shipping_container_exports,it,nation,2024-10,4237770,tonnes,portwatch,2024-10-31,,2026-10-06T05:59:36+00:00,estimated,1
shipping_container_exports,it,nation,2024-11,4464898,tonnes,portwatch,2024-11-30,,2026-09-26,estimated,0
shipping_container_exports,it,nation,2024-11,4464746,tonnes,portwatch,2024-11-30,,2026-10-06T05:59:36+00:00,estimated,1
shipping_container_exports,it,nation,2024-12,4054783,tonnes,portwatch,2024-12-31,,2026-09-26,estimated,0
shipping_container_exports,it,nation,2024-12,4054767,tonnes,portwatch,2024-12-31,,2026-10-06T05:59:36+00:00,estimated,1
shipping_container_exports,it,nation,2025-01,4308498,tonnes,portwatch,2025-01-31,,2026-09-26,estimated,0
shipping_container_exports,it,nation,2025-01,4308305,tonnes,portwatch,2025-01-31,,2026-10-06T05:59:36+00:00,estimated,1
shipping_container_exports,it,nation,2025-02,4101523,tonnes,portwatch,2025-02-28,,2026-09-26,estimated,0
shipping_container_exports,it,nation,2025-02,4101320,tonnes,portwatch,2025-02-28,,2026-10-06T05:59:36+00:00,estimated,1
shipping_container_exports,it,nation,2025-03,4643061,tonnes,portwatch,2025-03-31,,2026-09-26,estimated,0
shipping_container_exports,it,nation,2025-03,4642940,tonnes,portwatch,2025-03-31,,2026-10-06T05:59:36+00:00,estimated,1
shipping_container_exports,it,nation,2025-04,4298207,tonnes,portwatch,2025-04-30,,2026-09-26,estimated,0
shipping_container_exports,it,nation,2025-04,4298157,tonnes,portwatch,2025-04-30,,2026-10-06T05:59:36+00:00,estimated,1
shipping_container_exports,it,nation,2025-05,4442347,tonnes,portwatch,2025-05-31,,2026-09-26,estimated,0
shipping_container_exports,it,nation,2025-05,4442205,tonnes,portwatch,2025-05-31,,2026-10-06T05:59:36+00:00,estimated,1
shipping_container_exports,it,nation,2025-06,4389714,tonnes,portwatch,2025-06-30,,2026-09-26,estimated,0
shipping_container_exports,it,nation,2025-06,4389222,tonnes,portwatch,2025-06-30,,2026-10-06T05:59:36+00:00,estimated,1
shipping_container_exports,it,nation,2025-07,4163202,tonnes,portwatch,2025-07-31,,2026-09-26,estimated,0
shipping_container_exports,it,nation,2025-07,4162797,tonnes,portwatch,2025-07-31,,2026-10-06T05:59:36+00:00,estimated,1
shipping_container_exports,it,nation,2025-08,4417622,tonnes,portwatch,2025-08-31,,2026-09-26,estimated,0
shipping_container_exports,it,nation,2025-08,4416874,tonnes,portwatch,2025-08-31,,2026-10-06T05:59:36+00:00,estimated,1
shipping_container_exports,it,nation,2025-09,4217911,tonnes,portwatch,2025-09-30,,2026-09-26,estimated,0
shipping_container_exports,it,nation,2025-09,4217662,tonnes,portwatch,2025-09-30,,2026-10-06T05:59:36+00:00,estimated,1
shipping_container_exports,it,nation,2025-10,4939437,tonnes,portwatch,2025-10-31,,2026-09-26,estimated,0
shipping_container_exports,it,nation,2025-10,4939050,tonnes,portwatch,2025-10-31,,2026-10-06T05:59:36+00:00,estimated,1
shipping_container_exports,it,nation,2025-11,4890419,tonnes,portwatch,2025-11-30,,2026-09-26,estimated,0
shipping_container_exports,it,nation,2025-11,4889421,tonnes,portwatch,2025-11-30,,2026-10-06T05:59:36+00:00,estimated,1
shipping_container_exports,it,nation,2025-12,4597306,tonnes,portwatch,2025-12-31,,2026-09-26,estimated,0
shipping_container_exports,it,nation,2025-12,4597032,tonnes,portwatch,2025-12-31,,2026-10-06T05:59:36+00:00,estimated,1
shipping_container_exports,it,nation,2026-01,4034291,tonnes,portwatch,2026-01-31,,2026-09-26,estimated,0
shipping_container_exports,it,nation,2026-01,4033336,tonnes,portwatch,2026-01-31,,2026-10-06T05:59:36+00:00,estimated,1
shipping_container_exports,it,nation,2026-02,3934177,tonnes,portwatch,2026-02-28,,2026-09-26,estimated,0
shipping_container_exports,it,nation,2026-02,3933762,tonnes,portwatch,2026-02-28,,2026-10-06T05:59:36+00:00,estimated,1
shipping_container_exports,it,nation,2026-03,4422770,tonnes,portwatch,2026-03-31,,2026-09-26,estimated,0
shipping_container_exports,it,nation,2026-03,4421797,tonnes,portwatch,2026-03-31,,2026-10-06T05:59:36+00:00,estimated,1
shipping_container_exports,it,nation,2026-04,4700127,tonnes,portwatch,2026-04-30,,2026-09-26,estimated,0
shipping_container_exports,it,nation,2026-04,4699822,tonnes,portwatch,2026-04-30,,2026-10-06T05:59:36+00:00,estimated,1
shipping_container_exports,it,nation,2026-05,4964404,tonnes,portwatch,2026-05-31,,2026-09-26,estimated,0
shipping_container_exports,it,nation,2026-05,4963598,tonnes,portwatch,2026-05-31,,2026-10-06T05:59:36+00:00,estimated,1
shipping_container_exports,it,nation,2026-06,4764261,tonnes,portwatch,2026-06-30,,2026-09-26,estimated,0
shipping_container_exports,it,nation,2026-06,4763955,tonnes,portwatch,2026-06-30,,2026-10-06T05:59:36+00:00,estimated,1
shipping_container_exports,it,nation,2026-07,4714045,tonnes,portwatch,2026-07-31,,2026-09-26,estimated,0
shipping_container_exports,it,nation,2026-07,4712985,tonnes,portwatch,2026-07-31,,2026-10-06T05:59:36+00:00,estimated,1
shipping_container_exports,it,nation,2026-08,4824579,tonnes,portwatch,2026-08-31,,2026-09-26,estimated,0
shipping_container_exports,it,nation,2026-08,4817701,tonnes,portwatch,2026-08-31,,2026-10-06T05:59:36+00:00,estimated,1
shipping_container_exports,jp,nation,2019-01,6888110,tonnes,portwatch,2019-01-31,,2026-09-26,estimated,0
shipping_container_exports,jp,nation,2019-01,6887448,tonnes,portwatch,2019-01-31,,2026-10-06T05:59:36+00:00,estimated,1
shipping_container_exports,jp,nation,2019-02,7302194,tonnes,portwatch,2019-02-28,,2026-09-26,estimated,0
shipping_container_exports,jp,nation,2019-02,7301786,tonnes,portwatch,2019-02-28,,2026-10-06T05:59:36+00:00,estimated,1
shipping_container_exports,jp,nation,2019-03,8071965,tonnes,portwatch,2019-03-31,,2026-09-26,estimated,0
shipping_container_exports,jp,nation,2019-03,8071503,tonnes,portwatch,2019-03-31,,2026-10-06T05:59:36+00:00,estimated,1
shipping_container_exports,jp,nation,2019-04,7594293,tonnes,portwatch,2019-04-30,,2026-09-26,estimated,0
shipping_container_exports,jp,nation,2019-04,7593939,tonnes,portwatch,2019-04-30,,2026-10-06T05:59:36+00:00,estimated,1
shipping_container_exports,jp,nation,2019-05,6947494,tonnes,portwatch,2019-05-31,,2026-09-26,estimated,0
shipping_container_exports,jp,nation,2019-05,6946992,tonnes,portwatch,2019-05-31,,2026-10-06T05:59:36+00:00,estimated,1
shipping_container_exports,jp,nation,2019-06,7808028,tonnes,portwatch,2019-06-30,,2026-09-26,estimated,0
shipping_container_exports,jp,nation,2019-06,7807575,tonnes,portwatch,2019-06-30,,2026-10-06T05:59:36+00:00,estimated,1
shipping_container_exports,jp,nation,2019-07,7763748,tonnes,portwatch,2019-07-31,,2026-09-26,estimated,0
shipping_container_exports,jp,nation,2019-07,7763302,tonnes,portwatch,2019-07-31,,2026-10-06T05:59:36+00:00,estimated,1
shipping_container_exports,jp,nation,2019-08,7548934,tonnes,portwatch,2019-08-31,,2026-09-26,estimated,0
shipping_container_exports,jp,nation,2019-08,7548553,tonnes,portwatch,2019-08-31,,2026-10-06T05:59:36+00:00,estimated,1
shipping_container_exports,jp,nation,2019-09,7490124,tonnes,portwatch,2019-09-30,,2026-09-26,estimated,0
shipping_container_exports,jp,nation,2019-09,7489755,tonnes,portwatch,2019-09-30,,2026-10-06T05:59:36+00:00,estimated,1
shipping_container_exports,jp,nation,2019-10,7313011,tonnes,portwatch,2019-10-31,,2026-09-26,estimated,0
shipping_container_exports,jp,nation,2019-10,7312402,tonnes,portwatch,2019-10-31,,2026-10-06T05:59:36+00:00,estimated,1
shipping_container_exports,jp,nation,2019-11,7477052,tonnes,portwatch,2019-11-30,,2026-09-26,estimated,0
shipping_container_exports,jp,nation,2019-11,7476659,tonnes,portwatch,2019-11-30,,2026-10-06T05:59:36+00:00,estimated,1
shipping_container_exports,jp,nation,2019-12,7655340,tonnes,portwatch,2019-12-31,,2026-09-26,estimated,0
shipping_container_exports,jp,nation,2019-12,7654404,tonnes,portwatch,2019-12-31,,2026-10-06T05:59:36+00:00,estimated,1
shipping_container_exports,jp,nation,2020-01,6686159,tonnes,portwatch,2020-01-31,,2026-09-26,estimated,0
shipping_container_exports,jp,nation,2020-01,6685596,tonnes,portwatch,2020-01-31,,2026-10-06T05:59:36+00:00,estimated,1
shipping_container_exports,jp,nation,2020-02,6483838,tonnes,portwatch,2020-02-29,,2026-09-26,estimated,0
shipping_container_exports,jp,nation,2020-02,6483644,tonnes,portwatch,2020-02-29,,2026-10-06T05:59:36+00:00,estimated,1
shipping_container_exports,jp,nation,2020-03,6775460,tonnes,portwatch,2020-03-31,,2026-09-26,estimated,0
shipping_container_exports,jp,nation,2020-03,6775096,tonnes,portwatch,2020-03-31,,2026-10-06T05:59:36+00:00,estimated,1
shipping_container_exports,jp,nation,2020-04,6471015,tonnes,portwatch,2020-04-30,,2026-09-26,estimated,0
shipping_container_exports,jp,nation,2020-04,6470712,tonnes,portwatch,2020-04-30,,2026-10-06T05:59:36+00:00,estimated,1
shipping_container_exports,jp,nation,2020-05,5894317,tonnes,portwatch,2020-05-31,,2026-09-26,estimated,0
shipping_container_exports,jp,nation,2020-05,5894086,tonnes,portwatch,2020-05-31,,2026-10-06T05:59:36+00:00,estimated,1
shipping_container_exports,jp,nation,2020-06,6129478,tonnes,portwatch,2020-06-30,,2026-09-26,estimated,0
shipping_container_exports,jp,nation,2020-06,6129344,tonnes,portwatch,2020-06-30,,2026-10-06T05:59:36+00:00,estimated,1
shipping_container_exports,jp,nation,2020-07,6414685,tonnes,portwatch,2020-07-31,,2026-09-26,estimated,0
shipping_container_exports,jp,nation,2020-07,6414447,tonnes,portwatch,2020-07-31,,2026-10-06T05:59:36+00:00,estimated,1
shipping_container_exports,jp,nation,2020-08,6155561,tonnes,portwatch,2020-08-31,,2026-09-26,estimated,0
shipping_container_exports,jp,nation,2020-08,6155485,tonnes,portwatch,2020-08-31,,2026-10-06T05:59:36+00:00,estimated,1
shipping_container_exports,jp,nation,2020-09,6347473,tonnes,portwatch,2020-09-30,,2026-09-26,estimated,0
shipping_container_exports,jp,nation,2020-09,6347143,tonnes,portwatch,2020-09-30,,2026-10-06T05:59:36+00:00,estimated,1
shipping_container_exports,jp,nation,2020-10,7140430,tonnes,portwatch,2020-10-31,,2026-09-26,estimated,0
shipping_container_exports,jp,nation,2020-10,7140239,tonnes,portwatch,2020-10-31,,2026-10-06T05:59:36+00:00,estimated,1
shipping_container_exports,jp,nation,2020-11,6953688,tonnes,portwatch,2020-11-30,,2026-09-26,estimated,0
shipping_container_exports,jp,nation,2020-11,6953427,tonnes,portwatch,2020-11-30,,2026-10-06T05:59:36+00:00,estimated,1
shipping_container_exports,jp,nation,2020-12,7222402,tonnes,portwatch,2020-12-31,,2026-09-26,estimated,0
shipping_container_exports,jp,nation,2020-12,7222141,tonnes,portwatch,2020-12-31,,2026-10-06T05:59:36+00:00,estimated,1
shipping_container_exports,jp,nation,2021-01,6206084,tonnes,portwatch,2021-01-31,,2026-09-26,estimated,0
shipping_container_exports,jp,nation,2021-01,6205809,tonnes,portwatch,2021-01-31,,2026-10-06T05:59:36+00:00,estimated,1
shipping_container_exports,jp,nation,2021-02,6324086,tonnes,portwatch,2021-02-28,,2026-09-26,estimated,0
shipping_container_exports,jp,nation,2021-02,6323695,tonnes,portwatch,2021-02-28,,2026-10-06T05:59:36+00:00,estimated,1
shipping_container_exports,jp,nation,2021-03,7334339,tonnes,portwatch,2021-03-31,,2026-09-26,estimated,0
shipping_container_exports,jp,nation,2021-03,7333989,tonnes,portwatch,2021-03-31,,2026-10-06T05:59:36+00:00,estimated,1
shipping_container_exports,jp,nation,2021-04,7165740,tonnes,portwatch,2021-04-30,,2026-09-26,estimated,0
shipping_container_exports,jp,nation,2021-04,7165165,tonnes,portwatch,2021-04-30,,2026-10-06T05:59:36+00:00,estimated,1
shipping_container_exports,jp,nation,2021-05,6415299,tonnes,portwatch,2021-05-31,,2026-09-26,estimated,0
shipping_container_exports,jp,nation,2021-05,6415018,tonnes,portwatch,2021-05-31,,2026-10-06T05:59:36+00:00,estimated,1
shipping_container_exports,jp,nation,2021-06,6856861,tonnes,portwatch,2021-06-30,,2026-09-26,estimated,0
shipping_container_exports,jp,nation,2021-06,6856546,tonnes,portwatch,2021-06-30,,2026-10-06T05:59:36+00:00,estimated,1
shipping_container_exports,jp,nation,2021-07,6694043,tonnes,portwatch,2021-07-31,,2026-09-26,estimated,0
shipping_container_exports,jp,nation,2021-07,6693530,tonnes,portwatch,2021-07-31,,2026-10-06T05:59:36+00:00,estimated,1
shipping_container_exports,jp,nation,2021-08,6712044,tonnes,portwatch,2021-08-31,,2026-09-26,estimated,0
shipping_container_exports,jp,nation,2021-08,6711545,tonnes,portwatch,2021-08-31,,2026-10-06T05:59:36+00:00,estimated,1
shipping_container_exports,jp,nation,2021-09,6479893,tonnes,portwatch,2021-09-30,,2026-09-26,estimated,0
shipping_container_exports,jp,nation,2021-09,6479457,tonnes,portwatch,2021-09-30,,2026-10-06T05:59:36+00:00,estimated,1
shipping_container_exports,jp,nation,2021-10,6687079,tonnes,portwatch,2021-10-31,,2026-09-26,estimated,0
shipping_container_exports,jp,nation,2021-10,6686604,tonnes,portwatch,2021-10-31,,2026-10-06T05:59:36+00:00,estimated,1
shipping_container_exports,jp,nation,2021-11,6704281,tonnes,portwatch,2021-11-30,,2026-09-26,estimated,0
shipping_container_exports,jp,nation,2021-11,6703648,tonnes,portwatch,2021-11-30,,2026-10-06T05:59:36+00:00,estimated,1
shipping_container_exports,jp,nation,2021-12,7147950,tonnes,portwatch,2021-12-31,,2026-09-26,estimated,0
shipping_container_exports,jp,nation,2021-12,7147447,tonnes,portwatch,2021-12-31,,2026-10-06T05:59:36+00:00,estimated,1
shipping_container_exports,jp,nation,2022-01,6524416,tonnes,portwatch,2022-01-31,,2026-09-26,estimated,0
shipping_container_exports,jp,nation,2022-01,6523781,tonnes,portwatch,2022-01-31,,2026-10-06T05:59:36+00:00,estimated,1
shipping_container_exports,jp,nation,2022-02,6288776,tonnes,portwatch,2022-02-28,,2026-09-26,estimated,0
shipping_container_exports,jp,nation,2022-02,6288300,tonnes,portwatch,2022-02-28,,2026-10-06T05:59:36+00:00,estimated,1
shipping_container_exports,jp,nation,2022-03,6851529,tonnes,portwatch,2022-03-31,,2026-09-26,estimated,0
shipping_container_exports,jp,nation,2022-03,6850989,tonnes,portwatch,2022-03-31,,2026-10-06T05:59:36+00:00,estimated,1
shipping_container_exports,jp,nation,2022-04,6381795,tonnes,portwatch,2022-04-30,,2026-09-26,estimated,0
shipping_container_exports,jp,nation,2022-04,6381382,tonnes,portwatch,2022-04-30,,2026-10-06T05:59:36+00:00,estimated,1
shipping_container_exports,jp,nation,2022-05,6063334,tonnes,portwatch,2022-05-31,,2026-09-26,estimated,0
shipping_container_exports,jp,nation,2022-05,6062554,tonnes,portwatch,2022-05-31,,2026-10-06T05:59:36+00:00,estimated,1
shipping_container_exports,jp,nation,2022-06,6785429,tonnes,portwatch,2022-06-30,,2026-09-26,estimated,0
shipping_container_exports,jp,nation,2022-06,6784718,tonnes,portwatch,2022-06-30,,2026-10-06T05:59:36+00:00,estimated,1
shipping_container_exports,jp,nation,2022-07,6910609,tonnes,portwatch,2022-07-31,,2026-09-26,estimated,0
shipping_container_exports,jp,nation,2022-07,6909812,tonnes,portwatch,2022-07-31,,2026-10-06T05:59:36+00:00,estimated,1
shipping_container_exports,jp,nation,2022-08,6738483,tonnes,portwatch,2022-08-31,,2026-09-26,estimated,0
shipping_container_exports,jp,nation,2022-08,6737802,tonnes,portwatch,2022-08-31,,2026-10-06T05:59:36+00:00,estimated,1
shipping_container_exports,jp,nation,2022-09,6615863,tonnes,portwatch,2022-09-30,,2026-09-26,estimated,0
shipping_container_exports,jp,nation,2022-09,6615158,tonnes,portwatch,2022-09-30,,2026-10-06T05:59:36+00:00,estimated,1
shipping_container_exports,jp,nation,2022-10,7111627,tonnes,portwatch,2022-10-31,,2026-09-26,estimated,0
shipping_container_exports,jp,nation,2022-10,7111202,tonnes,portwatch,2022-10-31,,2026-10-06T05:59:36+00:00,estimated,1
shipping_container_exports,jp,nation,2022-11,6893351,tonnes,portwatch,2022-11-30,,2026-09-26,estimated,0
shipping_container_exports,jp,nation,2022-11,6892831,tonnes,portwatch,2022-11-30,,2026-10-06T05:59:36+00:00,estimated,1
shipping_container_exports,jp,nation,2022-12,6957803,tonnes,portwatch,2022-12-31,,2026-09-26,estimated,0
shipping_container_exports,jp,nation,2022-12,6957501,tonnes,portwatch,2022-12-31,,2026-10-06T05:59:36+00:00,estimated,1
shipping_container_exports,jp,nation,2023-01,6439718,tonnes,portwatch,2023-01-31,,2026-09-26,estimated,0
shipping_container_exports,jp,nation,2023-01,6439333,tonnes,portwatch,2023-01-31,,2026-10-06T05:59:36+00:00,estimated,1
shipping_container_exports,jp,nation,2023-02,6296902,tonnes,portwatch,2023-02-28,,2026-09-26,estimated,0
shipping_container_exports,jp,nation,2023-02,6296614,tonnes,portwatch,2023-02-28,,2026-10-06T05:59:36+00:00,estimated,1
shipping_container_exports,jp,nation,2023-03,6955030,tonnes,portwatch,2023-03-31,,2026-09-26,estimated,0
shipping_container_exports,jp,nation,2023-03,6954492,tonnes,portwatch,2023-03-31,,2026-10-06T05:59:36+00:00,estimated,1
shipping_container_exports,jp,nation,2023-04,6797500,tonnes,portwatch,2023-04-30,,2026-09-26,estimated,0
shipping_container_exports,jp,nation,2023-04,6797176,tonnes,portwatch,2023-04-30,,2026-10-06T05:59:36+00:00,estimated,1
shipping_container_exports,jp,nation,2023-05,6194309,tonnes,portwatch,2023-05-31,,2026-09-26,estimated,0
shipping_container_exports,jp,nation,2023-05,6193984,tonnes,portwatch,2023-05-31,,2026-10-06T05:59:36+00:00,estimated,1
shipping_container_exports,jp,nation,2023-06,6634399,tonnes,portwatch,2023-06-30,,2026-09-26,estimated,0
shipping_container_exports,jp,nation,2023-06,6633969,tonnes,portwatch,2023-06-30,,2026-10-06T05:59:36+00:00,estimated,1
shipping_container_exports,jp,nation,2023-07,6708290,tonnes,portwatch,2023-07-31,,2026-09-26,estimated,0
shipping_container_exports,jp,nation,2023-07,6707870,tonnes,portwatch,2023-07-31,,2026-10-06T05:59:36+00:00,estimated,1
shipping_container_exports,jp,nation,2023-08,6155728,tonnes,portwatch,2023-08-31,,2026-09-26,estimated,0
shipping_container_exports,jp,nation,2023-08,6155263,tonnes,portwatch,2023-08-31,,2026-10-06T05:59:36+00:00,estimated,1
shipping_container_exports,jp,nation,2023-09,6778749,tonnes,portwatch,2023-09-30,,2026-09-26,estimated,0
shipping_container_exports,jp,nation,2023-09,6778225,tonnes,portwatch,2023-09-30,,2026-10-06T05:59:36+00:00,estimated,1
shipping_container_exports,jp,nation,2023-10,7184727,tonnes,portwatch,2023-10-31,,2026-09-26,estimated,0
shipping_container_exports,jp,nation,2023-10,7184261,tonnes,portwatch,2023-10-31,,2026-10-06T05:59:36+00:00,estimated,1
shipping_container_exports,jp,nation,2023-11,7036641,tonnes,portwatch,2023-11-30,,2026-09-26,estimated,0
shipping_container_exports,jp,nation,2023-11,7036233,tonnes,portwatch,2023-11-30,,2026-10-06T05:59:36+00:00,estimated,1
shipping_container_exports,jp,nation,2023-12,7060320,tonnes,portwatch,2023-12-31,,2026-09-26,estimated,0
shipping_container_exports,jp,nation,2023-12,7059922,tonnes,portwatch,2023-12-31,,2026-10-06T05:59:36+00:00,estimated,1
shipping_container_exports,jp,nation,2024-01,6308825,tonnes,portwatch,2024-01-31,,2026-09-26,estimated,0
shipping_container_exports,jp,nation,2024-01,6308355,tonnes,portwatch,2024-01-31,,2026-10-06T05:59:36+00:00,estimated,1
shipping_container_exports,jp,nation,2024-02,6285541,tonnes,portwatch,2024-02-29,,2026-09-26,estimated,0
shipping_container_exports,jp,nation,2024-02,6285292,tonnes,portwatch,2024-02-29,,2026-10-06T05:59:36+00:00,estimated,1
shipping_container_exports,jp,nation,2024-03,6897460,tonnes,portwatch,2024-03-31,,2026-09-26,estimated,0
shipping_container_exports,jp,nation,2024-03,6897171,tonnes,portwatch,2024-03-31,,2026-10-06T05:59:36+00:00,estimated,1
shipping_container_exports,jp,nation,2024-04,6683616,tonnes,portwatch,2024-04-30,,2026-09-26,estimated,0
shipping_container_exports,jp,nation,2024-04,6682997,tonnes,portwatch,2024-04-30,,2026-10-06T05:59:36+00:00,estimated,1
shipping_container_exports,jp,nation,2024-05,6423633,tonnes,portwatch,2024-05-31,,2026-09-26,estimated,0
shipping_container_exports,jp,nation,2024-05,6423425,tonnes,portwatch,2024-05-31,,2026-10-06T05:59:36+00:00,estimated,1
shipping_container_exports,jp,nation,2024-06,6701071,tonnes,portwatch,2024-06-30,,2026-09-26,estimated,0
shipping_container_exports,jp,nation,2024-06,6700587,tonnes,portwatch,2024-06-30,,2026-10-06T05:59:36+00:00,estimated,1
shipping_container_exports,jp,nation,2024-07,6633438,tonnes,portwatch,2024-07-31,,2026-09-26,estimated,0
shipping_container_exports,jp,nation,2024-07,6632956,tonnes,portwatch,2024-07-31,,2026-10-06T05:59:36+00:00,estimated,1
shipping_container_exports,jp,nation,2024-08,5931480,tonnes,portwatch,2024-08-31,,2026-09-26,estimated,0
shipping_container_exports,jp,nation,2024-08,5931176,tonnes,portwatch,2024-08-31,,2026-10-06T05:59:36+00:00,estimated,1
shipping_container_exports,jp,nation,2024-09,6907986,tonnes,portwatch,2024-09-30,,2026-09-26,estimated,0
shipping_container_exports,jp,nation,2024-09,6907646,tonnes,portwatch,2024-09-30,,2026-10-06T05:59:36+00:00,estimated,1
shipping_container_exports,jp,nation,2024-10,7073934,tonnes,portwatch,2024-10-31,,2026-09-26,estimated,0
shipping_container_exports,jp,nation,2024-10,7073654,tonnes,portwatch,2024-10-31,,2026-10-06T05:59:36+00:00,estimated,1
shipping_container_exports,jp,nation,2024-11,6529702,tonnes,portwatch,2024-11-30,,2026-09-26,estimated,0
shipping_container_exports,jp,nation,2024-11,6529361,tonnes,portwatch,2024-11-30,,2026-10-06T05:59:36+00:00,estimated,1
shipping_container_exports,jp,nation,2024-12,7465490,tonnes,portwatch,2024-12-31,,2026-09-26,estimated,0
shipping_container_exports,jp,nation,2024-12,7465257,tonnes,portwatch,2024-12-31,,2026-10-06T05:59:36+00:00,estimated,1
shipping_container_exports,jp,nation,2025-01,5424964,tonnes,portwatch,2025-01-31,,2026-09-26,estimated,0
shipping_container_exports,jp,nation,2025-01,5424509,tonnes,portwatch,2025-01-31,,2026-10-06T05:59:36+00:00,estimated,1
shipping_container_exports,jp,nation,2025-02,6290438,tonnes,portwatch,2025-02-28,,2026-09-26,estimated,0
shipping_container_exports,jp,nation,2025-02,6290264,tonnes,portwatch,2025-02-28,,2026-10-06T05:59:36+00:00,estimated,1
shipping_container_exports,jp,nation,2025-03,6926154,tonnes,portwatch,2025-03-31,,2026-09-26,estimated,0
shipping_container_exports,jp,nation,2025-03,6925754,tonnes,portwatch,2025-03-31,,2026-10-06T05:59:36+00:00,estimated,1
shipping_container_exports,jp,nation,2025-04,7085589,tonnes,portwatch,2025-04-30,,2026-09-26,estimated,0
shipping_container_exports,jp,nation,2025-04,7084842,tonnes,portwatch,2025-04-30,,2026-10-06T05:59:36+00:00,estimated,1
shipping_container_exports,jp,nation,2025-05,6699804,tonnes,portwatch,2025-05-31,,2026-09-26,estimated,0
shipping_container_exports,jp,nation,2025-05,6699304,tonnes,portwatch,2025-05-31,,2026-10-06T05:59:36+00:00,estimated,1
shipping_container_exports,jp,nation,2025-06,6914372,tonnes,portwatch,2025-06-30,,2026-09-26,estimated,0
shipping_container_exports,jp,nation,2025-06,6913928,tonnes,portwatch,2025-06-30,,2026-10-06T05:59:36+00:00,estimated,1
shipping_container_exports,jp,nation,2025-07,6687631,tonnes,portwatch,2025-07-31,,2026-09-26,estimated,0
shipping_container_exports,jp,nation,2025-07,6686680,tonnes,portwatch,2025-07-31,,2026-10-06T05:59:36+00:00,estimated,1
shipping_container_exports,jp,nation,2025-08,6615042,tonnes,portwatch,2025-08-31,,2026-09-26,estimated,0
shipping_container_exports,jp,nation,2025-08,6613879,tonnes,portwatch,2025-08-31,,2026-10-06T05:59:36+00:00,estimated,1
shipping_container_exports,jp,nation,2025-09,6657920,tonnes,portwatch,2025-09-30,,2026-09-26,estimated,0
shipping_container_exports,jp,nation,2025-09,6656814,tonnes,portwatch,2025-09-30,,2026-10-06T05:59:36+00:00,estimated,1
shipping_container_exports,jp,nation,2025-10,7255202,tonnes,portwatch,2025-10-31,,2026-09-26,estimated,0
shipping_container_exports,jp,nation,2025-10,7254436,tonnes,portwatch,2025-10-31,,2026-10-06T05:59:36+00:00,estimated,1
shipping_container_exports,jp,nation,2025-11,6784142,tonnes,portwatch,2025-11-30,,2026-09-26,estimated,0
shipping_container_exports,jp,nation,2025-11,6782860,tonnes,portwatch,2025-11-30,,2026-10-06T05:59:36+00:00,estimated,1
shipping_container_exports,jp,nation,2025-12,7400323,tonnes,portwatch,2025-12-31,,2026-09-26,estimated,0
shipping_container_exports,jp,nation,2025-12,7399273,tonnes,portwatch,2025-12-31,,2026-10-06T05:59:36+00:00,estimated,1
shipping_container_exports,jp,nation,2026-01,5977893,tonnes,portwatch,2026-01-31,,2026-09-26,estimated,0
shipping_container_exports,jp,nation,2026-01,5976322,tonnes,portwatch,2026-01-31,,2026-10-06T05:59:36+00:00,estimated,1
shipping_container_exports,jp,nation,2026-02,6162300,tonnes,portwatch,2026-02-28,,2026-09-26,estimated,0
shipping_container_exports,jp,nation,2026-02,6160805,tonnes,portwatch,2026-02-28,,2026-10-06T05:59:36+00:00,estimated,1
shipping_container_exports,jp,nation,2026-03,7024935,tonnes,portwatch,2026-03-31,,2026-09-26,estimated,0
shipping_container_exports,jp,nation,2026-03,7023929,tonnes,portwatch,2026-03-31,,2026-10-06T05:59:36+00:00,estimated,1
shipping_container_exports,jp,nation,2026-04,6809199,tonnes,portwatch,2026-04-30,,2026-09-26,estimated,0
shipping_container_exports,jp,nation,2026-04,6807680,tonnes,portwatch,2026-04-30,,2026-10-06T05:59:36+00:00,estimated,1
shipping_container_exports,jp,nation,2026-05,6699176,tonnes,portwatch,2026-05-31,,2026-09-26,estimated,0
shipping_container_exports,jp,nation,2026-05,6696954,tonnes,portwatch,2026-05-31,,2026-10-06T05:59:36+00:00,estimated,1
shipping_container_exports,jp,nation,2026-06,6683789,tonnes,portwatch,2026-06-30,,2026-09-26,estimated,0
shipping_container_exports,jp,nation,2026-06,6682026,tonnes,portwatch,2026-06-30,,2026-10-06T05:59:36+00:00,estimated,1
shipping_container_exports,jp,nation,2026-07,6545750,tonnes,portwatch,2026-07-31,,2026-09-26,estimated,0
shipping_container_exports,jp,nation,2026-07,6544507,tonnes,portwatch,2026-07-31,,2026-10-06T05:59:36+00:00,estimated,1
shipping_container_exports,jp,nation,2026-08,6058190,tonnes,portwatch,2026-08-31,,2026-09-26,estimated,0
shipping_container_exports,jp,nation,2026-08,6056689,tonnes,portwatch,2026-08-31,,2026-10-06T05:59:36+00:00,estimated,1
shipping_container_exports,kr,nation,2019-01,6438924,tonnes,portwatch,2019-01-31,,2026-09-26,estimated,0
shipping_container_exports,kr,nation,2019-01,6439029,tonnes,portwatch,2019-01-31,,2026-10-06T05:59:41+00:00,estimated,1
shipping_container_exports,kr,nation,2019-02,6043874,tonnes,portwatch,2019-02-28,,2026-09-26,estimated,0
shipping_container_exports,kr,nation,2019-02,6043943,tonnes,portwatch,2019-02-28,,2026-10-06T05:59:41+00:00,estimated,1
shipping_container_exports,kr,nation,2019-03,7102525,tonnes,portwatch,2019-03-31,,2026-09-26,estimated,0
shipping_container_exports,kr,nation,2019-03,7102582,tonnes,portwatch,2019-03-31,,2026-10-06T05:59:41+00:00,estimated,1
shipping_container_exports,kr,nation,2019-04,6742031,tonnes,portwatch,2019-04-30,,2026-09-26,estimated,0
shipping_container_exports,kr,nation,2019-04,6742068,tonnes,portwatch,2019-04-30,,2026-10-06T05:59:41+00:00,estimated,1
shipping_container_exports,kr,nation,2019-05,6960424,tonnes,portwatch,2019-05-31,,2026-09-26,estimated,0
shipping_container_exports,kr,nation,2019-05,6960476,tonnes,portwatch,2019-05-31,,2026-10-06T05:59:41+00:00,estimated,1
shipping_container_exports,kr,nation,2019-06,6926881,tonnes,portwatch,2019-06-30,,2026-09-26,estimated,0
shipping_container_exports,kr,nation,2019-06,6926961,tonnes,portwatch,2019-06-30,,2026-10-06T05:59:41+00:00,estimated,1
shipping_container_exports,kr,nation,2019-07,7004311,tonnes,portwatch,2019-07-31,,2026-09-26,estimated,0
shipping_container_exports,kr,nation,2019-07,7004430,tonnes,portwatch,2019-07-31,,2026-10-06T05:59:41+00:00,estimated,1
shipping_container_exports,kr,nation,2019-08,6637172,tonnes,portwatch,2019-08-31,,2026-09-26,estimated,0
shipping_container_exports,kr,nation,2019-08,6637271,tonnes,portwatch,2019-08-31,,2026-10-06T05:59:41+00:00,estimated,1
shipping_container_exports,kr,nation,2019-09,6364588,tonnes,portwatch,2019-09-30,,2026-09-26,estimated,0
shipping_container_exports,kr,nation,2019-09,6364645,tonnes,portwatch,2019-09-30,,2026-10-06T05:59:41+00:00,estimated,1
shipping_container_exports,kr,nation,2019-10,6744371,tonnes,portwatch,2019-10-31,,2026-09-26,estimated,0
shipping_container_exports,kr,nation,2019-10,6744406,tonnes,portwatch,2019-10-31,,2026-10-06T05:59:41+00:00,estimated,1
shipping_container_exports,kr,nation,2019-11,6728054,tonnes,portwatch,2019-11-30,,2026-09-26,estimated,0
shipping_container_exports,kr,nation,2019-11,6728119,tonnes,portwatch,2019-11-30,,2026-10-06T05:59:41+00:00,estimated,1
shipping_container_exports,kr,nation,2019-12,6828370,tonnes,portwatch,2019-12-31,,2026-09-26,estimated,0
shipping_container_exports,kr,nation,2019-12,6828515,tonnes,portwatch,2019-12-31,,2026-10-06T05:59:41+00:00,estimated,1
shipping_container_exports,kr,nation,2020-01,5993871,tonnes,portwatch,2020-01-31,,2026-09-26,estimated,0
shipping_container_exports,kr,nation,2020-01,5993835,tonnes,portwatch,2020-01-31,,2026-10-06T05:59:41+00:00,estimated,1
shipping_container_exports,kr,nation,2020-02,6864591,tonnes,portwatch,2020-02-29,,2026-09-26,estimated,0
shipping_container_exports,kr,nation,2020-02,6864630,tonnes,portwatch,2020-02-29,,2026-10-06T05:59:41+00:00,estimated,1
shipping_container_exports,kr,nation,2020-03,7035302,tonnes,portwatch,2020-03-31,,2026-09-26,estimated,0
shipping_container_exports,kr,nation,2020-03,7035364,tonnes,portwatch,2020-03-31,,2026-10-06T05:59:41+00:00,estimated,1
shipping_container_exports,kr,nation,2020-04,6032083,tonnes,portwatch,2020-04-30,,2026-09-26,estimated,0
shipping_container_exports,kr,nation,2020-04,6032009,tonnes,portwatch,2020-04-30,,2026-10-06T05:59:41+00:00,estimated,1
shipping_container_exports,kr,nation,2020-05,6118899,tonnes,portwatch,2020-05-31,,2026-09-26,estimated,0
shipping_container_exports,kr,nation,2020-05,6118871,tonnes,portwatch,2020-05-31,,2026-10-06T05:59:41+00:00,estimated,1
shipping_container_exports,kr,nation,2020-06,6320840,tonnes,portwatch,2020-06-30,,2026-09-26,estimated,0
shipping_container_exports,kr,nation,2020-06,6320733,tonnes,portwatch,2020-06-30,,2026-10-06T05:59:41+00:00,estimated,1
shipping_container_exports,kr,nation,2020-07,6549440,tonnes,portwatch,2020-07-31,,2026-09-26,estimated,0
shipping_container_exports,kr,nation,2020-07,6549384,tonnes,portwatch,2020-07-31,,2026-10-06T05:59:41+00:00,estimated,1
shipping_container_exports,kr,nation,2020-08,6202991,tonnes,portwatch,2020-08-31,,2026-09-26,estimated,0
shipping_container_exports,kr,nation,2020-08,6202918,tonnes,portwatch,2020-08-31,,2026-10-06T05:59:41+00:00,estimated,1
shipping_container_exports,kr,nation,2020-09,6420249,tonnes,portwatch,2020-09-30,,2026-09-26,estimated,0
shipping_container_exports,kr,nation,2020-09,6420224,tonnes,portwatch,2020-09-30,,2026-10-06T05:59:41+00:00,estimated,1
shipping_container_exports,kr,nation,2020-10,6478035,tonnes,portwatch,2020-10-31,,2026-09-26,estimated,0
shipping_container_exports,kr,nation,2020-10,6477895,tonnes,portwatch,2020-10-31,,2026-10-06T05:59:41+00:00,estimated,1
shipping_container_exports,kr,nation,2020-11,6650643,tonnes,portwatch,2020-11-30,,2026-09-26,estimated,0
shipping_container_exports,kr,nation,2020-11,6650547,tonnes,portwatch,2020-11-30,,2026-10-06T05:59:41+00:00,estimated,1
shipping_container_exports,kr,nation,2020-12,6434062,tonnes,portwatch,2020-12-31,,2026-09-26,estimated,0
shipping_container_exports,kr,nation,2020-12,6433802,tonnes,portwatch,2020-12-31,,2026-10-06T05:59:41+00:00,estimated,1
shipping_container_exports,kr,nation,2021-01,6535506,tonnes,portwatch,2021-01-31,,2026-09-26,estimated,0
shipping_container_exports,kr,nation,2021-01,6535381,tonnes,portwatch,2021-01-31,,2026-10-06T05:59:41+00:00,estimated,1
shipping_container_exports,kr,nation,2021-02,6091079,tonnes,portwatch,2021-02-28,,2026-09-26,estimated,0
shipping_container_exports,kr,nation,2021-02,6091099,tonnes,portwatch,2021-02-28,,2026-10-06T05:59:41+00:00,estimated,1
shipping_container_exports,kr,nation,2021-03,7275373,tonnes,portwatch,2021-03-31,,2026-09-26,estimated,0
shipping_container_exports,kr,nation,2021-03,7275428,tonnes,portwatch,2021-03-31,,2026-10-06T05:59:41+00:00,estimated,1
shipping_container_exports,kr,nation,2021-04,6649931,tonnes,portwatch,2021-04-30,,2026-09-26,estimated,0
shipping_container_exports,kr,nation,2021-04,6649990,tonnes,portwatch,2021-04-30,,2026-10-06T05:59:41+00:00,estimated,1
shipping_container_exports,kr,nation,2021-05,7061352,tonnes,portwatch,2021-05-31,,2026-09-26,estimated,0
shipping_container_exports,kr,nation,2021-05,7061293,tonnes,portwatch,2021-05-31,,2026-10-06T05:59:41+00:00,estimated,1
shipping_container_exports,kr,nation,2021-06,6606974,tonnes,portwatch,2021-06-30,,2026-09-26,estimated,0
shipping_container_exports,kr,nation,2021-06,6606810,tonnes,portwatch,2021-06-30,,2026-10-06T05:59:41+00:00,estimated,1
shipping_container_exports,kr,nation,2021-07,6945664,tonnes,portwatch,2021-07-31,,2026-09-26,estimated,0
shipping_container_exports,kr,nation,2021-07,6945668,tonnes,portwatch,2021-07-31,,2026-10-06T05:59:41+00:00,estimated,1
shipping_container_exports,kr,nation,2021-08,6164693,tonnes,portwatch,2021-08-31,,2026-09-26,estimated,0
shipping_container_exports,kr,nation,2021-08,6164644,tonnes,portwatch,2021-08-31,,2026-10-06T05:59:41+00:00,estimated,1
shipping_container_exports,kr,nation,2021-09,6184927,tonnes,portwatch,2021-09-30,,2026-09-26,estimated,0
shipping_container_exports,kr,nation,2021-09,6184901,tonnes,portwatch,2021-09-30,,2026-10-06T05:59:41+00:00,estimated,1
shipping_container_exports,kr,nation,2021-10,7060524,tonnes,portwatch,2021-10-31,,2026-09-26,estimated,0
shipping_container_exports,kr,nation,2021-10,7060468,tonnes,portwatch,2021-10-31,,2026-10-06T05:59:41+00:00,estimated,1
shipping_container_exports,kr,nation,2021-11,6323020,tonnes,portwatch,2021-11-30,,2026-09-26,estimated,0
shipping_container_exports,kr,nation,2021-11,6322970,tonnes,portwatch,2021-11-30,,2026-10-06T05:59:41+00:00,estimated,1
shipping_container_exports,kr,nation,2021-12,6576249,tonnes,portwatch,2021-12-31,,2026-09-26,estimated,0
shipping_container_exports,kr,nation,2021-12,6576229,tonnes,portwatch,2021-12-31,,2026-10-06T05:59:41+00:00,estimated,1
shipping_container_exports,kr,nation,2022-01,6702300,tonnes,portwatch,2022-01-31,,2026-09-26,estimated,0
shipping_container_exports,kr,nation,2022-01,6702272,tonnes,portwatch,2022-01-31,,2026-10-06T05:59:41+00:00,estimated,1
shipping_container_exports,kr,nation,2022-02,6247998,tonnes,portwatch,2022-02-28,,2026-09-26,estimated,0
shipping_container_exports,kr,nation,2022-02,6247953,tonnes,portwatch,2022-02-28,,2026-10-06T05:59:41+00:00,estimated,1
shipping_container_exports,kr,nation,2022-03,6839362,tonnes,portwatch,2022-03-31,,2026-09-26,estimated,0
shipping_container_exports,kr,nation,2022-03,6839350,tonnes,portwatch,2022-03-31,,2026-10-06T05:59:41+00:00,estimated,1
shipping_container_exports,kr,nation,2022-04,6730266,tonnes,portwatch,2022-04-30,,2026-09-26,estimated,0
shipping_container_exports,kr,nation,2022-04,6730221,tonnes,portwatch,2022-04-30,,2026-10-06T05:59:41+00:00,estimated,1
shipping_container_exports,kr,nation,2022-05,6836162,tonnes,portwatch,2022-05-31,,2026-09-26,estimated,0
shipping_container_exports,kr,nation,2022-05,6836157,tonnes,portwatch,2022-05-31,,2026-10-06T05:59:41+00:00,estimated,1
shipping_container_exports,kr,nation,2022-06,5696370,tonnes,portwatch,2022-06-30,,2026-09-26,estimated,0
shipping_container_exports,kr,nation,2022-06,5696578,tonnes,portwatch,2022-06-30,,2026-10-06T05:59:41+00:00,estimated,1
shipping_container_exports,kr,nation,2022-07,6931970,tonnes,portwatch,2022-07-31,,2026-09-26,estimated,0
shipping_container_exports,kr,nation,2022-07,6931985,tonnes,portwatch,2022-07-31,,2026-10-06T05:59:41+00:00,estimated,1
shipping_container_exports,kr,nation,2022-08,6298557,tonnes,portwatch,2022-08-31,,2026-09-26,estimated,0
shipping_container_exports,kr,nation,2022-08,6298545,tonnes,portwatch,2022-08-31,,2026-10-06T05:59:41+00:00,estimated,1
shipping_container_exports,kr,nation,2022-09,5769508,tonnes,portwatch,2022-09-30,,2026-09-26,estimated,0
shipping_container_exports,kr,nation,2022-09,5769504,tonnes,portwatch,2022-09-30,,2026-10-06T05:59:41+00:00,estimated,1
shipping_container_exports,kr,nation,2022-10,6400655,tonnes,portwatch,2022-10-31,,2026-09-26,estimated,0
shipping_container_exports,kr,nation,2022-10,6400683,tonnes,portwatch,2022-10-31,,2026-10-06T05:59:41+00:00,estimated,1
shipping_container_exports,kr,nation,2022-11,6089650,tonnes,portwatch,2022-11-30,,2026-09-26,estimated,0
shipping_container_exports,kr,nation,2022-11,6089617,tonnes,portwatch,2022-11-30,,2026-10-06T05:59:41+00:00,estimated,1
shipping_container_exports,kr,nation,2022-12,5769252,tonnes,portwatch,2022-12-31,,2026-09-26,estimated,0
shipping_container_exports,kr,nation,2022-12,5769245,tonnes,portwatch,2022-12-31,,2026-10-06T05:59:41+00:00,estimated,1
shipping_container_exports,kr,nation,2023-01,6138847,tonnes,portwatch,2023-01-31,,2026-09-26,estimated,0
shipping_container_exports,kr,nation,2023-01,6138887,tonnes,portwatch,2023-01-31,,2026-10-06T05:59:41+00:00,estimated,1
shipping_container_exports,kr,nation,2023-02,6309216,tonnes,portwatch,2023-02-28,,2026-09-26,estimated,0
shipping_container_exports,kr,nation,2023-02,6309248,tonnes,portwatch,2023-02-28,,2026-10-06T05:59:41+00:00,estimated,1
shipping_container_exports,kr,nation,2023-03,6878933,tonnes,portwatch,2023-03-31,,2026-09-26,estimated,0
shipping_container_exports,kr,nation,2023-03,6879020,tonnes,portwatch,2023-03-31,,2026-10-06T05:59:41+00:00,estimated,1
shipping_container_exports,kr,nation,2023-04,6693312,tonnes,portwatch,2023-04-30,,2026-09-26,estimated,0
shipping_container_exports,kr,nation,2023-04,6693326,tonnes,portwatch,2023-04-30,,2026-10-06T05:59:41+00:00,estimated,1
shipping_container_exports,kr,nation,2023-05,6961555,tonnes,portwatch,2023-05-31,,2026-09-26,estimated,0
shipping_container_exports,kr,nation,2023-05,6961568,tonnes,portwatch,2023-05-31,,2026-10-06T05:59:41+00:00,estimated,1
shipping_container_exports,kr,nation,2023-06,6534482,tonnes,portwatch,2023-06-30,,2026-09-26,estimated,0
shipping_container_exports,kr,nation,2023-06,6534538,tonnes,portwatch,2023-06-30,,2026-10-06T05:59:41+00:00,estimated,1
shipping_container_exports,kr,nation,2023-07,6671399,tonnes,portwatch,2023-07-31,,2026-09-26,estimated,0
shipping_container_exports,kr,nation,2023-07,6671411,tonnes,portwatch,2023-07-31,,2026-10-06T05:59:41+00:00,estimated,1
shipping_container_exports,kr,nation,2023-08,6352832,tonnes,portwatch,2023-08-31,,2026-09-26,estimated,0
shipping_container_exports,kr,nation,2023-08,6352870,tonnes,portwatch,2023-08-31,,2026-10-06T05:59:41+00:00,estimated,1
shipping_container_exports,kr,nation,2023-09,6911292,tonnes,portwatch,2023-09-30,,2026-09-26,estimated,0
shipping_container_exports,kr,nation,2023-09,6911290,tonnes,portwatch,2023-09-30,,2026-10-06T05:59:41+00:00,estimated,1
shipping_container_exports,kr,nation,2023-10,6437811,tonnes,portwatch,2023-10-31,,2026-09-26,estimated,0
shipping_container_exports,kr,nation,2023-10,6437868,tonnes,portwatch,2023-10-31,,2026-10-06T05:59:41+00:00,estimated,1
shipping_container_exports,kr,nation,2023-11,6993105,tonnes,portwatch,2023-11-30,,2026-09-26,estimated,0
shipping_container_exports,kr,nation,2023-11,6993134,tonnes,portwatch,2023-11-30,,2026-10-06T05:59:41+00:00,estimated,1
shipping_container_exports,kr,nation,2023-12,6636472,tonnes,portwatch,2023-12-31,,2026-09-26,estimated,0
shipping_container_exports,kr,nation,2023-12,6636505,tonnes,portwatch,2023-12-31,,2026-10-06T05:59:41+00:00,estimated,1
shipping_container_exports,kr,nation,2024-01,6689625,tonnes,portwatch,2024-01-31,,2026-09-26,estimated,0
shipping_container_exports,kr,nation,2024-01,6689678,tonnes,portwatch,2024-01-31,,2026-10-06T05:59:41+00:00,estimated,1
shipping_container_exports,kr,nation,2024-02,6389191,tonnes,portwatch,2024-02-29,,2026-09-26,estimated,0
shipping_container_exports,kr,nation,2024-02,6389226,tonnes,portwatch,2024-02-29,,2026-10-06T05:59:41+00:00,estimated,1
shipping_container_exports,kr,nation,2024-03,7238048,tonnes,portwatch,2024-03-31,,2026-09-26,estimated,0
shipping_container_exports,kr,nation,2024-03,7238141,tonnes,portwatch,2024-03-31,,2026-10-06T05:59:41+00:00,estimated,1
shipping_container_exports,kr,nation,2024-04,7164546,tonnes,portwatch,2024-04-30,,2026-09-26,estimated,0
shipping_container_exports,kr,nation,2024-04,7164569,tonnes,portwatch,2024-04-30,,2026-10-06T05:59:41+00:00,estimated,1
shipping_container_exports,kr,nation,2024-05,7060694,tonnes,portwatch,2024-05-31,,2026-09-26,estimated,0
shipping_container_exports,kr,nation,2024-05,7060749,tonnes,portwatch,2024-05-31,,2026-10-06T05:59:41+00:00,estimated,1
shipping_container_exports,kr,nation,2024-06,6963110,tonnes,portwatch,2024-06-30,,2026-09-26,estimated,0
shipping_container_exports,kr,nation,2024-06,6963204,tonnes,portwatch,2024-06-30,,2026-10-06T05:59:41+00:00,estimated,1
shipping_container_exports,kr,nation,2024-07,7170403,tonnes,portwatch,2024-07-31,,2026-09-26,estimated,0
shipping_container_exports,kr,nation,2024-07,7170370,tonnes,portwatch,2024-07-31,,2026-10-06T05:59:41+00:00,estimated,1
shipping_container_exports,kr,nation,2024-08,6844143,tonnes,portwatch,2024-08-31,,2026-09-26,estimated,0
shipping_container_exports,kr,nation,2024-08,6844177,tonnes,portwatch,2024-08-31,,2026-10-06T05:59:41+00:00,estimated,1
shipping_container_exports,kr,nation,2024-09,6210937,tonnes,portwatch,2024-09-30,,2026-09-26,estimated,0
shipping_container_exports,kr,nation,2024-09,6210956,tonnes,portwatch,2024-09-30,,2026-10-06T05:59:41+00:00,estimated,1
shipping_container_exports,kr,nation,2024-10,6868817,tonnes,portwatch,2024-10-31,,2026-09-26,estimated,0
shipping_container_exports,kr,nation,2024-10,6868820,tonnes,portwatch,2024-10-31,,2026-10-06T05:59:41+00:00,estimated,1
shipping_container_exports,kr,nation,2024-11,6615865,tonnes,portwatch,2024-11-30,,2026-09-26,estimated,0
shipping_container_exports,kr,nation,2024-11,6615921,tonnes,portwatch,2024-11-30,,2026-10-06T05:59:41+00:00,estimated,1
shipping_container_exports,kr,nation,2024-12,6637365,tonnes,portwatch,2024-12-31,,2026-09-26,estimated,0
shipping_container_exports,kr,nation,2024-12,6637470,tonnes,portwatch,2024-12-31,,2026-10-06T05:59:41+00:00,estimated,1
shipping_container_exports,kr,nation,2025-01,6419364,tonnes,portwatch,2025-01-31,,2026-09-26,estimated,0
shipping_container_exports,kr,nation,2025-01,6419423,tonnes,portwatch,2025-01-31,,2026-10-06T05:59:41+00:00,estimated,1
shipping_container_exports,kr,nation,2025-02,6498570,tonnes,portwatch,2025-02-28,,2026-09-26,estimated,0
shipping_container_exports,kr,nation,2025-02,6498407,tonnes,portwatch,2025-02-28,,2026-10-06T05:59:41+00:00,estimated,1
shipping_container_exports,kr,nation,2025-03,7084846,tonnes,portwatch,2025-03-31,,2026-09-26,estimated,0
shipping_container_exports,kr,nation,2025-03,7084698,tonnes,portwatch,2025-03-31,,2026-10-06T05:59:41+00:00,estimated,1
shipping_container_exports,kr,nation,2025-04,6721482,tonnes,portwatch,2025-04-30,,2026-09-26,estimated,0
shipping_container_exports,kr,nation,2025-04,6721483,tonnes,portwatch,2025-04-30,,2026-10-06T05:59:41+00:00,estimated,1
shipping_container_exports,kr,nation,2025-05,7044295,tonnes,portwatch,2025-05-31,,2026-09-26,estimated,0
shipping_container_exports,kr,nation,2025-05,7043855,tonnes,portwatch,2025-05-31,,2026-10-06T05:59:41+00:00,estimated,1
shipping_container_exports,kr,nation,2025-06,6970660,tonnes,portwatch,2025-06-30,,2026-09-26,estimated,0
shipping_container_exports,kr,nation,2025-06,6970116,tonnes,portwatch,2025-06-30,,2026-10-06T05:59:41+00:00,estimated,1
shipping_container_exports,kr,nation,2025-07,7157100,tonnes,portwatch,2025-07-31,,2026-09-26,estimated,0
shipping_container_exports,kr,nation,2025-07,7156803,tonnes,portwatch,2025-07-31,,2026-10-06T05:59:41+00:00,estimated,1
shipping_container_exports,kr,nation,2025-08,6410719,tonnes,portwatch,2025-08-31,,2026-09-26,estimated,0
shipping_container_exports,kr,nation,2025-08,6409882,tonnes,portwatch,2025-08-31,,2026-10-06T05:59:41+00:00,estimated,1
shipping_container_exports,kr,nation,2025-09,6467955,tonnes,portwatch,2025-09-30,,2026-09-26,estimated,0
shipping_container_exports,kr,nation,2025-09,6466891,tonnes,portwatch,2025-09-30,,2026-10-06T05:59:41+00:00,estimated,1
shipping_container_exports,kr,nation,2025-10,6169722,tonnes,portwatch,2025-10-31,,2026-09-26,estimated,0
shipping_container_exports,kr,nation,2025-10,6169084,tonnes,portwatch,2025-10-31,,2026-10-06T05:59:41+00:00,estimated,1
shipping_container_exports,kr,nation,2025-11,6612839,tonnes,portwatch,2025-11-30,,2026-09-26,estimated,0
shipping_container_exports,kr,nation,2025-11,6611755,tonnes,portwatch,2025-11-30,,2026-10-06T05:59:41+00:00,estimated,1
shipping_container_exports,kr,nation,2025-12,6795828,tonnes,portwatch,2025-12-31,,2026-09-26,estimated,0
shipping_container_exports,kr,nation,2025-12,6794432,tonnes,portwatch,2025-12-31,,2026-10-06T05:59:41+00:00,estimated,1
shipping_container_exports,kr,nation,2026-01,6493072,tonnes,portwatch,2026-01-31,,2026-09-26,estimated,0
shipping_container_exports,kr,nation,2026-01,6492299,tonnes,portwatch,2026-01-31,,2026-10-06T05:59:41+00:00,estimated,1
shipping_container_exports,kr,nation,2026-02,5890017,tonnes,portwatch,2026-02-28,,2026-09-26,estimated,0
shipping_container_exports,kr,nation,2026-02,5889382,tonnes,portwatch,2026-02-28,,2026-10-06T05:59:41+00:00,estimated,1
shipping_container_exports,kr,nation,2026-03,7260208,tonnes,portwatch,2026-03-31,,2026-09-26,estimated,0
shipping_container_exports,kr,nation,2026-03,7259101,tonnes,portwatch,2026-03-31,,2026-10-06T05:59:41+00:00,estimated,1
shipping_container_exports,kr,nation,2026-04,6647952,tonnes,portwatch,2026-04-30,,2026-09-26,estimated,0
shipping_container_exports,kr,nation,2026-04,6646370,tonnes,portwatch,2026-04-30,,2026-10-06T05:59:41+00:00,estimated,1
shipping_container_exports,kr,nation,2026-05,6623599,tonnes,portwatch,2026-05-31,,2026-09-26,estimated,0
shipping_container_exports,kr,nation,2026-05,6622332,tonnes,portwatch,2026-05-31,,2026-10-06T05:59:41+00:00,estimated,1
shipping_container_exports,kr,nation,2026-06,6910231,tonnes,portwatch,2026-06-30,,2026-09-26,estimated,0
shipping_container_exports,kr,nation,2026-06,6908839,tonnes,portwatch,2026-06-30,,2026-10-06T05:59:41+00:00,estimated,1
shipping_container_exports,kr,nation,2026-07,6837686,tonnes,portwatch,2026-07-31,,2026-09-26,estimated,0
shipping_container_exports,kr,nation,2026-07,6836319,tonnes,portwatch,2026-07-31,,2026-10-06T05:59:41+00:00,estimated,1
shipping_container_exports,kr,nation,2026-08,6642480,tonnes,portwatch,2026-08-31,,2026-09-26,estimated,0
shipping_container_exports,kr,nation,2026-08,6639407,tonnes,portwatch,2026-08-31,,2026-10-06T05:59:41+00:00,estimated,1
shipping_container_exports,mx,nation,2019-01,2599188,tonnes,portwatch,2019-01-31,,2026-09-26,estimated,0
shipping_container_exports,mx,nation,2019-01,2599203,tonnes,portwatch,2019-01-31,,2026-10-06T05:59:37+00:00,estimated,1
shipping_container_exports,mx,nation,2019-02,2448688,tonnes,portwatch,2019-02-28,,2026-09-26,estimated,0
shipping_container_exports,mx,nation,2019-02,2448462,tonnes,portwatch,2019-02-28,,2026-10-06T05:59:37+00:00,estimated,1
shipping_container_exports,mx,nation,2019-03,2935973,tonnes,portwatch,2019-03-31,,2026-09-26,estimated,0
shipping_container_exports,mx,nation,2019-03,2935859,tonnes,portwatch,2019-03-31,,2026-10-06T05:59:37+00:00,estimated,1
shipping_container_exports,mx,nation,2019-04,2468599,tonnes,portwatch,2019-04-30,,2026-09-26,estimated,0
shipping_container_exports,mx,nation,2019-04,2468433,tonnes,portwatch,2019-04-30,,2026-10-06T05:59:37+00:00,estimated,1
shipping_container_exports,mx,nation,2019-05,2807746,tonnes,portwatch,2019-05-31,,2026-09-26,estimated,0
shipping_container_exports,mx,nation,2019-05,2807595,tonnes,portwatch,2019-05-31,,2026-10-06T05:59:37+00:00,estimated,1
shipping_container_exports,mx,nation,2019-06,2716238,tonnes,portwatch,2019-06-30,,2026-09-26,estimated,0
shipping_container_exports,mx,nation,2019-06,2716115,tonnes,portwatch,2019-06-30,,2026-10-06T05:59:37+00:00,estimated,1
shipping_container_exports,mx,nation,2019-07,2770390,tonnes,portwatch,2019-07-31,,2026-09-26,estimated,0
shipping_container_exports,mx,nation,2019-07,2770297,tonnes,portwatch,2019-07-31,,2026-10-06T05:59:37+00:00,estimated,1
shipping_container_exports,mx,nation,2019-08,2887722,tonnes,portwatch,2019-08-31,,2026-09-26,estimated,0
shipping_container_exports,mx,nation,2019-08,2887590,tonnes,portwatch,2019-08-31,,2026-10-06T05:59:37+00:00,estimated,1
shipping_container_exports,mx,nation,2019-09,2702220,tonnes,portwatch,2019-09-30,,2026-09-26,estimated,0
shipping_container_exports,mx,nation,2019-09,2702098,tonnes,portwatch,2019-09-30,,2026-10-06T05:59:37+00:00,estimated,1
shipping_container_exports,mx,nation,2019-10,2730318,tonnes,portwatch,2019-10-31,,2026-09-26,estimated,0
shipping_container_exports,mx,nation,2019-10,2730233,tonnes,portwatch,2019-10-31,,2026-10-06T05:59:37+00:00,estimated,1
shipping_container_exports,mx,nation,2019-11,2633687,tonnes,portwatch,2019-11-30,,2026-09-26,estimated,0
shipping_container_exports,mx,nation,2019-11,2633558,tonnes,portwatch,2019-11-30,,2026-10-06T05:59:37+00:00,estimated,1
shipping_container_exports,mx,nation,2019-12,2461601,tonnes,portwatch,2019-12-31,,2026-09-26,estimated,0
shipping_container_exports,mx,nation,2019-12,2461073,tonnes,portwatch,2019-12-31,,2026-10-06T05:59:37+00:00,estimated,1
shipping_container_exports,mx,nation,2020-01,2668918,tonnes,portwatch,2020-01-31,,2026-09-26,estimated,0
shipping_container_exports,mx,nation,2020-01,2668876,tonnes,portwatch,2020-01-31,,2026-10-06T05:59:37+00:00,estimated,1
shipping_container_exports,mx,nation,2020-02,2367549,tonnes,portwatch,2020-02-29,,2026-09-26,estimated,0
shipping_container_exports,mx,nation,2020-02,2367400,tonnes,portwatch,2020-02-29,,2026-10-06T05:59:37+00:00,estimated,1
shipping_container_exports,mx,nation,2020-03,2193059,tonnes,portwatch,2020-03-31,,2026-09-26,estimated,0
shipping_container_exports,mx,nation,2020-03,2192907,tonnes,portwatch,2020-03-31,,2026-10-06T05:59:37+00:00,estimated,1
shipping_container_exports,mx,nation,2020-04,2301386,tonnes,portwatch,2020-04-30,,2026-09-26,estimated,0
shipping_container_exports,mx,nation,2020-04,2301264,tonnes,portwatch,2020-04-30,,2026-10-06T05:59:37+00:00,estimated,1
shipping_container_exports,mx,nation,2020-05,2434785,tonnes,portwatch,2020-05-31,,2026-09-26,estimated,0
shipping_container_exports,mx,nation,2020-05,2434742,tonnes,portwatch,2020-05-31,,2026-10-06T05:59:37+00:00,estimated,1
shipping_container_exports,mx,nation,2020-06,2189251,tonnes,portwatch,2020-06-30,,2026-09-26,estimated,0
shipping_container_exports,mx,nation,2020-06,2189158,tonnes,portwatch,2020-06-30,,2026-10-06T05:59:37+00:00,estimated,1
shipping_container_exports,mx,nation,2020-07,2273322,tonnes,portwatch,2020-07-31,,2026-09-26,estimated,0
shipping_container_exports,mx,nation,2020-07,2273201,tonnes,portwatch,2020-07-31,,2026-10-06T05:59:37+00:00,estimated,1
shipping_container_exports,mx,nation,2020-08,2320625,tonnes,portwatch,2020-08-31,,2026-09-26,estimated,0
shipping_container_exports,mx,nation,2020-08,2320546,tonnes,portwatch,2020-08-31,,2026-10-06T05:59:37+00:00,estimated,1
shipping_container_exports,mx,nation,2020-09,2360496,tonnes,portwatch,2020-09-30,,2026-09-26,estimated,0
shipping_container_exports,mx,nation,2020-09,2360295,tonnes,portwatch,2020-09-30,,2026-10-06T05:59:37+00:00,estimated,1
shipping_container_exports,mx,nation,2020-10,2668778,tonnes,portwatch,2020-10-31,,2026-09-26,estimated,0
shipping_container_exports,mx,nation,2020-10,2668594,tonnes,portwatch,2020-10-31,,2026-10-06T05:59:37+00:00,estimated,1
shipping_container_exports,mx,nation,2020-11,2499972,tonnes,portwatch,2020-11-30,,2026-09-26,estimated,0
shipping_container_exports,mx,nation,2020-11,2499829,tonnes,portwatch,2020-11-30,,2026-10-06T05:59:37+00:00,estimated,1
shipping_container_exports,mx,nation,2020-12,2601805,tonnes,portwatch,2020-12-31,,2026-09-26,estimated,0
shipping_container_exports,mx,nation,2020-12,2601707,tonnes,portwatch,2020-12-31,,2026-10-06T05:59:37+00:00,estimated,1
shipping_container_exports,mx,nation,2021-01,2554460,tonnes,portwatch,2021-01-31,,2026-09-26,estimated,0
shipping_container_exports,mx,nation,2021-01,2554237,tonnes,portwatch,2021-01-31,,2026-10-06T05:59:37+00:00,estimated,1
shipping_container_exports,mx,nation,2021-02,2522548,tonnes,portwatch,2021-02-28,,2026-09-26,estimated,0
shipping_container_exports,mx,nation,2021-02,2522467,tonnes,portwatch,2021-02-28,,2026-10-06T05:59:37+00:00,estimated,1
shipping_container_exports,mx,nation,2021-03,2572066,tonnes,portwatch,2021-03-31,,2026-09-26,estimated,0
shipping_container_exports,mx,nation,2021-03,2571881,tonnes,portwatch,2021-03-31,,2026-10-06T05:59:37+00:00,estimated,1
shipping_container_exports,mx,nation,2021-04,2704971,tonnes,portwatch,2021-04-30,,2026-09-26,estimated,0
shipping_container_exports,mx,nation,2021-04,2704791,tonnes,portwatch,2021-04-30,,2026-10-06T05:59:37+00:00,estimated,1
shipping_container_exports,mx,nation,2021-05,2568405,tonnes,portwatch,2021-05-31,,2026-09-26,estimated,0
shipping_container_exports,mx,nation,2021-05,2568237,tonnes,portwatch,2021-05-31,,2026-10-06T05:59:37+00:00,estimated,1
shipping_container_exports,mx,nation,2021-06,2915735,tonnes,portwatch,2021-06-30,,2026-09-26,estimated,0
shipping_container_exports,mx,nation,2021-06,2915625,tonnes,portwatch,2021-06-30,,2026-10-06T05:59:37+00:00,estimated,1
shipping_container_exports,mx,nation,2021-07,3019277,tonnes,portwatch,2021-07-31,,2026-09-26,estimated,0
shipping_container_exports,mx,nation,2021-07,3019131,tonnes,portwatch,2021-07-31,,2026-10-06T05:59:37+00:00,estimated,1
shipping_container_exports,mx,nation,2021-08,3043150,tonnes,portwatch,2021-08-31,,2026-09-26,estimated,0
shipping_container_exports,mx,nation,2021-08,3042891,tonnes,portwatch,2021-08-31,,2026-10-06T05:59:37+00:00,estimated,1
shipping_container_exports,mx,nation,2021-09,3040390,tonnes,portwatch,2021-09-30,,2026-09-26,estimated,0
shipping_container_exports,mx,nation,2021-09,3040244,tonnes,portwatch,2021-09-30,,2026-10-06T05:59:37+00:00,estimated,1
shipping_container_exports,mx,nation,2021-10,2944275,tonnes,portwatch,2021-10-31,,2026-09-26,estimated,0
shipping_container_exports,mx,nation,2021-10,2944238,tonnes,portwatch,2021-10-31,,2026-10-06T05:59:37+00:00,estimated,1
shipping_container_exports,mx,nation,2021-11,2912914,tonnes,portwatch,2021-11-30,,2026-09-26,estimated,0
shipping_container_exports,mx,nation,2021-11,2912814,tonnes,portwatch,2021-11-30,,2026-10-06T05:59:37+00:00,estimated,1
shipping_container_exports,mx,nation,2021-12,3300474,tonnes,portwatch,2021-12-31,,2026-09-26,estimated,0
shipping_container_exports,mx,nation,2021-12,3300425,tonnes,portwatch,2021-12-31,,2026-10-06T05:59:37+00:00,estimated,1
shipping_container_exports,mx,nation,2022-01,2844642,tonnes,portwatch,2022-01-31,,2026-09-26,estimated,0
shipping_container_exports,mx,nation,2022-01,2844542,tonnes,portwatch,2022-01-31,,2026-10-06T05:59:37+00:00,estimated,1
shipping_container_exports,mx,nation,2022-02,2834666,tonnes,portwatch,2022-02-28,,2026-09-26,estimated,0
shipping_container_exports,mx,nation,2022-02,2834539,tonnes,portwatch,2022-02-28,,2026-10-06T05:59:37+00:00,estimated,1
shipping_container_exports,mx,nation,2022-03,3361878,tonnes,portwatch,2022-03-31,,2026-09-26,estimated,0
shipping_container_exports,mx,nation,2022-03,3361864,tonnes,portwatch,2022-03-31,,2026-10-06T05:59:37+00:00,estimated,1
shipping_container_exports,mx,nation,2022-04,2919447,tonnes,portwatch,2022-04-30,,2026-09-26,estimated,0
shipping_container_exports,mx,nation,2022-04,2919386,tonnes,portwatch,2022-04-30,,2026-10-06T05:59:37+00:00,estimated,1
shipping_container_exports,mx,nation,2022-05,3145460,tonnes,portwatch,2022-05-31,,2026-09-26,estimated,0
shipping_container_exports,mx,nation,2022-05,3145343,tonnes,portwatch,2022-05-31,,2026-10-06T05:59:37+00:00,estimated,1
shipping_container_exports,mx,nation,2022-06,2961539,tonnes,portwatch,2022-06-30,,2026-09-26,estimated,0
shipping_container_exports,mx,nation,2022-06,2961526,tonnes,portwatch,2022-06-30,,2026-10-06T05:59:37+00:00,estimated,1
shipping_container_exports,mx,nation,2022-07,3198665,tonnes,portwatch,2022-07-31,,2026-09-26,estimated,0
shipping_container_exports,mx,nation,2022-07,3198307,tonnes,portwatch,2022-07-31,,2026-10-06T05:59:37+00:00,estimated,1
shipping_container_exports,mx,nation,2022-08,3268301,tonnes,portwatch,2022-08-31,,2026-09-26,estimated,0
shipping_container_exports,mx,nation,2022-08,3268223,tonnes,portwatch,2022-08-31,,2026-10-06T05:59:37+00:00,estimated,1
shipping_container_exports,mx,nation,2022-09,2742068,tonnes,portwatch,2022-09-30,,2026-09-26,estimated,0
shipping_container_exports,mx,nation,2022-09,2741951,tonnes,portwatch,2022-09-30,,2026-10-06T05:59:37+00:00,estimated,1
shipping_container_exports,mx,nation,2022-10,3145595,tonnes,portwatch,2022-10-31,,2026-09-26,estimated,0
shipping_container_exports,mx,nation,2022-10,3145368,tonnes,portwatch,2022-10-31,,2026-10-06T05:59:37+00:00,estimated,1
shipping_container_exports,mx,nation,2022-11,3148836,tonnes,portwatch,2022-11-30,,2026-09-26,estimated,0
shipping_container_exports,mx,nation,2022-11,3148801,tonnes,portwatch,2022-11-30,,2026-10-06T05:59:37+00:00,estimated,1
shipping_container_exports,mx,nation,2022-12,2931502,tonnes,portwatch,2022-12-31,,2026-09-26,estimated,0
shipping_container_exports,mx,nation,2022-12,2931314,tonnes,portwatch,2022-12-31,,2026-10-06T05:59:37+00:00,estimated,1
shipping_container_exports,mx,nation,2023-01,2620498,tonnes,portwatch,2023-01-31,,2026-09-26,estimated,0
shipping_container_exports,mx,nation,2023-01,2620452,tonnes,portwatch,2023-01-31,,2026-10-06T05:59:37+00:00,estimated,1
shipping_container_exports,mx,nation,2023-02,2770346,tonnes,portwatch,2023-02-28,,2026-09-26,estimated,0
shipping_container_exports,mx,nation,2023-02,2770278,tonnes,portwatch,2023-02-28,,2026-10-06T05:59:37+00:00,estimated,1
shipping_container_exports,mx,nation,2023-03,2797125,tonnes,portwatch,2023-03-31,,2026-09-26,estimated,0
shipping_container_exports,mx,nation,2023-03,2797080,tonnes,portwatch,2023-03-31,,2026-10-06T05:59:37+00:00,estimated,1
shipping_container_exports,mx,nation,2023-04,2783846,tonnes,portwatch,2023-04-30,,2026-09-26,estimated,0
shipping_container_exports,mx,nation,2023-04,2783680,tonnes,portwatch,2023-04-30,,2026-10-06T05:59:37+00:00,estimated,1
shipping_container_exports,mx,nation,2023-05,3009418,tonnes,portwatch,2023-05-31,,2026-09-26,estimated,0
shipping_container_exports,mx,nation,2023-05,3009172,tonnes,portwatch,2023-05-31,,2026-10-06T05:59:37+00:00,estimated,1
shipping_container_exports,mx,nation,2023-06,3061646,tonnes,portwatch,2023-06-30,,2026-09-26,estimated,0
shipping_container_exports,mx,nation,2023-06,3061463,tonnes,portwatch,2023-06-30,,2026-10-06T05:59:37+00:00,estimated,1
shipping_container_exports,mx,nation,2023-07,3192284,tonnes,portwatch,2023-07-31,,2026-09-26,estimated,0
shipping_container_exports,mx,nation,2023-07,3192124,tonnes,portwatch,2023-07-31,,2026-10-06T05:59:37+00:00,estimated,1
shipping_container_exports,mx,nation,2023-08,3212589,tonnes,portwatch,2023-08-31,,2026-09-26,estimated,0
shipping_container_exports,mx,nation,2023-08,3212497,tonnes,portwatch,2023-08-31,,2026-10-06T05:59:37+00:00,estimated,1
shipping_container_exports,mx,nation,2023-09,3349008,tonnes,portwatch,2023-09-30,,2026-09-26,estimated,0
shipping_container_exports,mx,nation,2023-09,3348852,tonnes,portwatch,2023-09-30,,2026-10-06T05:59:37+00:00,estimated,1
shipping_container_exports,mx,nation,2023-10,3228474,tonnes,portwatch,2023-10-31,,2026-09-26,estimated,0
shipping_container_exports,mx,nation,2023-10,3228340,tonnes,portwatch,2023-10-31,,2026-10-06T05:59:37+00:00,estimated,1
shipping_container_exports,mx,nation,2023-11,3048413,tonnes,portwatch,2023-11-30,,2026-09-26,estimated,0
shipping_container_exports,mx,nation,2023-11,3048340,tonnes,portwatch,2023-11-30,,2026-10-06T05:59:37+00:00,estimated,1
shipping_container_exports,mx,nation,2023-12,2961185,tonnes,portwatch,2023-12-31,,2026-09-26,estimated,0
shipping_container_exports,mx,nation,2023-12,2961163,tonnes,portwatch,2023-12-31,,2026-10-06T05:59:37+00:00,estimated,1
shipping_container_exports,mx,nation,2024-01,3056662,tonnes,portwatch,2024-01-31,,2026-09-26,estimated,0
shipping_container_exports,mx,nation,2024-01,3056549,tonnes,portwatch,2024-01-31,,2026-10-06T05:59:37+00:00,estimated,1
shipping_container_exports,mx,nation,2024-02,3250173,tonnes,portwatch,2024-02-29,,2026-09-26,estimated,0
shipping_container_exports,mx,nation,2024-02,3250029,tonnes,portwatch,2024-02-29,,2026-10-06T05:59:37+00:00,estimated,1
shipping_container_exports,mx,nation,2024-03,3383094,tonnes,portwatch,2024-03-31,,2026-09-26,estimated,0
shipping_container_exports,mx,nation,2024-03,3382790,tonnes,portwatch,2024-03-31,,2026-10-06T05:59:37+00:00,estimated,1
shipping_container_exports,mx,nation,2024-04,3081647,tonnes,portwatch,2024-04-30,,2026-09-26,estimated,0
shipping_container_exports,mx,nation,2024-04,3081382,tonnes,portwatch,2024-04-30,,2026-10-06T05:59:37+00:00,estimated,1
shipping_container_exports,mx,nation,2024-05,3091681,tonnes,portwatch,2024-05-31,,2026-09-26,estimated,0
shipping_container_exports,mx,nation,2024-05,3091526,tonnes,portwatch,2024-05-31,,2026-10-06T05:59:37+00:00,estimated,1
shipping_container_exports,mx,nation,2024-06,3475665,tonnes,portwatch,2024-06-30,,2026-09-26,estimated,0
shipping_container_exports,mx,nation,2024-06,3475439,tonnes,portwatch,2024-06-30,,2026-10-06T05:59:37+00:00,estimated,1
shipping_container_exports,mx,nation,2024-07,3272493,tonnes,portwatch,2024-07-31,,2026-09-26,estimated,0
shipping_container_exports,mx,nation,2024-07,3272305,tonnes,portwatch,2024-07-31,,2026-10-06T05:59:37+00:00,estimated,1
shipping_container_exports,mx,nation,2024-08,3388995,tonnes,portwatch,2024-08-31,,2026-09-26,estimated,0
shipping_container_exports,mx,nation,2024-08,3388842,tonnes,portwatch,2024-08-31,,2026-10-06T05:59:37+00:00,estimated,1
shipping_container_exports,mx,nation,2024-09,3103164,tonnes,portwatch,2024-09-30,,2026-09-26,estimated,0
shipping_container_exports,mx,nation,2024-09,3102999,tonnes,portwatch,2024-09-30,,2026-10-06T05:59:37+00:00,estimated,1
shipping_container_exports,mx,nation,2024-10,3561234,tonnes,portwatch,2024-10-31,,2026-09-26,estimated,0
shipping_container_exports,mx,nation,2024-10,3561171,tonnes,portwatch,2024-10-31,,2026-10-06T05:59:37+00:00,estimated,1
shipping_container_exports,mx,nation,2024-11,3580680,tonnes,portwatch,2024-11-30,,2026-09-26,estimated,0
shipping_container_exports,mx,nation,2024-11,3580585,tonnes,portwatch,2024-11-30,,2026-10-06T05:59:37+00:00,estimated,1
shipping_container_exports,mx,nation,2024-12,3507463,tonnes,portwatch,2024-12-31,,2026-09-26,estimated,0
shipping_container_exports,mx,nation,2024-12,3507185,tonnes,portwatch,2024-12-31,,2026-10-06T05:59:37+00:00,estimated,1
shipping_container_exports,mx,nation,2025-01,3268556,tonnes,portwatch,2025-01-31,,2026-09-26,estimated,0
shipping_container_exports,mx,nation,2025-01,3268444,tonnes,portwatch,2025-01-31,,2026-10-06T05:59:37+00:00,estimated,1
shipping_container_exports,mx,nation,2025-02,3509616,tonnes,portwatch,2025-02-28,,2026-09-26,estimated,0
shipping_container_exports,mx,nation,2025-02,3509530,tonnes,portwatch,2025-02-28,,2026-10-06T05:59:37+00:00,estimated,1
shipping_container_exports,mx,nation,2025-03,3646106,tonnes,portwatch,2025-03-31,,2026-09-26,estimated,0
shipping_container_exports,mx,nation,2025-03,3645756,tonnes,portwatch,2025-03-31,,2026-10-06T05:59:37+00:00,estimated,1
shipping_container_exports,mx,nation,2025-04,3615646,tonnes,portwatch,2025-04-30,,2026-09-26,estimated,0
shipping_container_exports,mx,nation,2025-04,3615413,tonnes,portwatch,2025-04-30,,2026-10-06T05:59:37+00:00,estimated,1
shipping_container_exports,mx,nation,2025-05,3666141,tonnes,portwatch,2025-05-31,,2026-09-26,estimated,0
shipping_container_exports,mx,nation,2025-05,3666054,tonnes,portwatch,2025-05-31,,2026-10-06T05:59:37+00:00,estimated,1
shipping_container_exports,mx,nation,2025-06,3350876,tonnes,portwatch,2025-06-30,,2026-09-26,estimated,0
shipping_container_exports,mx,nation,2025-06,3350680,tonnes,portwatch,2025-06-30,,2026-10-06T05:59:37+00:00,estimated,1
shipping_container_exports,mx,nation,2025-07,3334051,tonnes,portwatch,2025-07-31,,2026-09-26,estimated,0
shipping_container_exports,mx,nation,2025-07,3333838,tonnes,portwatch,2025-07-31,,2026-10-06T05:59:37+00:00,estimated,1
shipping_container_exports,mx,nation,2025-08,3600454,tonnes,portwatch,2025-08-31,,2026-09-26,estimated,0
shipping_container_exports,mx,nation,2025-08,3600261,tonnes,portwatch,2025-08-31,,2026-10-06T05:59:37+00:00,estimated,1
shipping_container_exports,mx,nation,2025-09,3622714,tonnes,portwatch,2025-09-30,,2026-09-26,estimated,0
shipping_container_exports,mx,nation,2025-09,3622639,tonnes,portwatch,2025-09-30,,2026-10-06T05:59:37+00:00,estimated,1
shipping_container_exports,mx,nation,2025-10,3486368,tonnes,portwatch,2025-10-31,,2026-09-26,estimated,0
shipping_container_exports,mx,nation,2025-10,3486216,tonnes,portwatch,2025-10-31,,2026-10-06T05:59:37+00:00,estimated,1
shipping_container_exports,mx,nation,2025-11,3477354,tonnes,portwatch,2025-11-30,,2026-09-26,estimated,0
shipping_container_exports,mx,nation,2025-11,3476868,tonnes,portwatch,2025-11-30,,2026-10-06T05:59:37+00:00,estimated,1
shipping_container_exports,mx,nation,2025-12,3572471,tonnes,portwatch,2025-12-31,,2026-09-26,estimated,0
shipping_container_exports,mx,nation,2025-12,3571940,tonnes,portwatch,2025-12-31,,2026-10-06T05:59:37+00:00,estimated,1
shipping_container_exports,mx,nation,2026-01,3634782,tonnes,portwatch,2026-01-31,,2026-09-26,estimated,0
shipping_container_exports,mx,nation,2026-01,3634311,tonnes,portwatch,2026-01-31,,2026-10-06T05:59:37+00:00,estimated,1
shipping_container_exports,mx,nation,2026-02,3240563,tonnes,portwatch,2026-02-28,,2026-09-26,estimated,0
shipping_container_exports,mx,nation,2026-02,3240578,tonnes,portwatch,2026-02-28,,2026-10-06T05:59:37+00:00,estimated,1
shipping_container_exports,mx,nation,2026-03,3715490,tonnes,portwatch,2026-03-31,,2026-09-26,estimated,0
shipping_container_exports,mx,nation,2026-03,3715285,tonnes,portwatch,2026-03-31,,2026-10-06T05:59:37+00:00,estimated,1
shipping_container_exports,mx,nation,2026-04,3721980,tonnes,portwatch,2026-04-30,,2026-09-26,estimated,0
shipping_container_exports,mx,nation,2026-04,3721592,tonnes,portwatch,2026-04-30,,2026-10-06T05:59:37+00:00,estimated,1
shipping_container_exports,mx,nation,2026-05,3730470,tonnes,portwatch,2026-05-31,,2026-09-26,estimated,0
shipping_container_exports,mx,nation,2026-05,3730327,tonnes,portwatch,2026-05-31,,2026-10-06T05:59:37+00:00,estimated,1
shipping_container_exports,mx,nation,2026-06,3481681,tonnes,portwatch,2026-06-30,,2026-09-26,estimated,0
shipping_container_exports,mx,nation,2026-06,3481603,tonnes,portwatch,2026-06-30,,2026-10-06T05:59:37+00:00,estimated,1
shipping_container_exports,mx,nation,2026-07,3865981,tonnes,portwatch,2026-07-31,,2026-09-26,estimated,0
shipping_container_exports,mx,nation,2026-07,3865735,tonnes,portwatch,2026-07-31,,2026-10-06T05:59:37+00:00,estimated,1
shipping_container_exports,mx,nation,2026-08,3742225,tonnes,portwatch,2026-08-31,,2026-09-26,estimated,0
shipping_container_exports,mx,nation,2026-08,3741831,tonnes,portwatch,2026-08-31,,2026-10-06T05:59:37+00:00,estimated,1
shipping_container_exports,nl,nation,2019-01,5191485,tonnes,portwatch,2019-01-31,,2026-09-26,estimated,0
shipping_container_exports,nl,nation,2019-01,5191224,tonnes,portwatch,2019-01-31,,2026-10-06T05:59:37+00:00,estimated,1
shipping_container_exports,nl,nation,2019-02,4935590,tonnes,portwatch,2019-02-28,,2026-09-26,estimated,0
shipping_container_exports,nl,nation,2019-02,4935331,tonnes,portwatch,2019-02-28,,2026-10-06T05:59:37+00:00,estimated,1
shipping_container_exports,nl,nation,2019-03,5089421,tonnes,portwatch,2019-03-31,,2026-09-26,estimated,0
shipping_container_exports,nl,nation,2019-03,5089092,tonnes,portwatch,2019-03-31,,2026-10-06T05:59:37+00:00,estimated,1
shipping_container_exports,nl,nation,2019-04,5290784,tonnes,portwatch,2019-04-30,,2026-09-26,estimated,0
shipping_container_exports,nl,nation,2019-04,5290617,tonnes,portwatch,2019-04-30,,2026-10-06T05:59:37+00:00,estimated,1
shipping_container_exports,nl,nation,2019-05,5579436,tonnes,portwatch,2019-05-31,,2026-09-26,estimated,0
shipping_container_exports,nl,nation,2019-05,5579153,tonnes,portwatch,2019-05-31,,2026-10-06T05:59:37+00:00,estimated,1
shipping_container_exports,nl,nation,2019-06,5124599,tonnes,portwatch,2019-06-30,,2026-09-26,estimated,0
shipping_container_exports,nl,nation,2019-06,5124372,tonnes,portwatch,2019-06-30,,2026-10-06T05:59:37+00:00,estimated,1
shipping_container_exports,nl,nation,2019-07,5269648,tonnes,portwatch,2019-07-31,,2026-09-26,estimated,0
shipping_container_exports,nl,nation,2019-07,5269468,tonnes,portwatch,2019-07-31,,2026-10-06T05:59:37+00:00,estimated,1
shipping_container_exports,nl,nation,2019-08,5135957,tonnes,portwatch,2019-08-31,,2026-09-26,estimated,0
shipping_container_exports,nl,nation,2019-08,5135730,tonnes,portwatch,2019-08-31,,2026-10-06T05:59:37+00:00,estimated,1
shipping_container_exports,nl,nation,2019-09,4937896,tonnes,portwatch,2019-09-30,,2026-09-26,estimated,0
shipping_container_exports,nl,nation,2019-09,4937702,tonnes,portwatch,2019-09-30,,2026-10-06T05:59:37+00:00,estimated,1
shipping_container_exports,nl,nation,2019-10,5736921,tonnes,portwatch,2019-10-31,,2026-09-26,estimated,0
shipping_container_exports,nl,nation,2019-10,5736671,tonnes,portwatch,2019-10-31,,2026-10-06T05:59:37+00:00,estimated,1
shipping_container_exports,nl,nation,2019-11,5234491,tonnes,portwatch,2019-11-30,,2026-09-26,estimated,0
shipping_container_exports,nl,nation,2019-11,5234299,tonnes,portwatch,2019-11-30,,2026-10-06T05:59:37+00:00,estimated,1
shipping_container_exports,nl,nation,2019-12,5203451,tonnes,portwatch,2019-12-31,,2026-09-26,estimated,0
shipping_container_exports,nl,nation,2019-12,5202644,tonnes,portwatch,2019-12-31,,2026-10-06T05:59:37+00:00,estimated,1
shipping_container_exports,nl,nation,2020-01,5470785,tonnes,portwatch,2020-01-31,,2026-09-26,estimated,0
shipping_container_exports,nl,nation,2020-01,5470566,tonnes,portwatch,2020-01-31,,2026-10-06T05:59:37+00:00,estimated,1
shipping_container_exports,nl,nation,2020-02,4620538,tonnes,portwatch,2020-02-29,,2026-09-26,estimated,0
shipping_container_exports,nl,nation,2020-02,4620358,tonnes,portwatch,2020-02-29,,2026-10-06T05:59:37+00:00,estimated,1
shipping_container_exports,nl,nation,2020-03,5446147,tonnes,portwatch,2020-03-31,,2026-09-26,estimated,0
shipping_container_exports,nl,nation,2020-03,5445982,tonnes,portwatch,2020-03-31,,2026-10-06T05:59:37+00:00,estimated,1
shipping_container_exports,nl,nation,2020-04,5121589,tonnes,portwatch,2020-04-30,,2026-09-26,estimated,0
shipping_container_exports,nl,nation,2020-04,5121398,tonnes,portwatch,2020-04-30,,2026-10-06T05:59:37+00:00,estimated,1
shipping_container_exports,nl,nation,2020-05,4939118,tonnes,portwatch,2020-05-31,,2026-09-26,estimated,0
shipping_container_exports,nl,nation,2020-05,4938971,tonnes,portwatch,2020-05-31,,2026-10-06T05:59:37+00:00,estimated,1
shipping_container_exports,nl,nation,2020-06,4944160,tonnes,portwatch,2020-06-30,,2026-09-26,estimated,0
shipping_container_exports,nl,nation,2020-06,4943950,tonnes,portwatch,2020-06-30,,2026-10-06T05:59:37+00:00,estimated,1
shipping_container_exports,nl,nation,2020-07,5401185,tonnes,portwatch,2020-07-31,,2026-09-26,estimated,0
shipping_container_exports,nl,nation,2020-07,5401025,tonnes,portwatch,2020-07-31,,2026-10-06T05:59:37+00:00,estimated,1
shipping_container_exports,nl,nation,2020-08,5378981,tonnes,portwatch,2020-08-31,,2026-09-26,estimated,0
shipping_container_exports,nl,nation,2020-08,5378825,tonnes,portwatch,2020-08-31,,2026-10-06T05:59:37+00:00,estimated,1
shipping_container_exports,nl,nation,2020-09,5051909,tonnes,portwatch,2020-09-30,,2026-09-26,estimated,0
shipping_container_exports,nl,nation,2020-09,5051776,tonnes,portwatch,2020-09-30,,2026-10-06T05:59:37+00:00,estimated,1
shipping_container_exports,nl,nation,2020-10,5834510,tonnes,portwatch,2020-10-31,,2026-09-26,estimated,0
shipping_container_exports,nl,nation,2020-10,5834271,tonnes,portwatch,2020-10-31,,2026-10-06T05:59:37+00:00,estimated,1
shipping_container_exports,nl,nation,2020-11,5555575,tonnes,portwatch,2020-11-30,,2026-09-26,estimated,0
shipping_container_exports,nl,nation,2020-11,5555441,tonnes,portwatch,2020-11-30,,2026-10-06T05:59:37+00:00,estimated,1
shipping_container_exports,nl,nation,2020-12,5244428,tonnes,portwatch,2020-12-31,,2026-09-26,estimated,0
shipping_container_exports,nl,nation,2020-12,5244237,tonnes,portwatch,2020-12-31,,2026-10-06T05:59:37+00:00,estimated,1
shipping_container_exports,nl,nation,2021-01,5191198,tonnes,portwatch,2021-01-31,,2026-09-26,estimated,0
shipping_container_exports,nl,nation,2021-01,5191010,tonnes,portwatch,2021-01-31,,2026-10-06T05:59:37+00:00,estimated,1
shipping_container_exports,nl,nation,2021-02,4716932,tonnes,portwatch,2021-02-28,,2026-09-26,estimated,0
shipping_container_exports,nl,nation,2021-02,4716762,tonnes,portwatch,2021-02-28,,2026-10-06T05:59:37+00:00,estimated,1
shipping_container_exports,nl,nation,2021-03,5360322,tonnes,portwatch,2021-03-31,,2026-09-26,estimated,0
shipping_container_exports,nl,nation,2021-03,5360061,tonnes,portwatch,2021-03-31,,2026-10-06T05:59:37+00:00,estimated,1
shipping_container_exports,nl,nation,2021-04,5357953,tonnes,portwatch,2021-04-30,,2026-09-26,estimated,0
shipping_container_exports,nl,nation,2021-04,5357774,tonnes,portwatch,2021-04-30,,2026-10-06T05:59:37+00:00,estimated,1
shipping_container_exports,nl,nation,2021-05,5522242,tonnes,portwatch,2021-05-31,,2026-09-26,estimated,0
shipping_container_exports,nl,nation,2021-05,5522021,tonnes,portwatch,2021-05-31,,2026-10-06T05:59:37+00:00,estimated,1
shipping_container_exports,nl,nation,2021-06,5177453,tonnes,portwatch,2021-06-30,,2026-09-26,estimated,0
shipping_container_exports,nl,nation,2021-06,5177284,tonnes,portwatch,2021-06-30,,2026-10-06T05:59:37+00:00,estimated,1
shipping_container_exports,nl,nation,2021-07,5415769,tonnes,portwatch,2021-07-31,,2026-09-26,estimated,0
shipping_container_exports,nl,nation,2021-07,5415589,tonnes,portwatch,2021-07-31,,2026-10-06T05:59:37+00:00,estimated,1
shipping_container_exports,nl,nation,2021-08,5141327,tonnes,portwatch,2021-08-31,,2026-09-26,estimated,0
shipping_container_exports,nl,nation,2021-08,5141139,tonnes,portwatch,2021-08-31,,2026-10-06T05:59:37+00:00,estimated,1
shipping_container_exports,nl,nation,2021-09,5070744,tonnes,portwatch,2021-09-30,,2026-09-26,estimated,0
shipping_container_exports,nl,nation,2021-09,5070544,tonnes,portwatch,2021-09-30,,2026-10-06T05:59:37+00:00,estimated,1
shipping_container_exports,nl,nation,2021-10,5034324,tonnes,portwatch,2021-10-31,,2026-09-26,estimated,0
shipping_container_exports,nl,nation,2021-10,5034140,tonnes,portwatch,2021-10-31,,2026-10-06T05:59:37+00:00,estimated,1
shipping_container_exports,nl,nation,2021-11,4946699,tonnes,portwatch,2021-11-30,,2026-09-26,estimated,0
shipping_container_exports,nl,nation,2021-11,4946483,tonnes,portwatch,2021-11-30,,2026-10-06T05:59:37+00:00,estimated,1
shipping_container_exports,nl,nation,2021-12,4855279,tonnes,portwatch,2021-12-31,,2026-09-26,estimated,0
shipping_container_exports,nl,nation,2021-12,4855009,tonnes,portwatch,2021-12-31,,2026-10-06T05:59:37+00:00,estimated,1
shipping_container_exports,nl,nation,2022-01,4630742,tonnes,portwatch,2022-01-31,,2026-09-26,estimated,0
shipping_container_exports,nl,nation,2022-01,4630548,tonnes,portwatch,2022-01-31,,2026-10-06T05:59:37+00:00,estimated,1
shipping_container_exports,nl,nation,2022-02,3937233,tonnes,portwatch,2022-02-28,,2026-09-26,estimated,0
shipping_container_exports,nl,nation,2022-02,3936980,tonnes,portwatch,2022-02-28,,2026-10-06T05:59:37+00:00,estimated,1
shipping_container_exports,nl,nation,2022-03,4871013,tonnes,portwatch,2022-03-31,,2026-09-26,estimated,0
shipping_container_exports,nl,nation,2022-03,4870758,tonnes,portwatch,2022-03-31,,2026-10-06T05:59:37+00:00,estimated,1
shipping_container_exports,nl,nation,2022-04,4366337,tonnes,portwatch,2022-04-30,,2026-09-26,estimated,0
shipping_container_exports,nl,nation,2022-04,4366142,tonnes,portwatch,2022-04-30,,2026-10-06T05:59:37+00:00,estimated,1
shipping_container_exports,nl,nation,2022-05,4358781,tonnes,portwatch,2022-05-31,,2026-09-26,estimated,0
shipping_container_exports,nl,nation,2022-05,4358674,tonnes,portwatch,2022-05-31,,2026-10-06T05:59:37+00:00,estimated,1
shipping_container_exports,nl,nation,2022-06,4336123,tonnes,portwatch,2022-06-30,,2026-09-26,estimated,0
shipping_container_exports,nl,nation,2022-06,4335940,tonnes,portwatch,2022-06-30,,2026-10-06T05:59:37+00:00,estimated,1
shipping_container_exports,nl,nation,2022-07,4461070,tonnes,portwatch,2022-07-31,,2026-09-26,estimated,0
shipping_container_exports,nl,nation,2022-07,4460862,tonnes,portwatch,2022-07-31,,2026-10-06T05:59:37+00:00,estimated,1
shipping_container_exports,nl,nation,2022-08,4468767,tonnes,portwatch,2022-08-31,,2026-09-26,estimated,0
shipping_container_exports,nl,nation,2022-08,4468560,tonnes,portwatch,2022-08-31,,2026-10-06T05:59:37+00:00,estimated,1
shipping_container_exports,nl,nation,2022-09,4593808,tonnes,portwatch,2022-09-30,,2026-09-26,estimated,0
shipping_container_exports,nl,nation,2022-09,4593655,tonnes,portwatch,2022-09-30,,2026-10-06T05:59:37+00:00,estimated,1
shipping_container_exports,nl,nation,2022-10,4605310,tonnes,portwatch,2022-10-31,,2026-09-26,estimated,0
shipping_container_exports,nl,nation,2022-10,4605141,tonnes,portwatch,2022-10-31,,2026-10-06T05:59:37+00:00,estimated,1
shipping_container_exports,nl,nation,2022-11,4263249,tonnes,portwatch,2022-11-30,,2026-09-26,estimated,0
shipping_container_exports,nl,nation,2022-11,4263131,tonnes,portwatch,2022-11-30,,2026-10-06T05:59:37+00:00,estimated,1
shipping_container_exports,nl,nation,2022-12,4072877,tonnes,portwatch,2022-12-31,,2026-09-26,estimated,0
shipping_container_exports,nl,nation,2022-12,4072759,tonnes,portwatch,2022-12-31,,2026-10-06T05:59:37+00:00,estimated,1
shipping_container_exports,nl,nation,2023-01,3883236,tonnes,portwatch,2023-01-31,,2026-09-26,estimated,0
shipping_container_exports,nl,nation,2023-01,3883078,tonnes,portwatch,2023-01-31,,2026-10-06T05:59:37+00:00,estimated,1
shipping_container_exports,nl,nation,2023-02,3910660,tonnes,portwatch,2023-02-28,,2026-09-26,estimated,0
shipping_container_exports,nl,nation,2023-02,3910563,tonnes,portwatch,2023-02-28,,2026-10-06T05:59:37+00:00,estimated,1
shipping_container_exports,nl,nation,2023-03,4167687,tonnes,portwatch,2023-03-31,,2026-09-26,estimated,0
shipping_container_exports,nl,nation,2023-03,4167535,tonnes,portwatch,2023-03-31,,2026-10-06T05:59:37+00:00,estimated,1
shipping_container_exports,nl,nation,2023-04,4019099,tonnes,portwatch,2023-04-30,,2026-09-26,estimated,0
shipping_container_exports,nl,nation,2023-04,4018995,tonnes,portwatch,2023-04-30,,2026-10-06T05:59:37+00:00,estimated,1
shipping_container_exports,nl,nation,2023-05,4204884,tonnes,portwatch,2023-05-31,,2026-09-26,estimated,0
shipping_container_exports,nl,nation,2023-05,4204679,tonnes,portwatch,2023-05-31,,2026-10-06T05:59:37+00:00,estimated,1
shipping_container_exports,nl,nation,2023-06,3970399,tonnes,portwatch,2023-06-30,,2026-09-26,estimated,0
shipping_container_exports,nl,nation,2023-06,3970243,tonnes,portwatch,2023-06-30,,2026-10-06T05:59:37+00:00,estimated,1
shipping_container_exports,nl,nation,2023-07,4152122,tonnes,portwatch,2023-07-31,,2026-09-26,estimated,0
shipping_container_exports,nl,nation,2023-07,4152012,tonnes,portwatch,2023-07-31,,2026-10-06T05:59:37+00:00,estimated,1
shipping_container_exports,nl,nation,2023-08,4320132,tonnes,portwatch,2023-08-31,,2026-09-26,estimated,0
shipping_container_exports,nl,nation,2023-08,4320030,tonnes,portwatch,2023-08-31,,2026-10-06T05:59:37+00:00,estimated,1
shipping_container_exports,nl,nation,2023-09,4281419,tonnes,portwatch,2023-09-30,,2026-09-26,estimated,0
shipping_container_exports,nl,nation,2023-09,4281315,tonnes,portwatch,2023-09-30,,2026-10-06T05:59:37+00:00,estimated,1
shipping_container_exports,nl,nation,2023-10,4633027,tonnes,portwatch,2023-10-31,,2026-09-26,estimated,0
shipping_container_exports,nl,nation,2023-10,4632807,tonnes,portwatch,2023-10-31,,2026-10-06T05:59:37+00:00,estimated,1
shipping_container_exports,nl,nation,2023-11,4044678,tonnes,portwatch,2023-11-30,,2026-09-26,estimated,0
shipping_container_exports,nl,nation,2023-11,4044486,tonnes,portwatch,2023-11-30,,2026-10-06T05:59:37+00:00,estimated,1
shipping_container_exports,nl,nation,2023-12,3873417,tonnes,portwatch,2023-12-31,,2026-09-26,estimated,0
shipping_container_exports,nl,nation,2023-12,3873304,tonnes,portwatch,2023-12-31,,2026-10-06T05:59:37+00:00,estimated,1
shipping_container_exports,nl,nation,2024-01,3928459,tonnes,portwatch,2024-01-31,,2026-09-26,estimated,0
shipping_container_exports,nl,nation,2024-01,3928280,tonnes,portwatch,2024-01-31,,2026-10-06T05:59:37+00:00,estimated,1
shipping_container_exports,nl,nation,2024-02,3844019,tonnes,portwatch,2024-02-29,,2026-09-26,estimated,0
shipping_container_exports,nl,nation,2024-02,3843900,tonnes,portwatch,2024-02-29,,2026-10-06T05:59:37+00:00,estimated,1
shipping_container_exports,nl,nation,2024-03,4559280,tonnes,portwatch,2024-03-31,,2026-09-26,estimated,0
shipping_container_exports,nl,nation,2024-03,4559104,tonnes,portwatch,2024-03-31,,2026-10-06T05:59:37+00:00,estimated,1
shipping_container_exports,nl,nation,2024-04,4295666,tonnes,portwatch,2024-04-30,,2026-09-26,estimated,0
shipping_container_exports,nl,nation,2024-04,4295499,tonnes,portwatch,2024-04-30,,2026-10-06T05:59:37+00:00,estimated,1
shipping_container_exports,nl,nation,2024-05,4404881,tonnes,portwatch,2024-05-31,,2026-09-26,estimated,0
shipping_container_exports,nl,nation,2024-05,4404710,tonnes,portwatch,2024-05-31,,2026-10-06T05:59:37+00:00,estimated,1
shipping_container_exports,nl,nation,2024-06,4112409,tonnes,portwatch,2024-06-30,,2026-09-26,estimated,0
shipping_container_exports,nl,nation,2024-06,4112247,tonnes,portwatch,2024-06-30,,2026-10-06T05:59:37+00:00,estimated,1
shipping_container_exports,nl,nation,2024-07,4302414,tonnes,portwatch,2024-07-31,,2026-09-26,estimated,0
shipping_container_exports,nl,nation,2024-07,4302239,tonnes,portwatch,2024-07-31,,2026-10-06T05:59:37+00:00,estimated,1
shipping_container_exports,nl,nation,2024-08,4070454,tonnes,portwatch,2024-08-31,,2026-09-26,estimated,0
shipping_container_exports,nl,nation,2024-08,4070245,tonnes,portwatch,2024-08-31,,2026-10-06T05:59:37+00:00,estimated,1
shipping_container_exports,nl,nation,2024-09,3994852,tonnes,portwatch,2024-09-30,,2026-09-26,estimated,0
shipping_container_exports,nl,nation,2024-09,3994723,tonnes,portwatch,2024-09-30,,2026-10-06T05:59:37+00:00,estimated,1
shipping_container_exports,nl,nation,2024-10,4030431,tonnes,portwatch,2024-10-31,,2026-09-26,estimated,0
shipping_container_exports,nl,nation,2024-10,4030249,tonnes,portwatch,2024-10-31,,2026-10-06T05:59:37+00:00,estimated,1
shipping_container_exports,nl,nation,2024-11,4030701,tonnes,portwatch,2024-11-30,,2026-09-26,estimated,0
shipping_container_exports,nl,nation,2024-11,4030537,tonnes,portwatch,2024-11-30,,2026-10-06T05:59:37+00:00,estimated,1
shipping_container_exports,nl,nation,2024-12,3721904,tonnes,portwatch,2024-12-31,,2026-09-26,estimated,0
shipping_container_exports,nl,nation,2024-12,3721755,tonnes,portwatch,2024-12-31,,2026-10-06T05:59:37+00:00,estimated,1
shipping_container_exports,nl,nation,2025-01,3750248,tonnes,portwatch,2025-01-31,,2026-09-26,estimated,0
shipping_container_exports,nl,nation,2025-01,3750130,tonnes,portwatch,2025-01-31,,2026-10-06T05:59:37+00:00,estimated,1
shipping_container_exports,nl,nation,2025-02,3732339,tonnes,portwatch,2025-02-28,,2026-09-26,estimated,0
shipping_container_exports,nl,nation,2025-02,3732136,tonnes,portwatch,2025-02-28,,2026-10-06T05:59:37+00:00,estimated,1
shipping_container_exports,nl,nation,2025-03,4033593,tonnes,portwatch,2025-03-31,,2026-09-26,estimated,0
shipping_container_exports,nl,nation,2025-03,4033400,tonnes,portwatch,2025-03-31,,2026-10-06T05:59:37+00:00,estimated,1
shipping_container_exports,nl,nation,2025-04,4055242,tonnes,portwatch,2025-04-30,,2026-09-26,estimated,0
shipping_container_exports,nl,nation,2025-04,4055278,tonnes,portwatch,2025-04-30,,2026-10-06T05:59:37+00:00,estimated,1
shipping_container_exports,nl,nation,2025-05,4058330,tonnes,portwatch,2025-05-31,,2026-09-26,estimated,0
shipping_container_exports,nl,nation,2025-05,4058160,tonnes,portwatch,2025-05-31,,2026-10-06T05:59:37+00:00,estimated,1
shipping_container_exports,nl,nation,2025-06,3984524,tonnes,portwatch,2025-06-30,,2026-09-26,estimated,0
shipping_container_exports,nl,nation,2025-06,3984405,tonnes,portwatch,2025-06-30,,2026-10-06T05:59:37+00:00,estimated,1
shipping_container_exports,nl,nation,2025-07,4104974,tonnes,portwatch,2025-07-31,,2026-09-26,estimated,0
shipping_container_exports,nl,nation,2025-07,4104799,tonnes,portwatch,2025-07-31,,2026-10-06T05:59:37+00:00,estimated,1
shipping_container_exports,nl,nation,2025-08,3957046,tonnes,portwatch,2025-08-31,,2026-09-26,estimated,0
shipping_container_exports,nl,nation,2025-08,3957223,tonnes,portwatch,2025-08-31,,2026-10-06T05:59:37+00:00,estimated,1
shipping_container_exports,nl,nation,2025-09,3908955,tonnes,portwatch,2025-09-30,,2026-09-26,estimated,0
shipping_container_exports,nl,nation,2025-09,3909010,tonnes,portwatch,2025-09-30,,2026-10-06T05:59:37+00:00,estimated,1
shipping_container_exports,nl,nation,2025-10,3699073,tonnes,portwatch,2025-10-31,,2026-09-26,estimated,0
shipping_container_exports,nl,nation,2025-10,3698921,tonnes,portwatch,2025-10-31,,2026-10-06T05:59:37+00:00,estimated,1
shipping_container_exports,nl,nation,2025-11,4156444,tonnes,portwatch,2025-11-30,,2026-09-26,estimated,0
shipping_container_exports,nl,nation,2025-11,4156508,tonnes,portwatch,2025-11-30,,2026-10-06T05:59:37+00:00,estimated,1
shipping_container_exports,nl,nation,2025-12,3763003,tonnes,portwatch,2025-12-31,,2026-09-26,estimated,0
shipping_container_exports,nl,nation,2025-12,3763071,tonnes,portwatch,2025-12-31,,2026-10-06T05:59:37+00:00,estimated,1
shipping_container_exports,nl,nation,2026-01,3388189,tonnes,portwatch,2026-01-31,,2026-09-26,estimated,0
shipping_container_exports,nl,nation,2026-01,3388254,tonnes,portwatch,2026-01-31,,2026-10-06T05:59:37+00:00,estimated,1
shipping_container_exports,nl,nation,2026-02,3529757,tonnes,portwatch,2026-02-28,,2026-09-26,estimated,0
shipping_container_exports,nl,nation,2026-02,3530507,tonnes,portwatch,2026-02-28,,2026-10-06T05:59:37+00:00,estimated,1
shipping_container_exports,nl,nation,2026-03,3856246,tonnes,portwatch,2026-03-31,,2026-09-26,estimated,0
shipping_container_exports,nl,nation,2026-03,3856400,tonnes,portwatch,2026-03-31,,2026-10-06T05:59:37+00:00,estimated,1
shipping_container_exports,nl,nation,2026-04,3709468,tonnes,portwatch,2026-04-30,,2026-09-26,estimated,0
shipping_container_exports,nl,nation,2026-04,3710624,tonnes,portwatch,2026-04-30,,2026-10-06T05:59:37+00:00,estimated,1
shipping_container_exports,nl,nation,2026-05,4271091,tonnes,portwatch,2026-05-31,,2026-09-26,estimated,0
shipping_container_exports,nl,nation,2026-05,4271521,tonnes,portwatch,2026-05-31,,2026-10-06T05:59:37+00:00,estimated,1
shipping_container_exports,nl,nation,2026-06,3961963,tonnes,portwatch,2026-06-30,,2026-09-26,estimated,0
shipping_container_exports,nl,nation,2026-06,3962202,tonnes,portwatch,2026-06-30,,2026-10-06T05:59:37+00:00,estimated,1
shipping_container_exports,nl,nation,2026-07,4174037,tonnes,portwatch,2026-07-31,,2026-09-26,estimated,0
shipping_container_exports,nl,nation,2026-07,4174512,tonnes,portwatch,2026-07-31,,2026-10-06T05:59:37+00:00,estimated,1
shipping_container_exports,nl,nation,2026-08,3942128,tonnes,portwatch,2026-08-31,,2026-09-26,estimated,0
shipping_container_exports,nl,nation,2026-08,3942536,tonnes,portwatch,2026-08-31,,2026-10-06T05:59:37+00:00,estimated,1
shipping_container_exports,no,nation,2019-01,172420,tonnes,portwatch,2019-01-31,,2026-09-26,estimated,0
shipping_container_exports,no,nation,2019-01,172359,tonnes,portwatch,2019-01-31,,2026-10-06T05:59:38+00:00,estimated,1
shipping_container_exports,no,nation,2019-02,217802,tonnes,portwatch,2019-02-28,,2026-09-26,estimated,0
shipping_container_exports,no,nation,2019-02,217773,tonnes,portwatch,2019-02-28,,2026-10-06T05:59:38+00:00,estimated,1
shipping_container_exports,no,nation,2019-03,230434,tonnes,portwatch,2019-03-31,,2026-09-26,estimated,0
shipping_container_exports,no,nation,2019-03,230409,tonnes,portwatch,2019-03-31,,2026-10-06T05:59:38+00:00,estimated,1
shipping_container_exports,no,nation,2019-04,168082,tonnes,portwatch,2019-04-30,,2026-09-26,estimated,0
shipping_container_exports,no,nation,2019-04,168088,tonnes,portwatch,2019-04-30,,2026-10-06T05:59:38+00:00,estimated,1
shipping_container_exports,no,nation,2019-05,162970,tonnes,portwatch,2019-05-31,,2026-09-26,estimated,0
shipping_container_exports,no,nation,2019-05,162936,tonnes,portwatch,2019-05-31,,2026-10-06T05:59:38+00:00,estimated,1
shipping_container_exports,no,nation,2019-06,171058,tonnes,portwatch,2019-06-30,,2026-09-26,estimated,0
shipping_container_exports,no,nation,2019-06,171033,tonnes,portwatch,2019-06-30,,2026-10-06T05:59:38+00:00,estimated,1
shipping_container_exports,no,nation,2019-07,195178,tonnes,portwatch,2019-07-31,,2026-09-26,estimated,0
shipping_container_exports,no,nation,2019-07,195141,tonnes,portwatch,2019-07-31,,2026-10-06T05:59:38+00:00,estimated,1
shipping_container_exports,no,nation,2019-08,171826,tonnes,portwatch,2019-08-31,,2026-09-26,estimated,0
shipping_container_exports,no,nation,2019-08,171835,tonnes,portwatch,2019-08-31,,2026-10-06T05:59:38+00:00,estimated,1
shipping_container_exports,no,nation,2019-09,166954,tonnes,portwatch,2019-09-30,,2026-09-26,estimated,0
shipping_container_exports,no,nation,2019-09,166939,tonnes,portwatch,2019-09-30,,2026-10-06T05:59:38+00:00,estimated,1
shipping_container_exports,no,nation,2019-10,233047,tonnes,portwatch,2019-10-31,,2026-09-26,estimated,0
shipping_container_exports,no,nation,2019-10,233032,tonnes,portwatch,2019-10-31,,2026-10-06T05:59:38+00:00,estimated,1
shipping_container_exports,no,nation,2019-11,210143,tonnes,portwatch,2019-11-30,,2026-09-26,estimated,0
shipping_container_exports,no,nation,2019-11,210156,tonnes,portwatch,2019-11-30,,2026-10-06T05:59:38+00:00,estimated,1
shipping_container_exports,no,nation,2019-12,200681,tonnes,portwatch,2019-12-31,,2026-09-26,estimated,0
shipping_container_exports,no,nation,2019-12,200615,tonnes,portwatch,2019-12-31,,2026-10-06T05:59:38+00:00,estimated,1
shipping_container_exports,no,nation,2020-01,179559,tonnes,portwatch,2020-01-31,,2026-09-26,estimated,0
shipping_container_exports,no,nation,2020-01,179534,tonnes,portwatch,2020-01-31,,2026-10-06T05:59:38+00:00,estimated,1
shipping_container_exports,no,nation,2020-02,180584,tonnes,portwatch,2020-02-29,,2026-09-26,estimated,0
shipping_container_exports,no,nation,2020-02,180570,tonnes,portwatch,2020-02-29,,2026-10-06T05:59:38+00:00,estimated,1
shipping_container_exports,no,nation,2020-03,211705,tonnes,portwatch,2020-03-31,,2026-09-26,estimated,0
shipping_container_exports,no,nation,2020-03,211685,tonnes,portwatch,2020-03-31,,2026-10-06T05:59:38+00:00,estimated,1
shipping_container_exports,no,nation,2020-04,190313,tonnes,portwatch,2020-04-30,,2026-09-26,estimated,0
shipping_container_exports,no,nation,2020-04,190316,tonnes,portwatch,2020-04-30,,2026-10-06T05:59:38+00:00,estimated,1
shipping_container_exports,no,nation,2020-05,208022,tonnes,portwatch,2020-05-31,,2026-09-26,estimated,0
shipping_container_exports,no,nation,2020-05,208001,tonnes,portwatch,2020-05-31,,2026-10-06T05:59:38+00:00,estimated,1
shipping_container_exports,no,nation,2020-06,211765,tonnes,portwatch,2020-06-30,,2026-09-26,estimated,0
shipping_container_exports,no,nation,2020-06,211757,tonnes,portwatch,2020-06-30,,2026-10-06T05:59:38+00:00,estimated,1
shipping_container_exports,no,nation,2020-07,190948,tonnes,portwatch,2020-07-31,,2026-09-26,estimated,0
shipping_container_exports,no,nation,2020-07,190947,tonnes,portwatch,2020-07-31,,2026-10-06T05:59:38+00:00,estimated,1
shipping_container_exports,no,nation,2020-08,185741,tonnes,portwatch,2020-08-31,,2026-09-26,estimated,0
shipping_container_exports,no,nation,2020-08,185728,tonnes,portwatch,2020-08-31,,2026-10-06T05:59:38+00:00,estimated,1
shipping_container_exports,no,nation,2020-09,182613,tonnes,portwatch,2020-09-30,,2026-09-26,estimated,0
shipping_container_exports,no,nation,2020-09,182585,tonnes,portwatch,2020-09-30,,2026-10-06T05:59:38+00:00,estimated,1
shipping_container_exports,no,nation,2020-10,223103,tonnes,portwatch,2020-10-31,,2026-09-26,estimated,0
shipping_container_exports,no,nation,2020-10,223110,tonnes,portwatch,2020-10-31,,2026-10-06T05:59:38+00:00,estimated,1
shipping_container_exports,no,nation,2020-11,224734,tonnes,portwatch,2020-11-30,,2026-09-26,estimated,0
shipping_container_exports,no,nation,2020-11,224722,tonnes,portwatch,2020-11-30,,2026-10-06T05:59:38+00:00,estimated,1
shipping_container_exports,no,nation,2020-12,200600,tonnes,portwatch,2020-12-31,,2026-09-26,estimated,0
shipping_container_exports,no,nation,2020-12,200590,tonnes,portwatch,2020-12-31,,2026-10-06T05:59:38+00:00,estimated,1
shipping_container_exports,no,nation,2021-01,192002,tonnes,portwatch,2021-01-31,,2026-09-26,estimated,0
shipping_container_exports,no,nation,2021-01,192011,tonnes,portwatch,2021-01-31,,2026-10-06T05:59:38+00:00,estimated,1
shipping_container_exports,no,nation,2021-02,190143,tonnes,portwatch,2021-02-28,,2026-09-26,estimated,0
shipping_container_exports,no,nation,2021-02,190142,tonnes,portwatch,2021-02-28,,2026-10-06T05:59:38+00:00,estimated,1
shipping_container_exports,no,nation,2021-03,193571,tonnes,portwatch,2021-03-31,,2026-09-26,estimated,0
shipping_container_exports,no,nation,2021-03,193562,tonnes,portwatch,2021-03-31,,2026-10-06T05:59:38+00:00,estimated,1
shipping_container_exports,no,nation,2021-04,193572,tonnes,portwatch,2021-04-30,,2026-09-26,estimated,0
shipping_container_exports,no,nation,2021-04,193553,tonnes,portwatch,2021-04-30,,2026-10-06T05:59:38+00:00,estimated,1
shipping_container_exports,no,nation,2021-05,202335,tonnes,portwatch,2021-05-31,,2026-09-26,estimated,0
shipping_container_exports,no,nation,2021-05,202339,tonnes,portwatch,2021-05-31,,2026-10-06T05:59:38+00:00,estimated,1
shipping_container_exports,no,nation,2021-06,209722,tonnes,portwatch,2021-06-30,,2026-09-26,estimated,0
shipping_container_exports,no,nation,2021-06,209674,tonnes,portwatch,2021-06-30,,2026-10-06T05:59:38+00:00,estimated,1
shipping_container_exports,no,nation,2021-07,191471,tonnes,portwatch,2021-07-31,,2026-09-26,estimated,0
shipping_container_exports,no,nation,2021-07,191446,tonnes,portwatch,2021-07-31,,2026-10-06T05:59:38+00:00,estimated,1
shipping_container_exports,no,nation,2021-08,175196,tonnes,portwatch,2021-08-31,,2026-09-26,estimated,0
shipping_container_exports,no,nation,2021-08,175186,tonnes,portwatch,2021-08-31,,2026-10-06T05:59:38+00:00,estimated,1
shipping_container_exports,no,nation,2021-09,220588,tonnes,portwatch,2021-09-30,,2026-09-26,estimated,0
shipping_container_exports,no,nation,2021-09,220581,tonnes,portwatch,2021-09-30,,2026-10-06T05:59:38+00:00,estimated,1
shipping_container_exports,no,nation,2021-10,229060,tonnes,portwatch,2021-10-31,,2026-09-26,estimated,0
shipping_container_exports,no,nation,2021-10,229047,tonnes,portwatch,2021-10-31,,2026-10-06T05:59:38+00:00,estimated,1
shipping_container_exports,no,nation,2021-11,219907,tonnes,portwatch,2021-11-30,,2026-09-26,estimated,0
shipping_container_exports,no,nation,2021-11,219905,tonnes,portwatch,2021-11-30,,2026-10-06T05:59:38+00:00,estimated,1
shipping_container_exports,no,nation,2021-12,178893,tonnes,portwatch,2021-12-31,,2026-09-26,estimated,0
shipping_container_exports,no,nation,2021-12,178882,tonnes,portwatch,2021-12-31,,2026-10-06T05:59:38+00:00,estimated,1
shipping_container_exports,no,nation,2022-01,174625,tonnes,portwatch,2022-01-31,,2026-09-26,estimated,0
shipping_container_exports,no,nation,2022-01,174631,tonnes,portwatch,2022-01-31,,2026-10-06T05:59:38+00:00,estimated,1
shipping_container_exports,no,nation,2022-02,158576,tonnes,portwatch,2022-02-28,,2026-09-26,estimated,0
shipping_container_exports,no,nation,2022-02,158584,tonnes,portwatch,2022-02-28,,2026-10-06T05:59:38+00:00,estimated,1
shipping_container_exports,no,nation,2022-03,175416,tonnes,portwatch,2022-03-31,,2026-09-26,estimated,0
shipping_container_exports,no,nation,2022-03,175404,tonnes,portwatch,2022-03-31,,2026-10-06T05:59:38+00:00,estimated,1
shipping_container_exports,no,nation,2022-04,166024,tonnes,portwatch,2022-04-30,,2026-09-26,estimated,0
shipping_container_exports,no,nation,2022-04,166031,tonnes,portwatch,2022-04-30,,2026-10-06T05:59:38+00:00,estimated,1
shipping_container_exports,no,nation,2022-05,170992,tonnes,portwatch,2022-05-31,,2026-09-26,estimated,0
shipping_container_exports,no,nation,2022-05,170970,tonnes,portwatch,2022-05-31,,2026-10-06T05:59:38+00:00,estimated,1
shipping_container_exports,no,nation,2022-06,201317,tonnes,portwatch,2022-06-30,,2026-09-26,estimated,0
shipping_container_exports,no,nation,2022-06,201325,tonnes,portwatch,2022-06-30,,2026-10-06T05:59:38+00:00,estimated,1
shipping_container_exports,no,nation,2022-07,203121,tonnes,portwatch,2022-07-31,,2026-09-26,estimated,0
shipping_container_exports,no,nation,2022-08,189321,tonnes,portwatch,2022-08-31,,2026-09-26,estimated,0
shipping_container_exports,no,nation,2022-08,189310,tonnes,portwatch,2022-08-31,,2026-10-06T05:59:38+00:00,estimated,1
shipping_container_exports,no,nation,2022-09,210205,tonnes,portwatch,2022-09-30,,2026-09-26,estimated,0
shipping_container_exports,no,nation,2022-09,210174,tonnes,portwatch,2022-09-30,,2026-10-06T05:59:38+00:00,estimated,1
shipping_container_exports,no,nation,2022-10,224402,tonnes,portwatch,2022-10-31,,2026-09-26,estimated,0
shipping_container_exports,no,nation,2022-10,224416,tonnes,portwatch,2022-10-31,,2026-10-06T05:59:38+00:00,estimated,1
shipping_container_exports,no,nation,2022-11,192237,tonnes,portwatch,2022-11-30,,2026-09-26,estimated,0
shipping_container_exports,no,nation,2022-11,192214,tonnes,portwatch,2022-11-30,,2026-10-06T05:59:38+00:00,estimated,1
shipping_container_exports,no,nation,2022-12,190070,tonnes,portwatch,2022-12-31,,2026-09-26,estimated,0
shipping_container_exports,no,nation,2022-12,190069,tonnes,portwatch,2022-12-31,,2026-10-06T05:59:38+00:00,estimated,1
shipping_container_exports,no,nation,2023-01,173856,tonnes,portwatch,2023-01-31,,2026-09-26,estimated,0
shipping_container_exports,no,nation,2023-01,173844,tonnes,portwatch,2023-01-31,,2026-10-06T05:59:38+00:00,estimated,1
shipping_container_exports,no,nation,2023-02,184987,tonnes,portwatch,2023-02-28,,2026-09-26,estimated,0
shipping_container_exports,no,nation,2023-02,184964,tonnes,portwatch,2023-02-28,,2026-10-06T05:59:38+00:00,estimated,1
shipping_container_exports,no,nation,2023-03,192642,tonnes,portwatch,2023-03-31,,2026-09-26,estimated,0
shipping_container_exports,no,nation,2023-03,192653,tonnes,portwatch,2023-03-31,,2026-10-06T05:59:38+00:00,estimated,1
shipping_container_exports,no,nation,2023-04,172548,tonnes,portwatch,2023-04-30,,2026-09-26,estimated,0
shipping_container_exports,no,nation,2023-05,180667,tonnes,portwatch,2023-05-31,,2026-09-26,estimated,0
shipping_container_exports,no,nation,2023-05,180654,tonnes,portwatch,2023-05-31,,2026-10-06T05:59:38+00:00,estimated,1
shipping_container_exports,no,nation,2023-06,208532,tonnes,portwatch,2023-06-30,,2026-09-26,estimated,0
shipping_container_exports,no,nation,2023-06,208553,tonnes,portwatch,2023-06-30,,2026-10-06T05:59:38+00:00,estimated,1
shipping_container_exports,no,nation,2023-07,161654,tonnes,portwatch,2023-07-31,,2026-09-26,estimated,0
shipping_container_exports,no,nation,2023-07,161636,tonnes,portwatch,2023-07-31,,2026-10-06T05:59:38+00:00,estimated,1
shipping_container_exports,no,nation,2023-08,185170,tonnes,portwatch,2023-08-31,,2026-09-26,estimated,0
shipping_container_exports,no,nation,2023-08,185149,tonnes,portwatch,2023-08-31,,2026-10-06T05:59:38+00:00,estimated,1
shipping_container_exports,no,nation,2023-09,223026,tonnes,portwatch,2023-09-30,,2026-09-26,estimated,0
shipping_container_exports,no,nation,2023-09,223036,tonnes,portwatch,2023-09-30,,2026-10-06T05:59:38+00:00,estimated,1
shipping_container_exports,no,nation,2023-10,215661,tonnes,portwatch,2023-10-31,,2026-09-26,estimated,0
shipping_container_exports,no,nation,2023-10,215663,tonnes,portwatch,2023-10-31,,2026-10-06T05:59:38+00:00,estimated,1
shipping_container_exports,no,nation,2023-11,212385,tonnes,portwatch,2023-11-30,,2026-09-26,estimated,0
shipping_container_exports,no,nation,2023-11,212398,tonnes,portwatch,2023-11-30,,2026-10-06T05:59:38+00:00,estimated,1
shipping_container_exports,no,nation,2023-12,175667,tonnes,portwatch,2023-12-31,,2026-09-26,estimated,0
shipping_container_exports,no,nation,2023-12,175654,tonnes,portwatch,2023-12-31,,2026-10-06T05:59:38+00:00,estimated,1
shipping_container_exports,no,nation,2024-01,166046,tonnes,portwatch,2024-01-31,,2026-09-26,estimated,0
shipping_container_exports,no,nation,2024-01,166039,tonnes,portwatch,2024-01-31,,2026-10-06T05:59:38+00:00,estimated,1
shipping_container_exports,no,nation,2024-02,185585,tonnes,portwatch,2024-02-29,,2026-09-26,estimated,0
shipping_container_exports,no,nation,2024-02,185579,tonnes,portwatch,2024-02-29,,2026-10-06T05:59:38+00:00,estimated,1
shipping_container_exports,no,nation,2024-03,232511,tonnes,portwatch,2024-03-31,,2026-09-26,estimated,0
shipping_container_exports,no,nation,2024-03,232507,tonnes,portwatch,2024-03-31,,2026-10-06T05:59:38+00:00,estimated,1
shipping_container_exports,no,nation,2024-04,208843,tonnes,portwatch,2024-04-30,,2026-09-26,estimated,0
shipping_container_exports,no,nation,2024-04,208818,tonnes,portwatch,2024-04-30,,2026-10-06T05:59:38+00:00,estimated,1
shipping_container_exports,no,nation,2024-05,195756,tonnes,portwatch,2024-05-31,,2026-09-26,estimated,0
shipping_container_exports,no,nation,2024-05,195777,tonnes,portwatch,2024-05-31,,2026-10-06T05:59:38+00:00,estimated,1
shipping_container_exports,no,nation,2024-06,244712,tonnes,portwatch,2024-06-30,,2026-09-26,estimated,0
shipping_container_exports,no,nation,2024-06,244711,tonnes,portwatch,2024-06-30,,2026-10-06T05:59:38+00:00,estimated,1
shipping_container_exports,no,nation,2024-07,173958,tonnes,portwatch,2024-07-31,,2026-09-26,estimated,0
shipping_container_exports,no,nation,2024-07,173966,tonnes,portwatch,2024-07-31,,2026-10-06T05:59:38+00:00,estimated,1
shipping_container_exports,no,nation,2024-08,184496,tonnes,portwatch,2024-08-31,,2026-09-26,estimated,0
shipping_container_exports,no,nation,2024-08,184485,tonnes,portwatch,2024-08-31,,2026-10-06T05:59:38+00:00,estimated,1
shipping_container_exports,no,nation,2024-09,198399,tonnes,portwatch,2024-09-30,,2026-09-26,estimated,0
shipping_container_exports,no,nation,2024-09,198395,tonnes,portwatch,2024-09-30,,2026-10-06T05:59:38+00:00,estimated,1
shipping_container_exports,no,nation,2024-10,280996,tonnes,portwatch,2024-10-31,,2026-09-26,estimated,0
shipping_container_exports,no,nation,2024-10,280990,tonnes,portwatch,2024-10-31,,2026-10-06T05:59:38+00:00,estimated,1
shipping_container_exports,no,nation,2024-11,236138,tonnes,portwatch,2024-11-30,,2026-09-26,estimated,0
shipping_container_exports,no,nation,2024-11,236155,tonnes,portwatch,2024-11-30,,2026-10-06T05:59:38+00:00,estimated,1
shipping_container_exports,no,nation,2024-12,173124,tonnes,portwatch,2024-12-31,,2026-09-26,estimated,0
shipping_container_exports,no,nation,2024-12,173123,tonnes,portwatch,2024-12-31,,2026-10-06T05:59:38+00:00,estimated,1
shipping_container_exports,no,nation,2025-01,184913,tonnes,portwatch,2025-01-31,,2026-09-26,estimated,0
shipping_container_exports,no,nation,2025-01,184917,tonnes,portwatch,2025-01-31,,2026-10-06T05:59:38+00:00,estimated,1
shipping_container_exports,no,nation,2025-02,170478,tonnes,portwatch,2025-02-28,,2026-09-26,estimated,0
shipping_container_exports,no,nation,2025-02,170464,tonnes,portwatch,2025-02-28,,2026-10-06T05:59:38+00:00,estimated,1
shipping_container_exports,no,nation,2025-03,220353,tonnes,portwatch,2025-03-31,,2026-09-26,estimated,0
shipping_container_exports,no,nation,2025-03,220366,tonnes,portwatch,2025-03-31,,2026-10-06T05:59:38+00:00,estimated,1
shipping_container_exports,no,nation,2025-04,199808,tonnes,portwatch,2025-04-30,,2026-09-26,estimated,0
shipping_container_exports,no,nation,2025-04,199800,tonnes,portwatch,2025-04-30,,2026-10-06T05:59:38+00:00,estimated,1
shipping_container_exports,no,nation,2025-05,206371,tonnes,portwatch,2025-05-31,,2026-09-26,estimated,0
shipping_container_exports,no,nation,2025-05,206349,tonnes,portwatch,2025-05-31,,2026-10-06T05:59:38+00:00,estimated,1
shipping_container_exports,no,nation,2025-06,204711,tonnes,portwatch,2025-06-30,,2026-09-26,estimated,0
shipping_container_exports,no,nation,2025-06,204677,tonnes,portwatch,2025-06-30,,2026-10-06T05:59:38+00:00,estimated,1
shipping_container_exports,no,nation,2025-07,201579,tonnes,portwatch,2025-07-31,,2026-09-26,estimated,0
shipping_container_exports,no,nation,2025-07,201498,tonnes,portwatch,2025-07-31,,2026-10-06T05:59:38+00:00,estimated,1
shipping_container_exports,no,nation,2025-08,208922,tonnes,portwatch,2025-08-31,,2026-09-26,estimated,0
shipping_container_exports,no,nation,2025-08,208913,tonnes,portwatch,2025-08-31,,2026-10-06T05:59:38+00:00,estimated,1
shipping_container_exports,no,nation,2025-09,235461,tonnes,portwatch,2025-09-30,,2026-09-26,estimated,0
shipping_container_exports,no,nation,2025-09,235411,tonnes,portwatch,2025-09-30,,2026-10-06T05:59:38+00:00,estimated,1
shipping_container_exports,no,nation,2025-10,207234,tonnes,portwatch,2025-10-31,,2026-09-26,estimated,0
shipping_container_exports,no,nation,2025-10,207120,tonnes,portwatch,2025-10-31,,2026-10-06T05:59:38+00:00,estimated,1
shipping_container_exports,no,nation,2025-11,188375,tonnes,portwatch,2025-11-30,,2026-09-26,estimated,0
shipping_container_exports,no,nation,2025-11,188335,tonnes,portwatch,2025-11-30,,2026-10-06T05:59:38+00:00,estimated,1
shipping_container_exports,no,nation,2025-12,199240,tonnes,portwatch,2025-12-31,,2026-09-26,estimated,0
shipping_container_exports,no,nation,2025-12,199246,tonnes,portwatch,2025-12-31,,2026-10-06T05:59:38+00:00,estimated,1
shipping_container_exports,no,nation,2026-01,183272,tonnes,portwatch,2026-01-31,,2026-09-26,estimated,0
shipping_container_exports,no,nation,2026-01,183264,tonnes,portwatch,2026-01-31,,2026-10-06T05:59:38+00:00,estimated,1
shipping_container_exports,no,nation,2026-02,193958,tonnes,portwatch,2026-02-28,,2026-09-26,estimated,0
shipping_container_exports,no,nation,2026-02,193843,tonnes,portwatch,2026-02-28,,2026-10-06T05:59:38+00:00,estimated,1
shipping_container_exports,no,nation,2026-03,190233,tonnes,portwatch,2026-03-31,,2026-09-26,estimated,0
shipping_container_exports,no,nation,2026-03,190161,tonnes,portwatch,2026-03-31,,2026-10-06T05:59:38+00:00,estimated,1
shipping_container_exports,no,nation,2026-04,187804,tonnes,portwatch,2026-04-30,,2026-09-26,estimated,0
shipping_container_exports,no,nation,2026-04,187759,tonnes,portwatch,2026-04-30,,2026-10-06T05:59:38+00:00,estimated,1
shipping_container_exports,no,nation,2026-05,168278,tonnes,portwatch,2026-05-31,,2026-09-26,estimated,0
shipping_container_exports,no,nation,2026-05,168267,tonnes,portwatch,2026-05-31,,2026-10-06T05:59:38+00:00,estimated,1
shipping_container_exports,no,nation,2026-06,208493,tonnes,portwatch,2026-06-30,,2026-09-26,estimated,0
shipping_container_exports,no,nation,2026-06,208488,tonnes,portwatch,2026-06-30,,2026-10-06T05:59:38+00:00,estimated,1
shipping_container_exports,no,nation,2026-07,166107,tonnes,portwatch,2026-07-31,,2026-09-26,estimated,0
shipping_container_exports,no,nation,2026-07,166079,tonnes,portwatch,2026-07-31,,2026-10-06T05:59:38+00:00,estimated,1
shipping_container_exports,no,nation,2026-08,174940,tonnes,portwatch,2026-08-31,,2026-09-26,estimated,0
shipping_container_exports,no,nation,2026-08,174877,tonnes,portwatch,2026-08-31,,2026-10-06T05:59:38+00:00,estimated,1
shipping_container_exports,pl,nation,2019-01,1168270,tonnes,portwatch,2019-01-31,,2026-09-26,estimated,0
shipping_container_exports,pl,nation,2019-01,1168220,tonnes,portwatch,2019-01-31,,2026-10-06T05:59:38+00:00,estimated,1
shipping_container_exports,pl,nation,2019-02,1365666,tonnes,portwatch,2019-02-28,,2026-09-26,estimated,0
shipping_container_exports,pl,nation,2019-02,1365393,tonnes,portwatch,2019-02-28,,2026-10-06T05:59:38+00:00,estimated,1
shipping_container_exports,pl,nation,2019-03,1403969,tonnes,portwatch,2019-03-31,,2026-09-26,estimated,0
shipping_container_exports,pl,nation,2019-03,1403799,tonnes,portwatch,2019-03-31,,2026-10-06T05:59:38+00:00,estimated,1
shipping_container_exports,pl,nation,2019-04,1472271,tonnes,portwatch,2019-04-30,,2026-09-26,estimated,0
shipping_container_exports,pl,nation,2019-04,1472199,tonnes,portwatch,2019-04-30,,2026-10-06T05:59:38+00:00,estimated,1
shipping_container_exports,pl,nation,2019-05,1471322,tonnes,portwatch,2019-05-31,,2026-09-26,estimated,0
shipping_container_exports,pl,nation,2019-05,1471219,tonnes,portwatch,2019-05-31,,2026-10-06T05:59:38+00:00,estimated,1
shipping_container_exports,pl,nation,2019-06,1312634,tonnes,portwatch,2019-06-30,,2026-09-26,estimated,0
shipping_container_exports,pl,nation,2019-06,1312471,tonnes,portwatch,2019-06-30,,2026-10-06T05:59:38+00:00,estimated,1
shipping_container_exports,pl,nation,2019-07,1384005,tonnes,portwatch,2019-07-31,,2026-09-26,estimated,0
shipping_container_exports,pl,nation,2019-07,1383912,tonnes,portwatch,2019-07-31,,2026-10-06T05:59:38+00:00,estimated,1
shipping_container_exports,pl,nation,2019-08,1566871,tonnes,portwatch,2019-08-31,,2026-09-26,estimated,0
shipping_container_exports,pl,nation,2019-08,1566846,tonnes,portwatch,2019-08-31,,2026-10-06T05:59:38+00:00,estimated,1
shipping_container_exports,pl,nation,2019-09,1361054,tonnes,portwatch,2019-09-30,,2026-09-26,estimated,0
shipping_container_exports,pl,nation,2019-09,1360911,tonnes,portwatch,2019-09-30,,2026-10-06T05:59:38+00:00,estimated,1
shipping_container_exports,pl,nation,2019-10,1530045,tonnes,portwatch,2019-10-31,,2026-09-26,estimated,0
shipping_container_exports,pl,nation,2019-10,1529892,tonnes,portwatch,2019-10-31,,2026-10-06T05:59:38+00:00,estimated,1
shipping_container_exports,pl,nation,2019-11,1279106,tonnes,portwatch,2019-11-30,,2026-09-26,estimated,0
shipping_container_exports,pl,nation,2019-11,1278933,tonnes,portwatch,2019-11-30,,2026-10-06T05:59:38+00:00,estimated,1
shipping_container_exports,pl,nation,2019-12,1390409,tonnes,portwatch,2019-12-31,,2026-09-26,estimated,0
shipping_container_exports,pl,nation,2019-12,1389855,tonnes,portwatch,2019-12-31,,2026-10-06T05:59:38+00:00,estimated,1
shipping_container_exports,pl,nation,2020-01,1462103,tonnes,portwatch,2020-01-31,,2026-09-26,estimated,0
shipping_container_exports,pl,nation,2020-01,1461911,tonnes,portwatch,2020-01-31,,2026-10-06T05:59:38+00:00,estimated,1
shipping_container_exports,pl,nation,2020-02,1285041,tonnes,portwatch,2020-02-29,,2026-09-26,estimated,0
shipping_container_exports,pl,nation,2020-02,1284858,tonnes,portwatch,2020-02-29,,2026-10-06T05:59:38+00:00,estimated,1
shipping_container_exports,pl,nation,2020-03,1118457,tonnes,portwatch,2020-03-31,,2026-09-26,estimated,0
shipping_container_exports,pl,nation,2020-03,1118344,tonnes,portwatch,2020-03-31,,2026-10-06T05:59:38+00:00,estimated,1
shipping_container_exports,pl,nation,2020-04,1174449,tonnes,portwatch,2020-04-30,,2026-09-26,estimated,0
shipping_container_exports,pl,nation,2020-04,1174380,tonnes,portwatch,2020-04-30,,2026-10-06T05:59:38+00:00,estimated,1
shipping_container_exports,pl,nation,2020-05,1282765,tonnes,portwatch,2020-05-31,,2026-09-26,estimated,0
shipping_container_exports,pl,nation,2020-05,1282618,tonnes,portwatch,2020-05-31,,2026-10-06T05:59:38+00:00,estimated,1
shipping_container_exports,pl,nation,2020-06,1320672,tonnes,portwatch,2020-06-30,,2026-09-26,estimated,0
shipping_container_exports,pl,nation,2020-06,1320531,tonnes,portwatch,2020-06-30,,2026-10-06T05:59:38+00:00,estimated,1
shipping_container_exports,pl,nation,2020-07,1291253,tonnes,portwatch,2020-07-31,,2026-09-26,estimated,0
shipping_container_exports,pl,nation,2020-07,1290981,tonnes,portwatch,2020-07-31,,2026-10-06T05:59:38+00:00,estimated,1
shipping_container_exports,pl,nation,2020-08,1388416,tonnes,portwatch,2020-08-31,,2026-09-26,estimated,0
shipping_container_exports,pl,nation,2020-08,1388076,tonnes,portwatch,2020-08-31,,2026-10-06T05:59:38+00:00,estimated,1
shipping_container_exports,pl,nation,2020-09,1407111,tonnes,portwatch,2020-09-30,,2026-09-26,estimated,0
shipping_container_exports,pl,nation,2020-09,1406842,tonnes,portwatch,2020-09-30,,2026-10-06T05:59:38+00:00,estimated,1
shipping_container_exports,pl,nation,2020-10,1402071,tonnes,portwatch,2020-10-31,,2026-09-26,estimated,0
shipping_container_exports,pl,nation,2020-10,1401641,tonnes,portwatch,2020-10-31,,2026-10-06T05:59:38+00:00,estimated,1
shipping_container_exports,pl,nation,2020-11,1353366,tonnes,portwatch,2020-11-30,,2026-09-26,estimated,0
shipping_container_exports,pl,nation,2020-11,1353114,tonnes,portwatch,2020-11-30,,2026-10-06T05:59:38+00:00,estimated,1
shipping_container_exports,pl,nation,2020-12,1234697,tonnes,portwatch,2020-12-31,,2026-09-26,estimated,0
shipping_container_exports,pl,nation,2020-12,1234353,tonnes,portwatch,2020-12-31,,2026-10-06T05:59:38+00:00,estimated,1
shipping_container_exports,pl,nation,2021-01,1467185,tonnes,portwatch,2021-01-31,,2026-09-26,estimated,0
shipping_container_exports,pl,nation,2021-01,1466561,tonnes,portwatch,2021-01-31,,2026-10-06T05:59:38+00:00,estimated,1
shipping_container_exports,pl,nation,2021-02,1291604,tonnes,portwatch,2021-02-28,,2026-09-26,estimated,0
shipping_container_exports,pl,nation,2021-02,1291486,tonnes,portwatch,2021-02-28,,2026-10-06T05:59:38+00:00,estimated,1
shipping_container_exports,pl,nation,2021-03,1546374,tonnes,portwatch,2021-03-31,,2026-09-26,estimated,0
shipping_container_exports,pl,nation,2021-03,1546246,tonnes,portwatch,2021-03-31,,2026-10-06T05:59:38+00:00,estimated,1
shipping_container_exports,pl,nation,2021-04,1405172,tonnes,portwatch,2021-04-30,,2026-09-26,estimated,0
shipping_container_exports,pl,nation,2021-04,1405052,tonnes,portwatch,2021-04-30,,2026-10-06T05:59:38+00:00,estimated,1
shipping_container_exports,pl,nation,2021-05,1566193,tonnes,portwatch,2021-05-31,,2026-09-26,estimated,0
shipping_container_exports,pl,nation,2021-05,1565871,tonnes,portwatch,2021-05-31,,2026-10-06T05:59:38+00:00,estimated,1
shipping_container_exports,pl,nation,2021-06,1397995,tonnes,portwatch,2021-06-30,,2026-09-26,estimated,0
shipping_container_exports,pl,nation,2021-06,1397629,tonnes,portwatch,2021-06-30,,2026-10-06T05:59:38+00:00,estimated,1
shipping_container_exports,pl,nation,2021-07,1560327,tonnes,portwatch,2021-07-31,,2026-09-26,estimated,0
shipping_container_exports,pl,nation,2021-07,1559893,tonnes,portwatch,2021-07-31,,2026-10-06T05:59:38+00:00,estimated,1
shipping_container_exports,pl,nation,2021-08,1457362,tonnes,portwatch,2021-08-31,,2026-09-26,estimated,0
shipping_container_exports,pl,nation,2021-08,1456903,tonnes,portwatch,2021-08-31,,2026-10-06T05:59:38+00:00,estimated,1
shipping_container_exports,pl,nation,2021-09,1521703,tonnes,portwatch,2021-09-30,,2026-09-26,estimated,0
shipping_container_exports,pl,nation,2021-09,1521279,tonnes,portwatch,2021-09-30,,2026-10-06T05:59:38+00:00,estimated,1
shipping_container_exports,pl,nation,2021-10,1445346,tonnes,portwatch,2021-10-31,,2026-09-26,estimated,0
shipping_container_exports,pl,nation,2021-10,1444914,tonnes,portwatch,2021-10-31,,2026-10-06T05:59:38+00:00,estimated,1
shipping_container_exports,pl,nation,2021-11,1386004,tonnes,portwatch,2021-11-30,,2026-09-26,estimated,0
shipping_container_exports,pl,nation,2021-11,1385469,tonnes,portwatch,2021-11-30,,2026-10-06T05:59:38+00:00,estimated,1
shipping_container_exports,pl,nation,2021-12,1441911,tonnes,portwatch,2021-12-31,,2026-09-26,estimated,0
shipping_container_exports,pl,nation,2021-12,1441215,tonnes,portwatch,2021-12-31,,2026-10-06T05:59:38+00:00,estimated,1
shipping_container_exports,pl,nation,2022-01,1372753,tonnes,portwatch,2022-01-31,,2026-09-26,estimated,0
shipping_container_exports,pl,nation,2022-01,1372394,tonnes,portwatch,2022-01-31,,2026-10-06T05:59:38+00:00,estimated,1
shipping_container_exports,pl,nation,2022-02,1379918,tonnes,portwatch,2022-02-28,,2026-09-26,estimated,0
shipping_container_exports,pl,nation,2022-02,1379475,tonnes,portwatch,2022-02-28,,2026-10-06T05:59:38+00:00,estimated,1
shipping_container_exports,pl,nation,2022-03,1639715,tonnes,portwatch,2022-03-31,,2026-09-26,estimated,0
shipping_container_exports,pl,nation,2022-03,1639461,tonnes,portwatch,2022-03-31,,2026-10-06T05:59:38+00:00,estimated,1
shipping_container_exports,pl,nation,2022-04,1297863,tonnes,portwatch,2022-04-30,,2026-09-26,estimated,0
shipping_container_exports,pl,nation,2022-04,1297708,tonnes,portwatch,2022-04-30,,2026-10-06T05:59:38+00:00,estimated,1
shipping_container_exports,pl,nation,2022-05,1475763,tonnes,portwatch,2022-05-31,,2026-09-26,estimated,0
shipping_container_exports,pl,nation,2022-05,1475357,tonnes,portwatch,2022-05-31,,2026-10-06T05:59:38+00:00,estimated,1
shipping_container_exports,pl,nation,2022-06,1268422,tonnes,portwatch,2022-06-30,,2026-09-26,estimated,0
shipping_container_exports,pl,nation,2022-06,1268171,tonnes,portwatch,2022-06-30,,2026-10-06T05:59:38+00:00,estimated,1
shipping_container_exports,pl,nation,2022-07,1424872,tonnes,portwatch,2022-07-31,,2026-09-26,estimated,0
shipping_container_exports,pl,nation,2022-07,1424520,tonnes,portwatch,2022-07-31,,2026-10-06T05:59:38+00:00,estimated,1
shipping_container_exports,pl,nation,2022-08,1399261,tonnes,portwatch,2022-08-31,,2026-09-26,estimated,0
shipping_container_exports,pl,nation,2022-08,1398958,tonnes,portwatch,2022-08-31,,2026-10-06T05:59:38+00:00,estimated,1
shipping_container_exports,pl,nation,2022-09,1292222,tonnes,portwatch,2022-09-30,,2026-09-26,estimated,0
shipping_container_exports,pl,nation,2022-09,1292013,tonnes,portwatch,2022-09-30,,2026-10-06T05:59:38+00:00,estimated,1
shipping_container_exports,pl,nation,2022-10,1306833,tonnes,portwatch,2022-10-31,,2026-09-26,estimated,0
shipping_container_exports,pl,nation,2022-10,1306726,tonnes,portwatch,2022-10-31,,2026-10-06T05:59:38+00:00,estimated,1
shipping_container_exports,pl,nation,2022-11,1316223,tonnes,portwatch,2022-11-30,,2026-09-26,estimated,0
shipping_container_exports,pl,nation,2022-11,1316114,tonnes,portwatch,2022-11-30,,2026-10-06T05:59:38+00:00,estimated,1
shipping_container_exports,pl,nation,2022-12,1481422,tonnes,portwatch,2022-12-31,,2026-09-26,estimated,0
shipping_container_exports,pl,nation,2022-12,1481123,tonnes,portwatch,2022-12-31,,2026-10-06T05:59:38+00:00,estimated,1
shipping_container_exports,pl,nation,2023-01,1195801,tonnes,portwatch,2023-01-31,,2026-09-26,estimated,0
shipping_container_exports,pl,nation,2023-01,1195693,tonnes,portwatch,2023-01-31,,2026-10-06T05:59:38+00:00,estimated,1
shipping_container_exports,pl,nation,2023-02,1055289,tonnes,portwatch,2023-02-28,,2026-09-26,estimated,0
shipping_container_exports,pl,nation,2023-02,1055140,tonnes,portwatch,2023-02-28,,2026-10-06T05:59:38+00:00,estimated,1
shipping_container_exports,pl,nation,2023-03,1270960,tonnes,portwatch,2023-03-31,,2026-09-26,estimated,0
shipping_container_exports,pl,nation,2023-03,1270775,tonnes,portwatch,2023-03-31,,2026-10-06T05:59:38+00:00,estimated,1
shipping_container_exports,pl,nation,2023-04,1234756,tonnes,portwatch,2023-04-30,,2026-09-26,estimated,0
shipping_container_exports,pl,nation,2023-04,1234644,tonnes,portwatch,2023-04-30,,2026-10-06T05:59:38+00:00,estimated,1
shipping_container_exports,pl,nation,2023-05,1284146,tonnes,portwatch,2023-05-31,,2026-09-26,estimated,0
shipping_container_exports,pl,nation,2023-05,1283986,tonnes,portwatch,2023-05-31,,2026-10-06T05:59:38+00:00,estimated,1
shipping_container_exports,pl,nation,2023-06,1334437,tonnes,portwatch,2023-06-30,,2026-09-26,estimated,0
shipping_container_exports,pl,nation,2023-06,1334138,tonnes,portwatch,2023-06-30,,2026-10-06T05:59:38+00:00,estimated,1
shipping_container_exports,pl,nation,2023-07,1238693,tonnes,portwatch,2023-07-31,,2026-09-26,estimated,0
shipping_container_exports,pl,nation,2023-07,1238436,tonnes,portwatch,2023-07-31,,2026-10-06T05:59:38+00:00,estimated,1
shipping_container_exports,pl,nation,2023-08,1350696,tonnes,portwatch,2023-08-31,,2026-09-26,estimated,0
shipping_container_exports,pl,nation,2023-08,1350339,tonnes,portwatch,2023-08-31,,2026-10-06T05:59:38+00:00,estimated,1
shipping_container_exports,pl,nation,2023-09,1332138,tonnes,portwatch,2023-09-30,,2026-09-26,estimated,0
shipping_container_exports,pl,nation,2023-09,1331920,tonnes,portwatch,2023-09-30,,2026-10-06T05:59:38+00:00,estimated,1
shipping_container_exports,pl,nation,2023-10,1481433,tonnes,portwatch,2023-10-31,,2026-09-26,estimated,0
shipping_container_exports,pl,nation,2023-10,1481262,tonnes,portwatch,2023-10-31,,2026-10-06T05:59:38+00:00,estimated,1
shipping_container_exports,pl,nation,2023-11,1523163,tonnes,portwatch,2023-11-30,,2026-09-26,estimated,0
shipping_container_exports,pl,nation,2023-11,1522983,tonnes,portwatch,2023-11-30,,2026-10-06T05:59:38+00:00,estimated,1
shipping_container_exports,pl,nation,2023-12,1260242,tonnes,portwatch,2023-12-31,,2026-09-26,estimated,0
shipping_container_exports,pl,nation,2023-12,1260115,tonnes,portwatch,2023-12-31,,2026-10-06T05:59:38+00:00,estimated,1
shipping_container_exports,pl,nation,2024-01,1259474,tonnes,portwatch,2024-01-31,,2026-09-26,estimated,0
shipping_container_exports,pl,nation,2024-01,1259411,tonnes,portwatch,2024-01-31,,2026-10-06T05:59:38+00:00,estimated,1
shipping_container_exports,pl,nation,2024-02,1418674,tonnes,portwatch,2024-02-29,,2026-09-26,estimated,0
shipping_container_exports,pl,nation,2024-02,1418538,tonnes,portwatch,2024-02-29,,2026-10-06T05:59:38+00:00,estimated,1
shipping_container_exports,pl,nation,2024-03,1374155,tonnes,portwatch,2024-03-31,,2026-09-26,estimated,0
shipping_container_exports,pl,nation,2024-03,1374061,tonnes,portwatch,2024-03-31,,2026-10-06T05:59:38+00:00,estimated,1
shipping_container_exports,pl,nation,2024-04,1349638,tonnes,portwatch,2024-04-30,,2026-09-26,estimated,0
shipping_container_exports,pl,nation,2024-04,1349531,tonnes,portwatch,2024-04-30,,2026-10-06T05:59:38+00:00,estimated,1
shipping_container_exports,pl,nation,2024-05,1356697,tonnes,portwatch,2024-05-31,,2026-09-26,estimated,0
shipping_container_exports,pl,nation,2024-05,1356502,tonnes,portwatch,2024-05-31,,2026-10-06T05:59:38+00:00,estimated,1
shipping_container_exports,pl,nation,2024-06,1417875,tonnes,portwatch,2024-06-30,,2026-09-26,estimated,0
shipping_container_exports,pl,nation,2024-06,1417743,tonnes,portwatch,2024-06-30,,2026-10-06T05:59:38+00:00,estimated,1
shipping_container_exports,pl,nation,2024-07,1507874,tonnes,portwatch,2024-07-31,,2026-09-26,estimated,0
shipping_container_exports,pl,nation,2024-07,1507573,tonnes,portwatch,2024-07-31,,2026-10-06T05:59:38+00:00,estimated,1
shipping_container_exports,pl,nation,2024-08,1386661,tonnes,portwatch,2024-08-31,,2026-09-26,estimated,0
shipping_container_exports,pl,nation,2024-08,1386350,tonnes,portwatch,2024-08-31,,2026-10-06T05:59:38+00:00,estimated,1
shipping_container_exports,pl,nation,2024-09,1414344,tonnes,portwatch,2024-09-30,,2026-09-26,estimated,0
shipping_container_exports,pl,nation,2024-09,1414165,tonnes,portwatch,2024-09-30,,2026-10-06T05:59:38+00:00,estimated,1
shipping_container_exports,pl,nation,2024-10,1482699,tonnes,portwatch,2024-10-31,,2026-09-26,estimated,0
shipping_container_exports,pl,nation,2024-10,1482546,tonnes,portwatch,2024-10-31,,2026-10-06T05:59:38+00:00,estimated,1
shipping_container_exports,pl,nation,2024-11,1420660,tonnes,portwatch,2024-11-30,,2026-09-26,estimated,0
shipping_container_exports,pl,nation,2024-11,1420474,tonnes,portwatch,2024-11-30,,2026-10-06T05:59:38+00:00,estimated,1
shipping_container_exports,pl,nation,2024-12,1352434,tonnes,portwatch,2024-12-31,,2026-09-26,estimated,0
shipping_container_exports,pl,nation,2024-12,1352275,tonnes,portwatch,2024-12-31,,2026-10-06T05:59:38+00:00,estimated,1
shipping_container_exports,pl,nation,2025-01,1472169,tonnes,portwatch,2025-01-31,,2026-09-26,estimated,0
shipping_container_exports,pl,nation,2025-01,1471946,tonnes,portwatch,2025-01-31,,2026-10-06T05:59:38+00:00,estimated,1
shipping_container_exports,pl,nation,2025-02,1444873,tonnes,portwatch,2025-02-28,,2026-09-26,estimated,0
shipping_container_exports,pl,nation,2025-02,1444657,tonnes,portwatch,2025-02-28,,2026-10-06T05:59:38+00:00,estimated,1
shipping_container_exports,pl,nation,2025-03,1623768,tonnes,portwatch,2025-03-31,,2026-09-26,estimated,0
shipping_container_exports,pl,nation,2025-03,1623643,tonnes,portwatch,2025-03-31,,2026-10-06T05:59:38+00:00,estimated,1
shipping_container_exports,pl,nation,2025-04,1495165,tonnes,portwatch,2025-04-30,,2026-09-26,estimated,0
shipping_container_exports,pl,nation,2025-04,1494975,tonnes,portwatch,2025-04-30,,2026-10-06T05:59:38+00:00,estimated,1
shipping_container_exports,pl,nation,2025-05,1363820,tonnes,portwatch,2025-05-31,,2026-09-26,estimated,0
shipping_container_exports,pl,nation,2025-05,1363661,tonnes,portwatch,2025-05-31,,2026-10-06T05:59:38+00:00,estimated,1
shipping_container_exports,pl,nation,2025-06,1440011,tonnes,portwatch,2025-06-30,,2026-09-26,estimated,0
shipping_container_exports,pl,nation,2025-06,1439771,tonnes,portwatch,2025-06-30,,2026-10-06T05:59:38+00:00,estimated,1
shipping_container_exports,pl,nation,2025-07,1548928,tonnes,portwatch,2025-07-31,,2026-09-26,estimated,0
shipping_container_exports,pl,nation,2025-07,1548671,tonnes,portwatch,2025-07-31,,2026-10-06T05:59:38+00:00,estimated,1
shipping_container_exports,pl,nation,2025-08,1617377,tonnes,portwatch,2025-08-31,,2026-09-26,estimated,0
shipping_container_exports,pl,nation,2025-08,1617103,tonnes,portwatch,2025-08-31,,2026-10-06T05:59:38+00:00,estimated,1
shipping_container_exports,pl,nation,2025-09,1551906,tonnes,portwatch,2025-09-30,,2026-09-26,estimated,0
shipping_container_exports,pl,nation,2025-09,1551736,tonnes,portwatch,2025-09-30,,2026-10-06T05:59:38+00:00,estimated,1
shipping_container_exports,pl,nation,2025-10,1732431,tonnes,portwatch,2025-10-31,,2026-09-26,estimated,0
shipping_container_exports,pl,nation,2025-10,1732258,tonnes,portwatch,2025-10-31,,2026-10-06T05:59:38+00:00,estimated,1
shipping_container_exports,pl,nation,2025-11,1702904,tonnes,portwatch,2025-11-30,,2026-09-26,estimated,0
shipping_container_exports,pl,nation,2025-11,1702801,tonnes,portwatch,2025-11-30,,2026-10-06T05:59:38+00:00,estimated,1
shipping_container_exports,pl,nation,2025-12,1469203,tonnes,portwatch,2025-12-31,,2026-09-26,estimated,0
shipping_container_exports,pl,nation,2025-12,1468991,tonnes,portwatch,2025-12-31,,2026-10-06T05:59:38+00:00,estimated,1
shipping_container_exports,pl,nation,2026-01,1523753,tonnes,portwatch,2026-01-31,,2026-09-26,estimated,0
shipping_container_exports,pl,nation,2026-01,1523652,tonnes,portwatch,2026-01-31,,2026-10-06T05:59:38+00:00,estimated,1
shipping_container_exports,pl,nation,2026-02,1522440,tonnes,portwatch,2026-02-28,,2026-09-26,estimated,0
shipping_container_exports,pl,nation,2026-02,1522261,tonnes,portwatch,2026-02-28,,2026-10-06T05:59:38+00:00,estimated,1
shipping_container_exports,pl,nation,2026-03,1891672,tonnes,portwatch,2026-03-31,,2026-09-26,estimated,0
shipping_container_exports,pl,nation,2026-03,1891507,tonnes,portwatch,2026-03-31,,2026-10-06T05:59:38+00:00,estimated,1
shipping_container_exports,pl,nation,2026-04,1702472,tonnes,portwatch,2026-04-30,,2026-09-26,estimated,0
shipping_container_exports,pl,nation,2026-04,1702095,tonnes,portwatch,2026-04-30,,2026-10-06T05:59:38+00:00,estimated,1
shipping_container_exports,pl,nation,2026-05,1760370,tonnes,portwatch,2026-05-31,,2026-09-26,estimated,0
shipping_container_exports,pl,nation,2026-05,1760099,tonnes,portwatch,2026-05-31,,2026-10-06T05:59:38+00:00,estimated,1
shipping_container_exports,pl,nation,2026-06,1851191,tonnes,portwatch,2026-06-30,,2026-09-26,estimated,0
shipping_container_exports,pl,nation,2026-06,1850985,tonnes,portwatch,2026-06-30,,2026-10-06T05:59:38+00:00,estimated,1
shipping_container_exports,pl,nation,2026-07,2091600,tonnes,portwatch,2026-07-31,,2026-09-26,estimated,0
shipping_container_exports,pl,nation,2026-07,2091382,tonnes,portwatch,2026-07-31,,2026-10-06T05:59:38+00:00,estimated,1
shipping_container_exports,pl,nation,2026-08,1888598,tonnes,portwatch,2026-08-31,,2026-09-26,estimated,0
shipping_container_exports,pl,nation,2026-08,1888265,tonnes,portwatch,2026-08-31,,2026-10-06T05:59:38+00:00,estimated,1
shipping_container_exports,pt,nation,2019-01,1054688,tonnes,portwatch,2019-01-31,,2026-09-26,estimated,0
shipping_container_exports,pt,nation,2019-01,1054778,tonnes,portwatch,2019-01-31,,2026-10-06T05:59:39+00:00,estimated,1
shipping_container_exports,pt,nation,2019-02,973790,tonnes,portwatch,2019-02-28,,2026-09-26,estimated,0
shipping_container_exports,pt,nation,2019-02,973896,tonnes,portwatch,2019-02-28,,2026-10-06T05:59:39+00:00,estimated,1
shipping_container_exports,pt,nation,2019-03,1068300,tonnes,portwatch,2019-03-31,,2026-09-26,estimated,0
shipping_container_exports,pt,nation,2019-03,1068393,tonnes,portwatch,2019-03-31,,2026-10-06T05:59:39+00:00,estimated,1
shipping_container_exports,pt,nation,2019-04,692734,tonnes,portwatch,2019-04-30,,2026-09-26,estimated,0
shipping_container_exports,pt,nation,2019-04,692765,tonnes,portwatch,2019-04-30,,2026-10-06T05:59:39+00:00,estimated,1
shipping_container_exports,pt,nation,2019-05,908809,tonnes,portwatch,2019-05-31,,2026-09-26,estimated,0
shipping_container_exports,pt,nation,2019-05,908872,tonnes,portwatch,2019-05-31,,2026-10-06T05:59:39+00:00,estimated,1
shipping_container_exports,pt,nation,2019-06,945394,tonnes,portwatch,2019-06-30,,2026-09-26,estimated,0
shipping_container_exports,pt,nation,2019-06,945462,tonnes,portwatch,2019-06-30,,2026-10-06T05:59:39+00:00,estimated,1
shipping_container_exports,pt,nation,2019-07,914023,tonnes,portwatch,2019-07-31,,2026-09-26,estimated,0
shipping_container_exports,pt,nation,2019-07,914067,tonnes,portwatch,2019-07-31,,2026-10-06T05:59:39+00:00,estimated,1
shipping_container_exports,pt,nation,2019-08,805833,tonnes,portwatch,2019-08-31,,2026-09-26,estimated,0
shipping_container_exports,pt,nation,2019-08,805875,tonnes,portwatch,2019-08-31,,2026-10-06T05:59:39+00:00,estimated,1
shipping_container_exports,pt,nation,2019-09,834790,tonnes,portwatch,2019-09-30,,2026-09-26,estimated,0
shipping_container_exports,pt,nation,2019-09,834820,tonnes,portwatch,2019-09-30,,2026-10-06T05:59:39+00:00,estimated,1
shipping_container_exports,pt,nation,2019-10,912773,tonnes,portwatch,2019-10-31,,2026-09-26,estimated,0
shipping_container_exports,pt,nation,2019-10,912809,tonnes,portwatch,2019-10-31,,2026-10-06T05:59:39+00:00,estimated,1
shipping_container_exports,pt,nation,2019-11,910141,tonnes,portwatch,2019-11-30,,2026-09-26,estimated,0
shipping_container_exports,pt,nation,2019-11,910187,tonnes,portwatch,2019-11-30,,2026-10-06T05:59:39+00:00,estimated,1
shipping_container_exports,pt,nation,2019-12,740808,tonnes,portwatch,2019-12-31,,2026-09-26,estimated,0
shipping_container_exports,pt,nation,2019-12,740894,tonnes,portwatch,2019-12-31,,2026-10-06T05:59:39+00:00,estimated,1
shipping_container_exports,pt,nation,2020-01,854691,tonnes,portwatch,2020-01-31,,2026-09-26,estimated,0
shipping_container_exports,pt,nation,2020-01,854736,tonnes,portwatch,2020-01-31,,2026-10-06T05:59:39+00:00,estimated,1
shipping_container_exports,pt,nation,2020-02,895166,tonnes,portwatch,2020-02-29,,2026-09-26,estimated,0
shipping_container_exports,pt,nation,2020-02,895193,tonnes,portwatch,2020-02-29,,2026-10-06T05:59:39+00:00,estimated,1
shipping_container_exports,pt,nation,2020-03,945566,tonnes,portwatch,2020-03-31,,2026-09-26,estimated,0
shipping_container_exports,pt,nation,2020-03,945590,tonnes,portwatch,2020-03-31,,2026-10-06T05:59:39+00:00,estimated,1
shipping_container_exports,pt,nation,2020-04,840325,tonnes,portwatch,2020-04-30,,2026-09-26,estimated,0
shipping_container_exports,pt,nation,2020-04,840355,tonnes,portwatch,2020-04-30,,2026-10-06T05:59:39+00:00,estimated,1
shipping_container_exports,pt,nation,2020-05,970042,tonnes,portwatch,2020-05-31,,2026-09-26,estimated,0
shipping_container_exports,pt,nation,2020-05,970074,tonnes,portwatch,2020-05-31,,2026-10-06T05:59:39+00:00,estimated,1
shipping_container_exports,pt,nation,2020-06,847994,tonnes,portwatch,2020-06-30,,2026-09-26,estimated,0
shipping_container_exports,pt,nation,2020-06,848028,tonnes,portwatch,2020-06-30,,2026-10-06T05:59:39+00:00,estimated,1
shipping_container_exports,pt,nation,2020-07,1063987,tonnes,portwatch,2020-07-31,,2026-09-26,estimated,0
shipping_container_exports,pt,nation,2020-07,1064029,tonnes,portwatch,2020-07-31,,2026-10-06T05:59:39+00:00,estimated,1
shipping_container_exports,pt,nation,2020-08,1010956,tonnes,portwatch,2020-08-31,,2026-09-26,estimated,0
shipping_container_exports,pt,nation,2020-08,1010993,tonnes,portwatch,2020-08-31,,2026-10-06T05:59:39+00:00,estimated,1
shipping_container_exports,pt,nation,2020-09,912150,tonnes,portwatch,2020-09-30,,2026-09-26,estimated,0
shipping_container_exports,pt,nation,2020-09,912190,tonnes,portwatch,2020-09-30,,2026-10-06T05:59:39+00:00,estimated,1
shipping_container_exports,pt,nation,2020-10,1041431,tonnes,portwatch,2020-10-31,,2026-09-26,estimated,0
shipping_container_exports,pt,nation,2020-10,1041476,tonnes,portwatch,2020-10-31,,2026-10-06T05:59:39+00:00,estimated,1
shipping_container_exports,pt,nation,2020-11,1092309,tonnes,portwatch,2020-11-30,,2026-09-26,estimated,0
shipping_container_exports,pt,nation,2020-11,1092365,tonnes,portwatch,2020-11-30,,2026-10-06T05:59:39+00:00,estimated,1
shipping_container_exports,pt,nation,2020-12,954728,tonnes,portwatch,2020-12-31,,2026-09-26,estimated,0
shipping_container_exports,pt,nation,2020-12,954763,tonnes,portwatch,2020-12-31,,2026-10-06T05:59:39+00:00,estimated,1
shipping_container_exports,pt,nation,2021-01,1174461,tonnes,portwatch,2021-01-31,,2026-09-26,estimated,0
shipping_container_exports,pt,nation,2021-01,1174492,tonnes,portwatch,2021-01-31,,2026-10-06T05:59:39+00:00,estimated,1
shipping_container_exports,pt,nation,2021-02,957240,tonnes,portwatch,2021-02-28,,2026-09-26,estimated,0
shipping_container_exports,pt,nation,2021-02,957250,tonnes,portwatch,2021-02-28,,2026-10-06T05:59:39+00:00,estimated,1
shipping_container_exports,pt,nation,2021-03,1122143,tonnes,portwatch,2021-03-31,,2026-09-26,estimated,0
shipping_container_exports,pt,nation,2021-03,1122184,tonnes,portwatch,2021-03-31,,2026-10-06T05:59:39+00:00,estimated,1
shipping_container_exports,pt,nation,2021-04,1035317,tonnes,portwatch,2021-04-30,,2026-09-26,estimated,0
shipping_container_exports,pt,nation,2021-04,1035343,tonnes,portwatch,2021-04-30,,2026-10-06T05:59:39+00:00,estimated,1
shipping_container_exports,pt,nation,2021-05,1122300,tonnes,portwatch,2021-05-31,,2026-09-26,estimated,0
shipping_container_exports,pt,nation,2021-05,1122341,tonnes,portwatch,2021-05-31,,2026-10-06T05:59:39+00:00,estimated,1
shipping_container_exports,pt,nation,2021-06,1039233,tonnes,portwatch,2021-06-30,,2026-09-26,estimated,0
shipping_container_exports,pt,nation,2021-06,1039263,tonnes,portwatch,2021-06-30,,2026-10-06T05:59:39+00:00,estimated,1
shipping_container_exports,pt,nation,2021-07,1060337,tonnes,portwatch,2021-07-31,,2026-09-26,estimated,0
shipping_container_exports,pt,nation,2021-07,1060388,tonnes,portwatch,2021-07-31,,2026-10-06T05:59:39+00:00,estimated,1
shipping_container_exports,pt,nation,2021-08,1050557,tonnes,portwatch,2021-08-31,,2026-09-26,estimated,0
shipping_container_exports,pt,nation,2021-08,1050606,tonnes,portwatch,2021-08-31,,2026-10-06T05:59:39+00:00,estimated,1
shipping_container_exports,pt,nation,2021-09,1074722,tonnes,portwatch,2021-09-30,,2026-09-26,estimated,0
shipping_container_exports,pt,nation,2021-09,1074749,tonnes,portwatch,2021-09-30,,2026-10-06T05:59:39+00:00,estimated,1
shipping_container_exports,pt,nation,2021-10,1081018,tonnes,portwatch,2021-10-31,,2026-09-26,estimated,0
shipping_container_exports,pt,nation,2021-10,1081082,tonnes,portwatch,2021-10-31,,2026-10-06T05:59:39+00:00,estimated,1
shipping_container_exports,pt,nation,2021-11,1023176,tonnes,portwatch,2021-11-30,,2026-09-26,estimated,0
shipping_container_exports,pt,nation,2021-11,1023209,tonnes,portwatch,2021-11-30,,2026-10-06T05:59:39+00:00,estimated,1
shipping_container_exports,pt,nation,2021-12,968730,tonnes,portwatch,2021-12-31,,2026-09-26,estimated,0
shipping_container_exports,pt,nation,2021-12,968786,tonnes,portwatch,2021-12-31,,2026-10-06T05:59:39+00:00,estimated,1
shipping_container_exports,pt,nation,2022-01,994902,tonnes,portwatch,2022-01-31,,2026-09-26,estimated,0
shipping_container_exports,pt,nation,2022-01,994943,tonnes,portwatch,2022-01-31,,2026-10-06T05:59:39+00:00,estimated,1
shipping_container_exports,pt,nation,2022-02,907036,tonnes,portwatch,2022-02-28,,2026-09-26,estimated,0
shipping_container_exports,pt,nation,2022-02,907066,tonnes,portwatch,2022-02-28,,2026-10-06T05:59:39+00:00,estimated,1
shipping_container_exports,pt,nation,2022-03,1027452,tonnes,portwatch,2022-03-31,,2026-09-26,estimated,0
shipping_container_exports,pt,nation,2022-03,1027510,tonnes,portwatch,2022-03-31,,2026-10-06T05:59:39+00:00,estimated,1
shipping_container_exports,pt,nation,2022-04,975398,tonnes,portwatch,2022-04-30,,2026-09-26,estimated,0
shipping_container_exports,pt,nation,2022-04,975472,tonnes,portwatch,2022-04-30,,2026-10-06T05:59:39+00:00,estimated,1
shipping_container_exports,pt,nation,2022-05,1049769,tonnes,portwatch,2022-05-31,,2026-09-26,estimated,0
shipping_container_exports,pt,nation,2022-05,1049803,tonnes,portwatch,2022-05-31,,2026-10-06T05:59:39+00:00,estimated,1
shipping_container_exports,pt,nation,2022-06,997555,tonnes,portwatch,2022-06-30,,2026-09-26,estimated,0
shipping_container_exports,pt,nation,2022-06,997616,tonnes,portwatch,2022-06-30,,2026-10-06T05:59:39+00:00,estimated,1
shipping_container_exports,pt,nation,2022-07,1081359,tonnes,portwatch,2022-07-31,,2026-09-26,estimated,0
shipping_container_exports,pt,nation,2022-07,1081392,tonnes,portwatch,2022-07-31,,2026-10-06T05:59:39+00:00,estimated,1
shipping_container_exports,pt,nation,2022-08,1094942,tonnes,portwatch,2022-08-31,,2026-09-26,estimated,0
shipping_container_exports,pt,nation,2022-08,1094996,tonnes,portwatch,2022-08-31,,2026-10-06T05:59:39+00:00,estimated,1
shipping_container_exports,pt,nation,2022-09,1114160,tonnes,portwatch,2022-09-30,,2026-09-26,estimated,0
shipping_container_exports,pt,nation,2022-09,1114183,tonnes,portwatch,2022-09-30,,2026-10-06T05:59:39+00:00,estimated,1
shipping_container_exports,pt,nation,2022-10,934763,tonnes,portwatch,2022-10-31,,2026-09-26,estimated,0
shipping_container_exports,pt,nation,2022-10,934792,tonnes,portwatch,2022-10-31,,2026-10-06T05:59:39+00:00,estimated,1
shipping_container_exports,pt,nation,2022-11,778769,tonnes,portwatch,2022-11-30,,2026-09-26,estimated,0
shipping_container_exports,pt,nation,2022-11,778800,tonnes,portwatch,2022-11-30,,2026-10-06T05:59:39+00:00,estimated,1
shipping_container_exports,pt,nation,2022-12,877714,tonnes,portwatch,2022-12-31,,2026-09-26,estimated,0
shipping_container_exports,pt,nation,2022-12,877716,tonnes,portwatch,2022-12-31,,2026-10-06T05:59:39+00:00,estimated,1
shipping_container_exports,pt,nation,2023-01,777860,tonnes,portwatch,2023-01-31,,2026-09-26,estimated,0
shipping_container_exports,pt,nation,2023-01,777880,tonnes,portwatch,2023-01-31,,2026-10-06T05:59:39+00:00,estimated,1
shipping_container_exports,pt,nation,2023-02,891488,tonnes,portwatch,2023-02-28,,2026-09-26,estimated,0
shipping_container_exports,pt,nation,2023-02,891510,tonnes,portwatch,2023-02-28,,2026-10-06T05:59:39+00:00,estimated,1
shipping_container_exports,pt,nation,2023-03,900587,tonnes,portwatch,2023-03-31,,2026-09-26,estimated,0
shipping_container_exports,pt,nation,2023-03,900612,tonnes,portwatch,2023-03-31,,2026-10-06T05:59:39+00:00,estimated,1
shipping_container_exports,pt,nation,2023-04,982745,tonnes,portwatch,2023-04-30,,2026-09-26,estimated,0
shipping_container_exports,pt,nation,2023-04,982764,tonnes,portwatch,2023-04-30,,2026-10-06T05:59:39+00:00,estimated,1
shipping_container_exports,pt,nation,2023-05,1025410,tonnes,portwatch,2023-05-31,,2026-09-26,estimated,0
shipping_container_exports,pt,nation,2023-05,1025432,tonnes,portwatch,2023-05-31,,2026-10-06T05:59:39+00:00,estimated,1
shipping_container_exports,pt,nation,2023-06,1089472,tonnes,portwatch,2023-06-30,,2026-09-26,estimated,0
shipping_container_exports,pt,nation,2023-06,1089517,tonnes,portwatch,2023-06-30,,2026-10-06T05:59:39+00:00,estimated,1
shipping_container_exports,pt,nation,2023-07,1029059,tonnes,portwatch,2023-07-31,,2026-09-26,estimated,0
shipping_container_exports,pt,nation,2023-07,1029097,tonnes,portwatch,2023-07-31,,2026-10-06T05:59:39+00:00,estimated,1
shipping_container_exports,pt,nation,2023-08,1020138,tonnes,portwatch,2023-08-31,,2026-09-26,estimated,0
shipping_container_exports,pt,nation,2023-08,1020162,tonnes,portwatch,2023-08-31,,2026-10-06T05:59:39+00:00,estimated,1
shipping_container_exports,pt,nation,2023-09,1085718,tonnes,portwatch,2023-09-30,,2026-09-26,estimated,0
shipping_container_exports,pt,nation,2023-09,1085748,tonnes,portwatch,2023-09-30,,2026-10-06T05:59:39+00:00,estimated,1
shipping_container_exports,pt,nation,2023-10,1041817,tonnes,portwatch,2023-10-31,,2026-09-26,estimated,0
shipping_container_exports,pt,nation,2023-10,1041837,tonnes,portwatch,2023-10-31,,2026-10-06T05:59:39+00:00,estimated,1
shipping_container_exports,pt,nation,2023-11,805189,tonnes,portwatch,2023-11-30,,2026-09-26,estimated,0
shipping_container_exports,pt,nation,2023-11,805217,tonnes,portwatch,2023-11-30,,2026-10-06T05:59:39+00:00,estimated,1
shipping_container_exports,pt,nation,2023-12,947608,tonnes,portwatch,2023-12-31,,2026-09-26,estimated,0
shipping_container_exports,pt,nation,2023-12,947642,tonnes,portwatch,2023-12-31,,2026-10-06T05:59:39+00:00,estimated,1
shipping_container_exports,pt,nation,2024-01,1153798,tonnes,portwatch,2024-01-31,,2026-09-26,estimated,0
shipping_container_exports,pt,nation,2024-01,1153840,tonnes,portwatch,2024-01-31,,2026-10-06T05:59:39+00:00,estimated,1
shipping_container_exports,pt,nation,2024-02,1057508,tonnes,portwatch,2024-02-29,,2026-09-26,estimated,0
shipping_container_exports,pt,nation,2024-02,1057552,tonnes,portwatch,2024-02-29,,2026-10-06T05:59:39+00:00,estimated,1
shipping_container_exports,pt,nation,2024-03,966624,tonnes,portwatch,2024-03-31,,2026-09-26,estimated,0
shipping_container_exports,pt,nation,2024-03,966646,tonnes,portwatch,2024-03-31,,2026-10-06T05:59:39+00:00,estimated,1
shipping_container_exports,pt,nation,2024-04,1108386,tonnes,portwatch,2024-04-30,,2026-09-26,estimated,0
shipping_container_exports,pt,nation,2024-04,1108435,tonnes,portwatch,2024-04-30,,2026-10-06T05:59:39+00:00,estimated,1
shipping_container_exports,pt,nation,2024-05,1191550,tonnes,portwatch,2024-05-31,,2026-09-26,estimated,0
shipping_container_exports,pt,nation,2024-05,1191616,tonnes,portwatch,2024-05-31,,2026-10-06T05:59:39+00:00,estimated,1
shipping_container_exports,pt,nation,2024-06,1136680,tonnes,portwatch,2024-06-30,,2026-09-26,estimated,0
shipping_container_exports,pt,nation,2024-06,1136731,tonnes,portwatch,2024-06-30,,2026-10-06T05:59:39+00:00,estimated,1
shipping_container_exports,pt,nation,2024-07,1029961,tonnes,portwatch,2024-07-31,,2026-09-26,estimated,0
shipping_container_exports,pt,nation,2024-07,1030026,tonnes,portwatch,2024-07-31,,2026-10-06T05:59:39+00:00,estimated,1
shipping_container_exports,pt,nation,2024-08,1002552,tonnes,portwatch,2024-08-31,,2026-09-26,estimated,0
shipping_container_exports,pt,nation,2024-08,1002594,tonnes,portwatch,2024-08-31,,2026-10-06T05:59:39+00:00,estimated,1
shipping_container_exports,pt,nation,2024-09,881091,tonnes,portwatch,2024-09-30,,2026-09-26,estimated,0
shipping_container_exports,pt,nation,2024-09,881160,tonnes,portwatch,2024-09-30,,2026-10-06T05:59:39+00:00,estimated,1
shipping_container_exports,pt,nation,2024-10,1112515,tonnes,portwatch,2024-10-31,,2026-09-26,estimated,0
shipping_container_exports,pt,nation,2024-10,1112593,tonnes,portwatch,2024-10-31,,2026-10-06T05:59:39+00:00,estimated,1
shipping_container_exports,pt,nation,2024-11,986066,tonnes,portwatch,2024-11-30,,2026-09-26,estimated,0
shipping_container_exports,pt,nation,2024-11,986132,tonnes,portwatch,2024-11-30,,2026-10-06T05:59:39+00:00,estimated,1
shipping_container_exports,pt,nation,2024-12,960093,tonnes,portwatch,2024-12-31,,2026-09-26,estimated,0
shipping_container_exports,pt,nation,2024-12,960119,tonnes,portwatch,2024-12-31,,2026-10-06T05:59:39+00:00,estimated,1
shipping_container_exports,pt,nation,2025-01,920490,tonnes,portwatch,2025-01-31,,2026-09-26,estimated,0
shipping_container_exports,pt,nation,2025-01,920559,tonnes,portwatch,2025-01-31,,2026-10-06T05:59:39+00:00,estimated,1
shipping_container_exports,pt,nation,2025-02,995250,tonnes,portwatch,2025-02-28,,2026-09-26,estimated,0
shipping_container_exports,pt,nation,2025-02,995307,tonnes,portwatch,2025-02-28,,2026-10-06T05:59:39+00:00,estimated,1
shipping_container_exports,pt,nation,2025-03,802990,tonnes,portwatch,2025-03-31,,2026-09-26,estimated,0
shipping_container_exports,pt,nation,2025-03,803047,tonnes,portwatch,2025-03-31,,2026-10-06T05:59:39+00:00,estimated,1
shipping_container_exports,pt,nation,2025-04,962337,tonnes,portwatch,2025-04-30,,2026-09-26,estimated,0
shipping_container_exports,pt,nation,2025-04,962402,tonnes,portwatch,2025-04-30,,2026-10-06T05:59:39+00:00,estimated,1
shipping_container_exports,pt,nation,2025-05,1035815,tonnes,portwatch,2025-05-31,,2026-09-26,estimated,0
shipping_container_exports,pt,nation,2025-05,1035860,tonnes,portwatch,2025-05-31,,2026-10-06T05:59:39+00:00,estimated,1
shipping_container_exports,pt,nation,2025-06,1035601,tonnes,portwatch,2025-06-30,,2026-09-26,estimated,0
shipping_container_exports,pt,nation,2025-06,1035656,tonnes,portwatch,2025-06-30,,2026-10-06T05:59:39+00:00,estimated,1
shipping_container_exports,pt,nation,2025-07,1082849,tonnes,portwatch,2025-07-31,,2026-09-26,estimated,0
shipping_container_exports,pt,nation,2025-07,1082879,tonnes,portwatch,2025-07-31,,2026-10-06T05:59:39+00:00,estimated,1
shipping_container_exports,pt,nation,2025-08,952300,tonnes,portwatch,2025-08-31,,2026-09-26,estimated,0
shipping_container_exports,pt,nation,2025-08,952362,tonnes,portwatch,2025-08-31,,2026-10-06T05:59:39+00:00,estimated,1
shipping_container_exports,pt,nation,2025-09,1004144,tonnes,portwatch,2025-09-30,,2026-09-26,estimated,0
shipping_container_exports,pt,nation,2025-09,1004187,tonnes,portwatch,2025-09-30,,2026-10-06T05:59:39+00:00,estimated,1
shipping_container_exports,pt,nation,2025-10,933762,tonnes,portwatch,2025-10-31,,2026-09-26,estimated,0
shipping_container_exports,pt,nation,2025-10,933826,tonnes,portwatch,2025-10-31,,2026-10-06T05:59:39+00:00,estimated,1
shipping_container_exports,pt,nation,2025-11,712661,tonnes,portwatch,2025-11-30,,2026-09-26,estimated,0
shipping_container_exports,pt,nation,2025-11,712688,tonnes,portwatch,2025-11-30,,2026-10-06T05:59:39+00:00,estimated,1
shipping_container_exports,pt,nation,2025-12,593491,tonnes,portwatch,2025-12-31,,2026-09-26,estimated,0
shipping_container_exports,pt,nation,2025-12,593544,tonnes,portwatch,2025-12-31,,2026-10-06T05:59:39+00:00,estimated,1
shipping_container_exports,pt,nation,2026-01,675548,tonnes,portwatch,2026-01-31,,2026-09-26,estimated,0
shipping_container_exports,pt,nation,2026-01,675579,tonnes,portwatch,2026-01-31,,2026-10-06T05:59:39+00:00,estimated,1
shipping_container_exports,pt,nation,2026-02,590473,tonnes,portwatch,2026-02-28,,2026-09-26,estimated,0
shipping_container_exports,pt,nation,2026-02,590533,tonnes,portwatch,2026-02-28,,2026-10-06T05:59:39+00:00,estimated,1
shipping_container_exports,pt,nation,2026-03,953944,tonnes,portwatch,2026-03-31,,2026-09-26,estimated,0
shipping_container_exports,pt,nation,2026-03,954002,tonnes,portwatch,2026-03-31,,2026-10-06T05:59:39+00:00,estimated,1
shipping_container_exports,pt,nation,2026-04,838316,tonnes,portwatch,2026-04-30,,2026-09-26,estimated,0
shipping_container_exports,pt,nation,2026-04,838380,tonnes,portwatch,2026-04-30,,2026-10-06T05:59:39+00:00,estimated,1
shipping_container_exports,pt,nation,2026-05,903016,tonnes,portwatch,2026-05-31,,2026-09-26,estimated,0
shipping_container_exports,pt,nation,2026-05,903052,tonnes,portwatch,2026-05-31,,2026-10-06T05:59:39+00:00,estimated,1
shipping_container_exports,pt,nation,2026-06,901459,tonnes,portwatch,2026-06-30,,2026-09-26,estimated,0
shipping_container_exports,pt,nation,2026-06,901501,tonnes,portwatch,2026-06-30,,2026-10-06T05:59:39+00:00,estimated,1
shipping_container_exports,pt,nation,2026-07,888830,tonnes,portwatch,2026-07-31,,2026-09-26,estimated,0
shipping_container_exports,pt,nation,2026-07,888871,tonnes,portwatch,2026-07-31,,2026-10-06T05:59:39+00:00,estimated,1
shipping_container_exports,pt,nation,2026-08,933590,tonnes,portwatch,2026-08-31,,2026-09-26,estimated,0
shipping_container_exports,pt,nation,2026-08,933633,tonnes,portwatch,2026-08-31,,2026-10-06T05:59:39+00:00,estimated,1
shipping_container_exports,ru,nation,2019-01,1581648,tonnes,portwatch,2019-01-31,,2026-09-26,estimated,0
shipping_container_exports,ru,nation,2019-01,1581533,tonnes,portwatch,2019-01-31,,2026-10-06T05:59:39+00:00,estimated,1
shipping_container_exports,ru,nation,2019-02,1736444,tonnes,portwatch,2019-02-28,,2026-09-26,estimated,0
shipping_container_exports,ru,nation,2019-02,1736325,tonnes,portwatch,2019-02-28,,2026-10-06T05:59:39+00:00,estimated,1
shipping_container_exports,ru,nation,2019-03,1968884,tonnes,portwatch,2019-03-31,,2026-09-26,estimated,0
shipping_container_exports,ru,nation,2019-03,1968726,tonnes,portwatch,2019-03-31,,2026-10-06T05:59:39+00:00,estimated,1
shipping_container_exports,ru,nation,2019-04,1838466,tonnes,portwatch,2019-04-30,,2026-09-26,estimated,0
shipping_container_exports,ru,nation,2019-04,1838325,tonnes,portwatch,2019-04-30,,2026-10-06T05:59:39+00:00,estimated,1
shipping_container_exports,ru,nation,2019-05,1891142,tonnes,portwatch,2019-05-31,,2026-09-26,estimated,0
shipping_container_exports,ru,nation,2019-05,1890998,tonnes,portwatch,2019-05-31,,2026-10-06T05:59:39+00:00,estimated,1
shipping_container_exports,ru,nation,2019-06,1765122,tonnes,portwatch,2019-06-30,,2026-09-26,estimated,0
shipping_container_exports,ru,nation,2019-06,1765010,tonnes,portwatch,2019-06-30,,2026-10-06T05:59:39+00:00,estimated,1
shipping_container_exports,ru,nation,2019-07,1742987,tonnes,portwatch,2019-07-31,,2026-09-26,estimated,0
shipping_container_exports,ru,nation,2019-07,1742977,tonnes,portwatch,2019-07-31,,2026-10-06T05:59:39+00:00,estimated,1
shipping_container_exports,ru,nation,2019-08,1812353,tonnes,portwatch,2019-08-31,,2026-09-26,estimated,0
shipping_container_exports,ru,nation,2019-08,1812229,tonnes,portwatch,2019-08-31,,2026-10-06T05:59:39+00:00,estimated,1
shipping_container_exports,ru,nation,2019-09,1733020,tonnes,portwatch,2019-09-30,,2026-09-26,estimated,0
shipping_container_exports,ru,nation,2019-09,1733002,tonnes,portwatch,2019-09-30,,2026-10-06T05:59:39+00:00,estimated,1
shipping_container_exports,ru,nation,2019-10,1808039,tonnes,portwatch,2019-10-31,,2026-09-26,estimated,0
shipping_container_exports,ru,nation,2019-10,1807942,tonnes,portwatch,2019-10-31,,2026-10-06T05:59:39+00:00,estimated,1
shipping_container_exports,ru,nation,2019-11,1680744,tonnes,portwatch,2019-11-30,,2026-09-26,estimated,0
shipping_container_exports,ru,nation,2019-11,1680624,tonnes,portwatch,2019-11-30,,2026-10-06T05:59:39+00:00,estimated,1
shipping_container_exports,ru,nation,2019-12,1699953,tonnes,portwatch,2019-12-31,,2026-09-26,estimated,0
shipping_container_exports,ru,nation,2019-12,1699643,tonnes,portwatch,2019-12-31,,2026-10-06T05:59:39+00:00,estimated,1
shipping_container_exports,ru,nation,2020-01,1778304,tonnes,portwatch,2020-01-31,,2026-09-26,estimated,0
shipping_container_exports,ru,nation,2020-01,1778226,tonnes,portwatch,2020-01-31,,2026-10-06T05:59:39+00:00,estimated,1
shipping_container_exports,ru,nation,2020-02,1696621,tonnes,portwatch,2020-02-29,,2026-09-26,estimated,0
shipping_container_exports,ru,nation,2020-02,1696531,tonnes,portwatch,2020-02-29,,2026-10-06T05:59:39+00:00,estimated,1
shipping_container_exports,ru,nation,2020-03,1984912,tonnes,portwatch,2020-03-31,,2026-09-26,estimated,0
shipping_container_exports,ru,nation,2020-03,1984819,tonnes,portwatch,2020-03-31,,2026-10-06T05:59:39+00:00,estimated,1
shipping_container_exports,ru,nation,2020-04,1692041,tonnes,portwatch,2020-04-30,,2026-09-26,estimated,0
shipping_container_exports,ru,nation,2020-04,1691945,tonnes,portwatch,2020-04-30,,2026-10-06T05:59:39+00:00,estimated,1
shipping_container_exports,ru,nation,2020-05,1694319,tonnes,portwatch,2020-05-31,,2026-09-26,estimated,0
shipping_container_exports,ru,nation,2020-05,1694249,tonnes,portwatch,2020-05-31,,2026-10-06T05:59:39+00:00,estimated,1
shipping_container_exports,ru,nation,2020-06,1535031,tonnes,portwatch,2020-06-30,,2026-09-26,estimated,0
shipping_container_exports,ru,nation,2020-06,1534936,tonnes,portwatch,2020-06-30,,2026-10-06T05:59:39+00:00,estimated,1
shipping_container_exports,ru,nation,2020-07,1631504,tonnes,portwatch,2020-07-31,,2026-09-26,estimated,0
shipping_container_exports,ru,nation,2020-07,1631383,tonnes,portwatch,2020-07-31,,2026-10-06T05:59:39+00:00,estimated,1
shipping_container_exports,ru,nation,2020-08,1632455,tonnes,portwatch,2020-08-31,,2026-09-26,estimated,0
shipping_container_exports,ru,nation,2020-08,1632383,tonnes,portwatch,2020-08-31,,2026-10-06T05:59:39+00:00,estimated,1
shipping_container_exports,ru,nation,2020-09,1707366,tonnes,portwatch,2020-09-30,,2026-09-26,estimated,0
shipping_container_exports,ru,nation,2020-09,1707190,tonnes,portwatch,2020-09-30,,2026-10-06T05:59:39+00:00,estimated,1
shipping_container_exports,ru,nation,2020-10,1941079,tonnes,portwatch,2020-10-31,,2026-09-26,estimated,0
shipping_container_exports,ru,nation,2020-10,1940950,tonnes,portwatch,2020-10-31,,2026-10-06T05:59:39+00:00,estimated,1
shipping_container_exports,ru,nation,2020-11,1701355,tonnes,portwatch,2020-11-30,,2026-09-26,estimated,0
shipping_container_exports,ru,nation,2020-11,1701209,tonnes,portwatch,2020-11-30,,2026-10-06T05:59:39+00:00,estimated,1
shipping_container_exports,ru,nation,2020-12,1713648,tonnes,portwatch,2020-12-31,,2026-09-26,estimated,0
shipping_container_exports,ru,nation,2020-12,1713509,tonnes,portwatch,2020-12-31,,2026-10-06T05:59:39+00:00,estimated,1
shipping_container_exports,ru,nation,2021-01,1533589,tonnes,portwatch,2021-01-31,,2026-09-26,estimated,0
shipping_container_exports,ru,nation,2021-01,1533516,tonnes,portwatch,2021-01-31,,2026-10-06T05:59:39+00:00,estimated,1
shipping_container_exports,ru,nation,2021-02,1539655,tonnes,portwatch,2021-02-28,,2026-09-26,estimated,0
shipping_container_exports,ru,nation,2021-02,1539533,tonnes,portwatch,2021-02-28,,2026-10-06T05:59:39+00:00,estimated,1
shipping_container_exports,ru,nation,2021-03,1685338,tonnes,portwatch,2021-03-31,,2026-09-26,estimated,0
shipping_container_exports,ru,nation,2021-03,1685217,tonnes,portwatch,2021-03-31,,2026-10-06T05:59:39+00:00,estimated,1
shipping_container_exports,ru,nation,2021-04,1656565,tonnes,portwatch,2021-04-30,,2026-09-26,estimated,0
shipping_container_exports,ru,nation,2021-04,1656422,tonnes,portwatch,2021-04-30,,2026-10-06T05:59:39+00:00,estimated,1
shipping_container_exports,ru,nation,2021-05,1672518,tonnes,portwatch,2021-05-31,,2026-09-26,estimated,0
shipping_container_exports,ru,nation,2021-05,1672373,tonnes,portwatch,2021-05-31,,2026-10-06T05:59:39+00:00,estimated,1
shipping_container_exports,ru,nation,2021-06,1615085,tonnes,portwatch,2021-06-30,,2026-09-26,estimated,0
shipping_container_exports,ru,nation,2021-06,1614959,tonnes,portwatch,2021-06-30,,2026-10-06T05:59:39+00:00,estimated,1
shipping_container_exports,ru,nation,2021-07,1700954,tonnes,portwatch,2021-07-31,,2026-09-26,estimated,0
shipping_container_exports,ru,nation,2021-07,1700828,tonnes,portwatch,2021-07-31,,2026-10-06T05:59:39+00:00,estimated,1
shipping_container_exports,ru,nation,2021-08,1597438,tonnes,portwatch,2021-08-31,,2026-09-26,estimated,0
shipping_container_exports,ru,nation,2021-08,1597330,tonnes,portwatch,2021-08-31,,2026-10-06T05:59:39+00:00,estimated,1
shipping_container_exports,ru,nation,2021-09,1585252,tonnes,portwatch,2021-09-30,,2026-09-26,estimated,0
shipping_container_exports,ru,nation,2021-09,1585075,tonnes,portwatch,2021-09-30,,2026-10-06T05:59:39+00:00,estimated,1
shipping_container_exports,ru,nation,2021-10,1637048,tonnes,portwatch,2021-10-31,,2026-09-26,estimated,0
shipping_container_exports,ru,nation,2021-10,1636924,tonnes,portwatch,2021-10-31,,2026-10-06T05:59:39+00:00,estimated,1
shipping_container_exports,ru,nation,2021-11,1514156,tonnes,portwatch,2021-11-30,,2026-09-26,estimated,0
shipping_container_exports,ru,nation,2021-11,1514003,tonnes,portwatch,2021-11-30,,2026-10-06T05:59:39+00:00,estimated,1
shipping_container_exports,ru,nation,2021-12,1553006,tonnes,portwatch,2021-12-31,,2026-09-26,estimated,0
shipping_container_exports,ru,nation,2021-12,1552839,tonnes,portwatch,2021-12-31,,2026-10-06T05:59:39+00:00,estimated,1
shipping_container_exports,ru,nation,2022-01,1411453,tonnes,portwatch,2022-01-31,,2026-09-26,estimated,0
shipping_container_exports,ru,nation,2022-01,1411352,tonnes,portwatch,2022-01-31,,2026-10-06T05:59:39+00:00,estimated,1
shipping_container_exports,ru,nation,2022-02,1406470,tonnes,portwatch,2022-02-28,,2026-09-26,estimated,0
shipping_container_exports,ru,nation,2022-02,1406317,tonnes,portwatch,2022-02-28,,2026-10-06T05:59:39+00:00,estimated,1
shipping_container_exports,ru,nation,2022-03,887071,tonnes,portwatch,2022-03-31,,2026-09-26,estimated,0
shipping_container_exports,ru,nation,2022-03,886943,tonnes,portwatch,2022-03-31,,2026-10-06T05:59:39+00:00,estimated,1
shipping_container_exports,ru,nation,2022-04,953638,tonnes,portwatch,2022-04-30,,2026-09-26,estimated,0
shipping_container_exports,ru,nation,2022-04,953590,tonnes,portwatch,2022-04-30,,2026-10-06T05:59:39+00:00,estimated,1
shipping_container_exports,ru,nation,2022-05,832454,tonnes,portwatch,2022-05-31,,2026-09-26,estimated,0
shipping_container_exports,ru,nation,2022-05,832384,tonnes,portwatch,2022-05-31,,2026-10-06T05:59:39+00:00,estimated,1
shipping_container_exports,ru,nation,2022-06,752168,tonnes,portwatch,2022-06-30,,2026-09-26,estimated,0
shipping_container_exports,ru,nation,2022-06,752087,tonnes,portwatch,2022-06-30,,2026-10-06T05:59:39+00:00,estimated,1
shipping_container_exports,ru,nation,2022-07,419803,tonnes,portwatch,2022-07-31,,2026-09-26,estimated,0
shipping_container_exports,ru,nation,2022-07,419731,tonnes,portwatch,2022-07-31,,2026-10-06T05:59:39+00:00,estimated,1
shipping_container_exports,ru,nation,2022-08,396465,tonnes,portwatch,2022-08-31,,2026-09-26,estimated,0
shipping_container_exports,ru,nation,2022-08,396373,tonnes,portwatch,2022-08-31,,2026-10-06T05:59:39+00:00,estimated,1
shipping_container_exports,ru,nation,2022-09,357582,tonnes,portwatch,2022-09-30,,2026-09-26,estimated,0
shipping_container_exports,ru,nation,2022-09,357512,tonnes,portwatch,2022-09-30,,2026-10-06T05:59:39+00:00,estimated,1
shipping_container_exports,ru,nation,2022-10,408731,tonnes,portwatch,2022-10-31,,2026-09-26,estimated,0
shipping_container_exports,ru,nation,2022-10,408643,tonnes,portwatch,2022-10-31,,2026-10-06T05:59:39+00:00,estimated,1
shipping_container_exports,ru,nation,2022-11,365430,tonnes,portwatch,2022-11-30,,2026-09-26,estimated,0
shipping_container_exports,ru,nation,2022-11,365362,tonnes,portwatch,2022-11-30,,2026-10-06T05:59:39+00:00,estimated,1
shipping_container_exports,ru,nation,2022-12,348644,tonnes,portwatch,2022-12-31,,2026-09-26,estimated,0
shipping_container_exports,ru,nation,2022-12,348736,tonnes,portwatch,2022-12-31,,2026-10-06T05:59:39+00:00,estimated,1
shipping_container_exports,ru,nation,2023-01,467935,tonnes,portwatch,2023-01-31,,2026-09-26,estimated,0
shipping_container_exports,ru,nation,2023-01,467944,tonnes,portwatch,2023-01-31,,2026-10-06T05:59:39+00:00,estimated,1
shipping_container_exports,ru,nation,2023-02,620130,tonnes,portwatch,2023-02-28,,2026-09-26,estimated,0
shipping_container_exports,ru,nation,2023-02,619999,tonnes,portwatch,2023-02-28,,2026-10-06T05:59:39+00:00,estimated,1
shipping_container_exports,ru,nation,2023-03,792287,tonnes,portwatch,2023-03-31,,2026-09-26,estimated,0
shipping_container_exports,ru,nation,2023-03,792174,tonnes,portwatch,2023-03-31,,2026-10-06T05:59:39+00:00,estimated,1
shipping_container_exports,ru,nation,2023-04,921219,tonnes,portwatch,2023-04-30,,2026-09-26,estimated,0
shipping_container_exports,ru,nation,2023-04,921096,tonnes,portwatch,2023-04-30,,2026-10-06T05:59:39+00:00,estimated,1
shipping_container_exports,ru,nation,2023-05,954593,tonnes,portwatch,2023-05-31,,2026-09-26,estimated,0
shipping_container_exports,ru,nation,2023-05,954532,tonnes,portwatch,2023-05-31,,2026-10-06T05:59:39+00:00,estimated,1
shipping_container_exports,ru,nation,2023-06,809957,tonnes,portwatch,2023-06-30,,2026-09-26,estimated,0
shipping_container_exports,ru,nation,2023-06,809952,tonnes,portwatch,2023-06-30,,2026-10-06T05:59:39+00:00,estimated,1
shipping_container_exports,ru,nation,2023-07,865574,tonnes,portwatch,2023-07-31,,2026-09-26,estimated,0
shipping_container_exports,ru,nation,2023-07,865498,tonnes,portwatch,2023-07-31,,2026-10-06T05:59:39+00:00,estimated,1
shipping_container_exports,ru,nation,2023-08,895539,tonnes,portwatch,2023-08-31,,2026-09-26,estimated,0
shipping_container_exports,ru,nation,2023-08,895424,tonnes,portwatch,2023-08-31,,2026-10-06T05:59:39+00:00,estimated,1
shipping_container_exports,ru,nation,2023-09,879035,tonnes,portwatch,2023-09-30,,2026-09-26,estimated,0
shipping_container_exports,ru,nation,2023-09,879082,tonnes,portwatch,2023-09-30,,2026-10-06T05:59:39+00:00,estimated,1
shipping_container_exports,ru,nation,2023-10,932193,tonnes,portwatch,2023-10-31,,2026-09-26,estimated,0
shipping_container_exports,ru,nation,2023-10,932261,tonnes,portwatch,2023-10-31,,2026-10-06T05:59:39+00:00,estimated,1
shipping_container_exports,ru,nation,2023-11,940541,tonnes,portwatch,2023-11-30,,2026-09-26,estimated,0
shipping_container_exports,ru,nation,2023-11,940539,tonnes,portwatch,2023-11-30,,2026-10-06T05:59:39+00:00,estimated,1
shipping_container_exports,ru,nation,2023-12,1117939,tonnes,portwatch,2023-12-31,,2026-09-26,estimated,0
shipping_container_exports,ru,nation,2023-12,1117830,tonnes,portwatch,2023-12-31,,2026-10-06T05:59:39+00:00,estimated,1
shipping_container_exports,ru,nation,2024-01,897513,tonnes,portwatch,2024-01-31,,2026-09-26,estimated,0
shipping_container_exports,ru,nation,2024-01,897433,tonnes,portwatch,2024-01-31,,2026-10-06T05:59:39+00:00,estimated,1
shipping_container_exports,ru,nation,2024-02,1044391,tonnes,portwatch,2024-02-29,,2026-09-26,estimated,0
shipping_container_exports,ru,nation,2024-02,1044254,tonnes,portwatch,2024-02-29,,2026-10-06T05:59:39+00:00,estimated,1
shipping_container_exports,ru,nation,2024-03,1054214,tonnes,portwatch,2024-03-31,,2026-09-26,estimated,0
shipping_container_exports,ru,nation,2024-03,1054123,tonnes,portwatch,2024-03-31,,2026-10-06T05:59:39+00:00,estimated,1
shipping_container_exports,ru,nation,2024-04,1046279,tonnes,portwatch,2024-04-30,,2026-09-26,estimated,0
shipping_container_exports,ru,nation,2024-04,1046183,tonnes,portwatch,2024-04-30,,2026-10-06T05:59:39+00:00,estimated,1
shipping_container_exports,ru,nation,2024-05,1062992,tonnes,portwatch,2024-05-31,,2026-09-26,estimated,0
shipping_container_exports,ru,nation,2024-05,1062865,tonnes,portwatch,2024-05-31,,2026-10-06T05:59:39+00:00,estimated,1
shipping_container_exports,ru,nation,2024-06,892584,tonnes,portwatch,2024-06-30,,2026-09-26,estimated,0
shipping_container_exports,ru,nation,2024-06,892548,tonnes,portwatch,2024-06-30,,2026-10-06T05:59:39+00:00,estimated,1
shipping_container_exports,ru,nation,2024-07,912833,tonnes,portwatch,2024-07-31,,2026-09-26,estimated,0
shipping_container_exports,ru,nation,2024-07,912794,tonnes,portwatch,2024-07-31,,2026-10-06T05:59:39+00:00,estimated,1
shipping_container_exports,ru,nation,2024-08,951406,tonnes,portwatch,2024-08-31,,2026-09-26,estimated,0
shipping_container_exports,ru,nation,2024-08,951338,tonnes,portwatch,2024-08-31,,2026-10-06T05:59:39+00:00,estimated,1
shipping_container_exports,ru,nation,2024-09,901743,tonnes,portwatch,2024-09-30,,2026-09-26,estimated,0
shipping_container_exports,ru,nation,2024-09,901650,tonnes,portwatch,2024-09-30,,2026-10-06T05:59:39+00:00,estimated,1
shipping_container_exports,ru,nation,2024-10,944783,tonnes,portwatch,2024-10-31,,2026-09-26,estimated,0
shipping_container_exports,ru,nation,2024-10,944721,tonnes,portwatch,2024-10-31,,2026-10-06T05:59:39+00:00,estimated,1
shipping_container_exports,ru,nation,2024-11,1036470,tonnes,portwatch,2024-11-30,,2026-09-26,estimated,0
shipping_container_exports,ru,nation,2024-11,1036302,tonnes,portwatch,2024-11-30,,2026-10-06T05:59:39+00:00,estimated,1
shipping_container_exports,ru,nation,2024-12,970329,tonnes,portwatch,2024-12-31,,2026-09-26,estimated,0
shipping_container_exports,ru,nation,2024-12,970250,tonnes,portwatch,2024-12-31,,2026-10-06T05:59:39+00:00,estimated,1
shipping_container_exports,ru,nation,2025-01,1052405,tonnes,portwatch,2025-01-31,,2026-09-26,estimated,0
shipping_container_exports,ru,nation,2025-01,1052267,tonnes,portwatch,2025-01-31,,2026-10-06T05:59:39+00:00,estimated,1
shipping_container_exports,ru,nation,2025-02,1100020,tonnes,portwatch,2025-02-28,,2026-09-26,estimated,0
shipping_container_exports,ru,nation,2025-02,1099773,tonnes,portwatch,2025-02-28,,2026-10-06T05:59:39+00:00,estimated,1
shipping_container_exports,ru,nation,2025-03,965497,tonnes,portwatch,2025-03-31,,2026-09-26,estimated,0
shipping_container_exports,ru,nation,2025-03,965406,tonnes,portwatch,2025-03-31,,2026-10-06T05:59:39+00:00,estimated,1
shipping_container_exports,ru,nation,2025-04,989606,tonnes,portwatch,2025-04-30,,2026-09-26,estimated,0
shipping_container_exports,ru,nation,2025-04,989410,tonnes,portwatch,2025-04-30,,2026-10-06T05:59:39+00:00,estimated,1
shipping_container_exports,ru,nation,2025-05,972588,tonnes,portwatch,2025-05-31,,2026-09-26,estimated,0
shipping_container_exports,ru,nation,2025-05,972483,tonnes,portwatch,2025-05-31,,2026-10-06T05:59:39+00:00,estimated,1
shipping_container_exports,ru,nation,2025-06,825607,tonnes,portwatch,2025-06-30,,2026-09-26,estimated,0
shipping_container_exports,ru,nation,2025-06,825495,tonnes,portwatch,2025-06-30,,2026-10-06T05:59:39+00:00,estimated,1
shipping_container_exports,ru,nation,2025-07,857251,tonnes,portwatch,2025-07-31,,2026-09-26,estimated,0
shipping_container_exports,ru,nation,2025-07,857132,tonnes,portwatch,2025-07-31,,2026-10-06T05:59:39+00:00,estimated,1
shipping_container_exports,ru,nation,2025-08,993444,tonnes,portwatch,2025-08-31,,2026-09-26,estimated,0
shipping_container_exports,ru,nation,2025-08,993556,tonnes,portwatch,2025-08-31,,2026-10-06T05:59:39+00:00,estimated,1
shipping_container_exports,ru,nation,2025-09,908346,tonnes,portwatch,2025-09-30,,2026-09-26,estimated,0
shipping_container_exports,ru,nation,2025-09,908205,tonnes,portwatch,2025-09-30,,2026-10-06T05:59:39+00:00,estimated,1
shipping_container_exports,ru,nation,2025-10,892276,tonnes,portwatch,2025-10-31,,2026-09-26,estimated,0
shipping_container_exports,ru,nation,2025-10,892226,tonnes,portwatch,2025-10-31,,2026-10-06T05:59:39+00:00,estimated,1
shipping_container_exports,ru,nation,2025-11,1108194,tonnes,portwatch,2025-11-30,,2026-09-26,estimated,0
shipping_container_exports,ru,nation,2025-11,1108080,tonnes,portwatch,2025-11-30,,2026-10-06T05:59:39+00:00,estimated,1
shipping_container_exports,ru,nation,2025-12,920179,tonnes,portwatch,2025-12-31,,2026-09-26,estimated,0
shipping_container_exports,ru,nation,2025-12,919918,tonnes,portwatch,2025-12-31,,2026-10-06T05:59:39+00:00,estimated,1
shipping_container_exports,ru,nation,2026-01,688276,tonnes,portwatch,2026-01-31,,2026-09-26,estimated,0
shipping_container_exports,ru,nation,2026-01,688030,tonnes,portwatch,2026-01-31,,2026-10-06T05:59:39+00:00,estimated,1
shipping_container_exports,ru,nation,2026-02,865706,tonnes,portwatch,2026-02-28,,2026-09-26,estimated,0
shipping_container_exports,ru,nation,2026-02,865447,tonnes,portwatch,2026-02-28,,2026-10-06T05:59:39+00:00,estimated,1
shipping_container_exports,ru,nation,2026-03,986147,tonnes,portwatch,2026-03-31,,2026-09-26,estimated,0
shipping_container_exports,ru,nation,2026-03,985870,tonnes,portwatch,2026-03-31,,2026-10-06T05:59:39+00:00,estimated,1
shipping_container_exports,ru,nation,2026-04,1001677,tonnes,portwatch,2026-04-30,,2026-09-26,estimated,0
shipping_container_exports,ru,nation,2026-04,1001464,tonnes,portwatch,2026-04-30,,2026-10-06T05:59:39+00:00,estimated,1
shipping_container_exports,ru,nation,2026-05,1036185,tonnes,portwatch,2026-05-31,,2026-09-26,estimated,0
shipping_container_exports,ru,nation,2026-05,1036091,tonnes,portwatch,2026-05-31,,2026-10-06T05:59:39+00:00,estimated,1
shipping_container_exports,ru,nation,2026-06,1068269,tonnes,portwatch,2026-06-30,,2026-09-26,estimated,0
shipping_container_exports,ru,nation,2026-06,1068118,tonnes,portwatch,2026-06-30,,2026-10-06T05:59:39+00:00,estimated,1
shipping_container_exports,ru,nation,2026-07,1003707,tonnes,portwatch,2026-07-31,,2026-09-26,estimated,0
shipping_container_exports,ru,nation,2026-07,1003439,tonnes,portwatch,2026-07-31,,2026-10-06T05:59:39+00:00,estimated,1
shipping_container_exports,ru,nation,2026-08,916855,tonnes,portwatch,2026-08-31,,2026-09-26,estimated,0
shipping_container_exports,ru,nation,2026-08,919047,tonnes,portwatch,2026-08-31,,2026-10-06T05:59:39+00:00,estimated,1
shipping_container_exports,sa,nation,2019-01,2709194,tonnes,portwatch,2019-01-31,,2026-09-26,estimated,0
shipping_container_exports,sa,nation,2019-01,2709206,tonnes,portwatch,2019-01-31,,2026-10-06T05:59:40+00:00,estimated,1
shipping_container_exports,sa,nation,2019-02,2349990,tonnes,portwatch,2019-02-28,,2026-09-26,estimated,0
shipping_container_exports,sa,nation,2019-02,2350016,tonnes,portwatch,2019-02-28,,2026-10-06T05:59:40+00:00,estimated,1
shipping_container_exports,sa,nation,2019-03,2344167,tonnes,portwatch,2019-03-31,,2026-09-26,estimated,0
shipping_container_exports,sa,nation,2019-03,2344112,tonnes,portwatch,2019-03-31,,2026-10-06T05:59:40+00:00,estimated,1
shipping_container_exports,sa,nation,2019-04,2588478,tonnes,portwatch,2019-04-30,,2026-09-26,estimated,0
shipping_container_exports,sa,nation,2019-04,2588551,tonnes,portwatch,2019-04-30,,2026-10-06T05:59:40+00:00,estimated,1
shipping_container_exports,sa,nation,2019-05,3027357,tonnes,portwatch,2019-05-31,,2026-09-26,estimated,0
shipping_container_exports,sa,nation,2019-05,3027311,tonnes,portwatch,2019-05-31,,2026-10-06T05:59:40+00:00,estimated,1
shipping_container_exports,sa,nation,2019-06,2758645,tonnes,portwatch,2019-06-30,,2026-09-26,estimated,0
shipping_container_exports,sa,nation,2019-06,2758675,tonnes,portwatch,2019-06-30,,2026-10-06T05:59:40+00:00,estimated,1
shipping_container_exports,sa,nation,2019-07,3070610,tonnes,portwatch,2019-07-31,,2026-09-26,estimated,0
shipping_container_exports,sa,nation,2019-07,3070690,tonnes,portwatch,2019-07-31,,2026-10-06T05:59:40+00:00,estimated,1
shipping_container_exports,sa,nation,2019-08,2746170,tonnes,portwatch,2019-08-31,,2026-09-26,estimated,0
shipping_container_exports,sa,nation,2019-08,2746205,tonnes,portwatch,2019-08-31,,2026-10-06T05:59:40+00:00,estimated,1
shipping_container_exports,sa,nation,2019-09,2780159,tonnes,portwatch,2019-09-30,,2026-09-26,estimated,0
shipping_container_exports,sa,nation,2019-09,2780268,tonnes,portwatch,2019-09-30,,2026-10-06T05:59:40+00:00,estimated,1
shipping_container_exports,sa,nation,2019-10,2892246,tonnes,portwatch,2019-10-31,,2026-09-26,estimated,0
shipping_container_exports,sa,nation,2019-10,2892294,tonnes,portwatch,2019-10-31,,2026-10-06T05:59:40+00:00,estimated,1
shipping_container_exports,sa,nation,2019-11,2579010,tonnes,portwatch,2019-11-30,,2026-09-26,estimated,0
shipping_container_exports,sa,nation,2019-11,2579052,tonnes,portwatch,2019-11-30,,2026-10-06T05:59:40+00:00,estimated,1
shipping_container_exports,sa,nation,2019-12,2785919,tonnes,portwatch,2019-12-31,,2026-09-26,estimated,0
shipping_container_exports,sa,nation,2019-12,2785981,tonnes,portwatch,2019-12-31,,2026-10-06T05:59:40+00:00,estimated,1
shipping_container_exports,sa,nation,2020-01,2784740,tonnes,portwatch,2020-01-31,,2026-09-26,estimated,0
shipping_container_exports,sa,nation,2020-01,2784836,tonnes,portwatch,2020-01-31,,2026-10-06T05:59:40+00:00,estimated,1
shipping_container_exports,sa,nation,2020-02,2714093,tonnes,portwatch,2020-02-29,,2026-09-26,estimated,0
shipping_container_exports,sa,nation,2020-02,2714196,tonnes,portwatch,2020-02-29,,2026-10-06T05:59:40+00:00,estimated,1
shipping_container_exports,sa,nation,2020-03,2610151,tonnes,portwatch,2020-03-31,,2026-09-26,estimated,0
shipping_container_exports,sa,nation,2020-03,2610227,tonnes,portwatch,2020-03-31,,2026-10-06T05:59:40+00:00,estimated,1
shipping_container_exports,sa,nation,2020-04,2445936,tonnes,portwatch,2020-04-30,,2026-09-26,estimated,0
shipping_container_exports,sa,nation,2020-04,2446045,tonnes,portwatch,2020-04-30,,2026-10-06T05:59:40+00:00,estimated,1
shipping_container_exports,sa,nation,2020-05,2958508,tonnes,portwatch,2020-05-31,,2026-09-26,estimated,0
shipping_container_exports,sa,nation,2020-05,2958596,tonnes,portwatch,2020-05-31,,2026-10-06T05:59:40+00:00,estimated,1
shipping_container_exports,sa,nation,2020-06,2917378,tonnes,portwatch,2020-06-30,,2026-09-26,estimated,0
shipping_container_exports,sa,nation,2020-06,2917466,tonnes,portwatch,2020-06-30,,2026-10-06T05:59:40+00:00,estimated,1
shipping_container_exports,sa,nation,2020-07,3151995,tonnes,portwatch,2020-07-31,,2026-09-26,estimated,0
shipping_container_exports,sa,nation,2020-07,3152068,tonnes,portwatch,2020-07-31,,2026-10-06T05:59:40+00:00,estimated,1
shipping_container_exports,sa,nation,2020-08,3213645,tonnes,portwatch,2020-08-31,,2026-09-26,estimated,0
shipping_container_exports,sa,nation,2020-08,3213722,tonnes,portwatch,2020-08-31,,2026-10-06T05:59:40+00:00,estimated,1
shipping_container_exports,sa,nation,2020-09,3180465,tonnes,portwatch,2020-09-30,,2026-09-26,estimated,0
shipping_container_exports,sa,nation,2020-09,3180502,tonnes,portwatch,2020-09-30,,2026-10-06T05:59:40+00:00,estimated,1
shipping_container_exports,sa,nation,2020-10,2978589,tonnes,portwatch,2020-10-31,,2026-09-26,estimated,0
shipping_container_exports,sa,nation,2020-10,2978754,tonnes,portwatch,2020-10-31,,2026-10-06T05:59:40+00:00,estimated,1
shipping_container_exports,sa,nation,2020-11,2887077,tonnes,portwatch,2020-11-30,,2026-09-26,estimated,0
shipping_container_exports,sa,nation,2020-11,2887143,tonnes,portwatch,2020-11-30,,2026-10-06T05:59:40+00:00,estimated,1
shipping_container_exports,sa,nation,2020-12,3180029,tonnes,portwatch,2020-12-31,,2026-09-26,estimated,0
shipping_container_exports,sa,nation,2020-12,3180068,tonnes,portwatch,2020-12-31,,2026-10-06T05:59:40+00:00,estimated,1
shipping_container_exports,sa,nation,2021-01,3115168,tonnes,portwatch,2021-01-31,,2026-09-26,estimated,0
shipping_container_exports,sa,nation,2021-01,3115167,tonnes,portwatch,2021-01-31,,2026-10-06T05:59:40+00:00,estimated,1
shipping_container_exports,sa,nation,2021-02,2659804,tonnes,portwatch,2021-02-28,,2026-09-26,estimated,0
shipping_container_exports,sa,nation,2021-02,2659880,tonnes,portwatch,2021-02-28,,2026-10-06T05:59:40+00:00,estimated,1
shipping_container_exports,sa,nation,2021-03,3320691,tonnes,portwatch,2021-03-31,,2026-09-26,estimated,0
shipping_container_exports,sa,nation,2021-03,3320845,tonnes,portwatch,2021-03-31,,2026-10-06T05:59:40+00:00,estimated,1
shipping_container_exports,sa,nation,2021-04,3136664,tonnes,portwatch,2021-04-30,,2026-09-26,estimated,0
shipping_container_exports,sa,nation,2021-04,3136789,tonnes,portwatch,2021-04-30,,2026-10-06T05:59:40+00:00,estimated,1
shipping_container_exports,sa,nation,2021-05,2979381,tonnes,portwatch,2021-05-31,,2026-09-26,estimated,0
shipping_container_exports,sa,nation,2021-05,2979486,tonnes,portwatch,2021-05-31,,2026-10-06T05:59:40+00:00,estimated,1
shipping_container_exports,sa,nation,2021-06,2998899,tonnes,portwatch,2021-06-30,,2026-09-26,estimated,0
shipping_container_exports,sa,nation,2021-06,2998966,tonnes,portwatch,2021-06-30,,2026-10-06T05:59:40+00:00,estimated,1
shipping_container_exports,sa,nation,2021-07,2946169,tonnes,portwatch,2021-07-31,,2026-09-26,estimated,0
shipping_container_exports,sa,nation,2021-07,2946234,tonnes,portwatch,2021-07-31,,2026-10-06T05:59:40+00:00,estimated,1
shipping_container_exports,sa,nation,2021-08,3048092,tonnes,portwatch,2021-08-31,,2026-09-26,estimated,0
shipping_container_exports,sa,nation,2021-08,3048140,tonnes,portwatch,2021-08-31,,2026-10-06T05:59:40+00:00,estimated,1
shipping_container_exports,sa,nation,2021-09,3047543,tonnes,portwatch,2021-09-30,,2026-09-26,estimated,0
shipping_container_exports,sa,nation,2021-09,3047576,tonnes,portwatch,2021-09-30,,2026-10-06T05:59:40+00:00,estimated,1
shipping_container_exports,sa,nation,2021-10,2848627,tonnes,portwatch,2021-10-31,,2026-09-26,estimated,0
shipping_container_exports,sa,nation,2021-10,2848660,tonnes,portwatch,2021-10-31,,2026-10-06T05:59:40+00:00,estimated,1
shipping_container_exports,sa,nation,2021-11,2953348,tonnes,portwatch,2021-11-30,,2026-09-26,estimated,0
shipping_container_exports,sa,nation,2021-11,2953426,tonnes,portwatch,2021-11-30,,2026-10-06T05:59:40+00:00,estimated,1
shipping_container_exports,sa,nation,2021-12,2972045,tonnes,portwatch,2021-12-31,,2026-09-26,estimated,0
shipping_container_exports,sa,nation,2021-12,2972135,tonnes,portwatch,2021-12-31,,2026-10-06T05:59:40+00:00,estimated,1
shipping_container_exports,sa,nation,2022-01,2821399,tonnes,portwatch,2022-01-31,,2026-09-26,estimated,0
shipping_container_exports,sa,nation,2022-01,2821428,tonnes,portwatch,2022-01-31,,2026-10-06T05:59:40+00:00,estimated,1
shipping_container_exports,sa,nation,2022-02,2638178,tonnes,portwatch,2022-02-28,,2026-09-26,estimated,0
shipping_container_exports,sa,nation,2022-02,2638237,tonnes,portwatch,2022-02-28,,2026-10-06T05:59:40+00:00,estimated,1
shipping_container_exports,sa,nation,2022-03,2882284,tonnes,portwatch,2022-03-31,,2026-09-26,estimated,0
shipping_container_exports,sa,nation,2022-03,2882314,tonnes,portwatch,2022-03-31,,2026-10-06T05:59:40+00:00,estimated,1
shipping_container_exports,sa,nation,2022-04,2842374,tonnes,portwatch,2022-04-30,,2026-09-26,estimated,0
shipping_container_exports,sa,nation,2022-04,2842419,tonnes,portwatch,2022-04-30,,2026-10-06T05:59:40+00:00,estimated,1
shipping_container_exports,sa,nation,2022-05,3041302,tonnes,portwatch,2022-05-31,,2026-09-26,estimated,0
shipping_container_exports,sa,nation,2022-05,3041374,tonnes,portwatch,2022-05-31,,2026-10-06T05:59:40+00:00,estimated,1
shipping_container_exports,sa,nation,2022-06,3062672,tonnes,portwatch,2022-06-30,,2026-09-26,estimated,0
shipping_container_exports,sa,nation,2022-06,3062728,tonnes,portwatch,2022-06-30,,2026-10-06T05:59:40+00:00,estimated,1
shipping_container_exports,sa,nation,2022-07,3140174,tonnes,portwatch,2022-07-31,,2026-09-26,estimated,0
shipping_container_exports,sa,nation,2022-07,3140244,tonnes,portwatch,2022-07-31,,2026-10-06T05:59:40+00:00,estimated,1
shipping_container_exports,sa,nation,2022-08,3333036,tonnes,portwatch,2022-08-31,,2026-09-26,estimated,0
shipping_container_exports,sa,nation,2022-08,3333138,tonnes,portwatch,2022-08-31,,2026-10-06T05:59:40+00:00,estimated,1
shipping_container_exports,sa,nation,2022-09,3167467,tonnes,portwatch,2022-09-30,,2026-09-26,estimated,0
shipping_container_exports,sa,nation,2022-09,3167497,tonnes,portwatch,2022-09-30,,2026-10-06T05:59:40+00:00,estimated,1
shipping_container_exports,sa,nation,2022-10,2852020,tonnes,portwatch,2022-10-31,,2026-09-26,estimated,0
shipping_container_exports,sa,nation,2022-10,2852042,tonnes,portwatch,2022-10-31,,2026-10-06T05:59:40+00:00,estimated,1
shipping_container_exports,sa,nation,2022-11,2612885,tonnes,portwatch,2022-11-30,,2026-09-26,estimated,0
shipping_container_exports,sa,nation,2022-11,2612888,tonnes,portwatch,2022-11-30,,2026-10-06T05:59:40+00:00,estimated,1
shipping_container_exports,sa,nation,2022-12,2751438,tonnes,portwatch,2022-12-31,,2026-09-26,estimated,0
shipping_container_exports,sa,nation,2022-12,2751489,tonnes,portwatch,2022-12-31,,2026-10-06T05:59:40+00:00,estimated,1
shipping_container_exports,sa,nation,2023-01,3057787,tonnes,portwatch,2023-01-31,,2026-09-26,estimated,0
shipping_container_exports,sa,nation,2023-01,3057811,tonnes,portwatch,2023-01-31,,2026-10-06T05:59:40+00:00,estimated,1
shipping_container_exports,sa,nation,2023-02,2840693,tonnes,portwatch,2023-02-28,,2026-09-26,estimated,0
shipping_container_exports,sa,nation,2023-02,2840699,tonnes,portwatch,2023-02-28,,2026-10-06T05:59:40+00:00,estimated,1
shipping_container_exports,sa,nation,2023-03,2923143,tonnes,portwatch,2023-03-31,,2026-09-26,estimated,0
shipping_container_exports,sa,nation,2023-03,2923165,tonnes,portwatch,2023-03-31,,2026-10-06T05:59:40+00:00,estimated,1
shipping_container_exports,sa,nation,2023-04,2668556,tonnes,portwatch,2023-04-30,,2026-09-26,estimated,0
shipping_container_exports,sa,nation,2023-04,2668596,tonnes,portwatch,2023-04-30,,2026-10-06T05:59:40+00:00,estimated,1
shipping_container_exports,sa,nation,2023-05,3630668,tonnes,portwatch,2023-05-31,,2026-09-26,estimated,0
shipping_container_exports,sa,nation,2023-05,3630722,tonnes,portwatch,2023-05-31,,2026-10-06T05:59:40+00:00,estimated,1
shipping_container_exports,sa,nation,2023-06,3136928,tonnes,portwatch,2023-06-30,,2026-09-26,estimated,0
shipping_container_exports,sa,nation,2023-06,3137016,tonnes,portwatch,2023-06-30,,2026-10-06T05:59:40+00:00,estimated,1
shipping_container_exports,sa,nation,2023-07,3705222,tonnes,portwatch,2023-07-31,,2026-09-26,estimated,0
shipping_container_exports,sa,nation,2023-07,3705276,tonnes,portwatch,2023-07-31,,2026-10-06T05:59:40+00:00,estimated,1
shipping_container_exports,sa,nation,2023-08,3409809,tonnes,portwatch,2023-08-31,,2026-09-26,estimated,0
shipping_container_exports,sa,nation,2023-08,3409880,tonnes,portwatch,2023-08-31,,2026-10-06T05:59:40+00:00,estimated,1
shipping_container_exports,sa,nation,2023-09,3147918,tonnes,portwatch,2023-09-30,,2026-09-26,estimated,0
shipping_container_exports,sa,nation,2023-09,3148007,tonnes,portwatch,2023-09-30,,2026-10-06T05:59:40+00:00,estimated,1
shipping_container_exports,sa,nation,2023-10,2906967,tonnes,portwatch,2023-10-31,,2026-09-26,estimated,0
shipping_container_exports,sa,nation,2023-10,2906972,tonnes,portwatch,2023-10-31,,2026-10-06T05:59:40+00:00,estimated,1
shipping_container_exports,sa,nation,2023-11,3025930,tonnes,portwatch,2023-11-30,,2026-09-26,estimated,0
shipping_container_exports,sa,nation,2023-11,3025943,tonnes,portwatch,2023-11-30,,2026-10-06T05:59:40+00:00,estimated,1
shipping_container_exports,sa,nation,2023-12,3105290,tonnes,portwatch,2023-12-31,,2026-09-26,estimated,0
shipping_container_exports,sa,nation,2023-12,3105339,tonnes,portwatch,2023-12-31,,2026-10-06T05:59:40+00:00,estimated,1
shipping_container_exports,sa,nation,2024-01,2776811,tonnes,portwatch,2024-01-31,,2026-09-26,estimated,0
shipping_container_exports,sa,nation,2024-01,2776873,tonnes,portwatch,2024-01-31,,2026-10-06T05:59:40+00:00,estimated,1
shipping_container_exports,sa,nation,2024-02,2249939,tonnes,portwatch,2024-02-29,,2026-09-26,estimated,0
shipping_container_exports,sa,nation,2024-02,2250060,tonnes,portwatch,2024-02-29,,2026-10-06T05:59:40+00:00,estimated,1
shipping_container_exports,sa,nation,2024-03,2562824,tonnes,portwatch,2024-03-31,,2026-09-26,estimated,0
shipping_container_exports,sa,nation,2024-03,2562848,tonnes,portwatch,2024-03-31,,2026-10-06T05:59:40+00:00,estimated,1
shipping_container_exports,sa,nation,2024-04,1938895,tonnes,portwatch,2024-04-30,,2026-09-26,estimated,0
shipping_container_exports,sa,nation,2024-04,1939024,tonnes,portwatch,2024-04-30,,2026-10-06T05:59:40+00:00,estimated,1
shipping_container_exports,sa,nation,2024-05,3040639,tonnes,portwatch,2024-05-31,,2026-09-26,estimated,0
shipping_container_exports,sa,nation,2024-05,3040819,tonnes,portwatch,2024-05-31,,2026-10-06T05:59:40+00:00,estimated,1
shipping_container_exports,sa,nation,2024-06,2522102,tonnes,portwatch,2024-06-30,,2026-09-26,estimated,0
shipping_container_exports,sa,nation,2024-06,2522222,tonnes,portwatch,2024-06-30,,2026-10-06T05:59:40+00:00,estimated,1
shipping_container_exports,sa,nation,2024-07,2918185,tonnes,portwatch,2024-07-31,,2026-09-26,estimated,0
shipping_container_exports,sa,nation,2024-07,2918243,tonnes,portwatch,2024-07-31,,2026-10-06T05:59:40+00:00,estimated,1
shipping_container_exports,sa,nation,2024-08,3154183,tonnes,portwatch,2024-08-31,,2026-09-26,estimated,0
shipping_container_exports,sa,nation,2024-08,3154292,tonnes,portwatch,2024-08-31,,2026-10-06T05:59:40+00:00,estimated,1
shipping_container_exports,sa,nation,2024-09,2678164,tonnes,portwatch,2024-09-30,,2026-09-26,estimated,0
shipping_container_exports,sa,nation,2024-09,2678279,tonnes,portwatch,2024-09-30,,2026-10-06T05:59:40+00:00,estimated,1
shipping_container_exports,sa,nation,2024-10,2436355,tonnes,portwatch,2024-10-31,,2026-09-26,estimated,0
shipping_container_exports,sa,nation,2024-10,2436496,tonnes,portwatch,2024-10-31,,2026-10-06T05:59:40+00:00,estimated,1
shipping_container_exports,sa,nation,2024-11,2569769,tonnes,portwatch,2024-11-30,,2026-09-26,estimated,0
shipping_container_exports,sa,nation,2024-11,2569979,tonnes,portwatch,2024-11-30,,2026-10-06T05:59:40+00:00,estimated,1
shipping_container_exports,sa,nation,2024-12,3041432,tonnes,portwatch,2024-12-31,,2026-09-26,estimated,0
shipping_container_exports,sa,nation,2024-12,3041620,tonnes,portwatch,2024-12-31,,2026-10-06T05:59:40+00:00,estimated,1
shipping_container_exports,sa,nation,2025-01,2830217,tonnes,portwatch,2025-01-31,,2026-09-26,estimated,0
shipping_container_exports,sa,nation,2025-01,2830397,tonnes,portwatch,2025-01-31,,2026-10-06T05:59:40+00:00,estimated,1
shipping_container_exports,sa,nation,2025-02,2391631,tonnes,portwatch,2025-02-28,,2026-09-26,estimated,0
shipping_container_exports,sa,nation,2025-02,2391793,tonnes,portwatch,2025-02-28,,2026-10-06T05:59:40+00:00,estimated,1
shipping_container_exports,sa,nation,2025-03,2550344,tonnes,portwatch,2025-03-31,,2026-09-26,estimated,0
shipping_container_exports,sa,nation,2025-03,2550485,tonnes,portwatch,2025-03-31,,2026-10-06T05:59:40+00:00,estimated,1
shipping_container_exports,sa,nation,2025-04,2457075,tonnes,portwatch,2025-04-30,,2026-09-26,estimated,0
shipping_container_exports,sa,nation,2025-04,2457178,tonnes,portwatch,2025-04-30,,2026-10-06T05:59:40+00:00,estimated,1
shipping_container_exports,sa,nation,2025-05,2084095,tonnes,portwatch,2025-05-31,,2026-09-26,estimated,0
shipping_container_exports,sa,nation,2025-05,2084113,tonnes,portwatch,2025-05-31,,2026-10-06T05:59:40+00:00,estimated,1
shipping_container_exports,sa,nation,2025-06,1895480,tonnes,portwatch,2025-06-30,,2026-09-26,estimated,0
shipping_container_exports,sa,nation,2025-06,1895486,tonnes,portwatch,2025-06-30,,2026-10-06T05:59:40+00:00,estimated,1
shipping_container_exports,sa,nation,2025-07,2374337,tonnes,portwatch,2025-07-31,,2026-09-26,estimated,0
shipping_container_exports,sa,nation,2025-07,2374384,tonnes,portwatch,2025-07-31,,2026-10-06T05:59:40+00:00,estimated,1
shipping_container_exports,sa,nation,2025-08,2407003,tonnes,portwatch,2025-08-31,,2026-09-26,estimated,0
shipping_container_exports,sa,nation,2025-08,2407108,tonnes,portwatch,2025-08-31,,2026-10-06T05:59:40+00:00,estimated,1
shipping_container_exports,sa,nation,2025-09,2355433,tonnes,portwatch,2025-09-30,,2026-09-26,estimated,0
shipping_container_exports,sa,nation,2025-09,2355519,tonnes,portwatch,2025-09-30,,2026-10-06T05:59:40+00:00,estimated,1
shipping_container_exports,sa,nation,2025-10,2356186,tonnes,portwatch,2025-10-31,,2026-09-26,estimated,0
shipping_container_exports,sa,nation,2025-10,2356212,tonnes,portwatch,2025-10-31,,2026-10-06T05:59:40+00:00,estimated,1
shipping_container_exports,sa,nation,2025-11,2672440,tonnes,portwatch,2025-11-30,,2026-09-26,estimated,0
shipping_container_exports,sa,nation,2025-11,2672572,tonnes,portwatch,2025-11-30,,2026-10-06T05:59:40+00:00,estimated,1
shipping_container_exports,sa,nation,2025-12,2688594,tonnes,portwatch,2025-12-31,,2026-09-26,estimated,0
shipping_container_exports,sa,nation,2025-12,2688657,tonnes,portwatch,2025-12-31,,2026-10-06T05:59:40+00:00,estimated,1
shipping_container_exports,sa,nation,2026-01,2861032,tonnes,portwatch,2026-01-31,,2026-09-26,estimated,0
shipping_container_exports,sa,nation,2026-01,2861131,tonnes,portwatch,2026-01-31,,2026-10-06T05:59:40+00:00,estimated,1
shipping_container_exports,sa,nation,2026-02,2443104,tonnes,portwatch,2026-02-28,,2026-09-26,estimated,0
shipping_container_exports,sa,nation,2026-02,2443126,tonnes,portwatch,2026-02-28,,2026-10-06T05:59:40+00:00,estimated,1
shipping_container_exports,sa,nation,2026-03,2064521,tonnes,portwatch,2026-03-31,,2026-09-26,estimated,0
shipping_container_exports,sa,nation,2026-03,2064520,tonnes,portwatch,2026-03-31,,2026-10-06T05:59:40+00:00,estimated,1
shipping_container_exports,sa,nation,2026-04,2468699,tonnes,portwatch,2026-04-30,,2026-09-26,estimated,0
shipping_container_exports,sa,nation,2026-04,2468762,tonnes,portwatch,2026-04-30,,2026-10-06T05:59:40+00:00,estimated,1
shipping_container_exports,sa,nation,2026-05,2276513,tonnes,portwatch,2026-05-31,,2026-09-26,estimated,0
shipping_container_exports,sa,nation,2026-05,2276607,tonnes,portwatch,2026-05-31,,2026-10-06T05:59:40+00:00,estimated,1
shipping_container_exports,sa,nation,2026-06,1743945,tonnes,portwatch,2026-06-30,,2026-09-26,estimated,0
shipping_container_exports,sa,nation,2026-06,1744020,tonnes,portwatch,2026-06-30,,2026-10-06T05:59:40+00:00,estimated,1
shipping_container_exports,sa,nation,2026-07,1560718,tonnes,portwatch,2026-07-31,,2026-09-26,estimated,0
shipping_container_exports,sa,nation,2026-07,1560772,tonnes,portwatch,2026-07-31,,2026-10-06T05:59:40+00:00,estimated,1
shipping_container_exports,sa,nation,2026-08,656386,tonnes,portwatch,2026-08-31,,2026-09-26,estimated,0
shipping_container_exports,sa,nation,2026-08,656392,tonnes,portwatch,2026-08-31,,2026-10-06T05:59:40+00:00,estimated,1
shipping_container_exports,se,nation,2019-01,293269,tonnes,portwatch,2019-01-31,,2026-09-26,estimated,0
shipping_container_exports,se,nation,2019-01,293341,tonnes,portwatch,2019-01-31,,2026-10-06T05:59:42+00:00,estimated,1
shipping_container_exports,se,nation,2019-02,272384,tonnes,portwatch,2019-02-28,,2026-09-26,estimated,0
shipping_container_exports,se,nation,2019-02,272485,tonnes,portwatch,2019-02-28,,2026-10-06T05:59:42+00:00,estimated,1
shipping_container_exports,se,nation,2019-03,301321,tonnes,portwatch,2019-03-31,,2026-09-26,estimated,0
shipping_container_exports,se,nation,2019-03,301401,tonnes,portwatch,2019-03-31,,2026-10-06T05:59:42+00:00,estimated,1
shipping_container_exports,se,nation,2019-04,298617,tonnes,portwatch,2019-04-30,,2026-09-26,estimated,0
shipping_container_exports,se,nation,2019-04,298655,tonnes,portwatch,2019-04-30,,2026-10-06T05:59:42+00:00,estimated,1
shipping_container_exports,se,nation,2019-05,331135,tonnes,portwatch,2019-05-31,,2026-09-26,estimated,0
shipping_container_exports,se,nation,2019-05,331184,tonnes,portwatch,2019-05-31,,2026-10-06T05:59:42+00:00,estimated,1
shipping_container_exports,se,nation,2019-06,253436,tonnes,portwatch,2019-06-30,,2026-09-26,estimated,0
shipping_container_exports,se,nation,2019-06,253458,tonnes,portwatch,2019-06-30,,2026-10-06T05:59:42+00:00,estimated,1
shipping_container_exports,se,nation,2019-07,306991,tonnes,portwatch,2019-07-31,,2026-09-26,estimated,0
shipping_container_exports,se,nation,2019-07,307017,tonnes,portwatch,2019-07-31,,2026-10-06T05:59:42+00:00,estimated,1
shipping_container_exports,se,nation,2019-08,287137,tonnes,portwatch,2019-08-31,,2026-09-26,estimated,0
shipping_container_exports,se,nation,2019-08,287203,tonnes,portwatch,2019-08-31,,2026-10-06T05:59:42+00:00,estimated,1
shipping_container_exports,se,nation,2019-09,282836,tonnes,portwatch,2019-09-30,,2026-09-26,estimated,0
shipping_container_exports,se,nation,2019-09,282888,tonnes,portwatch,2019-09-30,,2026-10-06T05:59:42+00:00,estimated,1
shipping_container_exports,se,nation,2019-10,336441,tonnes,portwatch,2019-10-31,,2026-09-26,estimated,0
shipping_container_exports,se,nation,2019-10,336488,tonnes,portwatch,2019-10-31,,2026-10-06T05:59:42+00:00,estimated,1
shipping_container_exports,se,nation,2019-11,340774,tonnes,portwatch,2019-11-30,,2026-09-26,estimated,0
shipping_container_exports,se,nation,2019-11,340779,tonnes,portwatch,2019-11-30,,2026-10-06T05:59:42+00:00,estimated,1
shipping_container_exports,se,nation,2019-12,286740,tonnes,portwatch,2019-12-31,,2026-09-26,estimated,0
shipping_container_exports,se,nation,2019-12,286910,tonnes,portwatch,2019-12-31,,2026-10-06T05:59:42+00:00,estimated,1
shipping_container_exports,se,nation,2020-01,279904,tonnes,portwatch,2020-01-31,,2026-09-26,estimated,0
shipping_container_exports,se,nation,2020-01,279932,tonnes,portwatch,2020-01-31,,2026-10-06T05:59:42+00:00,estimated,1
shipping_container_exports,se,nation,2020-02,300070,tonnes,portwatch,2020-02-29,,2026-09-26,estimated,0
shipping_container_exports,se,nation,2020-02,300111,tonnes,portwatch,2020-02-29,,2026-10-06T05:59:42+00:00,estimated,1
shipping_container_exports,se,nation,2020-03,295913,tonnes,portwatch,2020-03-31,,2026-09-26,estimated,0
shipping_container_exports,se,nation,2020-03,295989,tonnes,portwatch,2020-03-31,,2026-10-06T05:59:42+00:00,estimated,1
shipping_container_exports,se,nation,2020-04,238836,tonnes,portwatch,2020-04-30,,2026-09-26,estimated,0
shipping_container_exports,se,nation,2020-04,238878,tonnes,portwatch,2020-04-30,,2026-10-06T05:59:42+00:00,estimated,1
shipping_container_exports,se,nation,2020-05,345808,tonnes,portwatch,2020-05-31,,2026-09-26,estimated,0
shipping_container_exports,se,nation,2020-05,345823,tonnes,portwatch,2020-05-31,,2026-10-06T05:59:42+00:00,estimated,1
shipping_container_exports,se,nation,2020-06,279679,tonnes,portwatch,2020-06-30,,2026-09-26,estimated,0
shipping_container_exports,se,nation,2020-06,279701,tonnes,portwatch,2020-06-30,,2026-10-06T05:59:42+00:00,estimated,1
shipping_container_exports,se,nation,2020-07,242174,tonnes,portwatch,2020-07-31,,2026-09-26,estimated,0
shipping_container_exports,se,nation,2020-07,242234,tonnes,portwatch,2020-07-31,,2026-10-06T05:59:42+00:00,estimated,1
shipping_container_exports,se,nation,2020-08,302346,tonnes,portwatch,2020-08-31,,2026-09-26,estimated,0
shipping_container_exports,se,nation,2020-08,302377,tonnes,portwatch,2020-08-31,,2026-10-06T05:59:42+00:00,estimated,1
shipping_container_exports,se,nation,2020-09,345459,tonnes,portwatch,2020-09-30,,2026-09-26,estimated,0
shipping_container_exports,se,nation,2020-09,345555,tonnes,portwatch,2020-09-30,,2026-10-06T05:59:42+00:00,estimated,1
shipping_container_exports,se,nation,2020-10,335499,tonnes,portwatch,2020-10-31,,2026-09-26,estimated,0
shipping_container_exports,se,nation,2020-10,335537,tonnes,portwatch,2020-10-31,,2026-10-06T05:59:42+00:00,estimated,1
shipping_container_exports,se,nation,2020-11,308582,tonnes,portwatch,2020-11-30,,2026-09-26,estimated,0
shipping_container_exports,se,nation,2020-11,308605,tonnes,portwatch,2020-11-30,,2026-10-06T05:59:42+00:00,estimated,1
shipping_container_exports,se,nation,2020-12,337717,tonnes,portwatch,2020-12-31,,2026-09-26,estimated,0
shipping_container_exports,se,nation,2020-12,337745,tonnes,portwatch,2020-12-31,,2026-10-06T05:59:42+00:00,estimated,1
shipping_container_exports,se,nation,2021-01,262729,tonnes,portwatch,2021-01-31,,2026-09-26,estimated,0
shipping_container_exports,se,nation,2021-01,262758,tonnes,portwatch,2021-01-31,,2026-10-06T05:59:42+00:00,estimated,1
shipping_container_exports,se,nation,2021-02,312278,tonnes,portwatch,2021-02-28,,2026-09-26,estimated,0
shipping_container_exports,se,nation,2021-02,312326,tonnes,portwatch,2021-02-28,,2026-10-06T05:59:42+00:00,estimated,1
shipping_container_exports,se,nation,2021-03,353985,tonnes,portwatch,2021-03-31,,2026-09-26,estimated,0
shipping_container_exports,se,nation,2021-03,354031,tonnes,portwatch,2021-03-31,,2026-10-06T05:59:42+00:00,estimated,1
shipping_container_exports,se,nation,2021-04,293899,tonnes,portwatch,2021-04-30,,2026-09-26,estimated,0
shipping_container_exports,se,nation,2021-04,293941,tonnes,portwatch,2021-04-30,,2026-10-06T05:59:42+00:00,estimated,1
shipping_container_exports,se,nation,2021-05,304128,tonnes,portwatch,2021-05-31,,2026-09-26,estimated,0
shipping_container_exports,se,nation,2021-05,304191,tonnes,portwatch,2021-05-31,,2026-10-06T05:59:42+00:00,estimated,1
shipping_container_exports,se,nation,2021-06,277267,tonnes,portwatch,2021-06-30,,2026-09-26,estimated,0
shipping_container_exports,se,nation,2021-06,277311,tonnes,portwatch,2021-06-30,,2026-10-06T05:59:42+00:00,estimated,1
shipping_container_exports,se,nation,2021-07,256770,tonnes,portwatch,2021-07-31,,2026-09-26,estimated,0
shipping_container_exports,se,nation,2021-07,256830,tonnes,portwatch,2021-07-31,,2026-10-06T05:59:42+00:00,estimated,1
shipping_container_exports,se,nation,2021-08,238888,tonnes,portwatch,2021-08-31,,2026-09-26,estimated,0
shipping_container_exports,se,nation,2021-08,238971,tonnes,portwatch,2021-08-31,,2026-10-06T05:59:42+00:00,estimated,1
shipping_container_exports,se,nation,2021-09,264843,tonnes,portwatch,2021-09-30,,2026-09-26,estimated,0
shipping_container_exports,se,nation,2021-09,264919,tonnes,portwatch,2021-09-30,,2026-10-06T05:59:42+00:00,estimated,1
shipping_container_exports,se,nation,2021-10,302703,tonnes,portwatch,2021-10-31,,2026-09-26,estimated,0
shipping_container_exports,se,nation,2021-10,302747,tonnes,portwatch,2021-10-31,,2026-10-06T05:59:42+00:00,estimated,1
shipping_container_exports,se,nation,2021-11,279477,tonnes,portwatch,2021-11-30,,2026-09-26,estimated,0
shipping_container_exports,se,nation,2021-11,279525,tonnes,portwatch,2021-11-30,,2026-10-06T05:59:42+00:00,estimated,1
shipping_container_exports,se,nation,2021-12,306949,tonnes,portwatch,2021-12-31,,2026-09-26,estimated,0
shipping_container_exports,se,nation,2021-12,307005,tonnes,portwatch,2021-12-31,,2026-10-06T05:59:42+00:00,estimated,1
shipping_container_exports,se,nation,2022-01,266733,tonnes,portwatch,2022-01-31,,2026-09-26,estimated,0
shipping_container_exports,se,nation,2022-01,266794,tonnes,portwatch,2022-01-31,,2026-10-06T05:59:42+00:00,estimated,1
shipping_container_exports,se,nation,2022-02,237914,tonnes,portwatch,2022-02-28,,2026-09-26,estimated,0
shipping_container_exports,se,nation,2022-02,237978,tonnes,portwatch,2022-02-28,,2026-10-06T05:59:42+00:00,estimated,1
shipping_container_exports,se,nation,2022-03,335978,tonnes,portwatch,2022-03-31,,2026-09-26,estimated,0
shipping_container_exports,se,nation,2022-03,336044,tonnes,portwatch,2022-03-31,,2026-10-06T05:59:42+00:00,estimated,1
shipping_container_exports,se,nation,2022-04,280752,tonnes,portwatch,2022-04-30,,2026-09-26,estimated,0
shipping_container_exports,se,nation,2022-04,280802,tonnes,portwatch,2022-04-30,,2026-10-06T05:59:42+00:00,estimated,1
shipping_container_exports,se,nation,2022-05,295353,tonnes,portwatch,2022-05-31,,2026-09-26,estimated,0
shipping_container_exports,se,nation,2022-05,295414,tonnes,portwatch,2022-05-31,,2026-10-06T05:59:42+00:00,estimated,1
shipping_container_exports,se,nation,2022-06,246413,tonnes,portwatch,2022-06-30,,2026-09-26,estimated,0
shipping_container_exports,se,nation,2022-06,246487,tonnes,portwatch,2022-06-30,,2026-10-06T05:59:42+00:00,estimated,1
shipping_container_exports,se,nation,2022-07,268580,tonnes,portwatch,2022-07-31,,2026-09-26,estimated,0
shipping_container_exports,se,nation,2022-07,268663,tonnes,portwatch,2022-07-31,,2026-10-06T05:59:42+00:00,estimated,1
shipping_container_exports,se,nation,2022-08,255791,tonnes,portwatch,2022-08-31,,2026-09-26,estimated,0
shipping_container_exports,se,nation,2022-08,255913,tonnes,portwatch,2022-08-31,,2026-10-06T05:59:42+00:00,estimated,1
shipping_container_exports,se,nation,2022-09,301581,tonnes,portwatch,2022-09-30,,2026-09-26,estimated,0
shipping_container_exports,se,nation,2022-09,301647,tonnes,portwatch,2022-09-30,,2026-10-06T05:59:42+00:00,estimated,1
shipping_container_exports,se,nation,2022-10,347645,tonnes,portwatch,2022-10-31,,2026-09-26,estimated,0
shipping_container_exports,se,nation,2022-10,347749,tonnes,portwatch,2022-10-31,,2026-10-06T05:59:42+00:00,estimated,1
shipping_container_exports,se,nation,2022-11,312382,tonnes,portwatch,2022-11-30,,2026-09-26,estimated,0
shipping_container_exports,se,nation,2022-11,312424,tonnes,portwatch,2022-11-30,,2026-10-06T05:59:42+00:00,estimated,1
shipping_container_exports,se,nation,2022-12,321892,tonnes,portwatch,2022-12-31,,2026-09-26,estimated,0
shipping_container_exports,se,nation,2022-12,321948,tonnes,portwatch,2022-12-31,,2026-10-06T05:59:42+00:00,estimated,1
shipping_container_exports,se,nation,2023-01,292033,tonnes,portwatch,2023-01-31,,2026-09-26,estimated,0
shipping_container_exports,se,nation,2023-01,292070,tonnes,portwatch,2023-01-31,,2026-10-06T05:59:42+00:00,estimated,1
shipping_container_exports,se,nation,2023-02,290653,tonnes,portwatch,2023-02-28,,2026-09-26,estimated,0
shipping_container_exports,se,nation,2023-02,290709,tonnes,portwatch,2023-02-28,,2026-10-06T05:59:42+00:00,estimated,1
shipping_container_exports,se,nation,2023-03,355455,tonnes,portwatch,2023-03-31,,2026-09-26,estimated,0
shipping_container_exports,se,nation,2023-03,355488,tonnes,portwatch,2023-03-31,,2026-10-06T05:59:42+00:00,estimated,1
shipping_container_exports,se,nation,2023-04,270677,tonnes,portwatch,2023-04-30,,2026-09-26,estimated,0
shipping_container_exports,se,nation,2023-04,270716,tonnes,portwatch,2023-04-30,,2026-10-06T05:59:42+00:00,estimated,1
shipping_container_exports,se,nation,2023-05,306735,tonnes,portwatch,2023-05-31,,2026-09-26,estimated,0
shipping_container_exports,se,nation,2023-05,306779,tonnes,portwatch,2023-05-31,,2026-10-06T05:59:42+00:00,estimated,1
shipping_container_exports,se,nation,2023-06,341313,tonnes,portwatch,2023-06-30,,2026-09-26,estimated,0
shipping_container_exports,se,nation,2023-06,341421,tonnes,portwatch,2023-06-30,,2026-10-06T05:59:42+00:00,estimated,1
shipping_container_exports,se,nation,2023-07,352183,tonnes,portwatch,2023-07-31,,2026-09-26,estimated,0
shipping_container_exports,se,nation,2023-07,352267,tonnes,portwatch,2023-07-31,,2026-10-06T05:59:42+00:00,estimated,1
shipping_container_exports,se,nation,2023-08,301207,tonnes,portwatch,2023-08-31,,2026-09-26,estimated,0
shipping_container_exports,se,nation,2023-08,301265,tonnes,portwatch,2023-08-31,,2026-10-06T05:59:42+00:00,estimated,1
shipping_container_exports,se,nation,2023-09,327034,tonnes,portwatch,2023-09-30,,2026-09-26,estimated,0
shipping_container_exports,se,nation,2023-09,327095,tonnes,portwatch,2023-09-30,,2026-10-06T05:59:42+00:00,estimated,1
shipping_container_exports,se,nation,2023-10,336931,tonnes,portwatch,2023-10-31,,2026-09-26,estimated,0
shipping_container_exports,se,nation,2023-10,337004,tonnes,portwatch,2023-10-31,,2026-10-06T05:59:42+00:00,estimated,1
shipping_container_exports,se,nation,2023-11,309657,tonnes,portwatch,2023-11-30,,2026-09-26,estimated,0
shipping_container_exports,se,nation,2023-11,309715,tonnes,portwatch,2023-11-30,,2026-10-06T05:59:42+00:00,estimated,1
shipping_container_exports,se,nation,2023-12,323754,tonnes,portwatch,2023-12-31,,2026-09-26,estimated,0
shipping_container_exports,se,nation,2023-12,323813,tonnes,portwatch,2023-12-31,,2026-10-06T05:59:42+00:00,estimated,1
shipping_container_exports,se,nation,2024-01,344271,tonnes,portwatch,2024-01-31,,2026-09-26,estimated,0
shipping_container_exports,se,nation,2024-01,344322,tonnes,portwatch,2024-01-31,,2026-10-06T05:59:42+00:00,estimated,1
shipping_container_exports,se,nation,2024-02,331878,tonnes,portwatch,2024-02-29,,2026-09-26,estimated,0
shipping_container_exports,se,nation,2024-02,331965,tonnes,portwatch,2024-02-29,,2026-10-06T05:59:42+00:00,estimated,1
shipping_container_exports,se,nation,2024-03,350693,tonnes,portwatch,2024-03-31,,2026-09-26,estimated,0
shipping_container_exports,se,nation,2024-03,350747,tonnes,portwatch,2024-03-31,,2026-10-06T05:59:42+00:00,estimated,1
shipping_container_exports,se,nation,2024-04,320830,tonnes,portwatch,2024-04-30,,2026-09-26,estimated,0
shipping_container_exports,se,nation,2024-04,320854,tonnes,portwatch,2024-04-30,,2026-10-06T05:59:42+00:00,estimated,1
shipping_container_exports,se,nation,2024-05,351062,tonnes,portwatch,2024-05-31,,2026-09-26,estimated,0
shipping_container_exports,se,nation,2024-05,351119,tonnes,portwatch,2024-05-31,,2026-10-06T05:59:42+00:00,estimated,1
shipping_container_exports,se,nation,2024-06,319947,tonnes,portwatch,2024-06-30,,2026-09-26,estimated,0
shipping_container_exports,se,nation,2024-06,320021,tonnes,portwatch,2024-06-30,,2026-10-06T05:59:42+00:00,estimated,1
shipping_container_exports,se,nation,2024-07,304491,tonnes,portwatch,2024-07-31,,2026-09-26,estimated,0
shipping_container_exports,se,nation,2024-07,304550,tonnes,portwatch,2024-07-31,,2026-10-06T05:59:42+00:00,estimated,1
shipping_container_exports,se,nation,2024-08,245362,tonnes,portwatch,2024-08-31,,2026-09-26,estimated,0
shipping_container_exports,se,nation,2024-08,245395,tonnes,portwatch,2024-08-31,,2026-10-06T05:59:42+00:00,estimated,1
shipping_container_exports,se,nation,2024-09,325171,tonnes,portwatch,2024-09-30,,2026-09-26,estimated,0
shipping_container_exports,se,nation,2024-09,325238,tonnes,portwatch,2024-09-30,,2026-10-06T05:59:42+00:00,estimated,1
shipping_container_exports,se,nation,2024-10,369455,tonnes,portwatch,2024-10-31,,2026-09-26,estimated,0
shipping_container_exports,se,nation,2024-10,369522,tonnes,portwatch,2024-10-31,,2026-10-06T05:59:42+00:00,estimated,1
shipping_container_exports,se,nation,2024-11,293938,tonnes,portwatch,2024-11-30,,2026-09-26,estimated,0
shipping_container_exports,se,nation,2024-11,293989,tonnes,portwatch,2024-11-30,,2026-10-06T05:59:42+00:00,estimated,1
shipping_container_exports,se,nation,2024-12,357632,tonnes,portwatch,2024-12-31,,2026-09-26,estimated,0
shipping_container_exports,se,nation,2024-12,357684,tonnes,portwatch,2024-12-31,,2026-10-06T05:59:42+00:00,estimated,1
shipping_container_exports,se,nation,2025-01,281790,tonnes,portwatch,2025-01-31,,2026-09-26,estimated,0
shipping_container_exports,se,nation,2025-01,281831,tonnes,portwatch,2025-01-31,,2026-10-06T05:59:42+00:00,estimated,1
shipping_container_exports,se,nation,2025-02,309945,tonnes,portwatch,2025-02-28,,2026-09-26,estimated,0
shipping_container_exports,se,nation,2025-02,309947,tonnes,portwatch,2025-02-28,,2026-10-06T05:59:42+00:00,estimated,1
shipping_container_exports,se,nation,2025-03,317794,tonnes,portwatch,2025-03-31,,2026-09-26,estimated,0
shipping_container_exports,se,nation,2025-03,317821,tonnes,portwatch,2025-03-31,,2026-10-06T05:59:42+00:00,estimated,1
shipping_container_exports,se,nation,2025-04,333703,tonnes,portwatch,2025-04-30,,2026-09-26,estimated,0
shipping_container_exports,se,nation,2025-04,333733,tonnes,portwatch,2025-04-30,,2026-10-06T05:59:42+00:00,estimated,1
shipping_container_exports,se,nation,2025-05,394994,tonnes,portwatch,2025-05-31,,2026-09-26,estimated,0
shipping_container_exports,se,nation,2025-05,395016,tonnes,portwatch,2025-05-31,,2026-10-06T05:59:42+00:00,estimated,1
shipping_container_exports,se,nation,2025-06,339959,tonnes,portwatch,2025-06-30,,2026-09-26,estimated,0
shipping_container_exports,se,nation,2025-06,339973,tonnes,portwatch,2025-06-30,,2026-10-06T05:59:42+00:00,estimated,1
shipping_container_exports,se,nation,2025-07,357830,tonnes,portwatch,2025-07-31,,2026-09-26,estimated,0
shipping_container_exports,se,nation,2025-07,357865,tonnes,portwatch,2025-07-31,,2026-10-06T05:59:42+00:00,estimated,1
shipping_container_exports,se,nation,2025-08,277426,tonnes,portwatch,2025-08-31,,2026-09-26,estimated,0
shipping_container_exports,se,nation,2025-08,277449,tonnes,portwatch,2025-08-31,,2026-10-06T05:59:42+00:00,estimated,1
shipping_container_exports,se,nation,2025-09,332918,tonnes,portwatch,2025-09-30,,2026-09-26,estimated,0
shipping_container_exports,se,nation,2025-09,332956,tonnes,portwatch,2025-09-30,,2026-10-06T05:59:42+00:00,estimated,1
shipping_container_exports,se,nation,2025-10,352885,tonnes,portwatch,2025-10-31,,2026-09-26,estimated,0
shipping_container_exports,se,nation,2025-10,352932,tonnes,portwatch,2025-10-31,,2026-10-06T05:59:42+00:00,estimated,1
shipping_container_exports,se,nation,2025-11,315321,tonnes,portwatch,2025-11-30,,2026-09-26,estimated,0
shipping_container_exports,se,nation,2025-11,315350,tonnes,portwatch,2025-11-30,,2026-10-06T05:59:42+00:00,estimated,1
shipping_container_exports,se,nation,2025-12,323283,tonnes,portwatch,2025-12-31,,2026-09-26,estimated,0
shipping_container_exports,se,nation,2025-12,323299,tonnes,portwatch,2025-12-31,,2026-10-06T05:59:42+00:00,estimated,1
shipping_container_exports,se,nation,2026-01,257225,tonnes,portwatch,2026-01-31,,2026-09-26,estimated,0
shipping_container_exports,se,nation,2026-01,257271,tonnes,portwatch,2026-01-31,,2026-10-06T05:59:42+00:00,estimated,1
shipping_container_exports,se,nation,2026-02,271883,tonnes,portwatch,2026-02-28,,2026-09-26,estimated,0
shipping_container_exports,se,nation,2026-02,271923,tonnes,portwatch,2026-02-28,,2026-10-06T05:59:42+00:00,estimated,1
shipping_container_exports,se,nation,2026-03,309305,tonnes,portwatch,2026-03-31,,2026-09-26,estimated,0
shipping_container_exports,se,nation,2026-03,309345,tonnes,portwatch,2026-03-31,,2026-10-06T05:59:42+00:00,estimated,1
shipping_container_exports,se,nation,2026-04,325389,tonnes,portwatch,2026-04-30,,2026-09-26,estimated,0
shipping_container_exports,se,nation,2026-04,325442,tonnes,portwatch,2026-04-30,,2026-10-06T05:59:42+00:00,estimated,1
shipping_container_exports,se,nation,2026-05,272301,tonnes,portwatch,2026-05-31,,2026-09-26,estimated,0
shipping_container_exports,se,nation,2026-05,272320,tonnes,portwatch,2026-05-31,,2026-10-06T05:59:42+00:00,estimated,1
shipping_container_exports,se,nation,2026-06,321903,tonnes,portwatch,2026-06-30,,2026-09-26,estimated,0
shipping_container_exports,se,nation,2026-06,321929,tonnes,portwatch,2026-06-30,,2026-10-06T05:59:42+00:00,estimated,1
shipping_container_exports,se,nation,2026-07,274073,tonnes,portwatch,2026-07-31,,2026-09-26,estimated,0
shipping_container_exports,se,nation,2026-07,274126,tonnes,portwatch,2026-07-31,,2026-10-06T05:59:42+00:00,estimated,1
shipping_container_exports,se,nation,2026-08,241693,tonnes,portwatch,2026-08-31,,2026-09-26,estimated,0
shipping_container_exports,se,nation,2026-08,241708,tonnes,portwatch,2026-08-31,,2026-10-06T05:59:42+00:00,estimated,1
shipping_container_exports,sg,nation,2019-01,18644331,tonnes,portwatch,2019-01-31,,2026-09-26,estimated,0
shipping_container_exports,sg,nation,2019-01,18643826,tonnes,portwatch,2019-01-31,,2026-10-06T05:59:40+00:00,estimated,1
shipping_container_exports,sg,nation,2019-02,15181859,tonnes,portwatch,2019-02-28,,2026-09-26,estimated,0
shipping_container_exports,sg,nation,2019-02,15181467,tonnes,portwatch,2019-02-28,,2026-10-06T05:59:40+00:00,estimated,1
shipping_container_exports,sg,nation,2019-03,20002990,tonnes,portwatch,2019-03-31,,2026-09-26,estimated,0
shipping_container_exports,sg,nation,2019-03,20002527,tonnes,portwatch,2019-03-31,,2026-10-06T05:59:40+00:00,estimated,1
shipping_container_exports,sg,nation,2019-04,18129840,tonnes,portwatch,2019-04-30,,2026-09-26,estimated,0
shipping_container_exports,sg,nation,2019-04,18129570,tonnes,portwatch,2019-04-30,,2026-10-06T05:59:40+00:00,estimated,1
shipping_container_exports,sg,nation,2019-05,19406042,tonnes,portwatch,2019-05-31,,2026-09-26,estimated,0
shipping_container_exports,sg,nation,2019-05,19405766,tonnes,portwatch,2019-05-31,,2026-10-06T05:59:40+00:00,estimated,1
shipping_container_exports,sg,nation,2019-06,18026113,tonnes,portwatch,2019-06-30,,2026-09-26,estimated,0
shipping_container_exports,sg,nation,2019-06,18025850,tonnes,portwatch,2019-06-30,,2026-10-06T05:59:40+00:00,estimated,1
shipping_container_exports,sg,nation,2019-07,20291393,tonnes,portwatch,2019-07-31,,2026-09-26,estimated,0
shipping_container_exports,sg,nation,2019-07,20291123,tonnes,portwatch,2019-07-31,,2026-10-06T05:59:40+00:00,estimated,1
shipping_container_exports,sg,nation,2019-08,18964260,tonnes,portwatch,2019-08-31,,2026-09-26,estimated,0
shipping_container_exports,sg,nation,2019-08,18964001,tonnes,portwatch,2019-08-31,,2026-10-06T05:59:40+00:00,estimated,1
shipping_container_exports,sg,nation,2019-09,18668050,tonnes,portwatch,2019-09-30,,2026-09-26,estimated,0
shipping_container_exports,sg,nation,2019-09,18667833,tonnes,portwatch,2019-09-30,,2026-10-06T05:59:40+00:00,estimated,1
shipping_container_exports,sg,nation,2019-10,19963206,tonnes,portwatch,2019-10-31,,2026-09-26,estimated,0
shipping_container_exports,sg,nation,2019-10,19962932,tonnes,portwatch,2019-10-31,,2026-10-06T05:59:40+00:00,estimated,1
shipping_container_exports,sg,nation,2019-11,19997953,tonnes,portwatch,2019-11-30,,2026-09-26,estimated,0
shipping_container_exports,sg,nation,2019-11,19997719,tonnes,portwatch,2019-11-30,,2026-10-06T05:59:40+00:00,estimated,1
shipping_container_exports,sg,nation,2019-12,19479030,tonnes,portwatch,2019-12-31,,2026-09-26,estimated,0
shipping_container_exports,sg,nation,2019-12,19478255,tonnes,portwatch,2019-12-31,,2026-10-06T05:59:40+00:00,estimated,1
shipping_container_exports,sg,nation,2020-01,20028287,tonnes,portwatch,2020-01-31,,2026-09-26,estimated,0
shipping_container_exports,sg,nation,2020-01,20027944,tonnes,portwatch,2020-01-31,,2026-10-06T05:59:40+00:00,estimated,1
shipping_container_exports,sg,nation,2020-02,17304263,tonnes,portwatch,2020-02-29,,2026-09-26,estimated,0
shipping_container_exports,sg,nation,2020-02,17304079,tonnes,portwatch,2020-02-29,,2026-10-06T05:59:40+00:00,estimated,1
shipping_container_exports,sg,nation,2020-03,19523526,tonnes,portwatch,2020-03-31,,2026-09-26,estimated,0
shipping_container_exports,sg,nation,2020-03,19523288,tonnes,portwatch,2020-03-31,,2026-10-06T05:59:40+00:00,estimated,1
shipping_container_exports,sg,nation,2020-04,17690926,tonnes,portwatch,2020-04-30,,2026-09-26,estimated,0
shipping_container_exports,sg,nation,2020-04,17690701,tonnes,portwatch,2020-04-30,,2026-10-06T05:59:40+00:00,estimated,1
shipping_container_exports,sg,nation,2020-05,16942145,tonnes,portwatch,2020-05-31,,2026-09-26,estimated,0
shipping_container_exports,sg,nation,2020-05,16941907,tonnes,portwatch,2020-05-31,,2026-10-06T05:59:40+00:00,estimated,1
shipping_container_exports,sg,nation,2020-06,18071036,tonnes,portwatch,2020-06-30,,2026-09-26,estimated,0
shipping_container_exports,sg,nation,2020-06,18070772,tonnes,portwatch,2020-06-30,,2026-10-06T05:59:40+00:00,estimated,1
shipping_container_exports,sg,nation,2020-07,18490495,tonnes,portwatch,2020-07-31,,2026-09-26,estimated,0
shipping_container_exports,sg,nation,2020-07,18490203,tonnes,portwatch,2020-07-31,,2026-10-06T05:59:40+00:00,estimated,1
shipping_container_exports,sg,nation,2020-08,19927170,tonnes,portwatch,2020-08-31,,2026-09-26,estimated,0
shipping_container_exports,sg,nation,2020-08,19926873,tonnes,portwatch,2020-08-31,,2026-10-06T05:59:40+00:00,estimated,1
shipping_container_exports,sg,nation,2020-09,19025826,tonnes,portwatch,2020-09-30,,2026-09-26,estimated,0
shipping_container_exports,sg,nation,2020-09,19025525,tonnes,portwatch,2020-09-30,,2026-10-06T05:59:40+00:00,estimated,1
shipping_container_exports,sg,nation,2020-10,20900284,tonnes,portwatch,2020-10-31,,2026-09-26,estimated,0
shipping_container_exports,sg,nation,2020-10,20899993,tonnes,portwatch,2020-10-31,,2026-10-06T05:59:40+00:00,estimated,1
shipping_container_exports,sg,nation,2020-11,18632345,tonnes,portwatch,2020-11-30,,2026-09-26,estimated,0
shipping_container_exports,sg,nation,2020-11,18632041,tonnes,portwatch,2020-11-30,,2026-10-06T05:59:40+00:00,estimated,1
shipping_container_exports,sg,nation,2020-12,19908328,tonnes,portwatch,2020-12-31,,2026-09-26,estimated,0
shipping_container_exports,sg,nation,2020-12,19907975,tonnes,portwatch,2020-12-31,,2026-10-06T05:59:40+00:00,estimated,1
shipping_container_exports,sg,nation,2021-01,19593386,tonnes,portwatch,2021-01-31,,2026-09-26,estimated,0
shipping_container_exports,sg,nation,2021-01,19593078,tonnes,portwatch,2021-01-31,,2026-10-06T05:59:40+00:00,estimated,1
shipping_container_exports,sg,nation,2021-02,17229280,tonnes,portwatch,2021-02-28,,2026-09-26,estimated,0
shipping_container_exports,sg,nation,2021-02,17229022,tonnes,portwatch,2021-02-28,,2026-10-06T05:59:40+00:00,estimated,1
shipping_container_exports,sg,nation,2021-03,20521078,tonnes,portwatch,2021-03-31,,2026-09-26,estimated,0
shipping_container_exports,sg,nation,2021-03,20520762,tonnes,portwatch,2021-03-31,,2026-10-06T05:59:40+00:00,estimated,1
shipping_container_exports,sg,nation,2021-04,19729348,tonnes,portwatch,2021-04-30,,2026-09-26,estimated,0
shipping_container_exports,sg,nation,2021-04,19729008,tonnes,portwatch,2021-04-30,,2026-10-06T05:59:40+00:00,estimated,1
shipping_container_exports,sg,nation,2021-05,19555492,tonnes,portwatch,2021-05-31,,2026-09-26,estimated,0
shipping_container_exports,sg,nation,2021-05,19555204,tonnes,portwatch,2021-05-31,,2026-10-06T05:59:40+00:00,estimated,1
shipping_container_exports,sg,nation,2021-06,18130071,tonnes,portwatch,2021-06-30,,2026-09-26,estimated,0
shipping_container_exports,sg,nation,2021-06,18129758,tonnes,portwatch,2021-06-30,,2026-10-06T05:59:40+00:00,estimated,1
shipping_container_exports,sg,nation,2021-07,19182512,tonnes,portwatch,2021-07-31,,2026-09-26,estimated,0
shipping_container_exports,sg,nation,2021-07,19182183,tonnes,portwatch,2021-07-31,,2026-10-06T05:59:40+00:00,estimated,1
shipping_container_exports,sg,nation,2021-08,19642897,tonnes,portwatch,2021-08-31,,2026-09-26,estimated,0
shipping_container_exports,sg,nation,2021-08,19642552,tonnes,portwatch,2021-08-31,,2026-10-06T05:59:40+00:00,estimated,1
shipping_container_exports,sg,nation,2021-09,18567783,tonnes,portwatch,2021-09-30,,2026-09-26,estimated,0
shipping_container_exports,sg,nation,2021-09,18567397,tonnes,portwatch,2021-09-30,,2026-10-06T05:59:40+00:00,estimated,1
shipping_container_exports,sg,nation,2021-10,17919716,tonnes,portwatch,2021-10-31,,2026-09-26,estimated,0
shipping_container_exports,sg,nation,2021-10,17919396,tonnes,portwatch,2021-10-31,,2026-10-06T05:59:40+00:00,estimated,1
shipping_container_exports,sg,nation,2021-11,19391424,tonnes,portwatch,2021-11-30,,2026-09-26,estimated,0
shipping_container_exports,sg,nation,2021-11,19391043,tonnes,portwatch,2021-11-30,,2026-10-06T05:59:40+00:00,estimated,1
shipping_container_exports,sg,nation,2021-12,20333110,tonnes,portwatch,2021-12-31,,2026-09-26,estimated,0
shipping_container_exports,sg,nation,2021-12,20332669,tonnes,portwatch,2021-12-31,,2026-10-06T05:59:40+00:00,estimated,1
shipping_container_exports,sg,nation,2022-01,19584581,tonnes,portwatch,2022-01-31,,2026-09-26,estimated,0
shipping_container_exports,sg,nation,2022-01,19584205,tonnes,portwatch,2022-01-31,,2026-10-06T05:59:40+00:00,estimated,1
shipping_container_exports,sg,nation,2022-02,16668720,tonnes,portwatch,2022-02-28,,2026-09-26,estimated,0
shipping_container_exports,sg,nation,2022-02,16668451,tonnes,portwatch,2022-02-28,,2026-10-06T05:59:40+00:00,estimated,1
shipping_container_exports,sg,nation,2022-03,19600105,tonnes,portwatch,2022-03-31,,2026-09-26,estimated,0
shipping_container_exports,sg,nation,2022-03,19599776,tonnes,portwatch,2022-03-31,,2026-10-06T05:59:40+00:00,estimated,1
shipping_container_exports,sg,nation,2022-04,18124934,tonnes,portwatch,2022-04-30,,2026-09-26,estimated,0
shipping_container_exports,sg,nation,2022-04,18124628,tonnes,portwatch,2022-04-30,,2026-10-06T05:59:40+00:00,estimated,1
shipping_container_exports,sg,nation,2022-05,19140525,tonnes,portwatch,2022-05-31,,2026-09-26,estimated,0
shipping_container_exports,sg,nation,2022-05,19140203,tonnes,portwatch,2022-05-31,,2026-10-06T05:59:40+00:00,estimated,1
shipping_container_exports,sg,nation,2022-06,19483420,tonnes,portwatch,2022-06-30,,2026-09-26,estimated,0
shipping_container_exports,sg,nation,2022-06,19482997,tonnes,portwatch,2022-06-30,,2026-10-06T05:59:40+00:00,estimated,1
shipping_container_exports,sg,nation,2022-07,19619222,tonnes,portwatch,2022-07-31,,2026-09-26,estimated,0
shipping_container_exports,sg,nation,2022-07,19618823,tonnes,portwatch,2022-07-31,,2026-10-06T05:59:40+00:00,estimated,1
shipping_container_exports,sg,nation,2022-08,20746765,tonnes,portwatch,2022-08-31,,2026-09-26,estimated,0
shipping_container_exports,sg,nation,2022-08,20746457,tonnes,portwatch,2022-08-31,,2026-10-06T05:59:40+00:00,estimated,1
shipping_container_exports,sg,nation,2022-09,18334048,tonnes,portwatch,2022-09-30,,2026-09-26,estimated,0
shipping_container_exports,sg,nation,2022-09,18333766,tonnes,portwatch,2022-09-30,,2026-10-06T05:59:40+00:00,estimated,1
shipping_container_exports,sg,nation,2022-10,18832537,tonnes,portwatch,2022-10-31,,2026-09-26,estimated,0
shipping_container_exports,sg,nation,2022-10,18832245,tonnes,portwatch,2022-10-31,,2026-10-06T05:59:40+00:00,estimated,1
shipping_container_exports,sg,nation,2022-11,18017945,tonnes,portwatch,2022-11-30,,2026-09-26,estimated,0
shipping_container_exports,sg,nation,2022-11,18017636,tonnes,portwatch,2022-11-30,,2026-10-06T05:59:40+00:00,estimated,1
shipping_container_exports,sg,nation,2022-12,20033956,tonnes,portwatch,2022-12-31,,2026-09-26,estimated,0
shipping_container_exports,sg,nation,2022-12,20033578,tonnes,portwatch,2022-12-31,,2026-10-06T05:59:40+00:00,estimated,1
shipping_container_exports,sg,nation,2023-01,18878313,tonnes,portwatch,2023-01-31,,2026-09-26,estimated,0
shipping_container_exports,sg,nation,2023-01,18878018,tonnes,portwatch,2023-01-31,,2026-10-06T05:59:40+00:00,estimated,1
shipping_container_exports,sg,nation,2023-02,15275607,tonnes,portwatch,2023-02-28,,2026-09-26,estimated,0
shipping_container_exports,sg,nation,2023-02,15275397,tonnes,portwatch,2023-02-28,,2026-10-06T05:59:40+00:00,estimated,1
shipping_container_exports,sg,nation,2023-03,21262535,tonnes,portwatch,2023-03-31,,2026-09-26,estimated,0
shipping_container_exports,sg,nation,2023-03,21262164,tonnes,portwatch,2023-03-31,,2026-10-06T05:59:40+00:00,estimated,1
shipping_container_exports,sg,nation,2023-04,19435442,tonnes,portwatch,2023-04-30,,2026-09-26,estimated,0
shipping_container_exports,sg,nation,2023-04,19435107,tonnes,portwatch,2023-04-30,,2026-10-06T05:59:40+00:00,estimated,1
shipping_container_exports,sg,nation,2023-05,21422725,tonnes,portwatch,2023-05-31,,2026-09-26,estimated,0
shipping_container_exports,sg,nation,2023-05,21422337,tonnes,portwatch,2023-05-31,,2026-10-06T05:59:40+00:00,estimated,1
shipping_container_exports,sg,nation,2023-06,20436953,tonnes,portwatch,2023-06-30,,2026-09-26,estimated,0
shipping_container_exports,sg,nation,2023-06,20436572,tonnes,portwatch,2023-06-30,,2026-10-06T05:59:40+00:00,estimated,1
shipping_container_exports,sg,nation,2023-07,21250451,tonnes,portwatch,2023-07-31,,2026-09-26,estimated,0
shipping_container_exports,sg,nation,2023-07,21250127,tonnes,portwatch,2023-07-31,,2026-10-06T05:59:40+00:00,estimated,1
shipping_container_exports,sg,nation,2023-08,20531652,tonnes,portwatch,2023-08-31,,2026-09-26,estimated,0
shipping_container_exports,sg,nation,2023-08,20531292,tonnes,portwatch,2023-08-31,,2026-10-06T05:59:40+00:00,estimated,1
shipping_container_exports,sg,nation,2023-09,19560307,tonnes,portwatch,2023-09-30,,2026-09-26,estimated,0
shipping_container_exports,sg,nation,2023-09,19559956,tonnes,portwatch,2023-09-30,,2026-10-06T05:59:40+00:00,estimated,1
shipping_container_exports,sg,nation,2023-10,19646545,tonnes,portwatch,2023-10-31,,2026-09-26,estimated,0
shipping_container_exports,sg,nation,2023-10,19646181,tonnes,portwatch,2023-10-31,,2026-10-06T05:59:40+00:00,estimated,1
shipping_container_exports,sg,nation,2023-11,20132344,tonnes,portwatch,2023-11-30,,2026-09-26,estimated,0
shipping_container_exports,sg,nation,2023-11,20131990,tonnes,portwatch,2023-11-30,,2026-10-06T05:59:40+00:00,estimated,1
shipping_container_exports,sg,nation,2023-12,21019587,tonnes,portwatch,2023-12-31,,2026-09-26,estimated,0
shipping_container_exports,sg,nation,2023-12,21019157,tonnes,portwatch,2023-12-31,,2026-10-06T05:59:40+00:00,estimated,1
shipping_container_exports,sg,nation,2024-01,21341749,tonnes,portwatch,2024-01-31,,2026-09-26,estimated,0
shipping_container_exports,sg,nation,2024-01,21341417,tonnes,portwatch,2024-01-31,,2026-10-06T05:59:40+00:00,estimated,1
shipping_container_exports,sg,nation,2024-02,18786831,tonnes,portwatch,2024-02-29,,2026-09-26,estimated,0
shipping_container_exports,sg,nation,2024-02,18786509,tonnes,portwatch,2024-02-29,,2026-10-06T05:59:40+00:00,estimated,1
shipping_container_exports,sg,nation,2024-03,20762540,tonnes,portwatch,2024-03-31,,2026-09-26,estimated,0
shipping_container_exports,sg,nation,2024-03,20762230,tonnes,portwatch,2024-03-31,,2026-10-06T05:59:40+00:00,estimated,1
shipping_container_exports,sg,nation,2024-04,20973610,tonnes,portwatch,2024-04-30,,2026-09-26,estimated,0
shipping_container_exports,sg,nation,2024-04,20973208,tonnes,portwatch,2024-04-30,,2026-10-06T05:59:40+00:00,estimated,1
shipping_container_exports,sg,nation,2024-05,22220941,tonnes,portwatch,2024-05-31,,2026-09-26,estimated,0
shipping_container_exports,sg,nation,2024-05,22220493,tonnes,portwatch,2024-05-31,,2026-10-06T05:59:40+00:00,estimated,1
shipping_container_exports,sg,nation,2024-06,18872091,tonnes,portwatch,2024-06-30,,2026-09-26,estimated,0
shipping_container_exports,sg,nation,2024-06,18871722,tonnes,portwatch,2024-06-30,,2026-10-06T05:59:40+00:00,estimated,1
shipping_container_exports,sg,nation,2024-07,20977943,tonnes,portwatch,2024-07-31,,2026-09-26,estimated,0
shipping_container_exports,sg,nation,2024-07,20977482,tonnes,portwatch,2024-07-31,,2026-10-06T05:59:40+00:00,estimated,1
shipping_container_exports,sg,nation,2024-08,23057176,tonnes,portwatch,2024-08-31,,2026-09-26,estimated,0
shipping_container_exports,sg,nation,2024-08,23056751,tonnes,portwatch,2024-08-31,,2026-10-06T05:59:40+00:00,estimated,1
shipping_container_exports,sg,nation,2024-09,19820353,tonnes,portwatch,2024-09-30,,2026-09-26,estimated,0
shipping_container_exports,sg,nation,2024-09,19819999,tonnes,portwatch,2024-09-30,,2026-10-06T05:59:40+00:00,estimated,1
shipping_container_exports,sg,nation,2024-10,22005970,tonnes,portwatch,2024-10-31,,2026-09-26,estimated,0
shipping_container_exports,sg,nation,2024-10,22005563,tonnes,portwatch,2024-10-31,,2026-10-06T05:59:40+00:00,estimated,1
shipping_container_exports,sg,nation,2024-11,19874841,tonnes,portwatch,2024-11-30,,2026-09-26,estimated,0
shipping_container_exports,sg,nation,2024-11,19874486,tonnes,portwatch,2024-11-30,,2026-10-06T05:59:40+00:00,estimated,1
shipping_container_exports,sg,nation,2024-12,21485903,tonnes,portwatch,2024-12-31,,2026-09-26,estimated,0
shipping_container_exports,sg,nation,2024-12,21485448,tonnes,portwatch,2024-12-31,,2026-10-06T05:59:40+00:00,estimated,1
shipping_container_exports,sg,nation,2025-01,22171520,tonnes,portwatch,2025-01-31,,2026-09-26,estimated,0
shipping_container_exports,sg,nation,2025-01,22171337,tonnes,portwatch,2025-01-31,,2026-10-06T05:59:40+00:00,estimated,1
shipping_container_exports,sg,nation,2025-02,19345833,tonnes,portwatch,2025-02-28,,2026-09-26,estimated,0
shipping_container_exports,sg,nation,2025-02,19345653,tonnes,portwatch,2025-02-28,,2026-10-06T05:59:40+00:00,estimated,1
shipping_container_exports,sg,nation,2025-03,22818709,tonnes,portwatch,2025-03-31,,2026-09-26,estimated,0
shipping_container_exports,sg,nation,2025-03,22818599,tonnes,portwatch,2025-03-31,,2026-10-06T05:59:40+00:00,estimated,1
shipping_container_exports,sg,nation,2025-04,21189663,tonnes,portwatch,2025-04-30,,2026-09-26,estimated,0
shipping_container_exports,sg,nation,2025-04,21189522,tonnes,portwatch,2025-04-30,,2026-10-06T05:59:40+00:00,estimated,1
shipping_container_exports,sg,nation,2025-05,24298462,tonnes,portwatch,2025-05-31,,2026-09-26,estimated,0
shipping_container_exports,sg,nation,2025-05,24298492,tonnes,portwatch,2025-05-31,,2026-10-06T05:59:40+00:00,estimated,1
shipping_container_exports,sg,nation,2025-06,22447543,tonnes,portwatch,2025-06-30,,2026-09-26,estimated,0
shipping_container_exports,sg,nation,2025-06,22447467,tonnes,portwatch,2025-06-30,,2026-10-06T05:59:40+00:00,estimated,1
shipping_container_exports,sg,nation,2025-07,23769294,tonnes,portwatch,2025-07-31,,2026-09-26,estimated,0
shipping_container_exports,sg,nation,2025-07,23769293,tonnes,portwatch,2025-07-31,,2026-10-06T05:59:40+00:00,estimated,1
shipping_container_exports,sg,nation,2025-08,24077000,tonnes,portwatch,2025-08-31,,2026-09-26,estimated,0
shipping_container_exports,sg,nation,2025-08,24076949,tonnes,portwatch,2025-08-31,,2026-10-06T05:59:40+00:00,estimated,1
shipping_container_exports,sg,nation,2025-09,22413033,tonnes,portwatch,2025-09-30,,2026-09-26,estimated,0
shipping_container_exports,sg,nation,2025-09,22412847,tonnes,portwatch,2025-09-30,,2026-10-06T05:59:40+00:00,estimated,1
shipping_container_exports,sg,nation,2025-10,24076419,tonnes,portwatch,2025-10-31,,2026-09-26,estimated,0
shipping_container_exports,sg,nation,2025-10,24076527,tonnes,portwatch,2025-10-31,,2026-10-06T05:59:40+00:00,estimated,1
shipping_container_exports,sg,nation,2025-11,22016343,tonnes,portwatch,2025-11-30,,2026-09-26,estimated,0
shipping_container_exports,sg,nation,2025-11,22016397,tonnes,portwatch,2025-11-30,,2026-10-06T05:59:40+00:00,estimated,1
shipping_container_exports,sg,nation,2025-12,23196320,tonnes,portwatch,2025-12-31,,2026-09-26,estimated,0
shipping_container_exports,sg,nation,2025-12,23197632,tonnes,portwatch,2025-12-31,,2026-10-06T05:59:40+00:00,estimated,1
shipping_container_exports,sg,nation,2026-01,24818047,tonnes,portwatch,2026-01-31,,2026-09-26,estimated,0
shipping_container_exports,sg,nation,2026-01,24818386,tonnes,portwatch,2026-01-31,,2026-10-06T05:59:40+00:00,estimated,1
shipping_container_exports,sg,nation,2026-02,19105213,tonnes,portwatch,2026-02-28,,2026-09-26,estimated,0
shipping_container_exports,sg,nation,2026-02,19106042,tonnes,portwatch,2026-02-28,,2026-10-06T05:59:40+00:00,estimated,1
shipping_container_exports,sg,nation,2026-03,24881229,tonnes,portwatch,2026-03-31,,2026-09-26,estimated,0
shipping_container_exports,sg,nation,2026-03,24881923,tonnes,portwatch,2026-03-31,,2026-10-06T05:59:40+00:00,estimated,1
shipping_container_exports,sg,nation,2026-04,22856653,tonnes,portwatch,2026-04-30,,2026-09-26,estimated,0
shipping_container_exports,sg,nation,2026-04,22857404,tonnes,portwatch,2026-04-30,,2026-10-06T05:59:40+00:00,estimated,1
shipping_container_exports,sg,nation,2026-05,24493283,tonnes,portwatch,2026-05-31,,2026-09-26,estimated,0
shipping_container_exports,sg,nation,2026-05,24493972,tonnes,portwatch,2026-05-31,,2026-10-06T05:59:40+00:00,estimated,1
shipping_container_exports,sg,nation,2026-06,22373391,tonnes,portwatch,2026-06-30,,2026-09-26,estimated,0
shipping_container_exports,sg,nation,2026-06,22373907,tonnes,portwatch,2026-06-30,,2026-10-06T05:59:40+00:00,estimated,1
shipping_container_exports,sg,nation,2026-07,28687103,tonnes,portwatch,2026-07-31,,2026-09-26,estimated,0
shipping_container_exports,sg,nation,2026-07,28632148,tonnes,portwatch,2026-07-31,,2026-10-06T05:59:40+00:00,estimated,1
shipping_container_exports,sg,nation,2026-08,27056217,tonnes,portwatch,2026-08-31,,2026-09-26,estimated,0
shipping_container_exports,sg,nation,2026-08,27056700,tonnes,portwatch,2026-08-31,,2026-10-06T05:59:40+00:00,estimated,1
shipping_container_exports,tr,nation,2019-01,4579094,tonnes,portwatch,2019-01-31,,2026-09-26,estimated,0
shipping_container_exports,tr,nation,2019-01,4578971,tonnes,portwatch,2019-01-31,,2026-10-06T05:59:43+00:00,estimated,1
shipping_container_exports,tr,nation,2019-02,4182669,tonnes,portwatch,2019-02-28,,2026-09-26,estimated,0
shipping_container_exports,tr,nation,2019-02,4182684,tonnes,portwatch,2019-02-28,,2026-10-06T05:59:43+00:00,estimated,1
shipping_container_exports,tr,nation,2019-03,4651972,tonnes,portwatch,2019-03-31,,2026-09-26,estimated,0
shipping_container_exports,tr,nation,2019-03,4657858,tonnes,portwatch,2019-03-31,,2026-10-06T05:59:43+00:00,estimated,1
shipping_container_exports,tr,nation,2019-04,4553327,tonnes,portwatch,2019-04-30,,2026-09-26,estimated,0
shipping_container_exports,tr,nation,2019-04,4553409,tonnes,portwatch,2019-04-30,,2026-10-06T05:59:43+00:00,estimated,1
shipping_container_exports,tr,nation,2019-05,4854057,tonnes,portwatch,2019-05-31,,2026-09-26,estimated,0
shipping_container_exports,tr,nation,2019-05,4854089,tonnes,portwatch,2019-05-31,,2026-10-06T05:59:43+00:00,estimated,1
shipping_container_exports,tr,nation,2019-06,4469058,tonnes,portwatch,2019-06-30,,2026-09-26,estimated,0
shipping_container_exports,tr,nation,2019-06,4469095,tonnes,portwatch,2019-06-30,,2026-10-06T05:59:43+00:00,estimated,1
shipping_container_exports,tr,nation,2019-07,4829698,tonnes,portwatch,2019-07-31,,2026-09-26,estimated,0
shipping_container_exports,tr,nation,2019-07,4829699,tonnes,portwatch,2019-07-31,,2026-10-06T05:59:43+00:00,estimated,1
shipping_container_exports,tr,nation,2019-08,4367413,tonnes,portwatch,2019-08-31,,2026-09-26,estimated,0
shipping_container_exports,tr,nation,2019-08,4367498,tonnes,portwatch,2019-08-31,,2026-10-06T05:59:43+00:00,estimated,1
shipping_container_exports,tr,nation,2019-09,5126583,tonnes,portwatch,2019-09-30,,2026-09-26,estimated,0
shipping_container_exports,tr,nation,2019-09,5126650,tonnes,portwatch,2019-09-30,,2026-10-06T05:59:43+00:00,estimated,1
shipping_container_exports,tr,nation,2019-10,5104876,tonnes,portwatch,2019-10-31,,2026-09-26,estimated,0
shipping_container_exports,tr,nation,2019-10,5104968,tonnes,portwatch,2019-10-31,,2026-10-06T05:59:43+00:00,estimated,1
shipping_container_exports,tr,nation,2019-11,4946501,tonnes,portwatch,2019-11-30,,2026-09-26,estimated,0
shipping_container_exports,tr,nation,2019-11,4946652,tonnes,portwatch,2019-11-30,,2026-10-06T05:59:43+00:00,estimated,1
shipping_container_exports,tr,nation,2019-12,4791056,tonnes,portwatch,2019-12-31,,2026-09-26,estimated,0
shipping_container_exports,tr,nation,2019-12,4791404,tonnes,portwatch,2019-12-31,,2026-10-06T05:59:43+00:00,estimated,1
shipping_container_exports,tr,nation,2020-01,4854946,tonnes,portwatch,2020-01-31,,2026-09-26,estimated,0
shipping_container_exports,tr,nation,2020-01,4854854,tonnes,portwatch,2020-01-31,,2026-10-06T05:59:43+00:00,estimated,1
shipping_container_exports,tr,nation,2020-02,4533649,tonnes,portwatch,2020-02-29,,2026-09-26,estimated,0
shipping_container_exports,tr,nation,2020-02,4533703,tonnes,portwatch,2020-02-29,,2026-10-06T05:59:43+00:00,estimated,1
shipping_container_exports,tr,nation,2020-03,4696501,tonnes,portwatch,2020-03-31,,2026-09-26,estimated,0
shipping_container_exports,tr,nation,2020-03,4696553,tonnes,portwatch,2020-03-31,,2026-10-06T05:59:43+00:00,estimated,1
shipping_container_exports,tr,nation,2020-04,4219673,tonnes,portwatch,2020-04-30,,2026-09-26,estimated,0
shipping_container_exports,tr,nation,2020-04,4219755,tonnes,portwatch,2020-04-30,,2026-10-06T05:59:43+00:00,estimated,1
shipping_container_exports,tr,nation,2020-05,4108974,tonnes,portwatch,2020-05-31,,2026-09-26,estimated,0
shipping_container_exports,tr,nation,2020-05,4108941,tonnes,portwatch,2020-05-31,,2026-10-06T05:59:43+00:00,estimated,1
shipping_container_exports,tr,nation,2020-06,4145382,tonnes,portwatch,2020-06-30,,2026-09-26,estimated,0
shipping_container_exports,tr,nation,2020-06,4145520,tonnes,portwatch,2020-06-30,,2026-10-06T05:59:43+00:00,estimated,1
shipping_container_exports,tr,nation,2020-07,4619402,tonnes,portwatch,2020-07-31,,2026-09-26,estimated,0
shipping_container_exports,tr,nation,2020-07,4619659,tonnes,portwatch,2020-07-31,,2026-10-06T05:59:43+00:00,estimated,1
shipping_container_exports,tr,nation,2020-08,4875817,tonnes,portwatch,2020-08-31,,2026-09-26,estimated,0
shipping_container_exports,tr,nation,2020-08,4875994,tonnes,portwatch,2020-08-31,,2026-10-06T05:59:43+00:00,estimated,1
shipping_container_exports,tr,nation,2020-09,5173116,tonnes,portwatch,2020-09-30,,2026-09-26,estimated,0
shipping_container_exports,tr,nation,2020-09,5173473,tonnes,portwatch,2020-09-30,,2026-10-06T05:59:43+00:00,estimated,1
shipping_container_exports,tr,nation,2020-10,5688307,tonnes,portwatch,2020-10-31,,2026-09-26,estimated,0
shipping_container_exports,tr,nation,2020-10,5688680,tonnes,portwatch,2020-10-31,,2026-10-06T05:59:43+00:00,estimated,1
shipping_container_exports,tr,nation,2020-11,5577062,tonnes,portwatch,2020-11-30,,2026-09-26,estimated,0
shipping_container_exports,tr,nation,2020-11,5577114,tonnes,portwatch,2020-11-30,,2026-10-06T05:59:43+00:00,estimated,1
shipping_container_exports,tr,nation,2020-12,5423068,tonnes,portwatch,2020-12-31,,2026-09-26,estimated,0
shipping_container_exports,tr,nation,2020-12,5423170,tonnes,portwatch,2020-12-31,,2026-10-06T05:59:43+00:00,estimated,1
shipping_container_exports,tr,nation,2021-01,5077321,tonnes,portwatch,2021-01-31,,2026-09-26,estimated,0
shipping_container_exports,tr,nation,2021-01,5077400,tonnes,portwatch,2021-01-31,,2026-10-06T05:59:43+00:00,estimated,1
shipping_container_exports,tr,nation,2021-02,4840403,tonnes,portwatch,2021-02-28,,2026-09-26,estimated,0
shipping_container_exports,tr,nation,2021-02,4840586,tonnes,portwatch,2021-02-28,,2026-10-06T05:59:43+00:00,estimated,1
shipping_container_exports,tr,nation,2021-03,5385873,tonnes,portwatch,2021-03-31,,2026-09-26,estimated,0
shipping_container_exports,tr,nation,2021-03,5385990,tonnes,portwatch,2021-03-31,,2026-10-06T05:59:43+00:00,estimated,1
shipping_container_exports,tr,nation,2021-04,4990074,tonnes,portwatch,2021-04-30,,2026-09-26,estimated,0
shipping_container_exports,tr,nation,2021-04,4990146,tonnes,portwatch,2021-04-30,,2026-10-06T05:59:43+00:00,estimated,1
shipping_container_exports,tr,nation,2021-05,5173015,tonnes,portwatch,2021-05-31,,2026-09-26,estimated,0
shipping_container_exports,tr,nation,2021-05,5173171,tonnes,portwatch,2021-05-31,,2026-10-06T05:59:43+00:00,estimated,1
shipping_container_exports,tr,nation,2021-06,5367657,tonnes,portwatch,2021-06-30,,2026-09-26,estimated,0
shipping_container_exports,tr,nation,2021-06,5367847,tonnes,portwatch,2021-06-30,,2026-10-06T05:59:43+00:00,estimated,1
shipping_container_exports,tr,nation,2021-07,4895928,tonnes,portwatch,2021-07-31,,2026-09-26,estimated,0
shipping_container_exports,tr,nation,2021-07,4896116,tonnes,portwatch,2021-07-31,,2026-10-06T05:59:43+00:00,estimated,1
shipping_container_exports,tr,nation,2021-08,5409807,tonnes,portwatch,2021-08-31,,2026-09-26,estimated,0
shipping_container_exports,tr,nation,2021-08,5410040,tonnes,portwatch,2021-08-31,,2026-10-06T05:59:43+00:00,estimated,1
shipping_container_exports,tr,nation,2021-09,5333815,tonnes,portwatch,2021-09-30,,2026-09-26,estimated,0
shipping_container_exports,tr,nation,2021-09,5334001,tonnes,portwatch,2021-09-30,,2026-10-06T05:59:43+00:00,estimated,1
shipping_container_exports,tr,nation,2021-10,5880332,tonnes,portwatch,2021-10-31,,2026-09-26,estimated,0
shipping_container_exports,tr,nation,2021-10,5880535,tonnes,portwatch,2021-10-31,,2026-10-06T05:59:43+00:00,estimated,1
shipping_container_exports,tr,nation,2021-11,5542556,tonnes,portwatch,2021-11-30,,2026-09-26,estimated,0
shipping_container_exports,tr,nation,2021-11,5542850,tonnes,portwatch,2021-11-30,,2026-10-06T05:59:43+00:00,estimated,1
shipping_container_exports,tr,nation,2021-12,5377227,tonnes,portwatch,2021-12-31,,2026-09-26,estimated,0
shipping_container_exports,tr,nation,2021-12,5377530,tonnes,portwatch,2021-12-31,,2026-10-06T05:59:43+00:00,estimated,1
shipping_container_exports,tr,nation,2022-01,5440931,tonnes,portwatch,2022-01-31,,2026-09-26,estimated,0
shipping_container_exports,tr,nation,2022-01,5441114,tonnes,portwatch,2022-01-31,,2026-10-06T05:59:43+00:00,estimated,1
shipping_container_exports,tr,nation,2022-02,4947057,tonnes,portwatch,2022-02-28,,2026-09-26,estimated,0
shipping_container_exports,tr,nation,2022-02,4947464,tonnes,portwatch,2022-02-28,,2026-10-06T05:59:43+00:00,estimated,1
shipping_container_exports,tr,nation,2022-03,5259808,tonnes,portwatch,2022-03-31,,2026-09-26,estimated,0
shipping_container_exports,tr,nation,2022-03,5259847,tonnes,portwatch,2022-03-31,,2026-10-06T05:59:43+00:00,estimated,1
shipping_container_exports,tr,nation,2022-04,5139261,tonnes,portwatch,2022-04-30,,2026-09-26,estimated,0
shipping_container_exports,tr,nation,2022-04,5139391,tonnes,portwatch,2022-04-30,,2026-10-06T05:59:43+00:00,estimated,1
shipping_container_exports,tr,nation,2022-05,5325566,tonnes,portwatch,2022-05-31,,2026-09-26,estimated,0
shipping_container_exports,tr,nation,2022-05,5325781,tonnes,portwatch,2022-05-31,,2026-10-06T05:59:43+00:00,estimated,1
shipping_container_exports,tr,nation,2022-06,5337785,tonnes,portwatch,2022-06-30,,2026-09-26,estimated,0
shipping_container_exports,tr,nation,2022-06,5338083,tonnes,portwatch,2022-06-30,,2026-10-06T05:59:43+00:00,estimated,1
shipping_container_exports,tr,nation,2022-07,4829069,tonnes,portwatch,2022-07-31,,2026-09-26,estimated,0
shipping_container_exports,tr,nation,2022-07,4829189,tonnes,portwatch,2022-07-31,,2026-10-06T05:59:43+00:00,estimated,1
shipping_container_exports,tr,nation,2022-08,5208267,tonnes,portwatch,2022-08-31,,2026-09-26,estimated,0
shipping_container_exports,tr,nation,2022-08,5208475,tonnes,portwatch,2022-08-31,,2026-10-06T05:59:43+00:00,estimated,1
shipping_container_exports,tr,nation,2022-09,4803749,tonnes,portwatch,2022-09-30,,2026-09-26,estimated,0
shipping_container_exports,tr,nation,2022-09,4803806,tonnes,portwatch,2022-09-30,,2026-10-06T05:59:43+00:00,estimated,1
shipping_container_exports,tr,nation,2022-10,5111611,tonnes,portwatch,2022-10-31,,2026-09-26,estimated,0
shipping_container_exports,tr,nation,2022-10,5111717,tonnes,portwatch,2022-10-31,,2026-10-06T05:59:43+00:00,estimated,1
shipping_container_exports,tr,nation,2022-11,4895883,tonnes,portwatch,2022-11-30,,2026-09-26,estimated,0
shipping_container_exports,tr,nation,2022-11,4896016,tonnes,portwatch,2022-11-30,,2026-10-06T05:59:43+00:00,estimated,1
shipping_container_exports,tr,nation,2022-12,4915968,tonnes,portwatch,2022-12-31,,2026-09-26,estimated,0
shipping_container_exports,tr,nation,2022-12,4916021,tonnes,portwatch,2022-12-31,,2026-10-06T05:59:43+00:00,estimated,1
shipping_container_exports,tr,nation,2023-01,4875933,tonnes,portwatch,2023-01-31,,2026-09-26,estimated,0
shipping_container_exports,tr,nation,2023-01,4876013,tonnes,portwatch,2023-01-31,,2026-10-06T05:59:43+00:00,estimated,1
shipping_container_exports,tr,nation,2023-02,3939758,tonnes,portwatch,2023-02-28,,2026-09-26,estimated,0
shipping_container_exports,tr,nation,2023-02,3939809,tonnes,portwatch,2023-02-28,,2026-10-06T05:59:43+00:00,estimated,1
shipping_container_exports,tr,nation,2023-03,4852035,tonnes,portwatch,2023-03-31,,2026-09-26,estimated,0
shipping_container_exports,tr,nation,2023-03,4852071,tonnes,portwatch,2023-03-31,,2026-10-06T05:59:43+00:00,estimated,1
shipping_container_exports,tr,nation,2023-04,4722071,tonnes,portwatch,2023-04-30,,2026-09-26,estimated,0
shipping_container_exports,tr,nation,2023-04,4722289,tonnes,portwatch,2023-04-30,,2026-10-06T05:59:43+00:00,estimated,1
shipping_container_exports,tr,nation,2023-05,5346485,tonnes,portwatch,2023-05-31,,2026-09-26,estimated,0
shipping_container_exports,tr,nation,2023-05,5346762,tonnes,portwatch,2023-05-31,,2026-10-06T05:59:43+00:00,estimated,1
shipping_container_exports,tr,nation,2023-06,5314110,tonnes,portwatch,2023-06-30,,2026-09-26,estimated,0
shipping_container_exports,tr,nation,2023-06,5314061,tonnes,portwatch,2023-06-30,,2026-10-06T05:59:43+00:00,estimated,1
shipping_container_exports,tr,nation,2023-07,4974157,tonnes,portwatch,2023-07-31,,2026-09-26,estimated,0
shipping_container_exports,tr,nation,2023-07,4974184,tonnes,portwatch,2023-07-31,,2026-10-06T05:59:43+00:00,estimated,1
shipping_container_exports,tr,nation,2023-08,5553962,tonnes,portwatch,2023-08-31,,2026-09-26,estimated,0
shipping_container_exports,tr,nation,2023-08,5554106,tonnes,portwatch,2023-08-31,,2026-10-06T05:59:43+00:00,estimated,1
shipping_container_exports,tr,nation,2023-09,5260851,tonnes,portwatch,2023-09-30,,2026-09-26,estimated,0
shipping_container_exports,tr,nation,2023-09,5261121,tonnes,portwatch,2023-09-30,,2026-10-06T05:59:43+00:00,estimated,1
shipping_container_exports,tr,nation,2023-10,5417119,tonnes,portwatch,2023-10-31,,2026-09-26,estimated,0
shipping_container_exports,tr,nation,2023-10,5416849,tonnes,portwatch,2023-10-31,,2026-10-06T05:59:43+00:00,estimated,1
shipping_container_exports,tr,nation,2023-11,4849273,tonnes,portwatch,2023-11-30,,2026-09-26,estimated,0
shipping_container_exports,tr,nation,2023-11,4849291,tonnes,portwatch,2023-11-30,,2026-10-06T05:59:43+00:00,estimated,1
shipping_container_exports,tr,nation,2023-12,5328466,tonnes,portwatch,2023-12-31,,2026-09-26,estimated,0
shipping_container_exports,tr,nation,2023-12,5328550,tonnes,portwatch,2023-12-31,,2026-10-06T05:59:43+00:00,estimated,1
shipping_container_exports,tr,nation,2024-01,4962235,tonnes,portwatch,2024-01-31,,2026-09-26,estimated,0
shipping_container_exports,tr,nation,2024-01,4962602,tonnes,portwatch,2024-01-31,,2026-10-06T05:59:43+00:00,estimated,1
shipping_container_exports,tr,nation,2024-02,5188153,tonnes,portwatch,2024-02-29,,2026-09-26,estimated,0
shipping_container_exports,tr,nation,2024-02,5188184,tonnes,portwatch,2024-02-29,,2026-10-06T05:59:43+00:00,estimated,1
shipping_container_exports,tr,nation,2024-03,5197961,tonnes,portwatch,2024-03-31,,2026-09-26,estimated,0
shipping_container_exports,tr,nation,2024-03,5198191,tonnes,portwatch,2024-03-31,,2026-10-06T05:59:43+00:00,estimated,1
shipping_container_exports,tr,nation,2024-04,4857224,tonnes,portwatch,2024-04-30,,2026-09-26,estimated,0
shipping_container_exports,tr,nation,2024-04,4857471,tonnes,portwatch,2024-04-30,,2026-10-06T05:59:43+00:00,estimated,1
shipping_container_exports,tr,nation,2024-05,5136588,tonnes,portwatch,2024-05-31,,2026-09-26,estimated,0
shipping_container_exports,tr,nation,2024-05,5136909,tonnes,portwatch,2024-05-31,,2026-10-06T05:59:43+00:00,estimated,1
shipping_container_exports,tr,nation,2024-06,5260006,tonnes,portwatch,2024-06-30,,2026-09-26,estimated,0
shipping_container_exports,tr,nation,2024-06,5260324,tonnes,portwatch,2024-06-30,,2026-10-06T05:59:43+00:00,estimated,1
shipping_container_exports,tr,nation,2024-07,4990877,tonnes,portwatch,2024-07-31,,2026-09-26,estimated,0
shipping_container_exports,tr,nation,2024-07,4991063,tonnes,portwatch,2024-07-31,,2026-10-06T05:59:43+00:00,estimated,1
shipping_container_exports,tr,nation,2024-08,5366575,tonnes,portwatch,2024-08-31,,2026-09-26,estimated,0
shipping_container_exports,tr,nation,2024-08,5366701,tonnes,portwatch,2024-08-31,,2026-10-06T05:59:43+00:00,estimated,1
shipping_container_exports,tr,nation,2024-09,5015369,tonnes,portwatch,2024-09-30,,2026-09-26,estimated,0
shipping_container_exports,tr,nation,2024-09,5015562,tonnes,portwatch,2024-09-30,,2026-10-06T05:59:43+00:00,estimated,1
shipping_container_exports,tr,nation,2024-10,5071983,tonnes,portwatch,2024-10-31,,2026-09-26,estimated,0
shipping_container_exports,tr,nation,2024-10,5072205,tonnes,portwatch,2024-10-31,,2026-10-06T05:59:43+00:00,estimated,1
shipping_container_exports,tr,nation,2024-11,5017340,tonnes,portwatch,2024-11-30,,2026-09-26,estimated,0
shipping_container_exports,tr,nation,2024-11,5017615,tonnes,portwatch,2024-11-30,,2026-10-06T05:59:43+00:00,estimated,1
shipping_container_exports,tr,nation,2024-12,4797430,tonnes,portwatch,2024-12-31,,2026-09-26,estimated,0
shipping_container_exports,tr,nation,2024-12,4797517,tonnes,portwatch,2024-12-31,,2026-10-06T05:59:43+00:00,estimated,1
shipping_container_exports,tr,nation,2025-01,5123889,tonnes,portwatch,2025-01-31,,2026-09-26,estimated,0
shipping_container_exports,tr,nation,2025-01,5124117,tonnes,portwatch,2025-01-31,,2026-10-06T05:59:43+00:00,estimated,1
shipping_container_exports,tr,nation,2025-02,4453244,tonnes,portwatch,2025-02-28,,2026-09-26,estimated,0
shipping_container_exports,tr,nation,2025-02,4453618,tonnes,portwatch,2025-02-28,,2026-10-06T05:59:43+00:00,estimated,1
shipping_container_exports,tr,nation,2025-03,5063423,tonnes,portwatch,2025-03-31,,2026-09-26,estimated,0
shipping_container_exports,tr,nation,2025-03,5063777,tonnes,portwatch,2025-03-31,,2026-10-06T05:59:43+00:00,estimated,1
shipping_container_exports,tr,nation,2025-04,4558129,tonnes,portwatch,2025-04-30,,2026-09-26,estimated,0
shipping_container_exports,tr,nation,2025-04,4558382,tonnes,portwatch,2025-04-30,,2026-10-06T05:59:43+00:00,estimated,1
shipping_container_exports,tr,nation,2025-05,5497864,tonnes,portwatch,2025-05-31,,2026-09-26,estimated,0
shipping_container_exports,tr,nation,2025-05,5498127,tonnes,portwatch,2025-05-31,,2026-10-06T05:59:43+00:00,estimated,1
shipping_container_exports,tr,nation,2025-06,5168737,tonnes,portwatch,2025-06-30,,2026-09-26,estimated,0
shipping_container_exports,tr,nation,2025-06,5169025,tonnes,portwatch,2025-06-30,,2026-10-06T05:59:43+00:00,estimated,1
shipping_container_exports,tr,nation,2025-07,5355679,tonnes,portwatch,2025-07-31,,2026-09-26,estimated,0
shipping_container_exports,tr,nation,2025-07,5355643,tonnes,portwatch,2025-07-31,,2026-10-06T05:59:43+00:00,estimated,1
shipping_container_exports,tr,nation,2025-08,5645251,tonnes,portwatch,2025-08-31,,2026-09-26,estimated,0
shipping_container_exports,tr,nation,2025-08,5645302,tonnes,portwatch,2025-08-31,,2026-10-06T05:59:43+00:00,estimated,1
shipping_container_exports,tr,nation,2025-09,5388703,tonnes,portwatch,2025-09-30,,2026-09-26,estimated,0
shipping_container_exports,tr,nation,2025-09,5388881,tonnes,portwatch,2025-09-30,,2026-10-06T05:59:43+00:00,estimated,1
shipping_container_exports,tr,nation,2025-10,5548821,tonnes,portwatch,2025-10-31,,2026-09-26,estimated,0
shipping_container_exports,tr,nation,2025-10,5549019,tonnes,portwatch,2025-10-31,,2026-10-06T05:59:43+00:00,estimated,1
shipping_container_exports,tr,nation,2025-11,5463798,tonnes,portwatch,2025-11-30,,2026-09-26,estimated,0
shipping_container_exports,tr,nation,2025-11,5463769,tonnes,portwatch,2025-11-30,,2026-10-06T05:59:43+00:00,estimated,1
shipping_container_exports,tr,nation,2025-12,5293315,tonnes,portwatch,2025-12-31,,2026-09-26,estimated,0
shipping_container_exports,tr,nation,2025-12,5293004,tonnes,portwatch,2025-12-31,,2026-10-06T05:59:43+00:00,estimated,1
shipping_container_exports,tr,nation,2026-01,5010986,tonnes,portwatch,2026-01-31,,2026-09-26,estimated,0
shipping_container_exports,tr,nation,2026-01,5010972,tonnes,portwatch,2026-01-31,,2026-10-06T05:59:43+00:00,estimated,1
shipping_container_exports,tr,nation,2026-02,5245779,tonnes,portwatch,2026-02-28,,2026-09-26,estimated,0
shipping_container_exports,tr,nation,2026-02,5245817,tonnes,portwatch,2026-02-28,,2026-10-06T05:59:43+00:00,estimated,1
shipping_container_exports,tr,nation,2026-03,4716770,tonnes,portwatch,2026-03-31,,2026-09-26,estimated,0
shipping_container_exports,tr,nation,2026-03,4716383,tonnes,portwatch,2026-03-31,,2026-10-06T05:59:43+00:00,estimated,1
shipping_container_exports,tr,nation,2026-04,5163625,tonnes,portwatch,2026-04-30,,2026-09-26,estimated,0
shipping_container_exports,tr,nation,2026-04,5163492,tonnes,portwatch,2026-04-30,,2026-10-06T05:59:43+00:00,estimated,1
shipping_container_exports,tr,nation,2026-05,5629668,tonnes,portwatch,2026-05-31,,2026-09-26,estimated,0
shipping_container_exports,tr,nation,2026-05,5628309,tonnes,portwatch,2026-05-31,,2026-10-06T05:59:43+00:00,estimated,1
shipping_container_exports,tr,nation,2026-06,5483707,tonnes,portwatch,2026-06-30,,2026-09-26,estimated,0
shipping_container_exports,tr,nation,2026-06,5481894,tonnes,portwatch,2026-06-30,,2026-10-06T05:59:43+00:00,estimated,1
shipping_container_exports,tr,nation,2026-07,5962597,tonnes,portwatch,2026-07-31,,2026-09-26,estimated,0
shipping_container_exports,tr,nation,2026-07,5962974,tonnes,portwatch,2026-07-31,,2026-10-06T05:59:43+00:00,estimated,1
shipping_container_exports,tr,nation,2026-08,5653741,tonnes,portwatch,2026-08-31,,2026-09-26,estimated,0
shipping_container_exports,tr,nation,2026-08,5655297,tonnes,portwatch,2026-08-31,,2026-10-06T05:59:43+00:00,estimated,1
shipping_container_exports,us,nation,2019-01,11689031,tonnes,portwatch,2019-01-31,,2026-09-26,estimated,0
shipping_container_exports,us,nation,2019-01,11689211,tonnes,portwatch,2019-01-31,,2026-10-06T05:59:45+00:00,estimated,1
shipping_container_exports,us,nation,2019-02,10882066,tonnes,portwatch,2019-02-28,,2026-09-26,estimated,0
shipping_container_exports,us,nation,2019-02,10881959,tonnes,portwatch,2019-02-28,,2026-10-06T05:59:45+00:00,estimated,1
shipping_container_exports,us,nation,2019-03,13538431,tonnes,portwatch,2019-03-31,,2026-09-26,estimated,0
shipping_container_exports,us,nation,2019-03,13538646,tonnes,portwatch,2019-03-31,,2026-10-06T05:59:45+00:00,estimated,1
shipping_container_exports,us,nation,2019-04,12592579,tonnes,portwatch,2019-04-30,,2026-09-26,estimated,0
shipping_container_exports,us,nation,2019-04,12593027,tonnes,portwatch,2019-04-30,,2026-10-06T05:59:45+00:00,estimated,1
shipping_container_exports,us,nation,2019-05,12730355,tonnes,portwatch,2019-05-31,,2026-09-26,estimated,0
shipping_container_exports,us,nation,2019-05,12730426,tonnes,portwatch,2019-05-31,,2026-10-06T05:59:45+00:00,estimated,1
shipping_container_exports,us,nation,2019-06,12061197,tonnes,portwatch,2019-06-30,,2026-09-26,estimated,0
shipping_container_exports,us,nation,2019-06,12061451,tonnes,portwatch,2019-06-30,,2026-10-06T05:59:45+00:00,estimated,1
shipping_container_exports,us,nation,2019-07,12014232,tonnes,portwatch,2019-07-31,,2026-09-26,estimated,0
shipping_container_exports,us,nation,2019-07,12014722,tonnes,portwatch,2019-07-31,,2026-10-06T05:59:45+00:00,estimated,1
shipping_container_exports,us,nation,2019-08,12477695,tonnes,portwatch,2019-08-31,,2026-09-26,estimated,0
shipping_container_exports,us,nation,2019-08,12478077,tonnes,portwatch,2019-08-31,,2026-10-06T05:59:45+00:00,estimated,1
shipping_container_exports,us,nation,2019-09,11480439,tonnes,portwatch,2019-09-30,,2026-09-26,estimated,0
shipping_container_exports,us,nation,2019-09,11480984,tonnes,portwatch,2019-09-30,,2026-10-06T05:59:45+00:00,estimated,1
shipping_container_exports,us,nation,2019-10,12851475,tonnes,portwatch,2019-10-31,,2026-09-26,estimated,0
shipping_container_exports,us,nation,2019-10,12851907,tonnes,portwatch,2019-10-31,,2026-10-06T05:59:45+00:00,estimated,1
shipping_container_exports,us,nation,2019-11,11975822,tonnes,portwatch,2019-11-30,,2026-09-26,estimated,0
shipping_container_exports,us,nation,2019-11,11976025,tonnes,portwatch,2019-11-30,,2026-10-06T05:59:45+00:00,estimated,1
shipping_container_exports,us,nation,2019-12,11847593,tonnes,portwatch,2019-12-31,,2026-09-26,estimated,0
shipping_container_exports,us,nation,2019-12,11849087,tonnes,portwatch,2019-12-31,,2026-10-06T05:59:45+00:00,estimated,1
shipping_container_exports,us,nation,2020-01,12085015,tonnes,portwatch,2020-01-31,,2026-09-26,estimated,0
shipping_container_exports,us,nation,2020-01,12085647,tonnes,portwatch,2020-01-31,,2026-10-06T05:59:45+00:00,estimated,1
shipping_container_exports,us,nation,2020-02,12047562,tonnes,portwatch,2020-02-29,,2026-09-26,estimated,0
shipping_container_exports,us,nation,2020-02,12047573,tonnes,portwatch,2020-02-29,,2026-10-06T05:59:45+00:00,estimated,1
shipping_container_exports,us,nation,2020-03,12999110,tonnes,portwatch,2020-03-31,,2026-09-26,estimated,0
shipping_container_exports,us,nation,2020-03,12999108,tonnes,portwatch,2020-03-31,,2026-10-06T05:59:45+00:00,estimated,1
shipping_container_exports,us,nation,2020-04,10790673,tonnes,portwatch,2020-04-30,,2026-09-26,estimated,0
shipping_container_exports,us,nation,2020-04,10790793,tonnes,portwatch,2020-04-30,,2026-10-06T05:59:45+00:00,estimated,1
shipping_container_exports,us,nation,2020-05,10736322,tonnes,portwatch,2020-05-31,,2026-09-26,estimated,0
shipping_container_exports,us,nation,2020-05,10736435,tonnes,portwatch,2020-05-31,,2026-10-06T05:59:45+00:00,estimated,1
shipping_container_exports,us,nation,2020-06,10637990,tonnes,portwatch,2020-06-30,,2026-09-26,estimated,0
shipping_container_exports,us,nation,2020-06,10638066,tonnes,portwatch,2020-06-30,,2026-10-06T05:59:45+00:00,estimated,1
shipping_container_exports,us,nation,2020-07,11002704,tonnes,portwatch,2020-07-31,,2026-09-26,estimated,0
shipping_container_exports,us,nation,2020-07,11003073,tonnes,portwatch,2020-07-31,,2026-10-06T05:59:45+00:00,estimated,1
shipping_container_exports,us,nation,2020-08,11110058,tonnes,portwatch,2020-08-31,,2026-09-26,estimated,0
shipping_container_exports,us,nation,2020-08,11110347,tonnes,portwatch,2020-08-31,,2026-10-06T05:59:45+00:00,estimated,1
shipping_container_exports,us,nation,2020-09,10947844,tonnes,portwatch,2020-09-30,,2026-09-26,estimated,0
shipping_container_exports,us,nation,2020-09,10948071,tonnes,portwatch,2020-09-30,,2026-10-06T05:59:45+00:00,estimated,1
shipping_container_exports,us,nation,2020-10,11821735,tonnes,portwatch,2020-10-31,,2026-09-26,estimated,0
shipping_container_exports,us,nation,2020-10,11821926,tonnes,portwatch,2020-10-31,,2026-10-06T05:59:45+00:00,estimated,1
shipping_container_exports,us,nation,2020-11,11698814,tonnes,portwatch,2020-11-30,,2026-09-26,estimated,0
shipping_container_exports,us,nation,2020-11,11699032,tonnes,portwatch,2020-11-30,,2026-10-06T05:59:45+00:00,estimated,1
shipping_container_exports,us,nation,2020-12,11317676,tonnes,portwatch,2020-12-31,,2026-09-26,estimated,0
shipping_container_exports,us,nation,2020-12,11317785,tonnes,portwatch,2020-12-31,,2026-10-06T05:59:45+00:00,estimated,1
shipping_container_exports,us,nation,2021-01,11078410,tonnes,portwatch,2021-01-31,,2026-09-26,estimated,0
shipping_container_exports,us,nation,2021-01,11078627,tonnes,portwatch,2021-01-31,,2026-10-06T05:59:45+00:00,estimated,1
shipping_container_exports,us,nation,2021-02,10479794,tonnes,portwatch,2021-02-28,,2026-09-26,estimated,0
shipping_container_exports,us,nation,2021-02,10479996,tonnes,portwatch,2021-02-28,,2026-10-06T05:59:45+00:00,estimated,1
shipping_container_exports,us,nation,2021-03,12683579,tonnes,portwatch,2021-03-31,,2026-09-26,estimated,0
shipping_container_exports,us,nation,2021-03,12683914,tonnes,portwatch,2021-03-31,,2026-10-06T05:59:45+00:00,estimated,1
shipping_container_exports,us,nation,2021-04,11745225,tonnes,portwatch,2021-04-30,,2026-09-26,estimated,0
shipping_container_exports,us,nation,2021-04,11745861,tonnes,portwatch,2021-04-30,,2026-10-06T05:59:45+00:00,estimated,1
shipping_container_exports,us,nation,2021-05,12148138,tonnes,portwatch,2021-05-31,,2026-09-26,estimated,0
shipping_container_exports,us,nation,2021-05,12148370,tonnes,portwatch,2021-05-31,,2026-10-06T05:59:45+00:00,estimated,1
shipping_container_exports,us,nation,2021-06,10573664,tonnes,portwatch,2021-06-30,,2026-09-26,estimated,0
shipping_container_exports,us,nation,2021-06,10573859,tonnes,portwatch,2021-06-30,,2026-10-06T05:59:45+00:00,estimated,1
shipping_container_exports,us,nation,2021-07,10215449,tonnes,portwatch,2021-07-31,,2026-09-26,estimated,0
shipping_container_exports,us,nation,2021-07,10215698,tonnes,portwatch,2021-07-31,,2026-10-06T05:59:45+00:00,estimated,1
shipping_container_exports,us,nation,2021-08,10626937,tonnes,portwatch,2021-08-31,,2026-09-26,estimated,0
shipping_container_exports,us,nation,2021-08,10627435,tonnes,portwatch,2021-08-31,,2026-10-06T05:59:45+00:00,estimated,1
shipping_container_exports,us,nation,2021-09,9882339,tonnes,portwatch,2021-09-30,,2026-09-26,estimated,0
shipping_container_exports,us,nation,2021-09,9882894,tonnes,portwatch,2021-09-30,,2026-10-06T05:59:45+00:00,estimated,1
shipping_container_exports,us,nation,2021-10,10929196,tonnes,portwatch,2021-10-31,,2026-09-26,estimated,0
shipping_container_exports,us,nation,2021-10,10930035,tonnes,portwatch,2021-10-31,,2026-10-06T05:59:45+00:00,estimated,1
shipping_container_exports,us,nation,2021-11,10317148,tonnes,portwatch,2021-11-30,,2026-09-26,estimated,0
shipping_container_exports,us,nation,2021-11,10317281,tonnes,portwatch,2021-11-30,,2026-10-06T05:59:45+00:00,estimated,1
shipping_container_exports,us,nation,2021-12,9426365,tonnes,portwatch,2021-12-31,,2026-09-26,estimated,0
shipping_container_exports,us,nation,2021-12,9426494,tonnes,portwatch,2021-12-31,,2026-10-06T05:59:45+00:00,estimated,1
shipping_container_exports,us,nation,2022-01,9514858,tonnes,portwatch,2022-01-31,,2026-09-26,estimated,0
shipping_container_exports,us,nation,2022-01,9514805,tonnes,portwatch,2022-01-31,,2026-10-06T05:59:45+00:00,estimated,1
shipping_container_exports,us,nation,2022-02,9802601,tonnes,portwatch,2022-02-28,,2026-09-26,estimated,0
shipping_container_exports,us,nation,2022-02,9802615,tonnes,portwatch,2022-02-28,,2026-10-06T05:59:45+00:00,estimated,1
shipping_container_exports,us,nation,2022-03,11102754,tonnes,portwatch,2022-03-31,,2026-09-26,estimated,0
shipping_container_exports,us,nation,2022-03,11102654,tonnes,portwatch,2022-03-31,,2026-10-06T05:59:45+00:00,estimated,1
shipping_container_exports,us,nation,2022-04,11004873,tonnes,portwatch,2022-04-30,,2026-09-26,estimated,0
shipping_container_exports,us,nation,2022-04,11004882,tonnes,portwatch,2022-04-30,,2026-10-06T05:59:45+00:00,estimated,1
shipping_container_exports,us,nation,2022-05,11172249,tonnes,portwatch,2022-05-31,,2026-09-26,estimated,0
shipping_container_exports,us,nation,2022-05,11172484,tonnes,portwatch,2022-05-31,,2026-10-06T05:59:45+00:00,estimated,1
shipping_container_exports,us,nation,2022-06,10409383,tonnes,portwatch,2022-06-30,,2026-09-26,estimated,0
shipping_container_exports,us,nation,2022-06,10409591,tonnes,portwatch,2022-06-30,,2026-10-06T05:59:45+00:00,estimated,1
shipping_container_exports,us,nation,2022-07,9934582,tonnes,portwatch,2022-07-31,,2026-09-26,estimated,0
shipping_container_exports,us,nation,2022-07,9934801,tonnes,portwatch,2022-07-31,,2026-10-06T05:59:45+00:00,estimated,1
shipping_container_exports,us,nation,2022-08,10859816,tonnes,portwatch,2022-08-31,,2026-09-26,estimated,0
shipping_container_exports,us,nation,2022-08,10859939,tonnes,portwatch,2022-08-31,,2026-10-06T05:59:45+00:00,estimated,1
shipping_container_exports,us,nation,2022-09,9700061,tonnes,portwatch,2022-09-30,,2026-09-26,estimated,0
shipping_container_exports,us,nation,2022-09,9700090,tonnes,portwatch,2022-09-30,,2026-10-06T05:59:45+00:00,estimated,1
shipping_container_exports,us,nation,2022-10,10735972,tonnes,portwatch,2022-10-31,,2026-09-26,estimated,0
shipping_container_exports,us,nation,2022-10,10735819,tonnes,portwatch,2022-10-31,,2026-10-06T05:59:45+00:00,estimated,1
shipping_container_exports,us,nation,2022-11,10681221,tonnes,portwatch,2022-11-30,,2026-09-26,estimated,0
shipping_container_exports,us,nation,2022-11,10681348,tonnes,portwatch,2022-11-30,,2026-10-06T05:59:45+00:00,estimated,1
shipping_container_exports,us,nation,2022-12,10412885,tonnes,portwatch,2022-12-31,,2026-09-26,estimated,0
shipping_container_exports,us,nation,2022-12,10412677,tonnes,portwatch,2022-12-31,,2026-10-06T05:59:45+00:00,estimated,1
shipping_container_exports,us,nation,2023-01,10447967,tonnes,portwatch,2023-01-31,,2026-09-26,estimated,0
shipping_container_exports,us,nation,2023-01,10447962,tonnes,portwatch,2023-01-31,,2026-10-06T05:59:45+00:00,estimated,1
shipping_container_exports,us,nation,2023-02,10404468,tonnes,portwatch,2023-02-28,,2026-09-26,estimated,0
shipping_container_exports,us,nation,2023-02,10403956,tonnes,portwatch,2023-02-28,,2026-10-06T05:59:45+00:00,estimated,1
shipping_container_exports,us,nation,2023-03,11353868,tonnes,portwatch,2023-03-31,,2026-09-26,estimated,0
shipping_container_exports,us,nation,2023-03,11353550,tonnes,portwatch,2023-03-31,,2026-10-06T05:59:45+00:00,estimated,1
shipping_container_exports,us,nation,2023-04,10777572,tonnes,portwatch,2023-04-30,,2026-09-26,estimated,0
shipping_container_exports,us,nation,2023-04,10777448,tonnes,portwatch,2023-04-30,,2026-10-06T05:59:45+00:00,estimated,1
shipping_container_exports,us,nation,2023-05,11006001,tonnes,portwatch,2023-05-31,,2026-09-26,estimated,0
shipping_container_exports,us,nation,2023-05,11006108,tonnes,portwatch,2023-05-31,,2026-10-06T05:59:45+00:00,estimated,1
shipping_container_exports,us,nation,2023-06,10073821,tonnes,portwatch,2023-06-30,,2026-09-26,estimated,0
shipping_container_exports,us,nation,2023-06,10073490,tonnes,portwatch,2023-06-30,,2026-10-06T05:59:45+00:00,estimated,1
shipping_container_exports,us,nation,2023-07,10220796,tonnes,portwatch,2023-07-31,,2026-09-26,estimated,0
shipping_container_exports,us,nation,2023-07,10220643,tonnes,portwatch,2023-07-31,,2026-10-06T05:59:45+00:00,estimated,1
shipping_container_exports,us,nation,2023-08,10478836,tonnes,portwatch,2023-08-31,,2026-09-26,estimated,0
shipping_container_exports,us,nation,2023-08,10478668,tonnes,portwatch,2023-08-31,,2026-10-06T05:59:45+00:00,estimated,1
shipping_container_exports,us,nation,2023-09,10861183,tonnes,portwatch,2023-09-30,,2026-09-26,estimated,0
shipping_container_exports,us,nation,2023-09,10861015,tonnes,portwatch,2023-09-30,,2026-10-06T05:59:45+00:00,estimated,1
shipping_container_exports,us,nation,2023-10,11136269,tonnes,portwatch,2023-10-31,,2026-09-26,estimated,0
shipping_container_exports,us,nation,2023-10,11136281,tonnes,portwatch,2023-10-31,,2026-10-06T05:59:45+00:00,estimated,1
shipping_container_exports,us,nation,2023-11,10922489,tonnes,portwatch,2023-11-30,,2026-09-26,estimated,0
shipping_container_exports,us,nation,2023-11,10922178,tonnes,portwatch,2023-11-30,,2026-10-06T05:59:45+00:00,estimated,1
shipping_container_exports,us,nation,2023-12,11171297,tonnes,portwatch,2023-12-31,,2026-09-26,estimated,0
shipping_container_exports,us,nation,2023-12,11171370,tonnes,portwatch,2023-12-31,,2026-10-06T05:59:45+00:00,estimated,1
shipping_container_exports,us,nation,2024-01,10669448,tonnes,portwatch,2024-01-31,,2026-09-26,estimated,0
shipping_container_exports,us,nation,2024-01,10669624,tonnes,portwatch,2024-01-31,,2026-10-06T05:59:45+00:00,estimated,1
shipping_container_exports,us,nation,2024-02,11465542,tonnes,portwatch,2024-02-29,,2026-09-26,estimated,0
shipping_container_exports,us,nation,2024-02,11465563,tonnes,portwatch,2024-02-29,,2026-10-06T05:59:45+00:00,estimated,1
shipping_container_exports,us,nation,2024-03,12198490,tonnes,portwatch,2024-03-31,,2026-09-26,estimated,0
shipping_container_exports,us,nation,2024-03,12198438,tonnes,portwatch,2024-03-31,,2026-10-06T05:59:45+00:00,estimated,1
shipping_container_exports,us,nation,2024-04,11570569,tonnes,portwatch,2024-04-30,,2026-09-26,estimated,0
shipping_container_exports,us,nation,2024-04,11570391,tonnes,portwatch,2024-04-30,,2026-10-06T05:59:45+00:00,estimated,1
shipping_container_exports,us,nation,2024-05,11433608,tonnes,portwatch,2024-05-31,,2026-09-26,estimated,0
shipping_container_exports,us,nation,2024-05,11433292,tonnes,portwatch,2024-05-31,,2026-10-06T05:59:45+00:00,estimated,1
shipping_container_exports,us,nation,2024-06,11177307,tonnes,portwatch,2024-06-30,,2026-09-26,estimated,0
shipping_container_exports,us,nation,2024-06,11177139,tonnes,portwatch,2024-06-30,,2026-10-06T05:59:45+00:00,estimated,1
shipping_container_exports,us,nation,2024-07,10450496,tonnes,portwatch,2024-07-31,,2026-09-26,estimated,0
shipping_container_exports,us,nation,2024-07,10450211,tonnes,portwatch,2024-07-31,,2026-10-06T05:59:45+00:00,estimated,1
shipping_container_exports,us,nation,2024-08,11266383,tonnes,portwatch,2024-08-31,,2026-09-26,estimated,0
shipping_container_exports,us,nation,2024-08,11266069,tonnes,portwatch,2024-08-31,,2026-10-06T05:59:45+00:00,estimated,1
shipping_container_exports,us,nation,2024-09,10739094,tonnes,portwatch,2024-09-30,,2026-09-26,estimated,0
shipping_container_exports,us,nation,2024-09,10739063,tonnes,portwatch,2024-09-30,,2026-10-06T05:59:45+00:00,estimated,1
shipping_container_exports,us,nation,2024-10,9801897,tonnes,portwatch,2024-10-31,,2026-09-26,estimated,0
shipping_container_exports,us,nation,2024-10,9801783,tonnes,portwatch,2024-10-31,,2026-10-06T05:59:45+00:00,estimated,1
shipping_container_exports,us,nation,2024-11,11824909,tonnes,portwatch,2024-11-30,,2026-09-26,estimated,0
shipping_container_exports,us,nation,2024-11,11824714,tonnes,portwatch,2024-11-30,,2026-10-06T05:59:45+00:00,estimated,1
shipping_container_exports,us,nation,2024-12,10975781,tonnes,portwatch,2024-12-31,,2026-09-26,estimated,0
shipping_container_exports,us,nation,2024-12,10975677,tonnes,portwatch,2024-12-31,,2026-10-06T05:59:45+00:00,estimated,1
shipping_container_exports,us,nation,2025-01,10131567,tonnes,portwatch,2025-01-31,,2026-09-26,estimated,0
shipping_container_exports,us,nation,2025-01,10131434,tonnes,portwatch,2025-01-31,,2026-10-06T05:59:45+00:00,estimated,1
shipping_container_exports,us,nation,2025-02,10634234,tonnes,portwatch,2025-02-28,,2026-09-26,estimated,0
shipping_container_exports,us,nation,2025-02,10634112,tonnes,portwatch,2025-02-28,,2026-10-06T05:59:45+00:00,estimated,1
shipping_container_exports,us,nation,2025-03,12482587,tonnes,portwatch,2025-03-31,,2026-09-26,estimated,0
shipping_container_exports,us,nation,2025-03,12482390,tonnes,portwatch,2025-03-31,,2026-10-06T05:59:45+00:00,estimated,1
shipping_container_exports,us,nation,2025-04,11382661,tonnes,portwatch,2025-04-30,,2026-09-26,estimated,0
shipping_container_exports,us,nation,2025-04,11381996,tonnes,portwatch,2025-04-30,,2026-10-06T05:59:45+00:00,estimated,1
shipping_container_exports,us,nation,2025-05,11196131,tonnes,portwatch,2025-05-31,,2026-09-26,estimated,0
shipping_container_exports,us,nation,2025-05,11195888,tonnes,portwatch,2025-05-31,,2026-10-06T05:59:45+00:00,estimated,1
shipping_container_exports,us,nation,2025-06,10850712,tonnes,portwatch,2025-06-30,,2026-09-26,estimated,0
shipping_container_exports,us,nation,2025-06,10850459,tonnes,portwatch,2025-06-30,,2026-10-06T05:59:45+00:00,estimated,1
shipping_container_exports,us,nation,2025-07,10757747,tonnes,portwatch,2025-07-31,,2026-09-26,estimated,0
shipping_container_exports,us,nation,2025-07,10757631,tonnes,portwatch,2025-07-31,,2026-10-06T05:59:45+00:00,estimated,1
shipping_container_exports,us,nation,2025-08,11182063,tonnes,portwatch,2025-08-31,,2026-09-26,estimated,0
shipping_container_exports,us,nation,2025-08,11182046,tonnes,portwatch,2025-08-31,,2026-10-06T05:59:45+00:00,estimated,1
shipping_container_exports,us,nation,2025-09,10886580,tonnes,portwatch,2025-09-30,,2026-09-26,estimated,0
shipping_container_exports,us,nation,2025-09,10886256,tonnes,portwatch,2025-09-30,,2026-10-06T05:59:45+00:00,estimated,1
shipping_container_exports,us,nation,2025-10,11499123,tonnes,portwatch,2025-10-31,,2026-09-26,estimated,0
shipping_container_exports,us,nation,2025-10,11499437,tonnes,portwatch,2025-10-31,,2026-10-06T05:59:45+00:00,estimated,1
shipping_container_exports,us,nation,2025-11,11464760,tonnes,portwatch,2025-11-30,,2026-09-26,estimated,0
shipping_container_exports,us,nation,2025-11,11464715,tonnes,portwatch,2025-11-30,,2026-10-06T05:59:45+00:00,estimated,1
shipping_container_exports,us,nation,2025-12,10822504,tonnes,portwatch,2025-12-31,,2026-09-26,estimated,0
shipping_container_exports,us,nation,2025-12,10822287,tonnes,portwatch,2025-12-31,,2026-10-06T05:59:45+00:00,estimated,1
shipping_container_exports,us,nation,2026-01,10544336,tonnes,portwatch,2026-01-31,,2026-09-26,estimated,0
shipping_container_exports,us,nation,2026-01,10544328,tonnes,portwatch,2026-01-31,,2026-10-06T05:59:45+00:00,estimated,1
shipping_container_exports,us,nation,2026-02,10657693,tonnes,portwatch,2026-02-28,,2026-09-26,estimated,0
shipping_container_exports,us,nation,2026-02,10657128,tonnes,portwatch,2026-02-28,,2026-10-06T05:59:45+00:00,estimated,1
shipping_container_exports,us,nation,2026-03,12626918,tonnes,portwatch,2026-03-31,,2026-09-26,estimated,0
shipping_container_exports,us,nation,2026-03,12626820,tonnes,portwatch,2026-03-31,,2026-10-06T05:59:45+00:00,estimated,1
shipping_container_exports,us,nation,2026-04,11608685,tonnes,portwatch,2026-04-30,,2026-09-26,estimated,0
shipping_container_exports,us,nation,2026-04,11607738,tonnes,portwatch,2026-04-30,,2026-10-06T05:59:45+00:00,estimated,1
shipping_container_exports,us,nation,2026-05,11409525,tonnes,portwatch,2026-05-31,,2026-09-26,estimated,0
shipping_container_exports,us,nation,2026-05,11409300,tonnes,portwatch,2026-05-31,,2026-10-06T05:59:45+00:00,estimated,1
shipping_container_exports,us,nation,2026-06,10891838,tonnes,portwatch,2026-06-30,,2026-09-26,estimated,0
shipping_container_exports,us,nation,2026-06,10891634,tonnes,portwatch,2026-06-30,,2026-10-06T05:59:45+00:00,estimated,1
shipping_container_exports,us,nation,2026-07,10578899,tonnes,portwatch,2026-07-31,,2026-09-26,estimated,0
shipping_container_exports,us,nation,2026-07,10578799,tonnes,portwatch,2026-07-31,,2026-10-06T05:59:45+00:00,estimated,1
shipping_container_exports,us,nation,2026-08,10738298,tonnes,portwatch,2026-08-31,,2026-09-26,estimated,0
shipping_container_exports,us,nation,2026-08,10738200,tonnes,portwatch,2026-08-31,,2026-10-06T05:59:45+00:00,estimated,1
shipping_container_exports,za,nation,2019-01,1518400,tonnes,portwatch,2019-01-31,,2026-09-26,estimated,0
shipping_container_exports,za,nation,2019-01,1518495,tonnes,portwatch,2019-01-31,,2026-10-06T05:59:41+00:00,estimated,1
shipping_container_exports,za,nation,2019-02,1653828,tonnes,portwatch,2019-02-28,,2026-09-26,estimated,0
shipping_container_exports,za,nation,2019-02,1653855,tonnes,portwatch,2019-02-28,,2026-10-06T05:59:41+00:00,estimated,1
shipping_container_exports,za,nation,2019-03,1669592,tonnes,portwatch,2019-03-31,,2026-09-26,estimated,0
shipping_container_exports,za,nation,2019-03,1669647,tonnes,portwatch,2019-03-31,,2026-10-06T05:59:41+00:00,estimated,1
shipping_container_exports,za,nation,2019-04,1781816,tonnes,portwatch,2019-04-30,,2026-09-26,estimated,0
shipping_container_exports,za,nation,2019-04,1781851,tonnes,portwatch,2019-04-30,,2026-10-06T05:59:41+00:00,estimated,1
shipping_container_exports,za,nation,2019-05,1834653,tonnes,portwatch,2019-05-31,,2026-09-26,estimated,0
shipping_container_exports,za,nation,2019-05,1834696,tonnes,portwatch,2019-05-31,,2026-10-06T05:59:41+00:00,estimated,1
shipping_container_exports,za,nation,2019-06,1941704,tonnes,portwatch,2019-06-30,,2026-09-26,estimated,0
shipping_container_exports,za,nation,2019-06,1941725,tonnes,portwatch,2019-06-30,,2026-10-06T05:59:41+00:00,estimated,1
shipping_container_exports,za,nation,2019-07,2007548,tonnes,portwatch,2019-07-31,,2026-09-26,estimated,0
shipping_container_exports,za,nation,2019-07,2007607,tonnes,portwatch,2019-07-31,,2026-10-06T05:59:41+00:00,estimated,1
shipping_container_exports,za,nation,2019-08,2004642,tonnes,portwatch,2019-08-31,,2026-09-26,estimated,0
shipping_container_exports,za,nation,2019-08,2004710,tonnes,portwatch,2019-08-31,,2026-10-06T05:59:41+00:00,estimated,1
shipping_container_exports,za,nation,2019-09,1965182,tonnes,portwatch,2019-09-30,,2026-09-26,estimated,0
shipping_container_exports,za,nation,2019-09,1965217,tonnes,portwatch,2019-09-30,,2026-10-06T05:59:41+00:00,estimated,1
shipping_container_exports,za,nation,2019-10,1623396,tonnes,portwatch,2019-10-31,,2026-09-26,estimated,0
shipping_container_exports,za,nation,2019-10,1623430,tonnes,portwatch,2019-10-31,,2026-10-06T05:59:41+00:00,estimated,1
shipping_container_exports,za,nation,2019-11,1788069,tonnes,portwatch,2019-11-30,,2026-09-26,estimated,0
shipping_container_exports,za,nation,2019-11,1788136,tonnes,portwatch,2019-11-30,,2026-10-06T05:59:41+00:00,estimated,1
shipping_container_exports,za,nation,2019-12,1731786,tonnes,portwatch,2019-12-31,,2026-09-26,estimated,0
shipping_container_exports,za,nation,2019-12,1731997,tonnes,portwatch,2019-12-31,,2026-10-06T05:59:41+00:00,estimated,1
shipping_container_exports,za,nation,2020-01,1724927,tonnes,portwatch,2020-01-31,,2026-09-26,estimated,0
shipping_container_exports,za,nation,2020-01,1725015,tonnes,portwatch,2020-01-31,,2026-10-06T05:59:41+00:00,estimated,1
shipping_container_exports,za,nation,2020-02,1938458,tonnes,portwatch,2020-02-29,,2026-09-26,estimated,0
shipping_container_exports,za,nation,2020-02,1938520,tonnes,portwatch,2020-02-29,,2026-10-06T05:59:41+00:00,estimated,1
shipping_container_exports,za,nation,2020-03,1616298,tonnes,portwatch,2020-03-31,,2026-09-26,estimated,0
shipping_container_exports,za,nation,2020-03,1616334,tonnes,portwatch,2020-03-31,,2026-10-06T05:59:41+00:00,estimated,1
shipping_container_exports,za,nation,2020-04,1164332,tonnes,portwatch,2020-04-30,,2026-09-26,estimated,0
shipping_container_exports,za,nation,2020-04,1164360,tonnes,portwatch,2020-04-30,,2026-10-06T05:59:41+00:00,estimated,1
shipping_container_exports,za,nation,2020-05,1614852,tonnes,portwatch,2020-05-31,,2026-09-26,estimated,0
shipping_container_exports,za,nation,2020-05,1614912,tonnes,portwatch,2020-05-31,,2026-10-06T05:59:41+00:00,estimated,1
shipping_container_exports,za,nation,2020-06,1879752,tonnes,portwatch,2020-06-30,,2026-09-26,estimated,0
shipping_container_exports,za,nation,2020-06,1879767,tonnes,portwatch,2020-06-30,,2026-10-06T05:59:41+00:00,estimated,1
shipping_container_exports,za,nation,2020-07,1759019,tonnes,portwatch,2020-07-31,,2026-09-26,estimated,0
shipping_container_exports,za,nation,2020-07,1759049,tonnes,portwatch,2020-07-31,,2026-10-06T05:59:41+00:00,estimated,1
shipping_container_exports,za,nation,2020-08,2065914,tonnes,portwatch,2020-08-31,,2026-09-26,estimated,0
shipping_container_exports,za,nation,2020-08,2065948,tonnes,portwatch,2020-08-31,,2026-10-06T05:59:41+00:00,estimated,1
shipping_container_exports,za,nation,2020-09,1792944,tonnes,portwatch,2020-09-30,,2026-09-26,estimated,0
shipping_container_exports,za,nation,2020-09,1792970,tonnes,portwatch,2020-09-30,,2026-10-06T05:59:41+00:00,estimated,1
shipping_container_exports,za,nation,2020-10,1424799,tonnes,portwatch,2020-10-31,,2026-09-26,estimated,0
shipping_container_exports,za,nation,2020-10,1424831,tonnes,portwatch,2020-10-31,,2026-10-06T05:59:41+00:00,estimated,1
shipping_container_exports,za,nation,2020-11,1634123,tonnes,portwatch,2020-11-30,,2026-09-26,estimated,0
shipping_container_exports,za,nation,2020-11,1634167,tonnes,portwatch,2020-11-30,,2026-10-06T05:59:41+00:00,estimated,1
shipping_container_exports,za,nation,2020-12,1633402,tonnes,portwatch,2020-12-31,,2026-09-26,estimated,0
shipping_container_exports,za,nation,2020-12,1633445,tonnes,portwatch,2020-12-31,,2026-10-06T05:59:41+00:00,estimated,1
shipping_container_exports,za,nation,2021-01,1471343,tonnes,portwatch,2021-01-31,,2026-09-26,estimated,0
shipping_container_exports,za,nation,2021-01,1471372,tonnes,portwatch,2021-01-31,,2026-10-06T05:59:41+00:00,estimated,1
shipping_container_exports,za,nation,2021-02,1645387,tonnes,portwatch,2021-02-28,,2026-09-26,estimated,0
shipping_container_exports,za,nation,2021-02,1645408,tonnes,portwatch,2021-02-28,,2026-10-06T05:59:41+00:00,estimated,1
shipping_container_exports,za,nation,2021-03,1680370,tonnes,portwatch,2021-03-31,,2026-09-26,estimated,0
shipping_container_exports,za,nation,2021-03,1680413,tonnes,portwatch,2021-03-31,,2026-10-06T05:59:41+00:00,estimated,1
shipping_container_exports,za,nation,2021-04,1801950,tonnes,portwatch,2021-04-30,,2026-09-26,estimated,0
shipping_container_exports,za,nation,2021-04,1801997,tonnes,portwatch,2021-04-30,,2026-10-06T05:59:41+00:00,estimated,1
shipping_container_exports,za,nation,2021-05,1843332,tonnes,portwatch,2021-05-31,,2026-09-26,estimated,0
shipping_container_exports,za,nation,2021-05,1843358,tonnes,portwatch,2021-05-31,,2026-10-06T05:59:41+00:00,estimated,1
shipping_container_exports,za,nation,2021-06,2113358,tonnes,portwatch,2021-06-30,,2026-09-26,estimated,0
shipping_container_exports,za,nation,2021-06,2113401,tonnes,portwatch,2021-06-30,,2026-10-06T05:59:41+00:00,estimated,1
shipping_container_exports,za,nation,2021-07,1522787,tonnes,portwatch,2021-07-31,,2026-09-26,estimated,0
shipping_container_exports,za,nation,2021-07,1522819,tonnes,portwatch,2021-07-31,,2026-10-06T05:59:41+00:00,estimated,1
shipping_container_exports,za,nation,2021-08,1666820,tonnes,portwatch,2021-08-31,,2026-09-26,estimated,0
shipping_container_exports,za,nation,2021-08,1666859,tonnes,portwatch,2021-08-31,,2026-10-06T05:59:41+00:00,estimated,1
shipping_container_exports,za,nation,2021-09,2025418,tonnes,portwatch,2021-09-30,,2026-09-26,estimated,0
shipping_container_exports,za,nation,2021-09,2025453,tonnes,portwatch,2021-09-30,,2026-10-06T05:59:41+00:00,estimated,1
shipping_container_exports,za,nation,2021-10,1494549,tonnes,portwatch,2021-10-31,,2026-09-26,estimated,0
shipping_container_exports,za,nation,2021-10,1494548,tonnes,portwatch,2021-10-31,,2026-10-06T05:59:41+00:00,estimated,1
shipping_container_exports,za,nation,2021-11,1608135,tonnes,portwatch,2021-11-30,,2026-09-26,estimated,0
shipping_container_exports,za,nation,2021-11,1608192,tonnes,portwatch,2021-11-30,,2026-10-06T05:59:41+00:00,estimated,1
shipping_container_exports,za,nation,2021-12,1491635,tonnes,portwatch,2021-12-31,,2026-09-26,estimated,0
shipping_container_exports,za,nation,2021-12,1491687,tonnes,portwatch,2021-12-31,,2026-10-06T05:59:41+00:00,estimated,1
shipping_container_exports,za,nation,2022-01,1478160,tonnes,portwatch,2022-01-31,,2026-09-26,estimated,0
shipping_container_exports,za,nation,2022-01,1478178,tonnes,portwatch,2022-01-31,,2026-10-06T05:59:41+00:00,estimated,1
shipping_container_exports,za,nation,2022-02,1797276,tonnes,portwatch,2022-02-28,,2026-09-26,estimated,0
shipping_container_exports,za,nation,2022-02,1797293,tonnes,portwatch,2022-02-28,,2026-10-06T05:59:41+00:00,estimated,1
shipping_container_exports,za,nation,2022-03,1619266,tonnes,portwatch,2022-03-31,,2026-09-26,estimated,0
shipping_container_exports,za,nation,2022-03,1619282,tonnes,portwatch,2022-03-31,,2026-10-06T05:59:41+00:00,estimated,1
shipping_container_exports,za,nation,2022-04,1048311,tonnes,portwatch,2022-04-30,,2026-09-26,estimated,0
shipping_container_exports,za,nation,2022-04,1048339,tonnes,portwatch,2022-04-30,,2026-10-06T05:59:41+00:00,estimated,1
shipping_container_exports,za,nation,2022-05,1461367,tonnes,portwatch,2022-05-31,,2026-09-26,estimated,0
shipping_container_exports,za,nation,2022-05,1461364,tonnes,portwatch,2022-05-31,,2026-10-06T05:59:41+00:00,estimated,1
shipping_container_exports,za,nation,2022-06,1857571,tonnes,portwatch,2022-06-30,,2026-09-26,estimated,0
shipping_container_exports,za,nation,2022-06,1857604,tonnes,portwatch,2022-06-30,,2026-10-06T05:59:41+00:00,estimated,1
shipping_container_exports,za,nation,2022-07,1782963,tonnes,portwatch,2022-07-31,,2026-09-26,estimated,0
shipping_container_exports,za,nation,2022-07,1782995,tonnes,portwatch,2022-07-31,,2026-10-06T05:59:41+00:00,estimated,1
shipping_container_exports,za,nation,2022-08,2042928,tonnes,portwatch,2022-08-31,,2026-09-26,estimated,0
shipping_container_exports,za,nation,2022-08,2042956,tonnes,portwatch,2022-08-31,,2026-10-06T05:59:41+00:00,estimated,1
shipping_container_exports,za,nation,2022-09,2146058,tonnes,portwatch,2022-09-30,,2026-09-26,estimated,0
shipping_container_exports,za,nation,2022-09,2146102,tonnes,portwatch,2022-09-30,,2026-10-06T05:59:41+00:00,estimated,1
shipping_container_exports,za,nation,2022-10,700993,tonnes,portwatch,2022-10-31,,2026-09-26,estimated,0
shipping_container_exports,za,nation,2022-10,701016,tonnes,portwatch,2022-10-31,,2026-10-06T05:59:41+00:00,estimated,1
shipping_container_exports,za,nation,2022-11,1490098,tonnes,portwatch,2022-11-30,,2026-09-26,estimated,0
shipping_container_exports,za,nation,2022-11,1490123,tonnes,portwatch,2022-11-30,,2026-10-06T05:59:41+00:00,estimated,1
shipping_container_exports,za,nation,2022-12,1433986,tonnes,portwatch,2022-12-31,,2026-09-26,estimated,0
shipping_container_exports,za,nation,2022-12,1434014,tonnes,portwatch,2022-12-31,,2026-10-06T05:59:41+00:00,estimated,1
shipping_container_exports,za,nation,2023-01,1334515,tonnes,portwatch,2023-01-31,,2026-09-26,estimated,0
shipping_container_exports,za,nation,2023-01,1334556,tonnes,portwatch,2023-01-31,,2026-10-06T05:59:41+00:00,estimated,1
shipping_container_exports,za,nation,2023-02,1400586,tonnes,portwatch,2023-02-28,,2026-09-26,estimated,0
shipping_container_exports,za,nation,2023-02,1400588,tonnes,portwatch,2023-02-28,,2026-10-06T05:59:41+00:00,estimated,1
shipping_container_exports,za,nation,2023-03,1807793,tonnes,portwatch,2023-03-31,,2026-09-26,estimated,0
shipping_container_exports,za,nation,2023-03,1807829,tonnes,portwatch,2023-03-31,,2026-10-06T05:59:41+00:00,estimated,1
shipping_container_exports,za,nation,2023-04,1286896,tonnes,portwatch,2023-04-30,,2026-09-26,estimated,0
shipping_container_exports,za,nation,2023-04,1286887,tonnes,portwatch,2023-04-30,,2026-10-06T05:59:41+00:00,estimated,1
shipping_container_exports,za,nation,2023-05,1664869,tonnes,portwatch,2023-05-31,,2026-09-26,estimated,0
shipping_container_exports,za,nation,2023-05,1664913,tonnes,portwatch,2023-05-31,,2026-10-06T05:59:41+00:00,estimated,1
shipping_container_exports,za,nation,2023-06,1889825,tonnes,portwatch,2023-06-30,,2026-09-26,estimated,0
shipping_container_exports,za,nation,2023-06,1889837,tonnes,portwatch,2023-06-30,,2026-10-06T05:59:41+00:00,estimated,1
shipping_container_exports,za,nation,2023-07,1877905,tonnes,portwatch,2023-07-31,,2026-09-26,estimated,0
shipping_container_exports,za,nation,2023-07,1877938,tonnes,portwatch,2023-07-31,,2026-10-06T05:59:41+00:00,estimated,1
shipping_container_exports,za,nation,2023-08,1956683,tonnes,portwatch,2023-08-31,,2026-09-26,estimated,0
shipping_container_exports,za,nation,2023-08,1956690,tonnes,portwatch,2023-08-31,,2026-10-06T05:59:41+00:00,estimated,1
shipping_container_exports,za,nation,2023-09,1670180,tonnes,portwatch,2023-09-30,,2026-09-26,estimated,0
shipping_container_exports,za,nation,2023-09,1670196,tonnes,portwatch,2023-09-30,,2026-10-06T05:59:41+00:00,estimated,1
shipping_container_exports,za,nation,2023-10,1373073,tonnes,portwatch,2023-10-31,,2026-09-26,estimated,0
shipping_container_exports,za,nation,2023-10,1373076,tonnes,portwatch,2023-10-31,,2026-10-06T05:59:41+00:00,estimated,1
shipping_container_exports,za,nation,2023-11,1490055,tonnes,portwatch,2023-11-30,,2026-09-26,estimated,0
shipping_container_exports,za,nation,2023-11,1490084,tonnes,portwatch,2023-11-30,,2026-10-06T05:59:41+00:00,estimated,1
shipping_container_exports,za,nation,2023-12,1520269,tonnes,portwatch,2023-12-31,,2026-09-26,estimated,0
shipping_container_exports,za,nation,2023-12,1520310,tonnes,portwatch,2023-12-31,,2026-10-06T05:59:41+00:00,estimated,1
shipping_container_exports,za,nation,2024-01,1487654,tonnes,portwatch,2024-01-31,,2026-09-26,estimated,0
shipping_container_exports,za,nation,2024-01,1487677,tonnes,portwatch,2024-01-31,,2026-10-06T05:59:41+00:00,estimated,1
shipping_container_exports,za,nation,2024-02,1692419,tonnes,portwatch,2024-02-29,,2026-09-26,estimated,0
shipping_container_exports,za,nation,2024-02,1692438,tonnes,portwatch,2024-02-29,,2026-10-06T05:59:41+00:00,estimated,1
shipping_container_exports,za,nation,2024-03,1829816,tonnes,portwatch,2024-03-31,,2026-09-26,estimated,0
shipping_container_exports,za,nation,2024-03,1829827,tonnes,portwatch,2024-03-31,,2026-10-06T05:59:41+00:00,estimated,1
shipping_container_exports,za,nation,2024-04,1361163,tonnes,portwatch,2024-04-30,,2026-09-26,estimated,0
shipping_container_exports,za,nation,2024-05,1793547,tonnes,portwatch,2024-05-31,,2026-09-26,estimated,0
shipping_container_exports,za,nation,2024-05,1793553,tonnes,portwatch,2024-05-31,,2026-10-06T05:59:41+00:00,estimated,1
shipping_container_exports,za,nation,2024-06,1972598,tonnes,portwatch,2024-06-30,,2026-09-26,estimated,0
shipping_container_exports,za,nation,2024-06,1972639,tonnes,portwatch,2024-06-30,,2026-10-06T05:59:41+00:00,estimated,1
shipping_container_exports,za,nation,2024-07,1670769,tonnes,portwatch,2024-07-31,,2026-09-26,estimated,0
shipping_container_exports,za,nation,2024-07,1670772,tonnes,portwatch,2024-07-31,,2026-10-06T05:59:41+00:00,estimated,1
shipping_container_exports,za,nation,2024-08,1896092,tonnes,portwatch,2024-08-31,,2026-09-26,estimated,0
shipping_container_exports,za,nation,2024-08,1896122,tonnes,portwatch,2024-08-31,,2026-10-06T05:59:41+00:00,estimated,1
shipping_container_exports,za,nation,2024-09,2026619,tonnes,portwatch,2024-09-30,,2026-09-26,estimated,0
shipping_container_exports,za,nation,2024-09,2026622,tonnes,portwatch,2024-09-30,,2026-10-06T05:59:41+00:00,estimated,1
shipping_container_exports,za,nation,2024-10,1474462,tonnes,portwatch,2024-10-31,,2026-09-26,estimated,0
shipping_container_exports,za,nation,2024-10,1474476,tonnes,portwatch,2024-10-31,,2026-10-06T05:59:41+00:00,estimated,1
shipping_container_exports,za,nation,2024-11,1533385,tonnes,portwatch,2024-11-30,,2026-09-26,estimated,0
shipping_container_exports,za,nation,2024-11,1533387,tonnes,portwatch,2024-11-30,,2026-10-06T05:59:41+00:00,estimated,1
shipping_container_exports,za,nation,2024-12,1393931,tonnes,portwatch,2024-12-31,,2026-09-26,estimated,0
shipping_container_exports,za,nation,2024-12,1393967,tonnes,portwatch,2024-12-31,,2026-10-06T05:59:41+00:00,estimated,1
shipping_container_exports,za,nation,2025-01,1399021,tonnes,portwatch,2025-01-31,,2026-09-26,estimated,0
shipping_container_exports,za,nation,2025-01,1399054,tonnes,portwatch,2025-01-31,,2026-10-06T05:59:41+00:00,estimated,1
shipping_container_exports,za,nation,2025-02,1663716,tonnes,portwatch,2025-02-28,,2026-09-26,estimated,0
shipping_container_exports,za,nation,2025-02,1663765,tonnes,portwatch,2025-02-28,,2026-10-06T05:59:41+00:00,estimated,1
shipping_container_exports,za,nation,2025-03,1810283,tonnes,portwatch,2025-03-31,,2026-09-26,estimated,0
shipping_container_exports,za,nation,2025-03,1810340,tonnes,portwatch,2025-03-31,,2026-10-06T05:59:41+00:00,estimated,1
shipping_container_exports,za,nation,2025-04,1326755,tonnes,portwatch,2025-04-30,,2026-09-26,estimated,0
shipping_container_exports,za,nation,2025-04,1326780,tonnes,portwatch,2025-04-30,,2026-10-06T05:59:41+00:00,estimated,1
shipping_container_exports,za,nation,2025-05,1690462,tonnes,portwatch,2025-05-31,,2026-09-26,estimated,0
shipping_container_exports,za,nation,2025-05,1690488,tonnes,portwatch,2025-05-31,,2026-10-06T05:59:41+00:00,estimated,1
shipping_container_exports,za,nation,2025-06,1984784,tonnes,portwatch,2025-06-30,,2026-09-26,estimated,0
shipping_container_exports,za,nation,2025-06,1984796,tonnes,portwatch,2025-06-30,,2026-10-06T05:59:41+00:00,estimated,1
shipping_container_exports,za,nation,2025-07,2061455,tonnes,portwatch,2025-07-31,,2026-09-26,estimated,0
shipping_container_exports,za,nation,2025-07,2061319,tonnes,portwatch,2025-07-31,,2026-10-06T05:59:41+00:00,estimated,1
shipping_container_exports,za,nation,2025-08,1963069,tonnes,portwatch,2025-08-31,,2026-09-26,estimated,0
shipping_container_exports,za,nation,2025-08,1963104,tonnes,portwatch,2025-08-31,,2026-10-06T05:59:41+00:00,estimated,1
shipping_container_exports,za,nation,2025-09,2150336,tonnes,portwatch,2025-09-30,,2026-09-26,estimated,0
shipping_container_exports,za,nation,2025-09,2150359,tonnes,portwatch,2025-09-30,,2026-10-06T05:59:41+00:00,estimated,1
shipping_container_exports,za,nation,2025-10,1615232,tonnes,portwatch,2025-10-31,,2026-09-26,estimated,0
shipping_container_exports,za,nation,2025-10,1615287,tonnes,portwatch,2025-10-31,,2026-10-06T05:59:41+00:00,estimated,1
shipping_container_exports,za,nation,2025-11,1720921,tonnes,portwatch,2025-11-30,,2026-09-26,estimated,0
shipping_container_exports,za,nation,2025-11,1720766,tonnes,portwatch,2025-11-30,,2026-10-06T05:59:41+00:00,estimated,1
shipping_container_exports,za,nation,2025-12,1573362,tonnes,portwatch,2025-12-31,,2026-09-26,estimated,0
shipping_container_exports,za,nation,2025-12,1573216,tonnes,portwatch,2025-12-31,,2026-10-06T05:59:41+00:00,estimated,1
shipping_container_exports,za,nation,2026-01,1524057,tonnes,portwatch,2026-01-31,,2026-09-26,estimated,0
shipping_container_exports,za,nation,2026-01,1523640,tonnes,portwatch,2026-01-31,,2026-10-06T05:59:41+00:00,estimated,1
shipping_container_exports,za,nation,2026-02,1795543,tonnes,portwatch,2026-02-28,,2026-09-26,estimated,0
shipping_container_exports,za,nation,2026-02,1795584,tonnes,portwatch,2026-02-28,,2026-10-06T05:59:41+00:00,estimated,1
shipping_container_exports,za,nation,2026-03,1972764,tonnes,portwatch,2026-03-31,,2026-09-26,estimated,0
shipping_container_exports,za,nation,2026-03,1972830,tonnes,portwatch,2026-03-31,,2026-10-06T05:59:41+00:00,estimated,1
shipping_container_exports,za,nation,2026-04,1435442,tonnes,portwatch,2026-04-30,,2026-09-26,estimated,0
shipping_container_exports,za,nation,2026-04,1435315,tonnes,portwatch,2026-04-30,,2026-10-06T05:59:41+00:00,estimated,1
shipping_container_exports,za,nation,2026-05,1688249,tonnes,portwatch,2026-05-31,,2026-09-26,estimated,0
shipping_container_exports,za,nation,2026-05,1688290,tonnes,portwatch,2026-05-31,,2026-10-06T05:59:41+00:00,estimated,1
shipping_container_exports,za,nation,2026-06,2066606,tonnes,portwatch,2026-06-30,,2026-09-26,estimated,0
shipping_container_exports,za,nation,2026-06,2066148,tonnes,portwatch,2026-06-30,,2026-10-06T05:59:41+00:00,estimated,1
shipping_container_exports,za,nation,2026-07,1870178,tonnes,portwatch,2026-07-31,,2026-09-26,estimated,0
shipping_container_exports,za,nation,2026-07,1870038,tonnes,portwatch,2026-07-31,,2026-10-06T05:59:41+00:00,estimated,1
shipping_container_exports,za,nation,2026-08,1914929,tonnes,portwatch,2026-08-31,,2026-09-26,estimated,0
shipping_container_exports,za,nation,2026-08,1914087,tonnes,portwatch,2026-08-31,,2026-10-06T05:59:41+00:00,estimated,1
