metric_id,geo_id,geo_level,period,value,unit,source_id,observation_end,published_at,fetched_at,quality_flag,revision
shipping_calls,ae,nation,2019-01,1240,calls,portwatch,2019-01-31,,2026-09-26,estimated,0
shipping_calls,ae,nation,2019-02,1003,calls,portwatch,2019-02-28,,2026-09-26,estimated,0
shipping_calls,ae,nation,2019-03,1220,calls,portwatch,2019-03-31,,2026-09-26,estimated,0
shipping_calls,ae,nation,2019-04,1283,calls,portwatch,2019-04-30,,2026-09-26,estimated,0
shipping_calls,ae,nation,2019-05,1344,calls,portwatch,2019-05-31,,2026-09-26,estimated,0
shipping_calls,ae,nation,2019-06,1493,calls,portwatch,2019-06-30,,2026-09-26,estimated,0
shipping_calls,ae,nation,2019-07,1659,calls,portwatch,2019-07-31,,2026-09-26,estimated,0
shipping_calls,ae,nation,2019-08,1606,calls,portwatch,2019-08-31,,2026-09-26,estimated,0
shipping_calls,ae,nation,2019-09,1621,calls,portwatch,2019-09-30,,2026-09-26,estimated,0
shipping_calls,ae,nation,2019-10,1670,calls,portwatch,2019-10-31,,2026-09-26,estimated,0
shipping_calls,ae,nation,2019-11,1500,calls,portwatch,2019-11-30,,2026-09-26,estimated,0
shipping_calls,ae,nation,2019-12,1590,calls,portwatch,2019-12-31,,2026-09-26,estimated,0
shipping_calls,ae,nation,2020-01,1629,calls,portwatch,2020-01-31,,2026-09-26,estimated,0
shipping_calls,ae,nation,2020-02,1639,calls,portwatch,2020-02-29,,2026-09-26,estimated,0
shipping_calls,ae,nation,2020-03,1669,calls,portwatch,2020-03-31,,2026-09-26,estimated,0
shipping_calls,ae,nation,2020-04,1580,calls,portwatch,2020-04-30,,2026-09-26,estimated,0
shipping_calls,ae,nation,2020-05,1642,calls,portwatch,2020-05-31,,2026-09-26,estimated,0
shipping_calls,ae,nation,2020-06,1606,calls,portwatch,2020-06-30,,2026-09-26,estimated,0
shipping_calls,ae,nation,2020-07,1696,calls,portwatch,2020-07-31,,2026-09-26,estimated,0
shipping_calls,ae,nation,2020-08,1721,calls,portwatch,2020-08-31,,2026-09-26,estimated,0
shipping_calls,ae,nation,2020-09,1810,calls,portwatch,2020-09-30,,2026-09-26,estimated,0
shipping_calls,ae,nation,2020-10,1861,calls,portwatch,2020-10-31,,2026-09-26,estimated,0
shipping_calls,ae,nation,2020-11,1600,calls,portwatch,2020-11-30,,2026-09-26,estimated,0
shipping_calls,ae,nation,2020-12,1663,calls,portwatch,2020-12-31,,2026-09-26,estimated,0
shipping_calls,ae,nation,2021-01,1696,calls,portwatch,2021-01-31,,2026-09-26,estimated,0
shipping_calls,ae,nation,2021-02,1609,calls,portwatch,2021-02-28,,2026-09-26,estimated,0
shipping_calls,ae,nation,2021-03,1829,calls,portwatch,2021-03-31,,2026-09-26,estimated,0
shipping_calls,ae,nation,2021-04,1786,calls,portwatch,2021-04-30,,2026-09-26,estimated,0
shipping_calls,ae,nation,2021-05,1843,calls,portwatch,2021-05-31,,2026-09-26,estimated,0
shipping_calls,ae,nation,2021-06,1802,calls,portwatch,2021-06-30,,2026-09-26,estimated,0
shipping_calls,ae,nation,2021-07,1807,calls,portwatch,2021-07-31,,2026-09-26,estimated,0
shipping_calls,ae,nation,2021-08,1847,calls,portwatch,2021-08-31,,2026-09-26,estimated,0
shipping_calls,ae,nation,2021-09,1825,calls,portwatch,2021-09-30,,2026-09-26,estimated,0
shipping_calls,ae,nation,2021-10,1877,calls,portwatch,2021-10-31,,2026-09-26,estimated,0
shipping_calls,ae,nation,2021-11,1792,calls,portwatch,2021-11-30,,2026-09-26,estimated,0
shipping_calls,ae,nation,2021-12,1818,calls,portwatch,2021-12-31,,2026-09-26,estimated,0
shipping_calls,ae,nation,2022-01,1837,calls,portwatch,2022-01-31,,2026-09-26,estimated,0
shipping_calls,ae,nation,2022-02,1729,calls,portwatch,2022-02-28,,2026-09-26,estimated,0
shipping_calls,ae,nation,2022-03,1988,calls,portwatch,2022-03-31,,2026-09-26,estimated,0
shipping_calls,ae,nation,2022-04,1898,calls,portwatch,2022-04-30,,2026-09-26,estimated,0
shipping_calls,ae,nation,2022-05,1927,calls,portwatch,2022-05-31,,2026-09-26,estimated,0
shipping_calls,ae,nation,2022-06,1996,calls,portwatch,2022-06-30,,2026-09-26,estimated,0
shipping_calls,ae,nation,2022-07,1951,calls,portwatch,2022-07-31,,2026-09-26,estimated,0
shipping_calls,ae,nation,2022-08,2156,calls,portwatch,2022-08-31,,2026-09-26,estimated,0
shipping_calls,ae,nation,2022-09,2076,calls,portwatch,2022-09-30,,2026-09-26,estimated,0
shipping_calls,ae,nation,2022-10,2165,calls,portwatch,2022-10-31,,2026-09-26,estimated,0
shipping_calls,ae,nation,2022-11,2035,calls,portwatch,2022-11-30,,2026-09-26,estimated,0
shipping_calls,ae,nation,2022-12,2127,calls,portwatch,2022-12-31,,2026-09-26,estimated,0
shipping_calls,ae,nation,2023-01,2110,calls,portwatch,2023-01-31,,2026-09-26,estimated,0
shipping_calls,ae,nation,2023-02,1989,calls,portwatch,2023-02-28,,2026-09-26,estimated,0
shipping_calls,ae,nation,2023-03,2265,calls,portwatch,2023-03-31,,2026-09-26,estimated,0
shipping_calls,ae,nation,2023-04,2214,calls,portwatch,2023-04-30,,2026-09-26,estimated,0
shipping_calls,ae,nation,2023-05,2394,calls,portwatch,2023-05-31,,2026-09-26,estimated,0
shipping_calls,ae,nation,2023-06,2271,calls,portwatch,2023-06-30,,2026-09-26,estimated,0
shipping_calls,ae,nation,2023-07,2317,calls,portwatch,2023-07-31,,2026-09-26,estimated,0
shipping_calls,ae,nation,2023-08,2402,calls,portwatch,2023-08-31,,2026-09-26,estimated,0
shipping_calls,ae,nation,2023-09,2336,calls,portwatch,2023-09-30,,2026-09-26,estimated,0
shipping_calls,ae,nation,2023-10,2392,calls,portwatch,2023-10-31,,2026-09-26,estimated,0
shipping_calls,ae,nation,2023-11,2214,calls,portwatch,2023-11-30,,2026-09-26,estimated,0
shipping_calls,ae,nation,2023-12,2268,calls,portwatch,2023-12-31,,2026-09-26,estimated,0
shipping_calls,ae,nation,2024-01,2248,calls,portwatch,2024-01-31,,2026-09-26,estimated,0
shipping_calls,ae,nation,2024-02,2037,calls,portwatch,2024-02-29,,2026-09-26,estimated,0
shipping_calls,ae,nation,2024-03,2303,calls,portwatch,2024-03-31,,2026-09-26,estimated,0
shipping_calls,ae,nation,2024-04,2178,calls,portwatch,2024-04-30,,2026-09-26,estimated,0
shipping_calls,ae,nation,2024-05,2396,calls,portwatch,2024-05-31,,2026-09-26,estimated,0
shipping_calls,ae,nation,2024-06,2270,calls,portwatch,2024-06-30,,2026-09-26,estimated,0
shipping_calls,ae,nation,2024-07,2270,calls,portwatch,2024-07-31,,2026-09-26,estimated,0
shipping_calls,ae,nation,2024-08,2361,calls,portwatch,2024-08-31,,2026-09-26,estimated,0
shipping_calls,ae,nation,2024-09,2418,calls,portwatch,2024-09-30,,2026-09-26,estimated,0
shipping_calls,ae,nation,2024-10,2385,calls,portwatch,2024-10-31,,2026-09-26,estimated,0
shipping_calls,ae,nation,2024-11,2302,calls,portwatch,2024-11-30,,2026-09-26,estimated,0
shipping_calls,ae,nation,2024-12,2310,calls,portwatch,2024-12-31,,2026-09-26,estimated,0
shipping_calls,ae,nation,2025-01,2250,calls,portwatch,2025-01-31,,2026-09-26,estimated,0
shipping_calls,ae,nation,2025-02,2140,calls,portwatch,2025-02-28,,2026-09-26,estimated,0
shipping_calls,ae,nation,2025-03,2404,calls,portwatch,2025-03-31,,2026-09-26,estimated,0
shipping_calls,ae,nation,2025-04,2379,calls,portwatch,2025-04-30,,2026-09-26,estimated,0
shipping_calls,ae,nation,2025-05,2438,calls,portwatch,2025-05-31,,2026-09-26,estimated,0
shipping_calls,ae,nation,2025-06,2278,calls,portwatch,2025-06-30,,2026-09-26,estimated,0
shipping_calls,ae,nation,2025-07,2341,calls,portwatch,2025-07-31,,2026-09-26,estimated,0
shipping_calls,ae,nation,2025-08,2461,calls,portwatch,2025-08-31,,2026-09-26,estimated,0
shipping_calls,ae,nation,2025-09,2430,calls,portwatch,2025-09-30,,2026-09-26,estimated,0
shipping_calls,ae,nation,2025-10,2447,calls,portwatch,2025-10-31,,2026-09-26,estimated,0
shipping_calls,ae,nation,2025-11,2288,calls,portwatch,2025-11-30,,2026-09-26,estimated,0
shipping_calls,ae,nation,2025-12,2229,calls,portwatch,2025-12-31,,2026-09-26,estimated,0
shipping_calls,ae,nation,2026-01,2397,calls,portwatch,2026-01-31,,2026-09-26,estimated,0
shipping_calls,ae,nation,2026-02,2354,calls,portwatch,2026-02-28,,2026-09-26,estimated,0
shipping_calls,ae,nation,2026-03,525,calls,portwatch,2026-03-31,,2026-09-26,estimated,0
shipping_calls,ae,nation,2026-04,783,calls,portwatch,2026-04-30,,2026-09-26,estimated,0
shipping_calls,ae,nation,2026-05,648,calls,portwatch,2026-05-31,,2026-09-26,estimated,0
shipping_calls,ae,nation,2026-06,960,calls,portwatch,2026-06-30,,2026-09-26,estimated,0
shipping_calls,ae,nation,2026-07,1137,calls,portwatch,2026-07-31,,2026-09-26,estimated,0
shipping_calls,ae,nation,2026-08,1095,calls,portwatch,2026-08-31,,2026-09-26,estimated,0
shipping_calls,au,nation,2019-01,2265,calls,portwatch,2019-01-31,,2026-09-26,estimated,0
shipping_calls,au,nation,2019-02,2047,calls,portwatch,2019-02-28,,2026-09-26,estimated,0
shipping_calls,au,nation,2019-03,2248,calls,portwatch,2019-03-31,,2026-09-26,estimated,0
shipping_calls,au,nation,2019-04,2212,calls,portwatch,2019-04-30,,2026-09-26,estimated,0
shipping_calls,au,nation,2019-05,2258,calls,portwatch,2019-05-31,,2026-09-26,estimated,0
shipping_calls,au,nation,2019-06,2288,calls,portwatch,2019-06-30,,2026-09-26,estimated,0
shipping_calls,au,nation,2019-07,2263,calls,portwatch,2019-07-31,,2026-09-26,estimated,0
shipping_calls,au,nation,2019-08,2256,calls,portwatch,2019-08-31,,2026-09-26,estimated,0
shipping_calls,au,nation,2019-09,2153,calls,portwatch,2019-09-30,,2026-09-26,estimated,0
shipping_calls,au,nation,2019-10,2218,calls,portwatch,2019-10-31,,2026-09-26,estimated,0
shipping_calls,au,nation,2019-11,2201,calls,portwatch,2019-11-30,,2026-09-26,estimated,0
shipping_calls,au,nation,2019-12,2328,calls,portwatch,2019-12-31,,2026-09-26,estimated,0
shipping_calls,au,nation,2020-01,2265,calls,portwatch,2020-01-31,,2026-09-26,estimated,0
shipping_calls,au,nation,2020-02,2013,calls,portwatch,2020-02-29,,2026-09-26,estimated,0
shipping_calls,au,nation,2020-03,2170,calls,portwatch,2020-03-31,,2026-09-26,estimated,0
shipping_calls,au,nation,2020-04,2130,calls,portwatch,2020-04-30,,2026-09-26,estimated,0
shipping_calls,au,nation,2020-05,2072,calls,portwatch,2020-05-31,,2026-09-26,estimated,0
shipping_calls,au,nation,2020-06,2161,calls,portwatch,2020-06-30,,2026-09-26,estimated,0
shipping_calls,au,nation,2020-07,2067,calls,portwatch,2020-07-31,,2026-09-26,estimated,0
shipping_calls,au,nation,2020-08,2158,calls,portwatch,2020-08-31,,2026-09-26,estimated,0
shipping_calls,au,nation,2020-09,2037,calls,portwatch,2020-09-30,,2026-09-26,estimated,0
shipping_calls,au,nation,2020-10,2144,calls,portwatch,2020-10-31,,2026-09-26,estimated,0
shipping_calls,au,nation,2020-11,2048,calls,portwatch,2020-11-30,,2026-09-26,estimated,0
shipping_calls,au,nation,2020-12,2277,calls,portwatch,2020-12-31,,2026-09-26,estimated,0
shipping_calls,au,nation,2021-01,2087,calls,portwatch,2021-01-31,,2026-09-26,estimated,0
shipping_calls,au,nation,2021-02,2086,calls,portwatch,2021-02-28,,2026-09-26,estimated,0
shipping_calls,au,nation,2021-03,2240,calls,portwatch,2021-03-31,,2026-09-26,estimated,0
shipping_calls,au,nation,2021-04,2227,calls,portwatch,2021-04-30,,2026-09-26,estimated,0
shipping_calls,au,nation,2021-05,2183,calls,portwatch,2021-05-31,,2026-09-26,estimated,0
shipping_calls,au,nation,2021-06,2177,calls,portwatch,2021-06-30,,2026-09-26,estimated,0
shipping_calls,au,nation,2021-07,2162,calls,portwatch,2021-07-31,,2026-09-26,estimated,0
shipping_calls,au,nation,2021-08,2225,calls,portwatch,2021-08-31,,2026-09-26,estimated,0
shipping_calls,au,nation,2021-09,2171,calls,portwatch,2021-09-30,,2026-09-26,estimated,0
shipping_calls,au,nation,2021-10,2154,calls,portwatch,2021-10-31,,2026-09-26,estimated,0
shipping_calls,au,nation,2021-11,2160,calls,portwatch,2021-11-30,,2026-09-26,estimated,0
shipping_calls,au,nation,2021-12,2249,calls,portwatch,2021-12-31,,2026-09-26,estimated,0
shipping_calls,au,nation,2022-01,2113,calls,portwatch,2022-01-31,,2026-09-26,estimated,0
shipping_calls,au,nation,2022-02,1955,calls,portwatch,2022-02-28,,2026-09-26,estimated,0
shipping_calls,au,nation,2022-03,2162,calls,portwatch,2022-03-31,,2026-09-26,estimated,0
shipping_calls,au,nation,2022-04,2118,calls,portwatch,2022-04-30,,2026-09-26,estimated,0
shipping_calls,au,nation,2022-05,2218,calls,portwatch,2022-05-31,,2026-09-26,estimated,0
shipping_calls,au,nation,2022-06,2280,calls,portwatch,2022-06-30,,2026-09-26,estimated,0
shipping_calls,au,nation,2022-07,2155,calls,portwatch,2022-07-31,,2026-09-26,estimated,0
shipping_calls,au,nation,2022-08,2267,calls,portwatch,2022-08-31,,2026-09-26,estimated,0
shipping_calls,au,nation,2022-09,2175,calls,portwatch,2022-09-30,,2026-09-26,estimated,0
shipping_calls,au,nation,2022-10,2223,calls,portwatch,2022-10-31,,2026-09-26,estimated,0
shipping_calls,au,nation,2022-11,2254,calls,portwatch,2022-11-30,,2026-09-26,estimated,0
shipping_calls,au,nation,2022-12,2332,calls,portwatch,2022-12-31,,2026-09-26,estimated,0
shipping_calls,au,nation,2023-01,2243,calls,portwatch,2023-01-31,,2026-09-26,estimated,0
shipping_calls,au,nation,2023-02,1995,calls,portwatch,2023-02-28,,2026-09-26,estimated,0
shipping_calls,au,nation,2023-03,2348,calls,portwatch,2023-03-31,,2026-09-26,estimated,0
shipping_calls,au,nation,2023-04,2176,calls,portwatch,2023-04-30,,2026-09-26,estimated,0
shipping_calls,au,nation,2023-05,2288,calls,portwatch,2023-05-31,,2026-09-26,estimated,0
shipping_calls,au,nation,2023-06,2292,calls,portwatch,2023-06-30,,2026-09-26,estimated,0
shipping_calls,au,nation,2023-07,2263,calls,portwatch,2023-07-31,,2026-09-26,estimated,0
shipping_calls,au,nation,2023-08,2246,calls,portwatch,2023-08-31,,2026-09-26,estimated,0
shipping_calls,au,nation,2023-09,2214,calls,portwatch,2023-09-30,,2026-09-26,estimated,0
shipping_calls,au,nation,2023-10,2242,calls,portwatch,2023-10-31,,2026-09-26,estimated,0
shipping_calls,au,nation,2023-11,2219,calls,portwatch,2023-11-30,,2026-09-26,estimated,0
shipping_calls,au,nation,2023-12,2313,calls,portwatch,2023-12-31,,2026-09-26,estimated,0
shipping_calls,au,nation,2024-01,2150,calls,portwatch,2024-01-31,,2026-09-26,estimated,0
shipping_calls,au,nation,2024-02,2110,calls,portwatch,2024-02-29,,2026-09-26,estimated,0
shipping_calls,au,nation,2024-03,2271,calls,portwatch,2024-03-31,,2026-09-26,estimated,0
shipping_calls,au,nation,2024-04,2213,calls,portwatch,2024-04-30,,2026-09-26,estimated,0
shipping_calls,au,nation,2024-05,2265,calls,portwatch,2024-05-31,,2026-09-26,estimated,0
shipping_calls,au,nation,2024-06,2303,calls,portwatch,2024-06-30,,2026-09-26,estimated,0
shipping_calls,au,nation,2024-07,2129,calls,portwatch,2024-07-31,,2026-09-26,estimated,0
shipping_calls,au,nation,2024-08,2279,calls,portwatch,2024-08-31,,2026-09-26,estimated,0
shipping_calls,au,nation,2024-09,2205,calls,portwatch,2024-09-30,,2026-09-26,estimated,0
shipping_calls,au,nation,2024-10,2185,calls,portwatch,2024-10-31,,2026-09-26,estimated,0
shipping_calls,au,nation,2024-11,2251,calls,portwatch,2024-11-30,,2026-09-26,estimated,0
shipping_calls,au,nation,2024-12,2329,calls,portwatch,2024-12-31,,2026-09-26,estimated,0
shipping_calls,au,nation,2025-01,2171,calls,portwatch,2025-01-31,,2026-09-26,estimated,0
shipping_calls,au,nation,2025-02,1973,calls,portwatch,2025-02-28,,2026-09-26,estimated,0
shipping_calls,au,nation,2025-03,2306,calls,portwatch,2025-03-31,,2026-09-26,estimated,0
shipping_calls,au,nation,2025-04,2181,calls,portwatch,2025-04-30,,2026-09-26,estimated,0
shipping_calls,au,nation,2025-05,2266,calls,portwatch,2025-05-31,,2026-09-26,estimated,0
shipping_calls,au,nation,2025-06,2375,calls,portwatch,2025-06-30,,2026-09-26,estimated,0
shipping_calls,au,nation,2025-07,2294,calls,portwatch,2025-07-31,,2026-09-26,estimated,0
shipping_calls,au,nation,2025-08,2236,calls,portwatch,2025-08-31,,2026-09-26,estimated,0
shipping_calls,au,nation,2025-09,2280,calls,portwatch,2025-09-30,,2026-09-26,estimated,0
shipping_calls,au,nation,2025-10,2250,calls,portwatch,2025-10-31,,2026-09-26,estimated,0
shipping_calls,au,nation,2025-11,2251,calls,portwatch,2025-11-30,,2026-09-26,estimated,0
shipping_calls,au,nation,2025-12,2387,calls,portwatch,2025-12-31,,2026-09-26,estimated,0
shipping_calls,au,nation,2026-01,2219,calls,portwatch,2026-01-31,,2026-09-26,estimated,0
shipping_calls,au,nation,2026-02,2043,calls,portwatch,2026-02-28,,2026-09-26,estimated,0
shipping_calls,au,nation,2026-03,2201,calls,portwatch,2026-03-31,,2026-09-26,estimated,0
shipping_calls,au,nation,2026-04,2210,calls,portwatch,2026-04-30,,2026-09-26,estimated,0
shipping_calls,au,nation,2026-05,2344,calls,portwatch,2026-05-31,,2026-09-26,estimated,0
shipping_calls,au,nation,2026-06,2265,calls,portwatch,2026-06-30,,2026-09-26,estimated,0
shipping_calls,au,nation,2026-07,2139,calls,portwatch,2026-07-31,,2026-09-26,estimated,0
shipping_calls,au,nation,2026-08,2176,calls,portwatch,2026-08-31,,2026-09-26,estimated,0
shipping_calls,br,nation,2019-01,2641,calls,portwatch,2019-01-31,,2026-09-26,estimated,0
shipping_calls,br,nation,2019-02,2379,calls,portwatch,2019-02-28,,2026-09-26,estimated,0
shipping_calls,br,nation,2019-03,2575,calls,portwatch,2019-03-31,,2026-09-26,estimated,0
shipping_calls,br,nation,2019-04,2664,calls,portwatch,2019-04-30,,2026-09-26,estimated,0
shipping_calls,br,nation,2019-05,2763,calls,portwatch,2019-05-31,,2026-09-26,estimated,0
shipping_calls,br,nation,2019-06,2695,calls,portwatch,2019-06-30,,2026-09-26,estimated,0
shipping_calls,br,nation,2019-07,2857,calls,portwatch,2019-07-31,,2026-09-26,estimated,0
shipping_calls,br,nation,2019-08,2901,calls,portwatch,2019-08-31,,2026-09-26,estimated,0
shipping_calls,br,nation,2019-09,2765,calls,portwatch,2019-09-30,,2026-09-26,estimated,0
shipping_calls,br,nation,2019-10,2917,calls,portwatch,2019-10-31,,2026-09-26,estimated,0
shipping_calls,br,nation,2019-11,2645,calls,portwatch,2019-11-30,,2026-09-26,estimated,0
shipping_calls,br,nation,2019-12,2660,calls,portwatch,2019-12-31,,2026-09-26,estimated,0
shipping_calls,br,nation,2020-01,2593,calls,portwatch,2020-01-31,,2026-09-26,estimated,0
shipping_calls,br,nation,2020-02,2437,calls,portwatch,2020-02-29,,2026-09-26,estimated,0
shipping_calls,br,nation,2020-03,2649,calls,portwatch,2020-03-31,,2026-09-26,estimated,0
shipping_calls,br,nation,2020-04,2631,calls,portwatch,2020-04-30,,2026-09-26,estimated,0
shipping_calls,br,nation,2020-05,2619,calls,portwatch,2020-05-31,,2026-09-26,estimated,0
shipping_calls,br,nation,2020-06,2649,calls,portwatch,2020-06-30,,2026-09-26,estimated,0
shipping_calls,br,nation,2020-07,2687,calls,portwatch,2020-07-31,,2026-09-26,estimated,0
shipping_calls,br,nation,2020-08,2873,calls,portwatch,2020-08-31,,2026-09-26,estimated,0
shipping_calls,br,nation,2020-09,2721,calls,portwatch,2020-09-30,,2026-09-26,estimated,0
shipping_calls,br,nation,2020-10,2786,calls,portwatch,2020-10-31,,2026-09-26,estimated,0
shipping_calls,br,nation,2020-11,2732,calls,portwatch,2020-11-30,,2026-09-26,estimated,0
shipping_calls,br,nation,2020-12,2657,calls,portwatch,2020-12-31,,2026-09-26,estimated,0
shipping_calls,br,nation,2021-01,2490,calls,portwatch,2021-01-31,,2026-09-26,estimated,0
shipping_calls,br,nation,2021-02,2483,calls,portwatch,2021-02-28,,2026-09-26,estimated,0
shipping_calls,br,nation,2021-03,2773,calls,portwatch,2021-03-31,,2026-09-26,estimated,0
shipping_calls,br,nation,2021-04,2761,calls,portwatch,2021-04-30,,2026-09-26,estimated,0
shipping_calls,br,nation,2021-05,2865,calls,portwatch,2021-05-31,,2026-09-26,estimated,0
shipping_calls,br,nation,2021-06,2751,calls,portwatch,2021-06-30,,2026-09-26,estimated,0
shipping_calls,br,nation,2021-07,2821,calls,portwatch,2021-07-31,,2026-09-26,estimated,0
shipping_calls,br,nation,2021-08,2866,calls,portwatch,2021-08-31,,2026-09-26,estimated,0
shipping_calls,br,nation,2021-09,2748,calls,portwatch,2021-09-30,,2026-09-26,estimated,0
shipping_calls,br,nation,2021-10,2804,calls,portwatch,2021-10-31,,2026-09-26,estimated,0
shipping_calls,br,nation,2021-11,2741,calls,portwatch,2021-11-30,,2026-09-26,estimated,0
shipping_calls,br,nation,2021-12,2818,calls,portwatch,2021-12-31,,2026-09-26,estimated,0
shipping_calls,br,nation,2022-01,2627,calls,portwatch,2022-01-31,,2026-09-26,estimated,0
shipping_calls,br,nation,2022-02,2537,calls,portwatch,2022-02-28,,2026-09-26,estimated,0
shipping_calls,br,nation,2022-03,2759,calls,portwatch,2022-03-31,,2026-09-26,estimated,0
shipping_calls,br,nation,2022-04,2657,calls,portwatch,2022-04-30,,2026-09-26,estimated,0
shipping_calls,br,nation,2022-05,2862,calls,portwatch,2022-05-31,,2026-09-26,estimated,0
shipping_calls,br,nation,2022-06,2720,calls,portwatch,2022-06-30,,2026-09-26,estimated,0
shipping_calls,br,nation,2022-07,2886,calls,portwatch,2022-07-31,,2026-09-26,estimated,0
shipping_calls,br,nation,2022-08,2894,calls,portwatch,2022-08-31,,2026-09-26,estimated,0
shipping_calls,br,nation,2022-09,2864,calls,portwatch,2022-09-30,,2026-09-26,estimated,0
shipping_calls,br,nation,2022-10,2858,calls,portwatch,2022-10-31,,2026-09-26,estimated,0
shipping_calls,br,nation,2022-11,2636,calls,portwatch,2022-11-30,,2026-09-26,estimated,0
shipping_calls,br,nation,2022-12,2825,calls,portwatch,2022-12-31,,2026-09-26,estimated,0
shipping_calls,br,nation,2023-01,2664,calls,portwatch,2023-01-31,,2026-09-26,estimated,0
shipping_calls,br,nation,2023-02,2498,calls,portwatch,2023-02-28,,2026-09-26,estimated,0
shipping_calls,br,nation,2023-03,2934,calls,portwatch,2023-03-31,,2026-09-26,estimated,0
shipping_calls,br,nation,2023-04,2802,calls,portwatch,2023-04-30,,2026-09-26,estimated,0
shipping_calls,br,nation,2023-05,3008,calls,portwatch,2023-05-31,,2026-09-26,estimated,0
shipping_calls,br,nation,2023-06,2931,calls,portwatch,2023-06-30,,2026-09-26,estimated,0
shipping_calls,br,nation,2023-07,3054,calls,portwatch,2023-07-31,,2026-09-26,estimated,0
shipping_calls,br,nation,2023-08,3017,calls,portwatch,2023-08-31,,2026-09-26,estimated,0
shipping_calls,br,nation,2023-09,2912,calls,portwatch,2023-09-30,,2026-09-26,estimated,0
shipping_calls,br,nation,2023-10,3034,calls,portwatch,2023-10-31,,2026-09-26,estimated,0
shipping_calls,br,nation,2023-11,2871,calls,portwatch,2023-11-30,,2026-09-26,estimated,0
shipping_calls,br,nation,2023-12,3048,calls,portwatch,2023-12-31,,2026-09-26,estimated,0
shipping_calls,br,nation,2024-01,2767,calls,portwatch,2024-01-31,,2026-09-26,estimated,0
shipping_calls,br,nation,2024-02,2707,calls,portwatch,2024-02-29,,2026-09-26,estimated,0
shipping_calls,br,nation,2024-03,2902,calls,portwatch,2024-03-31,,2026-09-26,estimated,0
shipping_calls,br,nation,2024-04,2897,calls,portwatch,2024-04-30,,2026-09-26,estimated,0
shipping_calls,br,nation,2024-05,2962,calls,portwatch,2024-05-31,,2026-09-26,estimated,0
shipping_calls,br,nation,2024-06,2972,calls,portwatch,2024-06-30,,2026-09-26,estimated,0
shipping_calls,br,nation,2024-07,3005,calls,portwatch,2024-07-31,,2026-09-26,estimated,0
shipping_calls,br,nation,2024-08,3053,calls,portwatch,2024-08-31,,2026-09-26,estimated,0
shipping_calls,br,nation,2024-09,2962,calls,portwatch,2024-09-30,,2026-09-26,estimated,0
shipping_calls,br,nation,2024-10,2977,calls,portwatch,2024-10-31,,2026-09-26,estimated,0
shipping_calls,br,nation,2024-11,2804,calls,portwatch,2024-11-30,,2026-09-26,estimated,0
shipping_calls,br,nation,2024-12,2801,calls,portwatch,2024-12-31,,2026-09-26,estimated,0
shipping_calls,br,nation,2025-01,2679,calls,portwatch,2025-01-31,,2026-09-26,estimated,0
shipping_calls,br,nation,2025-02,2618,calls,portwatch,2025-02-28,,2026-09-26,estimated,0
shipping_calls,br,nation,2025-03,2947,calls,portwatch,2025-03-31,,2026-09-26,estimated,0
shipping_calls,br,nation,2025-04,2802,calls,portwatch,2025-04-30,,2026-09-26,estimated,0
shipping_calls,br,nation,2025-05,2926,calls,portwatch,2025-05-31,,2026-09-26,estimated,0
shipping_calls,br,nation,2025-06,2939,calls,portwatch,2025-06-30,,2026-09-26,estimated,0
shipping_calls,br,nation,2025-07,3009,calls,portwatch,2025-07-31,,2026-09-26,estimated,0
shipping_calls,br,nation,2025-08,3090,calls,portwatch,2025-08-31,,2026-09-26,estimated,0
shipping_calls,br,nation,2025-09,2935,calls,portwatch,2025-09-30,,2026-09-26,estimated,0
shipping_calls,br,nation,2025-10,2907,calls,portwatch,2025-10-31,,2026-09-26,estimated,0
shipping_calls,br,nation,2025-11,2842,calls,portwatch,2025-11-30,,2026-09-26,estimated,0
shipping_calls,br,nation,2025-12,2902,calls,portwatch,2025-12-31,,2026-09-26,estimated,0
shipping_calls,br,nation,2026-01,2737,calls,portwatch,2026-01-31,,2026-09-26,estimated,0
shipping_calls,br,nation,2026-02,2503,calls,portwatch,2026-02-28,,2026-09-26,estimated,0
shipping_calls,br,nation,2026-03,3033,calls,portwatch,2026-03-31,,2026-09-26,estimated,0
shipping_calls,br,nation,2026-04,2916,calls,portwatch,2026-04-30,,2026-09-26,estimated,0
shipping_calls,br,nation,2026-05,2978,calls,portwatch,2026-05-31,,2026-09-26,estimated,0
shipping_calls,br,nation,2026-06,2966,calls,portwatch,2026-06-30,,2026-09-26,estimated,0
shipping_calls,br,nation,2026-07,2930,calls,portwatch,2026-07-31,,2026-09-26,estimated,0
shipping_calls,br,nation,2026-08,2851,calls,portwatch,2026-08-31,,2026-09-26,estimated,0
shipping_calls,ca,nation,2019-01,828,calls,portwatch,2019-01-31,,2026-09-26,estimated,0
shipping_calls,ca,nation,2019-02,726,calls,portwatch,2019-02-28,,2026-09-26,estimated,0
shipping_calls,ca,nation,2019-03,873,calls,portwatch,2019-03-31,,2026-09-26,estimated,0
shipping_calls,ca,nation,2019-04,1047,calls,portwatch,2019-04-30,,2026-09-26,estimated,0
shipping_calls,ca,nation,2019-05,1167,calls,portwatch,2019-05-31,,2026-09-26,estimated,0
shipping_calls,ca,nation,2019-06,1119,calls,portwatch,2019-06-30,,2026-09-26,estimated,0
shipping_calls,ca,nation,2019-07,1065,calls,portwatch,2019-07-31,,2026-09-26,estimated,0
shipping_calls,ca,nation,2019-08,1094,calls,portwatch,2019-08-31,,2026-09-26,estimated,0
shipping_calls,ca,nation,2019-09,1059,calls,portwatch,2019-09-30,,2026-09-26,estimated,0
shipping_calls,ca,nation,2019-10,1136,calls,portwatch,2019-10-31,,2026-09-26,estimated,0
shipping_calls,ca,nation,2019-11,1185,calls,portwatch,2019-11-30,,2026-09-26,estimated,0
shipping_calls,ca,nation,2019-12,1108,calls,portwatch,2019-12-31,,2026-09-26,estimated,0
shipping_calls,ca,nation,2020-01,860,calls,portwatch,2020-01-31,,2026-09-26,estimated,0
shipping_calls,ca,nation,2020-02,781,calls,portwatch,2020-02-29,,2026-09-26,estimated,0
shipping_calls,ca,nation,2020-03,842,calls,portwatch,2020-03-31,,2026-09-26,estimated,0
shipping_calls,ca,nation,2020-04,996,calls,portwatch,2020-04-30,,2026-09-26,estimated,0
shipping_calls,ca,nation,2020-05,1032,calls,portwatch,2020-05-31,,2026-09-26,estimated,0
shipping_calls,ca,nation,2020-06,1007,calls,portwatch,2020-06-30,,2026-09-26,estimated,0
shipping_calls,ca,nation,2020-07,1029,calls,portwatch,2020-07-31,,2026-09-26,estimated,0
shipping_calls,ca,nation,2020-08,1011,calls,portwatch,2020-08-31,,2026-09-26,estimated,0
shipping_calls,ca,nation,2020-09,1024,calls,portwatch,2020-09-30,,2026-09-26,estimated,0
shipping_calls,ca,nation,2020-10,1135,calls,portwatch,2020-10-31,,2026-09-26,estimated,0
shipping_calls,ca,nation,2020-11,1163,calls,portwatch,2020-11-30,,2026-09-26,estimated,0
shipping_calls,ca,nation,2020-12,1099,calls,portwatch,2020-12-31,,2026-09-26,estimated,0
shipping_calls,ca,nation,2021-01,844,calls,portwatch,2021-01-31,,2026-09-26,estimated,0
shipping_calls,ca,nation,2021-02,715,calls,portwatch,2021-02-28,,2026-09-26,estimated,0
shipping_calls,ca,nation,2021-03,836,calls,portwatch,2021-03-31,,2026-09-26,estimated,0
shipping_calls,ca,nation,2021-04,1009,calls,portwatch,2021-04-30,,2026-09-26,estimated,0
shipping_calls,ca,nation,2021-05,1070,calls,portwatch,2021-05-31,,2026-09-26,estimated,0
shipping_calls,ca,nation,2021-06,1069,calls,portwatch,2021-06-30,,2026-09-26,estimated,0
shipping_calls,ca,nation,2021-07,1056,calls,portwatch,2021-07-31,,2026-09-26,estimated,0
shipping_calls,ca,nation,2021-08,1004,calls,portwatch,2021-08-31,,2026-09-26,estimated,0
shipping_calls,ca,nation,2021-09,994,calls,portwatch,2021-09-30,,2026-09-26,estimated,0
shipping_calls,ca,nation,2021-10,1106,calls,portwatch,2021-10-31,,2026-09-26,estimated,0
shipping_calls,ca,nation,2021-11,1098,calls,portwatch,2021-11-30,,2026-09-26,estimated,0
shipping_calls,ca,nation,2021-12,1054,calls,portwatch,2021-12-31,,2026-09-26,estimated,0
shipping_calls,ca,nation,2022-01,794,calls,portwatch,2022-01-31,,2026-09-26,estimated,0
shipping_calls,ca,nation,2022-02,654,calls,portwatch,2022-02-28,,2026-09-26,estimated,0
shipping_calls,ca,nation,2022-03,813,calls,portwatch,2022-03-31,,2026-09-26,estimated,0
shipping_calls,ca,nation,2022-04,916,calls,portwatch,2022-04-30,,2026-09-26,estimated,0
shipping_calls,ca,nation,2022-05,1113,calls,portwatch,2022-05-31,,2026-09-26,estimated,0
shipping_calls,ca,nation,2022-06,1069,calls,portwatch,2022-06-30,,2026-09-26,estimated,0
shipping_calls,ca,nation,2022-07,1062,calls,portwatch,2022-07-31,,2026-09-26,estimated,0
shipping_calls,ca,nation,2022-08,1047,calls,portwatch,2022-08-31,,2026-09-26,estimated,0
shipping_calls,ca,nation,2022-09,1058,calls,portwatch,2022-09-30,,2026-09-26,estimated,0
shipping_calls,ca,nation,2022-10,1150,calls,portwatch,2022-10-31,,2026-09-26,estimated,0
shipping_calls,ca,nation,2022-11,1122,calls,portwatch,2022-11-30,,2026-09-26,estimated,0
shipping_calls,ca,nation,2022-12,1092,calls,portwatch,2022-12-31,,2026-09-26,estimated,0
shipping_calls,ca,nation,2023-01,907,calls,portwatch,2023-01-31,,2026-09-26,estimated,0
shipping_calls,ca,nation,2023-02,744,calls,portwatch,2023-02-28,,2026-09-26,estimated,0
shipping_calls,ca,nation,2023-03,893,calls,portwatch,2023-03-31,,2026-09-26,estimated,0
shipping_calls,ca,nation,2023-04,1044,calls,portwatch,2023-04-30,,2026-09-26,estimated,0
shipping_calls,ca,nation,2023-05,1107,calls,portwatch,2023-05-31,,2026-09-26,estimated,0
shipping_calls,ca,nation,2023-06,1038,calls,portwatch,2023-06-30,,2026-09-26,estimated,0
shipping_calls,ca,nation,2023-07,1046,calls,portwatch,2023-07-31,,2026-09-26,estimated,0
shipping_calls,ca,nation,2023-08,1089,calls,portwatch,2023-08-31,,2026-09-26,estimated,0
shipping_calls,ca,nation,2023-09,1035,calls,portwatch,2023-09-30,,2026-09-26,estimated,0
shipping_calls,ca,nation,2023-10,1125,calls,portwatch,2023-10-31,,2026-09-26,estimated,0
shipping_calls,ca,nation,2023-11,1139,calls,portwatch,2023-11-30,,2026-09-26,estimated,0
shipping_calls,ca,nation,2023-12,1069,calls,portwatch,2023-12-31,,2026-09-26,estimated,0
shipping_calls,ca,nation,2024-01,825,calls,portwatch,2024-01-31,,2026-09-26,estimated,0
shipping_calls,ca,nation,2024-02,775,calls,portwatch,2024-02-29,,2026-09-26,estimated,0
shipping_calls,ca,nation,2024-03,854,calls,portwatch,2024-03-31,,2026-09-26,estimated,0
shipping_calls,ca,nation,2024-04,1070,calls,portwatch,2024-04-30,,2026-09-26,estimated,0
shipping_calls,ca,nation,2024-05,1106,calls,portwatch,2024-05-31,,2026-09-26,estimated,0
shipping_calls,ca,nation,2024-06,1113,calls,portwatch,2024-06-30,,2026-09-26,estimated,0
shipping_calls,ca,nation,2024-07,1112,calls,portwatch,2024-07-31,,2026-09-26,estimated,0
shipping_calls,ca,nation,2024-08,1080,calls,portwatch,2024-08-31,,2026-09-26,estimated,0
shipping_calls,ca,nation,2024-09,1068,calls,portwatch,2024-09-30,,2026-09-26,estimated,0
shipping_calls,ca,nation,2024-10,1197,calls,portwatch,2024-10-31,,2026-09-26,estimated,0
shipping_calls,ca,nation,2024-11,1203,calls,portwatch,2024-11-30,,2026-09-26,estimated,0
shipping_calls,ca,nation,2024-12,1212,calls,portwatch,2024-12-31,,2026-09-26,estimated,0
shipping_calls,ca,nation,2025-01,897,calls,portwatch,2025-01-31,,2026-09-26,estimated,0
shipping_calls,ca,nation,2025-02,754,calls,portwatch,2025-02-28,,2026-09-26,estimated,0
shipping_calls,ca,nation,2025-03,942,calls,portwatch,2025-03-31,,2026-09-26,estimated,0
shipping_calls,ca,nation,2025-04,1107,calls,portwatch,2025-04-30,,2026-09-26,estimated,0
shipping_calls,ca,nation,2025-05,1202,calls,portwatch,2025-05-31,,2026-09-26,estimated,0
shipping_calls,ca,nation,2025-06,1125,calls,portwatch,2025-06-30,,2026-09-26,estimated,0
shipping_calls,ca,nation,2025-07,1085,calls,portwatch,2025-07-31,,2026-09-26,estimated,0
shipping_calls,ca,nation,2025-08,1066,calls,portwatch,2025-08-31,,2026-09-26,estimated,0
shipping_calls,ca,nation,2025-09,1159,calls,portwatch,2025-09-30,,2026-09-26,estimated,0
shipping_calls,ca,nation,2025-10,1185,calls,portwatch,2025-10-31,,2026-09-26,estimated,0
shipping_calls,ca,nation,2025-11,1243,calls,portwatch,2025-11-30,,2026-09-26,estimated,0
shipping_calls,ca,nation,2025-12,1137,calls,portwatch,2025-12-31,,2026-09-26,estimated,0
shipping_calls,ca,nation,2026-01,930,calls,portwatch,2026-01-31,,2026-09-26,estimated,0
shipping_calls,ca,nation,2026-02,809,calls,portwatch,2026-02-28,,2026-09-26,estimated,0
shipping_calls,ca,nation,2026-03,946,calls,portwatch,2026-03-31,,2026-09-26,estimated,0
shipping_calls,ca,nation,2026-04,1109,calls,portwatch,2026-04-30,,2026-09-26,estimated,0
shipping_calls,ca,nation,2026-05,1250,calls,portwatch,2026-05-31,,2026-09-26,estimated,0
shipping_calls,ca,nation,2026-06,1134,calls,portwatch,2026-06-30,,2026-09-26,estimated,0
shipping_calls,ca,nation,2026-07,1173,calls,portwatch,2026-07-31,,2026-09-26,estimated,0
shipping_calls,ca,nation,2026-08,1165,calls,portwatch,2026-08-31,,2026-09-26,estimated,0
shipping_calls,cn,nation,2019-01,21762,calls,portwatch,2019-01-31,,2026-09-26,estimated,0
shipping_calls,cn,nation,2019-02,17214,calls,portwatch,2019-02-28,,2026-09-26,estimated,0
shipping_calls,cn,nation,2019-03,21557,calls,portwatch,2019-03-31,,2026-09-26,estimated,0
shipping_calls,cn,nation,2019-04,20293,calls,portwatch,2019-04-30,,2026-09-26,estimated,0
shipping_calls,cn,nation,2019-05,22643,calls,portwatch,2019-05-31,,2026-09-26,estimated,0
shipping_calls,cn,nation,2019-06,21844,calls,portwatch,2019-06-30,,2026-09-26,estimated,0
shipping_calls,cn,nation,2019-07,22057,calls,portwatch,2019-07-31,,2026-09-26,estimated,0
shipping_calls,cn,nation,2019-08,21902,calls,portwatch,2019-08-31,,2026-09-26,estimated,0
shipping_calls,cn,nation,2019-09,21601,calls,portwatch,2019-09-30,,2026-09-26,estimated,0
shipping_calls,cn,nation,2019-10,22205,calls,portwatch,2019-10-31,,2026-09-26,estimated,0
shipping_calls,cn,nation,2019-11,21366,calls,portwatch,2019-11-30,,2026-09-26,estimated,0
shipping_calls,cn,nation,2019-12,21585,calls,portwatch,2019-12-31,,2026-09-26,estimated,0
shipping_calls,cn,nation,2020-01,20885,calls,portwatch,2020-01-31,,2026-09-26,estimated,0
shipping_calls,cn,nation,2020-02,16679,calls,portwatch,2020-02-29,,2026-09-26,estimated,0
shipping_calls,cn,nation,2020-03,20272,calls,portwatch,2020-03-31,,2026-09-26,estimated,0
shipping_calls,cn,nation,2020-04,21115,calls,portwatch,2020-04-30,,2026-09-26,estimated,0
shipping_calls,cn,nation,2020-05,21766,calls,portwatch,2020-05-31,,2026-09-26,estimated,0
shipping_calls,cn,nation,2020-06,22035,calls,portwatch,2020-06-30,,2026-09-26,estimated,0
shipping_calls,cn,nation,2020-07,22483,calls,portwatch,2020-07-31,,2026-09-26,estimated,0
shipping_calls,cn,nation,2020-08,21641,calls,portwatch,2020-08-31,,2026-09-26,estimated,0
shipping_calls,cn,nation,2020-09,21509,calls,portwatch,2020-09-30,,2026-09-26,estimated,0
shipping_calls,cn,nation,2020-10,21273,calls,portwatch,2020-10-31,,2026-09-26,estimated,0
shipping_calls,cn,nation,2020-11,20782,calls,portwatch,2020-11-30,,2026-09-26,estimated,0
shipping_calls,cn,nation,2020-12,20568,calls,portwatch,2020-12-31,,2026-09-26,estimated,0
shipping_calls,cn,nation,2021-01,21445,calls,portwatch,2021-01-31,,2026-09-26,estimated,0
shipping_calls,cn,nation,2021-02,18883,calls,portwatch,2021-02-28,,2026-09-26,estimated,0
shipping_calls,cn,nation,2021-03,22923,calls,portwatch,2021-03-31,,2026-09-26,estimated,0
shipping_calls,cn,nation,2021-04,22438,calls,portwatch,2021-04-30,,2026-09-26,estimated,0
shipping_calls,cn,nation,2021-05,23186,calls,portwatch,2021-05-31,,2026-09-26,estimated,0
shipping_calls,cn,nation,2021-06,22072,calls,portwatch,2021-06-30,,2026-09-26,estimated,0
shipping_calls,cn,nation,2021-07,20481,calls,portwatch,2021-07-31,,2026-09-26,estimated,0
shipping_calls,cn,nation,2021-08,21018,calls,portwatch,2021-08-31,,2026-09-26,estimated,0
shipping_calls,cn,nation,2021-09,18887,calls,portwatch,2021-09-30,,2026-09-26,estimated,0
shipping_calls,cn,nation,2021-10,19860,calls,portwatch,2021-10-31,,2026-09-26,estimated,0
shipping_calls,cn,nation,2021-11,21036,calls,portwatch,2021-11-30,,2026-09-26,estimated,0
shipping_calls,cn,nation,2021-12,22528,calls,portwatch,2021-12-31,,2026-09-26,estimated,0
shipping_calls,cn,nation,2022-01,22744,calls,portwatch,2022-01-31,,2026-09-26,estimated,0
shipping_calls,cn,nation,2022-02,19143,calls,portwatch,2022-02-28,,2026-09-26,estimated,0
shipping_calls,cn,nation,2022-03,21547,calls,portwatch,2022-03-31,,2026-09-26,estimated,0
shipping_calls,cn,nation,2022-04,21315,calls,portwatch,2022-04-30,,2026-09-26,estimated,0
shipping_calls,cn,nation,2022-05,22318,calls,portwatch,2022-05-31,,2026-09-26,estimated,0
shipping_calls,cn,nation,2022-06,21791,calls,portwatch,2022-06-30,,2026-09-26,estimated,0
shipping_calls,cn,nation,2022-07,22686,calls,portwatch,2022-07-31,,2026-09-26,estimated,0
shipping_calls,cn,nation,2022-08,22607,calls,portwatch,2022-08-31,,2026-09-26,estimated,0
shipping_calls,cn,nation,2022-09,21330,calls,portwatch,2022-09-30,,2026-09-26,estimated,0
shipping_calls,cn,nation,2022-10,22698,calls,portwatch,2022-10-31,,2026-09-26,estimated,0
shipping_calls,cn,nation,2022-11,22581,calls,portwatch,2022-11-30,,2026-09-26,estimated,0
shipping_calls,cn,nation,2022-12,23031,calls,portwatch,2022-12-31,,2026-09-26,estimated,0
shipping_calls,cn,nation,2023-01,22098,calls,portwatch,2023-01-31,,2026-09-26,estimated,0
shipping_calls,cn,nation,2023-02,20549,calls,portwatch,2023-02-28,,2026-09-26,estimated,0
shipping_calls,cn,nation,2023-03,24038,calls,portwatch,2023-03-31,,2026-09-26,estimated,0
shipping_calls,cn,nation,2023-04,23621,calls,portwatch,2023-04-30,,2026-09-26,estimated,0
shipping_calls,cn,nation,2023-05,23354,calls,portwatch,2023-05-31,,2026-09-26,estimated,0
shipping_calls,cn,nation,2023-06,23549,calls,portwatch,2023-06-30,,2026-09-26,estimated,0
shipping_calls,cn,nation,2023-07,23298,calls,portwatch,2023-07-31,,2026-09-26,estimated,0
shipping_calls,cn,nation,2023-08,23472,calls,portwatch,2023-08-31,,2026-09-26,estimated,0
shipping_calls,cn,nation,2023-09,23603,calls,portwatch,2023-09-30,,2026-09-26,estimated,0
shipping_calls,cn,nation,2023-10,23420,calls,portwatch,2023-10-31,,2026-09-26,estimated,0
shipping_calls,cn,nation,2023-11,23000,calls,portwatch,2023-11-30,,2026-09-26,estimated,0
shipping_calls,cn,nation,2023-12,22474,calls,portwatch,2023-12-31,,2026-09-26,estimated,0
shipping_calls,cn,nation,2024-01,24076,calls,portwatch,2024-01-31,,2026-09-26,estimated,0
shipping_calls,cn,nation,2024-02,20376,calls,portwatch,2024-02-29,,2026-09-26,estimated,0
shipping_calls,cn,nation,2024-03,25033,calls,portwatch,2024-03-31,,2026-09-26,estimated,0
shipping_calls,cn,nation,2024-04,24039,calls,portwatch,2024-04-30,,2026-09-26,estimated,0
shipping_calls,cn,nation,2024-05,24946,calls,portwatch,2024-05-31,,2026-09-26,estimated,0
shipping_calls,cn,nation,2024-06,23519,calls,portwatch,2024-06-30,,2026-09-26,estimated,0
shipping_calls,cn,nation,2024-07,23358,calls,portwatch,2024-07-31,,2026-09-26,estimated,0
shipping_calls,cn,nation,2024-08,22957,calls,portwatch,2024-08-31,,2026-09-26,estimated,0
shipping_calls,cn,nation,2024-09,21626,calls,portwatch,2024-09-30,,2026-09-26,estimated,0
shipping_calls,cn,nation,2024-10,23554,calls,portwatch,2024-10-31,,2026-09-26,estimated,0
shipping_calls,cn,nation,2024-11,23201,calls,portwatch,2024-11-30,,2026-09-26,estimated,0
shipping_calls,cn,nation,2024-12,24759,calls,portwatch,2024-12-31,,2026-09-26,estimated,0
shipping_calls,cn,nation,2025-01,23403,calls,portwatch,2025-01-31,,2026-09-26,estimated,0
shipping_calls,cn,nation,2025-02,19624,calls,portwatch,2025-02-28,,2026-09-26,estimated,0
shipping_calls,cn,nation,2025-03,23727,calls,portwatch,2025-03-31,,2026-09-26,estimated,0
shipping_calls,cn,nation,2025-04,23540,calls,portwatch,2025-04-30,,2026-09-26,estimated,0
shipping_calls,cn,nation,2025-05,24601,calls,portwatch,2025-05-31,,2026-09-26,estimated,0
shipping_calls,cn,nation,2025-06,23722,calls,portwatch,2025-06-30,,2026-09-26,estimated,0
shipping_calls,cn,nation,2025-07,23128,calls,portwatch,2025-07-31,,2026-09-26,estimated,0
shipping_calls,cn,nation,2025-08,24665,calls,portwatch,2025-08-31,,2026-09-26,estimated,0
shipping_calls,cn,nation,2025-09,23137,calls,portwatch,2025-09-30,,2026-09-26,estimated,0
shipping_calls,cn,nation,2025-10,22647,calls,portwatch,2025-10-31,,2026-09-26,estimated,0
shipping_calls,cn,nation,2025-11,23195,calls,portwatch,2025-11-30,,2026-09-26,estimated,0
shipping_calls,cn,nation,2025-12,24176,calls,portwatch,2025-12-31,,2026-09-26,estimated,0
shipping_calls,cn,nation,2026-01,23231,calls,portwatch,2026-01-31,,2026-09-26,estimated,0
shipping_calls,cn,nation,2026-02,19784,calls,portwatch,2026-02-28,,2026-09-26,estimated,0
shipping_calls,cn,nation,2026-03,22989,calls,portwatch,2026-03-31,,2026-09-26,estimated,0
shipping_calls,cn,nation,2026-04,22073,calls,portwatch,2026-04-30,,2026-09-26,estimated,0
shipping_calls,cn,nation,2026-05,20354,calls,portwatch,2026-05-31,,2026-09-26,estimated,0
shipping_calls,cn,nation,2026-06,20539,calls,portwatch,2026-06-30,,2026-09-26,estimated,0
shipping_calls,cn,nation,2026-07,19401,calls,portwatch,2026-07-31,,2026-09-26,estimated,0
shipping_calls,cn,nation,2026-08,18744,calls,portwatch,2026-08-31,,2026-09-26,estimated,0
shipping_calls,de,nation,2019-01,2400,calls,portwatch,2019-01-31,,2026-09-26,estimated,0
shipping_calls,de,nation,2019-02,2310,calls,portwatch,2019-02-28,,2026-09-26,estimated,0
shipping_calls,de,nation,2019-03,2465,calls,portwatch,2019-03-31,,2026-09-26,estimated,0
shipping_calls,de,nation,2019-04,2283,calls,portwatch,2019-04-30,,2026-09-26,estimated,0
shipping_calls,de,nation,2019-05,2446,calls,portwatch,2019-05-31,,2026-09-26,estimated,0
shipping_calls,de,nation,2019-06,2356,calls,portwatch,2019-06-30,,2026-09-26,estimated,0
shipping_calls,de,nation,2019-07,2398,calls,portwatch,2019-07-31,,2026-09-26,estimated,0
shipping_calls,de,nation,2019-08,2385,calls,portwatch,2019-08-31,,2026-09-26,estimated,0
shipping_calls,de,nation,2019-09,2401,calls,portwatch,2019-09-30,,2026-09-26,estimated,0
shipping_calls,de,nation,2019-10,2464,calls,portwatch,2019-10-31,,2026-09-26,estimated,0
shipping_calls,de,nation,2019-11,2391,calls,portwatch,2019-11-30,,2026-09-26,estimated,0
shipping_calls,de,nation,2019-12,2188,calls,portwatch,2019-12-31,,2026-09-26,estimated,0
shipping_calls,de,nation,2020-01,2286,calls,portwatch,2020-01-31,,2026-09-26,estimated,0
shipping_calls,de,nation,2020-02,2082,calls,portwatch,2020-02-29,,2026-09-26,estimated,0
shipping_calls,de,nation,2020-03,2447,calls,portwatch,2020-03-31,,2026-09-26,estimated,0
shipping_calls,de,nation,2020-04,2118,calls,portwatch,2020-04-30,,2026-09-26,estimated,0
shipping_calls,de,nation,2020-05,2063,calls,portwatch,2020-05-31,,2026-09-26,estimated,0
shipping_calls,de,nation,2020-06,2051,calls,portwatch,2020-06-30,,2026-09-26,estimated,0
shipping_calls,de,nation,2020-07,2162,calls,portwatch,2020-07-31,,2026-09-26,estimated,0
shipping_calls,de,nation,2020-08,2272,calls,portwatch,2020-08-31,,2026-09-26,estimated,0
shipping_calls,de,nation,2020-09,2278,calls,portwatch,2020-09-30,,2026-09-26,estimated,0
shipping_calls,de,nation,2020-10,2375,calls,portwatch,2020-10-31,,2026-09-26,estimated,0
shipping_calls,de,nation,2020-11,2337,calls,portwatch,2020-11-30,,2026-09-26,estimated,0
shipping_calls,de,nation,2020-12,2183,calls,portwatch,2020-12-31,,2026-09-26,estimated,0
shipping_calls,de,nation,2021-01,2172,calls,portwatch,2021-01-31,,2026-09-26,estimated,0
shipping_calls,de,nation,2021-02,2040,calls,portwatch,2021-02-28,,2026-09-26,estimated,0
shipping_calls,de,nation,2021-03,2361,calls,portwatch,2021-03-31,,2026-09-26,estimated,0
shipping_calls,de,nation,2021-04,2235,calls,portwatch,2021-04-30,,2026-09-26,estimated,0
shipping_calls,de,nation,2021-05,2300,calls,portwatch,2021-05-31,,2026-09-26,estimated,0
shipping_calls,de,nation,2021-06,2303,calls,portwatch,2021-06-30,,2026-09-26,estimated,0
shipping_calls,de,nation,2021-07,2388,calls,portwatch,2021-07-31,,2026-09-26,estimated,0
shipping_calls,de,nation,2021-08,2358,calls,portwatch,2021-08-31,,2026-09-26,estimated,0
shipping_calls,de,nation,2021-09,2301,calls,portwatch,2021-09-30,,2026-09-26,estimated,0
shipping_calls,de,nation,2021-10,2425,calls,portwatch,2021-10-31,,2026-09-26,estimated,0
shipping_calls,de,nation,2021-11,2343,calls,portwatch,2021-11-30,,2026-09-26,estimated,0
shipping_calls,de,nation,2021-12,2232,calls,portwatch,2021-12-31,,2026-09-26,estimated,0
shipping_calls,de,nation,2022-01,2255,calls,portwatch,2022-01-31,,2026-09-26,estimated,0
shipping_calls,de,nation,2022-02,2061,calls,portwatch,2022-02-28,,2026-09-26,estimated,0
shipping_calls,de,nation,2022-03,2447,calls,portwatch,2022-03-31,,2026-09-26,estimated,0
shipping_calls,de,nation,2022-04,2228,calls,portwatch,2022-04-30,,2026-09-26,estimated,0
shipping_calls,de,nation,2022-05,2403,calls,portwatch,2022-05-31,,2026-09-26,estimated,0
shipping_calls,de,nation,2022-06,2277,calls,portwatch,2022-06-30,,2026-09-26,estimated,0
shipping_calls,de,nation,2022-07,2176,calls,portwatch,2022-07-31,,2026-09-26,estimated,0
shipping_calls,de,nation,2022-08,2340,calls,portwatch,2022-08-31,,2026-09-26,estimated,0
shipping_calls,de,nation,2022-09,2183,calls,portwatch,2022-09-30,,2026-09-26,estimated,0
shipping_calls,de,nation,2022-10,2328,calls,portwatch,2022-10-31,,2026-09-26,estimated,0
shipping_calls,de,nation,2022-11,2179,calls,portwatch,2022-11-30,,2026-09-26,estimated,0
shipping_calls,de,nation,2022-12,2064,calls,portwatch,2022-12-31,,2026-09-26,estimated,0
shipping_calls,de,nation,2023-01,2170,calls,portwatch,2023-01-31,,2026-09-26,estimated,0
shipping_calls,de,nation,2023-02,1974,calls,portwatch,2023-02-28,,2026-09-26,estimated,0
shipping_calls,de,nation,2023-03,2225,calls,portwatch,2023-03-31,,2026-09-26,estimated,0
shipping_calls,de,nation,2023-04,2120,calls,portwatch,2023-04-30,,2026-09-26,estimated,0
shipping_calls,de,nation,2023-05,2202,calls,portwatch,2023-05-31,,2026-09-26,estimated,0
shipping_calls,de,nation,2023-06,2101,calls,portwatch,2023-06-30,,2026-09-26,estimated,0
shipping_calls,de,nation,2023-07,2131,calls,portwatch,2023-07-31,,2026-09-26,estimated,0
shipping_calls,de,nation,2023-08,2123,calls,portwatch,2023-08-31,,2026-09-26,estimated,0
shipping_calls,de,nation,2023-09,2124,calls,portwatch,2023-09-30,,2026-09-26,estimated,0
shipping_calls,de,nation,2023-10,2152,calls,portwatch,2023-10-31,,2026-09-26,estimated,0
shipping_calls,de,nation,2023-11,2035,calls,portwatch,2023-11-30,,2026-09-26,estimated,0
shipping_calls,de,nation,2023-12,1979,calls,portwatch,2023-12-31,,2026-09-26,estimated,0
shipping_calls,de,nation,2024-01,2001,calls,portwatch,2024-01-31,,2026-09-26,estimated,0
shipping_calls,de,nation,2024-02,1999,calls,portwatch,2024-02-29,,2026-09-26,estimated,0
shipping_calls,de,nation,2024-03,2099,calls,portwatch,2024-03-31,,2026-09-26,estimated,0
shipping_calls,de,nation,2024-04,2079,calls,portwatch,2024-04-30,,2026-09-26,estimated,0
shipping_calls,de,nation,2024-05,2115,calls,portwatch,2024-05-31,,2026-09-26,estimated,0
shipping_calls,de,nation,2024-06,2127,calls,portwatch,2024-06-30,,2026-09-26,estimated,0
shipping_calls,de,nation,2024-07,2152,calls,portwatch,2024-07-31,,2026-09-26,estimated,0
shipping_calls,de,nation,2024-08,2112,calls,portwatch,2024-08-31,,2026-09-26,estimated,0
shipping_calls,de,nation,2024-09,2123,calls,portwatch,2024-09-30,,2026-09-26,estimated,0
shipping_calls,de,nation,2024-10,2212,calls,portwatch,2024-10-31,,2026-09-26,estimated,0
shipping_calls,de,nation,2024-11,2146,calls,portwatch,2024-11-30,,2026-09-26,estimated,0
shipping_calls,de,nation,2024-12,1890,calls,portwatch,2024-12-31,,2026-09-26,estimated,0
shipping_calls,de,nation,2025-01,2052,calls,portwatch,2025-01-31,,2026-09-26,estimated,0
shipping_calls,de,nation,2025-02,1879,calls,portwatch,2025-02-28,,2026-09-26,estimated,0
shipping_calls,de,nation,2025-03,2196,calls,portwatch,2025-03-31,,2026-09-26,estimated,0
shipping_calls,de,nation,2025-04,2011,calls,portwatch,2025-04-30,,2026-09-26,estimated,0
shipping_calls,de,nation,2025-05,2184,calls,portwatch,2025-05-31,,2026-09-26,estimated,0
shipping_calls,de,nation,2025-06,2072,calls,portwatch,2025-06-30,,2026-09-26,estimated,0
shipping_calls,de,nation,2025-07,2212,calls,portwatch,2025-07-31,,2026-09-26,estimated,0
shipping_calls,de,nation,2025-08,2150,calls,portwatch,2025-08-31,,2026-09-26,estimated,0
shipping_calls,de,nation,2025-09,2069,calls,portwatch,2025-09-30,,2026-09-26,estimated,0
shipping_calls,de,nation,2025-10,2163,calls,portwatch,2025-10-31,,2026-09-26,estimated,0
shipping_calls,de,nation,2025-11,2123,calls,portwatch,2025-11-30,,2026-09-26,estimated,0
shipping_calls,de,nation,2025-12,2003,calls,portwatch,2025-12-31,,2026-09-26,estimated,0
shipping_calls,de,nation,2026-01,1864,calls,portwatch,2026-01-31,,2026-09-26,estimated,0
shipping_calls,de,nation,2026-02,1863,calls,portwatch,2026-02-28,,2026-09-26,estimated,0
shipping_calls,de,nation,2026-03,2148,calls,portwatch,2026-03-31,,2026-09-26,estimated,0
shipping_calls,de,nation,2026-04,2117,calls,portwatch,2026-04-30,,2026-09-26,estimated,0
shipping_calls,de,nation,2026-05,2263,calls,portwatch,2026-05-31,,2026-09-26,estimated,0
shipping_calls,de,nation,2026-06,2247,calls,portwatch,2026-06-30,,2026-09-26,estimated,0
shipping_calls,de,nation,2026-07,2251,calls,portwatch,2026-07-31,,2026-09-26,estimated,0
shipping_calls,de,nation,2026-08,2194,calls,portwatch,2026-08-31,,2026-09-26,estimated,0
shipping_calls,es,nation,2019-01,3256,calls,portwatch,2019-01-31,,2026-09-26,estimated,0
shipping_calls,es,nation,2019-02,3142,calls,portwatch,2019-02-28,,2026-09-26,estimated,0
shipping_calls,es,nation,2019-03,3534,calls,portwatch,2019-03-31,,2026-09-26,estimated,0
shipping_calls,es,nation,2019-04,3458,calls,portwatch,2019-04-30,,2026-09-26,estimated,0
shipping_calls,es,nation,2019-05,3717,calls,portwatch,2019-05-31,,2026-09-26,estimated,0
shipping_calls,es,nation,2019-06,3598,calls,portwatch,2019-06-30,,2026-09-26,estimated,0
shipping_calls,es,nation,2019-07,3754,calls,portwatch,2019-07-31,,2026-09-26,estimated,0
shipping_calls,es,nation,2019-08,3606,calls,portwatch,2019-08-31,,2026-09-26,estimated,0
shipping_calls,es,nation,2019-09,3523,calls,portwatch,2019-09-30,,2026-09-26,estimated,0
shipping_calls,es,nation,2019-10,3765,calls,portwatch,2019-10-31,,2026-09-26,estimated,0
shipping_calls,es,nation,2019-11,3407,calls,portwatch,2019-11-30,,2026-09-26,estimated,0
shipping_calls,es,nation,2019-12,3537,calls,portwatch,2019-12-31,,2026-09-26,estimated,0
shipping_calls,es,nation,2020-01,3491,calls,portwatch,2020-01-31,,2026-09-26,estimated,0
shipping_calls,es,nation,2020-02,3418,calls,portwatch,2020-02-29,,2026-09-26,estimated,0
shipping_calls,es,nation,2020-03,3520,calls,portwatch,2020-03-31,,2026-09-26,estimated,0
shipping_calls,es,nation,2020-04,3042,calls,portwatch,2020-04-30,,2026-09-26,estimated,0
shipping_calls,es,nation,2020-05,3160,calls,portwatch,2020-05-31,,2026-09-26,estimated,0
shipping_calls,es,nation,2020-06,3261,calls,portwatch,2020-06-30,,2026-09-26,estimated,0
shipping_calls,es,nation,2020-07,3372,calls,portwatch,2020-07-31,,2026-09-26,estimated,0
shipping_calls,es,nation,2020-08,3435,calls,portwatch,2020-08-31,,2026-09-26,estimated,0
shipping_calls,es,nation,2020-09,3409,calls,portwatch,2020-09-30,,2026-09-26,estimated,0
shipping_calls,es,nation,2020-10,3436,calls,portwatch,2020-10-31,,2026-09-26,estimated,0
shipping_calls,es,nation,2020-11,3485,calls,portwatch,2020-11-30,,2026-09-26,estimated,0
shipping_calls,es,nation,2020-12,3416,calls,portwatch,2020-12-31,,2026-09-26,estimated,0
shipping_calls,es,nation,2021-01,3455,calls,portwatch,2021-01-31,,2026-09-26,estimated,0
shipping_calls,es,nation,2021-02,3244,calls,portwatch,2021-02-28,,2026-09-26,estimated,0
shipping_calls,es,nation,2021-03,3660,calls,portwatch,2021-03-31,,2026-09-26,estimated,0
shipping_calls,es,nation,2021-04,3494,calls,portwatch,2021-04-30,,2026-09-26,estimated,0
shipping_calls,es,nation,2021-05,3617,calls,portwatch,2021-05-31,,2026-09-26,estimated,0
shipping_calls,es,nation,2021-06,3646,calls,portwatch,2021-06-30,,2026-09-26,estimated,0
shipping_calls,es,nation,2021-07,3670,calls,portwatch,2021-07-31,,2026-09-26,estimated,0
shipping_calls,es,nation,2021-08,3715,calls,portwatch,2021-08-31,,2026-09-26,estimated,0
shipping_calls,es,nation,2021-09,3642,calls,portwatch,2021-09-30,,2026-09-26,estimated,0
shipping_calls,es,nation,2021-10,3779,calls,portwatch,2021-10-31,,2026-09-26,estimated,0
shipping_calls,es,nation,2021-11,3664,calls,portwatch,2021-11-30,,2026-09-26,estimated,0
shipping_calls,es,nation,2021-12,3655,calls,portwatch,2021-12-31,,2026-09-26,estimated,0
shipping_calls,es,nation,2022-01,3750,calls,portwatch,2022-01-31,,2026-09-26,estimated,0
shipping_calls,es,nation,2022-02,3372,calls,portwatch,2022-02-28,,2026-09-26,estimated,0
shipping_calls,es,nation,2022-03,3621,calls,portwatch,2022-03-31,,2026-09-26,estimated,0
shipping_calls,es,nation,2022-04,3673,calls,portwatch,2022-04-30,,2026-09-26,estimated,0
shipping_calls,es,nation,2022-05,3988,calls,portwatch,2022-05-31,,2026-09-26,estimated,0
shipping_calls,es,nation,2022-06,3740,calls,portwatch,2022-06-30,,2026-09-26,estimated,0
shipping_calls,es,nation,2022-07,3849,calls,portwatch,2022-07-31,,2026-09-26,estimated,0
shipping_calls,es,nation,2022-08,3749,calls,portwatch,2022-08-31,,2026-09-26,estimated,0
shipping_calls,es,nation,2022-09,3627,calls,portwatch,2022-09-30,,2026-09-26,estimated,0
shipping_calls,es,nation,2022-10,3673,calls,portwatch,2022-10-31,,2026-09-26,estimated,0
shipping_calls,es,nation,2022-11,3531,calls,portwatch,2022-11-30,,2026-09-26,estimated,0
shipping_calls,es,nation,2022-12,3709,calls,portwatch,2022-12-31,,2026-09-26,estimated,0
shipping_calls,es,nation,2023-01,3571,calls,portwatch,2023-01-31,,2026-09-26,estimated,0
shipping_calls,es,nation,2023-02,3480,calls,portwatch,2023-02-28,,2026-09-26,estimated,0
shipping_calls,es,nation,2023-03,3853,calls,portwatch,2023-03-31,,2026-09-26,estimated,0
shipping_calls,es,nation,2023-04,3836,calls,portwatch,2023-04-30,,2026-09-26,estimated,0
shipping_calls,es,nation,2023-05,3982,calls,portwatch,2023-05-31,,2026-09-26,estimated,0
shipping_calls,es,nation,2023-06,3834,calls,portwatch,2023-06-30,,2026-09-26,estimated,0
shipping_calls,es,nation,2023-07,3839,calls,portwatch,2023-07-31,,2026-09-26,estimated,0
shipping_calls,es,nation,2023-08,3859,calls,portwatch,2023-08-31,,2026-09-26,estimated,0
shipping_calls,es,nation,2023-09,3805,calls,portwatch,2023-09-30,,2026-09-26,estimated,0
shipping_calls,es,nation,2023-10,3803,calls,portwatch,2023-10-31,,2026-09-26,estimated,0
shipping_calls,es,nation,2023-11,3690,calls,portwatch,2023-11-30,,2026-09-26,estimated,0
shipping_calls,es,nation,2023-12,3675,calls,portwatch,2023-12-31,,2026-09-26,estimated,0
shipping_calls,es,nation,2024-01,3843,calls,portwatch,2024-01-31,,2026-09-26,estimated,0
shipping_calls,es,nation,2024-02,3563,calls,portwatch,2024-02-29,,2026-09-26,estimated,0
shipping_calls,es,nation,2024-03,3941,calls,portwatch,2024-03-31,,2026-09-26,estimated,0
shipping_calls,es,nation,2024-04,4069,calls,portwatch,2024-04-30,,2026-09-26,estimated,0
shipping_calls,es,nation,2024-05,4186,calls,portwatch,2024-05-31,,2026-09-26,estimated,0
shipping_calls,es,nation,2024-06,3939,calls,portwatch,2024-06-30,,2026-09-26,estimated,0
shipping_calls,es,nation,2024-07,4058,calls,portwatch,2024-07-31,,2026-09-26,estimated,0
shipping_calls,es,nation,2024-08,3873,calls,portwatch,2024-08-31,,2026-09-26,estimated,0
shipping_calls,es,nation,2024-09,3831,calls,portwatch,2024-09-30,,2026-09-26,estimated,0
shipping_calls,es,nation,2024-10,3753,calls,portwatch,2024-10-31,,2026-09-26,estimated,0
shipping_calls,es,nation,2024-11,3779,calls,portwatch,2024-11-30,,2026-09-26,estimated,0
shipping_calls,es,nation,2024-12,3598,calls,portwatch,2024-12-31,,2026-09-26,estimated,0
shipping_calls,es,nation,2025-01,3522,calls,portwatch,2025-01-31,,2026-09-26,estimated,0
shipping_calls,es,nation,2025-02,3508,calls,portwatch,2025-02-28,,2026-09-26,estimated,0
shipping_calls,es,nation,2025-03,3970,calls,portwatch,2025-03-31,,2026-09-26,estimated,0
shipping_calls,es,nation,2025-04,3733,calls,portwatch,2025-04-30,,2026-09-26,estimated,0
shipping_calls,es,nation,2025-05,4016,calls,portwatch,2025-05-31,,2026-09-26,estimated,0
shipping_calls,es,nation,2025-06,3833,calls,portwatch,2025-06-30,,2026-09-26,estimated,0
shipping_calls,es,nation,2025-07,3901,calls,portwatch,2025-07-31,,2026-09-26,estimated,0
shipping_calls,es,nation,2025-08,3685,calls,portwatch,2025-08-31,,2026-09-26,estimated,0
shipping_calls,es,nation,2025-09,3800,calls,portwatch,2025-09-30,,2026-09-26,estimated,0
shipping_calls,es,nation,2025-10,4003,calls,portwatch,2025-10-31,,2026-09-26,estimated,0
shipping_calls,es,nation,2025-11,3934,calls,portwatch,2025-11-30,,2026-09-26,estimated,0
shipping_calls,es,nation,2025-12,3761,calls,portwatch,2025-12-31,,2026-09-26,estimated,0
shipping_calls,es,nation,2026-01,3316,calls,portwatch,2026-01-31,,2026-09-26,estimated,0
shipping_calls,es,nation,2026-02,3545,calls,portwatch,2026-02-28,,2026-09-26,estimated,0
shipping_calls,es,nation,2026-03,3891,calls,portwatch,2026-03-31,,2026-09-26,estimated,0
shipping_calls,es,nation,2026-04,3800,calls,portwatch,2026-04-30,,2026-09-26,estimated,0
shipping_calls,es,nation,2026-05,3902,calls,portwatch,2026-05-31,,2026-09-26,estimated,0
shipping_calls,es,nation,2026-06,3661,calls,portwatch,2026-06-30,,2026-09-26,estimated,0
shipping_calls,es,nation,2026-07,3721,calls,portwatch,2026-07-31,,2026-09-26,estimated,0
shipping_calls,es,nation,2026-08,3723,calls,portwatch,2026-08-31,,2026-09-26,estimated,0
shipping_calls,fr,nation,2019-01,1575,calls,portwatch,2019-01-31,,2026-09-26,estimated,0
shipping_calls,fr,nation,2019-02,1606,calls,portwatch,2019-02-28,,2026-09-26,estimated,0
shipping_calls,fr,nation,2019-03,1760,calls,portwatch,2019-03-31,,2026-09-26,estimated,0
shipping_calls,fr,nation,2019-04,1730,calls,portwatch,2019-04-30,,2026-09-26,estimated,0
shipping_calls,fr,nation,2019-05,1587,calls,portwatch,2019-05-31,,2026-09-26,estimated,0
shipping_calls,fr,nation,2019-06,1698,calls,portwatch,2019-06-30,,2026-09-26,estimated,0
shipping_calls,fr,nation,2019-07,1807,calls,portwatch,2019-07-31,,2026-09-26,estimated,0
shipping_calls,fr,nation,2019-08,1710,calls,portwatch,2019-08-31,,2026-09-26,estimated,0
shipping_calls,fr,nation,2019-09,1532,calls,portwatch,2019-09-30,,2026-09-26,estimated,0
shipping_calls,fr,nation,2019-10,1540,calls,portwatch,2019-10-31,,2026-09-26,estimated,0
shipping_calls,fr,nation,2019-11,1495,calls,portwatch,2019-11-30,,2026-09-26,estimated,0
shipping_calls,fr,nation,2019-12,1369,calls,portwatch,2019-12-31,,2026-09-26,estimated,0
shipping_calls,fr,nation,2020-01,1264,calls,portwatch,2020-01-31,,2026-09-26,estimated,0
shipping_calls,fr,nation,2020-02,1391,calls,portwatch,2020-02-29,,2026-09-26,estimated,0
shipping_calls,fr,nation,2020-03,1483,calls,portwatch,2020-03-31,,2026-09-26,estimated,0
shipping_calls,fr,nation,2020-04,1406,calls,portwatch,2020-04-30,,2026-09-26,estimated,0
shipping_calls,fr,nation,2020-05,1441,calls,portwatch,2020-05-31,,2026-09-26,estimated,0
shipping_calls,fr,nation,2020-06,1454,calls,portwatch,2020-06-30,,2026-09-26,estimated,0
shipping_calls,fr,nation,2020-07,1678,calls,portwatch,2020-07-31,,2026-09-26,estimated,0
shipping_calls,fr,nation,2020-08,1490,calls,portwatch,2020-08-31,,2026-09-26,estimated,0
shipping_calls,fr,nation,2020-09,1507,calls,portwatch,2020-09-30,,2026-09-26,estimated,0
shipping_calls,fr,nation,2020-10,1620,calls,portwatch,2020-10-31,,2026-09-26,estimated,0
shipping_calls,fr,nation,2020-11,1520,calls,portwatch,2020-11-30,,2026-09-26,estimated,0
shipping_calls,fr,nation,2020-12,1447,calls,portwatch,2020-12-31,,2026-09-26,estimated,0
shipping_calls,fr,nation,2021-01,1533,calls,portwatch,2021-01-31,,2026-09-26,estimated,0
shipping_calls,fr,nation,2021-02,1415,calls,portwatch,2021-02-28,,2026-09-26,estimated,0
shipping_calls,fr,nation,2021-03,1664,calls,portwatch,2021-03-31,,2026-09-26,estimated,0
shipping_calls,fr,nation,2021-04,1598,calls,portwatch,2021-04-30,,2026-09-26,estimated,0
shipping_calls,fr,nation,2021-05,1614,calls,portwatch,2021-05-31,,2026-09-26,estimated,0
shipping_calls,fr,nation,2021-06,1485,calls,portwatch,2021-06-30,,2026-09-26,estimated,0
shipping_calls,fr,nation,2021-07,1574,calls,portwatch,2021-07-31,,2026-09-26,estimated,0
shipping_calls,fr,nation,2021-08,1553,calls,portwatch,2021-08-31,,2026-09-26,estimated,0
shipping_calls,fr,nation,2021-09,1513,calls,portwatch,2021-09-30,,2026-09-26,estimated,0
shipping_calls,fr,nation,2021-10,1517,calls,portwatch,2021-10-31,,2026-09-26,estimated,0
shipping_calls,fr,nation,2021-11,1557,calls,portwatch,2021-11-30,,2026-09-26,estimated,0
shipping_calls,fr,nation,2021-12,1658,calls,portwatch,2021-12-31,,2026-09-26,estimated,0
shipping_calls,fr,nation,2022-01,1696,calls,portwatch,2022-01-31,,2026-09-26,estimated,0
shipping_calls,fr,nation,2022-02,1492,calls,portwatch,2022-02-28,,2026-09-26,estimated,0
shipping_calls,fr,nation,2022-03,1698,calls,portwatch,2022-03-31,,2026-09-26,estimated,0
shipping_calls,fr,nation,2022-04,1589,calls,portwatch,2022-04-30,,2026-09-26,estimated,0
shipping_calls,fr,nation,2022-05,1732,calls,portwatch,2022-05-31,,2026-09-26,estimated,0
shipping_calls,fr,nation,2022-06,1613,calls,portwatch,2022-06-30,,2026-09-26,estimated,0
shipping_calls,fr,nation,2022-07,1776,calls,portwatch,2022-07-31,,2026-09-26,estimated,0
shipping_calls,fr,nation,2022-08,1743,calls,portwatch,2022-08-31,,2026-09-26,estimated,0
shipping_calls,fr,nation,2022-09,1603,calls,portwatch,2022-09-30,,2026-09-26,estimated,0
shipping_calls,fr,nation,2022-10,1715,calls,portwatch,2022-10-31,,2026-09-26,estimated,0
shipping_calls,fr,nation,2022-11,1582,calls,portwatch,2022-11-30,,2026-09-26,estimated,0
shipping_calls,fr,nation,2022-12,1641,calls,portwatch,2022-12-31,,2026-09-26,estimated,0
shipping_calls,fr,nation,2023-01,1582,calls,portwatch,2023-01-31,,2026-09-26,estimated,0
shipping_calls,fr,nation,2023-02,1540,calls,portwatch,2023-02-28,,2026-09-26,estimated,0
shipping_calls,fr,nation,2023-03,1370,calls,portwatch,2023-03-31,,2026-09-26,estimated,0
shipping_calls,fr,nation,2023-04,1562,calls,portwatch,2023-04-30,,2026-09-26,estimated,0
shipping_calls,fr,nation,2023-05,1700,calls,portwatch,2023-05-31,,2026-09-26,estimated,0
shipping_calls,fr,nation,2023-06,1691,calls,portwatch,2023-06-30,,2026-09-26,estimated,0
shipping_calls,fr,nation,2023-07,1638,calls,portwatch,2023-07-31,,2026-09-26,estimated,0
shipping_calls,fr,nation,2023-08,1641,calls,portwatch,2023-08-31,,2026-09-26,estimated,0
shipping_calls,fr,nation,2023-09,1685,calls,portwatch,2023-09-30,,2026-09-26,estimated,0
shipping_calls,fr,nation,2023-10,1712,calls,portwatch,2023-10-31,,2026-09-26,estimated,0
shipping_calls,fr,nation,2023-11,1609,calls,portwatch,2023-11-30,,2026-09-26,estimated,0
shipping_calls,fr,nation,2023-12,1471,calls,portwatch,2023-12-31,,2026-09-26,estimated,0
shipping_calls,fr,nation,2024-01,1498,calls,portwatch,2024-01-31,,2026-09-26,estimated,0
shipping_calls,fr,nation,2024-02,1469,calls,portwatch,2024-02-29,,2026-09-26,estimated,0
shipping_calls,fr,nation,2024-03,1706,calls,portwatch,2024-03-31,,2026-09-26,estimated,0
shipping_calls,fr,nation,2024-04,1681,calls,portwatch,2024-04-30,,2026-09-26,estimated,0
shipping_calls,fr,nation,2024-05,1732,calls,portwatch,2024-05-31,,2026-09-26,estimated,0
shipping_calls,fr,nation,2024-06,1741,calls,portwatch,2024-06-30,,2026-09-26,estimated,0
shipping_calls,fr,nation,2024-07,1729,calls,portwatch,2024-07-31,,2026-09-26,estimated,0
shipping_calls,fr,nation,2024-08,1605,calls,portwatch,2024-08-31,,2026-09-26,estimated,0
shipping_calls,fr,nation,2024-09,1589,calls,portwatch,2024-09-30,,2026-09-26,estimated,0
shipping_calls,fr,nation,2024-10,1684,calls,portwatch,2024-10-31,,2026-09-26,estimated,0
shipping_calls,fr,nation,2024-11,1551,calls,portwatch,2024-11-30,,2026-09-26,estimated,0
shipping_calls,fr,nation,2024-12,1518,calls,portwatch,2024-12-31,,2026-09-26,estimated,0
shipping_calls,fr,nation,2025-01,1435,calls,portwatch,2025-01-31,,2026-09-26,estimated,0
shipping_calls,fr,nation,2025-02,1535,calls,portwatch,2025-02-28,,2026-09-26,estimated,0
shipping_calls,fr,nation,2025-03,1669,calls,portwatch,2025-03-31,,2026-09-26,estimated,0
shipping_calls,fr,nation,2025-04,1609,calls,portwatch,2025-04-30,,2026-09-26,estimated,0
shipping_calls,fr,nation,2025-05,1639,calls,portwatch,2025-05-31,,2026-09-26,estimated,0
shipping_calls,fr,nation,2025-06,1638,calls,portwatch,2025-06-30,,2026-09-26,estimated,0
shipping_calls,fr,nation,2025-07,1705,calls,portwatch,2025-07-31,,2026-09-26,estimated,0
shipping_calls,fr,nation,2025-08,1641,calls,portwatch,2025-08-31,,2026-09-26,estimated,0
shipping_calls,fr,nation,2025-09,1704,calls,portwatch,2025-09-30,,2026-09-26,estimated,0
shipping_calls,fr,nation,2025-10,1644,calls,portwatch,2025-10-31,,2026-09-26,estimated,0
shipping_calls,fr,nation,2025-11,1630,calls,portwatch,2025-11-30,,2026-09-26,estimated,0
shipping_calls,fr,nation,2025-12,1671,calls,portwatch,2025-12-31,,2026-09-26,estimated,0
shipping_calls,fr,nation,2026-01,1492,calls,portwatch,2026-01-31,,2026-09-26,estimated,0
shipping_calls,fr,nation,2026-02,1559,calls,portwatch,2026-02-28,,2026-09-26,estimated,0
shipping_calls,fr,nation,2026-03,1692,calls,portwatch,2026-03-31,,2026-09-26,estimated,0
shipping_calls,fr,nation,2026-04,1689,calls,portwatch,2026-04-30,,2026-09-26,estimated,0
shipping_calls,fr,nation,2026-05,1661,calls,portwatch,2026-05-31,,2026-09-26,estimated,0
shipping_calls,fr,nation,2026-06,1599,calls,portwatch,2026-06-30,,2026-09-26,estimated,0
shipping_calls,fr,nation,2026-07,1634,calls,portwatch,2026-07-31,,2026-09-26,estimated,0
shipping_calls,fr,nation,2026-08,1608,calls,portwatch,2026-08-31,,2026-09-26,estimated,0
shipping_calls,gb,nation,2019-01,3743,calls,portwatch,2019-01-31,,2026-09-26,estimated,0
shipping_calls,gb,nation,2019-02,3636,calls,portwatch,2019-02-28,,2026-09-26,estimated,0
shipping_calls,gb,nation,2019-03,3960,calls,portwatch,2019-03-31,,2026-09-26,estimated,0
shipping_calls,gb,nation,2019-04,3700,calls,portwatch,2019-04-30,,2026-09-26,estimated,0
shipping_calls,gb,nation,2019-05,3939,calls,portwatch,2019-05-31,,2026-09-26,estimated,0
shipping_calls,gb,nation,2019-06,3748,calls,portwatch,2019-06-30,,2026-09-26,estimated,0
shipping_calls,gb,nation,2019-07,3831,calls,portwatch,2019-07-31,,2026-09-26,estimated,0
shipping_calls,gb,nation,2019-08,3735,calls,portwatch,2019-08-31,,2026-09-26,estimated,0
shipping_calls,gb,nation,2019-09,3804,calls,portwatch,2019-09-30,,2026-09-26,estimated,0
shipping_calls,gb,nation,2019-10,4130,calls,portwatch,2019-10-31,,2026-09-26,estimated,0
shipping_calls,gb,nation,2019-11,3723,calls,portwatch,2019-11-30,,2026-09-26,estimated,0
shipping_calls,gb,nation,2019-12,3371,calls,portwatch,2019-12-31,,2026-09-26,estimated,0
shipping_calls,gb,nation,2020-01,3579,calls,portwatch,2020-01-31,,2026-09-26,estimated,0
shipping_calls,gb,nation,2020-02,3252,calls,portwatch,2020-02-29,,2026-09-26,estimated,0
shipping_calls,gb,nation,2020-03,4059,calls,portwatch,2020-03-31,,2026-09-26,estimated,0
shipping_calls,gb,nation,2020-04,3213,calls,portwatch,2020-04-30,,2026-09-26,estimated,0
shipping_calls,gb,nation,2020-05,3066,calls,portwatch,2020-05-31,,2026-09-26,estimated,0
shipping_calls,gb,nation,2020-06,3165,calls,portwatch,2020-06-30,,2026-09-26,estimated,0
shipping_calls,gb,nation,2020-07,3540,calls,portwatch,2020-07-31,,2026-09-26,estimated,0
shipping_calls,gb,nation,2020-08,3496,calls,portwatch,2020-08-31,,2026-09-26,estimated,0
shipping_calls,gb,nation,2020-09,3515,calls,portwatch,2020-09-30,,2026-09-26,estimated,0
shipping_calls,gb,nation,2020-10,3605,calls,portwatch,2020-10-31,,2026-09-26,estimated,0
shipping_calls,gb,nation,2020-11,3692,calls,portwatch,2020-11-30,,2026-09-26,estimated,0
shipping_calls,gb,nation,2020-12,3534,calls,portwatch,2020-12-31,,2026-09-26,estimated,0
shipping_calls,gb,nation,2021-01,3294,calls,portwatch,2021-01-31,,2026-09-26,estimated,0
shipping_calls,gb,nation,2021-02,3305,calls,portwatch,2021-02-28,,2026-09-26,estimated,0
shipping_calls,gb,nation,2021-03,3851,calls,portwatch,2021-03-31,,2026-09-26,estimated,0
shipping_calls,gb,nation,2021-04,3554,calls,portwatch,2021-04-30,,2026-09-26,estimated,0
shipping_calls,gb,nation,2021-05,3664,calls,portwatch,2021-05-31,,2026-09-26,estimated,0
shipping_calls,gb,nation,2021-06,3676,calls,portwatch,2021-06-30,,2026-09-26,estimated,0
shipping_calls,gb,nation,2021-07,3778,calls,portwatch,2021-07-31,,2026-09-26,estimated,0
shipping_calls,gb,nation,2021-08,3700,calls,portwatch,2021-08-31,,2026-09-26,estimated,0
shipping_calls,gb,nation,2021-09,3572,calls,portwatch,2021-09-30,,2026-09-26,estimated,0
shipping_calls,gb,nation,2021-10,3655,calls,portwatch,2021-10-31,,2026-09-26,estimated,0
shipping_calls,gb,nation,2021-11,3599,calls,portwatch,2021-11-30,,2026-09-26,estimated,0
shipping_calls,gb,nation,2021-12,3450,calls,portwatch,2021-12-31,,2026-09-26,estimated,0
shipping_calls,gb,nation,2022-01,3501,calls,portwatch,2022-01-31,,2026-09-26,estimated,0
shipping_calls,gb,nation,2022-02,3214,calls,portwatch,2022-02-28,,2026-09-26,estimated,0
shipping_calls,gb,nation,2022-03,3911,calls,portwatch,2022-03-31,,2026-09-26,estimated,0
shipping_calls,gb,nation,2022-04,3688,calls,portwatch,2022-04-30,,2026-09-26,estimated,0
shipping_calls,gb,nation,2022-05,3773,calls,portwatch,2022-05-31,,2026-09-26,estimated,0
shipping_calls,gb,nation,2022-06,3491,calls,portwatch,2022-06-30,,2026-09-26,estimated,0
shipping_calls,gb,nation,2022-07,3592,calls,portwatch,2022-07-31,,2026-09-26,estimated,0
shipping_calls,gb,nation,2022-08,3519,calls,portwatch,2022-08-31,,2026-09-26,estimated,0
shipping_calls,gb,nation,2022-09,3451,calls,portwatch,2022-09-30,,2026-09-26,estimated,0
shipping_calls,gb,nation,2022-10,3628,calls,portwatch,2022-10-31,,2026-09-26,estimated,0
shipping_calls,gb,nation,2022-11,3448,calls,portwatch,2022-11-30,,2026-09-26,estimated,0
shipping_calls,gb,nation,2022-12,3409,calls,portwatch,2022-12-31,,2026-09-26,estimated,0
shipping_calls,gb,nation,2023-01,3492,calls,portwatch,2023-01-31,,2026-09-26,estimated,0
shipping_calls,gb,nation,2023-02,3328,calls,portwatch,2023-02-28,,2026-09-26,estimated,0
shipping_calls,gb,nation,2023-03,3640,calls,portwatch,2023-03-31,,2026-09-26,estimated,0
shipping_calls,gb,nation,2023-04,3568,calls,portwatch,2023-04-30,,2026-09-26,estimated,0
shipping_calls,gb,nation,2023-05,3681,calls,portwatch,2023-05-31,,2026-09-26,estimated,0
shipping_calls,gb,nation,2023-06,3589,calls,portwatch,2023-06-30,,2026-09-26,estimated,0
shipping_calls,gb,nation,2023-07,3599,calls,portwatch,2023-07-31,,2026-09-26,estimated,0
shipping_calls,gb,nation,2023-08,3548,calls,portwatch,2023-08-31,,2026-09-26,estimated,0
shipping_calls,gb,nation,2023-09,3469,calls,portwatch,2023-09-30,,2026-09-26,estimated,0
shipping_calls,gb,nation,2023-10,3504,calls,portwatch,2023-10-31,,2026-09-26,estimated,0
shipping_calls,gb,nation,2023-11,3336,calls,portwatch,2023-11-30,,2026-09-26,estimated,0
shipping_calls,gb,nation,2023-12,3121,calls,portwatch,2023-12-31,,2026-09-26,estimated,0
shipping_calls,gb,nation,2024-01,3351,calls,portwatch,2024-01-31,,2026-09-26,estimated,0
shipping_calls,gb,nation,2024-02,3161,calls,portwatch,2024-02-29,,2026-09-26,estimated,0
shipping_calls,gb,nation,2024-03,3586,calls,portwatch,2024-03-31,,2026-09-26,estimated,0
shipping_calls,gb,nation,2024-04,3457,calls,portwatch,2024-04-30,,2026-09-26,estimated,0
shipping_calls,gb,nation,2024-05,3538,calls,portwatch,2024-05-31,,2026-09-26,estimated,0
shipping_calls,gb,nation,2024-06,3469,calls,portwatch,2024-06-30,,2026-09-26,estimated,0
shipping_calls,gb,nation,2024-07,3605,calls,portwatch,2024-07-31,,2026-09-26,estimated,0
shipping_calls,gb,nation,2024-08,3535,calls,portwatch,2024-08-31,,2026-09-26,estimated,0
shipping_calls,gb,nation,2024-09,3340,calls,portwatch,2024-09-30,,2026-09-26,estimated,0
shipping_calls,gb,nation,2024-10,3586,calls,portwatch,2024-10-31,,2026-09-26,estimated,0
shipping_calls,gb,nation,2024-11,3353,calls,portwatch,2024-11-30,,2026-09-26,estimated,0
shipping_calls,gb,nation,2024-12,3095,calls,portwatch,2024-12-31,,2026-09-26,estimated,0
shipping_calls,gb,nation,2025-01,3231,calls,portwatch,2025-01-31,,2026-09-26,estimated,0
shipping_calls,gb,nation,2025-02,3151,calls,portwatch,2025-02-28,,2026-09-26,estimated,0
shipping_calls,gb,nation,2025-03,3584,calls,portwatch,2025-03-31,,2026-09-26,estimated,0
shipping_calls,gb,nation,2025-04,3507,calls,portwatch,2025-04-30,,2026-09-26,estimated,0
shipping_calls,gb,nation,2025-05,3560,calls,portwatch,2025-05-31,,2026-09-26,estimated,0
shipping_calls,gb,nation,2025-06,3567,calls,portwatch,2025-06-30,,2026-09-26,estimated,0
shipping_calls,gb,nation,2025-07,3509,calls,portwatch,2025-07-31,,2026-09-26,estimated,0
shipping_calls,gb,nation,2025-08,3405,calls,portwatch,2025-08-31,,2026-09-26,estimated,0
shipping_calls,gb,nation,2025-09,3238,calls,portwatch,2025-09-30,,2026-09-26,estimated,0
shipping_calls,gb,nation,2025-10,3243,calls,portwatch,2025-10-31,,2026-09-26,estimated,0
shipping_calls,gb,nation,2025-11,3262,calls,portwatch,2025-11-30,,2026-09-26,estimated,0
shipping_calls,gb,nation,2025-12,3120,calls,portwatch,2025-12-31,,2026-09-26,estimated,0
shipping_calls,gb,nation,2026-01,2972,calls,portwatch,2026-01-31,,2026-09-26,estimated,0
shipping_calls,gb,nation,2026-02,3089,calls,portwatch,2026-02-28,,2026-09-26,estimated,0
shipping_calls,gb,nation,2026-03,3438,calls,portwatch,2026-03-31,,2026-09-26,estimated,0
shipping_calls,gb,nation,2026-04,3301,calls,portwatch,2026-04-30,,2026-09-26,estimated,0
shipping_calls,gb,nation,2026-05,3410,calls,portwatch,2026-05-31,,2026-09-26,estimated,0
shipping_calls,gb,nation,2026-06,3310,calls,portwatch,2026-06-30,,2026-09-26,estimated,0
shipping_calls,gb,nation,2026-07,3257,calls,portwatch,2026-07-31,,2026-09-26,estimated,0
shipping_calls,gb,nation,2026-08,3235,calls,portwatch,2026-08-31,,2026-09-26,estimated,0
shipping_calls,id,nation,2019-01,4691,calls,portwatch,2019-01-31,,2026-09-26,estimated,0
shipping_calls,id,nation,2019-02,4615,calls,portwatch,2019-02-28,,2026-09-26,estimated,0
shipping_calls,id,nation,2019-03,4925,calls,portwatch,2019-03-31,,2026-09-26,estimated,0
shipping_calls,id,nation,2019-04,4855,calls,portwatch,2019-04-30,,2026-09-26,estimated,0
shipping_calls,id,nation,2019-05,5076,calls,portwatch,2019-05-31,,2026-09-26,estimated,0
shipping_calls,id,nation,2019-06,4117,calls,portwatch,2019-06-30,,2026-09-26,estimated,0
shipping_calls,id,nation,2019-07,5044,calls,portwatch,2019-07-31,,2026-09-26,estimated,0
shipping_calls,id,nation,2019-08,5007,calls,portwatch,2019-08-31,,2026-09-26,estimated,0
shipping_calls,id,nation,2019-09,4971,calls,portwatch,2019-09-30,,2026-09-26,estimated,0
shipping_calls,id,nation,2019-10,5218,calls,portwatch,2019-10-31,,2026-09-26,estimated,0
shipping_calls,id,nation,2019-11,5237,calls,portwatch,2019-11-30,,2026-09-26,estimated,0
shipping_calls,id,nation,2019-12,5457,calls,portwatch,2019-12-31,,2026-09-26,estimated,0
shipping_calls,id,nation,2020-01,5254,calls,portwatch,2020-01-31,,2026-09-26,estimated,0
shipping_calls,id,nation,2020-02,5146,calls,portwatch,2020-02-29,,2026-09-26,estimated,0
shipping_calls,id,nation,2020-03,5494,calls,portwatch,2020-03-31,,2026-09-26,estimated,0
shipping_calls,id,nation,2020-04,4980,calls,portwatch,2020-04-30,,2026-09-26,estimated,0
shipping_calls,id,nation,2020-05,4694,calls,portwatch,2020-05-31,,2026-09-26,estimated,0
shipping_calls,id,nation,2020-06,4790,calls,portwatch,2020-06-30,,2026-09-26,estimated,0
shipping_calls,id,nation,2020-07,4874,calls,portwatch,2020-07-31,,2026-09-26,estimated,0
shipping_calls,id,nation,2020-08,4999,calls,portwatch,2020-08-31,,2026-09-26,estimated,0
shipping_calls,id,nation,2020-09,4925,calls,portwatch,2020-09-30,,2026-09-26,estimated,0
shipping_calls,id,nation,2020-10,5085,calls,portwatch,2020-10-31,,2026-09-26,estimated,0
shipping_calls,id,nation,2020-11,4890,calls,portwatch,2020-11-30,,2026-09-26,estimated,0
shipping_calls,id,nation,2020-12,5144,calls,portwatch,2020-12-31,,2026-09-26,estimated,0
shipping_calls,id,nation,2021-01,5064,calls,portwatch,2021-01-31,,2026-09-26,estimated,0
shipping_calls,id,nation,2021-02,4655,calls,portwatch,2021-02-28,,2026-09-26,estimated,0
shipping_calls,id,nation,2021-03,5144,calls,portwatch,2021-03-31,,2026-09-26,estimated,0
shipping_calls,id,nation,2021-04,5082,calls,portwatch,2021-04-30,,2026-09-26,estimated,0
shipping_calls,id,nation,2021-05,4821,calls,portwatch,2021-05-31,,2026-09-26,estimated,0
shipping_calls,id,nation,2021-06,4976,calls,portwatch,2021-06-30,,2026-09-26,estimated,0
shipping_calls,id,nation,2021-07,5015,calls,portwatch,2021-07-31,,2026-09-26,estimated,0
shipping_calls,id,nation,2021-08,5119,calls,portwatch,2021-08-31,,2026-09-26,estimated,0
shipping_calls,id,nation,2021-09,4960,calls,portwatch,2021-09-30,,2026-09-26,estimated,0
shipping_calls,id,nation,2021-10,4979,calls,portwatch,2021-10-31,,2026-09-26,estimated,0
shipping_calls,id,nation,2021-11,5706,calls,portwatch,2021-11-30,,2026-09-26,estimated,0
shipping_calls,id,nation,2021-12,6191,calls,portwatch,2021-12-31,,2026-09-26,estimated,0
shipping_calls,id,nation,2022-01,5559,calls,portwatch,2022-01-31,,2026-09-26,estimated,0
shipping_calls,id,nation,2022-02,5269,calls,portwatch,2022-02-28,,2026-09-26,estimated,0
shipping_calls,id,nation,2022-03,6126,calls,portwatch,2022-03-31,,2026-09-26,estimated,0
shipping_calls,id,nation,2022-04,5956,calls,portwatch,2022-04-30,,2026-09-26,estimated,0
shipping_calls,id,nation,2022-05,5248,calls,portwatch,2022-05-31,,2026-09-26,estimated,0
shipping_calls,id,nation,2022-06,5796,calls,portwatch,2022-06-30,,2026-09-26,estimated,0
shipping_calls,id,nation,2022-07,6156,calls,portwatch,2022-07-31,,2026-09-26,estimated,0
shipping_calls,id,nation,2022-08,6368,calls,portwatch,2022-08-31,,2026-09-26,estimated,0
shipping_calls,id,nation,2022-09,6400,calls,portwatch,2022-09-30,,2026-09-26,estimated,0
shipping_calls,id,nation,2022-10,6738,calls,portwatch,2022-10-31,,2026-09-26,estimated,0
shipping_calls,id,nation,2022-11,6426,calls,portwatch,2022-11-30,,2026-09-26,estimated,0
shipping_calls,id,nation,2022-12,6596,calls,portwatch,2022-12-31,,2026-09-26,estimated,0
shipping_calls,id,nation,2023-01,6408,calls,portwatch,2023-01-31,,2026-09-26,estimated,0
shipping_calls,id,nation,2023-02,5907,calls,portwatch,2023-02-28,,2026-09-26,estimated,0
shipping_calls,id,nation,2023-03,6771,calls,portwatch,2023-03-31,,2026-09-26,estimated,0
shipping_calls,id,nation,2023-04,5891,calls,portwatch,2023-04-30,,2026-09-26,estimated,0
shipping_calls,id,nation,2023-05,6403,calls,portwatch,2023-05-31,,2026-09-26,estimated,0
shipping_calls,id,nation,2023-06,6528,calls,portwatch,2023-06-30,,2026-09-26,estimated,0
shipping_calls,id,nation,2023-07,6811,calls,portwatch,2023-07-31,,2026-09-26,estimated,0
shipping_calls,id,nation,2023-08,6926,calls,portwatch,2023-08-31,,2026-09-26,estimated,0
shipping_calls,id,nation,2023-09,6650,calls,portwatch,2023-09-30,,2026-09-26,estimated,0
shipping_calls,id,nation,2023-10,6969,calls,portwatch,2023-10-31,,2026-09-26,estimated,0
shipping_calls,id,nation,2023-11,6753,calls,portwatch,2023-11-30,,2026-09-26,estimated,0
shipping_calls,id,nation,2023-12,6664,calls,portwatch,2023-12-31,,2026-09-26,estimated,0
shipping_calls,id,nation,2024-01,6563,calls,portwatch,2024-01-31,,2026-09-26,estimated,0
shipping_calls,id,nation,2024-02,5958,calls,portwatch,2024-02-29,,2026-09-26,estimated,0
shipping_calls,id,nation,2024-03,6700,calls,portwatch,2024-03-31,,2026-09-26,estimated,0
shipping_calls,id,nation,2024-04,5840,calls,portwatch,2024-04-30,,2026-09-26,estimated,0
shipping_calls,id,nation,2024-05,6867,calls,portwatch,2024-05-31,,2026-09-26,estimated,0
shipping_calls,id,nation,2024-06,6493,calls,portwatch,2024-06-30,,2026-09-26,estimated,0
shipping_calls,id,nation,2024-07,6737,calls,portwatch,2024-07-31,,2026-09-26,estimated,0
shipping_calls,id,nation,2024-08,6436,calls,portwatch,2024-08-31,,2026-09-26,estimated,0
shipping_calls,id,nation,2024-09,6331,calls,portwatch,2024-09-30,,2026-09-26,estimated,0
shipping_calls,id,nation,2024-10,6781,calls,portwatch,2024-10-31,,2026-09-26,estimated,0
shipping_calls,id,nation,2024-11,6569,calls,portwatch,2024-11-30,,2026-09-26,estimated,0
shipping_calls,id,nation,2024-12,6554,calls,portwatch,2024-12-31,,2026-09-26,estimated,0
shipping_calls,id,nation,2025-01,6304,calls,portwatch,2025-01-31,,2026-09-26,estimated,0
shipping_calls,id,nation,2025-02,5853,calls,portwatch,2025-02-28,,2026-09-26,estimated,0
shipping_calls,id,nation,2025-03,6251,calls,portwatch,2025-03-31,,2026-09-26,estimated,0
shipping_calls,id,nation,2025-04,5733,calls,portwatch,2025-04-30,,2026-09-26,estimated,0
shipping_calls,id,nation,2025-05,6368,calls,portwatch,2025-05-31,,2026-09-26,estimated,0
shipping_calls,id,nation,2025-06,6137,calls,portwatch,2025-06-30,,2026-09-26,estimated,0
shipping_calls,id,nation,2025-07,6535,calls,portwatch,2025-07-31,,2026-09-26,estimated,0
shipping_calls,id,nation,2025-08,6695,calls,portwatch,2025-08-31,,2026-09-26,estimated,0
shipping_calls,id,nation,2025-09,6380,calls,portwatch,2025-09-30,,2026-09-26,estimated,0
shipping_calls,id,nation,2025-10,6544,calls,portwatch,2025-10-31,,2026-09-26,estimated,0
shipping_calls,id,nation,2025-11,6317,calls,portwatch,2025-11-30,,2026-09-26,estimated,0
shipping_calls,id,nation,2025-12,6372,calls,portwatch,2025-12-31,,2026-09-26,estimated,0
shipping_calls,id,nation,2026-01,6017,calls,portwatch,2026-01-31,,2026-09-26,estimated,0
shipping_calls,id,nation,2026-02,5489,calls,portwatch,2026-02-28,,2026-09-26,estimated,0
shipping_calls,id,nation,2026-03,5666,calls,portwatch,2026-03-31,,2026-09-26,estimated,0
shipping_calls,id,nation,2026-04,5819,calls,portwatch,2026-04-30,,2026-09-26,estimated,0
shipping_calls,id,nation,2026-05,6378,calls,portwatch,2026-05-31,,2026-09-26,estimated,0
shipping_calls,id,nation,2026-06,6355,calls,portwatch,2026-06-30,,2026-09-26,estimated,0
shipping_calls,id,nation,2026-07,6675,calls,portwatch,2026-07-31,,2026-09-26,estimated,0
shipping_calls,id,nation,2026-08,6579,calls,portwatch,2026-08-31,,2026-09-26,estimated,0
shipping_calls,ie,nation,2019-01,341,calls,portwatch,2019-01-31,,2026-09-26,estimated,0
shipping_calls,ie,nation,2019-02,335,calls,portwatch,2019-02-28,,2026-09-26,estimated,0
shipping_calls,ie,nation,2019-03,359,calls,portwatch,2019-03-31,,2026-09-26,estimated,0
shipping_calls,ie,nation,2019-04,341,calls,portwatch,2019-04-30,,2026-09-26,estimated,0
shipping_calls,ie,nation,2019-05,362,calls,portwatch,2019-05-31,,2026-09-26,estimated,0
shipping_calls,ie,nation,2019-06,335,calls,portwatch,2019-06-30,,2026-09-26,estimated,0
shipping_calls,ie,nation,2019-07,362,calls,portwatch,2019-07-31,,2026-09-26,estimated,0
shipping_calls,ie,nation,2019-08,346,calls,portwatch,2019-08-31,,2026-09-26,estimated,0
shipping_calls,ie,nation,2019-09,323,calls,portwatch,2019-09-30,,2026-09-26,estimated,0
shipping_calls,ie,nation,2019-10,389,calls,portwatch,2019-10-31,,2026-09-26,estimated,0
shipping_calls,ie,nation,2019-11,351,calls,portwatch,2019-11-30,,2026-09-26,estimated,0
shipping_calls,ie,nation,2019-12,344,calls,portwatch,2019-12-31,,2026-09-26,estimated,0
shipping_calls,ie,nation,2020-01,355,calls,portwatch,2020-01-31,,2026-09-26,estimated,0
shipping_calls,ie,nation,2020-02,335,calls,portwatch,2020-02-29,,2026-09-26,estimated,0
shipping_calls,ie,nation,2020-03,404,calls,portwatch,2020-03-31,,2026-09-26,estimated,0
shipping_calls,ie,nation,2020-04,313,calls,portwatch,2020-04-30,,2026-09-26,estimated,0
shipping_calls,ie,nation,2020-05,336,calls,portwatch,2020-05-31,,2026-09-26,estimated,0
shipping_calls,ie,nation,2020-06,347,calls,portwatch,2020-06-30,,2026-09-26,estimated,0
shipping_calls,ie,nation,2020-07,397,calls,portwatch,2020-07-31,,2026-09-26,estimated,0
shipping_calls,ie,nation,2020-08,409,calls,portwatch,2020-08-31,,2026-09-26,estimated,0
shipping_calls,ie,nation,2020-09,380,calls,portwatch,2020-09-30,,2026-09-26,estimated,0
shipping_calls,ie,nation,2020-10,376,calls,portwatch,2020-10-31,,2026-09-26,estimated,0
shipping_calls,ie,nation,2020-11,403,calls,portwatch,2020-11-30,,2026-09-26,estimated,0
shipping_calls,ie,nation,2020-12,396,calls,portwatch,2020-12-31,,2026-09-26,estimated,0
shipping_calls,ie,nation,2021-01,427,calls,portwatch,2021-01-31,,2026-09-26,estimated,0
shipping_calls,ie,nation,2021-02,372,calls,portwatch,2021-02-28,,2026-09-26,estimated,0
shipping_calls,ie,nation,2021-03,432,calls,portwatch,2021-03-31,,2026-09-26,estimated,0
shipping_calls,ie,nation,2021-04,420,calls,portwatch,2021-04-30,,2026-09-26,estimated,0
shipping_calls,ie,nation,2021-05,429,calls,portwatch,2021-05-31,,2026-09-26,estimated,0
shipping_calls,ie,nation,2021-06,428,calls,portwatch,2021-06-30,,2026-09-26,estimated,0
shipping_calls,ie,nation,2021-07,415,calls,portwatch,2021-07-31,,2026-09-26,estimated,0
shipping_calls,ie,nation,2021-08,407,calls,portwatch,2021-08-31,,2026-09-26,estimated,0
shipping_calls,ie,nation,2021-09,406,calls,portwatch,2021-09-30,,2026-09-26,estimated,0
shipping_calls,ie,nation,2021-10,411,calls,portwatch,2021-10-31,,2026-09-26,estimated,0
shipping_calls,ie,nation,2021-11,425,calls,portwatch,2021-11-30,,2026-09-26,estimated,0
shipping_calls,ie,nation,2021-12,397,calls,portwatch,2021-12-31,,2026-09-26,estimated,0
shipping_calls,ie,nation,2022-01,444,calls,portwatch,2022-01-31,,2026-09-26,estimated,0
shipping_calls,ie,nation,2022-02,367,calls,portwatch,2022-02-28,,2026-09-26,estimated,0
shipping_calls,ie,nation,2022-03,458,calls,portwatch,2022-03-31,,2026-09-26,estimated,0
shipping_calls,ie,nation,2022-04,449,calls,portwatch,2022-04-30,,2026-09-26,estimated,0
shipping_calls,ie,nation,2022-05,451,calls,portwatch,2022-05-31,,2026-09-26,estimated,0
shipping_calls,ie,nation,2022-06,413,calls,portwatch,2022-06-30,,2026-09-26,estimated,0
shipping_calls,ie,nation,2022-07,427,calls,portwatch,2022-07-31,,2026-09-26,estimated,0
shipping_calls,ie,nation,2022-08,425,calls,portwatch,2022-08-31,,2026-09-26,estimated,0
shipping_calls,ie,nation,2022-09,422,calls,portwatch,2022-09-30,,2026-09-26,estimated,0
shipping_calls,ie,nation,2022-10,428,calls,portwatch,2022-10-31,,2026-09-26,estimated,0
shipping_calls,ie,nation,2022-11,398,calls,portwatch,2022-11-30,,2026-09-26,estimated,0
shipping_calls,ie,nation,2022-12,411,calls,portwatch,2022-12-31,,2026-09-26,estimated,0
shipping_calls,ie,nation,2023-01,396,calls,portwatch,2023-01-31,,2026-09-26,estimated,0
shipping_calls,ie,nation,2023-02,402,calls,portwatch,2023-02-28,,2026-09-26,estimated,0
shipping_calls,ie,nation,2023-03,432,calls,portwatch,2023-03-31,,2026-09-26,estimated,0
shipping_calls,ie,nation,2023-04,416,calls,portwatch,2023-04-30,,2026-09-26,estimated,0
shipping_calls,ie,nation,2023-05,441,calls,portwatch,2023-05-31,,2026-09-26,estimated,0
shipping_calls,ie,nation,2023-06,428,calls,portwatch,2023-06-30,,2026-09-26,estimated,0
shipping_calls,ie,nation,2023-07,410,calls,portwatch,2023-07-31,,2026-09-26,estimated,0
shipping_calls,ie,nation,2023-08,404,calls,portwatch,2023-08-31,,2026-09-26,estimated,0
shipping_calls,ie,nation,2023-09,379,calls,portwatch,2023-09-30,,2026-09-26,estimated,0
shipping_calls,ie,nation,2023-10,388,calls,portwatch,2023-10-31,,2026-09-26,estimated,0
shipping_calls,ie,nation,2023-11,375,calls,portwatch,2023-11-30,,2026-09-26,estimated,0
shipping_calls,ie,nation,2023-12,367,calls,portwatch,2023-12-31,,2026-09-26,estimated,0
shipping_calls,ie,nation,2024-01,387,calls,portwatch,2024-01-31,,2026-09-26,estimated,0
shipping_calls,ie,nation,2024-02,360,calls,portwatch,2024-02-29,,2026-09-26,estimated,0
shipping_calls,ie,nation,2024-03,447,calls,portwatch,2024-03-31,,2026-09-26,estimated,0
shipping_calls,ie,nation,2024-04,430,calls,portwatch,2024-04-30,,2026-09-26,estimated,0
shipping_calls,ie,nation,2024-05,452,calls,portwatch,2024-05-31,,2026-09-26,estimated,0
shipping_calls,ie,nation,2024-06,421,calls,portwatch,2024-06-30,,2026-09-26,estimated,0
shipping_calls,ie,nation,2024-07,444,calls,portwatch,2024-07-31,,2026-09-26,estimated,0
shipping_calls,ie,nation,2024-08,422,calls,portwatch,2024-08-31,,2026-09-26,estimated,0
shipping_calls,ie,nation,2024-09,397,calls,portwatch,2024-09-30,,2026-09-26,estimated,0
shipping_calls,ie,nation,2024-10,396,calls,portwatch,2024-10-31,,2026-09-26,estimated,0
shipping_calls,ie,nation,2024-11,393,calls,portwatch,2024-11-30,,2026-09-26,estimated,0
shipping_calls,ie,nation,2024-12,365,calls,portwatch,2024-12-31,,2026-09-26,estimated,0
shipping_calls,ie,nation,2025-01,362,calls,portwatch,2025-01-31,,2026-09-26,estimated,0
shipping_calls,ie,nation,2025-02,363,calls,portwatch,2025-02-28,,2026-09-26,estimated,0
shipping_calls,ie,nation,2025-03,432,calls,portwatch,2025-03-31,,2026-09-26,estimated,0
shipping_calls,ie,nation,2025-04,450,calls,portwatch,2025-04-30,,2026-09-26,estimated,0
shipping_calls,ie,nation,2025-05,447,calls,portwatch,2025-05-31,,2026-09-26,estimated,0
shipping_calls,ie,nation,2025-06,468,calls,portwatch,2025-06-30,,2026-09-26,estimated,0
shipping_calls,ie,nation,2025-07,436,calls,portwatch,2025-07-31,,2026-09-26,estimated,0
shipping_calls,ie,nation,2025-08,444,calls,portwatch,2025-08-31,,2026-09-26,estimated,0
shipping_calls,ie,nation,2025-09,426,calls,portwatch,2025-09-30,,2026-09-26,estimated,0
shipping_calls,ie,nation,2025-10,409,calls,portwatch,2025-10-31,,2026-09-26,estimated,0
shipping_calls,ie,nation,2025-11,416,calls,portwatch,2025-11-30,,2026-09-26,estimated,0
shipping_calls,ie,nation,2025-12,398,calls,portwatch,2025-12-31,,2026-09-26,estimated,0
shipping_calls,ie,nation,2026-01,362,calls,portwatch,2026-01-31,,2026-09-26,estimated,0
shipping_calls,ie,nation,2026-02,370,calls,portwatch,2026-02-28,,2026-09-26,estimated,0
shipping_calls,ie,nation,2026-03,445,calls,portwatch,2026-03-31,,2026-09-26,estimated,0
shipping_calls,ie,nation,2026-04,446,calls,portwatch,2026-04-30,,2026-09-26,estimated,0
shipping_calls,ie,nation,2026-05,496,calls,portwatch,2026-05-31,,2026-09-26,estimated,0
shipping_calls,ie,nation,2026-06,462,calls,portwatch,2026-06-30,,2026-09-26,estimated,0
shipping_calls,ie,nation,2026-07,470,calls,portwatch,2026-07-31,,2026-09-26,estimated,0
shipping_calls,ie,nation,2026-08,460,calls,portwatch,2026-08-31,,2026-09-26,estimated,0
shipping_calls,in,nation,2019-01,2307,calls,portwatch,2019-01-31,,2026-09-26,estimated,0
shipping_calls,in,nation,2019-02,2196,calls,portwatch,2019-02-28,,2026-09-26,estimated,0
shipping_calls,in,nation,2019-03,2612,calls,portwatch,2019-03-31,,2026-09-26,estimated,0
shipping_calls,in,nation,2019-04,2425,calls,portwatch,2019-04-30,,2026-09-26,estimated,0
shipping_calls,in,nation,2019-05,2378,calls,portwatch,2019-05-31,,2026-09-26,estimated,0
shipping_calls,in,nation,2019-06,2361,calls,portwatch,2019-06-30,,2026-09-26,estimated,0
shipping_calls,in,nation,2019-07,2371,calls,portwatch,2019-07-31,,2026-09-26,estimated,0
shipping_calls,in,nation,2019-08,2270,calls,portwatch,2019-08-31,,2026-09-26,estimated,0
shipping_calls,in,nation,2019-09,2023,calls,portwatch,2019-09-30,,2026-09-26,estimated,0
shipping_calls,in,nation,2019-10,2109,calls,portwatch,2019-10-31,,2026-09-26,estimated,0
shipping_calls,in,nation,2019-11,1883,calls,portwatch,2019-11-30,,2026-09-26,estimated,0
shipping_calls,in,nation,2019-12,2056,calls,portwatch,2019-12-31,,2026-09-26,estimated,0
shipping_calls,in,nation,2020-01,2227,calls,portwatch,2020-01-31,,2026-09-26,estimated,0
shipping_calls,in,nation,2020-02,2215,calls,portwatch,2020-02-29,,2026-09-26,estimated,0
shipping_calls,in,nation,2020-03,2348,calls,portwatch,2020-03-31,,2026-09-26,estimated,0
shipping_calls,in,nation,2020-04,1849,calls,portwatch,2020-04-30,,2026-09-26,estimated,0
shipping_calls,in,nation,2020-05,1902,calls,portwatch,2020-05-31,,2026-09-26,estimated,0
shipping_calls,in,nation,2020-06,2137,calls,portwatch,2020-06-30,,2026-09-26,estimated,0
shipping_calls,in,nation,2020-07,2278,calls,portwatch,2020-07-31,,2026-09-26,estimated,0
shipping_calls,in,nation,2020-08,2251,calls,portwatch,2020-08-31,,2026-09-26,estimated,0
shipping_calls,in,nation,2020-09,2137,calls,portwatch,2020-09-30,,2026-09-26,estimated,0
shipping_calls,in,nation,2020-10,2351,calls,portwatch,2020-10-31,,2026-09-26,estimated,0
shipping_calls,in,nation,2020-11,2270,calls,portwatch,2020-11-30,,2026-09-26,estimated,0
shipping_calls,in,nation,2020-12,2451,calls,portwatch,2020-12-31,,2026-09-26,estimated,0
shipping_calls,in,nation,2021-01,2309,calls,portwatch,2021-01-31,,2026-09-26,estimated,0
shipping_calls,in,nation,2021-02,2160,calls,portwatch,2021-02-28,,2026-09-26,estimated,0
shipping_calls,in,nation,2021-03,2583,calls,portwatch,2021-03-31,,2026-09-26,estimated,0
shipping_calls,in,nation,2021-04,2441,calls,portwatch,2021-04-30,,2026-09-26,estimated,0
shipping_calls,in,nation,2021-05,2439,calls,portwatch,2021-05-31,,2026-09-26,estimated,0
shipping_calls,in,nation,2021-06,2450,calls,portwatch,2021-06-30,,2026-09-26,estimated,0
shipping_calls,in,nation,2021-07,2424,calls,portwatch,2021-07-31,,2026-09-26,estimated,0
shipping_calls,in,nation,2021-08,2299,calls,portwatch,2021-08-31,,2026-09-26,estimated,0
shipping_calls,in,nation,2021-09,2252,calls,portwatch,2021-09-30,,2026-09-26,estimated,0
shipping_calls,in,nation,2021-10,2409,calls,portwatch,2021-10-31,,2026-09-26,estimated,0
shipping_calls,in,nation,2021-11,2452,calls,portwatch,2021-11-30,,2026-09-26,estimated,0
shipping_calls,in,nation,2021-12,2591,calls,portwatch,2021-12-31,,2026-09-26,estimated,0
shipping_calls,in,nation,2022-01,2613,calls,portwatch,2022-01-31,,2026-09-26,estimated,0
shipping_calls,in,nation,2022-02,2539,calls,portwatch,2022-02-28,,2026-09-26,estimated,0
shipping_calls,in,nation,2022-03,2849,calls,portwatch,2022-03-31,,2026-09-26,estimated,0
shipping_calls,in,nation,2022-04,2841,calls,portwatch,2022-04-30,,2026-09-26,estimated,0
shipping_calls,in,nation,2022-05,3031,calls,portwatch,2022-05-31,,2026-09-26,estimated,0
shipping_calls,in,nation,2022-06,3069,calls,portwatch,2022-06-30,,2026-09-26,estimated,0
shipping_calls,in,nation,2022-07,3015,calls,portwatch,2022-07-31,,2026-09-26,estimated,0
shipping_calls,in,nation,2022-08,2803,calls,portwatch,2022-08-31,,2026-09-26,estimated,0
shipping_calls,in,nation,2022-09,2689,calls,portwatch,2022-09-30,,2026-09-26,estimated,0
shipping_calls,in,nation,2022-10,2901,calls,portwatch,2022-10-31,,2026-09-26,estimated,0
shipping_calls,in,nation,2022-11,2749,calls,portwatch,2022-11-30,,2026-09-26,estimated,0
shipping_calls,in,nation,2022-12,2968,calls,portwatch,2022-12-31,,2026-09-26,estimated,0
shipping_calls,in,nation,2023-01,2896,calls,portwatch,2023-01-31,,2026-09-26,estimated,0
shipping_calls,in,nation,2023-02,2488,calls,portwatch,2023-02-28,,2026-09-26,estimated,0
shipping_calls,in,nation,2023-03,2747,calls,portwatch,2023-03-31,,2026-09-26,estimated,0
shipping_calls,in,nation,2023-04,2806,calls,portwatch,2023-04-30,,2026-09-26,estimated,0
shipping_calls,in,nation,2023-05,2994,calls,portwatch,2023-05-31,,2026-09-26,estimated,0
shipping_calls,in,nation,2023-06,2907,calls,portwatch,2023-06-30,,2026-09-26,estimated,0
shipping_calls,in,nation,2023-07,3060,calls,portwatch,2023-07-31,,2026-09-26,estimated,0
shipping_calls,in,nation,2023-08,2929,calls,portwatch,2023-08-31,,2026-09-26,estimated,0
shipping_calls,in,nation,2023-09,2760,calls,portwatch,2023-09-30,,2026-09-26,estimated,0
shipping_calls,in,nation,2023-10,2928,calls,portwatch,2023-10-31,,2026-09-26,estimated,0
shipping_calls,in,nation,2023-11,2837,calls,portwatch,2023-11-30,,2026-09-26,estimated,0
shipping_calls,in,nation,2023-12,2854,calls,portwatch,2023-12-31,,2026-09-26,estimated,0
shipping_calls,in,nation,2024-01,2800,calls,portwatch,2024-01-31,,2026-09-26,estimated,0
shipping_calls,in,nation,2024-02,2688,calls,portwatch,2024-02-29,,2026-09-26,estimated,0
shipping_calls,in,nation,2024-03,3052,calls,portwatch,2024-03-31,,2026-09-26,estimated,0
shipping_calls,in,nation,2024-04,3029,calls,portwatch,2024-04-30,,2026-09-26,estimated,0
shipping_calls,in,nation,2024-05,3092,calls,portwatch,2024-05-31,,2026-09-26,estimated,0
shipping_calls,in,nation,2024-06,3210,calls,portwatch,2024-06-30,,2026-09-26,estimated,0
shipping_calls,in,nation,2024-07,3133,calls,portwatch,2024-07-31,,2026-09-26,estimated,0
shipping_calls,in,nation,2024-08,2831,calls,portwatch,2024-08-31,,2026-09-26,estimated,0
shipping_calls,in,nation,2024-09,2770,calls,portwatch,2024-09-30,,2026-09-26,estimated,0
shipping_calls,in,nation,2024-10,2992,calls,portwatch,2024-10-31,,2026-09-26,estimated,0
shipping_calls,in,nation,2024-11,2809,calls,portwatch,2024-11-30,,2026-09-26,estimated,0
shipping_calls,in,nation,2024-12,2953,calls,portwatch,2024-12-31,,2026-09-26,estimated,0
shipping_calls,in,nation,2025-01,2982,calls,portwatch,2025-01-31,,2026-09-26,estimated,0
shipping_calls,in,nation,2025-02,2547,calls,portwatch,2025-02-28,,2026-09-26,estimated,0
shipping_calls,in,nation,2025-03,2758,calls,portwatch,2025-03-31,,2026-09-26,estimated,0
shipping_calls,in,nation,2025-04,2708,calls,portwatch,2025-04-30,,2026-09-26,estimated,0
shipping_calls,in,nation,2025-05,2668,calls,portwatch,2025-05-31,,2026-09-26,estimated,0
shipping_calls,in,nation,2025-06,2573,calls,portwatch,2025-06-30,,2026-09-26,estimated,0
shipping_calls,in,nation,2025-07,2607,calls,portwatch,2025-07-31,,2026-09-26,estimated,0
shipping_calls,in,nation,2025-08,2296,calls,portwatch,2025-08-31,,2026-09-26,estimated,0
shipping_calls,in,nation,2025-09,2203,calls,portwatch,2025-09-30,,2026-09-26,estimated,0
shipping_calls,in,nation,2025-10,2210,calls,portwatch,2025-10-31,,2026-09-26,estimated,0
shipping_calls,in,nation,2025-11,2097,calls,portwatch,2025-11-30,,2026-09-26,estimated,0
shipping_calls,in,nation,2025-12,1838,calls,portwatch,2025-12-31,,2026-09-26,estimated,0
shipping_calls,in,nation,2026-01,1892,calls,portwatch,2026-01-31,,2026-09-26,estimated,0
shipping_calls,in,nation,2026-02,1811,calls,portwatch,2026-02-28,,2026-09-26,estimated,0
shipping_calls,in,nation,2026-03,1848,calls,portwatch,2026-03-31,,2026-09-26,estimated,0
shipping_calls,in,nation,2026-04,2358,calls,portwatch,2026-04-30,,2026-09-26,estimated,0
shipping_calls,in,nation,2026-05,3520,calls,portwatch,2026-05-31,,2026-09-26,estimated,0
shipping_calls,in,nation,2026-06,3506,calls,portwatch,2026-06-30,,2026-09-26,estimated,0
shipping_calls,in,nation,2026-07,3456,calls,portwatch,2026-07-31,,2026-09-26,estimated,0
shipping_calls,in,nation,2026-08,3422,calls,portwatch,2026-08-31,,2026-09-26,estimated,0
shipping_calls,it,nation,2019-01,2254,calls,portwatch,2019-01-31,,2026-09-26,estimated,0
shipping_calls,it,nation,2019-02,2162,calls,portwatch,2019-02-28,,2026-09-26,estimated,0
shipping_calls,it,nation,2019-03,2478,calls,portwatch,2019-03-31,,2026-09-26,estimated,0
shipping_calls,it,nation,2019-04,2433,calls,portwatch,2019-04-30,,2026-09-26,estimated,0
shipping_calls,it,nation,2019-05,2569,calls,portwatch,2019-05-31,,2026-09-26,estimated,0
shipping_calls,it,nation,2019-06,2770,calls,portwatch,2019-06-30,,2026-09-26,estimated,0
shipping_calls,it,nation,2019-07,2820,calls,portwatch,2019-07-31,,2026-09-26,estimated,0
shipping_calls,it,nation,2019-08,2518,calls,portwatch,2019-08-31,,2026-09-26,estimated,0
shipping_calls,it,nation,2019-09,2531,calls,portwatch,2019-09-30,,2026-09-26,estimated,0
shipping_calls,it,nation,2019-10,2615,calls,portwatch,2019-10-31,,2026-09-26,estimated,0
shipping_calls,it,nation,2019-11,2331,calls,portwatch,2019-11-30,,2026-09-26,estimated,0
shipping_calls,it,nation,2019-12,2290,calls,portwatch,2019-12-31,,2026-09-26,estimated,0
shipping_calls,it,nation,2020-01,2292,calls,portwatch,2020-01-31,,2026-09-26,estimated,0
shipping_calls,it,nation,2020-02,2321,calls,portwatch,2020-02-29,,2026-09-26,estimated,0
shipping_calls,it,nation,2020-03,2244,calls,portwatch,2020-03-31,,2026-09-26,estimated,0
shipping_calls,it,nation,2020-04,2191,calls,portwatch,2020-04-30,,2026-09-26,estimated,0
shipping_calls,it,nation,2020-05,2252,calls,portwatch,2020-05-31,,2026-09-26,estimated,0
shipping_calls,it,nation,2020-06,2313,calls,portwatch,2020-06-30,,2026-09-26,estimated,0
shipping_calls,it,nation,2020-07,2665,calls,portwatch,2020-07-31,,2026-09-26,estimated,0
shipping_calls,it,nation,2020-08,2429,calls,portwatch,2020-08-31,,2026-09-26,estimated,0
shipping_calls,it,nation,2020-09,2354,calls,portwatch,2020-09-30,,2026-09-26,estimated,0
shipping_calls,it,nation,2020-10,2410,calls,portwatch,2020-10-31,,2026-09-26,estimated,0
shipping_calls,it,nation,2020-11,2229,calls,portwatch,2020-11-30,,2026-09-26,estimated,0
shipping_calls,it,nation,2020-12,2150,calls,portwatch,2020-12-31,,2026-09-26,estimated,0
shipping_calls,it,nation,2021-01,2124,calls,portwatch,2021-01-31,,2026-09-26,estimated,0
shipping_calls,it,nation,2021-02,2114,calls,portwatch,2021-02-28,,2026-09-26,estimated,0
shipping_calls,it,nation,2021-03,2548,calls,portwatch,2021-03-31,,2026-09-26,estimated,0
shipping_calls,it,nation,2021-04,2544,calls,portwatch,2021-04-30,,2026-09-26,estimated,0
shipping_calls,it,nation,2021-05,2643,calls,portwatch,2021-05-31,,2026-09-26,estimated,0
shipping_calls,it,nation,2021-06,2519,calls,portwatch,2021-06-30,,2026-09-26,estimated,0
shipping_calls,it,nation,2021-07,2719,calls,portwatch,2021-07-31,,2026-09-26,estimated,0
shipping_calls,it,nation,2021-08,2595,calls,portwatch,2021-08-31,,2026-09-26,estimated,0
shipping_calls,it,nation,2021-09,2494,calls,portwatch,2021-09-30,,2026-09-26,estimated,0
shipping_calls,it,nation,2021-10,2460,calls,portwatch,2021-10-31,,2026-09-26,estimated,0
shipping_calls,it,nation,2021-11,2707,calls,portwatch,2021-11-30,,2026-09-26,estimated,0
shipping_calls,it,nation,2021-12,2595,calls,portwatch,2021-12-31,,2026-09-26,estimated,0
shipping_calls,it,nation,2022-01,2592,calls,portwatch,2022-01-31,,2026-09-26,estimated,0
shipping_calls,it,nation,2022-02,2509,calls,portwatch,2022-02-28,,2026-09-26,estimated,0
shipping_calls,it,nation,2022-03,2681,calls,portwatch,2022-03-31,,2026-09-26,estimated,0
shipping_calls,it,nation,2022-04,2633,calls,portwatch,2022-04-30,,2026-09-26,estimated,0
shipping_calls,it,nation,2022-05,2991,calls,portwatch,2022-05-31,,2026-09-26,estimated,0
shipping_calls,it,nation,2022-06,2865,calls,portwatch,2022-06-30,,2026-09-26,estimated,0
shipping_calls,it,nation,2022-07,3000,calls,portwatch,2022-07-31,,2026-09-26,estimated,0
shipping_calls,it,nation,2022-08,2744,calls,portwatch,2022-08-31,,2026-09-26,estimated,0
shipping_calls,it,nation,2022-09,2711,calls,portwatch,2022-09-30,,2026-09-26,estimated,0
shipping_calls,it,nation,2022-10,2786,calls,portwatch,2022-10-31,,2026-09-26,estimated,0
shipping_calls,it,nation,2022-11,2678,calls,portwatch,2022-11-30,,2026-09-26,estimated,0
shipping_calls,it,nation,2022-12,2697,calls,portwatch,2022-12-31,,2026-09-26,estimated,0
shipping_calls,it,nation,2023-01,2523,calls,portwatch,2023-01-31,,2026-09-26,estimated,0
shipping_calls,it,nation,2023-02,2472,calls,portwatch,2023-02-28,,2026-09-26,estimated,0
shipping_calls,it,nation,2023-03,2803,calls,portwatch,2023-03-31,,2026-09-26,estimated,0
shipping_calls,it,nation,2023-04,2655,calls,portwatch,2023-04-30,,2026-09-26,estimated,0
shipping_calls,it,nation,2023-05,2865,calls,portwatch,2023-05-31,,2026-09-26,estimated,0
shipping_calls,it,nation,2023-06,2875,calls,portwatch,2023-06-30,,2026-09-26,estimated,0
shipping_calls,it,nation,2023-07,2968,calls,portwatch,2023-07-31,,2026-09-26,estimated,0
shipping_calls,it,nation,2023-08,2727,calls,portwatch,2023-08-31,,2026-09-26,estimated,0
shipping_calls,it,nation,2023-09,2803,calls,portwatch,2023-09-30,,2026-09-26,estimated,0
shipping_calls,it,nation,2023-10,2774,calls,portwatch,2023-10-31,,2026-09-26,estimated,0
shipping_calls,it,nation,2023-11,2523,calls,portwatch,2023-11-30,,2026-09-26,estimated,0
shipping_calls,it,nation,2023-12,2521,calls,portwatch,2023-12-31,,2026-09-26,estimated,0
shipping_calls,it,nation,2024-01,2502,calls,portwatch,2024-01-31,,2026-09-26,estimated,0
shipping_calls,it,nation,2024-02,2462,calls,portwatch,2024-02-29,,2026-09-26,estimated,0
shipping_calls,it,nation,2024-03,2663,calls,portwatch,2024-03-31,,2026-09-26,estimated,0
shipping_calls,it,nation,2024-04,2599,calls,portwatch,2024-04-30,,2026-09-26,estimated,0
shipping_calls,it,nation,2024-05,2812,calls,portwatch,2024-05-31,,2026-09-26,estimated,0
shipping_calls,it,nation,2024-06,2637,calls,portwatch,2024-06-30,,2026-09-26,estimated,0
shipping_calls,it,nation,2024-07,2841,calls,portwatch,2024-07-31,,2026-09-26,estimated,0
shipping_calls,it,nation,2024-08,2583,calls,portwatch,2024-08-31,,2026-09-26,estimated,0
shipping_calls,it,nation,2024-09,2545,calls,portwatch,2024-09-30,,2026-09-26,estimated,0
shipping_calls,it,nation,2024-10,2667,calls,portwatch,2024-10-31,,2026-09-26,estimated,0
shipping_calls,it,nation,2024-11,2455,calls,portwatch,2024-11-30,,2026-09-26,estimated,0
shipping_calls,it,nation,2024-12,2453,calls,portwatch,2024-12-31,,2026-09-26,estimated,0
shipping_calls,it,nation,2025-01,2472,calls,portwatch,2025-01-31,,2026-09-26,estimated,0
shipping_calls,it,nation,2025-02,2391,calls,portwatch,2025-02-28,,2026-09-26,estimated,0
shipping_calls,it,nation,2025-03,2565,calls,portwatch,2025-03-31,,2026-09-26,estimated,0
shipping_calls,it,nation,2025-04,2463,calls,portwatch,2025-04-30,,2026-09-26,estimated,0
shipping_calls,it,nation,2025-05,2621,calls,portwatch,2025-05-31,,2026-09-26,estimated,0
shipping_calls,it,nation,2025-06,2659,calls,portwatch,2025-06-30,,2026-09-26,estimated,0
shipping_calls,it,nation,2025-07,2715,calls,portwatch,2025-07-31,,2026-09-26,estimated,0
shipping_calls,it,nation,2025-08,2557,calls,portwatch,2025-08-31,,2026-09-26,estimated,0
shipping_calls,it,nation,2025-09,2583,calls,portwatch,2025-09-30,,2026-09-26,estimated,0
shipping_calls,it,nation,2025-10,2675,calls,portwatch,2025-10-31,,2026-09-26,estimated,0
shipping_calls,it,nation,2025-11,2527,calls,portwatch,2025-11-30,,2026-09-26,estimated,0
shipping_calls,it,nation,2025-12,2432,calls,portwatch,2025-12-31,,2026-09-26,estimated,0
shipping_calls,it,nation,2026-01,2276,calls,portwatch,2026-01-31,,2026-09-26,estimated,0
shipping_calls,it,nation,2026-02,2263,calls,portwatch,2026-02-28,,2026-09-26,estimated,0
shipping_calls,it,nation,2026-03,2560,calls,portwatch,2026-03-31,,2026-09-26,estimated,0
shipping_calls,it,nation,2026-04,2578,calls,portwatch,2026-04-30,,2026-09-26,estimated,0
shipping_calls,it,nation,2026-05,2727,calls,portwatch,2026-05-31,,2026-09-26,estimated,0
shipping_calls,it,nation,2026-06,2698,calls,portwatch,2026-06-30,,2026-09-26,estimated,0
shipping_calls,it,nation,2026-07,2714,calls,portwatch,2026-07-31,,2026-09-26,estimated,0
shipping_calls,it,nation,2026-08,2511,calls,portwatch,2026-08-31,,2026-09-26,estimated,0
shipping_calls,jp,nation,2019-01,24151,calls,portwatch,2019-01-31,,2026-09-26,estimated,0
shipping_calls,jp,nation,2019-02,23015,calls,portwatch,2019-02-28,,2026-09-26,estimated,0
shipping_calls,jp,nation,2019-03,25392,calls,portwatch,2019-03-31,,2026-09-26,estimated,0
shipping_calls,jp,nation,2019-04,24158,calls,portwatch,2019-04-30,,2026-09-26,estimated,0
shipping_calls,jp,nation,2019-05,23506,calls,portwatch,2019-05-31,,2026-09-26,estimated,0
shipping_calls,jp,nation,2019-06,24178,calls,portwatch,2019-06-30,,2026-09-26,estimated,0
shipping_calls,jp,nation,2019-07,25623,calls,portwatch,2019-07-31,,2026-09-26,estimated,0
shipping_calls,jp,nation,2019-08,23004,calls,portwatch,2019-08-31,,2026-09-26,estimated,0
shipping_calls,jp,nation,2019-09,24364,calls,portwatch,2019-09-30,,2026-09-26,estimated,0
shipping_calls,jp,nation,2019-10,24624,calls,portwatch,2019-10-31,,2026-09-26,estimated,0
shipping_calls,jp,nation,2019-11,25324,calls,portwatch,2019-11-30,,2026-09-26,estimated,0
shipping_calls,jp,nation,2019-12,24842,calls,portwatch,2019-12-31,,2026-09-26,estimated,0
shipping_calls,jp,nation,2020-01,23780,calls,portwatch,2020-01-31,,2026-09-26,estimated,0
shipping_calls,jp,nation,2020-02,24002,calls,portwatch,2020-02-29,,2026-09-26,estimated,0
shipping_calls,jp,nation,2020-03,25817,calls,portwatch,2020-03-31,,2026-09-26,estimated,0
shipping_calls,jp,nation,2020-04,23546,calls,portwatch,2020-04-30,,2026-09-26,estimated,0
shipping_calls,jp,nation,2020-05,22058,calls,portwatch,2020-05-31,,2026-09-26,estimated,0
shipping_calls,jp,nation,2020-06,22689,calls,portwatch,2020-06-30,,2026-09-26,estimated,0
shipping_calls,jp,nation,2020-07,23616,calls,portwatch,2020-07-31,,2026-09-26,estimated,0
shipping_calls,jp,nation,2020-08,23440,calls,portwatch,2020-08-31,,2026-09-26,estimated,0
shipping_calls,jp,nation,2020-09,22671,calls,portwatch,2020-09-30,,2026-09-26,estimated,0
shipping_calls,jp,nation,2020-10,24786,calls,portwatch,2020-10-31,,2026-09-26,estimated,0
shipping_calls,jp,nation,2020-11,25060,calls,portwatch,2020-11-30,,2026-09-26,estimated,0
shipping_calls,jp,nation,2020-12,25153,calls,portwatch,2020-12-31,,2026-09-26,estimated,0
shipping_calls,jp,nation,2021-01,24198,calls,portwatch,2021-01-31,,2026-09-26,estimated,0
shipping_calls,jp,nation,2021-02,23573,calls,portwatch,2021-02-28,,2026-09-26,estimated,0
shipping_calls,jp,nation,2021-03,26722,calls,portwatch,2021-03-31,,2026-09-26,estimated,0
shipping_calls,jp,nation,2021-04,25424,calls,portwatch,2021-04-30,,2026-09-26,estimated,0
shipping_calls,jp,nation,2021-05,24655,calls,portwatch,2021-05-31,,2026-09-26,estimated,0
shipping_calls,jp,nation,2021-06,25227,calls,portwatch,2021-06-30,,2026-09-26,estimated,0
shipping_calls,jp,nation,2021-07,25477,calls,portwatch,2021-07-31,,2026-09-26,estimated,0
shipping_calls,jp,nation,2021-08,24804,calls,portwatch,2021-08-31,,2026-09-26,estimated,0
shipping_calls,jp,nation,2021-09,23926,calls,portwatch,2021-09-30,,2026-09-26,estimated,0
shipping_calls,jp,nation,2021-10,25707,calls,portwatch,2021-10-31,,2026-09-26,estimated,0
shipping_calls,jp,nation,2021-11,25565,calls,portwatch,2021-11-30,,2026-09-26,estimated,0
shipping_calls,jp,nation,2021-12,25662,calls,portwatch,2021-12-31,,2026-09-26,estimated,0
shipping_calls,jp,nation,2022-01,25378,calls,portwatch,2022-01-31,,2026-09-26,estimated,0
shipping_calls,jp,nation,2022-02,23985,calls,portwatch,2022-02-28,,2026-09-26,estimated,0
shipping_calls,jp,nation,2022-03,27080,calls,portwatch,2022-03-31,,2026-09-26,estimated,0
shipping_calls,jp,nation,2022-04,25044,calls,portwatch,2022-04-30,,2026-09-26,estimated,0
shipping_calls,jp,nation,2022-05,25065,calls,portwatch,2022-05-31,,2026-09-26,estimated,0
shipping_calls,jp,nation,2022-06,25156,calls,portwatch,2022-06-30,,2026-09-26,estimated,0
shipping_calls,jp,nation,2022-07,25738,calls,portwatch,2022-07-31,,2026-09-26,estimated,0
shipping_calls,jp,nation,2022-08,25689,calls,portwatch,2022-08-31,,2026-09-26,estimated,0
shipping_calls,jp,nation,2022-09,23760,calls,portwatch,2022-09-30,,2026-09-26,estimated,0
shipping_calls,jp,nation,2022-10,26368,calls,portwatch,2022-10-31,,2026-09-26,estimated,0
shipping_calls,jp,nation,2022-11,25648,calls,portwatch,2022-11-30,,2026-09-26,estimated,0
shipping_calls,jp,nation,2022-12,25688,calls,portwatch,2022-12-31,,2026-09-26,estimated,0
shipping_calls,jp,nation,2023-01,25086,calls,portwatch,2023-01-31,,2026-09-26,estimated,0
shipping_calls,jp,nation,2023-02,24338,calls,portwatch,2023-02-28,,2026-09-26,estimated,0
shipping_calls,jp,nation,2023-03,26836,calls,portwatch,2023-03-31,,2026-09-26,estimated,0
shipping_calls,jp,nation,2023-04,24644,calls,portwatch,2023-04-30,,2026-09-26,estimated,0
shipping_calls,jp,nation,2023-05,24940,calls,portwatch,2023-05-31,,2026-09-26,estimated,0
shipping_calls,jp,nation,2023-06,24996,calls,portwatch,2023-06-30,,2026-09-26,estimated,0
shipping_calls,jp,nation,2023-07,26227,calls,portwatch,2023-07-31,,2026-09-26,estimated,0
shipping_calls,jp,nation,2023-08,23672,calls,portwatch,2023-08-31,,2026-09-26,estimated,0
shipping_calls,jp,nation,2023-09,25246,calls,portwatch,2023-09-30,,2026-09-26,estimated,0
shipping_calls,jp,nation,2023-10,26009,calls,portwatch,2023-10-31,,2026-09-26,estimated,0
shipping_calls,jp,nation,2023-11,24778,calls,portwatch,2023-11-30,,2026-09-26,estimated,0
shipping_calls,jp,nation,2023-12,25490,calls,portwatch,2023-12-31,,2026-09-26,estimated,0
shipping_calls,jp,nation,2024-01,24158,calls,portwatch,2024-01-31,,2026-09-26,estimated,0
shipping_calls,jp,nation,2024-02,23814,calls,portwatch,2024-02-29,,2026-09-26,estimated,0
shipping_calls,jp,nation,2024-03,25506,calls,portwatch,2024-03-31,,2026-09-26,estimated,0
shipping_calls,jp,nation,2024-04,25409,calls,portwatch,2024-04-30,,2026-09-26,estimated,0
shipping_calls,jp,nation,2024-05,24761,calls,portwatch,2024-05-31,,2026-09-26,estimated,0
shipping_calls,jp,nation,2024-06,25269,calls,portwatch,2024-06-30,,2026-09-26,estimated,0
shipping_calls,jp,nation,2024-07,25990,calls,portwatch,2024-07-31,,2026-09-26,estimated,0
shipping_calls,jp,nation,2024-08,21538,calls,portwatch,2024-08-31,,2026-09-26,estimated,0
shipping_calls,jp,nation,2024-09,23827,calls,portwatch,2024-09-30,,2026-09-26,estimated,0
shipping_calls,jp,nation,2024-10,24754,calls,portwatch,2024-10-31,,2026-09-26,estimated,0
shipping_calls,jp,nation,2024-11,23018,calls,portwatch,2024-11-30,,2026-09-26,estimated,0
shipping_calls,jp,nation,2024-12,23650,calls,portwatch,2024-12-31,,2026-09-26,estimated,0
shipping_calls,jp,nation,2025-01,22296,calls,portwatch,2025-01-31,,2026-09-26,estimated,0
shipping_calls,jp,nation,2025-02,21723,calls,portwatch,2025-02-28,,2026-09-26,estimated,0
shipping_calls,jp,nation,2025-03,24180,calls,portwatch,2025-03-31,,2026-09-26,estimated,0
shipping_calls,jp,nation,2025-04,23299,calls,portwatch,2025-04-30,,2026-09-26,estimated,0
shipping_calls,jp,nation,2025-05,22748,calls,portwatch,2025-05-31,,2026-09-26,estimated,0
shipping_calls,jp,nation,2025-06,23299,calls,portwatch,2025-06-30,,2026-09-26,estimated,0
shipping_calls,jp,nation,2025-07,23446,calls,portwatch,2025-07-31,,2026-09-26,estimated,0
shipping_calls,jp,nation,2025-08,22838,calls,portwatch,2025-08-31,,2026-09-26,estimated,0
shipping_calls,jp,nation,2025-09,22725,calls,portwatch,2025-09-30,,2026-09-26,estimated,0
shipping_calls,jp,nation,2025-10,22826,calls,portwatch,2025-10-31,,2026-09-26,estimated,0
shipping_calls,jp,nation,2025-11,23026,calls,portwatch,2025-11-30,,2026-09-26,estimated,0
shipping_calls,jp,nation,2025-12,22718,calls,portwatch,2025-12-31,,2026-09-26,estimated,0
shipping_calls,jp,nation,2026-01,21980,calls,portwatch,2026-01-31,,2026-09-26,estimated,0
shipping_calls,jp,nation,2026-02,21445,calls,portwatch,2026-02-28,,2026-09-26,estimated,0
shipping_calls,jp,nation,2026-03,23268,calls,portwatch,2026-03-31,,2026-09-26,estimated,0
shipping_calls,jp,nation,2026-04,21604,calls,portwatch,2026-04-30,,2026-09-26,estimated,0
shipping_calls,jp,nation,2026-05,22497,calls,portwatch,2026-05-31,,2026-09-26,estimated,0
shipping_calls,jp,nation,2026-06,22000,calls,portwatch,2026-06-30,,2026-09-26,estimated,0
shipping_calls,jp,nation,2026-07,23902,calls,portwatch,2026-07-31,,2026-09-26,estimated,0
shipping_calls,jp,nation,2026-08,21784,calls,portwatch,2026-08-31,,2026-09-26,estimated,0
shipping_calls,kr,nation,2019-01,3797,calls,portwatch,2019-01-31,,2026-09-26,estimated,0
shipping_calls,kr,nation,2019-02,3407,calls,portwatch,2019-02-28,,2026-09-26,estimated,0
shipping_calls,kr,nation,2019-03,4234,calls,portwatch,2019-03-31,,2026-09-26,estimated,0
shipping_calls,kr,nation,2019-04,3740,calls,portwatch,2019-04-30,,2026-09-26,estimated,0
shipping_calls,kr,nation,2019-05,4250,calls,portwatch,2019-05-31,,2026-09-26,estimated,0
shipping_calls,kr,nation,2019-06,4408,calls,portwatch,2019-06-30,,2026-09-26,estimated,0
shipping_calls,kr,nation,2019-07,4982,calls,portwatch,2019-07-31,,2026-09-26,estimated,0
shipping_calls,kr,nation,2019-08,5018,calls,portwatch,2019-08-31,,2026-09-26,estimated,0
shipping_calls,kr,nation,2019-09,4799,calls,portwatch,2019-09-30,,2026-09-26,estimated,0
shipping_calls,kr,nation,2019-10,4992,calls,portwatch,2019-10-31,,2026-09-26,estimated,0
shipping_calls,kr,nation,2019-11,5034,calls,portwatch,2019-11-30,,2026-09-26,estimated,0
shipping_calls,kr,nation,2019-12,5104,calls,portwatch,2019-12-31,,2026-09-26,estimated,0
shipping_calls,kr,nation,2020-01,4726,calls,portwatch,2020-01-31,,2026-09-26,estimated,0
shipping_calls,kr,nation,2020-02,4985,calls,portwatch,2020-02-29,,2026-09-26,estimated,0
shipping_calls,kr,nation,2020-03,5317,calls,portwatch,2020-03-31,,2026-09-26,estimated,0
shipping_calls,kr,nation,2020-04,4947,calls,portwatch,2020-04-30,,2026-09-26,estimated,0
shipping_calls,kr,nation,2020-05,5065,calls,portwatch,2020-05-31,,2026-09-26,estimated,0
shipping_calls,kr,nation,2020-06,5017,calls,portwatch,2020-06-30,,2026-09-26,estimated,0
shipping_calls,kr,nation,2020-07,5215,calls,portwatch,2020-07-31,,2026-09-26,estimated,0
shipping_calls,kr,nation,2020-08,5072,calls,portwatch,2020-08-31,,2026-09-26,estimated,0
shipping_calls,kr,nation,2020-09,5073,calls,portwatch,2020-09-30,,2026-09-26,estimated,0
shipping_calls,kr,nation,2020-10,4991,calls,portwatch,2020-10-31,,2026-09-26,estimated,0
shipping_calls,kr,nation,2020-11,4787,calls,portwatch,2020-11-30,,2026-09-26,estimated,0
shipping_calls,kr,nation,2020-12,4753,calls,portwatch,2020-12-31,,2026-09-26,estimated,0
shipping_calls,kr,nation,2021-01,4831,calls,portwatch,2021-01-31,,2026-09-26,estimated,0
shipping_calls,kr,nation,2021-02,4635,calls,portwatch,2021-02-28,,2026-09-26,estimated,0
shipping_calls,kr,nation,2021-03,5442,calls,portwatch,2021-03-31,,2026-09-26,estimated,0
shipping_calls,kr,nation,2021-04,5296,calls,portwatch,2021-04-30,,2026-09-26,estimated,0
shipping_calls,kr,nation,2021-05,5202,calls,portwatch,2021-05-31,,2026-09-26,estimated,0
shipping_calls,kr,nation,2021-06,5230,calls,portwatch,2021-06-30,,2026-09-26,estimated,0
shipping_calls,kr,nation,2021-07,5461,calls,portwatch,2021-07-31,,2026-09-26,estimated,0
shipping_calls,kr,nation,2021-08,5359,calls,portwatch,2021-08-31,,2026-09-26,estimated,0
shipping_calls,kr,nation,2021-09,5225,calls,portwatch,2021-09-30,,2026-09-26,estimated,0
shipping_calls,kr,nation,2021-10,5532,calls,portwatch,2021-10-31,,2026-09-26,estimated,0
shipping_calls,kr,nation,2021-11,5407,calls,portwatch,2021-11-30,,2026-09-26,estimated,0
shipping_calls,kr,nation,2021-12,5565,calls,portwatch,2021-12-31,,2026-09-26,estimated,0
shipping_calls,kr,nation,2022-01,5889,calls,portwatch,2022-01-31,,2026-09-26,estimated,0
shipping_calls,kr,nation,2022-02,5136,calls,portwatch,2022-02-28,,2026-09-26,estimated,0
shipping_calls,kr,nation,2022-03,5894,calls,portwatch,2022-03-31,,2026-09-26,estimated,0
shipping_calls,kr,nation,2022-04,5922,calls,portwatch,2022-04-30,,2026-09-26,estimated,0
shipping_calls,kr,nation,2022-05,6437,calls,portwatch,2022-05-31,,2026-09-26,estimated,0
shipping_calls,kr,nation,2022-06,5663,calls,portwatch,2022-06-30,,2026-09-26,estimated,0
shipping_calls,kr,nation,2022-07,5743,calls,portwatch,2022-07-31,,2026-09-26,estimated,0
shipping_calls,kr,nation,2022-08,5762,calls,portwatch,2022-08-31,,2026-09-26,estimated,0
shipping_calls,kr,nation,2022-09,5385,calls,portwatch,2022-09-30,,2026-09-26,estimated,0
shipping_calls,kr,nation,2022-10,5702,calls,portwatch,2022-10-31,,2026-09-26,estimated,0
shipping_calls,kr,nation,2022-11,5309,calls,portwatch,2022-11-30,,2026-09-26,estimated,0
shipping_calls,kr,nation,2022-12,5420,calls,portwatch,2022-12-31,,2026-09-26,estimated,0
shipping_calls,kr,nation,2023-01,5545,calls,portwatch,2023-01-31,,2026-09-26,estimated,0
shipping_calls,kr,nation,2023-02,5437,calls,portwatch,2023-02-28,,2026-09-26,estimated,0
shipping_calls,kr,nation,2023-03,6180,calls,portwatch,2023-03-31,,2026-09-26,estimated,0
shipping_calls,kr,nation,2023-04,5757,calls,portwatch,2023-04-30,,2026-09-26,estimated,0
shipping_calls,kr,nation,2023-05,6320,calls,portwatch,2023-05-31,,2026-09-26,estimated,0
shipping_calls,kr,nation,2023-06,5884,calls,portwatch,2023-06-30,,2026-09-26,estimated,0
shipping_calls,kr,nation,2023-07,6118,calls,portwatch,2023-07-31,,2026-09-26,estimated,0
shipping_calls,kr,nation,2023-08,5877,calls,portwatch,2023-08-31,,2026-09-26,estimated,0
shipping_calls,kr,nation,2023-09,5668,calls,portwatch,2023-09-30,,2026-09-26,estimated,0
shipping_calls,kr,nation,2023-10,5943,calls,portwatch,2023-10-31,,2026-09-26,estimated,0
shipping_calls,kr,nation,2023-11,5658,calls,portwatch,2023-11-30,,2026-09-26,estimated,0
shipping_calls,kr,nation,2023-12,5649,calls,portwatch,2023-12-31,,2026-09-26,estimated,0
shipping_calls,kr,nation,2024-01,5794,calls,portwatch,2024-01-31,,2026-09-26,estimated,0
shipping_calls,kr,nation,2024-02,5302,calls,portwatch,2024-02-29,,2026-09-26,estimated,0
shipping_calls,kr,nation,2024-03,6541,calls,portwatch,2024-03-31,,2026-09-26,estimated,0
shipping_calls,kr,nation,2024-04,6438,calls,portwatch,2024-04-30,,2026-09-26,estimated,0
shipping_calls,kr,nation,2024-05,6542,calls,portwatch,2024-05-31,,2026-09-26,estimated,0
shipping_calls,kr,nation,2024-06,6166,calls,portwatch,2024-06-30,,2026-09-26,estimated,0
shipping_calls,kr,nation,2024-07,6190,calls,portwatch,2024-07-31,,2026-09-26,estimated,0
shipping_calls,kr,nation,2024-08,5747,calls,portwatch,2024-08-31,,2026-09-26,estimated,0
shipping_calls,kr,nation,2024-09,5660,calls,portwatch,2024-09-30,,2026-09-26,estimated,0
shipping_calls,kr,nation,2024-10,5762,calls,portwatch,2024-10-31,,2026-09-26,estimated,0
shipping_calls,kr,nation,2024-11,5225,calls,portwatch,2024-11-30,,2026-09-26,estimated,0
shipping_calls,kr,nation,2024-12,5699,calls,portwatch,2024-12-31,,2026-09-26,estimated,0
shipping_calls,kr,nation,2025-01,5044,calls,portwatch,2025-01-31,,2026-09-26,estimated,0
shipping_calls,kr,nation,2025-02,4533,calls,portwatch,2025-02-28,,2026-09-26,estimated,0
shipping_calls,kr,nation,2025-03,5038,calls,portwatch,2025-03-31,,2026-09-26,estimated,0
shipping_calls,kr,nation,2025-04,5028,calls,portwatch,2025-04-30,,2026-09-26,estimated,0
shipping_calls,kr,nation,2025-05,5387,calls,portwatch,2025-05-31,,2026-09-26,estimated,0
shipping_calls,kr,nation,2025-06,5356,calls,portwatch,2025-06-30,,2026-09-26,estimated,0
shipping_calls,kr,nation,2025-07,5276,calls,portwatch,2025-07-31,,2026-09-26,estimated,0
shipping_calls,kr,nation,2025-08,5267,calls,portwatch,2025-08-31,,2026-09-26,estimated,0
shipping_calls,kr,nation,2025-09,4880,calls,portwatch,2025-09-30,,2026-09-26,estimated,0
shipping_calls,kr,nation,2025-10,4654,calls,portwatch,2025-10-31,,2026-09-26,estimated,0
shipping_calls,kr,nation,2025-11,4711,calls,portwatch,2025-11-30,,2026-09-26,estimated,0
shipping_calls,kr,nation,2025-12,5027,calls,portwatch,2025-12-31,,2026-09-26,estimated,0
shipping_calls,kr,nation,2026-01,4856,calls,portwatch,2026-01-31,,2026-09-26,estimated,0
shipping_calls,kr,nation,2026-02,4437,calls,portwatch,2026-02-28,,2026-09-26,estimated,0
shipping_calls,kr,nation,2026-03,4834,calls,portwatch,2026-03-31,,2026-09-26,estimated,0
shipping_calls,kr,nation,2026-04,4458,calls,portwatch,2026-04-30,,2026-09-26,estimated,0
shipping_calls,kr,nation,2026-05,6137,calls,portwatch,2026-05-31,,2026-09-26,estimated,0
shipping_calls,kr,nation,2026-06,6097,calls,portwatch,2026-06-30,,2026-09-26,estimated,0
shipping_calls,kr,nation,2026-07,6226,calls,portwatch,2026-07-31,,2026-09-26,estimated,0
shipping_calls,kr,nation,2026-08,5978,calls,portwatch,2026-08-31,,2026-09-26,estimated,0
shipping_calls,mx,nation,2019-01,1128,calls,portwatch,2019-01-31,,2026-09-26,estimated,0
shipping_calls,mx,nation,2019-02,1016,calls,portwatch,2019-02-28,,2026-09-26,estimated,0
shipping_calls,mx,nation,2019-03,1182,calls,portwatch,2019-03-31,,2026-09-26,estimated,0
shipping_calls,mx,nation,2019-04,1137,calls,portwatch,2019-04-30,,2026-09-26,estimated,0
shipping_calls,mx,nation,2019-05,1194,calls,portwatch,2019-05-31,,2026-09-26,estimated,0
shipping_calls,mx,nation,2019-06,1160,calls,portwatch,2019-06-30,,2026-09-26,estimated,0
shipping_calls,mx,nation,2019-07,1214,calls,portwatch,2019-07-31,,2026-09-26,estimated,0
shipping_calls,mx,nation,2019-08,1189,calls,portwatch,2019-08-31,,2026-09-26,estimated,0
shipping_calls,mx,nation,2019-09,1150,calls,portwatch,2019-09-30,,2026-09-26,estimated,0
shipping_calls,mx,nation,2019-10,1177,calls,portwatch,2019-10-31,,2026-09-26,estimated,0
shipping_calls,mx,nation,2019-11,1081,calls,portwatch,2019-11-30,,2026-09-26,estimated,0
shipping_calls,mx,nation,2019-12,1105,calls,portwatch,2019-12-31,,2026-09-26,estimated,0
shipping_calls,mx,nation,2020-01,1160,calls,portwatch,2020-01-31,,2026-09-26,estimated,0
shipping_calls,mx,nation,2020-02,1006,calls,portwatch,2020-02-29,,2026-09-26,estimated,0
shipping_calls,mx,nation,2020-03,1129,calls,portwatch,2020-03-31,,2026-09-26,estimated,0
shipping_calls,mx,nation,2020-04,1022,calls,portwatch,2020-04-30,,2026-09-26,estimated,0
shipping_calls,mx,nation,2020-05,1023,calls,portwatch,2020-05-31,,2026-09-26,estimated,0
shipping_calls,mx,nation,2020-06,919,calls,portwatch,2020-06-30,,2026-09-26,estimated,0
shipping_calls,mx,nation,2020-07,1054,calls,portwatch,2020-07-31,,2026-09-26,estimated,0
shipping_calls,mx,nation,2020-08,1031,calls,portwatch,2020-08-31,,2026-09-26,estimated,0
shipping_calls,mx,nation,2020-09,989,calls,portwatch,2020-09-30,,2026-09-26,estimated,0
shipping_calls,mx,nation,2020-10,1022,calls,portwatch,2020-10-31,,2026-09-26,estimated,0
shipping_calls,mx,nation,2020-11,984,calls,portwatch,2020-11-30,,2026-09-26,estimated,0
shipping_calls,mx,nation,2020-12,1065,calls,portwatch,2020-12-31,,2026-09-26,estimated,0
shipping_calls,mx,nation,2021-01,1059,calls,portwatch,2021-01-31,,2026-09-26,estimated,0
shipping_calls,mx,nation,2021-02,969,calls,portwatch,2021-02-28,,2026-09-26,estimated,0
shipping_calls,mx,nation,2021-03,1108,calls,portwatch,2021-03-31,,2026-09-26,estimated,0
shipping_calls,mx,nation,2021-04,1116,calls,portwatch,2021-04-30,,2026-09-26,estimated,0
shipping_calls,mx,nation,2021-05,1160,calls,portwatch,2021-05-31,,2026-09-26,estimated,0
shipping_calls,mx,nation,2021-06,1084,calls,portwatch,2021-06-30,,2026-09-26,estimated,0
shipping_calls,mx,nation,2021-07,1118,calls,portwatch,2021-07-31,,2026-09-26,estimated,0
shipping_calls,mx,nation,2021-08,1109,calls,portwatch,2021-08-31,,2026-09-26,estimated,0
shipping_calls,mx,nation,2021-09,1050,calls,portwatch,2021-09-30,,2026-09-26,estimated,0
shipping_calls,mx,nation,2021-10,1064,calls,portwatch,2021-10-31,,2026-09-26,estimated,0
shipping_calls,mx,nation,2021-11,1045,calls,portwatch,2021-11-30,,2026-09-26,estimated,0
shipping_calls,mx,nation,2021-12,1101,calls,portwatch,2021-12-31,,2026-09-26,estimated,0
shipping_calls,mx,nation,2022-01,1067,calls,portwatch,2022-01-31,,2026-09-26,estimated,0
shipping_calls,mx,nation,2022-02,998,calls,portwatch,2022-02-28,,2026-09-26,estimated,0
shipping_calls,mx,nation,2022-03,1186,calls,portwatch,2022-03-31,,2026-09-26,estimated,0
shipping_calls,mx,nation,2022-04,1153,calls,portwatch,2022-04-30,,2026-09-26,estimated,0
shipping_calls,mx,nation,2022-05,1145,calls,portwatch,2022-05-31,,2026-09-26,estimated,0
shipping_calls,mx,nation,2022-06,1117,calls,portwatch,2022-06-30,,2026-09-26,estimated,0
shipping_calls,mx,nation,2022-07,1204,calls,portwatch,2022-07-31,,2026-09-26,estimated,0
shipping_calls,mx,nation,2022-08,1224,calls,portwatch,2022-08-31,,2026-09-26,estimated,0
shipping_calls,mx,nation,2022-09,1032,calls,portwatch,2022-09-30,,2026-09-26,estimated,0
shipping_calls,mx,nation,2022-10,1178,calls,portwatch,2022-10-31,,2026-09-26,estimated,0
shipping_calls,mx,nation,2022-11,1065,calls,portwatch,2022-11-30,,2026-09-26,estimated,0
shipping_calls,mx,nation,2022-12,1150,calls,portwatch,2022-12-31,,2026-09-26,estimated,0
shipping_calls,mx,nation,2023-01,1109,calls,portwatch,2023-01-31,,2026-09-26,estimated,0
shipping_calls,mx,nation,2023-02,1038,calls,portwatch,2023-02-28,,2026-09-26,estimated,0
shipping_calls,mx,nation,2023-03,1147,calls,portwatch,2023-03-31,,2026-09-26,estimated,0
shipping_calls,mx,nation,2023-04,1151,calls,portwatch,2023-04-30,,2026-09-26,estimated,0
shipping_calls,mx,nation,2023-05,1242,calls,portwatch,2023-05-31,,2026-09-26,estimated,0
shipping_calls,mx,nation,2023-06,1235,calls,portwatch,2023-06-30,,2026-09-26,estimated,0
shipping_calls,mx,nation,2023-07,1300,calls,portwatch,2023-07-31,,2026-09-26,estimated,0
shipping_calls,mx,nation,2023-08,1270,calls,portwatch,2023-08-31,,2026-09-26,estimated,0
shipping_calls,mx,nation,2023-09,1264,calls,portwatch,2023-09-30,,2026-09-26,estimated,0
shipping_calls,mx,nation,2023-10,1171,calls,portwatch,2023-10-31,,2026-09-26,estimated,0
shipping_calls,mx,nation,2023-11,1103,calls,portwatch,2023-11-30,,2026-09-26,estimated,0
shipping_calls,mx,nation,2023-12,1171,calls,portwatch,2023-12-31,,2026-09-26,estimated,0
shipping_calls,mx,nation,2024-01,1154,calls,portwatch,2024-01-31,,2026-09-26,estimated,0
shipping_calls,mx,nation,2024-02,1118,calls,portwatch,2024-02-29,,2026-09-26,estimated,0
shipping_calls,mx,nation,2024-03,1226,calls,portwatch,2024-03-31,,2026-09-26,estimated,0
shipping_calls,mx,nation,2024-04,1202,calls,portwatch,2024-04-30,,2026-09-26,estimated,0
shipping_calls,mx,nation,2024-05,1219,calls,portwatch,2024-05-31,,2026-09-26,estimated,0
shipping_calls,mx,nation,2024-06,1143,calls,portwatch,2024-06-30,,2026-09-26,estimated,0
shipping_calls,mx,nation,2024-07,1169,calls,portwatch,2024-07-31,,2026-09-26,estimated,0
shipping_calls,mx,nation,2024-08,1148,calls,portwatch,2024-08-31,,2026-09-26,estimated,0
shipping_calls,mx,nation,2024-09,1053,calls,portwatch,2024-09-30,,2026-09-26,estimated,0
shipping_calls,mx,nation,2024-10,1080,calls,portwatch,2024-10-31,,2026-09-26,estimated,0
shipping_calls,mx,nation,2024-11,1058,calls,portwatch,2024-11-30,,2026-09-26,estimated,0
shipping_calls,mx,nation,2024-12,1010,calls,portwatch,2024-12-31,,2026-09-26,estimated,0
shipping_calls,mx,nation,2025-01,940,calls,portwatch,2025-01-31,,2026-09-26,estimated,0
shipping_calls,mx,nation,2025-02,909,calls,portwatch,2025-02-28,,2026-09-26,estimated,0
shipping_calls,mx,nation,2025-03,1067,calls,portwatch,2025-03-31,,2026-09-26,estimated,0
shipping_calls,mx,nation,2025-04,1005,calls,portwatch,2025-04-30,,2026-09-26,estimated,0
shipping_calls,mx,nation,2025-05,1014,calls,portwatch,2025-05-31,,2026-09-26,estimated,0
shipping_calls,mx,nation,2025-06,1047,calls,portwatch,2025-06-30,,2026-09-26,estimated,0
shipping_calls,mx,nation,2025-07,1119,calls,portwatch,2025-07-31,,2026-09-26,estimated,0
shipping_calls,mx,nation,2025-08,1110,calls,portwatch,2025-08-31,,2026-09-26,estimated,0
shipping_calls,mx,nation,2025-09,1132,calls,portwatch,2025-09-30,,2026-09-26,estimated,0
shipping_calls,mx,nation,2025-10,1092,calls,portwatch,2025-10-31,,2026-09-26,estimated,0
shipping_calls,mx,nation,2025-11,1036,calls,portwatch,2025-11-30,,2026-09-26,estimated,0
shipping_calls,mx,nation,2025-12,1063,calls,portwatch,2025-12-31,,2026-09-26,estimated,0
shipping_calls,mx,nation,2026-01,1062,calls,portwatch,2026-01-31,,2026-09-26,estimated,0
shipping_calls,mx,nation,2026-02,945,calls,portwatch,2026-02-28,,2026-09-26,estimated,0
shipping_calls,mx,nation,2026-03,1090,calls,portwatch,2026-03-31,,2026-09-26,estimated,0
shipping_calls,mx,nation,2026-04,1052,calls,portwatch,2026-04-30,,2026-09-26,estimated,0
shipping_calls,mx,nation,2026-05,1132,calls,portwatch,2026-05-31,,2026-09-26,estimated,0
shipping_calls,mx,nation,2026-06,1089,calls,portwatch,2026-06-30,,2026-09-26,estimated,0
shipping_calls,mx,nation,2026-07,1104,calls,portwatch,2026-07-31,,2026-09-26,estimated,0
shipping_calls,mx,nation,2026-08,1052,calls,portwatch,2026-08-31,,2026-09-26,estimated,0
shipping_calls,nl,nation,2019-01,5508,calls,portwatch,2019-01-31,,2026-09-26,estimated,0
shipping_calls,nl,nation,2019-02,5174,calls,portwatch,2019-02-28,,2026-09-26,estimated,0
shipping_calls,nl,nation,2019-03,5603,calls,portwatch,2019-03-31,,2026-09-26,estimated,0
shipping_calls,nl,nation,2019-04,5268,calls,portwatch,2019-04-30,,2026-09-26,estimated,0
shipping_calls,nl,nation,2019-05,5654,calls,portwatch,2019-05-31,,2026-09-26,estimated,0
shipping_calls,nl,nation,2019-06,5237,calls,portwatch,2019-06-30,,2026-09-26,estimated,0
shipping_calls,nl,nation,2019-07,5518,calls,portwatch,2019-07-31,,2026-09-26,estimated,0
shipping_calls,nl,nation,2019-08,5453,calls,portwatch,2019-08-31,,2026-09-26,estimated,0
shipping_calls,nl,nation,2019-09,5258,calls,portwatch,2019-09-30,,2026-09-26,estimated,0
shipping_calls,nl,nation,2019-10,5558,calls,portwatch,2019-10-31,,2026-09-26,estimated,0
shipping_calls,nl,nation,2019-11,5192,calls,portwatch,2019-11-30,,2026-09-26,estimated,0
shipping_calls,nl,nation,2019-12,5161,calls,portwatch,2019-12-31,,2026-09-26,estimated,0
shipping_calls,nl,nation,2020-01,5312,calls,portwatch,2020-01-31,,2026-09-26,estimated,0
shipping_calls,nl,nation,2020-02,4760,calls,portwatch,2020-02-29,,2026-09-26,estimated,0
shipping_calls,nl,nation,2020-03,5439,calls,portwatch,2020-03-31,,2026-09-26,estimated,0
shipping_calls,nl,nation,2020-04,5023,calls,portwatch,2020-04-30,,2026-09-26,estimated,0
shipping_calls,nl,nation,2020-05,5156,calls,portwatch,2020-05-31,,2026-09-26,estimated,0
shipping_calls,nl,nation,2020-06,4834,calls,portwatch,2020-06-30,,2026-09-26,estimated,0
shipping_calls,nl,nation,2020-07,5068,calls,portwatch,2020-07-31,,2026-09-26,estimated,0
shipping_calls,nl,nation,2020-08,5016,calls,portwatch,2020-08-31,,2026-09-26,estimated,0
shipping_calls,nl,nation,2020-09,5000,calls,portwatch,2020-09-30,,2026-09-26,estimated,0
shipping_calls,nl,nation,2020-10,5054,calls,portwatch,2020-10-31,,2026-09-26,estimated,0
shipping_calls,nl,nation,2020-11,4981,calls,portwatch,2020-11-30,,2026-09-26,estimated,0
shipping_calls,nl,nation,2020-12,5072,calls,portwatch,2020-12-31,,2026-09-26,estimated,0
shipping_calls,nl,nation,2021-01,5005,calls,portwatch,2021-01-31,,2026-09-26,estimated,0
shipping_calls,nl,nation,2021-02,4630,calls,portwatch,2021-02-28,,2026-09-26,estimated,0
shipping_calls,nl,nation,2021-03,5269,calls,portwatch,2021-03-31,,2026-09-26,estimated,0
shipping_calls,nl,nation,2021-04,5180,calls,portwatch,2021-04-30,,2026-09-26,estimated,0
shipping_calls,nl,nation,2021-05,5259,calls,portwatch,2021-05-31,,2026-09-26,estimated,0
shipping_calls,nl,nation,2021-06,5055,calls,portwatch,2021-06-30,,2026-09-26,estimated,0
shipping_calls,nl,nation,2021-07,5145,calls,portwatch,2021-07-31,,2026-09-26,estimated,0
shipping_calls,nl,nation,2021-08,5140,calls,portwatch,2021-08-31,,2026-09-26,estimated,0
shipping_calls,nl,nation,2021-09,5029,calls,portwatch,2021-09-30,,2026-09-26,estimated,0
shipping_calls,nl,nation,2021-10,5117,calls,portwatch,2021-10-31,,2026-09-26,estimated,0
shipping_calls,nl,nation,2021-11,5017,calls,portwatch,2021-11-30,,2026-09-26,estimated,0
shipping_calls,nl,nation,2021-12,4810,calls,portwatch,2021-12-31,,2026-09-26,estimated,0
shipping_calls,nl,nation,2022-01,4975,calls,portwatch,2022-01-31,,2026-09-26,estimated,0
shipping_calls,nl,nation,2022-02,4517,calls,portwatch,2022-02-28,,2026-09-26,estimated,0
shipping_calls,nl,nation,2022-03,5371,calls,portwatch,2022-03-31,,2026-09-26,estimated,0
shipping_calls,nl,nation,2022-04,5083,calls,portwatch,2022-04-30,,2026-09-26,estimated,0
shipping_calls,nl,nation,2022-05,5241,calls,portwatch,2022-05-31,,2026-09-26,estimated,0
shipping_calls,nl,nation,2022-06,5092,calls,portwatch,2022-06-30,,2026-09-26,estimated,0
shipping_calls,nl,nation,2022-07,5353,calls,portwatch,2022-07-31,,2026-09-26,estimated,0
shipping_calls,nl,nation,2022-08,5260,calls,portwatch,2022-08-31,,2026-09-26,estimated,0
shipping_calls,nl,nation,2022-09,5102,calls,portwatch,2022-09-30,,2026-09-26,estimated,0
shipping_calls,nl,nation,2022-10,5146,calls,portwatch,2022-10-31,,2026-09-26,estimated,0
shipping_calls,nl,nation,2022-11,4906,calls,portwatch,2022-11-30,,2026-09-26,estimated,0
shipping_calls,nl,nation,2022-12,4863,calls,portwatch,2022-12-31,,2026-09-26,estimated,0
shipping_calls,nl,nation,2023-01,4798,calls,portwatch,2023-01-31,,2026-09-26,estimated,0
shipping_calls,nl,nation,2023-02,4555,calls,portwatch,2023-02-28,,2026-09-26,estimated,0
shipping_calls,nl,nation,2023-03,4948,calls,portwatch,2023-03-31,,2026-09-26,estimated,0
shipping_calls,nl,nation,2023-04,4789,calls,portwatch,2023-04-30,,2026-09-26,estimated,0
shipping_calls,nl,nation,2023-05,5076,calls,portwatch,2023-05-31,,2026-09-26,estimated,0
shipping_calls,nl,nation,2023-06,4808,calls,portwatch,2023-06-30,,2026-09-26,estimated,0
shipping_calls,nl,nation,2023-07,4799,calls,portwatch,2023-07-31,,2026-09-26,estimated,0
shipping_calls,nl,nation,2023-08,4813,calls,portwatch,2023-08-31,,2026-09-26,estimated,0
shipping_calls,nl,nation,2023-09,4675,calls,portwatch,2023-09-30,,2026-09-26,estimated,0
shipping_calls,nl,nation,2023-10,4846,calls,portwatch,2023-10-31,,2026-09-26,estimated,0
shipping_calls,nl,nation,2023-11,4570,calls,portwatch,2023-11-30,,2026-09-26,estimated,0
shipping_calls,nl,nation,2023-12,4457,calls,portwatch,2023-12-31,,2026-09-26,estimated,0
shipping_calls,nl,nation,2024-01,4536,calls,portwatch,2024-01-31,,2026-09-26,estimated,0
shipping_calls,nl,nation,2024-02,4370,calls,portwatch,2024-02-29,,2026-09-26,estimated,0
shipping_calls,nl,nation,2024-03,4890,calls,portwatch,2024-03-31,,2026-09-26,estimated,0
shipping_calls,nl,nation,2024-04,4713,calls,portwatch,2024-04-30,,2026-09-26,estimated,0
shipping_calls,nl,nation,2024-05,4750,calls,portwatch,2024-05-31,,2026-09-26,estimated,0
shipping_calls,nl,nation,2024-06,4655,calls,portwatch,2024-06-30,,2026-09-26,estimated,0
shipping_calls,nl,nation,2024-07,4882,calls,portwatch,2024-07-31,,2026-09-26,estimated,0
shipping_calls,nl,nation,2024-08,4737,calls,portwatch,2024-08-31,,2026-09-26,estimated,0
shipping_calls,nl,nation,2024-09,4482,calls,portwatch,2024-09-30,,2026-09-26,estimated,0
shipping_calls,nl,nation,2024-10,4680,calls,portwatch,2024-10-31,,2026-09-26,estimated,0
shipping_calls,nl,nation,2024-11,4498,calls,portwatch,2024-11-30,,2026-09-26,estimated,0
shipping_calls,nl,nation,2024-12,4326,calls,portwatch,2024-12-31,,2026-09-26,estimated,0
shipping_calls,nl,nation,2025-01,4351,calls,portwatch,2025-01-31,,2026-09-26,estimated,0
shipping_calls,nl,nation,2025-02,4331,calls,portwatch,2025-02-28,,2026-09-26,estimated,0
shipping_calls,nl,nation,2025-03,4794,calls,portwatch,2025-03-31,,2026-09-26,estimated,0
shipping_calls,nl,nation,2025-04,4772,calls,portwatch,2025-04-30,,2026-09-26,estimated,0
shipping_calls,nl,nation,2025-05,4789,calls,portwatch,2025-05-31,,2026-09-26,estimated,0
shipping_calls,nl,nation,2025-06,4594,calls,portwatch,2025-06-30,,2026-09-26,estimated,0
shipping_calls,nl,nation,2025-07,4656,calls,portwatch,2025-07-31,,2026-09-26,estimated,0
shipping_calls,nl,nation,2025-08,4678,calls,portwatch,2025-08-31,,2026-09-26,estimated,0
shipping_calls,nl,nation,2025-09,4457,calls,portwatch,2025-09-30,,2026-09-26,estimated,0
shipping_calls,nl,nation,2025-10,4424,calls,portwatch,2025-10-31,,2026-09-26,estimated,0
shipping_calls,nl,nation,2025-11,4508,calls,portwatch,2025-11-30,,2026-09-26,estimated,0
shipping_calls,nl,nation,2025-12,4350,calls,portwatch,2025-12-31,,2026-09-26,estimated,0
shipping_calls,nl,nation,2026-01,4332,calls,portwatch,2026-01-31,,2026-09-26,estimated,0
shipping_calls,nl,nation,2026-02,4213,calls,portwatch,2026-02-28,,2026-09-26,estimated,0
shipping_calls,nl,nation,2026-03,4713,calls,portwatch,2026-03-31,,2026-09-26,estimated,0
shipping_calls,nl,nation,2026-04,4370,calls,portwatch,2026-04-30,,2026-09-26,estimated,0
shipping_calls,nl,nation,2026-05,4697,calls,portwatch,2026-05-31,,2026-09-26,estimated,0
shipping_calls,nl,nation,2026-06,4445,calls,portwatch,2026-06-30,,2026-09-26,estimated,0
shipping_calls,nl,nation,2026-07,4813,calls,portwatch,2026-07-31,,2026-09-26,estimated,0
shipping_calls,nl,nation,2026-08,4698,calls,portwatch,2026-08-31,,2026-09-26,estimated,0
shipping_calls,no,nation,2019-01,2136,calls,portwatch,2019-01-31,,2026-09-26,estimated,0
shipping_calls,no,nation,2019-02,2020,calls,portwatch,2019-02-28,,2026-09-26,estimated,0
shipping_calls,no,nation,2019-03,2240,calls,portwatch,2019-03-31,,2026-09-26,estimated,0
shipping_calls,no,nation,2019-04,2220,calls,portwatch,2019-04-30,,2026-09-26,estimated,0
shipping_calls,no,nation,2019-05,2437,calls,portwatch,2019-05-31,,2026-09-26,estimated,0
shipping_calls,no,nation,2019-06,2374,calls,portwatch,2019-06-30,,2026-09-26,estimated,0
shipping_calls,no,nation,2019-07,2424,calls,portwatch,2019-07-31,,2026-09-26,estimated,0
shipping_calls,no,nation,2019-08,2460,calls,portwatch,2019-08-31,,2026-09-26,estimated,0
shipping_calls,no,nation,2019-09,2451,calls,portwatch,2019-09-30,,2026-09-26,estimated,0
shipping_calls,no,nation,2019-10,2491,calls,portwatch,2019-10-31,,2026-09-26,estimated,0
shipping_calls,no,nation,2019-11,2477,calls,portwatch,2019-11-30,,2026-09-26,estimated,0
shipping_calls,no,nation,2019-12,2089,calls,portwatch,2019-12-31,,2026-09-26,estimated,0
shipping_calls,no,nation,2020-01,2232,calls,portwatch,2020-01-31,,2026-09-26,estimated,0
shipping_calls,no,nation,2020-02,2058,calls,portwatch,2020-02-29,,2026-09-26,estimated,0
shipping_calls,no,nation,2020-03,2373,calls,portwatch,2020-03-31,,2026-09-26,estimated,0
shipping_calls,no,nation,2020-04,2173,calls,portwatch,2020-04-30,,2026-09-26,estimated,0
shipping_calls,no,nation,2020-05,2323,calls,portwatch,2020-05-31,,2026-09-26,estimated,0
shipping_calls,no,nation,2020-06,2289,calls,portwatch,2020-06-30,,2026-09-26,estimated,0
shipping_calls,no,nation,2020-07,2194,calls,portwatch,2020-07-31,,2026-09-26,estimated,0
shipping_calls,no,nation,2020-08,2386,calls,portwatch,2020-08-31,,2026-09-26,estimated,0
shipping_calls,no,nation,2020-09,2362,calls,portwatch,2020-09-30,,2026-09-26,estimated,0
shipping_calls,no,nation,2020-10,2492,calls,portwatch,2020-10-31,,2026-09-26,estimated,0
shipping_calls,no,nation,2020-11,2457,calls,portwatch,2020-11-30,,2026-09-26,estimated,0
shipping_calls,no,nation,2020-12,2169,calls,portwatch,2020-12-31,,2026-09-26,estimated,0
shipping_calls,no,nation,2021-01,2269,calls,portwatch,2021-01-31,,2026-09-26,estimated,0
shipping_calls,no,nation,2021-02,2138,calls,portwatch,2021-02-28,,2026-09-26,estimated,0
shipping_calls,no,nation,2021-03,2436,calls,portwatch,2021-03-31,,2026-09-26,estimated,0
shipping_calls,no,nation,2021-04,2311,calls,portwatch,2021-04-30,,2026-09-26,estimated,0
shipping_calls,no,nation,2021-05,2444,calls,portwatch,2021-05-31,,2026-09-26,estimated,0
shipping_calls,no,nation,2021-06,2466,calls,portwatch,2021-06-30,,2026-09-26,estimated,0
shipping_calls,no,nation,2021-07,2368,calls,portwatch,2021-07-31,,2026-09-26,estimated,0
shipping_calls,no,nation,2021-08,2424,calls,portwatch,2021-08-31,,2026-09-26,estimated,0
shipping_calls,no,nation,2021-09,2478,calls,portwatch,2021-09-30,,2026-09-26,estimated,0
shipping_calls,no,nation,2021-10,2556,calls,portwatch,2021-10-31,,2026-09-26,estimated,0
shipping_calls,no,nation,2021-11,2411,calls,portwatch,2021-11-30,,2026-09-26,estimated,0
shipping_calls,no,nation,2021-12,2317,calls,portwatch,2021-12-31,,2026-09-26,estimated,0
shipping_calls,no,nation,2022-01,2171,calls,portwatch,2022-01-31,,2026-09-26,estimated,0
shipping_calls,no,nation,2022-02,2109,calls,portwatch,2022-02-28,,2026-09-26,estimated,0
shipping_calls,no,nation,2022-03,2382,calls,portwatch,2022-03-31,,2026-09-26,estimated,0
shipping_calls,no,nation,2022-04,2140,calls,portwatch,2022-04-30,,2026-09-26,estimated,0
shipping_calls,no,nation,2022-05,2329,calls,portwatch,2022-05-31,,2026-09-26,estimated,0
shipping_calls,no,nation,2022-06,2446,calls,portwatch,2022-06-30,,2026-09-26,estimated,0
shipping_calls,no,nation,2022-07,2431,calls,portwatch,2022-07-31,,2026-09-26,estimated,0
shipping_calls,no,nation,2022-08,2465,calls,portwatch,2022-08-31,,2026-09-26,estimated,0
shipping_calls,no,nation,2022-09,2443,calls,portwatch,2022-09-30,,2026-09-26,estimated,0
shipping_calls,no,nation,2022-10,2375,calls,portwatch,2022-10-31,,2026-09-26,estimated,0
shipping_calls,no,nation,2022-11,2294,calls,portwatch,2022-11-30,,2026-09-26,estimated,0
shipping_calls,no,nation,2022-12,2218,calls,portwatch,2022-12-31,,2026-09-26,estimated,0
shipping_calls,no,nation,2023-01,2109,calls,portwatch,2023-01-31,,2026-09-26,estimated,0
shipping_calls,no,nation,2023-02,1949,calls,portwatch,2023-02-28,,2026-09-26,estimated,0
shipping_calls,no,nation,2023-03,2301,calls,portwatch,2023-03-31,,2026-09-26,estimated,0
shipping_calls,no,nation,2023-04,2102,calls,portwatch,2023-04-30,,2026-09-26,estimated,0
shipping_calls,no,nation,2023-05,2375,calls,portwatch,2023-05-31,,2026-09-26,estimated,0
shipping_calls,no,nation,2023-06,2393,calls,portwatch,2023-06-30,,2026-09-26,estimated,0
shipping_calls,no,nation,2023-07,2269,calls,portwatch,2023-07-31,,2026-09-26,estimated,0
shipping_calls,no,nation,2023-08,2335,calls,portwatch,2023-08-31,,2026-09-26,estimated,0
shipping_calls,no,nation,2023-09,2345,calls,portwatch,2023-09-30,,2026-09-26,estimated,0
shipping_calls,no,nation,2023-10,2446,calls,portwatch,2023-10-31,,2026-09-26,estimated,0
shipping_calls,no,nation,2023-11,2295,calls,portwatch,2023-11-30,,2026-09-26,estimated,0
shipping_calls,no,nation,2023-12,2111,calls,portwatch,2023-12-31,,2026-09-26,estimated,0
shipping_calls,no,nation,2024-01,2055,calls,portwatch,2024-01-31,,2026-09-26,estimated,0
shipping_calls,no,nation,2024-02,2120,calls,portwatch,2024-02-29,,2026-09-26,estimated,0
shipping_calls,no,nation,2024-03,2287,calls,portwatch,2024-03-31,,2026-09-26,estimated,0
shipping_calls,no,nation,2024-04,2221,calls,portwatch,2024-04-30,,2026-09-26,estimated,0
shipping_calls,no,nation,2024-05,2362,calls,portwatch,2024-05-31,,2026-09-26,estimated,0
shipping_calls,no,nation,2024-06,2422,calls,portwatch,2024-06-30,,2026-09-26,estimated,0
shipping_calls,no,nation,2024-07,2341,calls,portwatch,2024-07-31,,2026-09-26,estimated,0
shipping_calls,no,nation,2024-08,2277,calls,portwatch,2024-08-31,,2026-09-26,estimated,0
shipping_calls,no,nation,2024-09,2329,calls,portwatch,2024-09-30,,2026-09-26,estimated,0
shipping_calls,no,nation,2024-10,2396,calls,portwatch,2024-10-31,,2026-09-26,estimated,0
shipping_calls,no,nation,2024-11,2299,calls,portwatch,2024-11-30,,2026-09-26,estimated,0
shipping_calls,no,nation,2024-12,2159,calls,portwatch,2024-12-31,,2026-09-26,estimated,0
shipping_calls,no,nation,2025-01,2110,calls,portwatch,2025-01-31,,2026-09-26,estimated,0
shipping_calls,no,nation,2025-02,1954,calls,portwatch,2025-02-28,,2026-09-26,estimated,0
shipping_calls,no,nation,2025-03,2304,calls,portwatch,2025-03-31,,2026-09-26,estimated,0
shipping_calls,no,nation,2025-04,2193,calls,portwatch,2025-04-30,,2026-09-26,estimated,0
shipping_calls,no,nation,2025-05,2274,calls,portwatch,2025-05-31,,2026-09-26,estimated,0
shipping_calls,no,nation,2025-06,2271,calls,portwatch,2025-06-30,,2026-09-26,estimated,0
shipping_calls,no,nation,2025-07,2234,calls,portwatch,2025-07-31,,2026-09-26,estimated,0
shipping_calls,no,nation,2025-08,2341,calls,portwatch,2025-08-31,,2026-09-26,estimated,0
shipping_calls,no,nation,2025-09,2361,calls,portwatch,2025-09-30,,2026-09-26,estimated,0
shipping_calls,no,nation,2025-10,2376,calls,portwatch,2025-10-31,,2026-09-26,estimated,0
shipping_calls,no,nation,2025-11,2307,calls,portwatch,2025-11-30,,2026-09-26,estimated,0
shipping_calls,no,nation,2025-12,2163,calls,portwatch,2025-12-31,,2026-09-26,estimated,0
shipping_calls,no,nation,2026-01,2165,calls,portwatch,2026-01-31,,2026-09-26,estimated,0
shipping_calls,no,nation,2026-02,1994,calls,portwatch,2026-02-28,,2026-09-26,estimated,0
shipping_calls,no,nation,2026-03,2309,calls,portwatch,2026-03-31,,2026-09-26,estimated,0
shipping_calls,no,nation,2026-04,2078,calls,portwatch,2026-04-30,,2026-09-26,estimated,0
shipping_calls,no,nation,2026-05,2303,calls,portwatch,2026-05-31,,2026-09-26,estimated,0
shipping_calls,no,nation,2026-06,2376,calls,portwatch,2026-06-30,,2026-09-26,estimated,0
shipping_calls,no,nation,2026-07,2195,calls,portwatch,2026-07-31,,2026-09-26,estimated,0
shipping_calls,no,nation,2026-08,2334,calls,portwatch,2026-08-31,,2026-09-26,estimated,0
shipping_calls,pl,nation,2019-01,649,calls,portwatch,2019-01-31,,2026-09-26,estimated,0
shipping_calls,pl,nation,2019-02,633,calls,portwatch,2019-02-28,,2026-09-26,estimated,0
shipping_calls,pl,nation,2019-03,730,calls,portwatch,2019-03-31,,2026-09-26,estimated,0
shipping_calls,pl,nation,2019-04,696,calls,portwatch,2019-04-30,,2026-09-26,estimated,0
shipping_calls,pl,nation,2019-05,710,calls,portwatch,2019-05-31,,2026-09-26,estimated,0
shipping_calls,pl,nation,2019-06,726,calls,portwatch,2019-06-30,,2026-09-26,estimated,0
shipping_calls,pl,nation,2019-07,714,calls,portwatch,2019-07-31,,2026-09-26,estimated,0
shipping_calls,pl,nation,2019-08,746,calls,portwatch,2019-08-31,,2026-09-26,estimated,0
shipping_calls,pl,nation,2019-09,658,calls,portwatch,2019-09-30,,2026-09-26,estimated,0
shipping_calls,pl,nation,2019-10,718,calls,portwatch,2019-10-31,,2026-09-26,estimated,0
shipping_calls,pl,nation,2019-11,672,calls,portwatch,2019-11-30,,2026-09-26,estimated,0
shipping_calls,pl,nation,2019-12,601,calls,portwatch,2019-12-31,,2026-09-26,estimated,0
shipping_calls,pl,nation,2020-01,610,calls,portwatch,2020-01-31,,2026-09-26,estimated,0
shipping_calls,pl,nation,2020-02,577,calls,portwatch,2020-02-29,,2026-09-26,estimated,0
shipping_calls,pl,nation,2020-03,694,calls,portwatch,2020-03-31,,2026-09-26,estimated,0
shipping_calls,pl,nation,2020-04,633,calls,portwatch,2020-04-30,,2026-09-26,estimated,0
shipping_calls,pl,nation,2020-05,672,calls,portwatch,2020-05-31,,2026-09-26,estimated,0
shipping_calls,pl,nation,2020-06,643,calls,portwatch,2020-06-30,,2026-09-26,estimated,0
shipping_calls,pl,nation,2020-07,693,calls,portwatch,2020-07-31,,2026-09-26,estimated,0
shipping_calls,pl,nation,2020-08,699,calls,portwatch,2020-08-31,,2026-09-26,estimated,0
shipping_calls,pl,nation,2020-09,684,calls,portwatch,2020-09-30,,2026-09-26,estimated,0
shipping_calls,pl,nation,2020-10,690,calls,portwatch,2020-10-31,,2026-09-26,estimated,0
shipping_calls,pl,nation,2020-11,674,calls,portwatch,2020-11-30,,2026-09-26,estimated,0
shipping_calls,pl,nation,2020-12,678,calls,portwatch,2020-12-31,,2026-09-26,estimated,0
shipping_calls,pl,nation,2021-01,678,calls,portwatch,2021-01-31,,2026-09-26,estimated,0
shipping_calls,pl,nation,2021-02,663,calls,portwatch,2021-02-28,,2026-09-26,estimated,0
shipping_calls,pl,nation,2021-03,758,calls,portwatch,2021-03-31,,2026-09-26,estimated,0
shipping_calls,pl,nation,2021-04,689,calls,portwatch,2021-04-30,,2026-09-26,estimated,0
shipping_calls,pl,nation,2021-05,720,calls,portwatch,2021-05-31,,2026-09-26,estimated,0
shipping_calls,pl,nation,2021-06,717,calls,portwatch,2021-06-30,,2026-09-26,estimated,0
shipping_calls,pl,nation,2021-07,721,calls,portwatch,2021-07-31,,2026-09-26,estimated,0
shipping_calls,pl,nation,2021-08,755,calls,portwatch,2021-08-31,,2026-09-26,estimated,0
shipping_calls,pl,nation,2021-09,730,calls,portwatch,2021-09-30,,2026-09-26,estimated,0
shipping_calls,pl,nation,2021-10,772,calls,portwatch,2021-10-31,,2026-09-26,estimated,0
shipping_calls,pl,nation,2021-11,739,calls,portwatch,2021-11-30,,2026-09-26,estimated,0
shipping_calls,pl,nation,2021-12,655,calls,portwatch,2021-12-31,,2026-09-26,estimated,0
shipping_calls,pl,nation,2022-01,680,calls,portwatch,2022-01-31,,2026-09-26,estimated,0
shipping_calls,pl,nation,2022-02,668,calls,portwatch,2022-02-28,,2026-09-26,estimated,0
shipping_calls,pl,nation,2022-03,830,calls,portwatch,2022-03-31,,2026-09-26,estimated,0
shipping_calls,pl,nation,2022-04,707,calls,portwatch,2022-04-30,,2026-09-26,estimated,0
shipping_calls,pl,nation,2022-05,808,calls,portwatch,2022-05-31,,2026-09-26,estimated,0
shipping_calls,pl,nation,2022-06,796,calls,portwatch,2022-06-30,,2026-09-26,estimated,0
shipping_calls,pl,nation,2022-07,782,calls,portwatch,2022-07-31,,2026-09-26,estimated,0
shipping_calls,pl,nation,2022-08,780,calls,portwatch,2022-08-31,,2026-09-26,estimated,0
shipping_calls,pl,nation,2022-09,794,calls,portwatch,2022-09-30,,2026-09-26,estimated,0
shipping_calls,pl,nation,2022-10,832,calls,portwatch,2022-10-31,,2026-09-26,estimated,0
shipping_calls,pl,nation,2022-11,803,calls,portwatch,2022-11-30,,2026-09-26,estimated,0
shipping_calls,pl,nation,2022-12,736,calls,portwatch,2022-12-31,,2026-09-26,estimated,0
shipping_calls,pl,nation,2023-01,773,calls,portwatch,2023-01-31,,2026-09-26,estimated,0
shipping_calls,pl,nation,2023-02,692,calls,portwatch,2023-02-28,,2026-09-26,estimated,0
shipping_calls,pl,nation,2023-03,756,calls,portwatch,2023-03-31,,2026-09-26,estimated,0
shipping_calls,pl,nation,2023-04,750,calls,portwatch,2023-04-30,,2026-09-26,estimated,0
shipping_calls,pl,nation,2023-05,821,calls,portwatch,2023-05-31,,2026-09-26,estimated,0
shipping_calls,pl,nation,2023-06,805,calls,portwatch,2023-06-30,,2026-09-26,estimated,0
shipping_calls,pl,nation,2023-07,764,calls,portwatch,2023-07-31,,2026-09-26,estimated,0
shipping_calls,pl,nation,2023-08,756,calls,portwatch,2023-08-31,,2026-09-26,estimated,0
shipping_calls,pl,nation,2023-09,742,calls,portwatch,2023-09-30,,2026-09-26,estimated,0
shipping_calls,pl,nation,2023-10,758,calls,portwatch,2023-10-31,,2026-09-26,estimated,0
shipping_calls,pl,nation,2023-11,700,calls,portwatch,2023-11-30,,2026-09-26,estimated,0
shipping_calls,pl,nation,2023-12,697,calls,portwatch,2023-12-31,,2026-09-26,estimated,0
shipping_calls,pl,nation,2024-01,669,calls,portwatch,2024-01-31,,2026-09-26,estimated,0
shipping_calls,pl,nation,2024-02,671,calls,portwatch,2024-02-29,,2026-09-26,estimated,0
shipping_calls,pl,nation,2024-03,737,calls,portwatch,2024-03-31,,2026-09-26,estimated,0
shipping_calls,pl,nation,2024-04,699,calls,portwatch,2024-04-30,,2026-09-26,estimated,0
shipping_calls,pl,nation,2024-05,756,calls,portwatch,2024-05-31,,2026-09-26,estimated,0
shipping_calls,pl,nation,2024-06,678,calls,portwatch,2024-06-30,,2026-09-26,estimated,0
shipping_calls,pl,nation,2024-07,725,calls,portwatch,2024-07-31,,2026-09-26,estimated,0
shipping_calls,pl,nation,2024-08,732,calls,portwatch,2024-08-31,,2026-09-26,estimated,0
shipping_calls,pl,nation,2024-09,712,calls,portwatch,2024-09-30,,2026-09-26,estimated,0
shipping_calls,pl,nation,2024-10,715,calls,portwatch,2024-10-31,,2026-09-26,estimated,0
shipping_calls,pl,nation,2024-11,706,calls,portwatch,2024-11-30,,2026-09-26,estimated,0
shipping_calls,pl,nation,2024-12,672,calls,portwatch,2024-12-31,,2026-09-26,estimated,0
shipping_calls,pl,nation,2025-01,717,calls,portwatch,2025-01-31,,2026-09-26,estimated,0
shipping_calls,pl,nation,2025-02,610,calls,portwatch,2025-02-28,,2026-09-26,estimated,0
shipping_calls,pl,nation,2025-03,752,calls,portwatch,2025-03-31,,2026-09-26,estimated,0
shipping_calls,pl,nation,2025-04,719,calls,portwatch,2025-04-30,,2026-09-26,estimated,0
shipping_calls,pl,nation,2025-05,714,calls,portwatch,2025-05-31,,2026-09-26,estimated,0
shipping_calls,pl,nation,2025-06,711,calls,portwatch,2025-06-30,,2026-09-26,estimated,0
shipping_calls,pl,nation,2025-07,681,calls,portwatch,2025-07-31,,2026-09-26,estimated,0
shipping_calls,pl,nation,2025-08,752,calls,portwatch,2025-08-31,,2026-09-26,estimated,0
shipping_calls,pl,nation,2025-09,691,calls,portwatch,2025-09-30,,2026-09-26,estimated,0
shipping_calls,pl,nation,2025-10,719,calls,portwatch,2025-10-31,,2026-09-26,estimated,0
shipping_calls,pl,nation,2025-11,777,calls,portwatch,2025-11-30,,2026-09-26,estimated,0
shipping_calls,pl,nation,2025-12,729,calls,portwatch,2025-12-31,,2026-09-26,estimated,0
shipping_calls,pl,nation,2026-01,645,calls,portwatch,2026-01-31,,2026-09-26,estimated,0
shipping_calls,pl,nation,2026-02,591,calls,portwatch,2026-02-28,,2026-09-26,estimated,0
shipping_calls,pl,nation,2026-03,705,calls,portwatch,2026-03-31,,2026-09-26,estimated,0
shipping_calls,pl,nation,2026-04,698,calls,portwatch,2026-04-30,,2026-09-26,estimated,0
shipping_calls,pl,nation,2026-05,757,calls,portwatch,2026-05-31,,2026-09-26,estimated,0
shipping_calls,pl,nation,2026-06,727,calls,portwatch,2026-06-30,,2026-09-26,estimated,0
shipping_calls,pl,nation,2026-07,776,calls,portwatch,2026-07-31,,2026-09-26,estimated,0
shipping_calls,pl,nation,2026-08,782,calls,portwatch,2026-08-31,,2026-09-26,estimated,0
shipping_calls,pt,nation,2019-01,788,calls,portwatch,2019-01-31,,2026-09-26,estimated,0
shipping_calls,pt,nation,2019-02,720,calls,portwatch,2019-02-28,,2026-09-26,estimated,0
shipping_calls,pt,nation,2019-03,803,calls,portwatch,2019-03-31,,2026-09-26,estimated,0
shipping_calls,pt,nation,2019-04,797,calls,portwatch,2019-04-30,,2026-09-26,estimated,0
shipping_calls,pt,nation,2019-05,884,calls,portwatch,2019-05-31,,2026-09-26,estimated,0
shipping_calls,pt,nation,2019-06,852,calls,portwatch,2019-06-30,,2026-09-26,estimated,0
shipping_calls,pt,nation,2019-07,908,calls,portwatch,2019-07-31,,2026-09-26,estimated,0
shipping_calls,pt,nation,2019-08,841,calls,portwatch,2019-08-31,,2026-09-26,estimated,0
shipping_calls,pt,nation,2019-09,839,calls,portwatch,2019-09-30,,2026-09-26,estimated,0
shipping_calls,pt,nation,2019-10,857,calls,portwatch,2019-10-31,,2026-09-26,estimated,0
shipping_calls,pt,nation,2019-11,841,calls,portwatch,2019-11-30,,2026-09-26,estimated,0
shipping_calls,pt,nation,2019-12,790,calls,portwatch,2019-12-31,,2026-09-26,estimated,0
shipping_calls,pt,nation,2020-01,873,calls,portwatch,2020-01-31,,2026-09-26,estimated,0
shipping_calls,pt,nation,2020-02,784,calls,portwatch,2020-02-29,,2026-09-26,estimated,0
shipping_calls,pt,nation,2020-03,841,calls,portwatch,2020-03-31,,2026-09-26,estimated,0
shipping_calls,pt,nation,2020-04,746,calls,portwatch,2020-04-30,,2026-09-26,estimated,0
shipping_calls,pt,nation,2020-05,767,calls,portwatch,2020-05-31,,2026-09-26,estimated,0
shipping_calls,pt,nation,2020-06,717,calls,portwatch,2020-06-30,,2026-09-26,estimated,0
shipping_calls,pt,nation,2020-07,830,calls,portwatch,2020-07-31,,2026-09-26,estimated,0
shipping_calls,pt,nation,2020-08,825,calls,portwatch,2020-08-31,,2026-09-26,estimated,0
shipping_calls,pt,nation,2020-09,778,calls,portwatch,2020-09-30,,2026-09-26,estimated,0
shipping_calls,pt,nation,2020-10,816,calls,portwatch,2020-10-31,,2026-09-26,estimated,0
shipping_calls,pt,nation,2020-11,846,calls,portwatch,2020-11-30,,2026-09-26,estimated,0
shipping_calls,pt,nation,2020-12,774,calls,portwatch,2020-12-31,,2026-09-26,estimated,0
shipping_calls,pt,nation,2021-01,826,calls,portwatch,2021-01-31,,2026-09-26,estimated,0
shipping_calls,pt,nation,2021-02,716,calls,portwatch,2021-02-28,,2026-09-26,estimated,0
shipping_calls,pt,nation,2021-03,835,calls,portwatch,2021-03-31,,2026-09-26,estimated,0
shipping_calls,pt,nation,2021-04,841,calls,portwatch,2021-04-30,,2026-09-26,estimated,0
shipping_calls,pt,nation,2021-05,842,calls,portwatch,2021-05-31,,2026-09-26,estimated,0
shipping_calls,pt,nation,2021-06,822,calls,portwatch,2021-06-30,,2026-09-26,estimated,0
shipping_calls,pt,nation,2021-07,847,calls,portwatch,2021-07-31,,2026-09-26,estimated,0
shipping_calls,pt,nation,2021-08,829,calls,portwatch,2021-08-31,,2026-09-26,estimated,0
shipping_calls,pt,nation,2021-09,797,calls,portwatch,2021-09-30,,2026-09-26,estimated,0
shipping_calls,pt,nation,2021-10,796,calls,portwatch,2021-10-31,,2026-09-26,estimated,0
shipping_calls,pt,nation,2021-11,777,calls,portwatch,2021-11-30,,2026-09-26,estimated,0
shipping_calls,pt,nation,2021-12,794,calls,portwatch,2021-12-31,,2026-09-26,estimated,0
shipping_calls,pt,nation,2022-01,802,calls,portwatch,2022-01-31,,2026-09-26,estimated,0
shipping_calls,pt,nation,2022-02,696,calls,portwatch,2022-02-28,,2026-09-26,estimated,0
shipping_calls,pt,nation,2022-03,851,calls,portwatch,2022-03-31,,2026-09-26,estimated,0
shipping_calls,pt,nation,2022-04,771,calls,portwatch,2022-04-30,,2026-09-26,estimated,0
shipping_calls,pt,nation,2022-05,869,calls,portwatch,2022-05-31,,2026-09-26,estimated,0
shipping_calls,pt,nation,2022-06,835,calls,portwatch,2022-06-30,,2026-09-26,estimated,0
shipping_calls,pt,nation,2022-07,918,calls,portwatch,2022-07-31,,2026-09-26,estimated,0
shipping_calls,pt,nation,2022-08,849,calls,portwatch,2022-08-31,,2026-09-26,estimated,0
shipping_calls,pt,nation,2022-09,811,calls,portwatch,2022-09-30,,2026-09-26,estimated,0
shipping_calls,pt,nation,2022-10,851,calls,portwatch,2022-10-31,,2026-09-26,estimated,0
shipping_calls,pt,nation,2022-11,746,calls,portwatch,2022-11-30,,2026-09-26,estimated,0
shipping_calls,pt,nation,2022-12,787,calls,portwatch,2022-12-31,,2026-09-26,estimated,0
shipping_calls,pt,nation,2023-01,790,calls,portwatch,2023-01-31,,2026-09-26,estimated,0
shipping_calls,pt,nation,2023-02,820,calls,portwatch,2023-02-28,,2026-09-26,estimated,0
shipping_calls,pt,nation,2023-03,805,calls,portwatch,2023-03-31,,2026-09-26,estimated,0
shipping_calls,pt,nation,2023-04,875,calls,portwatch,2023-04-30,,2026-09-26,estimated,0
shipping_calls,pt,nation,2023-05,904,calls,portwatch,2023-05-31,,2026-09-26,estimated,0
shipping_calls,pt,nation,2023-06,877,calls,portwatch,2023-06-30,,2026-09-26,estimated,0
shipping_calls,pt,nation,2023-07,898,calls,portwatch,2023-07-31,,2026-09-26,estimated,0
shipping_calls,pt,nation,2023-08,865,calls,portwatch,2023-08-31,,2026-09-26,estimated,0
shipping_calls,pt,nation,2023-09,831,calls,portwatch,2023-09-30,,2026-09-26,estimated,0
shipping_calls,pt,nation,2023-10,830,calls,portwatch,2023-10-31,,2026-09-26,estimated,0
shipping_calls,pt,nation,2023-11,735,calls,portwatch,2023-11-30,,2026-09-26,estimated,0
shipping_calls,pt,nation,2023-12,838,calls,portwatch,2023-12-31,,2026-09-26,estimated,0
shipping_calls,pt,nation,2024-01,833,calls,portwatch,2024-01-31,,2026-09-26,estimated,0
shipping_calls,pt,nation,2024-02,785,calls,portwatch,2024-02-29,,2026-09-26,estimated,0
shipping_calls,pt,nation,2024-03,752,calls,portwatch,2024-03-31,,2026-09-26,estimated,0
shipping_calls,pt,nation,2024-04,892,calls,portwatch,2024-04-30,,2026-09-26,estimated,0
shipping_calls,pt,nation,2024-05,875,calls,portwatch,2024-05-31,,2026-09-26,estimated,0
shipping_calls,pt,nation,2024-06,849,calls,portwatch,2024-06-30,,2026-09-26,estimated,0
shipping_calls,pt,nation,2024-07,858,calls,portwatch,2024-07-31,,2026-09-26,estimated,0
shipping_calls,pt,nation,2024-08,833,calls,portwatch,2024-08-31,,2026-09-26,estimated,0
shipping_calls,pt,nation,2024-09,773,calls,portwatch,2024-09-30,,2026-09-26,estimated,0
shipping_calls,pt,nation,2024-10,841,calls,portwatch,2024-10-31,,2026-09-26,estimated,0
shipping_calls,pt,nation,2024-11,809,calls,portwatch,2024-11-30,,2026-09-26,estimated,0
shipping_calls,pt,nation,2024-12,823,calls,portwatch,2024-12-31,,2026-09-26,estimated,0
shipping_calls,pt,nation,2025-01,701,calls,portwatch,2025-01-31,,2026-09-26,estimated,0
shipping_calls,pt,nation,2025-02,792,calls,portwatch,2025-02-28,,2026-09-26,estimated,0
shipping_calls,pt,nation,2025-03,798,calls,portwatch,2025-03-31,,2026-09-26,estimated,0
shipping_calls,pt,nation,2025-04,793,calls,portwatch,2025-04-30,,2026-09-26,estimated,0
shipping_calls,pt,nation,2025-05,866,calls,portwatch,2025-05-31,,2026-09-26,estimated,0
shipping_calls,pt,nation,2025-06,796,calls,portwatch,2025-06-30,,2026-09-26,estimated,0
shipping_calls,pt,nation,2025-07,850,calls,portwatch,2025-07-31,,2026-09-26,estimated,0
shipping_calls,pt,nation,2025-08,825,calls,portwatch,2025-08-31,,2026-09-26,estimated,0
shipping_calls,pt,nation,2025-09,810,calls,portwatch,2025-09-30,,2026-09-26,estimated,0
shipping_calls,pt,nation,2025-10,818,calls,portwatch,2025-10-31,,2026-09-26,estimated,0
shipping_calls,pt,nation,2025-11,718,calls,portwatch,2025-11-30,,2026-09-26,estimated,0
shipping_calls,pt,nation,2025-12,752,calls,portwatch,2025-12-31,,2026-09-26,estimated,0
shipping_calls,pt,nation,2026-01,597,calls,portwatch,2026-01-31,,2026-09-26,estimated,0
shipping_calls,pt,nation,2026-02,693,calls,portwatch,2026-02-28,,2026-09-26,estimated,0
shipping_calls,pt,nation,2026-03,850,calls,portwatch,2026-03-31,,2026-09-26,estimated,0
shipping_calls,pt,nation,2026-04,817,calls,portwatch,2026-04-30,,2026-09-26,estimated,0
shipping_calls,pt,nation,2026-05,878,calls,portwatch,2026-05-31,,2026-09-26,estimated,0
shipping_calls,pt,nation,2026-06,840,calls,portwatch,2026-06-30,,2026-09-26,estimated,0
shipping_calls,pt,nation,2026-07,862,calls,portwatch,2026-07-31,,2026-09-26,estimated,0
shipping_calls,pt,nation,2026-08,813,calls,portwatch,2026-08-31,,2026-09-26,estimated,0
shipping_calls,ru,nation,2019-01,3544,calls,portwatch,2019-01-31,,2026-09-26,estimated,0
shipping_calls,ru,nation,2019-02,3316,calls,portwatch,2019-02-28,,2026-09-26,estimated,0
shipping_calls,ru,nation,2019-03,3806,calls,portwatch,2019-03-31,,2026-09-26,estimated,0
shipping_calls,ru,nation,2019-04,3814,calls,portwatch,2019-04-30,,2026-09-26,estimated,0
shipping_calls,ru,nation,2019-05,4222,calls,portwatch,2019-05-31,,2026-09-26,estimated,0
shipping_calls,ru,nation,2019-06,4237,calls,portwatch,2019-06-30,,2026-09-26,estimated,0
shipping_calls,ru,nation,2019-07,4724,calls,portwatch,2019-07-31,,2026-09-26,estimated,0
shipping_calls,ru,nation,2019-08,4590,calls,portwatch,2019-08-31,,2026-09-26,estimated,0
shipping_calls,ru,nation,2019-09,4280,calls,portwatch,2019-09-30,,2026-09-26,estimated,0
shipping_calls,ru,nation,2019-10,4593,calls,portwatch,2019-10-31,,2026-09-26,estimated,0
shipping_calls,ru,nation,2019-11,3952,calls,portwatch,2019-11-30,,2026-09-26,estimated,0
shipping_calls,ru,nation,2019-12,4034,calls,portwatch,2019-12-31,,2026-09-26,estimated,0
shipping_calls,ru,nation,2020-01,3607,calls,portwatch,2020-01-31,,2026-09-26,estimated,0
shipping_calls,ru,nation,2020-02,3337,calls,portwatch,2020-02-29,,2026-09-26,estimated,0
shipping_calls,ru,nation,2020-03,3982,calls,portwatch,2020-03-31,,2026-09-26,estimated,0
shipping_calls,ru,nation,2020-04,4163,calls,portwatch,2020-04-30,,2026-09-26,estimated,0
shipping_calls,ru,nation,2020-05,4252,calls,portwatch,2020-05-31,,2026-09-26,estimated,0
shipping_calls,ru,nation,2020-06,3996,calls,portwatch,2020-06-30,,2026-09-26,estimated,0
shipping_calls,ru,nation,2020-07,4477,calls,portwatch,2020-07-31,,2026-09-26,estimated,0
shipping_calls,ru,nation,2020-08,4577,calls,portwatch,2020-08-31,,2026-09-26,estimated,0
shipping_calls,ru,nation,2020-09,4419,calls,portwatch,2020-09-30,,2026-09-26,estimated,0
shipping_calls,ru,nation,2020-10,4792,calls,portwatch,2020-10-31,,2026-09-26,estimated,0
shipping_calls,ru,nation,2020-11,4268,calls,portwatch,2020-11-30,,2026-09-26,estimated,0
shipping_calls,ru,nation,2020-12,3705,calls,portwatch,2020-12-31,,2026-09-26,estimated,0
shipping_calls,ru,nation,2021-01,3570,calls,portwatch,2021-01-31,,2026-09-26,estimated,0
shipping_calls,ru,nation,2021-02,3233,calls,portwatch,2021-02-28,,2026-09-26,estimated,0
shipping_calls,ru,nation,2021-03,3859,calls,portwatch,2021-03-31,,2026-09-26,estimated,0
shipping_calls,ru,nation,2021-04,3641,calls,portwatch,2021-04-30,,2026-09-26,estimated,0
shipping_calls,ru,nation,2021-05,3941,calls,portwatch,2021-05-31,,2026-09-26,estimated,0
shipping_calls,ru,nation,2021-06,4058,calls,portwatch,2021-06-30,,2026-09-26,estimated,0
shipping_calls,ru,nation,2021-07,4213,calls,portwatch,2021-07-31,,2026-09-26,estimated,0
shipping_calls,ru,nation,2021-08,4256,calls,portwatch,2021-08-31,,2026-09-26,estimated,0
shipping_calls,ru,nation,2021-09,4029,calls,portwatch,2021-09-30,,2026-09-26,estimated,0
shipping_calls,ru,nation,2021-10,3891,calls,portwatch,2021-10-31,,2026-09-26,estimated,0
shipping_calls,ru,nation,2021-11,3428,calls,portwatch,2021-11-30,,2026-09-26,estimated,0
shipping_calls,ru,nation,2021-12,3231,calls,portwatch,2021-12-31,,2026-09-26,estimated,0
shipping_calls,ru,nation,2022-01,3031,calls,portwatch,2022-01-31,,2026-09-26,estimated,0
shipping_calls,ru,nation,2022-02,3006,calls,portwatch,2022-02-28,,2026-09-26,estimated,0
shipping_calls,ru,nation,2022-03,2711,calls,portwatch,2022-03-31,,2026-09-26,estimated,0
shipping_calls,ru,nation,2022-04,2908,calls,portwatch,2022-04-30,,2026-09-26,estimated,0
shipping_calls,ru,nation,2022-05,3148,calls,portwatch,2022-05-31,,2026-09-26,estimated,0
shipping_calls,ru,nation,2022-06,3211,calls,portwatch,2022-06-30,,2026-09-26,estimated,0
shipping_calls,ru,nation,2022-07,3412,calls,portwatch,2022-07-31,,2026-09-26,estimated,0
shipping_calls,ru,nation,2022-08,3508,calls,portwatch,2022-08-31,,2026-09-26,estimated,0
shipping_calls,ru,nation,2022-09,3352,calls,portwatch,2022-09-30,,2026-09-26,estimated,0
shipping_calls,ru,nation,2022-10,3587,calls,portwatch,2022-10-31,,2026-09-26,estimated,0
shipping_calls,ru,nation,2022-11,3476,calls,portwatch,2022-11-30,,2026-09-26,estimated,0
shipping_calls,ru,nation,2022-12,3263,calls,portwatch,2022-12-31,,2026-09-26,estimated,0
shipping_calls,ru,nation,2023-01,3131,calls,portwatch,2023-01-31,,2026-09-26,estimated,0
shipping_calls,ru,nation,2023-02,2868,calls,portwatch,2023-02-28,,2026-09-26,estimated,0
shipping_calls,ru,nation,2023-03,3452,calls,portwatch,2023-03-31,,2026-09-26,estimated,0
shipping_calls,ru,nation,2023-04,3375,calls,portwatch,2023-04-30,,2026-09-26,estimated,0
shipping_calls,ru,nation,2023-05,3551,calls,portwatch,2023-05-31,,2026-09-26,estimated,0
shipping_calls,ru,nation,2023-06,3393,calls,portwatch,2023-06-30,,2026-09-26,estimated,0
shipping_calls,ru,nation,2023-07,3520,calls,portwatch,2023-07-31,,2026-09-26,estimated,0
shipping_calls,ru,nation,2023-08,3484,calls,portwatch,2023-08-31,,2026-09-26,estimated,0
shipping_calls,ru,nation,2023-09,3343,calls,portwatch,2023-09-30,,2026-09-26,estimated,0
shipping_calls,ru,nation,2023-10,3362,calls,portwatch,2023-10-31,,2026-09-26,estimated,0
shipping_calls,ru,nation,2023-11,2937,calls,portwatch,2023-11-30,,2026-09-26,estimated,0
shipping_calls,ru,nation,2023-12,3009,calls,portwatch,2023-12-31,,2026-09-26,estimated,0
shipping_calls,ru,nation,2024-01,2822,calls,portwatch,2024-01-31,,2026-09-26,estimated,0
shipping_calls,ru,nation,2024-02,2752,calls,portwatch,2024-02-29,,2026-09-26,estimated,0
shipping_calls,ru,nation,2024-03,3250,calls,portwatch,2024-03-31,,2026-09-26,estimated,0
shipping_calls,ru,nation,2024-04,3134,calls,portwatch,2024-04-30,,2026-09-26,estimated,0
shipping_calls,ru,nation,2024-05,3097,calls,portwatch,2024-05-31,,2026-09-26,estimated,0
shipping_calls,ru,nation,2024-06,3024,calls,portwatch,2024-06-30,,2026-09-26,estimated,0
shipping_calls,ru,nation,2024-07,3136,calls,portwatch,2024-07-31,,2026-09-26,estimated,0
shipping_calls,ru,nation,2024-08,2918,calls,portwatch,2024-08-31,,2026-09-26,estimated,0
shipping_calls,ru,nation,2024-09,2894,calls,portwatch,2024-09-30,,2026-09-26,estimated,0
shipping_calls,ru,nation,2024-10,2952,calls,portwatch,2024-10-31,,2026-09-26,estimated,0
shipping_calls,ru,nation,2024-11,2608,calls,portwatch,2024-11-30,,2026-09-26,estimated,0
shipping_calls,ru,nation,2024-12,2638,calls,portwatch,2024-12-31,,2026-09-26,estimated,0
shipping_calls,ru,nation,2025-01,2449,calls,portwatch,2025-01-31,,2026-09-26,estimated,0
shipping_calls,ru,nation,2025-02,2092,calls,portwatch,2025-02-28,,2026-09-26,estimated,0
shipping_calls,ru,nation,2025-03,2466,calls,portwatch,2025-03-31,,2026-09-26,estimated,0
shipping_calls,ru,nation,2025-04,2358,calls,portwatch,2025-04-30,,2026-09-26,estimated,0
shipping_calls,ru,nation,2025-05,2534,calls,portwatch,2025-05-31,,2026-09-26,estimated,0
shipping_calls,ru,nation,2025-06,2358,calls,portwatch,2025-06-30,,2026-09-26,estimated,0
shipping_calls,ru,nation,2025-07,2494,calls,portwatch,2025-07-31,,2026-09-26,estimated,0
shipping_calls,ru,nation,2025-08,2610,calls,portwatch,2025-08-31,,2026-09-26,estimated,0
shipping_calls,ru,nation,2025-09,2467,calls,portwatch,2025-09-30,,2026-09-26,estimated,0
shipping_calls,ru,nation,2025-10,2573,calls,portwatch,2025-10-31,,2026-09-26,estimated,0
shipping_calls,ru,nation,2025-11,2365,calls,portwatch,2025-11-30,,2026-09-26,estimated,0
shipping_calls,ru,nation,2025-12,2133,calls,portwatch,2025-12-31,,2026-09-26,estimated,0
shipping_calls,ru,nation,2026-01,1812,calls,portwatch,2026-01-31,,2026-09-26,estimated,0
shipping_calls,ru,nation,2026-02,1689,calls,portwatch,2026-02-28,,2026-09-26,estimated,0
shipping_calls,ru,nation,2026-03,2006,calls,portwatch,2026-03-31,,2026-09-26,estimated,0
shipping_calls,ru,nation,2026-04,1939,calls,portwatch,2026-04-30,,2026-09-26,estimated,0
shipping_calls,ru,nation,2026-05,2166,calls,portwatch,2026-05-31,,2026-09-26,estimated,0
shipping_calls,ru,nation,2026-06,2175,calls,portwatch,2026-06-30,,2026-09-26,estimated,0
shipping_calls,ru,nation,2026-07,2109,calls,portwatch,2026-07-31,,2026-09-26,estimated,0
shipping_calls,ru,nation,2026-08,1903,calls,portwatch,2026-08-31,,2026-09-26,estimated,0
shipping_calls,sa,nation,2019-01,921,calls,portwatch,2019-01-31,,2026-09-26,estimated,0
shipping_calls,sa,nation,2019-02,849,calls,portwatch,2019-02-28,,2026-09-26,estimated,0
shipping_calls,sa,nation,2019-03,943,calls,portwatch,2019-03-31,,2026-09-26,estimated,0
shipping_calls,sa,nation,2019-04,1000,calls,portwatch,2019-04-30,,2026-09-26,estimated,0
shipping_calls,sa,nation,2019-05,1079,calls,portwatch,2019-05-31,,2026-09-26,estimated,0
shipping_calls,sa,nation,2019-06,1069,calls,portwatch,2019-06-30,,2026-09-26,estimated,0
shipping_calls,sa,nation,2019-07,1146,calls,portwatch,2019-07-31,,2026-09-26,estimated,0
shipping_calls,sa,nation,2019-08,1142,calls,portwatch,2019-08-31,,2026-09-26,estimated,0
shipping_calls,sa,nation,2019-09,1034,calls,portwatch,2019-09-30,,2026-09-26,estimated,0
shipping_calls,sa,nation,2019-10,1109,calls,portwatch,2019-10-31,,2026-09-26,estimated,0
shipping_calls,sa,nation,2019-11,940,calls,portwatch,2019-11-30,,2026-09-26,estimated,0
shipping_calls,sa,nation,2019-12,951,calls,portwatch,2019-12-31,,2026-09-26,estimated,0
shipping_calls,sa,nation,2020-01,935,calls,portwatch,2020-01-31,,2026-09-26,estimated,0
shipping_calls,sa,nation,2020-02,866,calls,portwatch,2020-02-29,,2026-09-26,estimated,0
shipping_calls,sa,nation,2020-03,944,calls,portwatch,2020-03-31,,2026-09-26,estimated,0
shipping_calls,sa,nation,2020-04,1065,calls,portwatch,2020-04-30,,2026-09-26,estimated,0
shipping_calls,sa,nation,2020-05,1075,calls,portwatch,2020-05-31,,2026-09-26,estimated,0
shipping_calls,sa,nation,2020-06,1052,calls,portwatch,2020-06-30,,2026-09-26,estimated,0
shipping_calls,sa,nation,2020-07,1117,calls,portwatch,2020-07-31,,2026-09-26,estimated,0
shipping_calls,sa,nation,2020-08,1129,calls,portwatch,2020-08-31,,2026-09-26,estimated,0
shipping_calls,sa,nation,2020-09,1123,calls,portwatch,2020-09-30,,2026-09-26,estimated,0
shipping_calls,sa,nation,2020-10,1115,calls,portwatch,2020-10-31,,2026-09-26,estimated,0
shipping_calls,sa,nation,2020-11,947,calls,portwatch,2020-11-30,,2026-09-26,estimated,0
shipping_calls,sa,nation,2020-12,874,calls,portwatch,2020-12-31,,2026-09-26,estimated,0
shipping_calls,sa,nation,2021-01,970,calls,portwatch,2021-01-31,,2026-09-26,estimated,0
shipping_calls,sa,nation,2021-02,874,calls,portwatch,2021-02-28,,2026-09-26,estimated,0
shipping_calls,sa,nation,2021-03,1084,calls,portwatch,2021-03-31,,2026-09-26,estimated,0
shipping_calls,sa,nation,2021-04,1111,calls,portwatch,2021-04-30,,2026-09-26,estimated,0
shipping_calls,sa,nation,2021-05,1100,calls,portwatch,2021-05-31,,2026-09-26,estimated,0
shipping_calls,sa,nation,2021-06,1117,calls,portwatch,2021-06-30,,2026-09-26,estimated,0
shipping_calls,sa,nation,2021-07,1133,calls,portwatch,2021-07-31,,2026-09-26,estimated,0
shipping_calls,sa,nation,2021-08,1158,calls,portwatch,2021-08-31,,2026-09-26,estimated,0
shipping_calls,sa,nation,2021-09,1142,calls,portwatch,2021-09-30,,2026-09-26,estimated,0
shipping_calls,sa,nation,2021-10,1139,calls,portwatch,2021-10-31,,2026-09-26,estimated,0
shipping_calls,sa,nation,2021-11,998,calls,portwatch,2021-11-30,,2026-09-26,estimated,0
shipping_calls,sa,nation,2021-12,1035,calls,portwatch,2021-12-31,,2026-09-26,estimated,0
shipping_calls,sa,nation,2022-01,997,calls,portwatch,2022-01-31,,2026-09-26,estimated,0
shipping_calls,sa,nation,2022-02,968,calls,portwatch,2022-02-28,,2026-09-26,estimated,0
shipping_calls,sa,nation,2022-03,1049,calls,portwatch,2022-03-31,,2026-09-26,estimated,0
shipping_calls,sa,nation,2022-04,1101,calls,portwatch,2022-04-30,,2026-09-26,estimated,0
shipping_calls,sa,nation,2022-05,1116,calls,portwatch,2022-05-31,,2026-09-26,estimated,0
shipping_calls,sa,nation,2022-06,1101,calls,portwatch,2022-06-30,,2026-09-26,estimated,0
shipping_calls,sa,nation,2022-07,1142,calls,portwatch,2022-07-31,,2026-09-26,estimated,0
shipping_calls,sa,nation,2022-08,1153,calls,portwatch,2022-08-31,,2026-09-26,estimated,0
shipping_calls,sa,nation,2022-09,1155,calls,portwatch,2022-09-30,,2026-09-26,estimated,0
shipping_calls,sa,nation,2022-10,1156,calls,portwatch,2022-10-31,,2026-09-26,estimated,0
shipping_calls,sa,nation,2022-11,955,calls,portwatch,2022-11-30,,2026-09-26,estimated,0
shipping_calls,sa,nation,2022-12,1012,calls,portwatch,2022-12-31,,2026-09-26,estimated,0
shipping_calls,sa,nation,2023-01,967,calls,portwatch,2023-01-31,,2026-09-26,estimated,0
shipping_calls,sa,nation,2023-02,970,calls,portwatch,2023-02-28,,2026-09-26,estimated,0
shipping_calls,sa,nation,2023-03,1091,calls,portwatch,2023-03-31,,2026-09-26,estimated,0
shipping_calls,sa,nation,2023-04,1103,calls,portwatch,2023-04-30,,2026-09-26,estimated,0
shipping_calls,sa,nation,2023-05,1155,calls,portwatch,2023-05-31,,2026-09-26,estimated,0
shipping_calls,sa,nation,2023-06,1066,calls,portwatch,2023-06-30,,2026-09-26,estimated,0
shipping_calls,sa,nation,2023-07,1102,calls,portwatch,2023-07-31,,2026-09-26,estimated,0
shipping_calls,sa,nation,2023-08,1187,calls,portwatch,2023-08-31,,2026-09-26,estimated,0
shipping_calls,sa,nation,2023-09,1189,calls,portwatch,2023-09-30,,2026-09-26,estimated,0
shipping_calls,sa,nation,2023-10,1170,calls,portwatch,2023-10-31,,2026-09-26,estimated,0
shipping_calls,sa,nation,2023-11,937,calls,portwatch,2023-11-30,,2026-09-26,estimated,0
shipping_calls,sa,nation,2023-12,925,calls,portwatch,2023-12-31,,2026-09-26,estimated,0
shipping_calls,sa,nation,2024-01,870,calls,portwatch,2024-01-31,,2026-09-26,estimated,0
shipping_calls,sa,nation,2024-02,809,calls,portwatch,2024-02-29,,2026-09-26,estimated,0
shipping_calls,sa,nation,2024-03,1110,calls,portwatch,2024-03-31,,2026-09-26,estimated,0
shipping_calls,sa,nation,2024-04,1016,calls,portwatch,2024-04-30,,2026-09-26,estimated,0
shipping_calls,sa,nation,2024-05,1101,calls,portwatch,2024-05-31,,2026-09-26,estimated,0
shipping_calls,sa,nation,2024-06,1071,calls,portwatch,2024-06-30,,2026-09-26,estimated,0
shipping_calls,sa,nation,2024-07,1035,calls,portwatch,2024-07-31,,2026-09-26,estimated,0
shipping_calls,sa,nation,2024-08,1054,calls,portwatch,2024-08-31,,2026-09-26,estimated,0
shipping_calls,sa,nation,2024-09,1042,calls,portwatch,2024-09-30,,2026-09-26,estimated,0
shipping_calls,sa,nation,2024-10,1028,calls,portwatch,2024-10-31,,2026-09-26,estimated,0
shipping_calls,sa,nation,2024-11,1017,calls,portwatch,2024-11-30,,2026-09-26,estimated,0
shipping_calls,sa,nation,2024-12,1088,calls,portwatch,2024-12-31,,2026-09-26,estimated,0
shipping_calls,sa,nation,2025-01,1070,calls,portwatch,2025-01-31,,2026-09-26,estimated,0
shipping_calls,sa,nation,2025-02,890,calls,portwatch,2025-02-28,,2026-09-26,estimated,0
shipping_calls,sa,nation,2025-03,1046,calls,portwatch,2025-03-31,,2026-09-26,estimated,0
shipping_calls,sa,nation,2025-04,989,calls,portwatch,2025-04-30,,2026-09-26,estimated,0
shipping_calls,sa,nation,2025-05,943,calls,portwatch,2025-05-31,,2026-09-26,estimated,0
shipping_calls,sa,nation,2025-06,809,calls,portwatch,2025-06-30,,2026-09-26,estimated,0
shipping_calls,sa,nation,2025-07,981,calls,portwatch,2025-07-31,,2026-09-26,estimated,0
shipping_calls,sa,nation,2025-08,1138,calls,portwatch,2025-08-31,,2026-09-26,estimated,0
shipping_calls,sa,nation,2025-09,1011,calls,portwatch,2025-09-30,,2026-09-26,estimated,0
shipping_calls,sa,nation,2025-10,1048,calls,portwatch,2025-10-31,,2026-09-26,estimated,0
shipping_calls,sa,nation,2025-11,1006,calls,portwatch,2025-11-30,,2026-09-26,estimated,0
shipping_calls,sa,nation,2025-12,904,calls,portwatch,2025-12-31,,2026-09-26,estimated,0
shipping_calls,sa,nation,2026-01,957,calls,portwatch,2026-01-31,,2026-09-26,estimated,0
shipping_calls,sa,nation,2026-02,980,calls,portwatch,2026-02-28,,2026-09-26,estimated,0
shipping_calls,sa,nation,2026-03,792,calls,portwatch,2026-03-31,,2026-09-26,estimated,0
shipping_calls,sa,nation,2026-04,788,calls,portwatch,2026-04-30,,2026-09-26,estimated,0
shipping_calls,sa,nation,2026-05,859,calls,portwatch,2026-05-31,,2026-09-26,estimated,0
shipping_calls,sa,nation,2026-06,796,calls,portwatch,2026-06-30,,2026-09-26,estimated,0
shipping_calls,sa,nation,2026-07,683,calls,portwatch,2026-07-31,,2026-09-26,estimated,0
shipping_calls,sa,nation,2026-08,298,calls,portwatch,2026-08-31,,2026-09-26,estimated,0
shipping_calls,se,nation,2019-01,1441,calls,portwatch,2019-01-31,,2026-09-26,estimated,0
shipping_calls,se,nation,2019-02,1404,calls,portwatch,2019-02-28,,2026-09-26,estimated,0
shipping_calls,se,nation,2019-03,1510,calls,portwatch,2019-03-31,,2026-09-26,estimated,0
shipping_calls,se,nation,2019-04,1462,calls,portwatch,2019-04-30,,2026-09-26,estimated,0
shipping_calls,se,nation,2019-05,1556,calls,portwatch,2019-05-31,,2026-09-26,estimated,0
shipping_calls,se,nation,2019-06,1467,calls,portwatch,2019-06-30,,2026-09-26,estimated,0
shipping_calls,se,nation,2019-07,1581,calls,portwatch,2019-07-31,,2026-09-26,estimated,0
shipping_calls,se,nation,2019-08,1569,calls,portwatch,2019-08-31,,2026-09-26,estimated,0
shipping_calls,se,nation,2019-09,1458,calls,portwatch,2019-09-30,,2026-09-26,estimated,0
shipping_calls,se,nation,2019-10,1439,calls,portwatch,2019-10-31,,2026-09-26,estimated,0
shipping_calls,se,nation,2019-11,1362,calls,portwatch,2019-11-30,,2026-09-26,estimated,0
shipping_calls,se,nation,2019-12,1359,calls,portwatch,2019-12-31,,2026-09-26,estimated,0
shipping_calls,se,nation,2020-01,1352,calls,portwatch,2020-01-31,,2026-09-26,estimated,0
shipping_calls,se,nation,2020-02,1210,calls,portwatch,2020-02-29,,2026-09-26,estimated,0
shipping_calls,se,nation,2020-03,1425,calls,portwatch,2020-03-31,,2026-09-26,estimated,0
shipping_calls,se,nation,2020-04,1349,calls,portwatch,2020-04-30,,2026-09-26,estimated,0
shipping_calls,se,nation,2020-05,1337,calls,portwatch,2020-05-31,,2026-09-26,estimated,0
shipping_calls,se,nation,2020-06,1328,calls,portwatch,2020-06-30,,2026-09-26,estimated,0
shipping_calls,se,nation,2020-07,1315,calls,portwatch,2020-07-31,,2026-09-26,estimated,0
shipping_calls,se,nation,2020-08,1345,calls,portwatch,2020-08-31,,2026-09-26,estimated,0
shipping_calls,se,nation,2020-09,1388,calls,portwatch,2020-09-30,,2026-09-26,estimated,0
shipping_calls,se,nation,2020-10,1395,calls,portwatch,2020-10-31,,2026-09-26,estimated,0
shipping_calls,se,nation,2020-11,1325,calls,portwatch,2020-11-30,,2026-09-26,estimated,0
shipping_calls,se,nation,2020-12,1288,calls,portwatch,2020-12-31,,2026-09-26,estimated,0
shipping_calls,se,nation,2021-01,1330,calls,portwatch,2021-01-31,,2026-09-26,estimated,0
shipping_calls,se,nation,2021-02,1275,calls,portwatch,2021-02-28,,2026-09-26,estimated,0
shipping_calls,se,nation,2021-03,1470,calls,portwatch,2021-03-31,,2026-09-26,estimated,0
shipping_calls,se,nation,2021-04,1328,calls,portwatch,2021-04-30,,2026-09-26,estimated,0
shipping_calls,se,nation,2021-05,1414,calls,portwatch,2021-05-31,,2026-09-26,estimated,0
shipping_calls,se,nation,2021-06,1465,calls,portwatch,2021-06-30,,2026-09-26,estimated,0
shipping_calls,se,nation,2021-07,1446,calls,portwatch,2021-07-31,,2026-09-26,estimated,0
shipping_calls,se,nation,2021-08,1378,calls,portwatch,2021-08-31,,2026-09-26,estimated,0
shipping_calls,se,nation,2021-09,1396,calls,portwatch,2021-09-30,,2026-09-26,estimated,0
shipping_calls,se,nation,2021-10,1359,calls,portwatch,2021-10-31,,2026-09-26,estimated,0
shipping_calls,se,nation,2021-11,1402,calls,portwatch,2021-11-30,,2026-09-26,estimated,0
shipping_calls,se,nation,2021-12,1420,calls,portwatch,2021-12-31,,2026-09-26,estimated,0
shipping_calls,se,nation,2022-01,1381,calls,portwatch,2022-01-31,,2026-09-26,estimated,0
shipping_calls,se,nation,2022-02,1281,calls,portwatch,2022-02-28,,2026-09-26,estimated,0
shipping_calls,se,nation,2022-03,1552,calls,portwatch,2022-03-31,,2026-09-26,estimated,0
shipping_calls,se,nation,2022-04,1367,calls,portwatch,2022-04-30,,2026-09-26,estimated,0
shipping_calls,se,nation,2022-05,1506,calls,portwatch,2022-05-31,,2026-09-26,estimated,0
shipping_calls,se,nation,2022-06,1432,calls,portwatch,2022-06-30,,2026-09-26,estimated,0
shipping_calls,se,nation,2022-07,1468,calls,portwatch,2022-07-31,,2026-09-26,estimated,0
shipping_calls,se,nation,2022-08,1447,calls,portwatch,2022-08-31,,2026-09-26,estimated,0
shipping_calls,se,nation,2022-09,1435,calls,portwatch,2022-09-30,,2026-09-26,estimated,0
shipping_calls,se,nation,2022-10,1443,calls,portwatch,2022-10-31,,2026-09-26,estimated,0
shipping_calls,se,nation,2022-11,1407,calls,portwatch,2022-11-30,,2026-09-26,estimated,0
shipping_calls,se,nation,2022-12,1394,calls,portwatch,2022-12-31,,2026-09-26,estimated,0
shipping_calls,se,nation,2023-01,1398,calls,portwatch,2023-01-31,,2026-09-26,estimated,0
shipping_calls,se,nation,2023-02,1290,calls,portwatch,2023-02-28,,2026-09-26,estimated,0
shipping_calls,se,nation,2023-03,1439,calls,portwatch,2023-03-31,,2026-09-26,estimated,0
shipping_calls,se,nation,2023-04,1365,calls,portwatch,2023-04-30,,2026-09-26,estimated,0
shipping_calls,se,nation,2023-05,1422,calls,portwatch,2023-05-31,,2026-09-26,estimated,0
shipping_calls,se,nation,2023-06,1396,calls,portwatch,2023-06-30,,2026-09-26,estimated,0
shipping_calls,se,nation,2023-07,1379,calls,portwatch,2023-07-31,,2026-09-26,estimated,0
shipping_calls,se,nation,2023-08,1422,calls,portwatch,2023-08-31,,2026-09-26,estimated,0
shipping_calls,se,nation,2023-09,1350,calls,portwatch,2023-09-30,,2026-09-26,estimated,0
shipping_calls,se,nation,2023-10,1308,calls,portwatch,2023-10-31,,2026-09-26,estimated,0
shipping_calls,se,nation,2023-11,1304,calls,portwatch,2023-11-30,,2026-09-26,estimated,0
shipping_calls,se,nation,2023-12,1379,calls,portwatch,2023-12-31,,2026-09-26,estimated,0
shipping_calls,se,nation,2024-01,1393,calls,portwatch,2024-01-31,,2026-09-26,estimated,0
shipping_calls,se,nation,2024-02,1343,calls,portwatch,2024-02-29,,2026-09-26,estimated,0
shipping_calls,se,nation,2024-03,1490,calls,portwatch,2024-03-31,,2026-09-26,estimated,0
shipping_calls,se,nation,2024-04,1358,calls,portwatch,2024-04-30,,2026-09-26,estimated,0
shipping_calls,se,nation,2024-05,1478,calls,portwatch,2024-05-31,,2026-09-26,estimated,0
shipping_calls,se,nation,2024-06,1353,calls,portwatch,2024-06-30,,2026-09-26,estimated,0
shipping_calls,se,nation,2024-07,1369,calls,portwatch,2024-07-31,,2026-09-26,estimated,0
shipping_calls,se,nation,2024-08,1367,calls,portwatch,2024-08-31,,2026-09-26,estimated,0
shipping_calls,se,nation,2024-09,1352,calls,portwatch,2024-09-30,,2026-09-26,estimated,0
shipping_calls,se,nation,2024-10,1380,calls,portwatch,2024-10-31,,2026-09-26,estimated,0
shipping_calls,se,nation,2024-11,1327,calls,portwatch,2024-11-30,,2026-09-26,estimated,0
shipping_calls,se,nation,2024-12,1293,calls,portwatch,2024-12-31,,2026-09-26,estimated,0
shipping_calls,se,nation,2025-01,1298,calls,portwatch,2025-01-31,,2026-09-26,estimated,0
shipping_calls,se,nation,2025-02,1257,calls,portwatch,2025-02-28,,2026-09-26,estimated,0
shipping_calls,se,nation,2025-03,1417,calls,portwatch,2025-03-31,,2026-09-26,estimated,0
shipping_calls,se,nation,2025-04,1306,calls,portwatch,2025-04-30,,2026-09-26,estimated,0
shipping_calls,se,nation,2025-05,1339,calls,portwatch,2025-05-31,,2026-09-26,estimated,0
shipping_calls,se,nation,2025-06,1317,calls,portwatch,2025-06-30,,2026-09-26,estimated,0
shipping_calls,se,nation,2025-07,1320,calls,portwatch,2025-07-31,,2026-09-26,estimated,0
shipping_calls,se,nation,2025-08,1335,calls,portwatch,2025-08-31,,2026-09-26,estimated,0
shipping_calls,se,nation,2025-09,1357,calls,portwatch,2025-09-30,,2026-09-26,estimated,0
shipping_calls,se,nation,2025-10,1334,calls,portwatch,2025-10-31,,2026-09-26,estimated,0
shipping_calls,se,nation,2025-11,1341,calls,portwatch,2025-11-30,,2026-09-26,estimated,0
shipping_calls,se,nation,2025-12,1337,calls,portwatch,2025-12-31,,2026-09-26,estimated,0
shipping_calls,se,nation,2026-01,1350,calls,portwatch,2026-01-31,,2026-09-26,estimated,0
shipping_calls,se,nation,2026-02,1214,calls,portwatch,2026-02-28,,2026-09-26,estimated,0
shipping_calls,se,nation,2026-03,1458,calls,portwatch,2026-03-31,,2026-09-26,estimated,0
shipping_calls,se,nation,2026-04,1352,calls,portwatch,2026-04-30,,2026-09-26,estimated,0
shipping_calls,se,nation,2026-05,1370,calls,portwatch,2026-05-31,,2026-09-26,estimated,0
shipping_calls,se,nation,2026-06,1338,calls,portwatch,2026-06-30,,2026-09-26,estimated,0
shipping_calls,se,nation,2026-07,1256,calls,portwatch,2026-07-31,,2026-09-26,estimated,0
shipping_calls,se,nation,2026-08,1292,calls,portwatch,2026-08-31,,2026-09-26,estimated,0
shipping_calls,sg,nation,2019-01,4163,calls,portwatch,2019-01-31,,2026-09-26,estimated,0
shipping_calls,sg,nation,2019-02,3802,calls,portwatch,2019-02-28,,2026-09-26,estimated,0
shipping_calls,sg,nation,2019-03,4086,calls,portwatch,2019-03-31,,2026-09-26,estimated,0
shipping_calls,sg,nation,2019-04,4079,calls,portwatch,2019-04-30,,2026-09-26,estimated,0
shipping_calls,sg,nation,2019-05,4323,calls,portwatch,2019-05-31,,2026-09-26,estimated,0
shipping_calls,sg,nation,2019-06,4080,calls,portwatch,2019-06-30,,2026-09-26,estimated,0
shipping_calls,sg,nation,2019-07,4286,calls,portwatch,2019-07-31,,2026-09-26,estimated,0
shipping_calls,sg,nation,2019-08,4161,calls,portwatch,2019-08-31,,2026-09-26,estimated,0
shipping_calls,sg,nation,2019-09,4200,calls,portwatch,2019-09-30,,2026-09-26,estimated,0
shipping_calls,sg,nation,2019-10,4401,calls,portwatch,2019-10-31,,2026-09-26,estimated,0
shipping_calls,sg,nation,2019-11,4277,calls,portwatch,2019-11-30,,2026-09-26,estimated,0
shipping_calls,sg,nation,2019-12,4359,calls,portwatch,2019-12-31,,2026-09-26,estimated,0
shipping_calls,sg,nation,2020-01,4416,calls,portwatch,2020-01-31,,2026-09-26,estimated,0
shipping_calls,sg,nation,2020-02,3976,calls,portwatch,2020-02-29,,2026-09-26,estimated,0
shipping_calls,sg,nation,2020-03,4354,calls,portwatch,2020-03-31,,2026-09-26,estimated,0
shipping_calls,sg,nation,2020-04,3856,calls,portwatch,2020-04-30,,2026-09-26,estimated,0
shipping_calls,sg,nation,2020-05,3818,calls,portwatch,2020-05-31,,2026-09-26,estimated,0
shipping_calls,sg,nation,2020-06,3818,calls,portwatch,2020-06-30,,2026-09-26,estimated,0
shipping_calls,sg,nation,2020-07,3932,calls,portwatch,2020-07-31,,2026-09-26,estimated,0
shipping_calls,sg,nation,2020-08,3968,calls,portwatch,2020-08-31,,2026-09-26,estimated,0
shipping_calls,sg,nation,2020-09,3882,calls,portwatch,2020-09-30,,2026-09-26,estimated,0
shipping_calls,sg,nation,2020-10,3967,calls,portwatch,2020-10-31,,2026-09-26,estimated,0
shipping_calls,sg,nation,2020-11,3875,calls,portwatch,2020-11-30,,2026-09-26,estimated,0
shipping_calls,sg,nation,2020-12,3947,calls,portwatch,2020-12-31,,2026-09-26,estimated,0
shipping_calls,sg,nation,2021-01,4009,calls,portwatch,2021-01-31,,2026-09-26,estimated,0
shipping_calls,sg,nation,2021-02,3767,calls,portwatch,2021-02-28,,2026-09-26,estimated,0
shipping_calls,sg,nation,2021-03,4056,calls,portwatch,2021-03-31,,2026-09-26,estimated,0
shipping_calls,sg,nation,2021-04,3897,calls,portwatch,2021-04-30,,2026-09-26,estimated,0
shipping_calls,sg,nation,2021-05,3971,calls,portwatch,2021-05-31,,2026-09-26,estimated,0
shipping_calls,sg,nation,2021-06,3689,calls,portwatch,2021-06-30,,2026-09-26,estimated,0
shipping_calls,sg,nation,2021-07,3819,calls,portwatch,2021-07-31,,2026-09-26,estimated,0
shipping_calls,sg,nation,2021-08,3715,calls,portwatch,2021-08-31,,2026-09-26,estimated,0
shipping_calls,sg,nation,2021-09,3658,calls,portwatch,2021-09-30,,2026-09-26,estimated,0
shipping_calls,sg,nation,2021-10,3763,calls,portwatch,2021-10-31,,2026-09-26,estimated,0
shipping_calls,sg,nation,2021-11,3825,calls,portwatch,2021-11-30,,2026-09-26,estimated,0
shipping_calls,sg,nation,2021-12,3891,calls,portwatch,2021-12-31,,2026-09-26,estimated,0
shipping_calls,sg,nation,2022-01,3983,calls,portwatch,2022-01-31,,2026-09-26,estimated,0
shipping_calls,sg,nation,2022-02,3603,calls,portwatch,2022-02-28,,2026-09-26,estimated,0
shipping_calls,sg,nation,2022-03,3969,calls,portwatch,2022-03-31,,2026-09-26,estimated,0
shipping_calls,sg,nation,2022-04,3900,calls,portwatch,2022-04-30,,2026-09-26,estimated,0
shipping_calls,sg,nation,2022-05,4058,calls,portwatch,2022-05-31,,2026-09-26,estimated,0
shipping_calls,sg,nation,2022-06,3959,calls,portwatch,2022-06-30,,2026-09-26,estimated,0
shipping_calls,sg,nation,2022-07,4087,calls,portwatch,2022-07-31,,2026-09-26,estimated,0
shipping_calls,sg,nation,2022-08,4127,calls,portwatch,2022-08-31,,2026-09-26,estimated,0
shipping_calls,sg,nation,2022-09,3921,calls,portwatch,2022-09-30,,2026-09-26,estimated,0
shipping_calls,sg,nation,2022-10,4141,calls,portwatch,2022-10-31,,2026-09-26,estimated,0
shipping_calls,sg,nation,2022-11,4085,calls,portwatch,2022-11-30,,2026-09-26,estimated,0
shipping_calls,sg,nation,2022-12,4188,calls,portwatch,2022-12-31,,2026-09-26,estimated,0
shipping_calls,sg,nation,2023-01,4239,calls,portwatch,2023-01-31,,2026-09-26,estimated,0
shipping_calls,sg,nation,2023-02,3915,calls,portwatch,2023-02-28,,2026-09-26,estimated,0
shipping_calls,sg,nation,2023-03,4222,calls,portwatch,2023-03-31,,2026-09-26,estimated,0
shipping_calls,sg,nation,2023-04,4200,calls,portwatch,2023-04-30,,2026-09-26,estimated,0
shipping_calls,sg,nation,2023-05,4354,calls,portwatch,2023-05-31,,2026-09-26,estimated,0
shipping_calls,sg,nation,2023-06,4235,calls,portwatch,2023-06-30,,2026-09-26,estimated,0
shipping_calls,sg,nation,2023-07,4292,calls,portwatch,2023-07-31,,2026-09-26,estimated,0
shipping_calls,sg,nation,2023-08,4310,calls,portwatch,2023-08-31,,2026-09-26,estimated,0
shipping_calls,sg,nation,2023-09,4154,calls,portwatch,2023-09-30,,2026-09-26,estimated,0
shipping_calls,sg,nation,2023-10,4293,calls,portwatch,2023-10-31,,2026-09-26,estimated,0
shipping_calls,sg,nation,2023-11,4129,calls,portwatch,2023-11-30,,2026-09-26,estimated,0
shipping_calls,sg,nation,2023-12,4270,calls,portwatch,2023-12-31,,2026-09-26,estimated,0
shipping_calls,sg,nation,2024-01,4355,calls,portwatch,2024-01-31,,2026-09-26,estimated,0
shipping_calls,sg,nation,2024-02,4094,calls,portwatch,2024-02-29,,2026-09-26,estimated,0
shipping_calls,sg,nation,2024-03,4251,calls,portwatch,2024-03-31,,2026-09-26,estimated,0
shipping_calls,sg,nation,2024-04,4145,calls,portwatch,2024-04-30,,2026-09-26,estimated,0
shipping_calls,sg,nation,2024-05,4302,calls,portwatch,2024-05-31,,2026-09-26,estimated,0
shipping_calls,sg,nation,2024-06,4063,calls,portwatch,2024-06-30,,2026-09-26,estimated,0
shipping_calls,sg,nation,2024-07,4085,calls,portwatch,2024-07-31,,2026-09-26,estimated,0
shipping_calls,sg,nation,2024-08,4296,calls,portwatch,2024-08-31,,2026-09-26,estimated,0
shipping_calls,sg,nation,2024-09,4009,calls,portwatch,2024-09-30,,2026-09-26,estimated,0
shipping_calls,sg,nation,2024-10,4192,calls,portwatch,2024-10-31,,2026-09-26,estimated,0
shipping_calls,sg,nation,2024-11,4211,calls,portwatch,2024-11-30,,2026-09-26,estimated,0
shipping_calls,sg,nation,2024-12,4263,calls,portwatch,2024-12-31,,2026-09-26,estimated,0
shipping_calls,sg,nation,2025-01,4276,calls,portwatch,2025-01-31,,2026-09-26,estimated,0
shipping_calls,sg,nation,2025-02,3802,calls,portwatch,2025-02-28,,2026-09-26,estimated,0
shipping_calls,sg,nation,2025-03,4307,calls,portwatch,2025-03-31,,2026-09-26,estimated,0
shipping_calls,sg,nation,2025-04,4218,calls,portwatch,2025-04-30,,2026-09-26,estimated,0
shipping_calls,sg,nation,2025-05,4427,calls,portwatch,2025-05-31,,2026-09-26,estimated,0
shipping_calls,sg,nation,2025-06,4347,calls,portwatch,2025-06-30,,2026-09-26,estimated,0
shipping_calls,sg,nation,2025-07,4446,calls,portwatch,2025-07-31,,2026-09-26,estimated,0
shipping_calls,sg,nation,2025-08,4427,calls,portwatch,2025-08-31,,2026-09-26,estimated,0
shipping_calls,sg,nation,2025-09,4246,calls,portwatch,2025-09-30,,2026-09-26,estimated,0
shipping_calls,sg,nation,2025-10,4553,calls,portwatch,2025-10-31,,2026-09-26,estimated,0
shipping_calls,sg,nation,2025-11,4375,calls,portwatch,2025-11-30,,2026-09-26,estimated,0
shipping_calls,sg,nation,2025-12,4387,calls,portwatch,2025-12-31,,2026-09-26,estimated,0
shipping_calls,sg,nation,2026-01,4512,calls,portwatch,2026-01-31,,2026-09-26,estimated,0
shipping_calls,sg,nation,2026-02,4035,calls,portwatch,2026-02-28,,2026-09-26,estimated,0
shipping_calls,sg,nation,2026-03,4409,calls,portwatch,2026-03-31,,2026-09-26,estimated,0
shipping_calls,sg,nation,2026-04,4190,calls,portwatch,2026-04-30,,2026-09-26,estimated,0
shipping_calls,sg,nation,2026-05,4381,calls,portwatch,2026-05-31,,2026-09-26,estimated,0
shipping_calls,sg,nation,2026-06,4228,calls,portwatch,2026-06-30,,2026-09-26,estimated,0
shipping_calls,sg,nation,2026-07,4181,calls,portwatch,2026-07-31,,2026-09-26,estimated,0
shipping_calls,sg,nation,2026-08,4069,calls,portwatch,2026-08-31,,2026-09-26,estimated,0
shipping_calls,tr,nation,2019-01,3809,calls,portwatch,2019-01-31,,2026-09-26,estimated,0
shipping_calls,tr,nation,2019-02,3523,calls,portwatch,2019-02-28,,2026-09-26,estimated,0
shipping_calls,tr,nation,2019-03,3928,calls,portwatch,2019-03-31,,2026-09-26,estimated,0
shipping_calls,tr,nation,2019-04,4474,calls,portwatch,2019-04-30,,2026-09-26,estimated,0
shipping_calls,tr,nation,2019-05,4717,calls,portwatch,2019-05-31,,2026-09-26,estimated,0
shipping_calls,tr,nation,2019-06,4190,calls,portwatch,2019-06-30,,2026-09-26,estimated,0
shipping_calls,tr,nation,2019-07,4609,calls,portwatch,2019-07-31,,2026-09-26,estimated,0
shipping_calls,tr,nation,2019-08,4437,calls,portwatch,2019-08-31,,2026-09-26,estimated,0
shipping_calls,tr,nation,2019-09,4518,calls,portwatch,2019-09-30,,2026-09-26,estimated,0
shipping_calls,tr,nation,2019-10,4910,calls,portwatch,2019-10-31,,2026-09-26,estimated,0
shipping_calls,tr,nation,2019-11,4266,calls,portwatch,2019-11-30,,2026-09-26,estimated,0
shipping_calls,tr,nation,2019-12,4324,calls,portwatch,2019-12-31,,2026-09-26,estimated,0
shipping_calls,tr,nation,2020-01,4330,calls,portwatch,2020-01-31,,2026-09-26,estimated,0
shipping_calls,tr,nation,2020-02,4028,calls,portwatch,2020-02-29,,2026-09-26,estimated,0
shipping_calls,tr,nation,2020-03,4364,calls,portwatch,2020-03-31,,2026-09-26,estimated,0
shipping_calls,tr,nation,2020-04,4253,calls,portwatch,2020-04-30,,2026-09-26,estimated,0
shipping_calls,tr,nation,2020-05,4213,calls,portwatch,2020-05-31,,2026-09-26,estimated,0
shipping_calls,tr,nation,2020-06,4299,calls,portwatch,2020-06-30,,2026-09-26,estimated,0
shipping_calls,tr,nation,2020-07,4556,calls,portwatch,2020-07-31,,2026-09-26,estimated,0
shipping_calls,tr,nation,2020-08,4591,calls,portwatch,2020-08-31,,2026-09-26,estimated,0
shipping_calls,tr,nation,2020-09,4675,calls,portwatch,2020-09-30,,2026-09-26,estimated,0
shipping_calls,tr,nation,2020-10,4908,calls,portwatch,2020-10-31,,2026-09-26,estimated,0
shipping_calls,tr,nation,2020-11,4610,calls,portwatch,2020-11-30,,2026-09-26,estimated,0
shipping_calls,tr,nation,2020-12,4811,calls,portwatch,2020-12-31,,2026-09-26,estimated,0
shipping_calls,tr,nation,2021-01,4470,calls,portwatch,2021-01-31,,2026-09-26,estimated,0
shipping_calls,tr,nation,2021-02,4303,calls,portwatch,2021-02-28,,2026-09-26,estimated,0
shipping_calls,tr,nation,2021-03,4821,calls,portwatch,2021-03-31,,2026-09-26,estimated,0
shipping_calls,tr,nation,2021-04,4801,calls,portwatch,2021-04-30,,2026-09-26,estimated,0
shipping_calls,tr,nation,2021-05,4763,calls,portwatch,2021-05-31,,2026-09-26,estimated,0
shipping_calls,tr,nation,2021-06,4744,calls,portwatch,2021-06-30,,2026-09-26,estimated,0
shipping_calls,tr,nation,2021-07,4634,calls,portwatch,2021-07-31,,2026-09-26,estimated,0
shipping_calls,tr,nation,2021-08,5095,calls,portwatch,2021-08-31,,2026-09-26,estimated,0
shipping_calls,tr,nation,2021-09,4922,calls,portwatch,2021-09-30,,2026-09-26,estimated,0
shipping_calls,tr,nation,2021-10,4857,calls,portwatch,2021-10-31,,2026-09-26,estimated,0
shipping_calls,tr,nation,2021-11,4739,calls,portwatch,2021-11-30,,2026-09-26,estimated,0
shipping_calls,tr,nation,2021-12,4851,calls,portwatch,2021-12-31,,2026-09-26,estimated,0
shipping_calls,tr,nation,2022-01,4551,calls,portwatch,2022-01-31,,2026-09-26,estimated,0
shipping_calls,tr,nation,2022-02,4358,calls,portwatch,2022-02-28,,2026-09-26,estimated,0
shipping_calls,tr,nation,2022-03,4545,calls,portwatch,2022-03-31,,2026-09-26,estimated,0
shipping_calls,tr,nation,2022-04,4640,calls,portwatch,2022-04-30,,2026-09-26,estimated,0
shipping_calls,tr,nation,2022-05,4723,calls,portwatch,2022-05-31,,2026-09-26,estimated,0
shipping_calls,tr,nation,2022-06,4662,calls,portwatch,2022-06-30,,2026-09-26,estimated,0
shipping_calls,tr,nation,2022-07,4631,calls,portwatch,2022-07-31,,2026-09-26,estimated,0
shipping_calls,tr,nation,2022-08,4741,calls,portwatch,2022-08-31,,2026-09-26,estimated,0
shipping_calls,tr,nation,2022-09,4837,calls,portwatch,2022-09-30,,2026-09-26,estimated,0
shipping_calls,tr,nation,2022-10,4912,calls,portwatch,2022-10-31,,2026-09-26,estimated,0
shipping_calls,tr,nation,2022-11,4627,calls,portwatch,2022-11-30,,2026-09-26,estimated,0
shipping_calls,tr,nation,2022-12,4642,calls,portwatch,2022-12-31,,2026-09-26,estimated,0
shipping_calls,tr,nation,2023-01,4390,calls,portwatch,2023-01-31,,2026-09-26,estimated,0
shipping_calls,tr,nation,2023-02,3901,calls,portwatch,2023-02-28,,2026-09-26,estimated,0
shipping_calls,tr,nation,2023-03,4732,calls,portwatch,2023-03-31,,2026-09-26,estimated,0
shipping_calls,tr,nation,2023-04,4599,calls,portwatch,2023-04-30,,2026-09-26,estimated,0
shipping_calls,tr,nation,2023-05,4776,calls,portwatch,2023-05-31,,2026-09-26,estimated,0
shipping_calls,tr,nation,2023-06,4617,calls,portwatch,2023-06-30,,2026-09-26,estimated,0
shipping_calls,tr,nation,2023-07,4518,calls,portwatch,2023-07-31,,2026-09-26,estimated,0
shipping_calls,tr,nation,2023-08,4526,calls,portwatch,2023-08-31,,2026-09-26,estimated,0
shipping_calls,tr,nation,2023-09,4310,calls,portwatch,2023-09-30,,2026-09-26,estimated,0
shipping_calls,tr,nation,2023-10,4515,calls,portwatch,2023-10-31,,2026-09-26,estimated,0
shipping_calls,tr,nation,2023-11,4115,calls,portwatch,2023-11-30,,2026-09-26,estimated,0
shipping_calls,tr,nation,2023-12,4503,calls,portwatch,2023-12-31,,2026-09-26,estimated,0
shipping_calls,tr,nation,2024-01,4389,calls,portwatch,2024-01-31,,2026-09-26,estimated,0
shipping_calls,tr,nation,2024-02,4378,calls,portwatch,2024-02-29,,2026-09-26,estimated,0
shipping_calls,tr,nation,2024-03,5051,calls,portwatch,2024-03-31,,2026-09-26,estimated,0
shipping_calls,tr,nation,2024-04,4612,calls,portwatch,2024-04-30,,2026-09-26,estimated,0
shipping_calls,tr,nation,2024-05,4875,calls,portwatch,2024-05-31,,2026-09-26,estimated,0
shipping_calls,tr,nation,2024-06,4626,calls,portwatch,2024-06-30,,2026-09-26,estimated,0
shipping_calls,tr,nation,2024-07,4617,calls,portwatch,2024-07-31,,2026-09-26,estimated,0
shipping_calls,tr,nation,2024-08,4279,calls,portwatch,2024-08-31,,2026-09-26,estimated,0
shipping_calls,tr,nation,2024-09,3855,calls,portwatch,2024-09-30,,2026-09-26,estimated,0
shipping_calls,tr,nation,2024-10,4369,calls,portwatch,2024-10-31,,2026-09-26,estimated,0
shipping_calls,tr,nation,2024-11,4006,calls,portwatch,2024-11-30,,2026-09-26,estimated,0
shipping_calls,tr,nation,2024-12,4172,calls,portwatch,2024-12-31,,2026-09-26,estimated,0
shipping_calls,tr,nation,2025-01,4338,calls,portwatch,2025-01-31,,2026-09-26,estimated,0
shipping_calls,tr,nation,2025-02,3735,calls,portwatch,2025-02-28,,2026-09-26,estimated,0
shipping_calls,tr,nation,2025-03,4323,calls,portwatch,2025-03-31,,2026-09-26,estimated,0
shipping_calls,tr,nation,2025-04,3976,calls,portwatch,2025-04-30,,2026-09-26,estimated,0
shipping_calls,tr,nation,2025-05,4311,calls,portwatch,2025-05-31,,2026-09-26,estimated,0
shipping_calls,tr,nation,2025-06,4187,calls,portwatch,2025-06-30,,2026-09-26,estimated,0
shipping_calls,tr,nation,2025-07,4346,calls,portwatch,2025-07-31,,2026-09-26,estimated,0
shipping_calls,tr,nation,2025-08,4073,calls,portwatch,2025-08-31,,2026-09-26,estimated,0
shipping_calls,tr,nation,2025-09,4063,calls,portwatch,2025-09-30,,2026-09-26,estimated,0
shipping_calls,tr,nation,2025-10,4280,calls,portwatch,2025-10-31,,2026-09-26,estimated,0
shipping_calls,tr,nation,2025-11,4280,calls,portwatch,2025-11-30,,2026-09-26,estimated,0
shipping_calls,tr,nation,2025-12,4086,calls,portwatch,2025-12-31,,2026-09-26,estimated,0
shipping_calls,tr,nation,2026-01,3773,calls,portwatch,2026-01-31,,2026-09-26,estimated,0
shipping_calls,tr,nation,2026-02,3407,calls,portwatch,2026-02-28,,2026-09-26,estimated,0
shipping_calls,tr,nation,2026-03,3938,calls,portwatch,2026-03-31,,2026-09-26,estimated,0
shipping_calls,tr,nation,2026-04,3976,calls,portwatch,2026-04-30,,2026-09-26,estimated,0
shipping_calls,tr,nation,2026-05,4289,calls,portwatch,2026-05-31,,2026-09-26,estimated,0
shipping_calls,tr,nation,2026-06,4339,calls,portwatch,2026-06-30,,2026-09-26,estimated,0
shipping_calls,tr,nation,2026-07,4226,calls,portwatch,2026-07-31,,2026-09-26,estimated,0
shipping_calls,tr,nation,2026-08,3830,calls,portwatch,2026-08-31,,2026-09-26,estimated,0
shipping_calls,us,nation,2019-01,5969,calls,portwatch,2019-01-31,,2026-09-26,estimated,0
shipping_calls,us,nation,2019-02,4984,calls,portwatch,2019-02-28,,2026-09-26,estimated,0
shipping_calls,us,nation,2019-03,5648,calls,portwatch,2019-03-31,,2026-09-26,estimated,0
shipping_calls,us,nation,2019-04,5953,calls,portwatch,2019-04-30,,2026-09-26,estimated,0
shipping_calls,us,nation,2019-05,6171,calls,portwatch,2019-05-31,,2026-09-26,estimated,0
shipping_calls,us,nation,2019-06,5939,calls,portwatch,2019-06-30,,2026-09-26,estimated,0
shipping_calls,us,nation,2019-07,6182,calls,portwatch,2019-07-31,,2026-09-26,estimated,0
shipping_calls,us,nation,2019-08,6258,calls,portwatch,2019-08-31,,2026-09-26,estimated,0
shipping_calls,us,nation,2019-09,5824,calls,portwatch,2019-09-30,,2026-09-26,estimated,0
shipping_calls,us,nation,2019-10,6093,calls,portwatch,2019-10-31,,2026-09-26,estimated,0
shipping_calls,us,nation,2019-11,5778,calls,portwatch,2019-11-30,,2026-09-26,estimated,0
shipping_calls,us,nation,2019-12,5990,calls,portwatch,2019-12-31,,2026-09-26,estimated,0
shipping_calls,us,nation,2020-01,5943,calls,portwatch,2020-01-31,,2026-09-26,estimated,0
shipping_calls,us,nation,2020-02,5175,calls,portwatch,2020-02-29,,2026-09-26,estimated,0
shipping_calls,us,nation,2020-03,5699,calls,portwatch,2020-03-31,,2026-09-26,estimated,0
shipping_calls,us,nation,2020-04,5463,calls,portwatch,2020-04-30,,2026-09-26,estimated,0
shipping_calls,us,nation,2020-05,5278,calls,portwatch,2020-05-31,,2026-09-26,estimated,0
shipping_calls,us,nation,2020-06,5169,calls,portwatch,2020-06-30,,2026-09-26,estimated,0
shipping_calls,us,nation,2020-07,5419,calls,portwatch,2020-07-31,,2026-09-26,estimated,0
shipping_calls,us,nation,2020-08,5498,calls,portwatch,2020-08-31,,2026-09-26,estimated,0
shipping_calls,us,nation,2020-09,5443,calls,portwatch,2020-09-30,,2026-09-26,estimated,0
shipping_calls,us,nation,2020-10,5753,calls,portwatch,2020-10-31,,2026-09-26,estimated,0
shipping_calls,us,nation,2020-11,5568,calls,portwatch,2020-11-30,,2026-09-26,estimated,0
shipping_calls,us,nation,2020-12,5835,calls,portwatch,2020-12-31,,2026-09-26,estimated,0
shipping_calls,us,nation,2021-01,5550,calls,portwatch,2021-01-31,,2026-09-26,estimated,0
shipping_calls,us,nation,2021-02,4555,calls,portwatch,2021-02-28,,2026-09-26,estimated,0
shipping_calls,us,nation,2021-03,5770,calls,portwatch,2021-03-31,,2026-09-26,estimated,0
shipping_calls,us,nation,2021-04,5639,calls,portwatch,2021-04-30,,2026-09-26,estimated,0
shipping_calls,us,nation,2021-05,5911,calls,portwatch,2021-05-31,,2026-09-26,estimated,0
shipping_calls,us,nation,2021-06,5813,calls,portwatch,2021-06-30,,2026-09-26,estimated,0
shipping_calls,us,nation,2021-07,5766,calls,portwatch,2021-07-31,,2026-09-26,estimated,0
shipping_calls,us,nation,2021-08,5742,calls,portwatch,2021-08-31,,2026-09-26,estimated,0
shipping_calls,us,nation,2021-09,5482,calls,portwatch,2021-09-30,,2026-09-26,estimated,0
shipping_calls,us,nation,2021-10,5797,calls,portwatch,2021-10-31,,2026-09-26,estimated,0
shipping_calls,us,nation,2021-11,5761,calls,portwatch,2021-11-30,,2026-09-26,estimated,0
shipping_calls,us,nation,2021-12,5750,calls,portwatch,2021-12-31,,2026-09-26,estimated,0
shipping_calls,us,nation,2022-01,5499,calls,portwatch,2022-01-31,,2026-09-26,estimated,0
shipping_calls,us,nation,2022-02,4976,calls,portwatch,2022-02-28,,2026-09-26,estimated,0
shipping_calls,us,nation,2022-03,5762,calls,portwatch,2022-03-31,,2026-09-26,estimated,0
shipping_calls,us,nation,2022-04,5786,calls,portwatch,2022-04-30,,2026-09-26,estimated,0
shipping_calls,us,nation,2022-05,5964,calls,portwatch,2022-05-31,,2026-09-26,estimated,0
shipping_calls,us,nation,2022-06,5806,calls,portwatch,2022-06-30,,2026-09-26,estimated,0
shipping_calls,us,nation,2022-07,5901,calls,portwatch,2022-07-31,,2026-09-26,estimated,0
shipping_calls,us,nation,2022-08,5980,calls,portwatch,2022-08-31,,2026-09-26,estimated,0
shipping_calls,us,nation,2022-09,5656,calls,portwatch,2022-09-30,,2026-09-26,estimated,0
shipping_calls,us,nation,2022-10,5950,calls,portwatch,2022-10-31,,2026-09-26,estimated,0
shipping_calls,us,nation,2022-11,5577,calls,portwatch,2022-11-30,,2026-09-26,estimated,0
shipping_calls,us,nation,2022-12,5777,calls,portwatch,2022-12-31,,2026-09-26,estimated,0
shipping_calls,us,nation,2023-01,5853,calls,portwatch,2023-01-31,,2026-09-26,estimated,0
shipping_calls,us,nation,2023-02,5108,calls,portwatch,2023-02-28,,2026-09-26,estimated,0
shipping_calls,us,nation,2023-03,5707,calls,portwatch,2023-03-31,,2026-09-26,estimated,0
shipping_calls,us,nation,2023-04,5794,calls,portwatch,2023-04-30,,2026-09-26,estimated,0
shipping_calls,us,nation,2023-05,6071,calls,portwatch,2023-05-31,,2026-09-26,estimated,0
shipping_calls,us,nation,2023-06,5914,calls,portwatch,2023-06-30,,2026-09-26,estimated,0
shipping_calls,us,nation,2023-07,5933,calls,portwatch,2023-07-31,,2026-09-26,estimated,0
shipping_calls,us,nation,2023-08,5942,calls,portwatch,2023-08-31,,2026-09-26,estimated,0
shipping_calls,us,nation,2023-09,5977,calls,portwatch,2023-09-30,,2026-09-26,estimated,0
shipping_calls,us,nation,2023-10,6076,calls,portwatch,2023-10-31,,2026-09-26,estimated,0
shipping_calls,us,nation,2023-11,5591,calls,portwatch,2023-11-30,,2026-09-26,estimated,0
shipping_calls,us,nation,2023-12,5980,calls,portwatch,2023-12-31,,2026-09-26,estimated,0
shipping_calls,us,nation,2024-01,5742,calls,portwatch,2024-01-31,,2026-09-26,estimated,0
shipping_calls,us,nation,2024-02,5477,calls,portwatch,2024-02-29,,2026-09-26,estimated,0
shipping_calls,us,nation,2024-03,5933,calls,portwatch,2024-03-31,,2026-09-26,estimated,0
shipping_calls,us,nation,2024-04,5862,calls,portwatch,2024-04-30,,2026-09-26,estimated,0
shipping_calls,us,nation,2024-05,6175,calls,portwatch,2024-05-31,,2026-09-26,estimated,0
shipping_calls,us,nation,2024-06,6064,calls,portwatch,2024-06-30,,2026-09-26,estimated,0
shipping_calls,us,nation,2024-07,6168,calls,portwatch,2024-07-31,,2026-09-26,estimated,0
shipping_calls,us,nation,2024-08,6183,calls,portwatch,2024-08-31,,2026-09-26,estimated,0
shipping_calls,us,nation,2024-09,5970,calls,portwatch,2024-09-30,,2026-09-26,estimated,0
shipping_calls,us,nation,2024-10,5844,calls,portwatch,2024-10-31,,2026-09-26,estimated,0
shipping_calls,us,nation,2024-11,5972,calls,portwatch,2024-11-30,,2026-09-26,estimated,0
shipping_calls,us,nation,2024-12,6071,calls,portwatch,2024-12-31,,2026-09-26,estimated,0
shipping_calls,us,nation,2025-01,5611,calls,portwatch,2025-01-31,,2026-09-26,estimated,0
shipping_calls,us,nation,2025-02,5123,calls,portwatch,2025-02-28,,2026-09-26,estimated,0
shipping_calls,us,nation,2025-03,6052,calls,portwatch,2025-03-31,,2026-09-26,estimated,0
shipping_calls,us,nation,2025-04,5912,calls,portwatch,2025-04-30,,2026-09-26,estimated,0
shipping_calls,us,nation,2025-05,6171,calls,portwatch,2025-05-31,,2026-09-26,estimated,0
shipping_calls,us,nation,2025-06,5882,calls,portwatch,2025-06-30,,2026-09-26,estimated,0
shipping_calls,us,nation,2025-07,6196,calls,portwatch,2025-07-31,,2026-09-26,estimated,0
shipping_calls,us,nation,2025-08,6204,calls,portwatch,2025-08-31,,2026-09-26,estimated,0
shipping_calls,us,nation,2025-09,5942,calls,portwatch,2025-09-30,,2026-09-26,estimated,0
shipping_calls,us,nation,2025-10,5995,calls,portwatch,2025-10-31,,2026-09-26,estimated,0
shipping_calls,us,nation,2025-11,5726,calls,portwatch,2025-11-30,,2026-09-26,estimated,0
shipping_calls,us,nation,2025-12,5852,calls,portwatch,2025-12-31,,2026-09-26,estimated,0
shipping_calls,us,nation,2026-01,5688,calls,portwatch,2026-01-31,,2026-09-26,estimated,0
shipping_calls,us,nation,2026-02,5050,calls,portwatch,2026-02-28,,2026-09-26,estimated,0
shipping_calls,us,nation,2026-03,6123,calls,portwatch,2026-03-31,,2026-09-26,estimated,0
shipping_calls,us,nation,2026-04,5967,calls,portwatch,2026-04-30,,2026-09-26,estimated,0
shipping_calls,us,nation,2026-05,6335,calls,portwatch,2026-05-31,,2026-09-26,estimated,0
shipping_calls,us,nation,2026-06,6023,calls,portwatch,2026-06-30,,2026-09-26,estimated,0
shipping_calls,us,nation,2026-07,6101,calls,portwatch,2026-07-31,,2026-09-26,estimated,0
shipping_calls,us,nation,2026-08,6030,calls,portwatch,2026-08-31,,2026-09-26,estimated,0
shipping_calls,za,nation,2019-01,689,calls,portwatch,2019-01-31,,2026-09-26,estimated,0
shipping_calls,za,nation,2019-02,690,calls,portwatch,2019-02-28,,2026-09-26,estimated,0
shipping_calls,za,nation,2019-03,720,calls,portwatch,2019-03-31,,2026-09-26,estimated,0
shipping_calls,za,nation,2019-04,749,calls,portwatch,2019-04-30,,2026-09-26,estimated,0
shipping_calls,za,nation,2019-05,741,calls,portwatch,2019-05-31,,2026-09-26,estimated,0
shipping_calls,za,nation,2019-06,691,calls,portwatch,2019-06-30,,2026-09-26,estimated,0
shipping_calls,za,nation,2019-07,716,calls,portwatch,2019-07-31,,2026-09-26,estimated,0
shipping_calls,za,nation,2019-08,710,calls,portwatch,2019-08-31,,2026-09-26,estimated,0
shipping_calls,za,nation,2019-09,740,calls,portwatch,2019-09-30,,2026-09-26,estimated,0
shipping_calls,za,nation,2019-10,767,calls,portwatch,2019-10-31,,2026-09-26,estimated,0
shipping_calls,za,nation,2019-11,753,calls,portwatch,2019-11-30,,2026-09-26,estimated,0
shipping_calls,za,nation,2019-12,750,calls,portwatch,2019-12-31,,2026-09-26,estimated,0
shipping_calls,za,nation,2020-01,803,calls,portwatch,2020-01-31,,2026-09-26,estimated,0
shipping_calls,za,nation,2020-02,686,calls,portwatch,2020-02-29,,2026-09-26,estimated,0
shipping_calls,za,nation,2020-03,668,calls,portwatch,2020-03-31,,2026-09-26,estimated,0
shipping_calls,za,nation,2020-04,578,calls,portwatch,2020-04-30,,2026-09-26,estimated,0
shipping_calls,za,nation,2020-05,655,calls,portwatch,2020-05-31,,2026-09-26,estimated,0
shipping_calls,za,nation,2020-06,635,calls,portwatch,2020-06-30,,2026-09-26,estimated,0
shipping_calls,za,nation,2020-07,661,calls,portwatch,2020-07-31,,2026-09-26,estimated,0
shipping_calls,za,nation,2020-08,689,calls,portwatch,2020-08-31,,2026-09-26,estimated,0
shipping_calls,za,nation,2020-09,699,calls,portwatch,2020-09-30,,2026-09-26,estimated,0
shipping_calls,za,nation,2020-10,687,calls,portwatch,2020-10-31,,2026-09-26,estimated,0
shipping_calls,za,nation,2020-11,682,calls,portwatch,2020-11-30,,2026-09-26,estimated,0
shipping_calls,za,nation,2020-12,611,calls,portwatch,2020-12-31,,2026-09-26,estimated,0
shipping_calls,za,nation,2021-01,621,calls,portwatch,2021-01-31,,2026-09-26,estimated,0
shipping_calls,za,nation,2021-02,566,calls,portwatch,2021-02-28,,2026-09-26,estimated,0
shipping_calls,za,nation,2021-03,705,calls,portwatch,2021-03-31,,2026-09-26,estimated,0
shipping_calls,za,nation,2021-04,627,calls,portwatch,2021-04-30,,2026-09-26,estimated,0
shipping_calls,za,nation,2021-05,658,calls,portwatch,2021-05-31,,2026-09-26,estimated,0
shipping_calls,za,nation,2021-06,620,calls,portwatch,2021-06-30,,2026-09-26,estimated,0
shipping_calls,za,nation,2021-07,584,calls,portwatch,2021-07-31,,2026-09-26,estimated,0
shipping_calls,za,nation,2021-08,620,calls,portwatch,2021-08-31,,2026-09-26,estimated,0
shipping_calls,za,nation,2021-09,611,calls,portwatch,2021-09-30,,2026-09-26,estimated,0
shipping_calls,za,nation,2021-10,625,calls,portwatch,2021-10-31,,2026-09-26,estimated,0
shipping_calls,za,nation,2021-11,626,calls,portwatch,2021-11-30,,2026-09-26,estimated,0
shipping_calls,za,nation,2021-12,605,calls,portwatch,2021-12-31,,2026-09-26,estimated,0
shipping_calls,za,nation,2022-01,576,calls,portwatch,2022-01-31,,2026-09-26,estimated,0
shipping_calls,za,nation,2022-02,567,calls,portwatch,2022-02-28,,2026-09-26,estimated,0
shipping_calls,za,nation,2022-03,632,calls,portwatch,2022-03-31,,2026-09-26,estimated,0
shipping_calls,za,nation,2022-04,601,calls,portwatch,2022-04-30,,2026-09-26,estimated,0
shipping_calls,za,nation,2022-05,667,calls,portwatch,2022-05-31,,2026-09-26,estimated,0
shipping_calls,za,nation,2022-06,700,calls,portwatch,2022-06-30,,2026-09-26,estimated,0
shipping_calls,za,nation,2022-07,698,calls,portwatch,2022-07-31,,2026-09-26,estimated,0
shipping_calls,za,nation,2022-08,617,calls,portwatch,2022-08-31,,2026-09-26,estimated,0
shipping_calls,za,nation,2022-09,676,calls,portwatch,2022-09-30,,2026-09-26,estimated,0
shipping_calls,za,nation,2022-10,565,calls,portwatch,2022-10-31,,2026-09-26,estimated,0
shipping_calls,za,nation,2022-11,588,calls,portwatch,2022-11-30,,2026-09-26,estimated,0
shipping_calls,za,nation,2022-12,629,calls,portwatch,2022-12-31,,2026-09-26,estimated,0
shipping_calls,za,nation,2023-01,613,calls,portwatch,2023-01-31,,2026-09-26,estimated,0
shipping_calls,za,nation,2023-02,577,calls,portwatch,2023-02-28,,2026-09-26,estimated,0
shipping_calls,za,nation,2023-03,642,calls,portwatch,2023-03-31,,2026-09-26,estimated,0
shipping_calls,za,nation,2023-04,656,calls,portwatch,2023-04-30,,2026-09-26,estimated,0
shipping_calls,za,nation,2023-05,666,calls,portwatch,2023-05-31,,2026-09-26,estimated,0
shipping_calls,za,nation,2023-06,638,calls,portwatch,2023-06-30,,2026-09-26,estimated,0
shipping_calls,za,nation,2023-07,649,calls,portwatch,2023-07-31,,2026-09-26,estimated,0
shipping_calls,za,nation,2023-08,693,calls,portwatch,2023-08-31,,2026-09-26,estimated,0
shipping_calls,za,nation,2023-09,584,calls,portwatch,2023-09-30,,2026-09-26,estimated,0
shipping_calls,za,nation,2023-10,606,calls,portwatch,2023-10-31,,2026-09-26,estimated,0
shipping_calls,za,nation,2023-11,615,calls,portwatch,2023-11-30,,2026-09-26,estimated,0
shipping_calls,za,nation,2023-12,577,calls,portwatch,2023-12-31,,2026-09-26,estimated,0
shipping_calls,za,nation,2024-01,567,calls,portwatch,2024-01-31,,2026-09-26,estimated,0
shipping_calls,za,nation,2024-02,544,calls,portwatch,2024-02-29,,2026-09-26,estimated,0
shipping_calls,za,nation,2024-03,583,calls,portwatch,2024-03-31,,2026-09-26,estimated,0
shipping_calls,za,nation,2024-04,551,calls,portwatch,2024-04-30,,2026-09-26,estimated,0
shipping_calls,za,nation,2024-05,601,calls,portwatch,2024-05-31,,2026-09-26,estimated,0
shipping_calls,za,nation,2024-06,619,calls,portwatch,2024-06-30,,2026-09-26,estimated,0
shipping_calls,za,nation,2024-07,596,calls,portwatch,2024-07-31,,2026-09-26,estimated,0
shipping_calls,za,nation,2024-08,575,calls,portwatch,2024-08-31,,2026-09-26,estimated,0
shipping_calls,za,nation,2024-09,584,calls,portwatch,2024-09-30,,2026-09-26,estimated,0
shipping_calls,za,nation,2024-10,583,calls,portwatch,2024-10-31,,2026-09-26,estimated,0
shipping_calls,za,nation,2024-11,596,calls,portwatch,2024-11-30,,2026-09-26,estimated,0
shipping_calls,za,nation,2024-12,581,calls,portwatch,2024-12-31,,2026-09-26,estimated,0
shipping_calls,za,nation,2025-01,557,calls,portwatch,2025-01-31,,2026-09-26,estimated,0
shipping_calls,za,nation,2025-02,545,calls,portwatch,2025-02-28,,2026-09-26,estimated,0
shipping_calls,za,nation,2025-03,645,calls,portwatch,2025-03-31,,2026-09-26,estimated,0
shipping_calls,za,nation,2025-04,629,calls,portwatch,2025-04-30,,2026-09-26,estimated,0
shipping_calls,za,nation,2025-05,602,calls,portwatch,2025-05-31,,2026-09-26,estimated,0
shipping_calls,za,nation,2025-06,623,calls,portwatch,2025-06-30,,2026-09-26,estimated,0
shipping_calls,za,nation,2025-07,647,calls,portwatch,2025-07-31,,2026-09-26,estimated,0
shipping_calls,za,nation,2025-08,665,calls,portwatch,2025-08-31,,2026-09-26,estimated,0
shipping_calls,za,nation,2025-09,617,calls,portwatch,2025-09-30,,2026-09-26,estimated,0
shipping_calls,za,nation,2025-10,629,calls,portwatch,2025-10-31,,2026-09-26,estimated,0
shipping_calls,za,nation,2025-11,621,calls,portwatch,2025-11-30,,2026-09-26,estimated,0
shipping_calls,za,nation,2025-12,620,calls,portwatch,2025-12-31,,2026-09-26,estimated,0
shipping_calls,za,nation,2026-01,656,calls,portwatch,2026-01-31,,2026-09-26,estimated,0
shipping_calls,za,nation,2026-02,580,calls,portwatch,2026-02-28,,2026-09-26,estimated,0
shipping_calls,za,nation,2026-03,685,calls,portwatch,2026-03-31,,2026-09-26,estimated,0
shipping_calls,za,nation,2026-04,591,calls,portwatch,2026-04-30,,2026-09-26,estimated,0
shipping_calls,za,nation,2026-05,634,calls,portwatch,2026-05-31,,2026-09-26,estimated,0
shipping_calls,za,nation,2026-06,622,calls,portwatch,2026-06-30,,2026-09-26,estimated,0
shipping_calls,za,nation,2026-07,613,calls,portwatch,2026-07-31,,2026-09-26,estimated,0
shipping_calls,za,nation,2026-08,616,calls,portwatch,2026-08-31,,2026-09-26,estimated,0
