metric_id,geo_id,geo_level,period,value,unit,source_id,observation_end,published_at,fetched_at,quality_flag,revision
electricity_demand,es,nation,2019-01-01,582949.806,mwh,ree,2019-01-01,,2026-09-26,ok,0
electricity_demand,es,nation,2019-01-02,742199.407,mwh,ree,2019-01-02,,2026-09-26,ok,0
electricity_demand,es,nation,2019-01-03,787764.963,mwh,ree,2019-01-03,,2026-09-26,ok,0
electricity_demand,es,nation,2019-01-04,796010.035,mwh,ree,2019-01-04,,2026-09-26,ok,0
electricity_demand,es,nation,2019-01-05,721029.651,mwh,ree,2019-01-05,,2026-09-26,ok,0
electricity_demand,es,nation,2019-01-06,661772.168,mwh,ree,2019-01-06,,2026-09-26,ok,0
electricity_demand,es,nation,2019-01-07,764920.771,mwh,ree,2019-01-07,,2026-09-26,ok,0
electricity_demand,es,nation,2019-01-08,844559.085,mwh,ree,2019-01-08,,2026-09-26,ok,0
electricity_demand,es,nation,2019-01-09,846151.453,mwh,ree,2019-01-09,,2026-09-26,ok,0
electricity_demand,es,nation,2019-01-10,857323.124,mwh,ree,2019-01-10,,2026-09-26,ok,0
electricity_demand,es,nation,2019-01-11,867181.886,mwh,ree,2019-01-11,,2026-09-26,ok,0
electricity_demand,es,nation,2019-01-12,775170.712,mwh,ree,2019-01-12,,2026-09-26,ok,0
electricity_demand,es,nation,2019-01-13,722271.171,mwh,ree,2019-01-13,,2026-09-26,ok,0
electricity_demand,es,nation,2019-01-14,835752.36,mwh,ree,2019-01-14,,2026-09-26,ok,0
electricity_demand,es,nation,2019-01-15,846245.527,mwh,ree,2019-01-15,,2026-09-26,ok,0
electricity_demand,es,nation,2019-01-16,847911.818,mwh,ree,2019-01-16,,2026-09-26,ok,0
electricity_demand,es,nation,2019-01-17,849875.833,mwh,ree,2019-01-17,,2026-09-26,ok,0
electricity_demand,es,nation,2019-01-18,848781.942,mwh,ree,2019-01-18,,2026-09-26,ok,0
electricity_demand,es,nation,2019-01-19,766537.72,mwh,ree,2019-01-19,,2026-09-26,ok,0
electricity_demand,es,nation,2019-01-20,705583.355,mwh,ree,2019-01-20,,2026-09-26,ok,0
electricity_demand,es,nation,2019-01-21,828406.838,mwh,ree,2019-01-21,,2026-09-26,ok,0
electricity_demand,es,nation,2019-01-22,864855.303,mwh,ree,2019-01-22,,2026-09-26,ok,0
electricity_demand,es,nation,2019-01-23,854462.174,mwh,ree,2019-01-23,,2026-09-26,ok,0
electricity_demand,es,nation,2019-01-24,837075.708,mwh,ree,2019-01-24,,2026-09-26,ok,0
electricity_demand,es,nation,2019-01-25,815349.834,mwh,ree,2019-01-25,,2026-09-26,ok,0
electricity_demand,es,nation,2019-01-26,724205.323,mwh,ree,2019-01-26,,2026-09-26,ok,0
electricity_demand,es,nation,2019-01-27,678249.362,mwh,ree,2019-01-27,,2026-09-26,ok,0
electricity_demand,es,nation,2019-01-28,807644.379,mwh,ree,2019-01-28,,2026-09-26,ok,0
electricity_demand,es,nation,2019-01-29,832616.612,mwh,ree,2019-01-29,,2026-09-26,ok,0
electricity_demand,es,nation,2019-01-30,829785.386,mwh,ree,2019-01-30,,2026-09-26,ok,0
electricity_demand,es,nation,2019-01-31,823510.841,mwh,ree,2019-01-31,,2026-09-26,ok,0
electricity_demand,es,nation,2019-02-01,811408.357,mwh,ree,2019-02-01,,2026-09-26,ok,0
electricity_demand,es,nation,2019-02-02,739149.442,mwh,ree,2019-02-02,,2026-09-26,ok,0
electricity_demand,es,nation,2019-02-03,696029.792,mwh,ree,2019-02-03,,2026-09-26,ok,0
electricity_demand,es,nation,2019-02-04,827865.952,mwh,ree,2019-02-04,,2026-09-26,ok,0
electricity_demand,es,nation,2019-02-05,826264.446,mwh,ree,2019-02-05,,2026-09-26,ok,0
electricity_demand,es,nation,2019-02-06,813527.159,mwh,ree,2019-02-06,,2026-09-26,ok,0
electricity_demand,es,nation,2019-02-07,805445.154,mwh,ree,2019-02-07,,2026-09-26,ok,0
electricity_demand,es,nation,2019-02-08,799019.676,mwh,ree,2019-02-08,,2026-09-26,ok,0
electricity_demand,es,nation,2019-02-09,719403.839,mwh,ree,2019-02-09,,2026-09-26,ok,0
electricity_demand,es,nation,2019-02-10,672445.604,mwh,ree,2019-02-10,,2026-09-26,ok,0
electricity_demand,es,nation,2019-02-11,781692.422,mwh,ree,2019-02-11,,2026-09-26,ok,0
electricity_demand,es,nation,2019-02-12,799138.409,mwh,ree,2019-02-12,,2026-09-26,ok,0
electricity_demand,es,nation,2019-02-13,797839.046,mwh,ree,2019-02-13,,2026-09-26,ok,0
electricity_demand,es,nation,2019-02-14,794299.138,mwh,ree,2019-02-14,,2026-09-26,ok,0
electricity_demand,es,nation,2019-02-15,790637.803,mwh,ree,2019-02-15,,2026-09-26,ok,0
electricity_demand,es,nation,2019-02-16,706487.416,mwh,ree,2019-02-16,,2026-09-26,ok,0
electricity_demand,es,nation,2019-02-17,656688.443,mwh,ree,2019-02-17,,2026-09-26,ok,0
electricity_demand,es,nation,2019-02-18,779646.845,mwh,ree,2019-02-18,,2026-09-26,ok,0
electricity_demand,es,nation,2019-02-19,789997.493,mwh,ree,2019-02-19,,2026-09-26,ok,0
electricity_demand,es,nation,2019-02-20,785631.268,mwh,ree,2019-02-20,,2026-09-26,ok,0
electricity_demand,es,nation,2019-02-21,781135.556,mwh,ree,2019-02-21,,2026-09-26,ok,0
electricity_demand,es,nation,2019-02-22,771083.106,mwh,ree,2019-02-22,,2026-09-26,ok,0
electricity_demand,es,nation,2019-02-23,689175.82,mwh,ree,2019-02-23,,2026-09-26,ok,0
electricity_demand,es,nation,2019-02-24,637452.604,mwh,ree,2019-02-24,,2026-09-26,ok,0
electricity_demand,es,nation,2019-02-25,750831.906,mwh,ree,2019-02-25,,2026-09-26,ok,0
electricity_demand,es,nation,2019-02-26,759697.475,mwh,ree,2019-02-26,,2026-09-26,ok,0
electricity_demand,es,nation,2019-02-27,756324.91,mwh,ree,2019-02-27,,2026-09-26,ok,0
electricity_demand,es,nation,2019-02-28,742210.124,mwh,ree,2019-02-28,,2026-09-26,ok,0
electricity_demand,es,nation,2019-03-01,747742.259,mwh,ree,2019-03-01,,2026-09-26,ok,0
electricity_demand,es,nation,2019-03-02,670242.996,mwh,ree,2019-03-02,,2026-09-26,ok,0
electricity_demand,es,nation,2019-03-03,621445.195,mwh,ree,2019-03-03,,2026-09-26,ok,0
electricity_demand,es,nation,2019-03-04,729814.28,mwh,ree,2019-03-04,,2026-09-26,ok,0
electricity_demand,es,nation,2019-03-05,745164.11,mwh,ree,2019-03-05,,2026-09-26,ok,0
electricity_demand,es,nation,2019-03-06,767457.592,mwh,ree,2019-03-06,,2026-09-26,ok,0
electricity_demand,es,nation,2019-03-07,758178.303,mwh,ree,2019-03-07,,2026-09-26,ok,0
electricity_demand,es,nation,2019-03-08,748568.791,mwh,ree,2019-03-08,,2026-09-26,ok,0
electricity_demand,es,nation,2019-03-09,671315.341,mwh,ree,2019-03-09,,2026-09-26,ok,0
electricity_demand,es,nation,2019-03-10,617758.559,mwh,ree,2019-03-10,,2026-09-26,ok,0
electricity_demand,es,nation,2019-03-11,726454.288,mwh,ree,2019-03-11,,2026-09-26,ok,0
electricity_demand,es,nation,2019-03-12,743155.047,mwh,ree,2019-03-12,,2026-09-26,ok,0
electricity_demand,es,nation,2019-03-13,753372.783,mwh,ree,2019-03-13,,2026-09-26,ok,0
electricity_demand,es,nation,2019-03-14,753975.948,mwh,ree,2019-03-14,,2026-09-26,ok,0
electricity_demand,es,nation,2019-03-15,738753.829,mwh,ree,2019-03-15,,2026-09-26,ok,0
electricity_demand,es,nation,2019-03-16,660072.282,mwh,ree,2019-03-16,,2026-09-26,ok,0
electricity_demand,es,nation,2019-03-17,610229.793,mwh,ree,2019-03-17,,2026-09-26,ok,0
electricity_demand,es,nation,2019-03-18,708116.389,mwh,ree,2019-03-18,,2026-09-26,ok,0
electricity_demand,es,nation,2019-03-19,707250.357,mwh,ree,2019-03-19,,2026-09-26,ok,0
electricity_demand,es,nation,2019-03-20,755634.542,mwh,ree,2019-03-20,,2026-09-26,ok,0
electricity_demand,es,nation,2019-03-21,758931.722,mwh,ree,2019-03-21,,2026-09-26,ok,0
electricity_demand,es,nation,2019-03-22,749138.108,mwh,ree,2019-03-22,,2026-09-26,ok,0
electricity_demand,es,nation,2019-03-23,669633.017,mwh,ree,2019-03-23,,2026-09-26,ok,0
electricity_demand,es,nation,2019-03-24,611819.827,mwh,ree,2019-03-24,,2026-09-26,ok,0
electricity_demand,es,nation,2019-03-25,717073.819,mwh,ree,2019-03-25,,2026-09-26,ok,0
electricity_demand,es,nation,2019-03-26,732395.045,mwh,ree,2019-03-26,,2026-09-26,ok,0
electricity_demand,es,nation,2019-03-27,735314.342,mwh,ree,2019-03-27,,2026-09-26,ok,0
electricity_demand,es,nation,2019-03-28,736120.156,mwh,ree,2019-03-28,,2026-09-26,ok,0
electricity_demand,es,nation,2019-03-29,733687.593,mwh,ree,2019-03-29,,2026-09-26,ok,0
electricity_demand,es,nation,2019-03-30,661273.331,mwh,ree,2019-03-30,,2026-09-26,ok,0
electricity_demand,es,nation,2019-03-31,595455.992,mwh,ree,2019-03-31,,2026-09-26,ok,0
electricity_demand,es,nation,2019-04-01,728854.039,mwh,ree,2019-04-01,,2026-09-26,ok,0
electricity_demand,es,nation,2019-04-02,740720.312,mwh,ree,2019-04-02,,2026-09-26,ok,0
electricity_demand,es,nation,2019-04-03,743726.231,mwh,ree,2019-04-03,,2026-09-26,ok,0
electricity_demand,es,nation,2019-04-04,746532.132,mwh,ree,2019-04-04,,2026-09-26,ok,0
electricity_demand,es,nation,2019-04-05,758884.449,mwh,ree,2019-04-05,,2026-09-26,ok,0
electricity_demand,es,nation,2019-04-06,683345.822,mwh,ree,2019-04-06,,2026-09-26,ok,0
electricity_demand,es,nation,2019-04-07,635743.258,mwh,ree,2019-04-07,,2026-09-26,ok,0
electricity_demand,es,nation,2019-04-08,745947.421,mwh,ree,2019-04-08,,2026-09-26,ok,0
electricity_demand,es,nation,2019-04-09,762514.952,mwh,ree,2019-04-09,,2026-09-26,ok,0
electricity_demand,es,nation,2019-04-10,759373.018,mwh,ree,2019-04-10,,2026-09-26,ok,0
electricity_demand,es,nation,2019-04-11,754593.577,mwh,ree,2019-04-11,,2026-09-26,ok,0
electricity_demand,es,nation,2019-04-12,737503.833,mwh,ree,2019-04-12,,2026-09-26,ok,0
electricity_demand,es,nation,2019-04-13,658751.444,mwh,ree,2019-04-13,,2026-09-26,ok,0
electricity_demand,es,nation,2019-04-14,606715.171,mwh,ree,2019-04-14,,2026-09-26,ok,0
electricity_demand,es,nation,2019-04-15,705651.944,mwh,ree,2019-04-15,,2026-09-26,ok,0
electricity_demand,es,nation,2019-04-16,712912.968,mwh,ree,2019-04-16,,2026-09-26,ok,0
electricity_demand,es,nation,2019-04-17,706896.182,mwh,ree,2019-04-17,,2026-09-26,ok,0
electricity_demand,es,nation,2019-04-18,633645.163,mwh,ree,2019-04-18,,2026-09-26,ok,0
electricity_demand,es,nation,2019-04-19,584929.31,mwh,ree,2019-04-19,,2026-09-26,ok,0
electricity_demand,es,nation,2019-04-20,598281.137,mwh,ree,2019-04-20,,2026-09-26,ok,0
electricity_demand,es,nation,2019-04-21,575850.979,mwh,ree,2019-04-21,,2026-09-26,ok,0
electricity_demand,es,nation,2019-04-22,622892.917,mwh,ree,2019-04-22,,2026-09-26,ok,0
electricity_demand,es,nation,2019-04-23,691440.392,mwh,ree,2019-04-23,,2026-09-26,ok,0
electricity_demand,es,nation,2019-04-24,737862.824,mwh,ree,2019-04-24,,2026-09-26,ok,0
electricity_demand,es,nation,2019-04-25,739947.966,mwh,ree,2019-04-25,,2026-09-26,ok,0
electricity_demand,es,nation,2019-04-26,722351.575,mwh,ree,2019-04-26,,2026-09-26,ok,0
electricity_demand,es,nation,2019-04-27,641476.76,mwh,ree,2019-04-27,,2026-09-26,ok,0
electricity_demand,es,nation,2019-04-28,580034.58,mwh,ree,2019-04-28,,2026-09-26,ok,0
electricity_demand,es,nation,2019-04-29,681641.153,mwh,ree,2019-04-29,,2026-09-26,ok,0
electricity_demand,es,nation,2019-04-30,693188.14,mwh,ree,2019-04-30,,2026-09-26,ok,0
electricity_demand,es,nation,2019-05-01,588783.574,mwh,ree,2019-05-01,,2026-09-26,ok,0
electricity_demand,es,nation,2019-05-02,674320.005,mwh,ree,2019-05-02,,2026-09-26,ok,0
electricity_demand,es,nation,2019-05-03,696474.728,mwh,ree,2019-05-03,,2026-09-26,ok,0
electricity_demand,es,nation,2019-05-04,634765.62,mwh,ree,2019-05-04,,2026-09-26,ok,0
electricity_demand,es,nation,2019-05-05,585505.022,mwh,ree,2019-05-05,,2026-09-26,ok,0
electricity_demand,es,nation,2019-05-06,691903.437,mwh,ree,2019-05-06,,2026-09-26,ok,0
electricity_demand,es,nation,2019-05-07,715282.519,mwh,ree,2019-05-07,,2026-09-26,ok,0
electricity_demand,es,nation,2019-05-08,720383.459,mwh,ree,2019-05-08,,2026-09-26,ok,0
electricity_demand,es,nation,2019-05-09,719680.488,mwh,ree,2019-05-09,,2026-09-26,ok,0
electricity_demand,es,nation,2019-05-10,714705.845,mwh,ree,2019-05-10,,2026-09-26,ok,0
electricity_demand,es,nation,2019-05-11,642893.955,mwh,ree,2019-05-11,,2026-09-26,ok,0
electricity_demand,es,nation,2019-05-12,589066.207,mwh,ree,2019-05-12,,2026-09-26,ok,0
electricity_demand,es,nation,2019-05-13,693194.342,mwh,ree,2019-05-13,,2026-09-26,ok,0
electricity_demand,es,nation,2019-05-14,716085.91,mwh,ree,2019-05-14,,2026-09-26,ok,0
electricity_demand,es,nation,2019-05-15,714403.802,mwh,ree,2019-05-15,,2026-09-26,ok,0
electricity_demand,es,nation,2019-05-16,723608.482,mwh,ree,2019-05-16,,2026-09-26,ok,0
electricity_demand,es,nation,2019-05-17,708065.687,mwh,ree,2019-05-17,,2026-09-26,ok,0
electricity_demand,es,nation,2019-05-18,633581.663,mwh,ree,2019-05-18,,2026-09-26,ok,0
electricity_demand,es,nation,2019-05-19,588760.853,mwh,ree,2019-05-19,,2026-09-26,ok,0
electricity_demand,es,nation,2019-05-20,693266.151,mwh,ree,2019-05-20,,2026-09-26,ok,0
electricity_demand,es,nation,2019-05-21,712267.526,mwh,ree,2019-05-21,,2026-09-26,ok,0
electricity_demand,es,nation,2019-05-22,720423.021,mwh,ree,2019-05-22,,2026-09-26,ok,0
electricity_demand,es,nation,2019-05-23,721032.652,mwh,ree,2019-05-23,,2026-09-26,ok,0
electricity_demand,es,nation,2019-05-24,717689.342,mwh,ree,2019-05-24,,2026-09-26,ok,0
electricity_demand,es,nation,2019-05-25,641713.37,mwh,ree,2019-05-25,,2026-09-26,ok,0
electricity_demand,es,nation,2019-05-26,586295.917,mwh,ree,2019-05-26,,2026-09-26,ok,0
electricity_demand,es,nation,2019-05-27,703430.222,mwh,ree,2019-05-27,,2026-09-26,ok,0
electricity_demand,es,nation,2019-05-28,723789.614,mwh,ree,2019-05-28,,2026-09-26,ok,0
electricity_demand,es,nation,2019-05-29,722528.761,mwh,ree,2019-05-29,,2026-09-26,ok,0
electricity_demand,es,nation,2019-05-30,719643.509,mwh,ree,2019-05-30,,2026-09-26,ok,0
electricity_demand,es,nation,2019-05-31,720746.446,mwh,ree,2019-05-31,,2026-09-26,ok,0
electricity_demand,es,nation,2019-06-01,657113.804,mwh,ree,2019-06-01,,2026-09-26,ok,0
electricity_demand,es,nation,2019-06-02,610135.227,mwh,ree,2019-06-02,,2026-09-26,ok,0
electricity_demand,es,nation,2019-06-03,727199.819,mwh,ree,2019-06-03,,2026-09-26,ok,0
electricity_demand,es,nation,2019-06-04,743803.929,mwh,ree,2019-06-04,,2026-09-26,ok,0
electricity_demand,es,nation,2019-06-05,728013.427,mwh,ree,2019-06-05,,2026-09-26,ok,0
electricity_demand,es,nation,2019-06-06,718987.495,mwh,ree,2019-06-06,,2026-09-26,ok,0
electricity_demand,es,nation,2019-06-07,716146.113,mwh,ree,2019-06-07,,2026-09-26,ok,0
electricity_demand,es,nation,2019-06-08,649114.105,mwh,ree,2019-06-08,,2026-09-26,ok,0
electricity_demand,es,nation,2019-06-09,598266.091,mwh,ree,2019-06-09,,2026-09-26,ok,0
electricity_demand,es,nation,2019-06-10,692985.625,mwh,ree,2019-06-10,,2026-09-26,ok,0
electricity_demand,es,nation,2019-06-11,717613.036,mwh,ree,2019-06-11,,2026-09-26,ok,0
electricity_demand,es,nation,2019-06-12,721685.017,mwh,ree,2019-06-12,,2026-09-26,ok,0
electricity_demand,es,nation,2019-06-13,725139.71,mwh,ree,2019-06-13,,2026-09-26,ok,0
electricity_demand,es,nation,2019-06-14,720698.739,mwh,ree,2019-06-14,,2026-09-26,ok,0
electricity_demand,es,nation,2019-06-15,649826.641,mwh,ree,2019-06-15,,2026-09-26,ok,0
electricity_demand,es,nation,2019-06-16,600853.162,mwh,ree,2019-06-16,,2026-09-26,ok,0
electricity_demand,es,nation,2019-06-17,714625.455,mwh,ree,2019-06-17,,2026-09-26,ok,0
electricity_demand,es,nation,2019-06-18,736896.725,mwh,ree,2019-06-18,,2026-09-26,ok,0
electricity_demand,es,nation,2019-06-19,741912.133,mwh,ree,2019-06-19,,2026-09-26,ok,0
electricity_demand,es,nation,2019-06-20,735488.271,mwh,ree,2019-06-20,,2026-09-26,ok,0
electricity_demand,es,nation,2019-06-21,732798.844,mwh,ree,2019-06-21,,2026-09-26,ok,0
electricity_demand,es,nation,2019-06-22,672993.652,mwh,ree,2019-06-22,,2026-09-26,ok,0
electricity_demand,es,nation,2019-06-23,623379.646,mwh,ree,2019-06-23,,2026-09-26,ok,0
electricity_demand,es,nation,2019-06-24,688002.526,mwh,ree,2019-06-24,,2026-09-26,ok,0
electricity_demand,es,nation,2019-06-25,765220.281,mwh,ree,2019-06-25,,2026-09-26,ok,0
electricity_demand,es,nation,2019-06-26,792832.45,mwh,ree,2019-06-26,,2026-09-26,ok,0
electricity_demand,es,nation,2019-06-27,807875.011,mwh,ree,2019-06-27,,2026-09-26,ok,0
electricity_demand,es,nation,2019-06-28,821152.543,mwh,ree,2019-06-28,,2026-09-26,ok,0
electricity_demand,es,nation,2019-06-29,751724.535,mwh,ree,2019-06-29,,2026-09-26,ok,0
electricity_demand,es,nation,2019-06-30,696474.637,mwh,ree,2019-06-30,,2026-09-26,ok,0
electricity_demand,es,nation,2019-07-01,805062.314,mwh,ree,2019-07-01,,2026-09-26,ok,0
electricity_demand,es,nation,2019-07-02,817750.686,mwh,ree,2019-07-02,,2026-09-26,ok,0
electricity_demand,es,nation,2019-07-03,814766.368,mwh,ree,2019-07-03,,2026-09-26,ok,0
electricity_demand,es,nation,2019-07-04,813934.525,mwh,ree,2019-07-04,,2026-09-26,ok,0
electricity_demand,es,nation,2019-07-05,816024.974,mwh,ree,2019-07-05,,2026-09-26,ok,0
electricity_demand,es,nation,2019-07-06,738401.275,mwh,ree,2019-07-06,,2026-09-26,ok,0
electricity_demand,es,nation,2019-07-07,686379.684,mwh,ree,2019-07-07,,2026-09-26,ok,0
electricity_demand,es,nation,2019-07-08,783297.789,mwh,ree,2019-07-08,,2026-09-26,ok,0
electricity_demand,es,nation,2019-07-09,782095.233,mwh,ree,2019-07-09,,2026-09-26,ok,0
electricity_demand,es,nation,2019-07-10,792718.173,mwh,ree,2019-07-10,,2026-09-26,ok,0
electricity_demand,es,nation,2019-07-11,821250.349,mwh,ree,2019-07-11,,2026-09-26,ok,0
electricity_demand,es,nation,2019-07-12,828876.825,mwh,ree,2019-07-12,,2026-09-26,ok,0
electricity_demand,es,nation,2019-07-13,739065.225,mwh,ree,2019-07-13,,2026-09-26,ok,0
electricity_demand,es,nation,2019-07-14,667289.338,mwh,ree,2019-07-14,,2026-09-26,ok,0
electricity_demand,es,nation,2019-07-15,796026.561,mwh,ree,2019-07-15,,2026-09-26,ok,0
electricity_demand,es,nation,2019-07-16,810257.077,mwh,ree,2019-07-16,,2026-09-26,ok,0
electricity_demand,es,nation,2019-07-17,805414.836,mwh,ree,2019-07-17,,2026-09-26,ok,0
electricity_demand,es,nation,2019-07-18,808118.682,mwh,ree,2019-07-18,,2026-09-26,ok,0
electricity_demand,es,nation,2019-07-19,818254.951,mwh,ree,2019-07-19,,2026-09-26,ok,0
electricity_demand,es,nation,2019-07-20,744167.851,mwh,ree,2019-07-20,,2026-09-26,ok,0
electricity_demand,es,nation,2019-07-21,691903.017,mwh,ree,2019-07-21,,2026-09-26,ok,0
electricity_demand,es,nation,2019-07-22,836080.36,mwh,ree,2019-07-22,,2026-09-26,ok,0
electricity_demand,es,nation,2019-07-23,857696.956,mwh,ree,2019-07-23,,2026-09-26,ok,0
electricity_demand,es,nation,2019-07-24,860191.27,mwh,ree,2019-07-24,,2026-09-26,ok,0
electricity_demand,es,nation,2019-07-25,835226.076,mwh,ree,2019-07-25,,2026-09-26,ok,0
electricity_demand,es,nation,2019-07-26,809646.945,mwh,ree,2019-07-26,,2026-09-26,ok,0
electricity_demand,es,nation,2019-07-27,705760.649,mwh,ree,2019-07-27,,2026-09-26,ok,0
electricity_demand,es,nation,2019-07-28,639052.413,mwh,ree,2019-07-28,,2026-09-26,ok,0
electricity_demand,es,nation,2019-07-29,759984.776,mwh,ree,2019-07-29,,2026-09-26,ok,0
electricity_demand,es,nation,2019-07-30,773820.297,mwh,ree,2019-07-30,,2026-09-26,ok,0
electricity_demand,es,nation,2019-07-31,765475.695,mwh,ree,2019-07-31,,2026-09-26,ok,0
electricity_demand,es,nation,2019-08-01,789334.274,mwh,ree,2019-08-01,,2026-09-26,ok,0
electricity_demand,es,nation,2019-08-02,784389.389,mwh,ree,2019-08-02,,2026-09-26,ok,0
electricity_demand,es,nation,2019-08-03,706068.784,mwh,ree,2019-08-03,,2026-09-26,ok,0
electricity_demand,es,nation,2019-08-04,659374.462,mwh,ree,2019-08-04,,2026-09-26,ok,0
electricity_demand,es,nation,2019-08-05,772347.5,mwh,ree,2019-08-05,,2026-09-26,ok,0
electricity_demand,es,nation,2019-08-06,793044.82,mwh,ree,2019-08-06,,2026-09-26,ok,0
electricity_demand,es,nation,2019-08-07,787712.421,mwh,ree,2019-08-07,,2026-09-26,ok,0
electricity_demand,es,nation,2019-08-08,795638.987,mwh,ree,2019-08-08,,2026-09-26,ok,0
electricity_demand,es,nation,2019-08-09,795454.697,mwh,ree,2019-08-09,,2026-09-26,ok,0
electricity_demand,es,nation,2019-08-10,716321.021,mwh,ree,2019-08-10,,2026-09-26,ok,0
electricity_demand,es,nation,2019-08-11,651892.626,mwh,ree,2019-08-11,,2026-09-26,ok,0
electricity_demand,es,nation,2019-08-12,712385.398,mwh,ree,2019-08-12,,2026-09-26,ok,0
electricity_demand,es,nation,2019-08-13,713398.323,mwh,ree,2019-08-13,,2026-09-26,ok,0
electricity_demand,es,nation,2019-08-14,722738.208,mwh,ree,2019-08-14,,2026-09-26,ok,0
electricity_demand,es,nation,2019-08-15,661417.317,mwh,ree,2019-08-15,,2026-09-26,ok,0
electricity_demand,es,nation,2019-08-16,715896.427,mwh,ree,2019-08-16,,2026-09-26,ok,0
electricity_demand,es,nation,2019-08-17,692638.36,mwh,ree,2019-08-17,,2026-09-26,ok,0
electricity_demand,es,nation,2019-08-18,652155.441,mwh,ree,2019-08-18,,2026-09-26,ok,0
electricity_demand,es,nation,2019-08-19,750065.106,mwh,ree,2019-08-19,,2026-09-26,ok,0
electricity_demand,es,nation,2019-08-20,750474.293,mwh,ree,2019-08-20,,2026-09-26,ok,0
electricity_demand,es,nation,2019-08-21,743508.569,mwh,ree,2019-08-21,,2026-09-26,ok,0
electricity_demand,es,nation,2019-08-22,746785.396,mwh,ree,2019-08-22,,2026-09-26,ok,0
electricity_demand,es,nation,2019-08-23,746320.647,mwh,ree,2019-08-23,,2026-09-26,ok,0
electricity_demand,es,nation,2019-08-24,685685.967,mwh,ree,2019-08-24,,2026-09-26,ok,0
electricity_demand,es,nation,2019-08-25,640382.6,mwh,ree,2019-08-25,,2026-09-26,ok,0
electricity_demand,es,nation,2019-08-26,753002.18,mwh,ree,2019-08-26,,2026-09-26,ok,0
electricity_demand,es,nation,2019-08-27,748334.103,mwh,ree,2019-08-27,,2026-09-26,ok,0
electricity_demand,es,nation,2019-08-28,759403.981,mwh,ree,2019-08-28,,2026-09-26,ok,0
electricity_demand,es,nation,2019-08-29,778170.266,mwh,ree,2019-08-29,,2026-09-26,ok,0
electricity_demand,es,nation,2019-08-30,782463.034,mwh,ree,2019-08-30,,2026-09-26,ok,0
electricity_demand,es,nation,2019-08-31,704124.582,mwh,ree,2019-08-31,,2026-09-26,ok,0
electricity_demand,es,nation,2019-09-01,658275.465,mwh,ree,2019-09-01,,2026-09-26,ok,0
electricity_demand,es,nation,2019-09-02,772035.659,mwh,ree,2019-09-02,,2026-09-26,ok,0
electricity_demand,es,nation,2019-09-03,796492.504,mwh,ree,2019-09-03,,2026-09-26,ok,0
electricity_demand,es,nation,2019-09-04,802739.777,mwh,ree,2019-09-04,,2026-09-26,ok,0
electricity_demand,es,nation,2019-09-05,785233.792,mwh,ree,2019-09-05,,2026-09-26,ok,0
electricity_demand,es,nation,2019-09-06,759835.407,mwh,ree,2019-09-06,,2026-09-26,ok,0
electricity_demand,es,nation,2019-09-07,677237.25,mwh,ree,2019-09-07,,2026-09-26,ok,0
electricity_demand,es,nation,2019-09-08,625559.392,mwh,ree,2019-09-08,,2026-09-26,ok,0
electricity_demand,es,nation,2019-09-09,725543.137,mwh,ree,2019-09-09,,2026-09-26,ok,0
electricity_demand,es,nation,2019-09-10,731011.426,mwh,ree,2019-09-10,,2026-09-26,ok,0
electricity_demand,es,nation,2019-09-11,699252.213,mwh,ree,2019-09-11,,2026-09-26,ok,0
electricity_demand,es,nation,2019-09-12,720175.206,mwh,ree,2019-09-12,,2026-09-26,ok,0
electricity_demand,es,nation,2019-09-13,710999.404,mwh,ree,2019-09-13,,2026-09-26,ok,0
electricity_demand,es,nation,2019-09-14,639594.83,mwh,ree,2019-09-14,,2026-09-26,ok,0
electricity_demand,es,nation,2019-09-15,600804.651,mwh,ree,2019-09-15,,2026-09-26,ok,0
electricity_demand,es,nation,2019-09-16,722110.774,mwh,ree,2019-09-16,,2026-09-26,ok,0
electricity_demand,es,nation,2019-09-17,745327.536,mwh,ree,2019-09-17,,2026-09-26,ok,0
electricity_demand,es,nation,2019-09-18,749439.31,mwh,ree,2019-09-18,,2026-09-26,ok,0
electricity_demand,es,nation,2019-09-19,750409.372,mwh,ree,2019-09-19,,2026-09-26,ok,0
electricity_demand,es,nation,2019-09-20,742546.066,mwh,ree,2019-09-20,,2026-09-26,ok,0
electricity_demand,es,nation,2019-09-21,662313.73,mwh,ree,2019-09-21,,2026-09-26,ok,0
electricity_demand,es,nation,2019-09-22,606999.498,mwh,ree,2019-09-22,,2026-09-26,ok,0
electricity_demand,es,nation,2019-09-23,708014.904,mwh,ree,2019-09-23,,2026-09-26,ok,0
electricity_demand,es,nation,2019-09-24,727730.253,mwh,ree,2019-09-24,,2026-09-26,ok,0
electricity_demand,es,nation,2019-09-25,738028.712,mwh,ree,2019-09-25,,2026-09-26,ok,0
electricity_demand,es,nation,2019-09-26,739145.522,mwh,ree,2019-09-26,,2026-09-26,ok,0
electricity_demand,es,nation,2019-09-27,734426.657,mwh,ree,2019-09-27,,2026-09-26,ok,0
electricity_demand,es,nation,2019-09-28,653673.494,mwh,ree,2019-09-28,,2026-09-26,ok,0
electricity_demand,es,nation,2019-09-29,597643.634,mwh,ree,2019-09-29,,2026-09-26,ok,0
electricity_demand,es,nation,2019-09-30,715112.43,mwh,ree,2019-09-30,,2026-09-26,ok,0
electricity_demand,es,nation,2019-10-01,741441.646,mwh,ree,2019-10-01,,2026-09-26,ok,0
electricity_demand,es,nation,2019-10-02,733752.221,mwh,ree,2019-10-02,,2026-09-26,ok,0
electricity_demand,es,nation,2019-10-03,722404.634,mwh,ree,2019-10-03,,2026-09-26,ok,0
electricity_demand,es,nation,2019-10-04,719060.66,mwh,ree,2019-10-04,,2026-09-26,ok,0
electricity_demand,es,nation,2019-10-05,639966.26,mwh,ree,2019-10-05,,2026-09-26,ok,0
electricity_demand,es,nation,2019-10-06,595822.23,mwh,ree,2019-10-06,,2026-09-26,ok,0
electricity_demand,es,nation,2019-10-07,706811.27,mwh,ree,2019-10-07,,2026-09-26,ok,0
electricity_demand,es,nation,2019-10-08,729654.451,mwh,ree,2019-10-08,,2026-09-26,ok,0
electricity_demand,es,nation,2019-10-09,718306.304,mwh,ree,2019-10-09,,2026-09-26,ok,0
electricity_demand,es,nation,2019-10-10,725766.274,mwh,ree,2019-10-10,,2026-09-26,ok,0
electricity_demand,es,nation,2019-10-11,717342.224,mwh,ree,2019-10-11,,2026-09-26,ok,0
electricity_demand,es,nation,2019-10-12,624559.893,mwh,ree,2019-10-12,,2026-09-26,ok,0
electricity_demand,es,nation,2019-10-13,591908.756,mwh,ree,2019-10-13,,2026-09-26,ok,0
electricity_demand,es,nation,2019-10-14,708972.391,mwh,ree,2019-10-14,,2026-09-26,ok,0
electricity_demand,es,nation,2019-10-15,707947.469,mwh,ree,2019-10-15,,2026-09-26,ok,0
electricity_demand,es,nation,2019-10-16,711483.129,mwh,ree,2019-10-16,,2026-09-26,ok,0
electricity_demand,es,nation,2019-10-17,712870.909,mwh,ree,2019-10-17,,2026-09-26,ok,0
electricity_demand,es,nation,2019-10-18,702013.343,mwh,ree,2019-10-18,,2026-09-26,ok,0
electricity_demand,es,nation,2019-10-19,638521.461,mwh,ree,2019-10-19,,2026-09-26,ok,0
electricity_demand,es,nation,2019-10-20,590245.061,mwh,ree,2019-10-20,,2026-09-26,ok,0
electricity_demand,es,nation,2019-10-21,698011.851,mwh,ree,2019-10-21,,2026-09-26,ok,0
electricity_demand,es,nation,2019-10-22,728673.757,mwh,ree,2019-10-22,,2026-09-26,ok,0
electricity_demand,es,nation,2019-10-23,731462.329,mwh,ree,2019-10-23,,2026-09-26,ok,0
electricity_demand,es,nation,2019-10-24,729548.927,mwh,ree,2019-10-24,,2026-09-26,ok,0
electricity_demand,es,nation,2019-10-25,721004.715,mwh,ree,2019-10-25,,2026-09-26,ok,0
electricity_demand,es,nation,2019-10-26,639527.818,mwh,ree,2019-10-26,,2026-09-26,ok,0
electricity_demand,es,nation,2019-10-27,617897.851,mwh,ree,2019-10-27,,2026-09-26,ok,0
electricity_demand,es,nation,2019-10-28,705517.424,mwh,ree,2019-10-28,,2026-09-26,ok,0
electricity_demand,es,nation,2019-10-29,720759.167,mwh,ree,2019-10-29,,2026-09-26,ok,0
electricity_demand,es,nation,2019-10-30,716813.201,mwh,ree,2019-10-30,,2026-09-26,ok,0
electricity_demand,es,nation,2019-10-31,706779.544,mwh,ree,2019-10-31,,2026-09-26,ok,0
electricity_demand,es,nation,2019-11-01,610338.583,mwh,ree,2019-11-01,,2026-09-26,ok,0
electricity_demand,es,nation,2019-11-02,613091.302,mwh,ree,2019-11-02,,2026-09-26,ok,0
electricity_demand,es,nation,2019-11-03,585745.923,mwh,ree,2019-11-03,,2026-09-26,ok,0
electricity_demand,es,nation,2019-11-04,701349.067,mwh,ree,2019-11-04,,2026-09-26,ok,0
electricity_demand,es,nation,2019-11-05,723921.225,mwh,ree,2019-11-05,,2026-09-26,ok,0
electricity_demand,es,nation,2019-11-06,726803.046,mwh,ree,2019-11-06,,2026-09-26,ok,0
electricity_demand,es,nation,2019-11-07,738904.63,mwh,ree,2019-11-07,,2026-09-26,ok,0
electricity_demand,es,nation,2019-11-08,747095.1,mwh,ree,2019-11-08,,2026-09-26,ok,0
electricity_demand,es,nation,2019-11-09,674799.054,mwh,ree,2019-11-09,,2026-09-26,ok,0
electricity_demand,es,nation,2019-11-10,628624.931,mwh,ree,2019-11-10,,2026-09-26,ok,0
electricity_demand,es,nation,2019-11-11,757559.515,mwh,ree,2019-11-11,,2026-09-26,ok,0
electricity_demand,es,nation,2019-11-12,773524.257,mwh,ree,2019-11-12,,2026-09-26,ok,0
electricity_demand,es,nation,2019-11-13,776833.483,mwh,ree,2019-11-13,,2026-09-26,ok,0
electricity_demand,es,nation,2019-11-14,794537.245,mwh,ree,2019-11-14,,2026-09-26,ok,0
electricity_demand,es,nation,2019-11-15,794400.091,mwh,ree,2019-11-15,,2026-09-26,ok,0
electricity_demand,es,nation,2019-11-16,712515.929,mwh,ree,2019-11-16,,2026-09-26,ok,0
electricity_demand,es,nation,2019-11-17,673216.611,mwh,ree,2019-11-17,,2026-09-26,ok,0
electricity_demand,es,nation,2019-11-18,784186.573,mwh,ree,2019-11-18,,2026-09-26,ok,0
electricity_demand,es,nation,2019-11-19,810154.106,mwh,ree,2019-11-19,,2026-09-26,ok,0
electricity_demand,es,nation,2019-11-20,821576.303,mwh,ree,2019-11-20,,2026-09-26,ok,0
electricity_demand,es,nation,2019-11-21,815715.186,mwh,ree,2019-11-21,,2026-09-26,ok,0
electricity_demand,es,nation,2019-11-22,812859.646,mwh,ree,2019-11-22,,2026-09-26,ok,0
electricity_demand,es,nation,2019-11-23,706596.572,mwh,ree,2019-11-23,,2026-09-26,ok,0
electricity_demand,es,nation,2019-11-24,657967.591,mwh,ree,2019-11-24,,2026-09-26,ok,0
electricity_demand,es,nation,2019-11-25,774027.534,mwh,ree,2019-11-25,,2026-09-26,ok,0
electricity_demand,es,nation,2019-11-26,785754.366,mwh,ree,2019-11-26,,2026-09-26,ok,0
electricity_demand,es,nation,2019-11-27,774548.693,mwh,ree,2019-11-27,,2026-09-26,ok,0
electricity_demand,es,nation,2019-11-28,776056.195,mwh,ree,2019-11-28,,2026-09-26,ok,0
electricity_demand,es,nation,2019-11-29,758247.169,mwh,ree,2019-11-29,,2026-09-26,ok,0
electricity_demand,es,nation,2019-11-30,686811.005,mwh,ree,2019-11-30,,2026-09-26,ok,0
electricity_demand,es,nation,2019-12-01,649030.819,mwh,ree,2019-12-01,,2026-09-26,ok,0
electricity_demand,es,nation,2019-12-02,776156.953,mwh,ree,2019-12-02,,2026-09-26,ok,0
electricity_demand,es,nation,2019-12-03,794071.443,mwh,ree,2019-12-03,,2026-09-26,ok,0
electricity_demand,es,nation,2019-12-04,802721.404,mwh,ree,2019-12-04,,2026-09-26,ok,0
electricity_demand,es,nation,2019-12-05,797187.595,mwh,ree,2019-12-05,,2026-09-26,ok,0
electricity_demand,es,nation,2019-12-06,687010.235,mwh,ree,2019-12-06,,2026-09-26,ok,0
electricity_demand,es,nation,2019-12-07,677745.106,mwh,ree,2019-12-07,,2026-09-26,ok,0
electricity_demand,es,nation,2019-12-08,653010.122,mwh,ree,2019-12-08,,2026-09-26,ok,0
electricity_demand,es,nation,2019-12-09,731497.032,mwh,ree,2019-12-09,,2026-09-26,ok,0
electricity_demand,es,nation,2019-12-10,794421.564,mwh,ree,2019-12-10,,2026-09-26,ok,0
electricity_demand,es,nation,2019-12-11,810110.768,mwh,ree,2019-12-11,,2026-09-26,ok,0
electricity_demand,es,nation,2019-12-12,825121.76,mwh,ree,2019-12-12,,2026-09-26,ok,0
electricity_demand,es,nation,2019-12-13,793677.004,mwh,ree,2019-12-13,,2026-09-26,ok,0
electricity_demand,es,nation,2019-12-14,703955.843,mwh,ree,2019-12-14,,2026-09-26,ok,0
electricity_demand,es,nation,2019-12-15,660219.604,mwh,ree,2019-12-15,,2026-09-26,ok,0
electricity_demand,es,nation,2019-12-16,780295.07,mwh,ree,2019-12-16,,2026-09-26,ok,0
electricity_demand,es,nation,2019-12-17,786945.087,mwh,ree,2019-12-17,,2026-09-26,ok,0
electricity_demand,es,nation,2019-12-18,792257.443,mwh,ree,2019-12-18,,2026-09-26,ok,0
electricity_demand,es,nation,2019-12-19,793728.479,mwh,ree,2019-12-19,,2026-09-26,ok,0
electricity_demand,es,nation,2019-12-20,757483.61,mwh,ree,2019-12-20,,2026-09-26,ok,0
electricity_demand,es,nation,2019-12-21,666815.843,mwh,ree,2019-12-21,,2026-09-26,ok,0
electricity_demand,es,nation,2019-12-22,621188.286,mwh,ree,2019-12-22,,2026-09-26,ok,0
electricity_demand,es,nation,2019-12-23,675581.844,mwh,ree,2019-12-23,,2026-09-26,ok,0
electricity_demand,es,nation,2019-12-24,622147.62,mwh,ree,2019-12-24,,2026-09-26,ok,0
electricity_demand,es,nation,2019-12-25,541452.518,mwh,ree,2019-12-25,,2026-09-26,ok,0
electricity_demand,es,nation,2019-12-26,632220.615,mwh,ree,2019-12-26,,2026-09-26,ok,0
electricity_demand,es,nation,2019-12-27,674150.472,mwh,ree,2019-12-27,,2026-09-26,ok,0
electricity_demand,es,nation,2019-12-28,646963.129,mwh,ree,2019-12-28,,2026-09-26,ok,0
electricity_demand,es,nation,2019-12-29,617265.192,mwh,ree,2019-12-29,,2026-09-26,ok,0
electricity_demand,es,nation,2019-12-30,689973.969,mwh,ree,2019-12-30,,2026-09-26,ok,0
electricity_demand,es,nation,2019-12-31,656514.303,mwh,ree,2019-12-31,,2026-09-26,ok,0
electricity_demand,es,nation,2020-01-01,574776.72,mwh,ree,2020-01-01,,2026-09-26,ok,0
electricity_demand,es,nation,2020-01-02,723522.375,mwh,ree,2020-01-02,,2026-09-26,ok,0
electricity_demand,es,nation,2020-01-03,754645.342,mwh,ree,2020-01-03,,2026-09-26,ok,0
electricity_demand,es,nation,2020-01-04,702390.878,mwh,ree,2020-01-04,,2026-09-26,ok,0
electricity_demand,es,nation,2020-01-05,651967.486,mwh,ree,2020-01-05,,2026-09-26,ok,0
electricity_demand,es,nation,2020-01-06,630259.532,mwh,ree,2020-01-06,,2026-09-26,ok,0
electricity_demand,es,nation,2020-01-07,789031.621,mwh,ree,2020-01-07,,2026-09-26,ok,0
electricity_demand,es,nation,2020-01-08,820143.678,mwh,ree,2020-01-08,,2026-09-26,ok,0
electricity_demand,es,nation,2020-01-09,820769.614,mwh,ree,2020-01-09,,2026-09-26,ok,0
electricity_demand,es,nation,2020-01-10,814759.827,mwh,ree,2020-01-10,,2026-09-26,ok,0
electricity_demand,es,nation,2020-01-11,732531.725,mwh,ree,2020-01-11,,2026-09-26,ok,0
electricity_demand,es,nation,2020-01-12,693449.101,mwh,ree,2020-01-12,,2026-09-26,ok,0
electricity_demand,es,nation,2020-01-13,829157.906,mwh,ree,2020-01-13,,2026-09-26,ok,0
electricity_demand,es,nation,2020-01-14,844416.079,mwh,ree,2020-01-14,,2026-09-26,ok,0
electricity_demand,es,nation,2020-01-15,832910.293,mwh,ree,2020-01-15,,2026-09-26,ok,0
electricity_demand,es,nation,2020-01-16,822827.255,mwh,ree,2020-01-16,,2026-09-26,ok,0
electricity_demand,es,nation,2020-01-17,807653.787,mwh,ree,2020-01-17,,2026-09-26,ok,0
electricity_demand,es,nation,2020-01-18,729673.024,mwh,ree,2020-01-18,,2026-09-26,ok,0
electricity_demand,es,nation,2020-01-19,689820.886,mwh,ree,2020-01-19,,2026-09-26,ok,0
electricity_demand,es,nation,2020-01-20,846106.888,mwh,ree,2020-01-20,,2026-09-26,ok,0
electricity_demand,es,nation,2020-01-21,862132.604,mwh,ree,2020-01-21,,2026-09-26,ok,0
electricity_demand,es,nation,2020-01-22,841706.187,mwh,ree,2020-01-22,,2026-09-26,ok,0
electricity_demand,es,nation,2020-01-23,829427.103,mwh,ree,2020-01-23,,2026-09-26,ok,0
electricity_demand,es,nation,2020-01-24,821136.183,mwh,ree,2020-01-24,,2026-09-26,ok,0
electricity_demand,es,nation,2020-01-25,734265.345,mwh,ree,2020-01-25,,2026-09-26,ok,0
electricity_demand,es,nation,2020-01-26,676369.262,mwh,ree,2020-01-26,,2026-09-26,ok,0
electricity_demand,es,nation,2020-01-27,807615.701,mwh,ree,2020-01-27,,2026-09-26,ok,0
electricity_demand,es,nation,2020-01-28,807001.677,mwh,ree,2020-01-28,,2026-09-26,ok,0
electricity_demand,es,nation,2020-01-29,792162.501,mwh,ree,2020-01-29,,2026-09-26,ok,0
electricity_demand,es,nation,2020-01-30,778203.546,mwh,ree,2020-01-30,,2026-09-26,ok,0
electricity_demand,es,nation,2020-01-31,765448.598,mwh,ree,2020-01-31,,2026-09-26,ok,0
electricity_demand,es,nation,2020-02-01,681471.943,mwh,ree,2020-02-01,,2026-09-26,ok,0
electricity_demand,es,nation,2020-02-02,625016.468,mwh,ree,2020-02-02,,2026-09-26,ok,0
electricity_demand,es,nation,2020-02-03,729329.082,mwh,ree,2020-02-03,,2026-09-26,ok,0
electricity_demand,es,nation,2020-02-04,747892.827,mwh,ree,2020-02-04,,2026-09-26,ok,0
electricity_demand,es,nation,2020-02-05,758987.788,mwh,ree,2020-02-05,,2026-09-26,ok,0
electricity_demand,es,nation,2020-02-06,769754.643,mwh,ree,2020-02-06,,2026-09-26,ok,0
electricity_demand,es,nation,2020-02-07,772488.589,mwh,ree,2020-02-07,,2026-09-26,ok,0
electricity_demand,es,nation,2020-02-08,698199.59,mwh,ree,2020-02-08,,2026-09-26,ok,0
electricity_demand,es,nation,2020-02-09,646787.156,mwh,ree,2020-02-09,,2026-09-26,ok,0
electricity_demand,es,nation,2020-02-10,749504.414,mwh,ree,2020-02-10,,2026-09-26,ok,0
electricity_demand,es,nation,2020-02-11,761008.347,mwh,ree,2020-02-11,,2026-09-26,ok,0
electricity_demand,es,nation,2020-02-12,766558.356,mwh,ree,2020-02-12,,2026-09-26,ok,0
electricity_demand,es,nation,2020-02-13,759532.177,mwh,ree,2020-02-13,,2026-09-26,ok,0
electricity_demand,es,nation,2020-02-14,753954.141,mwh,ree,2020-02-14,,2026-09-26,ok,0
electricity_demand,es,nation,2020-02-15,675832.097,mwh,ree,2020-02-15,,2026-09-26,ok,0
electricity_demand,es,nation,2020-02-16,625453.407,mwh,ree,2020-02-16,,2026-09-26,ok,0
electricity_demand,es,nation,2020-02-17,739797.699,mwh,ree,2020-02-17,,2026-09-26,ok,0
electricity_demand,es,nation,2020-02-18,766371.869,mwh,ree,2020-02-18,,2026-09-26,ok,0
electricity_demand,es,nation,2020-02-19,764941.248,mwh,ree,2020-02-19,,2026-09-26,ok,0
electricity_demand,es,nation,2020-02-20,763651.659,mwh,ree,2020-02-20,,2026-09-26,ok,0
electricity_demand,es,nation,2020-02-21,753744.734,mwh,ree,2020-02-21,,2026-09-26,ok,0
electricity_demand,es,nation,2020-02-22,672072.47,mwh,ree,2020-02-22,,2026-09-26,ok,0
electricity_demand,es,nation,2020-02-23,620872.08,mwh,ree,2020-02-23,,2026-09-26,ok,0
electricity_demand,es,nation,2020-02-24,730827.761,mwh,ree,2020-02-24,,2026-09-26,ok,0
electricity_demand,es,nation,2020-02-25,743820.753,mwh,ree,2020-02-25,,2026-09-26,ok,0
electricity_demand,es,nation,2020-02-26,753405.313,mwh,ree,2020-02-26,,2026-09-26,ok,0
electricity_demand,es,nation,2020-02-27,751137.432,mwh,ree,2020-02-27,,2026-09-26,ok,0
electricity_demand,es,nation,2020-02-28,728292.593,mwh,ree,2020-02-28,,2026-09-26,ok,0
electricity_demand,es,nation,2020-02-29,670263.321,mwh,ree,2020-02-29,,2026-09-26,ok,0
electricity_demand,es,nation,2020-03-01,626873.694,mwh,ree,2020-03-01,,2026-09-26,ok,0
electricity_demand,es,nation,2020-03-02,741296.331,mwh,ree,2020-03-02,,2026-09-26,ok,0
electricity_demand,es,nation,2020-03-03,769321.188,mwh,ree,2020-03-03,,2026-09-26,ok,0
electricity_demand,es,nation,2020-03-04,759058.244,mwh,ree,2020-03-04,,2026-09-26,ok,0
electricity_demand,es,nation,2020-03-05,754365.164,mwh,ree,2020-03-05,,2026-09-26,ok,0
electricity_demand,es,nation,2020-03-06,757995.483,mwh,ree,2020-03-06,,2026-09-26,ok,0
electricity_demand,es,nation,2020-03-07,683532.439,mwh,ree,2020-03-07,,2026-09-26,ok,0
electricity_demand,es,nation,2020-03-08,630442.877,mwh,ree,2020-03-08,,2026-09-26,ok,0
electricity_demand,es,nation,2020-03-09,740417.533,mwh,ree,2020-03-09,,2026-09-26,ok,0
electricity_demand,es,nation,2020-03-10,747566.521,mwh,ree,2020-03-10,,2026-09-26,ok,0
electricity_demand,es,nation,2020-03-11,742561.392,mwh,ree,2020-03-11,,2026-09-26,ok,0
electricity_demand,es,nation,2020-03-12,738088.907,mwh,ree,2020-03-12,,2026-09-26,ok,0
electricity_demand,es,nation,2020-03-13,729774.542,mwh,ree,2020-03-13,,2026-09-26,ok,0
electricity_demand,es,nation,2020-03-14,646497.547,mwh,ree,2020-03-14,,2026-09-26,ok,0
electricity_demand,es,nation,2020-03-15,600435.811,mwh,ree,2020-03-15,,2026-09-26,ok,0
electricity_demand,es,nation,2020-03-16,704124.264,mwh,ree,2020-03-16,,2026-09-26,ok,0
electricity_demand,es,nation,2020-03-17,706050.583,mwh,ree,2020-03-17,,2026-09-26,ok,0
electricity_demand,es,nation,2020-03-18,684799.07,mwh,ree,2020-03-18,,2026-09-26,ok,0
electricity_demand,es,nation,2020-03-19,641992.028,mwh,ree,2020-03-19,,2026-09-26,ok,0
electricity_demand,es,nation,2020-03-20,647058.248,mwh,ree,2020-03-20,,2026-09-26,ok,0
electricity_demand,es,nation,2020-03-21,612492.101,mwh,ree,2020-03-21,,2026-09-26,ok,0
electricity_demand,es,nation,2020-03-22,583510.909,mwh,ree,2020-03-22,,2026-09-26,ok,0
electricity_demand,es,nation,2020-03-23,653558.582,mwh,ree,2020-03-23,,2026-09-26,ok,0
electricity_demand,es,nation,2020-03-24,663819.764,mwh,ree,2020-03-24,,2026-09-26,ok,0
electricity_demand,es,nation,2020-03-25,664643.791,mwh,ree,2020-03-25,,2026-09-26,ok,0
electricity_demand,es,nation,2020-03-26,661338.324,mwh,ree,2020-03-26,,2026-09-26,ok,0
electricity_demand,es,nation,2020-03-27,667335.755,mwh,ree,2020-03-27,,2026-09-26,ok,0
electricity_demand,es,nation,2020-03-28,605617.221,mwh,ree,2020-03-28,,2026-09-26,ok,0
electricity_demand,es,nation,2020-03-29,540515.04,mwh,ree,2020-03-29,,2026-09-26,ok,0
electricity_demand,es,nation,2020-03-30,610996.075,mwh,ree,2020-03-30,,2026-09-26,ok,0
electricity_demand,es,nation,2020-03-31,610653.934,mwh,ree,2020-03-31,,2026-09-26,ok,0
electricity_demand,es,nation,2020-04-01,599875.958,mwh,ree,2020-04-01,,2026-09-26,ok,0
electricity_demand,es,nation,2020-04-02,599323.162,mwh,ree,2020-04-02,,2026-09-26,ok,0
electricity_demand,es,nation,2020-04-03,584683.694,mwh,ree,2020-04-03,,2026-09-26,ok,0
electricity_demand,es,nation,2020-04-04,542996.041,mwh,ree,2020-04-04,,2026-09-26,ok,0
electricity_demand,es,nation,2020-04-05,519594.376,mwh,ree,2020-04-05,,2026-09-26,ok,0
electricity_demand,es,nation,2020-04-06,568143.84,mwh,ree,2020-04-06,,2026-09-26,ok,0
electricity_demand,es,nation,2020-04-07,567082.621,mwh,ree,2020-04-07,,2026-09-26,ok,0
electricity_demand,es,nation,2020-04-08,555027.089,mwh,ree,2020-04-08,,2026-09-26,ok,0
electricity_demand,es,nation,2020-04-09,529824.736,mwh,ree,2020-04-09,,2026-09-26,ok,0
electricity_demand,es,nation,2020-04-10,510435.49,mwh,ree,2020-04-10,,2026-09-26,ok,0
electricity_demand,es,nation,2020-04-11,518229.908,mwh,ree,2020-04-11,,2026-09-26,ok,0
electricity_demand,es,nation,2020-04-12,501615.48,mwh,ree,2020-04-12,,2026-09-26,ok,0
electricity_demand,es,nation,2020-04-13,537818.991,mwh,ree,2020-04-13,,2026-09-26,ok,0
electricity_demand,es,nation,2020-04-14,584017.243,mwh,ree,2020-04-14,,2026-09-26,ok,0
electricity_demand,es,nation,2020-04-15,604347.185,mwh,ree,2020-04-15,,2026-09-26,ok,0
electricity_demand,es,nation,2020-04-16,604521.525,mwh,ree,2020-04-16,,2026-09-26,ok,0
electricity_demand,es,nation,2020-04-17,598697.568,mwh,ree,2020-04-17,,2026-09-26,ok,0
electricity_demand,es,nation,2020-04-18,552914.776,mwh,ree,2020-04-18,,2026-09-26,ok,0
electricity_demand,es,nation,2020-04-19,520123.268,mwh,ree,2020-04-19,,2026-09-26,ok,0
electricity_demand,es,nation,2020-04-20,585331.059,mwh,ree,2020-04-20,,2026-09-26,ok,0
electricity_demand,es,nation,2020-04-21,608880.705,mwh,ree,2020-04-21,,2026-09-26,ok,0
electricity_demand,es,nation,2020-04-22,608023.375,mwh,ree,2020-04-22,,2026-09-26,ok,0
electricity_demand,es,nation,2020-04-23,599598.011,mwh,ree,2020-04-23,,2026-09-26,ok,0
electricity_demand,es,nation,2020-04-24,594661.984,mwh,ree,2020-04-24,,2026-09-26,ok,0
electricity_demand,es,nation,2020-04-25,556038.735,mwh,ree,2020-04-25,,2026-09-26,ok,0
electricity_demand,es,nation,2020-04-26,522374.953,mwh,ree,2020-04-26,,2026-09-26,ok,0
electricity_demand,es,nation,2020-04-27,590579.965,mwh,ree,2020-04-27,,2026-09-26,ok,0
electricity_demand,es,nation,2020-04-28,601203.105,mwh,ree,2020-04-28,,2026-09-26,ok,0
electricity_demand,es,nation,2020-04-29,600234.68,mwh,ree,2020-04-29,,2026-09-26,ok,0
electricity_demand,es,nation,2020-04-30,594712.471,mwh,ree,2020-04-30,,2026-09-26,ok,0
electricity_demand,es,nation,2020-05-01,525344.189,mwh,ree,2020-05-01,,2026-09-26,ok,0
electricity_demand,es,nation,2020-05-02,529331.136,mwh,ree,2020-05-02,,2026-09-26,ok,0
electricity_demand,es,nation,2020-05-03,509365.967,mwh,ree,2020-05-03,,2026-09-26,ok,0
electricity_demand,es,nation,2020-05-04,585884.404,mwh,ree,2020-05-04,,2026-09-26,ok,0
electricity_demand,es,nation,2020-05-05,607115.027,mwh,ree,2020-05-05,,2026-09-26,ok,0
electricity_demand,es,nation,2020-05-06,610199.36,mwh,ree,2020-05-06,,2026-09-26,ok,0
electricity_demand,es,nation,2020-05-07,604624.142,mwh,ree,2020-05-07,,2026-09-26,ok,0
electricity_demand,es,nation,2020-05-08,597179.788,mwh,ree,2020-05-08,,2026-09-26,ok,0
electricity_demand,es,nation,2020-05-09,547084.706,mwh,ree,2020-05-09,,2026-09-26,ok,0
electricity_demand,es,nation,2020-05-10,513399.456,mwh,ree,2020-05-10,,2026-09-26,ok,0
electricity_demand,es,nation,2020-05-11,591350.652,mwh,ree,2020-05-11,,2026-09-26,ok,0
electricity_demand,es,nation,2020-05-12,617479.021,mwh,ree,2020-05-12,,2026-09-26,ok,0
electricity_demand,es,nation,2020-05-13,617401.116,mwh,ree,2020-05-13,,2026-09-26,ok,0
electricity_demand,es,nation,2020-05-14,620557.901,mwh,ree,2020-05-14,,2026-09-26,ok,0
electricity_demand,es,nation,2020-05-15,608952.25,mwh,ree,2020-05-15,,2026-09-26,ok,0
electricity_demand,es,nation,2020-05-16,555670.934,mwh,ree,2020-05-16,,2026-09-26,ok,0
electricity_demand,es,nation,2020-05-17,519597.946,mwh,ree,2020-05-17,,2026-09-26,ok,0
electricity_demand,es,nation,2020-05-18,596670.207,mwh,ree,2020-05-18,,2026-09-26,ok,0
electricity_demand,es,nation,2020-05-19,615052.604,mwh,ree,2020-05-19,,2026-09-26,ok,0
electricity_demand,es,nation,2020-05-20,622450.073,mwh,ree,2020-05-20,,2026-09-26,ok,0
electricity_demand,es,nation,2020-05-21,630168.002,mwh,ree,2020-05-21,,2026-09-26,ok,0
electricity_demand,es,nation,2020-05-22,634355.264,mwh,ree,2020-05-22,,2026-09-26,ok,0
electricity_demand,es,nation,2020-05-23,582895.641,mwh,ree,2020-05-23,,2026-09-26,ok,0
electricity_demand,es,nation,2020-05-24,542170.641,mwh,ree,2020-05-24,,2026-09-26,ok,0
electricity_demand,es,nation,2020-05-25,627466.111,mwh,ree,2020-05-25,,2026-09-26,ok,0
electricity_demand,es,nation,2020-05-26,642990.536,mwh,ree,2020-05-26,,2026-09-26,ok,0
electricity_demand,es,nation,2020-05-27,644707.726,mwh,ree,2020-05-27,,2026-09-26,ok,0
electricity_demand,es,nation,2020-05-28,642005.868,mwh,ree,2020-05-28,,2026-09-26,ok,0
electricity_demand,es,nation,2020-05-29,641570.31,mwh,ree,2020-05-29,,2026-09-26,ok,0
electricity_demand,es,nation,2020-05-30,583380.433,mwh,ree,2020-05-30,,2026-09-26,ok,0
electricity_demand,es,nation,2020-05-31,541662.429,mwh,ree,2020-05-31,,2026-09-26,ok,0
electricity_demand,es,nation,2020-06-01,627334.741,mwh,ree,2020-06-01,,2026-09-26,ok,0
electricity_demand,es,nation,2020-06-02,653396.5,mwh,ree,2020-06-02,,2026-09-26,ok,0
electricity_demand,es,nation,2020-06-03,662452.407,mwh,ree,2020-06-03,,2026-09-26,ok,0
electricity_demand,es,nation,2020-06-04,651301.681,mwh,ree,2020-06-04,,2026-09-26,ok,0
electricity_demand,es,nation,2020-06-05,640912.088,mwh,ree,2020-06-05,,2026-09-26,ok,0
electricity_demand,es,nation,2020-06-06,582674.188,mwh,ree,2020-06-06,,2026-09-26,ok,0
electricity_demand,es,nation,2020-06-07,540393.818,mwh,ree,2020-06-07,,2026-09-26,ok,0
electricity_demand,es,nation,2020-06-08,625763.383,mwh,ree,2020-06-08,,2026-09-26,ok,0
electricity_demand,es,nation,2020-06-09,643604.721,mwh,ree,2020-06-09,,2026-09-26,ok,0
electricity_demand,es,nation,2020-06-10,653728.489,mwh,ree,2020-06-10,,2026-09-26,ok,0
electricity_demand,es,nation,2020-06-11,653624.408,mwh,ree,2020-06-11,,2026-09-26,ok,0
electricity_demand,es,nation,2020-06-12,645918.049,mwh,ree,2020-06-12,,2026-09-26,ok,0
electricity_demand,es,nation,2020-06-13,581088.713,mwh,ree,2020-06-13,,2026-09-26,ok,0
electricity_demand,es,nation,2020-06-14,543304.621,mwh,ree,2020-06-14,,2026-09-26,ok,0
electricity_demand,es,nation,2020-06-15,644001.077,mwh,ree,2020-06-15,,2026-09-26,ok,0
electricity_demand,es,nation,2020-06-16,656823.463,mwh,ree,2020-06-16,,2026-09-26,ok,0
electricity_demand,es,nation,2020-06-17,661145.578,mwh,ree,2020-06-17,,2026-09-26,ok,0
electricity_demand,es,nation,2020-06-18,662011.432,mwh,ree,2020-06-18,,2026-09-26,ok,0
electricity_demand,es,nation,2020-06-19,657676.183,mwh,ree,2020-06-19,,2026-09-26,ok,0
electricity_demand,es,nation,2020-06-20,608254.976,mwh,ree,2020-06-20,,2026-09-26,ok,0
electricity_demand,es,nation,2020-06-21,572807.006,mwh,ree,2020-06-21,,2026-09-26,ok,0
electricity_demand,es,nation,2020-06-22,682963.291,mwh,ree,2020-06-22,,2026-09-26,ok,0
electricity_demand,es,nation,2020-06-23,706613.83,mwh,ree,2020-06-23,,2026-09-26,ok,0
electricity_demand,es,nation,2020-06-24,668203.326,mwh,ree,2020-06-24,,2026-09-26,ok,0
electricity_demand,es,nation,2020-06-25,711838.827,mwh,ree,2020-06-25,,2026-09-26,ok,0
electricity_demand,es,nation,2020-06-26,702221.428,mwh,ree,2020-06-26,,2026-09-26,ok,0
electricity_demand,es,nation,2020-06-27,638125.491,mwh,ree,2020-06-27,,2026-09-26,ok,0
electricity_demand,es,nation,2020-06-28,604144.564,mwh,ree,2020-06-28,,2026-09-26,ok,0
electricity_demand,es,nation,2020-06-29,723951.102,mwh,ree,2020-06-29,,2026-09-26,ok,0
electricity_demand,es,nation,2020-06-30,752302.735,mwh,ree,2020-06-30,,2026-09-26,ok,0
electricity_demand,es,nation,2020-07-01,763359.011,mwh,ree,2020-07-01,,2026-09-26,ok,0
electricity_demand,es,nation,2020-07-02,765790.102,mwh,ree,2020-07-02,,2026-09-26,ok,0
electricity_demand,es,nation,2020-07-03,735357.247,mwh,ree,2020-07-03,,2026-09-26,ok,0
electricity_demand,es,nation,2020-07-04,660713.186,mwh,ree,2020-07-04,,2026-09-26,ok,0
electricity_demand,es,nation,2020-07-05,626327.165,mwh,ree,2020-07-05,,2026-09-26,ok,0
electricity_demand,es,nation,2020-07-06,757299.096,mwh,ree,2020-07-06,,2026-09-26,ok,0
electricity_demand,es,nation,2020-07-07,780525.085,mwh,ree,2020-07-07,,2026-09-26,ok,0
electricity_demand,es,nation,2020-07-08,784566.99,mwh,ree,2020-07-08,,2026-09-26,ok,0
electricity_demand,es,nation,2020-07-09,771125.891,mwh,ree,2020-07-09,,2026-09-26,ok,0
electricity_demand,es,nation,2020-07-10,758878.105,mwh,ree,2020-07-10,,2026-09-26,ok,0
electricity_demand,es,nation,2020-07-11,690697.734,mwh,ree,2020-07-11,,2026-09-26,ok,0
electricity_demand,es,nation,2020-07-12,633135.072,mwh,ree,2020-07-12,,2026-09-26,ok,0
electricity_demand,es,nation,2020-07-13,752649.491,mwh,ree,2020-07-13,,2026-09-26,ok,0
electricity_demand,es,nation,2020-07-14,760459.038,mwh,ree,2020-07-14,,2026-09-26,ok,0
electricity_demand,es,nation,2020-07-15,756753.738,mwh,ree,2020-07-15,,2026-09-26,ok,0
electricity_demand,es,nation,2020-07-16,763067.312,mwh,ree,2020-07-16,,2026-09-26,ok,0
electricity_demand,es,nation,2020-07-17,760177.205,mwh,ree,2020-07-17,,2026-09-26,ok,0
electricity_demand,es,nation,2020-07-18,688716.516,mwh,ree,2020-07-18,,2026-09-26,ok,0
electricity_demand,es,nation,2020-07-19,644522.223,mwh,ree,2020-07-19,,2026-09-26,ok,0
electricity_demand,es,nation,2020-07-20,769330.38,mwh,ree,2020-07-20,,2026-09-26,ok,0
electricity_demand,es,nation,2020-07-21,785563.684,mwh,ree,2020-07-21,,2026-09-26,ok,0
electricity_demand,es,nation,2020-07-22,776667.953,mwh,ree,2020-07-22,,2026-09-26,ok,0
electricity_demand,es,nation,2020-07-23,789634.51,mwh,ree,2020-07-23,,2026-09-26,ok,0
electricity_demand,es,nation,2020-07-24,789089.65,mwh,ree,2020-07-24,,2026-09-26,ok,0
electricity_demand,es,nation,2020-07-25,704273.245,mwh,ree,2020-07-25,,2026-09-26,ok,0
electricity_demand,es,nation,2020-07-26,664179.618,mwh,ree,2020-07-26,,2026-09-26,ok,0
electricity_demand,es,nation,2020-07-27,794291.764,mwh,ree,2020-07-27,,2026-09-26,ok,0
electricity_demand,es,nation,2020-07-28,814337.543,mwh,ree,2020-07-28,,2026-09-26,ok,0
electricity_demand,es,nation,2020-07-29,817487.547,mwh,ree,2020-07-29,,2026-09-26,ok,0
electricity_demand,es,nation,2020-07-30,825275.946,mwh,ree,2020-07-30,,2026-09-26,ok,0
electricity_demand,es,nation,2020-07-31,810169.058,mwh,ree,2020-07-31,,2026-09-26,ok,0
electricity_demand,es,nation,2020-08-01,738269.153,mwh,ree,2020-08-01,,2026-09-26,ok,0
electricity_demand,es,nation,2020-08-02,673895.707,mwh,ree,2020-08-02,,2026-09-26,ok,0
electricity_demand,es,nation,2020-08-03,747511.864,mwh,ree,2020-08-03,,2026-09-26,ok,0
electricity_demand,es,nation,2020-08-04,751123.76,mwh,ree,2020-08-04,,2026-09-26,ok,0
electricity_demand,es,nation,2020-08-05,764126.717,mwh,ree,2020-08-05,,2026-09-26,ok,0
electricity_demand,es,nation,2020-08-06,776466.924,mwh,ree,2020-08-06,,2026-09-26,ok,0
electricity_demand,es,nation,2020-08-07,775393.905,mwh,ree,2020-08-07,,2026-09-26,ok,0
electricity_demand,es,nation,2020-08-08,700782.169,mwh,ree,2020-08-08,,2026-09-26,ok,0
electricity_demand,es,nation,2020-08-09,657269.503,mwh,ree,2020-08-09,,2026-09-26,ok,0
electricity_demand,es,nation,2020-08-10,738068.961,mwh,ree,2020-08-10,,2026-09-26,ok,0
electricity_demand,es,nation,2020-08-11,734500.01,mwh,ree,2020-08-11,,2026-09-26,ok,0
electricity_demand,es,nation,2020-08-12,712418.386,mwh,ree,2020-08-12,,2026-09-26,ok,0
electricity_demand,es,nation,2020-08-13,716219.241,mwh,ree,2020-08-13,,2026-09-26,ok,0
electricity_demand,es,nation,2020-08-14,710586.003,mwh,ree,2020-08-14,,2026-09-26,ok,0
electricity_demand,es,nation,2020-08-15,631293.617,mwh,ree,2020-08-15,,2026-09-26,ok,0
electricity_demand,es,nation,2020-08-16,591662.6,mwh,ree,2020-08-16,,2026-09-26,ok,0
electricity_demand,es,nation,2020-08-17,683923.907,mwh,ree,2020-08-17,,2026-09-26,ok,0
electricity_demand,es,nation,2020-08-18,708888.916,mwh,ree,2020-08-18,,2026-09-26,ok,0
electricity_demand,es,nation,2020-08-19,725675.863,mwh,ree,2020-08-19,,2026-09-26,ok,0
electricity_demand,es,nation,2020-08-20,729676.986,mwh,ree,2020-08-20,,2026-09-26,ok,0
electricity_demand,es,nation,2020-08-21,739080.574,mwh,ree,2020-08-21,,2026-09-26,ok,0
electricity_demand,es,nation,2020-08-22,676812.548,mwh,ree,2020-08-22,,2026-09-26,ok,0
electricity_demand,es,nation,2020-08-23,625384.861,mwh,ree,2020-08-23,,2026-09-26,ok,0
electricity_demand,es,nation,2020-08-24,733320.649,mwh,ree,2020-08-24,,2026-09-26,ok,0
electricity_demand,es,nation,2020-08-25,772384.724,mwh,ree,2020-08-25,,2026-09-26,ok,0
electricity_demand,es,nation,2020-08-26,791658.289,mwh,ree,2020-08-26,,2026-09-26,ok,0
electricity_demand,es,nation,2020-08-27,797890.754,mwh,ree,2020-08-27,,2026-09-26,ok,0
electricity_demand,es,nation,2020-08-28,773438.841,mwh,ree,2020-08-28,,2026-09-26,ok,0
electricity_demand,es,nation,2020-08-29,635866.109,mwh,ree,2020-08-29,,2026-09-26,ok,0
electricity_demand,es,nation,2020-08-30,572310.898,mwh,ree,2020-08-30,,2026-09-26,ok,0
electricity_demand,es,nation,2020-08-31,679208.909,mwh,ree,2020-08-31,,2026-09-26,ok,0
electricity_demand,es,nation,2020-09-01,700209.044,mwh,ree,2020-09-01,,2026-09-26,ok,0
electricity_demand,es,nation,2020-09-02,711095.786,mwh,ree,2020-09-02,,2026-09-26,ok,0
electricity_demand,es,nation,2020-09-03,719005.12,mwh,ree,2020-09-03,,2026-09-26,ok,0
electricity_demand,es,nation,2020-09-04,724580.748,mwh,ree,2020-09-04,,2026-09-26,ok,0
electricity_demand,es,nation,2020-09-05,653584.402,mwh,ree,2020-09-05,,2026-09-26,ok,0
electricity_demand,es,nation,2020-09-06,604081.335,mwh,ree,2020-09-06,,2026-09-26,ok,0
electricity_demand,es,nation,2020-09-07,696258.312,mwh,ree,2020-09-07,,2026-09-26,ok,0
electricity_demand,es,nation,2020-09-08,698100.318,mwh,ree,2020-09-08,,2026-09-26,ok,0
electricity_demand,es,nation,2020-09-09,718084.935,mwh,ree,2020-09-09,,2026-09-26,ok,0
electricity_demand,es,nation,2020-09-10,721372.797,mwh,ree,2020-09-10,,2026-09-26,ok,0
electricity_demand,es,nation,2020-09-11,698312.958,mwh,ree,2020-09-11,,2026-09-26,ok,0
electricity_demand,es,nation,2020-09-12,649165.551,mwh,ree,2020-09-12,,2026-09-26,ok,0
electricity_demand,es,nation,2020-09-13,605491.558,mwh,ree,2020-09-13,,2026-09-26,ok,0
electricity_demand,es,nation,2020-09-14,718980.488,mwh,ree,2020-09-14,,2026-09-26,ok,0
electricity_demand,es,nation,2020-09-15,740288.273,mwh,ree,2020-09-15,,2026-09-26,ok,0
electricity_demand,es,nation,2020-09-16,751556.717,mwh,ree,2020-09-16,,2026-09-26,ok,0
electricity_demand,es,nation,2020-09-17,740760.783,mwh,ree,2020-09-17,,2026-09-26,ok,0
electricity_demand,es,nation,2020-09-18,713829.456,mwh,ree,2020-09-18,,2026-09-26,ok,0
electricity_demand,es,nation,2020-09-19,627328.408,mwh,ree,2020-09-19,,2026-09-26,ok,0
electricity_demand,es,nation,2020-09-20,574171.087,mwh,ree,2020-09-20,,2026-09-26,ok,0
electricity_demand,es,nation,2020-09-21,683416.711,mwh,ree,2020-09-21,,2026-09-26,ok,0
electricity_demand,es,nation,2020-09-22,703840.984,mwh,ree,2020-09-22,,2026-09-26,ok,0
electricity_demand,es,nation,2020-09-23,712811.873,mwh,ree,2020-09-23,,2026-09-26,ok,0
electricity_demand,es,nation,2020-09-24,712997.199,mwh,ree,2020-09-24,,2026-09-26,ok,0
electricity_demand,es,nation,2020-09-25,691789.689,mwh,ree,2020-09-25,,2026-09-26,ok,0
electricity_demand,es,nation,2020-09-26,614309.972,mwh,ree,2020-09-26,,2026-09-26,ok,0
electricity_demand,es,nation,2020-09-27,568766.565,mwh,ree,2020-09-27,,2026-09-26,ok,0
electricity_demand,es,nation,2020-09-28,666559.06,mwh,ree,2020-09-28,,2026-09-26,ok,0
electricity_demand,es,nation,2020-09-29,686797.043,mwh,ree,2020-09-29,,2026-09-26,ok,0
electricity_demand,es,nation,2020-09-30,690962.671,mwh,ree,2020-09-30,,2026-09-26,ok,0
electricity_demand,es,nation,2020-10-01,700916.732,mwh,ree,2020-10-01,,2026-09-26,ok,0
electricity_demand,es,nation,2020-10-02,698403.756,mwh,ree,2020-10-02,,2026-09-26,ok,0
electricity_demand,es,nation,2020-10-03,612169.05,mwh,ree,2020-10-03,,2026-09-26,ok,0
electricity_demand,es,nation,2020-10-04,571636.922,mwh,ree,2020-10-04,,2026-09-26,ok,0
electricity_demand,es,nation,2020-10-05,673482.22,mwh,ree,2020-10-05,,2026-09-26,ok,0
electricity_demand,es,nation,2020-10-06,690894.896,mwh,ree,2020-10-06,,2026-09-26,ok,0
electricity_demand,es,nation,2020-10-07,699613.798,mwh,ree,2020-10-07,,2026-09-26,ok,0
electricity_demand,es,nation,2020-10-08,699215.554,mwh,ree,2020-10-08,,2026-09-26,ok,0
electricity_demand,es,nation,2020-10-09,679813.517,mwh,ree,2020-10-09,,2026-09-26,ok,0
electricity_demand,es,nation,2020-10-10,614331.962,mwh,ree,2020-10-10,,2026-09-26,ok,0
electricity_demand,es,nation,2020-10-11,563490.862,mwh,ree,2020-10-11,,2026-09-26,ok,0
electricity_demand,es,nation,2020-10-12,570701.026,mwh,ree,2020-10-12,,2026-09-26,ok,0
electricity_demand,es,nation,2020-10-13,673784.687,mwh,ree,2020-10-13,,2026-09-26,ok,0
electricity_demand,es,nation,2020-10-14,703005.757,mwh,ree,2020-10-14,,2026-09-26,ok,0
electricity_demand,es,nation,2020-10-15,709578.141,mwh,ree,2020-10-15,,2026-09-26,ok,0
electricity_demand,es,nation,2020-10-16,704019.681,mwh,ree,2020-10-16,,2026-09-26,ok,0
electricity_demand,es,nation,2020-10-17,631928.375,mwh,ree,2020-10-17,,2026-09-26,ok,0
electricity_demand,es,nation,2020-10-18,583351.177,mwh,ree,2020-10-18,,2026-09-26,ok,0
electricity_demand,es,nation,2020-10-19,687152.413,mwh,ree,2020-10-19,,2026-09-26,ok,0
electricity_demand,es,nation,2020-10-20,711714.9,mwh,ree,2020-10-20,,2026-09-26,ok,0
electricity_demand,es,nation,2020-10-21,707162.568,mwh,ree,2020-10-21,,2026-09-26,ok,0
electricity_demand,es,nation,2020-10-22,710357.203,mwh,ree,2020-10-22,,2026-09-26,ok,0
electricity_demand,es,nation,2020-10-23,696843.426,mwh,ree,2020-10-23,,2026-09-26,ok,0
electricity_demand,es,nation,2020-10-24,625382.417,mwh,ree,2020-10-24,,2026-09-26,ok,0
electricity_demand,es,nation,2020-10-25,606307.969,mwh,ree,2020-10-25,,2026-09-26,ok,0
electricity_demand,es,nation,2020-10-26,689553.095,mwh,ree,2020-10-26,,2026-09-26,ok,0
electricity_demand,es,nation,2020-10-27,714662.582,mwh,ree,2020-10-27,,2026-09-26,ok,0
electricity_demand,es,nation,2020-10-28,715705.336,mwh,ree,2020-10-28,,2026-09-26,ok,0
electricity_demand,es,nation,2020-10-29,715284.16,mwh,ree,2020-10-29,,2026-09-26,ok,0
electricity_demand,es,nation,2020-10-30,704726.127,mwh,ree,2020-10-30,,2026-09-26,ok,0
electricity_demand,es,nation,2020-10-31,628294.896,mwh,ree,2020-10-31,,2026-09-26,ok,0
electricity_demand,es,nation,2020-11-01,575075.028,mwh,ree,2020-11-01,,2026-09-26,ok,0
electricity_demand,es,nation,2020-11-02,647094.468,mwh,ree,2020-11-02,,2026-09-26,ok,0
electricity_demand,es,nation,2020-11-03,706154.584,mwh,ree,2020-11-03,,2026-09-26,ok,0
electricity_demand,es,nation,2020-11-04,728814.878,mwh,ree,2020-11-04,,2026-09-26,ok,0
electricity_demand,es,nation,2020-11-05,724766.756,mwh,ree,2020-11-05,,2026-09-26,ok,0
electricity_demand,es,nation,2020-11-06,710624.719,mwh,ree,2020-11-06,,2026-09-26,ok,0
electricity_demand,es,nation,2020-11-07,635069.873,mwh,ree,2020-11-07,,2026-09-26,ok,0
electricity_demand,es,nation,2020-11-08,585653.269,mwh,ree,2020-11-08,,2026-09-26,ok,0
electricity_demand,es,nation,2020-11-09,688061.521,mwh,ree,2020-11-09,,2026-09-26,ok,0
electricity_demand,es,nation,2020-11-10,711586.135,mwh,ree,2020-11-10,,2026-09-26,ok,0
electricity_demand,es,nation,2020-11-11,718173.294,mwh,ree,2020-11-11,,2026-09-26,ok,0
electricity_demand,es,nation,2020-11-12,717880.631,mwh,ree,2020-11-12,,2026-09-26,ok,0
electricity_demand,es,nation,2020-11-13,713264.969,mwh,ree,2020-11-13,,2026-09-26,ok,0
electricity_demand,es,nation,2020-11-14,641465.596,mwh,ree,2020-11-14,,2026-09-26,ok,0
electricity_demand,es,nation,2020-11-15,585947.032,mwh,ree,2020-11-15,,2026-09-26,ok,0
electricity_demand,es,nation,2020-11-16,693236.68,mwh,ree,2020-11-16,,2026-09-26,ok,0
electricity_demand,es,nation,2020-11-17,712862.51,mwh,ree,2020-11-17,,2026-09-26,ok,0
electricity_demand,es,nation,2020-11-18,718214.566,mwh,ree,2020-11-18,,2026-09-26,ok,0
electricity_demand,es,nation,2020-11-19,718299.945,mwh,ree,2020-11-19,,2026-09-26,ok,0
electricity_demand,es,nation,2020-11-20,716666.871,mwh,ree,2020-11-20,,2026-09-26,ok,0
electricity_demand,es,nation,2020-11-21,645094.568,mwh,ree,2020-11-21,,2026-09-26,ok,0
electricity_demand,es,nation,2020-11-22,605990.942,mwh,ree,2020-11-22,,2026-09-26,ok,0
electricity_demand,es,nation,2020-11-23,728188.952,mwh,ree,2020-11-23,,2026-09-26,ok,0
electricity_demand,es,nation,2020-11-24,757498.853,mwh,ree,2020-11-24,,2026-09-26,ok,0
electricity_demand,es,nation,2020-11-25,765268.18,mwh,ree,2020-11-25,,2026-09-26,ok,0
electricity_demand,es,nation,2020-11-26,766690.677,mwh,ree,2020-11-26,,2026-09-26,ok,0
electricity_demand,es,nation,2020-11-27,751489.82,mwh,ree,2020-11-27,,2026-09-26,ok,0
electricity_demand,es,nation,2020-11-28,667627.721,mwh,ree,2020-11-28,,2026-09-26,ok,0
electricity_demand,es,nation,2020-11-29,624731.773,mwh,ree,2020-11-29,,2026-09-26,ok,0
electricity_demand,es,nation,2020-11-30,737071.712,mwh,ree,2020-11-30,,2026-09-26,ok,0
electricity_demand,es,nation,2020-12-01,753620.849,mwh,ree,2020-12-01,,2026-09-26,ok,0
electricity_demand,es,nation,2020-12-02,768634.956,mwh,ree,2020-12-02,,2026-09-26,ok,0
electricity_demand,es,nation,2020-12-03,784315.168,mwh,ree,2020-12-03,,2026-09-26,ok,0
electricity_demand,es,nation,2020-12-04,790382.104,mwh,ree,2020-12-04,,2026-09-26,ok,0
electricity_demand,es,nation,2020-12-05,723627.58,mwh,ree,2020-12-05,,2026-09-26,ok,0
electricity_demand,es,nation,2020-12-06,676303,mwh,ree,2020-12-06,,2026-09-26,ok,0
electricity_demand,es,nation,2020-12-07,712656.602,mwh,ree,2020-12-07,,2026-09-26,ok,0
electricity_demand,es,nation,2020-12-08,693433.293,mwh,ree,2020-12-08,,2026-09-26,ok,0
electricity_demand,es,nation,2020-12-09,804018.806,mwh,ree,2020-12-09,,2026-09-26,ok,0
electricity_demand,es,nation,2020-12-10,807771.695,mwh,ree,2020-12-10,,2026-09-26,ok,0
electricity_demand,es,nation,2020-12-11,783766.293,mwh,ree,2020-12-11,,2026-09-26,ok,0
electricity_demand,es,nation,2020-12-12,686510.161,mwh,ree,2020-12-12,,2026-09-26,ok,0
electricity_demand,es,nation,2020-12-13,644286.586,mwh,ree,2020-12-13,,2026-09-26,ok,0
electricity_demand,es,nation,2020-12-14,759517.717,mwh,ree,2020-12-14,,2026-09-26,ok,0
electricity_demand,es,nation,2020-12-15,766794.634,mwh,ree,2020-12-15,,2026-09-26,ok,0
electricity_demand,es,nation,2020-12-16,780348.751,mwh,ree,2020-12-16,,2026-09-26,ok,0
electricity_demand,es,nation,2020-12-17,778470.844,mwh,ree,2020-12-17,,2026-09-26,ok,0
electricity_demand,es,nation,2020-12-18,776174.524,mwh,ree,2020-12-18,,2026-09-26,ok,0
electricity_demand,es,nation,2020-12-19,697945.808,mwh,ree,2020-12-19,,2026-09-26,ok,0
electricity_demand,es,nation,2020-12-20,646840.581,mwh,ree,2020-12-20,,2026-09-26,ok,0
electricity_demand,es,nation,2020-12-21,750406.82,mwh,ree,2020-12-21,,2026-09-26,ok,0
electricity_demand,es,nation,2020-12-22,750081.066,mwh,ree,2020-12-22,,2026-09-26,ok,0
electricity_demand,es,nation,2020-12-23,727706.624,mwh,ree,2020-12-23,,2026-09-26,ok,0
electricity_demand,es,nation,2020-12-24,643648.623,mwh,ree,2020-12-24,,2026-09-26,ok,0
electricity_demand,es,nation,2020-12-25,570771.924,mwh,ree,2020-12-25,,2026-09-26,ok,0
electricity_demand,es,nation,2020-12-26,635755.792,mwh,ree,2020-12-26,,2026-09-26,ok,0
electricity_demand,es,nation,2020-12-27,646699.546,mwh,ree,2020-12-27,,2026-09-26,ok,0
electricity_demand,es,nation,2020-12-28,724357.078,mwh,ree,2020-12-28,,2026-09-26,ok,0
electricity_demand,es,nation,2020-12-29,732115.459,mwh,ree,2020-12-29,,2026-09-26,ok,0
electricity_demand,es,nation,2020-12-30,734283.124,mwh,ree,2020-12-30,,2026-09-26,ok,0
electricity_demand,es,nation,2020-12-31,687715.588,mwh,ree,2020-12-31,,2026-09-26,ok,0
electricity_demand,es,nation,2021-01-01,608715.931,mwh,ree,2021-01-01,,2026-09-26,ok,0
electricity_demand,es,nation,2021-01-02,680432.407,mwh,ree,2021-01-02,,2026-09-26,ok,0
electricity_demand,es,nation,2021-01-03,684489.215,mwh,ree,2021-01-03,,2026-09-26,ok,0
electricity_demand,es,nation,2021-01-04,793625.993,mwh,ree,2021-01-04,,2026-09-26,ok,0
electricity_demand,es,nation,2021-01-05,806588.156,mwh,ree,2021-01-05,,2026-09-26,ok,0
electricity_demand,es,nation,2021-01-06,700144.564,mwh,ree,2021-01-06,,2026-09-26,ok,0
electricity_demand,es,nation,2021-01-07,854323.166,mwh,ree,2021-01-07,,2026-09-26,ok,0
electricity_demand,es,nation,2021-01-08,872357.353,mwh,ree,2021-01-08,,2026-09-26,ok,0
electricity_demand,es,nation,2021-01-09,773296.979,mwh,ree,2021-01-09,,2026-09-26,ok,0
electricity_demand,es,nation,2021-01-10,735647.962,mwh,ree,2021-01-10,,2026-09-26,ok,0
electricity_demand,es,nation,2021-01-11,851740.825,mwh,ree,2021-01-11,,2026-09-26,ok,0
electricity_demand,es,nation,2021-01-12,875118.684,mwh,ree,2021-01-12,,2026-09-26,ok,0
electricity_demand,es,nation,2021-01-13,874914.272,mwh,ree,2021-01-13,,2026-09-26,ok,0
electricity_demand,es,nation,2021-01-14,873577.23,mwh,ree,2021-01-14,,2026-09-26,ok,0
electricity_demand,es,nation,2021-01-15,859355.795,mwh,ree,2021-01-15,,2026-09-26,ok,0
electricity_demand,es,nation,2021-01-16,765002.342,mwh,ree,2021-01-16,,2026-09-26,ok,0
electricity_demand,es,nation,2021-01-17,708974.301,mwh,ree,2021-01-17,,2026-09-26,ok,0
electricity_demand,es,nation,2021-01-18,827619.581,mwh,ree,2021-01-18,,2026-09-26,ok,0
electricity_demand,es,nation,2021-01-19,846116.609,mwh,ree,2021-01-19,,2026-09-26,ok,0
electricity_demand,es,nation,2021-01-20,850299.079,mwh,ree,2021-01-20,,2026-09-26,ok,0
electricity_demand,es,nation,2021-01-21,817647.661,mwh,ree,2021-01-21,,2026-09-26,ok,0
electricity_demand,es,nation,2021-01-22,794514.658,mwh,ree,2021-01-22,,2026-09-26,ok,0
electricity_demand,es,nation,2021-01-23,719510.829,mwh,ree,2021-01-23,,2026-09-26,ok,0
electricity_demand,es,nation,2021-01-24,655028.547,mwh,ree,2021-01-24,,2026-09-26,ok,0
electricity_demand,es,nation,2021-01-25,775155.263,mwh,ree,2021-01-25,,2026-09-26,ok,0
electricity_demand,es,nation,2021-01-26,770796.102,mwh,ree,2021-01-26,,2026-09-26,ok,0
electricity_demand,es,nation,2021-01-27,753321.62,mwh,ree,2021-01-27,,2026-09-26,ok,0
electricity_demand,es,nation,2021-01-28,744101.186,mwh,ree,2021-01-28,,2026-09-26,ok,0
electricity_demand,es,nation,2021-01-29,733183.947,mwh,ree,2021-01-29,,2026-09-26,ok,0
electricity_demand,es,nation,2021-01-30,672206.563,mwh,ree,2021-01-30,,2026-09-26,ok,0
electricity_demand,es,nation,2021-01-31,631678.074,mwh,ree,2021-01-31,,2026-09-26,ok,0
electricity_demand,es,nation,2021-02-01,725308.41,mwh,ree,2021-02-01,,2026-09-26,ok,0
electricity_demand,es,nation,2021-02-02,742016.165,mwh,ree,2021-02-02,,2026-09-26,ok,0
electricity_demand,es,nation,2021-02-03,744032.692,mwh,ree,2021-02-03,,2026-09-26,ok,0
electricity_demand,es,nation,2021-02-04,742410.917,mwh,ree,2021-02-04,,2026-09-26,ok,0
electricity_demand,es,nation,2021-02-05,742180.511,mwh,ree,2021-02-05,,2026-09-26,ok,0
electricity_demand,es,nation,2021-02-06,673202.889,mwh,ree,2021-02-06,,2026-09-26,ok,0
electricity_demand,es,nation,2021-02-07,635184.428,mwh,ree,2021-02-07,,2026-09-26,ok,0
electricity_demand,es,nation,2021-02-08,757811.118,mwh,ree,2021-02-08,,2026-09-26,ok,0
electricity_demand,es,nation,2021-02-09,789357.66,mwh,ree,2021-02-09,,2026-09-26,ok,0
electricity_demand,es,nation,2021-02-10,767889.956,mwh,ree,2021-02-10,,2026-09-26,ok,0
electricity_demand,es,nation,2021-02-11,757949.224,mwh,ree,2021-02-11,,2026-09-26,ok,0
electricity_demand,es,nation,2021-02-12,744944.86,mwh,ree,2021-02-12,,2026-09-26,ok,0
electricity_demand,es,nation,2021-02-13,664031.439,mwh,ree,2021-02-13,,2026-09-26,ok,0
electricity_demand,es,nation,2021-02-14,627377.64,mwh,ree,2021-02-14,,2026-09-26,ok,0
electricity_demand,es,nation,2021-02-15,743811.335,mwh,ree,2021-02-15,,2026-09-26,ok,0
electricity_demand,es,nation,2021-02-16,751446.91,mwh,ree,2021-02-16,,2026-09-26,ok,0
electricity_demand,es,nation,2021-02-17,752695.056,mwh,ree,2021-02-17,,2026-09-26,ok,0
electricity_demand,es,nation,2021-02-18,754962.027,mwh,ree,2021-02-18,,2026-09-26,ok,0
electricity_demand,es,nation,2021-02-19,749031.191,mwh,ree,2021-02-19,,2026-09-26,ok,0
electricity_demand,es,nation,2021-02-20,667785.4,mwh,ree,2021-02-20,,2026-09-26,ok,0
electricity_demand,es,nation,2021-02-21,636820.402,mwh,ree,2021-02-21,,2026-09-26,ok,0
electricity_demand,es,nation,2021-02-22,743317.962,mwh,ree,2021-02-22,,2026-09-26,ok,0
electricity_demand,es,nation,2021-02-23,750925.914,mwh,ree,2021-02-23,,2026-09-26,ok,0
electricity_demand,es,nation,2021-02-24,747390.312,mwh,ree,2021-02-24,,2026-09-26,ok,0
electricity_demand,es,nation,2021-02-25,744810.272,mwh,ree,2021-02-25,,2026-09-26,ok,0
electricity_demand,es,nation,2021-02-26,740017.479,mwh,ree,2021-02-26,,2026-09-26,ok,0
electricity_demand,es,nation,2021-02-27,664275.565,mwh,ree,2021-02-27,,2026-09-26,ok,0
electricity_demand,es,nation,2021-02-28,621167.542,mwh,ree,2021-02-28,,2026-09-26,ok,0
electricity_demand,es,nation,2021-03-01,730802.101,mwh,ree,2021-03-01,,2026-09-26,ok,0
electricity_demand,es,nation,2021-03-02,749835.836,mwh,ree,2021-03-02,,2026-09-26,ok,0
electricity_demand,es,nation,2021-03-03,744167.225,mwh,ree,2021-03-03,,2026-09-26,ok,0
electricity_demand,es,nation,2021-03-04,740268.037,mwh,ree,2021-03-04,,2026-09-26,ok,0
electricity_demand,es,nation,2021-03-05,735724.58,mwh,ree,2021-03-05,,2026-09-26,ok,0
electricity_demand,es,nation,2021-03-06,658451.851,mwh,ree,2021-03-06,,2026-09-26,ok,0
electricity_demand,es,nation,2021-03-07,622685.66,mwh,ree,2021-03-07,,2026-09-26,ok,0
electricity_demand,es,nation,2021-03-08,742936.38,mwh,ree,2021-03-08,,2026-09-26,ok,0
electricity_demand,es,nation,2021-03-09,758352.519,mwh,ree,2021-03-09,,2026-09-26,ok,0
electricity_demand,es,nation,2021-03-10,750796.647,mwh,ree,2021-03-10,,2026-09-26,ok,0
electricity_demand,es,nation,2021-03-11,739481.269,mwh,ree,2021-03-11,,2026-09-26,ok,0
electricity_demand,es,nation,2021-03-12,729092.448,mwh,ree,2021-03-12,,2026-09-26,ok,0
electricity_demand,es,nation,2021-03-13,646301.497,mwh,ree,2021-03-13,,2026-09-26,ok,0
electricity_demand,es,nation,2021-03-14,606540.412,mwh,ree,2021-03-14,,2026-09-26,ok,0
electricity_demand,es,nation,2021-03-15,719293.522,mwh,ree,2021-03-15,,2026-09-26,ok,0
electricity_demand,es,nation,2021-03-16,732005.026,mwh,ree,2021-03-16,,2026-09-26,ok,0
electricity_demand,es,nation,2021-03-17,729775.728,mwh,ree,2021-03-17,,2026-09-26,ok,0
electricity_demand,es,nation,2021-03-18,741473.221,mwh,ree,2021-03-18,,2026-09-26,ok,0
electricity_demand,es,nation,2021-03-19,706043.651,mwh,ree,2021-03-19,,2026-09-26,ok,0
electricity_demand,es,nation,2021-03-20,670497.641,mwh,ree,2021-03-20,,2026-09-26,ok,0
electricity_demand,es,nation,2021-03-21,630102.703,mwh,ree,2021-03-21,,2026-09-26,ok,0
electricity_demand,es,nation,2021-03-22,735080.366,mwh,ree,2021-03-22,,2026-09-26,ok,0
electricity_demand,es,nation,2021-03-23,739437.425,mwh,ree,2021-03-23,,2026-09-26,ok,0
electricity_demand,es,nation,2021-03-24,731621.692,mwh,ree,2021-03-24,,2026-09-26,ok,0
electricity_demand,es,nation,2021-03-25,726346.417,mwh,ree,2021-03-25,,2026-09-26,ok,0
electricity_demand,es,nation,2021-03-26,719331.777,mwh,ree,2021-03-26,,2026-09-26,ok,0
electricity_demand,es,nation,2021-03-27,648466.535,mwh,ree,2021-03-27,,2026-09-26,ok,0
electricity_demand,es,nation,2021-03-28,571635.074,mwh,ree,2021-03-28,,2026-09-26,ok,0
electricity_demand,es,nation,2021-03-29,691559.272,mwh,ree,2021-03-29,,2026-09-26,ok,0
electricity_demand,es,nation,2021-03-30,695256.722,mwh,ree,2021-03-30,,2026-09-26,ok,0
electricity_demand,es,nation,2021-03-31,679687.653,mwh,ree,2021-03-31,,2026-09-26,ok,0
electricity_demand,es,nation,2021-04-01,603780.936,mwh,ree,2021-04-01,,2026-09-26,ok,0
electricity_demand,es,nation,2021-04-02,558137.662,mwh,ree,2021-04-02,,2026-09-26,ok,0
electricity_demand,es,nation,2021-04-03,577877.662,mwh,ree,2021-04-03,,2026-09-26,ok,0
electricity_demand,es,nation,2021-04-04,551346.366,mwh,ree,2021-04-04,,2026-09-26,ok,0
electricity_demand,es,nation,2021-04-05,604043.925,mwh,ree,2021-04-05,,2026-09-26,ok,0
electricity_demand,es,nation,2021-04-06,678937.062,mwh,ree,2021-04-06,,2026-09-26,ok,0
electricity_demand,es,nation,2021-04-07,706832.348,mwh,ree,2021-04-07,,2026-09-26,ok,0
electricity_demand,es,nation,2021-04-08,711274.992,mwh,ree,2021-04-08,,2026-09-26,ok,0
electricity_demand,es,nation,2021-04-09,713789.777,mwh,ree,2021-04-09,,2026-09-26,ok,0
electricity_demand,es,nation,2021-04-10,641313.52,mwh,ree,2021-04-10,,2026-09-26,ok,0
electricity_demand,es,nation,2021-04-11,594071.686,mwh,ree,2021-04-11,,2026-09-26,ok,0
electricity_demand,es,nation,2021-04-12,692941.728,mwh,ree,2021-04-12,,2026-09-26,ok,0
electricity_demand,es,nation,2021-04-13,717396.928,mwh,ree,2021-04-13,,2026-09-26,ok,0
electricity_demand,es,nation,2021-04-14,716654.185,mwh,ree,2021-04-14,,2026-09-26,ok,0
electricity_demand,es,nation,2021-04-15,722238.709,mwh,ree,2021-04-15,,2026-09-26,ok,0
electricity_demand,es,nation,2021-04-16,713583.273,mwh,ree,2021-04-16,,2026-09-26,ok,0
electricity_demand,es,nation,2021-04-17,642865.34,mwh,ree,2021-04-17,,2026-09-26,ok,0
electricity_demand,es,nation,2021-04-18,593293.117,mwh,ree,2021-04-18,,2026-09-26,ok,0
electricity_demand,es,nation,2021-04-19,697833.818,mwh,ree,2021-04-19,,2026-09-26,ok,0
electricity_demand,es,nation,2021-04-20,709788.735,mwh,ree,2021-04-20,,2026-09-26,ok,0
electricity_demand,es,nation,2021-04-21,710848.815,mwh,ree,2021-04-21,,2026-09-26,ok,0
electricity_demand,es,nation,2021-04-22,713242.666,mwh,ree,2021-04-22,,2026-09-26,ok,0
electricity_demand,es,nation,2021-04-23,685398.678,mwh,ree,2021-04-23,,2026-09-26,ok,0
electricity_demand,es,nation,2021-04-24,620321.236,mwh,ree,2021-04-24,,2026-09-26,ok,0
electricity_demand,es,nation,2021-04-25,584849.257,mwh,ree,2021-04-25,,2026-09-26,ok,0
electricity_demand,es,nation,2021-04-26,689249.537,mwh,ree,2021-04-26,,2026-09-26,ok,0
electricity_demand,es,nation,2021-04-27,703092.56,mwh,ree,2021-04-27,,2026-09-26,ok,0
electricity_demand,es,nation,2021-04-28,698342.061,mwh,ree,2021-04-28,,2026-09-26,ok,0
electricity_demand,es,nation,2021-04-29,697918.72,mwh,ree,2021-04-29,,2026-09-26,ok,0
electricity_demand,es,nation,2021-04-30,688956.526,mwh,ree,2021-04-30,,2026-09-26,ok,0
electricity_demand,es,nation,2021-05-01,577472.256,mwh,ree,2021-05-01,,2026-09-26,ok,0
electricity_demand,es,nation,2021-05-02,559173.805,mwh,ree,2021-05-02,,2026-09-26,ok,0
electricity_demand,es,nation,2021-05-03,667365.198,mwh,ree,2021-05-03,,2026-09-26,ok,0
electricity_demand,es,nation,2021-05-04,689998.019,mwh,ree,2021-05-04,,2026-09-26,ok,0
electricity_demand,es,nation,2021-05-05,690651.1,mwh,ree,2021-05-05,,2026-09-26,ok,0
electricity_demand,es,nation,2021-05-06,689028.329,mwh,ree,2021-05-06,,2026-09-26,ok,0
electricity_demand,es,nation,2021-05-07,681399.427,mwh,ree,2021-05-07,,2026-09-26,ok,0
electricity_demand,es,nation,2021-05-08,612800.041,mwh,ree,2021-05-08,,2026-09-26,ok,0
electricity_demand,es,nation,2021-05-09,573950.672,mwh,ree,2021-05-09,,2026-09-26,ok,0
electricity_demand,es,nation,2021-05-10,672517.486,mwh,ree,2021-05-10,,2026-09-26,ok,0
electricity_demand,es,nation,2021-05-11,690260.839,mwh,ree,2021-05-11,,2026-09-26,ok,0
electricity_demand,es,nation,2021-05-12,696396.062,mwh,ree,2021-05-12,,2026-09-26,ok,0
electricity_demand,es,nation,2021-05-13,695282.254,mwh,ree,2021-05-13,,2026-09-26,ok,0
electricity_demand,es,nation,2021-05-14,688397.416,mwh,ree,2021-05-14,,2026-09-26,ok,0
electricity_demand,es,nation,2021-05-15,622863.597,mwh,ree,2021-05-15,,2026-09-26,ok,0
electricity_demand,es,nation,2021-05-16,580577.79,mwh,ree,2021-05-16,,2026-09-26,ok,0
electricity_demand,es,nation,2021-05-17,668878.06,mwh,ree,2021-05-17,,2026-09-26,ok,0
electricity_demand,es,nation,2021-05-18,696787.021,mwh,ree,2021-05-18,,2026-09-26,ok,0
electricity_demand,es,nation,2021-05-19,698169.314,mwh,ree,2021-05-19,,2026-09-26,ok,0
electricity_demand,es,nation,2021-05-20,697758.698,mwh,ree,2021-05-20,,2026-09-26,ok,0
electricity_demand,es,nation,2021-05-21,691966.356,mwh,ree,2021-05-21,,2026-09-26,ok,0
electricity_demand,es,nation,2021-05-22,621633.202,mwh,ree,2021-05-22,,2026-09-26,ok,0
electricity_demand,es,nation,2021-05-23,574180.28,mwh,ree,2021-05-23,,2026-09-26,ok,0
electricity_demand,es,nation,2021-05-24,659025.584,mwh,ree,2021-05-24,,2026-09-26,ok,0
electricity_demand,es,nation,2021-05-25,687452.59,mwh,ree,2021-05-25,,2026-09-26,ok,0
electricity_demand,es,nation,2021-05-26,692338.143,mwh,ree,2021-05-26,,2026-09-26,ok,0
electricity_demand,es,nation,2021-05-27,694593.137,mwh,ree,2021-05-27,,2026-09-26,ok,0
electricity_demand,es,nation,2021-05-28,687217.66,mwh,ree,2021-05-28,,2026-09-26,ok,0
electricity_demand,es,nation,2021-05-29,625581.869,mwh,ree,2021-05-29,,2026-09-26,ok,0
electricity_demand,es,nation,2021-05-30,579605.519,mwh,ree,2021-05-30,,2026-09-26,ok,0
electricity_demand,es,nation,2021-05-31,683327.24,mwh,ree,2021-05-31,,2026-09-26,ok,0
electricity_demand,es,nation,2021-06-01,696048.627,mwh,ree,2021-06-01,,2026-09-26,ok,0
electricity_demand,es,nation,2021-06-02,700505.017,mwh,ree,2021-06-02,,2026-09-26,ok,0
electricity_demand,es,nation,2021-06-03,698600.649,mwh,ree,2021-06-03,,2026-09-26,ok,0
electricity_demand,es,nation,2021-06-04,692965.661,mwh,ree,2021-06-04,,2026-09-26,ok,0
electricity_demand,es,nation,2021-06-05,622988.965,mwh,ree,2021-06-05,,2026-09-26,ok,0
electricity_demand,es,nation,2021-06-06,576739.713,mwh,ree,2021-06-06,,2026-09-26,ok,0
electricity_demand,es,nation,2021-06-07,687687.127,mwh,ree,2021-06-07,,2026-09-26,ok,0
electricity_demand,es,nation,2021-06-08,719311.181,mwh,ree,2021-06-08,,2026-09-26,ok,0
electricity_demand,es,nation,2021-06-09,727998.479,mwh,ree,2021-06-09,,2026-09-26,ok,0
electricity_demand,es,nation,2021-06-10,739161.249,mwh,ree,2021-06-10,,2026-09-26,ok,0
electricity_demand,es,nation,2021-06-11,732773.334,mwh,ree,2021-06-11,,2026-09-26,ok,0
electricity_demand,es,nation,2021-06-12,663407.333,mwh,ree,2021-06-12,,2026-09-26,ok,0
electricity_demand,es,nation,2021-06-13,616205.06,mwh,ree,2021-06-13,,2026-09-26,ok,0
electricity_demand,es,nation,2021-06-14,737903.439,mwh,ree,2021-06-14,,2026-09-26,ok,0
electricity_demand,es,nation,2021-06-15,759440.415,mwh,ree,2021-06-15,,2026-09-26,ok,0
electricity_demand,es,nation,2021-06-16,755302.693,mwh,ree,2021-06-16,,2026-09-26,ok,0
electricity_demand,es,nation,2021-06-17,732968.196,mwh,ree,2021-06-17,,2026-09-26,ok,0
electricity_demand,es,nation,2021-06-18,720620.28,mwh,ree,2021-06-18,,2026-09-26,ok,0
electricity_demand,es,nation,2021-06-19,646908.276,mwh,ree,2021-06-19,,2026-09-26,ok,0
electricity_demand,es,nation,2021-06-20,594444.33,mwh,ree,2021-06-20,,2026-09-26,ok,0
electricity_demand,es,nation,2021-06-21,695310.81,mwh,ree,2021-06-21,,2026-09-26,ok,0
electricity_demand,es,nation,2021-06-22,710395.742,mwh,ree,2021-06-22,,2026-09-26,ok,0
electricity_demand,es,nation,2021-06-23,701339.201,mwh,ree,2021-06-23,,2026-09-26,ok,0
electricity_demand,es,nation,2021-06-24,667378.472,mwh,ree,2021-06-24,,2026-09-26,ok,0
electricity_demand,es,nation,2021-06-25,694493.443,mwh,ree,2021-06-25,,2026-09-26,ok,0
electricity_demand,es,nation,2021-06-26,651121.08,mwh,ree,2021-06-26,,2026-09-26,ok,0
electricity_demand,es,nation,2021-06-27,606935.474,mwh,ree,2021-06-27,,2026-09-26,ok,0
electricity_demand,es,nation,2021-06-28,706509.225,mwh,ree,2021-06-28,,2026-09-26,ok,0
electricity_demand,es,nation,2021-06-29,727913.028,mwh,ree,2021-06-29,,2026-09-26,ok,0
electricity_demand,es,nation,2021-06-30,744980.042,mwh,ree,2021-06-30,,2026-09-26,ok,0
electricity_demand,es,nation,2021-07-01,745646.823,mwh,ree,2021-07-01,,2026-09-26,ok,0
electricity_demand,es,nation,2021-07-02,751071.94,mwh,ree,2021-07-02,,2026-09-26,ok,0
electricity_demand,es,nation,2021-07-03,686746.086,mwh,ree,2021-07-03,,2026-09-26,ok,0
electricity_demand,es,nation,2021-07-04,645197.787,mwh,ree,2021-07-04,,2026-09-26,ok,0
electricity_demand,es,nation,2021-07-05,756482.667,mwh,ree,2021-07-05,,2026-09-26,ok,0
electricity_demand,es,nation,2021-07-06,765521.607,mwh,ree,2021-07-06,,2026-09-26,ok,0
electricity_demand,es,nation,2021-07-07,749498.243,mwh,ree,2021-07-07,,2026-09-26,ok,0
electricity_demand,es,nation,2021-07-08,743139.951,mwh,ree,2021-07-08,,2026-09-26,ok,0
electricity_demand,es,nation,2021-07-09,749361.516,mwh,ree,2021-07-09,,2026-09-26,ok,0
electricity_demand,es,nation,2021-07-10,698499.464,mwh,ree,2021-07-10,,2026-09-26,ok,0
electricity_demand,es,nation,2021-07-11,662579.088,mwh,ree,2021-07-11,,2026-09-26,ok,0
electricity_demand,es,nation,2021-07-12,763113.617,mwh,ree,2021-07-12,,2026-09-26,ok,0
electricity_demand,es,nation,2021-07-13,739886.353,mwh,ree,2021-07-13,,2026-09-26,ok,0
electricity_demand,es,nation,2021-07-14,742631.422,mwh,ree,2021-07-14,,2026-09-26,ok,0
electricity_demand,es,nation,2021-07-15,749381.936,mwh,ree,2021-07-15,,2026-09-26,ok,0
electricity_demand,es,nation,2021-07-16,755786.802,mwh,ree,2021-07-16,,2026-09-26,ok,0
electricity_demand,es,nation,2021-07-17,703589.58,mwh,ree,2021-07-17,,2026-09-26,ok,0
electricity_demand,es,nation,2021-07-18,657129.066,mwh,ree,2021-07-18,,2026-09-26,ok,0
electricity_demand,es,nation,2021-07-19,770181.187,mwh,ree,2021-07-19,,2026-09-26,ok,0
electricity_demand,es,nation,2021-07-20,786064.039,mwh,ree,2021-07-20,,2026-09-26,ok,0
electricity_demand,es,nation,2021-07-21,796392.983,mwh,ree,2021-07-21,,2026-09-26,ok,0
electricity_demand,es,nation,2021-07-22,807661.031,mwh,ree,2021-07-22,,2026-09-26,ok,0
electricity_demand,es,nation,2021-07-23,801290.966,mwh,ree,2021-07-23,,2026-09-26,ok,0
electricity_demand,es,nation,2021-07-24,708875.188,mwh,ree,2021-07-24,,2026-09-26,ok,0
electricity_demand,es,nation,2021-07-25,647414.033,mwh,ree,2021-07-25,,2026-09-26,ok,0
electricity_demand,es,nation,2021-07-26,741788.852,mwh,ree,2021-07-26,,2026-09-26,ok,0
electricity_demand,es,nation,2021-07-27,764664.988,mwh,ree,2021-07-27,,2026-09-26,ok,0
electricity_demand,es,nation,2021-07-28,777471.567,mwh,ree,2021-07-28,,2026-09-26,ok,0
electricity_demand,es,nation,2021-07-29,786049.111,mwh,ree,2021-07-29,,2026-09-26,ok,0
electricity_demand,es,nation,2021-07-30,780535.725,mwh,ree,2021-07-30,,2026-09-26,ok,0
electricity_demand,es,nation,2021-07-31,688602.143,mwh,ree,2021-07-31,,2026-09-26,ok,0
electricity_demand,es,nation,2021-08-01,610030.071,mwh,ree,2021-08-01,,2026-09-26,ok,0
electricity_demand,es,nation,2021-08-02,692296.539,mwh,ree,2021-08-02,,2026-09-26,ok,0
electricity_demand,es,nation,2021-08-03,716478.894,mwh,ree,2021-08-03,,2026-09-26,ok,0
electricity_demand,es,nation,2021-08-04,726929.59,mwh,ree,2021-08-04,,2026-09-26,ok,0
electricity_demand,es,nation,2021-08-05,737222.091,mwh,ree,2021-08-05,,2026-09-26,ok,0
electricity_demand,es,nation,2021-08-06,733401.456,mwh,ree,2021-08-06,,2026-09-26,ok,0
electricity_demand,es,nation,2021-08-07,676412.684,mwh,ree,2021-08-07,,2026-09-26,ok,0
electricity_demand,es,nation,2021-08-08,615001.22,mwh,ree,2021-08-08,,2026-09-26,ok,0
electricity_demand,es,nation,2021-08-09,688277.519,mwh,ree,2021-08-09,,2026-09-26,ok,0
electricity_demand,es,nation,2021-08-10,712411.101,mwh,ree,2021-08-10,,2026-09-26,ok,0
electricity_demand,es,nation,2021-08-11,735965.665,mwh,ree,2021-08-11,,2026-09-26,ok,0
electricity_demand,es,nation,2021-08-12,755611.095,mwh,ree,2021-08-12,,2026-09-26,ok,0
electricity_demand,es,nation,2021-08-13,762760.446,mwh,ree,2021-08-13,,2026-09-26,ok,0
electricity_demand,es,nation,2021-08-14,734160.936,mwh,ree,2021-08-14,,2026-09-26,ok,0
electricity_demand,es,nation,2021-08-15,692750.878,mwh,ree,2021-08-15,,2026-09-26,ok,0
electricity_demand,es,nation,2021-08-16,734676.191,mwh,ree,2021-08-16,,2026-09-26,ok,0
electricity_demand,es,nation,2021-08-17,734157.383,mwh,ree,2021-08-17,,2026-09-26,ok,0
electricity_demand,es,nation,2021-08-18,729662.489,mwh,ree,2021-08-18,,2026-09-26,ok,0
electricity_demand,es,nation,2021-08-19,723091.039,mwh,ree,2021-08-19,,2026-09-26,ok,0
electricity_demand,es,nation,2021-08-20,723168.05,mwh,ree,2021-08-20,,2026-09-26,ok,0
electricity_demand,es,nation,2021-08-21,680177.885,mwh,ree,2021-08-21,,2026-09-26,ok,0
electricity_demand,es,nation,2021-08-22,642547.886,mwh,ree,2021-08-22,,2026-09-26,ok,0
electricity_demand,es,nation,2021-08-23,740216.309,mwh,ree,2021-08-23,,2026-09-26,ok,0
electricity_demand,es,nation,2021-08-24,749610.14,mwh,ree,2021-08-24,,2026-09-26,ok,0
electricity_demand,es,nation,2021-08-25,738207.487,mwh,ree,2021-08-25,,2026-09-26,ok,0
electricity_demand,es,nation,2021-08-26,746460.103,mwh,ree,2021-08-26,,2026-09-26,ok,0
electricity_demand,es,nation,2021-08-27,752000.087,mwh,ree,2021-08-27,,2026-09-26,ok,0
electricity_demand,es,nation,2021-08-28,680131.728,mwh,ree,2021-08-28,,2026-09-26,ok,0
electricity_demand,es,nation,2021-08-29,625714.882,mwh,ree,2021-08-29,,2026-09-26,ok,0
electricity_demand,es,nation,2021-08-30,722450.384,mwh,ree,2021-08-30,,2026-09-26,ok,0
electricity_demand,es,nation,2021-08-31,747811.051,mwh,ree,2021-08-31,,2026-09-26,ok,0
electricity_demand,es,nation,2021-09-01,746405.192,mwh,ree,2021-09-01,,2026-09-26,ok,0
electricity_demand,es,nation,2021-09-02,733294.828,mwh,ree,2021-09-02,,2026-09-26,ok,0
electricity_demand,es,nation,2021-09-03,731068.102,mwh,ree,2021-09-03,,2026-09-26,ok,0
electricity_demand,es,nation,2021-09-04,661105.572,mwh,ree,2021-09-04,,2026-09-26,ok,0
electricity_demand,es,nation,2021-09-05,625947.506,mwh,ree,2021-09-05,,2026-09-26,ok,0
electricity_demand,es,nation,2021-09-06,750941.319,mwh,ree,2021-09-06,,2026-09-26,ok,0
electricity_demand,es,nation,2021-09-07,778331.589,mwh,ree,2021-09-07,,2026-09-26,ok,0
electricity_demand,es,nation,2021-09-08,758832.979,mwh,ree,2021-09-08,,2026-09-26,ok,0
electricity_demand,es,nation,2021-09-09,759765.067,mwh,ree,2021-09-09,,2026-09-26,ok,0
electricity_demand,es,nation,2021-09-10,743109.71,mwh,ree,2021-09-10,,2026-09-26,ok,0
electricity_demand,es,nation,2021-09-11,664034.519,mwh,ree,2021-09-11,,2026-09-26,ok,0
electricity_demand,es,nation,2021-09-12,624471.173,mwh,ree,2021-09-12,,2026-09-26,ok,0
electricity_demand,es,nation,2021-09-13,730599.845,mwh,ree,2021-09-13,,2026-09-26,ok,0
electricity_demand,es,nation,2021-09-14,744889.97,mwh,ree,2021-09-14,,2026-09-26,ok,0
electricity_demand,es,nation,2021-09-15,740655.596,mwh,ree,2021-09-15,,2026-09-26,ok,0
electricity_demand,es,nation,2021-09-16,726396.632,mwh,ree,2021-09-16,,2026-09-26,ok,0
electricity_demand,es,nation,2021-09-17,714163.921,mwh,ree,2021-09-17,,2026-09-26,ok,0
electricity_demand,es,nation,2021-09-18,639492.9,mwh,ree,2021-09-18,,2026-09-26,ok,0
electricity_demand,es,nation,2021-09-19,588068.278,mwh,ree,2021-09-19,,2026-09-26,ok,0
electricity_demand,es,nation,2021-09-20,692113.328,mwh,ree,2021-09-20,,2026-09-26,ok,0
electricity_demand,es,nation,2021-09-21,696775.737,mwh,ree,2021-09-21,,2026-09-26,ok,0
electricity_demand,es,nation,2021-09-22,701743.975,mwh,ree,2021-09-22,,2026-09-26,ok,0
electricity_demand,es,nation,2021-09-23,704545.814,mwh,ree,2021-09-23,,2026-09-26,ok,0
electricity_demand,es,nation,2021-09-24,697179.551,mwh,ree,2021-09-24,,2026-09-26,ok,0
electricity_demand,es,nation,2021-09-25,631054.818,mwh,ree,2021-09-25,,2026-09-26,ok,0
electricity_demand,es,nation,2021-09-26,582860.409,mwh,ree,2021-09-26,,2026-09-26,ok,0
electricity_demand,es,nation,2021-09-27,686152.044,mwh,ree,2021-09-27,,2026-09-26,ok,0
electricity_demand,es,nation,2021-09-28,706305.455,mwh,ree,2021-09-28,,2026-09-26,ok,0
electricity_demand,es,nation,2021-09-29,710112.398,mwh,ree,2021-09-29,,2026-09-26,ok,0
electricity_demand,es,nation,2021-09-30,702537.831,mwh,ree,2021-09-30,,2026-09-26,ok,0
electricity_demand,es,nation,2021-10-01,692944.543,mwh,ree,2021-10-01,,2026-09-26,ok,0
electricity_demand,es,nation,2021-10-02,630287.998,mwh,ree,2021-10-02,,2026-09-26,ok,0
electricity_demand,es,nation,2021-10-03,585692.62,mwh,ree,2021-10-03,,2026-09-26,ok,0
electricity_demand,es,nation,2021-10-04,665592.111,mwh,ree,2021-10-04,,2026-09-26,ok,0
electricity_demand,es,nation,2021-10-05,681284.754,mwh,ree,2021-10-05,,2026-09-26,ok,0
electricity_demand,es,nation,2021-10-06,695359.374,mwh,ree,2021-10-06,,2026-09-26,ok,0
electricity_demand,es,nation,2021-10-07,689344.379,mwh,ree,2021-10-07,,2026-09-26,ok,0
electricity_demand,es,nation,2021-10-08,685109.813,mwh,ree,2021-10-08,,2026-09-26,ok,0
electricity_demand,es,nation,2021-10-09,612730.729,mwh,ree,2021-10-09,,2026-09-26,ok,0
electricity_demand,es,nation,2021-10-10,568730.598,mwh,ree,2021-10-10,,2026-09-26,ok,0
electricity_demand,es,nation,2021-10-11,615641.185,mwh,ree,2021-10-11,,2026-09-26,ok,0
electricity_demand,es,nation,2021-10-12,577417.811,mwh,ree,2021-10-12,,2026-09-26,ok,0
electricity_demand,es,nation,2021-10-13,668727.443,mwh,ree,2021-10-13,,2026-09-26,ok,0
electricity_demand,es,nation,2021-10-14,682596.759,mwh,ree,2021-10-14,,2026-09-26,ok,0
electricity_demand,es,nation,2021-10-15,681763.233,mwh,ree,2021-10-15,,2026-09-26,ok,0
electricity_demand,es,nation,2021-10-16,616067.047,mwh,ree,2021-10-16,,2026-09-26,ok,0
electricity_demand,es,nation,2021-10-17,573616.151,mwh,ree,2021-10-17,,2026-09-26,ok,0
electricity_demand,es,nation,2021-10-18,675467.776,mwh,ree,2021-10-18,,2026-09-26,ok,0
electricity_demand,es,nation,2021-10-19,692280.722,mwh,ree,2021-10-19,,2026-09-26,ok,0
electricity_demand,es,nation,2021-10-20,693103.655,mwh,ree,2021-10-20,,2026-09-26,ok,0
electricity_demand,es,nation,2021-10-21,688480.315,mwh,ree,2021-10-21,,2026-09-26,ok,0
electricity_demand,es,nation,2021-10-22,682264.745,mwh,ree,2021-10-22,,2026-09-26,ok,0
electricity_demand,es,nation,2021-10-23,612018.709,mwh,ree,2021-10-23,,2026-09-26,ok,0
electricity_demand,es,nation,2021-10-24,571138.872,mwh,ree,2021-10-24,,2026-09-26,ok,0
electricity_demand,es,nation,2021-10-25,670783.825,mwh,ree,2021-10-25,,2026-09-26,ok,0
electricity_demand,es,nation,2021-10-26,692319.42,mwh,ree,2021-10-26,,2026-09-26,ok,0
electricity_demand,es,nation,2021-10-27,689359.293,mwh,ree,2021-10-27,,2026-09-26,ok,0
electricity_demand,es,nation,2021-10-28,691147.265,mwh,ree,2021-10-28,,2026-09-26,ok,0
electricity_demand,es,nation,2021-10-29,692264.935,mwh,ree,2021-10-29,,2026-09-26,ok,0
electricity_demand,es,nation,2021-10-30,626694.705,mwh,ree,2021-10-30,,2026-09-26,ok,0
electricity_demand,es,nation,2021-10-31,597247.186,mwh,ree,2021-10-31,,2026-09-26,ok,0
electricity_demand,es,nation,2021-11-01,576367.744,mwh,ree,2021-11-01,,2026-09-26,ok,0
electricity_demand,es,nation,2021-11-02,674854.716,mwh,ree,2021-11-02,,2026-09-26,ok,0
electricity_demand,es,nation,2021-11-03,695235.266,mwh,ree,2021-11-03,,2026-09-26,ok,0
electricity_demand,es,nation,2021-11-04,705890.141,mwh,ree,2021-11-04,,2026-09-26,ok,0
electricity_demand,es,nation,2021-11-05,717193.16,mwh,ree,2021-11-05,,2026-09-26,ok,0
electricity_demand,es,nation,2021-11-06,655441.422,mwh,ree,2021-11-06,,2026-09-26,ok,0
electricity_demand,es,nation,2021-11-07,616104.014,mwh,ree,2021-11-07,,2026-09-26,ok,0
electricity_demand,es,nation,2021-11-08,716917.625,mwh,ree,2021-11-08,,2026-09-26,ok,0
electricity_demand,es,nation,2021-11-09,728003.134,mwh,ree,2021-11-09,,2026-09-26,ok,0
electricity_demand,es,nation,2021-11-10,737414.445,mwh,ree,2021-11-10,,2026-09-26,ok,0
electricity_demand,es,nation,2021-11-11,738439.482,mwh,ree,2021-11-11,,2026-09-26,ok,0
electricity_demand,es,nation,2021-11-12,731746.944,mwh,ree,2021-11-12,,2026-09-26,ok,0
electricity_demand,es,nation,2021-11-13,652720.566,mwh,ree,2021-11-13,,2026-09-26,ok,0
electricity_demand,es,nation,2021-11-14,612965.856,mwh,ree,2021-11-14,,2026-09-26,ok,0
electricity_demand,es,nation,2021-11-15,725702.68,mwh,ree,2021-11-15,,2026-09-26,ok,0
electricity_demand,es,nation,2021-11-16,748837.812,mwh,ree,2021-11-16,,2026-09-26,ok,0
electricity_demand,es,nation,2021-11-17,753689.107,mwh,ree,2021-11-17,,2026-09-26,ok,0
electricity_demand,es,nation,2021-11-18,755571.919,mwh,ree,2021-11-18,,2026-09-26,ok,0
electricity_demand,es,nation,2021-11-19,746448.912,mwh,ree,2021-11-19,,2026-09-26,ok,0
electricity_demand,es,nation,2021-11-20,674480.947,mwh,ree,2021-11-20,,2026-09-26,ok,0
electricity_demand,es,nation,2021-11-21,622504.567,mwh,ree,2021-11-21,,2026-09-26,ok,0
electricity_demand,es,nation,2021-11-22,744436.995,mwh,ree,2021-11-22,,2026-09-26,ok,0
electricity_demand,es,nation,2021-11-23,774690.327,mwh,ree,2021-11-23,,2026-09-26,ok,0
electricity_demand,es,nation,2021-11-24,786755.043,mwh,ree,2021-11-24,,2026-09-26,ok,0
electricity_demand,es,nation,2021-11-25,787163.875,mwh,ree,2021-11-25,,2026-09-26,ok,0
electricity_demand,es,nation,2021-11-26,781000.985,mwh,ree,2021-11-26,,2026-09-26,ok,0
electricity_demand,es,nation,2021-11-27,716586.063,mwh,ree,2021-11-27,,2026-09-26,ok,0
electricity_demand,es,nation,2021-11-28,685695.321,mwh,ree,2021-11-28,,2026-09-26,ok,0
electricity_demand,es,nation,2021-11-29,782127.955,mwh,ree,2021-11-29,,2026-09-26,ok,0
electricity_demand,es,nation,2021-11-30,788505.669,mwh,ree,2021-11-30,,2026-09-26,ok,0
electricity_demand,es,nation,2021-12-01,797141.836,mwh,ree,2021-12-01,,2026-09-26,ok,0
electricity_demand,es,nation,2021-12-02,800194.435,mwh,ree,2021-12-02,,2026-09-26,ok,0
electricity_demand,es,nation,2021-12-03,790811.497,mwh,ree,2021-12-03,,2026-09-26,ok,0
electricity_demand,es,nation,2021-12-04,711448.518,mwh,ree,2021-12-04,,2026-09-26,ok,0
electricity_demand,es,nation,2021-12-05,660580.665,mwh,ree,2021-12-05,,2026-09-26,ok,0
electricity_demand,es,nation,2021-12-06,667195.846,mwh,ree,2021-12-06,,2026-09-26,ok,0
electricity_demand,es,nation,2021-12-07,710588.895,mwh,ree,2021-12-07,,2026-09-26,ok,0
electricity_demand,es,nation,2021-12-08,684008.281,mwh,ree,2021-12-08,,2026-09-26,ok,0
electricity_demand,es,nation,2021-12-09,782066.188,mwh,ree,2021-12-09,,2026-09-26,ok,0
electricity_demand,es,nation,2021-12-10,776257.295,mwh,ree,2021-12-10,,2026-09-26,ok,0
electricity_demand,es,nation,2021-12-11,692242.959,mwh,ree,2021-12-11,,2026-09-26,ok,0
electricity_demand,es,nation,2021-12-12,644678.964,mwh,ree,2021-12-12,,2026-09-26,ok,0
electricity_demand,es,nation,2021-12-13,758492.556,mwh,ree,2021-12-13,,2026-09-26,ok,0
electricity_demand,es,nation,2021-12-14,783341.736,mwh,ree,2021-12-14,,2026-09-26,ok,0
electricity_demand,es,nation,2021-12-15,787193.874,mwh,ree,2021-12-15,,2026-09-26,ok,0
electricity_demand,es,nation,2021-12-16,792100.159,mwh,ree,2021-12-16,,2026-09-26,ok,0
electricity_demand,es,nation,2021-12-17,783162.446,mwh,ree,2021-12-17,,2026-09-26,ok,0
electricity_demand,es,nation,2021-12-18,706205.51,mwh,ree,2021-12-18,,2026-09-26,ok,0
electricity_demand,es,nation,2021-12-19,660628.862,mwh,ree,2021-12-19,,2026-09-26,ok,0
electricity_demand,es,nation,2021-12-20,771478.461,mwh,ree,2021-12-20,,2026-09-26,ok,0
electricity_demand,es,nation,2021-12-21,772523.695,mwh,ree,2021-12-21,,2026-09-26,ok,0
electricity_demand,es,nation,2021-12-22,757320.524,mwh,ree,2021-12-22,,2026-09-26,ok,0
electricity_demand,es,nation,2021-12-23,729089.502,mwh,ree,2021-12-23,,2026-09-26,ok,0
electricity_demand,es,nation,2021-12-24,637631.538,mwh,ree,2021-12-24,,2026-09-26,ok,0
electricity_demand,es,nation,2021-12-25,547513.015,mwh,ree,2021-12-25,,2026-09-26,ok,0
electricity_demand,es,nation,2021-12-26,582595.459,mwh,ree,2021-12-26,,2026-09-26,ok,0
electricity_demand,es,nation,2021-12-27,657559.283,mwh,ree,2021-12-27,,2026-09-26,ok,0
electricity_demand,es,nation,2021-12-28,663701.614,mwh,ree,2021-12-28,,2026-09-26,ok,0
electricity_demand,es,nation,2021-12-29,657200.732,mwh,ree,2021-12-29,,2026-09-26,ok,0
electricity_demand,es,nation,2021-12-30,653602.373,mwh,ree,2021-12-30,,2026-09-26,ok,0
electricity_demand,es,nation,2021-12-31,611387.919,mwh,ree,2021-12-31,,2026-09-26,ok,0
electricity_demand,es,nation,2022-01-01,535144.786,mwh,ree,2022-01-01,,2026-09-26,ok,0
electricity_demand,es,nation,2022-01-02,578855.186,mwh,ree,2022-01-02,,2026-09-26,ok,0
electricity_demand,es,nation,2022-01-03,691970.774,mwh,ree,2022-01-03,,2026-09-26,ok,0
electricity_demand,es,nation,2022-01-04,718047.874,mwh,ree,2022-01-04,,2026-09-26,ok,0
electricity_demand,es,nation,2022-01-05,715070.234,mwh,ree,2022-01-05,,2026-09-26,ok,0
electricity_demand,es,nation,2022-01-06,617936.351,mwh,ree,2022-01-06,,2026-09-26,ok,0
electricity_demand,es,nation,2022-01-07,703004.57,mwh,ree,2022-01-07,,2026-09-26,ok,0
electricity_demand,es,nation,2022-01-08,686615.314,mwh,ree,2022-01-08,,2026-09-26,ok,0
electricity_demand,es,nation,2022-01-09,657099.904,mwh,ree,2022-01-09,,2026-09-26,ok,0
electricity_demand,es,nation,2022-01-10,756621.212,mwh,ree,2022-01-10,,2026-09-26,ok,0
electricity_demand,es,nation,2022-01-11,771711.078,mwh,ree,2022-01-11,,2026-09-26,ok,0
electricity_demand,es,nation,2022-01-12,777310.213,mwh,ree,2022-01-12,,2026-09-26,ok,0
electricity_demand,es,nation,2022-01-13,788572.283,mwh,ree,2022-01-13,,2026-09-26,ok,0
electricity_demand,es,nation,2022-01-14,796150.956,mwh,ree,2022-01-14,,2026-09-26,ok,0
electricity_demand,es,nation,2022-01-15,717164.143,mwh,ree,2022-01-15,,2026-09-26,ok,0
electricity_demand,es,nation,2022-01-16,672381.068,mwh,ree,2022-01-16,,2026-09-26,ok,0
electricity_demand,es,nation,2022-01-17,790794.183,mwh,ree,2022-01-17,,2026-09-26,ok,0
electricity_demand,es,nation,2022-01-18,809453.033,mwh,ree,2022-01-18,,2026-09-26,ok,0
electricity_demand,es,nation,2022-01-19,813885.767,mwh,ree,2022-01-19,,2026-09-26,ok,0
electricity_demand,es,nation,2022-01-20,813841.104,mwh,ree,2022-01-20,,2026-09-26,ok,0
electricity_demand,es,nation,2022-01-21,812933.383,mwh,ree,2022-01-21,,2026-09-26,ok,0
electricity_demand,es,nation,2022-01-22,728531.886,mwh,ree,2022-01-22,,2026-09-26,ok,0
electricity_demand,es,nation,2022-01-23,681487.178,mwh,ree,2022-01-23,,2026-09-26,ok,0
electricity_demand,es,nation,2022-01-24,800222.601,mwh,ree,2022-01-24,,2026-09-26,ok,0
electricity_demand,es,nation,2022-01-25,803957.158,mwh,ree,2022-01-25,,2026-09-26,ok,0
electricity_demand,es,nation,2022-01-26,800205.701,mwh,ree,2022-01-26,,2026-09-26,ok,0
electricity_demand,es,nation,2022-01-27,794878.473,mwh,ree,2022-01-27,,2026-09-26,ok,0
electricity_demand,es,nation,2022-01-28,786143.822,mwh,ree,2022-01-28,,2026-09-26,ok,0
electricity_demand,es,nation,2022-01-29,698969.016,mwh,ree,2022-01-29,,2026-09-26,ok,0
electricity_demand,es,nation,2022-01-30,648503.898,mwh,ree,2022-01-30,,2026-09-26,ok,0
electricity_demand,es,nation,2022-01-31,761832.783,mwh,ree,2022-01-31,,2026-09-26,ok,0
electricity_demand,es,nation,2022-02-01,774260.763,mwh,ree,2022-02-01,,2026-09-26,ok,0
electricity_demand,es,nation,2022-02-02,762494.554,mwh,ree,2022-02-02,,2026-09-26,ok,0
electricity_demand,es,nation,2022-02-03,760780.897,mwh,ree,2022-02-03,,2026-09-26,ok,0
electricity_demand,es,nation,2022-02-04,756896.641,mwh,ree,2022-02-04,,2026-09-26,ok,0
electricity_demand,es,nation,2022-02-05,682674.839,mwh,ree,2022-02-05,,2026-09-26,ok,0
electricity_demand,es,nation,2022-02-06,635247.08,mwh,ree,2022-02-06,,2026-09-26,ok,0
electricity_demand,es,nation,2022-02-07,746724.421,mwh,ree,2022-02-07,,2026-09-26,ok,0
electricity_demand,es,nation,2022-02-08,756678.724,mwh,ree,2022-02-08,,2026-09-26,ok,0
electricity_demand,es,nation,2022-02-09,755748.252,mwh,ree,2022-02-09,,2026-09-26,ok,0
electricity_demand,es,nation,2022-02-10,762082.393,mwh,ree,2022-02-10,,2026-09-26,ok,0
electricity_demand,es,nation,2022-02-11,754633.793,mwh,ree,2022-02-11,,2026-09-26,ok,0
electricity_demand,es,nation,2022-02-12,679947.691,mwh,ree,2022-02-12,,2026-09-26,ok,0
electricity_demand,es,nation,2022-02-13,635776.528,mwh,ree,2022-02-13,,2026-09-26,ok,0
electricity_demand,es,nation,2022-02-14,741719.03,mwh,ree,2022-02-14,,2026-09-26,ok,0
electricity_demand,es,nation,2022-02-15,759124.039,mwh,ree,2022-02-15,,2026-09-26,ok,0
electricity_demand,es,nation,2022-02-16,758265.98,mwh,ree,2022-02-16,,2026-09-26,ok,0
electricity_demand,es,nation,2022-02-17,744050.02,mwh,ree,2022-02-17,,2026-09-26,ok,0
electricity_demand,es,nation,2022-02-18,735427.048,mwh,ree,2022-02-18,,2026-09-26,ok,0
electricity_demand,es,nation,2022-02-19,677992.558,mwh,ree,2022-02-19,,2026-09-26,ok,0
electricity_demand,es,nation,2022-02-20,628491.111,mwh,ree,2022-02-20,,2026-09-26,ok,0
electricity_demand,es,nation,2022-02-21,726597.17,mwh,ree,2022-02-21,,2026-09-26,ok,0
electricity_demand,es,nation,2022-02-22,734120.281,mwh,ree,2022-02-22,,2026-09-26,ok,0
electricity_demand,es,nation,2022-02-23,732237.567,mwh,ree,2022-02-23,,2026-09-26,ok,0
electricity_demand,es,nation,2022-02-24,736907.737,mwh,ree,2022-02-24,,2026-09-26,ok,0
electricity_demand,es,nation,2022-02-25,742820.885,mwh,ree,2022-02-25,,2026-09-26,ok,0
electricity_demand,es,nation,2022-02-26,670693.047,mwh,ree,2022-02-26,,2026-09-26,ok,0
electricity_demand,es,nation,2022-02-27,618013.898,mwh,ree,2022-02-27,,2026-09-26,ok,0
electricity_demand,es,nation,2022-02-28,697748.424,mwh,ree,2022-02-28,,2026-09-26,ok,0
electricity_demand,es,nation,2022-03-01,722629.686,mwh,ree,2022-03-01,,2026-09-26,ok,0
electricity_demand,es,nation,2022-03-02,735689.298,mwh,ree,2022-03-02,,2026-09-26,ok,0
electricity_demand,es,nation,2022-03-03,742779.369,mwh,ree,2022-03-03,,2026-09-26,ok,0
electricity_demand,es,nation,2022-03-04,743386.909,mwh,ree,2022-03-04,,2026-09-26,ok,0
electricity_demand,es,nation,2022-03-05,660787.324,mwh,ree,2022-03-05,,2026-09-26,ok,0
electricity_demand,es,nation,2022-03-06,620251.472,mwh,ree,2022-03-06,,2026-09-26,ok,0
electricity_demand,es,nation,2022-03-07,732493.133,mwh,ree,2022-03-07,,2026-09-26,ok,0
electricity_demand,es,nation,2022-03-08,735113.962,mwh,ree,2022-03-08,,2026-09-26,ok,0
electricity_demand,es,nation,2022-03-09,726757.341,mwh,ree,2022-03-09,,2026-09-26,ok,0
electricity_demand,es,nation,2022-03-10,722215.252,mwh,ree,2022-03-10,,2026-09-26,ok,0
electricity_demand,es,nation,2022-03-11,731329.705,mwh,ree,2022-03-11,,2026-09-26,ok,0
electricity_demand,es,nation,2022-03-12,642182.296,mwh,ree,2022-03-12,,2026-09-26,ok,0
electricity_demand,es,nation,2022-03-13,593322.595,mwh,ree,2022-03-13,,2026-09-26,ok,0
electricity_demand,es,nation,2022-03-14,726364.443,mwh,ree,2022-03-14,,2026-09-26,ok,0
electricity_demand,es,nation,2022-03-15,727251.646,mwh,ree,2022-03-15,,2026-09-26,ok,0
electricity_demand,es,nation,2022-03-16,728889.512,mwh,ree,2022-03-16,,2026-09-26,ok,0
electricity_demand,es,nation,2022-03-17,726425.305,mwh,ree,2022-03-17,,2026-09-26,ok,0
electricity_demand,es,nation,2022-03-18,704833.012,mwh,ree,2022-03-18,,2026-09-26,ok,0
electricity_demand,es,nation,2022-03-19,624061.488,mwh,ree,2022-03-19,,2026-09-26,ok,0
electricity_demand,es,nation,2022-03-20,591749.465,mwh,ree,2022-03-20,,2026-09-26,ok,0
electricity_demand,es,nation,2022-03-21,698550.305,mwh,ree,2022-03-21,,2026-09-26,ok,0
electricity_demand,es,nation,2022-03-22,717641,mwh,ree,2022-03-22,,2026-09-26,ok,0
electricity_demand,es,nation,2022-03-23,719548.211,mwh,ree,2022-03-23,,2026-09-26,ok,0
electricity_demand,es,nation,2022-03-24,725071.963,mwh,ree,2022-03-24,,2026-09-26,ok,0
electricity_demand,es,nation,2022-03-25,706766.452,mwh,ree,2022-03-25,,2026-09-26,ok,0
electricity_demand,es,nation,2022-03-26,631663.488,mwh,ree,2022-03-26,,2026-09-26,ok,0
electricity_demand,es,nation,2022-03-27,554056.158,mwh,ree,2022-03-27,,2026-09-26,ok,0
electricity_demand,es,nation,2022-03-28,677673.545,mwh,ree,2022-03-28,,2026-09-26,ok,0
electricity_demand,es,nation,2022-03-29,692972.303,mwh,ree,2022-03-29,,2026-09-26,ok,0
electricity_demand,es,nation,2022-03-30,707690.926,mwh,ree,2022-03-30,,2026-09-26,ok,0
electricity_demand,es,nation,2022-03-31,705601.198,mwh,ree,2022-03-31,,2026-09-26,ok,0
electricity_demand,es,nation,2022-04-01,710892.602,mwh,ree,2022-04-01,,2026-09-26,ok,0
electricity_demand,es,nation,2022-04-02,645549.332,mwh,ree,2022-04-02,,2026-09-26,ok,0
electricity_demand,es,nation,2022-04-03,613758.289,mwh,ree,2022-04-03,,2026-09-26,ok,0
electricity_demand,es,nation,2022-04-04,744100.153,mwh,ree,2022-04-04,,2026-09-26,ok,0
electricity_demand,es,nation,2022-04-05,762729.139,mwh,ree,2022-04-05,,2026-09-26,ok,0
electricity_demand,es,nation,2022-04-06,744533.256,mwh,ree,2022-04-06,,2026-09-26,ok,0
electricity_demand,es,nation,2022-04-07,722876.934,mwh,ree,2022-04-07,,2026-09-26,ok,0
electricity_demand,es,nation,2022-04-08,707077.849,mwh,ree,2022-04-08,,2026-09-26,ok,0
electricity_demand,es,nation,2022-04-09,621527.143,mwh,ree,2022-04-09,,2026-09-26,ok,0
electricity_demand,es,nation,2022-04-10,574809.756,mwh,ree,2022-04-10,,2026-09-26,ok,0
electricity_demand,es,nation,2022-04-11,667783.117,mwh,ree,2022-04-11,,2026-09-26,ok,0
electricity_demand,es,nation,2022-04-12,687251.619,mwh,ree,2022-04-12,,2026-09-26,ok,0
electricity_demand,es,nation,2022-04-13,685363.179,mwh,ree,2022-04-13,,2026-09-26,ok,0
electricity_demand,es,nation,2022-04-14,585210.51,mwh,ree,2022-04-14,,2026-09-26,ok,0
electricity_demand,es,nation,2022-04-15,536448.535,mwh,ree,2022-04-15,,2026-09-26,ok,0
electricity_demand,es,nation,2022-04-16,551086.712,mwh,ree,2022-04-16,,2026-09-26,ok,0
electricity_demand,es,nation,2022-04-17,527257.849,mwh,ree,2022-04-17,,2026-09-26,ok,0
electricity_demand,es,nation,2022-04-18,580335.76,mwh,ree,2022-04-18,,2026-09-26,ok,0
electricity_demand,es,nation,2022-04-19,657825.815,mwh,ree,2022-04-19,,2026-09-26,ok,0
electricity_demand,es,nation,2022-04-20,698469.112,mwh,ree,2022-04-20,,2026-09-26,ok,0
electricity_demand,es,nation,2022-04-21,697710.847,mwh,ree,2022-04-21,,2026-09-26,ok,0
electricity_demand,es,nation,2022-04-22,695637.89,mwh,ree,2022-04-22,,2026-09-26,ok,0
electricity_demand,es,nation,2022-04-23,628779.932,mwh,ree,2022-04-23,,2026-09-26,ok,0
electricity_demand,es,nation,2022-04-24,571994.039,mwh,ree,2022-04-24,,2026-09-26,ok,0
electricity_demand,es,nation,2022-04-25,654714.455,mwh,ree,2022-04-25,,2026-09-26,ok,0
electricity_demand,es,nation,2022-04-26,677540.715,mwh,ree,2022-04-26,,2026-09-26,ok,0
electricity_demand,es,nation,2022-04-27,687613.611,mwh,ree,2022-04-27,,2026-09-26,ok,0
electricity_demand,es,nation,2022-04-28,688510.063,mwh,ree,2022-04-28,,2026-09-26,ok,0
electricity_demand,es,nation,2022-04-29,669022.367,mwh,ree,2022-04-29,,2026-09-26,ok,0
electricity_demand,es,nation,2022-04-30,592600.643,mwh,ree,2022-04-30,,2026-09-26,ok,0
electricity_demand,es,nation,2022-05-01,528390.929,mwh,ree,2022-05-01,,2026-09-26,ok,0
electricity_demand,es,nation,2022-05-02,614138.744,mwh,ree,2022-05-02,,2026-09-26,ok,0
electricity_demand,es,nation,2022-05-03,677392.499,mwh,ree,2022-05-03,,2026-09-26,ok,0
electricity_demand,es,nation,2022-05-04,687315.435,mwh,ree,2022-05-04,,2026-09-26,ok,0
electricity_demand,es,nation,2022-05-05,680762.673,mwh,ree,2022-05-05,,2026-09-26,ok,0
electricity_demand,es,nation,2022-05-06,668597.638,mwh,ree,2022-05-06,,2026-09-26,ok,0
electricity_demand,es,nation,2022-05-07,596496.276,mwh,ree,2022-05-07,,2026-09-26,ok,0
electricity_demand,es,nation,2022-05-08,550457.934,mwh,ree,2022-05-08,,2026-09-26,ok,0
electricity_demand,es,nation,2022-05-09,650598.557,mwh,ree,2022-05-09,,2026-09-26,ok,0
electricity_demand,es,nation,2022-05-10,673774.152,mwh,ree,2022-05-10,,2026-09-26,ok,0
electricity_demand,es,nation,2022-05-11,678560.086,mwh,ree,2022-05-11,,2026-09-26,ok,0
electricity_demand,es,nation,2022-05-12,683981.303,mwh,ree,2022-05-12,,2026-09-26,ok,0
electricity_demand,es,nation,2022-05-13,678906.624,mwh,ree,2022-05-13,,2026-09-26,ok,0
electricity_demand,es,nation,2022-05-14,613471.345,mwh,ree,2022-05-14,,2026-09-26,ok,0
electricity_demand,es,nation,2022-05-15,565340.711,mwh,ree,2022-05-15,,2026-09-26,ok,0
electricity_demand,es,nation,2022-05-16,658606.234,mwh,ree,2022-05-16,,2026-09-26,ok,0
electricity_demand,es,nation,2022-05-17,689159.568,mwh,ree,2022-05-17,,2026-09-26,ok,0
electricity_demand,es,nation,2022-05-18,701701.58,mwh,ree,2022-05-18,,2026-09-26,ok,0
electricity_demand,es,nation,2022-05-19,716668.676,mwh,ree,2022-05-19,,2026-09-26,ok,0
electricity_demand,es,nation,2022-05-20,714896.579,mwh,ree,2022-05-20,,2026-09-26,ok,0
electricity_demand,es,nation,2022-05-21,645687.218,mwh,ree,2022-05-21,,2026-09-26,ok,0
electricity_demand,es,nation,2022-05-22,591016.568,mwh,ree,2022-05-22,,2026-09-26,ok,0
electricity_demand,es,nation,2022-05-23,692293.672,mwh,ree,2022-05-23,,2026-09-26,ok,0
electricity_demand,es,nation,2022-05-24,699490.143,mwh,ree,2022-05-24,,2026-09-26,ok,0
electricity_demand,es,nation,2022-05-25,683203.914,mwh,ree,2022-05-25,,2026-09-26,ok,0
electricity_demand,es,nation,2022-05-26,688924.599,mwh,ree,2022-05-26,,2026-09-26,ok,0
electricity_demand,es,nation,2022-05-27,691167.658,mwh,ree,2022-05-27,,2026-09-26,ok,0
electricity_demand,es,nation,2022-05-28,628739.734,mwh,ree,2022-05-28,,2026-09-26,ok,0
electricity_demand,es,nation,2022-05-29,579504.708,mwh,ree,2022-05-29,,2026-09-26,ok,0
electricity_demand,es,nation,2022-05-30,672096.948,mwh,ree,2022-05-30,,2026-09-26,ok,0
electricity_demand,es,nation,2022-05-31,699889.965,mwh,ree,2022-05-31,,2026-09-26,ok,0
electricity_demand,es,nation,2022-06-01,709660.649,mwh,ree,2022-06-01,,2026-09-26,ok,0
electricity_demand,es,nation,2022-06-02,714096.111,mwh,ree,2022-06-02,,2026-09-26,ok,0
electricity_demand,es,nation,2022-06-03,711460.499,mwh,ree,2022-06-03,,2026-09-26,ok,0
electricity_demand,es,nation,2022-06-04,632752.836,mwh,ree,2022-06-04,,2026-09-26,ok,0
electricity_demand,es,nation,2022-06-05,583681.514,mwh,ree,2022-06-05,,2026-09-26,ok,0
electricity_demand,es,nation,2022-06-06,671690.704,mwh,ree,2022-06-06,,2026-09-26,ok,0
electricity_demand,es,nation,2022-06-07,720817.352,mwh,ree,2022-06-07,,2026-09-26,ok,0
electricity_demand,es,nation,2022-06-08,734652.173,mwh,ree,2022-06-08,,2026-09-26,ok,0
electricity_demand,es,nation,2022-06-09,740426.075,mwh,ree,2022-06-09,,2026-09-26,ok,0
electricity_demand,es,nation,2022-06-10,740712.627,mwh,ree,2022-06-10,,2026-09-26,ok,0
electricity_demand,es,nation,2022-06-11,678773.887,mwh,ree,2022-06-11,,2026-09-26,ok,0
electricity_demand,es,nation,2022-06-12,633281.978,mwh,ree,2022-06-12,,2026-09-26,ok,0
electricity_demand,es,nation,2022-06-13,758638.075,mwh,ree,2022-06-13,,2026-09-26,ok,0
electricity_demand,es,nation,2022-06-14,798691.052,mwh,ree,2022-06-14,,2026-09-26,ok,0
electricity_demand,es,nation,2022-06-15,816499.073,mwh,ree,2022-06-15,,2026-09-26,ok,0
electricity_demand,es,nation,2022-06-16,810374.883,mwh,ree,2022-06-16,,2026-09-26,ok,0
electricity_demand,es,nation,2022-06-17,807731.237,mwh,ree,2022-06-17,,2026-09-26,ok,0
electricity_demand,es,nation,2022-06-18,721874.37,mwh,ree,2022-06-18,,2026-09-26,ok,0
electricity_demand,es,nation,2022-06-19,639567.443,mwh,ree,2022-06-19,,2026-09-26,ok,0
electricity_demand,es,nation,2022-06-20,746482.216,mwh,ree,2022-06-20,,2026-09-26,ok,0
electricity_demand,es,nation,2022-06-21,754336.941,mwh,ree,2022-06-21,,2026-09-26,ok,0
electricity_demand,es,nation,2022-06-22,735366.573,mwh,ree,2022-06-22,,2026-09-26,ok,0
electricity_demand,es,nation,2022-06-23,712244.518,mwh,ree,2022-06-23,,2026-09-26,ok,0
electricity_demand,es,nation,2022-06-24,658105.271,mwh,ree,2022-06-24,,2026-09-26,ok,0
electricity_demand,es,nation,2022-06-25,634796.661,mwh,ree,2022-06-25,,2026-09-26,ok,0
electricity_demand,es,nation,2022-06-26,597120.111,mwh,ree,2022-06-26,,2026-09-26,ok,0
electricity_demand,es,nation,2022-06-27,697550.971,mwh,ree,2022-06-27,,2026-09-26,ok,0
electricity_demand,es,nation,2022-06-28,717423.769,mwh,ree,2022-06-28,,2026-09-26,ok,0
electricity_demand,es,nation,2022-06-29,727046.257,mwh,ree,2022-06-29,,2026-09-26,ok,0
electricity_demand,es,nation,2022-06-30,724490.783,mwh,ree,2022-06-30,,2026-09-26,ok,0
electricity_demand,es,nation,2022-07-01,714296.439,mwh,ree,2022-07-01,,2026-09-26,ok,0
electricity_demand,es,nation,2022-07-02,664621.873,mwh,ree,2022-07-02,,2026-09-26,ok,0
electricity_demand,es,nation,2022-07-03,628386.931,mwh,ree,2022-07-03,,2026-09-26,ok,0
electricity_demand,es,nation,2022-07-04,734811.021,mwh,ree,2022-07-04,,2026-09-26,ok,0
electricity_demand,es,nation,2022-07-05,766576.117,mwh,ree,2022-07-05,,2026-09-26,ok,0
electricity_demand,es,nation,2022-07-06,763815.16,mwh,ree,2022-07-06,,2026-09-26,ok,0
electricity_demand,es,nation,2022-07-07,756028.699,mwh,ree,2022-07-07,,2026-09-26,ok,0
electricity_demand,es,nation,2022-07-08,760229.022,mwh,ree,2022-07-08,,2026-09-26,ok,0
electricity_demand,es,nation,2022-07-09,692390.322,mwh,ree,2022-07-09,,2026-09-26,ok,0
electricity_demand,es,nation,2022-07-10,652462.732,mwh,ree,2022-07-10,,2026-09-26,ok,0
electricity_demand,es,nation,2022-07-11,781323.554,mwh,ree,2022-07-11,,2026-09-26,ok,0
electricity_demand,es,nation,2022-07-12,811270.388,mwh,ree,2022-07-12,,2026-09-26,ok,0
electricity_demand,es,nation,2022-07-13,827870.215,mwh,ree,2022-07-13,,2026-09-26,ok,0
electricity_demand,es,nation,2022-07-14,836258.259,mwh,ree,2022-07-14,,2026-09-26,ok,0
electricity_demand,es,nation,2022-07-15,831856.371,mwh,ree,2022-07-15,,2026-09-26,ok,0
electricity_demand,es,nation,2022-07-16,748679.261,mwh,ree,2022-07-16,,2026-09-26,ok,0
electricity_demand,es,nation,2022-07-17,698666.051,mwh,ree,2022-07-17,,2026-09-26,ok,0
electricity_demand,es,nation,2022-07-18,822023.508,mwh,ree,2022-07-18,,2026-09-26,ok,0
electricity_demand,es,nation,2022-07-19,823558.586,mwh,ree,2022-07-19,,2026-09-26,ok,0
electricity_demand,es,nation,2022-07-20,823283.426,mwh,ree,2022-07-20,,2026-09-26,ok,0
electricity_demand,es,nation,2022-07-21,836727.903,mwh,ree,2022-07-21,,2026-09-26,ok,0
electricity_demand,es,nation,2022-07-22,831424.411,mwh,ree,2022-07-22,,2026-09-26,ok,0
electricity_demand,es,nation,2022-07-23,735091.226,mwh,ree,2022-07-23,,2026-09-26,ok,0
electricity_demand,es,nation,2022-07-24,687821.417,mwh,ree,2022-07-24,,2026-09-26,ok,0
electricity_demand,es,nation,2022-07-25,787876.394,mwh,ree,2022-07-25,,2026-09-26,ok,0
electricity_demand,es,nation,2022-07-26,824187.447,mwh,ree,2022-07-26,,2026-09-26,ok,0
electricity_demand,es,nation,2022-07-27,806232.992,mwh,ree,2022-07-27,,2026-09-26,ok,0
electricity_demand,es,nation,2022-07-28,800376.722,mwh,ree,2022-07-28,,2026-09-26,ok,0
electricity_demand,es,nation,2022-07-29,793992.235,mwh,ree,2022-07-29,,2026-09-26,ok,0
electricity_demand,es,nation,2022-07-30,718385.467,mwh,ree,2022-07-30,,2026-09-26,ok,0
electricity_demand,es,nation,2022-07-31,675415.017,mwh,ree,2022-07-31,,2026-09-26,ok,0
electricity_demand,es,nation,2022-08-01,782866.189,mwh,ree,2022-08-01,,2026-09-26,ok,0
electricity_demand,es,nation,2022-08-02,800030.828,mwh,ree,2022-08-02,,2026-09-26,ok,0
electricity_demand,es,nation,2022-08-03,795863.729,mwh,ree,2022-08-03,,2026-09-26,ok,0
electricity_demand,es,nation,2022-08-04,789564.733,mwh,ree,2022-08-04,,2026-09-26,ok,0
electricity_demand,es,nation,2022-08-05,772886.414,mwh,ree,2022-08-05,,2026-09-26,ok,0
electricity_demand,es,nation,2022-08-06,699119.098,mwh,ree,2022-08-06,,2026-09-26,ok,0
electricity_demand,es,nation,2022-08-07,647889.366,mwh,ree,2022-08-07,,2026-09-26,ok,0
electricity_demand,es,nation,2022-08-08,727811.301,mwh,ree,2022-08-08,,2026-09-26,ok,0
electricity_demand,es,nation,2022-08-09,745979.959,mwh,ree,2022-08-09,,2026-09-26,ok,0
electricity_demand,es,nation,2022-08-10,754636.552,mwh,ree,2022-08-10,,2026-09-26,ok,0
electricity_demand,es,nation,2022-08-11,750843.942,mwh,ree,2022-08-11,,2026-09-26,ok,0
electricity_demand,es,nation,2022-08-12,750786.746,mwh,ree,2022-08-12,,2026-09-26,ok,0
electricity_demand,es,nation,2022-08-13,698246.392,mwh,ree,2022-08-13,,2026-09-26,ok,0
electricity_demand,es,nation,2022-08-14,629884.456,mwh,ree,2022-08-14,,2026-09-26,ok,0
electricity_demand,es,nation,2022-08-15,622660.016,mwh,ree,2022-08-15,,2026-09-26,ok,0
electricity_demand,es,nation,2022-08-16,680755.938,mwh,ree,2022-08-16,,2026-09-26,ok,0
electricity_demand,es,nation,2022-08-17,677139.664,mwh,ree,2022-08-17,,2026-09-26,ok,0
electricity_demand,es,nation,2022-08-18,659330.261,mwh,ree,2022-08-18,,2026-09-26,ok,0
electricity_demand,es,nation,2022-08-19,661916.618,mwh,ree,2022-08-19,,2026-09-26,ok,0
electricity_demand,es,nation,2022-08-20,633699.219,mwh,ree,2022-08-20,,2026-09-26,ok,0
electricity_demand,es,nation,2022-08-21,602791.839,mwh,ree,2022-08-21,,2026-09-26,ok,0
electricity_demand,es,nation,2022-08-22,703153.961,mwh,ree,2022-08-22,,2026-09-26,ok,0
electricity_demand,es,nation,2022-08-23,730634.865,mwh,ree,2022-08-23,,2026-09-26,ok,0
electricity_demand,es,nation,2022-08-24,738558.459,mwh,ree,2022-08-24,,2026-09-26,ok,0
electricity_demand,es,nation,2022-08-25,736603.211,mwh,ree,2022-08-25,,2026-09-26,ok,0
electricity_demand,es,nation,2022-08-26,725562.063,mwh,ree,2022-08-26,,2026-09-26,ok,0
electricity_demand,es,nation,2022-08-27,656630.131,mwh,ree,2022-08-27,,2026-09-26,ok,0
electricity_demand,es,nation,2022-08-28,615465.721,mwh,ree,2022-08-28,,2026-09-26,ok,0
electricity_demand,es,nation,2022-08-29,727200.545,mwh,ree,2022-08-29,,2026-09-26,ok,0
electricity_demand,es,nation,2022-08-30,750924.467,mwh,ree,2022-08-30,,2026-09-26,ok,0
electricity_demand,es,nation,2022-08-31,740231.753,mwh,ree,2022-08-31,,2026-09-26,ok,0
electricity_demand,es,nation,2022-09-01,731641.339,mwh,ree,2022-09-01,,2026-09-26,ok,0
electricity_demand,es,nation,2022-09-02,732227.67,mwh,ree,2022-09-02,,2026-09-26,ok,0
electricity_demand,es,nation,2022-09-03,642236.01,mwh,ree,2022-09-03,,2026-09-26,ok,0
electricity_demand,es,nation,2022-09-04,596575.601,mwh,ree,2022-09-04,,2026-09-26,ok,0
electricity_demand,es,nation,2022-09-05,711057.502,mwh,ree,2022-09-05,,2026-09-26,ok,0
electricity_demand,es,nation,2022-09-06,727527.085,mwh,ree,2022-09-06,,2026-09-26,ok,0
electricity_demand,es,nation,2022-09-07,731678,mwh,ree,2022-09-07,,2026-09-26,ok,0
electricity_demand,es,nation,2022-09-08,715619.573,mwh,ree,2022-09-08,,2026-09-26,ok,0
electricity_demand,es,nation,2022-09-09,721661.277,mwh,ree,2022-09-09,,2026-09-26,ok,0
electricity_demand,es,nation,2022-09-10,653804.812,mwh,ree,2022-09-10,,2026-09-26,ok,0
electricity_demand,es,nation,2022-09-11,619822.057,mwh,ree,2022-09-11,,2026-09-26,ok,0
electricity_demand,es,nation,2022-09-12,743105.948,mwh,ree,2022-09-12,,2026-09-26,ok,0
electricity_demand,es,nation,2022-09-13,746416.15,mwh,ree,2022-09-13,,2026-09-26,ok,0
electricity_demand,es,nation,2022-09-14,722541.723,mwh,ree,2022-09-14,,2026-09-26,ok,0
electricity_demand,es,nation,2022-09-15,713473.613,mwh,ree,2022-09-15,,2026-09-26,ok,0
electricity_demand,es,nation,2022-09-16,708799.082,mwh,ree,2022-09-16,,2026-09-26,ok,0
electricity_demand,es,nation,2022-09-17,619334.834,mwh,ree,2022-09-17,,2026-09-26,ok,0
electricity_demand,es,nation,2022-09-18,574254.188,mwh,ree,2022-09-18,,2026-09-26,ok,0
electricity_demand,es,nation,2022-09-19,685476.662,mwh,ree,2022-09-19,,2026-09-26,ok,0
electricity_demand,es,nation,2022-09-20,704300.231,mwh,ree,2022-09-20,,2026-09-26,ok,0
electricity_demand,es,nation,2022-09-21,700070.02,mwh,ree,2022-09-21,,2026-09-26,ok,0
electricity_demand,es,nation,2022-09-22,695597.389,mwh,ree,2022-09-22,,2026-09-26,ok,0
electricity_demand,es,nation,2022-09-23,689988.523,mwh,ree,2022-09-23,,2026-09-26,ok,0
electricity_demand,es,nation,2022-09-24,602468.746,mwh,ree,2022-09-24,,2026-09-26,ok,0
electricity_demand,es,nation,2022-09-25,547492.934,mwh,ree,2022-09-25,,2026-09-26,ok,0
electricity_demand,es,nation,2022-09-26,638740.351,mwh,ree,2022-09-26,,2026-09-26,ok,0
electricity_demand,es,nation,2022-09-27,659456.712,mwh,ree,2022-09-27,,2026-09-26,ok,0
electricity_demand,es,nation,2022-09-28,663780.704,mwh,ree,2022-09-28,,2026-09-26,ok,0
electricity_demand,es,nation,2022-09-29,663785.856,mwh,ree,2022-09-29,,2026-09-26,ok,0
electricity_demand,es,nation,2022-09-30,649024.388,mwh,ree,2022-09-30,,2026-09-26,ok,0
electricity_demand,es,nation,2022-10-01,576530.486,mwh,ree,2022-10-01,,2026-09-26,ok,0
electricity_demand,es,nation,2022-10-02,536105.027,mwh,ree,2022-10-02,,2026-09-26,ok,0
electricity_demand,es,nation,2022-10-03,644976.653,mwh,ree,2022-10-03,,2026-09-26,ok,0
electricity_demand,es,nation,2022-10-04,667812.384,mwh,ree,2022-10-04,,2026-09-26,ok,0
electricity_demand,es,nation,2022-10-05,669204.132,mwh,ree,2022-10-05,,2026-09-26,ok,0
electricity_demand,es,nation,2022-10-06,675127.531,mwh,ree,2022-10-06,,2026-09-26,ok,0
electricity_demand,es,nation,2022-10-07,666351.834,mwh,ree,2022-10-07,,2026-09-26,ok,0
electricity_demand,es,nation,2022-10-08,589542.598,mwh,ree,2022-10-08,,2026-09-26,ok,0
electricity_demand,es,nation,2022-10-09,540796.45,mwh,ree,2022-10-09,,2026-09-26,ok,0
electricity_demand,es,nation,2022-10-10,644622.826,mwh,ree,2022-10-10,,2026-09-26,ok,0
electricity_demand,es,nation,2022-10-11,654510.421,mwh,ree,2022-10-11,,2026-09-26,ok,0
electricity_demand,es,nation,2022-10-12,557942.649,mwh,ree,2022-10-12,,2026-09-26,ok,0
electricity_demand,es,nation,2022-10-13,641378.909,mwh,ree,2022-10-13,,2026-09-26,ok,0
electricity_demand,es,nation,2022-10-14,654335.366,mwh,ree,2022-10-14,,2026-09-26,ok,0
electricity_demand,es,nation,2022-10-15,579414.681,mwh,ree,2022-10-15,,2026-09-26,ok,0
electricity_demand,es,nation,2022-10-16,540243.248,mwh,ree,2022-10-16,,2026-09-26,ok,0
electricity_demand,es,nation,2022-10-17,645458.789,mwh,ree,2022-10-17,,2026-09-26,ok,0
electricity_demand,es,nation,2022-10-18,666698.644,mwh,ree,2022-10-18,,2026-09-26,ok,0
electricity_demand,es,nation,2022-10-19,678778.124,mwh,ree,2022-10-19,,2026-09-26,ok,0
electricity_demand,es,nation,2022-10-20,683996.794,mwh,ree,2022-10-20,,2026-09-26,ok,0
electricity_demand,es,nation,2022-10-21,672847.573,mwh,ree,2022-10-21,,2026-09-26,ok,0
electricity_demand,es,nation,2022-10-22,586790.797,mwh,ree,2022-10-22,,2026-09-26,ok,0
electricity_demand,es,nation,2022-10-23,551003.213,mwh,ree,2022-10-23,,2026-09-26,ok,0
electricity_demand,es,nation,2022-10-24,646287.207,mwh,ree,2022-10-24,,2026-09-26,ok,0
electricity_demand,es,nation,2022-10-25,663966.837,mwh,ree,2022-10-25,,2026-09-26,ok,0
electricity_demand,es,nation,2022-10-26,669571.962,mwh,ree,2022-10-26,,2026-09-26,ok,0
electricity_demand,es,nation,2022-10-27,664276.72,mwh,ree,2022-10-27,,2026-09-26,ok,0
electricity_demand,es,nation,2022-10-28,653085.719,mwh,ree,2022-10-28,,2026-09-26,ok,0
electricity_demand,es,nation,2022-10-29,573082.907,mwh,ree,2022-10-29,,2026-09-26,ok,0
electricity_demand,es,nation,2022-10-30,547874.045,mwh,ree,2022-10-30,,2026-09-26,ok,0
electricity_demand,es,nation,2022-10-31,587498.589,mwh,ree,2022-10-31,,2026-09-26,ok,0
electricity_demand,es,nation,2022-11-01,538630.845,mwh,ree,2022-11-01,,2026-09-26,ok,0
electricity_demand,es,nation,2022-11-02,634187.151,mwh,ree,2022-11-02,,2026-09-26,ok,0
electricity_demand,es,nation,2022-11-03,656532.768,mwh,ree,2022-11-03,,2026-09-26,ok,0
electricity_demand,es,nation,2022-11-04,653078.471,mwh,ree,2022-11-04,,2026-09-26,ok,0
electricity_demand,es,nation,2022-11-05,571841.348,mwh,ree,2022-11-05,,2026-09-26,ok,0
electricity_demand,es,nation,2022-11-06,532238.943,mwh,ree,2022-11-06,,2026-09-26,ok,0
electricity_demand,es,nation,2022-11-07,612953.806,mwh,ree,2022-11-07,,2026-09-26,ok,0
electricity_demand,es,nation,2022-11-08,666701.201,mwh,ree,2022-11-08,,2026-09-26,ok,0
electricity_demand,es,nation,2022-11-09,661163.333,mwh,ree,2022-11-09,,2026-09-26,ok,0
electricity_demand,es,nation,2022-11-10,664449.942,mwh,ree,2022-11-10,,2026-09-26,ok,0
electricity_demand,es,nation,2022-11-11,664653.882,mwh,ree,2022-11-11,,2026-09-26,ok,0
electricity_demand,es,nation,2022-11-12,588358.835,mwh,ree,2022-11-12,,2026-09-26,ok,0
electricity_demand,es,nation,2022-11-13,542933.157,mwh,ree,2022-11-13,,2026-09-26,ok,0
electricity_demand,es,nation,2022-11-14,652741.12,mwh,ree,2022-11-14,,2026-09-26,ok,0
electricity_demand,es,nation,2022-11-15,651544.301,mwh,ree,2022-11-15,,2026-09-26,ok,0
electricity_demand,es,nation,2022-11-16,681393.885,mwh,ree,2022-11-16,,2026-09-26,ok,0
electricity_demand,es,nation,2022-11-17,679641.411,mwh,ree,2022-11-17,,2026-09-26,ok,0
electricity_demand,es,nation,2022-11-18,675636.087,mwh,ree,2022-11-18,,2026-09-26,ok,0
electricity_demand,es,nation,2022-11-19,603900.284,mwh,ree,2022-11-19,,2026-09-26,ok,0
electricity_demand,es,nation,2022-11-20,560680.142,mwh,ree,2022-11-20,,2026-09-26,ok,0
electricity_demand,es,nation,2022-11-21,686937.943,mwh,ree,2022-11-21,,2026-09-26,ok,0
electricity_demand,es,nation,2022-11-22,715617.289,mwh,ree,2022-11-22,,2026-09-26,ok,0
electricity_demand,es,nation,2022-11-23,701571.613,mwh,ree,2022-11-23,,2026-09-26,ok,0
electricity_demand,es,nation,2022-11-24,698309.438,mwh,ree,2022-11-24,,2026-09-26,ok,0
electricity_demand,es,nation,2022-11-25,682256.747,mwh,ree,2022-11-25,,2026-09-26,ok,0
electricity_demand,es,nation,2022-11-26,614741.775,mwh,ree,2022-11-26,,2026-09-26,ok,0
electricity_demand,es,nation,2022-11-27,582620.008,mwh,ree,2022-11-27,,2026-09-26,ok,0
electricity_demand,es,nation,2022-11-28,688907.474,mwh,ree,2022-11-28,,2026-09-26,ok,0
electricity_demand,es,nation,2022-11-29,712802.199,mwh,ree,2022-11-29,,2026-09-26,ok,0
electricity_demand,es,nation,2022-11-30,724740.32,mwh,ree,2022-11-30,,2026-09-26,ok,0
electricity_demand,es,nation,2022-12-01,730613.079,mwh,ree,2022-12-01,,2026-09-26,ok,0
electricity_demand,es,nation,2022-12-02,731618.823,mwh,ree,2022-12-02,,2026-09-26,ok,0
electricity_demand,es,nation,2022-12-03,659861.394,mwh,ree,2022-12-03,,2026-09-26,ok,0
electricity_demand,es,nation,2022-12-04,616327.939,mwh,ree,2022-12-04,,2026-09-26,ok,0
electricity_demand,es,nation,2022-12-05,707473.451,mwh,ree,2022-12-05,,2026-09-26,ok,0
electricity_demand,es,nation,2022-12-06,645078.436,mwh,ree,2022-12-06,,2026-09-26,ok,0
electricity_demand,es,nation,2022-12-07,693711.869,mwh,ree,2022-12-07,,2026-09-26,ok,0
electricity_demand,es,nation,2022-12-08,632319.537,mwh,ree,2022-12-08,,2026-09-26,ok,0
electricity_demand,es,nation,2022-12-09,671091.448,mwh,ree,2022-12-09,,2026-09-26,ok,0
electricity_demand,es,nation,2022-12-10,623146.186,mwh,ree,2022-12-10,,2026-09-26,ok,0
electricity_demand,es,nation,2022-12-11,606821.364,mwh,ree,2022-12-11,,2026-09-26,ok,0
electricity_demand,es,nation,2022-12-12,728180.46,mwh,ree,2022-12-12,,2026-09-26,ok,0
electricity_demand,es,nation,2022-12-13,732934.204,mwh,ree,2022-12-13,,2026-09-26,ok,0
electricity_demand,es,nation,2022-12-14,717540.301,mwh,ree,2022-12-14,,2026-09-26,ok,0
electricity_demand,es,nation,2022-12-15,712548.603,mwh,ree,2022-12-15,,2026-09-26,ok,0
electricity_demand,es,nation,2022-12-16,713514.912,mwh,ree,2022-12-16,,2026-09-26,ok,0
electricity_demand,es,nation,2022-12-17,629703.175,mwh,ree,2022-12-17,,2026-09-26,ok,0
electricity_demand,es,nation,2022-12-18,591386.911,mwh,ree,2022-12-18,,2026-09-26,ok,0
electricity_demand,es,nation,2022-12-19,708990.929,mwh,ree,2022-12-19,,2026-09-26,ok,0
electricity_demand,es,nation,2022-12-20,724156.043,mwh,ree,2022-12-20,,2026-09-26,ok,0
electricity_demand,es,nation,2022-12-21,711189.579,mwh,ree,2022-12-21,,2026-09-26,ok,0
electricity_demand,es,nation,2022-12-22,694814.032,mwh,ree,2022-12-22,,2026-09-26,ok,0
electricity_demand,es,nation,2022-12-23,657996.045,mwh,ree,2022-12-23,,2026-09-26,ok,0
electricity_demand,es,nation,2022-12-24,562091.314,mwh,ree,2022-12-24,,2026-09-26,ok,0
electricity_demand,es,nation,2022-12-25,489067.621,mwh,ree,2022-12-25,,2026-09-26,ok,0
electricity_demand,es,nation,2022-12-26,532343.828,mwh,ree,2022-12-26,,2026-09-26,ok,0
electricity_demand,es,nation,2022-12-27,612141.492,mwh,ree,2022-12-27,,2026-09-26,ok,0
electricity_demand,es,nation,2022-12-28,629989.307,mwh,ree,2022-12-28,,2026-09-26,ok,0
electricity_demand,es,nation,2022-12-29,637184.984,mwh,ree,2022-12-29,,2026-09-26,ok,0
electricity_demand,es,nation,2022-12-30,624064.594,mwh,ree,2022-12-30,,2026-09-26,ok,0
electricity_demand,es,nation,2022-12-31,559754.852,mwh,ree,2022-12-31,,2026-09-26,ok,0
electricity_demand,es,nation,2023-01-01,506425.906,mwh,ree,2023-01-01,,2026-09-26,ok,0
electricity_demand,es,nation,2023-01-02,621645.824,mwh,ree,2023-01-02,,2026-09-26,ok,0
electricity_demand,es,nation,2023-01-03,677052.137,mwh,ree,2023-01-03,,2026-09-26,ok,0
electricity_demand,es,nation,2023-01-04,689160.95,mwh,ree,2023-01-04,,2026-09-26,ok,0
electricity_demand,es,nation,2023-01-05,671291.045,mwh,ree,2023-01-05,,2026-09-26,ok,0
electricity_demand,es,nation,2023-01-06,580299.936,mwh,ree,2023-01-06,,2026-09-26,ok,0
electricity_demand,es,nation,2023-01-07,626064.221,mwh,ree,2023-01-07,,2026-09-26,ok,0
electricity_demand,es,nation,2023-01-08,614482.321,mwh,ree,2023-01-08,,2026-09-26,ok,0
electricity_demand,es,nation,2023-01-09,702001.315,mwh,ree,2023-01-09,,2026-09-26,ok,0
electricity_demand,es,nation,2023-01-10,731661.44,mwh,ree,2023-01-10,,2026-09-26,ok,0
electricity_demand,es,nation,2023-01-11,738957.782,mwh,ree,2023-01-11,,2026-09-26,ok,0
electricity_demand,es,nation,2023-01-12,743091.787,mwh,ree,2023-01-12,,2026-09-26,ok,0
electricity_demand,es,nation,2023-01-13,737961.141,mwh,ree,2023-01-13,,2026-09-26,ok,0
electricity_demand,es,nation,2023-01-14,663062.596,mwh,ree,2023-01-14,,2026-09-26,ok,0
electricity_demand,es,nation,2023-01-15,615888.197,mwh,ree,2023-01-15,,2026-09-26,ok,0
electricity_demand,es,nation,2023-01-16,755509.285,mwh,ree,2023-01-16,,2026-09-26,ok,0
electricity_demand,es,nation,2023-01-17,758739.977,mwh,ree,2023-01-17,,2026-09-26,ok,0
electricity_demand,es,nation,2023-01-18,780321.606,mwh,ree,2023-01-18,,2026-09-26,ok,0
electricity_demand,es,nation,2023-01-19,790062.795,mwh,ree,2023-01-19,,2026-09-26,ok,0
electricity_demand,es,nation,2023-01-20,757426.586,mwh,ree,2023-01-20,,2026-09-26,ok,0
electricity_demand,es,nation,2023-01-21,676924.309,mwh,ree,2023-01-21,,2026-09-26,ok,0
electricity_demand,es,nation,2023-01-22,649293.321,mwh,ree,2023-01-22,,2026-09-26,ok,0
electricity_demand,es,nation,2023-01-23,787526.211,mwh,ree,2023-01-23,,2026-09-26,ok,0
electricity_demand,es,nation,2023-01-24,825630.213,mwh,ree,2023-01-24,,2026-09-26,ok,0
electricity_demand,es,nation,2023-01-25,816153.242,mwh,ree,2023-01-25,,2026-09-26,ok,0
electricity_demand,es,nation,2023-01-26,817260.311,mwh,ree,2023-01-26,,2026-09-26,ok,0
electricity_demand,es,nation,2023-01-27,806430.869,mwh,ree,2023-01-27,,2026-09-26,ok,0
electricity_demand,es,nation,2023-01-28,718692.953,mwh,ree,2023-01-28,,2026-09-26,ok,0
electricity_demand,es,nation,2023-01-29,675983.757,mwh,ree,2023-01-29,,2026-09-26,ok,0
electricity_demand,es,nation,2023-01-30,795325.338,mwh,ree,2023-01-30,,2026-09-26,ok,0
electricity_demand,es,nation,2023-01-31,803698.92,mwh,ree,2023-01-31,,2026-09-26,ok,0
electricity_demand,es,nation,2023-02-01,801662.332,mwh,ree,2023-02-01,,2026-09-26,ok,0
electricity_demand,es,nation,2023-02-02,790975.567,mwh,ree,2023-02-02,,2026-09-26,ok,0
electricity_demand,es,nation,2023-02-03,775632.369,mwh,ree,2023-02-03,,2026-09-26,ok,0
electricity_demand,es,nation,2023-02-04,684167.496,mwh,ree,2023-02-04,,2026-09-26,ok,0
electricity_demand,es,nation,2023-02-05,638690.856,mwh,ree,2023-02-05,,2026-09-26,ok,0
electricity_demand,es,nation,2023-02-06,775399.85,mwh,ree,2023-02-06,,2026-09-26,ok,0
electricity_demand,es,nation,2023-02-07,808031.458,mwh,ree,2023-02-07,,2026-09-26,ok,0
electricity_demand,es,nation,2023-02-08,805426.932,mwh,ree,2023-02-08,,2026-09-26,ok,0
electricity_demand,es,nation,2023-02-09,795325.55,mwh,ree,2023-02-09,,2026-09-26,ok,0
electricity_demand,es,nation,2023-02-10,791833.872,mwh,ree,2023-02-10,,2026-09-26,ok,0
electricity_demand,es,nation,2023-02-11,696716.754,mwh,ree,2023-02-11,,2026-09-26,ok,0
electricity_demand,es,nation,2023-02-12,648805.368,mwh,ree,2023-02-12,,2026-09-26,ok,0
electricity_demand,es,nation,2023-02-13,763941.892,mwh,ree,2023-02-13,,2026-09-26,ok,0
electricity_demand,es,nation,2023-02-14,776349.758,mwh,ree,2023-02-14,,2026-09-26,ok,0
electricity_demand,es,nation,2023-02-15,765234.644,mwh,ree,2023-02-15,,2026-09-26,ok,0
electricity_demand,es,nation,2023-02-16,756184.773,mwh,ree,2023-02-16,,2026-09-26,ok,0
electricity_demand,es,nation,2023-02-17,745841.242,mwh,ree,2023-02-17,,2026-09-26,ok,0
electricity_demand,es,nation,2023-02-18,656958.729,mwh,ree,2023-02-18,,2026-09-26,ok,0
electricity_demand,es,nation,2023-02-19,604243.142,mwh,ree,2023-02-19,,2026-09-26,ok,0
electricity_demand,es,nation,2023-02-20,703843.757,mwh,ree,2023-02-20,,2026-09-26,ok,0
electricity_demand,es,nation,2023-02-21,718542.25,mwh,ree,2023-02-21,,2026-09-26,ok,0
electricity_demand,es,nation,2023-02-22,723179.886,mwh,ree,2023-02-22,,2026-09-26,ok,0
electricity_demand,es,nation,2023-02-23,744746.598,mwh,ree,2023-02-23,,2026-09-26,ok,0
electricity_demand,es,nation,2023-02-24,741153.705,mwh,ree,2023-02-24,,2026-09-26,ok,0
electricity_demand,es,nation,2023-02-25,670495.14,mwh,ree,2023-02-25,,2026-09-26,ok,0
electricity_demand,es,nation,2023-02-26,633054.625,mwh,ree,2023-02-26,,2026-09-26,ok,0
electricity_demand,es,nation,2023-02-27,769247.838,mwh,ree,2023-02-27,,2026-09-26,ok,0
electricity_demand,es,nation,2023-02-28,774548.797,mwh,ree,2023-02-28,,2026-09-26,ok,0
electricity_demand,es,nation,2023-03-01,790626.199,mwh,ree,2023-03-01,,2026-09-26,ok,0
electricity_demand,es,nation,2023-03-02,796204.01,mwh,ree,2023-03-02,,2026-09-26,ok,0
electricity_demand,es,nation,2023-03-03,772937.401,mwh,ree,2023-03-03,,2026-09-26,ok,0
electricity_demand,es,nation,2023-03-04,674017.739,mwh,ree,2023-03-04,,2026-09-26,ok,0
electricity_demand,es,nation,2023-03-05,635805.655,mwh,ree,2023-03-05,,2026-09-26,ok,0
electricity_demand,es,nation,2023-03-06,739440.9,mwh,ree,2023-03-06,,2026-09-26,ok,0
electricity_demand,es,nation,2023-03-07,736668.395,mwh,ree,2023-03-07,,2026-09-26,ok,0
electricity_demand,es,nation,2023-03-08,726365.685,mwh,ree,2023-03-08,,2026-09-26,ok,0
electricity_demand,es,nation,2023-03-09,716452.857,mwh,ree,2023-03-09,,2026-09-26,ok,0
electricity_demand,es,nation,2023-03-10,689273.37,mwh,ree,2023-03-10,,2026-09-26,ok,0
electricity_demand,es,nation,2023-03-11,608584.638,mwh,ree,2023-03-11,,2026-09-26,ok,0
electricity_demand,es,nation,2023-03-12,557439.954,mwh,ree,2023-03-12,,2026-09-26,ok,0
electricity_demand,es,nation,2023-03-13,658906.077,mwh,ree,2023-03-13,,2026-09-26,ok,0
electricity_demand,es,nation,2023-03-14,669720.805,mwh,ree,2023-03-14,,2026-09-26,ok,0
electricity_demand,es,nation,2023-03-15,669686.9,mwh,ree,2023-03-15,,2026-09-26,ok,0
electricity_demand,es,nation,2023-03-16,671404.492,mwh,ree,2023-03-16,,2026-09-26,ok,0
electricity_demand,es,nation,2023-03-17,669898.72,mwh,ree,2023-03-17,,2026-09-26,ok,0
electricity_demand,es,nation,2023-03-18,603233.37,mwh,ree,2023-03-18,,2026-09-26,ok,0
electricity_demand,es,nation,2023-03-19,551700.834,mwh,ree,2023-03-19,,2026-09-26,ok,0
electricity_demand,es,nation,2023-03-20,641384.343,mwh,ree,2023-03-20,,2026-09-26,ok,0
electricity_demand,es,nation,2023-03-21,667437.684,mwh,ree,2023-03-21,,2026-09-26,ok,0
electricity_demand,es,nation,2023-03-22,665415.519,mwh,ree,2023-03-22,,2026-09-26,ok,0
electricity_demand,es,nation,2023-03-23,664773.196,mwh,ree,2023-03-23,,2026-09-26,ok,0
electricity_demand,es,nation,2023-03-24,664920.294,mwh,ree,2023-03-24,,2026-09-26,ok,0
electricity_demand,es,nation,2023-03-25,595900.869,mwh,ree,2023-03-25,,2026-09-26,ok,0
electricity_demand,es,nation,2023-03-26,525933.283,mwh,ree,2023-03-26,,2026-09-26,ok,0
electricity_demand,es,nation,2023-03-27,642067.363,mwh,ree,2023-03-27,,2026-09-26,ok,0
electricity_demand,es,nation,2023-03-28,655229.932,mwh,ree,2023-03-28,,2026-09-26,ok,0
electricity_demand,es,nation,2023-03-29,657287.875,mwh,ree,2023-03-29,,2026-09-26,ok,0
electricity_demand,es,nation,2023-03-30,660755.927,mwh,ree,2023-03-30,,2026-09-26,ok,0
electricity_demand,es,nation,2023-03-31,660236.946,mwh,ree,2023-03-31,,2026-09-26,ok,0
electricity_demand,es,nation,2023-04-01,592046.555,mwh,ree,2023-04-01,,2026-09-26,ok,0
electricity_demand,es,nation,2023-04-02,548874.924,mwh,ree,2023-04-02,,2026-09-26,ok,0
electricity_demand,es,nation,2023-04-03,639072.811,mwh,ree,2023-04-03,,2026-09-26,ok,0
electricity_demand,es,nation,2023-04-04,652016.035,mwh,ree,2023-04-04,,2026-09-26,ok,0
electricity_demand,es,nation,2023-04-05,639631.827,mwh,ree,2023-04-05,,2026-09-26,ok,0
electricity_demand,es,nation,2023-04-06,564889.452,mwh,ree,2023-04-06,,2026-09-26,ok,0
electricity_demand,es,nation,2023-04-07,518549.539,mwh,ree,2023-04-07,,2026-09-26,ok,0
electricity_demand,es,nation,2023-04-08,531339.729,mwh,ree,2023-04-08,,2026-09-26,ok,0
electricity_demand,es,nation,2023-04-09,508947.86,mwh,ree,2023-04-09,,2026-09-26,ok,0
electricity_demand,es,nation,2023-04-10,562915.862,mwh,ree,2023-04-10,,2026-09-26,ok,0
electricity_demand,es,nation,2023-04-11,631802.137,mwh,ree,2023-04-11,,2026-09-26,ok,0
electricity_demand,es,nation,2023-04-12,660115.2,mwh,ree,2023-04-12,,2026-09-26,ok,0
electricity_demand,es,nation,2023-04-13,658532.314,mwh,ree,2023-04-13,,2026-09-26,ok,0
electricity_demand,es,nation,2023-04-14,664022.635,mwh,ree,2023-04-14,,2026-09-26,ok,0
electricity_demand,es,nation,2023-04-15,592441.566,mwh,ree,2023-04-15,,2026-09-26,ok,0
electricity_demand,es,nation,2023-04-16,547231.264,mwh,ree,2023-04-16,,2026-09-26,ok,0
electricity_demand,es,nation,2023-04-17,634831.145,mwh,ree,2023-04-17,,2026-09-26,ok,0
electricity_demand,es,nation,2023-04-18,654865.618,mwh,ree,2023-04-18,,2026-09-26,ok,0
electricity_demand,es,nation,2023-04-19,654950.573,mwh,ree,2023-04-19,,2026-09-26,ok,0
electricity_demand,es,nation,2023-04-20,656653.518,mwh,ree,2023-04-20,,2026-09-26,ok,0
electricity_demand,es,nation,2023-04-21,650980.32,mwh,ree,2023-04-21,,2026-09-26,ok,0
electricity_demand,es,nation,2023-04-22,590495.8,mwh,ree,2023-04-22,,2026-09-26,ok,0
electricity_demand,es,nation,2023-04-23,544376.883,mwh,ree,2023-04-23,,2026-09-26,ok,0
electricity_demand,es,nation,2023-04-24,633779.346,mwh,ree,2023-04-24,,2026-09-26,ok,0
electricity_demand,es,nation,2023-04-25,659059.16,mwh,ree,2023-04-25,,2026-09-26,ok,0
electricity_demand,es,nation,2023-04-26,661852.956,mwh,ree,2023-04-26,,2026-09-26,ok,0
electricity_demand,es,nation,2023-04-27,666829.312,mwh,ree,2023-04-27,,2026-09-26,ok,0
electricity_demand,es,nation,2023-04-28,661354.264,mwh,ree,2023-04-28,,2026-09-26,ok,0
electricity_demand,es,nation,2023-04-29,592081.712,mwh,ree,2023-04-29,,2026-09-26,ok,0
electricity_demand,es,nation,2023-04-30,542193.983,mwh,ree,2023-04-30,,2026-09-26,ok,0
electricity_demand,es,nation,2023-05-01,523889.313,mwh,ree,2023-05-01,,2026-09-26,ok,0
electricity_demand,es,nation,2023-05-02,622434.735,mwh,ree,2023-05-02,,2026-09-26,ok,0
electricity_demand,es,nation,2023-05-03,660714.847,mwh,ree,2023-05-03,,2026-09-26,ok,0
electricity_demand,es,nation,2023-05-04,665290.908,mwh,ree,2023-05-04,,2026-09-26,ok,0
electricity_demand,es,nation,2023-05-05,659616.923,mwh,ree,2023-05-05,,2026-09-26,ok,0
electricity_demand,es,nation,2023-05-06,590485.791,mwh,ree,2023-05-06,,2026-09-26,ok,0
electricity_demand,es,nation,2023-05-07,548502.085,mwh,ree,2023-05-07,,2026-09-26,ok,0
electricity_demand,es,nation,2023-05-08,642369.829,mwh,ree,2023-05-08,,2026-09-26,ok,0
electricity_demand,es,nation,2023-05-09,668097.149,mwh,ree,2023-05-09,,2026-09-26,ok,0
electricity_demand,es,nation,2023-05-10,663531.114,mwh,ree,2023-05-10,,2026-09-26,ok,0
electricity_demand,es,nation,2023-05-11,657135.64,mwh,ree,2023-05-11,,2026-09-26,ok,0
electricity_demand,es,nation,2023-05-12,656184.255,mwh,ree,2023-05-12,,2026-09-26,ok,0
electricity_demand,es,nation,2023-05-13,585306.083,mwh,ree,2023-05-13,,2026-09-26,ok,0
electricity_demand,es,nation,2023-05-14,542358.512,mwh,ree,2023-05-14,,2026-09-26,ok,0
electricity_demand,es,nation,2023-05-15,631619.964,mwh,ree,2023-05-15,,2026-09-26,ok,0
electricity_demand,es,nation,2023-05-16,651749.949,mwh,ree,2023-05-16,,2026-09-26,ok,0
electricity_demand,es,nation,2023-05-17,643132.606,mwh,ree,2023-05-17,,2026-09-26,ok,0
electricity_demand,es,nation,2023-05-18,651137.81,mwh,ree,2023-05-18,,2026-09-26,ok,0
electricity_demand,es,nation,2023-05-19,646534.241,mwh,ree,2023-05-19,,2026-09-26,ok,0
electricity_demand,es,nation,2023-05-20,576238.824,mwh,ree,2023-05-20,,2026-09-26,ok,0
electricity_demand,es,nation,2023-05-21,535466.982,mwh,ree,2023-05-21,,2026-09-26,ok,0
electricity_demand,es,nation,2023-05-22,639422.481,mwh,ree,2023-05-22,,2026-09-26,ok,0
electricity_demand,es,nation,2023-05-23,654198.935,mwh,ree,2023-05-23,,2026-09-26,ok,0
electricity_demand,es,nation,2023-05-24,650279.581,mwh,ree,2023-05-24,,2026-09-26,ok,0
electricity_demand,es,nation,2023-05-25,651724.712,mwh,ree,2023-05-25,,2026-09-26,ok,0
electricity_demand,es,nation,2023-05-26,638249.622,mwh,ree,2023-05-26,,2026-09-26,ok,0
electricity_demand,es,nation,2023-05-27,566548.508,mwh,ree,2023-05-27,,2026-09-26,ok,0
electricity_demand,es,nation,2023-05-28,521285.615,mwh,ree,2023-05-28,,2026-09-26,ok,0
electricity_demand,es,nation,2023-05-29,621366.375,mwh,ree,2023-05-29,,2026-09-26,ok,0
electricity_demand,es,nation,2023-05-30,638434.329,mwh,ree,2023-05-30,,2026-09-26,ok,0
electricity_demand,es,nation,2023-05-31,640059.655,mwh,ree,2023-05-31,,2026-09-26,ok,0
electricity_demand,es,nation,2023-06-01,649942.676,mwh,ree,2023-06-01,,2026-09-26,ok,0
electricity_demand,es,nation,2023-06-02,642678.488,mwh,ree,2023-06-02,,2026-09-26,ok,0
electricity_demand,es,nation,2023-06-03,571764.741,mwh,ree,2023-06-03,,2026-09-26,ok,0
electricity_demand,es,nation,2023-06-04,529995.247,mwh,ree,2023-06-04,,2026-09-26,ok,0
electricity_demand,es,nation,2023-06-05,632165.698,mwh,ree,2023-06-05,,2026-09-26,ok,0
electricity_demand,es,nation,2023-06-06,660649.668,mwh,ree,2023-06-06,,2026-09-26,ok,0
electricity_demand,es,nation,2023-06-07,675239.156,mwh,ree,2023-06-07,,2026-09-26,ok,0
electricity_demand,es,nation,2023-06-08,666873.185,mwh,ree,2023-06-08,,2026-09-26,ok,0
electricity_demand,es,nation,2023-06-09,657431.943,mwh,ree,2023-06-09,,2026-09-26,ok,0
electricity_demand,es,nation,2023-06-10,585434.217,mwh,ree,2023-06-10,,2026-09-26,ok,0
electricity_demand,es,nation,2023-06-11,546386.353,mwh,ree,2023-06-11,,2026-09-26,ok,0
electricity_demand,es,nation,2023-06-12,654286.647,mwh,ree,2023-06-12,,2026-09-26,ok,0
electricity_demand,es,nation,2023-06-13,671548.429,mwh,ree,2023-06-13,,2026-09-26,ok,0
electricity_demand,es,nation,2023-06-14,675031.725,mwh,ree,2023-06-14,,2026-09-26,ok,0
electricity_demand,es,nation,2023-06-15,685681.558,mwh,ree,2023-06-15,,2026-09-26,ok,0
electricity_demand,es,nation,2023-06-16,695921.152,mwh,ree,2023-06-16,,2026-09-26,ok,0
electricity_demand,es,nation,2023-06-17,627665.321,mwh,ree,2023-06-17,,2026-09-26,ok,0
electricity_demand,es,nation,2023-06-18,577954.372,mwh,ree,2023-06-18,,2026-09-26,ok,0
electricity_demand,es,nation,2023-06-19,684896.351,mwh,ree,2023-06-19,,2026-09-26,ok,0
electricity_demand,es,nation,2023-06-20,704703.371,mwh,ree,2023-06-20,,2026-09-26,ok,0
electricity_demand,es,nation,2023-06-21,714975.961,mwh,ree,2023-06-21,,2026-09-26,ok,0
electricity_demand,es,nation,2023-06-22,709422.083,mwh,ree,2023-06-22,,2026-09-26,ok,0
electricity_demand,es,nation,2023-06-23,705413.541,mwh,ree,2023-06-23,,2026-09-26,ok,0
electricity_demand,es,nation,2023-06-24,628176.282,mwh,ree,2023-06-24,,2026-09-26,ok,0
electricity_demand,es,nation,2023-06-25,616012.038,mwh,ree,2023-06-25,,2026-09-26,ok,0
electricity_demand,es,nation,2023-06-26,753018.153,mwh,ree,2023-06-26,,2026-09-26,ok,0
electricity_demand,es,nation,2023-06-27,772286.006,mwh,ree,2023-06-27,,2026-09-26,ok,0
electricity_demand,es,nation,2023-06-28,777596.436,mwh,ree,2023-06-28,,2026-09-26,ok,0
electricity_demand,es,nation,2023-06-29,771072.346,mwh,ree,2023-06-29,,2026-09-26,ok,0
electricity_demand,es,nation,2023-06-30,729157.132,mwh,ree,2023-06-30,,2026-09-26,ok,0
electricity_demand,es,nation,2023-07-01,646254.981,mwh,ree,2023-07-01,,2026-09-26,ok,0
electricity_demand,es,nation,2023-07-02,615130.595,mwh,ree,2023-07-02,,2026-09-26,ok,0
electricity_demand,es,nation,2023-07-03,741756.166,mwh,ree,2023-07-03,,2026-09-26,ok,0
electricity_demand,es,nation,2023-07-04,754074.66,mwh,ree,2023-07-04,,2026-09-26,ok,0
electricity_demand,es,nation,2023-07-05,756329.156,mwh,ree,2023-07-05,,2026-09-26,ok,0
electricity_demand,es,nation,2023-07-06,760166.347,mwh,ree,2023-07-06,,2026-09-26,ok,0
electricity_demand,es,nation,2023-07-07,752018.825,mwh,ree,2023-07-07,,2026-09-26,ok,0
electricity_demand,es,nation,2023-07-08,665130.797,mwh,ree,2023-07-08,,2026-09-26,ok,0
electricity_demand,es,nation,2023-07-09,628912.612,mwh,ree,2023-07-09,,2026-09-26,ok,0
electricity_demand,es,nation,2023-07-10,778800.77,mwh,ree,2023-07-10,,2026-09-26,ok,0
electricity_demand,es,nation,2023-07-11,820243.486,mwh,ree,2023-07-11,,2026-09-26,ok,0
electricity_demand,es,nation,2023-07-12,813329.123,mwh,ree,2023-07-12,,2026-09-26,ok,0
electricity_demand,es,nation,2023-07-13,799787.648,mwh,ree,2023-07-13,,2026-09-26,ok,0
electricity_demand,es,nation,2023-07-14,800527.393,mwh,ree,2023-07-14,,2026-09-26,ok,0
electricity_demand,es,nation,2023-07-15,698753.666,mwh,ree,2023-07-15,,2026-09-26,ok,0
electricity_demand,es,nation,2023-07-16,639880.119,mwh,ree,2023-07-16,,2026-09-26,ok,0
electricity_demand,es,nation,2023-07-17,781395.496,mwh,ree,2023-07-17,,2026-09-26,ok,0
electricity_demand,es,nation,2023-07-18,824598.568,mwh,ree,2023-07-18,,2026-09-26,ok,0
electricity_demand,es,nation,2023-07-19,837501.706,mwh,ree,2023-07-19,,2026-09-26,ok,0
electricity_demand,es,nation,2023-07-20,818438.549,mwh,ree,2023-07-20,,2026-09-26,ok,0
electricity_demand,es,nation,2023-07-21,780090.042,mwh,ree,2023-07-21,,2026-09-26,ok,0
electricity_demand,es,nation,2023-07-22,681943.561,mwh,ree,2023-07-22,,2026-09-26,ok,0
electricity_demand,es,nation,2023-07-23,646041.839,mwh,ree,2023-07-23,,2026-09-26,ok,0
electricity_demand,es,nation,2023-07-24,752105.434,mwh,ree,2023-07-24,,2026-09-26,ok,0
electricity_demand,es,nation,2023-07-25,721372.938,mwh,ree,2023-07-25,,2026-09-26,ok,0
electricity_demand,es,nation,2023-07-26,733046.018,mwh,ree,2023-07-26,,2026-09-26,ok,0
electricity_demand,es,nation,2023-07-27,748428.535,mwh,ree,2023-07-27,,2026-09-26,ok,0
electricity_demand,es,nation,2023-07-28,740713.259,mwh,ree,2023-07-28,,2026-09-26,ok,0
electricity_demand,es,nation,2023-07-29,680851.05,mwh,ree,2023-07-29,,2026-09-26,ok,0
electricity_demand,es,nation,2023-07-30,645350.877,mwh,ree,2023-07-30,,2026-09-26,ok,0
electricity_demand,es,nation,2023-07-31,736624.838,mwh,ree,2023-07-31,,2026-09-26,ok,0
electricity_demand,es,nation,2023-08-01,754106.067,mwh,ree,2023-08-01,,2026-09-26,ok,0
electricity_demand,es,nation,2023-08-02,767572.867,mwh,ree,2023-08-02,,2026-09-26,ok,0
electricity_demand,es,nation,2023-08-03,743787.712,mwh,ree,2023-08-03,,2026-09-26,ok,0
electricity_demand,es,nation,2023-08-04,689678.817,mwh,ree,2023-08-04,,2026-09-26,ok,0
electricity_demand,es,nation,2023-08-05,616704.903,mwh,ree,2023-08-05,,2026-09-26,ok,0
electricity_demand,es,nation,2023-08-06,594272.852,mwh,ree,2023-08-06,,2026-09-26,ok,0
electricity_demand,es,nation,2023-08-07,677200.493,mwh,ree,2023-08-07,,2026-09-26,ok,0
electricity_demand,es,nation,2023-08-08,710098.443,mwh,ree,2023-08-08,,2026-09-26,ok,0
electricity_demand,es,nation,2023-08-09,730621.532,mwh,ree,2023-08-09,,2026-09-26,ok,0
electricity_demand,es,nation,2023-08-10,746766.603,mwh,ree,2023-08-10,,2026-09-26,ok,0
electricity_demand,es,nation,2023-08-11,739105.889,mwh,ree,2023-08-11,,2026-09-26,ok,0
electricity_demand,es,nation,2023-08-12,680130.564,mwh,ree,2023-08-12,,2026-09-26,ok,0
electricity_demand,es,nation,2023-08-13,633561.647,mwh,ree,2023-08-13,,2026-09-26,ok,0
electricity_demand,es,nation,2023-08-14,679049.268,mwh,ree,2023-08-14,,2026-09-26,ok,0
electricity_demand,es,nation,2023-08-15,632371.277,mwh,ree,2023-08-15,,2026-09-26,ok,0
electricity_demand,es,nation,2023-08-16,697609.563,mwh,ree,2023-08-16,,2026-09-26,ok,0
electricity_demand,es,nation,2023-08-17,705886.436,mwh,ree,2023-08-17,,2026-09-26,ok,0
electricity_demand,es,nation,2023-08-18,708620.632,mwh,ree,2023-08-18,,2026-09-26,ok,0
electricity_demand,es,nation,2023-08-19,669852.416,mwh,ree,2023-08-19,,2026-09-26,ok,0
electricity_demand,es,nation,2023-08-20,650595.656,mwh,ree,2023-08-20,,2026-09-26,ok,0
electricity_demand,es,nation,2023-08-21,769909.688,mwh,ree,2023-08-21,,2026-09-26,ok,0
electricity_demand,es,nation,2023-08-22,791908.796,mwh,ree,2023-08-22,,2026-09-26,ok,0
electricity_demand,es,nation,2023-08-23,805114.493,mwh,ree,2023-08-23,,2026-09-26,ok,0
electricity_demand,es,nation,2023-08-24,806257.924,mwh,ree,2023-08-24,,2026-09-26,ok,0
electricity_demand,es,nation,2023-08-25,795777.497,mwh,ree,2023-08-25,,2026-09-26,ok,0
electricity_demand,es,nation,2023-08-26,704096.731,mwh,ree,2023-08-26,,2026-09-26,ok,0
electricity_demand,es,nation,2023-08-27,589812.346,mwh,ree,2023-08-27,,2026-09-26,ok,0
electricity_demand,es,nation,2023-08-28,666251.744,mwh,ree,2023-08-28,,2026-09-26,ok,0
electricity_demand,es,nation,2023-08-29,684519.165,mwh,ree,2023-08-29,,2026-09-26,ok,0
electricity_demand,es,nation,2023-08-30,691690.676,mwh,ree,2023-08-30,,2026-09-26,ok,0
electricity_demand,es,nation,2023-08-31,696633.256,mwh,ree,2023-08-31,,2026-09-26,ok,0
electricity_demand,es,nation,2023-09-01,707897.142,mwh,ree,2023-09-01,,2026-09-26,ok,0
electricity_demand,es,nation,2023-09-02,617334.231,mwh,ree,2023-09-02,,2026-09-26,ok,0
electricity_demand,es,nation,2023-09-03,567635.528,mwh,ree,2023-09-03,,2026-09-26,ok,0
electricity_demand,es,nation,2023-09-04,680749.198,mwh,ree,2023-09-04,,2026-09-26,ok,0
electricity_demand,es,nation,2023-09-05,702074.366,mwh,ree,2023-09-05,,2026-09-26,ok,0
electricity_demand,es,nation,2023-09-06,713455.091,mwh,ree,2023-09-06,,2026-09-26,ok,0
electricity_demand,es,nation,2023-09-07,718709.335,mwh,ree,2023-09-07,,2026-09-26,ok,0
electricity_demand,es,nation,2023-09-08,696807.158,mwh,ree,2023-09-08,,2026-09-26,ok,0
electricity_demand,es,nation,2023-09-09,623814.065,mwh,ree,2023-09-09,,2026-09-26,ok,0
electricity_demand,es,nation,2023-09-10,582350.336,mwh,ree,2023-09-10,,2026-09-26,ok,0
electricity_demand,es,nation,2023-09-11,670861.718,mwh,ree,2023-09-11,,2026-09-26,ok,0
electricity_demand,es,nation,2023-09-12,705037.939,mwh,ree,2023-09-12,,2026-09-26,ok,0
electricity_demand,es,nation,2023-09-13,705471.848,mwh,ree,2023-09-13,,2026-09-26,ok,0
electricity_demand,es,nation,2023-09-14,712650.088,mwh,ree,2023-09-14,,2026-09-26,ok,0
electricity_demand,es,nation,2023-09-15,704741.902,mwh,ree,2023-09-15,,2026-09-26,ok,0
electricity_demand,es,nation,2023-09-16,610152.639,mwh,ree,2023-09-16,,2026-09-26,ok,0
electricity_demand,es,nation,2023-09-17,573642.626,mwh,ree,2023-09-17,,2026-09-26,ok,0
electricity_demand,es,nation,2023-09-18,665858.082,mwh,ree,2023-09-18,,2026-09-26,ok,0
electricity_demand,es,nation,2023-09-19,683286.703,mwh,ree,2023-09-19,,2026-09-26,ok,0
electricity_demand,es,nation,2023-09-20,680363.13,mwh,ree,2023-09-20,,2026-09-26,ok,0
electricity_demand,es,nation,2023-09-21,682301.958,mwh,ree,2023-09-21,,2026-09-26,ok,0
electricity_demand,es,nation,2023-09-22,657786.885,mwh,ree,2023-09-22,,2026-09-26,ok,0
electricity_demand,es,nation,2023-09-23,577386.642,mwh,ree,2023-09-23,,2026-09-26,ok,0
electricity_demand,es,nation,2023-09-24,541155.475,mwh,ree,2023-09-24,,2026-09-26,ok,0
electricity_demand,es,nation,2023-09-25,644344.176,mwh,ree,2023-09-25,,2026-09-26,ok,0
electricity_demand,es,nation,2023-09-26,673007.777,mwh,ree,2023-09-26,,2026-09-26,ok,0
electricity_demand,es,nation,2023-09-27,684381.179,mwh,ree,2023-09-27,,2026-09-26,ok,0
electricity_demand,es,nation,2023-09-28,688482.194,mwh,ree,2023-09-28,,2026-09-26,ok,0
electricity_demand,es,nation,2023-09-29,682620.495,mwh,ree,2023-09-29,,2026-09-26,ok,0
electricity_demand,es,nation,2023-09-30,608394.984,mwh,ree,2023-09-30,,2026-09-26,ok,0
electricity_demand,es,nation,2023-10-01,568592.41,mwh,ree,2023-10-01,,2026-09-26,ok,0
electricity_demand,es,nation,2023-10-02,677907.782,mwh,ree,2023-10-02,,2026-09-26,ok,0
electricity_demand,es,nation,2023-10-03,694129.802,mwh,ree,2023-10-03,,2026-09-26,ok,0
electricity_demand,es,nation,2023-10-04,697359.162,mwh,ree,2023-10-04,,2026-09-26,ok,0
electricity_demand,es,nation,2023-10-05,698683.251,mwh,ree,2023-10-05,,2026-09-26,ok,0
electricity_demand,es,nation,2023-10-06,699421.954,mwh,ree,2023-10-06,,2026-09-26,ok,0
electricity_demand,es,nation,2023-10-07,618380.502,mwh,ree,2023-10-07,,2026-09-26,ok,0
electricity_demand,es,nation,2023-10-08,572203.065,mwh,ree,2023-10-08,,2026-09-26,ok,0
electricity_demand,es,nation,2023-10-09,661444.716,mwh,ree,2023-10-09,,2026-09-26,ok,0
electricity_demand,es,nation,2023-10-10,682328.873,mwh,ree,2023-10-10,,2026-09-26,ok,0
electricity_demand,es,nation,2023-10-11,676631.446,mwh,ree,2023-10-11,,2026-09-26,ok,0
electricity_demand,es,nation,2023-10-12,575504.945,mwh,ree,2023-10-12,,2026-09-26,ok,0
electricity_demand,es,nation,2023-10-13,615394.793,mwh,ree,2023-10-13,,2026-09-26,ok,0
electricity_demand,es,nation,2023-10-14,578579.097,mwh,ree,2023-10-14,,2026-09-26,ok,0
electricity_demand,es,nation,2023-10-15,541876.33,mwh,ree,2023-10-15,,2026-09-26,ok,0
electricity_demand,es,nation,2023-10-16,656582.378,mwh,ree,2023-10-16,,2026-09-26,ok,0
electricity_demand,es,nation,2023-10-17,685735.457,mwh,ree,2023-10-17,,2026-09-26,ok,0
electricity_demand,es,nation,2023-10-18,691544.263,mwh,ree,2023-10-18,,2026-09-26,ok,0
electricity_demand,es,nation,2023-10-19,695588.62,mwh,ree,2023-10-19,,2026-09-26,ok,0
electricity_demand,es,nation,2023-10-20,670024.187,mwh,ree,2023-10-20,,2026-09-26,ok,0
electricity_demand,es,nation,2023-10-21,578655.968,mwh,ree,2023-10-21,,2026-09-26,ok,0
electricity_demand,es,nation,2023-10-22,547584.426,mwh,ree,2023-10-22,,2026-09-26,ok,0
electricity_demand,es,nation,2023-10-23,652396.01,mwh,ree,2023-10-23,,2026-09-26,ok,0
electricity_demand,es,nation,2023-10-24,668310.627,mwh,ree,2023-10-24,,2026-09-26,ok,0
electricity_demand,es,nation,2023-10-25,680986.583,mwh,ree,2023-10-25,,2026-09-26,ok,0
electricity_demand,es,nation,2023-10-26,695519.318,mwh,ree,2023-10-26,,2026-09-26,ok,0
electricity_demand,es,nation,2023-10-27,681696.979,mwh,ree,2023-10-27,,2026-09-26,ok,0
electricity_demand,es,nation,2023-10-28,600928.081,mwh,ree,2023-10-28,,2026-09-26,ok,0
electricity_demand,es,nation,2023-10-29,584792.106,mwh,ree,2023-10-29,,2026-09-26,ok,0
electricity_demand,es,nation,2023-10-30,663807.745,mwh,ree,2023-10-30,,2026-09-26,ok,0
electricity_demand,es,nation,2023-10-31,677491.268,mwh,ree,2023-10-31,,2026-09-26,ok,0
electricity_demand,es,nation,2023-11-01,595447.394,mwh,ree,2023-11-01,,2026-09-26,ok,0
electricity_demand,es,nation,2023-11-02,681524.046,mwh,ree,2023-11-02,,2026-09-26,ok,0
electricity_demand,es,nation,2023-11-03,688910.052,mwh,ree,2023-11-03,,2026-09-26,ok,0
electricity_demand,es,nation,2023-11-04,621381.226,mwh,ree,2023-11-04,,2026-09-26,ok,0
electricity_demand,es,nation,2023-11-05,573801.32,mwh,ree,2023-11-05,,2026-09-26,ok,0
electricity_demand,es,nation,2023-11-06,677205.414,mwh,ree,2023-11-06,,2026-09-26,ok,0
electricity_demand,es,nation,2023-11-07,699291.04,mwh,ree,2023-11-07,,2026-09-26,ok,0
electricity_demand,es,nation,2023-11-08,713708.037,mwh,ree,2023-11-08,,2026-09-26,ok,0
electricity_demand,es,nation,2023-11-09,703993.269,mwh,ree,2023-11-09,,2026-09-26,ok,0
electricity_demand,es,nation,2023-11-10,703513.302,mwh,ree,2023-11-10,,2026-09-26,ok,0
electricity_demand,es,nation,2023-11-11,628504.13,mwh,ree,2023-11-11,,2026-09-26,ok,0
electricity_demand,es,nation,2023-11-12,573478.299,mwh,ree,2023-11-12,,2026-09-26,ok,0
electricity_demand,es,nation,2023-11-13,672700.842,mwh,ree,2023-11-13,,2026-09-26,ok,0
electricity_demand,es,nation,2023-11-14,682941.124,mwh,ree,2023-11-14,,2026-09-26,ok,0
electricity_demand,es,nation,2023-11-15,690217.89,mwh,ree,2023-11-15,,2026-09-26,ok,0
electricity_demand,es,nation,2023-11-16,694399.37,mwh,ree,2023-11-16,,2026-09-26,ok,0
electricity_demand,es,nation,2023-11-17,681979.844,mwh,ree,2023-11-17,,2026-09-26,ok,0
electricity_demand,es,nation,2023-11-18,604200.644,mwh,ree,2023-11-18,,2026-09-26,ok,0
electricity_demand,es,nation,2023-11-19,560129.864,mwh,ree,2023-11-19,,2026-09-26,ok,0
electricity_demand,es,nation,2023-11-20,674097.163,mwh,ree,2023-11-20,,2026-09-26,ok,0
electricity_demand,es,nation,2023-11-21,697706.662,mwh,ree,2023-11-21,,2026-09-26,ok,0
electricity_demand,es,nation,2023-11-22,709139.885,mwh,ree,2023-11-22,,2026-09-26,ok,0
electricity_demand,es,nation,2023-11-23,713863.707,mwh,ree,2023-11-23,,2026-09-26,ok,0
electricity_demand,es,nation,2023-11-24,715114.11,mwh,ree,2023-11-24,,2026-09-26,ok,0
electricity_demand,es,nation,2023-11-25,635313.081,mwh,ree,2023-11-25,,2026-09-26,ok,0
electricity_demand,es,nation,2023-11-26,602380.968,mwh,ree,2023-11-26,,2026-09-26,ok,0
electricity_demand,es,nation,2023-11-27,720961.771,mwh,ree,2023-11-27,,2026-09-26,ok,0
electricity_demand,es,nation,2023-11-28,737005.018,mwh,ree,2023-11-28,,2026-09-26,ok,0
electricity_demand,es,nation,2023-11-29,735891.426,mwh,ree,2023-11-29,,2026-09-26,ok,0
electricity_demand,es,nation,2023-11-30,724390.897,mwh,ree,2023-11-30,,2026-09-26,ok,0
electricity_demand,es,nation,2023-12-01,721843.711,mwh,ree,2023-12-01,,2026-09-26,ok,0
electricity_demand,es,nation,2023-12-02,646520.006,mwh,ree,2023-12-02,,2026-09-26,ok,0
electricity_demand,es,nation,2023-12-03,624482.267,mwh,ree,2023-12-03,,2026-09-26,ok,0
electricity_demand,es,nation,2023-12-04,743449.538,mwh,ree,2023-12-04,,2026-09-26,ok,0
electricity_demand,es,nation,2023-12-05,751522.63,mwh,ree,2023-12-05,,2026-09-26,ok,0
electricity_demand,es,nation,2023-12-06,674816.633,mwh,ree,2023-12-06,,2026-09-26,ok,0
electricity_demand,es,nation,2023-12-07,701438.509,mwh,ree,2023-12-07,,2026-09-26,ok,0
electricity_demand,es,nation,2023-12-08,638304.87,mwh,ree,2023-12-08,,2026-09-26,ok,0
electricity_demand,es,nation,2023-12-09,633897.78,mwh,ree,2023-12-09,,2026-09-26,ok,0
electricity_demand,es,nation,2023-12-10,604532.257,mwh,ree,2023-12-10,,2026-09-26,ok,0
electricity_demand,es,nation,2023-12-11,712662.101,mwh,ree,2023-12-11,,2026-09-26,ok,0
electricity_demand,es,nation,2023-12-12,734744.889,mwh,ree,2023-12-12,,2026-09-26,ok,0
electricity_demand,es,nation,2023-12-13,741549.886,mwh,ree,2023-12-13,,2026-09-26,ok,0
electricity_demand,es,nation,2023-12-14,745172.248,mwh,ree,2023-12-14,,2026-09-26,ok,0
electricity_demand,es,nation,2023-12-15,739184.562,mwh,ree,2023-12-15,,2026-09-26,ok,0
electricity_demand,es,nation,2023-12-16,662260.256,mwh,ree,2023-12-16,,2026-09-26,ok,0
electricity_demand,es,nation,2023-12-17,636365.322,mwh,ree,2023-12-17,,2026-09-26,ok,0
electricity_demand,es,nation,2023-12-18,758212.531,mwh,ree,2023-12-18,,2026-09-26,ok,0
electricity_demand,es,nation,2023-12-19,774315.347,mwh,ree,2023-12-19,,2026-09-26,ok,0
electricity_demand,es,nation,2023-12-20,781442.119,mwh,ree,2023-12-20,,2026-09-26,ok,0
electricity_demand,es,nation,2023-12-21,758822.16,mwh,ree,2023-12-21,,2026-09-26,ok,0
electricity_demand,es,nation,2023-12-22,721413.251,mwh,ree,2023-12-22,,2026-09-26,ok,0
electricity_demand,es,nation,2023-12-23,640883.947,mwh,ree,2023-12-23,,2026-09-26,ok,0
electricity_demand,es,nation,2023-12-24,596118.636,mwh,ree,2023-12-24,,2026-09-26,ok,0
electricity_demand,es,nation,2023-12-25,553617.338,mwh,ree,2023-12-25,,2026-09-26,ok,0
electricity_demand,es,nation,2023-12-26,654679.567,mwh,ree,2023-12-26,,2026-09-26,ok,0
electricity_demand,es,nation,2023-12-27,703161.901,mwh,ree,2023-12-27,,2026-09-26,ok,0
electricity_demand,es,nation,2023-12-28,710999.762,mwh,ree,2023-12-28,,2026-09-26,ok,0
electricity_demand,es,nation,2023-12-29,698783.477,mwh,ree,2023-12-29,,2026-09-26,ok,0
electricity_demand,es,nation,2023-12-30,630400.595,mwh,ree,2023-12-30,,2026-09-26,ok,0
electricity_demand,es,nation,2023-12-31,606791.929,mwh,ree,2023-12-31,,2026-09-26,ok,0
electricity_demand,es,nation,2024-01-01,555244.867,mwh,ree,2024-01-01,,2026-09-26,ok,0
electricity_demand,es,nation,2024-01-02,703015.288,mwh,ree,2024-01-02,,2026-09-26,ok,0
electricity_demand,es,nation,2024-01-03,721647.165,mwh,ree,2024-01-03,,2026-09-26,ok,0
electricity_demand,es,nation,2024-01-04,726021.564,mwh,ree,2024-01-04,,2026-09-26,ok,0
electricity_demand,es,nation,2024-01-05,697927.044,mwh,ree,2024-01-05,,2026-09-26,ok,0
electricity_demand,es,nation,2024-01-06,614433.071,mwh,ree,2024-01-06,,2026-09-26,ok,0
electricity_demand,es,nation,2024-01-07,637873.153,mwh,ree,2024-01-07,,2026-09-26,ok,0
electricity_demand,es,nation,2024-01-08,784344.305,mwh,ree,2024-01-08,,2026-09-26,ok,0
electricity_demand,es,nation,2024-01-09,811334.555,mwh,ree,2024-01-09,,2026-09-26,ok,0
electricity_demand,es,nation,2024-01-10,818554.39,mwh,ree,2024-01-10,,2026-09-26,ok,0
electricity_demand,es,nation,2024-01-11,808748.333,mwh,ree,2024-01-11,,2026-09-26,ok,0
electricity_demand,es,nation,2024-01-12,805039.453,mwh,ree,2024-01-12,,2026-09-26,ok,0
electricity_demand,es,nation,2024-01-13,717299.596,mwh,ree,2024-01-13,,2026-09-26,ok,0
electricity_demand,es,nation,2024-01-14,660467.647,mwh,ree,2024-01-14,,2026-09-26,ok,0
electricity_demand,es,nation,2024-01-15,770268.23,mwh,ree,2024-01-15,,2026-09-26,ok,0
electricity_demand,es,nation,2024-01-16,770386.472,mwh,ree,2024-01-16,,2026-09-26,ok,0
electricity_demand,es,nation,2024-01-17,759854.347,mwh,ree,2024-01-17,,2026-09-26,ok,0
electricity_demand,es,nation,2024-01-18,742783.492,mwh,ree,2024-01-18,,2026-09-26,ok,0
electricity_demand,es,nation,2024-01-19,776526.605,mwh,ree,2024-01-19,,2026-09-26,ok,0
electricity_demand,es,nation,2024-01-20,683033.933,mwh,ree,2024-01-20,,2026-09-26,ok,0
electricity_demand,es,nation,2024-01-21,640605.651,mwh,ree,2024-01-21,,2026-09-26,ok,0
electricity_demand,es,nation,2024-01-22,756819.433,mwh,ree,2024-01-22,,2026-09-26,ok,0
electricity_demand,es,nation,2024-01-23,753138.609,mwh,ree,2024-01-23,,2026-09-26,ok,0
electricity_demand,es,nation,2024-01-24,740425.099,mwh,ree,2024-01-24,,2026-09-26,ok,0
electricity_demand,es,nation,2024-01-25,731835.908,mwh,ree,2024-01-25,,2026-09-26,ok,0
electricity_demand,es,nation,2024-01-26,723523.058,mwh,ree,2024-01-26,,2026-09-26,ok,0
electricity_demand,es,nation,2024-01-27,637219.431,mwh,ree,2024-01-27,,2026-09-26,ok,0
electricity_demand,es,nation,2024-01-28,600542.109,mwh,ree,2024-01-28,,2026-09-26,ok,0
electricity_demand,es,nation,2024-01-29,722022.961,mwh,ree,2024-01-29,,2026-09-26,ok,0
electricity_demand,es,nation,2024-01-30,739056.741,mwh,ree,2024-01-30,,2026-09-26,ok,0
electricity_demand,es,nation,2024-01-31,743579.224,mwh,ree,2024-01-31,,2026-09-26,ok,0
electricity_demand,es,nation,2024-02-01,742360.015,mwh,ree,2024-02-01,,2026-09-26,ok,0
electricity_demand,es,nation,2024-02-02,732137.756,mwh,ree,2024-02-02,,2026-09-26,ok,0
electricity_demand,es,nation,2024-02-03,645683.778,mwh,ree,2024-02-03,,2026-09-26,ok,0
electricity_demand,es,nation,2024-02-04,603124.588,mwh,ree,2024-02-04,,2026-09-26,ok,0
electricity_demand,es,nation,2024-02-05,723751.094,mwh,ree,2024-02-05,,2026-09-26,ok,0
electricity_demand,es,nation,2024-02-06,737643.259,mwh,ree,2024-02-06,,2026-09-26,ok,0
electricity_demand,es,nation,2024-02-07,749239.087,mwh,ree,2024-02-07,,2026-09-26,ok,0
electricity_demand,es,nation,2024-02-08,753771.808,mwh,ree,2024-02-08,,2026-09-26,ok,0
electricity_demand,es,nation,2024-02-09,755078.183,mwh,ree,2024-02-09,,2026-09-26,ok,0
electricity_demand,es,nation,2024-02-10,663286.901,mwh,ree,2024-02-10,,2026-09-26,ok,0
electricity_demand,es,nation,2024-02-11,637388.013,mwh,ree,2024-02-11,,2026-09-26,ok,0
electricity_demand,es,nation,2024-02-12,714805.293,mwh,ree,2024-02-12,,2026-09-26,ok,0
electricity_demand,es,nation,2024-02-13,711774.274,mwh,ree,2024-02-13,,2026-09-26,ok,0
electricity_demand,es,nation,2024-02-14,720159.286,mwh,ree,2024-02-14,,2026-09-26,ok,0
electricity_demand,es,nation,2024-02-15,729110.689,mwh,ree,2024-02-15,,2026-09-26,ok,0
electricity_demand,es,nation,2024-02-16,717799.65,mwh,ree,2024-02-16,,2026-09-26,ok,0
electricity_demand,es,nation,2024-02-17,624221.905,mwh,ree,2024-02-17,,2026-09-26,ok,0
electricity_demand,es,nation,2024-02-18,584974.522,mwh,ree,2024-02-18,,2026-09-26,ok,0
electricity_demand,es,nation,2024-02-19,689633.162,mwh,ree,2024-02-19,,2026-09-26,ok,0
electricity_demand,es,nation,2024-02-20,701883.264,mwh,ree,2024-02-20,,2026-09-26,ok,0
electricity_demand,es,nation,2024-02-21,717459.193,mwh,ree,2024-02-21,,2026-09-26,ok,0
electricity_demand,es,nation,2024-02-22,727081.55,mwh,ree,2024-02-22,,2026-09-26,ok,0
electricity_demand,es,nation,2024-02-23,724628.099,mwh,ree,2024-02-23,,2026-09-26,ok,0
electricity_demand,es,nation,2024-02-24,657800.038,mwh,ree,2024-02-24,,2026-09-26,ok,0
electricity_demand,es,nation,2024-02-25,626143.633,mwh,ree,2024-02-25,,2026-09-26,ok,0
electricity_demand,es,nation,2024-02-26,730573.86,mwh,ree,2024-02-26,,2026-09-26,ok,0
electricity_demand,es,nation,2024-02-27,746142.904,mwh,ree,2024-02-27,,2026-09-26,ok,0
electricity_demand,es,nation,2024-02-28,732016.128,mwh,ree,2024-02-28,,2026-09-26,ok,0
electricity_demand,es,nation,2024-02-29,735852.499,mwh,ree,2024-02-29,,2026-09-26,ok,0
electricity_demand,es,nation,2024-03-01,729467.223,mwh,ree,2024-03-01,,2026-09-26,ok,0
electricity_demand,es,nation,2024-03-02,666467.109,mwh,ree,2024-03-02,,2026-09-26,ok,0
electricity_demand,es,nation,2024-03-03,621709.846,mwh,ree,2024-03-03,,2026-09-26,ok,0
electricity_demand,es,nation,2024-03-04,737435.932,mwh,ree,2024-03-04,,2026-09-26,ok,0
electricity_demand,es,nation,2024-03-05,723424.215,mwh,ree,2024-03-05,,2026-09-26,ok,0
electricity_demand,es,nation,2024-03-06,729789.252,mwh,ree,2024-03-06,,2026-09-26,ok,0
electricity_demand,es,nation,2024-03-07,746093.475,mwh,ree,2024-03-07,,2026-09-26,ok,0
electricity_demand,es,nation,2024-03-08,749031.934,mwh,ree,2024-03-08,,2026-09-26,ok,0
electricity_demand,es,nation,2024-03-09,692419.871,mwh,ree,2024-03-09,,2026-09-26,ok,0
electricity_demand,es,nation,2024-03-10,627303.729,mwh,ree,2024-03-10,,2026-09-26,ok,0
electricity_demand,es,nation,2024-03-11,717439.261,mwh,ree,2024-03-11,,2026-09-26,ok,0
electricity_demand,es,nation,2024-03-12,716317.541,mwh,ree,2024-03-12,,2026-09-26,ok,0
electricity_demand,es,nation,2024-03-13,716865.216,mwh,ree,2024-03-13,,2026-09-26,ok,0
electricity_demand,es,nation,2024-03-14,717487.516,mwh,ree,2024-03-14,,2026-09-26,ok,0
electricity_demand,es,nation,2024-03-15,698375.264,mwh,ree,2024-03-15,,2026-09-26,ok,0
electricity_demand,es,nation,2024-03-16,619190.554,mwh,ree,2024-03-16,,2026-09-26,ok,0
electricity_demand,es,nation,2024-03-17,571959.711,mwh,ree,2024-03-17,,2026-09-26,ok,0
electricity_demand,es,nation,2024-03-18,656466.182,mwh,ree,2024-03-18,,2026-09-26,ok,0
electricity_demand,es,nation,2024-03-19,650942.94,mwh,ree,2024-03-19,,2026-09-26,ok,0
electricity_demand,es,nation,2024-03-20,677715.876,mwh,ree,2024-03-20,,2026-09-26,ok,0
electricity_demand,es,nation,2024-03-21,684131.084,mwh,ree,2024-03-21,,2026-09-26,ok,0
electricity_demand,es,nation,2024-03-22,675156.316,mwh,ree,2024-03-22,,2026-09-26,ok,0
electricity_demand,es,nation,2024-03-23,603767.889,mwh,ree,2024-03-23,,2026-09-26,ok,0
electricity_demand,es,nation,2024-03-24,563702.618,mwh,ree,2024-03-24,,2026-09-26,ok,0
electricity_demand,es,nation,2024-03-25,685192.419,mwh,ree,2024-03-25,,2026-09-26,ok,0
electricity_demand,es,nation,2024-03-26,699802.428,mwh,ree,2024-03-26,,2026-09-26,ok,0
electricity_demand,es,nation,2024-03-27,695408.52,mwh,ree,2024-03-27,,2026-09-26,ok,0
electricity_demand,es,nation,2024-03-28,617996.902,mwh,ree,2024-03-28,,2026-09-26,ok,0
electricity_demand,es,nation,2024-03-29,573029.121,mwh,ree,2024-03-29,,2026-09-26,ok,0
electricity_demand,es,nation,2024-03-30,588708.264,mwh,ree,2024-03-30,,2026-09-26,ok,0
electricity_demand,es,nation,2024-03-31,561847.85,mwh,ree,2024-03-31,,2026-09-26,ok,0
electricity_demand,es,nation,2024-04-01,623303.276,mwh,ree,2024-04-01,,2026-09-26,ok,0
electricity_demand,es,nation,2024-04-02,694646.131,mwh,ree,2024-04-02,,2026-09-26,ok,0
electricity_demand,es,nation,2024-04-03,688565.412,mwh,ree,2024-04-03,,2026-09-26,ok,0
electricity_demand,es,nation,2024-04-04,677501.897,mwh,ree,2024-04-04,,2026-09-26,ok,0
electricity_demand,es,nation,2024-04-05,671728.963,mwh,ree,2024-04-05,,2026-09-26,ok,0
electricity_demand,es,nation,2024-04-06,604539.804,mwh,ree,2024-04-06,,2026-09-26,ok,0
electricity_demand,es,nation,2024-04-07,561830.999,mwh,ree,2024-04-07,,2026-09-26,ok,0
electricity_demand,es,nation,2024-04-08,657510.236,mwh,ree,2024-04-08,,2026-09-26,ok,0
electricity_demand,es,nation,2024-04-09,668332.691,mwh,ree,2024-04-09,,2026-09-26,ok,0
electricity_demand,es,nation,2024-04-10,668277.546,mwh,ree,2024-04-10,,2026-09-26,ok,0
electricity_demand,es,nation,2024-04-11,666051,mwh,ree,2024-04-11,,2026-09-26,ok,0
electricity_demand,es,nation,2024-04-12,664534.289,mwh,ree,2024-04-12,,2026-09-26,ok,0
electricity_demand,es,nation,2024-04-13,585627.137,mwh,ree,2024-04-13,,2026-09-26,ok,0
electricity_demand,es,nation,2024-04-14,543795.772,mwh,ree,2024-04-14,,2026-09-26,ok,0
electricity_demand,es,nation,2024-04-15,648467.3,mwh,ree,2024-04-15,,2026-09-26,ok,0
electricity_demand,es,nation,2024-04-16,666104.149,mwh,ree,2024-04-16,,2026-09-26,ok,0
electricity_demand,es,nation,2024-04-17,661868.183,mwh,ree,2024-04-17,,2026-09-26,ok,0
electricity_demand,es,nation,2024-04-18,666332.603,mwh,ree,2024-04-18,,2026-09-26,ok,0
electricity_demand,es,nation,2024-04-19,663124.782,mwh,ree,2024-04-19,,2026-09-26,ok,0
electricity_demand,es,nation,2024-04-20,589557.074,mwh,ree,2024-04-20,,2026-09-26,ok,0
electricity_demand,es,nation,2024-04-21,546008.854,mwh,ree,2024-04-21,,2026-09-26,ok,0
electricity_demand,es,nation,2024-04-22,651354.591,mwh,ree,2024-04-22,,2026-09-26,ok,0
electricity_demand,es,nation,2024-04-23,667541.496,mwh,ree,2024-04-23,,2026-09-26,ok,0
electricity_demand,es,nation,2024-04-24,675674.227,mwh,ree,2024-04-24,,2026-09-26,ok,0
electricity_demand,es,nation,2024-04-25,691514.386,mwh,ree,2024-04-25,,2026-09-26,ok,0
electricity_demand,es,nation,2024-04-26,675506.739,mwh,ree,2024-04-26,,2026-09-26,ok,0
electricity_demand,es,nation,2024-04-27,611988.992,mwh,ree,2024-04-27,,2026-09-26,ok,0
electricity_demand,es,nation,2024-04-28,568776.214,mwh,ree,2024-04-28,,2026-09-26,ok,0
electricity_demand,es,nation,2024-04-29,672239.614,mwh,ree,2024-04-29,,2026-09-26,ok,0
electricity_demand,es,nation,2024-04-30,665002.708,mwh,ree,2024-04-30,,2026-09-26,ok,0
electricity_demand,es,nation,2024-05-01,568495.068,mwh,ree,2024-05-01,,2026-09-26,ok,0
electricity_demand,es,nation,2024-05-02,635501.984,mwh,ree,2024-05-02,,2026-09-26,ok,0
electricity_demand,es,nation,2024-05-03,652238.521,mwh,ree,2024-05-03,,2026-09-26,ok,0
electricity_demand,es,nation,2024-05-04,593627.948,mwh,ree,2024-05-04,,2026-09-26,ok,0
electricity_demand,es,nation,2024-05-05,555852.311,mwh,ree,2024-05-05,,2026-09-26,ok,0
electricity_demand,es,nation,2024-05-06,648228.123,mwh,ree,2024-05-06,,2026-09-26,ok,0
electricity_demand,es,nation,2024-05-07,652583.945,mwh,ree,2024-05-07,,2026-09-26,ok,0
electricity_demand,es,nation,2024-05-08,658873.053,mwh,ree,2024-05-08,,2026-09-26,ok,0
electricity_demand,es,nation,2024-05-09,655891.305,mwh,ree,2024-05-09,,2026-09-26,ok,0
electricity_demand,es,nation,2024-05-10,645699.657,mwh,ree,2024-05-10,,2026-09-26,ok,0
electricity_demand,es,nation,2024-05-11,580019.888,mwh,ree,2024-05-11,,2026-09-26,ok,0
electricity_demand,es,nation,2024-05-12,541009.031,mwh,ree,2024-05-12,,2026-09-26,ok,0
electricity_demand,es,nation,2024-05-13,646028.397,mwh,ree,2024-05-13,,2026-09-26,ok,0
electricity_demand,es,nation,2024-05-14,665540.527,mwh,ree,2024-05-14,,2026-09-26,ok,0
electricity_demand,es,nation,2024-05-15,655349.807,mwh,ree,2024-05-15,,2026-09-26,ok,0
electricity_demand,es,nation,2024-05-16,661439.853,mwh,ree,2024-05-16,,2026-09-26,ok,0
electricity_demand,es,nation,2024-05-17,652048.475,mwh,ree,2024-05-17,,2026-09-26,ok,0
electricity_demand,es,nation,2024-05-18,584137.337,mwh,ree,2024-05-18,,2026-09-26,ok,0
electricity_demand,es,nation,2024-05-19,545024.052,mwh,ree,2024-05-19,,2026-09-26,ok,0
electricity_demand,es,nation,2024-05-20,632021.971,mwh,ree,2024-05-20,,2026-09-26,ok,0
electricity_demand,es,nation,2024-05-21,656109.774,mwh,ree,2024-05-21,,2026-09-26,ok,0
electricity_demand,es,nation,2024-05-22,659114.186,mwh,ree,2024-05-22,,2026-09-26,ok,0
electricity_demand,es,nation,2024-05-23,657885.535,mwh,ree,2024-05-23,,2026-09-26,ok,0
electricity_demand,es,nation,2024-05-24,652663.71,mwh,ree,2024-05-24,,2026-09-26,ok,0
electricity_demand,es,nation,2024-05-25,584566.506,mwh,ree,2024-05-25,,2026-09-26,ok,0
electricity_demand,es,nation,2024-05-26,543898.242,mwh,ree,2024-05-26,,2026-09-26,ok,0
electricity_demand,es,nation,2024-05-27,656440.291,mwh,ree,2024-05-27,,2026-09-26,ok,0
electricity_demand,es,nation,2024-05-28,665817.233,mwh,ree,2024-05-28,,2026-09-26,ok,0
electricity_demand,es,nation,2024-05-29,678938.262,mwh,ree,2024-05-29,,2026-09-26,ok,0
electricity_demand,es,nation,2024-05-30,684233.4,mwh,ree,2024-05-30,,2026-09-26,ok,0
electricity_demand,es,nation,2024-05-31,672026.119,mwh,ree,2024-05-31,,2026-09-26,ok,0
electricity_demand,es,nation,2024-06-01,605685.889,mwh,ree,2024-06-01,,2026-09-26,ok,0
electricity_demand,es,nation,2024-06-02,560792.014,mwh,ree,2024-06-02,,2026-09-26,ok,0
electricity_demand,es,nation,2024-06-03,664249.663,mwh,ree,2024-06-03,,2026-09-26,ok,0
electricity_demand,es,nation,2024-06-04,676223.208,mwh,ree,2024-06-04,,2026-09-26,ok,0
electricity_demand,es,nation,2024-06-05,690706.326,mwh,ree,2024-06-05,,2026-09-26,ok,0
electricity_demand,es,nation,2024-06-06,709405.629,mwh,ree,2024-06-06,,2026-09-26,ok,0
electricity_demand,es,nation,2024-06-07,709081.52,mwh,ree,2024-06-07,,2026-09-26,ok,0
electricity_demand,es,nation,2024-06-08,625017.26,mwh,ree,2024-06-08,,2026-09-26,ok,0
electricity_demand,es,nation,2024-06-09,564689.066,mwh,ree,2024-06-09,,2026-09-26,ok,0
electricity_demand,es,nation,2024-06-10,667360.68,mwh,ree,2024-06-10,,2026-09-26,ok,0
electricity_demand,es,nation,2024-06-11,675023.098,mwh,ree,2024-06-11,,2026-09-26,ok,0
electricity_demand,es,nation,2024-06-12,669532.698,mwh,ree,2024-06-12,,2026-09-26,ok,0
electricity_demand,es,nation,2024-06-13,656769.75,mwh,ree,2024-06-13,,2026-09-26,ok,0
electricity_demand,es,nation,2024-06-14,674206.766,mwh,ree,2024-06-14,,2026-09-26,ok,0
electricity_demand,es,nation,2024-06-15,601068.708,mwh,ree,2024-06-15,,2026-09-26,ok,0
electricity_demand,es,nation,2024-06-16,561514.511,mwh,ree,2024-06-16,,2026-09-26,ok,0
electricity_demand,es,nation,2024-06-17,681820.916,mwh,ree,2024-06-17,,2026-09-26,ok,0
electricity_demand,es,nation,2024-06-18,699419.396,mwh,ree,2024-06-18,,2026-09-26,ok,0
electricity_demand,es,nation,2024-06-19,690884.271,mwh,ree,2024-06-19,,2026-09-26,ok,0
electricity_demand,es,nation,2024-06-20,684434.641,mwh,ree,2024-06-20,,2026-09-26,ok,0
electricity_demand,es,nation,2024-06-21,669689.165,mwh,ree,2024-06-21,,2026-09-26,ok,0
electricity_demand,es,nation,2024-06-22,608838.516,mwh,ree,2024-06-22,,2026-09-26,ok,0
electricity_demand,es,nation,2024-06-23,569494.463,mwh,ree,2024-06-23,,2026-09-26,ok,0
electricity_demand,es,nation,2024-06-24,649416.806,mwh,ree,2024-06-24,,2026-09-26,ok,0
electricity_demand,es,nation,2024-06-25,712922.105,mwh,ree,2024-06-25,,2026-09-26,ok,0
electricity_demand,es,nation,2024-06-26,717892.384,mwh,ree,2024-06-26,,2026-09-26,ok,0
electricity_demand,es,nation,2024-06-27,721054.708,mwh,ree,2024-06-27,,2026-09-26,ok,0
electricity_demand,es,nation,2024-06-28,715511.219,mwh,ree,2024-06-28,,2026-09-26,ok,0
electricity_demand,es,nation,2024-06-29,630142.827,mwh,ree,2024-06-29,,2026-09-26,ok,0
electricity_demand,es,nation,2024-06-30,584627.364,mwh,ree,2024-06-30,,2026-09-26,ok,0
electricity_demand,es,nation,2024-07-01,681409.249,mwh,ree,2024-07-01,,2026-09-26,ok,0
electricity_demand,es,nation,2024-07-02,703491.606,mwh,ree,2024-07-02,,2026-09-26,ok,0
electricity_demand,es,nation,2024-07-03,721171.089,mwh,ree,2024-07-03,,2026-09-26,ok,0
electricity_demand,es,nation,2024-07-04,741981.107,mwh,ree,2024-07-04,,2026-09-26,ok,0
electricity_demand,es,nation,2024-07-05,744021.161,mwh,ree,2024-07-05,,2026-09-26,ok,0
electricity_demand,es,nation,2024-07-06,655275.862,mwh,ree,2024-07-06,,2026-09-26,ok,0
electricity_demand,es,nation,2024-07-07,592880.387,mwh,ree,2024-07-07,,2026-09-26,ok,0
electricity_demand,es,nation,2024-07-08,704684.064,mwh,ree,2024-07-08,,2026-09-26,ok,0
electricity_demand,es,nation,2024-07-09,735322.24,mwh,ree,2024-07-09,,2026-09-26,ok,0
electricity_demand,es,nation,2024-07-10,756032.335,mwh,ree,2024-07-10,,2026-09-26,ok,0
electricity_demand,es,nation,2024-07-11,784406.465,mwh,ree,2024-07-11,,2026-09-26,ok,0
electricity_demand,es,nation,2024-07-12,774064.671,mwh,ree,2024-07-12,,2026-09-26,ok,0
electricity_demand,es,nation,2024-07-13,669619.273,mwh,ree,2024-07-13,,2026-09-26,ok,0
electricity_demand,es,nation,2024-07-14,619815.61,mwh,ree,2024-07-14,,2026-09-26,ok,0
electricity_demand,es,nation,2024-07-15,746760.75,mwh,ree,2024-07-15,,2026-09-26,ok,0
electricity_demand,es,nation,2024-07-16,761435.351,mwh,ree,2024-07-16,,2026-09-26,ok,0
electricity_demand,es,nation,2024-07-17,769574.128,mwh,ree,2024-07-17,,2026-09-26,ok,0
electricity_demand,es,nation,2024-07-18,788334.388,mwh,ree,2024-07-18,,2026-09-26,ok,0
electricity_demand,es,nation,2024-07-19,798658.134,mwh,ree,2024-07-19,,2026-09-26,ok,0
electricity_demand,es,nation,2024-07-20,713125.299,mwh,ree,2024-07-20,,2026-09-26,ok,0
electricity_demand,es,nation,2024-07-21,642305.943,mwh,ree,2024-07-21,,2026-09-26,ok,0
electricity_demand,es,nation,2024-07-22,742688.427,mwh,ree,2024-07-22,,2026-09-26,ok,0
electricity_demand,es,nation,2024-07-23,783735.147,mwh,ree,2024-07-23,,2026-09-26,ok,0
electricity_demand,es,nation,2024-07-24,806576.408,mwh,ree,2024-07-24,,2026-09-26,ok,0
electricity_demand,es,nation,2024-07-25,773955.13,mwh,ree,2024-07-25,,2026-09-26,ok,0
electricity_demand,es,nation,2024-07-26,773590.842,mwh,ree,2024-07-26,,2026-09-26,ok,0
electricity_demand,es,nation,2024-07-27,703718.397,mwh,ree,2024-07-27,,2026-09-26,ok,0
electricity_demand,es,nation,2024-07-28,669515.361,mwh,ree,2024-07-28,,2026-09-26,ok,0
electricity_demand,es,nation,2024-07-29,795661.898,mwh,ree,2024-07-29,,2026-09-26,ok,0
electricity_demand,es,nation,2024-07-30,814439.123,mwh,ree,2024-07-30,,2026-09-26,ok,0
electricity_demand,es,nation,2024-07-31,808446.346,mwh,ree,2024-07-31,,2026-09-26,ok,0
electricity_demand,es,nation,2024-08-01,822334.593,mwh,ree,2024-08-01,,2026-09-26,ok,0
electricity_demand,es,nation,2024-08-02,796742.399,mwh,ree,2024-08-02,,2026-09-26,ok,0
electricity_demand,es,nation,2024-08-03,700122.36,mwh,ree,2024-08-03,,2026-09-26,ok,0
electricity_demand,es,nation,2024-08-04,664411.431,mwh,ree,2024-08-04,,2026-09-26,ok,0
electricity_demand,es,nation,2024-08-05,759002.69,mwh,ree,2024-08-05,,2026-09-26,ok,0
electricity_demand,es,nation,2024-08-06,771423.581,mwh,ree,2024-08-06,,2026-09-26,ok,0
electricity_demand,es,nation,2024-08-07,772073.249,mwh,ree,2024-08-07,,2026-09-26,ok,0
electricity_demand,es,nation,2024-08-08,772401.538,mwh,ree,2024-08-08,,2026-09-26,ok,0
electricity_demand,es,nation,2024-08-09,772935.824,mwh,ree,2024-08-09,,2026-09-26,ok,0
electricity_demand,es,nation,2024-08-10,713464.803,mwh,ree,2024-08-10,,2026-09-26,ok,0
electricity_demand,es,nation,2024-08-11,671701.722,mwh,ree,2024-08-11,,2026-09-26,ok,0
electricity_demand,es,nation,2024-08-12,750014.535,mwh,ree,2024-08-12,,2026-09-26,ok,0
electricity_demand,es,nation,2024-08-13,737828.997,mwh,ree,2024-08-13,,2026-09-26,ok,0
electricity_demand,es,nation,2024-08-14,702725.921,mwh,ree,2024-08-14,,2026-09-26,ok,0
electricity_demand,es,nation,2024-08-15,617541.371,mwh,ree,2024-08-15,,2026-09-26,ok,0
electricity_demand,es,nation,2024-08-16,655090.386,mwh,ree,2024-08-16,,2026-09-26,ok,0
electricity_demand,es,nation,2024-08-17,647929.123,mwh,ree,2024-08-17,,2026-09-26,ok,0
electricity_demand,es,nation,2024-08-18,628945.697,mwh,ree,2024-08-18,,2026-09-26,ok,0
electricity_demand,es,nation,2024-08-19,712297.821,mwh,ree,2024-08-19,,2026-09-26,ok,0
electricity_demand,es,nation,2024-08-20,732700.795,mwh,ree,2024-08-20,,2026-09-26,ok,0
electricity_demand,es,nation,2024-08-21,742774.409,mwh,ree,2024-08-21,,2026-09-26,ok,0
electricity_demand,es,nation,2024-08-22,749146.713,mwh,ree,2024-08-22,,2026-09-26,ok,0
electricity_demand,es,nation,2024-08-23,743446.72,mwh,ree,2024-08-23,,2026-09-26,ok,0
electricity_demand,es,nation,2024-08-24,688878.926,mwh,ree,2024-08-24,,2026-09-26,ok,0
electricity_demand,es,nation,2024-08-25,647915.767,mwh,ree,2024-08-25,,2026-09-26,ok,0
electricity_demand,es,nation,2024-08-26,738601.944,mwh,ree,2024-08-26,,2026-09-26,ok,0
electricity_demand,es,nation,2024-08-27,765981.401,mwh,ree,2024-08-27,,2026-09-26,ok,0
electricity_demand,es,nation,2024-08-28,777702.507,mwh,ree,2024-08-28,,2026-09-26,ok,0
electricity_demand,es,nation,2024-08-29,767391.885,mwh,ree,2024-08-29,,2026-09-26,ok,0
electricity_demand,es,nation,2024-08-30,754877.136,mwh,ree,2024-08-30,,2026-09-26,ok,0
electricity_demand,es,nation,2024-08-31,679489.19,mwh,ree,2024-08-31,,2026-09-26,ok,0
electricity_demand,es,nation,2024-09-01,635520.797,mwh,ree,2024-09-01,,2026-09-26,ok,0
electricity_demand,es,nation,2024-09-02,747148.328,mwh,ree,2024-09-02,,2026-09-26,ok,0
electricity_demand,es,nation,2024-09-03,749492.829,mwh,ree,2024-09-03,,2026-09-26,ok,0
electricity_demand,es,nation,2024-09-04,724877.568,mwh,ree,2024-09-04,,2026-09-26,ok,0
electricity_demand,es,nation,2024-09-05,711286.885,mwh,ree,2024-09-05,,2026-09-26,ok,0
electricity_demand,es,nation,2024-09-06,713336.528,mwh,ree,2024-09-06,,2026-09-26,ok,0
electricity_demand,es,nation,2024-09-07,627865.294,mwh,ree,2024-09-07,,2026-09-26,ok,0
electricity_demand,es,nation,2024-09-08,586439.281,mwh,ree,2024-09-08,,2026-09-26,ok,0
electricity_demand,es,nation,2024-09-09,678959.577,mwh,ree,2024-09-09,,2026-09-26,ok,0
electricity_demand,es,nation,2024-09-10,702676.435,mwh,ree,2024-09-10,,2026-09-26,ok,0
electricity_demand,es,nation,2024-09-11,690262.905,mwh,ree,2024-09-11,,2026-09-26,ok,0
electricity_demand,es,nation,2024-09-12,712003.62,mwh,ree,2024-09-12,,2026-09-26,ok,0
electricity_demand,es,nation,2024-09-13,684372.294,mwh,ree,2024-09-13,,2026-09-26,ok,0
electricity_demand,es,nation,2024-09-14,603145.351,mwh,ree,2024-09-14,,2026-09-26,ok,0
electricity_demand,es,nation,2024-09-15,565914.59,mwh,ree,2024-09-15,,2026-09-26,ok,0
electricity_demand,es,nation,2024-09-16,677158.157,mwh,ree,2024-09-16,,2026-09-26,ok,0
electricity_demand,es,nation,2024-09-17,693667.015,mwh,ree,2024-09-17,,2026-09-26,ok,0
electricity_demand,es,nation,2024-09-18,697682.109,mwh,ree,2024-09-18,,2026-09-26,ok,0
electricity_demand,es,nation,2024-09-19,695367.747,mwh,ree,2024-09-19,,2026-09-26,ok,0
electricity_demand,es,nation,2024-09-20,686311.435,mwh,ree,2024-09-20,,2026-09-26,ok,0
electricity_demand,es,nation,2024-09-21,612520.092,mwh,ree,2024-09-21,,2026-09-26,ok,0
electricity_demand,es,nation,2024-09-22,563714.064,mwh,ree,2024-09-22,,2026-09-26,ok,0
electricity_demand,es,nation,2024-09-23,658402.489,mwh,ree,2024-09-23,,2026-09-26,ok,0
electricity_demand,es,nation,2024-09-24,666549.893,mwh,ree,2024-09-24,,2026-09-26,ok,0
electricity_demand,es,nation,2024-09-25,690170.306,mwh,ree,2024-09-25,,2026-09-26,ok,0
electricity_demand,es,nation,2024-09-26,709563.671,mwh,ree,2024-09-26,,2026-09-26,ok,0
electricity_demand,es,nation,2024-09-27,681451.804,mwh,ree,2024-09-27,,2026-09-26,ok,0
electricity_demand,es,nation,2024-09-28,586411.756,mwh,ree,2024-09-28,,2026-09-26,ok,0
electricity_demand,es,nation,2024-09-29,547130.07,mwh,ree,2024-09-29,,2026-09-26,ok,0
electricity_demand,es,nation,2024-09-30,651718.723,mwh,ree,2024-09-30,,2026-09-26,ok,0
electricity_demand,es,nation,2024-10-01,684612.618,mwh,ree,2024-10-01,,2026-09-26,ok,0
electricity_demand,es,nation,2024-10-02,704137.965,mwh,ree,2024-10-02,,2026-09-26,ok,0
electricity_demand,es,nation,2024-10-03,693438.927,mwh,ree,2024-10-03,,2026-09-26,ok,0
electricity_demand,es,nation,2024-10-04,675767.86,mwh,ree,2024-10-04,,2026-09-26,ok,0
electricity_demand,es,nation,2024-10-05,606869.229,mwh,ree,2024-10-05,,2026-09-26,ok,0
electricity_demand,es,nation,2024-10-06,577173.06,mwh,ree,2024-10-06,,2026-09-26,ok,0
electricity_demand,es,nation,2024-10-07,690070.631,mwh,ree,2024-10-07,,2026-09-26,ok,0
electricity_demand,es,nation,2024-10-08,690974.941,mwh,ree,2024-10-08,,2026-09-26,ok,0
electricity_demand,es,nation,2024-10-09,688394.281,mwh,ree,2024-10-09,,2026-09-26,ok,0
electricity_demand,es,nation,2024-10-10,674602.585,mwh,ree,2024-10-10,,2026-09-26,ok,0
electricity_demand,es,nation,2024-10-11,664565.584,mwh,ree,2024-10-11,,2026-09-26,ok,0
electricity_demand,es,nation,2024-10-12,589272.325,mwh,ree,2024-10-12,,2026-09-26,ok,0
electricity_demand,es,nation,2024-10-13,549390.403,mwh,ree,2024-10-13,,2026-09-26,ok,0
electricity_demand,es,nation,2024-10-14,668027.312,mwh,ree,2024-10-14,,2026-09-26,ok,0
electricity_demand,es,nation,2024-10-15,693335.616,mwh,ree,2024-10-15,,2026-09-26,ok,0
electricity_demand,es,nation,2024-10-16,696267.98,mwh,ree,2024-10-16,,2026-09-26,ok,0
electricity_demand,es,nation,2024-10-17,689262.671,mwh,ree,2024-10-17,,2026-09-26,ok,0
electricity_demand,es,nation,2024-10-18,672083.364,mwh,ree,2024-10-18,,2026-09-26,ok,0
electricity_demand,es,nation,2024-10-19,592622.751,mwh,ree,2024-10-19,,2026-09-26,ok,0
electricity_demand,es,nation,2024-10-20,556263.258,mwh,ree,2024-10-20,,2026-09-26,ok,0
electricity_demand,es,nation,2024-10-21,652929.134,mwh,ree,2024-10-21,,2026-09-26,ok,0
electricity_demand,es,nation,2024-10-22,677075.735,mwh,ree,2024-10-22,,2026-09-26,ok,0
electricity_demand,es,nation,2024-10-23,675029.303,mwh,ree,2024-10-23,,2026-09-26,ok,0
electricity_demand,es,nation,2024-10-24,675732.064,mwh,ree,2024-10-24,,2026-09-26,ok,0
electricity_demand,es,nation,2024-10-25,680753.442,mwh,ree,2024-10-25,,2026-09-26,ok,0
electricity_demand,es,nation,2024-10-26,600259.491,mwh,ree,2024-10-26,,2026-09-26,ok,0
electricity_demand,es,nation,2024-10-27,592818.011,mwh,ree,2024-10-27,,2026-09-26,ok,0
electricity_demand,es,nation,2024-10-28,674874.49,mwh,ree,2024-10-28,,2026-09-26,ok,0
electricity_demand,es,nation,2024-10-29,700574.099,mwh,ree,2024-10-29,,2026-09-26,ok,0
electricity_demand,es,nation,2024-10-30,687653.302,mwh,ree,2024-10-30,,2026-09-26,ok,0
electricity_demand,es,nation,2024-10-31,666086.577,mwh,ree,2024-10-31,,2026-09-26,ok,0
electricity_demand,es,nation,2024-11-01,576955.641,mwh,ree,2024-11-01,,2026-09-26,ok,0
electricity_demand,es,nation,2024-11-02,573530.388,mwh,ree,2024-11-02,,2026-09-26,ok,0
electricity_demand,es,nation,2024-11-03,554206.328,mwh,ree,2024-11-03,,2026-09-26,ok,0
electricity_demand,es,nation,2024-11-04,651653.41,mwh,ree,2024-11-04,,2026-09-26,ok,0
electricity_demand,es,nation,2024-11-05,671008.768,mwh,ree,2024-11-05,,2026-09-26,ok,0
electricity_demand,es,nation,2024-11-06,674763.53,mwh,ree,2024-11-06,,2026-09-26,ok,0
electricity_demand,es,nation,2024-11-07,675631.479,mwh,ree,2024-11-07,,2026-09-26,ok,0
electricity_demand,es,nation,2024-11-08,682336.02,mwh,ree,2024-11-08,,2026-09-26,ok,0
electricity_demand,es,nation,2024-11-09,603689.931,mwh,ree,2024-11-09,,2026-09-26,ok,0
electricity_demand,es,nation,2024-11-10,564790.043,mwh,ree,2024-11-10,,2026-09-26,ok,0
electricity_demand,es,nation,2024-11-11,667031.681,mwh,ree,2024-11-11,,2026-09-26,ok,0
electricity_demand,es,nation,2024-11-12,698667.79,mwh,ree,2024-11-12,,2026-09-26,ok,0
electricity_demand,es,nation,2024-11-13,729582.134,mwh,ree,2024-11-13,,2026-09-26,ok,0
electricity_demand,es,nation,2024-11-14,713120.292,mwh,ree,2024-11-14,,2026-09-26,ok,0
electricity_demand,es,nation,2024-11-15,704955.638,mwh,ree,2024-11-15,,2026-09-26,ok,0
electricity_demand,es,nation,2024-11-16,622878.804,mwh,ree,2024-11-16,,2026-09-26,ok,0
electricity_demand,es,nation,2024-11-17,578882.985,mwh,ree,2024-11-17,,2026-09-26,ok,0
electricity_demand,es,nation,2024-11-18,682827.51,mwh,ree,2024-11-18,,2026-09-26,ok,0
electricity_demand,es,nation,2024-11-19,698671.221,mwh,ree,2024-11-19,,2026-09-26,ok,0
electricity_demand,es,nation,2024-11-20,707107.296,mwh,ree,2024-11-20,,2026-09-26,ok,0
electricity_demand,es,nation,2024-11-21,723249.489,mwh,ree,2024-11-21,,2026-09-26,ok,0
electricity_demand,es,nation,2024-11-22,708584.877,mwh,ree,2024-11-22,,2026-09-26,ok,0
electricity_demand,es,nation,2024-11-23,627903.578,mwh,ree,2024-11-23,,2026-09-26,ok,0
electricity_demand,es,nation,2024-11-24,588974.226,mwh,ree,2024-11-24,,2026-09-26,ok,0
electricity_demand,es,nation,2024-11-25,698078.343,mwh,ree,2024-11-25,,2026-09-26,ok,0
electricity_demand,es,nation,2024-11-26,720149.567,mwh,ree,2024-11-26,,2026-09-26,ok,0
electricity_demand,es,nation,2024-11-27,724324.978,mwh,ree,2024-11-27,,2026-09-26,ok,0
electricity_demand,es,nation,2024-11-28,730708.457,mwh,ree,2024-11-28,,2026-09-26,ok,0
electricity_demand,es,nation,2024-11-29,718561.576,mwh,ree,2024-11-29,,2026-09-26,ok,0
electricity_demand,es,nation,2024-11-30,635729.236,mwh,ree,2024-11-30,,2026-09-26,ok,0
electricity_demand,es,nation,2024-12-01,603031.577,mwh,ree,2024-12-01,,2026-09-26,ok,0
electricity_demand,es,nation,2024-12-02,706645.856,mwh,ree,2024-12-02,,2026-09-26,ok,0
electricity_demand,es,nation,2024-12-03,723815.781,mwh,ree,2024-12-03,,2026-09-26,ok,0
electricity_demand,es,nation,2024-12-04,733823.736,mwh,ree,2024-12-04,,2026-09-26,ok,0
electricity_demand,es,nation,2024-12-05,728678.452,mwh,ree,2024-12-05,,2026-09-26,ok,0
electricity_demand,es,nation,2024-12-06,634732.969,mwh,ree,2024-12-06,,2026-09-26,ok,0
electricity_demand,es,nation,2024-12-07,626204.107,mwh,ree,2024-12-07,,2026-09-26,ok,0
electricity_demand,es,nation,2024-12-08,618579.423,mwh,ree,2024-12-08,,2026-09-26,ok,0
electricity_demand,es,nation,2024-12-09,727630.736,mwh,ree,2024-12-09,,2026-09-26,ok,0
electricity_demand,es,nation,2024-12-10,781334.031,mwh,ree,2024-12-10,,2026-09-26,ok,0
electricity_demand,es,nation,2024-12-11,809721.081,mwh,ree,2024-12-11,,2026-09-26,ok,0
electricity_demand,es,nation,2024-12-12,805169.012,mwh,ree,2024-12-12,,2026-09-26,ok,0
electricity_demand,es,nation,2024-12-13,785137.193,mwh,ree,2024-12-13,,2026-09-26,ok,0
electricity_demand,es,nation,2024-12-14,704828.445,mwh,ree,2024-12-14,,2026-09-26,ok,0
electricity_demand,es,nation,2024-12-15,672362.256,mwh,ree,2024-12-15,,2026-09-26,ok,0
electricity_demand,es,nation,2024-12-16,782975.415,mwh,ree,2024-12-16,,2026-09-26,ok,0
electricity_demand,es,nation,2024-12-17,796202.148,mwh,ree,2024-12-17,,2026-09-26,ok,0
electricity_demand,es,nation,2024-12-18,781895.5,mwh,ree,2024-12-18,,2026-09-26,ok,0
electricity_demand,es,nation,2024-12-19,769610.762,mwh,ree,2024-12-19,,2026-09-26,ok,0
electricity_demand,es,nation,2024-12-20,744247.659,mwh,ree,2024-12-20,,2026-09-26,ok,0
electricity_demand,es,nation,2024-12-21,674505.332,mwh,ree,2024-12-21,,2026-09-26,ok,0
electricity_demand,es,nation,2024-12-22,642593.443,mwh,ree,2024-12-22,,2026-09-26,ok,0
electricity_demand,es,nation,2024-12-23,690633.09,mwh,ree,2024-12-23,,2026-09-26,ok,0
electricity_demand,es,nation,2024-12-24,642852.982,mwh,ree,2024-12-24,,2026-09-26,ok,0
electricity_demand,es,nation,2024-12-25,547482.617,mwh,ree,2024-12-25,,2026-09-26,ok,0
electricity_demand,es,nation,2024-12-26,643051.101,mwh,ree,2024-12-26,,2026-09-26,ok,0
electricity_demand,es,nation,2024-12-27,676247.896,mwh,ree,2024-12-27,,2026-09-26,ok,0
electricity_demand,es,nation,2024-12-28,642095.784,mwh,ree,2024-12-28,,2026-09-26,ok,0
electricity_demand,es,nation,2024-12-29,619712.688,mwh,ree,2024-12-29,,2026-09-26,ok,0
electricity_demand,es,nation,2024-12-30,691924.592,mwh,ree,2024-12-30,,2026-09-26,ok,0
electricity_demand,es,nation,2024-12-31,666906.666,mwh,ree,2024-12-31,,2026-09-26,ok,0
electricity_demand,es,nation,2025-01-01,585942.98,mwh,ree,2025-01-01,,2026-09-26,ok,0
electricity_demand,es,nation,2025-01-02,714746.165,mwh,ree,2025-01-02,,2026-09-26,ok,0
electricity_demand,es,nation,2025-01-03,743131.902,mwh,ree,2025-01-03,,2026-09-26,ok,0
electricity_demand,es,nation,2025-01-04,672654.205,mwh,ree,2025-01-04,,2026-09-26,ok,0
electricity_demand,es,nation,2025-01-05,637473.016,mwh,ree,2025-01-05,,2026-09-26,ok,0
electricity_demand,es,nation,2025-01-06,612375.246,mwh,ree,2025-01-06,,2026-09-26,ok,0
electricity_demand,es,nation,2025-01-07,761126.956,mwh,ree,2025-01-07,,2026-09-26,ok,0
electricity_demand,es,nation,2025-01-08,785457.969,mwh,ree,2025-01-08,,2026-09-26,ok,0
electricity_demand,es,nation,2025-01-09,766861.319,mwh,ree,2025-01-09,,2026-09-26,ok,0
electricity_demand,es,nation,2025-01-10,758349.049,mwh,ree,2025-01-10,,2026-09-26,ok,0
electricity_demand,es,nation,2025-01-11,670140.941,mwh,ree,2025-01-11,,2026-09-26,ok,0
electricity_demand,es,nation,2025-01-12,627798.603,mwh,ree,2025-01-12,,2026-09-26,ok,0
electricity_demand,es,nation,2025-01-13,770960.273,mwh,ree,2025-01-13,,2026-09-26,ok,0
electricity_demand,es,nation,2025-01-14,811334.506,mwh,ree,2025-01-14,,2026-09-26,ok,0
electricity_demand,es,nation,2025-01-15,825272.872,mwh,ree,2025-01-15,,2026-09-26,ok,0
electricity_demand,es,nation,2025-01-16,837533.046,mwh,ree,2025-01-16,,2026-09-26,ok,0
electricity_demand,es,nation,2025-01-17,823171.174,mwh,ree,2025-01-17,,2026-09-26,ok,0
electricity_demand,es,nation,2025-01-18,721462.081,mwh,ree,2025-01-18,,2026-09-26,ok,0
electricity_demand,es,nation,2025-01-19,686072.784,mwh,ree,2025-01-19,,2026-09-26,ok,0
electricity_demand,es,nation,2025-01-20,814665.825,mwh,ree,2025-01-20,,2026-09-26,ok,0
electricity_demand,es,nation,2025-01-21,816068.543,mwh,ree,2025-01-21,,2026-09-26,ok,0
electricity_demand,es,nation,2025-01-22,786025.216,mwh,ree,2025-01-22,,2026-09-26,ok,0
electricity_demand,es,nation,2025-01-23,763306.352,mwh,ree,2025-01-23,,2026-09-26,ok,0
electricity_demand,es,nation,2025-01-24,754465.345,mwh,ree,2025-01-24,,2026-09-26,ok,0
electricity_demand,es,nation,2025-01-25,677659.658,mwh,ree,2025-01-25,,2026-09-26,ok,0
electricity_demand,es,nation,2025-01-26,639514.665,mwh,ree,2025-01-26,,2026-09-26,ok,0
electricity_demand,es,nation,2025-01-27,745544.984,mwh,ree,2025-01-27,,2026-09-26,ok,0
electricity_demand,es,nation,2025-01-28,776292.423,mwh,ree,2025-01-28,,2026-09-26,ok,0
electricity_demand,es,nation,2025-01-29,797240.69,mwh,ree,2025-01-29,,2026-09-26,ok,0
electricity_demand,es,nation,2025-01-30,783496.217,mwh,ree,2025-01-30,,2026-09-26,ok,0
electricity_demand,es,nation,2025-01-31,772257.643,mwh,ree,2025-01-31,,2026-09-26,ok,0
electricity_demand,es,nation,2025-02-01,695742.806,mwh,ree,2025-02-01,,2026-09-26,ok,0
electricity_demand,es,nation,2025-02-02,659166.289,mwh,ree,2025-02-02,,2026-09-26,ok,0
electricity_demand,es,nation,2025-02-03,768751.535,mwh,ree,2025-02-03,,2026-09-26,ok,0
electricity_demand,es,nation,2025-02-04,782615.522,mwh,ree,2025-02-04,,2026-09-26,ok,0
electricity_demand,es,nation,2025-02-05,782147.842,mwh,ree,2025-02-05,,2026-09-26,ok,0
electricity_demand,es,nation,2025-02-06,786399.816,mwh,ree,2025-02-06,,2026-09-26,ok,0
electricity_demand,es,nation,2025-02-07,796255.651,mwh,ree,2025-02-07,,2026-09-26,ok,0
electricity_demand,es,nation,2025-02-08,689583.624,mwh,ree,2025-02-08,,2026-09-26,ok,0
electricity_demand,es,nation,2025-02-09,647247.053,mwh,ree,2025-02-09,,2026-09-26,ok,0
electricity_demand,es,nation,2025-02-10,757836.189,mwh,ree,2025-02-10,,2026-09-26,ok,0
electricity_demand,es,nation,2025-02-11,765437.268,mwh,ree,2025-02-11,,2026-09-26,ok,0
electricity_demand,es,nation,2025-02-12,773734.442,mwh,ree,2025-02-12,,2026-09-26,ok,0
electricity_demand,es,nation,2025-02-13,757461.905,mwh,ree,2025-02-13,,2026-09-26,ok,0
electricity_demand,es,nation,2025-02-14,735597.658,mwh,ree,2025-02-14,,2026-09-26,ok,0
electricity_demand,es,nation,2025-02-15,663818.4,mwh,ree,2025-02-15,,2026-09-26,ok,0
electricity_demand,es,nation,2025-02-16,612138.615,mwh,ree,2025-02-16,,2026-09-26,ok,0
electricity_demand,es,nation,2025-02-17,714984.452,mwh,ree,2025-02-17,,2026-09-26,ok,0
electricity_demand,es,nation,2025-02-18,741638.655,mwh,ree,2025-02-18,,2026-09-26,ok,0
electricity_demand,es,nation,2025-02-19,729534.345,mwh,ree,2025-02-19,,2026-09-26,ok,0
electricity_demand,es,nation,2025-02-20,730459.658,mwh,ree,2025-02-20,,2026-09-26,ok,0
electricity_demand,es,nation,2025-02-21,739860.672,mwh,ree,2025-02-21,,2026-09-26,ok,0
electricity_demand,es,nation,2025-02-22,654390.89,mwh,ree,2025-02-22,,2026-09-26,ok,0
electricity_demand,es,nation,2025-02-23,607511.781,mwh,ree,2025-02-23,,2026-09-26,ok,0
electricity_demand,es,nation,2025-02-24,721880.389,mwh,ree,2025-02-24,,2026-09-26,ok,0
electricity_demand,es,nation,2025-02-25,746983.888,mwh,ree,2025-02-25,,2026-09-26,ok,0
electricity_demand,es,nation,2025-02-26,730095.38,mwh,ree,2025-02-26,,2026-09-26,ok,0
electricity_demand,es,nation,2025-02-27,744246.435,mwh,ree,2025-02-27,,2026-09-26,ok,0
electricity_demand,es,nation,2025-02-28,728757.572,mwh,ree,2025-02-28,,2026-09-26,ok,0
electricity_demand,es,nation,2025-03-01,674402.166,mwh,ree,2025-03-01,,2026-09-26,ok,0
electricity_demand,es,nation,2025-03-02,650396.07,mwh,ree,2025-03-02,,2026-09-26,ok,0
electricity_demand,es,nation,2025-03-03,755086.29,mwh,ree,2025-03-03,,2026-09-26,ok,0
electricity_demand,es,nation,2025-03-04,744807.974,mwh,ree,2025-03-04,,2026-09-26,ok,0
electricity_demand,es,nation,2025-03-05,752665.268,mwh,ree,2025-03-05,,2026-09-26,ok,0
electricity_demand,es,nation,2025-03-06,749868.661,mwh,ree,2025-03-06,,2026-09-26,ok,0
electricity_demand,es,nation,2025-03-07,753167.277,mwh,ree,2025-03-07,,2026-09-26,ok,0
electricity_demand,es,nation,2025-03-08,671512.347,mwh,ree,2025-03-08,,2026-09-26,ok,0
electricity_demand,es,nation,2025-03-09,620722.295,mwh,ree,2025-03-09,,2026-09-26,ok,0
electricity_demand,es,nation,2025-03-10,734634.856,mwh,ree,2025-03-10,,2026-09-26,ok,0
electricity_demand,es,nation,2025-03-11,747241.364,mwh,ree,2025-03-11,,2026-09-26,ok,0
electricity_demand,es,nation,2025-03-12,739860.815,mwh,ree,2025-03-12,,2026-09-26,ok,0
electricity_demand,es,nation,2025-03-13,763516.9,mwh,ree,2025-03-13,,2026-09-26,ok,0
electricity_demand,es,nation,2025-03-14,769103.571,mwh,ree,2025-03-14,,2026-09-26,ok,0
electricity_demand,es,nation,2025-03-15,670687.823,mwh,ree,2025-03-15,,2026-09-26,ok,0
electricity_demand,es,nation,2025-03-16,639887.798,mwh,ree,2025-03-16,,2026-09-26,ok,0
electricity_demand,es,nation,2025-03-17,762626.413,mwh,ree,2025-03-17,,2026-09-26,ok,0
electricity_demand,es,nation,2025-03-18,770472.372,mwh,ree,2025-03-18,,2026-09-26,ok,0
electricity_demand,es,nation,2025-03-19,733051.493,mwh,ree,2025-03-19,,2026-09-26,ok,0
electricity_demand,es,nation,2025-03-20,748652.109,mwh,ree,2025-03-20,,2026-09-26,ok,0
electricity_demand,es,nation,2025-03-21,741686.419,mwh,ree,2025-03-21,,2026-09-26,ok,0
electricity_demand,es,nation,2025-03-22,655406.165,mwh,ree,2025-03-22,,2026-09-26,ok,0
electricity_demand,es,nation,2025-03-23,624174.655,mwh,ree,2025-03-23,,2026-09-26,ok,0
electricity_demand,es,nation,2025-03-24,732146.565,mwh,ree,2025-03-24,,2026-09-26,ok,0
electricity_demand,es,nation,2025-03-25,733866.448,mwh,ree,2025-03-25,,2026-09-26,ok,0
electricity_demand,es,nation,2025-03-26,717975.591,mwh,ree,2025-03-26,,2026-09-26,ok,0
electricity_demand,es,nation,2025-03-27,709511.544,mwh,ree,2025-03-27,,2026-09-26,ok,0
electricity_demand,es,nation,2025-03-28,690635.545,mwh,ree,2025-03-28,,2026-09-26,ok,0
electricity_demand,es,nation,2025-03-29,612039.247,mwh,ree,2025-03-29,,2026-09-26,ok,0
electricity_demand,es,nation,2025-03-30,545216.607,mwh,ree,2025-03-30,,2026-09-26,ok,0
electricity_demand,es,nation,2025-03-31,662750.293,mwh,ree,2025-03-31,,2026-09-26,ok,0
electricity_demand,es,nation,2025-04-01,676301.821,mwh,ree,2025-04-01,,2026-09-26,ok,0
electricity_demand,es,nation,2025-04-02,703946.462,mwh,ree,2025-04-02,,2026-09-26,ok,0
electricity_demand,es,nation,2025-04-03,718951.132,mwh,ree,2025-04-03,,2026-09-26,ok,0
electricity_demand,es,nation,2025-04-04,708784.256,mwh,ree,2025-04-04,,2026-09-26,ok,0
electricity_demand,es,nation,2025-04-05,613858.999,mwh,ree,2025-04-05,,2026-09-26,ok,0
electricity_demand,es,nation,2025-04-06,563374.676,mwh,ree,2025-04-06,,2026-09-26,ok,0
electricity_demand,es,nation,2025-04-07,658781.007,mwh,ree,2025-04-07,,2026-09-26,ok,0
electricity_demand,es,nation,2025-04-08,665636.233,mwh,ree,2025-04-08,,2026-09-26,ok,0
electricity_demand,es,nation,2025-04-09,665425.778,mwh,ree,2025-04-09,,2026-09-26,ok,0
electricity_demand,es,nation,2025-04-10,669829.591,mwh,ree,2025-04-10,,2026-09-26,ok,0
electricity_demand,es,nation,2025-04-11,681494.754,mwh,ree,2025-04-11,,2026-09-26,ok,0
electricity_demand,es,nation,2025-04-12,615965.335,mwh,ree,2025-04-12,,2026-09-26,ok,0
electricity_demand,es,nation,2025-04-13,566522.479,mwh,ree,2025-04-13,,2026-09-26,ok,0
electricity_demand,es,nation,2025-04-14,663353.056,mwh,ree,2025-04-14,,2026-09-26,ok,0
electricity_demand,es,nation,2025-04-15,682260.517,mwh,ree,2025-04-15,,2026-09-26,ok,0
electricity_demand,es,nation,2025-04-16,673627.34,mwh,ree,2025-04-16,,2026-09-26,ok,0
electricity_demand,es,nation,2025-04-17,592808.906,mwh,ree,2025-04-17,,2026-09-26,ok,0
electricity_demand,es,nation,2025-04-18,553234.748,mwh,ree,2025-04-18,,2026-09-26,ok,0
electricity_demand,es,nation,2025-04-19,567968.671,mwh,ree,2025-04-19,,2026-09-26,ok,0
electricity_demand,es,nation,2025-04-20,545999.637,mwh,ree,2025-04-20,,2026-09-26,ok,0
electricity_demand,es,nation,2025-04-21,596556.17,mwh,ree,2025-04-21,,2026-09-26,ok,0
electricity_demand,es,nation,2025-04-22,666991.926,mwh,ree,2025-04-22,,2026-09-26,ok,0
electricity_demand,es,nation,2025-04-23,653559.57,mwh,ree,2025-04-23,,2026-09-26,ok,0
electricity_demand,es,nation,2025-04-24,655046.639,mwh,ree,2025-04-24,,2026-09-26,ok,0
electricity_demand,es,nation,2025-04-25,657828.984,mwh,ree,2025-04-25,,2026-09-26,ok,0
electricity_demand,es,nation,2025-04-26,586832.148,mwh,ree,2025-04-26,,2026-09-26,ok,0
electricity_demand,es,nation,2025-04-27,541841.685,mwh,ree,2025-04-27,,2026-09-26,ok,0
electricity_demand,es,nation,2025-04-28,403297.49,mwh,ree,2025-04-28,,2026-09-26,ok,0
electricity_demand,es,nation,2025-04-29,590008.854,mwh,ree,2025-04-29,,2026-09-26,ok,0
electricity_demand,es,nation,2025-04-30,643741.834,mwh,ree,2025-04-30,,2026-09-26,ok,0
electricity_demand,es,nation,2025-05-01,545193.63,mwh,ree,2025-05-01,,2026-09-26,ok,0
electricity_demand,es,nation,2025-05-02,591309.24,mwh,ree,2025-05-02,,2026-09-26,ok,0
electricity_demand,es,nation,2025-05-03,560744.858,mwh,ree,2025-05-03,,2026-09-26,ok,0
electricity_demand,es,nation,2025-05-04,533515.623,mwh,ree,2025-05-04,,2026-09-26,ok,0
electricity_demand,es,nation,2025-05-05,648347.913,mwh,ree,2025-05-05,,2026-09-26,ok,0
electricity_demand,es,nation,2025-05-06,657604.151,mwh,ree,2025-05-06,,2026-09-26,ok,0
electricity_demand,es,nation,2025-05-07,659421.69,mwh,ree,2025-05-07,,2026-09-26,ok,0
electricity_demand,es,nation,2025-05-08,668850.822,mwh,ree,2025-05-08,,2026-09-26,ok,0
electricity_demand,es,nation,2025-05-09,666459.818,mwh,ree,2025-05-09,,2026-09-26,ok,0
electricity_demand,es,nation,2025-05-10,590408.884,mwh,ree,2025-05-10,,2026-09-26,ok,0
electricity_demand,es,nation,2025-05-11,545283.335,mwh,ree,2025-05-11,,2026-09-26,ok,0
electricity_demand,es,nation,2025-05-12,643322.615,mwh,ree,2025-05-12,,2026-09-26,ok,0
electricity_demand,es,nation,2025-05-13,660084.118,mwh,ree,2025-05-13,,2026-09-26,ok,0
electricity_demand,es,nation,2025-05-14,672458.81,mwh,ree,2025-05-14,,2026-09-26,ok,0
electricity_demand,es,nation,2025-05-15,660896.599,mwh,ree,2025-05-15,,2026-09-26,ok,0
electricity_demand,es,nation,2025-05-16,648891.302,mwh,ree,2025-05-16,,2026-09-26,ok,0
electricity_demand,es,nation,2025-05-17,570958.901,mwh,ree,2025-05-17,,2026-09-26,ok,0
electricity_demand,es,nation,2025-05-18,535313.366,mwh,ree,2025-05-18,,2026-09-26,ok,0
electricity_demand,es,nation,2025-05-19,643300.851,mwh,ree,2025-05-19,,2026-09-26,ok,0
electricity_demand,es,nation,2025-05-20,652747.818,mwh,ree,2025-05-20,,2026-09-26,ok,0
electricity_demand,es,nation,2025-05-21,664074.541,mwh,ree,2025-05-21,,2026-09-26,ok,0
electricity_demand,es,nation,2025-05-22,668747.534,mwh,ree,2025-05-22,,2026-09-26,ok,0
electricity_demand,es,nation,2025-05-23,662081.848,mwh,ree,2025-05-23,,2026-09-26,ok,0
electricity_demand,es,nation,2025-05-24,576100.857,mwh,ree,2025-05-24,,2026-09-26,ok,0
electricity_demand,es,nation,2025-05-25,541965.112,mwh,ree,2025-05-25,,2026-09-26,ok,0
electricity_demand,es,nation,2025-05-26,656709.372,mwh,ree,2025-05-26,,2026-09-26,ok,0
electricity_demand,es,nation,2025-05-27,673794.192,mwh,ree,2025-05-27,,2026-09-26,ok,0
electricity_demand,es,nation,2025-05-28,690693.207,mwh,ree,2025-05-28,,2026-09-26,ok,0
electricity_demand,es,nation,2025-05-29,705719.635,mwh,ree,2025-05-29,,2026-09-26,ok,0
electricity_demand,es,nation,2025-05-30,715887.756,mwh,ree,2025-05-30,,2026-09-26,ok,0
electricity_demand,es,nation,2025-05-31,642741.787,mwh,ree,2025-05-31,,2026-09-26,ok,0
electricity_demand,es,nation,2025-06-01,602819.715,mwh,ree,2025-06-01,,2026-09-26,ok,0
electricity_demand,es,nation,2025-06-02,710381.373,mwh,ree,2025-06-02,,2026-09-26,ok,0
electricity_demand,es,nation,2025-06-03,703507.438,mwh,ree,2025-06-03,,2026-09-26,ok,0
electricity_demand,es,nation,2025-06-04,697097.43,mwh,ree,2025-06-04,,2026-09-26,ok,0
electricity_demand,es,nation,2025-06-05,701181.314,mwh,ree,2025-06-05,,2026-09-26,ok,0
electricity_demand,es,nation,2025-06-06,703707.936,mwh,ree,2025-06-06,,2026-09-26,ok,0
electricity_demand,es,nation,2025-06-07,630969.58,mwh,ree,2025-06-07,,2026-09-26,ok,0
electricity_demand,es,nation,2025-06-08,598851.312,mwh,ree,2025-06-08,,2026-09-26,ok,0
electricity_demand,es,nation,2025-06-09,711622.037,mwh,ree,2025-06-09,,2026-09-26,ok,0
electricity_demand,es,nation,2025-06-10,755719.469,mwh,ree,2025-06-10,,2026-09-26,ok,0
electricity_demand,es,nation,2025-06-11,753794.119,mwh,ree,2025-06-11,,2026-09-26,ok,0
electricity_demand,es,nation,2025-06-12,736017.95,mwh,ree,2025-06-12,,2026-09-26,ok,0
electricity_demand,es,nation,2025-06-13,742056.53,mwh,ree,2025-06-13,,2026-09-26,ok,0
electricity_demand,es,nation,2025-06-14,663394.009,mwh,ree,2025-06-14,,2026-09-26,ok,0
electricity_demand,es,nation,2025-06-15,627891.392,mwh,ree,2025-06-15,,2026-09-26,ok,0
electricity_demand,es,nation,2025-06-16,756596.132,mwh,ree,2025-06-16,,2026-09-26,ok,0
electricity_demand,es,nation,2025-06-17,790348.281,mwh,ree,2025-06-17,,2026-09-26,ok,0
electricity_demand,es,nation,2025-06-18,799721.974,mwh,ree,2025-06-18,,2026-09-26,ok,0
electricity_demand,es,nation,2025-06-19,801405.043,mwh,ree,2025-06-19,,2026-09-26,ok,0
electricity_demand,es,nation,2025-06-20,800467.012,mwh,ree,2025-06-20,,2026-09-26,ok,0
electricity_demand,es,nation,2025-06-21,718037.908,mwh,ree,2025-06-21,,2026-09-26,ok,0
electricity_demand,es,nation,2025-06-22,669508.036,mwh,ree,2025-06-22,,2026-09-26,ok,0
electricity_demand,es,nation,2025-06-23,770147.158,mwh,ree,2025-06-23,,2026-09-26,ok,0
electricity_demand,es,nation,2025-06-24,757680.57,mwh,ree,2025-06-24,,2026-09-26,ok,0
electricity_demand,es,nation,2025-06-25,780480.5,mwh,ree,2025-06-25,,2026-09-26,ok,0
electricity_demand,es,nation,2025-06-26,790453.374,mwh,ree,2025-06-26,,2026-09-26,ok,0
electricity_demand,es,nation,2025-06-27,806679.344,mwh,ree,2025-06-27,,2026-09-26,ok,0
electricity_demand,es,nation,2025-06-28,736928.967,mwh,ree,2025-06-28,,2026-09-26,ok,0
electricity_demand,es,nation,2025-06-29,707452.281,mwh,ree,2025-06-29,,2026-09-26,ok,0
electricity_demand,es,nation,2025-06-30,837662.946,mwh,ree,2025-06-30,,2026-09-26,ok,0
electricity_demand,es,nation,2025-07-01,857059.05,mwh,ree,2025-07-01,,2026-09-26,ok,0
electricity_demand,es,nation,2025-07-02,861178.961,mwh,ree,2025-07-02,,2026-09-26,ok,0
electricity_demand,es,nation,2025-07-03,856810.16,mwh,ree,2025-07-03,,2026-09-26,ok,0
electricity_demand,es,nation,2025-07-04,841678.891,mwh,ree,2025-07-04,,2026-09-26,ok,0
electricity_demand,es,nation,2025-07-05,745880.855,mwh,ree,2025-07-05,,2026-09-26,ok,0
electricity_demand,es,nation,2025-07-06,688994.137,mwh,ree,2025-07-06,,2026-09-26,ok,0
electricity_demand,es,nation,2025-07-07,803282.925,mwh,ree,2025-07-07,,2026-09-26,ok,0
electricity_demand,es,nation,2025-07-08,794518.367,mwh,ree,2025-07-08,,2026-09-26,ok,0
electricity_demand,es,nation,2025-07-09,809500.683,mwh,ree,2025-07-09,,2026-09-26,ok,0
electricity_demand,es,nation,2025-07-10,805006.775,mwh,ree,2025-07-10,,2026-09-26,ok,0
electricity_demand,es,nation,2025-07-11,788513.787,mwh,ree,2025-07-11,,2026-09-26,ok,0
electricity_demand,es,nation,2025-07-12,671976.538,mwh,ree,2025-07-12,,2026-09-26,ok,0
electricity_demand,es,nation,2025-07-13,615530.549,mwh,ree,2025-07-13,,2026-09-26,ok,0
electricity_demand,es,nation,2025-07-14,762786.592,mwh,ree,2025-07-14,,2026-09-26,ok,0
electricity_demand,es,nation,2025-07-15,797809.236,mwh,ree,2025-07-15,,2026-09-26,ok,0
electricity_demand,es,nation,2025-07-16,816806.174,mwh,ree,2025-07-16,,2026-09-26,ok,0
electricity_demand,es,nation,2025-07-17,839518.237,mwh,ree,2025-07-17,,2026-09-26,ok,0
electricity_demand,es,nation,2025-07-18,821388.608,mwh,ree,2025-07-18,,2026-09-26,ok,0
electricity_demand,es,nation,2025-07-19,711703.525,mwh,ree,2025-07-19,,2026-09-26,ok,0
electricity_demand,es,nation,2025-07-20,659396.043,mwh,ree,2025-07-20,,2026-09-26,ok,0
electricity_demand,es,nation,2025-07-21,758458.184,mwh,ree,2025-07-21,,2026-09-26,ok,0
electricity_demand,es,nation,2025-07-22,775365.945,mwh,ree,2025-07-22,,2026-09-26,ok,0
electricity_demand,es,nation,2025-07-23,789988.712,mwh,ree,2025-07-23,,2026-09-26,ok,0
electricity_demand,es,nation,2025-07-24,750581.907,mwh,ree,2025-07-24,,2026-09-26,ok,0
electricity_demand,es,nation,2025-07-25,692758.153,mwh,ree,2025-07-25,,2026-09-26,ok,0
electricity_demand,es,nation,2025-07-26,645962.042,mwh,ree,2025-07-26,,2026-09-26,ok,0
electricity_demand,es,nation,2025-07-27,622844.787,mwh,ree,2025-07-27,,2026-09-26,ok,0
electricity_demand,es,nation,2025-07-28,736634.927,mwh,ree,2025-07-28,,2026-09-26,ok,0
electricity_demand,es,nation,2025-07-29,731472.681,mwh,ree,2025-07-29,,2026-09-26,ok,0
electricity_demand,es,nation,2025-07-30,738786.755,mwh,ree,2025-07-30,,2026-09-26,ok,0
electricity_demand,es,nation,2025-07-31,738863.756,mwh,ree,2025-07-31,,2026-09-26,ok,0
electricity_demand,es,nation,2025-08-01,739168.874,mwh,ree,2025-08-01,,2026-09-26,ok,0
electricity_demand,es,nation,2025-08-02,671105.203,mwh,ree,2025-08-02,,2026-09-26,ok,0
electricity_demand,es,nation,2025-08-03,633322.338,mwh,ree,2025-08-03,,2026-09-26,ok,0
electricity_demand,es,nation,2025-08-04,737077.917,mwh,ree,2025-08-04,,2026-09-26,ok,0
electricity_demand,es,nation,2025-08-05,736755.325,mwh,ree,2025-08-05,,2026-09-26,ok,0
electricity_demand,es,nation,2025-08-06,739498.764,mwh,ree,2025-08-06,,2026-09-26,ok,0
electricity_demand,es,nation,2025-08-07,757495.856,mwh,ree,2025-08-07,,2026-09-26,ok,0
electricity_demand,es,nation,2025-08-08,755794.716,mwh,ree,2025-08-08,,2026-09-26,ok,0
electricity_demand,es,nation,2025-08-09,696125.623,mwh,ree,2025-08-09,,2026-09-26,ok,0
electricity_demand,es,nation,2025-08-10,665327.02,mwh,ree,2025-08-10,,2026-09-26,ok,0
electricity_demand,es,nation,2025-08-11,770154.375,mwh,ree,2025-08-11,,2026-09-26,ok,0
electricity_demand,es,nation,2025-08-12,789354.172,mwh,ree,2025-08-12,,2026-09-26,ok,0
electricity_demand,es,nation,2025-08-13,784300.347,mwh,ree,2025-08-13,,2026-09-26,ok,0
electricity_demand,es,nation,2025-08-14,768795.674,mwh,ree,2025-08-14,,2026-09-26,ok,0
electricity_demand,es,nation,2025-08-15,697692.381,mwh,ree,2025-08-15,,2026-09-26,ok,0
electricity_demand,es,nation,2025-08-16,712442.645,mwh,ree,2025-08-16,,2026-09-26,ok,0
electricity_demand,es,nation,2025-08-17,698785.936,mwh,ree,2025-08-17,,2026-09-26,ok,0
electricity_demand,es,nation,2025-08-18,790921.696,mwh,ree,2025-08-18,,2026-09-26,ok,0
electricity_demand,es,nation,2025-08-19,765059.914,mwh,ree,2025-08-19,,2026-09-26,ok,0
electricity_demand,es,nation,2025-08-20,728307.604,mwh,ree,2025-08-20,,2026-09-26,ok,0
electricity_demand,es,nation,2025-08-21,711360.986,mwh,ree,2025-08-21,,2026-09-26,ok,0
electricity_demand,es,nation,2025-08-22,703280.779,mwh,ree,2025-08-22,,2026-09-26,ok,0
electricity_demand,es,nation,2025-08-23,649410.059,mwh,ree,2025-08-23,,2026-09-26,ok,0
electricity_demand,es,nation,2025-08-24,621691.167,mwh,ree,2025-08-24,,2026-09-26,ok,0
electricity_demand,es,nation,2025-08-25,738402.878,mwh,ree,2025-08-25,,2026-09-26,ok,0
electricity_demand,es,nation,2025-08-26,769015.844,mwh,ree,2025-08-26,,2026-09-26,ok,0
electricity_demand,es,nation,2025-08-27,776240.472,mwh,ree,2025-08-27,,2026-09-26,ok,0
electricity_demand,es,nation,2025-08-28,739751.54,mwh,ree,2025-08-28,,2026-09-26,ok,0
electricity_demand,es,nation,2025-08-29,709249.68,mwh,ree,2025-08-29,,2026-09-26,ok,0
electricity_demand,es,nation,2025-08-30,645955.613,mwh,ree,2025-08-30,,2026-09-26,ok,0
electricity_demand,es,nation,2025-08-31,613728.66,mwh,ree,2025-08-31,,2026-09-26,ok,0
electricity_demand,es,nation,2025-09-01,695220.826,mwh,ree,2025-09-01,,2026-09-26,ok,0
electricity_demand,es,nation,2025-09-02,709142.509,mwh,ree,2025-09-02,,2026-09-26,ok,0
electricity_demand,es,nation,2025-09-03,724181.849,mwh,ree,2025-09-03,,2026-09-26,ok,0
electricity_demand,es,nation,2025-09-04,739985.161,mwh,ree,2025-09-04,,2026-09-26,ok,0
electricity_demand,es,nation,2025-09-05,733111.581,mwh,ree,2025-09-05,,2026-09-26,ok,0
electricity_demand,es,nation,2025-09-06,662031.9,mwh,ree,2025-09-06,,2026-09-26,ok,0
electricity_demand,es,nation,2025-09-07,637765.409,mwh,ree,2025-09-07,,2026-09-26,ok,0
electricity_demand,es,nation,2025-09-08,734401.925,mwh,ree,2025-09-08,,2026-09-26,ok,0
electricity_demand,es,nation,2025-09-09,729514.882,mwh,ree,2025-09-09,,2026-09-26,ok,0
electricity_demand,es,nation,2025-09-10,720856.008,mwh,ree,2025-09-10,,2026-09-26,ok,0
electricity_demand,es,nation,2025-09-11,707468.81,mwh,ree,2025-09-11,,2026-09-26,ok,0
electricity_demand,es,nation,2025-09-12,718782.125,mwh,ree,2025-09-12,,2026-09-26,ok,0
electricity_demand,es,nation,2025-09-13,648966.215,mwh,ree,2025-09-13,,2026-09-26,ok,0
electricity_demand,es,nation,2025-09-14,609958.866,mwh,ree,2025-09-14,,2026-09-26,ok,0
electricity_demand,es,nation,2025-09-15,735815.203,mwh,ree,2025-09-15,,2026-09-26,ok,0
electricity_demand,es,nation,2025-09-16,762031.043,mwh,ree,2025-09-16,,2026-09-26,ok,0
electricity_demand,es,nation,2025-09-17,771778.465,mwh,ree,2025-09-17,,2026-09-26,ok,0
electricity_demand,es,nation,2025-09-18,777066.321,mwh,ree,2025-09-18,,2026-09-26,ok,0
electricity_demand,es,nation,2025-09-19,773874.683,mwh,ree,2025-09-19,,2026-09-26,ok,0
electricity_demand,es,nation,2025-09-20,681940.62,mwh,ree,2025-09-20,,2026-09-26,ok,0
electricity_demand,es,nation,2025-09-21,619816.49,mwh,ree,2025-09-21,,2026-09-26,ok,0
electricity_demand,es,nation,2025-09-22,673251.051,mwh,ree,2025-09-22,,2026-09-26,ok,0
electricity_demand,es,nation,2025-09-23,682359.452,mwh,ree,2025-09-23,,2026-09-26,ok,0
electricity_demand,es,nation,2025-09-24,679205.773,mwh,ree,2025-09-24,,2026-09-26,ok,0
electricity_demand,es,nation,2025-09-25,687310.548,mwh,ree,2025-09-25,,2026-09-26,ok,0
electricity_demand,es,nation,2025-09-26,678828.907,mwh,ree,2025-09-26,,2026-09-26,ok,0
electricity_demand,es,nation,2025-09-27,606807.853,mwh,ree,2025-09-27,,2026-09-26,ok,0
electricity_demand,es,nation,2025-09-28,576950.527,mwh,ree,2025-09-28,,2026-09-26,ok,0
electricity_demand,es,nation,2025-09-29,667956.997,mwh,ree,2025-09-29,,2026-09-26,ok,0
electricity_demand,es,nation,2025-09-30,680217.557,mwh,ree,2025-09-30,,2026-09-26,ok,0
electricity_demand,es,nation,2025-10-01,681447.858,mwh,ree,2025-10-01,,2026-09-26,ok,0
electricity_demand,es,nation,2025-10-02,685450.521,mwh,ree,2025-10-02,,2026-09-26,ok,0
electricity_demand,es,nation,2025-10-03,690816.932,mwh,ree,2025-10-03,,2026-09-26,ok,0
electricity_demand,es,nation,2025-10-04,616790.228,mwh,ree,2025-10-04,,2026-09-26,ok,0
electricity_demand,es,nation,2025-10-05,572165.532,mwh,ree,2025-10-05,,2026-09-26,ok,0
electricity_demand,es,nation,2025-10-06,675839.454,mwh,ree,2025-10-06,,2026-09-26,ok,0
electricity_demand,es,nation,2025-10-07,685160.976,mwh,ree,2025-10-07,,2026-09-26,ok,0
electricity_demand,es,nation,2025-10-08,694124.826,mwh,ree,2025-10-08,,2026-09-26,ok,0
electricity_demand,es,nation,2025-10-09,687061.764,mwh,ree,2025-10-09,,2026-09-26,ok,0
electricity_demand,es,nation,2025-10-10,674000.228,mwh,ree,2025-10-10,,2026-09-26,ok,0
electricity_demand,es,nation,2025-10-11,597229.387,mwh,ree,2025-10-11,,2026-09-26,ok,0
electricity_demand,es,nation,2025-10-12,556264.228,mwh,ree,2025-10-12,,2026-09-26,ok,0
electricity_demand,es,nation,2025-10-13,643114.682,mwh,ree,2025-10-13,,2026-09-26,ok,0
electricity_demand,es,nation,2025-10-14,684525.569,mwh,ree,2025-10-14,,2026-09-26,ok,0
electricity_demand,es,nation,2025-10-15,685175.099,mwh,ree,2025-10-15,,2026-09-26,ok,0
electricity_demand,es,nation,2025-10-16,692752.575,mwh,ree,2025-10-16,,2026-09-26,ok,0
electricity_demand,es,nation,2025-10-17,685426.652,mwh,ree,2025-10-17,,2026-09-26,ok,0
electricity_demand,es,nation,2025-10-18,598999.213,mwh,ree,2025-10-18,,2026-09-26,ok,0
electricity_demand,es,nation,2025-10-19,569217.087,mwh,ree,2025-10-19,,2026-09-26,ok,0
electricity_demand,es,nation,2025-10-20,678283.258,mwh,ree,2025-10-20,,2026-09-26,ok,0
electricity_demand,es,nation,2025-10-21,699998.238,mwh,ree,2025-10-21,,2026-09-26,ok,0
electricity_demand,es,nation,2025-10-22,702111.01,mwh,ree,2025-10-22,,2026-09-26,ok,0
electricity_demand,es,nation,2025-10-23,697468.385,mwh,ree,2025-10-23,,2026-09-26,ok,0
electricity_demand,es,nation,2025-10-24,682693.846,mwh,ree,2025-10-24,,2026-09-26,ok,0
electricity_demand,es,nation,2025-10-25,611453.291,mwh,ree,2025-10-25,,2026-09-26,ok,0
electricity_demand,es,nation,2025-10-26,597182.047,mwh,ree,2025-10-26,,2026-09-26,ok,0
electricity_demand,es,nation,2025-10-27,664881.843,mwh,ree,2025-10-27,,2026-09-26,ok,0
electricity_demand,es,nation,2025-10-28,685758.817,mwh,ree,2025-10-28,,2026-09-26,ok,0
electricity_demand,es,nation,2025-10-29,701784.681,mwh,ree,2025-10-29,,2026-09-26,ok,0
electricity_demand,es,nation,2025-10-30,690636.076,mwh,ree,2025-10-30,,2026-09-26,ok,0
electricity_demand,es,nation,2025-10-31,682352.959,mwh,ree,2025-10-31,,2026-09-26,ok,0
electricity_demand,es,nation,2025-11-01,592224.216,mwh,ree,2025-11-01,,2026-09-26,ok,0
electricity_demand,es,nation,2025-11-02,564919.581,mwh,ree,2025-11-02,,2026-09-26,ok,0
electricity_demand,es,nation,2025-11-03,667334.984,mwh,ree,2025-11-03,,2026-09-26,ok,0
electricity_demand,es,nation,2025-11-04,692342.243,mwh,ree,2025-11-04,,2026-09-26,ok,0
electricity_demand,es,nation,2025-11-05,709914.049,mwh,ree,2025-11-05,,2026-09-26,ok,0
electricity_demand,es,nation,2025-11-06,707569.02,mwh,ree,2025-11-06,,2026-09-26,ok,0
electricity_demand,es,nation,2025-11-07,709465.115,mwh,ree,2025-11-07,,2026-09-26,ok,0
electricity_demand,es,nation,2025-11-08,628388.251,mwh,ree,2025-11-08,,2026-09-26,ok,0
electricity_demand,es,nation,2025-11-09,587930.143,mwh,ree,2025-11-09,,2026-09-26,ok,0
electricity_demand,es,nation,2025-11-10,692243.583,mwh,ree,2025-11-10,,2026-09-26,ok,0
electricity_demand,es,nation,2025-11-11,716770.269,mwh,ree,2025-11-11,,2026-09-26,ok,0
electricity_demand,es,nation,2025-11-12,716983.285,mwh,ree,2025-11-12,,2026-09-26,ok,0
electricity_demand,es,nation,2025-11-13,736367.279,mwh,ree,2025-11-13,,2026-09-26,ok,0
electricity_demand,es,nation,2025-11-14,725333.914,mwh,ree,2025-11-14,,2026-09-26,ok,0
electricity_demand,es,nation,2025-11-15,644732.613,mwh,ree,2025-11-15,,2026-09-26,ok,0
electricity_demand,es,nation,2025-11-16,595938.319,mwh,ree,2025-11-16,,2026-09-26,ok,0
electricity_demand,es,nation,2025-11-17,708643.281,mwh,ree,2025-11-17,,2026-09-26,ok,0
electricity_demand,es,nation,2025-11-18,727783.879,mwh,ree,2025-11-18,,2026-09-26,ok,0
electricity_demand,es,nation,2025-11-19,746921.31,mwh,ree,2025-11-19,,2026-09-26,ok,0
electricity_demand,es,nation,2025-11-20,764895.823,mwh,ree,2025-11-20,,2026-09-26,ok,0
electricity_demand,es,nation,2025-11-21,778121.195,mwh,ree,2025-11-21,,2026-09-26,ok,0
electricity_demand,es,nation,2025-11-22,700721.906,mwh,ree,2025-11-22,,2026-09-26,ok,0
electricity_demand,es,nation,2025-11-23,662908.597,mwh,ree,2025-11-23,,2026-09-26,ok,0
electricity_demand,es,nation,2025-11-24,777546.671,mwh,ree,2025-11-24,,2026-09-26,ok,0
electricity_demand,es,nation,2025-11-25,781672.446,mwh,ree,2025-11-25,,2026-09-26,ok,0
electricity_demand,es,nation,2025-11-26,789660.236,mwh,ree,2025-11-26,,2026-09-26,ok,0
electricity_demand,es,nation,2025-11-27,798053.606,mwh,ree,2025-11-27,,2026-09-26,ok,0
electricity_demand,es,nation,2025-11-28,788945.539,mwh,ree,2025-11-28,,2026-09-26,ok,0
electricity_demand,es,nation,2025-11-29,703367.672,mwh,ree,2025-11-29,,2026-09-26,ok,0
electricity_demand,es,nation,2025-11-30,673718.189,mwh,ree,2025-11-30,,2026-09-26,ok,0
electricity_demand,es,nation,2025-12-01,790477.858,mwh,ree,2025-12-01,,2026-09-26,ok,0
electricity_demand,es,nation,2025-12-02,811207.404,mwh,ree,2025-12-02,,2026-09-26,ok,0
electricity_demand,es,nation,2025-12-03,812350.358,mwh,ree,2025-12-03,,2026-09-26,ok,0
electricity_demand,es,nation,2025-12-04,837451.359,mwh,ree,2025-12-04,,2026-09-26,ok,0
electricity_demand,es,nation,2025-12-05,804046.095,mwh,ree,2025-12-05,,2026-09-26,ok,0
electricity_demand,es,nation,2025-12-06,680064.047,mwh,ree,2025-12-06,,2026-09-26,ok,0
electricity_demand,es,nation,2025-12-07,631522.224,mwh,ree,2025-12-07,,2026-09-26,ok,0
electricity_demand,es,nation,2025-12-08,651584.392,mwh,ree,2025-12-08,,2026-09-26,ok,0
electricity_demand,es,nation,2025-12-09,765538.19,mwh,ree,2025-12-09,,2026-09-26,ok,0
electricity_demand,es,nation,2025-12-10,793943.663,mwh,ree,2025-12-10,,2026-09-26,ok,0
electricity_demand,es,nation,2025-12-11,787803.972,mwh,ree,2025-12-11,,2026-09-26,ok,0
electricity_demand,es,nation,2025-12-12,786938.366,mwh,ree,2025-12-12,,2026-09-26,ok,0
electricity_demand,es,nation,2025-12-13,686876.902,mwh,ree,2025-12-13,,2026-09-26,ok,0
electricity_demand,es,nation,2025-12-14,658575.236,mwh,ree,2025-12-14,,2026-09-26,ok,0
electricity_demand,es,nation,2025-12-15,772519.725,mwh,ree,2025-12-15,,2026-09-26,ok,0
electricity_demand,es,nation,2025-12-16,802984.693,mwh,ree,2025-12-16,,2026-09-26,ok,0
electricity_demand,es,nation,2025-12-17,782501.052,mwh,ree,2025-12-17,,2026-09-26,ok,0
electricity_demand,es,nation,2025-12-18,780182.277,mwh,ree,2025-12-18,,2026-09-26,ok,0
electricity_demand,es,nation,2025-12-19,775930.19,mwh,ree,2025-12-19,,2026-09-26,ok,0
electricity_demand,es,nation,2025-12-20,692820.584,mwh,ree,2025-12-20,,2026-09-26,ok,0
electricity_demand,es,nation,2025-12-21,670225.5,mwh,ree,2025-12-21,,2026-09-26,ok,0
electricity_demand,es,nation,2025-12-22,770160.815,mwh,ree,2025-12-22,,2026-09-26,ok,0
electricity_demand,es,nation,2025-12-23,777702.768,mwh,ree,2025-12-23,,2026-09-26,ok,0
electricity_demand,es,nation,2025-12-24,686264.862,mwh,ree,2025-12-24,,2026-09-26,ok,0
electricity_demand,es,nation,2025-12-25,610017.094,mwh,ree,2025-12-25,,2026-09-26,ok,0
electricity_demand,es,nation,2025-12-26,683547.617,mwh,ree,2025-12-26,,2026-09-26,ok,0
electricity_demand,es,nation,2025-12-27,677335.172,mwh,ree,2025-12-27,,2026-09-26,ok,0
electricity_demand,es,nation,2025-12-28,639207.147,mwh,ree,2025-12-28,,2026-09-26,ok,0
electricity_demand,es,nation,2025-12-29,713546.431,mwh,ree,2025-12-29,,2026-09-26,ok,0
electricity_demand,es,nation,2025-12-30,724067.707,mwh,ree,2025-12-30,,2026-09-26,ok,0
electricity_demand,es,nation,2025-12-31,684034.843,mwh,ree,2025-12-31,,2026-09-26,ok,0
electricity_demand,es,nation,2026-01-01,614015.75,mwh,ree,2026-01-01,,2026-09-26,ok,0
electricity_demand,es,nation,2026-01-02,716162.48,mwh,ree,2026-01-02,,2026-09-26,ok,0
electricity_demand,es,nation,2026-01-03,695709.49,mwh,ree,2026-01-03,,2026-09-26,ok,0
electricity_demand,es,nation,2026-01-04,681987.77,mwh,ree,2026-01-04,,2026-09-26,ok,0
electricity_demand,es,nation,2026-01-05,745946.74,mwh,ree,2026-01-05,,2026-09-26,ok,0
electricity_demand,es,nation,2026-01-06,681283.23,mwh,ree,2026-01-06,,2026-09-26,ok,0
electricity_demand,es,nation,2026-01-07,849726.68,mwh,ree,2026-01-07,,2026-09-26,ok,0
electricity_demand,es,nation,2026-01-08,864846.47,mwh,ree,2026-01-08,,2026-09-26,ok,0
electricity_demand,es,nation,2026-01-09,837957.66,mwh,ree,2026-01-09,,2026-09-26,ok,0
electricity_demand,es,nation,2026-01-10,731313.04,mwh,ree,2026-01-10,,2026-09-26,ok,0
electricity_demand,es,nation,2026-01-11,691902.42,mwh,ree,2026-01-11,,2026-09-26,ok,0
electricity_demand,es,nation,2026-01-12,818920.18,mwh,ree,2026-01-12,,2026-09-26,ok,0
electricity_demand,es,nation,2026-01-13,834202.39,mwh,ree,2026-01-13,,2026-09-26,ok,0
electricity_demand,es,nation,2026-01-14,821425.27,mwh,ree,2026-01-14,,2026-09-26,ok,0
electricity_demand,es,nation,2026-01-15,833862.1,mwh,ree,2026-01-15,,2026-09-26,ok,0
electricity_demand,es,nation,2026-01-16,822052.24,mwh,ree,2026-01-16,,2026-09-26,ok,0
electricity_demand,es,nation,2026-01-17,738150.96,mwh,ree,2026-01-17,,2026-09-26,ok,0
electricity_demand,es,nation,2026-01-18,695216.59,mwh,ree,2026-01-18,,2026-09-26,ok,0
electricity_demand,es,nation,2026-01-19,826516.14,mwh,ree,2026-01-19,,2026-09-26,ok,0
electricity_demand,es,nation,2026-01-20,848303.43,mwh,ree,2026-01-20,,2026-09-26,ok,0
electricity_demand,es,nation,2026-01-21,855193.34,mwh,ree,2026-01-21,,2026-09-26,ok,0
electricity_demand,es,nation,2026-01-22,831367.75,mwh,ree,2026-01-22,,2026-09-26,ok,0
electricity_demand,es,nation,2026-01-23,819025.9,mwh,ree,2026-01-23,,2026-09-26,ok,0
electricity_demand,es,nation,2026-01-24,753352.65,mwh,ree,2026-01-24,,2026-09-26,ok,0
electricity_demand,es,nation,2026-01-25,699878.42,mwh,ree,2026-01-25,,2026-09-26,ok,0
electricity_demand,es,nation,2026-01-26,826706.82,mwh,ree,2026-01-26,,2026-09-26,ok,0
electricity_demand,es,nation,2026-01-27,838389.51,mwh,ree,2026-01-27,,2026-09-26,ok,0
electricity_demand,es,nation,2026-01-28,839457.87,mwh,ree,2026-01-28,,2026-09-26,ok,0
electricity_demand,es,nation,2026-01-29,825908.34,mwh,ree,2026-01-29,,2026-09-26,ok,0
electricity_demand,es,nation,2026-01-30,800449.54,mwh,ree,2026-01-30,,2026-09-26,ok,0
electricity_demand,es,nation,2026-01-31,702749.43,mwh,ree,2026-01-31,,2026-09-26,ok,0
electricity_demand,es,nation,2026-02-01,674617.08,mwh,ree,2026-02-01,,2026-09-26,ok,0
electricity_demand,es,nation,2026-02-02,808867.79,mwh,ree,2026-02-02,,2026-09-26,ok,0
electricity_demand,es,nation,2026-02-03,817546.61,mwh,ree,2026-02-03,,2026-09-26,ok,0
electricity_demand,es,nation,2026-02-04,831850.85,mwh,ree,2026-02-04,,2026-09-26,ok,0
electricity_demand,es,nation,2026-02-05,808334.52,mwh,ree,2026-02-05,,2026-09-26,ok,0
electricity_demand,es,nation,2026-02-06,785260.72,mwh,ree,2026-02-06,,2026-09-26,ok,0
electricity_demand,es,nation,2026-02-07,712287.09,mwh,ree,2026-02-07,,2026-09-26,ok,0
electricity_demand,es,nation,2026-02-08,661594.74,mwh,ree,2026-02-08,,2026-09-26,ok,0
electricity_demand,es,nation,2026-02-09,783349.45,mwh,ree,2026-02-09,,2026-09-26,ok,0
electricity_demand,es,nation,2026-02-10,790393.65,mwh,ree,2026-02-10,,2026-09-26,ok,0
electricity_demand,es,nation,2026-02-11,774796.33,mwh,ree,2026-02-11,,2026-09-26,ok,0
electricity_demand,es,nation,2026-02-12,742012.61,mwh,ree,2026-02-12,,2026-09-26,ok,0
electricity_demand,es,nation,2026-02-13,775252.53,mwh,ree,2026-02-13,,2026-09-26,ok,0
electricity_demand,es,nation,2026-02-14,676112.32,mwh,ree,2026-02-14,,2026-09-26,ok,0
electricity_demand,es,nation,2026-02-15,642677.62,mwh,ree,2026-02-15,,2026-09-26,ok,0
electricity_demand,es,nation,2026-02-16,754201.45,mwh,ree,2026-02-16,,2026-09-26,ok,0
electricity_demand,es,nation,2026-02-17,742376.92,mwh,ree,2026-02-17,,2026-09-26,ok,0
electricity_demand,es,nation,2026-02-18,758402.79,mwh,ree,2026-02-18,,2026-09-26,ok,0
electricity_demand,es,nation,2026-02-19,751341.44,mwh,ree,2026-02-19,,2026-09-26,ok,0
electricity_demand,es,nation,2026-02-20,752049.97,mwh,ree,2026-02-20,,2026-09-26,ok,0
electricity_demand,es,nation,2026-02-21,656157.86,mwh,ree,2026-02-21,,2026-09-26,ok,0
electricity_demand,es,nation,2026-02-22,612945.19,mwh,ree,2026-02-22,,2026-09-26,ok,0
electricity_demand,es,nation,2026-02-23,716978.97,mwh,ree,2026-02-23,,2026-09-26,ok,0
electricity_demand,es,nation,2026-02-24,729349.29,mwh,ree,2026-02-24,,2026-09-26,ok,0
electricity_demand,es,nation,2026-02-25,729571.38,mwh,ree,2026-02-25,,2026-09-26,ok,0
electricity_demand,es,nation,2026-02-26,719602.21,mwh,ree,2026-02-26,,2026-09-26,ok,0
electricity_demand,es,nation,2026-02-27,724001.37,mwh,ree,2026-02-27,,2026-09-26,ok,0
electricity_demand,es,nation,2026-02-28,651164.72,mwh,ree,2026-02-28,,2026-09-26,ok,0
electricity_demand,es,nation,2026-03-01,608473.69,mwh,ree,2026-03-01,,2026-09-26,ok,0
electricity_demand,es,nation,2026-03-02,734827.39,mwh,ree,2026-03-02,,2026-09-26,ok,0
electricity_demand,es,nation,2026-03-03,753640.22,mwh,ree,2026-03-03,,2026-09-26,ok,0
electricity_demand,es,nation,2026-03-04,762426.78,mwh,ree,2026-03-04,,2026-09-26,ok,0
electricity_demand,es,nation,2026-03-05,768545.5,mwh,ree,2026-03-05,,2026-09-26,ok,0
electricity_demand,es,nation,2026-03-06,783003.67,mwh,ree,2026-03-06,,2026-09-26,ok,0
electricity_demand,es,nation,2026-03-07,675658.04,mwh,ree,2026-03-07,,2026-09-26,ok,0
electricity_demand,es,nation,2026-03-08,631857.37,mwh,ree,2026-03-08,,2026-09-26,ok,0
electricity_demand,es,nation,2026-03-09,744220.8,mwh,ree,2026-03-09,,2026-09-26,ok,0
electricity_demand,es,nation,2026-03-10,768531.38,mwh,ree,2026-03-10,,2026-09-26,ok,0
electricity_demand,es,nation,2026-03-11,746365.76,mwh,ree,2026-03-11,,2026-09-26,ok,0
electricity_demand,es,nation,2026-03-12,723049.02,mwh,ree,2026-03-12,,2026-09-26,ok,0
electricity_demand,es,nation,2026-03-13,712700.91,mwh,ree,2026-03-13,,2026-09-26,ok,0
electricity_demand,es,nation,2026-03-14,660912.28,mwh,ree,2026-03-14,,2026-09-26,ok,0
electricity_demand,es,nation,2026-03-15,600180.15,mwh,ree,2026-03-15,,2026-09-26,ok,0
electricity_demand,es,nation,2026-03-16,698111.78,mwh,ree,2026-03-16,,2026-09-26,ok,0
electricity_demand,es,nation,2026-03-17,696395.37,mwh,ree,2026-03-17,,2026-09-26,ok,0
electricity_demand,es,nation,2026-03-18,705496.51,mwh,ree,2026-03-18,,2026-09-26,ok,0
electricity_demand,es,nation,2026-03-19,677604.97,mwh,ree,2026-03-19,,2026-09-26,ok,0
electricity_demand,es,nation,2026-03-20,703847.19,mwh,ree,2026-03-20,,2026-09-26,ok,0
electricity_demand,es,nation,2026-03-21,643560.86,mwh,ree,2026-03-21,,2026-09-26,ok,0
electricity_demand,es,nation,2026-03-22,588960.88,mwh,ree,2026-03-22,,2026-09-26,ok,0
electricity_demand,es,nation,2026-03-23,693762.19,mwh,ree,2026-03-23,,2026-09-26,ok,0
electricity_demand,es,nation,2026-03-24,703909.89,mwh,ree,2026-03-24,,2026-09-26,ok,0
electricity_demand,es,nation,2026-03-25,699042.57,mwh,ree,2026-03-25,,2026-09-26,ok,0
electricity_demand,es,nation,2026-03-26,703105.16,mwh,ree,2026-03-26,,2026-09-26,ok,0
electricity_demand,es,nation,2026-03-27,699970.23,mwh,ree,2026-03-27,,2026-09-26,ok,0
electricity_demand,es,nation,2026-03-28,624654.25,mwh,ree,2026-03-28,,2026-09-26,ok,0
electricity_demand,es,nation,2026-03-29,564018.24,mwh,ree,2026-03-29,,2026-09-26,ok,0
electricity_demand,es,nation,2026-03-30,689398.23,mwh,ree,2026-03-30,,2026-09-26,ok,0
electricity_demand,es,nation,2026-03-31,684651.93,mwh,ree,2026-03-31,,2026-09-26,ok,0
electricity_demand,es,nation,2026-04-01,677387.66,mwh,ree,2026-04-01,,2026-09-26,ok,0
electricity_demand,es,nation,2026-04-02,609815.85,mwh,ree,2026-04-02,,2026-09-26,ok,0
electricity_demand,es,nation,2026-04-03,551660.19,mwh,ree,2026-04-03,,2026-09-26,ok,0
electricity_demand,es,nation,2026-04-04,551601.62,mwh,ree,2026-04-04,,2026-09-26,ok,0
electricity_demand,es,nation,2026-04-05,529920.65,mwh,ree,2026-04-05,,2026-09-26,ok,0
electricity_demand,es,nation,2026-04-06,576510.57,mwh,ree,2026-04-06,,2026-09-26,ok,0
electricity_demand,es,nation,2026-04-07,662225.51,mwh,ree,2026-04-07,,2026-09-26,ok,0
electricity_demand,es,nation,2026-04-08,685605.47,mwh,ree,2026-04-08,,2026-09-26,ok,0
electricity_demand,es,nation,2026-04-09,677092.25,mwh,ree,2026-04-09,,2026-09-26,ok,0
electricity_demand,es,nation,2026-04-10,670855.89,mwh,ree,2026-04-10,,2026-09-26,ok,0
electricity_demand,es,nation,2026-04-11,611957.25,mwh,ree,2026-04-11,,2026-09-26,ok,0
electricity_demand,es,nation,2026-04-12,578995.07,mwh,ree,2026-04-12,,2026-09-26,ok,0
electricity_demand,es,nation,2026-04-13,666753.21,mwh,ree,2026-04-13,,2026-09-26,ok,0
electricity_demand,es,nation,2026-04-14,677022.49,mwh,ree,2026-04-14,,2026-09-26,ok,0
electricity_demand,es,nation,2026-04-15,669122.09,mwh,ree,2026-04-15,,2026-09-26,ok,0
electricity_demand,es,nation,2026-04-16,667413.87,mwh,ree,2026-04-16,,2026-09-26,ok,0
electricity_demand,es,nation,2026-04-17,668786.29,mwh,ree,2026-04-17,,2026-09-26,ok,0
electricity_demand,es,nation,2026-04-18,594899.31,mwh,ree,2026-04-18,,2026-09-26,ok,0
electricity_demand,es,nation,2026-04-19,551916.6,mwh,ree,2026-04-19,,2026-09-26,ok,0
electricity_demand,es,nation,2026-04-20,653123.86,mwh,ree,2026-04-20,,2026-09-26,ok,0
electricity_demand,es,nation,2026-04-21,670630.22,mwh,ree,2026-04-21,,2026-09-26,ok,0
electricity_demand,es,nation,2026-04-22,665078.06,mwh,ree,2026-04-22,,2026-09-26,ok,0
electricity_demand,es,nation,2026-04-23,655700.54,mwh,ree,2026-04-23,,2026-09-26,ok,0
electricity_demand,es,nation,2026-04-24,662357.19,mwh,ree,2026-04-24,,2026-09-26,ok,0
electricity_demand,es,nation,2026-04-25,589475.98,mwh,ree,2026-04-25,,2026-09-26,ok,0
electricity_demand,es,nation,2026-04-26,545385.7,mwh,ree,2026-04-26,,2026-09-26,ok,0
electricity_demand,es,nation,2026-04-27,649307.44,mwh,ree,2026-04-27,,2026-09-26,ok,0
electricity_demand,es,nation,2026-04-28,665973.13,mwh,ree,2026-04-28,,2026-09-26,ok,0
electricity_demand,es,nation,2026-04-29,680611.99,mwh,ree,2026-04-29,,2026-09-26,ok,0
electricity_demand,es,nation,2026-04-30,660550.7,mwh,ree,2026-04-30,,2026-09-26,ok,0
electricity_demand,es,nation,2026-05-01,557689.93,mwh,ree,2026-05-01,,2026-09-26,ok,0
electricity_demand,es,nation,2026-05-02,571216.36,mwh,ree,2026-05-02,,2026-09-26,ok,0
electricity_demand,es,nation,2026-05-03,551594.85,mwh,ree,2026-05-03,,2026-09-26,ok,0
electricity_demand,es,nation,2026-05-04,651094.15,mwh,ree,2026-05-04,,2026-09-26,ok,0
electricity_demand,es,nation,2026-05-05,664677.1,mwh,ree,2026-05-05,,2026-09-26,ok,0
electricity_demand,es,nation,2026-05-06,665277.71,mwh,ree,2026-05-06,,2026-09-26,ok,0
electricity_demand,es,nation,2026-05-07,672155.35,mwh,ree,2026-05-07,,2026-09-26,ok,0
electricity_demand,es,nation,2026-05-08,678173.96,mwh,ree,2026-05-08,,2026-09-26,ok,0
electricity_demand,es,nation,2026-05-09,616223.85,mwh,ree,2026-05-09,,2026-09-26,ok,0
electricity_demand,es,nation,2026-05-10,563139.27,mwh,ree,2026-05-10,,2026-09-26,ok,0
electricity_demand,es,nation,2026-05-11,655326.62,mwh,ree,2026-05-11,,2026-09-26,ok,0
electricity_demand,es,nation,2026-05-12,679582.3,mwh,ree,2026-05-12,,2026-09-26,ok,0
electricity_demand,es,nation,2026-05-13,678435.54,mwh,ree,2026-05-13,,2026-09-26,ok,0
electricity_demand,es,nation,2026-05-14,673945.06,mwh,ree,2026-05-14,,2026-09-26,ok,0
electricity_demand,es,nation,2026-05-15,676020.53,mwh,ree,2026-05-15,,2026-09-26,ok,0
electricity_demand,es,nation,2026-05-16,591663.09,mwh,ree,2026-05-16,,2026-09-26,ok,0
electricity_demand,es,nation,2026-05-17,556087.63,mwh,ree,2026-05-17,,2026-09-26,ok,0
electricity_demand,es,nation,2026-05-18,653394.42,mwh,ree,2026-05-18,,2026-09-26,ok,0
electricity_demand,es,nation,2026-05-19,667781.47,mwh,ree,2026-05-19,,2026-09-26,ok,0
electricity_demand,es,nation,2026-05-20,673835.44,mwh,ree,2026-05-20,,2026-09-26,ok,0
electricity_demand,es,nation,2026-05-21,678727.89,mwh,ree,2026-05-21,,2026-09-26,ok,0
electricity_demand,es,nation,2026-05-22,680190.9,mwh,ree,2026-05-22,,2026-09-26,ok,0
electricity_demand,es,nation,2026-05-23,611302.78,mwh,ree,2026-05-23,,2026-09-26,ok,0
electricity_demand,es,nation,2026-05-24,572134.53,mwh,ree,2026-05-24,,2026-09-26,ok,0
electricity_demand,es,nation,2026-05-25,680736.05,mwh,ree,2026-05-25,,2026-09-26,ok,0
electricity_demand,es,nation,2026-05-26,708443.11,mwh,ree,2026-05-26,,2026-09-26,ok,0
electricity_demand,es,nation,2026-05-27,719466.71,mwh,ree,2026-05-27,,2026-09-26,ok,0
electricity_demand,es,nation,2026-05-28,731389.94,mwh,ree,2026-05-28,,2026-09-26,ok,0
electricity_demand,es,nation,2026-05-29,734442.99,mwh,ree,2026-05-29,,2026-09-26,ok,0
electricity_demand,es,nation,2026-05-30,658524.65,mwh,ree,2026-05-30,,2026-09-26,ok,0
electricity_demand,es,nation,2026-05-31,617264.56,mwh,ree,2026-05-31,,2026-09-26,ok,0
electricity_demand,es,nation,2026-06-01,733373.5,mwh,ree,2026-06-01,,2026-09-26,ok,0
electricity_demand,es,nation,2026-06-02,759143.32,mwh,ree,2026-06-02,,2026-09-26,ok,0
electricity_demand,es,nation,2026-06-03,736000.98,mwh,ree,2026-06-03,,2026-09-26,ok,0
electricity_demand,es,nation,2026-06-04,741146.16,mwh,ree,2026-06-04,,2026-09-26,ok,0
electricity_demand,es,nation,2026-06-05,714014.58,mwh,ree,2026-06-05,,2026-09-26,ok,0
electricity_demand,es,nation,2026-06-06,638538.89,mwh,ree,2026-06-06,,2026-09-26,ok,0
electricity_demand,es,nation,2026-06-07,600000.36,mwh,ree,2026-06-07,,2026-09-26,ok,0
electricity_demand,es,nation,2026-06-08,718264.36,mwh,ree,2026-06-08,,2026-09-26,ok,0
electricity_demand,es,nation,2026-06-09,739560.46,mwh,ree,2026-06-09,,2026-09-26,ok,0
electricity_demand,es,nation,2026-06-10,735606.74,mwh,ree,2026-06-10,,2026-09-26,ok,0
electricity_demand,es,nation,2026-06-11,732176.04,mwh,ree,2026-06-11,,2026-09-26,ok,0
electricity_demand,es,nation,2026-06-12,732063.07,mwh,ree,2026-06-12,,2026-09-26,ok,0
electricity_demand,es,nation,2026-06-13,660872.4,mwh,ree,2026-06-13,,2026-09-26,ok,0
electricity_demand,es,nation,2026-06-14,622973.18,mwh,ree,2026-06-14,,2026-09-26,ok,0
electricity_demand,es,nation,2026-06-15,741837.59,mwh,ree,2026-06-15,,2026-09-26,ok,0
electricity_demand,es,nation,2026-06-16,767709.36,mwh,ree,2026-06-16,,2026-09-26,ok,0
electricity_demand,es,nation,2026-06-17,782817.33,mwh,ree,2026-06-17,,2026-09-26,ok,0
electricity_demand,es,nation,2026-06-18,789408.76,mwh,ree,2026-06-18,,2026-09-26,ok,0
electricity_demand,es,nation,2026-06-19,790452.8,mwh,ree,2026-06-19,,2026-09-26,ok,0
electricity_demand,es,nation,2026-06-20,718271.71,mwh,ree,2026-06-20,,2026-09-26,ok,0
electricity_demand,es,nation,2026-06-21,689508.82,mwh,ree,2026-06-21,,2026-09-26,ok,0
electricity_demand,es,nation,2026-06-22,821927.46,mwh,ree,2026-06-22,,2026-09-26,ok,0
electricity_demand,es,nation,2026-06-23,837528.92,mwh,ree,2026-06-23,,2026-09-26,ok,0
electricity_demand,es,nation,2026-06-24,794252.17,mwh,ree,2026-06-24,,2026-09-26,ok,0
electricity_demand,es,nation,2026-06-25,823842.04,mwh,ree,2026-06-25,,2026-09-26,ok,0
electricity_demand,es,nation,2026-06-26,809214.24,mwh,ree,2026-06-26,,2026-09-26,ok,0
electricity_demand,es,nation,2026-06-27,729618.71,mwh,ree,2026-06-27,,2026-09-26,ok,0
electricity_demand,es,nation,2026-06-28,688608.71,mwh,ree,2026-06-28,,2026-09-26,ok,0
electricity_demand,es,nation,2026-06-29,805290.41,mwh,ree,2026-06-29,,2026-09-26,ok,0
electricity_demand,es,nation,2026-06-30,843306.06,mwh,ree,2026-06-30,,2026-09-26,ok,0
electricity_demand,es,nation,2026-07-01,844988.19,mwh,ree,2026-07-01,,2026-09-26,ok,0
electricity_demand,es,nation,2026-07-02,830653.41,mwh,ree,2026-07-02,,2026-09-26,ok,0
electricity_demand,es,nation,2026-07-03,823141.52,mwh,ree,2026-07-03,,2026-09-26,ok,0
electricity_demand,es,nation,2026-07-04,737085.58,mwh,ree,2026-07-04,,2026-09-26,ok,0
electricity_demand,es,nation,2026-07-05,706520.14,mwh,ree,2026-07-05,,2026-09-26,ok,0
electricity_demand,es,nation,2026-07-06,843173.35,mwh,ree,2026-07-06,,2026-09-26,ok,0
electricity_demand,es,nation,2026-07-07,865984.57,mwh,ree,2026-07-07,,2026-09-26,ok,0
electricity_demand,es,nation,2026-07-08,871040.38,mwh,ree,2026-07-08,,2026-09-26,ok,0
electricity_demand,es,nation,2026-07-09,869570.92,mwh,ree,2026-07-09,,2026-09-26,ok,0
electricity_demand,es,nation,2026-07-10,846879.81,mwh,ree,2026-07-10,,2026-09-26,ok,0
electricity_demand,es,nation,2026-07-11,741978.72,mwh,ree,2026-07-11,,2026-09-26,ok,0
electricity_demand,es,nation,2026-07-12,691940.31,mwh,ree,2026-07-12,,2026-09-26,ok,0
electricity_demand,es,nation,2026-07-13,816625.03,mwh,ree,2026-07-13,,2026-09-26,ok,0
electricity_demand,es,nation,2026-07-14,847718.96,mwh,ree,2026-07-14,,2026-09-26,ok,0
electricity_demand,es,nation,2026-07-15,869687.77,mwh,ree,2026-07-15,,2026-09-26,ok,0
electricity_demand,es,nation,2026-07-16,873817.98,mwh,ree,2026-07-16,,2026-09-26,ok,0
electricity_demand,es,nation,2026-07-17,856855.12,mwh,ree,2026-07-17,,2026-09-26,ok,0
electricity_demand,es,nation,2026-07-18,760382.14,mwh,ree,2026-07-18,,2026-09-26,ok,0
electricity_demand,es,nation,2026-07-19,715321.22,mwh,ree,2026-07-19,,2026-09-26,ok,0
electricity_demand,es,nation,2026-07-20,847624.15,mwh,ree,2026-07-20,,2026-09-26,ok,0
electricity_demand,es,nation,2026-07-21,872294.64,mwh,ree,2026-07-21,,2026-09-26,ok,0
electricity_demand,es,nation,2026-07-22,870351.2,mwh,ree,2026-07-22,,2026-09-26,ok,0
electricity_demand,es,nation,2026-07-23,877000.66,mwh,ree,2026-07-23,,2026-09-26,ok,0
electricity_demand,es,nation,2026-07-24,854264.71,mwh,ree,2026-07-24,,2026-09-26,ok,0
electricity_demand,es,nation,2026-07-25,729932.82,mwh,ree,2026-07-25,,2026-09-26,ok,0
electricity_demand,es,nation,2026-07-26,656478.68,mwh,ree,2026-07-26,,2026-09-26,ok,0
electricity_demand,es,nation,2026-07-27,780557.09,mwh,ree,2026-07-27,,2026-09-26,ok,0
electricity_demand,es,nation,2026-07-28,824067.52,mwh,ree,2026-07-28,,2026-09-26,ok,0
electricity_demand,es,nation,2026-07-29,848053.95,mwh,ree,2026-07-29,,2026-09-26,ok,0
electricity_demand,es,nation,2026-07-30,852546.63,mwh,ree,2026-07-30,,2026-09-26,ok,0
electricity_demand,es,nation,2026-07-31,833079.38,mwh,ree,2026-07-31,,2026-09-26,ok,0
electricity_demand,es,nation,2026-08-01,756556.59,mwh,ree,2026-08-01,,2026-09-26,ok,0
electricity_demand,es,nation,2026-08-02,708656,mwh,ree,2026-08-02,,2026-09-26,ok,0
electricity_demand,es,nation,2026-08-03,802100.38,mwh,ree,2026-08-03,,2026-09-26,ok,0
electricity_demand,es,nation,2026-08-04,788173.89,mwh,ree,2026-08-04,,2026-09-26,ok,0
electricity_demand,es,nation,2026-08-05,810975.6,mwh,ree,2026-08-05,,2026-09-26,ok,0
electricity_demand,es,nation,2026-08-06,817482.16,mwh,ree,2026-08-06,,2026-09-26,ok,0
electricity_demand,es,nation,2026-08-07,809297.76,mwh,ree,2026-08-07,,2026-09-26,ok,0
electricity_demand,es,nation,2026-08-08,754149.39,mwh,ree,2026-08-08,,2026-09-26,ok,0
electricity_demand,es,nation,2026-08-09,710265.16,mwh,ree,2026-08-09,,2026-09-26,ok,0
electricity_demand,es,nation,2026-08-10,786800.66,mwh,ree,2026-08-10,,2026-09-26,ok,0
electricity_demand,es,nation,2026-08-11,789271.51,mwh,ree,2026-08-11,,2026-09-26,ok,0
electricity_demand,es,nation,2026-08-12,804207.06,mwh,ree,2026-08-12,,2026-09-26,ok,0
electricity_demand,es,nation,2026-08-13,824369.58,mwh,ree,2026-08-13,,2026-09-26,ok,0
electricity_demand,es,nation,2026-08-14,814343.99,mwh,ree,2026-08-14,,2026-09-26,ok,0
electricity_demand,es,nation,2026-08-15,715138.63,mwh,ree,2026-08-15,,2026-09-26,ok,0
electricity_demand,es,nation,2026-08-16,671596.73,mwh,ree,2026-08-16,,2026-09-26,ok,0
electricity_demand,es,nation,2026-08-17,783310.46,mwh,ree,2026-08-17,,2026-09-26,ok,0
electricity_demand,es,nation,2026-08-18,805959.13,mwh,ree,2026-08-18,,2026-09-26,ok,0
electricity_demand,es,nation,2026-08-19,813629.24,mwh,ree,2026-08-19,,2026-09-26,ok,0
electricity_demand,es,nation,2026-08-20,791044.95,mwh,ree,2026-08-20,,2026-09-26,ok,0
electricity_demand,es,nation,2026-08-21,735152.45,mwh,ree,2026-08-21,,2026-09-26,ok,0
electricity_demand,es,nation,2026-08-22,668870.11,mwh,ree,2026-08-22,,2026-09-26,ok,0
electricity_demand,es,nation,2026-08-23,640379.99,mwh,ree,2026-08-23,,2026-09-26,ok,0
electricity_demand,es,nation,2026-08-24,745389.4,mwh,ree,2026-08-24,,2026-09-26,ok,0
electricity_demand,es,nation,2026-08-25,741262.82,mwh,ree,2026-08-25,,2026-09-26,ok,0
electricity_demand,es,nation,2026-08-26,760517.68,mwh,ree,2026-08-26,,2026-09-26,ok,0
electricity_demand,es,nation,2026-08-27,758613.55,mwh,ree,2026-08-27,,2026-09-26,ok,0
electricity_demand,es,nation,2026-08-28,713734.2,mwh,ree,2026-08-28,,2026-09-26,ok,0
electricity_demand,es,nation,2026-08-29,631785.72,mwh,ree,2026-08-29,,2026-09-26,ok,0
electricity_demand,es,nation,2026-08-30,605883.86,mwh,ree,2026-08-30,,2026-09-26,ok,0
electricity_demand,es,nation,2026-08-31,731163.94,mwh,ree,2026-08-31,,2026-09-26,ok,0
electricity_demand,es,nation,2026-09-01,777225.44,mwh,ree,2026-09-01,,2026-09-26,ok,0
electricity_demand,es,nation,2026-09-02,803000.58,mwh,ree,2026-09-02,,2026-09-26,ok,0
electricity_demand,es,nation,2026-09-03,831250.11,mwh,ree,2026-09-03,,2026-09-26,ok,0
electricity_demand,es,nation,2026-09-04,841415.24,mwh,ree,2026-09-04,,2026-09-26,ok,0
electricity_demand,es,nation,2026-09-05,752078.66,mwh,ree,2026-09-05,,2026-09-26,ok,0
electricity_demand,es,nation,2026-09-06,702002.74,mwh,ree,2026-09-06,,2026-09-26,ok,0
electricity_demand,es,nation,2026-09-07,825117.93,mwh,ree,2026-09-07,,2026-09-26,ok,0
electricity_demand,es,nation,2026-09-08,828699.31,mwh,ree,2026-09-08,,2026-09-26,ok,0
electricity_demand,es,nation,2026-09-09,776791.58,mwh,ree,2026-09-09,,2026-09-26,ok,0
electricity_demand,es,nation,2026-09-10,737939.95,mwh,ree,2026-09-10,,2026-09-26,ok,0
electricity_demand,es,nation,2026-09-11,709778.17,mwh,ree,2026-09-11,,2026-09-26,ok,0
electricity_demand,es,nation,2026-09-12,646284.37,mwh,ree,2026-09-12,,2026-09-26,ok,0
electricity_demand,es,nation,2026-09-13,621528.47,mwh,ree,2026-09-13,,2026-09-26,ok,0
electricity_demand,es,nation,2026-09-14,749661.58,mwh,ree,2026-09-14,,2026-09-26,ok,0
electricity_demand,es,nation,2026-09-15,771653.72,mwh,ree,2026-09-15,,2026-09-26,ok,0
electricity_demand,es,nation,2026-09-16,741596.2,mwh,ree,2026-09-16,,2026-09-26,ok,0
electricity_demand,es,nation,2026-09-17,721363.99,mwh,ree,2026-09-17,,2026-09-26,ok,0
electricity_demand,es,nation,2026-09-18,713146.08,mwh,ree,2026-09-18,,2026-09-26,ok,0
electricity_demand,es,nation,2026-09-19,635863.73,mwh,ree,2026-09-19,,2026-09-26,ok,0
electricity_demand,es,nation,2026-09-20,596621.96,mwh,ree,2026-09-20,,2026-09-26,ok,0
electricity_demand,es,nation,2026-09-21,710712.18,mwh,ree,2026-09-21,,2026-09-26,ok,0
electricity_demand,es,nation,2026-09-22,727412.25,mwh,ree,2026-09-22,,2026-09-26,ok,0
electricity_demand,es,nation,2026-09-23,738151.25,mwh,ree,2026-09-23,,2026-09-26,ok,0
electricity_demand,es,nation,2026-09-24,741106.29,mwh,ree,2026-09-24,,2026-09-26,ok,0
electricity_demand,es,nation,2026-09-25,744996.97,mwh,ree,2026-09-25,,2026-09-26,ok,0
