metric_id,geo_id,geo_level,period,value,unit,source_id,observation_end,published_at,fetched_at,quality_flag,revision
geopolitical_risk,au,nation,2015-01,0.087951,percent,gpr,2015-01-31,,2026-09-26,estimated,0
geopolitical_risk,au,nation,2015-02,0.15052,percent,gpr,2015-02-28,,2026-09-26,estimated,0
geopolitical_risk,au,nation,2015-03,0.032953,percent,gpr,2015-03-31,,2026-09-26,estimated,0
geopolitical_risk,au,nation,2015-04,0.089274,percent,gpr,2015-04-30,,2026-09-26,estimated,0
geopolitical_risk,au,nation,2015-05,0.047031,percent,gpr,2015-05-31,,2026-09-26,estimated,0
geopolitical_risk,au,nation,2015-06,0.090941,percent,gpr,2015-06-30,,2026-09-26,estimated,0
geopolitical_risk,au,nation,2015-07,0.077925,percent,gpr,2015-07-31,,2026-09-26,estimated,0
geopolitical_risk,au,nation,2015-08,0.047121,percent,gpr,2015-08-31,,2026-09-26,estimated,0
geopolitical_risk,au,nation,2015-09,0.069602,percent,gpr,2015-09-30,,2026-09-26,estimated,0
geopolitical_risk,au,nation,2015-10,0.06488,percent,gpr,2015-10-31,,2026-09-26,estimated,0
geopolitical_risk,au,nation,2015-11,0.127854,percent,gpr,2015-11-30,,2026-09-26,estimated,0
geopolitical_risk,au,nation,2015-12,0.098367,percent,gpr,2015-12-31,,2026-09-26,estimated,0
geopolitical_risk,au,nation,2016-01,0.1066,percent,gpr,2016-01-31,,2026-09-26,estimated,0
geopolitical_risk,au,nation,2016-02,0.063607,percent,gpr,2016-02-29,,2026-09-26,estimated,0
geopolitical_risk,au,nation,2016-03,0.045267,percent,gpr,2016-03-31,,2026-09-26,estimated,0
geopolitical_risk,au,nation,2016-04,0.060417,percent,gpr,2016-04-30,,2026-09-26,estimated,0
geopolitical_risk,au,nation,2016-05,0.054627,percent,gpr,2016-05-31,,2026-09-26,estimated,0
geopolitical_risk,au,nation,2016-06,0.084958,percent,gpr,2016-06-30,,2026-09-26,estimated,0
geopolitical_risk,au,nation,2016-07,0.103128,percent,gpr,2016-07-31,,2026-09-26,estimated,0
geopolitical_risk,au,nation,2016-08,0.056853,percent,gpr,2016-08-31,,2026-09-26,estimated,0
geopolitical_risk,au,nation,2016-09,0.136116,percent,gpr,2016-09-30,,2026-09-26,estimated,0
geopolitical_risk,au,nation,2016-10,0.039266,percent,gpr,2016-10-31,,2026-09-26,estimated,0
geopolitical_risk,au,nation,2016-11,0.066663,percent,gpr,2016-11-30,,2026-09-26,estimated,0
geopolitical_risk,au,nation,2016-12,0.059041,percent,gpr,2016-12-31,,2026-09-26,estimated,0
geopolitical_risk,au,nation,2017-01,0.126621,percent,gpr,2017-01-31,,2026-09-26,estimated,0
geopolitical_risk,au,nation,2017-02,0.176231,percent,gpr,2017-02-28,,2026-09-26,estimated,0
geopolitical_risk,au,nation,2017-03,0.038454,percent,gpr,2017-03-31,,2026-09-26,estimated,0
geopolitical_risk,au,nation,2017-04,0.147105,percent,gpr,2017-04-30,,2026-09-26,estimated,0
geopolitical_risk,au,nation,2017-05,0.132006,percent,gpr,2017-05-31,,2026-09-26,estimated,0
geopolitical_risk,au,nation,2017-06,0.185759,percent,gpr,2017-06-30,,2026-09-26,estimated,0
geopolitical_risk,au,nation,2017-07,0.047687,percent,gpr,2017-07-31,,2026-09-26,estimated,0
geopolitical_risk,au,nation,2017-08,0.240333,percent,gpr,2017-08-31,,2026-09-26,estimated,0
geopolitical_risk,au,nation,2017-09,0.084885,percent,gpr,2017-09-30,,2026-09-26,estimated,0
geopolitical_risk,au,nation,2017-10,0.081162,percent,gpr,2017-10-31,,2026-09-26,estimated,0
geopolitical_risk,au,nation,2017-11,0.029456,percent,gpr,2017-11-30,,2026-09-26,estimated,0
geopolitical_risk,au,nation,2017-12,0.114228,percent,gpr,2017-12-31,,2026-09-26,estimated,0
geopolitical_risk,au,nation,2018-01,0.091106,percent,gpr,2018-01-31,,2026-09-26,estimated,0
geopolitical_risk,au,nation,2018-02,0.027899,percent,gpr,2018-02-28,,2026-09-26,estimated,0
geopolitical_risk,au,nation,2018-03,0.15228,percent,gpr,2018-03-31,,2026-09-26,estimated,0
geopolitical_risk,au,nation,2018-04,0.051829,percent,gpr,2018-04-30,,2026-09-26,estimated,0
geopolitical_risk,au,nation,2018-05,0.151273,percent,gpr,2018-05-31,,2026-09-26,estimated,0
geopolitical_risk,au,nation,2018-06,0.090868,percent,gpr,2018-06-30,,2026-09-26,estimated,0
geopolitical_risk,au,nation,2018-07,0.111002,percent,gpr,2018-07-31,,2026-09-26,estimated,0
geopolitical_risk,au,nation,2018-08,0.098535,percent,gpr,2018-08-31,,2026-09-26,estimated,0
geopolitical_risk,au,nation,2018-09,0.041999,percent,gpr,2018-09-30,,2026-09-26,estimated,0
geopolitical_risk,au,nation,2018-10,0.074147,percent,gpr,2018-10-31,,2026-09-26,estimated,0
geopolitical_risk,au,nation,2018-11,0.084771,percent,gpr,2018-11-30,,2026-09-26,estimated,0
geopolitical_risk,au,nation,2018-12,0.168974,percent,gpr,2018-12-31,,2026-09-26,estimated,0
geopolitical_risk,au,nation,2019-01,0.148746,percent,gpr,2019-01-31,,2026-09-26,estimated,0
geopolitical_risk,au,nation,2019-02,0.066094,percent,gpr,2019-02-28,,2026-09-26,estimated,0
geopolitical_risk,au,nation,2019-03,0.191875,percent,gpr,2019-03-31,,2026-09-26,estimated,0
geopolitical_risk,au,nation,2019-04,0.116394,percent,gpr,2019-04-30,,2026-09-26,estimated,0
geopolitical_risk,au,nation,2019-05,0.163328,percent,gpr,2019-05-31,,2026-09-26,estimated,0
geopolitical_risk,au,nation,2019-06,0.112175,percent,gpr,2019-06-30,,2026-09-26,estimated,0
geopolitical_risk,au,nation,2019-07,0.150429,percent,gpr,2019-07-31,,2026-09-26,estimated,0
geopolitical_risk,au,nation,2019-08,0.185824,percent,gpr,2019-08-31,,2026-09-26,estimated,0
geopolitical_risk,au,nation,2019-09,0.106293,percent,gpr,2019-09-30,,2026-09-26,estimated,0
geopolitical_risk,au,nation,2019-10,0.088287,percent,gpr,2019-10-31,,2026-09-26,estimated,0
geopolitical_risk,au,nation,2019-11,0.114437,percent,gpr,2019-11-30,,2026-09-26,estimated,0
geopolitical_risk,au,nation,2019-12,0.11164,percent,gpr,2019-12-31,,2026-09-26,estimated,0
geopolitical_risk,au,nation,2020-01,0.194132,percent,gpr,2020-01-31,,2026-09-26,estimated,0
geopolitical_risk,au,nation,2020-02,0.08025,percent,gpr,2020-02-29,,2026-09-26,estimated,0
geopolitical_risk,au,nation,2020-03,0.123995,percent,gpr,2020-03-31,,2026-09-26,estimated,0
geopolitical_risk,au,nation,2020-04,0.069635,percent,gpr,2020-04-30,,2026-09-26,estimated,0
geopolitical_risk,au,nation,2020-05,0.135184,percent,gpr,2020-05-31,,2026-09-26,estimated,0
geopolitical_risk,au,nation,2020-06,0.110742,percent,gpr,2020-06-30,,2026-09-26,estimated,0
geopolitical_risk,au,nation,2020-07,0.270039,percent,gpr,2020-07-31,,2026-09-26,estimated,0
geopolitical_risk,au,nation,2020-08,0.080146,percent,gpr,2020-08-31,,2026-09-26,estimated,0
geopolitical_risk,au,nation,2020-09,0.138914,percent,gpr,2020-09-30,,2026-09-26,estimated,0
geopolitical_risk,au,nation,2020-10,0.067491,percent,gpr,2020-10-31,,2026-09-26,estimated,0
geopolitical_risk,au,nation,2020-11,0.091773,percent,gpr,2020-11-30,,2026-09-26,estimated,0
geopolitical_risk,au,nation,2020-12,0.103872,percent,gpr,2020-12-31,,2026-09-26,estimated,0
geopolitical_risk,au,nation,2021-01,0.097306,percent,gpr,2021-01-31,,2026-09-26,estimated,0
geopolitical_risk,au,nation,2021-02,0.12082,percent,gpr,2021-02-28,,2026-09-26,estimated,0
geopolitical_risk,au,nation,2021-03,0.200873,percent,gpr,2021-03-31,,2026-09-26,estimated,0
geopolitical_risk,au,nation,2021-04,0.135016,percent,gpr,2021-04-30,,2026-09-26,estimated,0
geopolitical_risk,au,nation,2021-05,0.163562,percent,gpr,2021-05-31,,2026-09-26,estimated,0
geopolitical_risk,au,nation,2021-06,0.153175,percent,gpr,2021-06-30,,2026-09-26,estimated,0
geopolitical_risk,au,nation,2021-07,0.071704,percent,gpr,2021-07-31,,2026-09-26,estimated,0
geopolitical_risk,au,nation,2021-08,0.062756,percent,gpr,2021-08-31,,2026-09-26,estimated,0
geopolitical_risk,au,nation,2021-09,0.449438,percent,gpr,2021-09-30,,2026-09-26,estimated,0
geopolitical_risk,au,nation,2021-10,0.219564,percent,gpr,2021-10-31,,2026-09-26,estimated,0
geopolitical_risk,au,nation,2021-11,0.260602,percent,gpr,2021-11-30,,2026-09-26,estimated,0
geopolitical_risk,au,nation,2021-12,0.128363,percent,gpr,2021-12-31,,2026-09-26,estimated,0
geopolitical_risk,au,nation,2022-01,0.213302,percent,gpr,2022-01-31,,2026-09-26,estimated,0
geopolitical_risk,au,nation,2022-02,0.362428,percent,gpr,2022-02-28,,2026-09-26,estimated,0
geopolitical_risk,au,nation,2022-03,0.515166,percent,gpr,2022-03-31,,2026-09-26,estimated,0
geopolitical_risk,au,nation,2022-04,0.326607,percent,gpr,2022-04-30,,2026-09-26,estimated,0
geopolitical_risk,au,nation,2022-05,0.248996,percent,gpr,2022-05-31,,2026-09-26,estimated,0
geopolitical_risk,au,nation,2022-06,0.147163,percent,gpr,2022-06-30,,2026-09-26,estimated,0
geopolitical_risk,au,nation,2022-07,0.185895,percent,gpr,2022-07-31,,2026-09-26,estimated,0
geopolitical_risk,au,nation,2022-08,0.242776,percent,gpr,2022-08-31,,2026-09-26,estimated,0
geopolitical_risk,au,nation,2022-09,0.182622,percent,gpr,2022-09-30,,2026-09-26,estimated,0
geopolitical_risk,au,nation,2022-10,0.113598,percent,gpr,2022-10-31,,2026-09-26,estimated,0
geopolitical_risk,au,nation,2022-11,0.119733,percent,gpr,2022-11-30,,2026-09-26,estimated,0
geopolitical_risk,au,nation,2022-12,0.192177,percent,gpr,2022-12-31,,2026-09-26,estimated,0
geopolitical_risk,au,nation,2023-01,0.132676,percent,gpr,2023-01-31,,2026-09-26,estimated,0
geopolitical_risk,au,nation,2023-02,0.160107,percent,gpr,2023-02-28,,2026-09-26,estimated,0
geopolitical_risk,au,nation,2023-03,0.218186,percent,gpr,2023-03-31,,2026-09-26,estimated,0
geopolitical_risk,au,nation,2023-04,0.123217,percent,gpr,2023-04-30,,2026-09-26,estimated,0
geopolitical_risk,au,nation,2023-05,0.163577,percent,gpr,2023-05-31,,2026-09-26,estimated,0
geopolitical_risk,au,nation,2023-06,0.128448,percent,gpr,2023-06-30,,2026-09-26,estimated,0
geopolitical_risk,au,nation,2023-07,0.161451,percent,gpr,2023-07-31,,2026-09-26,estimated,0
geopolitical_risk,au,nation,2023-08,0.103143,percent,gpr,2023-08-31,,2026-09-26,estimated,0
geopolitical_risk,au,nation,2023-09,0.187549,percent,gpr,2023-09-30,,2026-09-26,estimated,0
geopolitical_risk,au,nation,2023-10,0.208993,percent,gpr,2023-10-31,,2026-09-26,estimated,0
geopolitical_risk,au,nation,2023-11,0.150197,percent,gpr,2023-11-30,,2026-09-26,estimated,0
geopolitical_risk,au,nation,2023-12,0.128733,percent,gpr,2023-12-31,,2026-09-26,estimated,0
geopolitical_risk,au,nation,2024-01,0.313165,percent,gpr,2024-01-31,,2026-09-26,estimated,0
geopolitical_risk,au,nation,2024-02,0.215926,percent,gpr,2024-02-29,,2026-09-26,estimated,0
geopolitical_risk,au,nation,2024-03,0.153676,percent,gpr,2024-03-31,,2026-09-26,estimated,0
geopolitical_risk,au,nation,2024-04,0.310107,percent,gpr,2024-04-30,,2026-09-26,estimated,0
geopolitical_risk,au,nation,2024-05,0.214093,percent,gpr,2024-05-31,,2026-09-26,estimated,0
geopolitical_risk,au,nation,2024-06,0.139488,percent,gpr,2024-06-30,,2026-09-26,estimated,0
geopolitical_risk,au,nation,2024-07,0.073901,percent,gpr,2024-07-31,,2026-09-26,estimated,0
geopolitical_risk,au,nation,2024-08,0.170908,percent,gpr,2024-08-31,,2026-09-26,estimated,0
geopolitical_risk,au,nation,2024-09,0.084575,percent,gpr,2024-09-30,,2026-09-26,estimated,0
geopolitical_risk,au,nation,2024-10,0.11129,percent,gpr,2024-10-31,,2026-09-26,estimated,0
geopolitical_risk,au,nation,2024-11,0.113343,percent,gpr,2024-11-30,,2026-09-26,estimated,0
geopolitical_risk,au,nation,2024-12,0.111273,percent,gpr,2024-12-31,,2026-09-26,estimated,0
geopolitical_risk,au,nation,2025-01,0.081311,percent,gpr,2025-01-31,,2026-09-26,estimated,0
geopolitical_risk,au,nation,2025-02,0.181855,percent,gpr,2025-02-28,,2026-09-26,estimated,0
geopolitical_risk,au,nation,2025-03,0.171913,percent,gpr,2025-03-31,,2026-09-26,estimated,0
geopolitical_risk,au,nation,2025-04,0.09707,percent,gpr,2025-04-30,,2026-09-26,estimated,0
geopolitical_risk,au,nation,2025-05,0.187288,percent,gpr,2025-05-31,,2026-09-26,estimated,0
geopolitical_risk,au,nation,2025-06,0.298378,percent,gpr,2025-06-30,,2026-09-26,estimated,0
geopolitical_risk,au,nation,2025-07,0.120729,percent,gpr,2025-07-31,,2026-09-26,estimated,0
geopolitical_risk,au,nation,2025-08,0.217391,percent,gpr,2025-08-31,,2026-09-26,estimated,0
geopolitical_risk,au,nation,2025-09,0.254735,percent,gpr,2025-09-30,,2026-09-26,estimated,0
geopolitical_risk,au,nation,2025-10,0.212659,percent,gpr,2025-10-31,,2026-09-26,estimated,0
geopolitical_risk,au,nation,2025-11,0.069139,percent,gpr,2025-11-30,,2026-09-26,estimated,0
geopolitical_risk,au,nation,2025-12,0.42623,percent,gpr,2025-12-31,,2026-09-26,estimated,0
geopolitical_risk,au,nation,2026-01,0.111982,percent,gpr,2026-01-31,,2026-09-26,estimated,0
geopolitical_risk,au,nation,2026-02,0.158322,percent,gpr,2026-02-28,,2026-09-26,estimated,0
geopolitical_risk,au,nation,2026-03,0.489406,percent,gpr,2026-03-31,,2026-09-26,estimated,0
geopolitical_risk,au,nation,2026-04,0.27253,percent,gpr,2026-04-30,,2026-09-26,estimated,0
geopolitical_risk,au,nation,2026-05,0.230071,percent,gpr,2026-05-31,,2026-09-26,estimated,0
geopolitical_risk,au,nation,2026-06,0.11855,percent,gpr,2026-06-30,,2026-09-26,estimated,0
geopolitical_risk,au,nation,2026-07,0.132567,percent,gpr,2026-07-31,,2026-09-26,estimated,0
geopolitical_risk,au,nation,2026-08,0.157831,percent,gpr,2026-08-31,,2026-09-26,estimated,0
geopolitical_risk,br,nation,2015-01,0.033505,percent,gpr,2015-01-31,,2026-09-26,estimated,0
geopolitical_risk,br,nation,2015-02,0.022806,percent,gpr,2015-02-28,,2026-09-26,estimated,0
geopolitical_risk,br,nation,2015-03,0.020596,percent,gpr,2015-03-31,,2026-09-26,estimated,0
geopolitical_risk,br,nation,2015-04,0.046763,percent,gpr,2015-04-30,,2026-09-26,estimated,0
geopolitical_risk,br,nation,2015-05,0.021378,percent,gpr,2015-05-31,,2026-09-26,estimated,0
geopolitical_risk,br,nation,2015-06,0.017322,percent,gpr,2015-06-30,,2026-09-26,estimated,0
geopolitical_risk,br,nation,2015-07,0.05195,percent,gpr,2015-07-31,,2026-09-26,estimated,0
geopolitical_risk,br,nation,2015-08,0.02356,percent,gpr,2015-08-31,,2026-09-26,estimated,0
geopolitical_risk,br,nation,2015-09,0.026101,percent,gpr,2015-09-30,,2026-09-26,estimated,0
geopolitical_risk,br,nation,2015-10,0.03244,percent,gpr,2015-10-31,,2026-09-26,estimated,0
geopolitical_risk,br,nation,2015-11,0.045662,percent,gpr,2015-11-30,,2026-09-26,estimated,0
geopolitical_risk,br,nation,2015-12,0.093449,percent,gpr,2015-12-31,,2026-09-26,estimated,0
geopolitical_risk,br,nation,2016-01,0.111235,percent,gpr,2016-01-31,,2026-09-26,estimated,0
geopolitical_risk,br,nation,2016-02,0.014679,percent,gpr,2016-02-29,,2026-09-26,estimated,0
geopolitical_risk,br,nation,2016-03,0.086008,percent,gpr,2016-03-31,,2026-09-26,estimated,0
geopolitical_risk,br,nation,2016-04,0.03718,percent,gpr,2016-04-30,,2026-09-26,estimated,0
geopolitical_risk,br,nation,2016-05,0.045523,percent,gpr,2016-05-31,,2026-09-26,estimated,0
geopolitical_risk,br,nation,2016-06,0.01416,percent,gpr,2016-06-30,,2026-09-26,estimated,0
geopolitical_risk,br,nation,2016-07,0.039287,percent,gpr,2016-07-31,,2026-09-26,estimated,0
geopolitical_risk,br,nation,2016-08,0.020674,percent,gpr,2016-08-31,,2026-09-26,estimated,0
geopolitical_risk,br,nation,2016-09,0.020165,percent,gpr,2016-09-30,,2026-09-26,estimated,0
geopolitical_risk,br,nation,2016-10,0.029449,percent,gpr,2016-10-31,,2026-09-26,estimated,0
geopolitical_risk,br,nation,2016-11,0.02564,percent,gpr,2016-11-30,,2026-09-26,estimated,0
geopolitical_risk,br,nation,2016-12,0.048307,percent,gpr,2016-12-31,,2026-09-26,estimated,0
geopolitical_risk,br,nation,2017-01,0.065843,percent,gpr,2017-01-31,,2026-09-26,estimated,0
geopolitical_risk,br,nation,2017-02,0.016522,percent,gpr,2017-02-28,,2026-09-26,estimated,0
geopolitical_risk,br,nation,2017-03,0.01442,percent,gpr,2017-03-31,,2026-09-26,estimated,0
geopolitical_risk,br,nation,2017-04,0.052538,percent,gpr,2017-04-30,,2026-09-26,estimated,0
geopolitical_risk,br,nation,2017-05,0.025386,percent,gpr,2017-05-31,,2026-09-26,estimated,0
geopolitical_risk,br,nation,2017-06,0.03096,percent,gpr,2017-06-30,,2026-09-26,estimated,0
geopolitical_risk,br,nation,2017-07,0.015896,percent,gpr,2017-07-31,,2026-09-26,estimated,0
geopolitical_risk,br,nation,2017-08,0.058748,percent,gpr,2017-08-31,,2026-09-26,estimated,0
geopolitical_risk,br,nation,2017-09,0.084885,percent,gpr,2017-09-30,,2026-09-26,estimated,0
geopolitical_risk,br,nation,2017-10,0.032465,percent,gpr,2017-10-31,,2026-09-26,estimated,0
geopolitical_risk,br,nation,2017-11,0.029456,percent,gpr,2017-11-30,,2026-09-26,estimated,0
geopolitical_risk,br,nation,2017-12,0.036553,percent,gpr,2017-12-31,,2026-09-26,estimated,0
geopolitical_risk,br,nation,2018-01,0.052061,percent,gpr,2018-01-31,,2026-09-26,estimated,0
geopolitical_risk,br,nation,2018-02,0.037199,percent,gpr,2018-02-28,,2026-09-26,estimated,0
geopolitical_risk,br,nation,2018-03,0.112206,percent,gpr,2018-03-31,,2026-09-26,estimated,0
geopolitical_risk,br,nation,2018-04,0.038872,percent,gpr,2018-04-30,,2026-09-26,estimated,0
geopolitical_risk,br,nation,2018-05,0.050424,percent,gpr,2018-05-31,,2026-09-26,estimated,0
geopolitical_risk,br,nation,2018-06,0.107389,percent,gpr,2018-06-30,,2026-09-26,estimated,0
geopolitical_risk,br,nation,2018-07,0.05977,percent,gpr,2018-07-31,,2026-09-26,estimated,0
geopolitical_risk,br,nation,2018-08,0.08062,percent,gpr,2018-08-31,,2026-09-26,estimated,0
geopolitical_risk,br,nation,2018-09,0.037799,percent,gpr,2018-09-30,,2026-09-26,estimated,0
geopolitical_risk,br,nation,2018-10,0.061789,percent,gpr,2018-10-31,,2026-09-26,estimated,0
geopolitical_risk,br,nation,2018-11,0.042385,percent,gpr,2018-11-30,,2026-09-26,estimated,0
geopolitical_risk,br,nation,2018-12,0.014081,percent,gpr,2018-12-31,,2026-09-26,estimated,0
geopolitical_risk,br,nation,2019-01,0.182745,percent,gpr,2019-01-31,,2026-09-26,estimated,0
geopolitical_risk,br,nation,2019-02,0.207724,percent,gpr,2019-02-28,,2026-09-26,estimated,0
geopolitical_risk,br,nation,2019-03,0.112622,percent,gpr,2019-03-31,,2026-09-26,estimated,0
geopolitical_risk,br,nation,2019-04,0.031337,percent,gpr,2019-04-30,,2026-09-26,estimated,0
geopolitical_risk,br,nation,2019-05,0.111751,percent,gpr,2019-05-31,,2026-09-26,estimated,0
geopolitical_risk,br,nation,2019-06,0.034515,percent,gpr,2019-06-30,,2026-09-26,estimated,0
geopolitical_risk,br,nation,2019-07,0.030971,percent,gpr,2019-07-31,,2026-09-26,estimated,0
geopolitical_risk,br,nation,2019-08,0.132732,percent,gpr,2019-08-31,,2026-09-26,estimated,0
geopolitical_risk,br,nation,2019-09,0.035431,percent,gpr,2019-09-30,,2026-09-26,estimated,0
geopolitical_risk,br,nation,2019-10,0.130329,percent,gpr,2019-10-31,,2026-09-26,estimated,0
geopolitical_risk,br,nation,2019-11,0.088028,percent,gpr,2019-11-30,,2026-09-26,estimated,0
geopolitical_risk,br,nation,2019-12,0.097078,percent,gpr,2019-12-31,,2026-09-26,estimated,0
geopolitical_risk,br,nation,2020-01,0.052945,percent,gpr,2020-01-31,,2026-09-26,estimated,0
geopolitical_risk,br,nation,2020-02,0.031208,percent,gpr,2020-02-29,,2026-09-26,estimated,0
geopolitical_risk,br,nation,2020-03,0.072687,percent,gpr,2020-03-31,,2026-09-26,estimated,0
geopolitical_risk,br,nation,2020-04,0.088204,percent,gpr,2020-04-30,,2026-09-26,estimated,0
geopolitical_risk,br,nation,2020-05,0.036049,percent,gpr,2020-05-31,,2026-09-26,estimated,0
geopolitical_risk,br,nation,2020-06,0.083056,percent,gpr,2020-06-30,,2026-09-26,estimated,0
geopolitical_risk,br,nation,2020-07,0.022503,percent,gpr,2020-07-31,,2026-09-26,estimated,0
geopolitical_risk,br,nation,2020-08,0.048978,percent,gpr,2020-08-31,,2026-09-26,estimated,0
geopolitical_risk,br,nation,2020-09,0.013443,percent,gpr,2020-09-30,,2026-09-26,estimated,0
geopolitical_risk,br,nation,2020-10,0.033745,percent,gpr,2020-10-31,,2026-09-26,estimated,0
geopolitical_risk,br,nation,2020-11,0.041298,percent,gpr,2020-11-30,,2026-09-26,estimated,0
geopolitical_risk,br,nation,2020-12,0.028329,percent,gpr,2020-12-31,,2026-09-26,estimated,0
geopolitical_risk,br,nation,2021-01,0.101729,percent,gpr,2021-01-31,,2026-09-26,estimated,0
geopolitical_risk,br,nation,2021-02,0.028997,percent,gpr,2021-02-28,,2026-09-26,estimated,0
geopolitical_risk,br,nation,2021-03,0.043668,percent,gpr,2021-03-31,,2026-09-26,estimated,0
geopolitical_risk,br,nation,2021-04,0.060524,percent,gpr,2021-04-30,,2026-09-26,estimated,0
geopolitical_risk,br,nation,2021-05,0.040891,percent,gpr,2021-05-31,,2026-09-26,estimated,0
geopolitical_risk,br,nation,2021-06,0.037133,percent,gpr,2021-06-30,,2026-09-26,estimated,0
geopolitical_risk,br,nation,2021-07,0.013444,percent,gpr,2021-07-31,,2026-09-26,estimated,0
geopolitical_risk,br,nation,2021-08,0.01931,percent,gpr,2021-08-31,,2026-09-26,estimated,0
geopolitical_risk,br,nation,2021-09,0.093633,percent,gpr,2021-09-30,,2026-09-26,estimated,0
geopolitical_risk,br,nation,2021-10,0.008962,percent,gpr,2021-10-31,,2026-09-26,estimated,0
geopolitical_risk,br,nation,2021-11,0.009476,percent,gpr,2021-11-30,,2026-09-26,estimated,0
geopolitical_risk,br,nation,2021-12,0.014811,percent,gpr,2021-12-31,,2026-09-26,estimated,0
geopolitical_risk,br,nation,2022-01,0.121194,percent,gpr,2022-01-31,,2026-09-26,estimated,0
geopolitical_risk,br,nation,2022-02,0.186248,percent,gpr,2022-02-28,,2026-09-26,estimated,0
geopolitical_risk,br,nation,2022-03,0.129995,percent,gpr,2022-03-31,,2026-09-26,estimated,0
geopolitical_risk,br,nation,2022-04,0.093316,percent,gpr,2022-04-30,,2026-09-26,estimated,0
geopolitical_risk,br,nation,2022-05,0.045272,percent,gpr,2022-05-31,,2026-09-26,estimated,0
geopolitical_risk,br,nation,2022-06,0.082411,percent,gpr,2022-06-30,,2026-09-26,estimated,0
geopolitical_risk,br,nation,2022-07,0.092948,percent,gpr,2022-07-31,,2026-09-26,estimated,0
geopolitical_risk,br,nation,2022-08,0.053292,percent,gpr,2022-08-31,,2026-09-26,estimated,0
geopolitical_risk,br,nation,2022-09,0.047128,percent,gpr,2022-09-30,,2026-09-26,estimated,0
geopolitical_risk,br,nation,2022-10,0.062479,percent,gpr,2022-10-31,,2026-09-26,estimated,0
geopolitical_risk,br,nation,2022-11,0.125435,percent,gpr,2022-11-30,,2026-09-26,estimated,0
geopolitical_risk,br,nation,2022-12,0.049594,percent,gpr,2022-12-31,,2026-09-26,estimated,0
geopolitical_risk,br,nation,2023-01,0.132676,percent,gpr,2023-01-31,,2026-09-26,estimated,0
geopolitical_risk,br,nation,2023-02,0.06004,percent,gpr,2023-02-28,,2026-09-26,estimated,0
geopolitical_risk,br,nation,2023-03,0.041278,percent,gpr,2023-03-31,,2026-09-26,estimated,0
geopolitical_risk,br,nation,2023-04,0.175097,percent,gpr,2023-04-30,,2026-09-26,estimated,0
geopolitical_risk,br,nation,2023-05,0.205986,percent,gpr,2023-05-31,,2026-09-26,estimated,0
geopolitical_risk,br,nation,2023-06,0.073399,percent,gpr,2023-06-30,,2026-09-26,estimated,0
geopolitical_risk,br,nation,2023-07,0.105564,percent,gpr,2023-07-31,,2026-09-26,estimated,0
geopolitical_risk,br,nation,2023-08,0.115277,percent,gpr,2023-08-31,,2026-09-26,estimated,0
geopolitical_risk,br,nation,2023-09,0.1089,percent,gpr,2023-09-30,,2026-09-26,estimated,0
geopolitical_risk,br,nation,2023-10,0.089568,percent,gpr,2023-10-31,,2026-09-26,estimated,0
geopolitical_risk,br,nation,2023-11,0.081357,percent,gpr,2023-11-30,,2026-09-26,estimated,0
geopolitical_risk,br,nation,2023-12,0.07724,percent,gpr,2023-12-31,,2026-09-26,estimated,0
geopolitical_risk,br,nation,2024-01,0.05637,percent,gpr,2024-01-31,,2026-09-26,estimated,0
geopolitical_risk,br,nation,2024-02,0.085062,percent,gpr,2024-02-29,,2026-09-26,estimated,0
geopolitical_risk,br,nation,2024-03,0.073764,percent,gpr,2024-03-31,,2026-09-26,estimated,0
geopolitical_risk,br,nation,2024-04,0.094931,percent,gpr,2024-04-30,,2026-09-26,estimated,0
geopolitical_risk,br,nation,2024-05,0.048936,percent,gpr,2024-05-31,,2026-09-26,estimated,0
geopolitical_risk,br,nation,2024-06,0.076084,percent,gpr,2024-06-30,,2026-09-26,estimated,0
geopolitical_risk,br,nation,2024-07,0.073901,percent,gpr,2024-07-31,,2026-09-26,estimated,0
geopolitical_risk,br,nation,2024-08,0.145588,percent,gpr,2024-08-31,,2026-09-26,estimated,0
geopolitical_risk,br,nation,2024-09,0.110598,percent,gpr,2024-09-30,,2026-09-26,estimated,0
geopolitical_risk,br,nation,2024-10,0.086559,percent,gpr,2024-10-31,,2026-09-26,estimated,0
geopolitical_risk,br,nation,2024-11,0.214092,percent,gpr,2024-11-30,,2026-09-26,estimated,0
geopolitical_risk,br,nation,2024-12,0.09041,percent,gpr,2024-12-31,,2026-09-26,estimated,0
geopolitical_risk,br,nation,2025-01,0.187641,percent,gpr,2025-01-31,,2026-09-26,estimated,0
geopolitical_risk,br,nation,2025-02,0.047148,percent,gpr,2025-02-28,,2026-09-26,estimated,0
geopolitical_risk,br,nation,2025-03,0.094849,percent,gpr,2025-03-31,,2026-09-26,estimated,0
geopolitical_risk,br,nation,2025-04,0.103137,percent,gpr,2025-04-30,,2026-09-26,estimated,0
geopolitical_risk,br,nation,2025-05,0.070233,percent,gpr,2025-05-31,,2026-09-26,estimated,0
geopolitical_risk,br,nation,2025-06,0.093243,percent,gpr,2025-06-30,,2026-09-26,estimated,0
geopolitical_risk,br,nation,2025-07,0.10262,percent,gpr,2025-07-31,,2026-09-26,estimated,0
geopolitical_risk,br,nation,2025-08,0.108696,percent,gpr,2025-08-31,,2026-09-26,estimated,0
geopolitical_risk,br,nation,2025-09,0.091444,percent,gpr,2025-09-30,,2026-09-26,estimated,0
geopolitical_risk,br,nation,2025-10,0.131349,percent,gpr,2025-10-31,,2026-09-26,estimated,0
geopolitical_risk,br,nation,2025-11,0.087995,percent,gpr,2025-11-30,,2026-09-26,estimated,0
geopolitical_risk,br,nation,2025-12,0.091803,percent,gpr,2025-12-31,,2026-09-26,estimated,0
geopolitical_risk,br,nation,2026-01,0.180416,percent,gpr,2026-01-31,,2026-09-26,estimated,0
geopolitical_risk,br,nation,2026-02,0.092354,percent,gpr,2026-02-28,,2026-09-26,estimated,0
geopolitical_risk,br,nation,2026-03,0.178489,percent,gpr,2026-03-31,,2026-09-26,estimated,0
geopolitical_risk,br,nation,2026-04,0.092908,percent,gpr,2026-04-30,,2026-09-26,estimated,0
geopolitical_risk,br,nation,2026-05,0.111926,percent,gpr,2026-05-31,,2026-09-26,estimated,0
geopolitical_risk,br,nation,2026-06,0.081113,percent,gpr,2026-06-30,,2026-09-26,estimated,0
geopolitical_risk,br,nation,2026-07,0.06944,percent,gpr,2026-07-31,,2026-09-26,estimated,0
geopolitical_risk,br,nation,2026-08,0.035871,percent,gpr,2026-08-31,,2026-09-26,estimated,0
geopolitical_risk,ca,nation,2015-01,0.184278,percent,gpr,2015-01-31,,2026-09-26,estimated,0
geopolitical_risk,ca,nation,2015-02,0.282795,percent,gpr,2015-02-28,,2026-09-26,estimated,0
geopolitical_risk,ca,nation,2015-03,0.160646,percent,gpr,2015-03-31,,2026-09-26,estimated,0
geopolitical_risk,ca,nation,2015-04,0.174297,percent,gpr,2015-04-30,,2026-09-26,estimated,0
geopolitical_risk,ca,nation,2015-05,0.115439,percent,gpr,2015-05-31,,2026-09-26,estimated,0
geopolitical_risk,ca,nation,2015-06,0.186212,percent,gpr,2015-06-30,,2026-09-26,estimated,0
geopolitical_risk,ca,nation,2015-07,0.103901,percent,gpr,2015-07-31,,2026-09-26,estimated,0
geopolitical_risk,ca,nation,2015-08,0.056545,percent,gpr,2015-08-31,,2026-09-26,estimated,0
geopolitical_risk,ca,nation,2015-09,0.143553,percent,gpr,2015-09-30,,2026-09-26,estimated,0
geopolitical_risk,ca,nation,2015-10,0.0811,percent,gpr,2015-10-31,,2026-09-26,estimated,0
geopolitical_risk,ca,nation,2015-11,0.30137,percent,gpr,2015-11-30,,2026-09-26,estimated,0
geopolitical_risk,ca,nation,2015-12,0.196734,percent,gpr,2015-12-31,,2026-09-26,estimated,0
geopolitical_risk,ca,nation,2016-01,0.241009,percent,gpr,2016-01-31,,2026-09-26,estimated,0
geopolitical_risk,ca,nation,2016-02,0.195714,percent,gpr,2016-02-29,,2026-09-26,estimated,0
geopolitical_risk,ca,nation,2016-03,0.20823,percent,gpr,2016-03-31,,2026-09-26,estimated,0
geopolitical_risk,ca,nation,2016-04,0.144072,percent,gpr,2016-04-30,,2026-09-26,estimated,0
geopolitical_risk,ca,nation,2016-05,0.177539,percent,gpr,2016-05-31,,2026-09-26,estimated,0
geopolitical_risk,ca,nation,2016-06,0.165196,percent,gpr,2016-06-30,,2026-09-26,estimated,0
geopolitical_risk,ca,nation,2016-07,0.250454,percent,gpr,2016-07-31,,2026-09-26,estimated,0
geopolitical_risk,ca,nation,2016-08,0.20674,percent,gpr,2016-08-31,,2026-09-26,estimated,0
geopolitical_risk,ca,nation,2016-09,0.146199,percent,gpr,2016-09-30,,2026-09-26,estimated,0
geopolitical_risk,ca,nation,2016-10,0.147246,percent,gpr,2016-10-31,,2026-09-26,estimated,0
geopolitical_risk,ca,nation,2016-11,0.143582,percent,gpr,2016-11-30,,2026-09-26,estimated,0
geopolitical_risk,ca,nation,2016-12,0.155655,percent,gpr,2016-12-31,,2026-09-26,estimated,0
geopolitical_risk,ca,nation,2017-01,0.232982,percent,gpr,2017-01-31,,2026-09-26,estimated,0
geopolitical_risk,ca,nation,2017-02,0.23681,percent,gpr,2017-02-28,,2026-09-26,estimated,0
geopolitical_risk,ca,nation,2017-03,0.16343,percent,gpr,2017-03-31,,2026-09-26,estimated,0
geopolitical_risk,ca,nation,2017-04,0.21015,percent,gpr,2017-04-30,,2026-09-26,estimated,0
geopolitical_risk,ca,nation,2017-05,0.16247,percent,gpr,2017-05-31,,2026-09-26,estimated,0
geopolitical_risk,ca,nation,2017-06,0.268318,percent,gpr,2017-06-30,,2026-09-26,estimated,0
geopolitical_risk,ca,nation,2017-07,0.116569,percent,gpr,2017-07-31,,2026-09-26,estimated,0
geopolitical_risk,ca,nation,2017-08,0.208289,percent,gpr,2017-08-31,,2026-09-26,estimated,0
geopolitical_risk,ca,nation,2017-09,0.224697,percent,gpr,2017-09-30,,2026-09-26,estimated,0
geopolitical_risk,ca,nation,2017-10,0.227254,percent,gpr,2017-10-31,,2026-09-26,estimated,0
geopolitical_risk,ca,nation,2017-11,0.126241,percent,gpr,2017-11-30,,2026-09-26,estimated,0
geopolitical_risk,ca,nation,2017-12,0.164489,percent,gpr,2017-12-31,,2026-09-26,estimated,0
geopolitical_risk,ca,nation,2018-01,0.164859,percent,gpr,2018-01-31,,2026-09-26,estimated,0
geopolitical_risk,ca,nation,2018-02,0.074398,percent,gpr,2018-02-28,,2026-09-26,estimated,0
geopolitical_risk,ca,nation,2018-03,0.344634,percent,gpr,2018-03-31,,2026-09-26,estimated,0
geopolitical_risk,ca,nation,2018-04,0.164126,percent,gpr,2018-04-30,,2026-09-26,estimated,0
geopolitical_risk,ca,nation,2018-05,0.256324,percent,gpr,2018-05-31,,2026-09-26,estimated,0
geopolitical_risk,ca,nation,2018-06,0.565858,percent,gpr,2018-06-30,,2026-09-26,estimated,0
geopolitical_risk,ca,nation,2018-07,0.392776,percent,gpr,2018-07-31,,2026-09-26,estimated,0
geopolitical_risk,ca,nation,2018-08,0.28217,percent,gpr,2018-08-31,,2026-09-26,estimated,0
geopolitical_risk,ca,nation,2018-09,0.264595,percent,gpr,2018-09-30,,2026-09-26,estimated,0
geopolitical_risk,ca,nation,2018-10,0.238919,percent,gpr,2018-10-31,,2026-09-26,estimated,0
geopolitical_risk,ca,nation,2018-11,0.169542,percent,gpr,2018-11-30,,2026-09-26,estimated,0
geopolitical_risk,ca,nation,2018-12,0.445905,percent,gpr,2018-12-31,,2026-09-26,estimated,0
geopolitical_risk,ca,nation,2019-01,0.40799,percent,gpr,2019-01-31,,2026-09-26,estimated,0
geopolitical_risk,ca,nation,2019-02,0.28798,percent,gpr,2019-02-28,,2026-09-26,estimated,0
geopolitical_risk,ca,nation,2019-03,0.133478,percent,gpr,2019-03-31,,2026-09-26,estimated,0
geopolitical_risk,ca,nation,2019-04,0.170114,percent,gpr,2019-04-30,,2026-09-26,estimated,0
geopolitical_risk,ca,nation,2019-05,0.283676,percent,gpr,2019-05-31,,2026-09-26,estimated,0
geopolitical_risk,ca,nation,2019-06,0.284753,percent,gpr,2019-06-30,,2026-09-26,estimated,0
geopolitical_risk,ca,nation,2019-07,0.199097,percent,gpr,2019-07-31,,2026-09-26,estimated,0
geopolitical_risk,ca,nation,2019-08,0.230068,percent,gpr,2019-08-31,,2026-09-26,estimated,0
geopolitical_risk,ca,nation,2019-09,0.163869,percent,gpr,2019-09-30,,2026-09-26,estimated,0
geopolitical_risk,ca,nation,2019-10,0.088287,percent,gpr,2019-10-31,,2026-09-26,estimated,0
geopolitical_risk,ca,nation,2019-11,0.180458,percent,gpr,2019-11-30,,2026-09-26,estimated,0
geopolitical_risk,ca,nation,2019-12,0.160179,percent,gpr,2019-12-31,,2026-09-26,estimated,0
geopolitical_risk,ca,nation,2020-01,0.375028,percent,gpr,2020-01-31,,2026-09-26,estimated,0
geopolitical_risk,ca,nation,2020-02,0.196166,percent,gpr,2020-02-29,,2026-09-26,estimated,0
geopolitical_risk,ca,nation,2020-03,0.209509,percent,gpr,2020-03-31,,2026-09-26,estimated,0
geopolitical_risk,ca,nation,2020-04,0.106773,percent,gpr,2020-04-30,,2026-09-26,estimated,0
geopolitical_risk,ca,nation,2020-05,0.135184,percent,gpr,2020-05-31,,2026-09-26,estimated,0
geopolitical_risk,ca,nation,2020-06,0.143042,percent,gpr,2020-06-30,,2026-09-26,estimated,0
geopolitical_risk,ca,nation,2020-07,0.252037,percent,gpr,2020-07-31,,2026-09-26,estimated,0
geopolitical_risk,ca,nation,2020-08,0.102409,percent,gpr,2020-08-31,,2026-09-26,estimated,0
geopolitical_risk,ca,nation,2020-09,0.174763,percent,gpr,2020-09-30,,2026-09-26,estimated,0
geopolitical_risk,ca,nation,2020-10,0.181381,percent,gpr,2020-10-31,,2026-09-26,estimated,0
geopolitical_risk,ca,nation,2020-11,0.123893,percent,gpr,2020-11-30,,2026-09-26,estimated,0
geopolitical_risk,ca,nation,2020-12,0.127479,percent,gpr,2020-12-31,,2026-09-26,estimated,0
geopolitical_risk,ca,nation,2021-01,0.123844,percent,gpr,2021-01-31,,2026-09-26,estimated,0
geopolitical_risk,ca,nation,2021-02,0.149816,percent,gpr,2021-02-28,,2026-09-26,estimated,0
geopolitical_risk,ca,nation,2021-03,0.183406,percent,gpr,2021-03-31,,2026-09-26,estimated,0
geopolitical_risk,ca,nation,2021-04,0.181573,percent,gpr,2021-04-30,,2026-09-26,estimated,0
geopolitical_risk,ca,nation,2021-05,0.236256,percent,gpr,2021-05-31,,2026-09-26,estimated,0
geopolitical_risk,ca,nation,2021-06,0.176383,percent,gpr,2021-06-30,,2026-09-26,estimated,0
geopolitical_risk,ca,nation,2021-07,0.134445,percent,gpr,2021-07-31,,2026-09-26,estimated,0
geopolitical_risk,ca,nation,2021-08,0.16896,percent,gpr,2021-08-31,,2026-09-26,estimated,0
geopolitical_risk,ca,nation,2021-09,0.210674,percent,gpr,2021-09-30,,2026-09-26,estimated,0
geopolitical_risk,ca,nation,2021-10,0.15235,percent,gpr,2021-10-31,,2026-09-26,estimated,0
geopolitical_risk,ca,nation,2021-11,0.175314,percent,gpr,2021-11-30,,2026-09-26,estimated,0
geopolitical_risk,ca,nation,2021-12,0.207356,percent,gpr,2021-12-31,,2026-09-26,estimated,0
geopolitical_risk,ca,nation,2022-01,0.329649,percent,gpr,2022-01-31,,2026-09-26,estimated,0
geopolitical_risk,ca,nation,2022-02,0.765126,percent,gpr,2022-02-28,,2026-09-26,estimated,0
geopolitical_risk,ca,nation,2022-03,0.905152,percent,gpr,2022-03-31,,2026-09-26,estimated,0
geopolitical_risk,ca,nation,2022-04,0.408258,percent,gpr,2022-04-30,,2026-09-26,estimated,0
geopolitical_risk,ca,nation,2022-05,0.288608,percent,gpr,2022-05-31,,2026-09-26,estimated,0
geopolitical_risk,ca,nation,2022-06,0.394396,percent,gpr,2022-06-30,,2026-09-26,estimated,0
geopolitical_risk,ca,nation,2022-07,0.360172,percent,gpr,2022-07-31,,2026-09-26,estimated,0
geopolitical_risk,ca,nation,2022-08,0.296068,percent,gpr,2022-08-31,,2026-09-26,estimated,0
geopolitical_risk,ca,nation,2022-09,0.28866,percent,gpr,2022-09-30,,2026-09-26,estimated,0
geopolitical_risk,ca,nation,2022-10,0.266954,percent,gpr,2022-10-31,,2026-09-26,estimated,0
geopolitical_risk,ca,nation,2022-11,0.279377,percent,gpr,2022-11-30,,2026-09-26,estimated,0
geopolitical_risk,ca,nation,2022-12,0.210774,percent,gpr,2022-12-31,,2026-09-26,estimated,0
geopolitical_risk,ca,nation,2023-01,0.290624,percent,gpr,2023-01-31,,2026-09-26,estimated,0
geopolitical_risk,ca,nation,2023-02,0.386925,percent,gpr,2023-02-28,,2026-09-26,estimated,0
geopolitical_risk,ca,nation,2023-03,0.247671,percent,gpr,2023-03-31,,2026-09-26,estimated,0
geopolitical_risk,ca,nation,2023-04,0.239948,percent,gpr,2023-04-30,,2026-09-26,estimated,0
geopolitical_risk,ca,nation,2023-05,0.236278,percent,gpr,2023-05-31,,2026-09-26,estimated,0
geopolitical_risk,ca,nation,2023-06,0.25078,percent,gpr,2023-06-30,,2026-09-26,estimated,0
geopolitical_risk,ca,nation,2023-07,0.16766,percent,gpr,2023-07-31,,2026-09-26,estimated,0
geopolitical_risk,ca,nation,2023-08,0.242689,percent,gpr,2023-08-31,,2026-09-26,estimated,0
geopolitical_risk,ca,nation,2023-09,0.308549,percent,gpr,2023-09-30,,2026-09-26,estimated,0
geopolitical_risk,ca,nation,2023-10,0.567266,percent,gpr,2023-10-31,,2026-09-26,estimated,0
geopolitical_risk,ca,nation,2023-11,0.406784,percent,gpr,2023-11-30,,2026-09-26,estimated,0
geopolitical_risk,ca,nation,2023-12,0.257467,percent,gpr,2023-12-31,,2026-09-26,estimated,0
geopolitical_risk,ca,nation,2024-01,0.382062,percent,gpr,2024-01-31,,2026-09-26,estimated,0
geopolitical_risk,ca,nation,2024-02,0.268272,percent,gpr,2024-02-29,,2026-09-26,estimated,0
geopolitical_risk,ca,nation,2024-03,0.239734,percent,gpr,2024-03-31,,2026-09-26,estimated,0
geopolitical_risk,ca,nation,2024-04,0.468325,percent,gpr,2024-04-30,,2026-09-26,estimated,0
geopolitical_risk,ca,nation,2024-05,0.28138,percent,gpr,2024-05-31,,2026-09-26,estimated,0
geopolitical_risk,ca,nation,2024-06,0.240933,percent,gpr,2024-06-30,,2026-09-26,estimated,0
geopolitical_risk,ca,nation,2024-07,0.166277,percent,gpr,2024-07-31,,2026-09-26,estimated,0
geopolitical_risk,ca,nation,2024-08,0.189897,percent,gpr,2024-08-31,,2026-09-26,estimated,0
geopolitical_risk,ca,nation,2024-09,0.227702,percent,gpr,2024-09-30,,2026-09-26,estimated,0
geopolitical_risk,ca,nation,2024-10,0.222579,percent,gpr,2024-10-31,,2026-09-26,estimated,0
geopolitical_risk,ca,nation,2024-11,0.327435,percent,gpr,2024-11-30,,2026-09-26,estimated,0
geopolitical_risk,ca,nation,2024-12,0.306002,percent,gpr,2024-12-31,,2026-09-26,estimated,0
geopolitical_risk,ca,nation,2025-01,0.344008,percent,gpr,2025-01-31,,2026-09-26,estimated,0
geopolitical_risk,ca,nation,2025-02,0.646595,percent,gpr,2025-02-28,,2026-09-26,estimated,0
geopolitical_risk,ca,nation,2025-03,0.960341,percent,gpr,2025-03-31,,2026-09-26,estimated,0
geopolitical_risk,ca,nation,2025-04,0.394346,percent,gpr,2025-04-30,,2026-09-26,estimated,0
geopolitical_risk,ca,nation,2025-05,0.743299,percent,gpr,2025-05-31,,2026-09-26,estimated,0
geopolitical_risk,ca,nation,2025-06,0.944862,percent,gpr,2025-06-30,,2026-09-26,estimated,0
geopolitical_risk,ca,nation,2025-07,0.386333,percent,gpr,2025-07-31,,2026-09-26,estimated,0
geopolitical_risk,ca,nation,2025-08,0.44757,percent,gpr,2025-08-31,,2026-09-26,estimated,0
geopolitical_risk,ca,nation,2025-09,0.411496,percent,gpr,2025-09-30,,2026-09-26,estimated,0
geopolitical_risk,ca,nation,2025-10,0.268952,percent,gpr,2025-10-31,,2026-09-26,estimated,0
geopolitical_risk,ca,nation,2025-11,0.301697,percent,gpr,2025-11-30,,2026-09-26,estimated,0
geopolitical_risk,ca,nation,2025-12,0.196721,percent,gpr,2025-12-31,,2026-09-26,estimated,0
geopolitical_risk,ca,nation,2026-01,0.665671,percent,gpr,2026-01-31,,2026-09-26,estimated,0
geopolitical_risk,ca,nation,2026-02,0.395804,percent,gpr,2026-02-28,,2026-09-26,estimated,0
geopolitical_risk,ca,nation,2026-03,0.794565,percent,gpr,2026-03-31,,2026-09-26,estimated,0
geopolitical_risk,ca,nation,2026-04,0.631775,percent,gpr,2026-04-30,,2026-09-26,estimated,0
geopolitical_risk,ca,nation,2026-05,0.485014,percent,gpr,2026-05-31,,2026-09-26,estimated,0
geopolitical_risk,ca,nation,2026-06,0.330692,percent,gpr,2026-06-30,,2026-09-26,estimated,0
geopolitical_risk,ca,nation,2026-07,0.328262,percent,gpr,2026-07-31,,2026-09-26,estimated,0
geopolitical_risk,ca,nation,2026-08,0.344358,percent,gpr,2026-08-31,,2026-09-26,estimated,0
geopolitical_risk,ch,nation,2015-01,0.11308,percent,gpr,2015-01-31,,2026-09-26,estimated,0
geopolitical_risk,ch,nation,2015-02,0.063857,percent,gpr,2015-02-28,,2026-09-26,estimated,0
geopolitical_risk,ch,nation,2015-03,0.37484,percent,gpr,2015-03-31,,2026-09-26,estimated,0
geopolitical_risk,ch,nation,2015-04,0.233814,percent,gpr,2015-04-30,,2026-09-26,estimated,0
geopolitical_risk,ch,nation,2015-05,0.021378,percent,gpr,2015-05-31,,2026-09-26,estimated,0
geopolitical_risk,ch,nation,2015-06,0.116924,percent,gpr,2015-06-30,,2026-09-26,estimated,0
geopolitical_risk,ch,nation,2015-07,0.090913,percent,gpr,2015-07-31,,2026-09-26,estimated,0
geopolitical_risk,ch,nation,2015-08,0.02356,percent,gpr,2015-08-31,,2026-09-26,estimated,0
geopolitical_risk,ch,nation,2015-09,0.039151,percent,gpr,2015-09-30,,2026-09-26,estimated,0
geopolitical_risk,ch,nation,2015-10,0.012165,percent,gpr,2015-10-31,,2026-09-26,estimated,0
geopolitical_risk,ch,nation,2015-11,0.045662,percent,gpr,2015-11-30,,2026-09-26,estimated,0
geopolitical_risk,ch,nation,2015-12,0.093449,percent,gpr,2015-12-31,,2026-09-26,estimated,0
geopolitical_risk,ch,nation,2016-01,0.125139,percent,gpr,2016-01-31,,2026-09-26,estimated,0
geopolitical_risk,ch,nation,2016-02,0.073393,percent,gpr,2016-02-29,,2026-09-26,estimated,0
geopolitical_risk,ch,nation,2016-03,0.076954,percent,gpr,2016-03-31,,2026-09-26,estimated,0
geopolitical_risk,ch,nation,2016-04,0.03718,percent,gpr,2016-04-30,,2026-09-26,estimated,0
geopolitical_risk,ch,nation,2016-05,0.027314,percent,gpr,2016-05-31,,2026-09-26,estimated,0
geopolitical_risk,ch,nation,2016-06,0.028319,percent,gpr,2016-06-30,,2026-09-26,estimated,0
geopolitical_risk,ch,nation,2016-07,0.044198,percent,gpr,2016-07-31,,2026-09-26,estimated,0
geopolitical_risk,ch,nation,2016-08,0.077527,percent,gpr,2016-08-31,,2026-09-26,estimated,0
geopolitical_risk,ch,nation,2016-09,0.025207,percent,gpr,2016-09-30,,2026-09-26,estimated,0
geopolitical_risk,ch,nation,2016-10,0.117797,percent,gpr,2016-10-31,,2026-09-26,estimated,0
geopolitical_risk,ch,nation,2016-11,0.030768,percent,gpr,2016-11-30,,2026-09-26,estimated,0
geopolitical_risk,ch,nation,2016-12,0.042939,percent,gpr,2016-12-31,,2026-09-26,estimated,0
geopolitical_risk,ch,nation,2017-01,0.081037,percent,gpr,2017-01-31,,2026-09-26,estimated,0
geopolitical_risk,ch,nation,2017-02,0.049565,percent,gpr,2017-02-28,,2026-09-26,estimated,0
geopolitical_risk,ch,nation,2017-03,0.033647,percent,gpr,2017-03-31,,2026-09-26,estimated,0
geopolitical_risk,ch,nation,2017-04,0.04203,percent,gpr,2017-04-30,,2026-09-26,estimated,0
geopolitical_risk,ch,nation,2017-05,0.055849,percent,gpr,2017-05-31,,2026-09-26,estimated,0
geopolitical_risk,ch,nation,2017-06,0.02064,percent,gpr,2017-06-30,,2026-09-26,estimated,0
geopolitical_risk,ch,nation,2017-07,0.031791,percent,gpr,2017-07-31,,2026-09-26,estimated,0
geopolitical_risk,ch,nation,2017-08,0.058748,percent,gpr,2017-08-31,,2026-09-26,estimated,0
geopolitical_risk,ch,nation,2017-09,0.084885,percent,gpr,2017-09-30,,2026-09-26,estimated,0
geopolitical_risk,ch,nation,2017-10,0.044639,percent,gpr,2017-10-31,,2026-09-26,estimated,0
geopolitical_risk,ch,nation,2017-11,0.008416,percent,gpr,2017-11-30,,2026-09-26,estimated,0
geopolitical_risk,ch,nation,2017-12,0.036553,percent,gpr,2017-12-31,,2026-09-26,estimated,0
geopolitical_risk,ch,nation,2018-01,0.065076,percent,gpr,2018-01-31,,2026-09-26,estimated,0
geopolitical_risk,ch,nation,2018-02,0.018599,percent,gpr,2018-02-28,,2026-09-26,estimated,0
geopolitical_risk,ch,nation,2018-03,0.164302,percent,gpr,2018-03-31,,2026-09-26,estimated,0
geopolitical_risk,ch,nation,2018-04,0.14253,percent,gpr,2018-04-30,,2026-09-26,estimated,0
geopolitical_risk,ch,nation,2018-05,0.109253,percent,gpr,2018-05-31,,2026-09-26,estimated,0
geopolitical_risk,ch,nation,2018-06,0.094998,percent,gpr,2018-06-30,,2026-09-26,estimated,0
geopolitical_risk,ch,nation,2018-07,0.089655,percent,gpr,2018-07-31,,2026-09-26,estimated,0
geopolitical_risk,ch,nation,2018-08,0.062704,percent,gpr,2018-08-31,,2026-09-26,estimated,0
geopolitical_risk,ch,nation,2018-09,0.021,percent,gpr,2018-09-30,,2026-09-26,estimated,0
geopolitical_risk,ch,nation,2018-10,0.037074,percent,gpr,2018-10-31,,2026-09-26,estimated,0
geopolitical_risk,ch,nation,2018-11,0.055101,percent,gpr,2018-11-30,,2026-09-26,estimated,0
geopolitical_risk,ch,nation,2018-12,0.070406,percent,gpr,2018-12-31,,2026-09-26,estimated,0
geopolitical_risk,ch,nation,2019-01,0.055249,percent,gpr,2019-01-31,,2026-09-26,estimated,0
geopolitical_risk,ch,nation,2019-02,0.018884,percent,gpr,2019-02-28,,2026-09-26,estimated,0
geopolitical_risk,ch,nation,2019-03,0.029198,percent,gpr,2019-03-31,,2026-09-26,estimated,0
geopolitical_risk,ch,nation,2019-04,0.017907,percent,gpr,2019-04-30,,2026-09-26,estimated,0
geopolitical_risk,ch,nation,2019-05,0.060174,percent,gpr,2019-05-31,,2026-09-26,estimated,0
geopolitical_risk,ch,nation,2019-06,0.064717,percent,gpr,2019-06-30,,2026-09-26,estimated,0
geopolitical_risk,ch,nation,2019-07,0.039819,percent,gpr,2019-07-31,,2026-09-26,estimated,0
geopolitical_risk,ch,nation,2019-08,0.026546,percent,gpr,2019-08-31,,2026-09-26,estimated,0
geopolitical_risk,ch,nation,2019-09,0.062005,percent,gpr,2019-09-30,,2026-09-26,estimated,0
geopolitical_risk,ch,nation,2019-10,0.084083,percent,gpr,2019-10-31,,2026-09-26,estimated,0
geopolitical_risk,ch,nation,2019-11,0.066021,percent,gpr,2019-11-30,,2026-09-26,estimated,0
geopolitical_risk,ch,nation,2019-12,0.038831,percent,gpr,2019-12-31,,2026-09-26,estimated,0
geopolitical_risk,ch,nation,2020-01,0.123538,percent,gpr,2020-01-31,,2026-09-26,estimated,0
geopolitical_risk,ch,nation,2020-02,0.102541,percent,gpr,2020-02-29,,2026-09-26,estimated,0
geopolitical_risk,ch,nation,2020-03,0.034206,percent,gpr,2020-03-31,,2026-09-26,estimated,0
geopolitical_risk,ch,nation,2020-04,0.074277,percent,gpr,2020-04-30,,2026-09-26,estimated,0
geopolitical_risk,ch,nation,2020-05,0.031543,percent,gpr,2020-05-31,,2026-09-26,estimated,0
geopolitical_risk,ch,nation,2020-06,0.027685,percent,gpr,2020-06-30,,2026-09-26,estimated,0
geopolitical_risk,ch,nation,2020-07,0.063009,percent,gpr,2020-07-31,,2026-09-26,estimated,0
geopolitical_risk,ch,nation,2020-08,0.031168,percent,gpr,2020-08-31,,2026-09-26,estimated,0
geopolitical_risk,ch,nation,2020-09,0.053773,percent,gpr,2020-09-30,,2026-09-26,estimated,0
geopolitical_risk,ch,nation,2020-10,0.004218,percent,gpr,2020-10-31,,2026-09-26,estimated,0
geopolitical_risk,ch,nation,2020-11,0.045886,percent,gpr,2020-11-30,,2026-09-26,estimated,0
geopolitical_risk,ch,nation,2020-12,0.004721,percent,gpr,2020-12-31,,2026-09-26,estimated,0
geopolitical_risk,ch,nation,2021-01,0.026538,percent,gpr,2021-01-31,,2026-09-26,estimated,0
geopolitical_risk,ch,nation,2021-02,0.009666,percent,gpr,2021-02-28,,2026-09-26,estimated,0
geopolitical_risk,ch,nation,2021-03,0.043668,percent,gpr,2021-03-31,,2026-09-26,estimated,0
geopolitical_risk,ch,nation,2021-04,0.018623,percent,gpr,2021-04-30,,2026-09-26,estimated,0
geopolitical_risk,ch,nation,2021-05,0.104498,percent,gpr,2021-05-31,,2026-09-26,estimated,0
geopolitical_risk,ch,nation,2021-06,0.08355,percent,gpr,2021-06-30,,2026-09-26,estimated,0
geopolitical_risk,ch,nation,2021-07,0.044815,percent,gpr,2021-07-31,,2026-09-26,estimated,0
geopolitical_risk,ch,nation,2021-08,0.048274,percent,gpr,2021-08-31,,2026-09-26,estimated,0
geopolitical_risk,ch,nation,2021-09,0.009363,percent,gpr,2021-09-30,,2026-09-26,estimated,0
geopolitical_risk,ch,nation,2021-10,0.085137,percent,gpr,2021-10-31,,2026-09-26,estimated,0
geopolitical_risk,ch,nation,2021-11,0.047382,percent,gpr,2021-11-30,,2026-09-26,estimated,0
geopolitical_risk,ch,nation,2021-12,0.019748,percent,gpr,2021-12-31,,2026-09-26,estimated,0
geopolitical_risk,ch,nation,2022-01,0.106651,percent,gpr,2022-01-31,,2026-09-26,estimated,0
geopolitical_risk,ch,nation,2022-02,0.100675,percent,gpr,2022-02-28,,2026-09-26,estimated,0
geopolitical_risk,ch,nation,2022-03,0.221473,percent,gpr,2022-03-31,,2026-09-26,estimated,0
geopolitical_risk,ch,nation,2022-04,0.075819,percent,gpr,2022-04-30,,2026-09-26,estimated,0
geopolitical_risk,ch,nation,2022-05,0.16977,percent,gpr,2022-05-31,,2026-09-26,estimated,0
geopolitical_risk,ch,nation,2022-06,0.082411,percent,gpr,2022-06-30,,2026-09-26,estimated,0
geopolitical_risk,ch,nation,2022-07,0.040665,percent,gpr,2022-07-31,,2026-09-26,estimated,0
geopolitical_risk,ch,nation,2022-08,0.059214,percent,gpr,2022-08-31,,2026-09-26,estimated,0
geopolitical_risk,ch,nation,2022-09,0.070692,percent,gpr,2022-09-30,,2026-09-26,estimated,0
geopolitical_risk,ch,nation,2022-10,0.079518,percent,gpr,2022-10-31,,2026-09-26,estimated,0
geopolitical_risk,ch,nation,2022-11,0.051314,percent,gpr,2022-11-30,,2026-09-26,estimated,0
geopolitical_risk,ch,nation,2022-12,0.055793,percent,gpr,2022-12-31,,2026-09-26,estimated,0
geopolitical_risk,ch,nation,2023-01,0.164266,percent,gpr,2023-01-31,,2026-09-26,estimated,0
geopolitical_risk,ch,nation,2023-02,0.046698,percent,gpr,2023-02-28,,2026-09-26,estimated,0
geopolitical_risk,ch,nation,2023-03,0.070763,percent,gpr,2023-03-31,,2026-09-26,estimated,0
geopolitical_risk,ch,nation,2023-04,0.038911,percent,gpr,2023-04-30,,2026-09-26,estimated,0
geopolitical_risk,ch,nation,2023-05,0.060584,percent,gpr,2023-05-31,,2026-09-26,estimated,0
geopolitical_risk,ch,nation,2023-06,0.042816,percent,gpr,2023-06-30,,2026-09-26,estimated,0
geopolitical_risk,ch,nation,2023-07,0.062096,percent,gpr,2023-07-31,,2026-09-26,estimated,0
geopolitical_risk,ch,nation,2023-08,0.054605,percent,gpr,2023-08-31,,2026-09-26,estimated,0
geopolitical_risk,ch,nation,2023-09,0.05445,percent,gpr,2023-09-30,,2026-09-26,estimated,0
geopolitical_risk,ch,nation,2023-10,0.053741,percent,gpr,2023-10-31,,2026-09-26,estimated,0
geopolitical_risk,ch,nation,2023-11,0.06884,percent,gpr,2023-11-30,,2026-09-26,estimated,0
geopolitical_risk,ch,nation,2023-12,0.051493,percent,gpr,2023-12-31,,2026-09-26,estimated,0
geopolitical_risk,ch,nation,2024-01,0.181636,percent,gpr,2024-01-31,,2026-09-26,estimated,0
geopolitical_risk,ch,nation,2024-02,0.045803,percent,gpr,2024-02-29,,2026-09-26,estimated,0
geopolitical_risk,ch,nation,2024-03,0.055323,percent,gpr,2024-03-31,,2026-09-26,estimated,0
geopolitical_risk,ch,nation,2024-04,0.05063,percent,gpr,2024-04-30,,2026-09-26,estimated,0
geopolitical_risk,ch,nation,2024-05,0.085637,percent,gpr,2024-05-31,,2026-09-26,estimated,0
geopolitical_risk,ch,nation,2024-06,0.17753,percent,gpr,2024-06-30,,2026-09-26,estimated,0
geopolitical_risk,ch,nation,2024-07,0.080059,percent,gpr,2024-07-31,,2026-09-26,estimated,0
geopolitical_risk,ch,nation,2024-08,0.101279,percent,gpr,2024-08-31,,2026-09-26,estimated,0
geopolitical_risk,ch,nation,2024-09,0.026023,percent,gpr,2024-09-30,,2026-09-26,estimated,0
geopolitical_risk,ch,nation,2024-10,0.06801,percent,gpr,2024-10-31,,2026-09-26,estimated,0
geopolitical_risk,ch,nation,2024-11,0.056671,percent,gpr,2024-11-30,,2026-09-26,estimated,0
geopolitical_risk,ch,nation,2024-12,0.055637,percent,gpr,2024-12-31,,2026-09-26,estimated,0
geopolitical_risk,ch,nation,2025-01,0.112584,percent,gpr,2025-01-31,,2026-09-26,estimated,0
geopolitical_risk,ch,nation,2025-02,0.053883,percent,gpr,2025-02-28,,2026-09-26,estimated,0
geopolitical_risk,ch,nation,2025-03,0.082992,percent,gpr,2025-03-31,,2026-09-26,estimated,0
geopolitical_risk,ch,nation,2025-04,0.084936,percent,gpr,2025-04-30,,2026-09-26,estimated,0
geopolitical_risk,ch,nation,2025-05,0.152171,percent,gpr,2025-05-31,,2026-09-26,estimated,0
geopolitical_risk,ch,nation,2025-06,0.074594,percent,gpr,2025-06-30,,2026-09-26,estimated,0
geopolitical_risk,ch,nation,2025-07,0.078474,percent,gpr,2025-07-31,,2026-09-26,estimated,0
geopolitical_risk,ch,nation,2025-08,0.044757,percent,gpr,2025-08-31,,2026-09-26,estimated,0
geopolitical_risk,ch,nation,2025-09,0.032658,percent,gpr,2025-09-30,,2026-09-26,estimated,0
geopolitical_risk,ch,nation,2025-10,0.025019,percent,gpr,2025-10-31,,2026-09-26,estimated,0
geopolitical_risk,ch,nation,2025-11,0.08171,percent,gpr,2025-11-30,,2026-09-26,estimated,0
geopolitical_risk,ch,nation,2025-12,0.045902,percent,gpr,2025-12-31,,2026-09-26,estimated,0
geopolitical_risk,ch,nation,2026-01,0.410601,percent,gpr,2026-01-31,,2026-09-26,estimated,0
geopolitical_risk,ch,nation,2026-02,0.184709,percent,gpr,2026-02-28,,2026-09-26,estimated,0
geopolitical_risk,ch,nation,2026-03,0.184247,percent,gpr,2026-03-31,,2026-09-26,estimated,0
geopolitical_risk,ch,nation,2026-04,0.130071,percent,gpr,2026-04-30,,2026-09-26,estimated,0
geopolitical_risk,ch,nation,2026-05,0.074618,percent,gpr,2026-05-31,,2026-09-26,estimated,0
geopolitical_risk,ch,nation,2026-06,0.574031,percent,gpr,2026-06-30,,2026-09-26,estimated,0
geopolitical_risk,ch,nation,2026-07,0.063127,percent,gpr,2026-07-31,,2026-09-26,estimated,0
geopolitical_risk,ch,nation,2026-08,0.057393,percent,gpr,2026-08-31,,2026-09-26,estimated,0
geopolitical_risk,cn,nation,2015-01,0.288981,percent,gpr,2015-01-31,,2026-09-26,estimated,0
geopolitical_risk,cn,nation,2015-02,0.323846,percent,gpr,2015-02-28,,2026-09-26,estimated,0
geopolitical_risk,cn,nation,2015-03,0.399555,percent,gpr,2015-03-31,,2026-09-26,estimated,0
geopolitical_risk,cn,nation,2015-04,0.501637,percent,gpr,2015-04-30,,2026-09-26,estimated,0
geopolitical_risk,cn,nation,2015-05,0.29501,percent,gpr,2015-05-31,,2026-09-26,estimated,0
geopolitical_risk,cn,nation,2015-06,0.320457,percent,gpr,2015-06-30,,2026-09-26,estimated,0
geopolitical_risk,cn,nation,2015-07,0.727304,percent,gpr,2015-07-31,,2026-09-26,estimated,0
geopolitical_risk,cn,nation,2015-08,0.442937,percent,gpr,2015-08-31,,2026-09-26,estimated,0
geopolitical_risk,cn,nation,2015-09,0.417609,percent,gpr,2015-09-30,,2026-09-26,estimated,0
geopolitical_risk,cn,nation,2015-10,0.275739,percent,gpr,2015-10-31,,2026-09-26,estimated,0
geopolitical_risk,cn,nation,2015-11,0.488584,percent,gpr,2015-11-30,,2026-09-26,estimated,0
geopolitical_risk,cn,nation,2015-12,0.467244,percent,gpr,2015-12-31,,2026-09-26,estimated,0
geopolitical_risk,cn,nation,2016-01,0.695217,percent,gpr,2016-01-31,,2026-09-26,estimated,0
geopolitical_risk,cn,nation,2016-02,0.49907,percent,gpr,2016-02-29,,2026-09-26,estimated,0
geopolitical_risk,cn,nation,2016-03,0.511521,percent,gpr,2016-03-31,,2026-09-26,estimated,0
geopolitical_risk,cn,nation,2016-04,0.362504,percent,gpr,2016-04-30,,2026-09-26,estimated,0
geopolitical_risk,cn,nation,2016-05,0.446124,percent,gpr,2016-05-31,,2026-09-26,estimated,0
geopolitical_risk,cn,nation,2016-06,0.302072,percent,gpr,2016-06-30,,2026-09-26,estimated,0
geopolitical_risk,cn,nation,2016-07,0.378137,percent,gpr,2016-07-31,,2026-09-26,estimated,0
geopolitical_risk,cn,nation,2016-08,0.289436,percent,gpr,2016-08-31,,2026-09-26,estimated,0
geopolitical_risk,cn,nation,2016-09,0.584795,percent,gpr,2016-09-30,,2026-09-26,estimated,0
geopolitical_risk,cn,nation,2016-10,0.265044,percent,gpr,2016-10-31,,2026-09-26,estimated,0
geopolitical_risk,cn,nation,2016-11,0.476899,percent,gpr,2016-11-30,,2026-09-26,estimated,0
geopolitical_risk,cn,nation,2016-12,0.585046,percent,gpr,2016-12-31,,2026-09-26,estimated,0
geopolitical_risk,cn,nation,2017-01,0.643233,percent,gpr,2017-01-31,,2026-09-26,estimated,0
geopolitical_risk,cn,nation,2017-02,0.721445,percent,gpr,2017-02-28,,2026-09-26,estimated,0
geopolitical_risk,cn,nation,2017-03,0.629687,percent,gpr,2017-03-31,,2026-09-26,estimated,0
geopolitical_risk,cn,nation,2017-04,1.07702,percent,gpr,2017-04-30,,2026-09-26,estimated,0
geopolitical_risk,cn,nation,2017-05,0.690496,percent,gpr,2017-05-31,,2026-09-26,estimated,0
geopolitical_risk,cn,nation,2017-06,0.541796,percent,gpr,2017-06-30,,2026-09-26,estimated,0
geopolitical_risk,cn,nation,2017-07,0.906056,percent,gpr,2017-07-31,,2026-09-26,estimated,0
geopolitical_risk,cn,nation,2017-08,1.255074,percent,gpr,2017-08-31,,2026-09-26,estimated,0
geopolitical_risk,cn,nation,2017-09,1.218355,percent,gpr,2017-09-30,,2026-09-26,estimated,0
geopolitical_risk,cn,nation,2017-10,0.604659,percent,gpr,2017-10-31,,2026-09-26,estimated,0
geopolitical_risk,cn,nation,2017-11,0.75324,percent,gpr,2017-11-30,,2026-09-26,estimated,0
geopolitical_risk,cn,nation,2017-12,0.731061,percent,gpr,2017-12-31,,2026-09-26,estimated,0
geopolitical_risk,cn,nation,2018-01,0.685466,percent,gpr,2018-01-31,,2026-09-26,estimated,0
geopolitical_risk,cn,nation,2018-02,0.292942,percent,gpr,2018-02-28,,2026-09-26,estimated,0
geopolitical_risk,cn,nation,2018-03,0.94574,percent,gpr,2018-03-31,,2026-09-26,estimated,0
geopolitical_risk,cn,nation,2018-04,1.105688,percent,gpr,2018-04-30,,2026-09-26,estimated,0
geopolitical_risk,cn,nation,2018-05,1.521136,percent,gpr,2018-05-31,,2026-09-26,estimated,0
geopolitical_risk,cn,nation,2018-06,1.16889,percent,gpr,2018-06-30,,2026-09-26,estimated,0
geopolitical_risk,cn,nation,2018-07,1.024634,percent,gpr,2018-07-31,,2026-09-26,estimated,0
geopolitical_risk,cn,nation,2018-08,0.96296,percent,gpr,2018-08-31,,2026-09-26,estimated,0
geopolitical_risk,cn,nation,2018-09,0.772785,percent,gpr,2018-09-30,,2026-09-26,estimated,0
geopolitical_risk,cn,nation,2018-10,1.038062,percent,gpr,2018-10-31,,2026-09-26,estimated,0
geopolitical_risk,cn,nation,2018-11,0.665452,percent,gpr,2018-11-30,,2026-09-26,estimated,0
geopolitical_risk,cn,nation,2018-12,0.81671,percent,gpr,2018-12-31,,2026-09-26,estimated,0
geopolitical_risk,cn,nation,2019-01,0.926477,percent,gpr,2019-01-31,,2026-09-26,estimated,0
geopolitical_risk,cn,nation,2019-02,1.071665,percent,gpr,2019-02-28,,2026-09-26,estimated,0
geopolitical_risk,cn,nation,2019-03,0.771669,percent,gpr,2019-03-31,,2026-09-26,estimated,0
geopolitical_risk,cn,nation,2019-04,0.559585,percent,gpr,2019-04-30,,2026-09-26,estimated,0
geopolitical_risk,cn,nation,2019-05,1.173386,percent,gpr,2019-05-31,,2026-09-26,estimated,0
geopolitical_risk,cn,nation,2019-06,1.294331,percent,gpr,2019-06-30,,2026-09-26,estimated,0
geopolitical_risk,cn,nation,2019-07,0.75657,percent,gpr,2019-07-31,,2026-09-26,estimated,0
geopolitical_risk,cn,nation,2019-08,1.216707,percent,gpr,2019-08-31,,2026-09-26,estimated,0
geopolitical_risk,cn,nation,2019-09,0.726339,percent,gpr,2019-09-30,,2026-09-26,estimated,0
geopolitical_risk,cn,nation,2019-10,0.672665,percent,gpr,2019-10-31,,2026-09-26,estimated,0
geopolitical_risk,cn,nation,2019-11,0.602993,percent,gpr,2019-11-30,,2026-09-26,estimated,0
geopolitical_risk,cn,nation,2019-12,0.601883,percent,gpr,2019-12-31,,2026-09-26,estimated,0
geopolitical_risk,cn,nation,2020-01,1.257445,percent,gpr,2020-01-31,,2026-09-26,estimated,0
geopolitical_risk,cn,nation,2020-02,0.87383,percent,gpr,2020-02-29,,2026-09-26,estimated,0
geopolitical_risk,cn,nation,2020-03,0.671284,percent,gpr,2020-03-31,,2026-09-26,estimated,0
geopolitical_risk,cn,nation,2020-04,0.6035,percent,gpr,2020-04-30,,2026-09-26,estimated,0
geopolitical_risk,cn,nation,2020-05,0.761536,percent,gpr,2020-05-31,,2026-09-26,estimated,0
geopolitical_risk,cn,nation,2020-06,0.77058,percent,gpr,2020-06-30,,2026-09-26,estimated,0
geopolitical_risk,cn,nation,2020-07,0.927134,percent,gpr,2020-07-31,,2026-09-26,estimated,0
geopolitical_risk,cn,nation,2020-08,0.663431,percent,gpr,2020-08-31,,2026-09-26,estimated,0
geopolitical_risk,cn,nation,2020-09,0.860369,percent,gpr,2020-09-30,,2026-09-26,estimated,0
geopolitical_risk,cn,nation,2020-10,0.649597,percent,gpr,2020-10-31,,2026-09-26,estimated,0
geopolitical_risk,cn,nation,2020-11,0.417565,percent,gpr,2020-11-30,,2026-09-26,estimated,0
geopolitical_risk,cn,nation,2020-12,0.594901,percent,gpr,2020-12-31,,2026-09-26,estimated,0
geopolitical_risk,cn,nation,2021-01,0.774028,percent,gpr,2021-01-31,,2026-09-26,estimated,0
geopolitical_risk,cn,nation,2021-02,0.715252,percent,gpr,2021-02-28,,2026-09-26,estimated,0
geopolitical_risk,cn,nation,2021-03,0.838428,percent,gpr,2021-03-31,,2026-09-26,estimated,0
geopolitical_risk,cn,nation,2021-04,0.735602,percent,gpr,2021-04-30,,2026-09-26,estimated,0
geopolitical_risk,cn,nation,2021-05,0.636074,percent,gpr,2021-05-31,,2026-09-26,estimated,0
geopolitical_risk,cn,nation,2021-06,0.728741,percent,gpr,2021-06-30,,2026-09-26,estimated,0
geopolitical_risk,cn,nation,2021-07,0.524334,percent,gpr,2021-07-31,,2026-09-26,estimated,0
geopolitical_risk,cn,nation,2021-08,0.588945,percent,gpr,2021-08-31,,2026-09-26,estimated,0
geopolitical_risk,cn,nation,2021-09,0.838015,percent,gpr,2021-09-30,,2026-09-26,estimated,0
geopolitical_risk,cn,nation,2021-10,0.761751,percent,gpr,2021-10-31,,2026-09-26,estimated,0
geopolitical_risk,cn,nation,2021-11,0.79602,percent,gpr,2021-11-30,,2026-09-26,estimated,0
geopolitical_risk,cn,nation,2021-12,0.863984,percent,gpr,2021-12-31,,2026-09-26,estimated,0
geopolitical_risk,cn,nation,2022-01,0.795036,percent,gpr,2022-01-31,,2026-09-26,estimated,0
geopolitical_risk,cn,nation,2022-02,1.50005,percent,gpr,2022-02-28,,2026-09-26,estimated,0
geopolitical_risk,cn,nation,2022-03,2.474723,percent,gpr,2022-03-31,,2026-09-26,estimated,0
geopolitical_risk,cn,nation,2022-04,1.125627,percent,gpr,2022-04-30,,2026-09-26,estimated,0
geopolitical_risk,cn,nation,2022-05,1.0073,percent,gpr,2022-05-31,,2026-09-26,estimated,0
geopolitical_risk,cn,nation,2022-06,0.853544,percent,gpr,2022-06-30,,2026-09-26,estimated,0
geopolitical_risk,cn,nation,2022-07,0.813291,percent,gpr,2022-07-31,,2026-09-26,estimated,0
geopolitical_risk,cn,nation,2022-08,1.237565,percent,gpr,2022-08-31,,2026-09-26,estimated,0
geopolitical_risk,cn,nation,2022-09,1.136966,percent,gpr,2022-09-30,,2026-09-26,estimated,0
geopolitical_risk,cn,nation,2022-10,1.181415,percent,gpr,2022-10-31,,2026-09-26,estimated,0
geopolitical_risk,cn,nation,2022-11,1.11751,percent,gpr,2022-11-30,,2026-09-26,estimated,0
geopolitical_risk,cn,nation,2022-12,0.874093,percent,gpr,2022-12-31,,2026-09-26,estimated,0
geopolitical_risk,cn,nation,2023-01,0.669699,percent,gpr,2023-01-31,,2026-09-26,estimated,0
geopolitical_risk,cn,nation,2023-02,1.487658,percent,gpr,2023-02-28,,2026-09-26,estimated,0
geopolitical_risk,cn,nation,2023-03,1.409364,percent,gpr,2023-03-31,,2026-09-26,estimated,0
geopolitical_risk,cn,nation,2023-04,1.225681,percent,gpr,2023-04-30,,2026-09-26,estimated,0
geopolitical_risk,cn,nation,2023-05,1.084454,percent,gpr,2023-05-31,,2026-09-26,estimated,0
geopolitical_risk,cn,nation,2023-06,1.058169,percent,gpr,2023-06-30,,2026-09-26,estimated,0
geopolitical_risk,cn,nation,2023-07,0.974913,percent,gpr,2023-07-31,,2026-09-26,estimated,0
geopolitical_risk,cn,nation,2023-08,0.988958,percent,gpr,2023-08-31,,2026-09-26,estimated,0
geopolitical_risk,cn,nation,2023-09,1.082945,percent,gpr,2023-09-30,,2026-09-26,estimated,0
geopolitical_risk,cn,nation,2023-10,1.038992,percent,gpr,2023-10-31,,2026-09-26,estimated,0
geopolitical_risk,cn,nation,2023-11,0.919957,percent,gpr,2023-11-30,,2026-09-26,estimated,0
geopolitical_risk,cn,nation,2023-12,0.701596,percent,gpr,2023-12-31,,2026-09-26,estimated,0
geopolitical_risk,cn,nation,2024-01,0.970813,percent,gpr,2024-01-31,,2026-09-26,estimated,0
geopolitical_risk,cn,nation,2024-02,0.7721,percent,gpr,2024-02-29,,2026-09-26,estimated,0
geopolitical_risk,cn,nation,2024-03,0.879026,percent,gpr,2024-03-31,,2026-09-26,estimated,0
geopolitical_risk,cn,nation,2024-04,1.044238,percent,gpr,2024-04-30,,2026-09-26,estimated,0
geopolitical_risk,cn,nation,2024-05,0.935894,percent,gpr,2024-05-31,,2026-09-26,estimated,0
geopolitical_risk,cn,nation,2024-06,0.893989,percent,gpr,2024-06-30,,2026-09-26,estimated,0
geopolitical_risk,cn,nation,2024-07,0.732849,percent,gpr,2024-07-31,,2026-09-26,estimated,0
geopolitical_risk,cn,nation,2024-08,0.639321,percent,gpr,2024-08-31,,2026-09-26,estimated,0
geopolitical_risk,cn,nation,2024-09,0.767679,percent,gpr,2024-09-30,,2026-09-26,estimated,0
geopolitical_risk,cn,nation,2024-10,0.976876,percent,gpr,2024-10-31,,2026-09-26,estimated,0
geopolitical_risk,cn,nation,2024-11,1.007493,percent,gpr,2024-11-30,,2026-09-26,estimated,0
geopolitical_risk,cn,nation,2024-12,0.841505,percent,gpr,2024-12-31,,2026-09-26,estimated,0
geopolitical_risk,cn,nation,2025-01,0.856893,percent,gpr,2025-01-31,,2026-09-26,estimated,0
geopolitical_risk,cn,nation,2025-02,1.1046,percent,gpr,2025-02-28,,2026-09-26,estimated,0
geopolitical_risk,cn,nation,2025-03,1.078902,percent,gpr,2025-03-31,,2026-09-26,estimated,0
geopolitical_risk,cn,nation,2025-04,1.055633,percent,gpr,2025-04-30,,2026-09-26,estimated,0
geopolitical_risk,cn,nation,2025-05,1.135432,percent,gpr,2025-05-31,,2026-09-26,estimated,0
geopolitical_risk,cn,nation,2025-06,1.392429,percent,gpr,2025-06-30,,2026-09-26,estimated,0
geopolitical_risk,cn,nation,2025-07,0.899433,percent,gpr,2025-07-31,,2026-09-26,estimated,0
geopolitical_risk,cn,nation,2025-08,0.818414,percent,gpr,2025-08-31,,2026-09-26,estimated,0
geopolitical_risk,cn,nation,2025-09,1.005879,percent,gpr,2025-09-30,,2026-09-26,estimated,0
geopolitical_risk,cn,nation,2025-10,0.938204,percent,gpr,2025-10-31,,2026-09-26,estimated,0
geopolitical_risk,cn,nation,2025-11,0.641106,percent,gpr,2025-11-30,,2026-09-26,estimated,0
geopolitical_risk,cn,nation,2025-12,1.003279,percent,gpr,2025-12-31,,2026-09-26,estimated,0
geopolitical_risk,cn,nation,2026-01,1.505537,percent,gpr,2026-01-31,,2026-09-26,estimated,0
geopolitical_risk,cn,nation,2026-02,0.87077,percent,gpr,2026-02-28,,2026-09-26,estimated,0
geopolitical_risk,cn,nation,2026-03,1.698526,percent,gpr,2026-03-31,,2026-09-26,estimated,0
geopolitical_risk,cn,nation,2026-04,1.641375,percent,gpr,2026-04-30,,2026-09-26,estimated,0
geopolitical_risk,cn,nation,2026-05,1.722423,percent,gpr,2026-05-31,,2026-09-26,estimated,0
geopolitical_risk,cn,nation,2026-06,0.848568,percent,gpr,2026-06-30,,2026-09-26,estimated,0
geopolitical_risk,cn,nation,2026-07,1.142605,percent,gpr,2026-07-31,,2026-09-26,estimated,0
geopolitical_risk,cn,nation,2026-08,0.925461,percent,gpr,2026-08-31,,2026-09-26,estimated,0
geopolitical_risk,de,nation,2015-01,0.565398,percent,gpr,2015-01-31,,2026-09-26,estimated,0
geopolitical_risk,de,nation,2015-02,0.862069,percent,gpr,2015-02-28,,2026-09-26,estimated,0
geopolitical_risk,de,nation,2015-03,0.626107,percent,gpr,2015-03-31,,2026-09-26,estimated,0
geopolitical_risk,de,nation,2015-04,0.459125,percent,gpr,2015-04-30,,2026-09-26,estimated,0
geopolitical_risk,de,nation,2015-05,0.252255,percent,gpr,2015-05-31,,2026-09-26,estimated,0
geopolitical_risk,de,nation,2015-06,0.450372,percent,gpr,2015-06-30,,2026-09-26,estimated,0
geopolitical_risk,de,nation,2015-07,0.606087,percent,gpr,2015-07-31,,2026-09-26,estimated,0
geopolitical_risk,de,nation,2015-08,0.296862,percent,gpr,2015-08-31,,2026-09-26,estimated,0
geopolitical_risk,de,nation,2015-09,0.526362,percent,gpr,2015-09-30,,2026-09-26,estimated,0
geopolitical_risk,de,nation,2015-10,0.348729,percent,gpr,2015-10-31,,2026-09-26,estimated,0
geopolitical_risk,de,nation,2015-11,0.721461,percent,gpr,2015-11-30,,2026-09-26,estimated,0
geopolitical_risk,de,nation,2015-12,0.536101,percent,gpr,2015-12-31,,2026-09-26,estimated,0
geopolitical_risk,de,nation,2016-01,0.477382,percent,gpr,2016-01-31,,2026-09-26,estimated,0
geopolitical_risk,de,nation,2016-02,0.660534,percent,gpr,2016-02-29,,2026-09-26,estimated,0
geopolitical_risk,de,nation,2016-03,0.475307,percent,gpr,2016-03-31,,2026-09-26,estimated,0
geopolitical_risk,de,nation,2016-04,0.306734,percent,gpr,2016-04-30,,2026-09-26,estimated,0
geopolitical_risk,de,nation,2016-05,0.400601,percent,gpr,2016-05-31,,2026-09-26,estimated,0
geopolitical_risk,de,nation,2016-06,0.358711,percent,gpr,2016-06-30,,2026-09-26,estimated,0
geopolitical_risk,de,nation,2016-07,0.648235,percent,gpr,2016-07-31,,2026-09-26,estimated,0
geopolitical_risk,de,nation,2016-08,0.346289,percent,gpr,2016-08-31,,2026-09-26,estimated,0
geopolitical_risk,de,nation,2016-09,0.272232,percent,gpr,2016-09-30,,2026-09-26,estimated,0
geopolitical_risk,de,nation,2016-10,0.348483,percent,gpr,2016-10-31,,2026-09-26,estimated,0
geopolitical_risk,de,nation,2016-11,0.410235,percent,gpr,2016-11-30,,2026-09-26,estimated,0
geopolitical_risk,de,nation,2016-12,0.687027,percent,gpr,2016-12-31,,2026-09-26,estimated,0
geopolitical_risk,de,nation,2017-01,0.455835,percent,gpr,2017-01-31,,2026-09-26,estimated,0
geopolitical_risk,de,nation,2017-02,0.622315,percent,gpr,2017-02-28,,2026-09-26,estimated,0
geopolitical_risk,de,nation,2017-03,0.331667,percent,gpr,2017-03-31,,2026-09-26,estimated,0
geopolitical_risk,de,nation,2017-04,0.457077,percent,gpr,2017-04-30,,2026-09-26,estimated,0
geopolitical_risk,de,nation,2017-05,0.487409,percent,gpr,2017-05-31,,2026-09-26,estimated,0
geopolitical_risk,de,nation,2017-06,0.495356,percent,gpr,2017-06-30,,2026-09-26,estimated,0
geopolitical_risk,de,nation,2017-07,0.720606,percent,gpr,2017-07-31,,2026-09-26,estimated,0
geopolitical_risk,de,nation,2017-08,0.453963,percent,gpr,2017-08-31,,2026-09-26,estimated,0
geopolitical_risk,de,nation,2017-09,0.494333,percent,gpr,2017-09-30,,2026-09-26,estimated,0
geopolitical_risk,de,nation,2017-10,0.568136,percent,gpr,2017-10-31,,2026-09-26,estimated,0
geopolitical_risk,de,nation,2017-11,0.298771,percent,gpr,2017-11-30,,2026-09-26,estimated,0
geopolitical_risk,de,nation,2017-12,0.246733,percent,gpr,2017-12-31,,2026-09-26,estimated,0
geopolitical_risk,de,nation,2018-01,0.425163,percent,gpr,2018-01-31,,2026-09-26,estimated,0
geopolitical_risk,de,nation,2018-02,0.302241,percent,gpr,2018-02-28,,2026-09-26,estimated,0
geopolitical_risk,de,nation,2018-03,0.70129,percent,gpr,2018-03-31,,2026-09-26,estimated,0
geopolitical_risk,de,nation,2018-04,0.552844,percent,gpr,2018-04-30,,2026-09-26,estimated,0
geopolitical_risk,de,nation,2018-05,0.924447,percent,gpr,2018-05-31,,2026-09-26,estimated,0
geopolitical_risk,de,nation,2018-06,0.557598,percent,gpr,2018-06-30,,2026-09-26,estimated,0
geopolitical_risk,de,nation,2018-07,0.674551,percent,gpr,2018-07-31,,2026-09-26,estimated,0
geopolitical_risk,de,nation,2018-08,0.452367,percent,gpr,2018-08-31,,2026-09-26,estimated,0
geopolitical_risk,de,nation,2018-09,0.239395,percent,gpr,2018-09-30,,2026-09-26,estimated,0
geopolitical_risk,de,nation,2018-10,0.494315,percent,gpr,2018-10-31,,2026-09-26,estimated,0
geopolitical_risk,de,nation,2018-11,0.364515,percent,gpr,2018-11-30,,2026-09-26,estimated,0
geopolitical_risk,de,nation,2018-12,0.375499,percent,gpr,2018-12-31,,2026-09-26,estimated,0
geopolitical_risk,de,nation,2019-01,0.365491,percent,gpr,2019-01-31,,2026-09-26,estimated,0
geopolitical_risk,de,nation,2019-02,0.575961,percent,gpr,2019-02-28,,2026-09-26,estimated,0
geopolitical_risk,de,nation,2019-03,0.312839,percent,gpr,2019-03-31,,2026-09-26,estimated,0
geopolitical_risk,de,nation,2019-04,0.264124,percent,gpr,2019-04-30,,2026-09-26,estimated,0
geopolitical_risk,de,nation,2019-05,0.545861,percent,gpr,2019-05-31,,2026-09-26,estimated,0
geopolitical_risk,de,nation,2019-06,0.625593,percent,gpr,2019-06-30,,2026-09-26,estimated,0
geopolitical_risk,de,nation,2019-07,0.517653,percent,gpr,2019-07-31,,2026-09-26,estimated,0
geopolitical_risk,de,nation,2019-08,0.579595,percent,gpr,2019-08-31,,2026-09-26,estimated,0
geopolitical_risk,de,nation,2019-09,0.411887,percent,gpr,2019-09-30,,2026-09-26,estimated,0
geopolitical_risk,de,nation,2019-10,0.361557,percent,gpr,2019-10-31,,2026-09-26,estimated,0
geopolitical_risk,de,nation,2019-11,0.3125,percent,gpr,2019-11-30,,2026-09-26,estimated,0
geopolitical_risk,de,nation,2019-12,0.271818,percent,gpr,2019-12-31,,2026-09-26,estimated,0
geopolitical_risk,de,nation,2020-01,1.023605,percent,gpr,2020-01-31,,2026-09-26,estimated,0
geopolitical_risk,de,nation,2020-02,0.490415,percent,gpr,2020-02-29,,2026-09-26,estimated,0
geopolitical_risk,de,nation,2020-03,0.320677,percent,gpr,2020-03-31,,2026-09-26,estimated,0
geopolitical_risk,de,nation,2020-04,0.255327,percent,gpr,2020-04-30,,2026-09-26,estimated,0
geopolitical_risk,de,nation,2020-05,0.315429,percent,gpr,2020-05-31,,2026-09-26,estimated,0
geopolitical_risk,de,nation,2020-06,0.267626,percent,gpr,2020-06-30,,2026-09-26,estimated,0
geopolitical_risk,de,nation,2020-07,0.20703,percent,gpr,2020-07-31,,2026-09-26,estimated,0
geopolitical_risk,de,nation,2020-08,0.436351,percent,gpr,2020-08-31,,2026-09-26,estimated,0
geopolitical_risk,de,nation,2020-09,0.631834,percent,gpr,2020-09-30,,2026-09-26,estimated,0
geopolitical_risk,de,nation,2020-10,0.396507,percent,gpr,2020-10-31,,2026-09-26,estimated,0
geopolitical_risk,de,nation,2020-11,0.330381,percent,gpr,2020-11-30,,2026-09-26,estimated,0
geopolitical_risk,de,nation,2020-12,0.396601,percent,gpr,2020-12-31,,2026-09-26,estimated,0
geopolitical_risk,de,nation,2021-01,0.291919,percent,gpr,2021-01-31,,2026-09-26,estimated,0
geopolitical_risk,de,nation,2021-02,0.401121,percent,gpr,2021-02-28,,2026-09-26,estimated,0
geopolitical_risk,de,nation,2021-03,0.371179,percent,gpr,2021-03-31,,2026-09-26,estimated,0
geopolitical_risk,de,nation,2021-04,0.474882,percent,gpr,2021-04-30,,2026-09-26,estimated,0
geopolitical_risk,de,nation,2021-05,0.527033,percent,gpr,2021-05-31,,2026-09-26,estimated,0
geopolitical_risk,de,nation,2021-06,0.3899,percent,gpr,2021-06-30,,2026-09-26,estimated,0
geopolitical_risk,de,nation,2021-07,0.215112,percent,gpr,2021-07-31,,2026-09-26,estimated,0
geopolitical_risk,de,nation,2021-08,0.444123,percent,gpr,2021-08-31,,2026-09-26,estimated,0
geopolitical_risk,de,nation,2021-09,0.234082,percent,gpr,2021-09-30,,2026-09-26,estimated,0
geopolitical_risk,de,nation,2021-10,0.295739,percent,gpr,2021-10-31,,2026-09-26,estimated,0
geopolitical_risk,de,nation,2021-11,0.720208,percent,gpr,2021-11-30,,2026-09-26,estimated,0
geopolitical_risk,de,nation,2021-12,0.863984,percent,gpr,2021-12-31,,2026-09-26,estimated,0
geopolitical_risk,de,nation,2022-01,1.241032,percent,gpr,2022-01-31,,2026-09-26,estimated,0
geopolitical_risk,de,nation,2022-02,2.572234,percent,gpr,2022-02-28,,2026-09-26,estimated,0
geopolitical_risk,de,nation,2022-03,2.662494,percent,gpr,2022-03-31,,2026-09-26,estimated,0
geopolitical_risk,de,nation,2022-04,1.67386,percent,gpr,2022-04-30,,2026-09-26,estimated,0
geopolitical_risk,de,nation,2022-05,1.046913,percent,gpr,2022-05-31,,2026-09-26,estimated,0
geopolitical_risk,de,nation,2022-06,1.283259,percent,gpr,2022-06-30,,2026-09-26,estimated,0
geopolitical_risk,de,nation,2022-07,0.894621,percent,gpr,2022-07-31,,2026-09-26,estimated,0
geopolitical_risk,de,nation,2022-08,0.609901,percent,gpr,2022-08-31,,2026-09-26,estimated,0
geopolitical_risk,de,nation,2022-09,0.989691,percent,gpr,2022-09-30,,2026-09-26,estimated,0
geopolitical_risk,de,nation,2022-10,0.840623,percent,gpr,2022-10-31,,2026-09-26,estimated,0
geopolitical_risk,de,nation,2022-11,0.701294,percent,gpr,2022-11-30,,2026-09-26,estimated,0
geopolitical_risk,de,nation,2022-12,0.520736,percent,gpr,2022-12-31,,2026-09-26,estimated,0
geopolitical_risk,de,nation,2023-01,0.897144,percent,gpr,2023-01-31,,2026-09-26,estimated,0
geopolitical_risk,de,nation,2023-02,0.800534,percent,gpr,2023-02-28,,2026-09-26,estimated,0
geopolitical_risk,de,nation,2023-03,0.636868,percent,gpr,2023-03-31,,2026-09-26,estimated,0
geopolitical_risk,de,nation,2023-04,0.609598,percent,gpr,2023-04-30,,2026-09-26,estimated,0
geopolitical_risk,de,nation,2023-05,0.617957,percent,gpr,2023-05-31,,2026-09-26,estimated,0
geopolitical_risk,de,nation,2023-06,0.69729,percent,gpr,2023-06-30,,2026-09-26,estimated,0
geopolitical_risk,de,nation,2023-07,0.707899,percent,gpr,2023-07-31,,2026-09-26,estimated,0
geopolitical_risk,de,nation,2023-08,0.479311,percent,gpr,2023-08-31,,2026-09-26,estimated,0
geopolitical_risk,de,nation,2023-09,0.453748,percent,gpr,2023-09-30,,2026-09-26,estimated,0
geopolitical_risk,de,nation,2023-10,0.794172,percent,gpr,2023-10-31,,2026-09-26,estimated,0
geopolitical_risk,de,nation,2023-11,0.325427,percent,gpr,2023-11-30,,2026-09-26,estimated,0
geopolitical_risk,de,nation,2023-12,0.514933,percent,gpr,2023-12-31,,2026-09-26,estimated,0
geopolitical_risk,de,nation,2024-01,0.538645,percent,gpr,2024-01-31,,2026-09-26,estimated,0
geopolitical_risk,de,nation,2024-02,0.706668,percent,gpr,2024-02-29,,2026-09-26,estimated,0
geopolitical_risk,de,nation,2024-03,0.657733,percent,gpr,2024-03-31,,2026-09-26,estimated,0
geopolitical_risk,de,nation,2024-04,0.721473,percent,gpr,2024-04-30,,2026-09-26,estimated,0
geopolitical_risk,de,nation,2024-05,0.477123,percent,gpr,2024-05-31,,2026-09-26,estimated,0
geopolitical_risk,de,nation,2024-06,0.450165,percent,gpr,2024-06-30,,2026-09-26,estimated,0
geopolitical_risk,de,nation,2024-07,0.431088,percent,gpr,2024-07-31,,2026-09-26,estimated,0
geopolitical_risk,de,nation,2024-08,0.424104,percent,gpr,2024-08-31,,2026-09-26,estimated,0
geopolitical_risk,de,nation,2024-09,0.494438,percent,gpr,2024-09-30,,2026-09-26,estimated,0
geopolitical_risk,de,nation,2024-10,0.550266,percent,gpr,2024-10-31,,2026-09-26,estimated,0
geopolitical_risk,de,nation,2024-11,0.698948,percent,gpr,2024-11-30,,2026-09-26,estimated,0
geopolitical_risk,de,nation,2024-12,0.535503,percent,gpr,2024-12-31,,2026-09-26,estimated,0
geopolitical_risk,de,nation,2025-01,0.531649,percent,gpr,2025-01-31,,2026-09-26,estimated,0
geopolitical_risk,de,nation,2025-02,1.145012,percent,gpr,2025-02-28,,2026-09-26,estimated,0
geopolitical_risk,de,nation,2025-03,0.948485,percent,gpr,2025-03-31,,2026-09-26,estimated,0
geopolitical_risk,de,nation,2025-04,0.618819,percent,gpr,2025-04-30,,2026-09-26,estimated,0
geopolitical_risk,de,nation,2025-05,0.678918,percent,gpr,2025-05-31,,2026-09-26,estimated,0
geopolitical_risk,de,nation,2025-06,0.919998,percent,gpr,2025-06-30,,2026-09-26,estimated,0
geopolitical_risk,de,nation,2025-07,0.657974,percent,gpr,2025-07-31,,2026-09-26,estimated,0
geopolitical_risk,de,nation,2025-08,0.914322,percent,gpr,2025-08-31,,2026-09-26,estimated,0
geopolitical_risk,de,nation,2025-09,0.679295,percent,gpr,2025-09-30,,2026-09-26,estimated,0
geopolitical_risk,de,nation,2025-10,0.544158,percent,gpr,2025-10-31,,2026-09-26,estimated,0
geopolitical_risk,de,nation,2025-11,0.546826,percent,gpr,2025-11-30,,2026-09-26,estimated,0
geopolitical_risk,de,nation,2025-12,0.701639,percent,gpr,2025-12-31,,2026-09-26,estimated,0
geopolitical_risk,de,nation,2026-01,0.665671,percent,gpr,2026-01-31,,2026-09-26,estimated,0
geopolitical_risk,de,nation,2026-02,0.448578,percent,gpr,2026-02-28,,2026-09-26,estimated,0
geopolitical_risk,de,nation,2026-03,1.427913,percent,gpr,2026-03-31,,2026-09-26,estimated,0
geopolitical_risk,de,nation,2026-04,0.96005,percent,gpr,2026-04-30,,2026-09-26,estimated,0
geopolitical_risk,de,nation,2026-05,0.795921,percent,gpr,2026-05-31,,2026-09-26,estimated,0
geopolitical_risk,de,nation,2026-06,0.630187,percent,gpr,2026-06-30,,2026-09-26,estimated,0
geopolitical_risk,de,nation,2026-07,0.593397,percent,gpr,2026-07-31,,2026-09-26,estimated,0
geopolitical_risk,de,nation,2026-08,0.351532,percent,gpr,2026-08-31,,2026-09-26,estimated,0
geopolitical_risk,es,nation,2015-01,0.167525,percent,gpr,2015-01-31,,2026-09-26,estimated,0
geopolitical_risk,es,nation,2015-02,0.145959,percent,gpr,2015-02-28,,2026-09-26,estimated,0
geopolitical_risk,es,nation,2015-03,0.065906,percent,gpr,2015-03-31,,2026-09-26,estimated,0
geopolitical_risk,es,nation,2015-04,0.07227,percent,gpr,2015-04-30,,2026-09-26,estimated,0
geopolitical_risk,es,nation,2015-05,0.042755,percent,gpr,2015-05-31,,2026-09-26,estimated,0
geopolitical_risk,es,nation,2015-06,0.08661,percent,gpr,2015-06-30,,2026-09-26,estimated,0
geopolitical_risk,es,nation,2015-07,0.064938,percent,gpr,2015-07-31,,2026-09-26,estimated,0
geopolitical_risk,es,nation,2015-08,0.108378,percent,gpr,2015-08-31,,2026-09-26,estimated,0
geopolitical_risk,es,nation,2015-09,0.091352,percent,gpr,2015-09-30,,2026-09-26,estimated,0
geopolitical_risk,es,nation,2015-10,0.06488,percent,gpr,2015-10-31,,2026-09-26,estimated,0
geopolitical_risk,es,nation,2015-11,0.109589,percent,gpr,2015-11-30,,2026-09-26,estimated,0
geopolitical_risk,es,nation,2015-12,0.098367,percent,gpr,2015-12-31,,2026-09-26,estimated,0
geopolitical_risk,es,nation,2016-01,0.055617,percent,gpr,2016-01-31,,2026-09-26,estimated,0
geopolitical_risk,es,nation,2016-02,0.078286,percent,gpr,2016-02-29,,2026-09-26,estimated,0
geopolitical_risk,es,nation,2016-03,0.108642,percent,gpr,2016-03-31,,2026-09-26,estimated,0
geopolitical_risk,es,nation,2016-04,0.046475,percent,gpr,2016-04-30,,2026-09-26,estimated,0
geopolitical_risk,es,nation,2016-05,0.068284,percent,gpr,2016-05-31,,2026-09-26,estimated,0
geopolitical_risk,es,nation,2016-06,0.108557,percent,gpr,2016-06-30,,2026-09-26,estimated,0
geopolitical_risk,es,nation,2016-07,0.17188,percent,gpr,2016-07-31,,2026-09-26,estimated,0
geopolitical_risk,es,nation,2016-08,0.10337,percent,gpr,2016-08-31,,2026-09-26,estimated,0
geopolitical_risk,es,nation,2016-09,0.060496,percent,gpr,2016-09-30,,2026-09-26,estimated,0
geopolitical_risk,es,nation,2016-10,0.142338,percent,gpr,2016-10-31,,2026-09-26,estimated,0
geopolitical_risk,es,nation,2016-11,0.056407,percent,gpr,2016-11-30,,2026-09-26,estimated,0
geopolitical_risk,es,nation,2016-12,0.048307,percent,gpr,2016-12-31,,2026-09-26,estimated,0
geopolitical_risk,es,nation,2017-01,0.035454,percent,gpr,2017-01-31,,2026-09-26,estimated,0
geopolitical_risk,es,nation,2017-02,0.077101,percent,gpr,2017-02-28,,2026-09-26,estimated,0
geopolitical_risk,es,nation,2017-03,0.043261,percent,gpr,2017-03-31,,2026-09-26,estimated,0
geopolitical_risk,es,nation,2017-04,0.068299,percent,gpr,2017-04-30,,2026-09-26,estimated,0
geopolitical_risk,es,nation,2017-05,0.066003,percent,gpr,2017-05-31,,2026-09-26,estimated,0
geopolitical_risk,es,nation,2017-06,0.092879,percent,gpr,2017-06-30,,2026-09-26,estimated,0
geopolitical_risk,es,nation,2017-07,0.07418,percent,gpr,2017-07-31,,2026-09-26,estimated,0
geopolitical_risk,es,nation,2017-08,0.453963,percent,gpr,2017-08-31,,2026-09-26,estimated,0
geopolitical_risk,es,nation,2017-09,0.119838,percent,gpr,2017-09-30,,2026-09-26,estimated,0
geopolitical_risk,es,nation,2017-10,0.162324,percent,gpr,2017-10-31,,2026-09-26,estimated,0
geopolitical_risk,es,nation,2017-11,0.113617,percent,gpr,2017-11-30,,2026-09-26,estimated,0
geopolitical_risk,es,nation,2017-12,0.05026,percent,gpr,2017-12-31,,2026-09-26,estimated,0
geopolitical_risk,es,nation,2018-01,0.056399,percent,gpr,2018-01-31,,2026-09-26,estimated,0
geopolitical_risk,es,nation,2018-02,0.037199,percent,gpr,2018-02-28,,2026-09-26,estimated,0
geopolitical_risk,es,nation,2018-03,0.052096,percent,gpr,2018-03-31,,2026-09-26,estimated,0
geopolitical_risk,es,nation,2018-04,0.017276,percent,gpr,2018-04-30,,2026-09-26,estimated,0
geopolitical_risk,es,nation,2018-05,0.100849,percent,gpr,2018-05-31,,2026-09-26,estimated,0
geopolitical_risk,es,nation,2018-06,0.132171,percent,gpr,2018-06-30,,2026-09-26,estimated,0
geopolitical_risk,es,nation,2018-07,0.05977,percent,gpr,2018-07-31,,2026-09-26,estimated,0
geopolitical_risk,es,nation,2018-08,0.08062,percent,gpr,2018-08-31,,2026-09-26,estimated,0
geopolitical_risk,es,nation,2018-09,0.050399,percent,gpr,2018-09-30,,2026-09-26,estimated,0
geopolitical_risk,es,nation,2018-10,0.082386,percent,gpr,2018-10-31,,2026-09-26,estimated,0
geopolitical_risk,es,nation,2018-11,0.067817,percent,gpr,2018-11-30,,2026-09-26,estimated,0
geopolitical_risk,es,nation,2018-12,0.028162,percent,gpr,2018-12-31,,2026-09-26,estimated,0
geopolitical_risk,es,nation,2019-01,0.101997,percent,gpr,2019-01-31,,2026-09-26,estimated,0
geopolitical_risk,es,nation,2019-02,0.179398,percent,gpr,2019-02-28,,2026-09-26,estimated,0
geopolitical_risk,es,nation,2019-03,0.058397,percent,gpr,2019-03-31,,2026-09-26,estimated,0
geopolitical_risk,es,nation,2019-04,0.076104,percent,gpr,2019-04-30,,2026-09-26,estimated,0
geopolitical_risk,es,nation,2019-05,0.120347,percent,gpr,2019-05-31,,2026-09-26,estimated,0
geopolitical_risk,es,nation,2019-06,0.073345,percent,gpr,2019-06-30,,2026-09-26,estimated,0
geopolitical_risk,es,nation,2019-07,0.101761,percent,gpr,2019-07-31,,2026-09-26,estimated,0
geopolitical_risk,es,nation,2019-08,0.061941,percent,gpr,2019-08-31,,2026-09-26,estimated,0
geopolitical_risk,es,nation,2019-09,0.062005,percent,gpr,2019-09-30,,2026-09-26,estimated,0
geopolitical_risk,es,nation,2019-10,0.075675,percent,gpr,2019-10-31,,2026-09-26,estimated,0
geopolitical_risk,es,nation,2019-11,0.101232,percent,gpr,2019-11-30,,2026-09-26,estimated,0
geopolitical_risk,es,nation,2019-12,0.053393,percent,gpr,2019-12-31,,2026-09-26,estimated,0
geopolitical_risk,es,nation,2020-01,0.052945,percent,gpr,2020-01-31,,2026-09-26,estimated,0
geopolitical_risk,es,nation,2020-02,0.111458,percent,gpr,2020-02-29,,2026-09-26,estimated,0
geopolitical_risk,es,nation,2020-03,0.175304,percent,gpr,2020-03-31,,2026-09-26,estimated,0
geopolitical_risk,es,nation,2020-04,0.143912,percent,gpr,2020-04-30,,2026-09-26,estimated,0
geopolitical_risk,es,nation,2020-05,0.085616,percent,gpr,2020-05-31,,2026-09-26,estimated,0
geopolitical_risk,es,nation,2020-06,0.036914,percent,gpr,2020-06-30,,2026-09-26,estimated,0
geopolitical_risk,es,nation,2020-07,0.07201,percent,gpr,2020-07-31,,2026-09-26,estimated,0
geopolitical_risk,es,nation,2020-08,0.093504,percent,gpr,2020-08-31,,2026-09-26,estimated,0
geopolitical_risk,es,nation,2020-09,0.049292,percent,gpr,2020-09-30,,2026-09-26,estimated,0
geopolitical_risk,es,nation,2020-10,0.067491,percent,gpr,2020-10-31,,2026-09-26,estimated,0
geopolitical_risk,es,nation,2020-11,0.096361,percent,gpr,2020-11-30,,2026-09-26,estimated,0
geopolitical_risk,es,nation,2020-12,0.089707,percent,gpr,2020-12-31,,2026-09-26,estimated,0
geopolitical_risk,es,nation,2021-01,0.053076,percent,gpr,2021-01-31,,2026-09-26,estimated,0
geopolitical_risk,es,nation,2021-02,0.028997,percent,gpr,2021-02-28,,2026-09-26,estimated,0
geopolitical_risk,es,nation,2021-03,0.069869,percent,gpr,2021-03-31,,2026-09-26,estimated,0
geopolitical_risk,es,nation,2021-04,0.060524,percent,gpr,2021-04-30,,2026-09-26,estimated,0
geopolitical_risk,es,nation,2021-05,0.02726,percent,gpr,2021-05-31,,2026-09-26,estimated,0
geopolitical_risk,es,nation,2021-06,0.088192,percent,gpr,2021-06-30,,2026-09-26,estimated,0
geopolitical_risk,es,nation,2021-07,0.017926,percent,gpr,2021-07-31,,2026-09-26,estimated,0
geopolitical_risk,es,nation,2021-08,0.077239,percent,gpr,2021-08-31,,2026-09-26,estimated,0
geopolitical_risk,es,nation,2021-09,0.08427,percent,gpr,2021-09-30,,2026-09-26,estimated,0
geopolitical_risk,es,nation,2021-10,0.085137,percent,gpr,2021-10-31,,2026-09-26,estimated,0
geopolitical_risk,es,nation,2021-11,0.042644,percent,gpr,2021-11-30,,2026-09-26,estimated,0
geopolitical_risk,es,nation,2021-12,0.034559,percent,gpr,2021-12-31,,2026-09-26,estimated,0
geopolitical_risk,es,nation,2022-01,0.169672,percent,gpr,2022-01-31,,2026-09-26,estimated,0
geopolitical_risk,es,nation,2022-02,0.140944,percent,gpr,2022-02-28,,2026-09-26,estimated,0
geopolitical_risk,es,nation,2022-03,0.25999,percent,gpr,2022-03-31,,2026-09-26,estimated,0
geopolitical_risk,es,nation,2022-04,0.221626,percent,gpr,2022-04-30,,2026-09-26,estimated,0
geopolitical_risk,es,nation,2022-05,0.135816,percent,gpr,2022-05-31,,2026-09-26,estimated,0
geopolitical_risk,es,nation,2022-06,0.417942,percent,gpr,2022-06-30,,2026-09-26,estimated,0
geopolitical_risk,es,nation,2022-07,0.191704,percent,gpr,2022-07-31,,2026-09-26,estimated,0
geopolitical_risk,es,nation,2022-08,0.065135,percent,gpr,2022-08-31,,2026-09-26,estimated,0
geopolitical_risk,es,nation,2022-09,0.094256,percent,gpr,2022-09-30,,2026-09-26,estimated,0
geopolitical_risk,es,nation,2022-10,0.102238,percent,gpr,2022-10-31,,2026-09-26,estimated,0
geopolitical_risk,es,nation,2022-11,0.091225,percent,gpr,2022-11-30,,2026-09-26,estimated,0
geopolitical_risk,es,nation,2022-12,0.142583,percent,gpr,2022-12-31,,2026-09-26,estimated,0
geopolitical_risk,es,nation,2023-01,0.15163,percent,gpr,2023-01-31,,2026-09-26,estimated,0
geopolitical_risk,es,nation,2023-02,0.113409,percent,gpr,2023-02-28,,2026-09-26,estimated,0
geopolitical_risk,es,nation,2023-03,0.064866,percent,gpr,2023-03-31,,2026-09-26,estimated,0
geopolitical_risk,es,nation,2023-04,0.116732,percent,gpr,2023-04-30,,2026-09-26,estimated,0
geopolitical_risk,es,nation,2023-05,0.072701,percent,gpr,2023-05-31,,2026-09-26,estimated,0
geopolitical_risk,es,nation,2023-06,0.103982,percent,gpr,2023-06-30,,2026-09-26,estimated,0
geopolitical_risk,es,nation,2023-07,0.099354,percent,gpr,2023-07-31,,2026-09-26,estimated,0
geopolitical_risk,es,nation,2023-08,0.091008,percent,gpr,2023-08-31,,2026-09-26,estimated,0
geopolitical_risk,es,nation,2023-09,0.0968,percent,gpr,2023-09-30,,2026-09-26,estimated,0
geopolitical_risk,es,nation,2023-10,0.14928,percent,gpr,2023-10-31,,2026-09-26,estimated,0
geopolitical_risk,es,nation,2023-11,0.10639,percent,gpr,2023-11-30,,2026-09-26,estimated,0
geopolitical_risk,es,nation,2023-12,0.17379,percent,gpr,2023-12-31,,2026-09-26,estimated,0
geopolitical_risk,es,nation,2024-01,0.031317,percent,gpr,2024-01-31,,2026-09-26,estimated,0
geopolitical_risk,es,nation,2024-02,0.124321,percent,gpr,2024-02-29,,2026-09-26,estimated,0
geopolitical_risk,es,nation,2024-03,0.208999,percent,gpr,2024-03-31,,2026-09-26,estimated,0
geopolitical_risk,es,nation,2024-04,0.170875,percent,gpr,2024-04-30,,2026-09-26,estimated,0
geopolitical_risk,es,nation,2024-05,0.165158,percent,gpr,2024-05-31,,2026-09-26,estimated,0
geopolitical_risk,es,nation,2024-06,0.114126,percent,gpr,2024-06-30,,2026-09-26,estimated,0
geopolitical_risk,es,nation,2024-07,0.117009,percent,gpr,2024-07-31,,2026-09-26,estimated,0
geopolitical_risk,es,nation,2024-08,0.050639,percent,gpr,2024-08-31,,2026-09-26,estimated,0
geopolitical_risk,es,nation,2024-09,0.078069,percent,gpr,2024-09-30,,2026-09-26,estimated,0
geopolitical_risk,es,nation,2024-10,0.098924,percent,gpr,2024-10-31,,2026-09-26,estimated,0
geopolitical_risk,es,nation,2024-11,0.125937,percent,gpr,2024-11-30,,2026-09-26,estimated,0
geopolitical_risk,es,nation,2024-12,0.062591,percent,gpr,2024-12-31,,2026-09-26,estimated,0
geopolitical_risk,es,nation,2025-01,0.10633,percent,gpr,2025-01-31,,2026-09-26,estimated,0
geopolitical_risk,es,nation,2025-02,0.134707,percent,gpr,2025-02-28,,2026-09-26,estimated,0
geopolitical_risk,es,nation,2025-03,0.130417,percent,gpr,2025-03-31,,2026-09-26,estimated,0
geopolitical_risk,es,nation,2025-04,0.078869,percent,gpr,2025-04-30,,2026-09-26,estimated,0
geopolitical_risk,es,nation,2025-05,0.193141,percent,gpr,2025-05-31,,2026-09-26,estimated,0
geopolitical_risk,es,nation,2025-06,0.273513,percent,gpr,2025-06-30,,2026-09-26,estimated,0
geopolitical_risk,es,nation,2025-07,0.096583,percent,gpr,2025-07-31,,2026-09-26,estimated,0
geopolitical_risk,es,nation,2025-08,0.159847,percent,gpr,2025-08-31,,2026-09-26,estimated,0
geopolitical_risk,es,nation,2025-09,0.189419,percent,gpr,2025-09-30,,2026-09-26,estimated,0
geopolitical_risk,es,nation,2025-10,0.181386,percent,gpr,2025-10-31,,2026-09-26,estimated,0
geopolitical_risk,es,nation,2025-11,0.163419,percent,gpr,2025-11-30,,2026-09-26,estimated,0
geopolitical_risk,es,nation,2025-12,0.078689,percent,gpr,2025-12-31,,2026-09-26,estimated,0
geopolitical_risk,es,nation,2026-01,0.230185,percent,gpr,2026-01-31,,2026-09-26,estimated,0
geopolitical_risk,es,nation,2026-02,0.131935,percent,gpr,2026-02-28,,2026-09-26,estimated,0
geopolitical_risk,es,nation,2026-03,0.523952,percent,gpr,2026-03-31,,2026-09-26,estimated,0
geopolitical_risk,es,nation,2026-04,0.377826,percent,gpr,2026-04-30,,2026-09-26,estimated,0
geopolitical_risk,es,nation,2026-05,0.39796,percent,gpr,2026-05-31,,2026-09-26,estimated,0
geopolitical_risk,es,nation,2026-06,0.155987,percent,gpr,2026-06-30,,2026-09-26,estimated,0
geopolitical_risk,es,nation,2026-07,0.126255,percent,gpr,2026-07-31,,2026-09-26,estimated,0
geopolitical_risk,es,nation,2026-08,0.150656,percent,gpr,2026-08-31,,2026-09-26,estimated,0
geopolitical_risk,fr,nation,2015-01,1.587302,percent,gpr,2015-01-31,,2026-09-26,estimated,0
geopolitical_risk,fr,nation,2015-02,1.076446,percent,gpr,2015-02-28,,2026-09-26,estimated,0
geopolitical_risk,fr,nation,2015-03,0.572558,percent,gpr,2015-03-31,,2026-09-26,estimated,0
geopolitical_risk,fr,nation,2015-04,0.544148,percent,gpr,2015-04-30,,2026-09-26,estimated,0
geopolitical_risk,fr,nation,2015-05,0.337766,percent,gpr,2015-05-31,,2026-09-26,estimated,0
geopolitical_risk,fr,nation,2015-06,0.51966,percent,gpr,2015-06-30,,2026-09-26,estimated,0
geopolitical_risk,fr,nation,2015-07,0.705658,percent,gpr,2015-07-31,,2026-09-26,estimated,0
geopolitical_risk,fr,nation,2015-08,0.414664,percent,gpr,2015-08-31,,2026-09-26,estimated,0
geopolitical_risk,fr,nation,2015-09,0.569863,percent,gpr,2015-09-30,,2026-09-26,estimated,0
geopolitical_risk,fr,nation,2015-10,0.401444,percent,gpr,2015-10-31,,2026-09-26,estimated,0
geopolitical_risk,fr,nation,2015-11,2.799087,percent,gpr,2015-11-30,,2026-09-26,estimated,0
geopolitical_risk,fr,nation,2015-12,2.060791,percent,gpr,2015-12-31,,2026-09-26,estimated,0
geopolitical_risk,fr,nation,2016-01,1.010382,percent,gpr,2016-01-31,,2026-09-26,estimated,0
geopolitical_risk,fr,nation,2016-02,0.631177,percent,gpr,2016-02-29,,2026-09-26,estimated,0
geopolitical_risk,fr,nation,2016-03,0.869132,percent,gpr,2016-03-31,,2026-09-26,estimated,0
geopolitical_risk,fr,nation,2016-04,0.725008,percent,gpr,2016-04-30,,2026-09-26,estimated,0
geopolitical_risk,fr,nation,2016-05,0.787545,percent,gpr,2016-05-31,,2026-09-26,estimated,0
geopolitical_risk,fr,nation,2016-06,0.660783,percent,gpr,2016-06-30,,2026-09-26,estimated,0
geopolitical_risk,fr,nation,2016-07,1.070569,percent,gpr,2016-07-31,,2026-09-26,estimated,0
geopolitical_risk,fr,nation,2016-08,0.666736,percent,gpr,2016-08-31,,2026-09-26,estimated,0
geopolitical_risk,fr,nation,2016-09,0.604961,percent,gpr,2016-09-30,,2026-09-26,estimated,0
geopolitical_risk,fr,nation,2016-10,0.642976,percent,gpr,2016-10-31,,2026-09-26,estimated,0
geopolitical_risk,fr,nation,2016-11,0.630737,percent,gpr,2016-11-30,,2026-09-26,estimated,0
geopolitical_risk,fr,nation,2016-12,0.687027,percent,gpr,2016-12-31,,2026-09-26,estimated,0
geopolitical_risk,fr,nation,2017-01,0.547002,percent,gpr,2017-01-31,,2026-09-26,estimated,0
geopolitical_risk,fr,nation,2017-02,0.5342,percent,gpr,2017-02-28,,2026-09-26,estimated,0
geopolitical_risk,fr,nation,2017-03,0.442223,percent,gpr,2017-03-31,,2026-09-26,estimated,0
geopolitical_risk,fr,nation,2017-04,0.761795,percent,gpr,2017-04-30,,2026-09-26,estimated,0
geopolitical_risk,fr,nation,2017-05,0.599106,percent,gpr,2017-05-31,,2026-09-26,estimated,0
geopolitical_risk,fr,nation,2017-06,0.737874,percent,gpr,2017-06-30,,2026-09-26,estimated,0
geopolitical_risk,fr,nation,2017-07,0.529857,percent,gpr,2017-07-31,,2026-09-26,estimated,0
geopolitical_risk,fr,nation,2017-08,0.582141,percent,gpr,2017-08-31,,2026-09-26,estimated,0
geopolitical_risk,fr,nation,2017-09,0.64413,percent,gpr,2017-09-30,,2026-09-26,estimated,0
geopolitical_risk,fr,nation,2017-10,0.584368,percent,gpr,2017-10-31,,2026-09-26,estimated,0
geopolitical_risk,fr,nation,2017-11,0.340852,percent,gpr,2017-11-30,,2026-09-26,estimated,0
geopolitical_risk,fr,nation,2017-12,0.310701,percent,gpr,2017-12-31,,2026-09-26,estimated,0
geopolitical_risk,fr,nation,2018-01,0.446855,percent,gpr,2018-01-31,,2026-09-26,estimated,0
geopolitical_risk,fr,nation,2018-02,0.306891,percent,gpr,2018-02-28,,2026-09-26,estimated,0
geopolitical_risk,fr,nation,2018-03,0.657209,percent,gpr,2018-03-31,,2026-09-26,estimated,0
geopolitical_risk,fr,nation,2018-04,1.019306,percent,gpr,2018-04-30,,2026-09-26,estimated,0
geopolitical_risk,fr,nation,2018-05,0.983276,percent,gpr,2018-05-31,,2026-09-26,estimated,0
geopolitical_risk,fr,nation,2018-06,0.660857,percent,gpr,2018-06-30,,2026-09-26,estimated,0
geopolitical_risk,fr,nation,2018-07,0.512317,percent,gpr,2018-07-31,,2026-09-26,estimated,0
geopolitical_risk,fr,nation,2018-08,0.340395,percent,gpr,2018-08-31,,2026-09-26,estimated,0
geopolitical_risk,fr,nation,2018-09,0.327593,percent,gpr,2018-09-30,,2026-09-26,estimated,0
geopolitical_risk,fr,nation,2018-10,0.539628,percent,gpr,2018-10-31,,2026-09-26,estimated,0
geopolitical_risk,fr,nation,2018-11,0.529818,percent,gpr,2018-11-30,,2026-09-26,estimated,0
geopolitical_risk,fr,nation,2018-12,0.380192,percent,gpr,2018-12-31,,2026-09-26,estimated,0
geopolitical_risk,fr,nation,2019-01,0.361241,percent,gpr,2019-01-31,,2026-09-26,estimated,0
geopolitical_risk,fr,nation,2019-02,0.623171,percent,gpr,2019-02-28,,2026-09-26,estimated,0
geopolitical_risk,fr,nation,2019-03,0.329524,percent,gpr,2019-03-31,,2026-09-26,estimated,0
geopolitical_risk,fr,nation,2019-04,0.510341,percent,gpr,2019-04-30,,2026-09-26,estimated,0
geopolitical_risk,fr,nation,2019-05,0.511476,percent,gpr,2019-05-31,,2026-09-26,estimated,0
geopolitical_risk,fr,nation,2019-06,0.543619,percent,gpr,2019-06-30,,2026-09-26,estimated,0
geopolitical_risk,fr,nation,2019-07,0.579595,percent,gpr,2019-07-31,,2026-09-26,estimated,0
geopolitical_risk,fr,nation,2019-08,0.495531,percent,gpr,2019-08-31,,2026-09-26,estimated,0
geopolitical_risk,fr,nation,2019-09,0.580185,percent,gpr,2019-09-30,,2026-09-26,estimated,0
geopolitical_risk,fr,nation,2019-10,0.533928,percent,gpr,2019-10-31,,2026-09-26,estimated,0
geopolitical_risk,fr,nation,2019-11,0.34331,percent,gpr,2019-11-30,,2026-09-26,estimated,0
geopolitical_risk,fr,nation,2019-12,0.427143,percent,gpr,2019-12-31,,2026-09-26,estimated,0
geopolitical_risk,fr,nation,2020-01,1.041253,percent,gpr,2020-01-31,,2026-09-26,estimated,0
geopolitical_risk,fr,nation,2020-02,0.414623,percent,gpr,2020-02-29,,2026-09-26,estimated,0
geopolitical_risk,fr,nation,2020-03,0.329229,percent,gpr,2020-03-31,,2026-09-26,estimated,0
geopolitical_risk,fr,nation,2020-04,0.315677,percent,gpr,2020-04-30,,2026-09-26,estimated,0
geopolitical_risk,fr,nation,2020-05,0.19827,percent,gpr,2020-05-31,,2026-09-26,estimated,0
geopolitical_risk,fr,nation,2020-06,0.253784,percent,gpr,2020-06-30,,2026-09-26,estimated,0
geopolitical_risk,fr,nation,2020-07,0.301544,percent,gpr,2020-07-31,,2026-09-26,estimated,0
geopolitical_risk,fr,nation,2020-08,0.449708,percent,gpr,2020-08-31,,2026-09-26,estimated,0
geopolitical_risk,fr,nation,2020-09,0.53325,percent,gpr,2020-09-30,,2026-09-26,estimated,0
geopolitical_risk,fr,nation,2020-10,0.565234,percent,gpr,2020-10-31,,2026-09-26,estimated,0
geopolitical_risk,fr,nation,2020-11,0.504749,percent,gpr,2020-11-30,,2026-09-26,estimated,0
geopolitical_risk,fr,nation,2020-12,0.505194,percent,gpr,2020-12-31,,2026-09-26,estimated,0
geopolitical_risk,fr,nation,2021-01,0.291919,percent,gpr,2021-01-31,,2026-09-26,estimated,0
geopolitical_risk,fr,nation,2021-02,0.439783,percent,gpr,2021-02-28,,2026-09-26,estimated,0
geopolitical_risk,fr,nation,2021-03,0.480349,percent,gpr,2021-03-31,,2026-09-26,estimated,0
geopolitical_risk,fr,nation,2021-04,0.572652,percent,gpr,2021-04-30,,2026-09-26,estimated,0
geopolitical_risk,fr,nation,2021-05,0.513403,percent,gpr,2021-05-31,,2026-09-26,estimated,0
geopolitical_risk,fr,nation,2021-06,0.487375,percent,gpr,2021-06-30,,2026-09-26,estimated,0
geopolitical_risk,fr,nation,2021-07,0.206149,percent,gpr,2021-07-31,,2026-09-26,estimated,0
geopolitical_risk,fr,nation,2021-08,0.362056,percent,gpr,2021-08-31,,2026-09-26,estimated,0
geopolitical_risk,fr,nation,2021-09,0.636704,percent,gpr,2021-09-30,,2026-09-26,estimated,0
geopolitical_risk,fr,nation,2021-10,0.416723,percent,gpr,2021-10-31,,2026-09-26,estimated,0
geopolitical_risk,fr,nation,2021-11,0.634921,percent,gpr,2021-11-30,,2026-09-26,estimated,0
geopolitical_risk,fr,nation,2021-12,0.691187,percent,gpr,2021-12-31,,2026-09-26,estimated,0
geopolitical_risk,fr,nation,2022-01,1.119837,percent,gpr,2022-01-31,,2026-09-26,estimated,0
geopolitical_risk,fr,nation,2022-02,1.761804,percent,gpr,2022-02-28,,2026-09-26,estimated,0
geopolitical_risk,fr,nation,2022-03,1.98363,percent,gpr,2022-03-31,,2026-09-26,estimated,0
geopolitical_risk,fr,nation,2022-04,0.921498,percent,gpr,2022-04-30,,2026-09-26,estimated,0
geopolitical_risk,fr,nation,2022-05,0.718692,percent,gpr,2022-05-31,,2026-09-26,estimated,0
geopolitical_risk,fr,nation,2022-06,0.924182,percent,gpr,2022-06-30,,2026-09-26,estimated,0
geopolitical_risk,fr,nation,2022-07,0.540258,percent,gpr,2022-07-31,,2026-09-26,estimated,0
geopolitical_risk,fr,nation,2022-08,0.574372,percent,gpr,2022-08-31,,2026-09-26,estimated,0
geopolitical_risk,fr,nation,2022-09,0.665685,percent,gpr,2022-09-30,,2026-09-26,estimated,0
geopolitical_risk,fr,nation,2022-10,0.778144,percent,gpr,2022-10-31,,2026-09-26,estimated,0
geopolitical_risk,fr,nation,2022-11,0.575859,percent,gpr,2022-11-30,,2026-09-26,estimated,0
geopolitical_risk,fr,nation,2022-12,0.483541,percent,gpr,2022-12-31,,2026-09-26,estimated,0
geopolitical_risk,fr,nation,2023-01,0.562295,percent,gpr,2023-01-31,,2026-09-26,estimated,0
geopolitical_risk,fr,nation,2023-02,0.740494,percent,gpr,2023-02-28,,2026-09-26,estimated,0
geopolitical_risk,fr,nation,2023-03,0.418681,percent,gpr,2023-03-31,,2026-09-26,estimated,0
geopolitical_risk,fr,nation,2023-04,0.583658,percent,gpr,2023-04-30,,2026-09-26,estimated,0
geopolitical_risk,fr,nation,2023-05,0.533139,percent,gpr,2023-05-31,,2026-09-26,estimated,0
geopolitical_risk,fr,nation,2023-06,0.458744,percent,gpr,2023-06-30,,2026-09-26,estimated,0
geopolitical_risk,fr,nation,2023-07,0.527819,percent,gpr,2023-07-31,,2026-09-26,estimated,0
geopolitical_risk,fr,nation,2023-08,0.570319,percent,gpr,2023-08-31,,2026-09-26,estimated,0
geopolitical_risk,fr,nation,2023-09,0.556597,percent,gpr,2023-09-30,,2026-09-26,estimated,0
geopolitical_risk,fr,nation,2023-10,0.859855,percent,gpr,2023-10-31,,2026-09-26,estimated,0
geopolitical_risk,fr,nation,2023-11,0.563239,percent,gpr,2023-11-30,,2026-09-26,estimated,0
geopolitical_risk,fr,nation,2023-12,0.69516,percent,gpr,2023-12-31,,2026-09-26,estimated,0
geopolitical_risk,fr,nation,2024-01,0.632594,percent,gpr,2024-01-31,,2026-09-26,estimated,0
geopolitical_risk,fr,nation,2024-02,0.75247,percent,gpr,2024-02-29,,2026-09-26,estimated,0
geopolitical_risk,fr,nation,2024-03,0.76838,percent,gpr,2024-03-31,,2026-09-26,estimated,0
geopolitical_risk,fr,nation,2024-04,0.822733,percent,gpr,2024-04-30,,2026-09-26,estimated,0
geopolitical_risk,fr,nation,2024-05,0.636163,percent,gpr,2024-05-31,,2026-09-26,estimated,0
geopolitical_risk,fr,nation,2024-06,0.7228,percent,gpr,2024-06-30,,2026-09-26,estimated,0
geopolitical_risk,fr,nation,2024-07,0.468038,percent,gpr,2024-07-31,,2026-09-26,estimated,0
geopolitical_risk,fr,nation,2024-08,0.651981,percent,gpr,2024-08-31,,2026-09-26,estimated,0
geopolitical_risk,fr,nation,2024-09,0.787197,percent,gpr,2024-09-30,,2026-09-26,estimated,0
geopolitical_risk,fr,nation,2024-10,0.64919,percent,gpr,2024-10-31,,2026-09-26,estimated,0
geopolitical_risk,fr,nation,2024-11,0.686355,percent,gpr,2024-11-30,,2026-09-26,estimated,0
geopolitical_risk,fr,nation,2024-12,0.549412,percent,gpr,2024-12-31,,2026-09-26,estimated,0
geopolitical_risk,fr,nation,2025-01,0.625469,percent,gpr,2025-01-31,,2026-09-26,estimated,0
geopolitical_risk,fr,nation,2025-02,1.030511,percent,gpr,2025-02-28,,2026-09-26,estimated,0
geopolitical_risk,fr,nation,2025-03,1.345664,percent,gpr,2025-03-31,,2026-09-26,estimated,0
geopolitical_risk,fr,nation,2025-04,0.764424,percent,gpr,2025-04-30,,2026-09-26,estimated,0
geopolitical_risk,fr,nation,2025-05,1.02423,percent,gpr,2025-05-31,,2026-09-26,estimated,0
geopolitical_risk,fr,nation,2025-06,1.100267,percent,gpr,2025-06-30,,2026-09-26,estimated,0
geopolitical_risk,fr,nation,2025-07,0.724375,percent,gpr,2025-07-31,,2026-09-26,estimated,0
geopolitical_risk,fr,nation,2025-08,0.978261,percent,gpr,2025-08-31,,2026-09-26,estimated,0
geopolitical_risk,fr,nation,2025-09,0.901372,percent,gpr,2025-09-30,,2026-09-26,estimated,0
geopolitical_risk,fr,nation,2025-10,0.556668,percent,gpr,2025-10-31,,2026-09-26,estimated,0
geopolitical_risk,fr,nation,2025-11,0.546826,percent,gpr,2025-11-30,,2026-09-26,estimated,0
geopolitical_risk,fr,nation,2025-12,0.681967,percent,gpr,2025-12-31,,2026-09-26,estimated,0
geopolitical_risk,fr,nation,2026-01,0.926963,percent,gpr,2026-01-31,,2026-09-26,estimated,0
geopolitical_risk,fr,nation,2026-02,0.560723,percent,gpr,2026-02-28,,2026-09-26,estimated,0
geopolitical_risk,fr,nation,2026-03,1.963381,percent,gpr,2026-03-31,,2026-09-26,estimated,0
geopolitical_risk,fr,nation,2026-04,1.337875,percent,gpr,2026-04-30,,2026-09-26,estimated,0
geopolitical_risk,fr,nation,2026-05,0.926502,percent,gpr,2026-05-31,,2026-09-26,estimated,0
geopolitical_risk,fr,nation,2026-06,1.104386,percent,gpr,2026-06-30,,2026-09-26,estimated,0
geopolitical_risk,fr,nation,2026-07,0.637586,percent,gpr,2026-07-31,,2026-09-26,estimated,0
geopolitical_risk,fr,nation,2026-08,0.430447,percent,gpr,2026-08-31,,2026-09-26,estimated,0
geopolitical_risk,gb,nation,2015-01,1.105667,percent,gpr,2015-01-31,,2026-09-26,estimated,0
geopolitical_risk,gb,nation,2015-02,1.094691,percent,gpr,2015-02-28,,2026-09-26,estimated,0
geopolitical_risk,gb,nation,2015-03,0.947399,percent,gpr,2015-03-31,,2026-09-26,estimated,0
geopolitical_risk,gb,nation,2015-04,0.777962,percent,gpr,2015-04-30,,2026-09-26,estimated,0
geopolitical_risk,gb,nation,2015-05,0.564368,percent,gpr,2015-05-31,,2026-09-26,estimated,0
geopolitical_risk,gb,nation,2015-06,0.740516,percent,gpr,2015-06-30,,2026-09-26,estimated,0
geopolitical_risk,gb,nation,2015-07,1.099615,percent,gpr,2015-07-31,,2026-09-26,estimated,0
geopolitical_risk,gb,nation,2015-08,0.706814,percent,gpr,2015-08-31,,2026-09-26,estimated,0
geopolitical_risk,gb,nation,2015-09,1.061423,percent,gpr,2015-09-30,,2026-09-26,estimated,0
geopolitical_risk,gb,nation,2015-10,1.005636,percent,gpr,2015-10-31,,2026-09-26,estimated,0
geopolitical_risk,gb,nation,2015-11,1.579909,percent,gpr,2015-11-30,,2026-09-26,estimated,0
geopolitical_risk,gb,nation,2015-12,1.303364,percent,gpr,2015-12-31,,2026-09-26,estimated,0
geopolitical_risk,gb,nation,2016-01,1.024286,percent,gpr,2016-01-31,,2026-09-26,estimated,0
geopolitical_risk,gb,nation,2016-02,0.949212,percent,gpr,2016-02-29,,2026-09-26,estimated,0
geopolitical_risk,gb,nation,2016-03,0.96872,percent,gpr,2016-03-31,,2026-09-26,estimated,0
geopolitical_risk,gb,nation,2016-04,0.896965,percent,gpr,2016-04-30,,2026-09-26,estimated,0
geopolitical_risk,gb,nation,2016-05,1.010607,percent,gpr,2016-05-31,,2026-09-26,estimated,0
geopolitical_risk,gb,nation,2016-06,1.038373,percent,gpr,2016-06-30,,2026-09-26,estimated,0
geopolitical_risk,gb,nation,2016-07,1.085302,percent,gpr,2016-07-31,,2026-09-26,estimated,0
geopolitical_risk,gb,nation,2016-08,0.7546,percent,gpr,2016-08-31,,2026-09-26,estimated,0
geopolitical_risk,gb,nation,2016-09,0.851986,percent,gpr,2016-09-30,,2026-09-26,estimated,0
geopolitical_risk,gb,nation,2016-10,0.780406,percent,gpr,2016-10-31,,2026-09-26,estimated,0
geopolitical_risk,gb,nation,2016-11,0.72304,percent,gpr,2016-11-30,,2026-09-26,estimated,0
geopolitical_risk,gb,nation,2016-12,0.724599,percent,gpr,2016-12-31,,2026-09-26,estimated,0
geopolitical_risk,gb,nation,2017-01,0.815438,percent,gpr,2017-01-31,,2026-09-26,estimated,0
geopolitical_risk,gb,nation,2017-02,0.903183,percent,gpr,2017-02-28,,2026-09-26,estimated,0
geopolitical_risk,gb,nation,2017-03,0.927706,percent,gpr,2017-03-31,,2026-09-26,estimated,0
geopolitical_risk,gb,nation,2017-04,0.835347,percent,gpr,2017-04-30,,2026-09-26,estimated,0
geopolitical_risk,gb,nation,2017-05,0.995126,percent,gpr,2017-05-31,,2026-09-26,estimated,0
geopolitical_risk,gb,nation,2017-06,1.573787,percent,gpr,2017-06-30,,2026-09-26,estimated,0
geopolitical_risk,gb,nation,2017-07,0.688815,percent,gpr,2017-07-31,,2026-09-26,estimated,0
geopolitical_risk,gb,nation,2017-08,0.972015,percent,gpr,2017-08-31,,2026-09-26,estimated,0
geopolitical_risk,gb,nation,2017-09,1.153443,percent,gpr,2017-09-30,,2026-09-26,estimated,0
geopolitical_risk,gb,nation,2017-10,0.982063,percent,gpr,2017-10-31,,2026-09-26,estimated,0
geopolitical_risk,gb,nation,2017-11,0.500757,percent,gpr,2017-11-30,,2026-09-26,estimated,0
geopolitical_risk,gb,nation,2017-12,0.625971,percent,gpr,2017-12-31,,2026-09-26,estimated,0
geopolitical_risk,gb,nation,2018-01,0.715835,percent,gpr,2018-01-31,,2026-09-26,estimated,0
geopolitical_risk,gb,nation,2018-02,0.67423,percent,gpr,2018-02-28,,2026-09-26,estimated,0
geopolitical_risk,gb,nation,2018-03,1.550854,percent,gpr,2018-03-31,,2026-09-26,estimated,0
geopolitical_risk,gb,nation,2018-04,1.658532,percent,gpr,2018-04-30,,2026-09-26,estimated,0
geopolitical_risk,gb,nation,2018-05,1.374065,percent,gpr,2018-05-31,,2026-09-26,estimated,0
geopolitical_risk,gb,nation,2018-06,1.057371,percent,gpr,2018-06-30,,2026-09-26,estimated,0
geopolitical_risk,gb,nation,2018-07,1.114289,percent,gpr,2018-07-31,,2026-09-26,estimated,0
geopolitical_risk,gb,nation,2018-08,1.173467,percent,gpr,2018-08-31,,2026-09-26,estimated,0
geopolitical_risk,gb,nation,2018-09,0.676187,percent,gpr,2018-09-30,,2026-09-26,estimated,0
geopolitical_risk,gb,nation,2018-10,0.848575,percent,gpr,2018-10-31,,2026-09-26,estimated,0
geopolitical_risk,gb,nation,2018-11,0.928241,percent,gpr,2018-11-30,,2026-09-26,estimated,0
geopolitical_risk,gb,nation,2018-12,1.05609,percent,gpr,2018-12-31,,2026-09-26,estimated,0
geopolitical_risk,gb,nation,2019-01,0.777731,percent,gpr,2019-01-31,,2026-09-26,estimated,0
geopolitical_risk,gb,nation,2019-02,1.015013,percent,gpr,2019-02-28,,2026-09-26,estimated,0
geopolitical_risk,gb,nation,2019-03,0.709101,percent,gpr,2019-03-31,,2026-09-26,estimated,0
geopolitical_risk,gb,nation,2019-04,0.814755,percent,gpr,2019-04-30,,2026-09-26,estimated,0
geopolitical_risk,gb,nation,2019-05,1.306628,percent,gpr,2019-05-31,,2026-09-26,estimated,0
geopolitical_risk,gb,nation,2019-06,0.99232,percent,gpr,2019-06-30,,2026-09-26,estimated,0
geopolitical_risk,gb,nation,2019-07,1.234404,percent,gpr,2019-07-31,,2026-09-26,estimated,0
geopolitical_risk,gb,nation,2019-08,1.150341,percent,gpr,2019-08-31,,2026-09-26,estimated,0
geopolitical_risk,gb,nation,2019-09,0.956641,percent,gpr,2019-09-30,,2026-09-26,estimated,0
geopolitical_risk,gb,nation,2019-10,1.097284,percent,gpr,2019-10-31,,2026-09-26,estimated,0
geopolitical_risk,gb,nation,2019-11,0.805458,percent,gpr,2019-11-30,,2026-09-26,estimated,0
geopolitical_risk,gb,nation,2019-12,0.810601,percent,gpr,2019-12-31,,2026-09-26,estimated,0
geopolitical_risk,gb,nation,2020-01,1.685418,percent,gpr,2020-01-31,,2026-09-26,estimated,0
geopolitical_risk,gb,nation,2020-02,0.82033,percent,gpr,2020-02-29,,2026-09-26,estimated,0
geopolitical_risk,gb,nation,2020-03,0.842312,percent,gpr,2020-03-31,,2026-09-26,estimated,0
geopolitical_risk,gb,nation,2020-04,0.612785,percent,gpr,2020-04-30,,2026-09-26,estimated,0
geopolitical_risk,gb,nation,2020-05,0.599315,percent,gpr,2020-05-31,,2026-09-26,estimated,0
geopolitical_risk,gb,nation,2020-06,0.664452,percent,gpr,2020-06-30,,2026-09-26,estimated,0
geopolitical_risk,gb,nation,2020-07,0.661596,percent,gpr,2020-07-31,,2026-09-26,estimated,0
geopolitical_risk,gb,nation,2020-08,0.578833,percent,gpr,2020-08-31,,2026-09-26,estimated,0
geopolitical_risk,gb,nation,2020-09,0.734899,percent,gpr,2020-09-30,,2026-09-26,estimated,0
geopolitical_risk,gb,nation,2020-10,0.662252,percent,gpr,2020-10-31,,2026-09-26,estimated,0
geopolitical_risk,gb,nation,2020-11,0.637819,percent,gpr,2020-11-30,,2026-09-26,estimated,0
geopolitical_risk,gb,nation,2020-12,0.443815,percent,gpr,2020-12-31,,2026-09-26,estimated,0
geopolitical_risk,gb,nation,2021-01,0.5573,percent,gpr,2021-01-31,,2026-09-26,estimated,0
geopolitical_risk,gb,nation,2021-02,0.705587,percent,gpr,2021-02-28,,2026-09-26,estimated,0
geopolitical_risk,gb,nation,2021-03,0.733624,percent,gpr,2021-03-31,,2026-09-26,estimated,0
geopolitical_risk,gb,nation,2021-04,0.800782,percent,gpr,2021-04-30,,2026-09-26,estimated,0
geopolitical_risk,gb,nation,2021-05,0.890504,percent,gpr,2021-05-31,,2026-09-26,estimated,0
geopolitical_risk,gb,nation,2021-06,0.728741,percent,gpr,2021-06-30,,2026-09-26,estimated,0
geopolitical_risk,gb,nation,2021-07,0.54226,percent,gpr,2021-07-31,,2026-09-26,estimated,0
geopolitical_risk,gb,nation,2021-08,0.955829,percent,gpr,2021-08-31,,2026-09-26,estimated,0
geopolitical_risk,gb,nation,2021-09,1.029963,percent,gpr,2021-09-30,,2026-09-26,estimated,0
geopolitical_risk,gb,nation,2021-10,0.7035,percent,gpr,2021-10-31,,2026-09-26,estimated,0
geopolitical_risk,gb,nation,2021-11,1.004501,percent,gpr,2021-11-30,,2026-09-26,estimated,0
geopolitical_risk,gb,nation,2021-12,1.184893,percent,gpr,2021-12-31,,2026-09-26,estimated,0
geopolitical_risk,gb,nation,2022-01,1.716114,percent,gpr,2022-01-31,,2026-09-26,estimated,0
geopolitical_risk,gb,nation,2022-02,2.90446,percent,gpr,2022-02-28,,2026-09-26,estimated,0
geopolitical_risk,gb,nation,2022-03,3.914299,percent,gpr,2022-03-31,,2026-09-26,estimated,0
geopolitical_risk,gb,nation,2022-04,2.397061,percent,gpr,2022-04-30,,2026-09-26,estimated,0
geopolitical_risk,gb,nation,2022-05,1.692038,percent,gpr,2022-05-31,,2026-09-26,estimated,0
geopolitical_risk,gb,nation,2022-06,1.607017,percent,gpr,2022-06-30,,2026-09-26,estimated,0
geopolitical_risk,gb,nation,2022-07,1.132799,percent,gpr,2022-07-31,,2026-09-26,estimated,0
geopolitical_risk,gb,nation,2022-08,1.154666,percent,gpr,2022-08-31,,2026-09-26,estimated,0
geopolitical_risk,gb,nation,2022-09,1.354934,percent,gpr,2022-09-30,,2026-09-26,estimated,0
geopolitical_risk,gb,nation,2022-10,1.260934,percent,gpr,2022-10-31,,2026-09-26,estimated,0
geopolitical_risk,gb,nation,2022-11,1.094703,percent,gpr,2022-11-30,,2026-09-26,estimated,0
geopolitical_risk,gb,nation,2022-12,1.035274,percent,gpr,2022-12-31,,2026-09-26,estimated,0
geopolitical_risk,gb,nation,2023-01,1.080364,percent,gpr,2023-01-31,,2026-09-26,estimated,0
geopolitical_risk,gb,nation,2023-02,1.047365,percent,gpr,2023-02-28,,2026-09-26,estimated,0
geopolitical_risk,gb,nation,2023-03,0.908126,percent,gpr,2023-03-31,,2026-09-26,estimated,0
geopolitical_risk,gb,nation,2023-04,0.985733,percent,gpr,2023-04-30,,2026-09-26,estimated,0
geopolitical_risk,gb,nation,2023-05,1.078396,percent,gpr,2023-05-31,,2026-09-26,estimated,0
geopolitical_risk,gb,nation,2023-06,1.107101,percent,gpr,2023-06-30,,2026-09-26,estimated,0
geopolitical_risk,gb,nation,2023-07,1.02459,percent,gpr,2023-07-31,,2026-09-26,estimated,0
geopolitical_risk,gb,nation,2023-08,1.110302,percent,gpr,2023-08-31,,2026-09-26,estimated,0
geopolitical_risk,gb,nation,2023-09,1.179745,percent,gpr,2023-09-30,,2026-09-26,estimated,0
geopolitical_risk,gb,nation,2023-10,2.233236,percent,gpr,2023-10-31,,2026-09-26,estimated,0
geopolitical_risk,gb,nation,2023-11,1.445647,percent,gpr,2023-11-30,,2026-09-26,estimated,0
geopolitical_risk,gb,nation,2023-12,1.609166,percent,gpr,2023-12-31,,2026-09-26,estimated,0
geopolitical_risk,gb,nation,2024-01,1.878993,percent,gpr,2024-01-31,,2026-09-26,estimated,0
geopolitical_risk,gb,nation,2024-02,1.648891,percent,gpr,2024-02-29,,2026-09-26,estimated,0
geopolitical_risk,gb,nation,2024-03,1.38923,percent,gpr,2024-03-31,,2026-09-26,estimated,0
geopolitical_risk,gb,nation,2024-04,1.999873,percent,gpr,2024-04-30,,2026-09-26,estimated,0
geopolitical_risk,gb,nation,2024-05,1.253976,percent,gpr,2024-05-31,,2026-09-26,estimated,0
geopolitical_risk,gb,nation,2024-06,1.223688,percent,gpr,2024-06-30,,2026-09-26,estimated,0
geopolitical_risk,gb,nation,2024-07,1.065402,percent,gpr,2024-07-31,,2026-09-26,estimated,0
geopolitical_risk,gb,nation,2024-08,1.588809,percent,gpr,2024-08-31,,2026-09-26,estimated,0
geopolitical_risk,gb,nation,2024-09,1.639451,percent,gpr,2024-09-30,,2026-09-26,estimated,0
geopolitical_risk,gb,nation,2024-10,1.452949,percent,gpr,2024-10-31,,2026-09-26,estimated,0
geopolitical_risk,gb,nation,2024-11,1.517537,percent,gpr,2024-11-30,,2026-09-26,estimated,0
geopolitical_risk,gb,nation,2024-12,1.530009,percent,gpr,2024-12-31,,2026-09-26,estimated,0
geopolitical_risk,gb,nation,2025-01,1.300976,percent,gpr,2025-01-31,,2026-09-26,estimated,0
geopolitical_risk,gb,nation,2025-02,1.764666,percent,gpr,2025-02-28,,2026-09-26,estimated,0
geopolitical_risk,gb,nation,2025-03,2.543126,percent,gpr,2025-03-31,,2026-09-26,estimated,0
geopolitical_risk,gb,nation,2025-04,1.510647,percent,gpr,2025-04-30,,2026-09-26,estimated,0
geopolitical_risk,gb,nation,2025-05,2.007492,percent,gpr,2025-05-31,,2026-09-26,estimated,0
geopolitical_risk,gb,nation,2025-06,2.766209,percent,gpr,2025-06-30,,2026-09-26,estimated,0
geopolitical_risk,gb,nation,2025-07,1.635881,percent,gpr,2025-07-31,,2026-09-26,estimated,0
geopolitical_risk,gb,nation,2025-08,1.707161,percent,gpr,2025-08-31,,2026-09-26,estimated,0
geopolitical_risk,gb,nation,2025-09,1.443501,percent,gpr,2025-09-30,,2026-09-26,estimated,0
geopolitical_risk,gb,nation,2025-10,1.388541,percent,gpr,2025-10-31,,2026-09-26,estimated,0
geopolitical_risk,gb,nation,2025-11,0.999371,percent,gpr,2025-11-30,,2026-09-26,estimated,0
geopolitical_risk,gb,nation,2025-12,1.304918,percent,gpr,2025-12-31,,2026-09-26,estimated,0
geopolitical_risk,gb,nation,2026-01,1.891253,percent,gpr,2026-01-31,,2026-09-26,estimated,0
geopolitical_risk,gb,nation,2026-02,1.167623,percent,gpr,2026-02-28,,2026-09-26,estimated,0
geopolitical_risk,gb,nation,2026-03,3.967066,percent,gpr,2026-03-31,,2026-09-26,estimated,0
geopolitical_risk,gb,nation,2026-04,2.836792,percent,gpr,2026-04-30,,2026-09-26,estimated,0
geopolitical_risk,gb,nation,2026-05,1.983584,percent,gpr,2026-05-31,,2026-09-26,estimated,0
geopolitical_risk,gb,nation,2026-06,1.753291,percent,gpr,2026-06-30,,2026-09-26,estimated,0
geopolitical_risk,gb,nation,2026-07,1.609747,percent,gpr,2026-07-31,,2026-09-26,estimated,0
geopolitical_risk,gb,nation,2026-08,0.911113,percent,gpr,2026-08-31,,2026-09-26,estimated,0
geopolitical_risk,id,nation,2015-01,0.016753,percent,gpr,2015-01-31,,2026-09-26,estimated,0
geopolitical_risk,id,nation,2015-02,0.018245,percent,gpr,2015-02-28,,2026-09-26,estimated,0
geopolitical_risk,id,nation,2015-03,0.004119,percent,gpr,2015-03-31,,2026-09-26,estimated,0
geopolitical_risk,id,nation,2015-04,0.029758,percent,gpr,2015-04-30,,2026-09-26,estimated,0
geopolitical_risk,id,nation,2015-05,0.034204,percent,gpr,2015-05-31,,2026-09-26,estimated,0
geopolitical_risk,id,nation,2015-06,0.025983,percent,gpr,2015-06-30,,2026-09-26,estimated,0
geopolitical_risk,id,nation,2015-07,0.025975,percent,gpr,2015-07-31,,2026-09-26,estimated,0
geopolitical_risk,id,nation,2015-08,0.004712,percent,gpr,2015-08-31,,2026-09-26,estimated,0
geopolitical_risk,id,nation,2015-09,0.026101,percent,gpr,2015-09-30,,2026-09-26,estimated,0
geopolitical_risk,id,nation,2015-10,0.004055,percent,gpr,2015-10-31,,2026-09-26,estimated,0
geopolitical_risk,id,nation,2015-11,0.022831,percent,gpr,2015-11-30,,2026-09-26,estimated,0
geopolitical_risk,id,nation,2015-12,0.019673,percent,gpr,2015-12-31,,2026-09-26,estimated,0
geopolitical_risk,id,nation,2016-01,0.129774,percent,gpr,2016-01-31,,2026-09-26,estimated,0
geopolitical_risk,id,nation,2016-02,0.009786,percent,gpr,2016-02-29,,2026-09-26,estimated,0
geopolitical_risk,id,nation,2016-03,0.022634,percent,gpr,2016-03-31,,2026-09-26,estimated,0
geopolitical_risk,id,nation,2016-04,0.023237,percent,gpr,2016-04-30,,2026-09-26,estimated,0
geopolitical_risk,id,nation,2016-05,0.027314,percent,gpr,2016-05-31,,2026-09-26,estimated,0
geopolitical_risk,id,nation,2016-06,0.033039,percent,gpr,2016-06-30,,2026-09-26,estimated,0
geopolitical_risk,id,nation,2016-07,0.029465,percent,gpr,2016-07-31,,2026-09-26,estimated,0
geopolitical_risk,id,nation,2016-08,0.031011,percent,gpr,2016-08-31,,2026-09-26,estimated,0
geopolitical_risk,id,nation,2016-09,0.035289,percent,gpr,2016-09-30,,2026-09-26,estimated,0
geopolitical_risk,id,nation,2016-10,0.004908,percent,gpr,2016-10-31,,2026-09-26,estimated,0
geopolitical_risk,id,nation,2016-11,0.056407,percent,gpr,2016-11-30,,2026-09-26,estimated,0
geopolitical_risk,id,nation,2016-12,0.048307,percent,gpr,2016-12-31,,2026-09-26,estimated,0
geopolitical_risk,id,nation,2017-01,0.040519,percent,gpr,2017-01-31,,2026-09-26,estimated,0
geopolitical_risk,id,nation,2017-02,0.044058,percent,gpr,2017-02-28,,2026-09-26,estimated,0
geopolitical_risk,id,nation,2017-03,0.033647,percent,gpr,2017-03-31,,2026-09-26,estimated,0
geopolitical_risk,id,nation,2017-04,0.052538,percent,gpr,2017-04-30,,2026-09-26,estimated,0
geopolitical_risk,id,nation,2017-05,0.045695,percent,gpr,2017-05-31,,2026-09-26,estimated,0
geopolitical_risk,id,nation,2017-06,0.05676,percent,gpr,2017-06-30,,2026-09-26,estimated,0
geopolitical_risk,id,nation,2017-07,0.031791,percent,gpr,2017-07-31,,2026-09-26,estimated,0
geopolitical_risk,id,nation,2017-08,0.016022,percent,gpr,2017-08-31,,2026-09-26,estimated,0
geopolitical_risk,id,nation,2017-09,0.064912,percent,gpr,2017-09-30,,2026-09-26,estimated,0
geopolitical_risk,id,nation,2017-10,0.012174,percent,gpr,2017-10-31,,2026-09-26,estimated,0
geopolitical_risk,id,nation,2017-11,0.004208,percent,gpr,2017-11-30,,2026-09-26,estimated,0
geopolitical_risk,id,nation,2017-12,0.031984,percent,gpr,2017-12-31,,2026-09-26,estimated,0
geopolitical_risk,id,nation,2018-01,0.043384,percent,gpr,2018-01-31,,2026-09-26,estimated,0
geopolitical_risk,id,nation,2018-02,0,percent,gpr,2018-02-28,,2026-09-26,estimated,0
geopolitical_risk,id,nation,2018-03,0.036066,percent,gpr,2018-03-31,,2026-09-26,estimated,0
geopolitical_risk,id,nation,2018-04,0.012957,percent,gpr,2018-04-30,,2026-09-26,estimated,0
geopolitical_risk,id,nation,2018-05,0.054626,percent,gpr,2018-05-31,,2026-09-26,estimated,0
geopolitical_risk,id,nation,2018-06,0.082607,percent,gpr,2018-06-30,,2026-09-26,estimated,0
geopolitical_risk,id,nation,2018-07,0.029885,percent,gpr,2018-07-31,,2026-09-26,estimated,0
geopolitical_risk,id,nation,2018-08,0.044789,percent,gpr,2018-08-31,,2026-09-26,estimated,0
geopolitical_risk,id,nation,2018-09,0.0084,percent,gpr,2018-09-30,,2026-09-26,estimated,0
geopolitical_risk,id,nation,2018-10,0.053551,percent,gpr,2018-10-31,,2026-09-26,estimated,0
geopolitical_risk,id,nation,2018-11,0.012716,percent,gpr,2018-11-30,,2026-09-26,estimated,0
geopolitical_risk,id,nation,2018-12,0.004694,percent,gpr,2018-12-31,,2026-09-26,estimated,0
geopolitical_risk,id,nation,2019-01,0.038249,percent,gpr,2019-01-31,,2026-09-26,estimated,0
geopolitical_risk,id,nation,2019-02,0.023605,percent,gpr,2019-02-28,,2026-09-26,estimated,0
geopolitical_risk,id,nation,2019-03,0.033369,percent,gpr,2019-03-31,,2026-09-26,estimated,0
geopolitical_risk,id,nation,2019-04,0.04029,percent,gpr,2019-04-30,,2026-09-26,estimated,0
geopolitical_risk,id,nation,2019-05,0.15903,percent,gpr,2019-05-31,,2026-09-26,estimated,0
geopolitical_risk,id,nation,2019-06,0.03883,percent,gpr,2019-06-30,,2026-09-26,estimated,0
geopolitical_risk,id,nation,2019-07,0.030971,percent,gpr,2019-07-31,,2026-09-26,estimated,0
geopolitical_risk,id,nation,2019-08,0.008849,percent,gpr,2019-08-31,,2026-09-26,estimated,0
geopolitical_risk,id,nation,2019-09,0.008858,percent,gpr,2019-09-30,,2026-09-26,estimated,0
geopolitical_risk,id,nation,2019-10,0.042042,percent,gpr,2019-10-31,,2026-09-26,estimated,0
geopolitical_risk,id,nation,2019-11,0,percent,gpr,2019-11-30,,2026-09-26,estimated,0
geopolitical_risk,id,nation,2019-12,0.009708,percent,gpr,2019-12-31,,2026-09-26,estimated,0
geopolitical_risk,id,nation,2020-01,0.039709,percent,gpr,2020-01-31,,2026-09-26,estimated,0
geopolitical_risk,id,nation,2020-02,0.031208,percent,gpr,2020-02-29,,2026-09-26,estimated,0
geopolitical_risk,id,nation,2020-03,0.02993,percent,gpr,2020-03-31,,2026-09-26,estimated,0
geopolitical_risk,id,nation,2020-04,0.046423,percent,gpr,2020-04-30,,2026-09-26,estimated,0
geopolitical_risk,id,nation,2020-05,0.027037,percent,gpr,2020-05-31,,2026-09-26,estimated,0
geopolitical_risk,id,nation,2020-06,0.018457,percent,gpr,2020-06-30,,2026-09-26,estimated,0
geopolitical_risk,id,nation,2020-07,0.027004,percent,gpr,2020-07-31,,2026-09-26,estimated,0
geopolitical_risk,id,nation,2020-08,0.026715,percent,gpr,2020-08-31,,2026-09-26,estimated,0
geopolitical_risk,id,nation,2020-09,0.013443,percent,gpr,2020-09-30,,2026-09-26,estimated,0
geopolitical_risk,id,nation,2020-10,0,percent,gpr,2020-10-31,,2026-09-26,estimated,0
geopolitical_risk,id,nation,2020-11,0,percent,gpr,2020-11-30,,2026-09-26,estimated,0
geopolitical_risk,id,nation,2020-12,0.023607,percent,gpr,2020-12-31,,2026-09-26,estimated,0
geopolitical_risk,id,nation,2021-01,0.013269,percent,gpr,2021-01-31,,2026-09-26,estimated,0
geopolitical_risk,id,nation,2021-02,0.057993,percent,gpr,2021-02-28,,2026-09-26,estimated,0
geopolitical_risk,id,nation,2021-03,0.048035,percent,gpr,2021-03-31,,2026-09-26,estimated,0
geopolitical_risk,id,nation,2021-04,0.041901,percent,gpr,2021-04-30,,2026-09-26,estimated,0
geopolitical_risk,id,nation,2021-05,0.031804,percent,gpr,2021-05-31,,2026-09-26,estimated,0
geopolitical_risk,id,nation,2021-06,0.009283,percent,gpr,2021-06-30,,2026-09-26,estimated,0
geopolitical_risk,id,nation,2021-07,0,percent,gpr,2021-07-31,,2026-09-26,estimated,0
geopolitical_risk,id,nation,2021-08,0.028965,percent,gpr,2021-08-31,,2026-09-26,estimated,0
geopolitical_risk,id,nation,2021-09,0.023408,percent,gpr,2021-09-30,,2026-09-26,estimated,0
geopolitical_risk,id,nation,2021-10,0.008962,percent,gpr,2021-10-31,,2026-09-26,estimated,0
geopolitical_risk,id,nation,2021-11,0.004738,percent,gpr,2021-11-30,,2026-09-26,estimated,0
geopolitical_risk,id,nation,2021-12,0.014811,percent,gpr,2021-12-31,,2026-09-26,estimated,0
geopolitical_risk,id,nation,2022-01,0.014543,percent,gpr,2022-01-31,,2026-09-26,estimated,0
geopolitical_risk,id,nation,2022-02,0.060405,percent,gpr,2022-02-28,,2026-09-26,estimated,0
geopolitical_risk,id,nation,2022-03,0.096293,percent,gpr,2022-03-31,,2026-09-26,estimated,0
geopolitical_risk,id,nation,2022-04,0.046658,percent,gpr,2022-04-30,,2026-09-26,estimated,0
geopolitical_risk,id,nation,2022-05,0.090544,percent,gpr,2022-05-31,,2026-09-26,estimated,0
geopolitical_risk,id,nation,2022-06,0.070638,percent,gpr,2022-06-30,,2026-09-26,estimated,0
geopolitical_risk,id,nation,2022-07,0.098757,percent,gpr,2022-07-31,,2026-09-26,estimated,0
geopolitical_risk,id,nation,2022-08,0.065135,percent,gpr,2022-08-31,,2026-09-26,estimated,0
geopolitical_risk,id,nation,2022-09,0.029455,percent,gpr,2022-09-30,,2026-09-26,estimated,0
geopolitical_risk,id,nation,2022-10,0.051119,percent,gpr,2022-10-31,,2026-09-26,estimated,0
geopolitical_risk,id,nation,2022-11,0.399111,percent,gpr,2022-11-30,,2026-09-26,estimated,0
geopolitical_risk,id,nation,2022-12,0.099188,percent,gpr,2022-12-31,,2026-09-26,estimated,0
geopolitical_risk,id,nation,2023-01,0.03159,percent,gpr,2023-01-31,,2026-09-26,estimated,0
geopolitical_risk,id,nation,2023-02,0.073382,percent,gpr,2023-02-28,,2026-09-26,estimated,0
geopolitical_risk,id,nation,2023-03,0.064866,percent,gpr,2023-03-31,,2026-09-26,estimated,0
geopolitical_risk,id,nation,2023-04,0.071336,percent,gpr,2023-04-30,,2026-09-26,estimated,0
geopolitical_risk,id,nation,2023-05,0.084818,percent,gpr,2023-05-31,,2026-09-26,estimated,0
geopolitical_risk,id,nation,2023-06,0.067282,percent,gpr,2023-06-30,,2026-09-26,estimated,0
geopolitical_risk,id,nation,2023-07,0.049677,percent,gpr,2023-07-31,,2026-09-26,estimated,0
geopolitical_risk,id,nation,2023-08,0.042471,percent,gpr,2023-08-31,,2026-09-26,estimated,0
geopolitical_risk,id,nation,2023-09,0.0968,percent,gpr,2023-09-30,,2026-09-26,estimated,0
geopolitical_risk,id,nation,2023-10,0.071655,percent,gpr,2023-10-31,,2026-09-26,estimated,0
geopolitical_risk,id,nation,2023-11,0.256587,percent,gpr,2023-11-30,,2026-09-26,estimated,0
geopolitical_risk,id,nation,2023-12,0.051493,percent,gpr,2023-12-31,,2026-09-26,estimated,0
geopolitical_risk,id,nation,2024-01,0.05637,percent,gpr,2024-01-31,,2026-09-26,estimated,0
geopolitical_risk,id,nation,2024-02,0.065432,percent,gpr,2024-02-29,,2026-09-26,estimated,0
geopolitical_risk,id,nation,2024-03,0.036882,percent,gpr,2024-03-31,,2026-09-26,estimated,0
geopolitical_risk,id,nation,2024-04,0.082273,percent,gpr,2024-04-30,,2026-09-26,estimated,0
geopolitical_risk,id,nation,2024-05,0.042819,percent,gpr,2024-05-31,,2026-09-26,estimated,0
geopolitical_risk,id,nation,2024-06,0.038042,percent,gpr,2024-06-30,,2026-09-26,estimated,0
geopolitical_risk,id,nation,2024-07,0.03695,percent,gpr,2024-07-31,,2026-09-26,estimated,0
geopolitical_risk,id,nation,2024-08,0.063299,percent,gpr,2024-08-31,,2026-09-26,estimated,0
geopolitical_risk,id,nation,2024-09,0.039035,percent,gpr,2024-09-30,,2026-09-26,estimated,0
geopolitical_risk,id,nation,2024-10,0.142204,percent,gpr,2024-10-31,,2026-09-26,estimated,0
geopolitical_risk,id,nation,2024-11,0.025187,percent,gpr,2024-11-30,,2026-09-26,estimated,0
geopolitical_risk,id,nation,2024-12,0.020864,percent,gpr,2024-12-31,,2026-09-26,estimated,0
geopolitical_risk,id,nation,2025-01,0.043783,percent,gpr,2025-01-31,,2026-09-26,estimated,0
geopolitical_risk,id,nation,2025-02,0.053883,percent,gpr,2025-02-28,,2026-09-26,estimated,0
geopolitical_risk,id,nation,2025-03,0.053352,percent,gpr,2025-03-31,,2026-09-26,estimated,0
geopolitical_risk,id,nation,2025-04,0.078869,percent,gpr,2025-04-30,,2026-09-26,estimated,0
geopolitical_risk,id,nation,2025-05,0.087791,percent,gpr,2025-05-31,,2026-09-26,estimated,0
geopolitical_risk,id,nation,2025-06,0.024865,percent,gpr,2025-06-30,,2026-09-26,estimated,0
geopolitical_risk,id,nation,2025-07,0.126766,percent,gpr,2025-07-31,,2026-09-26,estimated,0
geopolitical_risk,id,nation,2025-08,0.025575,percent,gpr,2025-08-31,,2026-09-26,estimated,0
geopolitical_risk,id,nation,2025-09,0.045722,percent,gpr,2025-09-30,,2026-09-26,estimated,0
geopolitical_risk,id,nation,2025-10,0.075056,percent,gpr,2025-10-31,,2026-09-26,estimated,0
geopolitical_risk,id,nation,2025-11,0.087995,percent,gpr,2025-11-30,,2026-09-26,estimated,0
geopolitical_risk,id,nation,2025-12,0.02623,percent,gpr,2025-12-31,,2026-09-26,estimated,0
geopolitical_risk,id,nation,2026-01,0.074655,percent,gpr,2026-01-31,,2026-09-26,estimated,0
geopolitical_risk,id,nation,2026-02,0.03958,percent,gpr,2026-02-28,,2026-09-26,estimated,0
geopolitical_risk,id,nation,2026-03,0.120912,percent,gpr,2026-03-31,,2026-09-26,estimated,0
geopolitical_risk,id,nation,2026-04,0.086714,percent,gpr,2026-04-30,,2026-09-26,estimated,0
geopolitical_risk,id,nation,2026-05,0.105708,percent,gpr,2026-05-31,,2026-09-26,estimated,0
geopolitical_risk,id,nation,2026-06,0.018718,percent,gpr,2026-06-30,,2026-09-26,estimated,0
geopolitical_risk,id,nation,2026-07,0.06944,percent,gpr,2026-07-31,,2026-09-26,estimated,0
geopolitical_risk,id,nation,2026-08,0.078915,percent,gpr,2026-08-31,,2026-09-26,estimated,0
geopolitical_risk,in,nation,2015-01,0.217783,percent,gpr,2015-01-31,,2026-09-26,estimated,0
geopolitical_risk,in,nation,2015-02,0.123153,percent,gpr,2015-02-28,,2026-09-26,estimated,0
geopolitical_risk,in,nation,2015-03,0.131812,percent,gpr,2015-03-31,,2026-09-26,estimated,0
geopolitical_risk,in,nation,2015-04,0.187051,percent,gpr,2015-04-30,,2026-09-26,estimated,0
geopolitical_risk,in,nation,2015-05,0.106888,percent,gpr,2015-05-31,,2026-09-26,estimated,0
geopolitical_risk,in,nation,2015-06,0.103932,percent,gpr,2015-06-30,,2026-09-26,estimated,0
geopolitical_risk,in,nation,2015-07,0.186155,percent,gpr,2015-07-31,,2026-09-26,estimated,0
geopolitical_risk,in,nation,2015-08,0.098954,percent,gpr,2015-08-31,,2026-09-26,estimated,0
geopolitical_risk,in,nation,2015-09,0.065251,percent,gpr,2015-09-30,,2026-09-26,estimated,0
geopolitical_risk,in,nation,2015-10,0.085155,percent,gpr,2015-10-31,,2026-09-26,estimated,0
geopolitical_risk,in,nation,2015-11,0.214612,percent,gpr,2015-11-30,,2026-09-26,estimated,0
geopolitical_risk,in,nation,2015-12,0.265591,percent,gpr,2015-12-31,,2026-09-26,estimated,0
geopolitical_risk,in,nation,2016-01,0.222469,percent,gpr,2016-01-31,,2026-09-26,estimated,0
geopolitical_risk,in,nation,2016-02,0.083178,percent,gpr,2016-02-29,,2026-09-26,estimated,0
geopolitical_risk,in,nation,2016-03,0.153909,percent,gpr,2016-03-31,,2026-09-26,estimated,0
geopolitical_risk,in,nation,2016-04,0.134777,percent,gpr,2016-04-30,,2026-09-26,estimated,0
geopolitical_risk,in,nation,2016-05,0.081941,percent,gpr,2016-05-31,,2026-09-26,estimated,0
geopolitical_risk,in,nation,2016-06,0.108557,percent,gpr,2016-06-30,,2026-09-26,estimated,0
geopolitical_risk,in,nation,2016-07,0.275009,percent,gpr,2016-07-31,,2026-09-26,estimated,0
geopolitical_risk,in,nation,2016-08,0.129212,percent,gpr,2016-08-31,,2026-09-26,estimated,0
geopolitical_risk,in,nation,2016-09,0.176447,percent,gpr,2016-09-30,,2026-09-26,estimated,0
geopolitical_risk,in,nation,2016-10,0.166879,percent,gpr,2016-10-31,,2026-09-26,estimated,0
geopolitical_risk,in,nation,2016-11,0.123071,percent,gpr,2016-11-30,,2026-09-26,estimated,0
geopolitical_risk,in,nation,2016-12,0.161022,percent,gpr,2016-12-31,,2026-09-26,estimated,0
geopolitical_risk,in,nation,2017-01,0.182334,percent,gpr,2017-01-31,,2026-09-26,estimated,0
geopolitical_risk,in,nation,2017-02,0.165216,percent,gpr,2017-02-28,,2026-09-26,estimated,0
geopolitical_risk,in,nation,2017-03,0.144203,percent,gpr,2017-03-31,,2026-09-26,estimated,0
geopolitical_risk,in,nation,2017-04,0.147105,percent,gpr,2017-04-30,,2026-09-26,estimated,0
geopolitical_risk,in,nation,2017-05,0.091389,percent,gpr,2017-05-31,,2026-09-26,estimated,0
geopolitical_risk,in,nation,2017-06,0.227038,percent,gpr,2017-06-30,,2026-09-26,estimated,0
geopolitical_risk,in,nation,2017-07,0.143062,percent,gpr,2017-07-31,,2026-09-26,estimated,0
geopolitical_risk,in,nation,2017-08,0.181585,percent,gpr,2017-08-31,,2026-09-26,estimated,0
geopolitical_risk,in,nation,2017-09,0.284616,percent,gpr,2017-09-30,,2026-09-26,estimated,0
geopolitical_risk,in,nation,2017-10,0.121743,percent,gpr,2017-10-31,,2026-09-26,estimated,0
geopolitical_risk,in,nation,2017-11,0.155698,percent,gpr,2017-11-30,,2026-09-26,estimated,0
geopolitical_risk,in,nation,2017-12,0.063968,percent,gpr,2017-12-31,,2026-09-26,estimated,0
geopolitical_risk,in,nation,2018-01,0.177874,percent,gpr,2018-01-31,,2026-09-26,estimated,0
geopolitical_risk,in,nation,2018-02,0.079048,percent,gpr,2018-02-28,,2026-09-26,estimated,0
geopolitical_risk,in,nation,2018-03,0.132243,percent,gpr,2018-03-31,,2026-09-26,estimated,0
geopolitical_risk,in,nation,2018-04,0.146849,percent,gpr,2018-04-30,,2026-09-26,estimated,0
geopolitical_risk,in,nation,2018-05,0.285738,percent,gpr,2018-05-31,,2026-09-26,estimated,0
geopolitical_risk,in,nation,2018-06,0.161084,percent,gpr,2018-06-30,,2026-09-26,estimated,0
geopolitical_risk,in,nation,2018-07,0.175042,percent,gpr,2018-07-31,,2026-09-26,estimated,0
geopolitical_risk,in,nation,2018-08,0.147803,percent,gpr,2018-08-31,,2026-09-26,estimated,0
geopolitical_risk,in,nation,2018-09,0.155397,percent,gpr,2018-09-30,,2026-09-26,estimated,0
geopolitical_risk,in,nation,2018-10,0.205965,percent,gpr,2018-10-31,,2026-09-26,estimated,0
geopolitical_risk,in,nation,2018-11,0.182257,percent,gpr,2018-11-30,,2026-09-26,estimated,0
geopolitical_risk,in,nation,2018-12,0.079793,percent,gpr,2018-12-31,,2026-09-26,estimated,0
geopolitical_risk,in,nation,2019-01,0.089248,percent,gpr,2019-01-31,,2026-09-26,estimated,0
geopolitical_risk,in,nation,2019-02,0.363516,percent,gpr,2019-02-28,,2026-09-26,estimated,0
geopolitical_risk,in,nation,2019-03,0.308668,percent,gpr,2019-03-31,,2026-09-26,estimated,0
geopolitical_risk,in,nation,2019-04,0.353657,percent,gpr,2019-04-30,,2026-09-26,estimated,0
geopolitical_risk,in,nation,2019-05,0.262185,percent,gpr,2019-05-31,,2026-09-26,estimated,0
geopolitical_risk,in,nation,2019-06,0.207093,percent,gpr,2019-06-30,,2026-09-26,estimated,0
geopolitical_risk,in,nation,2019-07,0.172551,percent,gpr,2019-07-31,,2026-09-26,estimated,0
geopolitical_risk,in,nation,2019-08,0.345102,percent,gpr,2019-08-31,,2026-09-26,estimated,0
geopolitical_risk,in,nation,2019-09,0.155011,percent,gpr,2019-09-30,,2026-09-26,estimated,0
geopolitical_risk,in,nation,2019-10,0.168166,percent,gpr,2019-10-31,,2026-09-26,estimated,0
geopolitical_risk,in,nation,2019-11,0.079225,percent,gpr,2019-11-30,,2026-09-26,estimated,0
geopolitical_risk,in,nation,2019-12,0.092224,percent,gpr,2019-12-31,,2026-09-26,estimated,0
geopolitical_risk,in,nation,2020-01,0.180896,percent,gpr,2020-01-31,,2026-09-26,estimated,0
geopolitical_risk,in,nation,2020-02,0.213999,percent,gpr,2020-02-29,,2026-09-26,estimated,0
geopolitical_risk,in,nation,2020-03,0.11972,percent,gpr,2020-03-31,,2026-09-26,estimated,0
geopolitical_risk,in,nation,2020-04,0.116058,percent,gpr,2020-04-30,,2026-09-26,estimated,0
geopolitical_risk,in,nation,2020-05,0.153208,percent,gpr,2020-05-31,,2026-09-26,estimated,0
geopolitical_risk,in,nation,2020-06,0.322997,percent,gpr,2020-06-30,,2026-09-26,estimated,0
geopolitical_risk,in,nation,2020-07,0.229533,percent,gpr,2020-07-31,,2026-09-26,estimated,0
geopolitical_risk,in,nation,2020-08,0.097956,percent,gpr,2020-08-31,,2026-09-26,estimated,0
geopolitical_risk,in,nation,2020-09,0.215092,percent,gpr,2020-09-30,,2026-09-26,estimated,0
geopolitical_risk,in,nation,2020-10,0.118109,percent,gpr,2020-10-31,,2026-09-26,estimated,0
geopolitical_risk,in,nation,2020-11,0.183545,percent,gpr,2020-11-30,,2026-09-26,estimated,0
geopolitical_risk,in,nation,2020-12,0.118036,percent,gpr,2020-12-31,,2026-09-26,estimated,0
geopolitical_risk,in,nation,2021-01,0.123844,percent,gpr,2021-01-31,,2026-09-26,estimated,0
geopolitical_risk,in,nation,2021-02,0.140151,percent,gpr,2021-02-28,,2026-09-26,estimated,0
geopolitical_risk,in,nation,2021-03,0.31441,percent,gpr,2021-03-31,,2026-09-26,estimated,0
geopolitical_risk,in,nation,2021-04,0.181573,percent,gpr,2021-04-30,,2026-09-26,estimated,0
geopolitical_risk,in,nation,2021-05,0.30895,percent,gpr,2021-05-31,,2026-09-26,estimated,0
geopolitical_risk,in,nation,2021-06,0.185667,percent,gpr,2021-06-30,,2026-09-26,estimated,0
geopolitical_risk,in,nation,2021-07,0.170297,percent,gpr,2021-07-31,,2026-09-26,estimated,0
geopolitical_risk,in,nation,2021-08,0.144823,percent,gpr,2021-08-31,,2026-09-26,estimated,0
geopolitical_risk,in,nation,2021-09,0.430712,percent,gpr,2021-09-30,,2026-09-26,estimated,0
geopolitical_risk,in,nation,2021-10,0.255411,percent,gpr,2021-10-31,,2026-09-26,estimated,0
geopolitical_risk,in,nation,2021-11,0.156361,percent,gpr,2021-11-30,,2026-09-26,estimated,0
geopolitical_risk,in,nation,2021-12,0.148112,percent,gpr,2021-12-31,,2026-09-26,estimated,0
geopolitical_risk,in,nation,2022-01,0.21815,percent,gpr,2022-01-31,,2026-09-26,estimated,0
geopolitical_risk,in,nation,2022-02,0.171147,percent,gpr,2022-02-28,,2026-09-26,estimated,0
geopolitical_risk,in,nation,2022-03,0.46702,percent,gpr,2022-03-31,,2026-09-26,estimated,0
geopolitical_risk,in,nation,2022-04,0.414091,percent,gpr,2022-04-30,,2026-09-26,estimated,0
geopolitical_risk,in,nation,2022-05,0.350857,percent,gpr,2022-05-31,,2026-09-26,estimated,0
geopolitical_risk,in,nation,2022-06,0.376737,percent,gpr,2022-06-30,,2026-09-26,estimated,0
geopolitical_risk,in,nation,2022-07,0.273034,percent,gpr,2022-07-31,,2026-09-26,estimated,0
geopolitical_risk,in,nation,2022-08,0.248697,percent,gpr,2022-08-31,,2026-09-26,estimated,0
geopolitical_risk,in,nation,2022-09,0.506627,percent,gpr,2022-09-30,,2026-09-26,estimated,0
geopolitical_risk,in,nation,2022-10,0.306714,percent,gpr,2022-10-31,,2026-09-26,estimated,0
geopolitical_risk,in,nation,2022-11,0.296482,percent,gpr,2022-11-30,,2026-09-26,estimated,0
geopolitical_risk,in,nation,2022-12,0.24797,percent,gpr,2022-12-31,,2026-09-26,estimated,0
geopolitical_risk,in,nation,2023-01,0.195855,percent,gpr,2023-01-31,,2026-09-26,estimated,0
geopolitical_risk,in,nation,2023-02,0.293529,percent,gpr,2023-02-28,,2026-09-26,estimated,0
geopolitical_risk,in,nation,2023-03,0.30664,percent,gpr,2023-03-31,,2026-09-26,estimated,0
geopolitical_risk,in,nation,2023-04,0.246433,percent,gpr,2023-04-30,,2026-09-26,estimated,0
geopolitical_risk,in,nation,2023-05,0.315037,percent,gpr,2023-05-31,,2026-09-26,estimated,0
geopolitical_risk,in,nation,2023-06,0.263013,percent,gpr,2023-06-30,,2026-09-26,estimated,0
geopolitical_risk,in,nation,2023-07,0.211128,percent,gpr,2023-07-31,,2026-09-26,estimated,0
geopolitical_risk,in,nation,2023-08,0.315496,percent,gpr,2023-08-31,,2026-09-26,estimated,0
geopolitical_risk,in,nation,2023-09,0.459798,percent,gpr,2023-09-30,,2026-09-26,estimated,0
geopolitical_risk,in,nation,2023-10,0.220935,percent,gpr,2023-10-31,,2026-09-26,estimated,0
geopolitical_risk,in,nation,2023-11,0.250329,percent,gpr,2023-11-30,,2026-09-26,estimated,0
geopolitical_risk,in,nation,2023-12,0.225283,percent,gpr,2023-12-31,,2026-09-26,estimated,0
geopolitical_risk,in,nation,2024-01,0.275586,percent,gpr,2024-01-31,,2026-09-26,estimated,0
geopolitical_risk,in,nation,2024-02,0.215926,percent,gpr,2024-02-29,,2026-09-26,estimated,0
geopolitical_risk,in,nation,2024-03,0.239734,percent,gpr,2024-03-31,,2026-09-26,estimated,0
geopolitical_risk,in,nation,2024-04,0.24682,percent,gpr,2024-04-30,,2026-09-26,estimated,0
geopolitical_risk,in,nation,2024-05,0.134573,percent,gpr,2024-05-31,,2026-09-26,estimated,0
geopolitical_risk,in,nation,2024-06,0.190211,percent,gpr,2024-06-30,,2026-09-26,estimated,0
geopolitical_risk,in,nation,2024-07,0.160118,percent,gpr,2024-07-31,,2026-09-26,estimated,0
geopolitical_risk,in,nation,2024-08,0.227877,percent,gpr,2024-08-31,,2026-09-26,estimated,0
geopolitical_risk,in,nation,2024-09,0.16915,percent,gpr,2024-09-30,,2026-09-26,estimated,0
geopolitical_risk,in,nation,2024-10,0.265859,percent,gpr,2024-10-31,,2026-09-26,estimated,0
geopolitical_risk,in,nation,2024-11,0.182608,percent,gpr,2024-11-30,,2026-09-26,estimated,0
geopolitical_risk,in,nation,2024-12,0.194728,percent,gpr,2024-12-31,,2026-09-26,estimated,0
geopolitical_risk,in,nation,2025-01,0.237678,percent,gpr,2025-01-31,,2026-09-26,estimated,0
geopolitical_risk,in,nation,2025-02,0.208796,percent,gpr,2025-02-28,,2026-09-26,estimated,0
geopolitical_risk,in,nation,2025-03,0.248977,percent,gpr,2025-03-31,,2026-09-26,estimated,0
geopolitical_risk,in,nation,2025-04,0.42468,percent,gpr,2025-04-30,,2026-09-26,estimated,0
geopolitical_risk,in,nation,2025-05,0.760857,percent,gpr,2025-05-31,,2026-09-26,estimated,0
geopolitical_risk,in,nation,2025-06,0.466215,percent,gpr,2025-06-30,,2026-09-26,estimated,0
geopolitical_risk,in,nation,2025-07,0.356151,percent,gpr,2025-07-31,,2026-09-26,estimated,0
geopolitical_risk,in,nation,2025-08,0.47954,percent,gpr,2025-08-31,,2026-09-26,estimated,0
geopolitical_risk,in,nation,2025-09,0.404964,percent,gpr,2025-09-30,,2026-09-26,estimated,0
geopolitical_risk,in,nation,2025-10,0.287716,percent,gpr,2025-10-31,,2026-09-26,estimated,0
geopolitical_risk,in,nation,2025-11,0.188561,percent,gpr,2025-11-30,,2026-09-26,estimated,0
geopolitical_risk,in,nation,2025-12,0.314754,percent,gpr,2025-12-31,,2026-09-26,estimated,0
geopolitical_risk,in,nation,2026-01,0.329725,percent,gpr,2026-01-31,,2026-09-26,estimated,0
geopolitical_risk,in,nation,2026-02,0.422191,percent,gpr,2026-02-28,,2026-09-26,estimated,0
geopolitical_risk,in,nation,2026-03,1.001842,percent,gpr,2026-03-31,,2026-09-26,estimated,0
geopolitical_risk,in,nation,2026-04,0.582224,percent,gpr,2026-04-30,,2026-09-26,estimated,0
geopolitical_risk,in,nation,2026-05,0.559632,percent,gpr,2026-05-31,,2026-09-26,estimated,0
geopolitical_risk,in,nation,2026-06,0.34941,percent,gpr,2026-06-30,,2026-09-26,estimated,0
geopolitical_risk,in,nation,2026-07,0.353513,percent,gpr,2026-07-31,,2026-09-26,estimated,0
geopolitical_risk,in,nation,2026-08,0.308487,percent,gpr,2026-08-31,,2026-09-26,estimated,0
geopolitical_risk,it,nation,2015-01,0.146585,percent,gpr,2015-01-31,,2026-09-26,estimated,0
geopolitical_risk,it,nation,2015-02,0.173326,percent,gpr,2015-02-28,,2026-09-26,estimated,0
geopolitical_risk,it,nation,2015-03,0.04943,percent,gpr,2015-03-31,,2026-09-26,estimated,0
geopolitical_risk,it,nation,2015-04,0.242316,percent,gpr,2015-04-30,,2026-09-26,estimated,0
geopolitical_risk,it,nation,2015-05,0.068408,percent,gpr,2015-05-31,,2026-09-26,estimated,0
geopolitical_risk,it,nation,2015-06,0.17322,percent,gpr,2015-06-30,,2026-09-26,estimated,0
geopolitical_risk,it,nation,2015-07,0.138534,percent,gpr,2015-07-31,,2026-09-26,estimated,0
geopolitical_risk,it,nation,2015-08,0.103666,percent,gpr,2015-08-31,,2026-09-26,estimated,0
geopolitical_risk,it,nation,2015-09,0.147903,percent,gpr,2015-09-30,,2026-09-26,estimated,0
geopolitical_risk,it,nation,2015-10,0.068935,percent,gpr,2015-10-31,,2026-09-26,estimated,0
geopolitical_risk,it,nation,2015-11,0.187215,percent,gpr,2015-11-30,,2026-09-26,estimated,0
geopolitical_risk,it,nation,2015-12,0.172142,percent,gpr,2015-12-31,,2026-09-26,estimated,0
geopolitical_risk,it,nation,2016-01,0.171487,percent,gpr,2016-01-31,,2026-09-26,estimated,0
geopolitical_risk,it,nation,2016-02,0.122321,percent,gpr,2016-02-29,,2026-09-26,estimated,0
geopolitical_risk,it,nation,2016-03,0.131275,percent,gpr,2016-03-31,,2026-09-26,estimated,0
geopolitical_risk,it,nation,2016-04,0.14872,percent,gpr,2016-04-30,,2026-09-26,estimated,0
geopolitical_risk,it,nation,2016-05,0.182091,percent,gpr,2016-05-31,,2026-09-26,estimated,0
geopolitical_risk,it,nation,2016-06,0.165196,percent,gpr,2016-06-30,,2026-09-26,estimated,0
geopolitical_risk,it,nation,2016-07,0.196435,percent,gpr,2016-07-31,,2026-09-26,estimated,0
geopolitical_risk,it,nation,2016-08,0.144718,percent,gpr,2016-08-31,,2026-09-26,estimated,0
geopolitical_risk,it,nation,2016-09,0.070579,percent,gpr,2016-09-30,,2026-09-26,estimated,0
geopolitical_risk,it,nation,2016-10,0.117797,percent,gpr,2016-10-31,,2026-09-26,estimated,0
geopolitical_risk,it,nation,2016-11,0.123071,percent,gpr,2016-11-30,,2026-09-26,estimated,0
geopolitical_risk,it,nation,2016-12,0.209329,percent,gpr,2016-12-31,,2026-09-26,estimated,0
geopolitical_risk,it,nation,2017-01,0.111426,percent,gpr,2017-01-31,,2026-09-26,estimated,0
geopolitical_risk,it,nation,2017-02,0.132173,percent,gpr,2017-02-28,,2026-09-26,estimated,0
geopolitical_risk,it,nation,2017-03,0.076908,percent,gpr,2017-03-31,,2026-09-26,estimated,0
geopolitical_risk,it,nation,2017-04,0.194389,percent,gpr,2017-04-30,,2026-09-26,estimated,0
geopolitical_risk,it,nation,2017-05,0.177701,percent,gpr,2017-05-31,,2026-09-26,estimated,0
geopolitical_risk,it,nation,2017-06,0.180599,percent,gpr,2017-06-30,,2026-09-26,estimated,0
geopolitical_risk,it,nation,2017-07,0.100673,percent,gpr,2017-07-31,,2026-09-26,estimated,0
geopolitical_risk,it,nation,2017-08,0.138859,percent,gpr,2017-08-31,,2026-09-26,estimated,0
geopolitical_risk,it,nation,2017-09,0.119838,percent,gpr,2017-09-30,,2026-09-26,estimated,0
geopolitical_risk,it,nation,2017-10,0.081162,percent,gpr,2017-10-31,,2026-09-26,estimated,0
geopolitical_risk,it,nation,2017-11,0.109409,percent,gpr,2017-11-30,,2026-09-26,estimated,0
geopolitical_risk,it,nation,2017-12,0.05026,percent,gpr,2017-12-31,,2026-09-26,estimated,0
geopolitical_risk,it,nation,2018-01,0.104121,percent,gpr,2018-01-31,,2026-09-26,estimated,0
geopolitical_risk,it,nation,2018-02,0.102297,percent,gpr,2018-02-28,,2026-09-26,estimated,0
geopolitical_risk,it,nation,2018-03,0.172317,percent,gpr,2018-03-31,,2026-09-26,estimated,0
geopolitical_risk,it,nation,2018-04,0.060467,percent,gpr,2018-04-30,,2026-09-26,estimated,0
geopolitical_risk,it,nation,2018-05,0.172283,percent,gpr,2018-05-31,,2026-09-26,estimated,0
geopolitical_risk,it,nation,2018-06,0.251952,percent,gpr,2018-06-30,,2026-09-26,estimated,0
geopolitical_risk,it,nation,2018-07,0.145156,percent,gpr,2018-07-31,,2026-09-26,estimated,0
geopolitical_risk,it,nation,2018-08,0.174676,percent,gpr,2018-08-31,,2026-09-26,estimated,0
geopolitical_risk,it,nation,2018-09,0.151197,percent,gpr,2018-09-30,,2026-09-26,estimated,0
geopolitical_risk,it,nation,2018-10,0.218323,percent,gpr,2018-10-31,,2026-09-26,estimated,0
geopolitical_risk,it,nation,2018-11,0.220404,percent,gpr,2018-11-30,,2026-09-26,estimated,0
geopolitical_risk,it,nation,2018-12,0.065712,percent,gpr,2018-12-31,,2026-09-26,estimated,0
geopolitical_risk,it,nation,2019-01,0.097748,percent,gpr,2019-01-31,,2026-09-26,estimated,0
geopolitical_risk,it,nation,2019-02,0.179398,percent,gpr,2019-02-28,,2026-09-26,estimated,0
geopolitical_risk,it,nation,2019-03,0.125136,percent,gpr,2019-03-31,,2026-09-26,estimated,0
geopolitical_risk,it,nation,2019-04,0.21488,percent,gpr,2019-04-30,,2026-09-26,estimated,0
geopolitical_risk,it,nation,2019-05,0.085962,percent,gpr,2019-05-31,,2026-09-26,estimated,0
geopolitical_risk,it,nation,2019-06,0.159634,percent,gpr,2019-06-30,,2026-09-26,estimated,0
geopolitical_risk,it,nation,2019-07,0.101761,percent,gpr,2019-07-31,,2026-09-26,estimated,0
geopolitical_risk,it,nation,2019-08,0.163702,percent,gpr,2019-08-31,,2026-09-26,estimated,0
geopolitical_risk,it,nation,2019-09,0.128438,percent,gpr,2019-09-30,,2026-09-26,estimated,0
geopolitical_risk,it,nation,2019-10,0.084083,percent,gpr,2019-10-31,,2026-09-26,estimated,0
geopolitical_risk,it,nation,2019-11,0.070423,percent,gpr,2019-11-30,,2026-09-26,estimated,0
geopolitical_risk,it,nation,2019-12,0.097078,percent,gpr,2019-12-31,,2026-09-26,estimated,0
geopolitical_risk,it,nation,2020-01,0.233841,percent,gpr,2020-01-31,,2026-09-26,estimated,0
geopolitical_risk,it,nation,2020-02,0.218457,percent,gpr,2020-02-29,,2026-09-26,estimated,0
geopolitical_risk,it,nation,2020-03,0.474602,percent,gpr,2020-03-31,,2026-09-26,estimated,0
geopolitical_risk,it,nation,2020-04,0.18105,percent,gpr,2020-04-30,,2026-09-26,estimated,0
geopolitical_risk,it,nation,2020-05,0.117159,percent,gpr,2020-05-31,,2026-09-26,estimated,0
geopolitical_risk,it,nation,2020-06,0.073828,percent,gpr,2020-06-30,,2026-09-26,estimated,0
geopolitical_risk,it,nation,2020-07,0.108016,percent,gpr,2020-07-31,,2026-09-26,estimated,0
geopolitical_risk,it,nation,2020-08,0.102409,percent,gpr,2020-08-31,,2026-09-26,estimated,0
geopolitical_risk,it,nation,2020-09,0.120989,percent,gpr,2020-09-30,,2026-09-26,estimated,0
geopolitical_risk,it,nation,2020-10,0.118109,percent,gpr,2020-10-31,,2026-09-26,estimated,0
geopolitical_risk,it,nation,2020-11,0.123893,percent,gpr,2020-11-30,,2026-09-26,estimated,0
geopolitical_risk,it,nation,2020-12,0.080264,percent,gpr,2020-12-31,,2026-09-26,estimated,0
geopolitical_risk,it,nation,2021-01,0.048653,percent,gpr,2021-01-31,,2026-09-26,estimated,0
geopolitical_risk,it,nation,2021-02,0.125652,percent,gpr,2021-02-28,,2026-09-26,estimated,0
geopolitical_risk,it,nation,2021-03,0.152838,percent,gpr,2021-03-31,,2026-09-26,estimated,0
geopolitical_risk,it,nation,2021-04,0.102426,percent,gpr,2021-04-30,,2026-09-26,estimated,0
geopolitical_risk,it,nation,2021-05,0.086324,percent,gpr,2021-05-31,,2026-09-26,estimated,0
geopolitical_risk,it,nation,2021-06,0.116042,percent,gpr,2021-06-30,,2026-09-26,estimated,0
geopolitical_risk,it,nation,2021-07,0.107556,percent,gpr,2021-07-31,,2026-09-26,estimated,0
geopolitical_risk,it,nation,2021-08,0.091721,percent,gpr,2021-08-31,,2026-09-26,estimated,0
geopolitical_risk,it,nation,2021-09,0.060861,percent,gpr,2021-09-30,,2026-09-26,estimated,0
geopolitical_risk,it,nation,2021-10,0.062732,percent,gpr,2021-10-31,,2026-09-26,estimated,0
geopolitical_risk,it,nation,2021-11,0.21322,percent,gpr,2021-11-30,,2026-09-26,estimated,0
geopolitical_risk,it,nation,2021-12,0.315971,percent,gpr,2021-12-31,,2026-09-26,estimated,0
geopolitical_risk,it,nation,2022-01,0.329649,percent,gpr,2022-01-31,,2026-09-26,estimated,0
geopolitical_risk,it,nation,2022-02,0.493305,percent,gpr,2022-02-28,,2026-09-26,estimated,0
geopolitical_risk,it,nation,2022-03,0.645161,percent,gpr,2022-03-31,,2026-09-26,estimated,0
geopolitical_risk,it,nation,2022-04,0.379097,percent,gpr,2022-04-30,,2026-09-26,estimated,0
geopolitical_risk,it,nation,2022-05,0.345198,percent,gpr,2022-05-31,,2026-09-26,estimated,0
geopolitical_risk,it,nation,2022-06,0.565105,percent,gpr,2022-06-30,,2026-09-26,estimated,0
geopolitical_risk,it,nation,2022-07,0.29627,percent,gpr,2022-07-31,,2026-09-26,estimated,0
geopolitical_risk,it,nation,2022-08,0.118427,percent,gpr,2022-08-31,,2026-09-26,estimated,0
geopolitical_risk,it,nation,2022-09,0.335788,percent,gpr,2022-09-30,,2026-09-26,estimated,0
geopolitical_risk,it,nation,2022-10,0.318073,percent,gpr,2022-10-31,,2026-09-26,estimated,0
geopolitical_risk,it,nation,2022-11,0.21666,percent,gpr,2022-11-30,,2026-09-26,estimated,0
geopolitical_risk,it,nation,2022-12,0.16118,percent,gpr,2022-12-31,,2026-09-26,estimated,0
geopolitical_risk,it,nation,2023-01,0.145312,percent,gpr,2023-01-31,,2026-09-26,estimated,0
geopolitical_risk,it,nation,2023-02,0.173449,percent,gpr,2023-02-28,,2026-09-26,estimated,0
geopolitical_risk,it,nation,2023-03,0.176908,percent,gpr,2023-03-31,,2026-09-26,estimated,0
geopolitical_risk,it,nation,2023-04,0.142672,percent,gpr,2023-04-30,,2026-09-26,estimated,0
geopolitical_risk,it,nation,2023-05,0.224161,percent,gpr,2023-05-31,,2026-09-26,estimated,0
geopolitical_risk,it,nation,2023-06,0.165148,percent,gpr,2023-06-30,,2026-09-26,estimated,0
geopolitical_risk,it,nation,2023-07,0.124193,percent,gpr,2023-07-31,,2026-09-26,estimated,0
geopolitical_risk,it,nation,2023-08,0.21842,percent,gpr,2023-08-31,,2026-09-26,estimated,0
geopolitical_risk,it,nation,2023-09,0.139149,percent,gpr,2023-09-30,,2026-09-26,estimated,0
geopolitical_risk,it,nation,2023-10,0.238849,percent,gpr,2023-10-31,,2026-09-26,estimated,0
geopolitical_risk,it,nation,2023-11,0.093873,percent,gpr,2023-11-30,,2026-09-26,estimated,0
geopolitical_risk,it,nation,2023-12,0.257467,percent,gpr,2023-12-31,,2026-09-26,estimated,0
geopolitical_risk,it,nation,2024-01,0.119003,percent,gpr,2024-01-31,,2026-09-26,estimated,0
geopolitical_risk,it,nation,2024-02,0.222469,percent,gpr,2024-02-29,,2026-09-26,estimated,0
geopolitical_risk,it,nation,2024-03,0.252029,percent,gpr,2024-03-31,,2026-09-26,estimated,0
geopolitical_risk,it,nation,2024-04,0.189861,percent,gpr,2024-04-30,,2026-09-26,estimated,0
geopolitical_risk,it,nation,2024-05,0.146807,percent,gpr,2024-05-31,,2026-09-26,estimated,0
geopolitical_risk,it,nation,2024-06,0.336039,percent,gpr,2024-06-30,,2026-09-26,estimated,0
geopolitical_risk,it,nation,2024-07,0.141643,percent,gpr,2024-07-31,,2026-09-26,estimated,0
geopolitical_risk,it,nation,2024-08,0.132928,percent,gpr,2024-08-31,,2026-09-26,estimated,0
geopolitical_risk,it,nation,2024-09,0.123609,percent,gpr,2024-09-30,,2026-09-26,estimated,0
geopolitical_risk,it,nation,2024-10,0.265859,percent,gpr,2024-10-31,,2026-09-26,estimated,0
geopolitical_risk,it,nation,2024-11,0.251873,percent,gpr,2024-11-30,,2026-09-26,estimated,0
geopolitical_risk,it,nation,2024-12,0.153001,percent,gpr,2024-12-31,,2026-09-26,estimated,0
geopolitical_risk,it,nation,2025-01,0.137603,percent,gpr,2025-01-31,,2026-09-26,estimated,0
geopolitical_risk,it,nation,2025-02,0.202061,percent,gpr,2025-02-28,,2026-09-26,estimated,0
geopolitical_risk,it,nation,2025-03,0.403106,percent,gpr,2025-03-31,,2026-09-26,estimated,0
geopolitical_risk,it,nation,2025-04,0.406479,percent,gpr,2025-04-30,,2026-09-26,estimated,0
geopolitical_risk,it,nation,2025-05,0.374576,percent,gpr,2025-05-31,,2026-09-26,estimated,0
geopolitical_risk,it,nation,2025-06,0.242432,percent,gpr,2025-06-30,,2026-09-26,estimated,0
geopolitical_risk,it,nation,2025-07,0.241458,percent,gpr,2025-07-31,,2026-09-26,estimated,0
geopolitical_risk,it,nation,2025-08,0.326087,percent,gpr,2025-08-31,,2026-09-26,estimated,0
geopolitical_risk,it,nation,2025-09,0.320052,percent,gpr,2025-09-30,,2026-09-26,estimated,0
geopolitical_risk,it,nation,2025-10,0.168877,percent,gpr,2025-10-31,,2026-09-26,estimated,0
geopolitical_risk,it,nation,2025-11,0.106851,percent,gpr,2025-11-30,,2026-09-26,estimated,0
geopolitical_risk,it,nation,2025-12,0.15082,percent,gpr,2025-12-31,,2026-09-26,estimated,0
geopolitical_risk,it,nation,2026-01,0.273734,percent,gpr,2026-01-31,,2026-09-26,estimated,0
geopolitical_risk,it,nation,2026-02,0.138532,percent,gpr,2026-02-28,,2026-09-26,estimated,0
geopolitical_risk,it,nation,2026-03,0.587287,percent,gpr,2026-03-31,,2026-09-26,estimated,0
geopolitical_risk,it,nation,2026-04,0.514091,percent,gpr,2026-04-30,,2026-09-26,estimated,0
geopolitical_risk,it,nation,2026-05,0.379306,percent,gpr,2026-05-31,,2026-09-26,estimated,0
geopolitical_risk,it,nation,2026-06,0.249579,percent,gpr,2026-06-30,,2026-09-26,estimated,0
geopolitical_risk,it,nation,2026-07,0.126255,percent,gpr,2026-07-31,,2026-09-26,estimated,0
geopolitical_risk,it,nation,2026-08,0.165005,percent,gpr,2026-08-31,,2026-09-26,estimated,0
geopolitical_risk,jp,nation,2015-01,0.217783,percent,gpr,2015-01-31,,2026-09-26,estimated,0
geopolitical_risk,jp,nation,2015-02,0.196132,percent,gpr,2015-02-28,,2026-09-26,estimated,0
geopolitical_risk,jp,nation,2015-03,0.090621,percent,gpr,2015-03-31,,2026-09-26,estimated,0
geopolitical_risk,jp,nation,2015-04,0.191302,percent,gpr,2015-04-30,,2026-09-26,estimated,0
geopolitical_risk,jp,nation,2015-05,0.136816,percent,gpr,2015-05-31,,2026-09-26,estimated,0
geopolitical_risk,jp,nation,2015-06,0.112593,percent,gpr,2015-06-30,,2026-09-26,estimated,0
geopolitical_risk,jp,nation,2015-07,0.129876,percent,gpr,2015-07-31,,2026-09-26,estimated,0
geopolitical_risk,jp,nation,2015-08,0.127226,percent,gpr,2015-08-31,,2026-09-26,estimated,0
geopolitical_risk,jp,nation,2015-09,0.104402,percent,gpr,2015-09-30,,2026-09-26,estimated,0
geopolitical_risk,jp,nation,2015-10,0.08921,percent,gpr,2015-10-31,,2026-09-26,estimated,0
geopolitical_risk,jp,nation,2015-11,0.150685,percent,gpr,2015-11-30,,2026-09-26,estimated,0
geopolitical_risk,jp,nation,2015-12,0.172142,percent,gpr,2015-12-31,,2026-09-26,estimated,0
geopolitical_risk,jp,nation,2016-01,0.278087,percent,gpr,2016-01-31,,2026-09-26,estimated,0
geopolitical_risk,jp,nation,2016-02,0.2055,percent,gpr,2016-02-29,,2026-09-26,estimated,0
geopolitical_risk,jp,nation,2016-03,0.239917,percent,gpr,2016-03-31,,2026-09-26,estimated,0
geopolitical_risk,jp,nation,2016-04,0.250964,percent,gpr,2016-04-30,,2026-09-26,estimated,0
geopolitical_risk,jp,nation,2016-05,0.236719,percent,gpr,2016-05-31,,2026-09-26,estimated,0
geopolitical_risk,jp,nation,2016-06,0.146316,percent,gpr,2016-06-30,,2026-09-26,estimated,0
geopolitical_risk,jp,nation,2016-07,0.270098,percent,gpr,2016-07-31,,2026-09-26,estimated,0
geopolitical_risk,jp,nation,2016-08,0.139549,percent,gpr,2016-08-31,,2026-09-26,estimated,0
geopolitical_risk,jp,nation,2016-09,0.307522,percent,gpr,2016-09-30,,2026-09-26,estimated,0
geopolitical_risk,jp,nation,2016-10,0.088348,percent,gpr,2016-10-31,,2026-09-26,estimated,0
geopolitical_risk,jp,nation,2016-11,0.261525,percent,gpr,2016-11-30,,2026-09-26,estimated,0
geopolitical_risk,jp,nation,2016-12,0.166389,percent,gpr,2016-12-31,,2026-09-26,estimated,0
geopolitical_risk,jp,nation,2017-01,0.192464,percent,gpr,2017-01-31,,2026-09-26,estimated,0
geopolitical_risk,jp,nation,2017-02,0.556229,percent,gpr,2017-02-28,,2026-09-26,estimated,0
geopolitical_risk,jp,nation,2017-03,0.394155,percent,gpr,2017-03-31,,2026-09-26,estimated,0
geopolitical_risk,jp,nation,2017-04,0.451823,percent,gpr,2017-04-30,,2026-09-26,estimated,0
geopolitical_risk,jp,nation,2017-05,0.319862,percent,gpr,2017-05-31,,2026-09-26,estimated,0
geopolitical_risk,jp,nation,2017-06,0.185759,percent,gpr,2017-06-30,,2026-09-26,estimated,0
geopolitical_risk,jp,nation,2017-07,0.429185,percent,gpr,2017-07-31,,2026-09-26,estimated,0
geopolitical_risk,jp,nation,2017-08,0.854518,percent,gpr,2017-08-31,,2026-09-26,estimated,0
geopolitical_risk,jp,nation,2017-09,0.748989,percent,gpr,2017-09-30,,2026-09-26,estimated,0
geopolitical_risk,jp,nation,2017-10,0.255661,percent,gpr,2017-10-31,,2026-09-26,estimated,0
geopolitical_risk,jp,nation,2017-11,0.416597,percent,gpr,2017-11-30,,2026-09-26,estimated,0
geopolitical_risk,jp,nation,2017-12,0.328977,percent,gpr,2017-12-31,,2026-09-26,estimated,0
geopolitical_risk,jp,nation,2018-01,0.251627,percent,gpr,2018-01-31,,2026-09-26,estimated,0
geopolitical_risk,jp,nation,2018-02,0.130196,percent,gpr,2018-02-28,,2026-09-26,estimated,0
geopolitical_risk,jp,nation,2018-03,0.480885,percent,gpr,2018-03-31,,2026-09-26,estimated,0
geopolitical_risk,jp,nation,2018-04,0.328251,percent,gpr,2018-04-30,,2026-09-26,estimated,0
geopolitical_risk,jp,nation,2018-05,0.567275,percent,gpr,2018-05-31,,2026-09-26,estimated,0
geopolitical_risk,jp,nation,2018-06,0.549337,percent,gpr,2018-06-30,,2026-09-26,estimated,0
geopolitical_risk,jp,nation,2018-07,0.384238,percent,gpr,2018-07-31,,2026-09-26,estimated,0
geopolitical_risk,jp,nation,2018-08,0.277691,percent,gpr,2018-08-31,,2026-09-26,estimated,0
geopolitical_risk,jp,nation,2018-09,0.159597,percent,gpr,2018-09-30,,2026-09-26,estimated,0
geopolitical_risk,jp,nation,2018-10,0.321305,percent,gpr,2018-10-31,,2026-09-26,estimated,0
geopolitical_risk,jp,nation,2018-11,0.207689,percent,gpr,2018-11-30,,2026-09-26,estimated,0
geopolitical_risk,jp,nation,2018-12,0.234687,percent,gpr,2018-12-31,,2026-09-26,estimated,0
geopolitical_risk,jp,nation,2019-01,0.161496,percent,gpr,2019-01-31,,2026-09-26,estimated,0
geopolitical_risk,jp,nation,2019-02,0.14163,percent,gpr,2019-02-28,,2026-09-26,estimated,0
geopolitical_risk,jp,nation,2019-03,0.095937,percent,gpr,2019-03-31,,2026-09-26,estimated,0
geopolitical_risk,jp,nation,2019-04,0.277554,percent,gpr,2019-04-30,,2026-09-26,estimated,0
geopolitical_risk,jp,nation,2019-05,0.447004,percent,gpr,2019-05-31,,2026-09-26,estimated,0
geopolitical_risk,jp,nation,2019-06,0.785227,percent,gpr,2019-06-30,,2026-09-26,estimated,0
geopolitical_risk,jp,nation,2019-07,0.331829,percent,gpr,2019-07-31,,2026-09-26,estimated,0
geopolitical_risk,jp,nation,2019-08,0.43359,percent,gpr,2019-08-31,,2026-09-26,estimated,0
geopolitical_risk,jp,nation,2019-09,0.23916,percent,gpr,2019-09-30,,2026-09-26,estimated,0
geopolitical_risk,jp,nation,2019-10,0.269066,percent,gpr,2019-10-31,,2026-09-26,estimated,0
geopolitical_risk,jp,nation,2019-11,0.180458,percent,gpr,2019-11-30,,2026-09-26,estimated,0
geopolitical_risk,jp,nation,2019-12,0.160179,percent,gpr,2019-12-31,,2026-09-26,estimated,0
geopolitical_risk,jp,nation,2020-01,0.304434,percent,gpr,2020-01-31,,2026-09-26,estimated,0
geopolitical_risk,jp,nation,2020-02,0.263041,percent,gpr,2020-02-29,,2026-09-26,estimated,0
geopolitical_risk,jp,nation,2020-03,0.179579,percent,gpr,2020-03-31,,2026-09-26,estimated,0
geopolitical_risk,jp,nation,2020-04,0.106773,percent,gpr,2020-04-30,,2026-09-26,estimated,0
geopolitical_risk,jp,nation,2020-05,0.135184,percent,gpr,2020-05-31,,2026-09-26,estimated,0
geopolitical_risk,jp,nation,2020-06,0.147656,percent,gpr,2020-06-30,,2026-09-26,estimated,0
geopolitical_risk,jp,nation,2020-07,0.288042,percent,gpr,2020-07-31,,2026-09-26,estimated,0
geopolitical_risk,jp,nation,2020-08,0.20927,percent,gpr,2020-08-31,,2026-09-26,estimated,0
geopolitical_risk,jp,nation,2020-09,0.183725,percent,gpr,2020-09-30,,2026-09-26,estimated,0
geopolitical_risk,jp,nation,2020-10,0.105454,percent,gpr,2020-10-31,,2026-09-26,estimated,0
geopolitical_risk,jp,nation,2020-11,0.110127,percent,gpr,2020-11-30,,2026-09-26,estimated,0
geopolitical_risk,jp,nation,2020-12,0.094429,percent,gpr,2020-12-31,,2026-09-26,estimated,0
geopolitical_risk,jp,nation,2021-01,0.123844,percent,gpr,2021-01-31,,2026-09-26,estimated,0
geopolitical_risk,jp,nation,2021-02,0.20781,percent,gpr,2021-02-28,,2026-09-26,estimated,0
geopolitical_risk,jp,nation,2021-03,0.375546,percent,gpr,2021-03-31,,2026-09-26,estimated,0
geopolitical_risk,jp,nation,2021-04,0.274687,percent,gpr,2021-04-30,,2026-09-26,estimated,0
geopolitical_risk,jp,nation,2021-05,0.204453,percent,gpr,2021-05-31,,2026-09-26,estimated,0
geopolitical_risk,jp,nation,2021-06,0.162458,percent,gpr,2021-06-30,,2026-09-26,estimated,0
geopolitical_risk,jp,nation,2021-07,0.138926,percent,gpr,2021-07-31,,2026-09-26,estimated,0
geopolitical_risk,jp,nation,2021-08,0.139995,percent,gpr,2021-08-31,,2026-09-26,estimated,0
geopolitical_risk,jp,nation,2021-09,0.388577,percent,gpr,2021-09-30,,2026-09-26,estimated,0
geopolitical_risk,jp,nation,2021-10,0.20164,percent,gpr,2021-10-31,,2026-09-26,estimated,0
geopolitical_risk,jp,nation,2021-11,0.156361,percent,gpr,2021-11-30,,2026-09-26,estimated,0
geopolitical_risk,jp,nation,2021-12,0.236979,percent,gpr,2021-12-31,,2026-09-26,estimated,0
geopolitical_risk,jp,nation,2022-01,0.252085,percent,gpr,2022-01-31,,2026-09-26,estimated,0
geopolitical_risk,jp,nation,2022-02,0.604047,percent,gpr,2022-02-28,,2026-09-26,estimated,0
geopolitical_risk,jp,nation,2022-03,0.698122,percent,gpr,2022-03-31,,2026-09-26,estimated,0
geopolitical_risk,jp,nation,2022-04,0.268284,percent,gpr,2022-04-30,,2026-09-26,estimated,0
geopolitical_risk,jp,nation,2022-05,0.486673,percent,gpr,2022-05-31,,2026-09-26,estimated,0
geopolitical_risk,jp,nation,2022-06,0.341417,percent,gpr,2022-06-30,,2026-09-26,estimated,0
geopolitical_risk,jp,nation,2022-07,0.174277,percent,gpr,2022-07-31,,2026-09-26,estimated,0
geopolitical_risk,jp,nation,2022-08,0.509237,percent,gpr,2022-08-31,,2026-09-26,estimated,0
geopolitical_risk,jp,nation,2022-09,0.294551,percent,gpr,2022-09-30,,2026-09-26,estimated,0
geopolitical_risk,jp,nation,2022-10,0.420311,percent,gpr,2022-10-31,,2026-09-26,estimated,0
geopolitical_risk,jp,nation,2022-11,0.302184,percent,gpr,2022-11-30,,2026-09-26,estimated,0
geopolitical_risk,jp,nation,2022-12,0.24797,percent,gpr,2022-12-31,,2026-09-26,estimated,0
geopolitical_risk,jp,nation,2023-01,0.233763,percent,gpr,2023-01-31,,2026-09-26,estimated,0
geopolitical_risk,jp,nation,2023-02,0.253502,percent,gpr,2023-02-28,,2026-09-26,estimated,0
geopolitical_risk,jp,nation,2023-03,0.247671,percent,gpr,2023-03-31,,2026-09-26,estimated,0
geopolitical_risk,jp,nation,2023-04,0.376135,percent,gpr,2023-04-30,,2026-09-26,estimated,0
geopolitical_risk,jp,nation,2023-05,0.502847,percent,gpr,2023-05-31,,2026-09-26,estimated,0
geopolitical_risk,jp,nation,2023-06,0.195731,percent,gpr,2023-06-30,,2026-09-26,estimated,0
geopolitical_risk,jp,nation,2023-07,0.260805,percent,gpr,2023-07-31,,2026-09-26,estimated,0
geopolitical_risk,jp,nation,2023-08,0.230555,percent,gpr,2023-08-31,,2026-09-26,estimated,0
geopolitical_risk,jp,nation,2023-09,0.272249,percent,gpr,2023-09-30,,2026-09-26,estimated,0
geopolitical_risk,jp,nation,2023-10,0.24482,percent,gpr,2023-10-31,,2026-09-26,estimated,0
geopolitical_risk,jp,nation,2023-11,0.319169,percent,gpr,2023-11-30,,2026-09-26,estimated,0
geopolitical_risk,jp,nation,2023-12,0.180227,percent,gpr,2023-12-31,,2026-09-26,estimated,0
geopolitical_risk,jp,nation,2024-01,0.250532,percent,gpr,2024-01-31,,2026-09-26,estimated,0
geopolitical_risk,jp,nation,2024-02,0.143951,percent,gpr,2024-02-29,,2026-09-26,estimated,0
geopolitical_risk,jp,nation,2024-03,0.141382,percent,gpr,2024-03-31,,2026-09-26,estimated,0
geopolitical_risk,jp,nation,2024-04,0.284792,percent,gpr,2024-04-30,,2026-09-26,estimated,0
geopolitical_risk,jp,nation,2024-05,0.177392,percent,gpr,2024-05-31,,2026-09-26,estimated,0
geopolitical_risk,jp,nation,2024-06,0.259954,percent,gpr,2024-06-30,,2026-09-26,estimated,0
geopolitical_risk,jp,nation,2024-07,0.160118,percent,gpr,2024-07-31,,2026-09-26,estimated,0
geopolitical_risk,jp,nation,2024-08,0.101279,percent,gpr,2024-08-31,,2026-09-26,estimated,0
geopolitical_risk,jp,nation,2024-09,0.208184,percent,gpr,2024-09-30,,2026-09-26,estimated,0
geopolitical_risk,jp,nation,2024-10,0.216397,percent,gpr,2024-10-31,,2026-09-26,estimated,0
geopolitical_risk,jp,nation,2024-11,0.195202,percent,gpr,2024-11-30,,2026-09-26,estimated,0
geopolitical_risk,jp,nation,2024-12,0.208638,percent,gpr,2024-12-31,,2026-09-26,estimated,0
geopolitical_risk,jp,nation,2025-01,0.137603,percent,gpr,2025-01-31,,2026-09-26,estimated,0
geopolitical_risk,jp,nation,2025-02,0.17512,percent,gpr,2025-02-28,,2026-09-26,estimated,0
geopolitical_risk,jp,nation,2025-03,0.296402,percent,gpr,2025-03-31,,2026-09-26,estimated,0
geopolitical_risk,jp,nation,2025-04,0.321543,percent,gpr,2025-04-30,,2026-09-26,estimated,0
geopolitical_risk,jp,nation,2025-05,0.16973,percent,gpr,2025-05-31,,2026-09-26,estimated,0
geopolitical_risk,jp,nation,2025-06,0.385404,percent,gpr,2025-06-30,,2026-09-26,estimated,0
geopolitical_risk,jp,nation,2025-07,0.307859,percent,gpr,2025-07-31,,2026-09-26,estimated,0
geopolitical_risk,jp,nation,2025-08,0.28133,percent,gpr,2025-08-31,,2026-09-26,estimated,0
geopolitical_risk,jp,nation,2025-09,0.189419,percent,gpr,2025-09-30,,2026-09-26,estimated,0
geopolitical_risk,jp,nation,2025-10,0.281461,percent,gpr,2025-10-31,,2026-09-26,estimated,0
geopolitical_risk,jp,nation,2025-11,0.157134,percent,gpr,2025-11-30,,2026-09-26,estimated,0
geopolitical_risk,jp,nation,2025-12,0.262295,percent,gpr,2025-12-31,,2026-09-26,estimated,0
geopolitical_risk,jp,nation,2026-01,0.323504,percent,gpr,2026-01-31,,2026-09-26,estimated,0
geopolitical_risk,jp,nation,2026-02,0.197902,percent,gpr,2026-02-28,,2026-09-26,estimated,0
geopolitical_risk,jp,nation,2026-03,0.944265,percent,gpr,2026-03-31,,2026-09-26,estimated,0
geopolitical_risk,jp,nation,2026-04,0.594611,percent,gpr,2026-04-30,,2026-09-26,estimated,0
geopolitical_risk,jp,nation,2026-05,0.422833,percent,gpr,2026-05-31,,2026-09-26,estimated,0
geopolitical_risk,jp,nation,2026-06,0.411805,percent,gpr,2026-06-30,,2026-09-26,estimated,0
geopolitical_risk,jp,nation,2026-07,0.328262,percent,gpr,2026-07-31,,2026-09-26,estimated,0
geopolitical_risk,jp,nation,2026-08,0.236746,percent,gpr,2026-08-31,,2026-09-26,estimated,0
geopolitical_risk,kr,nation,2015-01,0.117268,percent,gpr,2015-01-31,,2026-09-26,estimated,0
geopolitical_risk,kr,nation,2015-02,0.118591,percent,gpr,2015-02-28,,2026-09-26,estimated,0
geopolitical_risk,kr,nation,2015-03,0.107097,percent,gpr,2015-03-31,,2026-09-26,estimated,0
geopolitical_risk,kr,nation,2015-04,0.199804,percent,gpr,2015-04-30,,2026-09-26,estimated,0
geopolitical_risk,kr,nation,2015-05,0.128265,percent,gpr,2015-05-31,,2026-09-26,estimated,0
geopolitical_risk,kr,nation,2015-06,0.147237,percent,gpr,2015-06-30,,2026-09-26,estimated,0
geopolitical_risk,kr,nation,2015-07,0.112559,percent,gpr,2015-07-31,,2026-09-26,estimated,0
geopolitical_risk,kr,nation,2015-08,0.131939,percent,gpr,2015-08-31,,2026-09-26,estimated,0
geopolitical_risk,kr,nation,2015-09,0.121803,percent,gpr,2015-09-30,,2026-09-26,estimated,0
geopolitical_risk,kr,nation,2015-10,0.06488,percent,gpr,2015-10-31,,2026-09-26,estimated,0
geopolitical_risk,kr,nation,2015-11,0.114155,percent,gpr,2015-11-30,,2026-09-26,estimated,0
geopolitical_risk,kr,nation,2015-12,0.113122,percent,gpr,2015-12-31,,2026-09-26,estimated,0
geopolitical_risk,kr,nation,2016-01,0.477382,percent,gpr,2016-01-31,,2026-09-26,estimated,0
geopolitical_risk,kr,nation,2016-02,0.357178,percent,gpr,2016-02-29,,2026-09-26,estimated,0
geopolitical_risk,kr,nation,2016-03,0.425513,percent,gpr,2016-03-31,,2026-09-26,estimated,0
geopolitical_risk,kr,nation,2016-04,0.260259,percent,gpr,2016-04-30,,2026-09-26,estimated,0
geopolitical_risk,kr,nation,2016-05,0.250376,percent,gpr,2016-05-31,,2026-09-26,estimated,0
geopolitical_risk,kr,nation,2016-06,0.169916,percent,gpr,2016-06-30,,2026-09-26,estimated,0
geopolitical_risk,kr,nation,2016-07,0.265187,percent,gpr,2016-07-31,,2026-09-26,estimated,0
geopolitical_risk,kr,nation,2016-08,0.149886,percent,gpr,2016-08-31,,2026-09-26,estimated,0
geopolitical_risk,kr,nation,2016-09,0.443638,percent,gpr,2016-09-30,,2026-09-26,estimated,0
geopolitical_risk,kr,nation,2016-10,0.112889,percent,gpr,2016-10-31,,2026-09-26,estimated,0
geopolitical_risk,kr,nation,2016-11,0.241013,percent,gpr,2016-11-30,,2026-09-26,estimated,0
geopolitical_risk,kr,nation,2016-12,0.311309,percent,gpr,2016-12-31,,2026-09-26,estimated,0
geopolitical_risk,kr,nation,2017-01,0.339344,percent,gpr,2017-01-31,,2026-09-26,estimated,0
geopolitical_risk,kr,nation,2017-02,0.616808,percent,gpr,2017-02-28,,2026-09-26,estimated,0
geopolitical_risk,kr,nation,2017-03,0.572005,percent,gpr,2017-03-31,,2026-09-26,estimated,0
geopolitical_risk,kr,nation,2017-04,0.99296,percent,gpr,2017-04-30,,2026-09-26,estimated,0
geopolitical_risk,kr,nation,2017-05,0.751422,percent,gpr,2017-05-31,,2026-09-26,estimated,0
geopolitical_risk,kr,nation,2017-06,0.423117,percent,gpr,2017-06-30,,2026-09-26,estimated,0
geopolitical_risk,kr,nation,2017-07,1.059715,percent,gpr,2017-07-31,,2026-09-26,estimated,0
geopolitical_risk,kr,nation,2017-08,1.815851,percent,gpr,2017-08-31,,2026-09-26,estimated,0
geopolitical_risk,kr,nation,2017-09,1.612823,percent,gpr,2017-09-30,,2026-09-26,estimated,0
geopolitical_risk,kr,nation,2017-10,0.673647,percent,gpr,2017-10-31,,2026-09-26,estimated,0
geopolitical_risk,kr,nation,2017-11,0.77428,percent,gpr,2017-11-30,,2026-09-26,estimated,0
geopolitical_risk,kr,nation,2017-12,0.904688,percent,gpr,2017-12-31,,2026-09-26,estimated,0
geopolitical_risk,kr,nation,2018-01,0.715835,percent,gpr,2018-01-31,,2026-09-26,estimated,0
geopolitical_risk,kr,nation,2018-02,0.376639,percent,gpr,2018-02-28,,2026-09-26,estimated,0
geopolitical_risk,kr,nation,2018-03,0.977799,percent,gpr,2018-03-31,,2026-09-26,estimated,0
geopolitical_risk,kr,nation,2018-04,0.924286,percent,gpr,2018-04-30,,2026-09-26,estimated,0
geopolitical_risk,kr,nation,2018-05,1.319439,percent,gpr,2018-05-31,,2026-09-26,estimated,0
geopolitical_risk,kr,nation,2018-06,0.949981,percent,gpr,2018-06-30,,2026-09-26,estimated,0
geopolitical_risk,kr,nation,2018-07,0.666012,percent,gpr,2018-07-31,,2026-09-26,estimated,0
geopolitical_risk,kr,nation,2018-08,0.689748,percent,gpr,2018-08-31,,2026-09-26,estimated,0
geopolitical_risk,kr,nation,2018-09,0.390592,percent,gpr,2018-09-30,,2026-09-26,estimated,0
geopolitical_risk,kr,nation,2018-10,0.420168,percent,gpr,2018-10-31,,2026-09-26,estimated,0
geopolitical_risk,kr,nation,2018-11,0.347561,percent,gpr,2018-11-30,,2026-09-26,estimated,0
geopolitical_risk,kr,nation,2018-12,0.370805,percent,gpr,2018-12-31,,2026-09-26,estimated,0
geopolitical_risk,kr,nation,2019-01,0.458989,percent,gpr,2019-01-31,,2026-09-26,estimated,0
geopolitical_risk,kr,nation,2019-02,0.505146,percent,gpr,2019-02-28,,2026-09-26,estimated,0
geopolitical_risk,kr,nation,2019-03,0.554768,percent,gpr,2019-03-31,,2026-09-26,estimated,0
geopolitical_risk,kr,nation,2019-04,0.407378,percent,gpr,2019-04-30,,2026-09-26,estimated,0
geopolitical_risk,kr,nation,2019-05,0.550159,percent,gpr,2019-05-31,,2026-09-26,estimated,0
geopolitical_risk,kr,nation,2019-06,0.422815,percent,gpr,2019-06-30,,2026-09-26,estimated,0
geopolitical_risk,kr,nation,2019-07,0.3628,percent,gpr,2019-07-31,,2026-09-26,estimated,0
geopolitical_risk,kr,nation,2019-08,0.482258,percent,gpr,2019-08-31,,2026-09-26,estimated,0
geopolitical_risk,kr,nation,2019-09,0.327738,percent,gpr,2019-09-30,,2026-09-26,estimated,0
geopolitical_risk,kr,nation,2019-10,0.235433,percent,gpr,2019-10-31,,2026-09-26,estimated,0
geopolitical_risk,kr,nation,2019-11,0.171655,percent,gpr,2019-11-30,,2026-09-26,estimated,0
geopolitical_risk,kr,nation,2019-12,0.271818,percent,gpr,2019-12-31,,2026-09-26,estimated,0
geopolitical_risk,kr,nation,2020-01,0.388264,percent,gpr,2020-01-31,,2026-09-26,estimated,0
geopolitical_risk,kr,nation,2020-02,0.200624,percent,gpr,2020-02-29,,2026-09-26,estimated,0
geopolitical_risk,kr,nation,2020-03,0.265093,percent,gpr,2020-03-31,,2026-09-26,estimated,0
geopolitical_risk,kr,nation,2020-04,0.1207,percent,gpr,2020-04-30,,2026-09-26,estimated,0
geopolitical_risk,kr,nation,2020-05,0.193764,percent,gpr,2020-05-31,,2026-09-26,estimated,0
geopolitical_risk,kr,nation,2020-06,0.267626,percent,gpr,2020-06-30,,2026-09-26,estimated,0
geopolitical_risk,kr,nation,2020-07,0.27454,percent,gpr,2020-07-31,,2026-09-26,estimated,0
geopolitical_risk,kr,nation,2020-08,0.17365,percent,gpr,2020-08-31,,2026-09-26,estimated,0
geopolitical_risk,kr,nation,2020-09,0.197168,percent,gpr,2020-09-30,,2026-09-26,estimated,0
geopolitical_risk,kr,nation,2020-10,0.130763,percent,gpr,2020-10-31,,2026-09-26,estimated,0
geopolitical_risk,kr,nation,2020-11,0.137659,percent,gpr,2020-11-30,,2026-09-26,estimated,0
geopolitical_risk,kr,nation,2020-12,0.188857,percent,gpr,2020-12-31,,2026-09-26,estimated,0
geopolitical_risk,kr,nation,2021-01,0.27865,percent,gpr,2021-01-31,,2026-09-26,estimated,0
geopolitical_risk,kr,nation,2021-02,0.178813,percent,gpr,2021-02-28,,2026-09-26,estimated,0
geopolitical_risk,kr,nation,2021-03,0.331878,percent,gpr,2021-03-31,,2026-09-26,estimated,0
geopolitical_risk,kr,nation,2021-04,0.190884,percent,gpr,2021-04-30,,2026-09-26,estimated,0
geopolitical_risk,kr,nation,2021-05,0.258973,percent,gpr,2021-05-31,,2026-09-26,estimated,0
geopolitical_risk,kr,nation,2021-06,0.204233,percent,gpr,2021-06-30,,2026-09-26,estimated,0
geopolitical_risk,kr,nation,2021-07,0.17926,percent,gpr,2021-07-31,,2026-09-26,estimated,0
geopolitical_risk,kr,nation,2021-08,0.193097,percent,gpr,2021-08-31,,2026-09-26,estimated,0
geopolitical_risk,kr,nation,2021-09,0.271536,percent,gpr,2021-09-30,,2026-09-26,estimated,0
geopolitical_risk,kr,nation,2021-10,0.20164,percent,gpr,2021-10-31,,2026-09-26,estimated,0
geopolitical_risk,kr,nation,2021-11,0.170576,percent,gpr,2021-11-30,,2026-09-26,estimated,0
geopolitical_risk,kr,nation,2021-12,0.162923,percent,gpr,2021-12-31,,2026-09-26,estimated,0
geopolitical_risk,kr,nation,2022-01,0.334497,percent,gpr,2022-01-31,,2026-09-26,estimated,0
geopolitical_risk,kr,nation,2022-02,0.317125,percent,gpr,2022-02-28,,2026-09-26,estimated,0
geopolitical_risk,kr,nation,2022-03,0.717381,percent,gpr,2022-03-31,,2026-09-26,estimated,0
geopolitical_risk,kr,nation,2022-04,0.303278,percent,gpr,2022-04-30,,2026-09-26,estimated,0
geopolitical_risk,kr,nation,2022-05,0.418765,percent,gpr,2022-05-31,,2026-09-26,estimated,0
geopolitical_risk,kr,nation,2022-06,0.288439,percent,gpr,2022-06-30,,2026-09-26,estimated,0
geopolitical_risk,kr,nation,2022-07,0.197514,percent,gpr,2022-07-31,,2026-09-26,estimated,0
geopolitical_risk,kr,nation,2022-08,0.307911,percent,gpr,2022-08-31,,2026-09-26,estimated,0
geopolitical_risk,kr,nation,2022-09,0.430044,percent,gpr,2022-09-30,,2026-09-26,estimated,0
geopolitical_risk,kr,nation,2022-10,0.420311,percent,gpr,2022-10-31,,2026-09-26,estimated,0
geopolitical_risk,kr,nation,2022-11,0.370603,percent,gpr,2022-11-30,,2026-09-26,estimated,0
geopolitical_risk,kr,nation,2022-12,0.241771,percent,gpr,2022-12-31,,2026-09-26,estimated,0
geopolitical_risk,kr,nation,2023-01,0.290624,percent,gpr,2023-01-31,,2026-09-26,estimated,0
geopolitical_risk,kr,nation,2023-02,0.333556,percent,gpr,2023-02-28,,2026-09-26,estimated,0
geopolitical_risk,kr,nation,2023-03,0.359712,percent,gpr,2023-03-31,,2026-09-26,estimated,0
geopolitical_risk,kr,nation,2023-04,0.36965,percent,gpr,2023-04-30,,2026-09-26,estimated,0
geopolitical_risk,kr,nation,2023-05,0.296862,percent,gpr,2023-05-31,,2026-09-26,estimated,0
geopolitical_risk,kr,nation,2023-06,0.293596,percent,gpr,2023-06-30,,2026-09-26,estimated,0
geopolitical_risk,kr,nation,2023-07,0.384998,percent,gpr,2023-07-31,,2026-09-26,estimated,0
geopolitical_risk,kr,nation,2023-08,0.248756,percent,gpr,2023-08-31,,2026-09-26,estimated,0
geopolitical_risk,kr,nation,2023-09,0.502148,percent,gpr,2023-09-30,,2026-09-26,estimated,0
geopolitical_risk,kr,nation,2023-10,0.268705,percent,gpr,2023-10-31,,2026-09-26,estimated,0
geopolitical_risk,kr,nation,2023-11,0.275361,percent,gpr,2023-11-30,,2026-09-26,estimated,0
geopolitical_risk,kr,nation,2023-12,0.15448,percent,gpr,2023-12-31,,2026-09-26,estimated,0
geopolitical_risk,kr,nation,2024-01,0.344482,percent,gpr,2024-01-31,,2026-09-26,estimated,0
geopolitical_risk,kr,nation,2024-02,0.157037,percent,gpr,2024-02-29,,2026-09-26,estimated,0
geopolitical_risk,kr,nation,2024-03,0.27047,percent,gpr,2024-03-31,,2026-09-26,estimated,0
geopolitical_risk,kr,nation,2024-04,0.265806,percent,gpr,2024-04-30,,2026-09-26,estimated,0
geopolitical_risk,kr,nation,2024-05,0.263029,percent,gpr,2024-05-31,,2026-09-26,estimated,0
geopolitical_risk,kr,nation,2024-06,0.342379,percent,gpr,2024-06-30,,2026-09-26,estimated,0
geopolitical_risk,kr,nation,2024-07,0.19091,percent,gpr,2024-07-31,,2026-09-26,estimated,0
geopolitical_risk,kr,nation,2024-08,0.170908,percent,gpr,2024-08-31,,2026-09-26,estimated,0
geopolitical_risk,kr,nation,2024-09,0.273242,percent,gpr,2024-09-30,,2026-09-26,estimated,0
geopolitical_risk,kr,nation,2024-10,0.395697,percent,gpr,2024-10-31,,2026-09-26,estimated,0
geopolitical_risk,kr,nation,2024-11,0.850072,percent,gpr,2024-11-30,,2026-09-26,estimated,0
geopolitical_risk,kr,nation,2024-12,0.535503,percent,gpr,2024-12-31,,2026-09-26,estimated,0
geopolitical_risk,kr,nation,2025-01,0.350263,percent,gpr,2025-01-31,,2026-09-26,estimated,0
geopolitical_risk,kr,nation,2025-02,0.330033,percent,gpr,2025-02-28,,2026-09-26,estimated,0
geopolitical_risk,kr,nation,2025-03,0.385322,percent,gpr,2025-03-31,,2026-09-26,estimated,0
geopolitical_risk,kr,nation,2025-04,0.315477,percent,gpr,2025-04-30,,2026-09-26,estimated,0
geopolitical_risk,kr,nation,2025-05,0.316048,percent,gpr,2025-05-31,,2026-09-26,estimated,0
geopolitical_risk,kr,nation,2025-06,0.422702,percent,gpr,2025-06-30,,2026-09-26,estimated,0
geopolitical_risk,kr,nation,2025-07,0.350115,percent,gpr,2025-07-31,,2026-09-26,estimated,0
geopolitical_risk,kr,nation,2025-08,0.268542,percent,gpr,2025-08-31,,2026-09-26,estimated,0
geopolitical_risk,kr,nation,2025-09,0.241672,percent,gpr,2025-09-30,,2026-09-26,estimated,0
geopolitical_risk,kr,nation,2025-10,0.325244,percent,gpr,2025-10-31,,2026-09-26,estimated,0
geopolitical_risk,kr,nation,2025-11,0.201131,percent,gpr,2025-11-30,,2026-09-26,estimated,0
geopolitical_risk,kr,nation,2025-12,0.203279,percent,gpr,2025-12-31,,2026-09-26,estimated,0
geopolitical_risk,kr,nation,2026-01,0.211522,percent,gpr,2026-01-31,,2026-09-26,estimated,0
geopolitical_risk,kr,nation,2026-02,0.230886,percent,gpr,2026-02-28,,2026-09-26,estimated,0
geopolitical_risk,kr,nation,2026-03,0.783049,percent,gpr,2026-03-31,,2026-09-26,estimated,0
geopolitical_risk,kr,nation,2026-04,0.532673,percent,gpr,2026-04-30,,2026-09-26,estimated,0
geopolitical_risk,kr,nation,2026-05,0.621813,percent,gpr,2026-05-31,,2026-09-26,estimated,0
geopolitical_risk,kr,nation,2026-06,0.330692,percent,gpr,2026-06-30,,2026-09-26,estimated,0
geopolitical_risk,kr,nation,2026-07,0.321949,percent,gpr,2026-07-31,,2026-09-26,estimated,0
geopolitical_risk,kr,nation,2026-08,0.358706,percent,gpr,2026-08-31,,2026-09-26,estimated,0
geopolitical_risk,mx,nation,2015-01,0.054446,percent,gpr,2015-01-31,,2026-09-26,estimated,0
geopolitical_risk,mx,nation,2015-02,0.03649,percent,gpr,2015-02-28,,2026-09-26,estimated,0
geopolitical_risk,mx,nation,2015-03,0.037072,percent,gpr,2015-03-31,,2026-09-26,estimated,0
geopolitical_risk,mx,nation,2015-04,0.051014,percent,gpr,2015-04-30,,2026-09-26,estimated,0
geopolitical_risk,mx,nation,2015-05,0.059857,percent,gpr,2015-05-31,,2026-09-26,estimated,0
geopolitical_risk,mx,nation,2015-06,0.038975,percent,gpr,2015-06-30,,2026-09-26,estimated,0
geopolitical_risk,mx,nation,2015-07,0.095242,percent,gpr,2015-07-31,,2026-09-26,estimated,0
geopolitical_risk,mx,nation,2015-08,0.032985,percent,gpr,2015-08-31,,2026-09-26,estimated,0
geopolitical_risk,mx,nation,2015-09,0.091352,percent,gpr,2015-09-30,,2026-09-26,estimated,0
geopolitical_risk,mx,nation,2015-10,0.01622,percent,gpr,2015-10-31,,2026-09-26,estimated,0
geopolitical_risk,mx,nation,2015-11,0.136986,percent,gpr,2015-11-30,,2026-09-26,estimated,0
geopolitical_risk,mx,nation,2015-12,0.132796,percent,gpr,2015-12-31,,2026-09-26,estimated,0
geopolitical_risk,mx,nation,2016-01,0.074156,percent,gpr,2016-01-31,,2026-09-26,estimated,0
geopolitical_risk,mx,nation,2016-02,0.107643,percent,gpr,2016-02-29,,2026-09-26,estimated,0
geopolitical_risk,mx,nation,2016-03,0.176542,percent,gpr,2016-03-31,,2026-09-26,estimated,0
geopolitical_risk,mx,nation,2016-04,0.083655,percent,gpr,2016-04-30,,2026-09-26,estimated,0
geopolitical_risk,mx,nation,2016-05,0.10015,percent,gpr,2016-05-31,,2026-09-26,estimated,0
geopolitical_risk,mx,nation,2016-06,0.070798,percent,gpr,2016-06-30,,2026-09-26,estimated,0
geopolitical_risk,mx,nation,2016-07,0.078574,percent,gpr,2016-07-31,,2026-09-26,estimated,0
geopolitical_risk,mx,nation,2016-08,0.051685,percent,gpr,2016-08-31,,2026-09-26,estimated,0
geopolitical_risk,mx,nation,2016-09,0.15124,percent,gpr,2016-09-30,,2026-09-26,estimated,0
geopolitical_risk,mx,nation,2016-10,0.107981,percent,gpr,2016-10-31,,2026-09-26,estimated,0
geopolitical_risk,mx,nation,2016-11,0.179478,percent,gpr,2016-11-30,,2026-09-26,estimated,0
geopolitical_risk,mx,nation,2016-12,0.107348,percent,gpr,2016-12-31,,2026-09-26,estimated,0
geopolitical_risk,mx,nation,2017-01,0.212723,percent,gpr,2017-01-31,,2026-09-26,estimated,0
geopolitical_risk,mx,nation,2017-02,0.286375,percent,gpr,2017-02-28,,2026-09-26,estimated,0
geopolitical_risk,mx,nation,2017-03,0.115362,percent,gpr,2017-03-31,,2026-09-26,estimated,0
geopolitical_risk,mx,nation,2017-04,0.078806,percent,gpr,2017-04-30,,2026-09-26,estimated,0
geopolitical_risk,mx,nation,2017-05,0.091389,percent,gpr,2017-05-31,,2026-09-26,estimated,0
geopolitical_risk,mx,nation,2017-06,0.113519,percent,gpr,2017-06-30,,2026-09-26,estimated,0
geopolitical_risk,mx,nation,2017-07,0.132464,percent,gpr,2017-07-31,,2026-09-26,estimated,0
geopolitical_risk,mx,nation,2017-08,0.1442,percent,gpr,2017-08-31,,2026-09-26,estimated,0
geopolitical_risk,mx,nation,2017-09,0.159784,percent,gpr,2017-09-30,,2026-09-26,estimated,0
geopolitical_risk,mx,nation,2017-10,0.133918,percent,gpr,2017-10-31,,2026-09-26,estimated,0
geopolitical_risk,mx,nation,2017-11,0.046289,percent,gpr,2017-11-30,,2026-09-26,estimated,0
geopolitical_risk,mx,nation,2017-12,0.086813,percent,gpr,2017-12-31,,2026-09-26,estimated,0
geopolitical_risk,mx,nation,2018-01,0.091106,percent,gpr,2018-01-31,,2026-09-26,estimated,0
geopolitical_risk,mx,nation,2018-02,0.046499,percent,gpr,2018-02-28,,2026-09-26,estimated,0
geopolitical_risk,mx,nation,2018-03,0.16831,percent,gpr,2018-03-31,,2026-09-26,estimated,0
geopolitical_risk,mx,nation,2018-04,0.120935,percent,gpr,2018-04-30,,2026-09-26,estimated,0
geopolitical_risk,mx,nation,2018-05,0.105051,percent,gpr,2018-05-31,,2026-09-26,estimated,0
geopolitical_risk,mx,nation,2018-06,0.289125,percent,gpr,2018-06-30,,2026-09-26,estimated,0
geopolitical_risk,mx,nation,2018-07,0.106733,percent,gpr,2018-07-31,,2026-09-26,estimated,0
geopolitical_risk,mx,nation,2018-08,0.147803,percent,gpr,2018-08-31,,2026-09-26,estimated,0
geopolitical_risk,mx,nation,2018-09,0.083998,percent,gpr,2018-09-30,,2026-09-26,estimated,0
geopolitical_risk,mx,nation,2018-10,0.193607,percent,gpr,2018-10-31,,2026-09-26,estimated,0
geopolitical_risk,mx,nation,2018-11,0.144111,percent,gpr,2018-11-30,,2026-09-26,estimated,0
geopolitical_risk,mx,nation,2018-12,0.159587,percent,gpr,2018-12-31,,2026-09-26,estimated,0
geopolitical_risk,mx,nation,2019-01,0.182745,percent,gpr,2019-01-31,,2026-09-26,estimated,0
geopolitical_risk,mx,nation,2019-02,0.236049,percent,gpr,2019-02-28,,2026-09-26,estimated,0
geopolitical_risk,mx,nation,2019-03,0.083424,percent,gpr,2019-03-31,,2026-09-26,estimated,0
geopolitical_risk,mx,nation,2019-04,0.125347,percent,gpr,2019-04-30,,2026-09-26,estimated,0
geopolitical_risk,mx,nation,2019-05,0.098857,percent,gpr,2019-05-31,,2026-09-26,estimated,0
geopolitical_risk,mx,nation,2019-06,0.345155,percent,gpr,2019-06-30,,2026-09-26,estimated,0
geopolitical_risk,mx,nation,2019-07,0.101761,percent,gpr,2019-07-31,,2026-09-26,estimated,0
geopolitical_risk,mx,nation,2019-08,0.132732,percent,gpr,2019-08-31,,2026-09-26,estimated,0
geopolitical_risk,mx,nation,2019-09,0.070862,percent,gpr,2019-09-30,,2026-09-26,estimated,0
geopolitical_risk,mx,nation,2019-10,0.092491,percent,gpr,2019-10-31,,2026-09-26,estimated,0
geopolitical_risk,mx,nation,2019-11,0.180458,percent,gpr,2019-11-30,,2026-09-26,estimated,0
geopolitical_risk,mx,nation,2019-12,0.077662,percent,gpr,2019-12-31,,2026-09-26,estimated,0
geopolitical_risk,mx,nation,2020-01,0.061769,percent,gpr,2020-01-31,,2026-09-26,estimated,0
geopolitical_risk,mx,nation,2020-02,0.040125,percent,gpr,2020-02-29,,2026-09-26,estimated,0
geopolitical_risk,mx,nation,2020-03,0.141098,percent,gpr,2020-03-31,,2026-09-26,estimated,0
geopolitical_risk,mx,nation,2020-04,0.129985,percent,gpr,2020-04-30,,2026-09-26,estimated,0
geopolitical_risk,mx,nation,2020-05,0.063086,percent,gpr,2020-05-31,,2026-09-26,estimated,0
geopolitical_risk,mx,nation,2020-06,0.087671,percent,gpr,2020-06-30,,2026-09-26,estimated,0
geopolitical_risk,mx,nation,2020-07,0.063009,percent,gpr,2020-07-31,,2026-09-26,estimated,0
geopolitical_risk,mx,nation,2020-08,0.089051,percent,gpr,2020-08-31,,2026-09-26,estimated,0
geopolitical_risk,mx,nation,2020-09,0.067216,percent,gpr,2020-09-30,,2026-09-26,estimated,0
geopolitical_risk,mx,nation,2020-10,0.088581,percent,gpr,2020-10-31,,2026-09-26,estimated,0
geopolitical_risk,mx,nation,2020-11,0.091773,percent,gpr,2020-11-30,,2026-09-26,estimated,0
geopolitical_risk,mx,nation,2020-12,0.023607,percent,gpr,2020-12-31,,2026-09-26,estimated,0
geopolitical_risk,mx,nation,2021-01,0.070768,percent,gpr,2021-01-31,,2026-09-26,estimated,0
geopolitical_risk,mx,nation,2021-02,0.082157,percent,gpr,2021-02-28,,2026-09-26,estimated,0
geopolitical_risk,mx,nation,2021-03,0.069869,percent,gpr,2021-03-31,,2026-09-26,estimated,0
geopolitical_risk,mx,nation,2021-04,0.046557,percent,gpr,2021-04-30,,2026-09-26,estimated,0
geopolitical_risk,mx,nation,2021-05,0.049977,percent,gpr,2021-05-31,,2026-09-26,estimated,0
geopolitical_risk,mx,nation,2021-06,0.037133,percent,gpr,2021-06-30,,2026-09-26,estimated,0
geopolitical_risk,mx,nation,2021-07,0.053778,percent,gpr,2021-07-31,,2026-09-26,estimated,0
geopolitical_risk,mx,nation,2021-08,0.057929,percent,gpr,2021-08-31,,2026-09-26,estimated,0
geopolitical_risk,mx,nation,2021-09,0.08427,percent,gpr,2021-09-30,,2026-09-26,estimated,0
geopolitical_risk,mx,nation,2021-10,0.053771,percent,gpr,2021-10-31,,2026-09-26,estimated,0
geopolitical_risk,mx,nation,2021-11,0.066335,percent,gpr,2021-11-30,,2026-09-26,estimated,0
geopolitical_risk,mx,nation,2021-12,0.059245,percent,gpr,2021-12-31,,2026-09-26,estimated,0
geopolitical_risk,mx,nation,2022-01,0.077564,percent,gpr,2022-01-31,,2026-09-26,estimated,0
geopolitical_risk,mx,nation,2022-02,0.045304,percent,gpr,2022-02-28,,2026-09-26,estimated,0
geopolitical_risk,mx,nation,2022-03,0.105922,percent,gpr,2022-03-31,,2026-09-26,estimated,0
geopolitical_risk,mx,nation,2022-04,0.151639,percent,gpr,2022-04-30,,2026-09-26,estimated,0
geopolitical_risk,mx,nation,2022-05,0.101862,percent,gpr,2022-05-31,,2026-09-26,estimated,0
geopolitical_risk,mx,nation,2022-06,0.070638,percent,gpr,2022-06-30,,2026-09-26,estimated,0
geopolitical_risk,mx,nation,2022-07,0.052283,percent,gpr,2022-07-31,,2026-09-26,estimated,0
geopolitical_risk,mx,nation,2022-08,0.076978,percent,gpr,2022-08-31,,2026-09-26,estimated,0
geopolitical_risk,mx,nation,2022-09,0.070692,percent,gpr,2022-09-30,,2026-09-26,estimated,0
geopolitical_risk,mx,nation,2022-10,0.079518,percent,gpr,2022-10-31,,2026-09-26,estimated,0
geopolitical_risk,mx,nation,2022-11,0.051314,percent,gpr,2022-11-30,,2026-09-26,estimated,0
geopolitical_risk,mx,nation,2022-12,0.086789,percent,gpr,2022-12-31,,2026-09-26,estimated,0
geopolitical_risk,mx,nation,2023-01,0.145312,percent,gpr,2023-01-31,,2026-09-26,estimated,0
geopolitical_risk,mx,nation,2023-02,0.080053,percent,gpr,2023-02-28,,2026-09-26,estimated,0
geopolitical_risk,mx,nation,2023-03,0.064866,percent,gpr,2023-03-31,,2026-09-26,estimated,0
geopolitical_risk,mx,nation,2023-04,0.051881,percent,gpr,2023-04-30,,2026-09-26,estimated,0
geopolitical_risk,mx,nation,2023-05,0.078759,percent,gpr,2023-05-31,,2026-09-26,estimated,0
geopolitical_risk,mx,nation,2023-06,0.048933,percent,gpr,2023-06-30,,2026-09-26,estimated,0
geopolitical_risk,mx,nation,2023-07,0.130402,percent,gpr,2023-07-31,,2026-09-26,estimated,0
geopolitical_risk,mx,nation,2023-08,0.066739,percent,gpr,2023-08-31,,2026-09-26,estimated,0
geopolitical_risk,mx,nation,2023-09,0.09075,percent,gpr,2023-09-30,,2026-09-26,estimated,0
geopolitical_risk,mx,nation,2023-10,0.155252,percent,gpr,2023-10-31,,2026-09-26,estimated,0
geopolitical_risk,mx,nation,2023-11,0.081357,percent,gpr,2023-11-30,,2026-09-26,estimated,0
geopolitical_risk,mx,nation,2023-12,0.11586,percent,gpr,2023-12-31,,2026-09-26,estimated,0
geopolitical_risk,mx,nation,2024-01,0.144056,percent,gpr,2024-01-31,,2026-09-26,estimated,0
geopolitical_risk,mx,nation,2024-02,0.176667,percent,gpr,2024-02-29,,2026-09-26,estimated,0
geopolitical_risk,mx,nation,2024-03,0.129088,percent,gpr,2024-03-31,,2026-09-26,estimated,0
geopolitical_risk,mx,nation,2024-04,0.126574,percent,gpr,2024-04-30,,2026-09-26,estimated,0
geopolitical_risk,mx,nation,2024-05,0.06117,percent,gpr,2024-05-31,,2026-09-26,estimated,0
geopolitical_risk,mx,nation,2024-06,0.063404,percent,gpr,2024-06-30,,2026-09-26,estimated,0
geopolitical_risk,mx,nation,2024-07,0.043109,percent,gpr,2024-07-31,,2026-09-26,estimated,0
geopolitical_risk,mx,nation,2024-08,0.120268,percent,gpr,2024-08-31,,2026-09-26,estimated,0
geopolitical_risk,mx,nation,2024-09,0.097586,percent,gpr,2024-09-30,,2026-09-26,estimated,0
geopolitical_risk,mx,nation,2024-10,0.129838,percent,gpr,2024-10-31,,2026-09-26,estimated,0
geopolitical_risk,mx,nation,2024-11,0.151124,percent,gpr,2024-11-30,,2026-09-26,estimated,0
geopolitical_risk,mx,nation,2024-12,0.159955,percent,gpr,2024-12-31,,2026-09-26,estimated,0
geopolitical_risk,mx,nation,2025-01,0.344008,percent,gpr,2025-01-31,,2026-09-26,estimated,0
geopolitical_risk,mx,nation,2025-02,0.458005,percent,gpr,2025-02-28,,2026-09-26,estimated,0
geopolitical_risk,mx,nation,2025-03,0.432746,percent,gpr,2025-03-31,,2026-09-26,estimated,0
geopolitical_risk,mx,nation,2025-04,0.224474,percent,gpr,2025-04-30,,2026-09-26,estimated,0
geopolitical_risk,mx,nation,2025-05,0.187288,percent,gpr,2025-05-31,,2026-09-26,estimated,0
geopolitical_risk,mx,nation,2025-06,0.198918,percent,gpr,2025-06-30,,2026-09-26,estimated,0
geopolitical_risk,mx,nation,2025-07,0.10262,percent,gpr,2025-07-31,,2026-09-26,estimated,0
geopolitical_risk,mx,nation,2025-08,0.102302,percent,gpr,2025-08-31,,2026-09-26,estimated,0
geopolitical_risk,mx,nation,2025-09,0.189419,percent,gpr,2025-09-30,,2026-09-26,estimated,0
geopolitical_risk,mx,nation,2025-10,0.287716,percent,gpr,2025-10-31,,2026-09-26,estimated,0
geopolitical_risk,mx,nation,2025-11,0.232558,percent,gpr,2025-11-30,,2026-09-26,estimated,0
geopolitical_risk,mx,nation,2025-12,0.098361,percent,gpr,2025-12-31,,2026-09-26,estimated,0
geopolitical_risk,mx,nation,2026-01,0.335946,percent,gpr,2026-01-31,,2026-09-26,estimated,0
geopolitical_risk,mx,nation,2026-02,0.277063,percent,gpr,2026-02-28,,2026-09-26,estimated,0
geopolitical_risk,mx,nation,2026-03,0.247582,percent,gpr,2026-03-31,,2026-09-26,estimated,0
geopolitical_risk,mx,nation,2026-04,0.154847,percent,gpr,2026-04-30,,2026-09-26,estimated,0
geopolitical_risk,mx,nation,2026-05,0.261162,percent,gpr,2026-05-31,,2026-09-26,estimated,0
geopolitical_risk,mx,nation,2026-06,0.11231,percent,gpr,2026-06-30,,2026-09-26,estimated,0
geopolitical_risk,mx,nation,2026-07,0.107316,percent,gpr,2026-07-31,,2026-09-26,estimated,0
geopolitical_risk,mx,nation,2026-08,0.150656,percent,gpr,2026-08-31,,2026-09-26,estimated,0
geopolitical_risk,nl,nation,2015-01,0.058634,percent,gpr,2015-01-31,,2026-09-26,estimated,0
geopolitical_risk,nl,nation,2015-02,0.027367,percent,gpr,2015-02-28,,2026-09-26,estimated,0
geopolitical_risk,nl,nation,2015-03,0.04531,percent,gpr,2015-03-31,,2026-09-26,estimated,0
geopolitical_risk,nl,nation,2015-04,0.051014,percent,gpr,2015-04-30,,2026-09-26,estimated,0
geopolitical_risk,nl,nation,2015-05,0.03848,percent,gpr,2015-05-31,,2026-09-26,estimated,0
geopolitical_risk,nl,nation,2015-06,0.051966,percent,gpr,2015-06-30,,2026-09-26,estimated,0
geopolitical_risk,nl,nation,2015-07,0.060609,percent,gpr,2015-07-31,,2026-09-26,estimated,0
geopolitical_risk,nl,nation,2015-08,0.122514,percent,gpr,2015-08-31,,2026-09-26,estimated,0
geopolitical_risk,nl,nation,2015-09,0.082652,percent,gpr,2015-09-30,,2026-09-26,estimated,0
geopolitical_risk,nl,nation,2015-10,0.04866,percent,gpr,2015-10-31,,2026-09-26,estimated,0
geopolitical_risk,nl,nation,2015-11,0.187215,percent,gpr,2015-11-30,,2026-09-26,estimated,0
geopolitical_risk,nl,nation,2015-12,0.073775,percent,gpr,2015-12-31,,2026-09-26,estimated,0
geopolitical_risk,nl,nation,2016-01,0.092696,percent,gpr,2016-01-31,,2026-09-26,estimated,0
geopolitical_risk,nl,nation,2016-02,0.063607,percent,gpr,2016-02-29,,2026-09-26,estimated,0
geopolitical_risk,nl,nation,2016-03,0.190123,percent,gpr,2016-03-31,,2026-09-26,estimated,0
geopolitical_risk,nl,nation,2016-04,0.079007,percent,gpr,2016-04-30,,2026-09-26,estimated,0
geopolitical_risk,nl,nation,2016-05,0.063732,percent,gpr,2016-05-31,,2026-09-26,estimated,0
geopolitical_risk,nl,nation,2016-06,0.080238,percent,gpr,2016-06-30,,2026-09-26,estimated,0
geopolitical_risk,nl,nation,2016-07,0.108039,percent,gpr,2016-07-31,,2026-09-26,estimated,0
geopolitical_risk,nl,nation,2016-08,0.072359,percent,gpr,2016-08-31,,2026-09-26,estimated,0
geopolitical_risk,nl,nation,2016-09,0.085703,percent,gpr,2016-09-30,,2026-09-26,estimated,0
geopolitical_risk,nl,nation,2016-10,0.073623,percent,gpr,2016-10-31,,2026-09-26,estimated,0
geopolitical_risk,nl,nation,2016-11,0.061535,percent,gpr,2016-11-30,,2026-09-26,estimated,0
geopolitical_risk,nl,nation,2016-12,0.085878,percent,gpr,2016-12-31,,2026-09-26,estimated,0
geopolitical_risk,nl,nation,2017-01,0.075972,percent,gpr,2017-01-31,,2026-09-26,estimated,0
geopolitical_risk,nl,nation,2017-02,0.093623,percent,gpr,2017-02-28,,2026-09-26,estimated,0
geopolitical_risk,nl,nation,2017-03,0.115362,percent,gpr,2017-03-31,,2026-09-26,estimated,0
geopolitical_risk,nl,nation,2017-04,0.099821,percent,gpr,2017-04-30,,2026-09-26,estimated,0
geopolitical_risk,nl,nation,2017-05,0.086312,percent,gpr,2017-05-31,,2026-09-26,estimated,0
geopolitical_risk,nl,nation,2017-06,0.067079,percent,gpr,2017-06-30,,2026-09-26,estimated,0
geopolitical_risk,nl,nation,2017-07,0.047687,percent,gpr,2017-07-31,,2026-09-26,estimated,0
geopolitical_risk,nl,nation,2017-08,0.053407,percent,gpr,2017-08-31,,2026-09-26,estimated,0
geopolitical_risk,nl,nation,2017-09,0.079892,percent,gpr,2017-09-30,,2026-09-26,estimated,0
geopolitical_risk,nl,nation,2017-10,0.052755,percent,gpr,2017-10-31,,2026-09-26,estimated,0
geopolitical_risk,nl,nation,2017-11,0.088369,percent,gpr,2017-11-30,,2026-09-26,estimated,0
geopolitical_risk,nl,nation,2017-12,0.05483,percent,gpr,2017-12-31,,2026-09-26,estimated,0
geopolitical_risk,nl,nation,2018-01,0.086768,percent,gpr,2018-01-31,,2026-09-26,estimated,0
geopolitical_risk,nl,nation,2018-02,0.027899,percent,gpr,2018-02-28,,2026-09-26,estimated,0
geopolitical_risk,nl,nation,2018-03,0.068125,percent,gpr,2018-03-31,,2026-09-26,estimated,0
geopolitical_risk,nl,nation,2018-04,0.034553,percent,gpr,2018-04-30,,2026-09-26,estimated,0
geopolitical_risk,nl,nation,2018-05,0.109253,percent,gpr,2018-05-31,,2026-09-26,estimated,0
geopolitical_risk,nl,nation,2018-06,0.066086,percent,gpr,2018-06-30,,2026-09-26,estimated,0
geopolitical_risk,nl,nation,2018-07,0.046962,percent,gpr,2018-07-31,,2026-09-26,estimated,0
geopolitical_risk,nl,nation,2018-08,0.098535,percent,gpr,2018-08-31,,2026-09-26,estimated,0
geopolitical_risk,nl,nation,2018-09,0.067199,percent,gpr,2018-09-30,,2026-09-26,estimated,0
geopolitical_risk,nl,nation,2018-10,0.107102,percent,gpr,2018-10-31,,2026-09-26,estimated,0
geopolitical_risk,nl,nation,2018-11,0.05934,percent,gpr,2018-11-30,,2026-09-26,estimated,0
geopolitical_risk,nl,nation,2018-12,0.070406,percent,gpr,2018-12-31,,2026-09-26,estimated,0
geopolitical_risk,nl,nation,2019-01,0.114747,percent,gpr,2019-01-31,,2026-09-26,estimated,0
geopolitical_risk,nl,nation,2019-02,0.151072,percent,gpr,2019-02-28,,2026-09-26,estimated,0
geopolitical_risk,nl,nation,2019-03,0.108451,percent,gpr,2019-03-31,,2026-09-26,estimated,0
geopolitical_risk,nl,nation,2019-04,0.049243,percent,gpr,2019-04-30,,2026-09-26,estimated,0
geopolitical_risk,nl,nation,2019-05,0.073068,percent,gpr,2019-05-31,,2026-09-26,estimated,0
geopolitical_risk,nl,nation,2019-06,0.07766,percent,gpr,2019-06-30,,2026-09-26,estimated,0
geopolitical_risk,nl,nation,2019-07,0.035395,percent,gpr,2019-07-31,,2026-09-26,estimated,0
geopolitical_risk,nl,nation,2019-08,0.030971,percent,gpr,2019-08-31,,2026-09-26,estimated,0
geopolitical_risk,nl,nation,2019-09,0.093007,percent,gpr,2019-09-30,,2026-09-26,estimated,0
geopolitical_risk,nl,nation,2019-10,0.054654,percent,gpr,2019-10-31,,2026-09-26,estimated,0
geopolitical_risk,nl,nation,2019-11,0.057218,percent,gpr,2019-11-30,,2026-09-26,estimated,0
geopolitical_risk,nl,nation,2019-12,0.08737,percent,gpr,2019-12-31,,2026-09-26,estimated,0
geopolitical_risk,nl,nation,2020-01,0.167659,percent,gpr,2020-01-31,,2026-09-26,estimated,0
geopolitical_risk,nl,nation,2020-02,0.057958,percent,gpr,2020-02-29,,2026-09-26,estimated,0
geopolitical_risk,nl,nation,2020-03,0.111168,percent,gpr,2020-03-31,,2026-09-26,estimated,0
geopolitical_risk,nl,nation,2020-04,0.055708,percent,gpr,2020-04-30,,2026-09-26,estimated,0
geopolitical_risk,nl,nation,2020-05,0.054074,percent,gpr,2020-05-31,,2026-09-26,estimated,0
geopolitical_risk,nl,nation,2020-06,0.050757,percent,gpr,2020-06-30,,2026-09-26,estimated,0
geopolitical_risk,nl,nation,2020-07,0.040506,percent,gpr,2020-07-31,,2026-09-26,estimated,0
geopolitical_risk,nl,nation,2020-08,0.084599,percent,gpr,2020-08-31,,2026-09-26,estimated,0
geopolitical_risk,nl,nation,2020-09,0.147876,percent,gpr,2020-09-30,,2026-09-26,estimated,0
geopolitical_risk,nl,nation,2020-10,0.050618,percent,gpr,2020-10-31,,2026-09-26,estimated,0
geopolitical_risk,nl,nation,2020-11,0.073418,percent,gpr,2020-11-30,,2026-09-26,estimated,0
geopolitical_risk,nl,nation,2020-12,0.047214,percent,gpr,2020-12-31,,2026-09-26,estimated,0
geopolitical_risk,nl,nation,2021-01,0.017692,percent,gpr,2021-01-31,,2026-09-26,estimated,0
geopolitical_risk,nl,nation,2021-02,0.067659,percent,gpr,2021-02-28,,2026-09-26,estimated,0
geopolitical_risk,nl,nation,2021-03,0.052402,percent,gpr,2021-03-31,,2026-09-26,estimated,0
geopolitical_risk,nl,nation,2021-04,0.03259,percent,gpr,2021-04-30,,2026-09-26,estimated,0
geopolitical_risk,nl,nation,2021-05,0.063607,percent,gpr,2021-05-31,,2026-09-26,estimated,0
geopolitical_risk,nl,nation,2021-06,0.092833,percent,gpr,2021-06-30,,2026-09-26,estimated,0
geopolitical_risk,nl,nation,2021-07,0.076185,percent,gpr,2021-07-31,,2026-09-26,estimated,0
geopolitical_risk,nl,nation,2021-08,0.072411,percent,gpr,2021-08-31,,2026-09-26,estimated,0
geopolitical_risk,nl,nation,2021-09,0.065543,percent,gpr,2021-09-30,,2026-09-26,estimated,0
geopolitical_risk,nl,nation,2021-10,0.080656,percent,gpr,2021-10-31,,2026-09-26,estimated,0
geopolitical_risk,nl,nation,2021-11,0.127932,percent,gpr,2021-11-30,,2026-09-26,estimated,0
geopolitical_risk,nl,nation,2021-12,0.113552,percent,gpr,2021-12-31,,2026-09-26,estimated,0
geopolitical_risk,nl,nation,2022-01,0.252085,percent,gpr,2022-01-31,,2026-09-26,estimated,0
geopolitical_risk,nl,nation,2022-02,0.251686,percent,gpr,2022-02-28,,2026-09-26,estimated,0
geopolitical_risk,nl,nation,2022-03,0.3948,percent,gpr,2022-03-31,,2026-09-26,estimated,0
geopolitical_risk,nl,nation,2022-04,0.221626,percent,gpr,2022-04-30,,2026-09-26,estimated,0
geopolitical_risk,nl,nation,2022-05,0.090544,percent,gpr,2022-05-31,,2026-09-26,estimated,0
geopolitical_risk,nl,nation,2022-06,0.194255,percent,gpr,2022-06-30,,2026-09-26,estimated,0
geopolitical_risk,nl,nation,2022-07,0.191704,percent,gpr,2022-07-31,,2026-09-26,estimated,0
geopolitical_risk,nl,nation,2022-08,0.106585,percent,gpr,2022-08-31,,2026-09-26,estimated,0
geopolitical_risk,nl,nation,2022-09,0.129602,percent,gpr,2022-09-30,,2026-09-26,estimated,0
geopolitical_risk,nl,nation,2022-10,0.119278,percent,gpr,2022-10-31,,2026-09-26,estimated,0
geopolitical_risk,nl,nation,2022-11,0.114032,percent,gpr,2022-11-30,,2026-09-26,estimated,0
geopolitical_risk,nl,nation,2022-12,0.08059,percent,gpr,2022-12-31,,2026-09-26,estimated,0
geopolitical_risk,nl,nation,2023-01,0.195855,percent,gpr,2023-01-31,,2026-09-26,estimated,0
geopolitical_risk,nl,nation,2023-02,0.133422,percent,gpr,2023-02-28,,2026-09-26,estimated,0
geopolitical_risk,nl,nation,2023-03,0.082557,percent,gpr,2023-03-31,,2026-09-26,estimated,0
geopolitical_risk,nl,nation,2023-04,0.123217,percent,gpr,2023-04-30,,2026-09-26,estimated,0
geopolitical_risk,nl,nation,2023-05,0.121168,percent,gpr,2023-05-31,,2026-09-26,estimated,0
geopolitical_risk,nl,nation,2023-06,0.079516,percent,gpr,2023-06-30,,2026-09-26,estimated,0
geopolitical_risk,nl,nation,2023-07,0.136612,percent,gpr,2023-07-31,,2026-09-26,estimated,0
geopolitical_risk,nl,nation,2023-08,0.157748,percent,gpr,2023-08-31,,2026-09-26,estimated,0
geopolitical_risk,nl,nation,2023-09,0.07865,percent,gpr,2023-09-30,,2026-09-26,estimated,0
geopolitical_risk,nl,nation,2023-10,0.119424,percent,gpr,2023-10-31,,2026-09-26,estimated,0
geopolitical_risk,nl,nation,2023-11,0.075099,percent,gpr,2023-11-30,,2026-09-26,estimated,0
geopolitical_risk,nl,nation,2023-12,0.199537,percent,gpr,2023-12-31,,2026-09-26,estimated,0
geopolitical_risk,nl,nation,2024-01,0.344482,percent,gpr,2024-01-31,,2026-09-26,estimated,0
geopolitical_risk,nl,nation,2024-02,0.189753,percent,gpr,2024-02-29,,2026-09-26,estimated,0
geopolitical_risk,nl,nation,2024-03,0.092206,percent,gpr,2024-03-31,,2026-09-26,estimated,0
geopolitical_risk,nl,nation,2024-04,0.120246,percent,gpr,2024-04-30,,2026-09-26,estimated,0
geopolitical_risk,nl,nation,2024-05,0.128456,percent,gpr,2024-05-31,,2026-09-26,estimated,0
geopolitical_risk,nl,nation,2024-06,0.120467,percent,gpr,2024-06-30,,2026-09-26,estimated,0
geopolitical_risk,nl,nation,2024-07,0.073901,percent,gpr,2024-07-31,,2026-09-26,estimated,0
geopolitical_risk,nl,nation,2024-08,0.050639,percent,gpr,2024-08-31,,2026-09-26,estimated,0
geopolitical_risk,nl,nation,2024-09,0.026023,percent,gpr,2024-09-30,,2026-09-26,estimated,0
geopolitical_risk,nl,nation,2024-10,0.105107,percent,gpr,2024-10-31,,2026-09-26,estimated,0
geopolitical_risk,nl,nation,2024-11,0.107046,percent,gpr,2024-11-30,,2026-09-26,estimated,0
geopolitical_risk,nl,nation,2024-12,0.097364,percent,gpr,2024-12-31,,2026-09-26,estimated,0
geopolitical_risk,nl,nation,2025-01,0.087566,percent,gpr,2025-01-31,,2026-09-26,estimated,0
geopolitical_risk,nl,nation,2025-02,0.107766,percent,gpr,2025-02-28,,2026-09-26,estimated,0
geopolitical_risk,nl,nation,2025-03,0.106705,percent,gpr,2025-03-31,,2026-09-26,estimated,0
geopolitical_risk,nl,nation,2025-04,0.078869,percent,gpr,2025-04-30,,2026-09-26,estimated,0
geopolitical_risk,nl,nation,2025-05,0.087791,percent,gpr,2025-05-31,,2026-09-26,estimated,0
geopolitical_risk,nl,nation,2025-06,0.323242,percent,gpr,2025-06-30,,2026-09-26,estimated,0
geopolitical_risk,nl,nation,2025-07,0.108656,percent,gpr,2025-07-31,,2026-09-26,estimated,0
geopolitical_risk,nl,nation,2025-08,0.063939,percent,gpr,2025-08-31,,2026-09-26,estimated,0
geopolitical_risk,nl,nation,2025-09,0.091444,percent,gpr,2025-09-30,,2026-09-26,estimated,0
geopolitical_risk,nl,nation,2025-10,0.150113,percent,gpr,2025-10-31,,2026-09-26,estimated,0
geopolitical_risk,nl,nation,2025-11,0.062854,percent,gpr,2025-11-30,,2026-09-26,estimated,0
geopolitical_risk,nl,nation,2025-12,0.144262,percent,gpr,2025-12-31,,2026-09-26,estimated,0
geopolitical_risk,nl,nation,2026-01,0.143088,percent,gpr,2026-01-31,,2026-09-26,estimated,0
geopolitical_risk,nl,nation,2026-02,0.085758,percent,gpr,2026-02-28,,2026-09-26,estimated,0
geopolitical_risk,nl,nation,2026-03,0.253339,percent,gpr,2026-03-31,,2026-09-26,estimated,0
geopolitical_risk,nl,nation,2026-04,0.161041,percent,gpr,2026-04-30,,2026-09-26,estimated,0
geopolitical_risk,nl,nation,2026-05,0.230071,percent,gpr,2026-05-31,,2026-09-26,estimated,0
geopolitical_risk,nl,nation,2026-06,0.074874,percent,gpr,2026-06-30,,2026-09-26,estimated,0
geopolitical_risk,nl,nation,2026-07,0.101004,percent,gpr,2026-07-31,,2026-09-26,estimated,0
geopolitical_risk,nl,nation,2026-08,0.050219,percent,gpr,2026-08-31,,2026-09-26,estimated,0
geopolitical_risk,no,nation,2015-01,0.037693,percent,gpr,2015-01-31,,2026-09-26,estimated,0
geopolitical_risk,no,nation,2015-02,0.050173,percent,gpr,2015-02-28,,2026-09-26,estimated,0
geopolitical_risk,no,nation,2015-03,0.04943,percent,gpr,2015-03-31,,2026-09-26,estimated,0
geopolitical_risk,no,nation,2015-04,0.029758,percent,gpr,2015-04-30,,2026-09-26,estimated,0
geopolitical_risk,no,nation,2015-05,0.03848,percent,gpr,2015-05-31,,2026-09-26,estimated,0
geopolitical_risk,no,nation,2015-06,0.025983,percent,gpr,2015-06-30,,2026-09-26,estimated,0
geopolitical_risk,no,nation,2015-07,0.025975,percent,gpr,2015-07-31,,2026-09-26,estimated,0
geopolitical_risk,no,nation,2015-08,0.047121,percent,gpr,2015-08-31,,2026-09-26,estimated,0
geopolitical_risk,no,nation,2015-09,0.056551,percent,gpr,2015-09-30,,2026-09-26,estimated,0
geopolitical_risk,no,nation,2015-10,0.060825,percent,gpr,2015-10-31,,2026-09-26,estimated,0
geopolitical_risk,no,nation,2015-11,0.054795,percent,gpr,2015-11-30,,2026-09-26,estimated,0
geopolitical_risk,no,nation,2015-12,0.068857,percent,gpr,2015-12-31,,2026-09-26,estimated,0
geopolitical_risk,no,nation,2016-01,0.018539,percent,gpr,2016-01-31,,2026-09-26,estimated,0
geopolitical_risk,no,nation,2016-02,0.039143,percent,gpr,2016-02-29,,2026-09-26,estimated,0
geopolitical_risk,no,nation,2016-03,0.040741,percent,gpr,2016-03-31,,2026-09-26,estimated,0
geopolitical_risk,no,nation,2016-04,0.03718,percent,gpr,2016-04-30,,2026-09-26,estimated,0
geopolitical_risk,no,nation,2016-05,0.027314,percent,gpr,2016-05-31,,2026-09-26,estimated,0
geopolitical_risk,no,nation,2016-06,0.113277,percent,gpr,2016-06-30,,2026-09-26,estimated,0
geopolitical_risk,no,nation,2016-07,0.049109,percent,gpr,2016-07-31,,2026-09-26,estimated,0
geopolitical_risk,no,nation,2016-08,0.031011,percent,gpr,2016-08-31,,2026-09-26,estimated,0
geopolitical_risk,no,nation,2016-09,0.045372,percent,gpr,2016-09-30,,2026-09-26,estimated,0
geopolitical_risk,no,nation,2016-10,0.058899,percent,gpr,2016-10-31,,2026-09-26,estimated,0
geopolitical_risk,no,nation,2016-11,0.020512,percent,gpr,2016-11-30,,2026-09-26,estimated,0
geopolitical_risk,no,nation,2016-12,0.048307,percent,gpr,2016-12-31,,2026-09-26,estimated,0
geopolitical_risk,no,nation,2017-01,0.025324,percent,gpr,2017-01-31,,2026-09-26,estimated,0
geopolitical_risk,no,nation,2017-02,0.016522,percent,gpr,2017-02-28,,2026-09-26,estimated,0
geopolitical_risk,no,nation,2017-03,0.024034,percent,gpr,2017-03-31,,2026-09-26,estimated,0
geopolitical_risk,no,nation,2017-04,0.021015,percent,gpr,2017-04-30,,2026-09-26,estimated,0
geopolitical_risk,no,nation,2017-05,0.040617,percent,gpr,2017-05-31,,2026-09-26,estimated,0
geopolitical_risk,no,nation,2017-06,0.05676,percent,gpr,2017-06-30,,2026-09-26,estimated,0
geopolitical_risk,no,nation,2017-07,0.021194,percent,gpr,2017-07-31,,2026-09-26,estimated,0
geopolitical_risk,no,nation,2017-08,0.048067,percent,gpr,2017-08-31,,2026-09-26,estimated,0
geopolitical_risk,no,nation,2017-09,0.034953,percent,gpr,2017-09-30,,2026-09-26,estimated,0
geopolitical_risk,no,nation,2017-10,0.077104,percent,gpr,2017-10-31,,2026-09-26,estimated,0
geopolitical_risk,no,nation,2017-11,0.050497,percent,gpr,2017-11-30,,2026-09-26,estimated,0
geopolitical_risk,no,nation,2017-12,0.077675,percent,gpr,2017-12-31,,2026-09-26,estimated,0
geopolitical_risk,no,nation,2018-01,0.047722,percent,gpr,2018-01-31,,2026-09-26,estimated,0
geopolitical_risk,no,nation,2018-02,0.023249,percent,gpr,2018-02-28,,2026-09-26,estimated,0
geopolitical_risk,no,nation,2018-03,0.072133,percent,gpr,2018-03-31,,2026-09-26,estimated,0
geopolitical_risk,no,nation,2018-04,0.004319,percent,gpr,2018-04-30,,2026-09-26,estimated,0
geopolitical_risk,no,nation,2018-05,0.012606,percent,gpr,2018-05-31,,2026-09-26,estimated,0
geopolitical_risk,no,nation,2018-06,0.045434,percent,gpr,2018-06-30,,2026-09-26,estimated,0
geopolitical_risk,no,nation,2018-07,0.042693,percent,gpr,2018-07-31,,2026-09-26,estimated,0
geopolitical_risk,no,nation,2018-08,0.008958,percent,gpr,2018-08-31,,2026-09-26,estimated,0
geopolitical_risk,no,nation,2018-09,0.033599,percent,gpr,2018-09-30,,2026-09-26,estimated,0
geopolitical_risk,no,nation,2018-10,0.074147,percent,gpr,2018-10-31,,2026-09-26,estimated,0
geopolitical_risk,no,nation,2018-11,0.042385,percent,gpr,2018-11-30,,2026-09-26,estimated,0
geopolitical_risk,no,nation,2018-12,0.051631,percent,gpr,2018-12-31,,2026-09-26,estimated,0
geopolitical_risk,no,nation,2019-01,0.059499,percent,gpr,2019-01-31,,2026-09-26,estimated,0
geopolitical_risk,no,nation,2019-02,0.037768,percent,gpr,2019-02-28,,2026-09-26,estimated,0
geopolitical_risk,no,nation,2019-03,0.054225,percent,gpr,2019-03-31,,2026-09-26,estimated,0
geopolitical_risk,no,nation,2019-04,0.031337,percent,gpr,2019-04-30,,2026-09-26,estimated,0
geopolitical_risk,no,nation,2019-05,0.120347,percent,gpr,2019-05-31,,2026-09-26,estimated,0
geopolitical_risk,no,nation,2019-06,0.250237,percent,gpr,2019-06-30,,2026-09-26,estimated,0
geopolitical_risk,no,nation,2019-07,0.075215,percent,gpr,2019-07-31,,2026-09-26,estimated,0
geopolitical_risk,no,nation,2019-08,0.137156,percent,gpr,2019-08-31,,2026-09-26,estimated,0
geopolitical_risk,no,nation,2019-09,0.075291,percent,gpr,2019-09-30,,2026-09-26,estimated,0
geopolitical_risk,no,nation,2019-10,0.075675,percent,gpr,2019-10-31,,2026-09-26,estimated,0
geopolitical_risk,no,nation,2019-11,0.052817,percent,gpr,2019-11-30,,2026-09-26,estimated,0
geopolitical_risk,no,nation,2019-12,0.033977,percent,gpr,2019-12-31,,2026-09-26,estimated,0
geopolitical_risk,no,nation,2020-01,0.039709,percent,gpr,2020-01-31,,2026-09-26,estimated,0
geopolitical_risk,no,nation,2020-02,0.102541,percent,gpr,2020-02-29,,2026-09-26,estimated,0
geopolitical_risk,no,nation,2020-03,0.064135,percent,gpr,2020-03-31,,2026-09-26,estimated,0
geopolitical_risk,no,nation,2020-04,0.041781,percent,gpr,2020-04-30,,2026-09-26,estimated,0
geopolitical_risk,no,nation,2020-05,0.004506,percent,gpr,2020-05-31,,2026-09-26,estimated,0
geopolitical_risk,no,nation,2020-06,0.059985,percent,gpr,2020-06-30,,2026-09-26,estimated,0
geopolitical_risk,no,nation,2020-07,0.049507,percent,gpr,2020-07-31,,2026-09-26,estimated,0
geopolitical_risk,no,nation,2020-08,0.013358,percent,gpr,2020-08-31,,2026-09-26,estimated,0
geopolitical_risk,no,nation,2020-09,0.013443,percent,gpr,2020-09-30,,2026-09-26,estimated,0
geopolitical_risk,no,nation,2020-10,0.025309,percent,gpr,2020-10-31,,2026-09-26,estimated,0
geopolitical_risk,no,nation,2020-11,0.041298,percent,gpr,2020-11-30,,2026-09-26,estimated,0
geopolitical_risk,no,nation,2020-12,0.037771,percent,gpr,2020-12-31,,2026-09-26,estimated,0
geopolitical_risk,no,nation,2021-01,0.013269,percent,gpr,2021-01-31,,2026-09-26,estimated,0
geopolitical_risk,no,nation,2021-02,0.096656,percent,gpr,2021-02-28,,2026-09-26,estimated,0
geopolitical_risk,no,nation,2021-03,0.039301,percent,gpr,2021-03-31,,2026-09-26,estimated,0
geopolitical_risk,no,nation,2021-04,0.037246,percent,gpr,2021-04-30,,2026-09-26,estimated,0
geopolitical_risk,no,nation,2021-05,0.149932,percent,gpr,2021-05-31,,2026-09-26,estimated,0
geopolitical_risk,no,nation,2021-06,0.02785,percent,gpr,2021-06-30,,2026-09-26,estimated,0
geopolitical_risk,no,nation,2021-07,0.035852,percent,gpr,2021-07-31,,2026-09-26,estimated,0
geopolitical_risk,no,nation,2021-08,0.086894,percent,gpr,2021-08-31,,2026-09-26,estimated,0
geopolitical_risk,no,nation,2021-09,0.05618,percent,gpr,2021-09-30,,2026-09-26,estimated,0
geopolitical_risk,no,nation,2021-10,0.085137,percent,gpr,2021-10-31,,2026-09-26,estimated,0
geopolitical_risk,no,nation,2021-11,0.061597,percent,gpr,2021-11-30,,2026-09-26,estimated,0
geopolitical_risk,no,nation,2021-12,0.118489,percent,gpr,2021-12-31,,2026-09-26,estimated,0
geopolitical_risk,no,nation,2022-01,0.159977,percent,gpr,2022-01-31,,2026-09-26,estimated,0
geopolitical_risk,no,nation,2022-02,0.236585,percent,gpr,2022-02-28,,2026-09-26,estimated,0
geopolitical_risk,no,nation,2022-03,0.471834,percent,gpr,2022-03-31,,2026-09-26,estimated,0
geopolitical_risk,no,nation,2022-04,0.134142,percent,gpr,2022-04-30,,2026-09-26,estimated,0
geopolitical_risk,no,nation,2022-05,0.079226,percent,gpr,2022-05-31,,2026-09-26,estimated,0
geopolitical_risk,no,nation,2022-06,0.082411,percent,gpr,2022-06-30,,2026-09-26,estimated,0
geopolitical_risk,no,nation,2022-07,0.092948,percent,gpr,2022-07-31,,2026-09-26,estimated,0
geopolitical_risk,no,nation,2022-08,0.082899,percent,gpr,2022-08-31,,2026-09-26,estimated,0
geopolitical_risk,no,nation,2022-09,0.22975,percent,gpr,2022-09-30,,2026-09-26,estimated,0
geopolitical_risk,no,nation,2022-10,0.136317,percent,gpr,2022-10-31,,2026-09-26,estimated,0
geopolitical_risk,no,nation,2022-11,0.153943,percent,gpr,2022-11-30,,2026-09-26,estimated,0
geopolitical_risk,no,nation,2022-12,0.08059,percent,gpr,2022-12-31,,2026-09-26,estimated,0
geopolitical_risk,no,nation,2023-01,0.107405,percent,gpr,2023-01-31,,2026-09-26,estimated,0
geopolitical_risk,no,nation,2023-02,0.100067,percent,gpr,2023-02-28,,2026-09-26,estimated,0
geopolitical_risk,no,nation,2023-03,0.017691,percent,gpr,2023-03-31,,2026-09-26,estimated,0
geopolitical_risk,no,nation,2023-04,0.058366,percent,gpr,2023-04-30,,2026-09-26,estimated,0
geopolitical_risk,no,nation,2023-05,0.072701,percent,gpr,2023-05-31,,2026-09-26,estimated,0
geopolitical_risk,no,nation,2023-06,0.103982,percent,gpr,2023-06-30,,2026-09-26,estimated,0
geopolitical_risk,no,nation,2023-07,0.074516,percent,gpr,2023-07-31,,2026-09-26,estimated,0
geopolitical_risk,no,nation,2023-08,0.030336,percent,gpr,2023-08-31,,2026-09-26,estimated,0
geopolitical_risk,no,nation,2023-09,0.0605,percent,gpr,2023-09-30,,2026-09-26,estimated,0
geopolitical_risk,no,nation,2023-10,0.208993,percent,gpr,2023-10-31,,2026-09-26,estimated,0
geopolitical_risk,no,nation,2023-11,0.075099,percent,gpr,2023-11-30,,2026-09-26,estimated,0
geopolitical_risk,no,nation,2023-12,0.360453,percent,gpr,2023-12-31,,2026-09-26,estimated,0
geopolitical_risk,no,nation,2024-01,0.150319,percent,gpr,2024-01-31,,2026-09-26,estimated,0
geopolitical_risk,no,nation,2024-02,0.065432,percent,gpr,2024-02-29,,2026-09-26,estimated,0
geopolitical_risk,no,nation,2024-03,0.086059,percent,gpr,2024-03-31,,2026-09-26,estimated,0
geopolitical_risk,no,nation,2024-04,0.069616,percent,gpr,2024-04-30,,2026-09-26,estimated,0
geopolitical_risk,no,nation,2024-05,0.128456,percent,gpr,2024-05-31,,2026-09-26,estimated,0
geopolitical_risk,no,nation,2024-06,0.107786,percent,gpr,2024-06-30,,2026-09-26,estimated,0
geopolitical_risk,no,nation,2024-07,0.055426,percent,gpr,2024-07-31,,2026-09-26,estimated,0
geopolitical_risk,no,nation,2024-08,0.101279,percent,gpr,2024-08-31,,2026-09-26,estimated,0
geopolitical_risk,no,nation,2024-09,0.039035,percent,gpr,2024-09-30,,2026-09-26,estimated,0
geopolitical_risk,no,nation,2024-10,0.105107,percent,gpr,2024-10-31,,2026-09-26,estimated,0
geopolitical_risk,no,nation,2024-11,0.11964,percent,gpr,2024-11-30,,2026-09-26,estimated,0
geopolitical_risk,no,nation,2024-12,0.097364,percent,gpr,2024-12-31,,2026-09-26,estimated,0
geopolitical_risk,no,nation,2025-01,0.081311,percent,gpr,2025-01-31,,2026-09-26,estimated,0
geopolitical_risk,no,nation,2025-02,0.08756,percent,gpr,2025-02-28,,2026-09-26,estimated,0
geopolitical_risk,no,nation,2025-03,0.165985,percent,gpr,2025-03-31,,2026-09-26,estimated,0
geopolitical_risk,no,nation,2025-04,0.121337,percent,gpr,2025-04-30,,2026-09-26,estimated,0
geopolitical_risk,no,nation,2025-05,0.093644,percent,gpr,2025-05-31,,2026-09-26,estimated,0
geopolitical_risk,no,nation,2025-06,0.192702,percent,gpr,2025-06-30,,2026-09-26,estimated,0
geopolitical_risk,no,nation,2025-07,0.090547,percent,gpr,2025-07-31,,2026-09-26,estimated,0
geopolitical_risk,no,nation,2025-08,0.095908,percent,gpr,2025-08-31,,2026-09-26,estimated,0
geopolitical_risk,no,nation,2025-09,0.124102,percent,gpr,2025-09-30,,2026-09-26,estimated,0
geopolitical_risk,no,nation,2025-10,0.181386,percent,gpr,2025-10-31,,2026-09-26,estimated,0
geopolitical_risk,no,nation,2025-11,0.119422,percent,gpr,2025-11-30,,2026-09-26,estimated,0
geopolitical_risk,no,nation,2025-12,0.190164,percent,gpr,2025-12-31,,2026-09-26,estimated,0
geopolitical_risk,no,nation,2026-01,0.466592,percent,gpr,2026-01-31,,2026-09-26,estimated,0
geopolitical_risk,no,nation,2026-02,0.085758,percent,gpr,2026-02-28,,2026-09-26,estimated,0
geopolitical_risk,no,nation,2026-03,0.322432,percent,gpr,2026-03-31,,2026-09-26,estimated,0
geopolitical_risk,no,nation,2026-04,0.161041,percent,gpr,2026-04-30,,2026-09-26,estimated,0
geopolitical_risk,no,nation,2026-05,0.136799,percent,gpr,2026-05-31,,2026-09-26,estimated,0
geopolitical_risk,no,nation,2026-06,0.087353,percent,gpr,2026-06-30,,2026-09-26,estimated,0
geopolitical_risk,no,nation,2026-07,0.063127,percent,gpr,2026-07-31,,2026-09-26,estimated,0
geopolitical_risk,no,nation,2026-08,0.064567,percent,gpr,2026-08-31,,2026-09-26,estimated,0
geopolitical_risk,pl,nation,2015-01,0.033505,percent,gpr,2015-01-31,,2026-09-26,estimated,0
geopolitical_risk,pl,nation,2015-02,0.15052,percent,gpr,2015-02-28,,2026-09-26,estimated,0
geopolitical_risk,pl,nation,2015-03,0.032953,percent,gpr,2015-03-31,,2026-09-26,estimated,0
geopolitical_risk,pl,nation,2015-04,0.068019,percent,gpr,2015-04-30,,2026-09-26,estimated,0
geopolitical_risk,pl,nation,2015-05,0.047031,percent,gpr,2015-05-31,,2026-09-26,estimated,0
geopolitical_risk,pl,nation,2015-06,0.108263,percent,gpr,2015-06-30,,2026-09-26,estimated,0
geopolitical_risk,pl,nation,2015-07,0.012988,percent,gpr,2015-07-31,,2026-09-26,estimated,0
geopolitical_risk,pl,nation,2015-08,0.037697,percent,gpr,2015-08-31,,2026-09-26,estimated,0
geopolitical_risk,pl,nation,2015-09,0.087002,percent,gpr,2015-09-30,,2026-09-26,estimated,0
geopolitical_risk,pl,nation,2015-10,0.04055,percent,gpr,2015-10-31,,2026-09-26,estimated,0
geopolitical_risk,pl,nation,2015-11,0.127854,percent,gpr,2015-11-30,,2026-09-26,estimated,0
geopolitical_risk,pl,nation,2015-12,0.083612,percent,gpr,2015-12-31,,2026-09-26,estimated,0
geopolitical_risk,pl,nation,2016-01,0.050983,percent,gpr,2016-01-31,,2026-09-26,estimated,0
geopolitical_risk,pl,nation,2016-02,0.073393,percent,gpr,2016-02-29,,2026-09-26,estimated,0
geopolitical_risk,pl,nation,2016-03,0.045267,percent,gpr,2016-03-31,,2026-09-26,estimated,0
geopolitical_risk,pl,nation,2016-04,0.069712,percent,gpr,2016-04-30,,2026-09-26,estimated,0
geopolitical_risk,pl,nation,2016-05,0.086493,percent,gpr,2016-05-31,,2026-09-26,estimated,0
geopolitical_risk,pl,nation,2016-06,0.089678,percent,gpr,2016-06-30,,2026-09-26,estimated,0
geopolitical_risk,pl,nation,2016-07,0.279919,percent,gpr,2016-07-31,,2026-09-26,estimated,0
geopolitical_risk,pl,nation,2016-08,0.062022,percent,gpr,2016-08-31,,2026-09-26,estimated,0
geopolitical_risk,pl,nation,2016-09,0.040331,percent,gpr,2016-09-30,,2026-09-26,estimated,0
geopolitical_risk,pl,nation,2016-10,0.078531,percent,gpr,2016-10-31,,2026-09-26,estimated,0
geopolitical_risk,pl,nation,2016-11,0.133327,percent,gpr,2016-11-30,,2026-09-26,estimated,0
geopolitical_risk,pl,nation,2016-12,0.128818,percent,gpr,2016-12-31,,2026-09-26,estimated,0
geopolitical_risk,pl,nation,2017-01,0.050648,percent,gpr,2017-01-31,,2026-09-26,estimated,0
geopolitical_risk,pl,nation,2017-02,0.115652,percent,gpr,2017-02-28,,2026-09-26,estimated,0
geopolitical_risk,pl,nation,2017-03,0.057681,percent,gpr,2017-03-31,,2026-09-26,estimated,0
geopolitical_risk,pl,nation,2017-04,0.031523,percent,gpr,2017-04-30,,2026-09-26,estimated,0
geopolitical_risk,pl,nation,2017-05,0.045695,percent,gpr,2017-05-31,,2026-09-26,estimated,0
geopolitical_risk,pl,nation,2017-06,0.087719,percent,gpr,2017-06-30,,2026-09-26,estimated,0
geopolitical_risk,pl,nation,2017-07,0.275526,percent,gpr,2017-07-31,,2026-09-26,estimated,0
geopolitical_risk,pl,nation,2017-08,0.058748,percent,gpr,2017-08-31,,2026-09-26,estimated,0
geopolitical_risk,pl,nation,2017-09,0.054926,percent,gpr,2017-09-30,,2026-09-26,estimated,0
geopolitical_risk,pl,nation,2017-10,0.024349,percent,gpr,2017-10-31,,2026-09-26,estimated,0
geopolitical_risk,pl,nation,2017-11,0.054705,percent,gpr,2017-11-30,,2026-09-26,estimated,0
geopolitical_risk,pl,nation,2017-12,0.05483,percent,gpr,2017-12-31,,2026-09-26,estimated,0
geopolitical_risk,pl,nation,2018-01,0.099783,percent,gpr,2018-01-31,,2026-09-26,estimated,0
geopolitical_risk,pl,nation,2018-02,0.060448,percent,gpr,2018-02-28,,2026-09-26,estimated,0
geopolitical_risk,pl,nation,2018-03,0.180332,percent,gpr,2018-03-31,,2026-09-26,estimated,0
geopolitical_risk,pl,nation,2018-04,0.025915,percent,gpr,2018-04-30,,2026-09-26,estimated,0
geopolitical_risk,pl,nation,2018-05,0.050424,percent,gpr,2018-05-31,,2026-09-26,estimated,0
geopolitical_risk,pl,nation,2018-06,0.028912,percent,gpr,2018-06-30,,2026-09-26,estimated,0
geopolitical_risk,pl,nation,2018-07,0.102463,percent,gpr,2018-07-31,,2026-09-26,estimated,0
geopolitical_risk,pl,nation,2018-08,0.022394,percent,gpr,2018-08-31,,2026-09-26,estimated,0
geopolitical_risk,pl,nation,2018-09,0.033599,percent,gpr,2018-09-30,,2026-09-26,estimated,0
geopolitical_risk,pl,nation,2018-10,0.074147,percent,gpr,2018-10-31,,2026-09-26,estimated,0
geopolitical_risk,pl,nation,2018-11,0.127156,percent,gpr,2018-11-30,,2026-09-26,estimated,0
geopolitical_risk,pl,nation,2018-12,0.084487,percent,gpr,2018-12-31,,2026-09-26,estimated,0
geopolitical_risk,pl,nation,2019-01,0.140246,percent,gpr,2019-01-31,,2026-09-26,estimated,0
geopolitical_risk,pl,nation,2019-02,0.231328,percent,gpr,2019-02-28,,2026-09-26,estimated,0
geopolitical_risk,pl,nation,2019-03,0.050054,percent,gpr,2019-03-31,,2026-09-26,estimated,0
geopolitical_risk,pl,nation,2019-04,0.022383,percent,gpr,2019-04-30,,2026-09-26,estimated,0
geopolitical_risk,pl,nation,2019-05,0.025789,percent,gpr,2019-05-31,,2026-09-26,estimated,0
geopolitical_risk,pl,nation,2019-06,0.043144,percent,gpr,2019-06-30,,2026-09-26,estimated,0
geopolitical_risk,pl,nation,2019-07,0.017698,percent,gpr,2019-07-31,,2026-09-26,estimated,0
geopolitical_risk,pl,nation,2019-08,0.07079,percent,gpr,2019-08-31,,2026-09-26,estimated,0
geopolitical_risk,pl,nation,2019-09,0.106293,percent,gpr,2019-09-30,,2026-09-26,estimated,0
geopolitical_risk,pl,nation,2019-10,0.029429,percent,gpr,2019-10-31,,2026-09-26,estimated,0
geopolitical_risk,pl,nation,2019-11,0.057218,percent,gpr,2019-11-30,,2026-09-26,estimated,0
geopolitical_risk,pl,nation,2019-12,0.053393,percent,gpr,2019-12-31,,2026-09-26,estimated,0
geopolitical_risk,pl,nation,2020-01,0.08383,percent,gpr,2020-01-31,,2026-09-26,estimated,0
geopolitical_risk,pl,nation,2020-02,0.031208,percent,gpr,2020-02-29,,2026-09-26,estimated,0
geopolitical_risk,pl,nation,2020-03,0.021378,percent,gpr,2020-03-31,,2026-09-26,estimated,0
geopolitical_risk,pl,nation,2020-04,0.055708,percent,gpr,2020-04-30,,2026-09-26,estimated,0
geopolitical_risk,pl,nation,2020-05,0.045061,percent,gpr,2020-05-31,,2026-09-26,estimated,0
geopolitical_risk,pl,nation,2020-06,0.0323,percent,gpr,2020-06-30,,2026-09-26,estimated,0
geopolitical_risk,pl,nation,2020-07,0.031505,percent,gpr,2020-07-31,,2026-09-26,estimated,0
geopolitical_risk,pl,nation,2020-08,0.15584,percent,gpr,2020-08-31,,2026-09-26,estimated,0
geopolitical_risk,pl,nation,2020-09,0.076179,percent,gpr,2020-09-30,,2026-09-26,estimated,0
geopolitical_risk,pl,nation,2020-10,0.088581,percent,gpr,2020-10-31,,2026-09-26,estimated,0
geopolitical_risk,pl,nation,2020-11,0.064241,percent,gpr,2020-11-30,,2026-09-26,estimated,0
geopolitical_risk,pl,nation,2020-12,0.028329,percent,gpr,2020-12-31,,2026-09-26,estimated,0
geopolitical_risk,pl,nation,2021-01,0.097306,percent,gpr,2021-01-31,,2026-09-26,estimated,0
geopolitical_risk,pl,nation,2021-02,0.053161,percent,gpr,2021-02-28,,2026-09-26,estimated,0
geopolitical_risk,pl,nation,2021-03,0.039301,percent,gpr,2021-03-31,,2026-09-26,estimated,0
geopolitical_risk,pl,nation,2021-04,0.083803,percent,gpr,2021-04-30,,2026-09-26,estimated,0
geopolitical_risk,pl,nation,2021-05,0.222626,percent,gpr,2021-05-31,,2026-09-26,estimated,0
geopolitical_risk,pl,nation,2021-06,0.120683,percent,gpr,2021-06-30,,2026-09-26,estimated,0
geopolitical_risk,pl,nation,2021-07,0.058259,percent,gpr,2021-07-31,,2026-09-26,estimated,0
geopolitical_risk,pl,nation,2021-08,0.125513,percent,gpr,2021-08-31,,2026-09-26,estimated,0
geopolitical_risk,pl,nation,2021-09,0.079588,percent,gpr,2021-09-30,,2026-09-26,estimated,0
geopolitical_risk,pl,nation,2021-10,0.129946,percent,gpr,2021-10-31,,2026-09-26,estimated,0
geopolitical_risk,pl,nation,2021-11,0.5828,percent,gpr,2021-11-30,,2026-09-26,estimated,0
geopolitical_risk,pl,nation,2021-12,0.256727,percent,gpr,2021-12-31,,2026-09-26,estimated,0
geopolitical_risk,pl,nation,2022-01,0.625364,percent,gpr,2022-01-31,,2026-09-26,estimated,0
geopolitical_risk,pl,nation,2022-02,1.223195,percent,gpr,2022-02-28,,2026-09-26,estimated,0
geopolitical_risk,pl,nation,2022-03,2.099181,percent,gpr,2022-03-31,,2026-09-26,estimated,0
geopolitical_risk,pl,nation,2022-04,1.119795,percent,gpr,2022-04-30,,2026-09-26,estimated,0
geopolitical_risk,pl,nation,2022-05,0.611171,percent,gpr,2022-05-31,,2026-09-26,estimated,0
geopolitical_risk,pl,nation,2022-06,0.529786,percent,gpr,2022-06-30,,2026-09-26,estimated,0
geopolitical_risk,pl,nation,2022-07,0.30208,percent,gpr,2022-07-31,,2026-09-26,estimated,0
geopolitical_risk,pl,nation,2022-08,0.207248,percent,gpr,2022-08-31,,2026-09-26,estimated,0
geopolitical_risk,pl,nation,2022-09,0.424153,percent,gpr,2022-09-30,,2026-09-26,estimated,0
geopolitical_risk,pl,nation,2022-10,0.306714,percent,gpr,2022-10-31,,2026-09-26,estimated,0
geopolitical_risk,pl,nation,2022-11,0.393409,percent,gpr,2022-11-30,,2026-09-26,estimated,0
geopolitical_risk,pl,nation,2022-12,0.241771,percent,gpr,2022-12-31,,2026-09-26,estimated,0
geopolitical_risk,pl,nation,2023-01,0.473844,percent,gpr,2023-01-31,,2026-09-26,estimated,0
geopolitical_risk,pl,nation,2023-02,0.320213,percent,gpr,2023-02-28,,2026-09-26,estimated,0
geopolitical_risk,pl,nation,2023-03,0.271258,percent,gpr,2023-03-31,,2026-09-26,estimated,0
geopolitical_risk,pl,nation,2023-04,0.175097,percent,gpr,2023-04-30,,2026-09-26,estimated,0
geopolitical_risk,pl,nation,2023-05,0.163577,percent,gpr,2023-05-31,,2026-09-26,estimated,0
geopolitical_risk,pl,nation,2023-06,0.152915,percent,gpr,2023-06-30,,2026-09-26,estimated,0
geopolitical_risk,pl,nation,2023-07,0.285643,percent,gpr,2023-07-31,,2026-09-26,estimated,0
geopolitical_risk,pl,nation,2023-08,0.133479,percent,gpr,2023-08-31,,2026-09-26,estimated,0
geopolitical_risk,pl,nation,2023-09,0.187549,percent,gpr,2023-09-30,,2026-09-26,estimated,0
geopolitical_risk,pl,nation,2023-10,0.119424,percent,gpr,2023-10-31,,2026-09-26,estimated,0
geopolitical_risk,pl,nation,2023-11,0.143939,percent,gpr,2023-11-30,,2026-09-26,estimated,0
geopolitical_risk,pl,nation,2023-12,0.21241,percent,gpr,2023-12-31,,2026-09-26,estimated,0
geopolitical_risk,pl,nation,2024-01,0.106476,percent,gpr,2024-01-31,,2026-09-26,estimated,0
geopolitical_risk,pl,nation,2024-02,0.20284,percent,gpr,2024-02-29,,2026-09-26,estimated,0
geopolitical_risk,pl,nation,2024-03,0.221293,percent,gpr,2024-03-31,,2026-09-26,estimated,0
geopolitical_risk,pl,nation,2024-04,0.322764,percent,gpr,2024-04-30,,2026-09-26,estimated,0
geopolitical_risk,pl,nation,2024-05,0.183509,percent,gpr,2024-05-31,,2026-09-26,estimated,0
geopolitical_risk,pl,nation,2024-06,0.139488,percent,gpr,2024-06-30,,2026-09-26,estimated,0
geopolitical_risk,pl,nation,2024-07,0.147801,percent,gpr,2024-07-31,,2026-09-26,estimated,0
geopolitical_risk,pl,nation,2024-08,0.126598,percent,gpr,2024-08-31,,2026-09-26,estimated,0
geopolitical_risk,pl,nation,2024-09,0.117104,percent,gpr,2024-09-30,,2026-09-26,estimated,0
geopolitical_risk,pl,nation,2024-10,0.185483,percent,gpr,2024-10-31,,2026-09-26,estimated,0
geopolitical_risk,pl,nation,2024-11,0.132233,percent,gpr,2024-11-30,,2026-09-26,estimated,0
geopolitical_risk,pl,nation,2024-12,0.083455,percent,gpr,2024-12-31,,2026-09-26,estimated,0
geopolitical_risk,pl,nation,2025-01,0.162622,percent,gpr,2025-01-31,,2026-09-26,estimated,0
geopolitical_risk,pl,nation,2025-02,0.397387,percent,gpr,2025-02-28,,2026-09-26,estimated,0
geopolitical_risk,pl,nation,2025-03,0.397178,percent,gpr,2025-03-31,,2026-09-26,estimated,0
geopolitical_risk,pl,nation,2025-04,0.109203,percent,gpr,2025-04-30,,2026-09-26,estimated,0
geopolitical_risk,pl,nation,2025-05,0.193141,percent,gpr,2025-05-31,,2026-09-26,estimated,0
geopolitical_risk,pl,nation,2025-06,0.174054,percent,gpr,2025-06-30,,2026-09-26,estimated,0
geopolitical_risk,pl,nation,2025-07,0.108656,percent,gpr,2025-07-31,,2026-09-26,estimated,0
geopolitical_risk,pl,nation,2025-08,0.172634,percent,gpr,2025-08-31,,2026-09-26,estimated,0
geopolitical_risk,pl,nation,2025-09,0.457218,percent,gpr,2025-09-30,,2026-09-26,estimated,0
geopolitical_risk,pl,nation,2025-10,0.275206,percent,gpr,2025-10-31,,2026-09-26,estimated,0
geopolitical_risk,pl,nation,2025-11,0.251414,percent,gpr,2025-11-30,,2026-09-26,estimated,0
geopolitical_risk,pl,nation,2025-12,0.236066,percent,gpr,2025-12-31,,2026-09-26,estimated,0
geopolitical_risk,pl,nation,2026-01,0.186637,percent,gpr,2026-01-31,,2026-09-26,estimated,0
geopolitical_risk,pl,nation,2026-02,0.118741,percent,gpr,2026-02-28,,2026-09-26,estimated,0
geopolitical_risk,pl,nation,2026-03,0.166974,percent,gpr,2026-03-31,,2026-09-26,estimated,0
geopolitical_risk,pl,nation,2026-04,0.204398,percent,gpr,2026-04-30,,2026-09-26,estimated,0
geopolitical_risk,pl,nation,2026-05,0.205198,percent,gpr,2026-05-31,,2026-09-26,estimated,0
geopolitical_risk,pl,nation,2026-06,0.124789,percent,gpr,2026-06-30,,2026-09-26,estimated,0
geopolitical_risk,pl,nation,2026-07,0.126255,percent,gpr,2026-07-31,,2026-09-26,estimated,0
geopolitical_risk,pl,nation,2026-08,0.150656,percent,gpr,2026-08-31,,2026-09-26,estimated,0
geopolitical_risk,pt,nation,2015-01,0.033505,percent,gpr,2015-01-31,,2026-09-26,estimated,0
geopolitical_risk,pt,nation,2015-02,0.004561,percent,gpr,2015-02-28,,2026-09-26,estimated,0
geopolitical_risk,pt,nation,2015-03,0,percent,gpr,2015-03-31,,2026-09-26,estimated,0
geopolitical_risk,pt,nation,2015-04,0.012753,percent,gpr,2015-04-30,,2026-09-26,estimated,0
geopolitical_risk,pt,nation,2015-05,0.004276,percent,gpr,2015-05-31,,2026-09-26,estimated,0
geopolitical_risk,pt,nation,2015-06,0.021653,percent,gpr,2015-06-30,,2026-09-26,estimated,0
geopolitical_risk,pt,nation,2015-07,0.017317,percent,gpr,2015-07-31,,2026-09-26,estimated,0
geopolitical_risk,pt,nation,2015-08,0.009424,percent,gpr,2015-08-31,,2026-09-26,estimated,0
geopolitical_risk,pt,nation,2015-09,0.039151,percent,gpr,2015-09-30,,2026-09-26,estimated,0
geopolitical_risk,pt,nation,2015-10,0.02433,percent,gpr,2015-10-31,,2026-09-26,estimated,0
geopolitical_risk,pt,nation,2015-11,0.073059,percent,gpr,2015-11-30,,2026-09-26,estimated,0
geopolitical_risk,pt,nation,2015-12,0.044265,percent,gpr,2015-12-31,,2026-09-26,estimated,0
geopolitical_risk,pt,nation,2016-01,0.013904,percent,gpr,2016-01-31,,2026-09-26,estimated,0
geopolitical_risk,pt,nation,2016-02,0.014679,percent,gpr,2016-02-29,,2026-09-26,estimated,0
geopolitical_risk,pt,nation,2016-03,0.018107,percent,gpr,2016-03-31,,2026-09-26,estimated,0
geopolitical_risk,pt,nation,2016-04,0.027885,percent,gpr,2016-04-30,,2026-09-26,estimated,0
geopolitical_risk,pt,nation,2016-05,0.045523,percent,gpr,2016-05-31,,2026-09-26,estimated,0
geopolitical_risk,pt,nation,2016-06,0.047199,percent,gpr,2016-06-30,,2026-09-26,estimated,0
geopolitical_risk,pt,nation,2016-07,0.039287,percent,gpr,2016-07-31,,2026-09-26,estimated,0
geopolitical_risk,pt,nation,2016-08,0.005168,percent,gpr,2016-08-31,,2026-09-26,estimated,0
geopolitical_risk,pt,nation,2016-09,0.010083,percent,gpr,2016-09-30,,2026-09-26,estimated,0
geopolitical_risk,pt,nation,2016-10,0.019633,percent,gpr,2016-10-31,,2026-09-26,estimated,0
geopolitical_risk,pt,nation,2016-11,0.041024,percent,gpr,2016-11-30,,2026-09-26,estimated,0
geopolitical_risk,pt,nation,2016-12,0.026837,percent,gpr,2016-12-31,,2026-09-26,estimated,0
geopolitical_risk,pt,nation,2017-01,0.025324,percent,gpr,2017-01-31,,2026-09-26,estimated,0
geopolitical_risk,pt,nation,2017-02,0.022029,percent,gpr,2017-02-28,,2026-09-26,estimated,0
geopolitical_risk,pt,nation,2017-03,0.009614,percent,gpr,2017-03-31,,2026-09-26,estimated,0
geopolitical_risk,pt,nation,2017-04,0.021015,percent,gpr,2017-04-30,,2026-09-26,estimated,0
geopolitical_risk,pt,nation,2017-05,0.010154,percent,gpr,2017-05-31,,2026-09-26,estimated,0
geopolitical_risk,pt,nation,2017-06,0.01548,percent,gpr,2017-06-30,,2026-09-26,estimated,0
geopolitical_risk,pt,nation,2017-07,0.015896,percent,gpr,2017-07-31,,2026-09-26,estimated,0
geopolitical_risk,pt,nation,2017-08,0.058748,percent,gpr,2017-08-31,,2026-09-26,estimated,0
geopolitical_risk,pt,nation,2017-09,0.009987,percent,gpr,2017-09-30,,2026-09-26,estimated,0
geopolitical_risk,pt,nation,2017-10,0.032465,percent,gpr,2017-10-31,,2026-09-26,estimated,0
geopolitical_risk,pt,nation,2017-11,0.04208,percent,gpr,2017-11-30,,2026-09-26,estimated,0
geopolitical_risk,pt,nation,2017-12,0.013707,percent,gpr,2017-12-31,,2026-09-26,estimated,0
geopolitical_risk,pt,nation,2018-01,0,percent,gpr,2018-01-31,,2026-09-26,estimated,0
geopolitical_risk,pt,nation,2018-02,0,percent,gpr,2018-02-28,,2026-09-26,estimated,0
geopolitical_risk,pt,nation,2018-03,0.040074,percent,gpr,2018-03-31,,2026-09-26,estimated,0
geopolitical_risk,pt,nation,2018-04,0.017276,percent,gpr,2018-04-30,,2026-09-26,estimated,0
geopolitical_risk,pt,nation,2018-05,0,percent,gpr,2018-05-31,,2026-09-26,estimated,0
geopolitical_risk,pt,nation,2018-06,0.028912,percent,gpr,2018-06-30,,2026-09-26,estimated,0
geopolitical_risk,pt,nation,2018-07,0.008539,percent,gpr,2018-07-31,,2026-09-26,estimated,0
geopolitical_risk,pt,nation,2018-08,0.022394,percent,gpr,2018-08-31,,2026-09-26,estimated,0
geopolitical_risk,pt,nation,2018-09,0.0084,percent,gpr,2018-09-30,,2026-09-26,estimated,0
geopolitical_risk,pt,nation,2018-10,0.016477,percent,gpr,2018-10-31,,2026-09-26,estimated,0
geopolitical_risk,pt,nation,2018-11,0.004239,percent,gpr,2018-11-30,,2026-09-26,estimated,0
geopolitical_risk,pt,nation,2018-12,0.018775,percent,gpr,2018-12-31,,2026-09-26,estimated,0
geopolitical_risk,pt,nation,2019-01,0.00425,percent,gpr,2019-01-31,,2026-09-26,estimated,0
geopolitical_risk,pt,nation,2019-02,0.028326,percent,gpr,2019-02-28,,2026-09-26,estimated,0
geopolitical_risk,pt,nation,2019-03,0.020856,percent,gpr,2019-03-31,,2026-09-26,estimated,0
geopolitical_risk,pt,nation,2019-04,0.02686,percent,gpr,2019-04-30,,2026-09-26,estimated,0
geopolitical_risk,pt,nation,2019-05,0.021491,percent,gpr,2019-05-31,,2026-09-26,estimated,0
geopolitical_risk,pt,nation,2019-06,0.025887,percent,gpr,2019-06-30,,2026-09-26,estimated,0
geopolitical_risk,pt,nation,2019-07,0.008849,percent,gpr,2019-07-31,,2026-09-26,estimated,0
geopolitical_risk,pt,nation,2019-08,0.026546,percent,gpr,2019-08-31,,2026-09-26,estimated,0
geopolitical_risk,pt,nation,2019-09,0.004429,percent,gpr,2019-09-30,,2026-09-26,estimated,0
geopolitical_risk,pt,nation,2019-10,0.004204,percent,gpr,2019-10-31,,2026-09-26,estimated,0
geopolitical_risk,pt,nation,2019-11,0,percent,gpr,2019-11-30,,2026-09-26,estimated,0
geopolitical_risk,pt,nation,2019-12,0.004854,percent,gpr,2019-12-31,,2026-09-26,estimated,0
geopolitical_risk,pt,nation,2020-01,0.02206,percent,gpr,2020-01-31,,2026-09-26,estimated,0
geopolitical_risk,pt,nation,2020-02,0.004458,percent,gpr,2020-02-29,,2026-09-26,estimated,0
geopolitical_risk,pt,nation,2020-03,0.025654,percent,gpr,2020-03-31,,2026-09-26,estimated,0
geopolitical_risk,pt,nation,2020-04,0.009285,percent,gpr,2020-04-30,,2026-09-26,estimated,0
geopolitical_risk,pt,nation,2020-05,0.009012,percent,gpr,2020-05-31,,2026-09-26,estimated,0
geopolitical_risk,pt,nation,2020-06,0.018457,percent,gpr,2020-06-30,,2026-09-26,estimated,0
geopolitical_risk,pt,nation,2020-07,0.009001,percent,gpr,2020-07-31,,2026-09-26,estimated,0
geopolitical_risk,pt,nation,2020-08,0.004453,percent,gpr,2020-08-31,,2026-09-26,estimated,0
geopolitical_risk,pt,nation,2020-09,0.017924,percent,gpr,2020-09-30,,2026-09-26,estimated,0
geopolitical_risk,pt,nation,2020-10,0.004218,percent,gpr,2020-10-31,,2026-09-26,estimated,0
geopolitical_risk,pt,nation,2020-11,0.009177,percent,gpr,2020-11-30,,2026-09-26,estimated,0
geopolitical_risk,pt,nation,2020-12,0.009443,percent,gpr,2020-12-31,,2026-09-26,estimated,0
geopolitical_risk,pt,nation,2021-01,0,percent,gpr,2021-01-31,,2026-09-26,estimated,0
geopolitical_risk,pt,nation,2021-02,0.004833,percent,gpr,2021-02-28,,2026-09-26,estimated,0
geopolitical_risk,pt,nation,2021-03,0.021834,percent,gpr,2021-03-31,,2026-09-26,estimated,0
geopolitical_risk,pt,nation,2021-04,0.027934,percent,gpr,2021-04-30,,2026-09-26,estimated,0
geopolitical_risk,pt,nation,2021-05,0.063607,percent,gpr,2021-05-31,,2026-09-26,estimated,0
geopolitical_risk,pt,nation,2021-06,0.018567,percent,gpr,2021-06-30,,2026-09-26,estimated,0
geopolitical_risk,pt,nation,2021-07,0,percent,gpr,2021-07-31,,2026-09-26,estimated,0
geopolitical_risk,pt,nation,2021-08,0,percent,gpr,2021-08-31,,2026-09-26,estimated,0
geopolitical_risk,pt,nation,2021-09,0.004682,percent,gpr,2021-09-30,,2026-09-26,estimated,0
geopolitical_risk,pt,nation,2021-10,0,percent,gpr,2021-10-31,,2026-09-26,estimated,0
geopolitical_risk,pt,nation,2021-11,0,percent,gpr,2021-11-30,,2026-09-26,estimated,0
geopolitical_risk,pt,nation,2021-12,0,percent,gpr,2021-12-31,,2026-09-26,estimated,0
geopolitical_risk,pt,nation,2022-01,0,percent,gpr,2022-01-31,,2026-09-26,estimated,0
geopolitical_risk,pt,nation,2022-02,0.070472,percent,gpr,2022-02-28,,2026-09-26,estimated,0
geopolitical_risk,pt,nation,2022-03,0.033702,percent,gpr,2022-03-31,,2026-09-26,estimated,0
geopolitical_risk,pt,nation,2022-04,0.029161,percent,gpr,2022-04-30,,2026-09-26,estimated,0
geopolitical_risk,pt,nation,2022-05,0.016977,percent,gpr,2022-05-31,,2026-09-26,estimated,0
geopolitical_risk,pt,nation,2022-06,0.029433,percent,gpr,2022-06-30,,2026-09-26,estimated,0
geopolitical_risk,pt,nation,2022-07,0.046474,percent,gpr,2022-07-31,,2026-09-26,estimated,0
geopolitical_risk,pt,nation,2022-08,0.005921,percent,gpr,2022-08-31,,2026-09-26,estimated,0
geopolitical_risk,pt,nation,2022-09,0.035346,percent,gpr,2022-09-30,,2026-09-26,estimated,0
geopolitical_risk,pt,nation,2022-10,0.01136,percent,gpr,2022-10-31,,2026-09-26,estimated,0
geopolitical_risk,pt,nation,2022-11,0.005702,percent,gpr,2022-11-30,,2026-09-26,estimated,0
geopolitical_risk,pt,nation,2022-12,0.024797,percent,gpr,2022-12-31,,2026-09-26,estimated,0
geopolitical_risk,pt,nation,2023-01,0.069497,percent,gpr,2023-01-31,,2026-09-26,estimated,0
geopolitical_risk,pt,nation,2023-02,0.026684,percent,gpr,2023-02-28,,2026-09-26,estimated,0
geopolitical_risk,pt,nation,2023-03,0.011794,percent,gpr,2023-03-31,,2026-09-26,estimated,0
geopolitical_risk,pt,nation,2023-04,0.01297,percent,gpr,2023-04-30,,2026-09-26,estimated,0
geopolitical_risk,pt,nation,2023-05,0.012117,percent,gpr,2023-05-31,,2026-09-26,estimated,0
geopolitical_risk,pt,nation,2023-06,0.006117,percent,gpr,2023-06-30,,2026-09-26,estimated,0
geopolitical_risk,pt,nation,2023-07,0.024839,percent,gpr,2023-07-31,,2026-09-26,estimated,0
geopolitical_risk,pt,nation,2023-08,0.018202,percent,gpr,2023-08-31,,2026-09-26,estimated,0
geopolitical_risk,pt,nation,2023-09,0.0121,percent,gpr,2023-09-30,,2026-09-26,estimated,0
geopolitical_risk,pt,nation,2023-10,0.029856,percent,gpr,2023-10-31,,2026-09-26,estimated,0
geopolitical_risk,pt,nation,2023-11,0,percent,gpr,2023-11-30,,2026-09-26,estimated,0
geopolitical_risk,pt,nation,2023-12,0.012873,percent,gpr,2023-12-31,,2026-09-26,estimated,0
geopolitical_risk,pt,nation,2024-01,0.031317,percent,gpr,2024-01-31,,2026-09-26,estimated,0
geopolitical_risk,pt,nation,2024-02,0.01963,percent,gpr,2024-02-29,,2026-09-26,estimated,0
geopolitical_risk,pt,nation,2024-03,0.006147,percent,gpr,2024-03-31,,2026-09-26,estimated,0
geopolitical_risk,pt,nation,2024-04,0.025315,percent,gpr,2024-04-30,,2026-09-26,estimated,0
geopolitical_risk,pt,nation,2024-05,0.012234,percent,gpr,2024-05-31,,2026-09-26,estimated,0
geopolitical_risk,pt,nation,2024-06,0.031702,percent,gpr,2024-06-30,,2026-09-26,estimated,0
geopolitical_risk,pt,nation,2024-07,0.024634,percent,gpr,2024-07-31,,2026-09-26,estimated,0
geopolitical_risk,pt,nation,2024-08,0.01899,percent,gpr,2024-08-31,,2026-09-26,estimated,0
geopolitical_risk,pt,nation,2024-09,0.019517,percent,gpr,2024-09-30,,2026-09-26,estimated,0
geopolitical_risk,pt,nation,2024-10,0.006183,percent,gpr,2024-10-31,,2026-09-26,estimated,0
geopolitical_risk,pt,nation,2024-11,0.012594,percent,gpr,2024-11-30,,2026-09-26,estimated,0
geopolitical_risk,pt,nation,2024-12,0.020864,percent,gpr,2024-12-31,,2026-09-26,estimated,0
geopolitical_risk,pt,nation,2025-01,0.018764,percent,gpr,2025-01-31,,2026-09-26,estimated,0
geopolitical_risk,pt,nation,2025-02,0.020206,percent,gpr,2025-02-28,,2026-09-26,estimated,0
geopolitical_risk,pt,nation,2025-03,0.041496,percent,gpr,2025-03-31,,2026-09-26,estimated,0
geopolitical_risk,pt,nation,2025-04,0.012134,percent,gpr,2025-04-30,,2026-09-26,estimated,0
geopolitical_risk,pt,nation,2025-05,0.023411,percent,gpr,2025-05-31,,2026-09-26,estimated,0
geopolitical_risk,pt,nation,2025-06,0.012432,percent,gpr,2025-06-30,,2026-09-26,estimated,0
geopolitical_risk,pt,nation,2025-07,0.018109,percent,gpr,2025-07-31,,2026-09-26,estimated,0
geopolitical_risk,pt,nation,2025-08,0.025575,percent,gpr,2025-08-31,,2026-09-26,estimated,0
geopolitical_risk,pt,nation,2025-09,0.097975,percent,gpr,2025-09-30,,2026-09-26,estimated,0
geopolitical_risk,pt,nation,2025-10,0.018764,percent,gpr,2025-10-31,,2026-09-26,estimated,0
geopolitical_risk,pt,nation,2025-11,0.043997,percent,gpr,2025-11-30,,2026-09-26,estimated,0
geopolitical_risk,pt,nation,2025-12,0.006557,percent,gpr,2025-12-31,,2026-09-26,estimated,0
geopolitical_risk,pt,nation,2026-01,0.024885,percent,gpr,2026-01-31,,2026-09-26,estimated,0
geopolitical_risk,pt,nation,2026-02,0.006597,percent,gpr,2026-02-28,,2026-09-26,estimated,0
geopolitical_risk,pt,nation,2026-03,0.023031,percent,gpr,2026-03-31,,2026-09-26,estimated,0
geopolitical_risk,pt,nation,2026-04,0.055745,percent,gpr,2026-04-30,,2026-09-26,estimated,0
geopolitical_risk,pt,nation,2026-05,0.049745,percent,gpr,2026-05-31,,2026-09-26,estimated,0
geopolitical_risk,pt,nation,2026-06,0.043676,percent,gpr,2026-06-30,,2026-09-26,estimated,0
geopolitical_risk,pt,nation,2026-07,0.050502,percent,gpr,2026-07-31,,2026-09-26,estimated,0
geopolitical_risk,pt,nation,2026-08,0,percent,gpr,2026-08-31,,2026-09-26,estimated,0
geopolitical_risk,ru,nation,2015-01,0.636596,percent,gpr,2015-01-31,,2026-09-26,estimated,0
geopolitical_risk,ru,nation,2015-02,1.363802,percent,gpr,2015-02-28,,2026-09-26,estimated,0
geopolitical_risk,ru,nation,2015-03,0.790872,percent,gpr,2015-03-31,,2026-09-26,estimated,0
geopolitical_risk,ru,nation,2015-04,0.824725,percent,gpr,2015-04-30,,2026-09-26,estimated,0
geopolitical_risk,ru,nation,2015-05,0.453205,percent,gpr,2015-05-31,,2026-09-26,estimated,0
geopolitical_risk,ru,nation,2015-06,0.705872,percent,gpr,2015-06-30,,2026-09-26,estimated,0
geopolitical_risk,ru,nation,2015-07,0.822546,percent,gpr,2015-07-31,,2026-09-26,estimated,0
geopolitical_risk,ru,nation,2015-08,0.598436,percent,gpr,2015-08-31,,2026-09-26,estimated,0
geopolitical_risk,ru,nation,2015-09,1.070124,percent,gpr,2015-09-30,,2026-09-26,estimated,0
geopolitical_risk,ru,nation,2015-10,1.196221,percent,gpr,2015-10-31,,2026-09-26,estimated,0
geopolitical_risk,ru,nation,2015-11,1.671233,percent,gpr,2015-11-30,,2026-09-26,estimated,0
geopolitical_risk,ru,nation,2015-12,0.968916,percent,gpr,2015-12-31,,2026-09-26,estimated,0
geopolitical_risk,ru,nation,2016-01,0.704486,percent,gpr,2016-01-31,,2026-09-26,estimated,0
geopolitical_risk,ru,nation,2016-02,1.193855,percent,gpr,2016-02-29,,2026-09-26,estimated,0
geopolitical_risk,ru,nation,2016-03,0.778598,percent,gpr,2016-03-31,,2026-09-26,estimated,0
geopolitical_risk,ru,nation,2016-04,0.77613,percent,gpr,2016-04-30,,2026-09-26,estimated,0
geopolitical_risk,ru,nation,2016-05,0.655529,percent,gpr,2016-05-31,,2026-09-26,estimated,0
geopolitical_risk,ru,nation,2016-06,0.542786,percent,gpr,2016-06-30,,2026-09-26,estimated,0
geopolitical_risk,ru,nation,2016-07,0.756274,percent,gpr,2016-07-31,,2026-09-26,estimated,0
geopolitical_risk,ru,nation,2016-08,0.935497,percent,gpr,2016-08-31,,2026-09-26,estimated,0
geopolitical_risk,ru,nation,2016-09,1.048599,percent,gpr,2016-09-30,,2026-09-26,estimated,0
geopolitical_risk,ru,nation,2016-10,0.996368,percent,gpr,2016-10-31,,2026-09-26,estimated,0
geopolitical_risk,ru,nation,2016-11,0.979437,percent,gpr,2016-11-30,,2026-09-26,estimated,0
geopolitical_risk,ru,nation,2016-12,1.255971,percent,gpr,2016-12-31,,2026-09-26,estimated,0
geopolitical_risk,ru,nation,2017-01,1.235819,percent,gpr,2017-01-31,,2026-09-26,estimated,0
geopolitical_risk,ru,nation,2017-02,1.079414,percent,gpr,2017-02-28,,2026-09-26,estimated,0
geopolitical_risk,ru,nation,2017-03,0.793117,percent,gpr,2017-03-31,,2026-09-26,estimated,0
geopolitical_risk,ru,nation,2017-04,1.439529,percent,gpr,2017-04-30,,2026-09-26,estimated,0
geopolitical_risk,ru,nation,2017-05,0.868197,percent,gpr,2017-05-31,,2026-09-26,estimated,0
geopolitical_risk,ru,nation,2017-06,0.825593,percent,gpr,2017-06-30,,2026-09-26,estimated,0
geopolitical_risk,ru,nation,2017-07,1.372331,percent,gpr,2017-07-31,,2026-09-26,estimated,0
geopolitical_risk,ru,nation,2017-08,1.08417,percent,gpr,2017-08-31,,2026-09-26,estimated,0
geopolitical_risk,ru,nation,2017-09,1.178409,percent,gpr,2017-09-30,,2026-09-26,estimated,0
geopolitical_risk,ru,nation,2017-10,0.742635,percent,gpr,2017-10-31,,2026-09-26,estimated,0
geopolitical_risk,ru,nation,2017-11,0.631207,percent,gpr,2017-11-30,,2026-09-26,estimated,0
geopolitical_risk,ru,nation,2017-12,0.79046,percent,gpr,2017-12-31,,2026-09-26,estimated,0
geopolitical_risk,ru,nation,2018-01,1.032538,percent,gpr,2018-01-31,,2026-09-26,estimated,0
geopolitical_risk,ru,nation,2018-02,0.743978,percent,gpr,2018-02-28,,2026-09-26,estimated,0
geopolitical_risk,ru,nation,2018-03,1.422618,percent,gpr,2018-03-31,,2026-09-26,estimated,0
geopolitical_risk,ru,nation,2018-04,1.76651,percent,gpr,2018-04-30,,2026-09-26,estimated,0
geopolitical_risk,ru,nation,2018-05,1.256408,percent,gpr,2018-05-31,,2026-09-26,estimated,0
geopolitical_risk,ru,nation,2018-06,0.892156,percent,gpr,2018-06-30,,2026-09-26,estimated,0
geopolitical_risk,ru,nation,2018-07,1.144175,percent,gpr,2018-07-31,,2026-09-26,estimated,0
geopolitical_risk,ru,nation,2018-08,1.164509,percent,gpr,2018-08-31,,2026-09-26,estimated,0
geopolitical_risk,ru,nation,2018-09,0.818984,percent,gpr,2018-09-30,,2026-09-26,estimated,0
geopolitical_risk,ru,nation,2018-10,1.013347,percent,gpr,2018-10-31,,2026-09-26,estimated,0
geopolitical_risk,ru,nation,2018-11,0.826516,percent,gpr,2018-11-30,,2026-09-26,estimated,0
geopolitical_risk,ru,nation,2018-12,0.934053,percent,gpr,2018-12-31,,2026-09-26,estimated,0
geopolitical_risk,ru,nation,2019-01,0.998725,percent,gpr,2019-01-31,,2026-09-26,estimated,0
geopolitical_risk,ru,nation,2019-02,1.057502,percent,gpr,2019-02-28,,2026-09-26,estimated,0
geopolitical_risk,ru,nation,2019-03,0.56311,percent,gpr,2019-03-31,,2026-09-26,estimated,0
geopolitical_risk,ru,nation,2019-04,0.805802,percent,gpr,2019-04-30,,2026-09-26,estimated,0
geopolitical_risk,ru,nation,2019-05,0.971375,percent,gpr,2019-05-31,,2026-09-26,estimated,0
geopolitical_risk,ru,nation,2019-06,0.901717,percent,gpr,2019-06-30,,2026-09-26,estimated,0
geopolitical_risk,ru,nation,2019-07,0.800814,percent,gpr,2019-07-31,,2026-09-26,estimated,0
geopolitical_risk,ru,nation,2019-08,0.836209,percent,gpr,2019-08-31,,2026-09-26,estimated,0
geopolitical_risk,ru,nation,2019-09,0.580185,percent,gpr,2019-09-30,,2026-09-26,estimated,0
geopolitical_risk,ru,nation,2019-10,1.072059,percent,gpr,2019-10-31,,2026-09-26,estimated,0
geopolitical_risk,ru,nation,2019-11,0.470951,percent,gpr,2019-11-30,,2026-09-26,estimated,0
geopolitical_risk,ru,nation,2019-12,0.582468,percent,gpr,2019-12-31,,2026-09-26,estimated,0
geopolitical_risk,ru,nation,2020-01,1.178028,percent,gpr,2020-01-31,,2026-09-26,estimated,0
geopolitical_risk,ru,nation,2020-02,0.659831,percent,gpr,2020-02-29,,2026-09-26,estimated,0
geopolitical_risk,ru,nation,2020-03,0.42757,percent,gpr,2020-03-31,,2026-09-26,estimated,0
geopolitical_risk,ru,nation,2020-04,0.352816,percent,gpr,2020-04-30,,2026-09-26,estimated,0
geopolitical_risk,ru,nation,2020-05,0.292898,percent,gpr,2020-05-31,,2026-09-26,estimated,0
geopolitical_risk,ru,nation,2020-06,0.48911,percent,gpr,2020-06-30,,2026-09-26,estimated,0
geopolitical_risk,ru,nation,2020-07,0.400558,percent,gpr,2020-07-31,,2026-09-26,estimated,0
geopolitical_risk,ru,nation,2020-08,0.512044,percent,gpr,2020-08-31,,2026-09-26,estimated,0
geopolitical_risk,ru,nation,2020-09,0.932067,percent,gpr,2020-09-30,,2026-09-26,estimated,0
geopolitical_risk,ru,nation,2020-10,0.852069,percent,gpr,2020-10-31,,2026-09-26,estimated,0
geopolitical_risk,ru,nation,2020-11,0.454274,percent,gpr,2020-11-30,,2026-09-26,estimated,0
geopolitical_risk,ru,nation,2020-12,0.576015,percent,gpr,2020-12-31,,2026-09-26,estimated,0
geopolitical_risk,ru,nation,2021-01,0.592684,percent,gpr,2021-01-31,,2026-09-26,estimated,0
geopolitical_risk,ru,nation,2021-02,0.512275,percent,gpr,2021-02-28,,2026-09-26,estimated,0
geopolitical_risk,ru,nation,2021-03,0.633188,percent,gpr,2021-03-31,,2026-09-26,estimated,0
geopolitical_risk,ru,nation,2021-04,1.196518,percent,gpr,2021-04-30,,2026-09-26,estimated,0
geopolitical_risk,ru,nation,2021-05,0.826897,percent,gpr,2021-05-31,,2026-09-26,estimated,0
geopolitical_risk,ru,nation,2021-06,0.830858,percent,gpr,2021-06-30,,2026-09-26,estimated,0
geopolitical_risk,ru,nation,2021-07,0.488483,percent,gpr,2021-07-31,,2026-09-26,estimated,0
geopolitical_risk,ru,nation,2021-08,0.685494,percent,gpr,2021-08-31,,2026-09-26,estimated,0
geopolitical_risk,ru,nation,2021-09,0.603933,percent,gpr,2021-09-30,,2026-09-26,estimated,0
geopolitical_risk,ru,nation,2021-10,0.546668,percent,gpr,2021-10-31,,2026-09-26,estimated,0
geopolitical_risk,ru,nation,2021-11,1.212983,percent,gpr,2021-11-30,,2026-09-26,estimated,0
geopolitical_risk,ru,nation,2021-12,1.723031,percent,gpr,2021-12-31,,2026-09-26,estimated,0
geopolitical_risk,ru,nation,2022-01,2.777778,percent,gpr,2022-01-31,,2026-09-26,estimated,0
geopolitical_risk,ru,nation,2022-02,5.396154,percent,gpr,2022-02-28,,2026-09-26,estimated,0
geopolitical_risk,ru,nation,2022-03,8.801155,percent,gpr,2022-03-31,,2026-09-26,estimated,0
geopolitical_risk,ru,nation,2022-04,4.829114,percent,gpr,2022-04-30,,2026-09-26,estimated,0
geopolitical_risk,ru,nation,2022-05,3.19167,percent,gpr,2022-05-31,,2026-09-26,estimated,0
geopolitical_risk,ru,nation,2022-06,3.025665,percent,gpr,2022-06-30,,2026-09-26,estimated,0
geopolitical_risk,ru,nation,2022-07,2.69548,percent,gpr,2022-07-31,,2026-09-26,estimated,0
geopolitical_risk,ru,nation,2022-08,2.415917,percent,gpr,2022-08-31,,2026-09-26,estimated,0
geopolitical_risk,ru,nation,2022-09,3.022091,percent,gpr,2022-09-30,,2026-09-26,estimated,0
geopolitical_risk,ru,nation,2022-10,3.38521,percent,gpr,2022-10-31,,2026-09-26,estimated,0
geopolitical_risk,ru,nation,2022-11,2.463082,percent,gpr,2022-11-30,,2026-09-26,estimated,0
geopolitical_risk,ru,nation,2022-12,2.281322,percent,gpr,2022-12-31,,2026-09-26,estimated,0
geopolitical_risk,ru,nation,2023-01,1.97119,percent,gpr,2023-01-31,,2026-09-26,estimated,0
geopolitical_risk,ru,nation,2023-02,2.301534,percent,gpr,2023-02-28,,2026-09-26,estimated,0
geopolitical_risk,ru,nation,2023-03,2.046232,percent,gpr,2023-03-31,,2026-09-26,estimated,0
geopolitical_risk,ru,nation,2023-04,1.809339,percent,gpr,2023-04-30,,2026-09-26,estimated,0
geopolitical_risk,ru,nation,2023-05,1.902339,percent,gpr,2023-05-31,,2026-09-26,estimated,0
geopolitical_risk,ru,nation,2023-06,2.214203,percent,gpr,2023-06-30,,2026-09-26,estimated,0
geopolitical_risk,ru,nation,2023-07,2.080229,percent,gpr,2023-07-31,,2026-09-26,estimated,0
geopolitical_risk,ru,nation,2023-08,1.965781,percent,gpr,2023-08-31,,2026-09-26,estimated,0
geopolitical_risk,ru,nation,2023-09,1.905741,percent,gpr,2023-09-30,,2026-09-26,estimated,0
geopolitical_risk,ru,nation,2023-10,1.839135,percent,gpr,2023-10-31,,2026-09-26,estimated,0
geopolitical_risk,ru,nation,2023-11,1.270417,percent,gpr,2023-11-30,,2026-09-26,estimated,0
geopolitical_risk,ru,nation,2023-12,1.499743,percent,gpr,2023-12-31,,2026-09-26,estimated,0
geopolitical_risk,ru,nation,2024-01,1.553301,percent,gpr,2024-01-31,,2026-09-26,estimated,0
geopolitical_risk,ru,nation,2024-02,1.720866,percent,gpr,2024-02-29,,2026-09-26,estimated,0
geopolitical_risk,ru,nation,2024-03,1.579789,percent,gpr,2024-03-31,,2026-09-26,estimated,0
geopolitical_risk,ru,nation,2024-04,1.828998,percent,gpr,2024-04-30,,2026-09-26,estimated,0
geopolitical_risk,ru,nation,2024-05,1.718865,percent,gpr,2024-05-31,,2026-09-26,estimated,0
geopolitical_risk,ru,nation,2024-06,1.470961,percent,gpr,2024-06-30,,2026-09-26,estimated,0
geopolitical_risk,ru,nation,2024-07,0.991501,percent,gpr,2024-07-31,,2026-09-26,estimated,0
geopolitical_risk,ru,nation,2024-08,1.550829,percent,gpr,2024-08-31,,2026-09-26,estimated,0
geopolitical_risk,ru,nation,2024-09,1.444278,percent,gpr,2024-09-30,,2026-09-26,estimated,0
geopolitical_risk,ru,nation,2024-10,1.36639,percent,gpr,2024-10-31,,2026-09-26,estimated,0
geopolitical_risk,ru,nation,2024-11,1.970909,percent,gpr,2024-11-30,,2026-09-26,estimated,0
geopolitical_risk,ru,nation,2024-12,2.295014,percent,gpr,2024-12-31,,2026-09-26,estimated,0
geopolitical_risk,ru,nation,2025-01,1.125844,percent,gpr,2025-01-31,,2026-09-26,estimated,0
geopolitical_risk,ru,nation,2025-02,1.953257,percent,gpr,2025-02-28,,2026-09-26,estimated,0
geopolitical_risk,ru,nation,2025-03,2.47199,percent,gpr,2025-03-31,,2026-09-26,estimated,0
geopolitical_risk,ru,nation,2025-04,1.528848,percent,gpr,2025-04-30,,2026-09-26,estimated,0
geopolitical_risk,ru,nation,2025-05,1.510008,percent,gpr,2025-05-31,,2026-09-26,estimated,0
geopolitical_risk,ru,nation,2025-06,2.181886,percent,gpr,2025-06-30,,2026-09-26,estimated,0
geopolitical_risk,ru,nation,2025-07,1.400459,percent,gpr,2025-07-31,,2026-09-26,estimated,0
geopolitical_risk,ru,nation,2025-08,1.713555,percent,gpr,2025-08-31,,2026-09-26,estimated,0
geopolitical_risk,ru,nation,2025-09,1.430438,percent,gpr,2025-09-30,,2026-09-26,estimated,0
geopolitical_risk,ru,nation,2025-10,1.50738,percent,gpr,2025-10-31,,2026-09-26,estimated,0
geopolitical_risk,ru,nation,2025-11,1.282212,percent,gpr,2025-11-30,,2026-09-26,estimated,0
geopolitical_risk,ru,nation,2025-12,1.698361,percent,gpr,2025-12-31,,2026-09-26,estimated,0
geopolitical_risk,ru,nation,2026-01,1.903695,percent,gpr,2026-01-31,,2026-09-26,estimated,0
geopolitical_risk,ru,nation,2026-02,1.286365,percent,gpr,2026-02-28,,2026-09-26,estimated,0
geopolitical_risk,ru,nation,2026-03,2.504606,percent,gpr,2026-03-31,,2026-09-26,estimated,0
geopolitical_risk,ru,nation,2026-04,1.734283,percent,gpr,2026-04-30,,2026-09-26,estimated,0
geopolitical_risk,ru,nation,2026-05,1.660241,percent,gpr,2026-05-31,,2026-09-26,estimated,0
geopolitical_risk,ru,nation,2026-06,1.310289,percent,gpr,2026-06-30,,2026-09-26,estimated,0
geopolitical_risk,ru,nation,2026-07,1.508743,percent,gpr,2026-07-31,,2026-09-26,estimated,0
geopolitical_risk,ru,nation,2026-08,1.155033,percent,gpr,2026-08-31,,2026-09-26,estimated,0
geopolitical_risk,sa,nation,2015-01,0.259664,percent,gpr,2015-01-31,,2026-09-26,estimated,0
geopolitical_risk,sa,nation,2015-02,0.205255,percent,gpr,2015-02-28,,2026-09-26,estimated,0
geopolitical_risk,sa,nation,2015-03,0.531367,percent,gpr,2015-03-31,,2026-09-26,estimated,0
geopolitical_risk,sa,nation,2015-04,0.701441,percent,gpr,2015-04-30,,2026-09-26,estimated,0
geopolitical_risk,sa,nation,2015-05,0.500235,percent,gpr,2015-05-31,,2026-09-26,estimated,0
geopolitical_risk,sa,nation,2015-06,0.311796,percent,gpr,2015-06-30,,2026-09-26,estimated,0
geopolitical_risk,sa,nation,2015-07,0.450236,percent,gpr,2015-07-31,,2026-09-26,estimated,0
geopolitical_risk,sa,nation,2015-08,0.169635,percent,gpr,2015-08-31,,2026-09-26,estimated,0
geopolitical_risk,sa,nation,2015-09,0.395859,percent,gpr,2015-09-30,,2026-09-26,estimated,0
geopolitical_risk,sa,nation,2015-10,0.344674,percent,gpr,2015-10-31,,2026-09-26,estimated,0
geopolitical_risk,sa,nation,2015-11,0.328767,percent,gpr,2015-11-30,,2026-09-26,estimated,0
geopolitical_risk,sa,nation,2015-12,0.427897,percent,gpr,2015-12-31,,2026-09-26,estimated,0
geopolitical_risk,sa,nation,2016-01,0.500556,percent,gpr,2016-01-31,,2026-09-26,estimated,0
geopolitical_risk,sa,nation,2016-02,0.420785,percent,gpr,2016-02-29,,2026-09-26,estimated,0
geopolitical_risk,sa,nation,2016-03,0.23539,percent,gpr,2016-03-31,,2026-09-26,estimated,0
geopolitical_risk,sa,nation,2016-04,0.278849,percent,gpr,2016-04-30,,2026-09-26,estimated,0
geopolitical_risk,sa,nation,2016-05,0.245823,percent,gpr,2016-05-31,,2026-09-26,estimated,0
geopolitical_risk,sa,nation,2016-06,0.169916,percent,gpr,2016-06-30,,2026-09-26,estimated,0
geopolitical_risk,sa,nation,2016-07,0.191524,percent,gpr,2016-07-31,,2026-09-26,estimated,0
geopolitical_risk,sa,nation,2016-08,0.201571,percent,gpr,2016-08-31,,2026-09-26,estimated,0
geopolitical_risk,sa,nation,2016-09,0.322646,percent,gpr,2016-09-30,,2026-09-26,estimated,0
geopolitical_risk,sa,nation,2016-10,0.289585,percent,gpr,2016-10-31,,2026-09-26,estimated,0
geopolitical_risk,sa,nation,2016-11,0.14871,percent,gpr,2016-11-30,,2026-09-26,estimated,0
geopolitical_risk,sa,nation,2016-12,0.225431,percent,gpr,2016-12-31,,2026-09-26,estimated,0
geopolitical_risk,sa,nation,2017-01,0.278566,percent,gpr,2017-01-31,,2026-09-26,estimated,0
geopolitical_risk,sa,nation,2017-02,0.275361,percent,gpr,2017-02-28,,2026-09-26,estimated,0
geopolitical_risk,sa,nation,2017-03,0.201884,percent,gpr,2017-03-31,,2026-09-26,estimated,0
geopolitical_risk,sa,nation,2017-04,0.183881,percent,gpr,2017-04-30,,2026-09-26,estimated,0
geopolitical_risk,sa,nation,2017-05,0.446791,percent,gpr,2017-05-31,,2026-09-26,estimated,0
geopolitical_risk,sa,nation,2017-06,0.737874,percent,gpr,2017-06-30,,2026-09-26,estimated,0
geopolitical_risk,sa,nation,2017-07,0.349706,percent,gpr,2017-07-31,,2026-09-26,estimated,0
geopolitical_risk,sa,nation,2017-08,0.21363,percent,gpr,2017-08-31,,2026-09-26,estimated,0
geopolitical_risk,sa,nation,2017-09,0.129825,percent,gpr,2017-09-30,,2026-09-26,estimated,0
geopolitical_risk,sa,nation,2017-10,0.231312,percent,gpr,2017-10-31,,2026-09-26,estimated,0
geopolitical_risk,sa,nation,2017-11,0.605959,percent,gpr,2017-11-30,,2026-09-26,estimated,0
geopolitical_risk,sa,nation,2017-12,0.246733,percent,gpr,2017-12-31,,2026-09-26,estimated,0
geopolitical_risk,sa,nation,2018-01,0.308026,percent,gpr,2018-01-31,,2026-09-26,estimated,0
geopolitical_risk,sa,nation,2018-02,0.139496,percent,gpr,2018-02-28,,2026-09-26,estimated,0
geopolitical_risk,sa,nation,2018-03,0.248457,percent,gpr,2018-03-31,,2026-09-26,estimated,0
geopolitical_risk,sa,nation,2018-04,0.440548,percent,gpr,2018-04-30,,2026-09-26,estimated,0
geopolitical_risk,sa,nation,2018-05,0.508446,percent,gpr,2018-05-31,,2026-09-26,estimated,0
geopolitical_risk,sa,nation,2018-06,0.268473,percent,gpr,2018-06-30,,2026-09-26,estimated,0
geopolitical_risk,sa,nation,2018-07,0.196388,percent,gpr,2018-07-31,,2026-09-26,estimated,0
geopolitical_risk,sa,nation,2018-08,0.371747,percent,gpr,2018-08-31,,2026-09-26,estimated,0
geopolitical_risk,sa,nation,2018-09,0.117598,percent,gpr,2018-09-30,,2026-09-26,estimated,0
geopolitical_risk,sa,nation,2018-10,0.659087,percent,gpr,2018-10-31,,2026-09-26,estimated,0
geopolitical_risk,sa,nation,2018-11,0.648497,percent,gpr,2018-11-30,,2026-09-26,estimated,0
geopolitical_risk,sa,nation,2018-12,0.366111,percent,gpr,2018-12-31,,2026-09-26,estimated,0
geopolitical_risk,sa,nation,2019-01,0.314492,percent,gpr,2019-01-31,,2026-09-26,estimated,0
geopolitical_risk,sa,nation,2019-02,0.273817,percent,gpr,2019-02-28,,2026-09-26,estimated,0
geopolitical_risk,sa,nation,2019-03,0.241929,percent,gpr,2019-03-31,,2026-09-26,estimated,0
geopolitical_risk,sa,nation,2019-04,0.326797,percent,gpr,2019-04-30,,2026-09-26,estimated,0
geopolitical_risk,sa,nation,2019-05,0.580246,percent,gpr,2019-05-31,,2026-09-26,estimated,0
geopolitical_risk,sa,nation,2019-06,0.707568,percent,gpr,2019-06-30,,2026-09-26,estimated,0
geopolitical_risk,sa,nation,2019-07,0.331829,percent,gpr,2019-07-31,,2026-09-26,estimated,0
geopolitical_risk,sa,nation,2019-08,0.25219,percent,gpr,2019-08-31,,2026-09-26,estimated,0
geopolitical_risk,sa,nation,2019-09,0.903494,percent,gpr,2019-09-30,,2026-09-26,estimated,0
geopolitical_risk,sa,nation,2019-10,0.420415,percent,gpr,2019-10-31,,2026-09-26,estimated,0
geopolitical_risk,sa,nation,2019-11,0.114437,percent,gpr,2019-11-30,,2026-09-26,estimated,0
geopolitical_risk,sa,nation,2019-12,0.296088,percent,gpr,2019-12-31,,2026-09-26,estimated,0
geopolitical_risk,sa,nation,2020-01,0.803,percent,gpr,2020-01-31,,2026-09-26,estimated,0
geopolitical_risk,sa,nation,2020-02,0.178333,percent,gpr,2020-02-29,,2026-09-26,estimated,0
geopolitical_risk,sa,nation,2020-03,0.081238,percent,gpr,2020-03-31,,2026-09-26,estimated,0
geopolitical_risk,sa,nation,2020-04,0.134627,percent,gpr,2020-04-30,,2026-09-26,estimated,0
geopolitical_risk,sa,nation,2020-05,0.08111,percent,gpr,2020-05-31,,2026-09-26,estimated,0
geopolitical_risk,sa,nation,2020-06,0.059985,percent,gpr,2020-06-30,,2026-09-26,estimated,0
geopolitical_risk,sa,nation,2020-07,0.094514,percent,gpr,2020-07-31,,2026-09-26,estimated,0
geopolitical_risk,sa,nation,2020-08,0.129124,percent,gpr,2020-08-31,,2026-09-26,estimated,0
geopolitical_risk,sa,nation,2020-09,0.103065,percent,gpr,2020-09-30,,2026-09-26,estimated,0
geopolitical_risk,sa,nation,2020-10,0.11389,percent,gpr,2020-10-31,,2026-09-26,estimated,0
geopolitical_risk,sa,nation,2020-11,0.137659,percent,gpr,2020-11-30,,2026-09-26,estimated,0
geopolitical_risk,sa,nation,2020-12,0.221907,percent,gpr,2020-12-31,,2026-09-26,estimated,0
geopolitical_risk,sa,nation,2021-01,0.199036,percent,gpr,2021-01-31,,2026-09-26,estimated,0
geopolitical_risk,sa,nation,2021-02,0.198144,percent,gpr,2021-02-28,,2026-09-26,estimated,0
geopolitical_risk,sa,nation,2021-03,0.227074,percent,gpr,2021-03-31,,2026-09-26,estimated,0
geopolitical_risk,sa,nation,2021-04,0.083803,percent,gpr,2021-04-30,,2026-09-26,estimated,0
geopolitical_risk,sa,nation,2021-05,0.090868,percent,gpr,2021-05-31,,2026-09-26,estimated,0
geopolitical_risk,sa,nation,2021-06,0.102117,percent,gpr,2021-06-30,,2026-09-26,estimated,0
geopolitical_risk,sa,nation,2021-07,0.062741,percent,gpr,2021-07-31,,2026-09-26,estimated,0
geopolitical_risk,sa,nation,2021-08,0.062756,percent,gpr,2021-08-31,,2026-09-26,estimated,0
geopolitical_risk,sa,nation,2021-09,0.102996,percent,gpr,2021-09-30,,2026-09-26,estimated,0
geopolitical_risk,sa,nation,2021-10,0.10306,percent,gpr,2021-10-31,,2026-09-26,estimated,0
geopolitical_risk,sa,nation,2021-11,0.127932,percent,gpr,2021-11-30,,2026-09-26,estimated,0
geopolitical_risk,sa,nation,2021-12,0.148112,percent,gpr,2021-12-31,,2026-09-26,estimated,0
geopolitical_risk,sa,nation,2022-01,0.21815,percent,gpr,2022-01-31,,2026-09-26,estimated,0
geopolitical_risk,sa,nation,2022-02,0.17618,percent,gpr,2022-02-28,,2026-09-26,estimated,0
geopolitical_risk,sa,nation,2022-03,0.45739,percent,gpr,2022-03-31,,2026-09-26,estimated,0
geopolitical_risk,sa,nation,2022-04,0.12831,percent,gpr,2022-04-30,,2026-09-26,estimated,0
geopolitical_risk,sa,nation,2022-05,0.050931,percent,gpr,2022-05-31,,2026-09-26,estimated,0
geopolitical_risk,sa,nation,2022-06,0.188368,percent,gpr,2022-06-30,,2026-09-26,estimated,0
geopolitical_risk,sa,nation,2022-07,0.418264,percent,gpr,2022-07-31,,2026-09-26,estimated,0
geopolitical_risk,sa,nation,2022-08,0.124349,percent,gpr,2022-08-31,,2026-09-26,estimated,0
geopolitical_risk,sa,nation,2022-09,0.111929,percent,gpr,2022-09-30,,2026-09-26,estimated,0
geopolitical_risk,sa,nation,2022-10,0.369192,percent,gpr,2022-10-31,,2026-09-26,estimated,0
geopolitical_risk,sa,nation,2022-11,0.165346,percent,gpr,2022-11-30,,2026-09-26,estimated,0
geopolitical_risk,sa,nation,2022-12,0.16118,percent,gpr,2022-12-31,,2026-09-26,estimated,0
geopolitical_risk,sa,nation,2023-01,0.044225,percent,gpr,2023-01-31,,2026-09-26,estimated,0
geopolitical_risk,sa,nation,2023-02,0.140093,percent,gpr,2023-02-28,,2026-09-26,estimated,0
geopolitical_risk,sa,nation,2023-03,0.365609,percent,gpr,2023-03-31,,2026-09-26,estimated,0
geopolitical_risk,sa,nation,2023-04,0.415045,percent,gpr,2023-04-30,,2026-09-26,estimated,0
geopolitical_risk,sa,nation,2023-05,0.333212,percent,gpr,2023-05-31,,2026-09-26,estimated,0
geopolitical_risk,sa,nation,2023-06,0.207964,percent,gpr,2023-06-30,,2026-09-26,estimated,0
geopolitical_risk,sa,nation,2023-07,0.093145,percent,gpr,2023-07-31,,2026-09-26,estimated,0
geopolitical_risk,sa,nation,2023-08,0.266958,percent,gpr,2023-08-31,,2026-09-26,estimated,0
geopolitical_risk,sa,nation,2023-09,0.248049,percent,gpr,2023-09-30,,2026-09-26,estimated,0
geopolitical_risk,sa,nation,2023-10,0.794172,percent,gpr,2023-10-31,,2026-09-26,estimated,0
geopolitical_risk,sa,nation,2023-11,0.294136,percent,gpr,2023-11-30,,2026-09-26,estimated,0
geopolitical_risk,sa,nation,2023-12,0.276777,percent,gpr,2023-12-31,,2026-09-26,estimated,0
geopolitical_risk,sa,nation,2024-01,0.563698,percent,gpr,2024-01-31,,2026-09-26,estimated,0
geopolitical_risk,sa,nation,2024-02,0.281358,percent,gpr,2024-02-29,,2026-09-26,estimated,0
geopolitical_risk,sa,nation,2024-03,0.196705,percent,gpr,2024-03-31,,2026-09-26,estimated,0
geopolitical_risk,sa,nation,2024-04,0.39238,percent,gpr,2024-04-30,,2026-09-26,estimated,0
geopolitical_risk,sa,nation,2024-05,0.256912,percent,gpr,2024-05-31,,2026-09-26,estimated,0
geopolitical_risk,sa,nation,2024-06,0.152168,percent,gpr,2024-06-30,,2026-09-26,estimated,0
geopolitical_risk,sa,nation,2024-07,0.141643,percent,gpr,2024-07-31,,2026-09-26,estimated,0
geopolitical_risk,sa,nation,2024-08,0.259527,percent,gpr,2024-08-31,,2026-09-26,estimated,0
geopolitical_risk,sa,nation,2024-09,0.149632,percent,gpr,2024-09-30,,2026-09-26,estimated,0
geopolitical_risk,sa,nation,2024-10,0.302955,percent,gpr,2024-10-31,,2026-09-26,estimated,0
geopolitical_risk,sa,nation,2024-11,0.214092,percent,gpr,2024-11-30,,2026-09-26,estimated,0
geopolitical_risk,sa,nation,2024-12,0.340775,percent,gpr,2024-12-31,,2026-09-26,estimated,0
geopolitical_risk,sa,nation,2025-01,0.243933,percent,gpr,2025-01-31,,2026-09-26,estimated,0
geopolitical_risk,sa,nation,2025-02,0.687007,percent,gpr,2025-02-28,,2026-09-26,estimated,0
geopolitical_risk,sa,nation,2025-03,0.800285,percent,gpr,2025-03-31,,2026-09-26,estimated,0
geopolitical_risk,sa,nation,2025-04,0.260875,percent,gpr,2025-04-30,,2026-09-26,estimated,0
geopolitical_risk,sa,nation,2025-05,0.708182,percent,gpr,2025-05-31,,2026-09-26,estimated,0
geopolitical_risk,sa,nation,2025-06,0.459999,percent,gpr,2025-06-30,,2026-09-26,estimated,0
geopolitical_risk,sa,nation,2025-07,0.20524,percent,gpr,2025-07-31,,2026-09-26,estimated,0
geopolitical_risk,sa,nation,2025-08,0.179028,percent,gpr,2025-08-31,,2026-09-26,estimated,0
geopolitical_risk,sa,nation,2025-09,0.254735,percent,gpr,2025-09-30,,2026-09-26,estimated,0
geopolitical_risk,sa,nation,2025-10,0.218914,percent,gpr,2025-10-31,,2026-09-26,estimated,0
geopolitical_risk,sa,nation,2025-11,0.201131,percent,gpr,2025-11-30,,2026-09-26,estimated,0
geopolitical_risk,sa,nation,2025-12,0.15082,percent,gpr,2025-12-31,,2026-09-26,estimated,0
geopolitical_risk,sa,nation,2026-01,0.335946,percent,gpr,2026-01-31,,2026-09-26,estimated,0
geopolitical_risk,sa,nation,2026-02,0.32324,percent,gpr,2026-02-28,,2026-09-26,estimated,0
geopolitical_risk,sa,nation,2026-03,2.239751,percent,gpr,2026-03-31,,2026-09-26,estimated,0
geopolitical_risk,sa,nation,2026-04,0.904305,percent,gpr,2026-04-30,,2026-09-26,estimated,0
geopolitical_risk,sa,nation,2026-05,0.603159,percent,gpr,2026-05-31,,2026-09-26,estimated,0
geopolitical_risk,sa,nation,2026-06,0.449242,percent,gpr,2026-06-30,,2026-09-26,estimated,0
geopolitical_risk,sa,nation,2026-07,1.136292,percent,gpr,2026-07-31,,2026-09-26,estimated,0
geopolitical_risk,sa,nation,2026-08,0.581103,percent,gpr,2026-08-31,,2026-09-26,estimated,0
geopolitical_risk,se,nation,2015-01,0.058634,percent,gpr,2015-01-31,,2026-09-26,estimated,0
geopolitical_risk,se,nation,2015-02,0.018245,percent,gpr,2015-02-28,,2026-09-26,estimated,0
geopolitical_risk,se,nation,2015-03,0.024715,percent,gpr,2015-03-31,,2026-09-26,estimated,0
geopolitical_risk,se,nation,2015-04,0.051014,percent,gpr,2015-04-30,,2026-09-26,estimated,0
geopolitical_risk,se,nation,2015-05,0.051306,percent,gpr,2015-05-31,,2026-09-26,estimated,0
geopolitical_risk,se,nation,2015-06,0.056297,percent,gpr,2015-06-30,,2026-09-26,estimated,0
geopolitical_risk,se,nation,2015-07,0.021646,percent,gpr,2015-07-31,,2026-09-26,estimated,0
geopolitical_risk,se,nation,2015-08,0.014136,percent,gpr,2015-08-31,,2026-09-26,estimated,0
geopolitical_risk,se,nation,2015-09,0.130503,percent,gpr,2015-09-30,,2026-09-26,estimated,0
geopolitical_risk,se,nation,2015-10,0.012165,percent,gpr,2015-10-31,,2026-09-26,estimated,0
geopolitical_risk,se,nation,2015-11,0.105023,percent,gpr,2015-11-30,,2026-09-26,estimated,0
geopolitical_risk,se,nation,2015-12,0.068857,percent,gpr,2015-12-31,,2026-09-26,estimated,0
geopolitical_risk,se,nation,2016-01,0.134409,percent,gpr,2016-01-31,,2026-09-26,estimated,0
geopolitical_risk,se,nation,2016-02,0.078286,percent,gpr,2016-02-29,,2026-09-26,estimated,0
geopolitical_risk,se,nation,2016-03,0.063374,percent,gpr,2016-03-31,,2026-09-26,estimated,0
geopolitical_risk,se,nation,2016-04,0.03718,percent,gpr,2016-04-30,,2026-09-26,estimated,0
geopolitical_risk,se,nation,2016-05,0.018209,percent,gpr,2016-05-31,,2026-09-26,estimated,0
geopolitical_risk,se,nation,2016-06,0.047199,percent,gpr,2016-06-30,,2026-09-26,estimated,0
geopolitical_risk,se,nation,2016-07,0.044198,percent,gpr,2016-07-31,,2026-09-26,estimated,0
geopolitical_risk,se,nation,2016-08,0.046516,percent,gpr,2016-08-31,,2026-09-26,estimated,0
geopolitical_risk,se,nation,2016-09,0.025207,percent,gpr,2016-09-30,,2026-09-26,estimated,0
geopolitical_risk,se,nation,2016-10,0.029449,percent,gpr,2016-10-31,,2026-09-26,estimated,0
geopolitical_risk,se,nation,2016-11,0.020512,percent,gpr,2016-11-30,,2026-09-26,estimated,0
geopolitical_risk,se,nation,2016-12,0.048307,percent,gpr,2016-12-31,,2026-09-26,estimated,0
geopolitical_risk,se,nation,2017-01,0.050648,percent,gpr,2017-01-31,,2026-09-26,estimated,0
geopolitical_risk,se,nation,2017-02,0.104637,percent,gpr,2017-02-28,,2026-09-26,estimated,0
geopolitical_risk,se,nation,2017-03,0.076908,percent,gpr,2017-03-31,,2026-09-26,estimated,0
geopolitical_risk,se,nation,2017-04,0.068299,percent,gpr,2017-04-30,,2026-09-26,estimated,0
geopolitical_risk,se,nation,2017-05,0.060926,percent,gpr,2017-05-31,,2026-09-26,estimated,0
geopolitical_risk,se,nation,2017-06,0.072239,percent,gpr,2017-06-30,,2026-09-26,estimated,0
geopolitical_risk,se,nation,2017-07,0.047687,percent,gpr,2017-07-31,,2026-09-26,estimated,0
geopolitical_risk,se,nation,2017-08,0.096133,percent,gpr,2017-08-31,,2026-09-26,estimated,0
geopolitical_risk,se,nation,2017-09,0.074899,percent,gpr,2017-09-30,,2026-09-26,estimated,0
geopolitical_risk,se,nation,2017-10,0.032465,percent,gpr,2017-10-31,,2026-09-26,estimated,0
geopolitical_risk,se,nation,2017-11,0.037872,percent,gpr,2017-11-30,,2026-09-26,estimated,0
geopolitical_risk,se,nation,2017-12,0.045691,percent,gpr,2017-12-31,,2026-09-26,estimated,0
geopolitical_risk,se,nation,2018-01,0.086768,percent,gpr,2018-01-31,,2026-09-26,estimated,0
geopolitical_risk,se,nation,2018-02,0.055798,percent,gpr,2018-02-28,,2026-09-26,estimated,0
geopolitical_risk,se,nation,2018-03,0.09217,percent,gpr,2018-03-31,,2026-09-26,estimated,0
geopolitical_risk,se,nation,2018-04,0.04751,percent,gpr,2018-04-30,,2026-09-26,estimated,0
geopolitical_risk,se,nation,2018-05,0.025212,percent,gpr,2018-05-31,,2026-09-26,estimated,0
geopolitical_risk,se,nation,2018-06,0.053695,percent,gpr,2018-06-30,,2026-09-26,estimated,0
geopolitical_risk,se,nation,2018-07,0.076848,percent,gpr,2018-07-31,,2026-09-26,estimated,0
geopolitical_risk,se,nation,2018-08,0.022394,percent,gpr,2018-08-31,,2026-09-26,estimated,0
geopolitical_risk,se,nation,2018-09,0.0126,percent,gpr,2018-09-30,,2026-09-26,estimated,0
geopolitical_risk,se,nation,2018-10,0.111221,percent,gpr,2018-10-31,,2026-09-26,estimated,0
geopolitical_risk,se,nation,2018-11,0.089009,percent,gpr,2018-11-30,,2026-09-26,estimated,0
geopolitical_risk,se,nation,2018-12,0.136118,percent,gpr,2018-12-31,,2026-09-26,estimated,0
geopolitical_risk,se,nation,2019-01,0.029749,percent,gpr,2019-01-31,,2026-09-26,estimated,0
geopolitical_risk,se,nation,2019-02,0.042489,percent,gpr,2019-02-28,,2026-09-26,estimated,0
geopolitical_risk,se,nation,2019-03,0.037541,percent,gpr,2019-03-31,,2026-09-26,estimated,0
geopolitical_risk,se,nation,2019-04,0.06715,percent,gpr,2019-04-30,,2026-09-26,estimated,0
geopolitical_risk,se,nation,2019-05,0.038683,percent,gpr,2019-05-31,,2026-09-26,estimated,0
geopolitical_risk,se,nation,2019-06,0.07766,percent,gpr,2019-06-30,,2026-09-26,estimated,0
geopolitical_risk,se,nation,2019-07,0.057517,percent,gpr,2019-07-31,,2026-09-26,estimated,0
geopolitical_risk,se,nation,2019-08,0.048668,percent,gpr,2019-08-31,,2026-09-26,estimated,0
geopolitical_risk,se,nation,2019-09,0.084149,percent,gpr,2019-09-30,,2026-09-26,estimated,0
geopolitical_risk,se,nation,2019-10,0.071471,percent,gpr,2019-10-31,,2026-09-26,estimated,0
geopolitical_risk,se,nation,2019-11,0.074824,percent,gpr,2019-11-30,,2026-09-26,estimated,0
geopolitical_risk,se,nation,2019-12,0.072808,percent,gpr,2019-12-31,,2026-09-26,estimated,0
geopolitical_risk,se,nation,2020-01,0.097066,percent,gpr,2020-01-31,,2026-09-26,estimated,0
geopolitical_risk,se,nation,2020-02,0.057958,percent,gpr,2020-02-29,,2026-09-26,estimated,0
geopolitical_risk,se,nation,2020-03,0.021378,percent,gpr,2020-03-31,,2026-09-26,estimated,0
geopolitical_risk,se,nation,2020-04,0.018569,percent,gpr,2020-04-30,,2026-09-26,estimated,0
geopolitical_risk,se,nation,2020-05,0.018025,percent,gpr,2020-05-31,,2026-09-26,estimated,0
geopolitical_risk,se,nation,2020-06,0.027685,percent,gpr,2020-06-30,,2026-09-26,estimated,0
geopolitical_risk,se,nation,2020-07,0.063009,percent,gpr,2020-07-31,,2026-09-26,estimated,0
geopolitical_risk,se,nation,2020-08,0.01781,percent,gpr,2020-08-31,,2026-09-26,estimated,0
geopolitical_risk,se,nation,2020-09,0.08066,percent,gpr,2020-09-30,,2026-09-26,estimated,0
geopolitical_risk,se,nation,2020-10,0.118109,percent,gpr,2020-10-31,,2026-09-26,estimated,0
geopolitical_risk,se,nation,2020-11,0.027532,percent,gpr,2020-11-30,,2026-09-26,estimated,0
geopolitical_risk,se,nation,2020-12,0.061379,percent,gpr,2020-12-31,,2026-09-26,estimated,0
geopolitical_risk,se,nation,2021-01,0.013269,percent,gpr,2021-01-31,,2026-09-26,estimated,0
geopolitical_risk,se,nation,2021-02,0.053161,percent,gpr,2021-02-28,,2026-09-26,estimated,0
geopolitical_risk,se,nation,2021-03,0.048035,percent,gpr,2021-03-31,,2026-09-26,estimated,0
geopolitical_risk,se,nation,2021-04,0.06518,percent,gpr,2021-04-30,,2026-09-26,estimated,0
geopolitical_risk,se,nation,2021-05,0.113585,percent,gpr,2021-05-31,,2026-09-26,estimated,0
geopolitical_risk,se,nation,2021-06,0.018567,percent,gpr,2021-06-30,,2026-09-26,estimated,0
geopolitical_risk,se,nation,2021-07,0.008963,percent,gpr,2021-07-31,,2026-09-26,estimated,0
geopolitical_risk,se,nation,2021-08,0.082066,percent,gpr,2021-08-31,,2026-09-26,estimated,0
geopolitical_risk,se,nation,2021-09,0.032772,percent,gpr,2021-09-30,,2026-09-26,estimated,0
geopolitical_risk,se,nation,2021-10,0.04929,percent,gpr,2021-10-31,,2026-09-26,estimated,0
geopolitical_risk,se,nation,2021-11,0.033167,percent,gpr,2021-11-30,,2026-09-26,estimated,0
geopolitical_risk,se,nation,2021-12,0.148112,percent,gpr,2021-12-31,,2026-09-26,estimated,0
geopolitical_risk,se,nation,2022-01,0.106651,percent,gpr,2022-01-31,,2026-09-26,estimated,0
geopolitical_risk,se,nation,2022-02,0.241619,percent,gpr,2022-02-28,,2026-09-26,estimated,0
geopolitical_risk,se,nation,2022-03,0.274434,percent,gpr,2022-03-31,,2026-09-26,estimated,0
geopolitical_risk,se,nation,2022-04,0.274116,percent,gpr,2022-04-30,,2026-09-26,estimated,0
geopolitical_risk,se,nation,2022-05,0.548922,percent,gpr,2022-05-31,,2026-09-26,estimated,0
geopolitical_risk,se,nation,2022-06,0.406169,percent,gpr,2022-06-30,,2026-09-26,estimated,0
geopolitical_risk,se,nation,2022-07,0.15104,percent,gpr,2022-07-31,,2026-09-26,estimated,0
geopolitical_risk,se,nation,2022-08,0.124349,percent,gpr,2022-08-31,,2026-09-26,estimated,0
geopolitical_risk,se,nation,2022-09,0.270987,percent,gpr,2022-09-30,,2026-09-26,estimated,0
geopolitical_risk,se,nation,2022-10,0.164717,percent,gpr,2022-10-31,,2026-09-26,estimated,0
geopolitical_risk,se,nation,2022-11,0.142539,percent,gpr,2022-11-30,,2026-09-26,estimated,0
geopolitical_risk,se,nation,2022-12,0.105387,percent,gpr,2022-12-31,,2026-09-26,estimated,0
geopolitical_risk,se,nation,2023-01,0.170584,percent,gpr,2023-01-31,,2026-09-26,estimated,0
geopolitical_risk,se,nation,2023-02,0.140093,percent,gpr,2023-02-28,,2026-09-26,estimated,0
geopolitical_risk,se,nation,2023-03,0.129732,percent,gpr,2023-03-31,,2026-09-26,estimated,0
geopolitical_risk,se,nation,2023-04,0.116732,percent,gpr,2023-04-30,,2026-09-26,estimated,0
geopolitical_risk,se,nation,2023-05,0.15146,percent,gpr,2023-05-31,,2026-09-26,estimated,0
geopolitical_risk,se,nation,2023-06,0.128448,percent,gpr,2023-06-30,,2026-09-26,estimated,0
geopolitical_risk,se,nation,2023-07,0.304272,percent,gpr,2023-07-31,,2026-09-26,estimated,0
geopolitical_risk,se,nation,2023-08,0.091008,percent,gpr,2023-08-31,,2026-09-26,estimated,0
geopolitical_risk,se,nation,2023-09,0.133099,percent,gpr,2023-09-30,,2026-09-26,estimated,0
geopolitical_risk,se,nation,2023-10,0.167194,percent,gpr,2023-10-31,,2026-09-26,estimated,0
geopolitical_risk,se,nation,2023-11,0.037549,percent,gpr,2023-11-30,,2026-09-26,estimated,0
geopolitical_risk,se,nation,2023-12,0.122297,percent,gpr,2023-12-31,,2026-09-26,estimated,0
geopolitical_risk,se,nation,2024-01,0.125266,percent,gpr,2024-01-31,,2026-09-26,estimated,0
geopolitical_risk,se,nation,2024-02,0.104691,percent,gpr,2024-02-29,,2026-09-26,estimated,0
geopolitical_risk,se,nation,2024-03,0.129088,percent,gpr,2024-03-31,,2026-09-26,estimated,0
geopolitical_risk,se,nation,2024-04,0.132903,percent,gpr,2024-04-30,,2026-09-26,estimated,0
geopolitical_risk,se,nation,2024-05,0.116222,percent,gpr,2024-05-31,,2026-09-26,estimated,0
geopolitical_risk,se,nation,2024-06,0.107786,percent,gpr,2024-06-30,,2026-09-26,estimated,0
geopolitical_risk,se,nation,2024-07,0.086218,percent,gpr,2024-07-31,,2026-09-26,estimated,0
geopolitical_risk,se,nation,2024-08,0.069629,percent,gpr,2024-08-31,,2026-09-26,estimated,0
geopolitical_risk,se,nation,2024-09,0.058552,percent,gpr,2024-09-30,,2026-09-26,estimated,0
geopolitical_risk,se,nation,2024-10,0.098924,percent,gpr,2024-10-31,,2026-09-26,estimated,0
geopolitical_risk,se,nation,2024-11,0.144827,percent,gpr,2024-11-30,,2026-09-26,estimated,0
geopolitical_risk,se,nation,2024-12,0.104319,percent,gpr,2024-12-31,,2026-09-26,estimated,0
geopolitical_risk,se,nation,2025-01,0.081311,percent,gpr,2025-01-31,,2026-09-26,estimated,0
geopolitical_risk,se,nation,2025-02,0.141443,percent,gpr,2025-02-28,,2026-09-26,estimated,0
geopolitical_risk,se,nation,2025-03,0.148201,percent,gpr,2025-03-31,,2026-09-26,estimated,0
geopolitical_risk,se,nation,2025-04,0.084936,percent,gpr,2025-04-30,,2026-09-26,estimated,0
geopolitical_risk,se,nation,2025-05,0.198993,percent,gpr,2025-05-31,,2026-09-26,estimated,0
geopolitical_risk,se,nation,2025-06,0.186486,percent,gpr,2025-06-30,,2026-09-26,estimated,0
geopolitical_risk,se,nation,2025-07,0.120729,percent,gpr,2025-07-31,,2026-09-26,estimated,0
geopolitical_risk,se,nation,2025-08,0.108696,percent,gpr,2025-08-31,,2026-09-26,estimated,0
geopolitical_risk,se,nation,2025-09,0.097975,percent,gpr,2025-09-30,,2026-09-26,estimated,0
geopolitical_risk,se,nation,2025-10,0.143858,percent,gpr,2025-10-31,,2026-09-26,estimated,0
geopolitical_risk,se,nation,2025-11,0.062854,percent,gpr,2025-11-30,,2026-09-26,estimated,0
geopolitical_risk,se,nation,2025-12,0.15082,percent,gpr,2025-12-31,,2026-09-26,estimated,0
geopolitical_risk,se,nation,2026-01,0.149309,percent,gpr,2026-01-31,,2026-09-26,estimated,0
geopolitical_risk,se,nation,2026-02,0.105548,percent,gpr,2026-02-28,,2026-09-26,estimated,0
geopolitical_risk,se,nation,2026-03,0.12667,percent,gpr,2026-03-31,,2026-09-26,estimated,0
geopolitical_risk,se,nation,2026-04,0.117683,percent,gpr,2026-04-30,,2026-09-26,estimated,0
geopolitical_risk,se,nation,2026-05,0.149235,percent,gpr,2026-05-31,,2026-09-26,estimated,0
geopolitical_risk,se,nation,2026-06,0.106071,percent,gpr,2026-06-30,,2026-09-26,estimated,0
geopolitical_risk,se,nation,2026-07,0.050502,percent,gpr,2026-07-31,,2026-09-26,estimated,0
geopolitical_risk,se,nation,2026-08,0.014348,percent,gpr,2026-08-31,,2026-09-26,estimated,0
geopolitical_risk,tr,nation,2015-01,0.276417,percent,gpr,2015-01-31,,2026-09-26,estimated,0
geopolitical_risk,tr,nation,2015-02,0.255428,percent,gpr,2015-02-28,,2026-09-26,estimated,0
geopolitical_risk,tr,nation,2015-03,0.263624,percent,gpr,2015-03-31,,2026-09-26,estimated,0
geopolitical_risk,tr,nation,2015-04,0.212558,percent,gpr,2015-04-30,,2026-09-26,estimated,0
geopolitical_risk,tr,nation,2015-05,0.158194,percent,gpr,2015-05-31,,2026-09-26,estimated,0
geopolitical_risk,tr,nation,2015-06,0.242508,percent,gpr,2015-06-30,,2026-09-26,estimated,0
geopolitical_risk,tr,nation,2015-07,0.415602,percent,gpr,2015-07-31,,2026-09-26,estimated,0
geopolitical_risk,tr,nation,2015-08,0.348695,percent,gpr,2015-08-31,,2026-09-26,estimated,0
geopolitical_risk,tr,nation,2015-09,0.556812,percent,gpr,2015-09-30,,2026-09-26,estimated,0
geopolitical_risk,tr,nation,2015-10,0.547423,percent,gpr,2015-10-31,,2026-09-26,estimated,0
geopolitical_risk,tr,nation,2015-11,1.045662,percent,gpr,2015-11-30,,2026-09-26,estimated,0
geopolitical_risk,tr,nation,2015-12,0.644305,percent,gpr,2015-12-31,,2026-09-26,estimated,0
geopolitical_risk,tr,nation,2016-01,0.384687,percent,gpr,2016-01-31,,2026-09-26,estimated,0
geopolitical_risk,tr,nation,2016-02,0.709463,percent,gpr,2016-02-29,,2026-09-26,estimated,0
geopolitical_risk,tr,nation,2016-03,0.570368,percent,gpr,2016-03-31,,2026-09-26,estimated,0
geopolitical_risk,tr,nation,2016-04,0.316029,percent,gpr,2016-04-30,,2026-09-26,estimated,0
geopolitical_risk,tr,nation,2016-05,0.309555,percent,gpr,2016-05-31,,2026-09-26,estimated,0
geopolitical_risk,tr,nation,2016-06,0.467268,percent,gpr,2016-06-30,,2026-09-26,estimated,0
geopolitical_risk,tr,nation,2016-07,0.820115,percent,gpr,2016-07-31,,2026-09-26,estimated,0
geopolitical_risk,tr,nation,2016-08,0.599545,percent,gpr,2016-08-31,,2026-09-26,estimated,0
geopolitical_risk,tr,nation,2016-09,0.473886,percent,gpr,2016-09-30,,2026-09-26,estimated,0
geopolitical_risk,tr,nation,2016-10,0.41229,percent,gpr,2016-10-31,,2026-09-26,estimated,0
geopolitical_risk,tr,nation,2016-11,0.312804,percent,gpr,2016-11-30,,2026-09-26,estimated,0
geopolitical_risk,tr,nation,2016-12,0.585046,percent,gpr,2016-12-31,,2026-09-26,estimated,0
geopolitical_risk,tr,nation,2017-01,0.552066,percent,gpr,2017-01-31,,2026-09-26,estimated,0
geopolitical_risk,tr,nation,2017-02,0.324926,percent,gpr,2017-02-28,,2026-09-26,estimated,0
geopolitical_risk,tr,nation,2017-03,0.322053,percent,gpr,2017-03-31,,2026-09-26,estimated,0
geopolitical_risk,tr,nation,2017-04,0.493853,percent,gpr,2017-04-30,,2026-09-26,estimated,0
geopolitical_risk,tr,nation,2017-05,0.289399,percent,gpr,2017-05-31,,2026-09-26,estimated,0
geopolitical_risk,tr,nation,2017-06,0.417957,percent,gpr,2017-06-30,,2026-09-26,estimated,0
geopolitical_risk,tr,nation,2017-07,0.349706,percent,gpr,2017-07-31,,2026-09-26,estimated,0
geopolitical_risk,tr,nation,2017-08,0.283059,percent,gpr,2017-08-31,,2026-09-26,estimated,0
geopolitical_risk,tr,nation,2017-09,0.22969,percent,gpr,2017-09-30,,2026-09-26,estimated,0
geopolitical_risk,tr,nation,2017-10,0.324649,percent,gpr,2017-10-31,,2026-09-26,estimated,0
geopolitical_risk,tr,nation,2017-11,0.19357,percent,gpr,2017-11-30,,2026-09-26,estimated,0
geopolitical_risk,tr,nation,2017-12,0.150781,percent,gpr,2017-12-31,,2026-09-26,estimated,0
geopolitical_risk,tr,nation,2018-01,0.433839,percent,gpr,2018-01-31,,2026-09-26,estimated,0
geopolitical_risk,tr,nation,2018-02,0.409188,percent,gpr,2018-02-28,,2026-09-26,estimated,0
geopolitical_risk,tr,nation,2018-03,0.232428,percent,gpr,2018-03-31,,2026-09-26,estimated,0
geopolitical_risk,tr,nation,2018-04,0.388719,percent,gpr,2018-04-30,,2026-09-26,estimated,0
geopolitical_risk,tr,nation,2018-05,0.214304,percent,gpr,2018-05-31,,2026-09-26,estimated,0
geopolitical_risk,tr,nation,2018-06,0.189996,percent,gpr,2018-06-30,,2026-09-26,estimated,0
geopolitical_risk,tr,nation,2018-07,0.243351,percent,gpr,2018-07-31,,2026-09-26,estimated,0
geopolitical_risk,tr,nation,2018-08,0.631522,percent,gpr,2018-08-31,,2026-09-26,estimated,0
geopolitical_risk,tr,nation,2018-09,0.285594,percent,gpr,2018-09-30,,2026-09-26,estimated,0
geopolitical_risk,tr,nation,2018-10,0.543747,percent,gpr,2018-10-31,,2026-09-26,estimated,0
geopolitical_risk,tr,nation,2018-11,0.49591,percent,gpr,2018-11-30,,2026-09-26,estimated,0
geopolitical_risk,tr,nation,2018-12,0.50223,percent,gpr,2018-12-31,,2026-09-26,estimated,0
geopolitical_risk,tr,nation,2019-01,0.41224,percent,gpr,2019-01-31,,2026-09-26,estimated,0
geopolitical_risk,tr,nation,2019-02,0.302143,percent,gpr,2019-02-28,,2026-09-26,estimated,0
geopolitical_risk,tr,nation,2019-03,0.262785,percent,gpr,2019-03-31,,2026-09-26,estimated,0
geopolitical_risk,tr,nation,2019-04,0.259647,percent,gpr,2019-04-30,,2026-09-26,estimated,0
geopolitical_risk,tr,nation,2019-05,0.318061,percent,gpr,2019-05-31,,2026-09-26,estimated,0
geopolitical_risk,tr,nation,2019-06,0.280438,percent,gpr,2019-06-30,,2026-09-26,estimated,0
geopolitical_risk,tr,nation,2019-07,0.336253,percent,gpr,2019-07-31,,2026-09-26,estimated,0
geopolitical_risk,tr,nation,2019-08,0.150429,percent,gpr,2019-08-31,,2026-09-26,estimated,0
geopolitical_risk,tr,nation,2019-09,0.217016,percent,gpr,2019-09-30,,2026-09-26,estimated,0
geopolitical_risk,tr,nation,2019-10,1.177163,percent,gpr,2019-10-31,,2026-09-26,estimated,0
geopolitical_risk,tr,nation,2019-11,0.268486,percent,gpr,2019-11-30,,2026-09-26,estimated,0
geopolitical_risk,tr,nation,2019-12,0.300942,percent,gpr,2019-12-31,,2026-09-26,estimated,0
geopolitical_risk,tr,nation,2020-01,0.533863,percent,gpr,2020-01-31,,2026-09-26,estimated,0
geopolitical_risk,tr,nation,2020-02,0.459206,percent,gpr,2020-02-29,,2026-09-26,estimated,0
geopolitical_risk,tr,nation,2020-03,0.329229,percent,gpr,2020-03-31,,2026-09-26,estimated,0
geopolitical_risk,tr,nation,2020-04,0.06035,percent,gpr,2020-04-30,,2026-09-26,estimated,0
geopolitical_risk,tr,nation,2020-05,0.108147,percent,gpr,2020-05-31,,2026-09-26,estimated,0
geopolitical_risk,tr,nation,2020-06,0.124585,percent,gpr,2020-06-30,,2026-09-26,estimated,0
geopolitical_risk,tr,nation,2020-07,0.157523,percent,gpr,2020-07-31,,2026-09-26,estimated,0
geopolitical_risk,tr,nation,2020-08,0.15584,percent,gpr,2020-08-31,,2026-09-26,estimated,0
geopolitical_risk,tr,nation,2020-09,0.398817,percent,gpr,2020-09-30,,2026-09-26,estimated,0
geopolitical_risk,tr,nation,2020-10,0.52727,percent,gpr,2020-10-31,,2026-09-26,estimated,0
geopolitical_risk,tr,nation,2020-11,0.192722,percent,gpr,2020-11-30,,2026-09-26,estimated,0
geopolitical_risk,tr,nation,2020-12,0.217186,percent,gpr,2020-12-31,,2026-09-26,estimated,0
geopolitical_risk,tr,nation,2021-01,0.154806,percent,gpr,2021-01-31,,2026-09-26,estimated,0
geopolitical_risk,tr,nation,2021-02,0.135318,percent,gpr,2021-02-28,,2026-09-26,estimated,0
geopolitical_risk,tr,nation,2021-03,0.20524,percent,gpr,2021-03-31,,2026-09-26,estimated,0
geopolitical_risk,tr,nation,2021-04,0.19554,percent,gpr,2021-04-30,,2026-09-26,estimated,0
geopolitical_risk,tr,nation,2021-05,0.140845,percent,gpr,2021-05-31,,2026-09-26,estimated,0
geopolitical_risk,tr,nation,2021-06,0.185667,percent,gpr,2021-06-30,,2026-09-26,estimated,0
geopolitical_risk,tr,nation,2021-07,0.134445,percent,gpr,2021-07-31,,2026-09-26,estimated,0
geopolitical_risk,tr,nation,2021-08,0.246198,percent,gpr,2021-08-31,,2026-09-26,estimated,0
geopolitical_risk,tr,nation,2021-09,0.126404,percent,gpr,2021-09-30,,2026-09-26,estimated,0
geopolitical_risk,tr,nation,2021-10,0.25093,percent,gpr,2021-10-31,,2026-09-26,estimated,0
geopolitical_risk,tr,nation,2021-11,0.360104,percent,gpr,2021-11-30,,2026-09-26,estimated,0
geopolitical_risk,tr,nation,2021-12,0.162923,percent,gpr,2021-12-31,,2026-09-26,estimated,0
geopolitical_risk,tr,nation,2022-01,0.193911,percent,gpr,2022-01-31,,2026-09-26,estimated,0
geopolitical_risk,tr,nation,2022-02,0.307057,percent,gpr,2022-02-28,,2026-09-26,estimated,0
geopolitical_risk,tr,nation,2022-03,0.876264,percent,gpr,2022-03-31,,2026-09-26,estimated,0
geopolitical_risk,tr,nation,2022-04,0.431588,percent,gpr,2022-04-30,,2026-09-26,estimated,0
geopolitical_risk,tr,nation,2022-05,0.407447,percent,gpr,2022-05-31,,2026-09-26,estimated,0
geopolitical_risk,tr,nation,2022-06,0.559218,percent,gpr,2022-06-30,,2026-09-26,estimated,0
geopolitical_risk,tr,nation,2022-07,0.627396,percent,gpr,2022-07-31,,2026-09-26,estimated,0
geopolitical_risk,tr,nation,2022-08,0.343439,percent,gpr,2022-08-31,,2026-09-26,estimated,0
geopolitical_risk,tr,nation,2022-09,0.46539,percent,gpr,2022-09-30,,2026-09-26,estimated,0
geopolitical_risk,tr,nation,2022-10,0.391912,percent,gpr,2022-10-31,,2026-09-26,estimated,0
geopolitical_risk,tr,nation,2022-11,0.484634,percent,gpr,2022-11-30,,2026-09-26,estimated,0
geopolitical_risk,tr,nation,2022-12,0.254169,percent,gpr,2022-12-31,,2026-09-26,estimated,0
geopolitical_risk,tr,nation,2023-01,0.240081,percent,gpr,2023-01-31,,2026-09-26,estimated,0
geopolitical_risk,tr,nation,2023-02,0.486991,percent,gpr,2023-02-28,,2026-09-26,estimated,0
geopolitical_risk,tr,nation,2023-03,0.218186,percent,gpr,2023-03-31,,2026-09-26,estimated,0
geopolitical_risk,tr,nation,2023-04,0.278859,percent,gpr,2023-04-30,,2026-09-26,estimated,0
geopolitical_risk,tr,nation,2023-05,0.357446,percent,gpr,2023-05-31,,2026-09-26,estimated,0
geopolitical_risk,tr,nation,2023-06,0.159031,percent,gpr,2023-06-30,,2026-09-26,estimated,0
geopolitical_risk,tr,nation,2023-07,0.478142,percent,gpr,2023-07-31,,2026-09-26,estimated,0
geopolitical_risk,tr,nation,2023-08,0.32763,percent,gpr,2023-08-31,,2026-09-26,estimated,0
geopolitical_risk,tr,nation,2023-09,0.387198,percent,gpr,2023-09-30,,2026-09-26,estimated,0
geopolitical_risk,tr,nation,2023-10,0.406043,percent,gpr,2023-10-31,,2026-09-26,estimated,0
geopolitical_risk,tr,nation,2023-11,0.225296,percent,gpr,2023-11-30,,2026-09-26,estimated,0
geopolitical_risk,tr,nation,2023-12,0.21241,percent,gpr,2023-12-31,,2026-09-26,estimated,0
geopolitical_risk,tr,nation,2024-01,0.344482,percent,gpr,2024-01-31,,2026-09-26,estimated,0
geopolitical_risk,tr,nation,2024-02,0.248642,percent,gpr,2024-02-29,,2026-09-26,estimated,0
geopolitical_risk,tr,nation,2024-03,0.233587,percent,gpr,2024-03-31,,2026-09-26,estimated,0
geopolitical_risk,tr,nation,2024-04,0.253149,percent,gpr,2024-04-30,,2026-09-26,estimated,0
geopolitical_risk,tr,nation,2024-05,0.177392,percent,gpr,2024-05-31,,2026-09-26,estimated,0
geopolitical_risk,tr,nation,2024-06,0.171189,percent,gpr,2024-06-30,,2026-09-26,estimated,0
geopolitical_risk,tr,nation,2024-07,0.147801,percent,gpr,2024-07-31,,2026-09-26,estimated,0
geopolitical_risk,tr,nation,2024-08,0.221547,percent,gpr,2024-08-31,,2026-09-26,estimated,0
geopolitical_risk,tr,nation,2024-09,0.273242,percent,gpr,2024-09-30,,2026-09-26,estimated,0
geopolitical_risk,tr,nation,2024-10,0.278224,percent,gpr,2024-10-31,,2026-09-26,estimated,0
geopolitical_risk,tr,nation,2024-11,0.277061,percent,gpr,2024-11-30,,2026-09-26,estimated,0
geopolitical_risk,tr,nation,2024-12,1.196189,percent,gpr,2024-12-31,,2026-09-26,estimated,0
geopolitical_risk,tr,nation,2025-01,0.206405,percent,gpr,2025-01-31,,2026-09-26,estimated,0
geopolitical_risk,tr,nation,2025-02,0.289621,percent,gpr,2025-02-28,,2026-09-26,estimated,0
geopolitical_risk,tr,nation,2025-03,0.337898,percent,gpr,2025-03-31,,2026-09-26,estimated,0
geopolitical_risk,tr,nation,2025-04,0.279075,percent,gpr,2025-04-30,,2026-09-26,estimated,0
geopolitical_risk,tr,nation,2025-05,0.690624,percent,gpr,2025-05-31,,2026-09-26,estimated,0
geopolitical_risk,tr,nation,2025-06,0.665133,percent,gpr,2025-06-30,,2026-09-26,estimated,0
geopolitical_risk,tr,nation,2025-07,0.356151,percent,gpr,2025-07-31,,2026-09-26,estimated,0
geopolitical_risk,tr,nation,2025-08,0.262148,percent,gpr,2025-08-31,,2026-09-26,estimated,0
geopolitical_risk,tr,nation,2025-09,0.280862,percent,gpr,2025-09-30,,2026-09-26,estimated,0
geopolitical_risk,tr,nation,2025-10,0.50663,percent,gpr,2025-10-31,,2026-09-26,estimated,0
geopolitical_risk,tr,nation,2025-11,0.314268,percent,gpr,2025-11-30,,2026-09-26,estimated,0
geopolitical_risk,tr,nation,2025-12,0.242623,percent,gpr,2025-12-31,,2026-09-26,estimated,0
geopolitical_risk,tr,nation,2026-01,0.373274,percent,gpr,2026-01-31,,2026-09-26,estimated,0
geopolitical_risk,tr,nation,2026-02,0.369418,percent,gpr,2026-02-28,,2026-09-26,estimated,0
geopolitical_risk,tr,nation,2026-03,0.817596,percent,gpr,2026-03-31,,2026-09-26,estimated,0
geopolitical_risk,tr,nation,2026-04,0.46454,percent,gpr,2026-04-30,,2026-09-26,estimated,0
geopolitical_risk,tr,nation,2026-05,0.329561,percent,gpr,2026-05-31,,2026-09-26,estimated,0
geopolitical_risk,tr,nation,2026-06,0.218381,percent,gpr,2026-06-30,,2026-09-26,estimated,0
geopolitical_risk,tr,nation,2026-07,0.631273,percent,gpr,2026-07-31,,2026-09-26,estimated,0
geopolitical_risk,tr,nation,2026-08,0.330009,percent,gpr,2026-08-31,,2026-09-26,estimated,0
geopolitical_risk,us,nation,2015-01,2.102442,percent,gpr,2015-01-31,,2026-09-26,estimated,0
geopolitical_risk,us,nation,2015-02,2.417442,percent,gpr,2015-02-28,,2026-09-26,estimated,0
geopolitical_risk,us,nation,2015-03,2.49619,percent,gpr,2015-03-31,,2026-09-26,estimated,0
geopolitical_risk,us,nation,2015-04,2.440165,percent,gpr,2015-04-30,,2026-09-26,estimated,0
geopolitical_risk,us,nation,2015-05,1.667451,percent,gpr,2015-05-31,,2026-09-26,estimated,0
geopolitical_risk,us,nation,2015-06,1.909752,percent,gpr,2015-06-30,,2026-09-26,estimated,0
geopolitical_risk,us,nation,2015-07,2.454652,percent,gpr,2015-07-31,,2026-09-26,estimated,0
geopolitical_risk,us,nation,2015-08,1.861276,percent,gpr,2015-08-31,,2026-09-26,estimated,0
geopolitical_risk,us,nation,2015-09,2.28815,percent,gpr,2015-09-30,,2026-09-26,estimated,0
geopolitical_risk,us,nation,2015-10,2.039658,percent,gpr,2015-10-31,,2026-09-26,estimated,0
geopolitical_risk,us,nation,2015-11,3.16895,percent,gpr,2015-11-30,,2026-09-26,estimated,0
geopolitical_risk,us,nation,2015-12,3.3494,percent,gpr,2015-12-31,,2026-09-26,estimated,0
geopolitical_risk,us,nation,2016-01,2.507416,percent,gpr,2016-01-31,,2026-09-26,estimated,0
geopolitical_risk,us,nation,2016-02,2.245817,percent,gpr,2016-02-29,,2026-09-26,estimated,0
geopolitical_risk,us,nation,2016-03,2.448961,percent,gpr,2016-03-31,,2026-09-26,estimated,0
geopolitical_risk,us,nation,2016-04,2.012362,percent,gpr,2016-04-30,,2026-09-26,estimated,0
geopolitical_risk,us,nation,2016-05,1.921063,percent,gpr,2016-05-31,,2026-09-26,estimated,0
geopolitical_risk,us,nation,2016-06,1.774673,percent,gpr,2016-06-30,,2026-09-26,estimated,0
geopolitical_risk,us,nation,2016-07,2.460345,percent,gpr,2016-07-31,,2026-09-26,estimated,0
geopolitical_risk,us,nation,2016-08,2.150093,percent,gpr,2016-08-31,,2026-09-26,estimated,0
geopolitical_risk,us,nation,2016-09,2.611413,percent,gpr,2016-09-30,,2026-09-26,estimated,0
geopolitical_risk,us,nation,2016-10,1.997644,percent,gpr,2016-10-31,,2026-09-26,estimated,0
geopolitical_risk,us,nation,2016-11,1.91785,percent,gpr,2016-11-30,,2026-09-26,estimated,0
geopolitical_risk,us,nation,2016-12,2.297246,percent,gpr,2016-12-31,,2026-09-26,estimated,0
geopolitical_risk,us,nation,2017-01,2.572933,percent,gpr,2017-01-31,,2026-09-26,estimated,0
geopolitical_risk,us,nation,2017-02,3.023461,percent,gpr,2017-02-28,,2026-09-26,estimated,0
geopolitical_risk,us,nation,2017-03,2.143818,percent,gpr,2017-03-31,,2026-09-26,estimated,0
geopolitical_risk,us,nation,2017-04,3.078701,percent,gpr,2017-04-30,,2026-09-26,estimated,0
geopolitical_risk,us,nation,2017-05,2.518278,percent,gpr,2017-05-31,,2026-09-26,estimated,0
geopolitical_risk,us,nation,2017-06,2.858617,percent,gpr,2017-06-30,,2026-09-26,estimated,0
geopolitical_risk,us,nation,2017-07,2.622794,percent,gpr,2017-07-31,,2026-09-26,estimated,0
geopolitical_risk,us,nation,2017-08,3.556932,percent,gpr,2017-08-31,,2026-09-26,estimated,0
geopolitical_risk,us,nation,2017-09,2.88111,percent,gpr,2017-09-30,,2026-09-26,estimated,0
geopolitical_risk,us,nation,2017-10,2.098044,percent,gpr,2017-10-31,,2026-09-26,estimated,0
geopolitical_risk,us,nation,2017-11,2.17556,percent,gpr,2017-11-30,,2026-09-26,estimated,0
geopolitical_risk,us,nation,2017-12,2.001279,percent,gpr,2017-12-31,,2026-09-26,estimated,0
geopolitical_risk,us,nation,2018-01,2.203905,percent,gpr,2018-01-31,,2026-09-26,estimated,0
geopolitical_risk,us,nation,2018-02,1.590254,percent,gpr,2018-02-28,,2026-09-26,estimated,0
geopolitical_risk,us,nation,2018-03,2.749058,percent,gpr,2018-03-31,,2026-09-26,estimated,0
geopolitical_risk,us,nation,2018-04,3.360256,percent,gpr,2018-04-30,,2026-09-26,estimated,0
geopolitical_risk,us,nation,2018-05,3.319607,percent,gpr,2018-05-31,,2026-09-26,estimated,0
geopolitical_risk,us,nation,2018-06,2.622775,percent,gpr,2018-06-30,,2026-09-26,estimated,0
geopolitical_risk,us,nation,2018-07,2.685395,percent,gpr,2018-07-31,,2026-09-26,estimated,0
geopolitical_risk,us,nation,2018-08,2.808259,percent,gpr,2018-08-31,,2026-09-26,estimated,0
geopolitical_risk,us,nation,2018-09,1.818564,percent,gpr,2018-09-30,,2026-09-26,estimated,0
geopolitical_risk,us,nation,2018-10,2.389191,percent,gpr,2018-10-31,,2026-09-26,estimated,0
geopolitical_risk,us,nation,2018-11,1.945492,percent,gpr,2018-11-30,,2026-09-26,estimated,0
geopolitical_risk,us,nation,2018-12,2.234217,percent,gpr,2018-12-31,,2026-09-26,estimated,0
geopolitical_risk,us,nation,2019-01,2.248194,percent,gpr,2019-01-31,,2026-09-26,estimated,0
geopolitical_risk,us,nation,2019-02,2.43131,percent,gpr,2019-02-28,,2026-09-26,estimated,0
geopolitical_risk,us,nation,2019-03,1.877033,percent,gpr,2019-03-31,,2026-09-26,estimated,0
geopolitical_risk,us,nation,2019-04,1.938401,percent,gpr,2019-04-30,,2026-09-26,estimated,0
geopolitical_risk,us,nation,2019-05,2.776584,percent,gpr,2019-05-31,,2026-09-26,estimated,0
geopolitical_risk,us,nation,2019-06,2.8691,percent,gpr,2019-06-30,,2026-09-26,estimated,0
geopolitical_risk,us,nation,2019-07,2.375896,percent,gpr,2019-07-31,,2026-09-26,estimated,0
geopolitical_risk,us,nation,2019-08,2.747545,percent,gpr,2019-08-31,,2026-09-26,estimated,0
geopolitical_risk,us,nation,2019-09,2.334027,percent,gpr,2019-09-30,,2026-09-26,estimated,0
geopolitical_risk,us,nation,2019-10,2.467838,percent,gpr,2019-10-31,,2026-09-26,estimated,0
geopolitical_risk,us,nation,2019-11,1.738556,percent,gpr,2019-11-30,,2026-09-26,estimated,0
geopolitical_risk,us,nation,2019-12,1.723134,percent,gpr,2019-12-31,,2026-09-26,estimated,0
geopolitical_risk,us,nation,2020-01,3.622325,percent,gpr,2020-01-31,,2026-09-26,estimated,0
geopolitical_risk,us,nation,2020-02,1.515827,percent,gpr,2020-02-29,,2026-09-26,estimated,0
geopolitical_risk,us,nation,2020-03,1.710279,percent,gpr,2020-03-31,,2026-09-26,estimated,0
geopolitical_risk,us,nation,2020-04,1.531962,percent,gpr,2020-04-30,,2026-09-26,estimated,0
geopolitical_risk,us,nation,2020-05,1.707823,percent,gpr,2020-05-31,,2026-09-26,estimated,0
geopolitical_risk,us,nation,2020-06,1.651901,percent,gpr,2020-06-30,,2026-09-26,estimated,0
geopolitical_risk,us,nation,2020-07,1.539223,percent,gpr,2020-07-31,,2026-09-26,estimated,0
geopolitical_risk,us,nation,2020-08,1.455986,percent,gpr,2020-08-31,,2026-09-26,estimated,0
geopolitical_risk,us,nation,2020-09,1.698333,percent,gpr,2020-09-30,,2026-09-26,estimated,0
geopolitical_risk,us,nation,2020-10,1.661956,percent,gpr,2020-10-31,,2026-09-26,estimated,0
geopolitical_risk,us,nation,2020-11,1.312348,percent,gpr,2020-11-30,,2026-09-26,estimated,0
geopolitical_risk,us,nation,2020-12,1.435316,percent,gpr,2020-12-31,,2026-09-26,estimated,0
geopolitical_risk,us,nation,2021-01,1.901897,percent,gpr,2021-01-31,,2026-09-26,estimated,0
geopolitical_risk,us,nation,2021-02,1.575488,percent,gpr,2021-02-28,,2026-09-26,estimated,0
geopolitical_risk,us,nation,2021-03,1.759825,percent,gpr,2021-03-31,,2026-09-26,estimated,0
geopolitical_risk,us,nation,2021-04,1.978677,percent,gpr,2021-04-30,,2026-09-26,estimated,0
geopolitical_risk,us,nation,2021-05,2.017265,percent,gpr,2021-05-31,,2026-09-26,estimated,0
geopolitical_risk,us,nation,2021-06,1.698849,percent,gpr,2021-06-30,,2026-09-26,estimated,0
geopolitical_risk,us,nation,2021-07,1.250336,percent,gpr,2021-07-31,,2026-09-26,estimated,0
geopolitical_risk,us,nation,2021-08,2.148202,percent,gpr,2021-08-31,,2026-09-26,estimated,0
geopolitical_risk,us,nation,2021-09,1.919476,percent,gpr,2021-09-30,,2026-09-26,estimated,0
geopolitical_risk,us,nation,2021-10,1.644486,percent,gpr,2021-10-31,,2026-09-26,estimated,0
geopolitical_risk,us,nation,2021-11,1.862118,percent,gpr,2021-11-30,,2026-09-26,estimated,0
geopolitical_risk,us,nation,2021-12,2.4784,percent,gpr,2021-12-31,,2026-09-26,estimated,0
geopolitical_risk,us,nation,2022-01,3.315881,percent,gpr,2022-01-31,,2026-09-26,estimated,0
geopolitical_risk,us,nation,2022-02,4.87768,percent,gpr,2022-02-28,,2026-09-26,estimated,0
geopolitical_risk,us,nation,2022-03,6.899374,percent,gpr,2022-03-31,,2026-09-26,estimated,0
geopolitical_risk,us,nation,2022-04,3.96594,percent,gpr,2022-04-30,,2026-09-26,estimated,0
geopolitical_risk,us,nation,2022-05,3.146398,percent,gpr,2022-05-31,,2026-09-26,estimated,0
geopolitical_risk,us,nation,2022-06,2.878502,percent,gpr,2022-06-30,,2026-09-26,estimated,0
geopolitical_risk,us,nation,2022-07,2.585105,percent,gpr,2022-07-31,,2026-09-26,estimated,0
geopolitical_risk,us,nation,2022-08,3.132402,percent,gpr,2022-08-31,,2026-09-26,estimated,0
geopolitical_risk,us,nation,2022-09,2.927835,percent,gpr,2022-09-30,,2026-09-26,estimated,0
geopolitical_risk,us,nation,2022-10,3.402249,percent,gpr,2022-10-31,,2026-09-26,estimated,0
geopolitical_risk,us,nation,2022-11,2.696847,percent,gpr,2022-11-30,,2026-09-26,estimated,0
geopolitical_risk,us,nation,2022-12,2.554088,percent,gpr,2022-12-31,,2026-09-26,estimated,0
geopolitical_risk,us,nation,2023-01,2.407127,percent,gpr,2023-01-31,,2026-09-26,estimated,0
geopolitical_risk,us,nation,2023-02,2.975317,percent,gpr,2023-02-28,,2026-09-26,estimated,0
geopolitical_risk,us,nation,2023-03,2.62413,percent,gpr,2023-03-31,,2026-09-26,estimated,0
geopolitical_risk,us,nation,2023-04,2.444877,percent,gpr,2023-04-30,,2026-09-26,estimated,0
geopolitical_risk,us,nation,2023-05,2.508179,percent,gpr,2023-05-31,,2026-09-26,estimated,0
geopolitical_risk,us,nation,2023-06,2.458866,percent,gpr,2023-06-30,,2026-09-26,estimated,0
geopolitical_risk,us,nation,2023-07,2.483855,percent,gpr,2023-07-31,,2026-09-26,estimated,0
geopolitical_risk,us,nation,2023-08,2.159932,percent,gpr,2023-08-31,,2026-09-26,estimated,0
geopolitical_risk,us,nation,2023-09,2.22034,percent,gpr,2023-09-30,,2026-09-26,estimated,0
geopolitical_risk,us,nation,2023-10,4.424673,percent,gpr,2023-10-31,,2026-09-26,estimated,0
geopolitical_risk,us,nation,2023-11,3.729896,percent,gpr,2023-11-30,,2026-09-26,estimated,0
geopolitical_risk,us,nation,2023-12,3.424305,percent,gpr,2023-12-31,,2026-09-26,estimated,0
geopolitical_risk,us,nation,2024-01,3.851935,percent,gpr,2024-01-31,,2026-09-26,estimated,0
geopolitical_risk,us,nation,2024-02,3.39593,percent,gpr,2024-02-29,,2026-09-26,estimated,0
geopolitical_risk,us,nation,2024-03,2.944431,percent,gpr,2024-03-31,,2026-09-26,estimated,0
geopolitical_risk,us,nation,2024-04,4.018733,percent,gpr,2024-04-30,,2026-09-26,estimated,0
geopolitical_risk,us,nation,2024-05,3.107414,percent,gpr,2024-05-31,,2026-09-26,estimated,0
geopolitical_risk,us,nation,2024-06,2.688308,percent,gpr,2024-06-30,,2026-09-26,estimated,0
geopolitical_risk,us,nation,2024-07,2.093854,percent,gpr,2024-07-31,,2026-09-26,estimated,0
geopolitical_risk,us,nation,2024-08,3.209267,percent,gpr,2024-08-31,,2026-09-26,estimated,0
geopolitical_risk,us,nation,2024-09,2.973131,percent,gpr,2024-09-30,,2026-09-26,estimated,0
geopolitical_risk,us,nation,2024-10,3.029554,percent,gpr,2024-10-31,,2026-09-26,estimated,0
geopolitical_risk,us,nation,2024-11,3.167307,percent,gpr,2024-11-30,,2026-09-26,estimated,0
geopolitical_risk,us,nation,2024-12,3.28952,percent,gpr,2024-12-31,,2026-09-26,estimated,0
geopolitical_risk,us,nation,2025-01,2.745809,percent,gpr,2025-01-31,,2026-09-26,estimated,0
geopolitical_risk,us,nation,2025-02,3.536068,percent,gpr,2025-02-28,,2026-09-26,estimated,0
geopolitical_risk,us,nation,2025-03,4.505306,percent,gpr,2025-03-31,,2026-09-26,estimated,0
geopolitical_risk,us,nation,2025-04,3.518777,percent,gpr,2025-04-30,,2026-09-26,estimated,0
geopolitical_risk,us,nation,2025-05,4.143744,percent,gpr,2025-05-31,,2026-09-26,estimated,0
geopolitical_risk,us,nation,2025-06,5.662958,percent,gpr,2025-06-30,,2026-09-26,estimated,0
geopolitical_risk,us,nation,2025-07,3.181215,percent,gpr,2025-07-31,,2026-09-26,estimated,0
geopolitical_risk,us,nation,2025-08,3.401535,percent,gpr,2025-08-31,,2026-09-26,estimated,0
geopolitical_risk,us,nation,2025-09,3.109079,percent,gpr,2025-09-30,,2026-09-26,estimated,0
geopolitical_risk,us,nation,2025-10,3.727796,percent,gpr,2025-10-31,,2026-09-26,estimated,0
geopolitical_risk,us,nation,2025-11,2.646135,percent,gpr,2025-11-30,,2026-09-26,estimated,0
geopolitical_risk,us,nation,2025-12,3.245902,percent,gpr,2025-12-31,,2026-09-26,estimated,0
geopolitical_risk,us,nation,2026-01,4.566381,percent,gpr,2026-01-31,,2026-09-26,estimated,0
geopolitical_risk,us,nation,2026-02,3.074081,percent,gpr,2026-02-28,,2026-09-26,estimated,0
geopolitical_risk,us,nation,2026-03,8.682634,percent,gpr,2026-03-31,,2026-09-26,estimated,0
geopolitical_risk,us,nation,2026-04,6.652215,percent,gpr,2026-04-30,,2026-09-26,estimated,0
geopolitical_risk,us,nation,2026-05,5.304067,percent,gpr,2026-05-31,,2026-09-26,estimated,0
geopolitical_risk,us,nation,2026-06,4.60473,percent,gpr,2026-06-30,,2026-09-26,estimated,0
geopolitical_risk,us,nation,2026-07,4.223218,percent,gpr,2026-07-31,,2026-09-26,estimated,0
geopolitical_risk,us,nation,2026-08,3.099218,percent,gpr,2026-08-31,,2026-09-26,estimated,0
geopolitical_risk,za,nation,2015-01,0.054446,percent,gpr,2015-01-31,,2026-09-26,estimated,0
geopolitical_risk,za,nation,2015-02,0.050173,percent,gpr,2015-02-28,,2026-09-26,estimated,0
geopolitical_risk,za,nation,2015-03,0.053549,percent,gpr,2015-03-31,,2026-09-26,estimated,0
geopolitical_risk,za,nation,2015-04,0.029758,percent,gpr,2015-04-30,,2026-09-26,estimated,0
geopolitical_risk,za,nation,2015-05,0.051306,percent,gpr,2015-05-31,,2026-09-26,estimated,0
geopolitical_risk,za,nation,2015-06,0.069288,percent,gpr,2015-06-30,,2026-09-26,estimated,0
geopolitical_risk,za,nation,2015-07,0.056279,percent,gpr,2015-07-31,,2026-09-26,estimated,0
geopolitical_risk,za,nation,2015-08,0.032985,percent,gpr,2015-08-31,,2026-09-26,estimated,0
geopolitical_risk,za,nation,2015-09,0.056551,percent,gpr,2015-09-30,,2026-09-26,estimated,0
geopolitical_risk,za,nation,2015-10,0.02433,percent,gpr,2015-10-31,,2026-09-26,estimated,0
geopolitical_risk,za,nation,2015-11,0.054795,percent,gpr,2015-11-30,,2026-09-26,estimated,0
geopolitical_risk,za,nation,2015-12,0.063939,percent,gpr,2015-12-31,,2026-09-26,estimated,0
geopolitical_risk,za,nation,2016-01,0.069522,percent,gpr,2016-01-31,,2026-09-26,estimated,0
geopolitical_risk,za,nation,2016-02,0.039143,percent,gpr,2016-02-29,,2026-09-26,estimated,0
geopolitical_risk,za,nation,2016-03,0.045267,percent,gpr,2016-03-31,,2026-09-26,estimated,0
geopolitical_risk,za,nation,2016-04,0.013942,percent,gpr,2016-04-30,,2026-09-26,estimated,0
geopolitical_risk,za,nation,2016-05,0.022761,percent,gpr,2016-05-31,,2026-09-26,estimated,0
geopolitical_risk,za,nation,2016-06,0.028319,percent,gpr,2016-06-30,,2026-09-26,estimated,0
geopolitical_risk,za,nation,2016-07,0.029465,percent,gpr,2016-07-31,,2026-09-26,estimated,0
geopolitical_risk,za,nation,2016-08,0.036179,percent,gpr,2016-08-31,,2026-09-26,estimated,0
geopolitical_risk,za,nation,2016-09,0.030248,percent,gpr,2016-09-30,,2026-09-26,estimated,0
geopolitical_risk,za,nation,2016-10,0.029449,percent,gpr,2016-10-31,,2026-09-26,estimated,0
geopolitical_risk,za,nation,2016-11,0.030768,percent,gpr,2016-11-30,,2026-09-26,estimated,0
geopolitical_risk,za,nation,2016-12,0.032204,percent,gpr,2016-12-31,,2026-09-26,estimated,0
geopolitical_risk,za,nation,2017-01,0.050648,percent,gpr,2017-01-31,,2026-09-26,estimated,0
geopolitical_risk,za,nation,2017-02,0.03855,percent,gpr,2017-02-28,,2026-09-26,estimated,0
geopolitical_risk,za,nation,2017-03,0.052874,percent,gpr,2017-03-31,,2026-09-26,estimated,0
geopolitical_risk,za,nation,2017-04,0.04203,percent,gpr,2017-04-30,,2026-09-26,estimated,0
geopolitical_risk,za,nation,2017-05,0.010154,percent,gpr,2017-05-31,,2026-09-26,estimated,0
geopolitical_risk,za,nation,2017-06,0.03612,percent,gpr,2017-06-30,,2026-09-26,estimated,0
geopolitical_risk,za,nation,2017-07,0.042389,percent,gpr,2017-07-31,,2026-09-26,estimated,0
geopolitical_risk,za,nation,2017-08,0.037385,percent,gpr,2017-08-31,,2026-09-26,estimated,0
geopolitical_risk,za,nation,2017-09,0.089879,percent,gpr,2017-09-30,,2026-09-26,estimated,0
geopolitical_risk,za,nation,2017-10,0.036523,percent,gpr,2017-10-31,,2026-09-26,estimated,0
geopolitical_risk,za,nation,2017-11,0.071537,percent,gpr,2017-11-30,,2026-09-26,estimated,0
geopolitical_risk,za,nation,2017-12,0.018277,percent,gpr,2017-12-31,,2026-09-26,estimated,0
geopolitical_risk,za,nation,2018-01,0.039046,percent,gpr,2018-01-31,,2026-09-26,estimated,0
geopolitical_risk,za,nation,2018-02,0.00465,percent,gpr,2018-02-28,,2026-09-26,estimated,0
geopolitical_risk,za,nation,2018-03,0.044081,percent,gpr,2018-03-31,,2026-09-26,estimated,0
geopolitical_risk,za,nation,2018-04,0.021595,percent,gpr,2018-04-30,,2026-09-26,estimated,0
geopolitical_risk,za,nation,2018-05,0.067233,percent,gpr,2018-05-31,,2026-09-26,estimated,0
geopolitical_risk,za,nation,2018-06,0.086737,percent,gpr,2018-06-30,,2026-09-26,estimated,0
geopolitical_risk,za,nation,2018-07,0.042693,percent,gpr,2018-07-31,,2026-09-26,estimated,0
geopolitical_risk,za,nation,2018-08,0.24186,percent,gpr,2018-08-31,,2026-09-26,estimated,0
geopolitical_risk,za,nation,2018-09,0.021,percent,gpr,2018-09-30,,2026-09-26,estimated,0
geopolitical_risk,za,nation,2018-10,0.028835,percent,gpr,2018-10-31,,2026-09-26,estimated,0
geopolitical_risk,za,nation,2018-11,0.016954,percent,gpr,2018-11-30,,2026-09-26,estimated,0
geopolitical_risk,za,nation,2018-12,0.018775,percent,gpr,2018-12-31,,2026-09-26,estimated,0
geopolitical_risk,za,nation,2019-01,0.042499,percent,gpr,2019-01-31,,2026-09-26,estimated,0
geopolitical_risk,za,nation,2019-02,0.014163,percent,gpr,2019-02-28,,2026-09-26,estimated,0
geopolitical_risk,za,nation,2019-03,0.020856,percent,gpr,2019-03-31,,2026-09-26,estimated,0
geopolitical_risk,za,nation,2019-04,0.031337,percent,gpr,2019-04-30,,2026-09-26,estimated,0
geopolitical_risk,za,nation,2019-05,0.021491,percent,gpr,2019-05-31,,2026-09-26,estimated,0
geopolitical_risk,za,nation,2019-06,0.051773,percent,gpr,2019-06-30,,2026-09-26,estimated,0
geopolitical_risk,za,nation,2019-07,0.026546,percent,gpr,2019-07-31,,2026-09-26,estimated,0
geopolitical_risk,za,nation,2019-08,0.044244,percent,gpr,2019-08-31,,2026-09-26,estimated,0
geopolitical_risk,za,nation,2019-09,0.026573,percent,gpr,2019-09-30,,2026-09-26,estimated,0
geopolitical_risk,za,nation,2019-10,0.029429,percent,gpr,2019-10-31,,2026-09-26,estimated,0
geopolitical_risk,za,nation,2019-11,0.026408,percent,gpr,2019-11-30,,2026-09-26,estimated,0
geopolitical_risk,za,nation,2019-12,0.014562,percent,gpr,2019-12-31,,2026-09-26,estimated,0
geopolitical_risk,za,nation,2020-01,0.013236,percent,gpr,2020-01-31,,2026-09-26,estimated,0
geopolitical_risk,za,nation,2020-02,0.049041,percent,gpr,2020-02-29,,2026-09-26,estimated,0
geopolitical_risk,za,nation,2020-03,0.034206,percent,gpr,2020-03-31,,2026-09-26,estimated,0
geopolitical_risk,za,nation,2020-04,0.037138,percent,gpr,2020-04-30,,2026-09-26,estimated,0
geopolitical_risk,za,nation,2020-05,0.013518,percent,gpr,2020-05-31,,2026-09-26,estimated,0
geopolitical_risk,za,nation,2020-06,0.083056,percent,gpr,2020-06-30,,2026-09-26,estimated,0
geopolitical_risk,za,nation,2020-07,0.018003,percent,gpr,2020-07-31,,2026-09-26,estimated,0
geopolitical_risk,za,nation,2020-08,0.026715,percent,gpr,2020-08-31,,2026-09-26,estimated,0
geopolitical_risk,za,nation,2020-09,0.031368,percent,gpr,2020-09-30,,2026-09-26,estimated,0
geopolitical_risk,za,nation,2020-10,0.004218,percent,gpr,2020-10-31,,2026-09-26,estimated,0
geopolitical_risk,za,nation,2020-11,0.078007,percent,gpr,2020-11-30,,2026-09-26,estimated,0
geopolitical_risk,za,nation,2020-12,0.042493,percent,gpr,2020-12-31,,2026-09-26,estimated,0
geopolitical_risk,za,nation,2021-01,0.048653,percent,gpr,2021-01-31,,2026-09-26,estimated,0
geopolitical_risk,za,nation,2021-02,0.038662,percent,gpr,2021-02-28,,2026-09-26,estimated,0
geopolitical_risk,za,nation,2021-03,0.09607,percent,gpr,2021-03-31,,2026-09-26,estimated,0
geopolitical_risk,za,nation,2021-04,0.074491,percent,gpr,2021-04-30,,2026-09-26,estimated,0
geopolitical_risk,za,nation,2021-05,0.040891,percent,gpr,2021-05-31,,2026-09-26,estimated,0
geopolitical_risk,za,nation,2021-06,0.046417,percent,gpr,2021-06-30,,2026-09-26,estimated,0
geopolitical_risk,za,nation,2021-07,0.035852,percent,gpr,2021-07-31,,2026-09-26,estimated,0
geopolitical_risk,za,nation,2021-08,0.028965,percent,gpr,2021-08-31,,2026-09-26,estimated,0
geopolitical_risk,za,nation,2021-09,0.018727,percent,gpr,2021-09-30,,2026-09-26,estimated,0
geopolitical_risk,za,nation,2021-10,0.040328,percent,gpr,2021-10-31,,2026-09-26,estimated,0
geopolitical_risk,za,nation,2021-11,0.090026,percent,gpr,2021-11-30,,2026-09-26,estimated,0
geopolitical_risk,za,nation,2021-12,0.059245,percent,gpr,2021-12-31,,2026-09-26,estimated,0
geopolitical_risk,za,nation,2022-01,0.067869,percent,gpr,2022-01-31,,2026-09-26,estimated,0
geopolitical_risk,za,nation,2022-02,0.055371,percent,gpr,2022-02-28,,2026-09-26,estimated,0
geopolitical_risk,za,nation,2022-03,0.096293,percent,gpr,2022-03-31,,2026-09-26,estimated,0
geopolitical_risk,za,nation,2022-04,0.081652,percent,gpr,2022-04-30,,2026-09-26,estimated,0
geopolitical_risk,za,nation,2022-05,0.050931,percent,gpr,2022-05-31,,2026-09-26,estimated,0
geopolitical_risk,za,nation,2022-06,0.058865,percent,gpr,2022-06-30,,2026-09-26,estimated,0
geopolitical_risk,za,nation,2022-07,0.046474,percent,gpr,2022-07-31,,2026-09-26,estimated,0
geopolitical_risk,za,nation,2022-08,0.053292,percent,gpr,2022-08-31,,2026-09-26,estimated,0
geopolitical_risk,za,nation,2022-09,0.035346,percent,gpr,2022-09-30,,2026-09-26,estimated,0
geopolitical_risk,za,nation,2022-10,0.045439,percent,gpr,2022-10-31,,2026-09-26,estimated,0
geopolitical_risk,za,nation,2022-11,0.074121,percent,gpr,2022-11-30,,2026-09-26,estimated,0
geopolitical_risk,za,nation,2022-12,0.037195,percent,gpr,2022-12-31,,2026-09-26,estimated,0
geopolitical_risk,za,nation,2023-01,0.037908,percent,gpr,2023-01-31,,2026-09-26,estimated,0
geopolitical_risk,za,nation,2023-02,0.093396,percent,gpr,2023-02-28,,2026-09-26,estimated,0
geopolitical_risk,za,nation,2023-03,0.064866,percent,gpr,2023-03-31,,2026-09-26,estimated,0
geopolitical_risk,za,nation,2023-04,0.051881,percent,gpr,2023-04-30,,2026-09-26,estimated,0
geopolitical_risk,za,nation,2023-05,0.181752,percent,gpr,2023-05-31,,2026-09-26,estimated,0
geopolitical_risk,za,nation,2023-06,0.122332,percent,gpr,2023-06-30,,2026-09-26,estimated,0
geopolitical_risk,za,nation,2023-07,0.111773,percent,gpr,2023-07-31,,2026-09-26,estimated,0
geopolitical_risk,za,nation,2023-08,0.133479,percent,gpr,2023-08-31,,2026-09-26,estimated,0
geopolitical_risk,za,nation,2023-09,0.114949,percent,gpr,2023-09-30,,2026-09-26,estimated,0
geopolitical_risk,za,nation,2023-10,0.065683,percent,gpr,2023-10-31,,2026-09-26,estimated,0
geopolitical_risk,za,nation,2023-11,0.056324,percent,gpr,2023-11-30,,2026-09-26,estimated,0
geopolitical_risk,za,nation,2023-12,0.11586,percent,gpr,2023-12-31,,2026-09-26,estimated,0
geopolitical_risk,za,nation,2024-01,0.319429,percent,gpr,2024-01-31,,2026-09-26,estimated,0
geopolitical_risk,za,nation,2024-02,0.124321,percent,gpr,2024-02-29,,2026-09-26,estimated,0
geopolitical_risk,za,nation,2024-03,0.116794,percent,gpr,2024-03-31,,2026-09-26,estimated,0
geopolitical_risk,za,nation,2024-04,0.139232,percent,gpr,2024-04-30,,2026-09-26,estimated,0
geopolitical_risk,za,nation,2024-05,0.183509,percent,gpr,2024-05-31,,2026-09-26,estimated,0
geopolitical_risk,za,nation,2024-06,0.114126,percent,gpr,2024-06-30,,2026-09-26,estimated,0
geopolitical_risk,za,nation,2024-07,0.055426,percent,gpr,2024-07-31,,2026-09-26,estimated,0
geopolitical_risk,za,nation,2024-08,0.069629,percent,gpr,2024-08-31,,2026-09-26,estimated,0
geopolitical_risk,za,nation,2024-09,0.071563,percent,gpr,2024-09-30,,2026-09-26,estimated,0
geopolitical_risk,za,nation,2024-10,0.154569,percent,gpr,2024-10-31,,2026-09-26,estimated,0
geopolitical_risk,za,nation,2024-11,0.094452,percent,gpr,2024-11-30,,2026-09-26,estimated,0
geopolitical_risk,za,nation,2024-12,0.104319,percent,gpr,2024-12-31,,2026-09-26,estimated,0
geopolitical_risk,za,nation,2025-01,0.081311,percent,gpr,2025-01-31,,2026-09-26,estimated,0
geopolitical_risk,za,nation,2025-02,0.074089,percent,gpr,2025-02-28,,2026-09-26,estimated,0
geopolitical_risk,za,nation,2025-03,0.082992,percent,gpr,2025-03-31,,2026-09-26,estimated,0
geopolitical_risk,za,nation,2025-04,0.11527,percent,gpr,2025-04-30,,2026-09-26,estimated,0
geopolitical_risk,za,nation,2025-05,0.093644,percent,gpr,2025-05-31,,2026-09-26,estimated,0
geopolitical_risk,za,nation,2025-06,0.04973,percent,gpr,2025-06-30,,2026-09-26,estimated,0
geopolitical_risk,za,nation,2025-07,0.060365,percent,gpr,2025-07-31,,2026-09-26,estimated,0
geopolitical_risk,za,nation,2025-08,0.089514,percent,gpr,2025-08-31,,2026-09-26,estimated,0
geopolitical_risk,za,nation,2025-09,0.084912,percent,gpr,2025-09-30,,2026-09-26,estimated,0
geopolitical_risk,za,nation,2025-10,0.100075,percent,gpr,2025-10-31,,2026-09-26,estimated,0
geopolitical_risk,za,nation,2025-11,0.245129,percent,gpr,2025-11-30,,2026-09-26,estimated,0
geopolitical_risk,za,nation,2025-12,0.039344,percent,gpr,2025-12-31,,2026-09-26,estimated,0
geopolitical_risk,za,nation,2026-01,0.068433,percent,gpr,2026-01-31,,2026-09-26,estimated,0
geopolitical_risk,za,nation,2026-02,0.046177,percent,gpr,2026-02-28,,2026-09-26,estimated,0
geopolitical_risk,za,nation,2026-03,0.069093,percent,gpr,2026-03-31,,2026-09-26,estimated,0
geopolitical_risk,za,nation,2026-04,0.123877,percent,gpr,2026-04-30,,2026-09-26,estimated,0
geopolitical_risk,za,nation,2026-05,0.074618,percent,gpr,2026-05-31,,2026-09-26,estimated,0
geopolitical_risk,za,nation,2026-06,0.049916,percent,gpr,2026-06-30,,2026-09-26,estimated,0
geopolitical_risk,za,nation,2026-07,0.012625,percent,gpr,2026-07-31,,2026-09-26,estimated,0
geopolitical_risk,za,nation,2026-08,0.093264,percent,gpr,2026-08-31,,2026-09-26,estimated,0
