metric_id,geo_id,geo_level,period,value,unit,source_id,observation_end,published_at,fetched_at,quality_flag,revision
marriages,prov-07,province,1975-01,345,marriages,ine,1975-01-31,,2026-07-26,ok,0
marriages,prov-07,province,1975-02,333,marriages,ine,1975-02-28,,2026-07-26,ok,0
marriages,prov-07,province,1975-03,389,marriages,ine,1975-03-31,,2026-07-26,ok,0
marriages,prov-07,province,1975-04,414,marriages,ine,1975-04-30,,2026-07-26,ok,0
marriages,prov-07,province,1975-05,456,marriages,ine,1975-05-31,,2026-07-26,ok,0
marriages,prov-07,province,1975-06,356,marriages,ine,1975-06-30,,2026-07-26,ok,0
marriages,prov-07,province,1975-07,329,marriages,ine,1975-07-31,,2026-07-26,ok,0
marriages,prov-07,province,1975-08,377,marriages,ine,1975-08-31,,2026-07-26,ok,0
marriages,prov-07,province,1975-09,390,marriages,ine,1975-09-30,,2026-07-26,ok,0
marriages,prov-07,province,1975-10,508,marriages,ine,1975-10-31,,2026-07-26,ok,0
marriages,prov-07,province,1975-11,522,marriages,ine,1975-11-30,,2026-07-26,ok,0
marriages,prov-07,province,1975-12,540,marriages,ine,1975-12-31,,2026-07-26,ok,0
marriages,prov-07,province,1976-01,323,marriages,ine,1976-01-31,,2026-07-26,ok,0
marriages,prov-07,province,1976-02,355,marriages,ine,1976-02-29,,2026-07-26,ok,0
marriages,prov-07,province,1976-03,409,marriages,ine,1976-03-31,,2026-07-26,ok,0
marriages,prov-07,province,1976-04,406,marriages,ine,1976-04-30,,2026-07-26,ok,0
marriages,prov-07,province,1976-05,444,marriages,ine,1976-05-31,,2026-07-26,ok,0
marriages,prov-07,province,1976-06,331,marriages,ine,1976-06-30,,2026-07-26,ok,0
marriages,prov-07,province,1976-07,311,marriages,ine,1976-07-31,,2026-07-26,ok,0
marriages,prov-07,province,1976-08,334,marriages,ine,1976-08-31,,2026-07-26,ok,0
marriages,prov-07,province,1976-09,447,marriages,ine,1976-09-30,,2026-07-26,ok,0
marriages,prov-07,province,1976-10,506,marriages,ine,1976-10-31,,2026-07-26,ok,0
marriages,prov-07,province,1976-11,378,marriages,ine,1976-11-30,,2026-07-26,ok,0
marriages,prov-07,province,1976-12,474,marriages,ine,1976-12-31,,2026-07-26,ok,0
marriages,prov-07,province,1977-01,396,marriages,ine,1977-01-31,,2026-07-26,ok,0
marriages,prov-07,province,1977-02,315,marriages,ine,1977-02-28,,2026-07-26,ok,0
marriages,prov-07,province,1977-03,415,marriages,ine,1977-03-31,,2026-07-26,ok,0
marriages,prov-07,province,1977-04,367,marriages,ine,1977-04-30,,2026-07-26,ok,0
marriages,prov-07,province,1977-05,380,marriages,ine,1977-05-31,,2026-07-26,ok,0
marriages,prov-07,province,1977-06,288,marriages,ine,1977-06-30,,2026-07-26,ok,0
marriages,prov-07,province,1977-07,318,marriages,ine,1977-07-31,,2026-07-26,ok,0
marriages,prov-07,province,1977-08,297,marriages,ine,1977-08-31,,2026-07-26,ok,0
marriages,prov-07,province,1977-09,440,marriages,ine,1977-09-30,,2026-07-26,ok,0
marriages,prov-07,province,1977-10,475,marriages,ine,1977-10-31,,2026-07-26,ok,0
marriages,prov-07,province,1977-11,383,marriages,ine,1977-11-30,,2026-07-26,ok,0
marriages,prov-07,province,1977-12,425,marriages,ine,1977-12-31,,2026-07-26,ok,0
marriages,prov-07,province,1978-01,328,marriages,ine,1978-01-31,,2026-07-26,ok,0
marriages,prov-07,province,1978-02,295,marriages,ine,1978-02-28,,2026-07-26,ok,0
marriages,prov-07,province,1978-03,341,marriages,ine,1978-03-31,,2026-07-26,ok,0
marriages,prov-07,province,1978-04,440,marriages,ine,1978-04-30,,2026-07-26,ok,0
marriages,prov-07,province,1978-05,375,marriages,ine,1978-05-31,,2026-07-26,ok,0
marriages,prov-07,province,1978-06,305,marriages,ine,1978-06-30,,2026-07-26,ok,0
marriages,prov-07,province,1978-07,360,marriages,ine,1978-07-31,,2026-07-26,ok,0
marriages,prov-07,province,1978-08,307,marriages,ine,1978-08-31,,2026-07-26,ok,0
marriages,prov-07,province,1978-09,398,marriages,ine,1978-09-30,,2026-07-26,ok,0
marriages,prov-07,province,1978-10,377,marriages,ine,1978-10-31,,2026-07-26,ok,0
marriages,prov-07,province,1978-11,374,marriages,ine,1978-11-30,,2026-07-26,ok,0
marriages,prov-07,province,1978-12,429,marriages,ine,1978-12-31,,2026-07-26,ok,0
marriages,prov-07,province,1979-01,388,marriages,ine,1979-01-31,,2026-07-26,ok,0
marriages,prov-07,province,1979-02,291,marriages,ine,1979-02-28,,2026-07-26,ok,0
marriages,prov-07,province,1979-03,394,marriages,ine,1979-03-31,,2026-07-26,ok,0
marriages,prov-07,province,1979-04,335,marriages,ine,1979-04-30,,2026-07-26,ok,0
marriages,prov-07,province,1979-05,325,marriages,ine,1979-05-31,,2026-07-26,ok,0
marriages,prov-07,province,1979-06,367,marriages,ine,1979-06-30,,2026-07-26,ok,0
marriages,prov-07,province,1979-07,301,marriages,ine,1979-07-31,,2026-07-26,ok,0
marriages,prov-07,province,1979-08,198,marriages,ine,1979-08-31,,2026-07-26,ok,0
marriages,prov-07,province,1979-09,435,marriages,ine,1979-09-30,,2026-07-26,ok,0
marriages,prov-07,province,1979-10,450,marriages,ine,1979-10-31,,2026-07-26,ok,0
marriages,prov-07,province,1979-11,374,marriages,ine,1979-11-30,,2026-07-26,ok,0
marriages,prov-07,province,1979-12,508,marriages,ine,1979-12-31,,2026-07-26,ok,0
marriages,prov-07,province,1980-01,261,marriages,ine,1980-01-31,,2026-07-26,ok,0
marriages,prov-07,province,1980-02,250,marriages,ine,1980-02-29,,2026-07-26,ok,0
marriages,prov-07,province,1980-03,370,marriages,ine,1980-03-31,,2026-07-26,ok,0
marriages,prov-07,province,1980-04,282,marriages,ine,1980-04-30,,2026-07-26,ok,0
marriages,prov-07,province,1980-05,390,marriages,ine,1980-05-31,,2026-07-26,ok,0
marriages,prov-07,province,1980-06,272,marriages,ine,1980-06-30,,2026-07-26,ok,0
marriages,prov-07,province,1980-07,315,marriages,ine,1980-07-31,,2026-07-26,ok,0
marriages,prov-07,province,1980-08,327,marriages,ine,1980-08-31,,2026-07-26,ok,0
marriages,prov-07,province,1980-09,358,marriages,ine,1980-09-30,,2026-07-26,ok,0
marriages,prov-07,province,1980-10,349,marriages,ine,1980-10-31,,2026-07-26,ok,0
marriages,prov-07,province,1980-11,259,marriages,ine,1980-11-30,,2026-07-26,ok,0
marriages,prov-07,province,1980-12,449,marriages,ine,1980-12-31,,2026-07-26,ok,0
marriages,prov-07,province,1981-01,238,marriages,ine,1981-01-31,,2026-07-26,ok,0
marriages,prov-07,province,1981-02,259,marriages,ine,1981-02-28,,2026-07-26,ok,0
marriages,prov-07,province,1981-03,278,marriages,ine,1981-03-31,,2026-07-26,ok,0
marriages,prov-07,province,1981-04,288,marriages,ine,1981-04-30,,2026-07-26,ok,0
marriages,prov-07,province,1981-05,323,marriages,ine,1981-05-31,,2026-07-26,ok,0
marriages,prov-07,province,1981-06,252,marriages,ine,1981-06-30,,2026-07-26,ok,0
marriages,prov-07,province,1981-07,237,marriages,ine,1981-07-31,,2026-07-26,ok,0
marriages,prov-07,province,1981-08,301,marriages,ine,1981-08-31,,2026-07-26,ok,0
marriages,prov-07,province,1981-09,309,marriages,ine,1981-09-30,,2026-07-26,ok,0
marriages,prov-07,province,1981-10,336,marriages,ine,1981-10-31,,2026-07-26,ok,0
marriages,prov-07,province,1981-11,296,marriages,ine,1981-11-30,,2026-07-26,ok,0
marriages,prov-07,province,1981-12,367,marriages,ine,1981-12-31,,2026-07-26,ok,0
marriages,prov-07,province,1982-01,294,marriages,ine,1982-01-31,,2026-07-26,ok,0
marriages,prov-07,province,1982-02,268,marriages,ine,1982-02-28,,2026-07-26,ok,0
marriages,prov-07,province,1982-03,262,marriages,ine,1982-03-31,,2026-07-26,ok,0
marriages,prov-07,province,1982-04,279,marriages,ine,1982-04-30,,2026-07-26,ok,0
marriages,prov-07,province,1982-05,313,marriages,ine,1982-05-31,,2026-07-26,ok,0
marriages,prov-07,province,1982-06,275,marriages,ine,1982-06-30,,2026-07-26,ok,0
marriages,prov-07,province,1982-07,328,marriages,ine,1982-07-31,,2026-07-26,ok,0
marriages,prov-07,province,1982-08,284,marriages,ine,1982-08-31,,2026-07-26,ok,0
marriages,prov-07,province,1982-09,359,marriages,ine,1982-09-30,,2026-07-26,ok,0
marriages,prov-07,province,1982-10,355,marriages,ine,1982-10-31,,2026-07-26,ok,0
marriages,prov-07,province,1982-11,321,marriages,ine,1982-11-30,,2026-07-26,ok,0
marriages,prov-07,province,1982-12,410,marriages,ine,1982-12-31,,2026-07-26,ok,0
marriages,prov-07,province,1983-01,282,marriages,ine,1983-01-31,,2026-07-26,ok,0
marriages,prov-07,province,1983-02,272,marriages,ine,1983-02-28,,2026-07-26,ok,0
marriages,prov-07,province,1983-03,339,marriages,ine,1983-03-31,,2026-07-26,ok,0
marriages,prov-07,province,1983-04,362,marriages,ine,1983-04-30,,2026-07-26,ok,0
marriages,prov-07,province,1983-05,322,marriages,ine,1983-05-31,,2026-07-26,ok,0
marriages,prov-07,province,1983-06,306,marriages,ine,1983-06-30,,2026-07-26,ok,0
marriages,prov-07,province,1983-07,328,marriages,ine,1983-07-31,,2026-07-26,ok,0
marriages,prov-07,province,1983-08,278,marriages,ine,1983-08-31,,2026-07-26,ok,0
marriages,prov-07,province,1983-09,349,marriages,ine,1983-09-30,,2026-07-26,ok,0
marriages,prov-07,province,1983-10,424,marriages,ine,1983-10-31,,2026-07-26,ok,0
marriages,prov-07,province,1983-11,337,marriages,ine,1983-11-30,,2026-07-26,ok,0
marriages,prov-07,province,1983-12,429,marriages,ine,1983-12-31,,2026-07-26,ok,0
marriages,prov-07,province,1984-01,282,marriages,ine,1984-01-31,,2026-07-26,ok,0
marriages,prov-07,province,1984-02,251,marriages,ine,1984-02-29,,2026-07-26,ok,0
marriages,prov-07,province,1984-03,383,marriages,ine,1984-03-31,,2026-07-26,ok,0
marriages,prov-07,province,1984-04,326,marriages,ine,1984-04-30,,2026-07-26,ok,0
marriages,prov-07,province,1984-05,325,marriages,ine,1984-05-31,,2026-07-26,ok,0
marriages,prov-07,province,1984-06,324,marriages,ine,1984-06-30,,2026-07-26,ok,0
marriages,prov-07,province,1984-07,271,marriages,ine,1984-07-31,,2026-07-26,ok,0
marriages,prov-07,province,1984-08,326,marriages,ine,1984-08-31,,2026-07-26,ok,0
marriages,prov-07,province,1984-09,411,marriages,ine,1984-09-30,,2026-07-26,ok,0
marriages,prov-07,province,1984-10,401,marriages,ine,1984-10-31,,2026-07-26,ok,0
marriages,prov-07,province,1984-11,333,marriages,ine,1984-11-30,,2026-07-26,ok,0
marriages,prov-07,province,1984-12,449,marriages,ine,1984-12-31,,2026-07-26,ok,0
marriages,prov-07,province,1985-01,271,marriages,ine,1985-01-31,,2026-07-26,ok,0
marriages,prov-07,province,1985-02,254,marriages,ine,1985-02-28,,2026-07-26,ok,0
marriages,prov-07,province,1985-03,417,marriages,ine,1985-03-31,,2026-07-26,ok,0
marriages,prov-07,province,1985-04,285,marriages,ine,1985-04-30,,2026-07-26,ok,0
marriages,prov-07,province,1985-05,319,marriages,ine,1985-05-31,,2026-07-26,ok,0
marriages,prov-07,province,1985-06,306,marriages,ine,1985-06-30,,2026-07-26,ok,0
marriages,prov-07,province,1985-07,290,marriages,ine,1985-07-31,,2026-07-26,ok,0
marriages,prov-07,province,1985-08,344,marriages,ine,1985-08-31,,2026-07-26,ok,0
marriages,prov-07,province,1985-09,368,marriages,ine,1985-09-30,,2026-07-26,ok,0
marriages,prov-07,province,1985-10,388,marriages,ine,1985-10-31,,2026-07-26,ok,0
marriages,prov-07,province,1985-11,383,marriages,ine,1985-11-30,,2026-07-26,ok,0
marriages,prov-07,province,1985-12,389,marriages,ine,1985-12-31,,2026-07-26,ok,0
marriages,prov-07,province,1986-01,240,marriages,ine,1986-01-31,,2026-07-26,ok,0
marriages,prov-07,province,1986-02,227,marriages,ine,1986-02-28,,2026-07-26,ok,0
marriages,prov-07,province,1986-03,349,marriages,ine,1986-03-31,,2026-07-26,ok,0
marriages,prov-07,province,1986-04,362,marriages,ine,1986-04-30,,2026-07-26,ok,0
marriages,prov-07,province,1986-05,390,marriages,ine,1986-05-31,,2026-07-26,ok,0
marriages,prov-07,province,1986-06,303,marriages,ine,1986-06-30,,2026-07-26,ok,0
marriages,prov-07,province,1986-07,303,marriages,ine,1986-07-31,,2026-07-26,ok,0
marriages,prov-07,province,1986-08,339,marriages,ine,1986-08-31,,2026-07-26,ok,0
marriages,prov-07,province,1986-09,395,marriages,ine,1986-09-30,,2026-07-26,ok,0
marriages,prov-07,province,1986-10,415,marriages,ine,1986-10-31,,2026-07-26,ok,0
marriages,prov-07,province,1986-11,408,marriages,ine,1986-11-30,,2026-07-26,ok,0
marriages,prov-07,province,1986-12,433,marriages,ine,1986-12-31,,2026-07-26,ok,0
marriages,prov-07,province,1987-01,296,marriages,ine,1987-01-31,,2026-07-26,ok,0
marriages,prov-07,province,1987-02,268,marriages,ine,1987-02-28,,2026-07-26,ok,0
marriages,prov-07,province,1987-03,344,marriages,ine,1987-03-31,,2026-07-26,ok,0
marriages,prov-07,province,1987-04,329,marriages,ine,1987-04-30,,2026-07-26,ok,0
marriages,prov-07,province,1987-05,401,marriages,ine,1987-05-31,,2026-07-26,ok,0
marriages,prov-07,province,1987-06,271,marriages,ine,1987-06-30,,2026-07-26,ok,0
marriages,prov-07,province,1987-07,336,marriages,ine,1987-07-31,,2026-07-26,ok,0
marriages,prov-07,province,1987-08,324,marriages,ine,1987-08-31,,2026-07-26,ok,0
marriages,prov-07,province,1987-09,430,marriages,ine,1987-09-30,,2026-07-26,ok,0
marriages,prov-07,province,1987-10,437,marriages,ine,1987-10-31,,2026-07-26,ok,0
marriages,prov-07,province,1987-11,395,marriages,ine,1987-11-30,,2026-07-26,ok,0
marriages,prov-07,province,1987-12,473,marriages,ine,1987-12-31,,2026-07-26,ok,0
marriages,prov-07,province,1988-01,332,marriages,ine,1988-01-31,,2026-07-26,ok,0
marriages,prov-07,province,1988-02,299,marriages,ine,1988-02-29,,2026-07-26,ok,0
marriages,prov-07,province,1988-03,379,marriages,ine,1988-03-31,,2026-07-26,ok,0
marriages,prov-07,province,1988-04,409,marriages,ine,1988-04-30,,2026-07-26,ok,0
marriages,prov-07,province,1988-05,353,marriages,ine,1988-05-31,,2026-07-26,ok,0
marriages,prov-07,province,1988-06,346,marriages,ine,1988-06-30,,2026-07-26,ok,0
marriages,prov-07,province,1988-07,379,marriages,ine,1988-07-31,,2026-07-26,ok,0
marriages,prov-07,province,1988-08,277,marriages,ine,1988-08-31,,2026-07-26,ok,0
marriages,prov-07,province,1988-09,422,marriages,ine,1988-09-30,,2026-07-26,ok,0
marriages,prov-07,province,1988-10,434,marriages,ine,1988-10-31,,2026-07-26,ok,0
marriages,prov-07,province,1988-11,435,marriages,ine,1988-11-30,,2026-07-26,ok,0
marriages,prov-07,province,1988-12,492,marriages,ine,1988-12-31,,2026-07-26,ok,0
marriages,prov-07,province,1989-01,308,marriages,ine,1989-01-31,,2026-07-26,ok,0
marriages,prov-07,province,1989-02,305,marriages,ine,1989-02-28,,2026-07-26,ok,0
marriages,prov-07,province,1989-03,369,marriages,ine,1989-03-31,,2026-07-26,ok,0
marriages,prov-07,province,1989-04,487,marriages,ine,1989-04-30,,2026-07-26,ok,0
marriages,prov-07,province,1989-05,361,marriages,ine,1989-05-31,,2026-07-26,ok,0
marriages,prov-07,province,1989-06,344,marriages,ine,1989-06-30,,2026-07-26,ok,0
marriages,prov-07,province,1989-07,357,marriages,ine,1989-07-31,,2026-07-26,ok,0
marriages,prov-07,province,1989-08,303,marriages,ine,1989-08-31,,2026-07-26,ok,0
marriages,prov-07,province,1989-09,523,marriages,ine,1989-09-30,,2026-07-26,ok,0
marriages,prov-07,province,1989-10,421,marriages,ine,1989-10-31,,2026-07-26,ok,0
marriages,prov-07,province,1989-11,423,marriages,ine,1989-11-30,,2026-07-26,ok,0
marriages,prov-07,province,1989-12,539,marriages,ine,1989-12-31,,2026-07-26,ok,0
marriages,prov-07,province,1990-01,266,marriages,ine,1990-01-31,,2026-07-26,ok,0
marriages,prov-07,province,1990-02,279,marriages,ine,1990-02-28,,2026-07-26,ok,0
marriages,prov-07,province,1990-03,435,marriages,ine,1990-03-31,,2026-07-26,ok,0
marriages,prov-07,province,1990-04,372,marriages,ine,1990-04-30,,2026-07-26,ok,0
marriages,prov-07,province,1990-05,407,marriages,ine,1990-05-31,,2026-07-26,ok,0
marriages,prov-07,province,1990-06,356,marriages,ine,1990-06-30,,2026-07-26,ok,0
marriages,prov-07,province,1990-07,292,marriages,ine,1990-07-31,,2026-07-26,ok,0
marriages,prov-07,province,1990-08,288,marriages,ine,1990-08-31,,2026-07-26,ok,0
marriages,prov-07,province,1990-09,538,marriages,ine,1990-09-30,,2026-07-26,ok,0
marriages,prov-07,province,1990-10,443,marriages,ine,1990-10-31,,2026-07-26,ok,0
marriages,prov-07,province,1990-11,426,marriages,ine,1990-11-30,,2026-07-26,ok,0
marriages,prov-07,province,1990-12,504,marriages,ine,1990-12-31,,2026-07-26,ok,0
marriages,prov-07,province,1991-01,258,marriages,ine,1991-01-31,,2026-07-26,ok,0
marriages,prov-07,province,1991-02,230,marriages,ine,1991-02-28,,2026-07-26,ok,0
marriages,prov-07,province,1991-03,354,marriages,ine,1991-03-31,,2026-07-26,ok,0
marriages,prov-07,province,1991-04,376,marriages,ine,1991-04-30,,2026-07-26,ok,0
marriages,prov-07,province,1991-05,378,marriages,ine,1991-05-31,,2026-07-26,ok,0
marriages,prov-07,province,1991-06,354,marriages,ine,1991-06-30,,2026-07-26,ok,0
marriages,prov-07,province,1991-07,332,marriages,ine,1991-07-31,,2026-07-26,ok,0
marriages,prov-07,province,1991-08,352,marriages,ine,1991-08-31,,2026-07-26,ok,0
marriages,prov-07,province,1991-09,525,marriages,ine,1991-09-30,,2026-07-26,ok,0
marriages,prov-07,province,1991-10,448,marriages,ine,1991-10-31,,2026-07-26,ok,0
marriages,prov-07,province,1991-11,397,marriages,ine,1991-11-30,,2026-07-26,ok,0
marriages,prov-07,province,1991-12,409,marriages,ine,1991-12-31,,2026-07-26,ok,0
marriages,prov-07,province,1992-01,195,marriages,ine,1992-01-31,,2026-07-26,ok,0
marriages,prov-07,province,1992-02,262,marriages,ine,1992-02-29,,2026-07-26,ok,0
marriages,prov-07,province,1992-03,315,marriages,ine,1992-03-31,,2026-07-26,ok,0
marriages,prov-07,province,1992-04,346,marriages,ine,1992-04-30,,2026-07-26,ok,0
marriages,prov-07,province,1992-05,494,marriages,ine,1992-05-31,,2026-07-26,ok,0
marriages,prov-07,province,1992-06,339,marriages,ine,1992-06-30,,2026-07-26,ok,0
marriages,prov-07,province,1992-07,314,marriages,ine,1992-07-31,,2026-07-26,ok,0
marriages,prov-07,province,1992-08,316,marriages,ine,1992-08-31,,2026-07-26,ok,0
marriages,prov-07,province,1992-09,538,marriages,ine,1992-09-30,,2026-07-26,ok,0
marriages,prov-07,province,1992-10,469,marriages,ine,1992-10-31,,2026-07-26,ok,0
marriages,prov-07,province,1992-11,358,marriages,ine,1992-11-30,,2026-07-26,ok,0
marriages,prov-07,province,1992-12,390,marriages,ine,1992-12-31,,2026-07-26,ok,0
marriages,prov-07,province,1993-01,199,marriages,ine,1993-01-31,,2026-07-26,ok,0
marriages,prov-07,province,1993-02,252,marriages,ine,1993-02-28,,2026-07-26,ok,0
marriages,prov-07,province,1993-03,287,marriages,ine,1993-03-31,,2026-07-26,ok,0
marriages,prov-07,province,1993-04,316,marriages,ine,1993-04-30,,2026-07-26,ok,0
marriages,prov-07,province,1993-05,401,marriages,ine,1993-05-31,,2026-07-26,ok,0
marriages,prov-07,province,1993-06,278,marriages,ine,1993-06-30,,2026-07-26,ok,0
marriages,prov-07,province,1993-07,353,marriages,ine,1993-07-31,,2026-07-26,ok,0
marriages,prov-07,province,1993-08,278,marriages,ine,1993-08-31,,2026-07-26,ok,0
marriages,prov-07,province,1993-09,512,marriages,ine,1993-09-30,,2026-07-26,ok,0
marriages,prov-07,province,1993-10,448,marriages,ine,1993-10-31,,2026-07-26,ok,0
marriages,prov-07,province,1993-11,375,marriages,ine,1993-11-30,,2026-07-26,ok,0
marriages,prov-07,province,1993-12,391,marriages,ine,1993-12-31,,2026-07-26,ok,0
marriages,prov-07,province,1994-01,221,marriages,ine,1994-01-31,,2026-07-26,ok,0
marriages,prov-07,province,1994-02,206,marriages,ine,1994-02-28,,2026-07-26,ok,0
marriages,prov-07,province,1994-03,294,marriages,ine,1994-03-31,,2026-07-26,ok,0
marriages,prov-07,province,1994-04,372,marriages,ine,1994-04-30,,2026-07-26,ok,0
marriages,prov-07,province,1994-05,347,marriages,ine,1994-05-31,,2026-07-26,ok,0
marriages,prov-07,province,1994-06,343,marriages,ine,1994-06-30,,2026-07-26,ok,0
marriages,prov-07,province,1994-07,376,marriages,ine,1994-07-31,,2026-07-26,ok,0
marriages,prov-07,province,1994-08,274,marriages,ine,1994-08-31,,2026-07-26,ok,0
marriages,prov-07,province,1994-09,530,marriages,ine,1994-09-30,,2026-07-26,ok,0
marriages,prov-07,province,1994-10,506,marriages,ine,1994-10-31,,2026-07-26,ok,0
marriages,prov-07,province,1994-11,380,marriages,ine,1994-11-30,,2026-07-26,ok,0
marriages,prov-07,province,1994-12,366,marriages,ine,1994-12-31,,2026-07-26,ok,0
marriages,prov-07,province,1995-01,198,marriages,ine,1995-01-31,,2026-07-26,ok,0
marriages,prov-07,province,1995-02,261,marriages,ine,1995-02-28,,2026-07-26,ok,0
marriages,prov-07,province,1995-03,287,marriages,ine,1995-03-31,,2026-07-26,ok,0
marriages,prov-07,province,1995-04,425,marriages,ine,1995-04-30,,2026-07-26,ok,0
marriages,prov-07,province,1995-05,340,marriages,ine,1995-05-31,,2026-07-26,ok,0
marriages,prov-07,province,1995-06,319,marriages,ine,1995-06-30,,2026-07-26,ok,0
marriages,prov-07,province,1995-07,320,marriages,ine,1995-07-31,,2026-07-26,ok,0
marriages,prov-07,province,1995-08,223,marriages,ine,1995-08-31,,2026-07-26,ok,0
marriages,prov-07,province,1995-09,544,marriages,ine,1995-09-30,,2026-07-26,ok,0
marriages,prov-07,province,1995-10,405,marriages,ine,1995-10-31,,2026-07-26,ok,0
marriages,prov-07,province,1995-11,376,marriages,ine,1995-11-30,,2026-07-26,ok,0
marriages,prov-07,province,1995-12,402,marriages,ine,1995-12-31,,2026-07-26,ok,0
marriages,prov-07,province,1996-01,173,marriages,ine,1996-01-31,,2026-07-26,ok,0
marriages,prov-07,province,1996-02,212,marriages,ine,1996-02-29,,2026-07-26,ok,0
marriages,prov-07,province,1996-03,373,marriages,ine,1996-03-31,,2026-07-26,ok,0
marriages,prov-07,province,1996-04,309,marriages,ine,1996-04-30,,2026-07-26,ok,0
marriages,prov-07,province,1996-05,344,marriages,ine,1996-05-31,,2026-07-26,ok,0
marriages,prov-07,province,1996-06,356,marriages,ine,1996-06-30,,2026-07-26,ok,0
marriages,prov-07,province,1996-07,302,marriages,ine,1996-07-31,,2026-07-26,ok,0
marriages,prov-07,province,1996-08,323,marriages,ine,1996-08-31,,2026-07-26,ok,0
marriages,prov-07,province,1996-09,499,marriages,ine,1996-09-30,,2026-07-26,ok,0
marriages,prov-07,province,1996-10,448,marriages,ine,1996-10-31,,2026-07-26,ok,0
marriages,prov-07,province,1996-11,432,marriages,ine,1996-11-30,,2026-07-26,ok,0
marriages,prov-07,province,1996-12,372,marriages,ine,1996-12-31,,2026-07-26,ok,0
marriages,prov-07,province,1997-01,206,marriages,ine,1997-01-31,,2026-07-26,ok,0
marriages,prov-07,province,1997-02,171,marriages,ine,1997-02-28,,2026-07-26,ok,0
marriages,prov-07,province,1997-03,291,marriages,ine,1997-03-31,,2026-07-26,ok,0
marriages,prov-07,province,1997-04,309,marriages,ine,1997-04-30,,2026-07-26,ok,0
marriages,prov-07,province,1997-05,422,marriages,ine,1997-05-31,,2026-07-26,ok,0
marriages,prov-07,province,1997-06,329,marriages,ine,1997-06-30,,2026-07-26,ok,0
marriages,prov-07,province,1997-07,330,marriages,ine,1997-07-31,,2026-07-26,ok,0
marriages,prov-07,province,1997-08,362,marriages,ine,1997-08-31,,2026-07-26,ok,0
marriages,prov-07,province,1997-09,503,marriages,ine,1997-09-30,,2026-07-26,ok,0
marriages,prov-07,province,1997-10,438,marriages,ine,1997-10-31,,2026-07-26,ok,0
marriages,prov-07,province,1997-11,426,marriages,ine,1997-11-30,,2026-07-26,ok,0
marriages,prov-07,province,1997-12,329,marriages,ine,1997-12-31,,2026-07-26,ok,0
marriages,prov-07,province,1998-01,182,marriages,ine,1998-01-31,,2026-07-26,ok,0
marriages,prov-07,province,1998-02,238,marriages,ine,1998-02-28,,2026-07-26,ok,0
marriages,prov-07,province,1998-03,309,marriages,ine,1998-03-31,,2026-07-26,ok,0
marriages,prov-07,province,1998-04,329,marriages,ine,1998-04-30,,2026-07-26,ok,0
marriages,prov-07,province,1998-05,440,marriages,ine,1998-05-31,,2026-07-26,ok,0
marriages,prov-07,province,1998-06,314,marriages,ine,1998-06-30,,2026-07-26,ok,0
marriages,prov-07,province,1998-07,350,marriages,ine,1998-07-31,,2026-07-26,ok,0
marriages,prov-07,province,1998-08,383,marriages,ine,1998-08-31,,2026-07-26,ok,0
marriages,prov-07,province,1998-09,525,marriages,ine,1998-09-30,,2026-07-26,ok,0
marriages,prov-07,province,1998-10,558,marriages,ine,1998-10-31,,2026-07-26,ok,0
marriages,prov-07,province,1998-11,428,marriages,ine,1998-11-30,,2026-07-26,ok,0
marriages,prov-07,province,1998-12,346,marriages,ine,1998-12-31,,2026-07-26,ok,0
marriages,prov-07,province,1999-01,186,marriages,ine,1999-01-31,,2026-07-26,ok,0
marriages,prov-07,province,1999-02,213,marriages,ine,1999-02-28,,2026-07-26,ok,0
marriages,prov-07,province,1999-03,317,marriages,ine,1999-03-31,,2026-07-26,ok,0
marriages,prov-07,province,1999-04,321,marriages,ine,1999-04-30,,2026-07-26,ok,0
marriages,prov-07,province,1999-05,463,marriages,ine,1999-05-31,,2026-07-26,ok,0
marriages,prov-07,province,1999-06,368,marriages,ine,1999-06-30,,2026-07-26,ok,0
marriages,prov-07,province,1999-07,435,marriages,ine,1999-07-31,,2026-07-26,ok,0
marriages,prov-07,province,1999-08,310,marriages,ine,1999-08-31,,2026-07-26,ok,0
marriages,prov-07,province,1999-09,558,marriages,ine,1999-09-30,,2026-07-26,ok,0
marriages,prov-07,province,1999-10,570,marriages,ine,1999-10-31,,2026-07-26,ok,0
marriages,prov-07,province,1999-11,391,marriages,ine,1999-11-30,,2026-07-26,ok,0
marriages,prov-07,province,1999-12,371,marriages,ine,1999-12-31,,2026-07-26,ok,0
marriages,prov-07,province,2000-01,194,marriages,ine,2000-01-31,,2026-07-26,ok,0
marriages,prov-07,province,2000-02,196,marriages,ine,2000-02-29,,2026-07-26,ok,0
marriages,prov-07,province,2000-03,292,marriages,ine,2000-03-31,,2026-07-26,ok,0
marriages,prov-07,province,2000-04,371,marriages,ine,2000-04-30,,2026-07-26,ok,0
marriages,prov-07,province,2000-05,425,marriages,ine,2000-05-31,,2026-07-26,ok,0
marriages,prov-07,province,2000-06,391,marriages,ine,2000-06-30,,2026-07-26,ok,0
marriages,prov-07,province,2000-07,417,marriages,ine,2000-07-31,,2026-07-26,ok,0
marriages,prov-07,province,2000-08,287,marriages,ine,2000-08-31,,2026-07-26,ok,0
marriages,prov-07,province,2000-09,663,marriages,ine,2000-09-30,,2026-07-26,ok,0
marriages,prov-07,province,2000-10,488,marriages,ine,2000-10-31,,2026-07-26,ok,0
marriages,prov-07,province,2000-11,412,marriages,ine,2000-11-30,,2026-07-26,ok,0
marriages,prov-07,province,2000-12,363,marriages,ine,2000-12-31,,2026-07-26,ok,0
marriages,prov-07,province,2001-01,148,marriages,ine,2001-01-31,,2026-07-26,ok,0
marriages,prov-07,province,2001-02,194,marriages,ine,2001-02-28,,2026-07-26,ok,0
marriages,prov-07,province,2001-03,351,marriages,ine,2001-03-31,,2026-07-26,ok,0
marriages,prov-07,province,2001-04,323,marriages,ine,2001-04-30,,2026-07-26,ok,0
marriages,prov-07,province,2001-05,394,marriages,ine,2001-05-31,,2026-07-26,ok,0
marriages,prov-07,province,2001-06,461,marriages,ine,2001-06-30,,2026-07-26,ok,0
marriages,prov-07,province,2001-07,348,marriages,ine,2001-07-31,,2026-07-26,ok,0
marriages,prov-07,province,2001-08,274,marriages,ine,2001-08-31,,2026-07-26,ok,0
marriages,prov-07,province,2001-09,627,marriages,ine,2001-09-30,,2026-07-26,ok,0
marriages,prov-07,province,2001-10,465,marriages,ine,2001-10-31,,2026-07-26,ok,0
marriages,prov-07,province,2001-11,380,marriages,ine,2001-11-30,,2026-07-26,ok,0
marriages,prov-07,province,2001-12,361,marriages,ine,2001-12-31,,2026-07-26,ok,0
marriages,prov-07,province,2002-01,131,marriages,ine,2002-01-31,,2026-07-26,ok,0
marriages,prov-07,province,2002-02,207,marriages,ine,2002-02-28,,2026-07-26,ok,0
marriages,prov-07,province,2002-03,295,marriages,ine,2002-03-31,,2026-07-26,ok,0
marriages,prov-07,province,2002-04,336,marriages,ine,2002-04-30,,2026-07-26,ok,0
marriages,prov-07,province,2002-05,441,marriages,ine,2002-05-31,,2026-07-26,ok,0
marriages,prov-07,province,2002-06,464,marriages,ine,2002-06-30,,2026-07-26,ok,0
marriages,prov-07,province,2002-07,406,marriages,ine,2002-07-31,,2026-07-26,ok,0
marriages,prov-07,province,2002-08,421,marriages,ine,2002-08-31,,2026-07-26,ok,0
marriages,prov-07,province,2002-09,572,marriages,ine,2002-09-30,,2026-07-26,ok,0
marriages,prov-07,province,2002-10,556,marriages,ine,2002-10-31,,2026-07-26,ok,0
marriages,prov-07,province,2002-11,411,marriages,ine,2002-11-30,,2026-07-26,ok,0
marriages,prov-07,province,2002-12,341,marriages,ine,2002-12-31,,2026-07-26,ok,0
marriages,prov-07,province,2003-01,171,marriages,ine,2003-01-31,,2026-07-26,ok,0
marriages,prov-07,province,2003-02,215,marriages,ine,2003-02-28,,2026-07-26,ok,0
marriages,prov-07,province,2003-03,311,marriages,ine,2003-03-31,,2026-07-26,ok,0
marriages,prov-07,province,2003-04,325,marriages,ine,2003-04-30,,2026-07-26,ok,0
marriages,prov-07,province,2003-05,535,marriages,ine,2003-05-31,,2026-07-26,ok,0
marriages,prov-07,province,2003-06,430,marriages,ine,2003-06-30,,2026-07-26,ok,0
marriages,prov-07,province,2003-07,427,marriages,ine,2003-07-31,,2026-07-26,ok,0
marriages,prov-07,province,2003-08,411,marriages,ine,2003-08-31,,2026-07-26,ok,0
marriages,prov-07,province,2003-09,634,marriages,ine,2003-09-30,,2026-07-26,ok,0
marriages,prov-07,province,2003-10,546,marriages,ine,2003-10-31,,2026-07-26,ok,0
marriages,prov-07,province,2003-11,410,marriages,ine,2003-11-30,,2026-07-26,ok,0
marriages,prov-07,province,2003-12,236,marriages,ine,2003-12-31,,2026-07-26,ok,0
marriages,prov-07,province,2004-01,170,marriages,ine,2004-01-31,,2026-07-26,ok,0
marriages,prov-07,province,2004-02,219,marriages,ine,2004-02-29,,2026-07-26,ok,0
marriages,prov-07,province,2004-03,298,marriages,ine,2004-03-31,,2026-07-26,ok,0
marriages,prov-07,province,2004-04,340,marriages,ine,2004-04-30,,2026-07-26,ok,0
marriages,prov-07,province,2004-05,508,marriages,ine,2004-05-31,,2026-07-26,ok,0
marriages,prov-07,province,2004-06,488,marriages,ine,2004-06-30,,2026-07-26,ok,0
marriages,prov-07,province,2004-07,483,marriages,ine,2004-07-31,,2026-07-26,ok,0
marriages,prov-07,province,2004-08,352,marriages,ine,2004-08-31,,2026-07-26,ok,0
marriages,prov-07,province,2004-09,632,marriages,ine,2004-09-30,,2026-07-26,ok,0
marriages,prov-07,province,2004-10,543,marriages,ine,2004-10-31,,2026-07-26,ok,0
marriages,prov-07,province,2004-11,289,marriages,ine,2004-11-30,,2026-07-26,ok,0
marriages,prov-07,province,2004-12,233,marriages,ine,2004-12-31,,2026-07-26,ok,0
marriages,prov-07,province,2005-01,160,marriages,ine,2005-01-31,,2026-07-26,ok,0
marriages,prov-07,province,2005-02,203,marriages,ine,2005-02-28,,2026-07-26,ok,0
marriages,prov-07,province,2005-03,239,marriages,ine,2005-03-31,,2026-07-26,ok,0
marriages,prov-07,province,2005-04,369,marriages,ine,2005-04-30,,2026-07-26,ok,0
marriages,prov-07,province,2005-05,450,marriages,ine,2005-05-31,,2026-07-26,ok,0
marriages,prov-07,province,2005-06,452,marriages,ine,2005-06-30,,2026-07-26,ok,0
marriages,prov-07,province,2005-07,474,marriages,ine,2005-07-31,,2026-07-26,ok,0
marriages,prov-07,province,2005-08,294,marriages,ine,2005-08-31,,2026-07-26,ok,0
marriages,prov-07,province,2005-09,610,marriages,ine,2005-09-30,,2026-07-26,ok,0
marriages,prov-07,province,2005-10,507,marriages,ine,2005-10-31,,2026-07-26,ok,0
marriages,prov-07,province,2005-11,298,marriages,ine,2005-11-30,,2026-07-26,ok,0
marriages,prov-07,province,2005-12,211,marriages,ine,2005-12-31,,2026-07-26,ok,0
marriages,prov-07,province,2006-01,148,marriages,ine,2006-01-31,,2026-07-26,ok,0
marriages,prov-07,province,2006-02,178,marriages,ine,2006-02-28,,2026-07-26,ok,0
marriages,prov-07,province,2006-03,279,marriages,ine,2006-03-31,,2026-07-26,ok,0
marriages,prov-07,province,2006-04,351,marriages,ine,2006-04-30,,2026-07-26,ok,0
marriages,prov-07,province,2006-05,431,marriages,ine,2006-05-31,,2026-07-26,ok,0
marriages,prov-07,province,2006-06,471,marriages,ine,2006-06-30,,2026-07-26,ok,0
marriages,prov-07,province,2006-07,483,marriages,ine,2006-07-31,,2026-07-26,ok,0
marriages,prov-07,province,2006-08,332,marriages,ine,2006-08-31,,2026-07-26,ok,0
marriages,prov-07,province,2006-09,697,marriages,ine,2006-09-30,,2026-07-26,ok,0
marriages,prov-07,province,2006-10,409,marriages,ine,2006-10-31,,2026-07-26,ok,0
marriages,prov-07,province,2006-11,265,marriages,ine,2006-11-30,,2026-07-26,ok,0
marriages,prov-07,province,2006-12,216,marriages,ine,2006-12-31,,2026-07-26,ok,0
marriages,prov-07,province,2007-01,132,marriages,ine,2007-01-31,,2026-07-26,ok,0
marriages,prov-07,province,2007-02,160,marriages,ine,2007-02-28,,2026-07-26,ok,0
marriages,prov-07,province,2007-03,302,marriages,ine,2007-03-31,,2026-07-26,ok,0
marriages,prov-07,province,2007-04,302,marriages,ine,2007-04-30,,2026-07-26,ok,0
marriages,prov-07,province,2007-05,438,marriages,ine,2007-05-31,,2026-07-26,ok,0
marriages,prov-07,province,2007-06,535,marriages,ine,2007-06-30,,2026-07-26,ok,0
marriages,prov-07,province,2007-07,463,marriages,ine,2007-07-31,,2026-07-26,ok,0
marriages,prov-07,province,2007-08,319,marriages,ine,2007-08-31,,2026-07-26,ok,0
marriages,prov-07,province,2007-09,632,marriages,ine,2007-09-30,,2026-07-26,ok,0
marriages,prov-07,province,2007-10,471,marriages,ine,2007-10-31,,2026-07-26,ok,0
marriages,prov-07,province,2007-11,322,marriages,ine,2007-11-30,,2026-07-26,ok,0
marriages,prov-07,province,2007-12,269,marriages,ine,2007-12-31,,2026-07-26,ok,0
marriages,prov-07,province,2008-01,167,marriages,ine,2008-01-31,,2026-07-26,ok,0
marriages,prov-07,province,2008-02,218,marriages,ine,2008-02-29,,2026-07-26,ok,0
marriages,prov-07,province,2008-03,248,marriages,ine,2008-03-31,,2026-07-26,ok,0
marriages,prov-07,province,2008-04,306,marriages,ine,2008-04-30,,2026-07-26,ok,0
marriages,prov-07,province,2008-05,526,marriages,ine,2008-05-31,,2026-07-26,ok,0
marriages,prov-07,province,2008-06,503,marriages,ine,2008-06-30,,2026-07-26,ok,0
marriages,prov-07,province,2008-07,407,marriages,ine,2008-07-31,,2026-07-26,ok,0
marriages,prov-07,province,2008-08,365,marriages,ine,2008-08-31,,2026-07-26,ok,0
marriages,prov-07,province,2008-09,552,marriages,ine,2008-09-30,,2026-07-26,ok,0
marriages,prov-07,province,2008-10,418,marriages,ine,2008-10-31,,2026-07-26,ok,0
marriages,prov-07,province,2008-11,243,marriages,ine,2008-11-30,,2026-07-26,ok,0
marriages,prov-07,province,2008-12,185,marriages,ine,2008-12-31,,2026-07-26,ok,0
marriages,prov-07,province,2009-01,127,marriages,ine,2009-01-31,,2026-07-26,ok,0
marriages,prov-07,province,2009-02,188,marriages,ine,2009-02-28,,2026-07-26,ok,0
marriages,prov-07,province,2009-03,233,marriages,ine,2009-03-31,,2026-07-26,ok,0
marriages,prov-07,province,2009-04,271,marriages,ine,2009-04-30,,2026-07-26,ok,0
marriages,prov-07,province,2009-05,406,marriages,ine,2009-05-31,,2026-07-26,ok,0
marriages,prov-07,province,2009-06,484,marriages,ine,2009-06-30,,2026-07-26,ok,0
marriages,prov-07,province,2009-07,536,marriages,ine,2009-07-31,,2026-07-26,ok,0
marriages,prov-07,province,2009-08,371,marriages,ine,2009-08-31,,2026-07-26,ok,0
marriages,prov-07,province,2009-09,625,marriages,ine,2009-09-30,,2026-07-26,ok,0
marriages,prov-07,province,2009-10,461,marriages,ine,2009-10-31,,2026-07-26,ok,0
marriages,prov-07,province,2009-11,264,marriages,ine,2009-11-30,,2026-07-26,ok,0
marriages,prov-07,province,2009-12,185,marriages,ine,2009-12-31,,2026-07-26,ok,0
marriages,prov-07,province,2010-01,167,marriages,ine,2010-01-31,,2026-07-26,ok,0
marriages,prov-07,province,2010-02,157,marriages,ine,2010-02-28,,2026-07-26,ok,0
marriages,prov-07,province,2010-03,219,marriages,ine,2010-03-31,,2026-07-26,ok,0
marriages,prov-07,province,2010-04,280,marriages,ine,2010-04-30,,2026-07-26,ok,0
marriages,prov-07,province,2010-05,410,marriages,ine,2010-05-31,,2026-07-26,ok,0
marriages,prov-07,province,2010-06,449,marriages,ine,2010-06-30,,2026-07-26,ok,0
marriages,prov-07,province,2010-07,530,marriages,ine,2010-07-31,,2026-07-26,ok,0
marriages,prov-07,province,2010-08,328,marriages,ine,2010-08-31,,2026-07-26,ok,0
marriages,prov-07,province,2010-09,541,marriages,ine,2010-09-30,,2026-07-26,ok,0
marriages,prov-07,province,2010-10,445,marriages,ine,2010-10-31,,2026-07-26,ok,0
marriages,prov-07,province,2010-11,249,marriages,ine,2010-11-30,,2026-07-26,ok,0
marriages,prov-07,province,2010-12,172,marriages,ine,2010-12-31,,2026-07-26,ok,0
marriages,prov-07,province,2011-01,107,marriages,ine,2011-01-31,,2026-07-26,ok,0
marriages,prov-07,province,2011-02,175,marriages,ine,2011-02-28,,2026-07-26,ok,0
marriages,prov-07,province,2011-03,230,marriages,ine,2011-03-31,,2026-07-26,ok,0
marriages,prov-07,province,2011-04,296,marriages,ine,2011-04-30,,2026-07-26,ok,0
marriages,prov-07,province,2011-05,373,marriages,ine,2011-05-31,,2026-07-26,ok,0
marriages,prov-07,province,2011-06,501,marriages,ine,2011-06-30,,2026-07-26,ok,0
marriages,prov-07,province,2011-07,544,marriages,ine,2011-07-31,,2026-07-26,ok,0
marriages,prov-07,province,2011-08,315,marriages,ine,2011-08-31,,2026-07-26,ok,0
marriages,prov-07,province,2011-09,573,marriages,ine,2011-09-30,,2026-07-26,ok,0
marriages,prov-07,province,2011-10,390,marriages,ine,2011-10-31,,2026-07-26,ok,0
marriages,prov-07,province,2011-11,246,marriages,ine,2011-11-30,,2026-07-26,ok,0
marriages,prov-07,province,2011-12,200,marriages,ine,2011-12-31,,2026-07-26,ok,0
marriages,prov-07,province,2012-01,123,marriages,ine,2012-01-31,,2026-07-26,ok,0
marriages,prov-07,province,2012-02,182,marriages,ine,2012-02-29,,2026-07-26,ok,0
marriages,prov-07,province,2012-03,235,marriages,ine,2012-03-31,,2026-07-26,ok,0
marriages,prov-07,province,2012-04,227,marriages,ine,2012-04-30,,2026-07-26,ok,0
marriages,prov-07,province,2012-05,328,marriages,ine,2012-05-31,,2026-07-26,ok,0
marriages,prov-07,province,2012-06,543,marriages,ine,2012-06-30,,2026-07-26,ok,0
marriages,prov-07,province,2012-07,422,marriages,ine,2012-07-31,,2026-07-26,ok,0
marriages,prov-07,province,2012-08,339,marriages,ine,2012-08-31,,2026-07-26,ok,0
marriages,prov-07,province,2012-09,581,marriages,ine,2012-09-30,,2026-07-26,ok,0
marriages,prov-07,province,2012-10,400,marriages,ine,2012-10-31,,2026-07-26,ok,0
marriages,prov-07,province,2012-11,320,marriages,ine,2012-11-30,,2026-07-26,ok,0
marriages,prov-07,province,2012-12,225,marriages,ine,2012-12-31,,2026-07-26,ok,0
marriages,prov-07,province,2013-01,143,marriages,ine,2013-01-31,,2026-07-26,ok,0
marriages,prov-07,province,2013-02,177,marriages,ine,2013-02-28,,2026-07-26,ok,0
marriages,prov-07,province,2013-03,198,marriages,ine,2013-03-31,,2026-07-26,ok,0
marriages,prov-07,province,2013-04,312,marriages,ine,2013-04-30,,2026-07-26,ok,0
marriages,prov-07,province,2013-05,387,marriages,ine,2013-05-31,,2026-07-26,ok,0
marriages,prov-07,province,2013-06,476,marriages,ine,2013-06-30,,2026-07-26,ok,0
marriages,prov-07,province,2013-07,452,marriages,ine,2013-07-31,,2026-07-26,ok,0
marriages,prov-07,province,2013-08,370,marriages,ine,2013-08-31,,2026-07-26,ok,0
marriages,prov-07,province,2013-09,563,marriages,ine,2013-09-30,,2026-07-26,ok,0
marriages,prov-07,province,2013-10,367,marriages,ine,2013-10-31,,2026-07-26,ok,0
marriages,prov-07,province,2013-11,281,marriages,ine,2013-11-30,,2026-07-26,ok,0
marriages,prov-07,province,2013-12,216,marriages,ine,2013-12-31,,2026-07-26,ok,0
marriages,prov-07,province,2014-01,140,marriages,ine,2014-01-31,,2026-07-26,ok,0
marriages,prov-07,province,2014-02,222,marriages,ine,2014-02-28,,2026-07-26,ok,0
marriages,prov-07,province,2014-03,198,marriages,ine,2014-03-31,,2026-07-26,ok,0
marriages,prov-07,province,2014-04,253,marriages,ine,2014-04-30,,2026-07-26,ok,0
marriages,prov-07,province,2014-05,415,marriages,ine,2014-05-31,,2026-07-26,ok,0
marriages,prov-07,province,2014-06,538,marriages,ine,2014-06-30,,2026-07-26,ok,0
marriages,prov-07,province,2014-07,513,marriages,ine,2014-07-31,,2026-07-26,ok,0
marriages,prov-07,province,2014-08,382,marriages,ine,2014-08-31,,2026-07-26,ok,0
marriages,prov-07,province,2014-09,530,marriages,ine,2014-09-30,,2026-07-26,ok,0
marriages,prov-07,province,2014-10,448,marriages,ine,2014-10-31,,2026-07-26,ok,0
marriages,prov-07,province,2014-11,278,marriages,ine,2014-11-30,,2026-07-26,ok,0
marriages,prov-07,province,2014-12,187,marriages,ine,2014-12-31,,2026-07-26,ok,0
marriages,prov-07,province,2015-01,164,marriages,ine,2015-01-31,,2026-07-26,ok,0
marriages,prov-07,province,2015-02,206,marriages,ine,2015-02-28,,2026-07-26,ok,0
marriages,prov-07,province,2015-03,237,marriages,ine,2015-03-31,,2026-07-26,ok,0
marriages,prov-07,province,2015-04,290,marriages,ine,2015-04-30,,2026-07-26,ok,0
marriages,prov-07,province,2015-05,433,marriages,ine,2015-05-31,,2026-07-26,ok,0
marriages,prov-07,province,2015-06,479,marriages,ine,2015-06-30,,2026-07-26,ok,0
marriages,prov-07,province,2015-07,531,marriages,ine,2015-07-31,,2026-07-26,ok,0
marriages,prov-07,province,2015-08,382,marriages,ine,2015-08-31,,2026-07-26,ok,0
marriages,prov-07,province,2015-09,688,marriages,ine,2015-09-30,,2026-07-26,ok,0
marriages,prov-07,province,2015-10,545,marriages,ine,2015-10-31,,2026-07-26,ok,0
marriages,prov-07,province,2015-11,334,marriages,ine,2015-11-30,,2026-07-26,ok,0
marriages,prov-07,province,2015-12,207,marriages,ine,2015-12-31,,2026-07-26,ok,0
marriages,prov-07,province,2016-01,182,marriages,ine,2016-01-31,,2026-07-26,ok,0
marriages,prov-07,province,2016-02,194,marriages,ine,2016-02-29,,2026-07-26,ok,0
marriages,prov-07,province,2016-03,233,marriages,ine,2016-03-31,,2026-07-26,ok,0
marriages,prov-07,province,2016-04,353,marriages,ine,2016-04-30,,2026-07-26,ok,0
marriages,prov-07,province,2016-05,384,marriages,ine,2016-05-31,,2026-07-26,ok,0
marriages,prov-07,province,2016-06,477,marriages,ine,2016-06-30,,2026-07-26,ok,0
marriages,prov-07,province,2016-07,569,marriages,ine,2016-07-31,,2026-07-26,ok,0
marriages,prov-07,province,2016-08,332,marriages,ine,2016-08-31,,2026-07-26,ok,0
marriages,prov-07,province,2016-09,686,marriages,ine,2016-09-30,,2026-07-26,ok,0
marriages,prov-07,province,2016-10,559,marriages,ine,2016-10-31,,2026-07-26,ok,0
marriages,prov-07,province,2016-11,380,marriages,ine,2016-11-30,,2026-07-26,ok,0
marriages,prov-07,province,2016-12,244,marriages,ine,2016-12-31,,2026-07-26,ok,0
marriages,prov-07,province,2017-01,161,marriages,ine,2017-01-31,,2026-07-26,ok,0
marriages,prov-07,province,2017-02,217,marriages,ine,2017-02-28,,2026-07-26,ok,0
marriages,prov-07,province,2017-03,259,marriages,ine,2017-03-31,,2026-07-26,ok,0
marriages,prov-07,province,2017-04,312,marriages,ine,2017-04-30,,2026-07-26,ok,0
marriages,prov-07,province,2017-05,385,marriages,ine,2017-05-31,,2026-07-26,ok,0
marriages,prov-07,province,2017-06,545,marriages,ine,2017-06-30,,2026-07-26,ok,0
marriages,prov-07,province,2017-07,495,marriages,ine,2017-07-31,,2026-07-26,ok,0
marriages,prov-07,province,2017-08,339,marriages,ine,2017-08-31,,2026-07-26,ok,0
marriages,prov-07,province,2017-09,710,marriages,ine,2017-09-30,,2026-07-26,ok,0
marriages,prov-07,province,2017-10,496,marriages,ine,2017-10-31,,2026-07-26,ok,0
marriages,prov-07,province,2017-11,397,marriages,ine,2017-11-30,,2026-07-26,ok,0
marriages,prov-07,province,2017-12,254,marriages,ine,2017-12-31,,2026-07-26,ok,0
marriages,prov-07,province,2018-01,152,marriages,ine,2018-01-31,,2026-07-26,ok,0
marriages,prov-07,province,2018-02,221,marriages,ine,2018-02-28,,2026-07-26,ok,0
marriages,prov-07,province,2018-03,258,marriages,ine,2018-03-31,,2026-07-26,ok,0
marriages,prov-07,province,2018-04,319,marriages,ine,2018-04-30,,2026-07-26,ok,0
marriages,prov-07,province,2018-05,423,marriages,ine,2018-05-31,,2026-07-26,ok,0
marriages,prov-07,province,2018-06,585,marriages,ine,2018-06-30,,2026-07-26,ok,0
marriages,prov-07,province,2018-07,444,marriages,ine,2018-07-31,,2026-07-26,ok,0
marriages,prov-07,province,2018-08,373,marriages,ine,2018-08-31,,2026-07-26,ok,0
marriages,prov-07,province,2018-09,680,marriages,ine,2018-09-30,,2026-07-26,ok,0
marriages,prov-07,province,2018-10,482,marriages,ine,2018-10-31,,2026-07-26,ok,0
marriages,prov-07,province,2018-11,429,marriages,ine,2018-11-30,,2026-07-26,ok,0
marriages,prov-07,province,2018-12,249,marriages,ine,2018-12-31,,2026-07-26,ok,0
marriages,prov-07,province,2019-01,154,marriages,ine,2019-01-31,,2026-07-26,ok,0
marriages,prov-07,province,2019-02,230,marriages,ine,2019-02-28,,2026-07-26,ok,0
marriages,prov-07,province,2019-03,281,marriages,ine,2019-03-31,,2026-07-26,ok,0
marriages,prov-07,province,2019-04,323,marriages,ine,2019-04-30,,2026-07-26,ok,0
marriages,prov-07,province,2019-05,505,marriages,ine,2019-05-31,,2026-07-26,ok,0
marriages,prov-07,province,2019-06,539,marriages,ine,2019-06-30,,2026-07-26,ok,0
marriages,prov-07,province,2019-07,514,marriages,ine,2019-07-31,,2026-07-26,ok,0
marriages,prov-07,province,2019-08,383,marriages,ine,2019-08-31,,2026-07-26,ok,0
marriages,prov-07,province,2019-09,707,marriages,ine,2019-09-30,,2026-07-26,ok,0
marriages,prov-07,province,2019-10,570,marriages,ine,2019-10-31,,2026-07-26,ok,0
marriages,prov-07,province,2019-11,436,marriages,ine,2019-11-30,,2026-07-26,ok,0
marriages,prov-07,province,2019-12,238,marriages,ine,2019-12-31,,2026-07-26,ok,0
marriages,prov-07,province,2020-01,207,marriages,ine,2020-01-31,,2026-07-26,ok,0
marriages,prov-07,province,2020-02,267,marriages,ine,2020-02-29,,2026-07-26,ok,0
marriages,prov-07,province,2020-03,131,marriages,ine,2020-03-31,,2026-07-26,ok,0
marriages,prov-07,province,2020-04,12,marriages,ine,2020-04-30,,2026-07-26,ok,0
marriages,prov-07,province,2020-05,30,marriages,ine,2020-05-31,,2026-07-26,ok,0
marriages,prov-07,province,2020-06,203,marriages,ine,2020-06-30,,2026-07-26,ok,0
marriages,prov-07,province,2020-07,424,marriages,ine,2020-07-31,,2026-07-26,ok,0
marriages,prov-07,province,2020-08,244,marriages,ine,2020-08-31,,2026-07-26,ok,0
marriages,prov-07,province,2020-09,432,marriages,ine,2020-09-30,,2026-07-26,ok,0
marriages,prov-07,province,2020-10,408,marriages,ine,2020-10-31,,2026-07-26,ok,0
marriages,prov-07,province,2020-11,258,marriages,ine,2020-11-30,,2026-07-26,ok,0
marriages,prov-07,province,2020-12,231,marriages,ine,2020-12-31,,2026-07-26,ok,0
marriages,prov-07,province,2021-01,148,marriages,ine,2021-01-31,,2026-07-26,ok,0
marriages,prov-07,province,2021-02,214,marriages,ine,2021-02-28,,2026-07-26,ok,0
marriages,prov-07,province,2021-03,231,marriages,ine,2021-03-31,,2026-07-26,ok,0
marriages,prov-07,province,2021-04,241,marriages,ine,2021-04-30,,2026-07-26,ok,0
marriages,prov-07,province,2021-05,384,marriages,ine,2021-05-31,,2026-07-26,ok,0
marriages,prov-07,province,2021-06,453,marriages,ine,2021-06-30,,2026-07-26,ok,0
marriages,prov-07,province,2021-07,551,marriages,ine,2021-07-31,,2026-07-26,ok,0
marriages,prov-07,province,2021-08,265,marriages,ine,2021-08-31,,2026-07-26,ok,0
marriages,prov-07,province,2021-09,548,marriages,ine,2021-09-30,,2026-07-26,ok,0
marriages,prov-07,province,2021-10,537,marriages,ine,2021-10-31,,2026-07-26,ok,0
marriages,prov-07,province,2021-11,377,marriages,ine,2021-11-30,,2026-07-26,ok,0
marriages,prov-07,province,2021-12,217,marriages,ine,2021-12-31,,2026-07-26,ok,0
marriages,prov-07,province,2022-01,188,marriages,ine,2022-01-31,,2026-07-26,ok,0
marriages,prov-07,province,2022-02,235,marriages,ine,2022-02-28,,2026-07-26,ok,0
marriages,prov-07,province,2022-03,288,marriages,ine,2022-03-31,,2026-07-26,ok,0
marriages,prov-07,province,2022-04,354,marriages,ine,2022-04-30,,2026-07-26,ok,0
marriages,prov-07,province,2022-05,486,marriages,ine,2022-05-31,,2026-07-26,ok,0
marriages,prov-07,province,2022-06,549,marriages,ine,2022-06-30,,2026-07-26,ok,0
marriages,prov-07,province,2022-07,636,marriages,ine,2022-07-31,,2026-07-26,ok,0
marriages,prov-07,province,2022-08,269,marriages,ine,2022-08-31,,2026-07-26,ok,0
marriages,prov-07,province,2022-09,757,marriages,ine,2022-09-30,,2026-07-26,ok,0
marriages,prov-07,province,2022-10,577,marriages,ine,2022-10-31,,2026-07-26,ok,0
marriages,prov-07,province,2022-11,419,marriages,ine,2022-11-30,,2026-07-26,ok,0
marriages,prov-07,province,2022-12,281,marriages,ine,2022-12-31,,2026-07-26,ok,0
marriages,prov-07,province,2023-01,212,marriages,ine,2023-01-31,,2026-07-26,ok,0
marriages,prov-07,province,2023-02,289,marriages,ine,2023-02-28,,2026-07-26,ok,0
marriages,prov-07,province,2023-03,385,marriages,ine,2023-03-31,,2026-07-26,ok,0
marriages,prov-07,province,2023-04,326,marriages,ine,2023-04-30,,2026-07-26,ok,0
marriages,prov-07,province,2023-05,510,marriages,ine,2023-05-31,,2026-07-26,ok,0
marriages,prov-07,province,2023-06,556,marriages,ine,2023-06-30,,2026-07-26,ok,0
marriages,prov-07,province,2023-07,493,marriages,ine,2023-07-31,,2026-07-26,ok,0
marriages,prov-07,province,2023-08,243,marriages,ine,2023-08-31,,2026-07-26,ok,0
marriages,prov-07,province,2023-09,744,marriages,ine,2023-09-30,,2026-07-26,ok,0
marriages,prov-07,province,2023-10,578,marriages,ine,2023-10-31,,2026-07-26,ok,0
marriages,prov-07,province,2023-11,476,marriages,ine,2023-11-30,,2026-07-26,ok,0
marriages,prov-07,province,2023-12,338,marriages,ine,2023-12-31,,2026-07-26,ok,0
marriages,prov-07,province,2024-01,225,marriages,ine,2024-01-31,,2026-07-26,ok,0
marriages,prov-07,province,2024-02,344,marriages,ine,2024-02-29,,2026-07-26,ok,0
marriages,prov-07,province,2024-03,392,marriages,ine,2024-03-31,,2026-07-26,ok,0
marriages,prov-07,province,2024-04,500,marriages,ine,2024-04-30,,2026-07-26,ok,0
marriages,prov-07,province,2024-05,599,marriages,ine,2024-05-31,,2026-07-26,ok,0
marriages,prov-07,province,2024-06,595,marriages,ine,2024-06-30,,2026-07-26,ok,0
marriages,prov-07,province,2024-07,520,marriages,ine,2024-07-31,,2026-07-26,ok,0
marriages,prov-07,province,2024-08,303,marriages,ine,2024-08-31,,2026-07-26,ok,0
marriages,prov-07,province,2024-09,737,marriages,ine,2024-09-30,,2026-07-26,ok,0
marriages,prov-07,province,2024-10,739,marriages,ine,2024-10-31,,2026-07-26,ok,0
marriages,prov-07,province,2024-11,528,marriages,ine,2024-11-30,,2026-07-26,ok,0
marriages,prov-07,province,2024-12,337,marriages,ine,2024-12-31,,2026-07-26,ok,0
marriages,prov-08,province,1975-01,1529,marriages,ine,1975-01-31,,2026-07-26,ok,0
marriages,prov-08,province,1975-02,1218,marriages,ine,1975-02-28,,2026-07-26,ok,0
marriages,prov-08,province,1975-03,2945,marriages,ine,1975-03-31,,2026-07-26,ok,0
marriages,prov-08,province,1975-04,2543,marriages,ine,1975-04-30,,2026-07-26,ok,0
marriages,prov-08,province,1975-05,3308,marriages,ine,1975-05-31,,2026-07-26,ok,0
marriages,prov-08,province,1975-06,2746,marriages,ine,1975-06-30,,2026-07-26,ok,0
marriages,prov-08,province,1975-07,4425,marriages,ine,1975-07-31,,2026-07-26,ok,0
marriages,prov-08,province,1975-08,4808,marriages,ine,1975-08-31,,2026-07-26,ok,0
marriages,prov-08,province,1975-09,3523,marriages,ine,1975-09-30,,2026-07-26,ok,0
marriages,prov-08,province,1975-10,3396,marriages,ine,1975-10-31,,2026-07-26,ok,0
marriages,prov-08,province,1975-11,2004,marriages,ine,1975-11-30,,2026-07-26,ok,0
marriages,prov-08,province,1975-12,3806,marriages,ine,1975-12-31,,2026-07-26,ok,0
marriages,prov-08,province,1976-01,1771,marriages,ine,1976-01-31,,2026-07-26,ok,0
marriages,prov-08,province,1976-02,1542,marriages,ine,1976-02-29,,2026-07-26,ok,0
marriages,prov-08,province,1976-03,2340,marriages,ine,1976-03-31,,2026-07-26,ok,0
marriages,prov-08,province,1976-04,2915,marriages,ine,1976-04-30,,2026-07-26,ok,0
marriages,prov-08,province,1976-05,3253,marriages,ine,1976-05-31,,2026-07-26,ok,0
marriages,prov-08,province,1976-06,2791,marriages,ine,1976-06-30,,2026-07-26,ok,0
marriages,prov-08,province,1976-07,4451,marriages,ine,1976-07-31,,2026-07-26,ok,0
marriages,prov-08,province,1976-08,4223,marriages,ine,1976-08-31,,2026-07-26,ok,0
marriages,prov-08,province,1976-09,3620,marriages,ine,1976-09-30,,2026-07-26,ok,0
marriages,prov-08,province,1976-10,3325,marriages,ine,1976-10-31,,2026-07-26,ok,0
marriages,prov-08,province,1976-11,1621,marriages,ine,1976-11-30,,2026-07-26,ok,0
marriages,prov-08,province,1976-12,3377,marriages,ine,1976-12-31,,2026-07-26,ok,0
marriages,prov-08,province,1977-01,2099,marriages,ine,1977-01-31,,2026-07-26,ok,0
marriages,prov-08,province,1977-02,1302,marriages,ine,1977-02-28,,2026-07-26,ok,0
marriages,prov-08,province,1977-03,2621,marriages,ine,1977-03-31,,2026-07-26,ok,0
marriages,prov-08,province,1977-04,2826,marriages,ine,1977-04-30,,2026-07-26,ok,0
marriages,prov-08,province,1977-05,2828,marriages,ine,1977-05-31,,2026-07-26,ok,0
marriages,prov-08,province,1977-06,2251,marriages,ine,1977-06-30,,2026-07-26,ok,0
marriages,prov-08,province,1977-07,5326,marriages,ine,1977-07-31,,2026-07-26,ok,0
marriages,prov-08,province,1977-08,3361,marriages,ine,1977-08-31,,2026-07-26,ok,0
marriages,prov-08,province,1977-09,3573,marriages,ine,1977-09-30,,2026-07-26,ok,0
marriages,prov-08,province,1977-10,3007,marriages,ine,1977-10-31,,2026-07-26,ok,0
marriages,prov-08,province,1977-11,1462,marriages,ine,1977-11-30,,2026-07-26,ok,0
marriages,prov-08,province,1977-12,2790,marriages,ine,1977-12-31,,2026-07-26,ok,0
marriages,prov-08,province,1978-01,2350,marriages,ine,1978-01-31,,2026-07-26,ok,0
marriages,prov-08,province,1978-02,1273,marriages,ine,1978-02-28,,2026-07-26,ok,0
marriages,prov-08,province,1978-03,2327,marriages,ine,1978-03-31,,2026-07-26,ok,0
marriages,prov-08,province,1978-04,2388,marriages,ine,1978-04-30,,2026-07-26,ok,0
marriages,prov-08,province,1978-05,2386,marriages,ine,1978-05-31,,2026-07-26,ok,0
marriages,prov-08,province,1978-06,2438,marriages,ine,1978-06-30,,2026-07-26,ok,0
marriages,prov-08,province,1978-07,4641,marriages,ine,1978-07-31,,2026-07-26,ok,0
marriages,prov-08,province,1978-08,2698,marriages,ine,1978-08-31,,2026-07-26,ok,0
marriages,prov-08,province,1978-09,3288,marriages,ine,1978-09-30,,2026-07-26,ok,0
marriages,prov-08,province,1978-10,2451,marriages,ine,1978-10-31,,2026-07-26,ok,0
marriages,prov-08,province,1978-11,1950,marriages,ine,1978-11-30,,2026-07-26,ok,0
marriages,prov-08,province,1978-12,2412,marriages,ine,1978-12-31,,2026-07-26,ok,0
marriages,prov-08,province,1979-01,1681,marriages,ine,1979-01-31,,2026-07-26,ok,0
marriages,prov-08,province,1979-02,965,marriages,ine,1979-02-28,,2026-07-26,ok,0
marriages,prov-08,province,1979-03,1929,marriages,ine,1979-03-31,,2026-07-26,ok,0
marriages,prov-08,province,1979-04,2285,marriages,ine,1979-04-30,,2026-07-26,ok,0
marriages,prov-08,province,1979-05,2022,marriages,ine,1979-05-31,,2026-07-26,ok,0
marriages,prov-08,province,1979-06,2303,marriages,ine,1979-06-30,,2026-07-26,ok,0
marriages,prov-08,province,1979-07,3976,marriages,ine,1979-07-31,,2026-07-26,ok,0
marriages,prov-08,province,1979-08,2587,marriages,ine,1979-08-31,,2026-07-26,ok,0
marriages,prov-08,province,1979-09,2948,marriages,ine,1979-09-30,,2026-07-26,ok,0
marriages,prov-08,province,1979-10,1954,marriages,ine,1979-10-31,,2026-07-26,ok,0
marriages,prov-08,province,1979-11,1191,marriages,ine,1979-11-30,,2026-07-26,ok,0
marriages,prov-08,province,1979-12,3378,marriages,ine,1979-12-31,,2026-07-26,ok,0
marriages,prov-08,province,1980-01,1039,marriages,ine,1980-01-31,,2026-07-26,ok,0
marriages,prov-08,province,1980-02,974,marriages,ine,1980-02-29,,2026-07-26,ok,0
marriages,prov-08,province,1980-03,1656,marriages,ine,1980-03-31,,2026-07-26,ok,0
marriages,prov-08,province,1980-04,1822,marriages,ine,1980-04-30,,2026-07-26,ok,0
marriages,prov-08,province,1980-05,2026,marriages,ine,1980-05-31,,2026-07-26,ok,0
marriages,prov-08,province,1980-06,1860,marriages,ine,1980-06-30,,2026-07-26,ok,0
marriages,prov-08,province,1980-07,3710,marriages,ine,1980-07-31,,2026-07-26,ok,0
marriages,prov-08,province,1980-08,2806,marriages,ine,1980-08-31,,2026-07-26,ok,0
marriages,prov-08,province,1980-09,2121,marriages,ine,1980-09-30,,2026-07-26,ok,0
marriages,prov-08,province,1980-10,1747,marriages,ine,1980-10-31,,2026-07-26,ok,0
marriages,prov-08,province,1980-11,1041,marriages,ine,1980-11-30,,2026-07-26,ok,0
marriages,prov-08,province,1980-12,1731,marriages,ine,1980-12-31,,2026-07-26,ok,0
marriages,prov-08,province,1981-01,1044,marriages,ine,1981-01-31,,2026-07-26,ok,0
marriages,prov-08,province,1981-02,866,marriages,ine,1981-02-28,,2026-07-26,ok,0
marriages,prov-08,province,1981-03,1359,marriages,ine,1981-03-31,,2026-07-26,ok,0
marriages,prov-08,province,1981-04,1599,marriages,ine,1981-04-30,,2026-07-26,ok,0
marriages,prov-08,province,1981-05,2160,marriages,ine,1981-05-31,,2026-07-26,ok,0
marriages,prov-08,province,1981-06,1744,marriages,ine,1981-06-30,,2026-07-26,ok,0
marriages,prov-08,province,1981-07,2821,marriages,ine,1981-07-31,,2026-07-26,ok,0
marriages,prov-08,province,1981-08,2305,marriages,ine,1981-08-31,,2026-07-26,ok,0
marriages,prov-08,province,1981-09,2138,marriages,ine,1981-09-30,,2026-07-26,ok,0
marriages,prov-08,province,1981-10,1742,marriages,ine,1981-10-31,,2026-07-26,ok,0
marriages,prov-08,province,1981-11,861,marriages,ine,1981-11-30,,2026-07-26,ok,0
marriages,prov-08,province,1981-12,1557,marriages,ine,1981-12-31,,2026-07-26,ok,0
marriages,prov-08,province,1982-01,993,marriages,ine,1982-01-31,,2026-07-26,ok,0
marriages,prov-08,province,1982-02,822,marriages,ine,1982-02-28,,2026-07-26,ok,0
marriages,prov-08,province,1982-03,1301,marriages,ine,1982-03-31,,2026-07-26,ok,0
marriages,prov-08,province,1982-04,1570,marriages,ine,1982-04-30,,2026-07-26,ok,0
marriages,prov-08,province,1982-05,2093,marriages,ine,1982-05-31,,2026-07-26,ok,0
marriages,prov-08,province,1982-06,1762,marriages,ine,1982-06-30,,2026-07-26,ok,0
marriages,prov-08,province,1982-07,3449,marriages,ine,1982-07-31,,2026-07-26,ok,0
marriages,prov-08,province,1982-08,1910,marriages,ine,1982-08-31,,2026-07-26,ok,0
marriages,prov-08,province,1982-09,2363,marriages,ine,1982-09-30,,2026-07-26,ok,0
marriages,prov-08,province,1982-10,1755,marriages,ine,1982-10-31,,2026-07-26,ok,0
marriages,prov-08,province,1982-11,892,marriages,ine,1982-11-30,,2026-07-26,ok,0
marriages,prov-08,province,1982-12,1407,marriages,ine,1982-12-31,,2026-07-26,ok,0
marriages,prov-08,province,1983-01,1056,marriages,ine,1983-01-31,,2026-07-26,ok,0
marriages,prov-08,province,1983-02,777,marriages,ine,1983-02-28,,2026-07-26,ok,0
marriages,prov-08,province,1983-03,1326,marriages,ine,1983-03-31,,2026-07-26,ok,0
marriages,prov-08,province,1983-04,1586,marriages,ine,1983-04-30,,2026-07-26,ok,0
marriages,prov-08,province,1983-05,1626,marriages,ine,1983-05-31,,2026-07-26,ok,0
marriages,prov-08,province,1983-06,1659,marriages,ine,1983-06-30,,2026-07-26,ok,0
marriages,prov-08,province,1983-07,3426,marriages,ine,1983-07-31,,2026-07-26,ok,0
marriages,prov-08,province,1983-08,1639,marriages,ine,1983-08-31,,2026-07-26,ok,0
marriages,prov-08,province,1983-09,2215,marriages,ine,1983-09-30,,2026-07-26,ok,0
marriages,prov-08,province,1983-10,1762,marriages,ine,1983-10-31,,2026-07-26,ok,0
marriages,prov-08,province,1983-11,817,marriages,ine,1983-11-30,,2026-07-26,ok,0
marriages,prov-08,province,1983-12,1466,marriages,ine,1983-12-31,,2026-07-26,ok,0
marriages,prov-08,province,1984-01,912,marriages,ine,1984-01-31,,2026-07-26,ok,0
marriages,prov-08,province,1984-02,760,marriages,ine,1984-02-29,,2026-07-26,ok,0
marriages,prov-08,province,1984-03,1537,marriages,ine,1984-03-31,,2026-07-26,ok,0
marriages,prov-08,province,1984-04,1811,marriages,ine,1984-04-30,,2026-07-26,ok,0
marriages,prov-08,province,1984-05,1969,marriages,ine,1984-05-31,,2026-07-26,ok,0
marriages,prov-08,province,1984-06,2265,marriages,ine,1984-06-30,,2026-07-26,ok,0
marriages,prov-08,province,1984-07,3198,marriages,ine,1984-07-31,,2026-07-26,ok,0
marriages,prov-08,province,1984-08,1950,marriages,ine,1984-08-31,,2026-07-26,ok,0
marriages,prov-08,province,1984-09,2549,marriages,ine,1984-09-30,,2026-07-26,ok,0
marriages,prov-08,province,1984-10,1826,marriages,ine,1984-10-31,,2026-07-26,ok,0
marriages,prov-08,province,1984-11,1096,marriages,ine,1984-11-30,,2026-07-26,ok,0
marriages,prov-08,province,1984-12,1715,marriages,ine,1984-12-31,,2026-07-26,ok,0
marriages,prov-08,province,1985-01,1088,marriages,ine,1985-01-31,,2026-07-26,ok,0
marriages,prov-08,province,1985-02,836,marriages,ine,1985-02-28,,2026-07-26,ok,0
marriages,prov-08,province,1985-03,1772,marriages,ine,1985-03-31,,2026-07-26,ok,0
marriages,prov-08,province,1985-04,1574,marriages,ine,1985-04-30,,2026-07-26,ok,0
marriages,prov-08,province,1985-05,1998,marriages,ine,1985-05-31,,2026-07-26,ok,0
marriages,prov-08,province,1985-06,2454,marriages,ine,1985-06-30,,2026-07-26,ok,0
marriages,prov-08,province,1985-07,3313,marriages,ine,1985-07-31,,2026-07-26,ok,0
marriages,prov-08,province,1985-08,2656,marriages,ine,1985-08-31,,2026-07-26,ok,0
marriages,prov-08,province,1985-09,2771,marriages,ine,1985-09-30,,2026-07-26,ok,0
marriages,prov-08,province,1985-10,2160,marriages,ine,1985-10-31,,2026-07-26,ok,0
marriages,prov-08,province,1985-11,1295,marriages,ine,1985-11-30,,2026-07-26,ok,0
marriages,prov-08,province,1985-12,1553,marriages,ine,1985-12-31,,2026-07-26,ok,0
marriages,prov-08,province,1986-01,946,marriages,ine,1986-01-31,,2026-07-26,ok,0
marriages,prov-08,province,1986-02,765,marriages,ine,1986-02-28,,2026-07-26,ok,0
marriages,prov-08,province,1986-03,1508,marriages,ine,1986-03-31,,2026-07-26,ok,0
marriages,prov-08,province,1986-04,1693,marriages,ine,1986-04-30,,2026-07-26,ok,0
marriages,prov-08,province,1986-05,2241,marriages,ine,1986-05-31,,2026-07-26,ok,0
marriages,prov-08,province,1986-06,2267,marriages,ine,1986-06-30,,2026-07-26,ok,0
marriages,prov-08,province,1986-07,3398,marriages,ine,1986-07-31,,2026-07-26,ok,0
marriages,prov-08,province,1986-08,2761,marriages,ine,1986-08-31,,2026-07-26,ok,0
marriages,prov-08,province,1986-09,3027,marriages,ine,1986-09-30,,2026-07-26,ok,0
marriages,prov-08,province,1986-10,2133,marriages,ine,1986-10-31,,2026-07-26,ok,0
marriages,prov-08,province,1986-11,1168,marriages,ine,1986-11-30,,2026-07-26,ok,0
marriages,prov-08,province,1986-12,1640,marriages,ine,1986-12-31,,2026-07-26,ok,0
marriages,prov-08,province,1987-01,951,marriages,ine,1987-01-31,,2026-07-26,ok,0
marriages,prov-08,province,1987-02,812,marriages,ine,1987-02-28,,2026-07-26,ok,0
marriages,prov-08,province,1987-03,1311,marriages,ine,1987-03-31,,2026-07-26,ok,0
marriages,prov-08,province,1987-04,1759,marriages,ine,1987-04-30,,2026-07-26,ok,0
marriages,prov-08,province,1987-05,2509,marriages,ine,1987-05-31,,2026-07-26,ok,0
marriages,prov-08,province,1987-06,2354,marriages,ine,1987-06-30,,2026-07-26,ok,0
marriages,prov-08,province,1987-07,3478,marriages,ine,1987-07-31,,2026-07-26,ok,0
marriages,prov-08,province,1987-08,2839,marriages,ine,1987-08-31,,2026-07-26,ok,0
marriages,prov-08,province,1987-09,3242,marriages,ine,1987-09-30,,2026-07-26,ok,0
marriages,prov-08,province,1987-10,2610,marriages,ine,1987-10-31,,2026-07-26,ok,0
marriages,prov-08,province,1987-11,1190,marriages,ine,1987-11-30,,2026-07-26,ok,0
marriages,prov-08,province,1987-12,1497,marriages,ine,1987-12-31,,2026-07-26,ok,0
marriages,prov-08,province,1988-01,952,marriages,ine,1988-01-31,,2026-07-26,ok,0
marriages,prov-08,province,1988-02,883,marriages,ine,1988-02-29,,2026-07-26,ok,0
marriages,prov-08,province,1988-03,1478,marriages,ine,1988-03-31,,2026-07-26,ok,0
marriages,prov-08,province,1988-04,1947,marriages,ine,1988-04-30,,2026-07-26,ok,0
marriages,prov-08,province,1988-05,2174,marriages,ine,1988-05-31,,2026-07-26,ok,0
marriages,prov-08,province,1988-06,2489,marriages,ine,1988-06-30,,2026-07-26,ok,0
marriages,prov-08,province,1988-07,4347,marriages,ine,1988-07-31,,2026-07-26,ok,0
marriages,prov-08,province,1988-08,2243,marriages,ine,1988-08-31,,2026-07-26,ok,0
marriages,prov-08,province,1988-09,3528,marriages,ine,1988-09-30,,2026-07-26,ok,0
marriages,prov-08,province,1988-10,2703,marriages,ine,1988-10-31,,2026-07-26,ok,0
marriages,prov-08,province,1988-11,1212,marriages,ine,1988-11-30,,2026-07-26,ok,0
marriages,prov-08,province,1988-12,1528,marriages,ine,1988-12-31,,2026-07-26,ok,0
marriages,prov-08,province,1989-01,899,marriages,ine,1989-01-31,,2026-07-26,ok,0
marriages,prov-08,province,1989-02,847,marriages,ine,1989-02-28,,2026-07-26,ok,0
marriages,prov-08,province,1989-03,1459,marriages,ine,1989-03-31,,2026-07-26,ok,0
marriages,prov-08,province,1989-04,2345,marriages,ine,1989-04-30,,2026-07-26,ok,0
marriages,prov-08,province,1989-05,2057,marriages,ine,1989-05-31,,2026-07-26,ok,0
marriages,prov-08,province,1989-06,2512,marriages,ine,1989-06-30,,2026-07-26,ok,0
marriages,prov-08,province,1989-07,4404,marriages,ine,1989-07-31,,2026-07-26,ok,0
marriages,prov-08,province,1989-08,2078,marriages,ine,1989-08-31,,2026-07-26,ok,0
marriages,prov-08,province,1989-09,4153,marriages,ine,1989-09-30,,2026-07-26,ok,0
marriages,prov-08,province,1989-10,2464,marriages,ine,1989-10-31,,2026-07-26,ok,0
marriages,prov-08,province,1989-11,1299,marriages,ine,1989-11-30,,2026-07-26,ok,0
marriages,prov-08,province,1989-12,1613,marriages,ine,1989-12-31,,2026-07-26,ok,0
marriages,prov-08,province,1990-01,764,marriages,ine,1990-01-31,,2026-07-26,ok,0
marriages,prov-08,province,1990-02,809,marriages,ine,1990-02-28,,2026-07-26,ok,0
marriages,prov-08,province,1990-03,1583,marriages,ine,1990-03-31,,2026-07-26,ok,0
marriages,prov-08,province,1990-04,1960,marriages,ine,1990-04-30,,2026-07-26,ok,0
marriages,prov-08,province,1990-05,2264,marriages,ine,1990-05-31,,2026-07-26,ok,0
marriages,prov-08,province,1990-06,3051,marriages,ine,1990-06-30,,2026-07-26,ok,0
marriages,prov-08,province,1990-07,3787,marriages,ine,1990-07-31,,2026-07-26,ok,0
marriages,prov-08,province,1990-08,2028,marriages,ine,1990-08-31,,2026-07-26,ok,0
marriages,prov-08,province,1990-09,4138,marriages,ine,1990-09-30,,2026-07-26,ok,0
marriages,prov-08,province,1990-10,2722,marriages,ine,1990-10-31,,2026-07-26,ok,0
marriages,prov-08,province,1990-11,1395,marriages,ine,1990-11-30,,2026-07-26,ok,0
marriages,prov-08,province,1990-12,1553,marriages,ine,1990-12-31,,2026-07-26,ok,0
marriages,prov-08,province,1991-01,872,marriages,ine,1991-01-31,,2026-07-26,ok,0
marriages,prov-08,province,1991-02,898,marriages,ine,1991-02-28,,2026-07-26,ok,0
marriages,prov-08,province,1991-03,1626,marriages,ine,1991-03-31,,2026-07-26,ok,0
marriages,prov-08,province,1991-04,2076,marriages,ine,1991-04-30,,2026-07-26,ok,0
marriages,prov-08,province,1991-05,2373,marriages,ine,1991-05-31,,2026-07-26,ok,0
marriages,prov-08,province,1991-06,3209,marriages,ine,1991-06-30,,2026-07-26,ok,0
marriages,prov-08,province,1991-07,3718,marriages,ine,1991-07-31,,2026-07-26,ok,0
marriages,prov-08,province,1991-08,2436,marriages,ine,1991-08-31,,2026-07-26,ok,0
marriages,prov-08,province,1991-09,3902,marriages,ine,1991-09-30,,2026-07-26,ok,0
marriages,prov-08,province,1991-10,2782,marriages,ine,1991-10-31,,2026-07-26,ok,0
marriages,prov-08,province,1991-11,1443,marriages,ine,1991-11-30,,2026-07-26,ok,0
marriages,prov-08,province,1991-12,1431,marriages,ine,1991-12-31,,2026-07-26,ok,0
marriages,prov-08,province,1992-01,764,marriages,ine,1992-01-31,,2026-07-26,ok,0
marriages,prov-08,province,1992-02,914,marriages,ine,1992-02-29,,2026-07-26,ok,0
marriages,prov-08,province,1992-03,1473,marriages,ine,1992-03-31,,2026-07-26,ok,0
marriages,prov-08,province,1992-04,1857,marriages,ine,1992-04-30,,2026-07-26,ok,0
marriages,prov-08,province,1992-05,2968,marriages,ine,1992-05-31,,2026-07-26,ok,0
marriages,prov-08,province,1992-06,2856,marriages,ine,1992-06-30,,2026-07-26,ok,0
marriages,prov-08,province,1992-07,3412,marriages,ine,1992-07-31,,2026-07-26,ok,0
marriages,prov-08,province,1992-08,2238,marriages,ine,1992-08-31,,2026-07-26,ok,0
marriages,prov-08,province,1992-09,4032,marriages,ine,1992-09-30,,2026-07-26,ok,0
marriages,prov-08,province,1992-10,3065,marriages,ine,1992-10-31,,2026-07-26,ok,0
marriages,prov-08,province,1992-11,1200,marriages,ine,1992-11-30,,2026-07-26,ok,0
marriages,prov-08,province,1992-12,1271,marriages,ine,1992-12-31,,2026-07-26,ok,0
marriages,prov-08,province,1993-01,782,marriages,ine,1993-01-31,,2026-07-26,ok,0
marriages,prov-08,province,1993-02,808,marriages,ine,1993-02-28,,2026-07-26,ok,0
marriages,prov-08,province,1993-03,1376,marriages,ine,1993-03-31,,2026-07-26,ok,0
marriages,prov-08,province,1993-04,1752,marriages,ine,1993-04-30,,2026-07-26,ok,0
marriages,prov-08,province,1993-05,2490,marriages,ine,1993-05-31,,2026-07-26,ok,0
marriages,prov-08,province,1993-06,2585,marriages,ine,1993-06-30,,2026-07-26,ok,0
marriages,prov-08,province,1993-07,4152,marriages,ine,1993-07-31,,2026-07-26,ok,0
marriages,prov-08,province,1993-08,1639,marriages,ine,1993-08-31,,2026-07-26,ok,0
marriages,prov-08,province,1993-09,3866,marriages,ine,1993-09-30,,2026-07-26,ok,0
marriages,prov-08,province,1993-10,2931,marriages,ine,1993-10-31,,2026-07-26,ok,0
marriages,prov-08,province,1993-11,1131,marriages,ine,1993-11-30,,2026-07-26,ok,0
marriages,prov-08,province,1993-12,1198,marriages,ine,1993-12-31,,2026-07-26,ok,0
marriages,prov-08,province,1994-01,696,marriages,ine,1994-01-31,,2026-07-26,ok,0
marriages,prov-08,province,1994-02,724,marriages,ine,1994-02-28,,2026-07-26,ok,0
marriages,prov-08,province,1994-03,1270,marriages,ine,1994-03-31,,2026-07-26,ok,0
marriages,prov-08,province,1994-04,1968,marriages,ine,1994-04-30,,2026-07-26,ok,0
marriages,prov-08,province,1994-05,2153,marriages,ine,1994-05-31,,2026-07-26,ok,0
marriages,prov-08,province,1994-06,2778,marriages,ine,1994-06-30,,2026-07-26,ok,0
marriages,prov-08,province,1994-07,4245,marriages,ine,1994-07-31,,2026-07-26,ok,0
marriages,prov-08,province,1994-08,1607,marriages,ine,1994-08-31,,2026-07-26,ok,0
marriages,prov-08,province,1994-09,3991,marriages,ine,1994-09-30,,2026-07-26,ok,0
marriages,prov-08,province,1994-10,2685,marriages,ine,1994-10-31,,2026-07-26,ok,0
marriages,prov-08,province,1994-11,1109,marriages,ine,1994-11-30,,2026-07-26,ok,0
marriages,prov-08,province,1994-12,1194,marriages,ine,1994-12-31,,2026-07-26,ok,0
marriages,prov-08,province,1995-01,632,marriages,ine,1995-01-31,,2026-07-26,ok,0
marriages,prov-08,province,1995-02,668,marriages,ine,1995-02-28,,2026-07-26,ok,0
marriages,prov-08,province,1995-03,1262,marriages,ine,1995-03-31,,2026-07-26,ok,0
marriages,prov-08,province,1995-04,2109,marriages,ine,1995-04-30,,2026-07-26,ok,0
marriages,prov-08,province,1995-05,2312,marriages,ine,1995-05-31,,2026-07-26,ok,0
marriages,prov-08,province,1995-06,2920,marriages,ine,1995-06-30,,2026-07-26,ok,0
marriages,prov-08,province,1995-07,4193,marriages,ine,1995-07-31,,2026-07-26,ok,0
marriages,prov-08,province,1995-08,1517,marriages,ine,1995-08-31,,2026-07-26,ok,0
marriages,prov-08,province,1995-09,4483,marriages,ine,1995-09-30,,2026-07-26,ok,0
marriages,prov-08,province,1995-10,2403,marriages,ine,1995-10-31,,2026-07-26,ok,0
marriages,prov-08,province,1995-11,1204,marriages,ine,1995-11-30,,2026-07-26,ok,0
marriages,prov-08,province,1995-12,1200,marriages,ine,1995-12-31,,2026-07-26,ok,0
marriages,prov-08,province,1996-01,533,marriages,ine,1996-01-31,,2026-07-26,ok,0
marriages,prov-08,province,1996-02,655,marriages,ine,1996-02-29,,2026-07-26,ok,0
marriages,prov-08,province,1996-03,1585,marriages,ine,1996-03-31,,2026-07-26,ok,0
marriages,prov-08,province,1996-04,1647,marriages,ine,1996-04-30,,2026-07-26,ok,0
marriages,prov-08,province,1996-05,2384,marriages,ine,1996-05-31,,2026-07-26,ok,0
marriages,prov-08,province,1996-06,3437,marriages,ine,1996-06-30,,2026-07-26,ok,0
marriages,prov-08,province,1996-07,3441,marriages,ine,1996-07-31,,2026-07-26,ok,0
marriages,prov-08,province,1996-08,1994,marriages,ine,1996-08-31,,2026-07-26,ok,0
marriages,prov-08,province,1996-09,3820,marriages,ine,1996-09-30,,2026-07-26,ok,0
marriages,prov-08,province,1996-10,2607,marriages,ine,1996-10-31,,2026-07-26,ok,0
marriages,prov-08,province,1996-11,1197,marriages,ine,1996-11-30,,2026-07-26,ok,0
marriages,prov-08,province,1996-12,1034,marriages,ine,1996-12-31,,2026-07-26,ok,0
marriages,prov-08,province,1997-01,500,marriages,ine,1997-01-31,,2026-07-26,ok,0
marriages,prov-08,province,1997-02,678,marriages,ine,1997-02-28,,2026-07-26,ok,0
marriages,prov-08,province,1997-03,1228,marriages,ine,1997-03-31,,2026-07-26,ok,0
marriages,prov-08,province,1997-04,1775,marriages,ine,1997-04-30,,2026-07-26,ok,0
marriages,prov-08,province,1997-05,2808,marriages,ine,1997-05-31,,2026-07-26,ok,0
marriages,prov-08,province,1997-06,3092,marriages,ine,1997-06-30,,2026-07-26,ok,0
marriages,prov-08,province,1997-07,3568,marriages,ine,1997-07-31,,2026-07-26,ok,0
marriages,prov-08,province,1997-08,2139,marriages,ine,1997-08-31,,2026-07-26,ok,0
marriages,prov-08,province,1997-09,3698,marriages,ine,1997-09-30,,2026-07-26,ok,0
marriages,prov-08,province,1997-10,2634,marriages,ine,1997-10-31,,2026-07-26,ok,0
marriages,prov-08,province,1997-11,1177,marriages,ine,1997-11-30,,2026-07-26,ok,0
marriages,prov-08,province,1997-12,897,marriages,ine,1997-12-31,,2026-07-26,ok,0
marriages,prov-08,province,1998-01,556,marriages,ine,1998-01-31,,2026-07-26,ok,0
marriages,prov-08,province,1998-02,784,marriages,ine,1998-02-28,,2026-07-26,ok,0
marriages,prov-08,province,1998-03,1348,marriages,ine,1998-03-31,,2026-07-26,ok,0
marriages,prov-08,province,1998-04,1798,marriages,ine,1998-04-30,,2026-07-26,ok,0
marriages,prov-08,province,1998-05,3173,marriages,ine,1998-05-31,,2026-07-26,ok,0
marriages,prov-08,province,1998-06,3072,marriages,ine,1998-06-30,,2026-07-26,ok,0
marriages,prov-08,province,1998-07,3726,marriages,ine,1998-07-31,,2026-07-26,ok,0
marriages,prov-08,province,1998-08,2051,marriages,ine,1998-08-31,,2026-07-26,ok,0
marriages,prov-08,province,1998-09,4032,marriages,ine,1998-09-30,,2026-07-26,ok,0
marriages,prov-08,province,1998-10,3199,marriages,ine,1998-10-31,,2026-07-26,ok,0
marriages,prov-08,province,1998-11,1102,marriages,ine,1998-11-30,,2026-07-26,ok,0
marriages,prov-08,province,1998-12,902,marriages,ine,1998-12-31,,2026-07-26,ok,0
marriages,prov-08,province,1999-01,558,marriages,ine,1999-01-31,,2026-07-26,ok,0
marriages,prov-08,province,1999-02,710,marriages,ine,1999-02-28,,2026-07-26,ok,0
marriages,prov-08,province,1999-03,1337,marriages,ine,1999-03-31,,2026-07-26,ok,0
marriages,prov-08,province,1999-04,1719,marriages,ine,1999-04-30,,2026-07-26,ok,0
marriages,prov-08,province,1999-05,2844,marriages,ine,1999-05-31,,2026-07-26,ok,0
marriages,prov-08,province,1999-06,3074,marriages,ine,1999-06-30,,2026-07-26,ok,0
marriages,prov-08,province,1999-07,3873,marriages,ine,1999-07-31,,2026-07-26,ok,0
marriages,prov-08,province,1999-08,1549,marriages,ine,1999-08-31,,2026-07-26,ok,0
marriages,prov-08,province,1999-09,3875,marriages,ine,1999-09-30,,2026-07-26,ok,0
marriages,prov-08,province,1999-10,3377,marriages,ine,1999-10-31,,2026-07-26,ok,0
marriages,prov-08,province,1999-11,1106,marriages,ine,1999-11-30,,2026-07-26,ok,0
marriages,prov-08,province,1999-12,956,marriages,ine,1999-12-31,,2026-07-26,ok,0
marriages,prov-08,province,2000-01,564,marriages,ine,2000-01-31,,2026-07-26,ok,0
marriages,prov-08,province,2000-02,684,marriages,ine,2000-02-29,,2026-07-26,ok,0
marriages,prov-08,province,2000-03,1228,marriages,ine,2000-03-31,,2026-07-26,ok,0
marriages,prov-08,province,2000-04,2277,marriages,ine,2000-04-30,,2026-07-26,ok,0
marriages,prov-08,province,2000-05,2775,marriages,ine,2000-05-31,,2026-07-26,ok,0
marriages,prov-08,province,2000-06,3294,marriages,ine,2000-06-30,,2026-07-26,ok,0
marriages,prov-08,province,2000-07,4094,marriages,ine,2000-07-31,,2026-07-26,ok,0
marriages,prov-08,province,2000-08,1614,marriages,ine,2000-08-31,,2026-07-26,ok,0
marriages,prov-08,province,2000-09,4557,marriages,ine,2000-09-30,,2026-07-26,ok,0
marriages,prov-08,province,2000-10,2654,marriages,ine,2000-10-31,,2026-07-26,ok,0
marriages,prov-08,province,2000-11,1245,marriages,ine,2000-11-30,,2026-07-26,ok,0
marriages,prov-08,province,2000-12,996,marriages,ine,2000-12-31,,2026-07-26,ok,0
marriages,prov-08,province,2001-01,515,marriages,ine,2001-01-31,,2026-07-26,ok,0
marriages,prov-08,province,2001-02,653,marriages,ine,2001-02-28,,2026-07-26,ok,0
marriages,prov-08,province,2001-03,1403,marriages,ine,2001-03-31,,2026-07-26,ok,0
marriages,prov-08,province,2001-04,1801,marriages,ine,2001-04-30,,2026-07-26,ok,0
marriages,prov-08,province,2001-05,2575,marriages,ine,2001-05-31,,2026-07-26,ok,0
marriages,prov-08,province,2001-06,3644,marriages,ine,2001-06-30,,2026-07-26,ok,0
marriages,prov-08,province,2001-07,3445,marriages,ine,2001-07-31,,2026-07-26,ok,0
marriages,prov-08,province,2001-08,1608,marriages,ine,2001-08-31,,2026-07-26,ok,0
marriages,prov-08,province,2001-09,4216,marriages,ine,2001-09-30,,2026-07-26,ok,0
marriages,prov-08,province,2001-10,2651,marriages,ine,2001-10-31,,2026-07-26,ok,0
marriages,prov-08,province,2001-11,1268,marriages,ine,2001-11-30,,2026-07-26,ok,0
marriages,prov-08,province,2001-12,980,marriages,ine,2001-12-31,,2026-07-26,ok,0
marriages,prov-08,province,2002-01,542,marriages,ine,2002-01-31,,2026-07-26,ok,0
marriages,prov-08,province,2002-02,817,marriages,ine,2002-02-28,,2026-07-26,ok,0
marriages,prov-08,province,2002-03,1255,marriages,ine,2002-03-31,,2026-07-26,ok,0
marriages,prov-08,province,2002-04,1885,marriages,ine,2002-04-30,,2026-07-26,ok,0
marriages,prov-08,province,2002-05,2550,marriages,ine,2002-05-31,,2026-07-26,ok,0
marriages,prov-08,province,2002-06,3715,marriages,ine,2002-06-30,,2026-07-26,ok,0
marriages,prov-08,province,2002-07,3427,marriages,ine,2002-07-31,,2026-07-26,ok,0
marriages,prov-08,province,2002-08,1931,marriages,ine,2002-08-31,,2026-07-26,ok,0
marriages,prov-08,province,2002-09,3707,marriages,ine,2002-09-30,,2026-07-26,ok,0
marriages,prov-08,province,2002-10,2671,marriages,ine,2002-10-31,,2026-07-26,ok,0
marriages,prov-08,province,2002-11,1409,marriages,ine,2002-11-30,,2026-07-26,ok,0
marriages,prov-08,province,2002-12,1022,marriages,ine,2002-12-31,,2026-07-26,ok,0
marriages,prov-08,province,2003-01,681,marriages,ine,2003-01-31,,2026-07-26,ok,0
marriages,prov-08,province,2003-02,816,marriages,ine,2003-02-28,,2026-07-26,ok,0
marriages,prov-08,province,2003-03,1406,marriages,ine,2003-03-31,,2026-07-26,ok,0
marriages,prov-08,province,2003-04,1585,marriages,ine,2003-04-30,,2026-07-26,ok,0
marriages,prov-08,province,2003-05,2979,marriages,ine,2003-05-31,,2026-07-26,ok,0
marriages,prov-08,province,2003-06,3129,marriages,ine,2003-06-30,,2026-07-26,ok,0
marriages,prov-08,province,2003-07,3356,marriages,ine,2003-07-31,,2026-07-26,ok,0
marriages,prov-08,province,2003-08,1836,marriages,ine,2003-08-31,,2026-07-26,ok,0
marriages,prov-08,province,2003-09,3465,marriages,ine,2003-09-30,,2026-07-26,ok,0
marriages,prov-08,province,2003-10,2624,marriages,ine,2003-10-31,,2026-07-26,ok,0
marriages,prov-08,province,2003-11,1402,marriages,ine,2003-11-30,,2026-07-26,ok,0
marriages,prov-08,province,2003-12,1073,marriages,ine,2003-12-31,,2026-07-26,ok,0
marriages,prov-08,province,2004-01,799,marriages,ine,2004-01-31,,2026-07-26,ok,0
marriages,prov-08,province,2004-02,1016,marriages,ine,2004-02-29,,2026-07-26,ok,0
marriages,prov-08,province,2004-03,1366,marriages,ine,2004-03-31,,2026-07-26,ok,0
marriages,prov-08,province,2004-04,1898,marriages,ine,2004-04-30,,2026-07-26,ok,0
marriages,prov-08,province,2004-05,2901,marriages,ine,2004-05-31,,2026-07-26,ok,0
marriages,prov-08,province,2004-06,3197,marriages,ine,2004-06-30,,2026-07-26,ok,0
marriages,prov-08,province,2004-07,3851,marriages,ine,2004-07-31,,2026-07-26,ok,0
marriages,prov-08,province,2004-08,1336,marriages,ine,2004-08-31,,2026-07-26,ok,0
marriages,prov-08,province,2004-09,3468,marriages,ine,2004-09-30,,2026-07-26,ok,0
marriages,prov-08,province,2004-10,2847,marriages,ine,2004-10-31,,2026-07-26,ok,0
marriages,prov-08,province,2004-11,1353,marriages,ine,2004-11-30,,2026-07-26,ok,0
marriages,prov-08,province,2004-12,1069,marriages,ine,2004-12-31,,2026-07-26,ok,0
marriages,prov-08,province,2005-01,784,marriages,ine,2005-01-31,,2026-07-26,ok,0
marriages,prov-08,province,2005-02,961,marriages,ine,2005-02-28,,2026-07-26,ok,0
marriages,prov-08,province,2005-03,1110,marriages,ine,2005-03-31,,2026-07-26,ok,0
marriages,prov-08,province,2005-04,2134,marriages,ine,2005-04-30,,2026-07-26,ok,0
marriages,prov-08,province,2005-05,2533,marriages,ine,2005-05-31,,2026-07-26,ok,0
marriages,prov-08,province,2005-06,3176,marriages,ine,2005-06-30,,2026-07-26,ok,0
marriages,prov-08,province,2005-07,3796,marriages,ine,2005-07-31,,2026-07-26,ok,0
marriages,prov-08,province,2005-08,1232,marriages,ine,2005-08-31,,2026-07-26,ok,0
marriages,prov-08,province,2005-09,3389,marriages,ine,2005-09-30,,2026-07-26,ok,0
marriages,prov-08,province,2005-10,2558,marriages,ine,2005-10-31,,2026-07-26,ok,0
marriages,prov-08,province,2005-11,1393,marriages,ine,2005-11-30,,2026-07-26,ok,0
marriages,prov-08,province,2005-12,1067,marriages,ine,2005-12-31,,2026-07-26,ok,0
marriages,prov-08,province,2006-01,761,marriages,ine,2006-01-31,,2026-07-26,ok,0
marriages,prov-08,province,2006-02,941,marriages,ine,2006-02-28,,2026-07-26,ok,0
marriages,prov-08,province,2006-03,1379,marriages,ine,2006-03-31,,2026-07-26,ok,0
marriages,prov-08,province,2006-04,1919,marriages,ine,2006-04-30,,2026-07-26,ok,0
marriages,prov-08,province,2006-05,2407,marriages,ine,2006-05-31,,2026-07-26,ok,0
marriages,prov-08,province,2006-06,3105,marriages,ine,2006-06-30,,2026-07-26,ok,0
marriages,prov-08,province,2006-07,3379,marriages,ine,2006-07-31,,2026-07-26,ok,0
marriages,prov-08,province,2006-08,981,marriages,ine,2006-08-31,,2026-07-26,ok,0
marriages,prov-08,province,2006-09,3453,marriages,ine,2006-09-30,,2026-07-26,ok,0
marriages,prov-08,province,2006-10,2164,marriages,ine,2006-10-31,,2026-07-26,ok,0
marriages,prov-08,province,2006-11,1329,marriages,ine,2006-11-30,,2026-07-26,ok,0
marriages,prov-08,province,2006-12,1013,marriages,ine,2006-12-31,,2026-07-26,ok,0
marriages,prov-08,province,2007-01,827,marriages,ine,2007-01-31,,2026-07-26,ok,0
marriages,prov-08,province,2007-02,934,marriages,ine,2007-02-28,,2026-07-26,ok,0
marriages,prov-08,province,2007-03,1426,marriages,ine,2007-03-31,,2026-07-26,ok,0
marriages,prov-08,province,2007-04,1676,marriages,ine,2007-04-30,,2026-07-26,ok,0
marriages,prov-08,province,2007-05,2404,marriages,ine,2007-05-31,,2026-07-26,ok,0
marriages,prov-08,province,2007-06,3237,marriages,ine,2007-06-30,,2026-07-26,ok,0
marriages,prov-08,province,2007-07,3122,marriages,ine,2007-07-31,,2026-07-26,ok,0
marriages,prov-08,province,2007-08,948,marriages,ine,2007-08-31,,2026-07-26,ok,0
marriages,prov-08,province,2007-09,3170,marriages,ine,2007-09-30,,2026-07-26,ok,0
marriages,prov-08,province,2007-10,2237,marriages,ine,2007-10-31,,2026-07-26,ok,0
marriages,prov-08,province,2007-11,1418,marriages,ine,2007-11-30,,2026-07-26,ok,0
marriages,prov-08,province,2007-12,983,marriages,ine,2007-12-31,,2026-07-26,ok,0
marriages,prov-08,province,2008-01,799,marriages,ine,2008-01-31,,2026-07-26,ok,0
marriages,prov-08,province,2008-02,962,marriages,ine,2008-02-29,,2026-07-26,ok,0
marriages,prov-08,province,2008-03,1254,marriages,ine,2008-03-31,,2026-07-26,ok,0
marriages,prov-08,province,2008-04,1776,marriages,ine,2008-04-30,,2026-07-26,ok,0
marriages,prov-08,province,2008-05,2577,marriages,ine,2008-05-31,,2026-07-26,ok,0
marriages,prov-08,province,2008-06,2992,marriages,ine,2008-06-30,,2026-07-26,ok,0
marriages,prov-08,province,2008-07,3112,marriages,ine,2008-07-31,,2026-07-26,ok,0
marriages,prov-08,province,2008-08,1112,marriages,ine,2008-08-31,,2026-07-26,ok,0
marriages,prov-08,province,2008-09,2982,marriages,ine,2008-09-30,,2026-07-26,ok,0
marriages,prov-08,province,2008-10,2297,marriages,ine,2008-10-31,,2026-07-26,ok,0
marriages,prov-08,province,2008-11,1505,marriages,ine,2008-11-30,,2026-07-26,ok,0
marriages,prov-08,province,2008-12,1062,marriages,ine,2008-12-31,,2026-07-26,ok,0
marriages,prov-08,province,2009-01,867,marriages,ine,2009-01-31,,2026-07-26,ok,0
marriages,prov-08,province,2009-02,1074,marriages,ine,2009-02-28,,2026-07-26,ok,0
marriages,prov-08,province,2009-03,1226,marriages,ine,2009-03-31,,2026-07-26,ok,0
marriages,prov-08,province,2009-04,1523,marriages,ine,2009-04-30,,2026-07-26,ok,0
marriages,prov-08,province,2009-05,2398,marriages,ine,2009-05-31,,2026-07-26,ok,0
marriages,prov-08,province,2009-06,2650,marriages,ine,2009-06-30,,2026-07-26,ok,0
marriages,prov-08,province,2009-07,2829,marriages,ine,2009-07-31,,2026-07-26,ok,0
marriages,prov-08,province,2009-08,885,marriages,ine,2009-08-31,,2026-07-26,ok,0
marriages,prov-08,province,2009-09,2509,marriages,ine,2009-09-30,,2026-07-26,ok,0
marriages,prov-08,province,2009-10,2123,marriages,ine,2009-10-31,,2026-07-26,ok,0
marriages,prov-08,province,2009-11,1323,marriages,ine,2009-11-30,,2026-07-26,ok,0
marriages,prov-08,province,2009-12,896,marriages,ine,2009-12-31,,2026-07-26,ok,0
marriages,prov-08,province,2010-01,929,marriages,ine,2010-01-31,,2026-07-26,ok,0
marriages,prov-08,province,2010-02,1061,marriages,ine,2010-02-28,,2026-07-26,ok,0
marriages,prov-08,province,2010-03,1162,marriages,ine,2010-03-31,,2026-07-26,ok,0
marriages,prov-08,province,2010-04,1558,marriages,ine,2010-04-30,,2026-07-26,ok,0
marriages,prov-08,province,2010-05,2033,marriages,ine,2010-05-31,,2026-07-26,ok,0
marriages,prov-08,province,2010-06,2584,marriages,ine,2010-06-30,,2026-07-26,ok,0
marriages,prov-08,province,2010-07,3214,marriages,ine,2010-07-31,,2026-07-26,ok,0
marriages,prov-08,province,2010-08,752,marriages,ine,2010-08-31,,2026-07-26,ok,0
marriages,prov-08,province,2010-09,2558,marriages,ine,2010-09-30,,2026-07-26,ok,0
marriages,prov-08,province,2010-10,2153,marriages,ine,2010-10-31,,2026-07-26,ok,0
marriages,prov-08,province,2010-11,1248,marriages,ine,2010-11-30,,2026-07-26,ok,0
marriages,prov-08,province,2010-12,910,marriages,ine,2010-12-31,,2026-07-26,ok,0
marriages,prov-08,province,2011-01,814,marriages,ine,2011-01-31,,2026-07-26,ok,0
marriages,prov-08,province,2011-02,949,marriages,ine,2011-02-28,,2026-07-26,ok,0
marriages,prov-08,province,2011-03,1089,marriages,ine,2011-03-31,,2026-07-26,ok,0
marriages,prov-08,province,2011-04,1488,marriages,ine,2011-04-30,,2026-07-26,ok,0
marriages,prov-08,province,2011-05,1910,marriages,ine,2011-05-31,,2026-07-26,ok,0
marriages,prov-08,province,2011-06,2560,marriages,ine,2011-06-30,,2026-07-26,ok,0
marriages,prov-08,province,2011-07,3093,marriages,ine,2011-07-31,,2026-07-26,ok,0
marriages,prov-08,province,2011-08,675,marriages,ine,2011-08-31,,2026-07-26,ok,0
marriages,prov-08,province,2011-09,2631,marriages,ine,2011-09-30,,2026-07-26,ok,0
marriages,prov-08,province,2011-10,1797,marriages,ine,2011-10-31,,2026-07-26,ok,0
marriages,prov-08,province,2011-11,1243,marriages,ine,2011-11-30,,2026-07-26,ok,0
marriages,prov-08,province,2011-12,817,marriages,ine,2011-12-31,,2026-07-26,ok,0
marriages,prov-08,province,2012-01,796,marriages,ine,2012-01-31,,2026-07-26,ok,0
marriages,prov-08,province,2012-02,858,marriages,ine,2012-02-29,,2026-07-26,ok,0
marriages,prov-08,province,2012-03,1283,marriages,ine,2012-03-31,,2026-07-26,ok,0
marriages,prov-08,province,2012-04,1373,marriages,ine,2012-04-30,,2026-07-26,ok,0
marriages,prov-08,province,2012-05,1993,marriages,ine,2012-05-31,,2026-07-26,ok,0
marriages,prov-08,province,2012-06,3001,marriages,ine,2012-06-30,,2026-07-26,ok,0
marriages,prov-08,province,2012-07,2703,marriages,ine,2012-07-31,,2026-07-26,ok,0
marriages,prov-08,province,2012-08,781,marriages,ine,2012-08-31,,2026-07-26,ok,0
marriages,prov-08,province,2012-09,2724,marriages,ine,2012-09-30,,2026-07-26,ok,0
marriages,prov-08,province,2012-10,1902,marriages,ine,2012-10-31,,2026-07-26,ok,0
marriages,prov-08,province,2012-11,1365,marriages,ine,2012-11-30,,2026-07-26,ok,0
marriages,prov-08,province,2012-12,978,marriages,ine,2012-12-31,,2026-07-26,ok,0
marriages,prov-08,province,2013-01,811,marriages,ine,2013-01-31,,2026-07-26,ok,0
marriages,prov-08,province,2013-02,970,marriages,ine,2013-02-28,,2026-07-26,ok,0
marriages,prov-08,province,2013-03,1129,marriages,ine,2013-03-31,,2026-07-26,ok,0
marriages,prov-08,province,2013-04,1442,marriages,ine,2013-04-30,,2026-07-26,ok,0
marriages,prov-08,province,2013-05,1953,marriages,ine,2013-05-31,,2026-07-26,ok,0
marriages,prov-08,province,2013-06,2706,marriages,ine,2013-06-30,,2026-07-26,ok,0
marriages,prov-08,province,2013-07,2555,marriages,ine,2013-07-31,,2026-07-26,ok,0
marriages,prov-08,province,2013-08,851,marriages,ine,2013-08-31,,2026-07-26,ok,0
marriages,prov-08,province,2013-09,2421,marriages,ine,2013-09-30,,2026-07-26,ok,0
marriages,prov-08,province,2013-10,1732,marriages,ine,2013-10-31,,2026-07-26,ok,0
marriages,prov-08,province,2013-11,1300,marriages,ine,2013-11-30,,2026-07-26,ok,0
marriages,prov-08,province,2013-12,925,marriages,ine,2013-12-31,,2026-07-26,ok,0
marriages,prov-08,province,2014-01,813,marriages,ine,2014-01-31,,2026-07-26,ok,0
marriages,prov-08,province,2014-02,882,marriages,ine,2014-02-28,,2026-07-26,ok,0
marriages,prov-08,province,2014-03,1099,marriages,ine,2014-03-31,,2026-07-26,ok,0
marriages,prov-08,province,2014-04,1242,marriages,ine,2014-04-30,,2026-07-26,ok,0
marriages,prov-08,province,2014-05,2048,marriages,ine,2014-05-31,,2026-07-26,ok,0
marriages,prov-08,province,2014-06,2609,marriages,ine,2014-06-30,,2026-07-26,ok,0
marriages,prov-08,province,2014-07,2782,marriages,ine,2014-07-31,,2026-07-26,ok,0
marriages,prov-08,province,2014-08,935,marriages,ine,2014-08-31,,2026-07-26,ok,0
marriages,prov-08,province,2014-09,2572,marriages,ine,2014-09-30,,2026-07-26,ok,0
marriages,prov-08,province,2014-10,2022,marriages,ine,2014-10-31,,2026-07-26,ok,0
marriages,prov-08,province,2014-11,1229,marriages,ine,2014-11-30,,2026-07-26,ok,0
marriages,prov-08,province,2014-12,948,marriages,ine,2014-12-31,,2026-07-26,ok,0
marriages,prov-08,province,2015-01,801,marriages,ine,2015-01-31,,2026-07-26,ok,0
marriages,prov-08,province,2015-02,925,marriages,ine,2015-02-28,,2026-07-26,ok,0
marriages,prov-08,province,2015-03,1092,marriages,ine,2015-03-31,,2026-07-26,ok,0
marriages,prov-08,province,2015-04,1465,marriages,ine,2015-04-30,,2026-07-26,ok,0
marriages,prov-08,province,2015-05,2028,marriages,ine,2015-05-31,,2026-07-26,ok,0
marriages,prov-08,province,2015-06,2488,marriages,ine,2015-06-30,,2026-07-26,ok,0
marriages,prov-08,province,2015-07,2931,marriages,ine,2015-07-31,,2026-07-26,ok,0
marriages,prov-08,province,2015-08,913,marriages,ine,2015-08-31,,2026-07-26,ok,0
marriages,prov-08,province,2015-09,2532,marriages,ine,2015-09-30,,2026-07-26,ok,0
marriages,prov-08,province,2015-10,2254,marriages,ine,2015-10-31,,2026-07-26,ok,0
marriages,prov-08,province,2015-11,1353,marriages,ine,2015-11-30,,2026-07-26,ok,0
marriages,prov-08,province,2015-12,1030,marriages,ine,2015-12-31,,2026-07-26,ok,0
marriages,prov-08,province,2016-01,832,marriages,ine,2016-01-31,,2026-07-26,ok,0
marriages,prov-08,province,2016-02,1008,marriages,ine,2016-02-29,,2026-07-26,ok,0
marriages,prov-08,province,2016-03,1027,marriages,ine,2016-03-31,,2026-07-26,ok,0
marriages,prov-08,province,2016-04,1938,marriages,ine,2016-04-30,,2026-07-26,ok,0
marriages,prov-08,province,2016-05,2052,marriages,ine,2016-05-31,,2026-07-26,ok,0
marriages,prov-08,province,2016-06,2704,marriages,ine,2016-06-30,,2026-07-26,ok,0
marriages,prov-08,province,2016-07,3264,marriages,ine,2016-07-31,,2026-07-26,ok,0
marriages,prov-08,province,2016-08,773,marriages,ine,2016-08-31,,2026-07-26,ok,0
marriages,prov-08,province,2016-09,2897,marriages,ine,2016-09-30,,2026-07-26,ok,0
marriages,prov-08,province,2016-10,2175,marriages,ine,2016-10-31,,2026-07-26,ok,0
marriages,prov-08,province,2016-11,1461,marriages,ine,2016-11-30,,2026-07-26,ok,0
marriages,prov-08,province,2016-12,1099,marriages,ine,2016-12-31,,2026-07-26,ok,0
marriages,prov-08,province,2017-01,848,marriages,ine,2017-01-31,,2026-07-26,ok,0
marriages,prov-08,province,2017-02,999,marriages,ine,2017-02-28,,2026-07-26,ok,0
marriages,prov-08,province,2017-03,1317,marriages,ine,2017-03-31,,2026-07-26,ok,0
marriages,prov-08,province,2017-04,1621,marriages,ine,2017-04-30,,2026-07-26,ok,0
marriages,prov-08,province,2017-05,2164,marriages,ine,2017-05-31,,2026-07-26,ok,0
marriages,prov-08,province,2017-06,2967,marriages,ine,2017-06-30,,2026-07-26,ok,0
marriages,prov-08,province,2017-07,3164,marriages,ine,2017-07-31,,2026-07-26,ok,0
marriages,prov-08,province,2017-08,757,marriages,ine,2017-08-31,,2026-07-26,ok,0
marriages,prov-08,province,2017-09,3034,marriages,ine,2017-09-30,,2026-07-26,ok,0
marriages,prov-08,province,2017-10,1963,marriages,ine,2017-10-31,,2026-07-26,ok,0
marriages,prov-08,province,2017-11,1384,marriages,ine,2017-11-30,,2026-07-26,ok,0
marriages,prov-08,province,2017-12,1005,marriages,ine,2017-12-31,,2026-07-26,ok,0
marriages,prov-08,province,2018-01,843,marriages,ine,2018-01-31,,2026-07-26,ok,0
marriages,prov-08,province,2018-02,910,marriages,ine,2018-02-28,,2026-07-26,ok,0
marriages,prov-08,province,2018-03,1206,marriages,ine,2018-03-31,,2026-07-26,ok,0
marriages,prov-08,province,2018-04,1608,marriages,ine,2018-04-30,,2026-07-26,ok,0
marriages,prov-08,province,2018-05,2047,marriages,ine,2018-05-31,,2026-07-26,ok,0
marriages,prov-08,province,2018-06,2946,marriages,ine,2018-06-30,,2026-07-26,ok,0
marriages,prov-08,province,2018-07,2687,marriages,ine,2018-07-31,,2026-07-26,ok,0
marriages,prov-08,province,2018-08,731,marriages,ine,2018-08-31,,2026-07-26,ok,0
marriages,prov-08,province,2018-09,2626,marriages,ine,2018-09-30,,2026-07-26,ok,0
marriages,prov-08,province,2018-10,2005,marriages,ine,2018-10-31,,2026-07-26,ok,0
marriages,prov-08,province,2018-11,1438,marriages,ine,2018-11-30,,2026-07-26,ok,0
marriages,prov-08,province,2018-12,967,marriages,ine,2018-12-31,,2026-07-26,ok,0
marriages,prov-08,province,2019-01,836,marriages,ine,2019-01-31,,2026-07-26,ok,0
marriages,prov-08,province,2019-02,1019,marriages,ine,2019-02-28,,2026-07-26,ok,0
marriages,prov-08,province,2019-03,1312,marriages,ine,2019-03-31,,2026-07-26,ok,0
marriages,prov-08,province,2019-04,1392,marriages,ine,2019-04-30,,2026-07-26,ok,0
marriages,prov-08,province,2019-05,2197,marriages,ine,2019-05-31,,2026-07-26,ok,0
marriages,prov-08,province,2019-06,2641,marriages,ine,2019-06-30,,2026-07-26,ok,0
marriages,prov-08,province,2019-07,2511,marriages,ine,2019-07-31,,2026-07-26,ok,0
marriages,prov-08,province,2019-08,772,marriages,ine,2019-08-31,,2026-07-26,ok,0
marriages,prov-08,province,2019-09,2517,marriages,ine,2019-09-30,,2026-07-26,ok,0
marriages,prov-08,province,2019-10,1848,marriages,ine,2019-10-31,,2026-07-26,ok,0
marriages,prov-08,province,2019-11,1305,marriages,ine,2019-11-30,,2026-07-26,ok,0
marriages,prov-08,province,2019-12,772,marriages,ine,2019-12-31,,2026-07-26,ok,0
marriages,prov-08,province,2020-01,813,marriages,ine,2020-01-31,,2026-07-26,ok,0
marriages,prov-08,province,2020-02,1085,marriages,ine,2020-02-29,,2026-07-26,ok,0
marriages,prov-08,province,2020-03,517,marriages,ine,2020-03-31,,2026-07-26,ok,0
marriages,prov-08,province,2020-04,20,marriages,ine,2020-04-30,,2026-07-26,ok,0
marriages,prov-08,province,2020-05,123,marriages,ine,2020-05-31,,2026-07-26,ok,0
marriages,prov-08,province,2020-06,1143,marriages,ine,2020-06-30,,2026-07-26,ok,0
marriages,prov-08,province,2020-07,1799,marriages,ine,2020-07-31,,2026-07-26,ok,0
marriages,prov-08,province,2020-08,534,marriages,ine,2020-08-31,,2026-07-26,ok,0
marriages,prov-08,province,2020-09,1674,marriages,ine,2020-09-30,,2026-07-26,ok,0
marriages,prov-08,province,2020-10,1515,marriages,ine,2020-10-31,,2026-07-26,ok,0
marriages,prov-08,province,2020-11,942,marriages,ine,2020-11-30,,2026-07-26,ok,0
marriages,prov-08,province,2020-12,789,marriages,ine,2020-12-31,,2026-07-26,ok,0
marriages,prov-08,province,2021-01,680,marriages,ine,2021-01-31,,2026-07-26,ok,0
marriages,prov-08,province,2021-02,733,marriages,ine,2021-02-28,,2026-07-26,ok,0
marriages,prov-08,province,2021-03,904,marriages,ine,2021-03-31,,2026-07-26,ok,0
marriages,prov-08,province,2021-04,1181,marriages,ine,2021-04-30,,2026-07-26,ok,0
marriages,prov-08,province,2021-05,1615,marriages,ine,2021-05-31,,2026-07-26,ok,0
marriages,prov-08,province,2021-06,2133,marriages,ine,2021-06-30,,2026-07-26,ok,0
marriages,prov-08,province,2021-07,2430,marriages,ine,2021-07-31,,2026-07-26,ok,0
marriages,prov-08,province,2021-08,604,marriages,ine,2021-08-31,,2026-07-26,ok,0
marriages,prov-08,province,2021-09,2139,marriages,ine,2021-09-30,,2026-07-26,ok,0
marriages,prov-08,province,2021-10,1922,marriages,ine,2021-10-31,,2026-07-26,ok,0
marriages,prov-08,province,2021-11,1228,marriages,ine,2021-11-30,,2026-07-26,ok,0
marriages,prov-08,province,2021-12,937,marriages,ine,2021-12-31,,2026-07-26,ok,0
marriages,prov-08,province,2022-01,721,marriages,ine,2022-01-31,,2026-07-26,ok,0
marriages,prov-08,province,2022-02,890,marriages,ine,2022-02-28,,2026-07-26,ok,0
marriages,prov-08,province,2022-03,1126,marriages,ine,2022-03-31,,2026-07-26,ok,0
marriages,prov-08,province,2022-04,1609,marriages,ine,2022-04-30,,2026-07-26,ok,0
marriages,prov-08,province,2022-05,1992,marriages,ine,2022-05-31,,2026-07-26,ok,0
marriages,prov-08,province,2022-06,2502,marriages,ine,2022-06-30,,2026-07-26,ok,0
marriages,prov-08,province,2022-07,2691,marriages,ine,2022-07-31,,2026-07-26,ok,0
marriages,prov-08,province,2022-08,591,marriages,ine,2022-08-31,,2026-07-26,ok,0
marriages,prov-08,province,2022-09,2546,marriages,ine,2022-09-30,,2026-07-26,ok,0
marriages,prov-08,province,2022-10,1928,marriages,ine,2022-10-31,,2026-07-26,ok,0
marriages,prov-08,province,2022-11,1336,marriages,ine,2022-11-30,,2026-07-26,ok,0
marriages,prov-08,province,2022-12,936,marriages,ine,2022-12-31,,2026-07-26,ok,0
marriages,prov-08,province,2023-01,772,marriages,ine,2023-01-31,,2026-07-26,ok,0
marriages,prov-08,province,2023-02,907,marriages,ine,2023-02-28,,2026-07-26,ok,0
marriages,prov-08,province,2023-03,1372,marriages,ine,2023-03-31,,2026-07-26,ok,0
marriages,prov-08,province,2023-04,1540,marriages,ine,2023-04-30,,2026-07-26,ok,0
marriages,prov-08,province,2023-05,2199,marriages,ine,2023-05-31,,2026-07-26,ok,0
marriages,prov-08,province,2023-06,2537,marriages,ine,2023-06-30,,2026-07-26,ok,0
marriages,prov-08,province,2023-07,2308,marriages,ine,2023-07-31,,2026-07-26,ok,0
marriages,prov-08,province,2023-08,496,marriages,ine,2023-08-31,,2026-07-26,ok,0
marriages,prov-08,province,2023-09,2561,marriages,ine,2023-09-30,,2026-07-26,ok,0
marriages,prov-08,province,2023-10,1897,marriages,ine,2023-10-31,,2026-07-26,ok,0
marriages,prov-08,province,2023-11,1396,marriages,ine,2023-11-30,,2026-07-26,ok,0
marriages,prov-08,province,2023-12,969,marriages,ine,2023-12-31,,2026-07-26,ok,0
marriages,prov-08,province,2024-01,800,marriages,ine,2024-01-31,,2026-07-26,ok,0
marriages,prov-08,province,2024-02,955,marriages,ine,2024-02-29,,2026-07-26,ok,0
marriages,prov-08,province,2024-03,1238,marriages,ine,2024-03-31,,2026-07-26,ok,0
marriages,prov-08,province,2024-04,1752,marriages,ine,2024-04-30,,2026-07-26,ok,0
marriages,prov-08,province,2024-05,2278,marriages,ine,2024-05-31,,2026-07-26,ok,0
marriages,prov-08,province,2024-06,2598,marriages,ine,2024-06-30,,2026-07-26,ok,0
marriages,prov-08,province,2024-07,2116,marriages,ine,2024-07-31,,2026-07-26,ok,0
marriages,prov-08,province,2024-08,529,marriages,ine,2024-08-31,,2026-07-26,ok,0
marriages,prov-08,province,2024-09,2344,marriages,ine,2024-09-30,,2026-07-26,ok,0
marriages,prov-08,province,2024-10,2214,marriages,ine,2024-10-31,,2026-07-26,ok,0
marriages,prov-08,province,2024-11,1592,marriages,ine,2024-11-30,,2026-07-26,ok,0
marriages,prov-08,province,2024-12,1013,marriages,ine,2024-12-31,,2026-07-26,ok,0
marriages,prov-28,province,1975-01,1608,marriages,ine,1975-01-31,,2026-07-26,ok,0
marriages,prov-28,province,1975-02,1541,marriages,ine,1975-02-28,,2026-07-26,ok,0
marriages,prov-28,province,1975-03,2740,marriages,ine,1975-03-31,,2026-07-26,ok,0
marriages,prov-28,province,1975-04,2598,marriages,ine,1975-04-30,,2026-07-26,ok,0
marriages,prov-28,province,1975-05,3757,marriages,ine,1975-05-31,,2026-07-26,ok,0
marriages,prov-28,province,1975-06,3448,marriages,ine,1975-06-30,,2026-07-26,ok,0
marriages,prov-28,province,1975-07,4371,marriages,ine,1975-07-31,,2026-07-26,ok,0
marriages,prov-28,province,1975-08,4616,marriages,ine,1975-08-31,,2026-07-26,ok,0
marriages,prov-28,province,1975-09,4577,marriages,ine,1975-09-30,,2026-07-26,ok,0
marriages,prov-28,province,1975-10,3611,marriages,ine,1975-10-31,,2026-07-26,ok,0
marriages,prov-28,province,1975-11,2357,marriages,ine,1975-11-30,,2026-07-26,ok,0
marriages,prov-28,province,1975-12,3588,marriages,ine,1975-12-31,,2026-07-26,ok,0
marriages,prov-28,province,1976-01,1670,marriages,ine,1976-01-31,,2026-07-26,ok,0
marriages,prov-28,province,1976-02,1476,marriages,ine,1976-02-29,,2026-07-26,ok,0
marriages,prov-28,province,1976-03,2346,marriages,ine,1976-03-31,,2026-07-26,ok,0
marriages,prov-28,province,1976-04,2563,marriages,ine,1976-04-30,,2026-07-26,ok,0
marriages,prov-28,province,1976-05,3390,marriages,ine,1976-05-31,,2026-07-26,ok,0
marriages,prov-28,province,1976-06,3431,marriages,ine,1976-06-30,,2026-07-26,ok,0
marriages,prov-28,province,1976-07,4377,marriages,ine,1976-07-31,,2026-07-26,ok,0
marriages,prov-28,province,1976-08,3688,marriages,ine,1976-08-31,,2026-07-26,ok,0
marriages,prov-28,province,1976-09,4462,marriages,ine,1976-09-30,,2026-07-26,ok,0
marriages,prov-28,province,1976-10,3975,marriages,ine,1976-10-31,,2026-07-26,ok,0
marriages,prov-28,province,1976-11,1697,marriages,ine,1976-11-30,,2026-07-26,ok,0
marriages,prov-28,province,1976-12,2691,marriages,ine,1976-12-31,,2026-07-26,ok,0
marriages,prov-28,province,1977-01,1682,marriages,ine,1977-01-31,,2026-07-26,ok,0
marriages,prov-28,province,1977-02,1414,marriages,ine,1977-02-28,,2026-07-26,ok,0
marriages,prov-28,province,1977-03,2612,marriages,ine,1977-03-31,,2026-07-26,ok,0
marriages,prov-28,province,1977-04,2517,marriages,ine,1977-04-30,,2026-07-26,ok,0
marriages,prov-28,province,1977-05,3083,marriages,ine,1977-05-31,,2026-07-26,ok,0
marriages,prov-28,province,1977-06,3188,marriages,ine,1977-06-30,,2026-07-26,ok,0
marriages,prov-28,province,1977-07,5046,marriages,ine,1977-07-31,,2026-07-26,ok,0
marriages,prov-28,province,1977-08,3288,marriages,ine,1977-08-31,,2026-07-26,ok,0
marriages,prov-28,province,1977-09,4469,marriages,ine,1977-09-30,,2026-07-26,ok,0
marriages,prov-28,province,1977-10,3935,marriages,ine,1977-10-31,,2026-07-26,ok,0
marriages,prov-28,province,1977-11,1721,marriages,ine,1977-11-30,,2026-07-26,ok,0
marriages,prov-28,province,1977-12,2637,marriages,ine,1977-12-31,,2026-07-26,ok,0
marriages,prov-28,province,1978-01,1542,marriages,ine,1978-01-31,,2026-07-26,ok,0
marriages,prov-28,province,1978-02,1376,marriages,ine,1978-02-28,,2026-07-26,ok,0
marriages,prov-28,province,1978-03,2224,marriages,ine,1978-03-31,,2026-07-26,ok,0
marriages,prov-28,province,1978-04,2739,marriages,ine,1978-04-30,,2026-07-26,ok,0
marriages,prov-28,province,1978-05,2826,marriages,ine,1978-05-31,,2026-07-26,ok,0
marriages,prov-28,province,1978-06,3099,marriages,ine,1978-06-30,,2026-07-26,ok,0
marriages,prov-28,province,1978-07,4978,marriages,ine,1978-07-31,,2026-07-26,ok,0
marriages,prov-28,province,1978-08,3059,marriages,ine,1978-08-31,,2026-07-26,ok,0
marriages,prov-28,province,1978-09,4573,marriages,ine,1978-09-30,,2026-07-26,ok,0
marriages,prov-28,province,1978-10,3223,marriages,ine,1978-10-31,,2026-07-26,ok,0
marriages,prov-28,province,1978-11,1739,marriages,ine,1978-11-30,,2026-07-26,ok,0
marriages,prov-28,province,1978-12,2480,marriages,ine,1978-12-31,,2026-07-26,ok,0
marriages,prov-28,province,1979-01,1341,marriages,ine,1979-01-31,,2026-07-26,ok,0
marriages,prov-28,province,1979-02,1327,marriages,ine,1979-02-28,,2026-07-26,ok,0
marriages,prov-28,province,1979-03,2390,marriages,ine,1979-03-31,,2026-07-26,ok,0
marriages,prov-28,province,1979-04,2280,marriages,ine,1979-04-30,,2026-07-26,ok,0
marriages,prov-28,province,1979-05,2480,marriages,ine,1979-05-31,,2026-07-26,ok,0
marriages,prov-28,province,1979-06,3369,marriages,ine,1979-06-30,,2026-07-26,ok,0
marriages,prov-28,province,1979-07,4017,marriages,ine,1979-07-31,,2026-07-26,ok,0
marriages,prov-28,province,1979-08,2756,marriages,ine,1979-08-31,,2026-07-26,ok,0
marriages,prov-28,province,1979-09,4328,marriages,ine,1979-09-30,,2026-07-26,ok,0
marriages,prov-28,province,1979-10,2849,marriages,ine,1979-10-31,,2026-07-26,ok,0
marriages,prov-28,province,1979-11,1861,marriages,ine,1979-11-30,,2026-07-26,ok,0
marriages,prov-28,province,1979-12,2526,marriages,ine,1979-12-31,,2026-07-26,ok,0
marriages,prov-28,province,1980-01,1172,marriages,ine,1980-01-31,,2026-07-26,ok,0
marriages,prov-28,province,1980-02,1259,marriages,ine,1980-02-29,,2026-07-26,ok,0
marriages,prov-28,province,1980-03,2305,marriages,ine,1980-03-31,,2026-07-26,ok,0
marriages,prov-28,province,1980-04,1862,marriages,ine,1980-04-30,,2026-07-26,ok,0
marriages,prov-28,province,1980-05,2785,marriages,ine,1980-05-31,,2026-07-26,ok,0
marriages,prov-28,province,1980-06,2868,marriages,ine,1980-06-30,,2026-07-26,ok,0
marriages,prov-28,province,1980-07,3598,marriages,ine,1980-07-31,,2026-07-26,ok,0
marriages,prov-28,province,1980-08,3193,marriages,ine,1980-08-31,,2026-07-26,ok,0
marriages,prov-28,province,1980-09,3592,marriages,ine,1980-09-30,,2026-07-26,ok,0
marriages,prov-28,province,1980-10,2625,marriages,ine,1980-10-31,,2026-07-26,ok,0
marriages,prov-28,province,1980-11,1499,marriages,ine,1980-11-30,,2026-07-26,ok,0
marriages,prov-28,province,1980-12,2050,marriages,ine,1980-12-31,,2026-07-26,ok,0
marriages,prov-28,province,1981-01,1214,marriages,ine,1981-01-31,,2026-07-26,ok,0
marriages,prov-28,province,1981-02,1121,marriages,ine,1981-02-28,,2026-07-26,ok,0
marriages,prov-28,province,1981-03,1755,marriages,ine,1981-03-31,,2026-07-26,ok,0
marriages,prov-28,province,1981-04,1310,marriages,ine,1981-04-30,,2026-07-26,ok,0
marriages,prov-28,province,1981-05,2623,marriages,ine,1981-05-31,,2026-07-26,ok,0
marriages,prov-28,province,1981-06,2461,marriages,ine,1981-06-30,,2026-07-26,ok,0
marriages,prov-28,province,1981-07,3243,marriages,ine,1981-07-31,,2026-07-26,ok,0
marriages,prov-28,province,1981-08,2551,marriages,ine,1981-08-31,,2026-07-26,ok,0
marriages,prov-28,province,1981-09,3105,marriages,ine,1981-09-30,,2026-07-26,ok,0
marriages,prov-28,province,1981-10,2912,marriages,ine,1981-10-31,,2026-07-26,ok,0
marriages,prov-28,province,1981-11,1359,marriages,ine,1981-11-30,,2026-07-26,ok,0
marriages,prov-28,province,1981-12,1799,marriages,ine,1981-12-31,,2026-07-26,ok,0
marriages,prov-28,province,1982-01,1125,marriages,ine,1982-01-31,,2026-07-26,ok,0
marriages,prov-28,province,1982-02,1136,marriages,ine,1982-02-28,,2026-07-26,ok,0
marriages,prov-28,province,1982-03,1826,marriages,ine,1982-03-31,,2026-07-26,ok,0
marriages,prov-28,province,1982-04,1893,marriages,ine,1982-04-30,,2026-07-26,ok,0
marriages,prov-28,province,1982-05,2628,marriages,ine,1982-05-31,,2026-07-26,ok,0
marriages,prov-28,province,1982-06,2659,marriages,ine,1982-06-30,,2026-07-26,ok,0
marriages,prov-28,province,1982-07,3568,marriages,ine,1982-07-31,,2026-07-26,ok,0
marriages,prov-28,province,1982-08,2068,marriages,ine,1982-08-31,,2026-07-26,ok,0
marriages,prov-28,province,1982-09,3319,marriages,ine,1982-09-30,,2026-07-26,ok,0
marriages,prov-28,province,1982-10,3070,marriages,ine,1982-10-31,,2026-07-26,ok,0
marriages,prov-28,province,1982-11,1386,marriages,ine,1982-11-30,,2026-07-26,ok,0
marriages,prov-28,province,1982-12,1836,marriages,ine,1982-12-31,,2026-07-26,ok,0
marriages,prov-28,province,1983-01,1165,marriages,ine,1983-01-31,,2026-07-26,ok,0
marriages,prov-28,province,1983-02,1167,marriages,ine,1983-02-28,,2026-07-26,ok,0
marriages,prov-28,province,1983-03,1986,marriages,ine,1983-03-31,,2026-07-26,ok,0
marriages,prov-28,province,1983-04,1987,marriages,ine,1983-04-30,,2026-07-26,ok,0
marriages,prov-28,province,1983-05,2196,marriages,ine,1983-05-31,,2026-07-26,ok,0
marriages,prov-28,province,1983-06,2812,marriages,ine,1983-06-30,,2026-07-26,ok,0
marriages,prov-28,province,1983-07,4165,marriages,ine,1983-07-31,,2026-07-26,ok,0
marriages,prov-28,province,1983-08,1827,marriages,ine,1983-08-31,,2026-07-26,ok,0
marriages,prov-28,province,1983-09,3453,marriages,ine,1983-09-30,,2026-07-26,ok,0
marriages,prov-28,province,1983-10,2821,marriages,ine,1983-10-31,,2026-07-26,ok,0
marriages,prov-28,province,1983-11,1378,marriages,ine,1983-11-30,,2026-07-26,ok,0
marriages,prov-28,province,1983-12,1776,marriages,ine,1983-12-31,,2026-07-26,ok,0
marriages,prov-28,province,1984-01,1177,marriages,ine,1984-01-31,,2026-07-26,ok,0
marriages,prov-28,province,1984-02,1090,marriages,ine,1984-02-29,,2026-07-26,ok,0
marriages,prov-28,province,1984-03,1989,marriages,ine,1984-03-31,,2026-07-26,ok,0
marriages,prov-28,province,1984-04,1930,marriages,ine,1984-04-30,,2026-07-26,ok,0
marriages,prov-28,province,1984-05,2220,marriages,ine,1984-05-31,,2026-07-26,ok,0
marriages,prov-28,province,1984-06,2959,marriages,ine,1984-06-30,,2026-07-26,ok,0
marriages,prov-28,province,1984-07,3304,marriages,ine,1984-07-31,,2026-07-26,ok,0
marriages,prov-28,province,1984-08,2001,marriages,ine,1984-08-31,,2026-07-26,ok,0
marriages,prov-28,province,1984-09,3555,marriages,ine,1984-09-30,,2026-07-26,ok,0
marriages,prov-28,province,1984-10,2654,marriages,ine,1984-10-31,,2026-07-26,ok,0
marriages,prov-28,province,1984-11,1391,marriages,ine,1984-11-30,,2026-07-26,ok,0
marriages,prov-28,province,1984-12,1720,marriages,ine,1984-12-31,,2026-07-26,ok,0
marriages,prov-28,province,1985-01,1024,marriages,ine,1985-01-31,,2026-07-26,ok,0
marriages,prov-28,province,1985-02,1002,marriages,ine,1985-02-28,,2026-07-26,ok,0
marriages,prov-28,province,1985-03,2013,marriages,ine,1985-03-31,,2026-07-26,ok,0
marriages,prov-28,province,1985-04,1591,marriages,ine,1985-04-30,,2026-07-26,ok,0
marriages,prov-28,province,1985-05,2090,marriages,ine,1985-05-31,,2026-07-26,ok,0
marriages,prov-28,province,1985-06,2908,marriages,ine,1985-06-30,,2026-07-26,ok,0
marriages,prov-28,province,1985-07,3156,marriages,ine,1985-07-31,,2026-07-26,ok,0
marriages,prov-28,province,1985-08,2377,marriages,ine,1985-08-31,,2026-07-26,ok,0
marriages,prov-28,province,1985-09,3252,marriages,ine,1985-09-30,,2026-07-26,ok,0
marriages,prov-28,province,1985-10,2617,marriages,ine,1985-10-31,,2026-07-26,ok,0
marriages,prov-28,province,1985-11,1474,marriages,ine,1985-11-30,,2026-07-26,ok,0
marriages,prov-28,province,1985-12,1542,marriages,ine,1985-12-31,,2026-07-26,ok,0
marriages,prov-28,province,1986-01,994,marriages,ine,1986-01-31,,2026-07-26,ok,0
marriages,prov-28,province,1986-02,972,marriages,ine,1986-02-28,,2026-07-26,ok,0
marriages,prov-28,province,1986-03,1608,marriages,ine,1986-03-31,,2026-07-26,ok,0
marriages,prov-28,province,1986-04,1969,marriages,ine,1986-04-30,,2026-07-26,ok,0
marriages,prov-28,province,1986-05,2542,marriages,ine,1986-05-31,,2026-07-26,ok,0
marriages,prov-28,province,1986-06,2782,marriages,ine,1986-06-30,,2026-07-26,ok,0
marriages,prov-28,province,1986-07,3381,marriages,ine,1986-07-31,,2026-07-26,ok,0
marriages,prov-28,province,1986-08,2399,marriages,ine,1986-08-31,,2026-07-26,ok,0
marriages,prov-28,province,1986-09,3620,marriages,ine,1986-09-30,,2026-07-26,ok,0
marriages,prov-28,province,1986-10,2841,marriages,ine,1986-10-31,,2026-07-26,ok,0
marriages,prov-28,province,1986-11,1461,marriages,ine,1986-11-30,,2026-07-26,ok,0
marriages,prov-28,province,1986-12,1632,marriages,ine,1986-12-31,,2026-07-26,ok,0
marriages,prov-28,province,1987-01,989,marriages,ine,1987-01-31,,2026-07-26,ok,0
marriages,prov-28,province,1987-02,1076,marriages,ine,1987-02-28,,2026-07-26,ok,0
marriages,prov-28,province,1987-03,1673,marriages,ine,1987-03-31,,2026-07-26,ok,0
marriages,prov-28,province,1987-04,1904,marriages,ine,1987-04-30,,2026-07-26,ok,0
marriages,prov-28,province,1987-05,2675,marriages,ine,1987-05-31,,2026-07-26,ok,0
marriages,prov-28,province,1987-06,2895,marriages,ine,1987-06-30,,2026-07-26,ok,0
marriages,prov-28,province,1987-07,3315,marriages,ine,1987-07-31,,2026-07-26,ok,0
marriages,prov-28,province,1987-08,2443,marriages,ine,1987-08-31,,2026-07-26,ok,0
marriages,prov-28,province,1987-09,3662,marriages,ine,1987-09-30,,2026-07-26,ok,0
marriages,prov-28,province,1987-10,3331,marriages,ine,1987-10-31,,2026-07-26,ok,0
marriages,prov-28,province,1987-11,1415,marriages,ine,1987-11-30,,2026-07-26,ok,0
marriages,prov-28,province,1987-12,1612,marriages,ine,1987-12-31,,2026-07-26,ok,0
marriages,prov-28,province,1988-01,935,marriages,ine,1988-01-31,,2026-07-26,ok,0
marriages,prov-28,province,1988-02,1047,marriages,ine,1988-02-29,,2026-07-26,ok,0
marriages,prov-28,province,1988-03,1829,marriages,ine,1988-03-31,,2026-07-26,ok,0
marriages,prov-28,province,1988-04,2126,marriages,ine,1988-04-30,,2026-07-26,ok,0
marriages,prov-28,province,1988-05,2296,marriages,ine,1988-05-31,,2026-07-26,ok,0
marriages,prov-28,province,1988-06,3031,marriages,ine,1988-06-30,,2026-07-26,ok,0
marriages,prov-28,province,1988-07,3997,marriages,ine,1988-07-31,,2026-07-26,ok,0
marriages,prov-28,province,1988-08,1886,marriages,ine,1988-08-31,,2026-07-26,ok,0
marriages,prov-28,province,1988-09,3969,marriages,ine,1988-09-30,,2026-07-26,ok,0
marriages,prov-28,province,1988-10,3323,marriages,ine,1988-10-31,,2026-07-26,ok,0
marriages,prov-28,province,1988-11,1539,marriages,ine,1988-11-30,,2026-07-26,ok,0
marriages,prov-28,province,1988-12,1586,marriages,ine,1988-12-31,,2026-07-26,ok,0
marriages,prov-28,province,1989-01,1055,marriages,ine,1989-01-31,,2026-07-26,ok,0
marriages,prov-28,province,1989-02,1047,marriages,ine,1989-02-28,,2026-07-26,ok,0
marriages,prov-28,province,1989-03,1600,marriages,ine,1989-03-31,,2026-07-26,ok,0
marriages,prov-28,province,1989-04,2523,marriages,ine,1989-04-30,,2026-07-26,ok,0
marriages,prov-28,province,1989-05,2249,marriages,ine,1989-05-31,,2026-07-26,ok,0
marriages,prov-28,province,1989-06,3002,marriages,ine,1989-06-30,,2026-07-26,ok,0
marriages,prov-28,province,1989-07,3998,marriages,ine,1989-07-31,,2026-07-26,ok,0
marriages,prov-28,province,1989-08,1819,marriages,ine,1989-08-31,,2026-07-26,ok,0
marriages,prov-28,province,1989-09,4609,marriages,ine,1989-09-30,,2026-07-26,ok,0
marriages,prov-28,province,1989-10,3199,marriages,ine,1989-10-31,,2026-07-26,ok,0
marriages,prov-28,province,1989-11,1697,marriages,ine,1989-11-30,,2026-07-26,ok,0
marriages,prov-28,province,1989-12,1689,marriages,ine,1989-12-31,,2026-07-26,ok,0
marriages,prov-28,province,1990-01,961,marriages,ine,1990-01-31,,2026-07-26,ok,0
marriages,prov-28,province,1990-02,1127,marriages,ine,1990-02-28,,2026-07-26,ok,0
marriages,prov-28,province,1990-03,2097,marriages,ine,1990-03-31,,2026-07-26,ok,0
marriages,prov-28,province,1990-04,2031,marriages,ine,1990-04-30,,2026-07-26,ok,0
marriages,prov-28,province,1990-05,2398,marriages,ine,1990-05-31,,2026-07-26,ok,0
marriages,prov-28,province,1990-06,3712,marriages,ine,1990-06-30,,2026-07-26,ok,0
marriages,prov-28,province,1990-07,3433,marriages,ine,1990-07-31,,2026-07-26,ok,0
marriages,prov-28,province,1990-08,1943,marriages,ine,1990-08-31,,2026-07-26,ok,0
marriages,prov-28,province,1990-09,4568,marriages,ine,1990-09-30,,2026-07-26,ok,0
marriages,prov-28,province,1990-10,3500,marriages,ine,1990-10-31,,2026-07-26,ok,0
marriages,prov-28,province,1990-11,1757,marriages,ine,1990-11-30,,2026-07-26,ok,0
marriages,prov-28,province,1990-12,1605,marriages,ine,1990-12-31,,2026-07-26,ok,0
marriages,prov-28,province,1991-01,960,marriages,ine,1991-01-31,,2026-07-26,ok,0
marriages,prov-28,province,1991-02,1137,marriages,ine,1991-02-28,,2026-07-26,ok,0
marriages,prov-28,province,1991-03,1611,marriages,ine,1991-03-31,,2026-07-26,ok,0
marriages,prov-28,province,1991-04,2257,marriages,ine,1991-04-30,,2026-07-26,ok,0
marriages,prov-28,province,1991-05,2681,marriages,ine,1991-05-31,,2026-07-26,ok,0
marriages,prov-28,province,1991-06,3811,marriages,ine,1991-06-30,,2026-07-26,ok,0
marriages,prov-28,province,1991-07,3417,marriages,ine,1991-07-31,,2026-07-26,ok,0
marriages,prov-28,province,1991-08,2318,marriages,ine,1991-08-31,,2026-07-26,ok,0
marriages,prov-28,province,1991-09,4478,marriages,ine,1991-09-30,,2026-07-26,ok,0
marriages,prov-28,province,1991-10,3562,marriages,ine,1991-10-31,,2026-07-26,ok,0
marriages,prov-28,province,1991-11,1892,marriages,ine,1991-11-30,,2026-07-26,ok,0
marriages,prov-28,province,1991-12,1461,marriages,ine,1991-12-31,,2026-07-26,ok,0
marriages,prov-28,province,1992-01,930,marriages,ine,1992-01-31,,2026-07-26,ok,0
marriages,prov-28,province,1992-02,1215,marriages,ine,1992-02-29,,2026-07-26,ok,0
marriages,prov-28,province,1992-03,1772,marriages,ine,1992-03-31,,2026-07-26,ok,0
marriages,prov-28,province,1992-04,1872,marriages,ine,1992-04-30,,2026-07-26,ok,0
marriages,prov-28,province,1992-05,3296,marriages,ine,1992-05-31,,2026-07-26,ok,0
marriages,prov-28,province,1992-06,3522,marriages,ine,1992-06-30,,2026-07-26,ok,0
marriages,prov-28,province,1992-07,3471,marriages,ine,1992-07-31,,2026-07-26,ok,0
marriages,prov-28,province,1992-08,2141,marriages,ine,1992-08-31,,2026-07-26,ok,0
marriages,prov-28,province,1992-09,4356,marriages,ine,1992-09-30,,2026-07-26,ok,0
marriages,prov-28,province,1992-10,3994,marriages,ine,1992-10-31,,2026-07-26,ok,0
marriages,prov-28,province,1992-11,1741,marriages,ine,1992-11-30,,2026-07-26,ok,0
marriages,prov-28,province,1992-12,1340,marriages,ine,1992-12-31,,2026-07-26,ok,0
marriages,prov-28,province,1993-01,824,marriages,ine,1993-01-31,,2026-07-26,ok,0
marriages,prov-28,province,1993-02,1021,marriages,ine,1993-02-28,,2026-07-26,ok,0
marriages,prov-28,province,1993-03,1805,marriages,ine,1993-03-31,,2026-07-26,ok,0
marriages,prov-28,province,1993-04,1948,marriages,ine,1993-04-30,,2026-07-26,ok,0
marriages,prov-28,province,1993-05,2682,marriages,ine,1993-05-31,,2026-07-26,ok,0
marriages,prov-28,province,1993-06,3328,marriages,ine,1993-06-30,,2026-07-26,ok,0
marriages,prov-28,province,1993-07,3779,marriages,ine,1993-07-31,,2026-07-26,ok,0
marriages,prov-28,province,1993-08,1479,marriages,ine,1993-08-31,,2026-07-26,ok,0
marriages,prov-28,province,1993-09,4138,marriages,ine,1993-09-30,,2026-07-26,ok,0
marriages,prov-28,province,1993-10,3703,marriages,ine,1993-10-31,,2026-07-26,ok,0
marriages,prov-28,province,1993-11,1472,marriages,ine,1993-11-30,,2026-07-26,ok,0
marriages,prov-28,province,1993-12,1361,marriages,ine,1993-12-31,,2026-07-26,ok,0
marriages,prov-28,province,1994-01,754,marriages,ine,1994-01-31,,2026-07-26,ok,0
marriages,prov-28,province,1994-02,911,marriages,ine,1994-02-28,,2026-07-26,ok,0
marriages,prov-28,province,1994-03,1581,marriages,ine,1994-03-31,,2026-07-26,ok,0
marriages,prov-28,province,1994-04,2072,marriages,ine,1994-04-30,,2026-07-26,ok,0
marriages,prov-28,province,1994-05,2297,marriages,ine,1994-05-31,,2026-07-26,ok,0
marriages,prov-28,province,1994-06,3486,marriages,ine,1994-06-30,,2026-07-26,ok,0
marriages,prov-28,province,1994-07,4178,marriages,ine,1994-07-31,,2026-07-26,ok,0
marriages,prov-28,province,1994-08,1521,marriages,ine,1994-08-31,,2026-07-26,ok,0
marriages,prov-28,province,1994-09,4258,marriages,ine,1994-09-30,,2026-07-26,ok,0
marriages,prov-28,province,1994-10,3222,marriages,ine,1994-10-31,,2026-07-26,ok,0
marriages,prov-28,province,1994-11,1510,marriages,ine,1994-11-30,,2026-07-26,ok,0
marriages,prov-28,province,1994-12,1224,marriages,ine,1994-12-31,,2026-07-26,ok,0
marriages,prov-28,province,1995-01,699,marriages,ine,1995-01-31,,2026-07-26,ok,0
marriages,prov-28,province,1995-02,859,marriages,ine,1995-02-28,,2026-07-26,ok,0
marriages,prov-28,province,1995-03,1736,marriages,ine,1995-03-31,,2026-07-26,ok,0
marriages,prov-28,province,1995-04,2075,marriages,ine,1995-04-30,,2026-07-26,ok,0
marriages,prov-28,province,1995-05,2367,marriages,ine,1995-05-31,,2026-07-26,ok,0
marriages,prov-28,province,1995-06,3736,marriages,ine,1995-06-30,,2026-07-26,ok,0
marriages,prov-28,province,1995-07,3920,marriages,ine,1995-07-31,,2026-07-26,ok,0
marriages,prov-28,province,1995-08,1413,marriages,ine,1995-08-31,,2026-07-26,ok,0
marriages,prov-28,province,1995-09,4669,marriages,ine,1995-09-30,,2026-07-26,ok,0
marriages,prov-28,province,1995-10,2961,marriages,ine,1995-10-31,,2026-07-26,ok,0
marriages,prov-28,province,1995-11,1426,marriages,ine,1995-11-30,,2026-07-26,ok,0
marriages,prov-28,province,1995-12,1208,marriages,ine,1995-12-31,,2026-07-26,ok,0
marriages,prov-28,province,1996-01,560,marriages,ine,1996-01-31,,2026-07-26,ok,0
marriages,prov-28,province,1996-02,771,marriages,ine,1996-02-29,,2026-07-26,ok,0
marriages,prov-28,province,1996-03,1875,marriages,ine,1996-03-31,,2026-07-26,ok,0
marriages,prov-28,province,1996-04,1728,marriages,ine,1996-04-30,,2026-07-26,ok,0
marriages,prov-28,province,1996-05,2479,marriages,ine,1996-05-31,,2026-07-26,ok,0
marriages,prov-28,province,1996-06,3972,marriages,ine,1996-06-30,,2026-07-26,ok,0
marriages,prov-28,province,1996-07,3128,marriages,ine,1996-07-31,,2026-07-26,ok,0
marriages,prov-28,province,1996-08,1966,marriages,ine,1996-08-31,,2026-07-26,ok,0
marriages,prov-28,province,1996-09,3993,marriages,ine,1996-09-30,,2026-07-26,ok,0
marriages,prov-28,province,1996-10,2807,marriages,ine,1996-10-31,,2026-07-26,ok,0
marriages,prov-28,province,1996-11,1471,marriages,ine,1996-11-30,,2026-07-26,ok,0
marriages,prov-28,province,1996-12,1023,marriages,ine,1996-12-31,,2026-07-26,ok,0
marriages,prov-28,province,1997-01,481,marriages,ine,1997-01-31,,2026-07-26,ok,0
marriages,prov-28,province,1997-02,722,marriages,ine,1997-02-28,,2026-07-26,ok,0
marriages,prov-28,province,1997-03,1322,marriages,ine,1997-03-31,,2026-07-26,ok,0
marriages,prov-28,province,1997-04,2005,marriages,ine,1997-04-30,,2026-07-26,ok,0
marriages,prov-28,province,1997-05,2859,marriages,ine,1997-05-31,,2026-07-26,ok,0
marriages,prov-28,province,1997-06,3648,marriages,ine,1997-06-30,,2026-07-26,ok,0
marriages,prov-28,province,1997-07,3435,marriages,ine,1997-07-31,,2026-07-26,ok,0
marriages,prov-28,province,1997-08,2085,marriages,ine,1997-08-31,,2026-07-26,ok,0
marriages,prov-28,province,1997-09,4048,marriages,ine,1997-09-30,,2026-07-26,ok,0
marriages,prov-28,province,1997-10,3215,marriages,ine,1997-10-31,,2026-07-26,ok,0
marriages,prov-28,province,1997-11,1588,marriages,ine,1997-11-30,,2026-07-26,ok,0
marriages,prov-28,province,1997-12,1040,marriages,ine,1997-12-31,,2026-07-26,ok,0
marriages,prov-28,province,1998-01,538,marriages,ine,1998-01-31,,2026-07-26,ok,0
marriages,prov-28,province,1998-02,912,marriages,ine,1998-02-28,,2026-07-26,ok,0
marriages,prov-28,province,1998-03,1809,marriages,ine,1998-03-31,,2026-07-26,ok,0
marriages,prov-28,province,1998-04,1832,marriages,ine,1998-04-30,,2026-07-26,ok,0
marriages,prov-28,province,1998-05,3210,marriages,ine,1998-05-31,,2026-07-26,ok,0
marriages,prov-28,province,1998-06,3691,marriages,ine,1998-06-30,,2026-07-26,ok,0
marriages,prov-28,province,1998-07,3778,marriages,ine,1998-07-31,,2026-07-26,ok,0
marriages,prov-28,province,1998-08,2198,marriages,ine,1998-08-31,,2026-07-26,ok,0
marriages,prov-28,province,1998-09,4317,marriages,ine,1998-09-30,,2026-07-26,ok,0
marriages,prov-28,province,1998-10,3965,marriages,ine,1998-10-31,,2026-07-26,ok,0
marriages,prov-28,province,1998-11,1457,marriages,ine,1998-11-30,,2026-07-26,ok,0
marriages,prov-28,province,1998-12,1015,marriages,ine,1998-12-31,,2026-07-26,ok,0
marriages,prov-28,province,1999-01,512,marriages,ine,1999-01-31,,2026-07-26,ok,0
marriages,prov-28,province,1999-02,884,marriages,ine,1999-02-28,,2026-07-26,ok,0
marriages,prov-28,province,1999-03,1898,marriages,ine,1999-03-31,,2026-07-26,ok,0
marriages,prov-28,province,1999-04,1933,marriages,ine,1999-04-30,,2026-07-26,ok,0
marriages,prov-28,province,1999-05,2912,marriages,ine,1999-05-31,,2026-07-26,ok,0
marriages,prov-28,province,1999-06,3837,marriages,ine,1999-06-30,,2026-07-26,ok,0
marriages,prov-28,province,1999-07,4173,marriages,ine,1999-07-31,,2026-07-26,ok,0
marriages,prov-28,province,1999-08,1802,marriages,ine,1999-08-31,,2026-07-26,ok,0
marriages,prov-28,province,1999-09,4463,marriages,ine,1999-09-30,,2026-07-26,ok,0
marriages,prov-28,province,1999-10,4061,marriages,ine,1999-10-31,,2026-07-26,ok,0
marriages,prov-28,province,1999-11,1464,marriages,ine,1999-11-30,,2026-07-26,ok,0
marriages,prov-28,province,1999-12,1112,marriages,ine,1999-12-31,,2026-07-26,ok,0
marriages,prov-28,province,2000-01,600,marriages,ine,2000-01-31,,2026-07-26,ok,0
marriages,prov-28,province,2000-02,921,marriages,ine,2000-02-29,,2026-07-26,ok,0
marriages,prov-28,province,2000-03,1808,marriages,ine,2000-03-31,,2026-07-26,ok,0
marriages,prov-28,province,2000-04,2536,marriages,ine,2000-04-30,,2026-07-26,ok,0
marriages,prov-28,province,2000-05,3026,marriages,ine,2000-05-31,,2026-07-26,ok,0
marriages,prov-28,province,2000-06,4277,marriages,ine,2000-06-30,,2026-07-26,ok,0
marriages,prov-28,province,2000-07,4401,marriages,ine,2000-07-31,,2026-07-26,ok,0
marriages,prov-28,province,2000-08,1700,marriages,ine,2000-08-31,,2026-07-26,ok,0
marriages,prov-28,province,2000-09,5378,marriages,ine,2000-09-30,,2026-07-26,ok,0
marriages,prov-28,province,2000-10,3326,marriages,ine,2000-10-31,,2026-07-26,ok,0
marriages,prov-28,province,2000-11,1607,marriages,ine,2000-11-30,,2026-07-26,ok,0
marriages,prov-28,province,2000-12,1051,marriages,ine,2000-12-31,,2026-07-26,ok,0
marriages,prov-28,province,2001-01,493,marriages,ine,2001-01-31,,2026-07-26,ok,0
marriages,prov-28,province,2001-02,929,marriages,ine,2001-02-28,,2026-07-26,ok,0
marriages,prov-28,province,2001-03,2121,marriages,ine,2001-03-31,,2026-07-26,ok,0
marriages,prov-28,province,2001-04,1899,marriages,ine,2001-04-30,,2026-07-26,ok,0
marriages,prov-28,province,2001-05,2937,marriages,ine,2001-05-31,,2026-07-26,ok,0
marriages,prov-28,province,2001-06,4915,marriages,ine,2001-06-30,,2026-07-26,ok,0
marriages,prov-28,province,2001-07,3646,marriages,ine,2001-07-31,,2026-07-26,ok,0
marriages,prov-28,province,2001-08,1802,marriages,ine,2001-08-31,,2026-07-26,ok,0
marriages,prov-28,province,2001-09,5111,marriages,ine,2001-09-30,,2026-07-26,ok,0
marriages,prov-28,province,2001-10,3429,marriages,ine,2001-10-31,,2026-07-26,ok,0
marriages,prov-28,province,2001-11,1550,marriages,ine,2001-11-30,,2026-07-26,ok,0
marriages,prov-28,province,2001-12,1022,marriages,ine,2001-12-31,,2026-07-26,ok,0
marriages,prov-28,province,2002-01,533,marriages,ine,2002-01-31,,2026-07-26,ok,0
marriages,prov-28,province,2002-02,927,marriages,ine,2002-02-28,,2026-07-26,ok,0
marriages,prov-28,province,2002-03,1542,marriages,ine,2002-03-31,,2026-07-26,ok,0
marriages,prov-28,province,2002-04,2380,marriages,ine,2002-04-30,,2026-07-26,ok,0
marriages,prov-28,province,2002-05,2969,marriages,ine,2002-05-31,,2026-07-26,ok,0
marriages,prov-28,province,2002-06,4864,marriages,ine,2002-06-30,,2026-07-26,ok,0
marriages,prov-28,province,2002-07,3781,marriages,ine,2002-07-31,,2026-07-26,ok,0
marriages,prov-28,province,2002-08,2275,marriages,ine,2002-08-31,,2026-07-26,ok,0
marriages,prov-28,province,2002-09,4707,marriages,ine,2002-09-30,,2026-07-26,ok,0
marriages,prov-28,province,2002-10,3326,marriages,ine,2002-10-31,,2026-07-26,ok,0
marriages,prov-28,province,2002-11,1714,marriages,ine,2002-11-30,,2026-07-26,ok,0
marriages,prov-28,province,2002-12,1003,marriages,ine,2002-12-31,,2026-07-26,ok,0
marriages,prov-28,province,2003-01,670,marriages,ine,2003-01-31,,2026-07-26,ok,0
marriages,prov-28,province,2003-02,1028,marriages,ine,2003-02-28,,2026-07-26,ok,0
marriages,prov-28,province,2003-03,1881,marriages,ine,2003-03-31,,2026-07-26,ok,0
marriages,prov-28,province,2003-04,1796,marriages,ine,2003-04-30,,2026-07-26,ok,0
marriages,prov-28,province,2003-05,3608,marriages,ine,2003-05-31,,2026-07-26,ok,0
marriages,prov-28,province,2003-06,4166,marriages,ine,2003-06-30,,2026-07-26,ok,0
marriages,prov-28,province,2003-07,3983,marriages,ine,2003-07-31,,2026-07-26,ok,0
marriages,prov-28,province,2003-08,2259,marriages,ine,2003-08-31,,2026-07-26,ok,0
marriages,prov-28,province,2003-09,4395,marriages,ine,2003-09-30,,2026-07-26,ok,0
marriages,prov-28,province,2003-10,3242,marriages,ine,2003-10-31,,2026-07-26,ok,0
marriages,prov-28,province,2003-11,1655,marriages,ine,2003-11-30,,2026-07-26,ok,0
marriages,prov-28,province,2003-12,1052,marriages,ine,2003-12-31,,2026-07-26,ok,0
marriages,prov-28,province,2004-01,710,marriages,ine,2004-01-31,,2026-07-26,ok,0
marriages,prov-28,province,2004-02,1076,marriages,ine,2004-02-29,,2026-07-26,ok,0
marriages,prov-28,province,2004-03,1738,marriages,ine,2004-03-31,,2026-07-26,ok,0
marriages,prov-28,province,2004-04,1963,marriages,ine,2004-04-30,,2026-07-26,ok,0
marriages,prov-28,province,2004-05,3401,marriages,ine,2004-05-31,,2026-07-26,ok,0
marriages,prov-28,province,2004-06,4442,marriages,ine,2004-06-30,,2026-07-26,ok,0
marriages,prov-28,province,2004-07,4453,marriages,ine,2004-07-31,,2026-07-26,ok,0
marriages,prov-28,province,2004-08,1695,marriages,ine,2004-08-31,,2026-07-26,ok,0
marriages,prov-28,province,2004-09,4559,marriages,ine,2004-09-30,,2026-07-26,ok,0
marriages,prov-28,province,2004-10,3577,marriages,ine,2004-10-31,,2026-07-26,ok,0
marriages,prov-28,province,2004-11,1548,marriages,ine,2004-11-30,,2026-07-26,ok,0
marriages,prov-28,province,2004-12,1043,marriages,ine,2004-12-31,,2026-07-26,ok,0
marriages,prov-28,province,2005-01,698,marriages,ine,2005-01-31,,2026-07-26,ok,0
marriages,prov-28,province,2005-02,1084,marriages,ine,2005-02-28,,2026-07-26,ok,0
marriages,prov-28,province,2005-03,1303,marriages,ine,2005-03-31,,2026-07-26,ok,0
marriages,prov-28,province,2005-04,2603,marriages,ine,2005-04-30,,2026-07-26,ok,0
marriages,prov-28,province,2005-05,2938,marriages,ine,2005-05-31,,2026-07-26,ok,0
marriages,prov-28,province,2005-06,4165,marriages,ine,2005-06-30,,2026-07-26,ok,0
marriages,prov-28,province,2005-07,4263,marriages,ine,2005-07-31,,2026-07-26,ok,0
marriages,prov-28,province,2005-08,1603,marriages,ine,2005-08-31,,2026-07-26,ok,0
marriages,prov-28,province,2005-09,4269,marriages,ine,2005-09-30,,2026-07-26,ok,0
marriages,prov-28,province,2005-10,3046,marriages,ine,2005-10-31,,2026-07-26,ok,0
marriages,prov-28,province,2005-11,1461,marriages,ine,2005-11-30,,2026-07-26,ok,0
marriages,prov-28,province,2005-12,954,marriages,ine,2005-12-31,,2026-07-26,ok,0
marriages,prov-28,province,2006-01,714,marriages,ine,2006-01-31,,2026-07-26,ok,0
marriages,prov-28,province,2006-02,976,marriages,ine,2006-02-28,,2026-07-26,ok,0
marriages,prov-28,province,2006-03,1756,marriages,ine,2006-03-31,,2026-07-26,ok,0
marriages,prov-28,province,2006-04,2029,marriages,ine,2006-04-30,,2026-07-26,ok,0
marriages,prov-28,province,2006-05,2848,marriages,ine,2006-05-31,,2026-07-26,ok,0
marriages,prov-28,province,2006-06,4239,marriages,ine,2006-06-30,,2026-07-26,ok,0
marriages,prov-28,province,2006-07,3911,marriages,ine,2006-07-31,,2026-07-26,ok,0
marriages,prov-28,province,2006-08,1454,marriages,ine,2006-08-31,,2026-07-26,ok,0
marriages,prov-28,province,2006-09,4664,marriages,ine,2006-09-30,,2026-07-26,ok,0
marriages,prov-28,province,2006-10,2615,marriages,ine,2006-10-31,,2026-07-26,ok,0
marriages,prov-28,province,2006-11,1444,marriages,ine,2006-11-30,,2026-07-26,ok,0
marriages,prov-28,province,2006-12,1034,marriages,ine,2006-12-31,,2026-07-26,ok,0
marriages,prov-28,province,2007-01,766,marriages,ine,2007-01-31,,2026-07-26,ok,0
marriages,prov-28,province,2007-02,996,marriages,ine,2007-02-28,,2026-07-26,ok,0
marriages,prov-28,province,2007-03,1851,marriages,ine,2007-03-31,,2026-07-26,ok,0
marriages,prov-28,province,2007-04,1978,marriages,ine,2007-04-30,,2026-07-26,ok,0
marriages,prov-28,province,2007-05,2835,marriages,ine,2007-05-31,,2026-07-26,ok,0
marriages,prov-28,province,2007-06,4818,marriages,ine,2007-06-30,,2026-07-26,ok,0
marriages,prov-28,province,2007-07,3409,marriages,ine,2007-07-31,,2026-07-26,ok,0
marriages,prov-28,province,2007-08,1494,marriages,ine,2007-08-31,,2026-07-26,ok,0
marriages,prov-28,province,2007-09,4326,marriages,ine,2007-09-30,,2026-07-26,ok,0
marriages,prov-28,province,2007-10,2874,marriages,ine,2007-10-31,,2026-07-26,ok,0
marriages,prov-28,province,2007-11,1642,marriages,ine,2007-11-30,,2026-07-26,ok,0
marriages,prov-28,province,2007-12,1011,marriages,ine,2007-12-31,,2026-07-26,ok,0
marriages,prov-28,province,2008-01,770,marriages,ine,2008-01-31,,2026-07-26,ok,0
marriages,prov-28,province,2008-02,1128,marriages,ine,2008-02-29,,2026-07-26,ok,0
marriages,prov-28,province,2008-03,1320,marriages,ine,2008-03-31,,2026-07-26,ok,0
marriages,prov-28,province,2008-04,2098,marriages,ine,2008-04-30,,2026-07-26,ok,0
marriages,prov-28,province,2008-05,3120,marriages,ine,2008-05-31,,2026-07-26,ok,0
marriages,prov-28,province,2008-06,3972,marriages,ine,2008-06-30,,2026-07-26,ok,0
marriages,prov-28,province,2008-07,3248,marriages,ine,2008-07-31,,2026-07-26,ok,0
marriages,prov-28,province,2008-08,1880,marriages,ine,2008-08-31,,2026-07-26,ok,0
marriages,prov-28,province,2008-09,3730,marriages,ine,2008-09-30,,2026-07-26,ok,0
marriages,prov-28,province,2008-10,2736,marriages,ine,2008-10-31,,2026-07-26,ok,0
marriages,prov-28,province,2008-11,1560,marriages,ine,2008-11-30,,2026-07-26,ok,0
marriages,prov-28,province,2008-12,1021,marriages,ine,2008-12-31,,2026-07-26,ok,0
marriages,prov-28,province,2009-01,866,marriages,ine,2009-01-31,,2026-07-26,ok,0
marriages,prov-28,province,2009-02,1165,marriages,ine,2009-02-28,,2026-07-26,ok,0
marriages,prov-28,province,2009-03,1417,marriages,ine,2009-03-31,,2026-07-26,ok,0
marriages,prov-28,province,2009-04,1532,marriages,ine,2009-04-30,,2026-07-26,ok,0
marriages,prov-28,province,2009-05,2812,marriages,ine,2009-05-31,,2026-07-26,ok,0
marriages,prov-28,province,2009-06,3665,marriages,ine,2009-06-30,,2026-07-26,ok,0
marriages,prov-28,province,2009-07,3218,marriages,ine,2009-07-31,,2026-07-26,ok,0
marriages,prov-28,province,2009-08,1540,marriages,ine,2009-08-31,,2026-07-26,ok,0
marriages,prov-28,province,2009-09,3485,marriages,ine,2009-09-30,,2026-07-26,ok,0
marriages,prov-28,province,2009-10,2581,marriages,ine,2009-10-31,,2026-07-26,ok,0
marriages,prov-28,province,2009-11,1297,marriages,ine,2009-11-30,,2026-07-26,ok,0
marriages,prov-28,province,2009-12,927,marriages,ine,2009-12-31,,2026-07-26,ok,0
marriages,prov-28,province,2010-01,748,marriages,ine,2010-01-31,,2026-07-26,ok,0
marriages,prov-28,province,2010-02,979,marriages,ine,2010-02-28,,2026-07-26,ok,0
marriages,prov-28,province,2010-03,1366,marriages,ine,2010-03-31,,2026-07-26,ok,0
marriages,prov-28,province,2010-04,1733,marriages,ine,2010-04-30,,2026-07-26,ok,0
marriages,prov-28,province,2010-05,2536,marriages,ine,2010-05-31,,2026-07-26,ok,0
marriages,prov-28,province,2010-06,3612,marriages,ine,2010-06-30,,2026-07-26,ok,0
marriages,prov-28,province,2010-07,3666,marriages,ine,2010-07-31,,2026-07-26,ok,0
marriages,prov-28,province,2010-08,1318,marriages,ine,2010-08-31,,2026-07-26,ok,0
marriages,prov-28,province,2010-09,3539,marriages,ine,2010-09-30,,2026-07-26,ok,0
marriages,prov-28,province,2010-10,2717,marriages,ine,2010-10-31,,2026-07-26,ok,0
marriages,prov-28,province,2010-11,1427,marriages,ine,2010-11-30,,2026-07-26,ok,0
marriages,prov-28,province,2010-12,962,marriages,ine,2010-12-31,,2026-07-26,ok,0
marriages,prov-28,province,2011-01,902,marriages,ine,2011-01-31,,2026-07-26,ok,0
marriages,prov-28,province,2011-02,1032,marriages,ine,2011-02-28,,2026-07-26,ok,0
marriages,prov-28,province,2011-03,1372,marriages,ine,2011-03-31,,2026-07-26,ok,0
marriages,prov-28,province,2011-04,1815,marriages,ine,2011-04-30,,2026-07-26,ok,0
marriages,prov-28,province,2011-05,2411,marriages,ine,2011-05-31,,2026-07-26,ok,0
marriages,prov-28,province,2011-06,3424,marriages,ine,2011-06-30,,2026-07-26,ok,0
marriages,prov-28,province,2011-07,3698,marriages,ine,2011-07-31,,2026-07-26,ok,0
marriages,prov-28,province,2011-08,1261,marriages,ine,2011-08-31,,2026-07-26,ok,0
marriages,prov-28,province,2011-09,3611,marriages,ine,2011-09-30,,2026-07-26,ok,0
marriages,prov-28,province,2011-10,2460,marriages,ine,2011-10-31,,2026-07-26,ok,0
marriages,prov-28,province,2011-11,1344,marriages,ine,2011-11-30,,2026-07-26,ok,0
marriages,prov-28,province,2011-12,976,marriages,ine,2011-12-31,,2026-07-26,ok,0
marriages,prov-28,province,2012-01,743,marriages,ine,2012-01-31,,2026-07-26,ok,0
marriages,prov-28,province,2012-02,994,marriages,ine,2012-02-29,,2026-07-26,ok,0
marriages,prov-28,province,2012-03,1549,marriages,ine,2012-03-31,,2026-07-26,ok,0
marriages,prov-28,province,2012-04,1529,marriages,ine,2012-04-30,,2026-07-26,ok,0
marriages,prov-28,province,2012-05,2259,marriages,ine,2012-05-31,,2026-07-26,ok,0
marriages,prov-28,province,2012-06,4052,marriages,ine,2012-06-30,,2026-07-26,ok,0
marriages,prov-28,province,2012-07,3129,marriages,ine,2012-07-31,,2026-07-26,ok,0
marriages,prov-28,province,2012-08,1437,marriages,ine,2012-08-31,,2026-07-26,ok,0
marriages,prov-28,province,2012-09,3908,marriages,ine,2012-09-30,,2026-07-26,ok,0
marriages,prov-28,province,2012-10,2427,marriages,ine,2012-10-31,,2026-07-26,ok,0
marriages,prov-28,province,2012-11,1424,marriages,ine,2012-11-30,,2026-07-26,ok,0
marriages,prov-28,province,2012-12,1075,marriages,ine,2012-12-31,,2026-07-26,ok,0
marriages,prov-28,province,2013-01,823,marriages,ine,2013-01-31,,2026-07-26,ok,0
marriages,prov-28,province,2013-02,1033,marriages,ine,2013-02-28,,2026-07-26,ok,0
marriages,prov-28,province,2013-03,1261,marriages,ine,2013-03-31,,2026-07-26,ok,0
marriages,prov-28,province,2013-04,1778,marriages,ine,2013-04-30,,2026-07-26,ok,0
marriages,prov-28,province,2013-05,2165,marriages,ine,2013-05-31,,2026-07-26,ok,0
marriages,prov-28,province,2013-06,3913,marriages,ine,2013-06-30,,2026-07-26,ok,0
marriages,prov-28,province,2013-07,3043,marriages,ine,2013-07-31,,2026-07-26,ok,0
marriages,prov-28,province,2013-08,1796,marriages,ine,2013-08-31,,2026-07-26,ok,0
marriages,prov-28,province,2013-09,3434,marriages,ine,2013-09-30,,2026-07-26,ok,0
marriages,prov-28,province,2013-10,2247,marriages,ine,2013-10-31,,2026-07-26,ok,0
marriages,prov-28,province,2013-11,1404,marriages,ine,2013-11-30,,2026-07-26,ok,0
marriages,prov-28,province,2013-12,981,marriages,ine,2013-12-31,,2026-07-26,ok,0
marriages,prov-28,province,2014-01,753,marriages,ine,2014-01-31,,2026-07-26,ok,0
marriages,prov-28,province,2014-02,900,marriages,ine,2014-02-28,,2026-07-26,ok,0
marriages,prov-28,province,2014-03,1203,marriages,ine,2014-03-31,,2026-07-26,ok,0
marriages,prov-28,province,2014-04,1301,marriages,ine,2014-04-30,,2026-07-26,ok,0
marriages,prov-28,province,2014-05,2411,marriages,ine,2014-05-31,,2026-07-26,ok,0
marriages,prov-28,province,2014-06,3543,marriages,ine,2014-06-30,,2026-07-26,ok,0
marriages,prov-28,province,2014-07,3296,marriages,ine,2014-07-31,,2026-07-26,ok,0
marriages,prov-28,province,2014-08,1727,marriages,ine,2014-08-31,,2026-07-26,ok,0
marriages,prov-28,province,2014-09,3391,marriages,ine,2014-09-30,,2026-07-26,ok,0
marriages,prov-28,province,2014-10,2327,marriages,ine,2014-10-31,,2026-07-26,ok,0
marriages,prov-28,province,2014-11,1313,marriages,ine,2014-11-30,,2026-07-26,ok,0
marriages,prov-28,province,2014-12,1057,marriages,ine,2014-12-31,,2026-07-26,ok,0
marriages,prov-28,province,2015-01,803,marriages,ine,2015-01-31,,2026-07-26,ok,0
marriages,prov-28,province,2015-02,1027,marriages,ine,2015-02-28,,2026-07-26,ok,0
marriages,prov-28,province,2015-03,1236,marriages,ine,2015-03-31,,2026-07-26,ok,0
marriages,prov-28,province,2015-04,1636,marriages,ine,2015-04-30,,2026-07-26,ok,0
marriages,prov-28,province,2015-05,2514,marriages,ine,2015-05-31,,2026-07-26,ok,0
marriages,prov-28,province,2015-06,3493,marriages,ine,2015-06-30,,2026-07-26,ok,0
marriages,prov-28,province,2015-07,3435,marriages,ine,2015-07-31,,2026-07-26,ok,0
marriages,prov-28,province,2015-08,1698,marriages,ine,2015-08-31,,2026-07-26,ok,0
marriages,prov-28,province,2015-09,3689,marriages,ine,2015-09-30,,2026-07-26,ok,0
marriages,prov-28,province,2015-10,2685,marriages,ine,2015-10-31,,2026-07-26,ok,0
marriages,prov-28,province,2015-11,1480,marriages,ine,2015-11-30,,2026-07-26,ok,0
marriages,prov-28,province,2015-12,1152,marriages,ine,2015-12-31,,2026-07-26,ok,0
marriages,prov-28,province,2016-01,831,marriages,ine,2016-01-31,,2026-07-26,ok,0
marriages,prov-28,province,2016-02,971,marriages,ine,2016-02-29,,2026-07-26,ok,0
marriages,prov-28,province,2016-03,1061,marriages,ine,2016-03-31,,2026-07-26,ok,0
marriages,prov-28,province,2016-04,1981,marriages,ine,2016-04-30,,2026-07-26,ok,0
marriages,prov-28,province,2016-05,2294,marriages,ine,2016-05-31,,2026-07-26,ok,0
marriages,prov-28,province,2016-06,3763,marriages,ine,2016-06-30,,2026-07-26,ok,0
marriages,prov-28,province,2016-07,3829,marriages,ine,2016-07-31,,2026-07-26,ok,0
marriages,prov-28,province,2016-08,1439,marriages,ine,2016-08-31,,2026-07-26,ok,0
marriages,prov-28,province,2016-09,3851,marriages,ine,2016-09-30,,2026-07-26,ok,0
marriages,prov-28,province,2016-10,2564,marriages,ine,2016-10-31,,2026-07-26,ok,0
marriages,prov-28,province,2016-11,1506,marriages,ine,2016-11-30,,2026-07-26,ok,0
marriages,prov-28,province,2016-12,1125,marriages,ine,2016-12-31,,2026-07-26,ok,0
marriages,prov-28,province,2017-01,747,marriages,ine,2017-01-31,,2026-07-26,ok,0
marriages,prov-28,province,2017-02,987,marriages,ine,2017-02-28,,2026-07-26,ok,0
marriages,prov-28,province,2017-03,1398,marriages,ine,2017-03-31,,2026-07-26,ok,0
marriages,prov-28,province,2017-04,1663,marriages,ine,2017-04-30,,2026-07-26,ok,0
marriages,prov-28,province,2017-05,2289,marriages,ine,2017-05-31,,2026-07-26,ok,0
marriages,prov-28,province,2017-06,3917,marriages,ine,2017-06-30,,2026-07-26,ok,0
marriages,prov-28,province,2017-07,3582,marriages,ine,2017-07-31,,2026-07-26,ok,0
marriages,prov-28,province,2017-08,1259,marriages,ine,2017-08-31,,2026-07-26,ok,0
marriages,prov-28,province,2017-09,4144,marriages,ine,2017-09-30,,2026-07-26,ok,0
marriages,prov-28,province,2017-10,2399,marriages,ine,2017-10-31,,2026-07-26,ok,0
marriages,prov-28,province,2017-11,1480,marriages,ine,2017-11-30,,2026-07-26,ok,0
marriages,prov-28,province,2017-12,1174,marriages,ine,2017-12-31,,2026-07-26,ok,0
marriages,prov-28,province,2018-01,769,marriages,ine,2018-01-31,,2026-07-26,ok,0
marriages,prov-28,province,2018-02,912,marriages,ine,2018-02-28,,2026-07-26,ok,0
marriages,prov-28,province,2018-03,1218,marriages,ine,2018-03-31,,2026-07-26,ok,0
marriages,prov-28,province,2018-04,1800,marriages,ine,2018-04-30,,2026-07-26,ok,0
marriages,prov-28,province,2018-05,2113,marriages,ine,2018-05-31,,2026-07-26,ok,0
marriages,prov-28,province,2018-06,3918,marriages,ine,2018-06-30,,2026-07-26,ok,0
marriages,prov-28,province,2018-07,2951,marriages,ine,2018-07-31,,2026-07-26,ok,0
marriages,prov-28,province,2018-08,1314,marriages,ine,2018-08-31,,2026-07-26,ok,0
marriages,prov-28,province,2018-09,3687,marriages,ine,2018-09-30,,2026-07-26,ok,0
marriages,prov-28,province,2018-10,2489,marriages,ine,2018-10-31,,2026-07-26,ok,0
marriages,prov-28,province,2018-11,1503,marriages,ine,2018-11-30,,2026-07-26,ok,0
marriages,prov-28,province,2018-12,1123,marriages,ine,2018-12-31,,2026-07-26,ok,0
marriages,prov-28,province,2019-01,901,marriages,ine,2019-01-31,,2026-07-26,ok,0
marriages,prov-28,province,2019-02,1039,marriages,ine,2019-02-28,,2026-07-26,ok,0
marriages,prov-28,province,2019-03,1531,marriages,ine,2019-03-31,,2026-07-26,ok,0
marriages,prov-28,province,2019-04,1517,marriages,ine,2019-04-30,,2026-07-26,ok,0
marriages,prov-28,province,2019-05,2270,marriages,ine,2019-05-31,,2026-07-26,ok,0
marriages,prov-28,province,2019-06,3496,marriages,ine,2019-06-30,,2026-07-26,ok,0
marriages,prov-28,province,2019-07,2980,marriages,ine,2019-07-31,,2026-07-26,ok,0
marriages,prov-28,province,2019-08,1418,marriages,ine,2019-08-31,,2026-07-26,ok,0
marriages,prov-28,province,2019-09,3375,marriages,ine,2019-09-30,,2026-07-26,ok,0
marriages,prov-28,province,2019-10,2300,marriages,ine,2019-10-31,,2026-07-26,ok,0
marriages,prov-28,province,2019-11,1573,marriages,ine,2019-11-30,,2026-07-26,ok,0
marriages,prov-28,province,2019-12,1138,marriages,ine,2019-12-31,,2026-07-26,ok,0
marriages,prov-28,province,2020-01,823,marriages,ine,2020-01-31,,2026-07-26,ok,0
marriages,prov-28,province,2020-02,1111,marriages,ine,2020-02-29,,2026-07-26,ok,0
marriages,prov-28,province,2020-03,683,marriages,ine,2020-03-31,,2026-07-26,ok,0
marriages,prov-28,province,2020-04,47,marriages,ine,2020-04-30,,2026-07-26,ok,0
marriages,prov-28,province,2020-05,144,marriages,ine,2020-05-31,,2026-07-26,ok,0
marriages,prov-28,province,2020-06,976,marriages,ine,2020-06-30,,2026-07-26,ok,0
marriages,prov-28,province,2020-07,1859,marriages,ine,2020-07-31,,2026-07-26,ok,0
marriages,prov-28,province,2020-08,864,marriages,ine,2020-08-31,,2026-07-26,ok,0
marriages,prov-28,province,2020-09,2209,marriages,ine,2020-09-30,,2026-07-26,ok,0
marriages,prov-28,province,2020-10,1685,marriages,ine,2020-10-31,,2026-07-26,ok,0
marriages,prov-28,province,2020-11,1071,marriages,ine,2020-11-30,,2026-07-26,ok,0
marriages,prov-28,province,2020-12,922,marriages,ine,2020-12-31,,2026-07-26,ok,0
marriages,prov-28,province,2021-01,669,marriages,ine,2021-01-31,,2026-07-26,ok,0
marriages,prov-28,province,2021-02,733,marriages,ine,2021-02-28,,2026-07-26,ok,0
marriages,prov-28,province,2021-03,1050,marriages,ine,2021-03-31,,2026-07-26,ok,0
marriages,prov-28,province,2021-04,1210,marriages,ine,2021-04-30,,2026-07-26,ok,0
marriages,prov-28,province,2021-05,1972,marriages,ine,2021-05-31,,2026-07-26,ok,0
marriages,prov-28,province,2021-06,3160,marriages,ine,2021-06-30,,2026-07-26,ok,0
marriages,prov-28,province,2021-07,2907,marriages,ine,2021-07-31,,2026-07-26,ok,0
marriages,prov-28,province,2021-08,1183,marriages,ine,2021-08-31,,2026-07-26,ok,0
marriages,prov-28,province,2021-09,3107,marriages,ine,2021-09-30,,2026-07-26,ok,0
marriages,prov-28,province,2021-10,2544,marriages,ine,2021-10-31,,2026-07-26,ok,0
marriages,prov-28,province,2021-11,1617,marriages,ine,2021-11-30,,2026-07-26,ok,0
marriages,prov-28,province,2021-12,1264,marriages,ine,2021-12-31,,2026-07-26,ok,0
marriages,prov-28,province,2022-01,876,marriages,ine,2022-01-31,,2026-07-26,ok,0
marriages,prov-28,province,2022-02,1117,marriages,ine,2022-02-28,,2026-07-26,ok,0
marriages,prov-28,province,2022-03,1570,marriages,ine,2022-03-31,,2026-07-26,ok,0
marriages,prov-28,province,2022-04,1806,marriages,ine,2022-04-30,,2026-07-26,ok,0
marriages,prov-28,province,2022-05,2611,marriages,ine,2022-05-31,,2026-07-26,ok,0
marriages,prov-28,province,2022-06,3661,marriages,ine,2022-06-30,,2026-07-26,ok,0
marriages,prov-28,province,2022-07,3560,marriages,ine,2022-07-31,,2026-07-26,ok,0
marriages,prov-28,province,2022-08,1285,marriages,ine,2022-08-31,,2026-07-26,ok,0
marriages,prov-28,province,2022-09,3781,marriages,ine,2022-09-30,,2026-07-26,ok,0
marriages,prov-28,province,2022-10,2936,marriages,ine,2022-10-31,,2026-07-26,ok,0
marriages,prov-28,province,2022-11,1716,marriages,ine,2022-11-30,,2026-07-26,ok,0
marriages,prov-28,province,2022-12,1318,marriages,ine,2022-12-31,,2026-07-26,ok,0
marriages,prov-28,province,2023-01,981,marriages,ine,2023-01-31,,2026-07-26,ok,0
marriages,prov-28,province,2023-02,1238,marriages,ine,2023-02-28,,2026-07-26,ok,0
marriages,prov-28,province,2023-03,1694,marriages,ine,2023-03-31,,2026-07-26,ok,0
marriages,prov-28,province,2023-04,2012,marriages,ine,2023-04-30,,2026-07-26,ok,0
marriages,prov-28,province,2023-05,2675,marriages,ine,2023-05-31,,2026-07-26,ok,0
marriages,prov-28,province,2023-06,3770,marriages,ine,2023-06-30,,2026-07-26,ok,0
marriages,prov-28,province,2023-07,2962,marriages,ine,2023-07-31,,2026-07-26,ok,0
marriages,prov-28,province,2023-08,1072,marriages,ine,2023-08-31,,2026-07-26,ok,0
marriages,prov-28,province,2023-09,4183,marriages,ine,2023-09-30,,2026-07-26,ok,0
marriages,prov-28,province,2023-10,2809,marriages,ine,2023-10-31,,2026-07-26,ok,0
marriages,prov-28,province,2023-11,2005,marriages,ine,2023-11-30,,2026-07-26,ok,0
marriages,prov-28,province,2023-12,1487,marriages,ine,2023-12-31,,2026-07-26,ok,0
marriages,prov-28,province,2024-01,1015,marriages,ine,2024-01-31,,2026-07-26,ok,0
marriages,prov-28,province,2024-02,1407,marriages,ine,2024-02-29,,2026-07-26,ok,0
marriages,prov-28,province,2024-03,1643,marriages,ine,2024-03-31,,2026-07-26,ok,0
marriages,prov-28,province,2024-04,2370,marriages,ine,2024-04-30,,2026-07-26,ok,0
marriages,prov-28,province,2024-05,2954,marriages,ine,2024-05-31,,2026-07-26,ok,0
marriages,prov-28,province,2024-06,3957,marriages,ine,2024-06-30,,2026-07-26,ok,0
marriages,prov-28,province,2024-07,2839,marriages,ine,2024-07-31,,2026-07-26,ok,0
marriages,prov-28,province,2024-08,1190,marriages,ine,2024-08-31,,2026-07-26,ok,0
marriages,prov-28,province,2024-09,3657,marriages,ine,2024-09-30,,2026-07-26,ok,0
marriages,prov-28,province,2024-10,3131,marriages,ine,2024-10-31,,2026-07-26,ok,0
marriages,prov-28,province,2024-11,2149,marriages,ine,2024-11-30,,2026-07-26,ok,0
marriages,prov-28,province,2024-12,1505,marriages,ine,2024-12-31,,2026-07-26,ok,0
marriages,prov-29,province,1975-01,450,marriages,ine,1975-01-31,,2026-07-26,ok,0
marriages,prov-29,province,1975-02,396,marriages,ine,1975-02-28,,2026-07-26,ok,0
marriages,prov-29,province,1975-03,628,marriages,ine,1975-03-31,,2026-07-26,ok,0
marriages,prov-29,province,1975-04,538,marriages,ine,1975-04-30,,2026-07-26,ok,0
marriages,prov-29,province,1975-05,351,marriages,ine,1975-05-31,,2026-07-26,ok,0
marriages,prov-29,province,1975-06,544,marriages,ine,1975-06-30,,2026-07-26,ok,0
marriages,prov-29,province,1975-07,534,marriages,ine,1975-07-31,,2026-07-26,ok,0
marriages,prov-29,province,1975-08,696,marriages,ine,1975-08-31,,2026-07-26,ok,0
marriages,prov-29,province,1975-09,657,marriages,ine,1975-09-30,,2026-07-26,ok,0
marriages,prov-29,province,1975-10,678,marriages,ine,1975-10-31,,2026-07-26,ok,0
marriages,prov-29,province,1975-11,444,marriages,ine,1975-11-30,,2026-07-26,ok,0
marriages,prov-29,province,1975-12,1221,marriages,ine,1975-12-31,,2026-07-26,ok,0
marriages,prov-29,province,1976-01,401,marriages,ine,1976-01-31,,2026-07-26,ok,0
marriages,prov-29,province,1976-02,377,marriages,ine,1976-02-29,,2026-07-26,ok,0
marriages,prov-29,province,1976-03,465,marriages,ine,1976-03-31,,2026-07-26,ok,0
marriages,prov-29,province,1976-04,509,marriages,ine,1976-04-30,,2026-07-26,ok,0
marriages,prov-29,province,1976-05,378,marriages,ine,1976-05-31,,2026-07-26,ok,0
marriages,prov-29,province,1976-06,510,marriages,ine,1976-06-30,,2026-07-26,ok,0
marriages,prov-29,province,1976-07,485,marriages,ine,1976-07-31,,2026-07-26,ok,0
marriages,prov-29,province,1976-08,666,marriages,ine,1976-08-31,,2026-07-26,ok,0
marriages,prov-29,province,1976-09,597,marriages,ine,1976-09-30,,2026-07-26,ok,0
marriages,prov-29,province,1976-10,662,marriages,ine,1976-10-31,,2026-07-26,ok,0
marriages,prov-29,province,1976-11,328,marriages,ine,1976-11-30,,2026-07-26,ok,0
marriages,prov-29,province,1976-12,758,marriages,ine,1976-12-31,,2026-07-26,ok,0
marriages,prov-29,province,1977-01,564,marriages,ine,1977-01-31,,2026-07-26,ok,0
marriages,prov-29,province,1977-02,364,marriages,ine,1977-02-28,,2026-07-26,ok,0
marriages,prov-29,province,1977-03,555,marriages,ine,1977-03-31,,2026-07-26,ok,0
marriages,prov-29,province,1977-04,576,marriages,ine,1977-04-30,,2026-07-26,ok,0
marriages,prov-29,province,1977-05,341,marriages,ine,1977-05-31,,2026-07-26,ok,0
marriages,prov-29,province,1977-06,478,marriages,ine,1977-06-30,,2026-07-26,ok,0
marriages,prov-29,province,1977-07,606,marriages,ine,1977-07-31,,2026-07-26,ok,0
marriages,prov-29,province,1977-08,649,marriages,ine,1977-08-31,,2026-07-26,ok,0
marriages,prov-29,province,1977-09,653,marriages,ine,1977-09-30,,2026-07-26,ok,0
marriages,prov-29,province,1977-10,671,marriages,ine,1977-10-31,,2026-07-26,ok,0
marriages,prov-29,province,1977-11,359,marriages,ine,1977-11-30,,2026-07-26,ok,0
marriages,prov-29,province,1977-12,768,marriages,ine,1977-12-31,,2026-07-26,ok,0
marriages,prov-29,province,1978-01,481,marriages,ine,1978-01-31,,2026-07-26,ok,0
marriages,prov-29,province,1978-02,387,marriages,ine,1978-02-28,,2026-07-26,ok,0
marriages,prov-29,province,1978-03,520,marriages,ine,1978-03-31,,2026-07-26,ok,0
marriages,prov-29,province,1978-04,608,marriages,ine,1978-04-30,,2026-07-26,ok,0
marriages,prov-29,province,1978-05,304,marriages,ine,1978-05-31,,2026-07-26,ok,0
marriages,prov-29,province,1978-06,474,marriages,ine,1978-06-30,,2026-07-26,ok,0
marriages,prov-29,province,1978-07,622,marriages,ine,1978-07-31,,2026-07-26,ok,0
marriages,prov-29,province,1978-08,599,marriages,ine,1978-08-31,,2026-07-26,ok,0
marriages,prov-29,province,1978-09,625,marriages,ine,1978-09-30,,2026-07-26,ok,0
marriages,prov-29,province,1978-10,737,marriages,ine,1978-10-31,,2026-07-26,ok,0
marriages,prov-29,province,1978-11,382,marriages,ine,1978-11-30,,2026-07-26,ok,0
marriages,prov-29,province,1978-12,826,marriages,ine,1978-12-31,,2026-07-26,ok,0
marriages,prov-29,province,1979-01,485,marriages,ine,1979-01-31,,2026-07-26,ok,0
marriages,prov-29,province,1979-02,405,marriages,ine,1979-02-28,,2026-07-26,ok,0
marriages,prov-29,province,1979-03,564,marriages,ine,1979-03-31,,2026-07-26,ok,0
marriages,prov-29,province,1979-04,649,marriages,ine,1979-04-30,,2026-07-26,ok,0
marriages,prov-29,province,1979-05,284,marriages,ine,1979-05-31,,2026-07-26,ok,0
marriages,prov-29,province,1979-06,542,marriages,ine,1979-06-30,,2026-07-26,ok,0
marriages,prov-29,province,1979-07,535,marriages,ine,1979-07-31,,2026-07-26,ok,0
marriages,prov-29,province,1979-08,686,marriages,ine,1979-08-31,,2026-07-26,ok,0
marriages,prov-29,province,1979-09,698,marriages,ine,1979-09-30,,2026-07-26,ok,0
marriages,prov-29,province,1979-10,513,marriages,ine,1979-10-31,,2026-07-26,ok,0
marriages,prov-29,province,1979-11,313,marriages,ine,1979-11-30,,2026-07-26,ok,0
marriages,prov-29,province,1979-12,1027,marriages,ine,1979-12-31,,2026-07-26,ok,0
marriages,prov-29,province,1980-01,366,marriages,ine,1980-01-31,,2026-07-26,ok,0
marriages,prov-29,province,1980-02,299,marriages,ine,1980-02-29,,2026-07-26,ok,0
marriages,prov-29,province,1980-03,563,marriages,ine,1980-03-31,,2026-07-26,ok,0
marriages,prov-29,province,1980-04,539,marriages,ine,1980-04-30,,2026-07-26,ok,0
marriages,prov-29,province,1980-05,324,marriages,ine,1980-05-31,,2026-07-26,ok,0
marriages,prov-29,province,1980-06,578,marriages,ine,1980-06-30,,2026-07-26,ok,0
marriages,prov-29,province,1980-07,453,marriages,ine,1980-07-31,,2026-07-26,ok,0
marriages,prov-29,province,1980-08,763,marriages,ine,1980-08-31,,2026-07-26,ok,0
marriages,prov-29,province,1980-09,473,marriages,ine,1980-09-30,,2026-07-26,ok,0
marriages,prov-29,province,1980-10,657,marriages,ine,1980-10-31,,2026-07-26,ok,0
marriages,prov-29,province,1980-11,383,marriages,ine,1980-11-30,,2026-07-26,ok,0
marriages,prov-29,province,1980-12,665,marriages,ine,1980-12-31,,2026-07-26,ok,0
marriages,prov-29,province,1981-01,423,marriages,ine,1981-01-31,,2026-07-26,ok,0
marriages,prov-29,province,1981-02,348,marriages,ine,1981-02-28,,2026-07-26,ok,0
marriages,prov-29,province,1981-03,496,marriages,ine,1981-03-31,,2026-07-26,ok,0
marriages,prov-29,province,1981-04,474,marriages,ine,1981-04-30,,2026-07-26,ok,0
marriages,prov-29,province,1981-05,320,marriages,ine,1981-05-31,,2026-07-26,ok,0
marriages,prov-29,province,1981-06,475,marriages,ine,1981-06-30,,2026-07-26,ok,0
marriages,prov-29,province,1981-07,470,marriages,ine,1981-07-31,,2026-07-26,ok,0
marriages,prov-29,province,1981-08,722,marriages,ine,1981-08-31,,2026-07-26,ok,0
marriages,prov-29,province,1981-09,511,marriages,ine,1981-09-30,,2026-07-26,ok,0
marriages,prov-29,province,1981-10,648,marriages,ine,1981-10-31,,2026-07-26,ok,0
marriages,prov-29,province,1981-11,334,marriages,ine,1981-11-30,,2026-07-26,ok,0
marriages,prov-29,province,1981-12,683,marriages,ine,1981-12-31,,2026-07-26,ok,0
marriages,prov-29,province,1982-01,411,marriages,ine,1982-01-31,,2026-07-26,ok,0
marriages,prov-29,province,1982-02,328,marriages,ine,1982-02-28,,2026-07-26,ok,0
marriages,prov-29,province,1982-03,461,marriages,ine,1982-03-31,,2026-07-26,ok,0
marriages,prov-29,province,1982-04,513,marriages,ine,1982-04-30,,2026-07-26,ok,0
marriages,prov-29,province,1982-05,368,marriages,ine,1982-05-31,,2026-07-26,ok,0
marriages,prov-29,province,1982-06,432,marriages,ine,1982-06-30,,2026-07-26,ok,0
marriages,prov-29,province,1982-07,510,marriages,ine,1982-07-31,,2026-07-26,ok,0
marriages,prov-29,province,1982-08,667,marriages,ine,1982-08-31,,2026-07-26,ok,0
marriages,prov-29,province,1982-09,552,marriages,ine,1982-09-30,,2026-07-26,ok,0
marriages,prov-29,province,1982-10,585,marriages,ine,1982-10-31,,2026-07-26,ok,0
marriages,prov-29,province,1982-11,339,marriages,ine,1982-11-30,,2026-07-26,ok,0
marriages,prov-29,province,1982-12,703,marriages,ine,1982-12-31,,2026-07-26,ok,0
marriages,prov-29,province,1983-01,408,marriages,ine,1983-01-31,,2026-07-26,ok,0
marriages,prov-29,province,1983-02,302,marriages,ine,1983-02-28,,2026-07-26,ok,0
marriages,prov-29,province,1983-03,490,marriages,ine,1983-03-31,,2026-07-26,ok,0
marriages,prov-29,province,1983-04,557,marriages,ine,1983-04-30,,2026-07-26,ok,0
marriages,prov-29,province,1983-05,329,marriages,ine,1983-05-31,,2026-07-26,ok,0
marriages,prov-29,province,1983-06,455,marriages,ine,1983-06-30,,2026-07-26,ok,0
marriages,prov-29,province,1983-07,567,marriages,ine,1983-07-31,,2026-07-26,ok,0
marriages,prov-29,province,1983-08,619,marriages,ine,1983-08-31,,2026-07-26,ok,0
marriages,prov-29,province,1983-09,560,marriages,ine,1983-09-30,,2026-07-26,ok,0
marriages,prov-29,province,1983-10,619,marriages,ine,1983-10-31,,2026-07-26,ok,0
marriages,prov-29,province,1983-11,343,marriages,ine,1983-11-30,,2026-07-26,ok,0
marriages,prov-29,province,1983-12,641,marriages,ine,1983-12-31,,2026-07-26,ok,0
marriages,prov-29,province,1984-01,392,marriages,ine,1984-01-31,,2026-07-26,ok,0
marriages,prov-29,province,1984-02,334,marriages,ine,1984-02-29,,2026-07-26,ok,0
marriages,prov-29,province,1984-03,486,marriages,ine,1984-03-31,,2026-07-26,ok,0
marriages,prov-29,province,1984-04,552,marriages,ine,1984-04-30,,2026-07-26,ok,0
marriages,prov-29,province,1984-05,299,marriages,ine,1984-05-31,,2026-07-26,ok,0
marriages,prov-29,province,1984-06,518,marriages,ine,1984-06-30,,2026-07-26,ok,0
marriages,prov-29,province,1984-07,500,marriages,ine,1984-07-31,,2026-07-26,ok,0
marriages,prov-29,province,1984-08,606,marriages,ine,1984-08-31,,2026-07-26,ok,0
marriages,prov-29,province,1984-09,660,marriages,ine,1984-09-30,,2026-07-26,ok,0
marriages,prov-29,province,1984-10,598,marriages,ine,1984-10-31,,2026-07-26,ok,0
marriages,prov-29,province,1984-11,330,marriages,ine,1984-11-30,,2026-07-26,ok,0
marriages,prov-29,province,1984-12,731,marriages,ine,1984-12-31,,2026-07-26,ok,0
marriages,prov-29,province,1985-01,368,marriages,ine,1985-01-31,,2026-07-26,ok,0
marriages,prov-29,province,1985-02,277,marriages,ine,1985-02-28,,2026-07-26,ok,0
marriages,prov-29,province,1985-03,565,marriages,ine,1985-03-31,,2026-07-26,ok,0
marriages,prov-29,province,1985-04,493,marriages,ine,1985-04-30,,2026-07-26,ok,0
marriages,prov-29,province,1985-05,310,marriages,ine,1985-05-31,,2026-07-26,ok,0
marriages,prov-29,province,1985-06,558,marriages,ine,1985-06-30,,2026-07-26,ok,0
marriages,prov-29,province,1985-07,528,marriages,ine,1985-07-31,,2026-07-26,ok,0
marriages,prov-29,province,1985-08,662,marriages,ine,1985-08-31,,2026-07-26,ok,0
marriages,prov-29,province,1985-09,668,marriages,ine,1985-09-30,,2026-07-26,ok,0
marriages,prov-29,province,1985-10,651,marriages,ine,1985-10-31,,2026-07-26,ok,0
marriages,prov-29,province,1985-11,321,marriages,ine,1985-11-30,,2026-07-26,ok,0
marriages,prov-29,province,1985-12,568,marriages,ine,1985-12-31,,2026-07-26,ok,0
marriages,prov-29,province,1986-01,423,marriages,ine,1986-01-31,,2026-07-26,ok,0
marriages,prov-29,province,1986-02,296,marriages,ine,1986-02-28,,2026-07-26,ok,0
marriages,prov-29,province,1986-03,455,marriages,ine,1986-03-31,,2026-07-26,ok,0
marriages,prov-29,province,1986-04,559,marriages,ine,1986-04-30,,2026-07-26,ok,0
marriages,prov-29,province,1986-05,344,marriages,ine,1986-05-31,,2026-07-26,ok,0
marriages,prov-29,province,1986-06,509,marriages,ine,1986-06-30,,2026-07-26,ok,0
marriages,prov-29,province,1986-07,534,marriages,ine,1986-07-31,,2026-07-26,ok,0
marriages,prov-29,province,1986-08,742,marriages,ine,1986-08-31,,2026-07-26,ok,0
marriages,prov-29,province,1986-09,735,marriages,ine,1986-09-30,,2026-07-26,ok,0
marriages,prov-29,province,1986-10,631,marriages,ine,1986-10-31,,2026-07-26,ok,0
marriages,prov-29,province,1986-11,398,marriages,ine,1986-11-30,,2026-07-26,ok,0
marriages,prov-29,province,1986-12,710,marriages,ine,1986-12-31,,2026-07-26,ok,0
marriages,prov-29,province,1987-01,345,marriages,ine,1987-01-31,,2026-07-26,ok,0
marriages,prov-29,province,1987-02,375,marriages,ine,1987-02-28,,2026-07-26,ok,0
marriages,prov-29,province,1987-03,470,marriages,ine,1987-03-31,,2026-07-26,ok,0
marriages,prov-29,province,1987-04,595,marriages,ine,1987-04-30,,2026-07-26,ok,0
marriages,prov-29,province,1987-05,355,marriages,ine,1987-05-31,,2026-07-26,ok,0
marriages,prov-29,province,1987-06,554,marriages,ine,1987-06-30,,2026-07-26,ok,0
marriages,prov-29,province,1987-07,562,marriages,ine,1987-07-31,,2026-07-26,ok,0
marriages,prov-29,province,1987-08,726,marriages,ine,1987-08-31,,2026-07-26,ok,0
marriages,prov-29,province,1987-09,747,marriages,ine,1987-09-30,,2026-07-26,ok,0
marriages,prov-29,province,1987-10,760,marriages,ine,1987-10-31,,2026-07-26,ok,0
marriages,prov-29,province,1987-11,390,marriages,ine,1987-11-30,,2026-07-26,ok,0
marriages,prov-29,province,1987-12,825,marriages,ine,1987-12-31,,2026-07-26,ok,0
marriages,prov-29,province,1988-01,361,marriages,ine,1988-01-31,,2026-07-26,ok,0
marriages,prov-29,province,1988-02,332,marriages,ine,1988-02-29,,2026-07-26,ok,0
marriages,prov-29,province,1988-03,455,marriages,ine,1988-03-31,,2026-07-26,ok,0
marriages,prov-29,province,1988-04,576,marriages,ine,1988-04-30,,2026-07-26,ok,0
marriages,prov-29,province,1988-05,265,marriages,ine,1988-05-31,,2026-07-26,ok,0
marriages,prov-29,province,1988-06,537,marriages,ine,1988-06-30,,2026-07-26,ok,0
marriages,prov-29,province,1988-07,713,marriages,ine,1988-07-31,,2026-07-26,ok,0
marriages,prov-29,province,1988-08,696,marriages,ine,1988-08-31,,2026-07-26,ok,0
marriages,prov-29,province,1988-09,807,marriages,ine,1988-09-30,,2026-07-26,ok,0
marriages,prov-29,province,1988-10,776,marriages,ine,1988-10-31,,2026-07-26,ok,0
marriages,prov-29,province,1988-11,335,marriages,ine,1988-11-30,,2026-07-26,ok,0
marriages,prov-29,province,1988-12,616,marriages,ine,1988-12-31,,2026-07-26,ok,0
marriages,prov-29,province,1989-01,391,marriages,ine,1989-01-31,,2026-07-26,ok,0
marriages,prov-29,province,1989-02,318,marriages,ine,1989-02-28,,2026-07-26,ok,0
marriages,prov-29,province,1989-03,494,marriages,ine,1989-03-31,,2026-07-26,ok,0
marriages,prov-29,province,1989-04,724,marriages,ine,1989-04-30,,2026-07-26,ok,0
marriages,prov-29,province,1989-05,304,marriages,ine,1989-05-31,,2026-07-26,ok,0
marriages,prov-29,province,1989-06,559,marriages,ine,1989-06-30,,2026-07-26,ok,0
marriages,prov-29,province,1989-07,643,marriages,ine,1989-07-31,,2026-07-26,ok,0
marriages,prov-29,province,1989-08,668,marriages,ine,1989-08-31,,2026-07-26,ok,0
marriages,prov-29,province,1989-09,991,marriages,ine,1989-09-30,,2026-07-26,ok,0
marriages,prov-29,province,1989-10,733,marriages,ine,1989-10-31,,2026-07-26,ok,0
marriages,prov-29,province,1989-11,352,marriages,ine,1989-11-30,,2026-07-26,ok,0
marriages,prov-29,province,1989-12,636,marriages,ine,1989-12-31,,2026-07-26,ok,0
marriages,prov-29,province,1990-01,359,marriages,ine,1990-01-31,,2026-07-26,ok,0
marriages,prov-29,province,1990-02,306,marriages,ine,1990-02-28,,2026-07-26,ok,0
marriages,prov-29,province,1990-03,538,marriages,ine,1990-03-31,,2026-07-26,ok,0
marriages,prov-29,province,1990-04,576,marriages,ine,1990-04-30,,2026-07-26,ok,0
marriages,prov-29,province,1990-05,330,marriages,ine,1990-05-31,,2026-07-26,ok,0
marriages,prov-29,province,1990-06,734,marriages,ine,1990-06-30,,2026-07-26,ok,0
marriages,prov-29,province,1990-07,584,marriages,ine,1990-07-31,,2026-07-26,ok,0
marriages,prov-29,province,1990-08,700,marriages,ine,1990-08-31,,2026-07-26,ok,0
marriages,prov-29,province,1990-09,1004,marriages,ine,1990-09-30,,2026-07-26,ok,0
marriages,prov-29,province,1990-10,771,marriages,ine,1990-10-31,,2026-07-26,ok,0
marriages,prov-29,province,1990-11,394,marriages,ine,1990-11-30,,2026-07-26,ok,0
marriages,prov-29,province,1990-12,690,marriages,ine,1990-12-31,,2026-07-26,ok,0
marriages,prov-29,province,1991-01,302,marriages,ine,1991-01-31,,2026-07-26,ok,0
marriages,prov-29,province,1991-02,345,marriages,ine,1991-02-28,,2026-07-26,ok,0
marriages,prov-29,province,1991-03,413,marriages,ine,1991-03-31,,2026-07-26,ok,0
marriages,prov-29,province,1991-04,619,marriages,ine,1991-04-30,,2026-07-26,ok,0
marriages,prov-29,province,1991-05,369,marriages,ine,1991-05-31,,2026-07-26,ok,0
marriages,prov-29,province,1991-06,724,marriages,ine,1991-06-30,,2026-07-26,ok,0
marriages,prov-29,province,1991-07,583,marriages,ine,1991-07-31,,2026-07-26,ok,0
marriages,prov-29,province,1991-08,751,marriages,ine,1991-08-31,,2026-07-26,ok,0
marriages,prov-29,province,1991-09,935,marriages,ine,1991-09-30,,2026-07-26,ok,0
marriages,prov-29,province,1991-10,780,marriages,ine,1991-10-31,,2026-07-26,ok,0
marriages,prov-29,province,1991-11,380,marriages,ine,1991-11-30,,2026-07-26,ok,0
marriages,prov-29,province,1991-12,700,marriages,ine,1991-12-31,,2026-07-26,ok,0
marriages,prov-29,province,1992-01,282,marriages,ine,1992-01-31,,2026-07-26,ok,0
marriages,prov-29,province,1992-02,324,marriages,ine,1992-02-29,,2026-07-26,ok,0
marriages,prov-29,province,1992-03,421,marriages,ine,1992-03-31,,2026-07-26,ok,0
marriages,prov-29,province,1992-04,526,marriages,ine,1992-04-30,,2026-07-26,ok,0
marriages,prov-29,province,1992-05,365,marriages,ine,1992-05-31,,2026-07-26,ok,0
marriages,prov-29,province,1992-06,656,marriages,ine,1992-06-30,,2026-07-26,ok,0
marriages,prov-29,province,1992-07,591,marriages,ine,1992-07-31,,2026-07-26,ok,0
marriages,prov-29,province,1992-08,766,marriages,ine,1992-08-31,,2026-07-26,ok,0
marriages,prov-29,province,1992-09,907,marriages,ine,1992-09-30,,2026-07-26,ok,0
marriages,prov-29,province,1992-10,751,marriages,ine,1992-10-31,,2026-07-26,ok,0
marriages,prov-29,province,1992-11,288,marriages,ine,1992-11-30,,2026-07-26,ok,0
marriages,prov-29,province,1992-12,524,marriages,ine,1992-12-31,,2026-07-26,ok,0
marriages,prov-29,province,1993-01,268,marriages,ine,1993-01-31,,2026-07-26,ok,0
marriages,prov-29,province,1993-02,283,marriages,ine,1993-02-28,,2026-07-26,ok,0
marriages,prov-29,province,1993-03,376,marriages,ine,1993-03-31,,2026-07-26,ok,0
marriages,prov-29,province,1993-04,507,marriages,ine,1993-04-30,,2026-07-26,ok,0
marriages,prov-29,province,1993-05,351,marriages,ine,1993-05-31,,2026-07-26,ok,0
marriages,prov-29,province,1993-06,626,marriages,ine,1993-06-30,,2026-07-26,ok,0
marriages,prov-29,province,1993-07,628,marriages,ine,1993-07-31,,2026-07-26,ok,0
marriages,prov-29,province,1993-08,638,marriages,ine,1993-08-31,,2026-07-26,ok,0
marriages,prov-29,province,1993-09,897,marriages,ine,1993-09-30,,2026-07-26,ok,0
marriages,prov-29,province,1993-10,763,marriages,ine,1993-10-31,,2026-07-26,ok,0
marriages,prov-29,province,1993-11,268,marriages,ine,1993-11-30,,2026-07-26,ok,0
marriages,prov-29,province,1993-12,526,marriages,ine,1993-12-31,,2026-07-26,ok,0
marriages,prov-29,province,1994-01,251,marriages,ine,1994-01-31,,2026-07-26,ok,0
marriages,prov-29,province,1994-02,280,marriages,ine,1994-02-28,,2026-07-26,ok,0
marriages,prov-29,province,1994-03,404,marriages,ine,1994-03-31,,2026-07-26,ok,0
marriages,prov-29,province,1994-04,497,marriages,ine,1994-04-30,,2026-07-26,ok,0
marriages,prov-29,province,1994-05,269,marriages,ine,1994-05-31,,2026-07-26,ok,0
marriages,prov-29,province,1994-06,622,marriages,ine,1994-06-30,,2026-07-26,ok,0
marriages,prov-29,province,1994-07,702,marriages,ine,1994-07-31,,2026-07-26,ok,0
marriages,prov-29,province,1994-08,674,marriages,ine,1994-08-31,,2026-07-26,ok,0
marriages,prov-29,province,1994-09,891,marriages,ine,1994-09-30,,2026-07-26,ok,0
marriages,prov-29,province,1994-10,727,marriages,ine,1994-10-31,,2026-07-26,ok,0
marriages,prov-29,province,1994-11,292,marriages,ine,1994-11-30,,2026-07-26,ok,0
marriages,prov-29,province,1994-12,494,marriages,ine,1994-12-31,,2026-07-26,ok,0
marriages,prov-29,province,1995-01,288,marriages,ine,1995-01-31,,2026-07-26,ok,0
marriages,prov-29,province,1995-02,250,marriages,ine,1995-02-28,,2026-07-26,ok,0
marriages,prov-29,province,1995-03,380,marriages,ine,1995-03-31,,2026-07-26,ok,0
marriages,prov-29,province,1995-04,589,marriages,ine,1995-04-30,,2026-07-26,ok,0
marriages,prov-29,province,1995-05,286,marriages,ine,1995-05-31,,2026-07-26,ok,0
marriages,prov-29,province,1995-06,663,marriages,ine,1995-06-30,,2026-07-26,ok,0
marriages,prov-29,province,1995-07,658,marriages,ine,1995-07-31,,2026-07-26,ok,0
marriages,prov-29,province,1995-08,591,marriages,ine,1995-08-31,,2026-07-26,ok,0
marriages,prov-29,province,1995-09,1050,marriages,ine,1995-09-30,,2026-07-26,ok,0
marriages,prov-29,province,1995-10,742,marriages,ine,1995-10-31,,2026-07-26,ok,0
marriages,prov-29,province,1995-11,342,marriages,ine,1995-11-30,,2026-07-26,ok,0
marriages,prov-29,province,1995-12,606,marriages,ine,1995-12-31,,2026-07-26,ok,0
marriages,prov-29,province,1996-01,204,marriages,ine,1996-01-31,,2026-07-26,ok,0
marriages,prov-29,province,1996-02,238,marriages,ine,1996-02-29,,2026-07-26,ok,0
marriages,prov-29,province,1996-03,438,marriages,ine,1996-03-31,,2026-07-26,ok,0
marriages,prov-29,province,1996-04,440,marriages,ine,1996-04-30,,2026-07-26,ok,0
marriages,prov-29,province,1996-05,262,marriages,ine,1996-05-31,,2026-07-26,ok,0
marriages,prov-29,province,1996-06,620,marriages,ine,1996-06-30,,2026-07-26,ok,0
marriages,prov-29,province,1996-07,541,marriages,ine,1996-07-31,,2026-07-26,ok,0
marriages,prov-29,province,1996-08,666,marriages,ine,1996-08-31,,2026-07-26,ok,0
marriages,prov-29,province,1996-09,960,marriages,ine,1996-09-30,,2026-07-26,ok,0
marriages,prov-29,province,1996-10,735,marriages,ine,1996-10-31,,2026-07-26,ok,0
marriages,prov-29,province,1996-11,334,marriages,ine,1996-11-30,,2026-07-26,ok,0
marriages,prov-29,province,1996-12,396,marriages,ine,1996-12-31,,2026-07-26,ok,0
marriages,prov-29,province,1997-01,181,marriages,ine,1997-01-31,,2026-07-26,ok,0
marriages,prov-29,province,1997-02,217,marriages,ine,1997-02-28,,2026-07-26,ok,0
marriages,prov-29,province,1997-03,365,marriages,ine,1997-03-31,,2026-07-26,ok,0
marriages,prov-29,province,1997-04,543,marriages,ine,1997-04-30,,2026-07-26,ok,0
marriages,prov-29,province,1997-05,329,marriages,ine,1997-05-31,,2026-07-26,ok,0
marriages,prov-29,province,1997-06,655,marriages,ine,1997-06-30,,2026-07-26,ok,0
marriages,prov-29,province,1997-07,551,marriages,ine,1997-07-31,,2026-07-26,ok,0
marriages,prov-29,province,1997-08,730,marriages,ine,1997-08-31,,2026-07-26,ok,0
marriages,prov-29,province,1997-09,952,marriages,ine,1997-09-30,,2026-07-26,ok,0
marriages,prov-29,province,1997-10,810,marriages,ine,1997-10-31,,2026-07-26,ok,0
marriages,prov-29,province,1997-11,321,marriages,ine,1997-11-30,,2026-07-26,ok,0
marriages,prov-29,province,1997-12,386,marriages,ine,1997-12-31,,2026-07-26,ok,0
marriages,prov-29,province,1998-01,211,marriages,ine,1998-01-31,,2026-07-26,ok,0
marriages,prov-29,province,1998-02,261,marriages,ine,1998-02-28,,2026-07-26,ok,0
marriages,prov-29,province,1998-03,404,marriages,ine,1998-03-31,,2026-07-26,ok,0
marriages,prov-29,province,1998-04,491,marriages,ine,1998-04-30,,2026-07-26,ok,0
marriages,prov-29,province,1998-05,348,marriages,ine,1998-05-31,,2026-07-26,ok,0
marriages,prov-29,province,1998-06,669,marriages,ine,1998-06-30,,2026-07-26,ok,0
marriages,prov-29,province,1998-07,627,marriages,ine,1998-07-31,,2026-07-26,ok,0
marriages,prov-29,province,1998-08,751,marriages,ine,1998-08-31,,2026-07-26,ok,0
marriages,prov-29,province,1998-09,1003,marriages,ine,1998-09-30,,2026-07-26,ok,0
marriages,prov-29,province,1998-10,939,marriages,ine,1998-10-31,,2026-07-26,ok,0
marriages,prov-29,province,1998-11,343,marriages,ine,1998-11-30,,2026-07-26,ok,0
marriages,prov-29,province,1998-12,464,marriages,ine,1998-12-31,,2026-07-26,ok,0
marriages,prov-29,province,1999-01,177,marriages,ine,1999-01-31,,2026-07-26,ok,0
marriages,prov-29,province,1999-02,271,marriages,ine,1999-02-28,,2026-07-26,ok,0
marriages,prov-29,province,1999-03,373,marriages,ine,1999-03-31,,2026-07-26,ok,0
marriages,prov-29,province,1999-04,549,marriages,ine,1999-04-30,,2026-07-26,ok,0
marriages,prov-29,province,1999-05,412,marriages,ine,1999-05-31,,2026-07-26,ok,0
marriages,prov-29,province,1999-06,735,marriages,ine,1999-06-30,,2026-07-26,ok,0
marriages,prov-29,province,1999-07,737,marriages,ine,1999-07-31,,2026-07-26,ok,0
marriages,prov-29,province,1999-08,663,marriages,ine,1999-08-31,,2026-07-26,ok,0
marriages,prov-29,province,1999-09,1066,marriages,ine,1999-09-30,,2026-07-26,ok,0
marriages,prov-29,province,1999-10,1029,marriages,ine,1999-10-31,,2026-07-26,ok,0
marriages,prov-29,province,1999-11,377,marriages,ine,1999-11-30,,2026-07-26,ok,0
marriages,prov-29,province,1999-12,452,marriages,ine,1999-12-31,,2026-07-26,ok,0
marriages,prov-29,province,2000-01,175,marriages,ine,2000-01-31,,2026-07-26,ok,0
marriages,prov-29,province,2000-02,234,marriages,ine,2000-02-29,,2026-07-26,ok,0
marriages,prov-29,province,2000-03,419,marriages,ine,2000-03-31,,2026-07-26,ok,0
marriages,prov-29,province,2000-04,639,marriages,ine,2000-04-30,,2026-07-26,ok,0
marriages,prov-29,province,2000-05,412,marriages,ine,2000-05-31,,2026-07-26,ok,0
marriages,prov-29,province,2000-06,798,marriages,ine,2000-06-30,,2026-07-26,ok,0
marriages,prov-29,province,2000-07,737,marriages,ine,2000-07-31,,2026-07-26,ok,0
marriages,prov-29,province,2000-08,653,marriages,ine,2000-08-31,,2026-07-26,ok,0
marriages,prov-29,province,2000-09,1197,marriages,ine,2000-09-30,,2026-07-26,ok,0
marriages,prov-29,province,2000-10,924,marriages,ine,2000-10-31,,2026-07-26,ok,0
marriages,prov-29,province,2000-11,376,marriages,ine,2000-11-30,,2026-07-26,ok,0
marriages,prov-29,province,2000-12,433,marriages,ine,2000-12-31,,2026-07-26,ok,0
marriages,prov-29,province,2001-01,156,marriages,ine,2001-01-31,,2026-07-26,ok,0
marriages,prov-29,province,2001-02,235,marriages,ine,2001-02-28,,2026-07-26,ok,0
marriages,prov-29,province,2001-03,520,marriages,ine,2001-03-31,,2026-07-26,ok,0
marriages,prov-29,province,2001-04,555,marriages,ine,2001-04-30,,2026-07-26,ok,0
marriages,prov-29,province,2001-05,443,marriages,ine,2001-05-31,,2026-07-26,ok,0
marriages,prov-29,province,2001-06,962,marriages,ine,2001-06-30,,2026-07-26,ok,0
marriages,prov-29,province,2001-07,684,marriages,ine,2001-07-31,,2026-07-26,ok,0
marriages,prov-29,province,2001-08,666,marriages,ine,2001-08-31,,2026-07-26,ok,0
marriages,prov-29,province,2001-09,1287,marriages,ine,2001-09-30,,2026-07-26,ok,0
marriages,prov-29,province,2001-10,933,marriages,ine,2001-10-31,,2026-07-26,ok,0
marriages,prov-29,province,2001-11,442,marriages,ine,2001-11-30,,2026-07-26,ok,0
marriages,prov-29,province,2001-12,423,marriages,ine,2001-12-31,,2026-07-26,ok,0
marriages,prov-29,province,2002-01,150,marriages,ine,2002-01-31,,2026-07-26,ok,0
marriages,prov-29,province,2002-02,213,marriages,ine,2002-02-28,,2026-07-26,ok,0
marriages,prov-29,province,2002-03,380,marriages,ine,2002-03-31,,2026-07-26,ok,0
marriages,prov-29,province,2002-04,633,marriages,ine,2002-04-30,,2026-07-26,ok,0
marriages,prov-29,province,2002-05,443,marriages,ine,2002-05-31,,2026-07-26,ok,0
marriages,prov-29,province,2002-06,974,marriages,ine,2002-06-30,,2026-07-26,ok,0
marriages,prov-29,province,2002-07,689,marriages,ine,2002-07-31,,2026-07-26,ok,0
marriages,prov-29,province,2002-08,831,marriages,ine,2002-08-31,,2026-07-26,ok,0
marriages,prov-29,province,2002-09,1176,marriages,ine,2002-09-30,,2026-07-26,ok,0
marriages,prov-29,province,2002-10,915,marriages,ine,2002-10-31,,2026-07-26,ok,0
marriages,prov-29,province,2002-11,418,marriages,ine,2002-11-30,,2026-07-26,ok,0
marriages,prov-29,province,2002-12,424,marriages,ine,2002-12-31,,2026-07-26,ok,0
marriages,prov-29,province,2003-01,164,marriages,ine,2003-01-31,,2026-07-26,ok,0
marriages,prov-29,province,2003-02,251,marriages,ine,2003-02-28,,2026-07-26,ok,0
marriages,prov-29,province,2003-03,481,marriages,ine,2003-03-31,,2026-07-26,ok,0
marriages,prov-29,province,2003-04,479,marriages,ine,2003-04-30,,2026-07-26,ok,0
marriages,prov-29,province,2003-05,598,marriages,ine,2003-05-31,,2026-07-26,ok,0
marriages,prov-29,province,2003-06,879,marriages,ine,2003-06-30,,2026-07-26,ok,0
marriages,prov-29,province,2003-07,800,marriages,ine,2003-07-31,,2026-07-26,ok,0
marriages,prov-29,province,2003-08,857,marriages,ine,2003-08-31,,2026-07-26,ok,0
marriages,prov-29,province,2003-09,1146,marriages,ine,2003-09-30,,2026-07-26,ok,0
marriages,prov-29,province,2003-10,1005,marriages,ine,2003-10-31,,2026-07-26,ok,0
marriages,prov-29,province,2003-11,435,marriages,ine,2003-11-30,,2026-07-26,ok,0
marriages,prov-29,province,2003-12,446,marriages,ine,2003-12-31,,2026-07-26,ok,0
marriages,prov-29,province,2004-01,201,marriages,ine,2004-01-31,,2026-07-26,ok,0
marriages,prov-29,province,2004-02,272,marriages,ine,2004-02-29,,2026-07-26,ok,0
marriages,prov-29,province,2004-03,461,marriages,ine,2004-03-31,,2026-07-26,ok,0
marriages,prov-29,province,2004-04,548,marriages,ine,2004-04-30,,2026-07-26,ok,0
marriages,prov-29,province,2004-05,630,marriages,ine,2004-05-31,,2026-07-26,ok,0
marriages,prov-29,province,2004-06,925,marriages,ine,2004-06-30,,2026-07-26,ok,0
marriages,prov-29,province,2004-07,902,marriages,ine,2004-07-31,,2026-07-26,ok,0
marriages,prov-29,province,2004-08,733,marriages,ine,2004-08-31,,2026-07-26,ok,0
marriages,prov-29,province,2004-09,1190,marriages,ine,2004-09-30,,2026-07-26,ok,0
marriages,prov-29,province,2004-10,997,marriages,ine,2004-10-31,,2026-07-26,ok,0
marriages,prov-29,province,2004-11,389,marriages,ine,2004-11-30,,2026-07-26,ok,0
marriages,prov-29,province,2004-12,400,marriages,ine,2004-12-31,,2026-07-26,ok,0
marriages,prov-29,province,2005-01,184,marriages,ine,2005-01-31,,2026-07-26,ok,0
marriages,prov-29,province,2005-02,275,marriages,ine,2005-02-28,,2026-07-26,ok,0
marriages,prov-29,province,2005-03,335,marriages,ine,2005-03-31,,2026-07-26,ok,0
marriages,prov-29,province,2005-04,655,marriages,ine,2005-04-30,,2026-07-26,ok,0
marriages,prov-29,province,2005-05,584,marriages,ine,2005-05-31,,2026-07-26,ok,0
marriages,prov-29,province,2005-06,968,marriages,ine,2005-06-30,,2026-07-26,ok,0
marriages,prov-29,province,2005-07,950,marriages,ine,2005-07-31,,2026-07-26,ok,0
marriages,prov-29,province,2005-08,688,marriages,ine,2005-08-31,,2026-07-26,ok,0
marriages,prov-29,province,2005-09,1214,marriages,ine,2005-09-30,,2026-07-26,ok,0
marriages,prov-29,province,2005-10,886,marriages,ine,2005-10-31,,2026-07-26,ok,0
marriages,prov-29,province,2005-11,367,marriages,ine,2005-11-30,,2026-07-26,ok,0
marriages,prov-29,province,2005-12,243,marriages,ine,2005-12-31,,2026-07-26,ok,0
marriages,prov-29,province,2006-01,184,marriages,ine,2006-01-31,,2026-07-26,ok,0
marriages,prov-29,province,2006-02,255,marriages,ine,2006-02-28,,2026-07-26,ok,0
marriages,prov-29,province,2006-03,416,marriages,ine,2006-03-31,,2026-07-26,ok,0
marriages,prov-29,province,2006-04,606,marriages,ine,2006-04-30,,2026-07-26,ok,0
marriages,prov-29,province,2006-05,590,marriages,ine,2006-05-31,,2026-07-26,ok,0
marriages,prov-29,province,2006-06,1024,marriages,ine,2006-06-30,,2026-07-26,ok,0
marriages,prov-29,province,2006-07,930,marriages,ine,2006-07-31,,2026-07-26,ok,0
marriages,prov-29,province,2006-08,650,marriages,ine,2006-08-31,,2026-07-26,ok,0
marriages,prov-29,province,2006-09,1307,marriages,ine,2006-09-30,,2026-07-26,ok,0
marriages,prov-29,province,2006-10,809,marriages,ine,2006-10-31,,2026-07-26,ok,0
marriages,prov-29,province,2006-11,396,marriages,ine,2006-11-30,,2026-07-26,ok,0
marriages,prov-29,province,2006-12,296,marriages,ine,2006-12-31,,2026-07-26,ok,0
marriages,prov-29,province,2007-01,194,marriages,ine,2007-01-31,,2026-07-26,ok,0
marriages,prov-29,province,2007-02,246,marriages,ine,2007-02-28,,2026-07-26,ok,0
marriages,prov-29,province,2007-03,459,marriages,ine,2007-03-31,,2026-07-26,ok,0
marriages,prov-29,province,2007-04,553,marriages,ine,2007-04-30,,2026-07-26,ok,0
marriages,prov-29,province,2007-05,583,marriages,ine,2007-05-31,,2026-07-26,ok,0
marriages,prov-29,province,2007-06,1068,marriages,ine,2007-06-30,,2026-07-26,ok,0
marriages,prov-29,province,2007-07,800,marriages,ine,2007-07-31,,2026-07-26,ok,0
marriages,prov-29,province,2007-08,638,marriages,ine,2007-08-31,,2026-07-26,ok,0
marriages,prov-29,province,2007-09,1207,marriages,ine,2007-09-30,,2026-07-26,ok,0
marriages,prov-29,province,2007-10,795,marriages,ine,2007-10-31,,2026-07-26,ok,0
marriages,prov-29,province,2007-11,429,marriages,ine,2007-11-30,,2026-07-26,ok,0
marriages,prov-29,province,2007-12,266,marriages,ine,2007-12-31,,2026-07-26,ok,0
marriages,prov-29,province,2008-01,223,marriages,ine,2008-01-31,,2026-07-26,ok,0
marriages,prov-29,province,2008-02,259,marriages,ine,2008-02-29,,2026-07-26,ok,0
marriages,prov-29,province,2008-03,348,marriages,ine,2008-03-31,,2026-07-26,ok,0
marriages,prov-29,province,2008-04,597,marriages,ine,2008-04-30,,2026-07-26,ok,0
marriages,prov-29,province,2008-05,685,marriages,ine,2008-05-31,,2026-07-26,ok,0
marriages,prov-29,province,2008-06,914,marriages,ine,2008-06-30,,2026-07-26,ok,0
marriages,prov-29,province,2008-07,749,marriages,ine,2008-07-31,,2026-07-26,ok,0
marriages,prov-29,province,2008-08,766,marriages,ine,2008-08-31,,2026-07-26,ok,0
marriages,prov-29,province,2008-09,1008,marriages,ine,2008-09-30,,2026-07-26,ok,0
marriages,prov-29,province,2008-10,816,marriages,ine,2008-10-31,,2026-07-26,ok,0
marriages,prov-29,province,2008-11,347,marriages,ine,2008-11-30,,2026-07-26,ok,0
marriages,prov-29,province,2008-12,282,marriages,ine,2008-12-31,,2026-07-26,ok,0
marriages,prov-29,province,2009-01,192,marriages,ine,2009-01-31,,2026-07-26,ok,0
marriages,prov-29,province,2009-02,236,marriages,ine,2009-02-28,,2026-07-26,ok,0
marriages,prov-29,province,2009-03,330,marriages,ine,2009-03-31,,2026-07-26,ok,0
marriages,prov-29,province,2009-04,377,marriages,ine,2009-04-30,,2026-07-26,ok,0
marriages,prov-29,province,2009-05,583,marriages,ine,2009-05-31,,2026-07-26,ok,0
marriages,prov-29,province,2009-06,774,marriages,ine,2009-06-30,,2026-07-26,ok,0
marriages,prov-29,province,2009-07,689,marriages,ine,2009-07-31,,2026-07-26,ok,0
marriages,prov-29,province,2009-08,575,marriages,ine,2009-08-31,,2026-07-26,ok,0
marriages,prov-29,province,2009-09,891,marriages,ine,2009-09-30,,2026-07-26,ok,0
marriages,prov-29,province,2009-10,684,marriages,ine,2009-10-31,,2026-07-26,ok,0
marriages,prov-29,province,2009-11,293,marriages,ine,2009-11-30,,2026-07-26,ok,0
marriages,prov-29,province,2009-12,244,marriages,ine,2009-12-31,,2026-07-26,ok,0
marriages,prov-29,province,2010-01,192,marriages,ine,2010-01-31,,2026-07-26,ok,0
marriages,prov-29,province,2010-02,224,marriages,ine,2010-02-28,,2026-07-26,ok,0
marriages,prov-29,province,2010-03,294,marriages,ine,2010-03-31,,2026-07-26,ok,0
marriages,prov-29,province,2010-04,402,marriages,ine,2010-04-30,,2026-07-26,ok,0
marriages,prov-29,province,2010-05,481,marriages,ine,2010-05-31,,2026-07-26,ok,0
marriages,prov-29,province,2010-06,776,marriages,ine,2010-06-30,,2026-07-26,ok,0
marriages,prov-29,province,2010-07,731,marriages,ine,2010-07-31,,2026-07-26,ok,0
marriages,prov-29,province,2010-08,484,marriages,ine,2010-08-31,,2026-07-26,ok,0
marriages,prov-29,province,2010-09,844,marriages,ine,2010-09-30,,2026-07-26,ok,0
marriages,prov-29,province,2010-10,689,marriages,ine,2010-10-31,,2026-07-26,ok,0
marriages,prov-29,province,2010-11,246,marriages,ine,2010-11-30,,2026-07-26,ok,0
marriages,prov-29,province,2010-12,228,marriages,ine,2010-12-31,,2026-07-26,ok,0
marriages,prov-29,province,2011-01,173,marriages,ine,2011-01-31,,2026-07-26,ok,0
marriages,prov-29,province,2011-02,214,marriages,ine,2011-02-28,,2026-07-26,ok,0
marriages,prov-29,province,2011-03,243,marriages,ine,2011-03-31,,2026-07-26,ok,0
marriages,prov-29,province,2011-04,354,marriages,ine,2011-04-30,,2026-07-26,ok,0
marriages,prov-29,province,2011-05,384,marriages,ine,2011-05-31,,2026-07-26,ok,0
marriages,prov-29,province,2011-06,678,marriages,ine,2011-06-30,,2026-07-26,ok,0
marriages,prov-29,province,2011-07,714,marriages,ine,2011-07-31,,2026-07-26,ok,0
marriages,prov-29,province,2011-08,447,marriages,ine,2011-08-31,,2026-07-26,ok,0
marriages,prov-29,province,2011-09,890,marriages,ine,2011-09-30,,2026-07-26,ok,0
marriages,prov-29,province,2011-10,564,marriages,ine,2011-10-31,,2026-07-26,ok,0
marriages,prov-29,province,2011-11,269,marriages,ine,2011-11-30,,2026-07-26,ok,0
marriages,prov-29,province,2011-12,226,marriages,ine,2011-12-31,,2026-07-26,ok,0
marriages,prov-29,province,2012-01,142,marriages,ine,2012-01-31,,2026-07-26,ok,0
marriages,prov-29,province,2012-02,204,marriages,ine,2012-02-29,,2026-07-26,ok,0
marriages,prov-29,province,2012-03,286,marriages,ine,2012-03-31,,2026-07-26,ok,0
marriages,prov-29,province,2012-04,302,marriages,ine,2012-04-30,,2026-07-26,ok,0
marriages,prov-29,province,2012-05,405,marriages,ine,2012-05-31,,2026-07-26,ok,0
marriages,prov-29,province,2012-06,847,marriages,ine,2012-06-30,,2026-07-26,ok,0
marriages,prov-29,province,2012-07,621,marriages,ine,2012-07-31,,2026-07-26,ok,0
marriages,prov-29,province,2012-08,490,marriages,ine,2012-08-31,,2026-07-26,ok,0
marriages,prov-29,province,2012-09,942,marriages,ine,2012-09-30,,2026-07-26,ok,0
marriages,prov-29,province,2012-10,559,marriages,ine,2012-10-31,,2026-07-26,ok,0
marriages,prov-29,province,2012-11,297,marriages,ine,2012-11-30,,2026-07-26,ok,0
marriages,prov-29,province,2012-12,260,marriages,ine,2012-12-31,,2026-07-26,ok,0
marriages,prov-29,province,2013-01,167,marriages,ine,2013-01-31,,2026-07-26,ok,0
marriages,prov-29,province,2013-02,197,marriages,ine,2013-02-28,,2026-07-26,ok,0
marriages,prov-29,province,2013-03,234,marriages,ine,2013-03-31,,2026-07-26,ok,0
marriages,prov-29,province,2013-04,368,marriages,ine,2013-04-30,,2026-07-26,ok,0
marriages,prov-29,province,2013-05,375,marriages,ine,2013-05-31,,2026-07-26,ok,0
marriages,prov-29,province,2013-06,745,marriages,ine,2013-06-30,,2026-07-26,ok,0
marriages,prov-29,province,2013-07,581,marriages,ine,2013-07-31,,2026-07-26,ok,0
marriages,prov-29,province,2013-08,507,marriages,ine,2013-08-31,,2026-07-26,ok,0
marriages,prov-29,province,2013-09,788,marriages,ine,2013-09-30,,2026-07-26,ok,0
marriages,prov-29,province,2013-10,545,marriages,ine,2013-10-31,,2026-07-26,ok,0
marriages,prov-29,province,2013-11,299,marriages,ine,2013-11-30,,2026-07-26,ok,0
marriages,prov-29,province,2013-12,230,marriages,ine,2013-12-31,,2026-07-26,ok,0
marriages,prov-29,province,2014-01,179,marriages,ine,2014-01-31,,2026-07-26,ok,0
marriages,prov-29,province,2014-02,189,marriages,ine,2014-02-28,,2026-07-26,ok,0
marriages,prov-29,province,2014-03,283,marriages,ine,2014-03-31,,2026-07-26,ok,0
marriages,prov-29,province,2014-04,284,marriages,ine,2014-04-30,,2026-07-26,ok,0
marriages,prov-29,province,2014-05,467,marriages,ine,2014-05-31,,2026-07-26,ok,0
marriages,prov-29,province,2014-06,774,marriages,ine,2014-06-30,,2026-07-26,ok,0
marriages,prov-29,province,2014-07,689,marriages,ine,2014-07-31,,2026-07-26,ok,0
marriages,prov-29,province,2014-08,569,marriages,ine,2014-08-31,,2026-07-26,ok,0
marriages,prov-29,province,2014-09,824,marriages,ine,2014-09-30,,2026-07-26,ok,0
marriages,prov-29,province,2014-10,614,marriages,ine,2014-10-31,,2026-07-26,ok,0
marriages,prov-29,province,2014-11,279,marriages,ine,2014-11-30,,2026-07-26,ok,0
marriages,prov-29,province,2014-12,241,marriages,ine,2014-12-31,,2026-07-26,ok,0
marriages,prov-29,province,2015-01,191,marriages,ine,2015-01-31,,2026-07-26,ok,0
marriages,prov-29,province,2015-02,223,marriages,ine,2015-02-28,,2026-07-26,ok,0
marriages,prov-29,province,2015-03,291,marriages,ine,2015-03-31,,2026-07-26,ok,0
marriages,prov-29,province,2015-04,321,marriages,ine,2015-04-30,,2026-07-26,ok,0
marriages,prov-29,province,2015-05,444,marriages,ine,2015-05-31,,2026-07-26,ok,0
marriages,prov-29,province,2015-06,698,marriages,ine,2015-06-30,,2026-07-26,ok,0
marriages,prov-29,province,2015-07,772,marriages,ine,2015-07-31,,2026-07-26,ok,0
marriages,prov-29,province,2015-08,486,marriages,ine,2015-08-31,,2026-07-26,ok,0
marriages,prov-29,province,2015-09,857,marriages,ine,2015-09-30,,2026-07-26,ok,0
marriages,prov-29,province,2015-10,686,marriages,ine,2015-10-31,,2026-07-26,ok,0
marriages,prov-29,province,2015-11,327,marriages,ine,2015-11-30,,2026-07-26,ok,0
marriages,prov-29,province,2015-12,255,marriages,ine,2015-12-31,,2026-07-26,ok,0
marriages,prov-29,province,2016-01,179,marriages,ine,2016-01-31,,2026-07-26,ok,0
marriages,prov-29,province,2016-02,236,marriages,ine,2016-02-29,,2026-07-26,ok,0
marriages,prov-29,province,2016-03,249,marriages,ine,2016-03-31,,2026-07-26,ok,0
marriages,prov-29,province,2016-04,415,marriages,ine,2016-04-30,,2026-07-26,ok,0
marriages,prov-29,province,2016-05,406,marriages,ine,2016-05-31,,2026-07-26,ok,0
marriages,prov-29,province,2016-06,744,marriages,ine,2016-06-30,,2026-07-26,ok,0
marriages,prov-29,province,2016-07,774,marriages,ine,2016-07-31,,2026-07-26,ok,0
marriages,prov-29,province,2016-08,480,marriages,ine,2016-08-31,,2026-07-26,ok,0
marriages,prov-29,province,2016-09,856,marriages,ine,2016-09-30,,2026-07-26,ok,0
marriages,prov-29,province,2016-10,627,marriages,ine,2016-10-31,,2026-07-26,ok,0
marriages,prov-29,province,2016-11,344,marriages,ine,2016-11-30,,2026-07-26,ok,0
marriages,prov-29,province,2016-12,244,marriages,ine,2016-12-31,,2026-07-26,ok,0
marriages,prov-29,province,2017-01,148,marriages,ine,2017-01-31,,2026-07-26,ok,0
marriages,prov-29,province,2017-02,254,marriages,ine,2017-02-28,,2026-07-26,ok,0
marriages,prov-29,province,2017-03,346,marriages,ine,2017-03-31,,2026-07-26,ok,0
marriages,prov-29,province,2017-04,373,marriages,ine,2017-04-30,,2026-07-26,ok,0
marriages,prov-29,province,2017-05,438,marriages,ine,2017-05-31,,2026-07-26,ok,0
marriages,prov-29,province,2017-06,791,marriages,ine,2017-06-30,,2026-07-26,ok,0
marriages,prov-29,province,2017-07,746,marriages,ine,2017-07-31,,2026-07-26,ok,0
marriages,prov-29,province,2017-08,462,marriages,ine,2017-08-31,,2026-07-26,ok,0
marriages,prov-29,province,2017-09,955,marriages,ine,2017-09-30,,2026-07-26,ok,0
marriages,prov-29,province,2017-10,572,marriages,ine,2017-10-31,,2026-07-26,ok,0
marriages,prov-29,province,2017-11,345,marriages,ine,2017-11-30,,2026-07-26,ok,0
marriages,prov-29,province,2017-12,290,marriages,ine,2017-12-31,,2026-07-26,ok,0
marriages,prov-29,province,2018-01,164,marriages,ine,2018-01-31,,2026-07-26,ok,0
marriages,prov-29,province,2018-02,250,marriages,ine,2018-02-28,,2026-07-26,ok,0
marriages,prov-29,province,2018-03,277,marriages,ine,2018-03-31,,2026-07-26,ok,0
marriages,prov-29,province,2018-04,359,marriages,ine,2018-04-30,,2026-07-26,ok,0
marriages,prov-29,province,2018-05,394,marriages,ine,2018-05-31,,2026-07-26,ok,0
marriages,prov-29,province,2018-06,783,marriages,ine,2018-06-30,,2026-07-26,ok,0
marriages,prov-29,province,2018-07,588,marriages,ine,2018-07-31,,2026-07-26,ok,0
marriages,prov-29,province,2018-08,493,marriages,ine,2018-08-31,,2026-07-26,ok,0
marriages,prov-29,province,2018-09,909,marriages,ine,2018-09-30,,2026-07-26,ok,0
marriages,prov-29,province,2018-10,584,marriages,ine,2018-10-31,,2026-07-26,ok,0
marriages,prov-29,province,2018-11,346,marriages,ine,2018-11-30,,2026-07-26,ok,0
marriages,prov-29,province,2018-12,299,marriages,ine,2018-12-31,,2026-07-26,ok,0
marriages,prov-29,province,2019-01,186,marriages,ine,2019-01-31,,2026-07-26,ok,0
marriages,prov-29,province,2019-02,212,marriages,ine,2019-02-28,,2026-07-26,ok,0
marriages,prov-29,province,2019-03,339,marriages,ine,2019-03-31,,2026-07-26,ok,0
marriages,prov-29,province,2019-04,337,marriages,ine,2019-04-30,,2026-07-26,ok,0
marriages,prov-29,province,2019-05,459,marriages,ine,2019-05-31,,2026-07-26,ok,0
marriages,prov-29,province,2019-06,738,marriages,ine,2019-06-30,,2026-07-26,ok,0
marriages,prov-29,province,2019-07,616,marriages,ine,2019-07-31,,2026-07-26,ok,0
marriages,prov-29,province,2019-08,523,marriages,ine,2019-08-31,,2026-07-26,ok,0
marriages,prov-29,province,2019-09,854,marriages,ine,2019-09-30,,2026-07-26,ok,0
marriages,prov-29,province,2019-10,610,marriages,ine,2019-10-31,,2026-07-26,ok,0
marriages,prov-29,province,2019-11,391,marriages,ine,2019-11-30,,2026-07-26,ok,0
marriages,prov-29,province,2019-12,272,marriages,ine,2019-12-31,,2026-07-26,ok,0
marriages,prov-29,province,2020-01,221,marriages,ine,2020-01-31,,2026-07-26,ok,0
marriages,prov-29,province,2020-02,298,marriages,ine,2020-02-29,,2026-07-26,ok,0
marriages,prov-29,province,2020-03,153,marriages,ine,2020-03-31,,2026-07-26,ok,0
marriages,prov-29,province,2020-04,9,marriages,ine,2020-04-30,,2026-07-26,ok,0
marriages,prov-29,province,2020-05,41,marriages,ine,2020-05-31,,2026-07-26,ok,0
marriages,prov-29,province,2020-06,284,marriages,ine,2020-06-30,,2026-07-26,ok,0
marriages,prov-29,province,2020-07,392,marriages,ine,2020-07-31,,2026-07-26,ok,0
marriages,prov-29,province,2020-08,267,marriages,ine,2020-08-31,,2026-07-26,ok,0
marriages,prov-29,province,2020-09,456,marriages,ine,2020-09-30,,2026-07-26,ok,0
marriages,prov-29,province,2020-10,416,marriages,ine,2020-10-31,,2026-07-26,ok,0
marriages,prov-29,province,2020-11,272,marriages,ine,2020-11-30,,2026-07-26,ok,0
marriages,prov-29,province,2020-12,246,marriages,ine,2020-12-31,,2026-07-26,ok,0
marriages,prov-29,province,2021-01,193,marriages,ine,2021-01-31,,2026-07-26,ok,0
marriages,prov-29,province,2021-02,242,marriages,ine,2021-02-28,,2026-07-26,ok,0
marriages,prov-29,province,2021-03,275,marriages,ine,2021-03-31,,2026-07-26,ok,0
marriages,prov-29,province,2021-04,286,marriages,ine,2021-04-30,,2026-07-26,ok,0
marriages,prov-29,province,2021-05,417,marriages,ine,2021-05-31,,2026-07-26,ok,0
marriages,prov-29,province,2021-06,609,marriages,ine,2021-06-30,,2026-07-26,ok,0
marriages,prov-29,province,2021-07,630,marriages,ine,2021-07-31,,2026-07-26,ok,0
marriages,prov-29,province,2021-08,333,marriages,ine,2021-08-31,,2026-07-26,ok,0
marriages,prov-29,province,2021-09,708,marriages,ine,2021-09-30,,2026-07-26,ok,0
marriages,prov-29,province,2021-10,598,marriages,ine,2021-10-31,,2026-07-26,ok,0
marriages,prov-29,province,2021-11,345,marriages,ine,2021-11-30,,2026-07-26,ok,0
marriages,prov-29,province,2021-12,344,marriages,ine,2021-12-31,,2026-07-26,ok,0
marriages,prov-29,province,2022-01,218,marriages,ine,2022-01-31,,2026-07-26,ok,0
marriages,prov-29,province,2022-02,353,marriages,ine,2022-02-28,,2026-07-26,ok,0
marriages,prov-29,province,2022-03,390,marriages,ine,2022-03-31,,2026-07-26,ok,0
marriages,prov-29,province,2022-04,440,marriages,ine,2022-04-30,,2026-07-26,ok,0
marriages,prov-29,province,2022-05,566,marriages,ine,2022-05-31,,2026-07-26,ok,0
marriages,prov-29,province,2022-06,790,marriages,ine,2022-06-30,,2026-07-26,ok,0
marriages,prov-29,province,2022-07,787,marriages,ine,2022-07-31,,2026-07-26,ok,0
marriages,prov-29,province,2022-08,442,marriages,ine,2022-08-31,,2026-07-26,ok,0
marriages,prov-29,province,2022-09,918,marriages,ine,2022-09-30,,2026-07-26,ok,0
marriages,prov-29,province,2022-10,753,marriages,ine,2022-10-31,,2026-07-26,ok,0
marriages,prov-29,province,2022-11,440,marriages,ine,2022-11-30,,2026-07-26,ok,0
marriages,prov-29,province,2022-12,347,marriages,ine,2022-12-31,,2026-07-26,ok,0
marriages,prov-29,province,2023-01,202,marriages,ine,2023-01-31,,2026-07-26,ok,0
marriages,prov-29,province,2023-02,266,marriages,ine,2023-02-28,,2026-07-26,ok,0
marriages,prov-29,province,2023-03,371,marriages,ine,2023-03-31,,2026-07-26,ok,0
marriages,prov-29,province,2023-04,377,marriages,ine,2023-04-30,,2026-07-26,ok,0
marriages,prov-29,province,2023-05,541,marriages,ine,2023-05-31,,2026-07-26,ok,0
marriages,prov-29,province,2023-06,750,marriages,ine,2023-06-30,,2026-07-26,ok,0
marriages,prov-29,province,2023-07,563,marriages,ine,2023-07-31,,2026-07-26,ok,0
marriages,prov-29,province,2023-08,336,marriages,ine,2023-08-31,,2026-07-26,ok,0
marriages,prov-29,province,2023-09,861,marriages,ine,2023-09-30,,2026-07-26,ok,0
marriages,prov-29,province,2023-10,632,marriages,ine,2023-10-31,,2026-07-26,ok,0
marriages,prov-29,province,2023-11,417,marriages,ine,2023-11-30,,2026-07-26,ok,0
marriages,prov-29,province,2023-12,335,marriages,ine,2023-12-31,,2026-07-26,ok,0
marriages,prov-29,province,2024-01,248,marriages,ine,2024-01-31,,2026-07-26,ok,0
marriages,prov-29,province,2024-02,313,marriages,ine,2024-02-29,,2026-07-26,ok,0
marriages,prov-29,province,2024-03,303,marriages,ine,2024-03-31,,2026-07-26,ok,0
marriages,prov-29,province,2024-04,487,marriages,ine,2024-04-30,,2026-07-26,ok,0
marriages,prov-29,province,2024-05,574,marriages,ine,2024-05-31,,2026-07-26,ok,0
marriages,prov-29,province,2024-06,667,marriages,ine,2024-06-30,,2026-07-26,ok,0
marriages,prov-29,province,2024-07,568,marriages,ine,2024-07-31,,2026-07-26,ok,0
marriages,prov-29,province,2024-08,348,marriages,ine,2024-08-31,,2026-07-26,ok,0
marriages,prov-29,province,2024-09,777,marriages,ine,2024-09-30,,2026-07-26,ok,0
marriages,prov-29,province,2024-10,681,marriages,ine,2024-10-31,,2026-07-26,ok,0
marriages,prov-29,province,2024-11,496,marriages,ine,2024-11-30,,2026-07-26,ok,0
marriages,prov-29,province,2024-12,308,marriages,ine,2024-12-31,,2026-07-26,ok,0
marriages,prov-41,province,1975-01,643,marriages,ine,1975-01-31,,2026-07-26,ok,0
marriages,prov-41,province,1975-02,569,marriages,ine,1975-02-28,,2026-07-26,ok,0
marriages,prov-41,province,1975-03,1098,marriages,ine,1975-03-31,,2026-07-26,ok,0
marriages,prov-41,province,1975-04,710,marriages,ine,1975-04-30,,2026-07-26,ok,0
marriages,prov-41,province,1975-05,865,marriages,ine,1975-05-31,,2026-07-26,ok,0
marriages,prov-41,province,1975-06,761,marriages,ine,1975-06-30,,2026-07-26,ok,0
marriages,prov-41,province,1975-07,966,marriages,ine,1975-07-31,,2026-07-26,ok,0
marriages,prov-41,province,1975-08,1112,marriages,ine,1975-08-31,,2026-07-26,ok,0
marriages,prov-41,province,1975-09,873,marriages,ine,1975-09-30,,2026-07-26,ok,0
marriages,prov-41,province,1975-10,971,marriages,ine,1975-10-31,,2026-07-26,ok,0
marriages,prov-41,province,1975-11,539,marriages,ine,1975-11-30,,2026-07-26,ok,0
marriages,prov-41,province,1975-12,1281,marriages,ine,1975-12-31,,2026-07-26,ok,0
marriages,prov-41,province,1976-01,712,marriages,ine,1976-01-31,,2026-07-26,ok,0
marriages,prov-41,province,1976-02,606,marriages,ine,1976-02-29,,2026-07-26,ok,0
marriages,prov-41,province,1976-03,906,marriages,ine,1976-03-31,,2026-07-26,ok,0
marriages,prov-41,province,1976-04,815,marriages,ine,1976-04-30,,2026-07-26,ok,0
marriages,prov-41,province,1976-05,908,marriages,ine,1976-05-31,,2026-07-26,ok,0
marriages,prov-41,province,1976-06,758,marriages,ine,1976-06-30,,2026-07-26,ok,0
marriages,prov-41,province,1976-07,859,marriages,ine,1976-07-31,,2026-07-26,ok,0
marriages,prov-41,province,1976-08,1205,marriages,ine,1976-08-31,,2026-07-26,ok,0
marriages,prov-41,province,1976-09,1020,marriages,ine,1976-09-30,,2026-07-26,ok,0
marriages,prov-41,province,1976-10,1055,marriages,ine,1976-10-31,,2026-07-26,ok,0
marriages,prov-41,province,1976-11,463,marriages,ine,1976-11-30,,2026-07-26,ok,0
marriages,prov-41,province,1976-12,1214,marriages,ine,1976-12-31,,2026-07-26,ok,0
marriages,prov-41,province,1977-01,807,marriages,ine,1977-01-31,,2026-07-26,ok,0
marriages,prov-41,province,1977-02,528,marriages,ine,1977-02-28,,2026-07-26,ok,0
marriages,prov-41,province,1977-03,987,marriages,ine,1977-03-31,,2026-07-26,ok,0
marriages,prov-41,province,1977-04,865,marriages,ine,1977-04-30,,2026-07-26,ok,0
marriages,prov-41,province,1977-05,912,marriages,ine,1977-05-31,,2026-07-26,ok,0
marriages,prov-41,province,1977-06,856,marriages,ine,1977-06-30,,2026-07-26,ok,0
marriages,prov-41,province,1977-07,1210,marriages,ine,1977-07-31,,2026-07-26,ok,0
marriages,prov-41,province,1977-08,1114,marriages,ine,1977-08-31,,2026-07-26,ok,0
marriages,prov-41,province,1977-09,949,marriages,ine,1977-09-30,,2026-07-26,ok,0
marriages,prov-41,province,1977-10,1063,marriages,ine,1977-10-31,,2026-07-26,ok,0
marriages,prov-41,province,1977-11,457,marriages,ine,1977-11-30,,2026-07-26,ok,0
marriages,prov-41,province,1977-12,1045,marriages,ine,1977-12-31,,2026-07-26,ok,0
marriages,prov-41,province,1978-01,757,marriages,ine,1978-01-31,,2026-07-26,ok,0
marriages,prov-41,province,1978-02,547,marriages,ine,1978-02-28,,2026-07-26,ok,0
marriages,prov-41,province,1978-03,900,marriages,ine,1978-03-31,,2026-07-26,ok,0
marriages,prov-41,province,1978-04,872,marriages,ine,1978-04-30,,2026-07-26,ok,0
marriages,prov-41,province,1978-05,784,marriages,ine,1978-05-31,,2026-07-26,ok,0
marriages,prov-41,province,1978-06,736,marriages,ine,1978-06-30,,2026-07-26,ok,0
marriages,prov-41,province,1978-07,1205,marriages,ine,1978-07-31,,2026-07-26,ok,0
marriages,prov-41,province,1978-08,1076,marriages,ine,1978-08-31,,2026-07-26,ok,0
marriages,prov-41,province,1978-09,1004,marriages,ine,1978-09-30,,2026-07-26,ok,0
marriages,prov-41,province,1978-10,1001,marriages,ine,1978-10-31,,2026-07-26,ok,0
marriages,prov-41,province,1978-11,471,marriages,ine,1978-11-30,,2026-07-26,ok,0
marriages,prov-41,province,1978-12,1195,marriages,ine,1978-12-31,,2026-07-26,ok,0
marriages,prov-41,province,1979-01,713,marriages,ine,1979-01-31,,2026-07-26,ok,0
marriages,prov-41,province,1979-02,538,marriages,ine,1979-02-28,,2026-07-26,ok,0
marriages,prov-41,province,1979-03,804,marriages,ine,1979-03-31,,2026-07-26,ok,0
marriages,prov-41,province,1979-04,927,marriages,ine,1979-04-30,,2026-07-26,ok,0
marriages,prov-41,province,1979-05,767,marriages,ine,1979-05-31,,2026-07-26,ok,0
marriages,prov-41,province,1979-06,770,marriages,ine,1979-06-30,,2026-07-26,ok,0
marriages,prov-41,province,1979-07,1033,marriages,ine,1979-07-31,,2026-07-26,ok,0
marriages,prov-41,province,1979-08,1045,marriages,ine,1979-08-31,,2026-07-26,ok,0
marriages,prov-41,province,1979-09,1033,marriages,ine,1979-09-30,,2026-07-26,ok,0
marriages,prov-41,province,1979-10,746,marriages,ine,1979-10-31,,2026-07-26,ok,0
marriages,prov-41,province,1979-11,348,marriages,ine,1979-11-30,,2026-07-26,ok,0
marriages,prov-41,province,1979-12,1482,marriages,ine,1979-12-31,,2026-07-26,ok,0
marriages,prov-41,province,1980-01,536,marriages,ine,1980-01-31,,2026-07-26,ok,0
marriages,prov-41,province,1980-02,497,marriages,ine,1980-02-29,,2026-07-26,ok,0
marriages,prov-41,province,1980-03,1038,marriages,ine,1980-03-31,,2026-07-26,ok,0
marriages,prov-41,province,1980-04,615,marriages,ine,1980-04-30,,2026-07-26,ok,0
marriages,prov-41,province,1980-05,799,marriages,ine,1980-05-31,,2026-07-26,ok,0
marriages,prov-41,province,1980-06,775,marriages,ine,1980-06-30,,2026-07-26,ok,0
marriages,prov-41,province,1980-07,895,marriages,ine,1980-07-31,,2026-07-26,ok,0
marriages,prov-41,province,1980-08,1065,marriages,ine,1980-08-31,,2026-07-26,ok,0
marriages,prov-41,province,1980-09,711,marriages,ine,1980-09-30,,2026-07-26,ok,0
marriages,prov-41,province,1980-10,887,marriages,ine,1980-10-31,,2026-07-26,ok,0
marriages,prov-41,province,1980-11,515,marriages,ine,1980-11-30,,2026-07-26,ok,0
marriages,prov-41,province,1980-12,1110,marriages,ine,1980-12-31,,2026-07-26,ok,0
marriages,prov-41,province,1981-01,572,marriages,ine,1981-01-31,,2026-07-26,ok,0
marriages,prov-41,province,1981-02,503,marriages,ine,1981-02-28,,2026-07-26,ok,0
marriages,prov-41,province,1981-03,947,marriages,ine,1981-03-31,,2026-07-26,ok,0
marriages,prov-41,province,1981-04,723,marriages,ine,1981-04-30,,2026-07-26,ok,0
marriages,prov-41,province,1981-05,703,marriages,ine,1981-05-31,,2026-07-26,ok,0
marriages,prov-41,province,1981-06,415,marriages,ine,1981-06-30,,2026-07-26,ok,0
marriages,prov-41,province,1981-07,780,marriages,ine,1981-07-31,,2026-07-26,ok,0
marriages,prov-41,province,1981-08,1036,marriages,ine,1981-08-31,,2026-07-26,ok,0
marriages,prov-41,province,1981-09,804,marriages,ine,1981-09-30,,2026-07-26,ok,0
marriages,prov-41,province,1981-10,799,marriages,ine,1981-10-31,,2026-07-26,ok,0
marriages,prov-41,province,1981-11,430,marriages,ine,1981-11-30,,2026-07-26,ok,0
marriages,prov-41,province,1981-12,1082,marriages,ine,1981-12-31,,2026-07-26,ok,0
marriages,prov-41,province,1982-01,610,marriages,ine,1982-01-31,,2026-07-26,ok,0
marriages,prov-41,province,1982-02,524,marriages,ine,1982-02-28,,2026-07-26,ok,0
marriages,prov-41,province,1982-03,869,marriages,ine,1982-03-31,,2026-07-26,ok,0
marriages,prov-41,province,1982-04,642,marriages,ine,1982-04-30,,2026-07-26,ok,0
marriages,prov-41,province,1982-05,749,marriages,ine,1982-05-31,,2026-07-26,ok,0
marriages,prov-41,province,1982-06,623,marriages,ine,1982-06-30,,2026-07-26,ok,0
marriages,prov-41,province,1982-07,868,marriages,ine,1982-07-31,,2026-07-26,ok,0
marriages,prov-41,province,1982-08,928,marriages,ine,1982-08-31,,2026-07-26,ok,0
marriages,prov-41,province,1982-09,797,marriages,ine,1982-09-30,,2026-07-26,ok,0
marriages,prov-41,province,1982-10,834,marriages,ine,1982-10-31,,2026-07-26,ok,0
marriages,prov-41,province,1982-11,358,marriages,ine,1982-11-30,,2026-07-26,ok,0
marriages,prov-41,province,1982-12,1042,marriages,ine,1982-12-31,,2026-07-26,ok,0
marriages,prov-41,province,1983-01,588,marriages,ine,1983-01-31,,2026-07-26,ok,0
marriages,prov-41,province,1983-02,504,marriages,ine,1983-02-28,,2026-07-26,ok,0
marriages,prov-41,province,1983-03,847,marriages,ine,1983-03-31,,2026-07-26,ok,0
marriages,prov-41,province,1983-04,683,marriages,ine,1983-04-30,,2026-07-26,ok,0
marriages,prov-41,province,1983-05,747,marriages,ine,1983-05-31,,2026-07-26,ok,0
marriages,prov-41,province,1983-06,672,marriages,ine,1983-06-30,,2026-07-26,ok,0
marriages,prov-41,province,1983-07,978,marriages,ine,1983-07-31,,2026-07-26,ok,0
marriages,prov-41,province,1983-08,892,marriages,ine,1983-08-31,,2026-07-26,ok,0
marriages,prov-41,province,1983-09,858,marriages,ine,1983-09-30,,2026-07-26,ok,0
marriages,prov-41,province,1983-10,873,marriages,ine,1983-10-31,,2026-07-26,ok,0
marriages,prov-41,province,1983-11,368,marriages,ine,1983-11-30,,2026-07-26,ok,0
marriages,prov-41,province,1983-12,975,marriages,ine,1983-12-31,,2026-07-26,ok,0
marriages,prov-41,province,1984-01,598,marriages,ine,1984-01-31,,2026-07-26,ok,0
marriages,prov-41,province,1984-02,528,marriages,ine,1984-02-29,,2026-07-26,ok,0
marriages,prov-41,province,1984-03,839,marriages,ine,1984-03-31,,2026-07-26,ok,0
marriages,prov-41,province,1984-04,779,marriages,ine,1984-04-30,,2026-07-26,ok,0
marriages,prov-41,province,1984-05,614,marriages,ine,1984-05-31,,2026-07-26,ok,0
marriages,prov-41,province,1984-06,683,marriages,ine,1984-06-30,,2026-07-26,ok,0
marriages,prov-41,province,1984-07,883,marriages,ine,1984-07-31,,2026-07-26,ok,0
marriages,prov-41,province,1984-08,824,marriages,ine,1984-08-31,,2026-07-26,ok,0
marriages,prov-41,province,1984-09,890,marriages,ine,1984-09-30,,2026-07-26,ok,0
marriages,prov-41,province,1984-10,761,marriages,ine,1984-10-31,,2026-07-26,ok,0
marriages,prov-41,province,1984-11,409,marriages,ine,1984-11-30,,2026-07-26,ok,0
marriages,prov-41,province,1984-12,1116,marriages,ine,1984-12-31,,2026-07-26,ok,0
marriages,prov-41,province,1985-01,444,marriages,ine,1985-01-31,,2026-07-26,ok,0
marriages,prov-41,province,1985-02,484,marriages,ine,1985-02-28,,2026-07-26,ok,0
marriages,prov-41,province,1985-03,940,marriages,ine,1985-03-31,,2026-07-26,ok,0
marriages,prov-41,province,1985-04,580,marriages,ine,1985-04-30,,2026-07-26,ok,0
marriages,prov-41,province,1985-05,670,marriages,ine,1985-05-31,,2026-07-26,ok,0
marriages,prov-41,province,1985-06,814,marriages,ine,1985-06-30,,2026-07-26,ok,0
marriages,prov-41,province,1985-07,786,marriages,ine,1985-07-31,,2026-07-26,ok,0
marriages,prov-41,province,1985-08,927,marriages,ine,1985-08-31,,2026-07-26,ok,0
marriages,prov-41,province,1985-09,877,marriages,ine,1985-09-30,,2026-07-26,ok,0
marriages,prov-41,province,1985-10,782,marriages,ine,1985-10-31,,2026-07-26,ok,0
marriages,prov-41,province,1985-11,429,marriages,ine,1985-11-30,,2026-07-26,ok,0
marriages,prov-41,province,1985-12,986,marriages,ine,1985-12-31,,2026-07-26,ok,0
marriages,prov-41,province,1986-01,433,marriages,ine,1986-01-31,,2026-07-26,ok,0
marriages,prov-41,province,1986-02,443,marriages,ine,1986-02-28,,2026-07-26,ok,0
marriages,prov-41,province,1986-03,808,marriages,ine,1986-03-31,,2026-07-26,ok,0
marriages,prov-41,province,1986-04,689,marriages,ine,1986-04-30,,2026-07-26,ok,0
marriages,prov-41,province,1986-05,865,marriages,ine,1986-05-31,,2026-07-26,ok,0
marriages,prov-41,province,1986-06,731,marriages,ine,1986-06-30,,2026-07-26,ok,0
marriages,prov-41,province,1986-07,874,marriages,ine,1986-07-31,,2026-07-26,ok,0
marriages,prov-41,province,1986-08,1035,marriages,ine,1986-08-31,,2026-07-26,ok,0
marriages,prov-41,province,1986-09,931,marriages,ine,1986-09-30,,2026-07-26,ok,0
marriages,prov-41,province,1986-10,885,marriages,ine,1986-10-31,,2026-07-26,ok,0
marriages,prov-41,province,1986-11,492,marriages,ine,1986-11-30,,2026-07-26,ok,0
marriages,prov-41,province,1986-12,1053,marriages,ine,1986-12-31,,2026-07-26,ok,0
marriages,prov-41,province,1987-01,512,marriages,ine,1987-01-31,,2026-07-26,ok,0
marriages,prov-41,province,1987-02,510,marriages,ine,1987-02-28,,2026-07-26,ok,0
marriages,prov-41,province,1987-03,862,marriages,ine,1987-03-31,,2026-07-26,ok,0
marriages,prov-41,province,1987-04,726,marriages,ine,1987-04-30,,2026-07-26,ok,0
marriages,prov-41,province,1987-05,921,marriages,ine,1987-05-31,,2026-07-26,ok,0
marriages,prov-41,province,1987-06,774,marriages,ine,1987-06-30,,2026-07-26,ok,0
marriages,prov-41,province,1987-07,902,marriages,ine,1987-07-31,,2026-07-26,ok,0
marriages,prov-41,province,1987-08,1147,marriages,ine,1987-08-31,,2026-07-26,ok,0
marriages,prov-41,province,1987-09,952,marriages,ine,1987-09-30,,2026-07-26,ok,0
marriages,prov-41,province,1987-10,1070,marriages,ine,1987-10-31,,2026-07-26,ok,0
marriages,prov-41,province,1987-11,479,marriages,ine,1987-11-30,,2026-07-26,ok,0
marriages,prov-41,province,1987-12,925,marriages,ine,1987-12-31,,2026-07-26,ok,0
marriages,prov-41,province,1988-01,478,marriages,ine,1988-01-31,,2026-07-26,ok,0
marriages,prov-41,province,1988-02,507,marriages,ine,1988-02-29,,2026-07-26,ok,0
marriages,prov-41,province,1988-03,808,marriages,ine,1988-03-31,,2026-07-26,ok,0
marriages,prov-41,province,1988-04,771,marriages,ine,1988-04-30,,2026-07-26,ok,0
marriages,prov-41,province,1988-05,761,marriages,ine,1988-05-31,,2026-07-26,ok,0
marriages,prov-41,province,1988-06,862,marriages,ine,1988-06-30,,2026-07-26,ok,0
marriages,prov-41,province,1988-07,1116,marriages,ine,1988-07-31,,2026-07-26,ok,0
marriages,prov-41,province,1988-08,1029,marriages,ine,1988-08-31,,2026-07-26,ok,0
marriages,prov-41,province,1988-09,1005,marriages,ine,1988-09-30,,2026-07-26,ok,0
marriages,prov-41,province,1988-10,1123,marriages,ine,1988-10-31,,2026-07-26,ok,0
marriages,prov-41,province,1988-11,485,marriages,ine,1988-11-30,,2026-07-26,ok,0
marriages,prov-41,province,1988-12,1003,marriages,ine,1988-12-31,,2026-07-26,ok,0
marriages,prov-41,province,1989-01,554,marriages,ine,1989-01-31,,2026-07-26,ok,0
marriages,prov-41,province,1989-02,540,marriages,ine,1989-02-28,,2026-07-26,ok,0
marriages,prov-41,province,1989-03,743,marriages,ine,1989-03-31,,2026-07-26,ok,0
marriages,prov-41,province,1989-04,913,marriages,ine,1989-04-30,,2026-07-26,ok,0
marriages,prov-41,province,1989-05,815,marriages,ine,1989-05-31,,2026-07-26,ok,0
marriages,prov-41,province,1989-06,829,marriages,ine,1989-06-30,,2026-07-26,ok,0
marriages,prov-41,province,1989-07,1081,marriages,ine,1989-07-31,,2026-07-26,ok,0
marriages,prov-41,province,1989-08,938,marriages,ine,1989-08-31,,2026-07-26,ok,0
marriages,prov-41,province,1989-09,1241,marriages,ine,1989-09-30,,2026-07-26,ok,0
marriages,prov-41,province,1989-10,1102,marriages,ine,1989-10-31,,2026-07-26,ok,0
marriages,prov-41,province,1989-11,443,marriages,ine,1989-11-30,,2026-07-26,ok,0
marriages,prov-41,province,1989-12,1065,marriages,ine,1989-12-31,,2026-07-26,ok,0
marriages,prov-41,province,1990-01,424,marriages,ine,1990-01-31,,2026-07-26,ok,0
marriages,prov-41,province,1990-02,471,marriages,ine,1990-02-28,,2026-07-26,ok,0
marriages,prov-41,province,1990-03,878,marriages,ine,1990-03-31,,2026-07-26,ok,0
marriages,prov-41,province,1990-04,727,marriages,ine,1990-04-30,,2026-07-26,ok,0
marriages,prov-41,province,1990-05,881,marriages,ine,1990-05-31,,2026-07-26,ok,0
marriages,prov-41,province,1990-06,1028,marriages,ine,1990-06-30,,2026-07-26,ok,0
marriages,prov-41,province,1990-07,998,marriages,ine,1990-07-31,,2026-07-26,ok,0
marriages,prov-41,province,1990-08,890,marriages,ine,1990-08-31,,2026-07-26,ok,0
marriages,prov-41,province,1990-09,1333,marriages,ine,1990-09-30,,2026-07-26,ok,0
marriages,prov-41,province,1990-10,1114,marriages,ine,1990-10-31,,2026-07-26,ok,0
marriages,prov-41,province,1990-11,437,marriages,ine,1990-11-30,,2026-07-26,ok,0
marriages,prov-41,province,1990-12,1071,marriages,ine,1990-12-31,,2026-07-26,ok,0
marriages,prov-41,province,1991-01,442,marriages,ine,1991-01-31,,2026-07-26,ok,0
marriages,prov-41,province,1991-02,492,marriages,ine,1991-02-28,,2026-07-26,ok,0
marriages,prov-41,province,1991-03,756,marriages,ine,1991-03-31,,2026-07-26,ok,0
marriages,prov-41,province,1991-04,769,marriages,ine,1991-04-30,,2026-07-26,ok,0
marriages,prov-41,province,1991-05,888,marriages,ine,1991-05-31,,2026-07-26,ok,0
marriages,prov-41,province,1991-06,1164,marriages,ine,1991-06-30,,2026-07-26,ok,0
marriages,prov-41,province,1991-07,876,marriages,ine,1991-07-31,,2026-07-26,ok,0
marriages,prov-41,province,1991-08,1044,marriages,ine,1991-08-31,,2026-07-26,ok,0
marriages,prov-41,province,1991-09,1299,marriages,ine,1991-09-30,,2026-07-26,ok,0
marriages,prov-41,province,1991-10,1187,marriages,ine,1991-10-31,,2026-07-26,ok,0
marriages,prov-41,province,1991-11,488,marriages,ine,1991-11-30,,2026-07-26,ok,0
marriages,prov-41,province,1991-12,992,marriages,ine,1991-12-31,,2026-07-26,ok,0
marriages,prov-41,province,1992-01,433,marriages,ine,1992-01-31,,2026-07-26,ok,0
marriages,prov-41,province,1992-02,561,marriages,ine,1992-02-29,,2026-07-26,ok,0
marriages,prov-41,province,1992-03,869,marriages,ine,1992-03-31,,2026-07-26,ok,0
marriages,prov-41,province,1992-04,718,marriages,ine,1992-04-30,,2026-07-26,ok,0
marriages,prov-41,province,1992-05,984,marriages,ine,1992-05-31,,2026-07-26,ok,0
marriages,prov-41,province,1992-06,880,marriages,ine,1992-06-30,,2026-07-26,ok,0
marriages,prov-41,province,1992-07,838,marriages,ine,1992-07-31,,2026-07-26,ok,0
marriages,prov-41,province,1992-08,926,marriages,ine,1992-08-31,,2026-07-26,ok,0
marriages,prov-41,province,1992-09,1116,marriages,ine,1992-09-30,,2026-07-26,ok,0
marriages,prov-41,province,1992-10,1169,marriages,ine,1992-10-31,,2026-07-26,ok,0
marriages,prov-41,province,1992-11,472,marriages,ine,1992-11-30,,2026-07-26,ok,0
marriages,prov-41,province,1992-12,915,marriages,ine,1992-12-31,,2026-07-26,ok,0
marriages,prov-41,province,1993-01,434,marriages,ine,1993-01-31,,2026-07-26,ok,0
marriages,prov-41,province,1993-02,483,marriages,ine,1993-02-28,,2026-07-26,ok,0
marriages,prov-41,province,1993-03,874,marriages,ine,1993-03-31,,2026-07-26,ok,0
marriages,prov-41,province,1993-04,678,marriages,ine,1993-04-30,,2026-07-26,ok,0
marriages,prov-41,province,1993-05,952,marriages,ine,1993-05-31,,2026-07-26,ok,0
marriages,prov-41,province,1993-06,921,marriages,ine,1993-06-30,,2026-07-26,ok,0
marriages,prov-41,province,1993-07,948,marriages,ine,1993-07-31,,2026-07-26,ok,0
marriages,prov-41,province,1993-08,757,marriages,ine,1993-08-31,,2026-07-26,ok,0
marriages,prov-41,province,1993-09,1087,marriages,ine,1993-09-30,,2026-07-26,ok,0
marriages,prov-41,province,1993-10,1218,marriages,ine,1993-10-31,,2026-07-26,ok,0
marriages,prov-41,province,1993-11,438,marriages,ine,1993-11-30,,2026-07-26,ok,0
marriages,prov-41,province,1993-12,797,marriages,ine,1993-12-31,,2026-07-26,ok,0
marriages,prov-41,province,1994-01,378,marriages,ine,1994-01-31,,2026-07-26,ok,0
marriages,prov-41,province,1994-02,395,marriages,ine,1994-02-28,,2026-07-26,ok,0
marriages,prov-41,province,1994-03,703,marriages,ine,1994-03-31,,2026-07-26,ok,0
marriages,prov-41,province,1994-04,753,marriages,ine,1994-04-30,,2026-07-26,ok,0
marriages,prov-41,province,1994-05,805,marriages,ine,1994-05-31,,2026-07-26,ok,0
marriages,prov-41,province,1994-06,899,marriages,ine,1994-06-30,,2026-07-26,ok,0
marriages,prov-41,province,1994-07,973,marriages,ine,1994-07-31,,2026-07-26,ok,0
marriages,prov-41,province,1994-08,718,marriages,ine,1994-08-31,,2026-07-26,ok,0
marriages,prov-41,province,1994-09,1255,marriages,ine,1994-09-30,,2026-07-26,ok,0
marriages,prov-41,province,1994-10,1162,marriages,ine,1994-10-31,,2026-07-26,ok,0
marriages,prov-41,province,1994-11,406,marriages,ine,1994-11-30,,2026-07-26,ok,0
marriages,prov-41,province,1994-12,775,marriages,ine,1994-12-31,,2026-07-26,ok,0
marriages,prov-41,province,1995-01,364,marriages,ine,1995-01-31,,2026-07-26,ok,0
marriages,prov-41,province,1995-02,437,marriages,ine,1995-02-28,,2026-07-26,ok,0
marriages,prov-41,province,1995-03,748,marriages,ine,1995-03-31,,2026-07-26,ok,0
marriages,prov-41,province,1995-04,777,marriages,ine,1995-04-30,,2026-07-26,ok,0
marriages,prov-41,province,1995-05,818,marriages,ine,1995-05-31,,2026-07-26,ok,0
marriages,prov-41,province,1995-06,967,marriages,ine,1995-06-30,,2026-07-26,ok,0
marriages,prov-41,province,1995-07,930,marriages,ine,1995-07-31,,2026-07-26,ok,0
marriages,prov-41,province,1995-08,668,marriages,ine,1995-08-31,,2026-07-26,ok,0
marriages,prov-41,province,1995-09,1279,marriages,ine,1995-09-30,,2026-07-26,ok,0
marriages,prov-41,province,1995-10,1002,marriages,ine,1995-10-31,,2026-07-26,ok,0
marriages,prov-41,province,1995-11,387,marriages,ine,1995-11-30,,2026-07-26,ok,0
marriages,prov-41,province,1995-12,763,marriages,ine,1995-12-31,,2026-07-26,ok,0
marriages,prov-41,province,1996-01,279,marriages,ine,1996-01-31,,2026-07-26,ok,0
marriages,prov-41,province,1996-02,357,marriages,ine,1996-02-29,,2026-07-26,ok,0
marriages,prov-41,province,1996-03,835,marriages,ine,1996-03-31,,2026-07-26,ok,0
marriages,prov-41,province,1996-04,599,marriages,ine,1996-04-30,,2026-07-26,ok,0
marriages,prov-41,province,1996-05,755,marriages,ine,1996-05-31,,2026-07-26,ok,0
marriages,prov-41,province,1996-06,1060,marriages,ine,1996-06-30,,2026-07-26,ok,0
marriages,prov-41,province,1996-07,731,marriages,ine,1996-07-31,,2026-07-26,ok,0
marriages,prov-41,province,1996-08,837,marriages,ine,1996-08-31,,2026-07-26,ok,0
marriages,prov-41,province,1996-09,1230,marriages,ine,1996-09-30,,2026-07-26,ok,0
marriages,prov-41,province,1996-10,1091,marriages,ine,1996-10-31,,2026-07-26,ok,0
marriages,prov-41,province,1996-11,374,marriages,ine,1996-11-30,,2026-07-26,ok,0
marriages,prov-41,province,1996-12,757,marriages,ine,1996-12-31,,2026-07-26,ok,0
marriages,prov-41,province,1997-01,279,marriages,ine,1997-01-31,,2026-07-26,ok,0
marriages,prov-41,province,1997-02,345,marriages,ine,1997-02-28,,2026-07-26,ok,0
marriages,prov-41,province,1997-03,628,marriages,ine,1997-03-31,,2026-07-26,ok,0
marriages,prov-41,province,1997-04,772,marriages,ine,1997-04-30,,2026-07-26,ok,0
marriages,prov-41,province,1997-05,959,marriages,ine,1997-05-31,,2026-07-26,ok,0
marriages,prov-41,province,1997-06,948,marriages,ine,1997-06-30,,2026-07-26,ok,0
marriages,prov-41,province,1997-07,865,marriages,ine,1997-07-31,,2026-07-26,ok,0
marriages,prov-41,province,1997-08,937,marriages,ine,1997-08-31,,2026-07-26,ok,0
marriages,prov-41,province,1997-09,1212,marriages,ine,1997-09-30,,2026-07-26,ok,0
marriages,prov-41,province,1997-10,1195,marriages,ine,1997-10-31,,2026-07-26,ok,0
marriages,prov-41,province,1997-11,416,marriages,ine,1997-11-30,,2026-07-26,ok,0
marriages,prov-41,province,1997-12,640,marriages,ine,1997-12-31,,2026-07-26,ok,0
marriages,prov-41,province,1998-01,280,marriages,ine,1998-01-31,,2026-07-26,ok,0
marriages,prov-41,province,1998-02,424,marriages,ine,1998-02-28,,2026-07-26,ok,0
marriages,prov-41,province,1998-03,758,marriages,ine,1998-03-31,,2026-07-26,ok,0
marriages,prov-41,province,1998-04,630,marriages,ine,1998-04-30,,2026-07-26,ok,0
marriages,prov-41,province,1998-05,1020,marriages,ine,1998-05-31,,2026-07-26,ok,0
marriages,prov-41,province,1998-06,1021,marriages,ine,1998-06-30,,2026-07-26,ok,0
marriages,prov-41,province,1998-07,954,marriages,ine,1998-07-31,,2026-07-26,ok,0
marriages,prov-41,province,1998-08,928,marriages,ine,1998-08-31,,2026-07-26,ok,0
marriages,prov-41,province,1998-09,1247,marriages,ine,1998-09-30,,2026-07-26,ok,0
marriages,prov-41,province,1998-10,1398,marriages,ine,1998-10-31,,2026-07-26,ok,0
marriages,prov-41,province,1998-11,379,marriages,ine,1998-11-30,,2026-07-26,ok,0
marriages,prov-41,province,1998-12,633,marriages,ine,1998-12-31,,2026-07-26,ok,0
marriages,prov-41,province,1999-01,286,marriages,ine,1999-01-31,,2026-07-26,ok,0
marriages,prov-41,province,1999-02,402,marriages,ine,1999-02-28,,2026-07-26,ok,0
marriages,prov-41,province,1999-03,741,marriages,ine,1999-03-31,,2026-07-26,ok,0
marriages,prov-41,province,1999-04,689,marriages,ine,1999-04-30,,2026-07-26,ok,0
marriages,prov-41,province,1999-05,964,marriages,ine,1999-05-31,,2026-07-26,ok,0
marriages,prov-41,province,1999-06,1079,marriages,ine,1999-06-30,,2026-07-26,ok,0
marriages,prov-41,province,1999-07,1031,marriages,ine,1999-07-31,,2026-07-26,ok,0
marriages,prov-41,province,1999-08,752,marriages,ine,1999-08-31,,2026-07-26,ok,0
marriages,prov-41,province,1999-09,1305,marriages,ine,1999-09-30,,2026-07-26,ok,0
marriages,prov-41,province,1999-10,1410,marriages,ine,1999-10-31,,2026-07-26,ok,0
marriages,prov-41,province,1999-11,441,marriages,ine,1999-11-30,,2026-07-26,ok,0
marriages,prov-41,province,1999-12,668,marriages,ine,1999-12-31,,2026-07-26,ok,0
marriages,prov-41,province,2000-01,289,marriages,ine,2000-01-31,,2026-07-26,ok,0
marriages,prov-41,province,2000-02,361,marriages,ine,2000-02-29,,2026-07-26,ok,0
marriages,prov-41,province,2000-03,811,marriages,ine,2000-03-31,,2026-07-26,ok,0
marriages,prov-41,province,2000-04,924,marriages,ine,2000-04-30,,2026-07-26,ok,0
marriages,prov-41,province,2000-05,836,marriages,ine,2000-05-31,,2026-07-26,ok,0
marriages,prov-41,province,2000-06,1178,marriages,ine,2000-06-30,,2026-07-26,ok,0
marriages,prov-41,province,2000-07,1178,marriages,ine,2000-07-31,,2026-07-26,ok,0
marriages,prov-41,province,2000-08,744,marriages,ine,2000-08-31,,2026-07-26,ok,0
marriages,prov-41,province,2000-09,1602,marriages,ine,2000-09-30,,2026-07-26,ok,0
marriages,prov-41,province,2000-10,1248,marriages,ine,2000-10-31,,2026-07-26,ok,0
marriages,prov-41,province,2000-11,459,marriages,ine,2000-11-30,,2026-07-26,ok,0
marriages,prov-41,province,2000-12,637,marriages,ine,2000-12-31,,2026-07-26,ok,0
marriages,prov-41,province,2001-01,232,marriages,ine,2001-01-31,,2026-07-26,ok,0
marriages,prov-41,province,2001-02,345,marriages,ine,2001-02-28,,2026-07-26,ok,0
marriages,prov-41,province,2001-03,919,marriages,ine,2001-03-31,,2026-07-26,ok,0
marriages,prov-41,province,2001-04,638,marriages,ine,2001-04-30,,2026-07-26,ok,0
marriages,prov-41,province,2001-05,862,marriages,ine,2001-05-31,,2026-07-26,ok,0
marriages,prov-41,province,2001-06,1326,marriages,ine,2001-06-30,,2026-07-26,ok,0
marriages,prov-41,province,2001-07,1001,marriages,ine,2001-07-31,,2026-07-26,ok,0
marriages,prov-41,province,2001-08,724,marriages,ine,2001-08-31,,2026-07-26,ok,0
marriages,prov-41,province,2001-09,1587,marriages,ine,2001-09-30,,2026-07-26,ok,0
marriages,prov-41,province,2001-10,1364,marriages,ine,2001-10-31,,2026-07-26,ok,0
marriages,prov-41,province,2001-11,408,marriages,ine,2001-11-30,,2026-07-26,ok,0
marriages,prov-41,province,2001-12,614,marriages,ine,2001-12-31,,2026-07-26,ok,0
marriages,prov-41,province,2002-01,199,marriages,ine,2002-01-31,,2026-07-26,ok,0
marriages,prov-41,province,2002-02,347,marriages,ine,2002-02-28,,2026-07-26,ok,0
marriages,prov-41,province,2002-03,645,marriages,ine,2002-03-31,,2026-07-26,ok,0
marriages,prov-41,province,2002-04,883,marriages,ine,2002-04-30,,2026-07-26,ok,0
marriages,prov-41,province,2002-05,865,marriages,ine,2002-05-31,,2026-07-26,ok,0
marriages,prov-41,province,2002-06,1368,marriages,ine,2002-06-30,,2026-07-26,ok,0
marriages,prov-41,province,2002-07,1020,marriages,ine,2002-07-31,,2026-07-26,ok,0
marriages,prov-41,province,2002-08,1028,marriages,ine,2002-08-31,,2026-07-26,ok,0
marriages,prov-41,province,2002-09,1514,marriages,ine,2002-09-30,,2026-07-26,ok,0
marriages,prov-41,province,2002-10,1273,marriages,ine,2002-10-31,,2026-07-26,ok,0
marriages,prov-41,province,2002-11,465,marriages,ine,2002-11-30,,2026-07-26,ok,0
marriages,prov-41,province,2002-12,609,marriages,ine,2002-12-31,,2026-07-26,ok,0
marriages,prov-41,province,2003-01,234,marriages,ine,2003-01-31,,2026-07-26,ok,0
marriages,prov-41,province,2003-02,346,marriages,ine,2003-02-28,,2026-07-26,ok,0
marriages,prov-41,province,2003-03,860,marriages,ine,2003-03-31,,2026-07-26,ok,0
marriages,prov-41,province,2003-04,630,marriages,ine,2003-04-30,,2026-07-26,ok,0
marriages,prov-41,province,2003-05,1067,marriages,ine,2003-05-31,,2026-07-26,ok,0
marriages,prov-41,province,2003-06,1218,marriages,ine,2003-06-30,,2026-07-26,ok,0
marriages,prov-41,province,2003-07,1100,marriages,ine,2003-07-31,,2026-07-26,ok,0
marriages,prov-41,province,2003-08,1055,marriages,ine,2003-08-31,,2026-07-26,ok,0
marriages,prov-41,province,2003-09,1407,marriages,ine,2003-09-30,,2026-07-26,ok,0
marriages,prov-41,province,2003-10,1337,marriages,ine,2003-10-31,,2026-07-26,ok,0
marriages,prov-41,province,2003-11,417,marriages,ine,2003-11-30,,2026-07-26,ok,0
marriages,prov-41,province,2003-12,488,marriages,ine,2003-12-31,,2026-07-26,ok,0
marriages,prov-41,province,2004-01,185,marriages,ine,2004-01-31,,2026-07-26,ok,0
marriages,prov-41,province,2004-02,426,marriages,ine,2004-02-29,,2026-07-26,ok,0
marriages,prov-41,province,2004-03,755,marriages,ine,2004-03-31,,2026-07-26,ok,0
marriages,prov-41,province,2004-04,766,marriages,ine,2004-04-30,,2026-07-26,ok,0
marriages,prov-41,province,2004-05,1122,marriages,ine,2004-05-31,,2026-07-26,ok,0
marriages,prov-41,province,2004-06,1340,marriages,ine,2004-06-30,,2026-07-26,ok,0
marriages,prov-41,province,2004-07,1331,marriages,ine,2004-07-31,,2026-07-26,ok,0
marriages,prov-41,province,2004-08,828,marriages,ine,2004-08-31,,2026-07-26,ok,0
marriages,prov-41,province,2004-09,1565,marriages,ine,2004-09-30,,2026-07-26,ok,0
marriages,prov-41,province,2004-10,1433,marriages,ine,2004-10-31,,2026-07-26,ok,0
marriages,prov-41,province,2004-11,370,marriages,ine,2004-11-30,,2026-07-26,ok,0
marriages,prov-41,province,2004-12,504,marriages,ine,2004-12-31,,2026-07-26,ok,0
marriages,prov-41,province,2005-01,191,marriages,ine,2005-01-31,,2026-07-26,ok,0
marriages,prov-41,province,2005-02,412,marriages,ine,2005-02-28,,2026-07-26,ok,0
marriages,prov-41,province,2005-03,583,marriages,ine,2005-03-31,,2026-07-26,ok,0
marriages,prov-41,province,2005-04,1180,marriages,ine,2005-04-30,,2026-07-26,ok,0
marriages,prov-41,province,2005-05,1110,marriages,ine,2005-05-31,,2026-07-26,ok,0
marriages,prov-41,province,2005-06,1395,marriages,ine,2005-06-30,,2026-07-26,ok,0
marriages,prov-41,province,2005-07,1363,marriages,ine,2005-07-31,,2026-07-26,ok,0
marriages,prov-41,province,2005-08,800,marriages,ine,2005-08-31,,2026-07-26,ok,0
marriages,prov-41,province,2005-09,1572,marriages,ine,2005-09-30,,2026-07-26,ok,0
marriages,prov-41,province,2005-10,1440,marriages,ine,2005-10-31,,2026-07-26,ok,0
marriages,prov-41,province,2005-11,390,marriages,ine,2005-11-30,,2026-07-26,ok,0
marriages,prov-41,province,2005-12,449,marriages,ine,2005-12-31,,2026-07-26,ok,0
marriages,prov-41,province,2006-01,179,marriages,ine,2006-01-31,,2026-07-26,ok,0
marriages,prov-41,province,2006-02,308,marriages,ine,2006-02-28,,2026-07-26,ok,0
marriages,prov-41,province,2006-03,815,marriages,ine,2006-03-31,,2026-07-26,ok,0
marriages,prov-41,province,2006-04,977,marriages,ine,2006-04-30,,2026-07-26,ok,0
marriages,prov-41,province,2006-05,1090,marriages,ine,2006-05-31,,2026-07-26,ok,0
marriages,prov-41,province,2006-06,1437,marriages,ine,2006-06-30,,2026-07-26,ok,0
marriages,prov-41,province,2006-07,1263,marriages,ine,2006-07-31,,2026-07-26,ok,0
marriages,prov-41,province,2006-08,706,marriages,ine,2006-08-31,,2026-07-26,ok,0
marriages,prov-41,province,2006-09,1714,marriages,ine,2006-09-30,,2026-07-26,ok,0
marriages,prov-41,province,2006-10,1194,marriages,ine,2006-10-31,,2026-07-26,ok,0
marriages,prov-41,province,2006-11,456,marriages,ine,2006-11-30,,2026-07-26,ok,0
marriages,prov-41,province,2006-12,435,marriages,ine,2006-12-31,,2026-07-26,ok,0
marriages,prov-41,province,2007-01,172,marriages,ine,2007-01-31,,2026-07-26,ok,0
marriages,prov-41,province,2007-02,328,marriages,ine,2007-02-28,,2026-07-26,ok,0
marriages,prov-41,province,2007-03,860,marriages,ine,2007-03-31,,2026-07-26,ok,0
marriages,prov-41,province,2007-04,813,marriages,ine,2007-04-30,,2026-07-26,ok,0
marriages,prov-41,province,2007-05,1050,marriages,ine,2007-05-31,,2026-07-26,ok,0
marriages,prov-41,province,2007-06,1582,marriages,ine,2007-06-30,,2026-07-26,ok,0
marriages,prov-41,province,2007-07,1066,marriages,ine,2007-07-31,,2026-07-26,ok,0
marriages,prov-41,province,2007-08,677,marriages,ine,2007-08-31,,2026-07-26,ok,0
marriages,prov-41,province,2007-09,1644,marriages,ine,2007-09-30,,2026-07-26,ok,0
marriages,prov-41,province,2007-10,1281,marriages,ine,2007-10-31,,2026-07-26,ok,0
marriages,prov-41,province,2007-11,459,marriages,ine,2007-11-30,,2026-07-26,ok,0
marriages,prov-41,province,2007-12,433,marriages,ine,2007-12-31,,2026-07-26,ok,0
marriages,prov-41,province,2008-01,217,marriages,ine,2008-01-31,,2026-07-26,ok,0
marriages,prov-41,province,2008-02,316,marriages,ine,2008-02-29,,2026-07-26,ok,0
marriages,prov-41,province,2008-03,641,marriages,ine,2008-03-31,,2026-07-26,ok,0
marriages,prov-41,province,2008-04,875,marriages,ine,2008-04-30,,2026-07-26,ok,0
marriages,prov-41,province,2008-05,1185,marriages,ine,2008-05-31,,2026-07-26,ok,0
marriages,prov-41,province,2008-06,1348,marriages,ine,2008-06-30,,2026-07-26,ok,0
marriages,prov-41,province,2008-07,1028,marriages,ine,2008-07-31,,2026-07-26,ok,0
marriages,prov-41,province,2008-08,719,marriages,ine,2008-08-31,,2026-07-26,ok,0
marriages,prov-41,province,2008-09,1250,marriages,ine,2008-09-30,,2026-07-26,ok,0
marriages,prov-41,province,2008-10,1240,marriages,ine,2008-10-31,,2026-07-26,ok,0
marriages,prov-41,province,2008-11,376,marriages,ine,2008-11-30,,2026-07-26,ok,0
marriages,prov-41,province,2008-12,370,marriages,ine,2008-12-31,,2026-07-26,ok,0
marriages,prov-41,province,2009-01,206,marriages,ine,2009-01-31,,2026-07-26,ok,0
marriages,prov-41,province,2009-02,339,marriages,ine,2009-02-28,,2026-07-26,ok,0
marriages,prov-41,province,2009-03,664,marriages,ine,2009-03-31,,2026-07-26,ok,0
marriages,prov-41,province,2009-04,569,marriages,ine,2009-04-30,,2026-07-26,ok,0
marriages,prov-41,province,2009-05,1017,marriages,ine,2009-05-31,,2026-07-26,ok,0
marriages,prov-41,province,2009-06,1086,marriages,ine,2009-06-30,,2026-07-26,ok,0
marriages,prov-41,province,2009-07,902,marriages,ine,2009-07-31,,2026-07-26,ok,0
marriages,prov-41,province,2009-08,577,marriages,ine,2009-08-31,,2026-07-26,ok,0
marriages,prov-41,province,2009-09,1117,marriages,ine,2009-09-30,,2026-07-26,ok,0
marriages,prov-41,province,2009-10,1075,marriages,ine,2009-10-31,,2026-07-26,ok,0
marriages,prov-41,province,2009-11,299,marriages,ine,2009-11-30,,2026-07-26,ok,0
marriages,prov-41,province,2009-12,299,marriages,ine,2009-12-31,,2026-07-26,ok,0
marriages,prov-41,province,2010-01,175,marriages,ine,2010-01-31,,2026-07-26,ok,0
marriages,prov-41,province,2010-02,297,marriages,ine,2010-02-28,,2026-07-26,ok,0
marriages,prov-41,province,2010-03,488,marriages,ine,2010-03-31,,2026-07-26,ok,0
marriages,prov-41,province,2010-04,554,marriages,ine,2010-04-30,,2026-07-26,ok,0
marriages,prov-41,province,2010-05,892,marriages,ine,2010-05-31,,2026-07-26,ok,0
marriages,prov-41,province,2010-06,1078,marriages,ine,2010-06-30,,2026-07-26,ok,0
marriages,prov-41,province,2010-07,928,marriages,ine,2010-07-31,,2026-07-26,ok,0
marriages,prov-41,province,2010-08,382,marriages,ine,2010-08-31,,2026-07-26,ok,0
marriages,prov-41,province,2010-09,1016,marriages,ine,2010-09-30,,2026-07-26,ok,0
marriages,prov-41,province,2010-10,1094,marriages,ine,2010-10-31,,2026-07-26,ok,0
marriages,prov-41,province,2010-11,323,marriages,ine,2010-11-30,,2026-07-26,ok,0
marriages,prov-41,province,2010-12,301,marriages,ine,2010-12-31,,2026-07-26,ok,0
marriages,prov-41,province,2011-01,168,marriages,ine,2011-01-31,,2026-07-26,ok,0
marriages,prov-41,province,2011-02,230,marriages,ine,2011-02-28,,2026-07-26,ok,0
marriages,prov-41,province,2011-03,517,marriages,ine,2011-03-31,,2026-07-26,ok,0
marriages,prov-41,province,2011-04,612,marriages,ine,2011-04-30,,2026-07-26,ok,0
marriages,prov-41,province,2011-05,730,marriages,ine,2011-05-31,,2026-07-26,ok,0
marriages,prov-41,province,2011-06,1006,marriages,ine,2011-06-30,,2026-07-26,ok,0
marriages,prov-41,province,2011-07,911,marriages,ine,2011-07-31,,2026-07-26,ok,0
marriages,prov-41,province,2011-08,361,marriages,ine,2011-08-31,,2026-07-26,ok,0
marriages,prov-41,province,2011-09,1046,marriages,ine,2011-09-30,,2026-07-26,ok,0
marriages,prov-41,province,2011-10,939,marriages,ine,2011-10-31,,2026-07-26,ok,0
marriages,prov-41,province,2011-11,332,marriages,ine,2011-11-30,,2026-07-26,ok,0
marriages,prov-41,province,2011-12,258,marriages,ine,2011-12-31,,2026-07-26,ok,0
marriages,prov-41,province,2012-01,147,marriages,ine,2012-01-31,,2026-07-26,ok,0
marriages,prov-41,province,2012-02,218,marriages,ine,2012-02-29,,2026-07-26,ok,0
marriages,prov-41,province,2012-03,578,marriages,ine,2012-03-31,,2026-07-26,ok,0
marriages,prov-41,province,2012-04,492,marriages,ine,2012-04-30,,2026-07-26,ok,0
marriages,prov-41,province,2012-05,697,marriages,ine,2012-05-31,,2026-07-26,ok,0
marriages,prov-41,province,2012-06,1186,marriages,ine,2012-06-30,,2026-07-26,ok,0
marriages,prov-41,province,2012-07,786,marriages,ine,2012-07-31,,2026-07-26,ok,0
marriages,prov-41,province,2012-08,359,marriages,ine,2012-08-31,,2026-07-26,ok,0
marriages,prov-41,province,2012-09,1155,marriages,ine,2012-09-30,,2026-07-26,ok,0
marriages,prov-41,province,2012-10,935,marriages,ine,2012-10-31,,2026-07-26,ok,0
marriages,prov-41,province,2012-11,412,marriages,ine,2012-11-30,,2026-07-26,ok,0
marriages,prov-41,province,2012-12,347,marriages,ine,2012-12-31,,2026-07-26,ok,0
marriages,prov-41,province,2013-01,163,marriages,ine,2013-01-31,,2026-07-26,ok,0
marriages,prov-41,province,2013-02,245,marriages,ine,2013-02-28,,2026-07-26,ok,0
marriages,prov-41,province,2013-03,397,marriages,ine,2013-03-31,,2026-07-26,ok,0
marriages,prov-41,province,2013-04,546,marriages,ine,2013-04-30,,2026-07-26,ok,0
marriages,prov-41,province,2013-05,636,marriages,ine,2013-05-31,,2026-07-26,ok,0
marriages,prov-41,province,2013-06,1071,marriages,ine,2013-06-30,,2026-07-26,ok,0
marriages,prov-41,province,2013-07,678,marriages,ine,2013-07-31,,2026-07-26,ok,0
marriages,prov-41,province,2013-08,416,marriages,ine,2013-08-31,,2026-07-26,ok,0
marriages,prov-41,province,2013-09,942,marriages,ine,2013-09-30,,2026-07-26,ok,0
marriages,prov-41,province,2013-10,863,marriages,ine,2013-10-31,,2026-07-26,ok,0
marriages,prov-41,province,2013-11,385,marriages,ine,2013-11-30,,2026-07-26,ok,0
marriages,prov-41,province,2013-12,301,marriages,ine,2013-12-31,,2026-07-26,ok,0
marriages,prov-41,province,2014-01,213,marriages,ine,2014-01-31,,2026-07-26,ok,0
marriages,prov-41,province,2014-02,270,marriages,ine,2014-02-28,,2026-07-26,ok,0
marriages,prov-41,province,2014-03,534,marriages,ine,2014-03-31,,2026-07-26,ok,0
marriages,prov-41,province,2014-04,407,marriages,ine,2014-04-30,,2026-07-26,ok,0
marriages,prov-41,province,2014-05,754,marriages,ine,2014-05-31,,2026-07-26,ok,0
marriages,prov-41,province,2014-06,1012,marriages,ine,2014-06-30,,2026-07-26,ok,0
marriages,prov-41,province,2014-07,794,marriages,ine,2014-07-31,,2026-07-26,ok,0
marriages,prov-41,province,2014-08,437,marriages,ine,2014-08-31,,2026-07-26,ok,0
marriages,prov-41,province,2014-09,1009,marriages,ine,2014-09-30,,2026-07-26,ok,0
marriages,prov-41,province,2014-10,962,marriages,ine,2014-10-31,,2026-07-26,ok,0
marriages,prov-41,province,2014-11,367,marriages,ine,2014-11-30,,2026-07-26,ok,0
marriages,prov-41,province,2014-12,346,marriages,ine,2014-12-31,,2026-07-26,ok,0
marriages,prov-41,province,2015-01,163,marriages,ine,2015-01-31,,2026-07-26,ok,0
marriages,prov-41,province,2015-02,300,marriages,ine,2015-02-28,,2026-07-26,ok,0
marriages,prov-41,province,2015-03,472,marriages,ine,2015-03-31,,2026-07-26,ok,0
marriages,prov-41,province,2015-04,506,marriages,ine,2015-04-30,,2026-07-26,ok,0
marriages,prov-41,province,2015-05,776,marriages,ine,2015-05-31,,2026-07-26,ok,0
marriages,prov-41,province,2015-06,1029,marriages,ine,2015-06-30,,2026-07-26,ok,0
marriages,prov-41,province,2015-07,889,marriages,ine,2015-07-31,,2026-07-26,ok,0
marriages,prov-41,province,2015-08,461,marriages,ine,2015-08-31,,2026-07-26,ok,0
marriages,prov-41,province,2015-09,1031,marriages,ine,2015-09-30,,2026-07-26,ok,0
marriages,prov-41,province,2015-10,1051,marriages,ine,2015-10-31,,2026-07-26,ok,0
marriages,prov-41,province,2015-11,412,marriages,ine,2015-11-30,,2026-07-26,ok,0
marriages,prov-41,province,2015-12,366,marriages,ine,2015-12-31,,2026-07-26,ok,0
marriages,prov-41,province,2016-01,216,marriages,ine,2016-01-31,,2026-07-26,ok,0
marriages,prov-41,province,2016-02,356,marriages,ine,2016-02-29,,2026-07-26,ok,0
marriages,prov-41,province,2016-03,409,marriages,ine,2016-03-31,,2026-07-26,ok,0
marriages,prov-41,province,2016-04,684,marriages,ine,2016-04-30,,2026-07-26,ok,0
marriages,prov-41,province,2016-05,710,marriages,ine,2016-05-31,,2026-07-26,ok,0
marriages,prov-41,province,2016-06,1104,marriages,ine,2016-06-30,,2026-07-26,ok,0
marriages,prov-41,province,2016-07,990,marriages,ine,2016-07-31,,2026-07-26,ok,0
marriages,prov-41,province,2016-08,496,marriages,ine,2016-08-31,,2026-07-26,ok,0
marriages,prov-41,province,2016-09,1017,marriages,ine,2016-09-30,,2026-07-26,ok,0
marriages,prov-41,province,2016-10,908,marriages,ine,2016-10-31,,2026-07-26,ok,0
marriages,prov-41,province,2016-11,418,marriages,ine,2016-11-30,,2026-07-26,ok,0
marriages,prov-41,province,2016-12,373,marriages,ine,2016-12-31,,2026-07-26,ok,0
marriages,prov-41,province,2017-01,193,marriages,ine,2017-01-31,,2026-07-26,ok,0
marriages,prov-41,province,2017-02,267,marriages,ine,2017-02-28,,2026-07-26,ok,0
marriages,prov-41,province,2017-03,499,marriages,ine,2017-03-31,,2026-07-26,ok,0
marriages,prov-41,province,2017-04,554,marriages,ine,2017-04-30,,2026-07-26,ok,0
marriages,prov-41,province,2017-05,639,marriages,ine,2017-05-31,,2026-07-26,ok,0
marriages,prov-41,province,2017-06,1075,marriages,ine,2017-06-30,,2026-07-26,ok,0
marriages,prov-41,province,2017-07,869,marriages,ine,2017-07-31,,2026-07-26,ok,0
marriages,prov-41,province,2017-08,380,marriages,ine,2017-08-31,,2026-07-26,ok,0
marriages,prov-41,province,2017-09,1130,marriages,ine,2017-09-30,,2026-07-26,ok,0
marriages,prov-41,province,2017-10,839,marriages,ine,2017-10-31,,2026-07-26,ok,0
marriages,prov-41,province,2017-11,494,marriages,ine,2017-11-30,,2026-07-26,ok,0
marriages,prov-41,province,2017-12,345,marriages,ine,2017-12-31,,2026-07-26,ok,0
marriages,prov-41,province,2018-01,192,marriages,ine,2018-01-31,,2026-07-26,ok,0
marriages,prov-41,province,2018-02,310,marriages,ine,2018-02-28,,2026-07-26,ok,0
marriages,prov-41,province,2018-03,490,marriages,ine,2018-03-31,,2026-07-26,ok,0
marriages,prov-41,province,2018-04,581,marriages,ine,2018-04-30,,2026-07-26,ok,0
marriages,prov-41,province,2018-05,652,marriages,ine,2018-05-31,,2026-07-26,ok,0
marriages,prov-41,province,2018-06,1167,marriages,ine,2018-06-30,,2026-07-26,ok,0
marriages,prov-41,province,2018-07,705,marriages,ine,2018-07-31,,2026-07-26,ok,0
marriages,prov-41,province,2018-08,377,marriages,ine,2018-08-31,,2026-07-26,ok,0
marriages,prov-41,province,2018-09,1054,marriages,ine,2018-09-30,,2026-07-26,ok,0
marriages,prov-41,province,2018-10,980,marriages,ine,2018-10-31,,2026-07-26,ok,0
marriages,prov-41,province,2018-11,488,marriages,ine,2018-11-30,,2026-07-26,ok,0
marriages,prov-41,province,2018-12,350,marriages,ine,2018-12-31,,2026-07-26,ok,0
marriages,prov-41,province,2019-01,216,marriages,ine,2019-01-31,,2026-07-26,ok,0
marriages,prov-41,province,2019-02,321,marriages,ine,2019-02-28,,2026-07-26,ok,0
marriages,prov-41,province,2019-03,571,marriages,ine,2019-03-31,,2026-07-26,ok,0
marriages,prov-41,province,2019-04,424,marriages,ine,2019-04-30,,2026-07-26,ok,0
marriages,prov-41,province,2019-05,674,marriages,ine,2019-05-31,,2026-07-26,ok,0
marriages,prov-41,province,2019-06,1087,marriages,ine,2019-06-30,,2026-07-26,ok,0
marriages,prov-41,province,2019-07,818,marriages,ine,2019-07-31,,2026-07-26,ok,0
marriages,prov-41,province,2019-08,453,marriages,ine,2019-08-31,,2026-07-26,ok,0
marriages,prov-41,province,2019-09,1029,marriages,ine,2019-09-30,,2026-07-26,ok,0
marriages,prov-41,province,2019-10,1003,marriages,ine,2019-10-31,,2026-07-26,ok,0
marriages,prov-41,province,2019-11,601,marriages,ine,2019-11-30,,2026-07-26,ok,0
marriages,prov-41,province,2019-12,404,marriages,ine,2019-12-31,,2026-07-26,ok,0
marriages,prov-41,province,2020-01,239,marriages,ine,2020-01-31,,2026-07-26,ok,0
marriages,prov-41,province,2020-02,400,marriages,ine,2020-02-29,,2026-07-26,ok,0
marriages,prov-41,province,2020-03,245,marriages,ine,2020-03-31,,2026-07-26,ok,0
marriages,prov-41,province,2020-04,10,marriages,ine,2020-04-30,,2026-07-26,ok,0
marriages,prov-41,province,2020-05,77,marriages,ine,2020-05-31,,2026-07-26,ok,0
marriages,prov-41,province,2020-06,298,marriages,ine,2020-06-30,,2026-07-26,ok,0
marriages,prov-41,province,2020-07,447,marriages,ine,2020-07-31,,2026-07-26,ok,0
marriages,prov-41,province,2020-08,269,marriages,ine,2020-08-31,,2026-07-26,ok,0
marriages,prov-41,province,2020-09,531,marriages,ine,2020-09-30,,2026-07-26,ok,0
marriages,prov-41,province,2020-10,527,marriages,ine,2020-10-31,,2026-07-26,ok,0
marriages,prov-41,province,2020-11,309,marriages,ine,2020-11-30,,2026-07-26,ok,0
marriages,prov-41,province,2020-12,311,marriages,ine,2020-12-31,,2026-07-26,ok,0
marriages,prov-41,province,2021-01,256,marriages,ine,2021-01-31,,2026-07-26,ok,0
marriages,prov-41,province,2021-02,293,marriages,ine,2021-02-28,,2026-07-26,ok,0
marriages,prov-41,province,2021-03,383,marriages,ine,2021-03-31,,2026-07-26,ok,0
marriages,prov-41,province,2021-04,368,marriages,ine,2021-04-30,,2026-07-26,ok,0
marriages,prov-41,province,2021-05,583,marriages,ine,2021-05-31,,2026-07-26,ok,0
marriages,prov-41,province,2021-06,764,marriages,ine,2021-06-30,,2026-07-26,ok,0
marriages,prov-41,province,2021-07,769,marriages,ine,2021-07-31,,2026-07-26,ok,0
marriages,prov-41,province,2021-08,365,marriages,ine,2021-08-31,,2026-07-26,ok,0
marriages,prov-41,province,2021-09,798,marriages,ine,2021-09-30,,2026-07-26,ok,0
marriages,prov-41,province,2021-10,949,marriages,ine,2021-10-31,,2026-07-26,ok,0
marriages,prov-41,province,2021-11,559,marriages,ine,2021-11-30,,2026-07-26,ok,0
marriages,prov-41,province,2021-12,454,marriages,ine,2021-12-31,,2026-07-26,ok,0
marriages,prov-41,province,2022-01,251,marriages,ine,2022-01-31,,2026-07-26,ok,0
marriages,prov-41,province,2022-02,420,marriages,ine,2022-02-28,,2026-07-26,ok,0
marriages,prov-41,province,2022-03,674,marriages,ine,2022-03-31,,2026-07-26,ok,0
marriages,prov-41,province,2022-04,658,marriages,ine,2022-04-30,,2026-07-26,ok,0
marriages,prov-41,province,2022-05,738,marriages,ine,2022-05-31,,2026-07-26,ok,0
marriages,prov-41,province,2022-06,1040,marriages,ine,2022-06-30,,2026-07-26,ok,0
marriages,prov-41,province,2022-07,896,marriages,ine,2022-07-31,,2026-07-26,ok,0
marriages,prov-41,province,2022-08,343,marriages,ine,2022-08-31,,2026-07-26,ok,0
marriages,prov-41,province,2022-09,1036,marriages,ine,2022-09-30,,2026-07-26,ok,0
marriages,prov-41,province,2022-10,1052,marriages,ine,2022-10-31,,2026-07-26,ok,0
marriages,prov-41,province,2022-11,600,marriages,ine,2022-11-30,,2026-07-26,ok,0
marriages,prov-41,province,2022-12,451,marriages,ine,2022-12-31,,2026-07-26,ok,0
marriages,prov-41,province,2023-01,246,marriages,ine,2023-01-31,,2026-07-26,ok,0
marriages,prov-41,province,2023-02,376,marriages,ine,2023-02-28,,2026-07-26,ok,0
marriages,prov-41,province,2023-03,637,marriages,ine,2023-03-31,,2026-07-26,ok,0
marriages,prov-41,province,2023-04,494,marriages,ine,2023-04-30,,2026-07-26,ok,0
marriages,prov-41,province,2023-05,724,marriages,ine,2023-05-31,,2026-07-26,ok,0
marriages,prov-41,province,2023-06,1019,marriages,ine,2023-06-30,,2026-07-26,ok,0
marriages,prov-41,province,2023-07,701,marriages,ine,2023-07-31,,2026-07-26,ok,0
marriages,prov-41,province,2023-08,274,marriages,ine,2023-08-31,,2026-07-26,ok,0
marriages,prov-41,province,2023-09,1048,marriages,ine,2023-09-30,,2026-07-26,ok,0
marriages,prov-41,province,2023-10,876,marriages,ine,2023-10-31,,2026-07-26,ok,0
marriages,prov-41,province,2023-11,621,marriages,ine,2023-11-30,,2026-07-26,ok,0
marriages,prov-41,province,2023-12,459,marriages,ine,2023-12-31,,2026-07-26,ok,0
marriages,prov-41,province,2024-01,270,marriages,ine,2024-01-31,,2026-07-26,ok,0
marriages,prov-41,province,2024-02,410,marriages,ine,2024-02-29,,2026-07-26,ok,0
marriages,prov-41,province,2024-03,525,marriages,ine,2024-03-31,,2026-07-26,ok,0
marriages,prov-41,province,2024-04,611,marriages,ine,2024-04-30,,2026-07-26,ok,0
marriages,prov-41,province,2024-05,771,marriages,ine,2024-05-31,,2026-07-26,ok,0
marriages,prov-41,province,2024-06,945,marriages,ine,2024-06-30,,2026-07-26,ok,0
marriages,prov-41,province,2024-07,572,marriages,ine,2024-07-31,,2026-07-26,ok,0
marriages,prov-41,province,2024-08,335,marriages,ine,2024-08-31,,2026-07-26,ok,0
marriages,prov-41,province,2024-09,936,marriages,ine,2024-09-30,,2026-07-26,ok,0
marriages,prov-41,province,2024-10,1063,marriages,ine,2024-10-31,,2026-07-26,ok,0
marriages,prov-41,province,2024-11,719,marriages,ine,2024-11-30,,2026-07-26,ok,0
marriages,prov-41,province,2024-12,419,marriages,ine,2024-12-31,,2026-07-26,ok,0
marriages,prov-46,province,1975-01,598,marriages,ine,1975-01-31,,2026-07-26,ok,0
marriages,prov-46,province,1975-02,563,marriages,ine,1975-02-28,,2026-07-26,ok,0
marriages,prov-46,province,1975-03,1212,marriages,ine,1975-03-31,,2026-07-26,ok,0
marriages,prov-46,province,1975-04,1124,marriages,ine,1975-04-30,,2026-07-26,ok,0
marriages,prov-46,province,1975-05,1432,marriages,ine,1975-05-31,,2026-07-26,ok,0
marriages,prov-46,province,1975-06,1271,marriages,ine,1975-06-30,,2026-07-26,ok,0
marriages,prov-46,province,1975-07,1535,marriages,ine,1975-07-31,,2026-07-26,ok,0
marriages,prov-46,province,1975-08,2091,marriages,ine,1975-08-31,,2026-07-26,ok,0
marriages,prov-46,province,1975-09,1565,marriages,ine,1975-09-30,,2026-07-26,ok,0
marriages,prov-46,province,1975-10,1343,marriages,ine,1975-10-31,,2026-07-26,ok,0
marriages,prov-46,province,1975-11,953,marriages,ine,1975-11-30,,2026-07-26,ok,0
marriages,prov-46,province,1975-12,1715,marriages,ine,1975-12-31,,2026-07-26,ok,0
marriages,prov-46,province,1976-01,588,marriages,ine,1976-01-31,,2026-07-26,ok,0
marriages,prov-46,province,1976-02,664,marriages,ine,1976-02-29,,2026-07-26,ok,0
marriages,prov-46,province,1976-03,1157,marriages,ine,1976-03-31,,2026-07-26,ok,0
marriages,prov-46,province,1976-04,1205,marriages,ine,1976-04-30,,2026-07-26,ok,0
marriages,prov-46,province,1976-05,1459,marriages,ine,1976-05-31,,2026-07-26,ok,0
marriages,prov-46,province,1976-06,1288,marriages,ine,1976-06-30,,2026-07-26,ok,0
marriages,prov-46,province,1976-07,1540,marriages,ine,1976-07-31,,2026-07-26,ok,0
marriages,prov-46,province,1976-08,1817,marriages,ine,1976-08-31,,2026-07-26,ok,0
marriages,prov-46,province,1976-09,1722,marriages,ine,1976-09-30,,2026-07-26,ok,0
marriages,prov-46,province,1976-10,1522,marriages,ine,1976-10-31,,2026-07-26,ok,0
marriages,prov-46,province,1976-11,913,marriages,ine,1976-11-30,,2026-07-26,ok,0
marriages,prov-46,province,1976-12,1297,marriages,ine,1976-12-31,,2026-07-26,ok,0
marriages,prov-46,province,1977-01,807,marriages,ine,1977-01-31,,2026-07-26,ok,0
marriages,prov-46,province,1977-02,630,marriages,ine,1977-02-28,,2026-07-26,ok,0
marriages,prov-46,province,1977-03,1225,marriages,ine,1977-03-31,,2026-07-26,ok,0
marriages,prov-46,province,1977-04,1331,marriages,ine,1977-04-30,,2026-07-26,ok,0
marriages,prov-46,province,1977-05,1432,marriages,ine,1977-05-31,,2026-07-26,ok,0
marriages,prov-46,province,1977-06,1258,marriages,ine,1977-06-30,,2026-07-26,ok,0
marriages,prov-46,province,1977-07,1923,marriages,ine,1977-07-31,,2026-07-26,ok,0
marriages,prov-46,province,1977-08,1639,marriages,ine,1977-08-31,,2026-07-26,ok,0
marriages,prov-46,province,1977-09,1730,marriages,ine,1977-09-30,,2026-07-26,ok,0
marriages,prov-46,province,1977-10,1601,marriages,ine,1977-10-31,,2026-07-26,ok,0
marriages,prov-46,province,1977-11,824,marriages,ine,1977-11-30,,2026-07-26,ok,0
marriages,prov-46,province,1977-12,1250,marriages,ine,1977-12-31,,2026-07-26,ok,0
marriages,prov-46,province,1978-01,791,marriages,ine,1978-01-31,,2026-07-26,ok,0
marriages,prov-46,province,1978-02,663,marriages,ine,1978-02-28,,2026-07-26,ok,0
marriages,prov-46,province,1978-03,1128,marriages,ine,1978-03-31,,2026-07-26,ok,0
marriages,prov-46,province,1978-04,1478,marriages,ine,1978-04-30,,2026-07-26,ok,0
marriages,prov-46,province,1978-05,1398,marriages,ine,1978-05-31,,2026-07-26,ok,0
marriages,prov-46,province,1978-06,1304,marriages,ine,1978-06-30,,2026-07-26,ok,0
marriages,prov-46,province,1978-07,1916,marriages,ine,1978-07-31,,2026-07-26,ok,0
marriages,prov-46,province,1978-08,1771,marriages,ine,1978-08-31,,2026-07-26,ok,0
marriages,prov-46,province,1978-09,1830,marriages,ine,1978-09-30,,2026-07-26,ok,0
marriages,prov-46,province,1978-10,1384,marriages,ine,1978-10-31,,2026-07-26,ok,0
marriages,prov-46,province,1978-11,755,marriages,ine,1978-11-30,,2026-07-26,ok,0
marriages,prov-46,province,1978-12,1382,marriages,ine,1978-12-31,,2026-07-26,ok,0
marriages,prov-46,province,1979-01,698,marriages,ine,1979-01-31,,2026-07-26,ok,0
marriages,prov-46,province,1979-02,712,marriages,ine,1979-02-28,,2026-07-26,ok,0
marriages,prov-46,province,1979-03,1241,marriages,ine,1979-03-31,,2026-07-26,ok,0
marriages,prov-46,province,1979-04,1183,marriages,ine,1979-04-30,,2026-07-26,ok,0
marriages,prov-46,province,1979-05,1213,marriages,ine,1979-05-31,,2026-07-26,ok,0
marriages,prov-46,province,1979-06,1346,marriages,ine,1979-06-30,,2026-07-26,ok,0
marriages,prov-46,province,1979-07,1714,marriages,ine,1979-07-31,,2026-07-26,ok,0
marriages,prov-46,province,1979-08,1665,marriages,ine,1979-08-31,,2026-07-26,ok,0
marriages,prov-46,province,1979-09,1786,marriages,ine,1979-09-30,,2026-07-26,ok,0
marriages,prov-46,province,1979-10,1387,marriages,ine,1979-10-31,,2026-07-26,ok,0
marriages,prov-46,province,1979-11,744,marriages,ine,1979-11-30,,2026-07-26,ok,0
marriages,prov-46,province,1979-12,1264,marriages,ine,1979-12-31,,2026-07-26,ok,0
marriages,prov-46,province,1980-01,616,marriages,ine,1980-01-31,,2026-07-26,ok,0
marriages,prov-46,province,1980-02,595,marriages,ine,1980-02-29,,2026-07-26,ok,0
marriages,prov-46,province,1980-03,1280,marriages,ine,1980-03-31,,2026-07-26,ok,0
marriages,prov-46,province,1980-04,985,marriages,ine,1980-04-30,,2026-07-26,ok,0
marriages,prov-46,province,1980-05,1286,marriages,ine,1980-05-31,,2026-07-26,ok,0
marriages,prov-46,province,1980-06,1033,marriages,ine,1980-06-30,,2026-07-26,ok,0
marriages,prov-46,province,1980-07,1641,marriages,ine,1980-07-31,,2026-07-26,ok,0
marriages,prov-46,province,1980-08,1708,marriages,ine,1980-08-31,,2026-07-26,ok,0
marriages,prov-46,province,1980-09,1421,marriages,ine,1980-09-30,,2026-07-26,ok,0
marriages,prov-46,province,1980-10,1172,marriages,ine,1980-10-31,,2026-07-26,ok,0
marriages,prov-46,province,1980-11,713,marriages,ine,1980-11-30,,2026-07-26,ok,0
marriages,prov-46,province,1980-12,1043,marriages,ine,1980-12-31,,2026-07-26,ok,0
marriages,prov-46,province,1981-01,585,marriages,ine,1981-01-31,,2026-07-26,ok,0
marriages,prov-46,province,1981-02,503,marriages,ine,1981-02-28,,2026-07-26,ok,0
marriages,prov-46,province,1981-03,912,marriages,ine,1981-03-31,,2026-07-26,ok,0
marriages,prov-46,province,1981-04,874,marriages,ine,1981-04-30,,2026-07-26,ok,0
marriages,prov-46,province,1981-05,1309,marriages,ine,1981-05-31,,2026-07-26,ok,0
marriages,prov-46,province,1981-06,1059,marriages,ine,1981-06-30,,2026-07-26,ok,0
marriages,prov-46,province,1981-07,1307,marriages,ine,1981-07-31,,2026-07-26,ok,0
marriages,prov-46,province,1981-08,1553,marriages,ine,1981-08-31,,2026-07-26,ok,0
marriages,prov-46,province,1981-09,1362,marriages,ine,1981-09-30,,2026-07-26,ok,0
marriages,prov-46,province,1981-10,1260,marriages,ine,1981-10-31,,2026-07-26,ok,0
marriages,prov-46,province,1981-11,582,marriages,ine,1981-11-30,,2026-07-26,ok,0
marriages,prov-46,province,1981-12,838,marriages,ine,1981-12-31,,2026-07-26,ok,0
marriages,prov-46,province,1982-01,537,marriages,ine,1982-01-31,,2026-07-26,ok,0
marriages,prov-46,province,1982-02,542,marriages,ine,1982-02-28,,2026-07-26,ok,0
marriages,prov-46,province,1982-03,944,marriages,ine,1982-03-31,,2026-07-26,ok,0
marriages,prov-46,province,1982-04,880,marriages,ine,1982-04-30,,2026-07-26,ok,0
marriages,prov-46,province,1982-05,1296,marriages,ine,1982-05-31,,2026-07-26,ok,0
marriages,prov-46,province,1982-06,1007,marriages,ine,1982-06-30,,2026-07-26,ok,0
marriages,prov-46,province,1982-07,1483,marriages,ine,1982-07-31,,2026-07-26,ok,0
marriages,prov-46,province,1982-08,1249,marriages,ine,1982-08-31,,2026-07-26,ok,0
marriages,prov-46,province,1982-09,1357,marriages,ine,1982-09-30,,2026-07-26,ok,0
marriages,prov-46,province,1982-10,1199,marriages,ine,1982-10-31,,2026-07-26,ok,0
marriages,prov-46,province,1982-11,616,marriages,ine,1982-11-30,,2026-07-26,ok,0
marriages,prov-46,province,1982-12,844,marriages,ine,1982-12-31,,2026-07-26,ok,0
marriages,prov-46,province,1983-01,548,marriages,ine,1983-01-31,,2026-07-26,ok,0
marriages,prov-46,province,1983-02,557,marriages,ine,1983-02-28,,2026-07-26,ok,0
marriages,prov-46,province,1983-03,832,marriages,ine,1983-03-31,,2026-07-26,ok,0
marriages,prov-46,province,1983-04,1032,marriages,ine,1983-04-30,,2026-07-26,ok,0
marriages,prov-46,province,1983-05,1125,marriages,ine,1983-05-31,,2026-07-26,ok,0
marriages,prov-46,province,1983-06,1149,marriages,ine,1983-06-30,,2026-07-26,ok,0
marriages,prov-46,province,1983-07,1624,marriages,ine,1983-07-31,,2026-07-26,ok,0
marriages,prov-46,province,1983-08,1111,marriages,ine,1983-08-31,,2026-07-26,ok,0
marriages,prov-46,province,1983-09,1392,marriages,ine,1983-09-30,,2026-07-26,ok,0
marriages,prov-46,province,1983-10,1280,marriages,ine,1983-10-31,,2026-07-26,ok,0
marriages,prov-46,province,1983-11,650,marriages,ine,1983-11-30,,2026-07-26,ok,0
marriages,prov-46,province,1983-12,904,marriages,ine,1983-12-31,,2026-07-26,ok,0
marriages,prov-46,province,1984-01,560,marriages,ine,1984-01-31,,2026-07-26,ok,0
marriages,prov-46,province,1984-02,501,marriages,ine,1984-02-29,,2026-07-26,ok,0
marriages,prov-46,province,1984-03,821,marriages,ine,1984-03-31,,2026-07-26,ok,0
marriages,prov-46,province,1984-04,1125,marriages,ine,1984-04-30,,2026-07-26,ok,0
marriages,prov-46,province,1984-05,1140,marriages,ine,1984-05-31,,2026-07-26,ok,0
marriages,prov-46,province,1984-06,1214,marriages,ine,1984-06-30,,2026-07-26,ok,0
marriages,prov-46,province,1984-07,1260,marriages,ine,1984-07-31,,2026-07-26,ok,0
marriages,prov-46,province,1984-08,1196,marriages,ine,1984-08-31,,2026-07-26,ok,0
marriages,prov-46,province,1984-09,1564,marriages,ine,1984-09-30,,2026-07-26,ok,0
marriages,prov-46,province,1984-10,1112,marriages,ine,1984-10-31,,2026-07-26,ok,0
marriages,prov-46,province,1984-11,639,marriages,ine,1984-11-30,,2026-07-26,ok,0
marriages,prov-46,province,1984-12,828,marriages,ine,1984-12-31,,2026-07-26,ok,0
marriages,prov-46,province,1985-01,440,marriages,ine,1985-01-31,,2026-07-26,ok,0
marriages,prov-46,province,1985-02,448,marriages,ine,1985-02-28,,2026-07-26,ok,0
marriages,prov-46,province,1985-03,942,marriages,ine,1985-03-31,,2026-07-26,ok,0
marriages,prov-46,province,1985-04,755,marriages,ine,1985-04-30,,2026-07-26,ok,0
marriages,prov-46,province,1985-05,969,marriages,ine,1985-05-31,,2026-07-26,ok,0
marriages,prov-46,province,1985-06,1165,marriages,ine,1985-06-30,,2026-07-26,ok,0
marriages,prov-46,province,1985-07,1180,marriages,ine,1985-07-31,,2026-07-26,ok,0
marriages,prov-46,province,1985-08,1366,marriages,ine,1985-08-31,,2026-07-26,ok,0
marriages,prov-46,province,1985-09,1353,marriages,ine,1985-09-30,,2026-07-26,ok,0
marriages,prov-46,province,1985-10,1148,marriages,ine,1985-10-31,,2026-07-26,ok,0
marriages,prov-46,province,1985-11,601,marriages,ine,1985-11-30,,2026-07-26,ok,0
marriages,prov-46,province,1985-12,619,marriages,ine,1985-12-31,,2026-07-26,ok,0
marriages,prov-46,province,1986-01,395,marriages,ine,1986-01-31,,2026-07-26,ok,0
marriages,prov-46,province,1986-02,424,marriages,ine,1986-02-28,,2026-07-26,ok,0
marriages,prov-46,province,1986-03,788,marriages,ine,1986-03-31,,2026-07-26,ok,0
marriages,prov-46,province,1986-04,911,marriages,ine,1986-04-30,,2026-07-26,ok,0
marriages,prov-46,province,1986-05,1132,marriages,ine,1986-05-31,,2026-07-26,ok,0
marriages,prov-46,province,1986-06,1075,marriages,ine,1986-06-30,,2026-07-26,ok,0
marriages,prov-46,province,1986-07,1222,marriages,ine,1986-07-31,,2026-07-26,ok,0
marriages,prov-46,province,1986-08,1337,marriages,ine,1986-08-31,,2026-07-26,ok,0
marriages,prov-46,province,1986-09,1431,marriages,ine,1986-09-30,,2026-07-26,ok,0
marriages,prov-46,province,1986-10,1222,marriages,ine,1986-10-31,,2026-07-26,ok,0
marriages,prov-46,province,1986-11,652,marriages,ine,1986-11-30,,2026-07-26,ok,0
marriages,prov-46,province,1986-12,741,marriages,ine,1986-12-31,,2026-07-26,ok,0
marriages,prov-46,province,1987-01,442,marriages,ine,1987-01-31,,2026-07-26,ok,0
marriages,prov-46,province,1987-02,486,marriages,ine,1987-02-28,,2026-07-26,ok,0
marriages,prov-46,province,1987-03,776,marriages,ine,1987-03-31,,2026-07-26,ok,0
marriages,prov-46,province,1987-04,809,marriages,ine,1987-04-30,,2026-07-26,ok,0
marriages,prov-46,province,1987-05,1298,marriages,ine,1987-05-31,,2026-07-26,ok,0
marriages,prov-46,province,1987-06,1060,marriages,ine,1987-06-30,,2026-07-26,ok,0
marriages,prov-46,province,1987-07,1190,marriages,ine,1987-07-31,,2026-07-26,ok,0
marriages,prov-46,province,1987-08,1346,marriages,ine,1987-08-31,,2026-07-26,ok,0
marriages,prov-46,province,1987-09,1565,marriages,ine,1987-09-30,,2026-07-26,ok,0
marriages,prov-46,province,1987-10,1434,marriages,ine,1987-10-31,,2026-07-26,ok,0
marriages,prov-46,province,1987-11,615,marriages,ine,1987-11-30,,2026-07-26,ok,0
marriages,prov-46,province,1987-12,755,marriages,ine,1987-12-31,,2026-07-26,ok,0
marriages,prov-46,province,1988-01,472,marriages,ine,1988-01-31,,2026-07-26,ok,0
marriages,prov-46,province,1988-02,479,marriages,ine,1988-02-29,,2026-07-26,ok,0
marriages,prov-46,province,1988-03,826,marriages,ine,1988-03-31,,2026-07-26,ok,0
marriages,prov-46,province,1988-04,1038,marriages,ine,1988-04-30,,2026-07-26,ok,0
marriages,prov-46,province,1988-05,1021,marriages,ine,1988-05-31,,2026-07-26,ok,0
marriages,prov-46,province,1988-06,1204,marriages,ine,1988-06-30,,2026-07-26,ok,0
marriages,prov-46,province,1988-07,1495,marriages,ine,1988-07-31,,2026-07-26,ok,0
marriages,prov-46,province,1988-08,1068,marriages,ine,1988-08-31,,2026-07-26,ok,0
marriages,prov-46,province,1988-09,1661,marriages,ine,1988-09-30,,2026-07-26,ok,0
marriages,prov-46,province,1988-10,1495,marriages,ine,1988-10-31,,2026-07-26,ok,0
marriages,prov-46,province,1988-11,590,marriages,ine,1988-11-30,,2026-07-26,ok,0
marriages,prov-46,province,1988-12,773,marriages,ine,1988-12-31,,2026-07-26,ok,0
marriages,prov-46,province,1989-01,429,marriages,ine,1989-01-31,,2026-07-26,ok,0
marriages,prov-46,province,1989-02,479,marriages,ine,1989-02-28,,2026-07-26,ok,0
marriages,prov-46,province,1989-03,740,marriages,ine,1989-03-31,,2026-07-26,ok,0
marriages,prov-46,province,1989-04,1237,marriages,ine,1989-04-30,,2026-07-26,ok,0
marriages,prov-46,province,1989-05,966,marriages,ine,1989-05-31,,2026-07-26,ok,0
marriages,prov-46,province,1989-06,1181,marriages,ine,1989-06-30,,2026-07-26,ok,0
marriages,prov-46,province,1989-07,1463,marriages,ine,1989-07-31,,2026-07-26,ok,0
marriages,prov-46,province,1989-08,1037,marriages,ine,1989-08-31,,2026-07-26,ok,0
marriages,prov-46,province,1989-09,1874,marriages,ine,1989-09-30,,2026-07-26,ok,0
marriages,prov-46,province,1989-10,1365,marriages,ine,1989-10-31,,2026-07-26,ok,0
marriages,prov-46,province,1989-11,654,marriages,ine,1989-11-30,,2026-07-26,ok,0
marriages,prov-46,province,1989-12,796,marriages,ine,1989-12-31,,2026-07-26,ok,0
marriages,prov-46,province,1990-01,405,marriages,ine,1990-01-31,,2026-07-26,ok,0
marriages,prov-46,province,1990-02,432,marriages,ine,1990-02-28,,2026-07-26,ok,0
marriages,prov-46,province,1990-03,886,marriages,ine,1990-03-31,,2026-07-26,ok,0
marriages,prov-46,province,1990-04,951,marriages,ine,1990-04-30,,2026-07-26,ok,0
marriages,prov-46,province,1990-05,1033,marriages,ine,1990-05-31,,2026-07-26,ok,0
marriages,prov-46,province,1990-06,1371,marriages,ine,1990-06-30,,2026-07-26,ok,0
marriages,prov-46,province,1990-07,1246,marriages,ine,1990-07-31,,2026-07-26,ok,0
marriages,prov-46,province,1990-08,1008,marriages,ine,1990-08-31,,2026-07-26,ok,0
marriages,prov-46,province,1990-09,1820,marriages,ine,1990-09-30,,2026-07-26,ok,0
marriages,prov-46,province,1990-10,1445,marriages,ine,1990-10-31,,2026-07-26,ok,0
marriages,prov-46,province,1990-11,678,marriages,ine,1990-11-30,,2026-07-26,ok,0
marriages,prov-46,province,1990-12,798,marriages,ine,1990-12-31,,2026-07-26,ok,0
marriages,prov-46,province,1991-01,405,marriages,ine,1991-01-31,,2026-07-26,ok,0
marriages,prov-46,province,1991-02,441,marriages,ine,1991-02-28,,2026-07-26,ok,0
marriages,prov-46,province,1991-03,787,marriages,ine,1991-03-31,,2026-07-26,ok,0
marriages,prov-46,province,1991-04,1085,marriages,ine,1991-04-30,,2026-07-26,ok,0
marriages,prov-46,province,1991-05,1001,marriages,ine,1991-05-31,,2026-07-26,ok,0
marriages,prov-46,province,1991-06,1413,marriages,ine,1991-06-30,,2026-07-26,ok,0
marriages,prov-46,province,1991-07,1228,marriages,ine,1991-07-31,,2026-07-26,ok,0
marriages,prov-46,province,1991-08,1045,marriages,ine,1991-08-31,,2026-07-26,ok,0
marriages,prov-46,province,1991-09,1687,marriages,ine,1991-09-30,,2026-07-26,ok,0
marriages,prov-46,province,1991-10,1460,marriages,ine,1991-10-31,,2026-07-26,ok,0
marriages,prov-46,province,1991-11,757,marriages,ine,1991-11-30,,2026-07-26,ok,0
marriages,prov-46,province,1991-12,719,marriages,ine,1991-12-31,,2026-07-26,ok,0
marriages,prov-46,province,1992-01,359,marriages,ine,1992-01-31,,2026-07-26,ok,0
marriages,prov-46,province,1992-02,556,marriages,ine,1992-02-29,,2026-07-26,ok,0
marriages,prov-46,province,1992-03,774,marriages,ine,1992-03-31,,2026-07-26,ok,0
marriages,prov-46,province,1992-04,856,marriages,ine,1992-04-30,,2026-07-26,ok,0
marriages,prov-46,province,1992-05,1437,marriages,ine,1992-05-31,,2026-07-26,ok,0
marriages,prov-46,province,1992-06,1261,marriages,ine,1992-06-30,,2026-07-26,ok,0
marriages,prov-46,province,1992-07,1318,marriages,ine,1992-07-31,,2026-07-26,ok,0
marriages,prov-46,province,1992-08,1075,marriages,ine,1992-08-31,,2026-07-26,ok,0
marriages,prov-46,province,1992-09,1718,marriages,ine,1992-09-30,,2026-07-26,ok,0
marriages,prov-46,province,1992-10,1769,marriages,ine,1992-10-31,,2026-07-26,ok,0
marriages,prov-46,province,1992-11,738,marriages,ine,1992-11-30,,2026-07-26,ok,0
marriages,prov-46,province,1992-12,655,marriages,ine,1992-12-31,,2026-07-26,ok,0
marriages,prov-46,province,1993-01,349,marriages,ine,1993-01-31,,2026-07-26,ok,0
marriages,prov-46,province,1993-02,468,marriages,ine,1993-02-28,,2026-07-26,ok,0
marriages,prov-46,province,1993-03,718,marriages,ine,1993-03-31,,2026-07-26,ok,0
marriages,prov-46,province,1993-04,852,marriages,ine,1993-04-30,,2026-07-26,ok,0
marriages,prov-46,province,1993-05,1186,marriages,ine,1993-05-31,,2026-07-26,ok,0
marriages,prov-46,province,1993-06,1163,marriages,ine,1993-06-30,,2026-07-26,ok,0
marriages,prov-46,province,1993-07,1389,marriages,ine,1993-07-31,,2026-07-26,ok,0
marriages,prov-46,province,1993-08,778,marriages,ine,1993-08-31,,2026-07-26,ok,0
marriages,prov-46,province,1993-09,1568,marriages,ine,1993-09-30,,2026-07-26,ok,0
marriages,prov-46,province,1993-10,1577,marriages,ine,1993-10-31,,2026-07-26,ok,0
marriages,prov-46,province,1993-11,692,marriages,ine,1993-11-30,,2026-07-26,ok,0
marriages,prov-46,province,1993-12,627,marriages,ine,1993-12-31,,2026-07-26,ok,0
marriages,prov-46,province,1994-01,343,marriages,ine,1994-01-31,,2026-07-26,ok,0
marriages,prov-46,province,1994-02,397,marriages,ine,1994-02-28,,2026-07-26,ok,0
marriages,prov-46,province,1994-03,633,marriages,ine,1994-03-31,,2026-07-26,ok,0
marriages,prov-46,province,1994-04,960,marriages,ine,1994-04-30,,2026-07-26,ok,0
marriages,prov-46,province,1994-05,954,marriages,ine,1994-05-31,,2026-07-26,ok,0
marriages,prov-46,province,1994-06,1233,marriages,ine,1994-06-30,,2026-07-26,ok,0
marriages,prov-46,province,1994-07,1481,marriages,ine,1994-07-31,,2026-07-26,ok,0
marriages,prov-46,province,1994-08,751,marriages,ine,1994-08-31,,2026-07-26,ok,0
marriages,prov-46,province,1994-09,1666,marriages,ine,1994-09-30,,2026-07-26,ok,0
marriages,prov-46,province,1994-10,1505,marriages,ine,1994-10-31,,2026-07-26,ok,0
marriages,prov-46,province,1994-11,692,marriages,ine,1994-11-30,,2026-07-26,ok,0
marriages,prov-46,province,1994-12,595,marriages,ine,1994-12-31,,2026-07-26,ok,0
marriages,prov-46,province,1995-01,309,marriages,ine,1995-01-31,,2026-07-26,ok,0
marriages,prov-46,province,1995-02,422,marriages,ine,1995-02-28,,2026-07-26,ok,0
marriages,prov-46,province,1995-03,726,marriages,ine,1995-03-31,,2026-07-26,ok,0
marriages,prov-46,province,1995-04,1138,marriages,ine,1995-04-30,,2026-07-26,ok,0
marriages,prov-46,province,1995-05,1083,marriages,ine,1995-05-31,,2026-07-26,ok,0
marriages,prov-46,province,1995-06,1311,marriages,ine,1995-06-30,,2026-07-26,ok,0
marriages,prov-46,province,1995-07,1431,marriages,ine,1995-07-31,,2026-07-26,ok,0
marriages,prov-46,province,1995-08,701,marriages,ine,1995-08-31,,2026-07-26,ok,0
marriages,prov-46,province,1995-09,1842,marriages,ine,1995-09-30,,2026-07-26,ok,0
marriages,prov-46,province,1995-10,1352,marriages,ine,1995-10-31,,2026-07-26,ok,0
marriages,prov-46,province,1995-11,715,marriages,ine,1995-11-30,,2026-07-26,ok,0
marriages,prov-46,province,1995-12,642,marriages,ine,1995-12-31,,2026-07-26,ok,0
marriages,prov-46,province,1996-01,268,marriages,ine,1996-01-31,,2026-07-26,ok,0
marriages,prov-46,province,1996-02,390,marriages,ine,1996-02-29,,2026-07-26,ok,0
marriages,prov-46,province,1996-03,886,marriages,ine,1996-03-31,,2026-07-26,ok,0
marriages,prov-46,province,1996-04,822,marriages,ine,1996-04-30,,2026-07-26,ok,0
marriages,prov-46,province,1996-05,1122,marriages,ine,1996-05-31,,2026-07-26,ok,0
marriages,prov-46,province,1996-06,1443,marriages,ine,1996-06-30,,2026-07-26,ok,0
marriages,prov-46,province,1996-07,1090,marriages,ine,1996-07-31,,2026-07-26,ok,0
marriages,prov-46,province,1996-08,896,marriages,ine,1996-08-31,,2026-07-26,ok,0
marriages,prov-46,province,1996-09,1626,marriages,ine,1996-09-30,,2026-07-26,ok,0
marriages,prov-46,province,1996-10,1442,marriages,ine,1996-10-31,,2026-07-26,ok,0
marriages,prov-46,province,1996-11,866,marriages,ine,1996-11-30,,2026-07-26,ok,0
marriages,prov-46,province,1996-12,549,marriages,ine,1996-12-31,,2026-07-26,ok,0
marriages,prov-46,province,1997-01,252,marriages,ine,1997-01-31,,2026-07-26,ok,0
marriages,prov-46,province,1997-02,391,marriages,ine,1997-02-28,,2026-07-26,ok,0
marriages,prov-46,province,1997-03,673,marriages,ine,1997-03-31,,2026-07-26,ok,0
marriages,prov-46,province,1997-04,1021,marriages,ine,1997-04-30,,2026-07-26,ok,0
marriages,prov-46,province,1997-05,1224,marriages,ine,1997-05-31,,2026-07-26,ok,0
marriages,prov-46,province,1997-06,1339,marriages,ine,1997-06-30,,2026-07-26,ok,0
marriages,prov-46,province,1997-07,1209,marriages,ine,1997-07-31,,2026-07-26,ok,0
marriages,prov-46,province,1997-08,1011,marriages,ine,1997-08-31,,2026-07-26,ok,0
marriages,prov-46,province,1997-09,1568,marriages,ine,1997-09-30,,2026-07-26,ok,0
marriages,prov-46,province,1997-10,1497,marriages,ine,1997-10-31,,2026-07-26,ok,0
marriages,prov-46,province,1997-11,826,marriages,ine,1997-11-30,,2026-07-26,ok,0
marriages,prov-46,province,1997-12,536,marriages,ine,1997-12-31,,2026-07-26,ok,0
marriages,prov-46,province,1998-01,273,marriages,ine,1998-01-31,,2026-07-26,ok,0
marriages,prov-46,province,1998-02,506,marriages,ine,1998-02-28,,2026-07-26,ok,0
marriages,prov-46,province,1998-03,850,marriages,ine,1998-03-31,,2026-07-26,ok,0
marriages,prov-46,province,1998-04,908,marriages,ine,1998-04-30,,2026-07-26,ok,0
marriages,prov-46,province,1998-05,1400,marriages,ine,1998-05-31,,2026-07-26,ok,0
marriages,prov-46,province,1998-06,1371,marriages,ine,1998-06-30,,2026-07-26,ok,0
marriages,prov-46,province,1998-07,1401,marriages,ine,1998-07-31,,2026-07-26,ok,0
marriages,prov-46,province,1998-08,994,marriages,ine,1998-08-31,,2026-07-26,ok,0
marriages,prov-46,province,1998-09,1621,marriages,ine,1998-09-30,,2026-07-26,ok,0
marriages,prov-46,province,1998-10,1885,marriages,ine,1998-10-31,,2026-07-26,ok,0
marriages,prov-46,province,1998-11,820,marriages,ine,1998-11-30,,2026-07-26,ok,0
marriages,prov-46,province,1998-12,593,marriages,ine,1998-12-31,,2026-07-26,ok,0
marriages,prov-46,province,1999-01,242,marriages,ine,1999-01-31,,2026-07-26,ok,0
marriages,prov-46,province,1999-02,474,marriages,ine,1999-02-28,,2026-07-26,ok,0
marriages,prov-46,province,1999-03,840,marriages,ine,1999-03-31,,2026-07-26,ok,0
marriages,prov-46,province,1999-04,936,marriages,ine,1999-04-30,,2026-07-26,ok,0
marriages,prov-46,province,1999-05,1285,marriages,ine,1999-05-31,,2026-07-26,ok,0
marriages,prov-46,province,1999-06,1378,marriages,ine,1999-06-30,,2026-07-26,ok,0
marriages,prov-46,province,1999-07,1416,marriages,ine,1999-07-31,,2026-07-26,ok,0
marriages,prov-46,province,1999-08,787,marriages,ine,1999-08-31,,2026-07-26,ok,0
marriages,prov-46,province,1999-09,1672,marriages,ine,1999-09-30,,2026-07-26,ok,0
marriages,prov-46,province,1999-10,1906,marriages,ine,1999-10-31,,2026-07-26,ok,0
marriages,prov-46,province,1999-11,829,marriages,ine,1999-11-30,,2026-07-26,ok,0
marriages,prov-46,province,1999-12,593,marriages,ine,1999-12-31,,2026-07-26,ok,0
marriages,prov-46,province,2000-01,267,marriages,ine,2000-01-31,,2026-07-26,ok,0
marriages,prov-46,province,2000-02,446,marriages,ine,2000-02-29,,2026-07-26,ok,0
marriages,prov-46,province,2000-03,816,marriages,ine,2000-03-31,,2026-07-26,ok,0
marriages,prov-46,province,2000-04,1264,marriages,ine,2000-04-30,,2026-07-26,ok,0
marriages,prov-46,province,2000-05,1277,marriages,ine,2000-05-31,,2026-07-26,ok,0
marriages,prov-46,province,2000-06,1532,marriages,ine,2000-06-30,,2026-07-26,ok,0
marriages,prov-46,province,2000-07,1463,marriages,ine,2000-07-31,,2026-07-26,ok,0
marriages,prov-46,province,2000-08,718,marriages,ine,2000-08-31,,2026-07-26,ok,0
marriages,prov-46,province,2000-09,1956,marriages,ine,2000-09-30,,2026-07-26,ok,0
marriages,prov-46,province,2000-10,1706,marriages,ine,2000-10-31,,2026-07-26,ok,0
marriages,prov-46,province,2000-11,939,marriages,ine,2000-11-30,,2026-07-26,ok,0
marriages,prov-46,province,2000-12,600,marriages,ine,2000-12-31,,2026-07-26,ok,0
marriages,prov-46,province,2001-01,233,marriages,ine,2001-01-31,,2026-07-26,ok,0
marriages,prov-46,province,2001-02,424,marriages,ine,2001-02-28,,2026-07-26,ok,0
marriages,prov-46,province,2001-03,958,marriages,ine,2001-03-31,,2026-07-26,ok,0
marriages,prov-46,province,2001-04,1028,marriages,ine,2001-04-30,,2026-07-26,ok,0
marriages,prov-46,province,2001-05,1252,marriages,ine,2001-05-31,,2026-07-26,ok,0
marriages,prov-46,province,2001-06,1633,marriages,ine,2001-06-30,,2026-07-26,ok,0
marriages,prov-46,province,2001-07,1270,marriages,ine,2001-07-31,,2026-07-26,ok,0
marriages,prov-46,province,2001-08,773,marriages,ine,2001-08-31,,2026-07-26,ok,0
marriages,prov-46,province,2001-09,1936,marriages,ine,2001-09-30,,2026-07-26,ok,0
marriages,prov-46,province,2001-10,1682,marriages,ine,2001-10-31,,2026-07-26,ok,0
marriages,prov-46,province,2001-11,933,marriages,ine,2001-11-30,,2026-07-26,ok,0
marriages,prov-46,province,2001-12,604,marriages,ine,2001-12-31,,2026-07-26,ok,0
marriages,prov-46,province,2002-01,252,marriages,ine,2002-01-31,,2026-07-26,ok,0
marriages,prov-46,province,2002-02,517,marriages,ine,2002-02-28,,2026-07-26,ok,0
marriages,prov-46,province,2002-03,802,marriages,ine,2002-03-31,,2026-07-26,ok,0
marriages,prov-46,province,2002-04,1225,marriages,ine,2002-04-30,,2026-07-26,ok,0
marriages,prov-46,province,2002-05,1315,marriages,ine,2002-05-31,,2026-07-26,ok,0
marriages,prov-46,province,2002-06,1757,marriages,ine,2002-06-30,,2026-07-26,ok,0
marriages,prov-46,province,2002-07,1212,marriages,ine,2002-07-31,,2026-07-26,ok,0
marriages,prov-46,province,2002-08,1068,marriages,ine,2002-08-31,,2026-07-26,ok,0
marriages,prov-46,province,2002-09,1785,marriages,ine,2002-09-30,,2026-07-26,ok,0
marriages,prov-46,province,2002-10,1728,marriages,ine,2002-10-31,,2026-07-26,ok,0
marriages,prov-46,province,2002-11,1072,marriages,ine,2002-11-30,,2026-07-26,ok,0
marriages,prov-46,province,2002-12,625,marriages,ine,2002-12-31,,2026-07-26,ok,0
marriages,prov-46,province,2003-01,315,marriages,ine,2003-01-31,,2026-07-26,ok,0
marriages,prov-46,province,2003-02,526,marriages,ine,2003-02-28,,2026-07-26,ok,0
marriages,prov-46,province,2003-03,1013,marriages,ine,2003-03-31,,2026-07-26,ok,0
marriages,prov-46,province,2003-04,1021,marriages,ine,2003-04-30,,2026-07-26,ok,0
marriages,prov-46,province,2003-05,1686,marriages,ine,2003-05-31,,2026-07-26,ok,0
marriages,prov-46,province,2003-06,1621,marriages,ine,2003-06-30,,2026-07-26,ok,0
marriages,prov-46,province,2003-07,1447,marriages,ine,2003-07-31,,2026-07-26,ok,0
marriages,prov-46,province,2003-08,1071,marriages,ine,2003-08-31,,2026-07-26,ok,0
marriages,prov-46,province,2003-09,1806,marriages,ine,2003-09-30,,2026-07-26,ok,0
marriages,prov-46,province,2003-10,1729,marriages,ine,2003-10-31,,2026-07-26,ok,0
marriages,prov-46,province,2003-11,1036,marriages,ine,2003-11-30,,2026-07-26,ok,0
marriages,prov-46,province,2003-12,662,marriages,ine,2003-12-31,,2026-07-26,ok,0
marriages,prov-46,province,2004-01,363,marriages,ine,2004-01-31,,2026-07-26,ok,0
marriages,prov-46,province,2004-02,645,marriages,ine,2004-02-29,,2026-07-26,ok,0
marriages,prov-46,province,2004-03,960,marriages,ine,2004-03-31,,2026-07-26,ok,0
marriages,prov-46,province,2004-04,1186,marriages,ine,2004-04-30,,2026-07-26,ok,0
marriages,prov-46,province,2004-05,1685,marriages,ine,2004-05-31,,2026-07-26,ok,0
marriages,prov-46,province,2004-06,1706,marriages,ine,2004-06-30,,2026-07-26,ok,0
marriages,prov-46,province,2004-07,1708,marriages,ine,2004-07-31,,2026-07-26,ok,0
marriages,prov-46,province,2004-08,912,marriages,ine,2004-08-31,,2026-07-26,ok,0
marriages,prov-46,province,2004-09,1758,marriages,ine,2004-09-30,,2026-07-26,ok,0
marriages,prov-46,province,2004-10,1946,marriages,ine,2004-10-31,,2026-07-26,ok,0
marriages,prov-46,province,2004-11,947,marriages,ine,2004-11-30,,2026-07-26,ok,0
marriages,prov-46,province,2004-12,638,marriages,ine,2004-12-31,,2026-07-26,ok,0
marriages,prov-46,province,2005-01,360,marriages,ine,2005-01-31,,2026-07-26,ok,0
marriages,prov-46,province,2005-02,619,marriages,ine,2005-02-28,,2026-07-26,ok,0
marriages,prov-46,province,2005-03,633,marriages,ine,2005-03-31,,2026-07-26,ok,0
marriages,prov-46,province,2005-04,1481,marriages,ine,2005-04-30,,2026-07-26,ok,0
marriages,prov-46,province,2005-05,1380,marriages,ine,2005-05-31,,2026-07-26,ok,0
marriages,prov-46,province,2005-06,1666,marriages,ine,2005-06-30,,2026-07-26,ok,0
marriages,prov-46,province,2005-07,1650,marriages,ine,2005-07-31,,2026-07-26,ok,0
marriages,prov-46,province,2005-08,775,marriages,ine,2005-08-31,,2026-07-26,ok,0
marriages,prov-46,province,2005-09,1674,marriages,ine,2005-09-30,,2026-07-26,ok,0
marriages,prov-46,province,2005-10,1701,marriages,ine,2005-10-31,,2026-07-26,ok,0
marriages,prov-46,province,2005-11,922,marriages,ine,2005-11-30,,2026-07-26,ok,0
marriages,prov-46,province,2005-12,530,marriages,ine,2005-12-31,,2026-07-26,ok,0
marriages,prov-46,province,2006-01,291,marriages,ine,2006-01-31,,2026-07-26,ok,0
marriages,prov-46,province,2006-02,476,marriages,ine,2006-02-28,,2026-07-26,ok,0
marriages,prov-46,province,2006-03,819,marriages,ine,2006-03-31,,2026-07-26,ok,0
marriages,prov-46,province,2006-04,1244,marriages,ine,2006-04-30,,2026-07-26,ok,0
marriages,prov-46,province,2006-05,1377,marriages,ine,2006-05-31,,2026-07-26,ok,0
marriages,prov-46,province,2006-06,1680,marriages,ine,2006-06-30,,2026-07-26,ok,0
marriages,prov-46,province,2006-07,1440,marriages,ine,2006-07-31,,2026-07-26,ok,0
marriages,prov-46,province,2006-08,671,marriages,ine,2006-08-31,,2026-07-26,ok,0
marriages,prov-46,province,2006-09,1838,marriages,ine,2006-09-30,,2026-07-26,ok,0
marriages,prov-46,province,2006-10,1462,marriages,ine,2006-10-31,,2026-07-26,ok,0
marriages,prov-46,province,2006-11,805,marriages,ine,2006-11-30,,2026-07-26,ok,0
marriages,prov-46,province,2006-12,549,marriages,ine,2006-12-31,,2026-07-26,ok,0
marriages,prov-46,province,2007-01,283,marriages,ine,2007-01-31,,2026-07-26,ok,0
marriages,prov-46,province,2007-02,402,marriages,ine,2007-02-28,,2026-07-26,ok,0
marriages,prov-46,province,2007-03,934,marriages,ine,2007-03-31,,2026-07-26,ok,0
marriages,prov-46,province,2007-04,972,marriages,ine,2007-04-30,,2026-07-26,ok,0
marriages,prov-46,province,2007-05,1255,marriages,ine,2007-05-31,,2026-07-26,ok,0
marriages,prov-46,province,2007-06,1758,marriages,ine,2007-06-30,,2026-07-26,ok,0
marriages,prov-46,province,2007-07,1317,marriages,ine,2007-07-31,,2026-07-26,ok,0
marriages,prov-46,province,2007-08,675,marriages,ine,2007-08-31,,2026-07-26,ok,0
marriages,prov-46,province,2007-09,1705,marriages,ine,2007-09-30,,2026-07-26,ok,0
marriages,prov-46,province,2007-10,1488,marriages,ine,2007-10-31,,2026-07-26,ok,0
marriages,prov-46,province,2007-11,862,marriages,ine,2007-11-30,,2026-07-26,ok,0
marriages,prov-46,province,2007-12,514,marriages,ine,2007-12-31,,2026-07-26,ok,0
marriages,prov-46,province,2008-01,295,marriages,ine,2008-01-31,,2026-07-26,ok,0
marriages,prov-46,province,2008-02,462,marriages,ine,2008-02-29,,2026-07-26,ok,0
marriages,prov-46,province,2008-03,634,marriages,ine,2008-03-31,,2026-07-26,ok,0
marriages,prov-46,province,2008-04,1056,marriages,ine,2008-04-30,,2026-07-26,ok,0
marriages,prov-46,province,2008-05,1509,marriages,ine,2008-05-31,,2026-07-26,ok,0
marriages,prov-46,province,2008-06,1490,marriages,ine,2008-06-30,,2026-07-26,ok,0
marriages,prov-46,province,2008-07,1242,marriages,ine,2008-07-31,,2026-07-26,ok,0
marriages,prov-46,province,2008-08,794,marriages,ine,2008-08-31,,2026-07-26,ok,0
marriages,prov-46,province,2008-09,1442,marriages,ine,2008-09-30,,2026-07-26,ok,0
marriages,prov-46,province,2008-10,1292,marriages,ine,2008-10-31,,2026-07-26,ok,0
marriages,prov-46,province,2008-11,722,marriages,ine,2008-11-30,,2026-07-26,ok,0
marriages,prov-46,province,2008-12,469,marriages,ine,2008-12-31,,2026-07-26,ok,0
marriages,prov-46,province,2009-01,291,marriages,ine,2009-01-31,,2026-07-26,ok,0
marriages,prov-46,province,2009-02,404,marriages,ine,2009-02-28,,2026-07-26,ok,0
marriages,prov-46,province,2009-03,649,marriages,ine,2009-03-31,,2026-07-26,ok,0
marriages,prov-46,province,2009-04,759,marriages,ine,2009-04-30,,2026-07-26,ok,0
marriages,prov-46,province,2009-05,1302,marriages,ine,2009-05-31,,2026-07-26,ok,0
marriages,prov-46,province,2009-06,1358,marriages,ine,2009-06-30,,2026-07-26,ok,0
marriages,prov-46,province,2009-07,1215,marriages,ine,2009-07-31,,2026-07-26,ok,0
marriages,prov-46,province,2009-08,676,marriages,ine,2009-08-31,,2026-07-26,ok,0
marriages,prov-46,province,2009-09,1256,marriages,ine,2009-09-30,,2026-07-26,ok,0
marriages,prov-46,province,2009-10,1220,marriages,ine,2009-10-31,,2026-07-26,ok,0
marriages,prov-46,province,2009-11,571,marriages,ine,2009-11-30,,2026-07-26,ok,0
marriages,prov-46,province,2009-12,429,marriages,ine,2009-12-31,,2026-07-26,ok,0
marriages,prov-46,province,2010-01,309,marriages,ine,2010-01-31,,2026-07-26,ok,0
marriages,prov-46,province,2010-02,464,marriages,ine,2010-02-28,,2026-07-26,ok,0
marriages,prov-46,province,2010-03,576,marriages,ine,2010-03-31,,2026-07-26,ok,0
marriages,prov-46,province,2010-04,750,marriages,ine,2010-04-30,,2026-07-26,ok,0
marriages,prov-46,province,2010-05,1168,marriages,ine,2010-05-31,,2026-07-26,ok,0
marriages,prov-46,province,2010-06,1304,marriages,ine,2010-06-30,,2026-07-26,ok,0
marriages,prov-46,province,2010-07,1269,marriages,ine,2010-07-31,,2026-07-26,ok,0
marriages,prov-46,province,2010-08,498,marriages,ine,2010-08-31,,2026-07-26,ok,0
marriages,prov-46,province,2010-09,1178,marriages,ine,2010-09-30,,2026-07-26,ok,0
marriages,prov-46,province,2010-10,1187,marriages,ine,2010-10-31,,2026-07-26,ok,0
marriages,prov-46,province,2010-11,561,marriages,ine,2010-11-30,,2026-07-26,ok,0
marriages,prov-46,province,2010-12,412,marriages,ine,2010-12-31,,2026-07-26,ok,0
marriages,prov-46,province,2011-01,279,marriages,ine,2011-01-31,,2026-07-26,ok,0
marriages,prov-46,province,2011-02,371,marriages,ine,2011-02-28,,2026-07-26,ok,0
marriages,prov-46,province,2011-03,488,marriages,ine,2011-03-31,,2026-07-26,ok,0
marriages,prov-46,province,2011-04,819,marriages,ine,2011-04-30,,2026-07-26,ok,0
marriages,prov-46,province,2011-05,1038,marriages,ine,2011-05-31,,2026-07-26,ok,0
marriages,prov-46,province,2011-06,1294,marriages,ine,2011-06-30,,2026-07-26,ok,0
marriages,prov-46,province,2011-07,1265,marriages,ine,2011-07-31,,2026-07-26,ok,0
marriages,prov-46,province,2011-08,534,marriages,ine,2011-08-31,,2026-07-26,ok,0
marriages,prov-46,province,2011-09,1205,marriages,ine,2011-09-30,,2026-07-26,ok,0
marriages,prov-46,province,2011-10,987,marriages,ine,2011-10-31,,2026-07-26,ok,0
marriages,prov-46,province,2011-11,568,marriages,ine,2011-11-30,,2026-07-26,ok,0
marriages,prov-46,province,2011-12,437,marriages,ine,2011-12-31,,2026-07-26,ok,0
marriages,prov-46,province,2012-01,303,marriages,ine,2012-01-31,,2026-07-26,ok,0
marriages,prov-46,province,2012-02,438,marriages,ine,2012-02-29,,2026-07-26,ok,0
marriages,prov-46,province,2012-03,596,marriages,ine,2012-03-31,,2026-07-26,ok,0
marriages,prov-46,province,2012-04,630,marriages,ine,2012-04-30,,2026-07-26,ok,0
marriages,prov-46,province,2012-05,1000,marriages,ine,2012-05-31,,2026-07-26,ok,0
marriages,prov-46,province,2012-06,1437,marriages,ine,2012-06-30,,2026-07-26,ok,0
marriages,prov-46,province,2012-07,1084,marriages,ine,2012-07-31,,2026-07-26,ok,0
marriages,prov-46,province,2012-08,551,marriages,ine,2012-08-31,,2026-07-26,ok,0
marriages,prov-46,province,2012-09,1328,marriages,ine,2012-09-30,,2026-07-26,ok,0
marriages,prov-46,province,2012-10,995,marriages,ine,2012-10-31,,2026-07-26,ok,0
marriages,prov-46,province,2012-11,599,marriages,ine,2012-11-30,,2026-07-26,ok,0
marriages,prov-46,province,2012-12,476,marriages,ine,2012-12-31,,2026-07-26,ok,0
marriages,prov-46,province,2013-01,350,marriages,ine,2013-01-31,,2026-07-26,ok,0
marriages,prov-46,province,2013-02,385,marriages,ine,2013-02-28,,2026-07-26,ok,0
marriages,prov-46,province,2013-03,497,marriages,ine,2013-03-31,,2026-07-26,ok,0
marriages,prov-46,province,2013-04,692,marriages,ine,2013-04-30,,2026-07-26,ok,0
marriages,prov-46,province,2013-05,920,marriages,ine,2013-05-31,,2026-07-26,ok,0
marriages,prov-46,province,2013-06,1342,marriages,ine,2013-06-30,,2026-07-26,ok,0
marriages,prov-46,province,2013-07,1091,marriages,ine,2013-07-31,,2026-07-26,ok,0
marriages,prov-46,province,2013-08,595,marriages,ine,2013-08-31,,2026-07-26,ok,0
marriages,prov-46,province,2013-09,1165,marriages,ine,2013-09-30,,2026-07-26,ok,0
marriages,prov-46,province,2013-10,916,marriages,ine,2013-10-31,,2026-07-26,ok,0
marriages,prov-46,province,2013-11,606,marriages,ine,2013-11-30,,2026-07-26,ok,0
marriages,prov-46,province,2013-12,430,marriages,ine,2013-12-31,,2026-07-26,ok,0
marriages,prov-46,province,2014-01,332,marriages,ine,2014-01-31,,2026-07-26,ok,0
marriages,prov-46,province,2014-02,450,marriages,ine,2014-02-28,,2026-07-26,ok,0
marriages,prov-46,province,2014-03,541,marriages,ine,2014-03-31,,2026-07-26,ok,0
marriages,prov-46,province,2014-04,608,marriages,ine,2014-04-30,,2026-07-26,ok,0
marriages,prov-46,province,2014-05,1052,marriages,ine,2014-05-31,,2026-07-26,ok,0
marriages,prov-46,province,2014-06,1208,marriages,ine,2014-06-30,,2026-07-26,ok,0
marriages,prov-46,province,2014-07,1120,marriages,ine,2014-07-31,,2026-07-26,ok,0
marriages,prov-46,province,2014-08,619,marriages,ine,2014-08-31,,2026-07-26,ok,0
marriages,prov-46,province,2014-09,1179,marriages,ine,2014-09-30,,2026-07-26,ok,0
marriages,prov-46,province,2014-10,1031,marriages,ine,2014-10-31,,2026-07-26,ok,0
marriages,prov-46,province,2014-11,636,marriages,ine,2014-11-30,,2026-07-26,ok,0
marriages,prov-46,province,2014-12,505,marriages,ine,2014-12-31,,2026-07-26,ok,0
marriages,prov-46,province,2015-01,365,marriages,ine,2015-01-31,,2026-07-26,ok,0
marriages,prov-46,province,2015-02,414,marriages,ine,2015-02-28,,2026-07-26,ok,0
marriages,prov-46,province,2015-03,559,marriages,ine,2015-03-31,,2026-07-26,ok,0
marriages,prov-46,province,2015-04,693,marriages,ine,2015-04-30,,2026-07-26,ok,0
marriages,prov-46,province,2015-05,1073,marriages,ine,2015-05-31,,2026-07-26,ok,0
marriages,prov-46,province,2015-06,1205,marriages,ine,2015-06-30,,2026-07-26,ok,0
marriages,prov-46,province,2015-07,1150,marriages,ine,2015-07-31,,2026-07-26,ok,0
marriages,prov-46,province,2015-08,544,marriages,ine,2015-08-31,,2026-07-26,ok,0
marriages,prov-46,province,2015-09,1234,marriages,ine,2015-09-30,,2026-07-26,ok,0
marriages,prov-46,province,2015-10,1217,marriages,ine,2015-10-31,,2026-07-26,ok,0
marriages,prov-46,province,2015-11,612,marriages,ine,2015-11-30,,2026-07-26,ok,0
marriages,prov-46,province,2015-12,523,marriages,ine,2015-12-31,,2026-07-26,ok,0
marriages,prov-46,province,2016-01,336,marriages,ine,2016-01-31,,2026-07-26,ok,0
marriages,prov-46,province,2016-02,427,marriages,ine,2016-02-29,,2026-07-26,ok,0
marriages,prov-46,province,2016-03,443,marriages,ine,2016-03-31,,2026-07-26,ok,0
marriages,prov-46,province,2016-04,931,marriages,ine,2016-04-30,,2026-07-26,ok,0
marriages,prov-46,province,2016-05,982,marriages,ine,2016-05-31,,2026-07-26,ok,0
marriages,prov-46,province,2016-06,1350,marriages,ine,2016-06-30,,2026-07-26,ok,0
marriages,prov-46,province,2016-07,1152,marriages,ine,2016-07-31,,2026-07-26,ok,0
marriages,prov-46,province,2016-08,582,marriages,ine,2016-08-31,,2026-07-26,ok,0
marriages,prov-46,province,2016-09,1368,marriages,ine,2016-09-30,,2026-07-26,ok,0
marriages,prov-46,province,2016-10,1075,marriages,ine,2016-10-31,,2026-07-26,ok,0
marriages,prov-46,province,2016-11,708,marriages,ine,2016-11-30,,2026-07-26,ok,0
marriages,prov-46,province,2016-12,480,marriages,ine,2016-12-31,,2026-07-26,ok,0
marriages,prov-46,province,2017-01,307,marriages,ine,2017-01-31,,2026-07-26,ok,0
marriages,prov-46,province,2017-02,389,marriages,ine,2017-02-28,,2026-07-26,ok,0
marriages,prov-46,province,2017-03,581,marriages,ine,2017-03-31,,2026-07-26,ok,0
marriages,prov-46,province,2017-04,763,marriages,ine,2017-04-30,,2026-07-26,ok,0
marriages,prov-46,province,2017-05,943,marriages,ine,2017-05-31,,2026-07-26,ok,0
marriages,prov-46,province,2017-06,1301,marriages,ine,2017-06-30,,2026-07-26,ok,0
marriages,prov-46,province,2017-07,1167,marriages,ine,2017-07-31,,2026-07-26,ok,0
marriages,prov-46,province,2017-08,546,marriages,ine,2017-08-31,,2026-07-26,ok,0
marriages,prov-46,province,2017-09,1323,marriages,ine,2017-09-30,,2026-07-26,ok,0
marriages,prov-46,province,2017-10,943,marriages,ine,2017-10-31,,2026-07-26,ok,0
marriages,prov-46,province,2017-11,668,marriages,ine,2017-11-30,,2026-07-26,ok,0
marriages,prov-46,province,2017-12,519,marriages,ine,2017-12-31,,2026-07-26,ok,0
marriages,prov-46,province,2018-01,362,marriages,ine,2018-01-31,,2026-07-26,ok,0
marriages,prov-46,province,2018-02,418,marriages,ine,2018-02-28,,2026-07-26,ok,0
marriages,prov-46,province,2018-03,549,marriages,ine,2018-03-31,,2026-07-26,ok,0
marriages,prov-46,province,2018-04,721,marriages,ine,2018-04-30,,2026-07-26,ok,0
marriages,prov-46,province,2018-05,863,marriages,ine,2018-05-31,,2026-07-26,ok,0
marriages,prov-46,province,2018-06,1409,marriages,ine,2018-06-30,,2026-07-26,ok,0
marriages,prov-46,province,2018-07,964,marriages,ine,2018-07-31,,2026-07-26,ok,0
marriages,prov-46,province,2018-08,561,marriages,ine,2018-08-31,,2026-07-26,ok,0
marriages,prov-46,province,2018-09,1221,marriages,ine,2018-09-30,,2026-07-26,ok,0
marriages,prov-46,province,2018-10,1033,marriages,ine,2018-10-31,,2026-07-26,ok,0
marriages,prov-46,province,2018-11,719,marriages,ine,2018-11-30,,2026-07-26,ok,0
marriages,prov-46,province,2018-12,508,marriages,ine,2018-12-31,,2026-07-26,ok,0
marriages,prov-46,province,2019-01,335,marriages,ine,2019-01-31,,2026-07-26,ok,0
marriages,prov-46,province,2019-02,416,marriages,ine,2019-02-28,,2026-07-26,ok,0
marriages,prov-46,province,2019-03,593,marriages,ine,2019-03-31,,2026-07-26,ok,0
marriages,prov-46,province,2019-04,647,marriages,ine,2019-04-30,,2026-07-26,ok,0
marriages,prov-46,province,2019-05,966,marriages,ine,2019-05-31,,2026-07-26,ok,0
marriages,prov-46,province,2019-06,1189,marriages,ine,2019-06-30,,2026-07-26,ok,0
marriages,prov-46,province,2019-07,961,marriages,ine,2019-07-31,,2026-07-26,ok,0
marriages,prov-46,province,2019-08,488,marriages,ine,2019-08-31,,2026-07-26,ok,0
marriages,prov-46,province,2019-09,1133,marriages,ine,2019-09-30,,2026-07-26,ok,0
marriages,prov-46,province,2019-10,968,marriages,ine,2019-10-31,,2026-07-26,ok,0
marriages,prov-46,province,2019-11,703,marriages,ine,2019-11-30,,2026-07-26,ok,0
marriages,prov-46,province,2019-12,538,marriages,ine,2019-12-31,,2026-07-26,ok,0
marriages,prov-46,province,2020-01,360,marriages,ine,2020-01-31,,2026-07-26,ok,0
marriages,prov-46,province,2020-02,467,marriages,ine,2020-02-29,,2026-07-26,ok,0
marriages,prov-46,province,2020-03,274,marriages,ine,2020-03-31,,2026-07-26,ok,0
marriages,prov-46,province,2020-04,15,marriages,ine,2020-04-30,,2026-07-26,ok,0
marriages,prov-46,province,2020-05,64,marriages,ine,2020-05-31,,2026-07-26,ok,0
marriages,prov-46,province,2020-06,477,marriages,ine,2020-06-30,,2026-07-26,ok,0
marriages,prov-46,province,2020-07,700,marriages,ine,2020-07-31,,2026-07-26,ok,0
marriages,prov-46,province,2020-08,368,marriages,ine,2020-08-31,,2026-07-26,ok,0
marriages,prov-46,province,2020-09,777,marriages,ine,2020-09-30,,2026-07-26,ok,0
marriages,prov-46,province,2020-10,805,marriages,ine,2020-10-31,,2026-07-26,ok,0
marriages,prov-46,province,2020-11,511,marriages,ine,2020-11-30,,2026-07-26,ok,0
marriages,prov-46,province,2020-12,461,marriages,ine,2020-12-31,,2026-07-26,ok,0
marriages,prov-46,province,2021-01,352,marriages,ine,2021-01-31,,2026-07-26,ok,0
marriages,prov-46,province,2021-02,412,marriages,ine,2021-02-28,,2026-07-26,ok,0
marriages,prov-46,province,2021-03,484,marriages,ine,2021-03-31,,2026-07-26,ok,0
marriages,prov-46,province,2021-04,539,marriages,ine,2021-04-30,,2026-07-26,ok,0
marriages,prov-46,province,2021-05,777,marriages,ine,2021-05-31,,2026-07-26,ok,0
marriages,prov-46,province,2021-06,997,marriages,ine,2021-06-30,,2026-07-26,ok,0
marriages,prov-46,province,2021-07,999,marriages,ine,2021-07-31,,2026-07-26,ok,0
marriages,prov-46,province,2021-08,430,marriages,ine,2021-08-31,,2026-07-26,ok,0
marriages,prov-46,province,2021-09,1050,marriages,ine,2021-09-30,,2026-07-26,ok,0
marriages,prov-46,province,2021-10,1087,marriages,ine,2021-10-31,,2026-07-26,ok,0
marriages,prov-46,province,2021-11,634,marriages,ine,2021-11-30,,2026-07-26,ok,0
marriages,prov-46,province,2021-12,593,marriages,ine,2021-12-31,,2026-07-26,ok,0
marriages,prov-46,province,2022-01,396,marriages,ine,2022-01-31,,2026-07-26,ok,0
marriages,prov-46,province,2022-02,562,marriages,ine,2022-02-28,,2026-07-26,ok,0
marriages,prov-46,province,2022-03,671,marriages,ine,2022-03-31,,2026-07-26,ok,0
marriages,prov-46,province,2022-04,812,marriages,ine,2022-04-30,,2026-07-26,ok,0
marriages,prov-46,province,2022-05,1000,marriages,ine,2022-05-31,,2026-07-26,ok,0
marriages,prov-46,province,2022-06,1195,marriages,ine,2022-06-30,,2026-07-26,ok,0
marriages,prov-46,province,2022-07,1208,marriages,ine,2022-07-31,,2026-07-26,ok,0
marriages,prov-46,province,2022-08,477,marriages,ine,2022-08-31,,2026-07-26,ok,0
marriages,prov-46,province,2022-09,1306,marriages,ine,2022-09-30,,2026-07-26,ok,0
marriages,prov-46,province,2022-10,1120,marriages,ine,2022-10-31,,2026-07-26,ok,0
marriages,prov-46,province,2022-11,797,marriages,ine,2022-11-30,,2026-07-26,ok,0
marriages,prov-46,province,2022-12,611,marriages,ine,2022-12-31,,2026-07-26,ok,0
marriages,prov-46,province,2023-01,410,marriages,ine,2023-01-31,,2026-07-26,ok,0
marriages,prov-46,province,2023-02,532,marriages,ine,2023-02-28,,2026-07-26,ok,0
marriages,prov-46,province,2023-03,703,marriages,ine,2023-03-31,,2026-07-26,ok,0
marriages,prov-46,province,2023-04,781,marriages,ine,2023-04-30,,2026-07-26,ok,0
marriages,prov-46,province,2023-05,992,marriages,ine,2023-05-31,,2026-07-26,ok,0
marriages,prov-46,province,2023-06,1258,marriages,ine,2023-06-30,,2026-07-26,ok,0
marriages,prov-46,province,2023-07,979,marriages,ine,2023-07-31,,2026-07-26,ok,0
marriages,prov-46,province,2023-08,388,marriages,ine,2023-08-31,,2026-07-26,ok,0
marriages,prov-46,province,2023-09,1271,marriages,ine,2023-09-30,,2026-07-26,ok,0
marriages,prov-46,province,2023-10,1104,marriages,ine,2023-10-31,,2026-07-26,ok,0
marriages,prov-46,province,2023-11,828,marriages,ine,2023-11-30,,2026-07-26,ok,0
marriages,prov-46,province,2023-12,637,marriages,ine,2023-12-31,,2026-07-26,ok,0
marriages,prov-46,province,2024-01,437,marriages,ine,2024-01-31,,2026-07-26,ok,0
marriages,prov-46,province,2024-02,550,marriages,ine,2024-02-29,,2026-07-26,ok,0
marriages,prov-46,province,2024-03,618,marriages,ine,2024-03-31,,2026-07-26,ok,0
marriages,prov-46,province,2024-04,919,marriages,ine,2024-04-30,,2026-07-26,ok,0
marriages,prov-46,province,2024-05,1062,marriages,ine,2024-05-31,,2026-07-26,ok,0
marriages,prov-46,province,2024-06,1189,marriages,ine,2024-06-30,,2026-07-26,ok,0
marriages,prov-46,province,2024-07,881,marriages,ine,2024-07-31,,2026-07-26,ok,0
marriages,prov-46,province,2024-08,377,marriages,ine,2024-08-31,,2026-07-26,ok,0
marriages,prov-46,province,2024-09,1151,marriages,ine,2024-09-30,,2026-07-26,ok,0
marriages,prov-46,province,2024-10,1179,marriages,ine,2024-10-31,,2026-07-26,ok,0
marriages,prov-46,province,2024-11,820,marriages,ine,2024-11-30,,2026-07-26,ok,0
marriages,prov-46,province,2024-12,557,marriages,ine,2024-12-31,,2026-07-26,ok,0
marriages,prov-48,province,1975-01,356,marriages,ine,1975-01-31,,2026-07-26,ok,0
marriages,prov-48,province,1975-02,307,marriages,ine,1975-02-28,,2026-07-26,ok,0
marriages,prov-48,province,1975-03,476,marriages,ine,1975-03-31,,2026-07-26,ok,0
marriages,prov-48,province,1975-04,644,marriages,ine,1975-04-30,,2026-07-26,ok,0
marriages,prov-48,province,1975-05,1115,marriages,ine,1975-05-31,,2026-07-26,ok,0
marriages,prov-48,province,1975-06,722,marriages,ine,1975-06-30,,2026-07-26,ok,0
marriages,prov-48,province,1975-07,1143,marriages,ine,1975-07-31,,2026-07-26,ok,0
marriages,prov-48,province,1975-08,1348,marriages,ine,1975-08-31,,2026-07-26,ok,0
marriages,prov-48,province,1975-09,1168,marriages,ine,1975-09-30,,2026-07-26,ok,0
marriages,prov-48,province,1975-10,1097,marriages,ine,1975-10-31,,2026-07-26,ok,0
marriages,prov-48,province,1975-11,494,marriages,ine,1975-11-30,,2026-07-26,ok,0
marriages,prov-48,province,1975-12,789,marriages,ine,1975-12-31,,2026-07-26,ok,0
marriages,prov-48,province,1976-01,428,marriages,ine,1976-01-31,,2026-07-26,ok,0
marriages,prov-48,province,1976-02,357,marriages,ine,1976-02-29,,2026-07-26,ok,0
marriages,prov-48,province,1976-03,578,marriages,ine,1976-03-31,,2026-07-26,ok,0
marriages,prov-48,province,1976-04,560,marriages,ine,1976-04-30,,2026-07-26,ok,0
marriages,prov-48,province,1976-05,1044,marriages,ine,1976-05-31,,2026-07-26,ok,0
marriages,prov-48,province,1976-06,741,marriages,ine,1976-06-30,,2026-07-26,ok,0
marriages,prov-48,province,1976-07,1215,marriages,ine,1976-07-31,,2026-07-26,ok,0
marriages,prov-48,province,1976-08,919,marriages,ine,1976-08-31,,2026-07-26,ok,0
marriages,prov-48,province,1976-09,1026,marriages,ine,1976-09-30,,2026-07-26,ok,0
marriages,prov-48,province,1976-10,1087,marriages,ine,1976-10-31,,2026-07-26,ok,0
marriages,prov-48,province,1976-11,404,marriages,ine,1976-11-30,,2026-07-26,ok,0
marriages,prov-48,province,1976-12,555,marriages,ine,1976-12-31,,2026-07-26,ok,0
marriages,prov-48,province,1977-01,418,marriages,ine,1977-01-31,,2026-07-26,ok,0
marriages,prov-48,province,1977-02,338,marriages,ine,1977-02-28,,2026-07-26,ok,0
marriages,prov-48,province,1977-03,563,marriages,ine,1977-03-31,,2026-07-26,ok,0
marriages,prov-48,province,1977-04,674,marriages,ine,1977-04-30,,2026-07-26,ok,0
marriages,prov-48,province,1977-05,891,marriages,ine,1977-05-31,,2026-07-26,ok,0
marriages,prov-48,province,1977-06,772,marriages,ine,1977-06-30,,2026-07-26,ok,0
marriages,prov-48,province,1977-07,1443,marriages,ine,1977-07-31,,2026-07-26,ok,0
marriages,prov-48,province,1977-08,1086,marriages,ine,1977-08-31,,2026-07-26,ok,0
marriages,prov-48,province,1977-09,1039,marriages,ine,1977-09-30,,2026-07-26,ok,0
marriages,prov-48,province,1977-10,904,marriages,ine,1977-10-31,,2026-07-26,ok,0
marriages,prov-48,province,1977-11,430,marriages,ine,1977-11-30,,2026-07-26,ok,0
marriages,prov-48,province,1977-12,570,marriages,ine,1977-12-31,,2026-07-26,ok,0
marriages,prov-48,province,1978-01,409,marriages,ine,1978-01-31,,2026-07-26,ok,0
marriages,prov-48,province,1978-02,329,marriages,ine,1978-02-28,,2026-07-26,ok,0
marriages,prov-48,province,1978-03,533,marriages,ine,1978-03-31,,2026-07-26,ok,0
marriages,prov-48,province,1978-04,630,marriages,ine,1978-04-30,,2026-07-26,ok,0
marriages,prov-48,province,1978-05,783,marriages,ine,1978-05-31,,2026-07-26,ok,0
marriages,prov-48,province,1978-06,667,marriages,ine,1978-06-30,,2026-07-26,ok,0
marriages,prov-48,province,1978-07,1312,marriages,ine,1978-07-31,,2026-07-26,ok,0
marriages,prov-48,province,1978-08,944,marriages,ine,1978-08-31,,2026-07-26,ok,0
marriages,prov-48,province,1978-09,1248,marriages,ine,1978-09-30,,2026-07-26,ok,0
marriages,prov-48,province,1978-10,711,marriages,ine,1978-10-31,,2026-07-26,ok,0
marriages,prov-48,province,1978-11,430,marriages,ine,1978-11-30,,2026-07-26,ok,0
marriages,prov-48,province,1978-12,617,marriages,ine,1978-12-31,,2026-07-26,ok,0
marriages,prov-48,province,1979-01,289,marriages,ine,1979-01-31,,2026-07-26,ok,0
marriages,prov-48,province,1979-02,297,marriages,ine,1979-02-28,,2026-07-26,ok,0
marriages,prov-48,province,1979-03,562,marriages,ine,1979-03-31,,2026-07-26,ok,0
marriages,prov-48,province,1979-04,584,marriages,ine,1979-04-30,,2026-07-26,ok,0
marriages,prov-48,province,1979-05,692,marriages,ine,1979-05-31,,2026-07-26,ok,0
marriages,prov-48,province,1979-06,753,marriages,ine,1979-06-30,,2026-07-26,ok,0
marriages,prov-48,province,1979-07,1172,marriages,ine,1979-07-31,,2026-07-26,ok,0
marriages,prov-48,province,1979-08,822,marriages,ine,1979-08-31,,2026-07-26,ok,0
marriages,prov-48,province,1979-09,1016,marriages,ine,1979-09-30,,2026-07-26,ok,0
marriages,prov-48,province,1979-10,744,marriages,ine,1979-10-31,,2026-07-26,ok,0
marriages,prov-48,province,1979-11,379,marriages,ine,1979-11-30,,2026-07-26,ok,0
marriages,prov-48,province,1979-12,515,marriages,ine,1979-12-31,,2026-07-26,ok,0
marriages,prov-48,province,1980-01,312,marriages,ine,1980-01-31,,2026-07-26,ok,0
marriages,prov-48,province,1980-02,274,marriages,ine,1980-02-29,,2026-07-26,ok,0
marriages,prov-48,province,1980-03,553,marriages,ine,1980-03-31,,2026-07-26,ok,0
marriages,prov-48,province,1980-04,421,marriages,ine,1980-04-30,,2026-07-26,ok,0
marriages,prov-48,province,1980-05,849,marriages,ine,1980-05-31,,2026-07-26,ok,0
marriages,prov-48,province,1980-06,682,marriages,ine,1980-06-30,,2026-07-26,ok,0
marriages,prov-48,province,1980-07,1091,marriages,ine,1980-07-31,,2026-07-26,ok,0
marriages,prov-48,province,1980-08,886,marriages,ine,1980-08-31,,2026-07-26,ok,0
marriages,prov-48,province,1980-09,796,marriages,ine,1980-09-30,,2026-07-26,ok,0
marriages,prov-48,province,1980-10,687,marriages,ine,1980-10-31,,2026-07-26,ok,0
marriages,prov-48,province,1980-11,322,marriages,ine,1980-11-30,,2026-07-26,ok,0
marriages,prov-48,province,1980-12,422,marriages,ine,1980-12-31,,2026-07-26,ok,0
marriages,prov-48,province,1981-01,306,marriages,ine,1981-01-31,,2026-07-26,ok,0
marriages,prov-48,province,1981-02,284,marriages,ine,1981-02-28,,2026-07-26,ok,0
marriages,prov-48,province,1981-03,398,marriages,ine,1981-03-31,,2026-07-26,ok,0
marriages,prov-48,province,1981-04,380,marriages,ine,1981-04-30,,2026-07-26,ok,0
marriages,prov-48,province,1981-05,693,marriages,ine,1981-05-31,,2026-07-26,ok,0
marriages,prov-48,province,1981-06,572,marriages,ine,1981-06-30,,2026-07-26,ok,0
marriages,prov-48,province,1981-07,960,marriages,ine,1981-07-31,,2026-07-26,ok,0
marriages,prov-48,province,1981-08,738,marriages,ine,1981-08-31,,2026-07-26,ok,0
marriages,prov-48,province,1981-09,757,marriages,ine,1981-09-30,,2026-07-26,ok,0
marriages,prov-48,province,1981-10,671,marriages,ine,1981-10-31,,2026-07-26,ok,0
marriages,prov-48,province,1981-11,273,marriages,ine,1981-11-30,,2026-07-26,ok,0
marriages,prov-48,province,1981-12,326,marriages,ine,1981-12-31,,2026-07-26,ok,0
marriages,prov-48,province,1982-01,343,marriages,ine,1982-01-31,,2026-07-26,ok,0
marriages,prov-48,province,1982-02,273,marriages,ine,1982-02-28,,2026-07-26,ok,0
marriages,prov-48,province,1982-03,402,marriages,ine,1982-03-31,,2026-07-26,ok,0
marriages,prov-48,province,1982-04,444,marriages,ine,1982-04-30,,2026-07-26,ok,0
marriages,prov-48,province,1982-05,654,marriages,ine,1982-05-31,,2026-07-26,ok,0
marriages,prov-48,province,1982-06,615,marriages,ine,1982-06-30,,2026-07-26,ok,0
marriages,prov-48,province,1982-07,1112,marriages,ine,1982-07-31,,2026-07-26,ok,0
marriages,prov-48,province,1982-08,613,marriages,ine,1982-08-31,,2026-07-26,ok,0
marriages,prov-48,province,1982-09,767,marriages,ine,1982-09-30,,2026-07-26,ok,0
marriages,prov-48,province,1982-10,687,marriages,ine,1982-10-31,,2026-07-26,ok,0
marriages,prov-48,province,1982-11,269,marriages,ine,1982-11-30,,2026-07-26,ok,0
marriages,prov-48,province,1982-12,356,marriages,ine,1982-12-31,,2026-07-26,ok,0
marriages,prov-48,province,1983-01,270,marriages,ine,1983-01-31,,2026-07-26,ok,0
marriages,prov-48,province,1983-02,231,marriages,ine,1983-02-28,,2026-07-26,ok,0
marriages,prov-48,province,1983-03,402,marriages,ine,1983-03-31,,2026-07-26,ok,0
marriages,prov-48,province,1983-04,399,marriages,ine,1983-04-30,,2026-07-26,ok,0
marriages,prov-48,province,1983-05,534,marriages,ine,1983-05-31,,2026-07-26,ok,0
marriages,prov-48,province,1983-06,572,marriages,ine,1983-06-30,,2026-07-26,ok,0
marriages,prov-48,province,1983-07,1117,marriages,ine,1983-07-31,,2026-07-26,ok,0
marriages,prov-48,province,1983-08,476,marriages,ine,1983-08-31,,2026-07-26,ok,0
marriages,prov-48,province,1983-09,739,marriages,ine,1983-09-30,,2026-07-26,ok,0
marriages,prov-48,province,1983-10,610,marriages,ine,1983-10-31,,2026-07-26,ok,0
marriages,prov-48,province,1983-11,254,marriages,ine,1983-11-30,,2026-07-26,ok,0
marriages,prov-48,province,1983-12,328,marriages,ine,1983-12-31,,2026-07-26,ok,0
marriages,prov-48,province,1984-01,238,marriages,ine,1984-01-31,,2026-07-26,ok,0
marriages,prov-48,province,1984-02,228,marriages,ine,1984-02-29,,2026-07-26,ok,0
marriages,prov-48,province,1984-03,348,marriages,ine,1984-03-31,,2026-07-26,ok,0
marriages,prov-48,province,1984-04,448,marriages,ine,1984-04-30,,2026-07-26,ok,0
marriages,prov-48,province,1984-05,509,marriages,ine,1984-05-31,,2026-07-26,ok,0
marriages,prov-48,province,1984-06,606,marriages,ine,1984-06-30,,2026-07-26,ok,0
marriages,prov-48,province,1984-07,924,marriages,ine,1984-07-31,,2026-07-26,ok,0
marriages,prov-48,province,1984-08,505,marriages,ine,1984-08-31,,2026-07-26,ok,0
marriages,prov-48,province,1984-09,781,marriages,ine,1984-09-30,,2026-07-26,ok,0
marriages,prov-48,province,1984-10,561,marriages,ine,1984-10-31,,2026-07-26,ok,0
marriages,prov-48,province,1984-11,324,marriages,ine,1984-11-30,,2026-07-26,ok,0
marriages,prov-48,province,1984-12,316,marriages,ine,1984-12-31,,2026-07-26,ok,0
marriages,prov-48,province,1985-01,195,marriages,ine,1985-01-31,,2026-07-26,ok,0
marriages,prov-48,province,1985-02,213,marriages,ine,1985-02-28,,2026-07-26,ok,0
marriages,prov-48,province,1985-03,411,marriages,ine,1985-03-31,,2026-07-26,ok,0
marriages,prov-48,province,1985-04,302,marriages,ine,1985-04-30,,2026-07-26,ok,0
marriages,prov-48,province,1985-05,477,marriages,ine,1985-05-31,,2026-07-26,ok,0
marriages,prov-48,province,1985-06,634,marriages,ine,1985-06-30,,2026-07-26,ok,0
marriages,prov-48,province,1985-07,821,marriages,ine,1985-07-31,,2026-07-26,ok,0
marriages,prov-48,province,1985-08,602,marriages,ine,1985-08-31,,2026-07-26,ok,0
marriages,prov-48,province,1985-09,684,marriages,ine,1985-09-30,,2026-07-26,ok,0
marriages,prov-48,province,1985-10,511,marriages,ine,1985-10-31,,2026-07-26,ok,0
marriages,prov-48,province,1985-11,283,marriages,ine,1985-11-30,,2026-07-26,ok,0
marriages,prov-48,province,1985-12,232,marriages,ine,1985-12-31,,2026-07-26,ok,0
marriages,prov-48,province,1986-01,185,marriages,ine,1986-01-31,,2026-07-26,ok,0
marriages,prov-48,province,1986-02,212,marriages,ine,1986-02-28,,2026-07-26,ok,0
marriages,prov-48,province,1986-03,343,marriages,ine,1986-03-31,,2026-07-26,ok,0
marriages,prov-48,province,1986-04,357,marriages,ine,1986-04-30,,2026-07-26,ok,0
marriages,prov-48,province,1986-05,619,marriages,ine,1986-05-31,,2026-07-26,ok,0
marriages,prov-48,province,1986-06,530,marriages,ine,1986-06-30,,2026-07-26,ok,0
marriages,prov-48,province,1986-07,848,marriages,ine,1986-07-31,,2026-07-26,ok,0
marriages,prov-48,province,1986-08,642,marriages,ine,1986-08-31,,2026-07-26,ok,0
marriages,prov-48,province,1986-09,743,marriages,ine,1986-09-30,,2026-07-26,ok,0
marriages,prov-48,province,1986-10,615,marriages,ine,1986-10-31,,2026-07-26,ok,0
marriages,prov-48,province,1986-11,281,marriages,ine,1986-11-30,,2026-07-26,ok,0
marriages,prov-48,province,1986-12,272,marriages,ine,1986-12-31,,2026-07-26,ok,0
marriages,prov-48,province,1987-01,212,marriages,ine,1987-01-31,,2026-07-26,ok,0
marriages,prov-48,province,1987-02,205,marriages,ine,1987-02-28,,2026-07-26,ok,0
marriages,prov-48,province,1987-03,353,marriages,ine,1987-03-31,,2026-07-26,ok,0
marriages,prov-48,province,1987-04,339,marriages,ine,1987-04-30,,2026-07-26,ok,0
marriages,prov-48,province,1987-05,525,marriages,ine,1987-05-31,,2026-07-26,ok,0
marriages,prov-48,province,1987-06,555,marriages,ine,1987-06-30,,2026-07-26,ok,0
marriages,prov-48,province,1987-07,858,marriages,ine,1987-07-31,,2026-07-26,ok,0
marriages,prov-48,province,1987-08,623,marriages,ine,1987-08-31,,2026-07-26,ok,0
marriages,prov-48,province,1987-09,724,marriages,ine,1987-09-30,,2026-07-26,ok,0
marriages,prov-48,province,1987-10,627,marriages,ine,1987-10-31,,2026-07-26,ok,0
marriages,prov-48,province,1987-11,220,marriages,ine,1987-11-30,,2026-07-26,ok,0
marriages,prov-48,province,1987-12,253,marriages,ine,1987-12-31,,2026-07-26,ok,0
marriages,prov-48,province,1988-01,191,marriages,ine,1988-01-31,,2026-07-26,ok,0
marriages,prov-48,province,1988-02,197,marriages,ine,1988-02-29,,2026-07-26,ok,0
marriages,prov-48,province,1988-03,346,marriages,ine,1988-03-31,,2026-07-26,ok,0
marriages,prov-48,province,1988-04,383,marriages,ine,1988-04-30,,2026-07-26,ok,0
marriages,prov-48,province,1988-05,422,marriages,ine,1988-05-31,,2026-07-26,ok,0
marriages,prov-48,province,1988-06,564,marriages,ine,1988-06-30,,2026-07-26,ok,0
marriages,prov-48,province,1988-07,985,marriages,ine,1988-07-31,,2026-07-26,ok,0
marriages,prov-48,province,1988-08,376,marriages,ine,1988-08-31,,2026-07-26,ok,0
marriages,prov-48,province,1988-09,758,marriages,ine,1988-09-30,,2026-07-26,ok,0
marriages,prov-48,province,1988-10,616,marriages,ine,1988-10-31,,2026-07-26,ok,0
marriages,prov-48,province,1988-11,244,marriages,ine,1988-11-30,,2026-07-26,ok,0
marriages,prov-48,province,1988-12,285,marriages,ine,1988-12-31,,2026-07-26,ok,0
marriages,prov-48,province,1989-01,161,marriages,ine,1989-01-31,,2026-07-26,ok,0
marriages,prov-48,province,1989-02,174,marriages,ine,1989-02-28,,2026-07-26,ok,0
marriages,prov-48,province,1989-03,298,marriages,ine,1989-03-31,,2026-07-26,ok,0
marriages,prov-48,province,1989-04,447,marriages,ine,1989-04-30,,2026-07-26,ok,0
marriages,prov-48,province,1989-05,437,marriages,ine,1989-05-31,,2026-07-26,ok,0
marriages,prov-48,province,1989-06,503,marriages,ine,1989-06-30,,2026-07-26,ok,0
marriages,prov-48,province,1989-07,925,marriages,ine,1989-07-31,,2026-07-26,ok,0
marriages,prov-48,province,1989-08,384,marriages,ine,1989-08-31,,2026-07-26,ok,0
marriages,prov-48,province,1989-09,922,marriages,ine,1989-09-30,,2026-07-26,ok,0
marriages,prov-48,province,1989-10,573,marriages,ine,1989-10-31,,2026-07-26,ok,0
marriages,prov-48,province,1989-11,297,marriages,ine,1989-11-30,,2026-07-26,ok,0
marriages,prov-48,province,1989-12,272,marriages,ine,1989-12-31,,2026-07-26,ok,0
marriages,prov-48,province,1990-01,168,marriages,ine,1990-01-31,,2026-07-26,ok,0
marriages,prov-48,province,1990-02,165,marriages,ine,1990-02-28,,2026-07-26,ok,0
marriages,prov-48,province,1990-03,354,marriages,ine,1990-03-31,,2026-07-26,ok,0
marriages,prov-48,province,1990-04,360,marriages,ine,1990-04-30,,2026-07-26,ok,0
marriages,prov-48,province,1990-05,424,marriages,ine,1990-05-31,,2026-07-26,ok,0
marriages,prov-48,province,1990-06,611,marriages,ine,1990-06-30,,2026-07-26,ok,0
marriages,prov-48,province,1990-07,852,marriages,ine,1990-07-31,,2026-07-26,ok,0
marriages,prov-48,province,1990-08,448,marriages,ine,1990-08-31,,2026-07-26,ok,0
marriages,prov-48,province,1990-09,840,marriages,ine,1990-09-30,,2026-07-26,ok,0
marriages,prov-48,province,1990-10,596,marriages,ine,1990-10-31,,2026-07-26,ok,0
marriages,prov-48,province,1990-11,289,marriages,ine,1990-11-30,,2026-07-26,ok,0
marriages,prov-48,province,1990-12,261,marriages,ine,1990-12-31,,2026-07-26,ok,0
marriages,prov-48,province,1991-01,127,marriages,ine,1991-01-31,,2026-07-26,ok,0
marriages,prov-48,province,1991-02,161,marriages,ine,1991-02-28,,2026-07-26,ok,0
marriages,prov-48,province,1991-03,325,marriages,ine,1991-03-31,,2026-07-26,ok,0
marriages,prov-48,province,1991-04,370,marriages,ine,1991-04-30,,2026-07-26,ok,0
marriages,prov-48,province,1991-05,444,marriages,ine,1991-05-31,,2026-07-26,ok,0
marriages,prov-48,province,1991-06,700,marriages,ine,1991-06-30,,2026-07-26,ok,0
marriages,prov-48,province,1991-07,874,marriages,ine,1991-07-31,,2026-07-26,ok,0
marriages,prov-48,province,1991-08,524,marriages,ine,1991-08-31,,2026-07-26,ok,0
marriages,prov-48,province,1991-09,806,marriages,ine,1991-09-30,,2026-07-26,ok,0
marriages,prov-48,province,1991-10,565,marriages,ine,1991-10-31,,2026-07-26,ok,0
marriages,prov-48,province,1991-11,297,marriages,ine,1991-11-30,,2026-07-26,ok,0
marriages,prov-48,province,1991-12,248,marriages,ine,1991-12-31,,2026-07-26,ok,0
marriages,prov-48,province,1992-01,127,marriages,ine,1992-01-31,,2026-07-26,ok,0
marriages,prov-48,province,1992-02,183,marriages,ine,1992-02-29,,2026-07-26,ok,0
marriages,prov-48,province,1992-03,305,marriages,ine,1992-03-31,,2026-07-26,ok,0
marriages,prov-48,province,1992-04,327,marriages,ine,1992-04-30,,2026-07-26,ok,0
marriages,prov-48,province,1992-05,598,marriages,ine,1992-05-31,,2026-07-26,ok,0
marriages,prov-48,province,1992-06,703,marriages,ine,1992-06-30,,2026-07-26,ok,0
marriages,prov-48,province,1992-07,961,marriages,ine,1992-07-31,,2026-07-26,ok,0
marriages,prov-48,province,1992-08,592,marriages,ine,1992-08-31,,2026-07-26,ok,0
marriages,prov-48,province,1992-09,812,marriages,ine,1992-09-30,,2026-07-26,ok,0
marriages,prov-48,province,1992-10,604,marriages,ine,1992-10-31,,2026-07-26,ok,0
marriages,prov-48,province,1992-11,205,marriages,ine,1992-11-30,,2026-07-26,ok,0
marriages,prov-48,province,1992-12,222,marriages,ine,1992-12-31,,2026-07-26,ok,0
marriages,prov-48,province,1993-01,126,marriages,ine,1993-01-31,,2026-07-26,ok,0
marriages,prov-48,province,1993-02,141,marriages,ine,1993-02-28,,2026-07-26,ok,0
marriages,prov-48,province,1993-03,289,marriages,ine,1993-03-31,,2026-07-26,ok,0
marriages,prov-48,province,1993-04,336,marriages,ine,1993-04-30,,2026-07-26,ok,0
marriages,prov-48,province,1993-05,484,marriages,ine,1993-05-31,,2026-07-26,ok,0
marriages,prov-48,province,1993-06,650,marriages,ine,1993-06-30,,2026-07-26,ok,0
marriages,prov-48,province,1993-07,1112,marriages,ine,1993-07-31,,2026-07-26,ok,0
marriages,prov-48,province,1993-08,348,marriages,ine,1993-08-31,,2026-07-26,ok,0
marriages,prov-48,province,1993-09,719,marriages,ine,1993-09-30,,2026-07-26,ok,0
marriages,prov-48,province,1993-10,563,marriages,ine,1993-10-31,,2026-07-26,ok,0
marriages,prov-48,province,1993-11,225,marriages,ine,1993-11-30,,2026-07-26,ok,0
marriages,prov-48,province,1993-12,183,marriages,ine,1993-12-31,,2026-07-26,ok,0
marriages,prov-48,province,1994-01,118,marriages,ine,1994-01-31,,2026-07-26,ok,0
marriages,prov-48,province,1994-02,126,marriages,ine,1994-02-28,,2026-07-26,ok,0
marriages,prov-48,province,1994-03,286,marriages,ine,1994-03-31,,2026-07-26,ok,0
marriages,prov-48,province,1994-04,298,marriages,ine,1994-04-30,,2026-07-26,ok,0
marriages,prov-48,province,1994-05,416,marriages,ine,1994-05-31,,2026-07-26,ok,0
marriages,prov-48,province,1994-06,683,marriages,ine,1994-06-30,,2026-07-26,ok,0
marriages,prov-48,province,1994-07,1173,marriages,ine,1994-07-31,,2026-07-26,ok,0
marriages,prov-48,province,1994-08,347,marriages,ine,1994-08-31,,2026-07-26,ok,0
marriages,prov-48,province,1994-09,752,marriages,ine,1994-09-30,,2026-07-26,ok,0
marriages,prov-48,province,1994-10,491,marriages,ine,1994-10-31,,2026-07-26,ok,0
marriages,prov-48,province,1994-11,170,marriages,ine,1994-11-30,,2026-07-26,ok,0
marriages,prov-48,province,1994-12,182,marriages,ine,1994-12-31,,2026-07-26,ok,0
marriages,prov-48,province,1995-01,111,marriages,ine,1995-01-31,,2026-07-26,ok,0
marriages,prov-48,province,1995-02,142,marriages,ine,1995-02-28,,2026-07-26,ok,0
marriages,prov-48,province,1995-03,218,marriages,ine,1995-03-31,,2026-07-26,ok,0
marriages,prov-48,province,1995-04,348,marriages,ine,1995-04-30,,2026-07-26,ok,0
marriages,prov-48,province,1995-05,422,marriages,ine,1995-05-31,,2026-07-26,ok,0
marriages,prov-48,province,1995-06,697,marriages,ine,1995-06-30,,2026-07-26,ok,0
marriages,prov-48,province,1995-07,1133,marriages,ine,1995-07-31,,2026-07-26,ok,0
marriages,prov-48,province,1995-08,305,marriages,ine,1995-08-31,,2026-07-26,ok,0
marriages,prov-48,province,1995-09,819,marriages,ine,1995-09-30,,2026-07-26,ok,0
marriages,prov-48,province,1995-10,412,marriages,ine,1995-10-31,,2026-07-26,ok,0
marriages,prov-48,province,1995-11,185,marriages,ine,1995-11-30,,2026-07-26,ok,0
marriages,prov-48,province,1995-12,183,marriages,ine,1995-12-31,,2026-07-26,ok,0
marriages,prov-48,province,1996-01,94,marriages,ine,1996-01-31,,2026-07-26,ok,0
marriages,prov-48,province,1996-02,106,marriages,ine,1996-02-29,,2026-07-26,ok,0
marriages,prov-48,province,1996-03,286,marriages,ine,1996-03-31,,2026-07-26,ok,0
marriages,prov-48,province,1996-04,224,marriages,ine,1996-04-30,,2026-07-26,ok,0
marriages,prov-48,province,1996-05,459,marriages,ine,1996-05-31,,2026-07-26,ok,0
marriages,prov-48,province,1996-06,794,marriages,ine,1996-06-30,,2026-07-26,ok,0
marriages,prov-48,province,1996-07,935,marriages,ine,1996-07-31,,2026-07-26,ok,0
marriages,prov-48,province,1996-08,464,marriages,ine,1996-08-31,,2026-07-26,ok,0
marriages,prov-48,province,1996-09,711,marriages,ine,1996-09-30,,2026-07-26,ok,0
marriages,prov-48,province,1996-10,462,marriages,ine,1996-10-31,,2026-07-26,ok,0
marriages,prov-48,province,1996-11,229,marriages,ine,1996-11-30,,2026-07-26,ok,0
marriages,prov-48,province,1996-12,145,marriages,ine,1996-12-31,,2026-07-26,ok,0
marriages,prov-48,province,1997-01,74,marriages,ine,1997-01-31,,2026-07-26,ok,0
marriages,prov-48,province,1997-02,101,marriages,ine,1997-02-28,,2026-07-26,ok,0
marriages,prov-48,province,1997-03,260,marriages,ine,1997-03-31,,2026-07-26,ok,0
marriages,prov-48,province,1997-04,264,marriages,ine,1997-04-30,,2026-07-26,ok,0
marriages,prov-48,province,1997-05,569,marriages,ine,1997-05-31,,2026-07-26,ok,0
marriages,prov-48,province,1997-06,718,marriages,ine,1997-06-30,,2026-07-26,ok,0
marriages,prov-48,province,1997-07,979,marriages,ine,1997-07-31,,2026-07-26,ok,0
marriages,prov-48,province,1997-08,494,marriages,ine,1997-08-31,,2026-07-26,ok,0
marriages,prov-48,province,1997-09,706,marriages,ine,1997-09-30,,2026-07-26,ok,0
marriages,prov-48,province,1997-10,497,marriages,ine,1997-10-31,,2026-07-26,ok,0
marriages,prov-48,province,1997-11,217,marriages,ine,1997-11-30,,2026-07-26,ok,0
marriages,prov-48,province,1997-12,154,marriages,ine,1997-12-31,,2026-07-26,ok,0
marriages,prov-48,province,1998-01,97,marriages,ine,1998-01-31,,2026-07-26,ok,0
marriages,prov-48,province,1998-02,123,marriages,ine,1998-02-28,,2026-07-26,ok,0
marriages,prov-48,province,1998-03,225,marriages,ine,1998-03-31,,2026-07-26,ok,0
marriages,prov-48,province,1998-04,290,marriages,ine,1998-04-30,,2026-07-26,ok,0
marriages,prov-48,province,1998-05,608,marriages,ine,1998-05-31,,2026-07-26,ok,0
marriages,prov-48,province,1998-06,783,marriages,ine,1998-06-30,,2026-07-26,ok,0
marriages,prov-48,province,1998-07,976,marriages,ine,1998-07-31,,2026-07-26,ok,0
marriages,prov-48,province,1998-08,482,marriages,ine,1998-08-31,,2026-07-26,ok,0
marriages,prov-48,province,1998-09,750,marriages,ine,1998-09-30,,2026-07-26,ok,0
marriages,prov-48,province,1998-10,662,marriages,ine,1998-10-31,,2026-07-26,ok,0
marriages,prov-48,province,1998-11,197,marriages,ine,1998-11-30,,2026-07-26,ok,0
marriages,prov-48,province,1998-12,164,marriages,ine,1998-12-31,,2026-07-26,ok,0
marriages,prov-48,province,1999-01,95,marriages,ine,1999-01-31,,2026-07-26,ok,0
marriages,prov-48,province,1999-02,144,marriages,ine,1999-02-28,,2026-07-26,ok,0
marriages,prov-48,province,1999-03,290,marriages,ine,1999-03-31,,2026-07-26,ok,0
marriages,prov-48,province,1999-04,291,marriages,ine,1999-04-30,,2026-07-26,ok,0
marriages,prov-48,province,1999-05,547,marriages,ine,1999-05-31,,2026-07-26,ok,0
marriages,prov-48,province,1999-06,722,marriages,ine,1999-06-30,,2026-07-26,ok,0
marriages,prov-48,province,1999-07,999,marriages,ine,1999-07-31,,2026-07-26,ok,0
marriages,prov-48,province,1999-08,352,marriages,ine,1999-08-31,,2026-07-26,ok,0
marriages,prov-48,province,1999-09,790,marriages,ine,1999-09-30,,2026-07-26,ok,0
marriages,prov-48,province,1999-10,609,marriages,ine,1999-10-31,,2026-07-26,ok,0
marriages,prov-48,province,1999-11,239,marriages,ine,1999-11-30,,2026-07-26,ok,0
marriages,prov-48,province,1999-12,142,marriages,ine,1999-12-31,,2026-07-26,ok,0
marriages,prov-48,province,2000-01,104,marriages,ine,2000-01-31,,2026-07-26,ok,0
marriages,prov-48,province,2000-02,114,marriages,ine,2000-02-29,,2026-07-26,ok,0
marriages,prov-48,province,2000-03,264,marriages,ine,2000-03-31,,2026-07-26,ok,0
marriages,prov-48,province,2000-04,468,marriages,ine,2000-04-30,,2026-07-26,ok,0
marriages,prov-48,province,2000-05,563,marriages,ine,2000-05-31,,2026-07-26,ok,0
marriages,prov-48,province,2000-06,759,marriages,ine,2000-06-30,,2026-07-26,ok,0
marriages,prov-48,province,2000-07,974,marriages,ine,2000-07-31,,2026-07-26,ok,0
marriages,prov-48,province,2000-08,365,marriages,ine,2000-08-31,,2026-07-26,ok,0
marriages,prov-48,province,2000-09,934,marriages,ine,2000-09-30,,2026-07-26,ok,0
marriages,prov-48,province,2000-10,568,marriages,ine,2000-10-31,,2026-07-26,ok,0
marriages,prov-48,province,2000-11,270,marriages,ine,2000-11-30,,2026-07-26,ok,0
marriages,prov-48,province,2000-12,193,marriages,ine,2000-12-31,,2026-07-26,ok,0
marriages,prov-48,province,2001-01,84,marriages,ine,2001-01-31,,2026-07-26,ok,0
marriages,prov-48,province,2001-02,129,marriages,ine,2001-02-28,,2026-07-26,ok,0
marriages,prov-48,province,2001-03,336,marriages,ine,2001-03-31,,2026-07-26,ok,0
marriages,prov-48,province,2001-04,310,marriages,ine,2001-04-30,,2026-07-26,ok,0
marriages,prov-48,province,2001-05,505,marriages,ine,2001-05-31,,2026-07-26,ok,0
marriages,prov-48,province,2001-06,789,marriages,ine,2001-06-30,,2026-07-26,ok,0
marriages,prov-48,province,2001-07,839,marriages,ine,2001-07-31,,2026-07-26,ok,0
marriages,prov-48,province,2001-08,316,marriages,ine,2001-08-31,,2026-07-26,ok,0
marriages,prov-48,province,2001-09,900,marriages,ine,2001-09-30,,2026-07-26,ok,0
marriages,prov-48,province,2001-10,516,marriages,ine,2001-10-31,,2026-07-26,ok,0
marriages,prov-48,province,2001-11,288,marriages,ine,2001-11-30,,2026-07-26,ok,0
marriages,prov-48,province,2001-12,194,marriages,ine,2001-12-31,,2026-07-26,ok,0
marriages,prov-48,province,2002-01,90,marriages,ine,2002-01-31,,2026-07-26,ok,0
marriages,prov-48,province,2002-02,123,marriages,ine,2002-02-28,,2026-07-26,ok,0
marriages,prov-48,province,2002-03,256,marriages,ine,2002-03-31,,2026-07-26,ok,0
marriages,prov-48,province,2002-04,328,marriages,ine,2002-04-30,,2026-07-26,ok,0
marriages,prov-48,province,2002-05,549,marriages,ine,2002-05-31,,2026-07-26,ok,0
marriages,prov-48,province,2002-06,781,marriages,ine,2002-06-30,,2026-07-26,ok,0
marriages,prov-48,province,2002-07,762,marriages,ine,2002-07-31,,2026-07-26,ok,0
marriages,prov-48,province,2002-08,414,marriages,ine,2002-08-31,,2026-07-26,ok,0
marriages,prov-48,province,2002-09,782,marriages,ine,2002-09-30,,2026-07-26,ok,0
marriages,prov-48,province,2002-10,541,marriages,ine,2002-10-31,,2026-07-26,ok,0
marriages,prov-48,province,2002-11,319,marriages,ine,2002-11-30,,2026-07-26,ok,0
marriages,prov-48,province,2002-12,207,marriages,ine,2002-12-31,,2026-07-26,ok,0
marriages,prov-48,province,2003-01,92,marriages,ine,2003-01-31,,2026-07-26,ok,0
marriages,prov-48,province,2003-02,148,marriages,ine,2003-02-28,,2026-07-26,ok,0
marriages,prov-48,province,2003-03,316,marriages,ine,2003-03-31,,2026-07-26,ok,0
marriages,prov-48,province,2003-04,294,marriages,ine,2003-04-30,,2026-07-26,ok,0
marriages,prov-48,province,2003-05,671,marriages,ine,2003-05-31,,2026-07-26,ok,0
marriages,prov-48,province,2003-06,658,marriages,ine,2003-06-30,,2026-07-26,ok,0
marriages,prov-48,province,2003-07,729,marriages,ine,2003-07-31,,2026-07-26,ok,0
marriages,prov-48,province,2003-08,421,marriages,ine,2003-08-31,,2026-07-26,ok,0
marriages,prov-48,province,2003-09,789,marriages,ine,2003-09-30,,2026-07-26,ok,0
marriages,prov-48,province,2003-10,571,marriages,ine,2003-10-31,,2026-07-26,ok,0
marriages,prov-48,province,2003-11,302,marriages,ine,2003-11-30,,2026-07-26,ok,0
marriages,prov-48,province,2003-12,172,marriages,ine,2003-12-31,,2026-07-26,ok,0
marriages,prov-48,province,2004-01,117,marriages,ine,2004-01-31,,2026-07-26,ok,0
marriages,prov-48,province,2004-02,161,marriages,ine,2004-02-29,,2026-07-26,ok,0
marriages,prov-48,province,2004-03,317,marriages,ine,2004-03-31,,2026-07-26,ok,0
marriages,prov-48,province,2004-04,337,marriages,ine,2004-04-30,,2026-07-26,ok,0
marriages,prov-48,province,2004-05,596,marriages,ine,2004-05-31,,2026-07-26,ok,0
marriages,prov-48,province,2004-06,650,marriages,ine,2004-06-30,,2026-07-26,ok,0
marriages,prov-48,province,2004-07,811,marriages,ine,2004-07-31,,2026-07-26,ok,0
marriages,prov-48,province,2004-08,293,marriages,ine,2004-08-31,,2026-07-26,ok,0
marriages,prov-48,province,2004-09,786,marriages,ine,2004-09-30,,2026-07-26,ok,0
marriages,prov-48,province,2004-10,669,marriages,ine,2004-10-31,,2026-07-26,ok,0
marriages,prov-48,province,2004-11,256,marriages,ine,2004-11-30,,2026-07-26,ok,0
marriages,prov-48,province,2004-12,162,marriages,ine,2004-12-31,,2026-07-26,ok,0
marriages,prov-48,province,2005-01,124,marriages,ine,2005-01-31,,2026-07-26,ok,0
marriages,prov-48,province,2005-02,140,marriages,ine,2005-02-28,,2026-07-26,ok,0
marriages,prov-48,province,2005-03,207,marriages,ine,2005-03-31,,2026-07-26,ok,0
marriages,prov-48,province,2005-04,419,marriages,ine,2005-04-30,,2026-07-26,ok,0
marriages,prov-48,province,2005-05,521,marriages,ine,2005-05-31,,2026-07-26,ok,0
marriages,prov-48,province,2005-06,683,marriages,ine,2005-06-30,,2026-07-26,ok,0
marriages,prov-48,province,2005-07,861,marriages,ine,2005-07-31,,2026-07-26,ok,0
marriages,prov-48,province,2005-08,265,marriages,ine,2005-08-31,,2026-07-26,ok,0
marriages,prov-48,province,2005-09,767,marriages,ine,2005-09-30,,2026-07-26,ok,0
marriages,prov-48,province,2005-10,594,marriages,ine,2005-10-31,,2026-07-26,ok,0
marriages,prov-48,province,2005-11,261,marriages,ine,2005-11-30,,2026-07-26,ok,0
marriages,prov-48,province,2005-12,137,marriages,ine,2005-12-31,,2026-07-26,ok,0
marriages,prov-48,province,2006-01,122,marriages,ine,2006-01-31,,2026-07-26,ok,0
marriages,prov-48,province,2006-02,143,marriages,ine,2006-02-28,,2026-07-26,ok,0
marriages,prov-48,province,2006-03,258,marriages,ine,2006-03-31,,2026-07-26,ok,0
marriages,prov-48,province,2006-04,334,marriages,ine,2006-04-30,,2026-07-26,ok,0
marriages,prov-48,province,2006-05,488,marriages,ine,2006-05-31,,2026-07-26,ok,0
marriages,prov-48,province,2006-06,688,marriages,ine,2006-06-30,,2026-07-26,ok,0
marriages,prov-48,province,2006-07,799,marriages,ine,2006-07-31,,2026-07-26,ok,0
marriages,prov-48,province,2006-08,237,marriages,ine,2006-08-31,,2026-07-26,ok,0
marriages,prov-48,province,2006-09,784,marriages,ine,2006-09-30,,2026-07-26,ok,0
marriages,prov-48,province,2006-10,463,marriages,ine,2006-10-31,,2026-07-26,ok,0
marriages,prov-48,province,2006-11,251,marriages,ine,2006-11-30,,2026-07-26,ok,0
marriages,prov-48,province,2006-12,173,marriages,ine,2006-12-31,,2026-07-26,ok,0
marriages,prov-48,province,2007-01,115,marriages,ine,2007-01-31,,2026-07-26,ok,0
marriages,prov-48,province,2007-02,129,marriages,ine,2007-02-28,,2026-07-26,ok,0
marriages,prov-48,province,2007-03,299,marriages,ine,2007-03-31,,2026-07-26,ok,0
marriages,prov-48,province,2007-04,258,marriages,ine,2007-04-30,,2026-07-26,ok,0
marriages,prov-48,province,2007-05,483,marriages,ine,2007-05-31,,2026-07-26,ok,0
marriages,prov-48,province,2007-06,779,marriages,ine,2007-06-30,,2026-07-26,ok,0
marriages,prov-48,province,2007-07,721,marriages,ine,2007-07-31,,2026-07-26,ok,0
marriages,prov-48,province,2007-08,235,marriages,ine,2007-08-31,,2026-07-26,ok,0
marriages,prov-48,province,2007-09,775,marriages,ine,2007-09-30,,2026-07-26,ok,0
marriages,prov-48,province,2007-10,507,marriages,ine,2007-10-31,,2026-07-26,ok,0
marriages,prov-48,province,2007-11,297,marriages,ine,2007-11-30,,2026-07-26,ok,0
marriages,prov-48,province,2007-12,155,marriages,ine,2007-12-31,,2026-07-26,ok,0
marriages,prov-48,province,2008-01,125,marriages,ine,2008-01-31,,2026-07-26,ok,0
marriages,prov-48,province,2008-02,149,marriages,ine,2008-02-29,,2026-07-26,ok,0
marriages,prov-48,province,2008-03,194,marriages,ine,2008-03-31,,2026-07-26,ok,0
marriages,prov-48,province,2008-04,344,marriages,ine,2008-04-30,,2026-07-26,ok,0
marriages,prov-48,province,2008-05,613,marriages,ine,2008-05-31,,2026-07-26,ok,0
marriages,prov-48,province,2008-06,674,marriages,ine,2008-06-30,,2026-07-26,ok,0
marriages,prov-48,province,2008-07,676,marriages,ine,2008-07-31,,2026-07-26,ok,0
marriages,prov-48,province,2008-08,345,marriages,ine,2008-08-31,,2026-07-26,ok,0
marriages,prov-48,province,2008-09,671,marriages,ine,2008-09-30,,2026-07-26,ok,0
marriages,prov-48,province,2008-10,519,marriages,ine,2008-10-31,,2026-07-26,ok,0
marriages,prov-48,province,2008-11,284,marriages,ine,2008-11-30,,2026-07-26,ok,0
marriages,prov-48,province,2008-12,137,marriages,ine,2008-12-31,,2026-07-26,ok,0
marriages,prov-48,province,2009-01,100,marriages,ine,2009-01-31,,2026-07-26,ok,0
marriages,prov-48,province,2009-02,171,marriages,ine,2009-02-28,,2026-07-26,ok,0
marriages,prov-48,province,2009-03,233,marriages,ine,2009-03-31,,2026-07-26,ok,0
marriages,prov-48,province,2009-04,239,marriages,ine,2009-04-30,,2026-07-26,ok,0
marriages,prov-48,province,2009-05,527,marriages,ine,2009-05-31,,2026-07-26,ok,0
marriages,prov-48,province,2009-06,619,marriages,ine,2009-06-30,,2026-07-26,ok,0
marriages,prov-48,province,2009-07,609,marriages,ine,2009-07-31,,2026-07-26,ok,0
marriages,prov-48,province,2009-08,307,marriages,ine,2009-08-31,,2026-07-26,ok,0
marriages,prov-48,province,2009-09,624,marriages,ine,2009-09-30,,2026-07-26,ok,0
marriages,prov-48,province,2009-10,495,marriages,ine,2009-10-31,,2026-07-26,ok,0
marriages,prov-48,province,2009-11,221,marriages,ine,2009-11-30,,2026-07-26,ok,0
marriages,prov-48,province,2009-12,162,marriages,ine,2009-12-31,,2026-07-26,ok,0
marriages,prov-48,province,2010-01,125,marriages,ine,2010-01-31,,2026-07-26,ok,0
marriages,prov-48,province,2010-02,154,marriages,ine,2010-02-28,,2026-07-26,ok,0
marriages,prov-48,province,2010-03,233,marriages,ine,2010-03-31,,2026-07-26,ok,0
marriages,prov-48,province,2010-04,269,marriages,ine,2010-04-30,,2026-07-26,ok,0
marriages,prov-48,province,2010-05,446,marriages,ine,2010-05-31,,2026-07-26,ok,0
marriages,prov-48,province,2010-06,619,marriages,ine,2010-06-30,,2026-07-26,ok,0
marriages,prov-48,province,2010-07,789,marriages,ine,2010-07-31,,2026-07-26,ok,0
marriages,prov-48,province,2010-08,231,marriages,ine,2010-08-31,,2026-07-26,ok,0
marriages,prov-48,province,2010-09,588,marriages,ine,2010-09-30,,2026-07-26,ok,0
marriages,prov-48,province,2010-10,477,marriages,ine,2010-10-31,,2026-07-26,ok,0
marriages,prov-48,province,2010-11,229,marriages,ine,2010-11-30,,2026-07-26,ok,0
marriages,prov-48,province,2010-12,137,marriages,ine,2010-12-31,,2026-07-26,ok,0
marriages,prov-48,province,2011-01,120,marriages,ine,2011-01-31,,2026-07-26,ok,0
marriages,prov-48,province,2011-02,131,marriages,ine,2011-02-28,,2026-07-26,ok,0
marriages,prov-48,province,2011-03,213,marriages,ine,2011-03-31,,2026-07-26,ok,0
marriages,prov-48,province,2011-04,279,marriages,ine,2011-04-30,,2026-07-26,ok,0
marriages,prov-48,province,2011-05,403,marriages,ine,2011-05-31,,2026-07-26,ok,0
marriages,prov-48,province,2011-06,632,marriages,ine,2011-06-30,,2026-07-26,ok,0
marriages,prov-48,province,2011-07,755,marriages,ine,2011-07-31,,2026-07-26,ok,0
marriages,prov-48,province,2011-08,246,marriages,ine,2011-08-31,,2026-07-26,ok,0
marriages,prov-48,province,2011-09,644,marriages,ine,2011-09-30,,2026-07-26,ok,0
marriages,prov-48,province,2011-10,421,marriages,ine,2011-10-31,,2026-07-26,ok,0
marriages,prov-48,province,2011-11,236,marriages,ine,2011-11-30,,2026-07-26,ok,0
marriages,prov-48,province,2011-12,124,marriages,ine,2011-12-31,,2026-07-26,ok,0
marriages,prov-48,province,2012-01,150,marriages,ine,2012-01-31,,2026-07-26,ok,0
marriages,prov-48,province,2012-02,136,marriages,ine,2012-02-29,,2026-07-26,ok,0
marriages,prov-48,province,2012-03,225,marriages,ine,2012-03-31,,2026-07-26,ok,0
marriages,prov-48,province,2012-04,256,marriages,ine,2012-04-30,,2026-07-26,ok,0
marriages,prov-48,province,2012-05,369,marriages,ine,2012-05-31,,2026-07-26,ok,0
marriages,prov-48,province,2012-06,682,marriages,ine,2012-06-30,,2026-07-26,ok,0
marriages,prov-48,province,2012-07,613,marriages,ine,2012-07-31,,2026-07-26,ok,0
marriages,prov-48,province,2012-08,201,marriages,ine,2012-08-31,,2026-07-26,ok,0
marriages,prov-48,province,2012-09,649,marriages,ine,2012-09-30,,2026-07-26,ok,0
marriages,prov-48,province,2012-10,385,marriages,ine,2012-10-31,,2026-07-26,ok,0
marriages,prov-48,province,2012-11,275,marriages,ine,2012-11-30,,2026-07-26,ok,0
marriages,prov-48,province,2012-12,153,marriages,ine,2012-12-31,,2026-07-26,ok,0
marriages,prov-48,province,2013-01,120,marriages,ine,2013-01-31,,2026-07-26,ok,0
marriages,prov-48,province,2013-02,116,marriages,ine,2013-02-28,,2026-07-26,ok,0
marriages,prov-48,province,2013-03,182,marriages,ine,2013-03-31,,2026-07-26,ok,0
marriages,prov-48,province,2013-04,214,marriages,ine,2013-04-30,,2026-07-26,ok,0
marriages,prov-48,province,2013-05,367,marriages,ine,2013-05-31,,2026-07-26,ok,0
marriages,prov-48,province,2013-06,597,marriages,ine,2013-06-30,,2026-07-26,ok,0
marriages,prov-48,province,2013-07,539,marriages,ine,2013-07-31,,2026-07-26,ok,0
marriages,prov-48,province,2013-08,239,marriages,ine,2013-08-31,,2026-07-26,ok,0
marriages,prov-48,province,2013-09,559,marriages,ine,2013-09-30,,2026-07-26,ok,0
marriages,prov-48,province,2013-10,324,marriages,ine,2013-10-31,,2026-07-26,ok,0
marriages,prov-48,province,2013-11,230,marriages,ine,2013-11-30,,2026-07-26,ok,0
marriages,prov-48,province,2013-12,145,marriages,ine,2013-12-31,,2026-07-26,ok,0
marriages,prov-48,province,2014-01,114,marriages,ine,2014-01-31,,2026-07-26,ok,0
marriages,prov-48,province,2014-02,153,marriages,ine,2014-02-28,,2026-07-26,ok,0
marriages,prov-48,province,2014-03,204,marriages,ine,2014-03-31,,2026-07-26,ok,0
marriages,prov-48,province,2014-04,164,marriages,ine,2014-04-30,,2026-07-26,ok,0
marriages,prov-48,province,2014-05,420,marriages,ine,2014-05-31,,2026-07-26,ok,0
marriages,prov-48,province,2014-06,528,marriages,ine,2014-06-30,,2026-07-26,ok,0
marriages,prov-48,province,2014-07,549,marriages,ine,2014-07-31,,2026-07-26,ok,0
marriages,prov-48,province,2014-08,252,marriages,ine,2014-08-31,,2026-07-26,ok,0
marriages,prov-48,province,2014-09,519,marriages,ine,2014-09-30,,2026-07-26,ok,0
marriages,prov-48,province,2014-10,353,marriages,ine,2014-10-31,,2026-07-26,ok,0
marriages,prov-48,province,2014-11,202,marriages,ine,2014-11-30,,2026-07-26,ok,0
marriages,prov-48,province,2014-12,141,marriages,ine,2014-12-31,,2026-07-26,ok,0
marriages,prov-48,province,2015-01,128,marriages,ine,2015-01-31,,2026-07-26,ok,0
marriages,prov-48,province,2015-02,109,marriages,ine,2015-02-28,,2026-07-26,ok,0
marriages,prov-48,province,2015-03,161,marriages,ine,2015-03-31,,2026-07-26,ok,0
marriages,prov-48,province,2015-04,205,marriages,ine,2015-04-30,,2026-07-26,ok,0
marriages,prov-48,province,2015-05,391,marriages,ine,2015-05-31,,2026-07-26,ok,0
marriages,prov-48,province,2015-06,532,marriages,ine,2015-06-30,,2026-07-26,ok,0
marriages,prov-48,province,2015-07,532,marriages,ine,2015-07-31,,2026-07-26,ok,0
marriages,prov-48,province,2015-08,241,marriages,ine,2015-08-31,,2026-07-26,ok,0
marriages,prov-48,province,2015-09,513,marriages,ine,2015-09-30,,2026-07-26,ok,0
marriages,prov-48,province,2015-10,429,marriages,ine,2015-10-31,,2026-07-26,ok,0
marriages,prov-48,province,2015-11,203,marriages,ine,2015-11-30,,2026-07-26,ok,0
marriages,prov-48,province,2015-12,164,marriages,ine,2015-12-31,,2026-07-26,ok,0
marriages,prov-48,province,2016-01,127,marriages,ine,2016-01-31,,2026-07-26,ok,0
marriages,prov-48,province,2016-02,136,marriages,ine,2016-02-29,,2026-07-26,ok,0
marriages,prov-48,province,2016-03,171,marriages,ine,2016-03-31,,2026-07-26,ok,0
marriages,prov-48,province,2016-04,253,marriages,ine,2016-04-30,,2026-07-26,ok,0
marriages,prov-48,province,2016-05,359,marriages,ine,2016-05-31,,2026-07-26,ok,0
marriages,prov-48,province,2016-06,498,marriages,ine,2016-06-30,,2026-07-26,ok,0
marriages,prov-48,province,2016-07,666,marriages,ine,2016-07-31,,2026-07-26,ok,0
marriages,prov-48,province,2016-08,215,marriages,ine,2016-08-31,,2026-07-26,ok,0
marriages,prov-48,province,2016-09,599,marriages,ine,2016-09-30,,2026-07-26,ok,0
marriages,prov-48,province,2016-10,360,marriages,ine,2016-10-31,,2026-07-26,ok,0
marriages,prov-48,province,2016-11,209,marriages,ine,2016-11-30,,2026-07-26,ok,0
marriages,prov-48,province,2016-12,184,marriages,ine,2016-12-31,,2026-07-26,ok,0
marriages,prov-48,province,2017-01,114,marriages,ine,2017-01-31,,2026-07-26,ok,0
marriages,prov-48,province,2017-02,138,marriages,ine,2017-02-28,,2026-07-26,ok,0
marriages,prov-48,province,2017-03,245,marriages,ine,2017-03-31,,2026-07-26,ok,0
marriages,prov-48,province,2017-04,220,marriages,ine,2017-04-30,,2026-07-26,ok,0
marriages,prov-48,province,2017-05,370,marriages,ine,2017-05-31,,2026-07-26,ok,0
marriages,prov-48,province,2017-06,577,marriages,ine,2017-06-30,,2026-07-26,ok,0
marriages,prov-48,province,2017-07,594,marriages,ine,2017-07-31,,2026-07-26,ok,0
marriages,prov-48,province,2017-08,207,marriages,ine,2017-08-31,,2026-07-26,ok,0
marriages,prov-48,province,2017-09,593,marriages,ine,2017-09-30,,2026-07-26,ok,0
marriages,prov-48,province,2017-10,357,marriages,ine,2017-10-31,,2026-07-26,ok,0
marriages,prov-48,province,2017-11,208,marriages,ine,2017-11-30,,2026-07-26,ok,0
marriages,prov-48,province,2017-12,167,marriages,ine,2017-12-31,,2026-07-26,ok,0
marriages,prov-48,province,2018-01,106,marriages,ine,2018-01-31,,2026-07-26,ok,0
marriages,prov-48,province,2018-02,127,marriages,ine,2018-02-28,,2026-07-26,ok,0
marriages,prov-48,province,2018-03,201,marriages,ine,2018-03-31,,2026-07-26,ok,0
marriages,prov-48,province,2018-04,240,marriages,ine,2018-04-30,,2026-07-26,ok,0
marriages,prov-48,province,2018-05,331,marriages,ine,2018-05-31,,2026-07-26,ok,0
marriages,prov-48,province,2018-06,573,marriages,ine,2018-06-30,,2026-07-26,ok,0
marriages,prov-48,province,2018-07,502,marriages,ine,2018-07-31,,2026-07-26,ok,0
marriages,prov-48,province,2018-08,199,marriages,ine,2018-08-31,,2026-07-26,ok,0
marriages,prov-48,province,2018-09,514,marriages,ine,2018-09-30,,2026-07-26,ok,0
marriages,prov-48,province,2018-10,365,marriages,ine,2018-10-31,,2026-07-26,ok,0
marriages,prov-48,province,2018-11,259,marriages,ine,2018-11-30,,2026-07-26,ok,0
marriages,prov-48,province,2018-12,144,marriages,ine,2018-12-31,,2026-07-26,ok,0
marriages,prov-48,province,2019-01,108,marriages,ine,2019-01-31,,2026-07-26,ok,0
marriages,prov-48,province,2019-02,138,marriages,ine,2019-02-28,,2026-07-26,ok,0
marriages,prov-48,province,2019-03,237,marriages,ine,2019-03-31,,2026-07-26,ok,0
marriages,prov-48,province,2019-04,192,marriages,ine,2019-04-30,,2026-07-26,ok,0
marriages,prov-48,province,2019-05,374,marriages,ine,2019-05-31,,2026-07-26,ok,0
marriages,prov-48,province,2019-06,478,marriages,ine,2019-06-30,,2026-07-26,ok,0
marriages,prov-48,province,2019-07,467,marriages,ine,2019-07-31,,2026-07-26,ok,0
marriages,prov-48,province,2019-08,218,marriages,ine,2019-08-31,,2026-07-26,ok,0
marriages,prov-48,province,2019-09,512,marriages,ine,2019-09-30,,2026-07-26,ok,0
marriages,prov-48,province,2019-10,380,marriages,ine,2019-10-31,,2026-07-26,ok,0
marriages,prov-48,province,2019-11,256,marriages,ine,2019-11-30,,2026-07-26,ok,0
marriages,prov-48,province,2019-12,169,marriages,ine,2019-12-31,,2026-07-26,ok,0
marriages,prov-48,province,2020-01,139,marriages,ine,2020-01-31,,2026-07-26,ok,0
marriages,prov-48,province,2020-02,163,marriages,ine,2020-02-29,,2026-07-26,ok,0
marriages,prov-48,province,2020-03,91,marriages,ine,2020-03-31,,2026-07-26,ok,0
marriages,prov-48,province,2020-04,4,marriages,ine,2020-04-30,,2026-07-26,ok,0
marriages,prov-48,province,2020-05,41,marriages,ine,2020-05-31,,2026-07-26,ok,0
marriages,prov-48,province,2020-06,170,marriages,ine,2020-06-30,,2026-07-26,ok,0
marriages,prov-48,province,2020-07,283,marriages,ine,2020-07-31,,2026-07-26,ok,0
marriages,prov-48,province,2020-08,106,marriages,ine,2020-08-31,,2026-07-26,ok,0
marriages,prov-48,province,2020-09,312,marriages,ine,2020-09-30,,2026-07-26,ok,0
marriages,prov-48,province,2020-10,289,marriages,ine,2020-10-31,,2026-07-26,ok,0
marriages,prov-48,province,2020-11,142,marriages,ine,2020-11-30,,2026-07-26,ok,0
marriages,prov-48,province,2020-12,141,marriages,ine,2020-12-31,,2026-07-26,ok,0
marriages,prov-48,province,2021-01,131,marriages,ine,2021-01-31,,2026-07-26,ok,0
marriages,prov-48,province,2021-02,107,marriages,ine,2021-02-28,,2026-07-26,ok,0
marriages,prov-48,province,2021-03,138,marriages,ine,2021-03-31,,2026-07-26,ok,0
marriages,prov-48,province,2021-04,175,marriages,ine,2021-04-30,,2026-07-26,ok,0
marriages,prov-48,province,2021-05,243,marriages,ine,2021-05-31,,2026-07-26,ok,0
marriages,prov-48,province,2021-06,380,marriages,ine,2021-06-30,,2026-07-26,ok,0
marriages,prov-48,province,2021-07,405,marriages,ine,2021-07-31,,2026-07-26,ok,0
marriages,prov-48,province,2021-08,129,marriages,ine,2021-08-31,,2026-07-26,ok,0
marriages,prov-48,province,2021-09,375,marriages,ine,2021-09-30,,2026-07-26,ok,0
marriages,prov-48,province,2021-10,373,marriages,ine,2021-10-31,,2026-07-26,ok,0
marriages,prov-48,province,2021-11,223,marriages,ine,2021-11-30,,2026-07-26,ok,0
marriages,prov-48,province,2021-12,161,marriages,ine,2021-12-31,,2026-07-26,ok,0
marriages,prov-48,province,2022-01,140,marriages,ine,2022-01-31,,2026-07-26,ok,0
marriages,prov-48,province,2022-02,150,marriages,ine,2022-02-28,,2026-07-26,ok,0
marriages,prov-48,province,2022-03,222,marriages,ine,2022-03-31,,2026-07-26,ok,0
marriages,prov-48,province,2022-04,230,marriages,ine,2022-04-30,,2026-07-26,ok,0
marriages,prov-48,province,2022-05,362,marriages,ine,2022-05-31,,2026-07-26,ok,0
marriages,prov-48,province,2022-06,507,marriages,ine,2022-06-30,,2026-07-26,ok,0
marriages,prov-48,province,2022-07,561,marriages,ine,2022-07-31,,2026-07-26,ok,0
marriages,prov-48,province,2022-08,199,marriages,ine,2022-08-31,,2026-07-26,ok,0
marriages,prov-48,province,2022-09,489,marriages,ine,2022-09-30,,2026-07-26,ok,0
marriages,prov-48,province,2022-10,383,marriages,ine,2022-10-31,,2026-07-26,ok,0
marriages,prov-48,province,2022-11,228,marriages,ine,2022-11-30,,2026-07-26,ok,0
marriages,prov-48,province,2022-12,179,marriages,ine,2022-12-31,,2026-07-26,ok,0
marriages,prov-48,province,2023-01,139,marriages,ine,2023-01-31,,2026-07-26,ok,0
marriages,prov-48,province,2023-02,130,marriages,ine,2023-02-28,,2026-07-26,ok,0
marriages,prov-48,province,2023-03,258,marriages,ine,2023-03-31,,2026-07-26,ok,0
marriages,prov-48,province,2023-04,201,marriages,ine,2023-04-30,,2026-07-26,ok,0
marriages,prov-48,province,2023-05,349,marriages,ine,2023-05-31,,2026-07-26,ok,0
marriages,prov-48,province,2023-06,528,marriages,ine,2023-06-30,,2026-07-26,ok,0
marriages,prov-48,province,2023-07,448,marriages,ine,2023-07-31,,2026-07-26,ok,0
marriages,prov-48,province,2023-08,135,marriages,ine,2023-08-31,,2026-07-26,ok,0
marriages,prov-48,province,2023-09,514,marriages,ine,2023-09-30,,2026-07-26,ok,0
marriages,prov-48,province,2023-10,315,marriages,ine,2023-10-31,,2026-07-26,ok,0
marriages,prov-48,province,2023-11,256,marriages,ine,2023-11-30,,2026-07-26,ok,0
marriages,prov-48,province,2023-12,178,marriages,ine,2023-12-31,,2026-07-26,ok,0
marriages,prov-48,province,2024-01,129,marriages,ine,2024-01-31,,2026-07-26,ok,0
marriages,prov-48,province,2024-02,165,marriages,ine,2024-02-29,,2026-07-26,ok,0
marriages,prov-48,province,2024-03,220,marriages,ine,2024-03-31,,2026-07-26,ok,0
marriages,prov-48,province,2024-04,258,marriages,ine,2024-04-30,,2026-07-26,ok,0
marriages,prov-48,province,2024-05,373,marriages,ine,2024-05-31,,2026-07-26,ok,0
marriages,prov-48,province,2024-06,519,marriages,ine,2024-06-30,,2026-07-26,ok,0
marriages,prov-48,province,2024-07,408,marriages,ine,2024-07-31,,2026-07-26,ok,0
marriages,prov-48,province,2024-08,133,marriages,ine,2024-08-31,,2026-07-26,ok,0
marriages,prov-48,province,2024-09,499,marriages,ine,2024-09-30,,2026-07-26,ok,0
marriages,prov-48,province,2024-10,377,marriages,ine,2024-10-31,,2026-07-26,ok,0
marriages,prov-48,province,2024-11,257,marriages,ine,2024-11-30,,2026-07-26,ok,0
marriages,prov-48,province,2024-12,139,marriages,ine,2024-12-31,,2026-07-26,ok,0
marriages,prov-50,province,1975-01,182,marriages,ine,1975-01-31,,2026-07-26,ok,0
marriages,prov-50,province,1975-02,166,marriages,ine,1975-02-28,,2026-07-26,ok,0
marriages,prov-50,province,1975-03,412,marriages,ine,1975-03-31,,2026-07-26,ok,0
marriages,prov-50,province,1975-04,428,marriages,ine,1975-04-30,,2026-07-26,ok,0
marriages,prov-50,province,1975-05,623,marriages,ine,1975-05-31,,2026-07-26,ok,0
marriages,prov-50,province,1975-06,426,marriages,ine,1975-06-30,,2026-07-26,ok,0
marriages,prov-50,province,1975-07,659,marriages,ine,1975-07-31,,2026-07-26,ok,0
marriages,prov-50,province,1975-08,712,marriages,ine,1975-08-31,,2026-07-26,ok,0
marriages,prov-50,province,1975-09,847,marriages,ine,1975-09-30,,2026-07-26,ok,0
marriages,prov-50,province,1975-10,673,marriages,ine,1975-10-31,,2026-07-26,ok,0
marriages,prov-50,province,1975-11,392,marriages,ine,1975-11-30,,2026-07-26,ok,0
marriages,prov-50,province,1975-12,568,marriages,ine,1975-12-31,,2026-07-26,ok,0
marriages,prov-50,province,1976-01,161,marriages,ine,1976-01-31,,2026-07-26,ok,0
marriages,prov-50,province,1976-02,172,marriages,ine,1976-02-29,,2026-07-26,ok,0
marriages,prov-50,province,1976-03,334,marriages,ine,1976-03-31,,2026-07-26,ok,0
marriages,prov-50,province,1976-04,358,marriages,ine,1976-04-30,,2026-07-26,ok,0
marriages,prov-50,province,1976-05,482,marriages,ine,1976-05-31,,2026-07-26,ok,0
marriages,prov-50,province,1976-06,474,marriages,ine,1976-06-30,,2026-07-26,ok,0
marriages,prov-50,province,1976-07,643,marriages,ine,1976-07-31,,2026-07-26,ok,0
marriages,prov-50,province,1976-08,632,marriages,ine,1976-08-31,,2026-07-26,ok,0
marriages,prov-50,province,1976-09,809,marriages,ine,1976-09-30,,2026-07-26,ok,0
marriages,prov-50,province,1976-10,589,marriages,ine,1976-10-31,,2026-07-26,ok,0
marriages,prov-50,province,1976-11,235,marriages,ine,1976-11-30,,2026-07-26,ok,0
marriages,prov-50,province,1976-12,308,marriages,ine,1976-12-31,,2026-07-26,ok,0
marriages,prov-50,province,1977-01,187,marriages,ine,1977-01-31,,2026-07-26,ok,0
marriages,prov-50,province,1977-02,177,marriages,ine,1977-02-28,,2026-07-26,ok,0
marriages,prov-50,province,1977-03,342,marriages,ine,1977-03-31,,2026-07-26,ok,0
marriages,prov-50,province,1977-04,433,marriages,ine,1977-04-30,,2026-07-26,ok,0
marriages,prov-50,province,1977-05,500,marriages,ine,1977-05-31,,2026-07-26,ok,0
marriages,prov-50,province,1977-06,483,marriages,ine,1977-06-30,,2026-07-26,ok,0
marriages,prov-50,province,1977-07,768,marriages,ine,1977-07-31,,2026-07-26,ok,0
marriages,prov-50,province,1977-08,657,marriages,ine,1977-08-31,,2026-07-26,ok,0
marriages,prov-50,province,1977-09,766,marriages,ine,1977-09-30,,2026-07-26,ok,0
marriages,prov-50,province,1977-10,633,marriages,ine,1977-10-31,,2026-07-26,ok,0
marriages,prov-50,province,1977-11,274,marriages,ine,1977-11-30,,2026-07-26,ok,0
marriages,prov-50,province,1977-12,318,marriages,ine,1977-12-31,,2026-07-26,ok,0
marriages,prov-50,province,1978-01,227,marriages,ine,1978-01-31,,2026-07-26,ok,0
marriages,prov-50,province,1978-02,154,marriages,ine,1978-02-28,,2026-07-26,ok,0
marriages,prov-50,province,1978-03,339,marriages,ine,1978-03-31,,2026-07-26,ok,0
marriages,prov-50,province,1978-04,491,marriages,ine,1978-04-30,,2026-07-26,ok,0
marriages,prov-50,province,1978-05,495,marriages,ine,1978-05-31,,2026-07-26,ok,0
marriages,prov-50,province,1978-06,463,marriages,ine,1978-06-30,,2026-07-26,ok,0
marriages,prov-50,province,1978-07,843,marriages,ine,1978-07-31,,2026-07-26,ok,0
marriages,prov-50,province,1978-08,662,marriages,ine,1978-08-31,,2026-07-26,ok,0
marriages,prov-50,province,1978-09,850,marriages,ine,1978-09-30,,2026-07-26,ok,0
marriages,prov-50,province,1978-10,540,marriages,ine,1978-10-31,,2026-07-26,ok,0
marriages,prov-50,province,1978-11,235,marriages,ine,1978-11-30,,2026-07-26,ok,0
marriages,prov-50,province,1978-12,312,marriages,ine,1978-12-31,,2026-07-26,ok,0
marriages,prov-50,province,1979-01,187,marriages,ine,1979-01-31,,2026-07-26,ok,0
marriages,prov-50,province,1979-02,176,marriages,ine,1979-02-28,,2026-07-26,ok,0
marriages,prov-50,province,1979-03,372,marriages,ine,1979-03-31,,2026-07-26,ok,0
marriages,prov-50,province,1979-04,339,marriages,ine,1979-04-30,,2026-07-26,ok,0
marriages,prov-50,province,1979-05,429,marriages,ine,1979-05-31,,2026-07-26,ok,0
marriages,prov-50,province,1979-06,567,marriages,ine,1979-06-30,,2026-07-26,ok,0
marriages,prov-50,province,1979-07,648,marriages,ine,1979-07-31,,2026-07-26,ok,0
marriages,prov-50,province,1979-08,636,marriages,ine,1979-08-31,,2026-07-26,ok,0
marriages,prov-50,province,1979-09,849,marriages,ine,1979-09-30,,2026-07-26,ok,0
marriages,prov-50,province,1979-10,495,marriages,ine,1979-10-31,,2026-07-26,ok,0
marriages,prov-50,province,1979-11,234,marriages,ine,1979-11-30,,2026-07-26,ok,0
marriages,prov-50,province,1979-12,286,marriages,ine,1979-12-31,,2026-07-26,ok,0
marriages,prov-50,province,1980-01,177,marriages,ine,1980-01-31,,2026-07-26,ok,0
marriages,prov-50,province,1980-02,157,marriages,ine,1980-02-29,,2026-07-26,ok,0
marriages,prov-50,province,1980-03,334,marriages,ine,1980-03-31,,2026-07-26,ok,0
marriages,prov-50,province,1980-04,315,marriages,ine,1980-04-30,,2026-07-26,ok,0
marriages,prov-50,province,1980-05,498,marriages,ine,1980-05-31,,2026-07-26,ok,0
marriages,prov-50,province,1980-06,410,marriages,ine,1980-06-30,,2026-07-26,ok,0
marriages,prov-50,province,1980-07,586,marriages,ine,1980-07-31,,2026-07-26,ok,0
marriages,prov-50,province,1980-08,721,marriages,ine,1980-08-31,,2026-07-26,ok,0
marriages,prov-50,province,1980-09,693,marriages,ine,1980-09-30,,2026-07-26,ok,0
marriages,prov-50,province,1980-10,440,marriages,ine,1980-10-31,,2026-07-26,ok,0
marriages,prov-50,province,1980-11,203,marriages,ine,1980-11-30,,2026-07-26,ok,0
marriages,prov-50,province,1980-12,251,marriages,ine,1980-12-31,,2026-07-26,ok,0
marriages,prov-50,province,1981-01,176,marriages,ine,1981-01-31,,2026-07-26,ok,0
marriages,prov-50,province,1981-02,165,marriages,ine,1981-02-28,,2026-07-26,ok,0
marriages,prov-50,province,1981-03,285,marriages,ine,1981-03-31,,2026-07-26,ok,0
marriages,prov-50,province,1981-04,301,marriages,ine,1981-04-30,,2026-07-26,ok,0
marriages,prov-50,province,1981-05,465,marriages,ine,1981-05-31,,2026-07-26,ok,0
marriages,prov-50,province,1981-06,354,marriages,ine,1981-06-30,,2026-07-26,ok,0
marriages,prov-50,province,1981-07,534,marriages,ine,1981-07-31,,2026-07-26,ok,0
marriages,prov-50,province,1981-08,608,marriages,ine,1981-08-31,,2026-07-26,ok,0
marriages,prov-50,province,1981-09,602,marriages,ine,1981-09-30,,2026-07-26,ok,0
marriages,prov-50,province,1981-10,430,marriages,ine,1981-10-31,,2026-07-26,ok,0
marriages,prov-50,province,1981-11,198,marriages,ine,1981-11-30,,2026-07-26,ok,0
marriages,prov-50,province,1981-12,176,marriages,ine,1981-12-31,,2026-07-26,ok,0
marriages,prov-50,province,1982-01,144,marriages,ine,1982-01-31,,2026-07-26,ok,0
marriages,prov-50,province,1982-02,157,marriages,ine,1982-02-28,,2026-07-26,ok,0
marriages,prov-50,province,1982-03,279,marriages,ine,1982-03-31,,2026-07-26,ok,0
marriages,prov-50,province,1982-04,333,marriages,ine,1982-04-30,,2026-07-26,ok,0
marriages,prov-50,province,1982-05,460,marriages,ine,1982-05-31,,2026-07-26,ok,0
marriages,prov-50,province,1982-06,418,marriages,ine,1982-06-30,,2026-07-26,ok,0
marriages,prov-50,province,1982-07,614,marriages,ine,1982-07-31,,2026-07-26,ok,0
marriages,prov-50,province,1982-08,520,marriages,ine,1982-08-31,,2026-07-26,ok,0
marriages,prov-50,province,1982-09,713,marriages,ine,1982-09-30,,2026-07-26,ok,0
marriages,prov-50,province,1982-10,477,marriages,ine,1982-10-31,,2026-07-26,ok,0
marriages,prov-50,province,1982-11,186,marriages,ine,1982-11-30,,2026-07-26,ok,0
marriages,prov-50,province,1982-12,244,marriages,ine,1982-12-31,,2026-07-26,ok,0
marriages,prov-50,province,1983-01,178,marriages,ine,1983-01-31,,2026-07-26,ok,0
marriages,prov-50,province,1983-02,163,marriages,ine,1983-02-28,,2026-07-26,ok,0
marriages,prov-50,province,1983-03,254,marriages,ine,1983-03-31,,2026-07-26,ok,0
marriages,prov-50,province,1983-04,181,marriages,ine,1983-04-30,,2026-07-26,ok,0
marriages,prov-50,province,1983-05,416,marriages,ine,1983-05-31,,2026-07-26,ok,0
marriages,prov-50,province,1983-06,455,marriages,ine,1983-06-30,,2026-07-26,ok,0
marriages,prov-50,province,1983-07,688,marriages,ine,1983-07-31,,2026-07-26,ok,0
marriages,prov-50,province,1983-08,502,marriages,ine,1983-08-31,,2026-07-26,ok,0
marriages,prov-50,province,1983-09,706,marriages,ine,1983-09-30,,2026-07-26,ok,0
marriages,prov-50,province,1983-10,486,marriages,ine,1983-10-31,,2026-07-26,ok,0
marriages,prov-50,province,1983-11,202,marriages,ine,1983-11-30,,2026-07-26,ok,0
marriages,prov-50,province,1983-12,354,marriages,ine,1983-12-31,,2026-07-26,ok,0
marriages,prov-50,province,1984-01,167,marriages,ine,1984-01-31,,2026-07-26,ok,0
marriages,prov-50,province,1984-02,133,marriages,ine,1984-02-29,,2026-07-26,ok,0
marriages,prov-50,province,1984-03,295,marriages,ine,1984-03-31,,2026-07-26,ok,0
marriages,prov-50,province,1984-04,349,marriages,ine,1984-04-30,,2026-07-26,ok,0
marriages,prov-50,province,1984-05,416,marriages,ine,1984-05-31,,2026-07-26,ok,0
marriages,prov-50,province,1984-06,534,marriages,ine,1984-06-30,,2026-07-26,ok,0
marriages,prov-50,province,1984-07,550,marriages,ine,1984-07-31,,2026-07-26,ok,0
marriages,prov-50,province,1984-08,493,marriages,ine,1984-08-31,,2026-07-26,ok,0
marriages,prov-50,province,1984-09,808,marriages,ine,1984-09-30,,2026-07-26,ok,0
marriages,prov-50,province,1984-10,409,marriages,ine,1984-10-31,,2026-07-26,ok,0
marriages,prov-50,province,1984-11,184,marriages,ine,1984-11-30,,2026-07-26,ok,0
marriages,prov-50,province,1984-12,209,marriages,ine,1984-12-31,,2026-07-26,ok,0
marriages,prov-50,province,1985-01,128,marriages,ine,1985-01-31,,2026-07-26,ok,0
marriages,prov-50,province,1985-02,133,marriages,ine,1985-02-28,,2026-07-26,ok,0
marriages,prov-50,province,1985-03,289,marriages,ine,1985-03-31,,2026-07-26,ok,0
marriages,prov-50,province,1985-04,278,marriages,ine,1985-04-30,,2026-07-26,ok,0
marriages,prov-50,province,1985-05,373,marriages,ine,1985-05-31,,2026-07-26,ok,0
marriages,prov-50,province,1985-06,481,marriages,ine,1985-06-30,,2026-07-26,ok,0
marriages,prov-50,province,1985-07,464,marriages,ine,1985-07-31,,2026-07-26,ok,0
marriages,prov-50,province,1985-08,509,marriages,ine,1985-08-31,,2026-07-26,ok,0
marriages,prov-50,province,1985-09,692,marriages,ine,1985-09-30,,2026-07-26,ok,0
marriages,prov-50,province,1985-10,400,marriages,ine,1985-10-31,,2026-07-26,ok,0
marriages,prov-50,province,1985-11,205,marriages,ine,1985-11-30,,2026-07-26,ok,0
marriages,prov-50,province,1985-12,187,marriages,ine,1985-12-31,,2026-07-26,ok,0
marriages,prov-50,province,1986-01,130,marriages,ine,1986-01-31,,2026-07-26,ok,0
marriages,prov-50,province,1986-02,123,marriages,ine,1986-02-28,,2026-07-26,ok,0
marriages,prov-50,province,1986-03,244,marriages,ine,1986-03-31,,2026-07-26,ok,0
marriages,prov-50,province,1986-04,319,marriages,ine,1986-04-30,,2026-07-26,ok,0
marriages,prov-50,province,1986-05,429,marriages,ine,1986-05-31,,2026-07-26,ok,0
marriages,prov-50,province,1986-06,474,marriages,ine,1986-06-30,,2026-07-26,ok,0
marriages,prov-50,province,1986-07,409,marriages,ine,1986-07-31,,2026-07-26,ok,0
marriages,prov-50,province,1986-08,616,marriages,ine,1986-08-31,,2026-07-26,ok,0
marriages,prov-50,province,1986-09,722,marriages,ine,1986-09-30,,2026-07-26,ok,0
marriages,prov-50,province,1986-10,424,marriages,ine,1986-10-31,,2026-07-26,ok,0
marriages,prov-50,province,1986-11,220,marriages,ine,1986-11-30,,2026-07-26,ok,0
marriages,prov-50,province,1986-12,187,marriages,ine,1986-12-31,,2026-07-26,ok,0
marriages,prov-50,province,1987-01,130,marriages,ine,1987-01-31,,2026-07-26,ok,0
marriages,prov-50,province,1987-02,155,marriages,ine,1987-02-28,,2026-07-26,ok,0
marriages,prov-50,province,1987-03,238,marriages,ine,1987-03-31,,2026-07-26,ok,0
marriages,prov-50,province,1987-04,301,marriages,ine,1987-04-30,,2026-07-26,ok,0
marriages,prov-50,province,1987-05,488,marriages,ine,1987-05-31,,2026-07-26,ok,0
marriages,prov-50,province,1987-06,516,marriages,ine,1987-06-30,,2026-07-26,ok,0
marriages,prov-50,province,1987-07,537,marriages,ine,1987-07-31,,2026-07-26,ok,0
marriages,prov-50,province,1987-08,562,marriages,ine,1987-08-31,,2026-07-26,ok,0
marriages,prov-50,province,1987-09,770,marriages,ine,1987-09-30,,2026-07-26,ok,0
marriages,prov-50,province,1987-10,544,marriages,ine,1987-10-31,,2026-07-26,ok,0
marriages,prov-50,province,1987-11,170,marriages,ine,1987-11-30,,2026-07-26,ok,0
marriages,prov-50,province,1987-12,199,marriages,ine,1987-12-31,,2026-07-26,ok,0
marriages,prov-50,province,1988-01,118,marriages,ine,1988-01-31,,2026-07-26,ok,0
marriages,prov-50,province,1988-02,145,marriages,ine,1988-02-29,,2026-07-26,ok,0
marriages,prov-50,province,1988-03,250,marriages,ine,1988-03-31,,2026-07-26,ok,0
marriages,prov-50,province,1988-04,372,marriages,ine,1988-04-30,,2026-07-26,ok,0
marriages,prov-50,province,1988-05,396,marriages,ine,1988-05-31,,2026-07-26,ok,0
marriages,prov-50,province,1988-06,494,marriages,ine,1988-06-30,,2026-07-26,ok,0
marriages,prov-50,province,1988-07,606,marriages,ine,1988-07-31,,2026-07-26,ok,0
marriages,prov-50,province,1988-08,457,marriages,ine,1988-08-31,,2026-07-26,ok,0
marriages,prov-50,province,1988-09,752,marriages,ine,1988-09-30,,2026-07-26,ok,0
marriages,prov-50,province,1988-10,556,marriages,ine,1988-10-31,,2026-07-26,ok,0
marriages,prov-50,province,1988-11,215,marriages,ine,1988-11-30,,2026-07-26,ok,0
marriages,prov-50,province,1988-12,169,marriages,ine,1988-12-31,,2026-07-26,ok,0
marriages,prov-50,province,1989-01,134,marriages,ine,1989-01-31,,2026-07-26,ok,0
marriages,prov-50,province,1989-02,117,marriages,ine,1989-02-28,,2026-07-26,ok,0
marriages,prov-50,province,1989-03,238,marriages,ine,1989-03-31,,2026-07-26,ok,0
marriages,prov-50,province,1989-04,427,marriages,ine,1989-04-30,,2026-07-26,ok,0
marriages,prov-50,province,1989-05,387,marriages,ine,1989-05-31,,2026-07-26,ok,0
marriages,prov-50,province,1989-06,485,marriages,ine,1989-06-30,,2026-07-26,ok,0
marriages,prov-50,province,1989-07,617,marriages,ine,1989-07-31,,2026-07-26,ok,0
marriages,prov-50,province,1989-08,420,marriages,ine,1989-08-31,,2026-07-26,ok,0
marriages,prov-50,province,1989-09,910,marriages,ine,1989-09-30,,2026-07-26,ok,0
marriages,prov-50,province,1989-10,475,marriages,ine,1989-10-31,,2026-07-26,ok,0
marriages,prov-50,province,1989-11,203,marriages,ine,1989-11-30,,2026-07-26,ok,0
marriages,prov-50,province,1989-12,161,marriages,ine,1989-12-31,,2026-07-26,ok,0
marriages,prov-50,province,1990-01,104,marriages,ine,1990-01-31,,2026-07-26,ok,0
marriages,prov-50,province,1990-02,122,marriages,ine,1990-02-28,,2026-07-26,ok,0
marriages,prov-50,province,1990-03,299,marriages,ine,1990-03-31,,2026-07-26,ok,0
marriages,prov-50,province,1990-04,314,marriages,ine,1990-04-30,,2026-07-26,ok,0
marriages,prov-50,province,1990-05,412,marriages,ine,1990-05-31,,2026-07-26,ok,0
marriages,prov-50,province,1990-06,574,marriages,ine,1990-06-30,,2026-07-26,ok,0
marriages,prov-50,province,1990-07,481,marriages,ine,1990-07-31,,2026-07-26,ok,0
marriages,prov-50,province,1990-08,465,marriages,ine,1990-08-31,,2026-07-26,ok,0
marriages,prov-50,province,1990-09,885,marriages,ine,1990-09-30,,2026-07-26,ok,0
marriages,prov-50,province,1990-10,462,marriages,ine,1990-10-31,,2026-07-26,ok,0
marriages,prov-50,province,1990-11,249,marriages,ine,1990-11-30,,2026-07-26,ok,0
marriages,prov-50,province,1990-12,192,marriages,ine,1990-12-31,,2026-07-26,ok,0
marriages,prov-50,province,1991-01,102,marriages,ine,1991-01-31,,2026-07-26,ok,0
marriages,prov-50,province,1991-02,123,marriages,ine,1991-02-28,,2026-07-26,ok,0
marriages,prov-50,province,1991-03,264,marriages,ine,1991-03-31,,2026-07-26,ok,0
marriages,prov-50,province,1991-04,362,marriages,ine,1991-04-30,,2026-07-26,ok,0
marriages,prov-50,province,1991-05,416,marriages,ine,1991-05-31,,2026-07-26,ok,0
marriages,prov-50,province,1991-06,570,marriages,ine,1991-06-30,,2026-07-26,ok,0
marriages,prov-50,province,1991-07,485,marriages,ine,1991-07-31,,2026-07-26,ok,0
marriages,prov-50,province,1991-08,527,marriages,ine,1991-08-31,,2026-07-26,ok,0
marriages,prov-50,province,1991-09,789,marriages,ine,1991-09-30,,2026-07-26,ok,0
marriages,prov-50,province,1991-10,495,marriages,ine,1991-10-31,,2026-07-26,ok,0
marriages,prov-50,province,1991-11,248,marriages,ine,1991-11-30,,2026-07-26,ok,0
marriages,prov-50,province,1991-12,177,marriages,ine,1991-12-31,,2026-07-26,ok,0
marriages,prov-50,province,1992-01,94,marriages,ine,1992-01-31,,2026-07-26,ok,0
marriages,prov-50,province,1992-02,144,marriages,ine,1992-02-29,,2026-07-26,ok,0
marriages,prov-50,province,1992-03,258,marriages,ine,1992-03-31,,2026-07-26,ok,0
marriages,prov-50,province,1992-04,295,marriages,ine,1992-04-30,,2026-07-26,ok,0
marriages,prov-50,province,1992-05,557,marriages,ine,1992-05-31,,2026-07-26,ok,0
marriages,prov-50,province,1992-06,509,marriages,ine,1992-06-30,,2026-07-26,ok,0
marriages,prov-50,province,1992-07,540,marriages,ine,1992-07-31,,2026-07-26,ok,0
marriages,prov-50,province,1992-08,527,marriages,ine,1992-08-31,,2026-07-26,ok,0
marriages,prov-50,province,1992-09,787,marriages,ine,1992-09-30,,2026-07-26,ok,0
marriages,prov-50,province,1992-10,561,marriages,ine,1992-10-31,,2026-07-26,ok,0
marriages,prov-50,province,1992-11,205,marriages,ine,1992-11-30,,2026-07-26,ok,0
marriages,prov-50,province,1992-12,143,marriages,ine,1992-12-31,,2026-07-26,ok,0
marriages,prov-50,province,1993-01,91,marriages,ine,1993-01-31,,2026-07-26,ok,0
marriages,prov-50,province,1993-02,106,marriages,ine,1993-02-28,,2026-07-26,ok,0
marriages,prov-50,province,1993-03,244,marriages,ine,1993-03-31,,2026-07-26,ok,0
marriages,prov-50,province,1993-04,272,marriages,ine,1993-04-30,,2026-07-26,ok,0
marriages,prov-50,province,1993-05,427,marriages,ine,1993-05-31,,2026-07-26,ok,0
marriages,prov-50,province,1993-06,549,marriages,ine,1993-06-30,,2026-07-26,ok,0
marriages,prov-50,province,1993-07,594,marriages,ine,1993-07-31,,2026-07-26,ok,0
marriages,prov-50,province,1993-08,356,marriages,ine,1993-08-31,,2026-07-26,ok,0
marriages,prov-50,province,1993-09,799,marriages,ine,1993-09-30,,2026-07-26,ok,0
marriages,prov-50,province,1993-10,536,marriages,ine,1993-10-31,,2026-07-26,ok,0
marriages,prov-50,province,1993-11,180,marriages,ine,1993-11-30,,2026-07-26,ok,0
marriages,prov-50,province,1993-12,149,marriages,ine,1993-12-31,,2026-07-26,ok,0
marriages,prov-50,province,1994-01,115,marriages,ine,1994-01-31,,2026-07-26,ok,0
marriages,prov-50,province,1994-02,90,marriages,ine,1994-02-28,,2026-07-26,ok,0
marriages,prov-50,province,1994-03,199,marriages,ine,1994-03-31,,2026-07-26,ok,0
marriages,prov-50,province,1994-04,326,marriages,ine,1994-04-30,,2026-07-26,ok,0
marriages,prov-50,province,1994-05,357,marriages,ine,1994-05-31,,2026-07-26,ok,0
marriages,prov-50,province,1994-06,511,marriages,ine,1994-06-30,,2026-07-26,ok,0
marriages,prov-50,province,1994-07,646,marriages,ine,1994-07-31,,2026-07-26,ok,0
marriages,prov-50,province,1994-08,372,marriages,ine,1994-08-31,,2026-07-26,ok,0
marriages,prov-50,province,1994-09,666,marriages,ine,1994-09-30,,2026-07-26,ok,0
marriages,prov-50,province,1994-10,461,marriages,ine,1994-10-31,,2026-07-26,ok,0
marriages,prov-50,province,1994-11,184,marriages,ine,1994-11-30,,2026-07-26,ok,0
marriages,prov-50,province,1994-12,132,marriages,ine,1994-12-31,,2026-07-26,ok,0
marriages,prov-50,province,1995-01,75,marriages,ine,1995-01-31,,2026-07-26,ok,0
marriages,prov-50,province,1995-02,98,marriages,ine,1995-02-28,,2026-07-26,ok,0
marriages,prov-50,province,1995-03,224,marriages,ine,1995-03-31,,2026-07-26,ok,0
marriages,prov-50,province,1995-04,312,marriages,ine,1995-04-30,,2026-07-26,ok,0
marriages,prov-50,province,1995-05,355,marriages,ine,1995-05-31,,2026-07-26,ok,0
marriages,prov-50,province,1995-06,494,marriages,ine,1995-06-30,,2026-07-26,ok,0
marriages,prov-50,province,1995-07,611,marriages,ine,1995-07-31,,2026-07-26,ok,0
marriages,prov-50,province,1995-08,365,marriages,ine,1995-08-31,,2026-07-26,ok,0
marriages,prov-50,province,1995-09,845,marriages,ine,1995-09-30,,2026-07-26,ok,0
marriages,prov-50,province,1995-10,395,marriages,ine,1995-10-31,,2026-07-26,ok,0
marriages,prov-50,province,1995-11,197,marriages,ine,1995-11-30,,2026-07-26,ok,0
marriages,prov-50,province,1995-12,132,marriages,ine,1995-12-31,,2026-07-26,ok,0
marriages,prov-50,province,1996-01,88,marriages,ine,1996-01-31,,2026-07-26,ok,0
marriages,prov-50,province,1996-02,108,marriages,ine,1996-02-29,,2026-07-26,ok,0
marriages,prov-50,province,1996-03,266,marriages,ine,1996-03-31,,2026-07-26,ok,0
marriages,prov-50,province,1996-04,260,marriages,ine,1996-04-30,,2026-07-26,ok,0
marriages,prov-50,province,1996-05,348,marriages,ine,1996-05-31,,2026-07-26,ok,0
marriages,prov-50,province,1996-06,594,marriages,ine,1996-06-30,,2026-07-26,ok,0
marriages,prov-50,province,1996-07,483,marriages,ine,1996-07-31,,2026-07-26,ok,0
marriages,prov-50,province,1996-08,447,marriages,ine,1996-08-31,,2026-07-26,ok,0
marriages,prov-50,province,1996-09,727,marriages,ine,1996-09-30,,2026-07-26,ok,0
marriages,prov-50,province,1996-10,409,marriages,ine,1996-10-31,,2026-07-26,ok,0
marriages,prov-50,province,1996-11,226,marriages,ine,1996-11-30,,2026-07-26,ok,0
marriages,prov-50,province,1996-12,107,marriages,ine,1996-12-31,,2026-07-26,ok,0
marriages,prov-50,province,1997-01,88,marriages,ine,1997-01-31,,2026-07-26,ok,0
marriages,prov-50,province,1997-02,100,marriages,ine,1997-02-28,,2026-07-26,ok,0
marriages,prov-50,province,1997-03,233,marriages,ine,1997-03-31,,2026-07-26,ok,0
marriages,prov-50,province,1997-04,324,marriages,ine,1997-04-30,,2026-07-26,ok,0
marriages,prov-50,province,1997-05,473,marriages,ine,1997-05-31,,2026-07-26,ok,0
marriages,prov-50,province,1997-06,501,marriages,ine,1997-06-30,,2026-07-26,ok,0
marriages,prov-50,province,1997-07,510,marriages,ine,1997-07-31,,2026-07-26,ok,0
marriages,prov-50,province,1997-08,466,marriages,ine,1997-08-31,,2026-07-26,ok,0
marriages,prov-50,province,1997-09,691,marriages,ine,1997-09-30,,2026-07-26,ok,0
marriages,prov-50,province,1997-10,481,marriages,ine,1997-10-31,,2026-07-26,ok,0
marriages,prov-50,province,1997-11,231,marriages,ine,1997-11-30,,2026-07-26,ok,0
marriages,prov-50,province,1997-12,125,marriages,ine,1997-12-31,,2026-07-26,ok,0
marriages,prov-50,province,1998-01,75,marriages,ine,1998-01-31,,2026-07-26,ok,0
marriages,prov-50,province,1998-02,132,marriages,ine,1998-02-28,,2026-07-26,ok,0
marriages,prov-50,province,1998-03,247,marriages,ine,1998-03-31,,2026-07-26,ok,0
marriages,prov-50,province,1998-04,292,marriages,ine,1998-04-30,,2026-07-26,ok,0
marriages,prov-50,province,1998-05,504,marriages,ine,1998-05-31,,2026-07-26,ok,0
marriages,prov-50,province,1998-06,532,marriages,ine,1998-06-30,,2026-07-26,ok,0
marriages,prov-50,province,1998-07,571,marriages,ine,1998-07-31,,2026-07-26,ok,0
marriages,prov-50,province,1998-08,437,marriages,ine,1998-08-31,,2026-07-26,ok,0
marriages,prov-50,province,1998-09,690,marriages,ine,1998-09-30,,2026-07-26,ok,0
marriages,prov-50,province,1998-10,548,marriages,ine,1998-10-31,,2026-07-26,ok,0
marriages,prov-50,province,1998-11,204,marriages,ine,1998-11-30,,2026-07-26,ok,0
marriages,prov-50,province,1998-12,152,marriages,ine,1998-12-31,,2026-07-26,ok,0
marriages,prov-50,province,1999-01,91,marriages,ine,1999-01-31,,2026-07-26,ok,0
marriages,prov-50,province,1999-02,125,marriages,ine,1999-02-28,,2026-07-26,ok,0
marriages,prov-50,province,1999-03,268,marriages,ine,1999-03-31,,2026-07-26,ok,0
marriages,prov-50,province,1999-04,297,marriages,ine,1999-04-30,,2026-07-26,ok,0
marriages,prov-50,province,1999-05,450,marriages,ine,1999-05-31,,2026-07-26,ok,0
marriages,prov-50,province,1999-06,535,marriages,ine,1999-06-30,,2026-07-26,ok,0
marriages,prov-50,province,1999-07,624,marriages,ine,1999-07-31,,2026-07-26,ok,0
marriages,prov-50,province,1999-08,340,marriages,ine,1999-08-31,,2026-07-26,ok,0
marriages,prov-50,province,1999-09,690,marriages,ine,1999-09-30,,2026-07-26,ok,0
marriages,prov-50,province,1999-10,587,marriages,ine,1999-10-31,,2026-07-26,ok,0
marriages,prov-50,province,1999-11,225,marriages,ine,1999-11-30,,2026-07-26,ok,0
marriages,prov-50,province,1999-12,145,marriages,ine,1999-12-31,,2026-07-26,ok,0
marriages,prov-50,province,2000-01,86,marriages,ine,2000-01-31,,2026-07-26,ok,0
marriages,prov-50,province,2000-02,117,marriages,ine,2000-02-29,,2026-07-26,ok,0
marriages,prov-50,province,2000-03,264,marriages,ine,2000-03-31,,2026-07-26,ok,0
marriages,prov-50,province,2000-04,426,marriages,ine,2000-04-30,,2026-07-26,ok,0
marriages,prov-50,province,2000-05,460,marriages,ine,2000-05-31,,2026-07-26,ok,0
marriages,prov-50,province,2000-06,593,marriages,ine,2000-06-30,,2026-07-26,ok,0
marriages,prov-50,province,2000-07,604,marriages,ine,2000-07-31,,2026-07-26,ok,0
marriages,prov-50,province,2000-08,353,marriages,ine,2000-08-31,,2026-07-26,ok,0
marriages,prov-50,province,2000-09,845,marriages,ine,2000-09-30,,2026-07-26,ok,0
marriages,prov-50,province,2000-10,487,marriages,ine,2000-10-31,,2026-07-26,ok,0
marriages,prov-50,province,2000-11,249,marriages,ine,2000-11-30,,2026-07-26,ok,0
marriages,prov-50,province,2000-12,141,marriages,ine,2000-12-31,,2026-07-26,ok,0
marriages,prov-50,province,2001-01,71,marriages,ine,2001-01-31,,2026-07-26,ok,0
marriages,prov-50,province,2001-02,108,marriages,ine,2001-02-28,,2026-07-26,ok,0
marriages,prov-50,province,2001-03,298,marriages,ine,2001-03-31,,2026-07-26,ok,0
marriages,prov-50,province,2001-04,334,marriages,ine,2001-04-30,,2026-07-26,ok,0
marriages,prov-50,province,2001-05,428,marriages,ine,2001-05-31,,2026-07-26,ok,0
marriages,prov-50,province,2001-06,663,marriages,ine,2001-06-30,,2026-07-26,ok,0
marriages,prov-50,province,2001-07,501,marriages,ine,2001-07-31,,2026-07-26,ok,0
marriages,prov-50,province,2001-08,390,marriages,ine,2001-08-31,,2026-07-26,ok,0
marriages,prov-50,province,2001-09,764,marriages,ine,2001-09-30,,2026-07-26,ok,0
marriages,prov-50,province,2001-10,460,marriages,ine,2001-10-31,,2026-07-26,ok,0
marriages,prov-50,province,2001-11,243,marriages,ine,2001-11-30,,2026-07-26,ok,0
marriages,prov-50,province,2001-12,165,marriages,ine,2001-12-31,,2026-07-26,ok,0
marriages,prov-50,province,2002-01,76,marriages,ine,2002-01-31,,2026-07-26,ok,0
marriages,prov-50,province,2002-02,133,marriages,ine,2002-02-28,,2026-07-26,ok,0
marriages,prov-50,province,2002-03,233,marriages,ine,2002-03-31,,2026-07-26,ok,0
marriages,prov-50,province,2002-04,383,marriages,ine,2002-04-30,,2026-07-26,ok,0
marriages,prov-50,province,2002-05,479,marriages,ine,2002-05-31,,2026-07-26,ok,0
marriages,prov-50,province,2002-06,647,marriages,ine,2002-06-30,,2026-07-26,ok,0
marriages,prov-50,province,2002-07,541,marriages,ine,2002-07-31,,2026-07-26,ok,0
marriages,prov-50,province,2002-08,470,marriages,ine,2002-08-31,,2026-07-26,ok,0
marriages,prov-50,province,2002-09,692,marriages,ine,2002-09-30,,2026-07-26,ok,0
marriages,prov-50,province,2002-10,455,marriages,ine,2002-10-31,,2026-07-26,ok,0
marriages,prov-50,province,2002-11,339,marriages,ine,2002-11-30,,2026-07-26,ok,0
marriages,prov-50,province,2002-12,140,marriages,ine,2002-12-31,,2026-07-26,ok,0
marriages,prov-50,province,2003-01,100,marriages,ine,2003-01-31,,2026-07-26,ok,0
marriages,prov-50,province,2003-02,150,marriages,ine,2003-02-28,,2026-07-26,ok,0
marriages,prov-50,province,2003-03,289,marriages,ine,2003-03-31,,2026-07-26,ok,0
marriages,prov-50,province,2003-04,273,marriages,ine,2003-04-30,,2026-07-26,ok,0
marriages,prov-50,province,2003-05,515,marriages,ine,2003-05-31,,2026-07-26,ok,0
marriages,prov-50,province,2003-06,530,marriages,ine,2003-06-30,,2026-07-26,ok,0
marriages,prov-50,province,2003-07,526,marriages,ine,2003-07-31,,2026-07-26,ok,0
marriages,prov-50,province,2003-08,461,marriages,ine,2003-08-31,,2026-07-26,ok,0
marriages,prov-50,province,2003-09,653,marriages,ine,2003-09-30,,2026-07-26,ok,0
marriages,prov-50,province,2003-10,471,marriages,ine,2003-10-31,,2026-07-26,ok,0
marriages,prov-50,province,2003-11,250,marriages,ine,2003-11-30,,2026-07-26,ok,0
marriages,prov-50,province,2003-12,147,marriages,ine,2003-12-31,,2026-07-26,ok,0
marriages,prov-50,province,2004-01,103,marriages,ine,2004-01-31,,2026-07-26,ok,0
marriages,prov-50,province,2004-02,160,marriages,ine,2004-02-29,,2026-07-26,ok,0
marriages,prov-50,province,2004-03,245,marriages,ine,2004-03-31,,2026-07-26,ok,0
marriages,prov-50,province,2004-04,340,marriages,ine,2004-04-30,,2026-07-26,ok,0
marriages,prov-50,province,2004-05,474,marriages,ine,2004-05-31,,2026-07-26,ok,0
marriages,prov-50,province,2004-06,597,marriages,ine,2004-06-30,,2026-07-26,ok,0
marriages,prov-50,province,2004-07,606,marriages,ine,2004-07-31,,2026-07-26,ok,0
marriages,prov-50,province,2004-08,343,marriages,ine,2004-08-31,,2026-07-26,ok,0
marriages,prov-50,province,2004-09,675,marriages,ine,2004-09-30,,2026-07-26,ok,0
marriages,prov-50,province,2004-10,559,marriages,ine,2004-10-31,,2026-07-26,ok,0
marriages,prov-50,province,2004-11,248,marriages,ine,2004-11-30,,2026-07-26,ok,0
marriages,prov-50,province,2004-12,156,marriages,ine,2004-12-31,,2026-07-26,ok,0
marriages,prov-50,province,2005-01,71,marriages,ine,2005-01-31,,2026-07-26,ok,0
marriages,prov-50,province,2005-02,124,marriages,ine,2005-02-28,,2026-07-26,ok,0
marriages,prov-50,province,2005-03,178,marriages,ine,2005-03-31,,2026-07-26,ok,0
marriages,prov-50,province,2005-04,417,marriages,ine,2005-04-30,,2026-07-26,ok,0
marriages,prov-50,province,2005-05,420,marriages,ine,2005-05-31,,2026-07-26,ok,0
marriages,prov-50,province,2005-06,558,marriages,ine,2005-06-30,,2026-07-26,ok,0
marriages,prov-50,province,2005-07,602,marriages,ine,2005-07-31,,2026-07-26,ok,0
marriages,prov-50,province,2005-08,339,marriages,ine,2005-08-31,,2026-07-26,ok,0
marriages,prov-50,province,2005-09,721,marriages,ine,2005-09-30,,2026-07-26,ok,0
marriages,prov-50,province,2005-10,511,marriages,ine,2005-10-31,,2026-07-26,ok,0
marriages,prov-50,province,2005-11,257,marriages,ine,2005-11-30,,2026-07-26,ok,0
marriages,prov-50,province,2005-12,149,marriages,ine,2005-12-31,,2026-07-26,ok,0
marriages,prov-50,province,2006-01,85,marriages,ine,2006-01-31,,2026-07-26,ok,0
marriages,prov-50,province,2006-02,121,marriages,ine,2006-02-28,,2026-07-26,ok,0
marriages,prov-50,province,2006-03,247,marriages,ine,2006-03-31,,2026-07-26,ok,0
marriages,prov-50,province,2006-04,349,marriages,ine,2006-04-30,,2026-07-26,ok,0
marriages,prov-50,province,2006-05,448,marriages,ine,2006-05-31,,2026-07-26,ok,0
marriages,prov-50,province,2006-06,625,marriages,ine,2006-06-30,,2026-07-26,ok,0
marriages,prov-50,province,2006-07,541,marriages,ine,2006-07-31,,2026-07-26,ok,0
marriages,prov-50,province,2006-08,285,marriages,ine,2006-08-31,,2026-07-26,ok,0
marriages,prov-50,province,2006-09,773,marriages,ine,2006-09-30,,2026-07-26,ok,0
marriages,prov-50,province,2006-10,355,marriages,ine,2006-10-31,,2026-07-26,ok,0
marriages,prov-50,province,2006-11,220,marriages,ine,2006-11-30,,2026-07-26,ok,0
marriages,prov-50,province,2006-12,143,marriages,ine,2006-12-31,,2026-07-26,ok,0
marriages,prov-50,province,2007-01,74,marriages,ine,2007-01-31,,2026-07-26,ok,0
marriages,prov-50,province,2007-02,105,marriages,ine,2007-02-28,,2026-07-26,ok,0
marriages,prov-50,province,2007-03,270,marriages,ine,2007-03-31,,2026-07-26,ok,0
marriages,prov-50,province,2007-04,275,marriages,ine,2007-04-30,,2026-07-26,ok,0
marriages,prov-50,province,2007-05,421,marriages,ine,2007-05-31,,2026-07-26,ok,0
marriages,prov-50,province,2007-06,642,marriages,ine,2007-06-30,,2026-07-26,ok,0
marriages,prov-50,province,2007-07,483,marriages,ine,2007-07-31,,2026-07-26,ok,0
marriages,prov-50,province,2007-08,315,marriages,ine,2007-08-31,,2026-07-26,ok,0
marriages,prov-50,province,2007-09,700,marriages,ine,2007-09-30,,2026-07-26,ok,0
marriages,prov-50,province,2007-10,362,marriages,ine,2007-10-31,,2026-07-26,ok,0
marriages,prov-50,province,2007-11,250,marriages,ine,2007-11-30,,2026-07-26,ok,0
marriages,prov-50,province,2007-12,134,marriages,ine,2007-12-31,,2026-07-26,ok,0
marriages,prov-50,province,2008-01,77,marriages,ine,2008-01-31,,2026-07-26,ok,0
marriages,prov-50,province,2008-02,99,marriages,ine,2008-02-29,,2026-07-26,ok,0
marriages,prov-50,province,2008-03,192,marriages,ine,2008-03-31,,2026-07-26,ok,0
marriages,prov-50,province,2008-04,299,marriages,ine,2008-04-30,,2026-07-26,ok,0
marriages,prov-50,province,2008-05,524,marriages,ine,2008-05-31,,2026-07-26,ok,0
marriages,prov-50,province,2008-06,528,marriages,ine,2008-06-30,,2026-07-26,ok,0
marriages,prov-50,province,2008-07,455,marriages,ine,2008-07-31,,2026-07-26,ok,0
marriages,prov-50,province,2008-08,400,marriages,ine,2008-08-31,,2026-07-26,ok,0
marriages,prov-50,province,2008-09,561,marriages,ine,2008-09-30,,2026-07-26,ok,0
marriages,prov-50,province,2008-10,398,marriages,ine,2008-10-31,,2026-07-26,ok,0
marriages,prov-50,province,2008-11,212,marriages,ine,2008-11-30,,2026-07-26,ok,0
marriages,prov-50,province,2008-12,116,marriages,ine,2008-12-31,,2026-07-26,ok,0
marriages,prov-50,province,2009-01,80,marriages,ine,2009-01-31,,2026-07-26,ok,0
marriages,prov-50,province,2009-02,123,marriages,ine,2009-02-28,,2026-07-26,ok,0
marriages,prov-50,province,2009-03,213,marriages,ine,2009-03-31,,2026-07-26,ok,0
marriages,prov-50,province,2009-04,219,marriages,ine,2009-04-30,,2026-07-26,ok,0
marriages,prov-50,province,2009-05,449,marriages,ine,2009-05-31,,2026-07-26,ok,0
marriages,prov-50,province,2009-06,534,marriages,ine,2009-06-30,,2026-07-26,ok,0
marriages,prov-50,province,2009-07,478,marriages,ine,2009-07-31,,2026-07-26,ok,0
marriages,prov-50,province,2009-08,309,marriages,ine,2009-08-31,,2026-07-26,ok,0
marriages,prov-50,province,2009-09,566,marriages,ine,2009-09-30,,2026-07-26,ok,0
marriages,prov-50,province,2009-10,334,marriages,ine,2009-10-31,,2026-07-26,ok,0
marriages,prov-50,province,2009-11,169,marriages,ine,2009-11-30,,2026-07-26,ok,0
marriages,prov-50,province,2009-12,123,marriages,ine,2009-12-31,,2026-07-26,ok,0
marriages,prov-50,province,2010-01,81,marriages,ine,2010-01-31,,2026-07-26,ok,0
marriages,prov-50,province,2010-02,93,marriages,ine,2010-02-28,,2026-07-26,ok,0
marriages,prov-50,province,2010-03,162,marriages,ine,2010-03-31,,2026-07-26,ok,0
marriages,prov-50,province,2010-04,241,marriages,ine,2010-04-30,,2026-07-26,ok,0
marriages,prov-50,province,2010-05,357,marriages,ine,2010-05-31,,2026-07-26,ok,0
marriages,prov-50,province,2010-06,499,marriages,ine,2010-06-30,,2026-07-26,ok,0
marriages,prov-50,province,2010-07,516,marriages,ine,2010-07-31,,2026-07-26,ok,0
marriages,prov-50,province,2010-08,239,marriages,ine,2010-08-31,,2026-07-26,ok,0
marriages,prov-50,province,2010-09,547,marriages,ine,2010-09-30,,2026-07-26,ok,0
marriages,prov-50,province,2010-10,361,marriages,ine,2010-10-31,,2026-07-26,ok,0
marriages,prov-50,province,2010-11,151,marriages,ine,2010-11-30,,2026-07-26,ok,0
marriages,prov-50,province,2010-12,105,marriages,ine,2010-12-31,,2026-07-26,ok,0
marriages,prov-50,province,2011-01,90,marriages,ine,2011-01-31,,2026-07-26,ok,0
marriages,prov-50,province,2011-02,101,marriages,ine,2011-02-28,,2026-07-26,ok,0
marriages,prov-50,province,2011-03,126,marriages,ine,2011-03-31,,2026-07-26,ok,0
marriages,prov-50,province,2011-04,266,marriages,ine,2011-04-30,,2026-07-26,ok,0
marriages,prov-50,province,2011-05,370,marriages,ine,2011-05-31,,2026-07-26,ok,0
marriages,prov-50,province,2011-06,455,marriages,ine,2011-06-30,,2026-07-26,ok,0
marriages,prov-50,province,2011-07,486,marriages,ine,2011-07-31,,2026-07-26,ok,0
marriages,prov-50,province,2011-08,233,marriages,ine,2011-08-31,,2026-07-26,ok,0
marriages,prov-50,province,2011-09,575,marriages,ine,2011-09-30,,2026-07-26,ok,0
marriages,prov-50,province,2011-10,300,marriages,ine,2011-10-31,,2026-07-26,ok,0
marriages,prov-50,province,2011-11,150,marriages,ine,2011-11-30,,2026-07-26,ok,0
marriages,prov-50,province,2011-12,93,marriages,ine,2011-12-31,,2026-07-26,ok,0
marriages,prov-50,province,2012-01,75,marriages,ine,2012-01-31,,2026-07-26,ok,0
marriages,prov-50,province,2012-02,96,marriages,ine,2012-02-29,,2026-07-26,ok,0
marriages,prov-50,province,2012-03,169,marriages,ine,2012-03-31,,2026-07-26,ok,0
marriages,prov-50,province,2012-04,225,marriages,ine,2012-04-30,,2026-07-26,ok,0
marriages,prov-50,province,2012-05,355,marriages,ine,2012-05-31,,2026-07-26,ok,0
marriages,prov-50,province,2012-06,595,marriages,ine,2012-06-30,,2026-07-26,ok,0
marriages,prov-50,province,2012-07,397,marriages,ine,2012-07-31,,2026-07-26,ok,0
marriages,prov-50,province,2012-08,322,marriages,ine,2012-08-31,,2026-07-26,ok,0
marriages,prov-50,province,2012-09,652,marriages,ine,2012-09-30,,2026-07-26,ok,0
marriages,prov-50,province,2012-10,278,marriages,ine,2012-10-31,,2026-07-26,ok,0
marriages,prov-50,province,2012-11,183,marriages,ine,2012-11-30,,2026-07-26,ok,0
marriages,prov-50,province,2012-12,131,marriages,ine,2012-12-31,,2026-07-26,ok,0
marriages,prov-50,province,2013-01,91,marriages,ine,2013-01-31,,2026-07-26,ok,0
marriages,prov-50,province,2013-02,107,marriages,ine,2013-02-28,,2026-07-26,ok,0
marriages,prov-50,province,2013-03,146,marriages,ine,2013-03-31,,2026-07-26,ok,0
marriages,prov-50,province,2013-04,244,marriages,ine,2013-04-30,,2026-07-26,ok,0
marriages,prov-50,province,2013-05,326,marriages,ine,2013-05-31,,2026-07-26,ok,0
marriages,prov-50,province,2013-06,533,marriages,ine,2013-06-30,,2026-07-26,ok,0
marriages,prov-50,province,2013-07,408,marriages,ine,2013-07-31,,2026-07-26,ok,0
marriages,prov-50,province,2013-08,341,marriages,ine,2013-08-31,,2026-07-26,ok,0
marriages,prov-50,province,2013-09,530,marriages,ine,2013-09-30,,2026-07-26,ok,0
marriages,prov-50,province,2013-10,248,marriages,ine,2013-10-31,,2026-07-26,ok,0
marriages,prov-50,province,2013-11,165,marriages,ine,2013-11-30,,2026-07-26,ok,0
marriages,prov-50,province,2013-12,134,marriages,ine,2013-12-31,,2026-07-26,ok,0
marriages,prov-50,province,2014-01,73,marriages,ine,2014-01-31,,2026-07-26,ok,0
marriages,prov-50,province,2014-02,107,marriages,ine,2014-02-28,,2026-07-26,ok,0
marriages,prov-50,province,2014-03,136,marriages,ine,2014-03-31,,2026-07-26,ok,0
marriages,prov-50,province,2014-04,161,marriages,ine,2014-04-30,,2026-07-26,ok,0
marriages,prov-50,province,2014-05,359,marriages,ine,2014-05-31,,2026-07-26,ok,0
marriages,prov-50,province,2014-06,464,marriages,ine,2014-06-30,,2026-07-26,ok,0
marriages,prov-50,province,2014-07,405,marriages,ine,2014-07-31,,2026-07-26,ok,0
marriages,prov-50,province,2014-08,284,marriages,ine,2014-08-31,,2026-07-26,ok,0
marriages,prov-50,province,2014-09,529,marriages,ine,2014-09-30,,2026-07-26,ok,0
marriages,prov-50,province,2014-10,273,marriages,ine,2014-10-31,,2026-07-26,ok,0
marriages,prov-50,province,2014-11,147,marriages,ine,2014-11-30,,2026-07-26,ok,0
marriages,prov-50,province,2014-12,121,marriages,ine,2014-12-31,,2026-07-26,ok,0
marriages,prov-50,province,2015-01,90,marriages,ine,2015-01-31,,2026-07-26,ok,0
marriages,prov-50,province,2015-02,100,marriages,ine,2015-02-28,,2026-07-26,ok,0
marriages,prov-50,province,2015-03,141,marriages,ine,2015-03-31,,2026-07-26,ok,0
marriages,prov-50,province,2015-04,184,marriages,ine,2015-04-30,,2026-07-26,ok,0
marriages,prov-50,province,2015-05,360,marriages,ine,2015-05-31,,2026-07-26,ok,0
marriages,prov-50,province,2015-06,451,marriages,ine,2015-06-30,,2026-07-26,ok,0
marriages,prov-50,province,2015-07,421,marriages,ine,2015-07-31,,2026-07-26,ok,0
marriages,prov-50,province,2015-08,318,marriages,ine,2015-08-31,,2026-07-26,ok,0
marriages,prov-50,province,2015-09,547,marriages,ine,2015-09-30,,2026-07-26,ok,0
marriages,prov-50,province,2015-10,348,marriages,ine,2015-10-31,,2026-07-26,ok,0
marriages,prov-50,province,2015-11,167,marriages,ine,2015-11-30,,2026-07-26,ok,0
marriages,prov-50,province,2015-12,136,marriages,ine,2015-12-31,,2026-07-26,ok,0
marriages,prov-50,province,2016-01,90,marriages,ine,2016-01-31,,2026-07-26,ok,0
marriages,prov-50,province,2016-02,105,marriages,ine,2016-02-29,,2026-07-26,ok,0
marriages,prov-50,province,2016-03,118,marriages,ine,2016-03-31,,2026-07-26,ok,0
marriages,prov-50,province,2016-04,263,marriages,ine,2016-04-30,,2026-07-26,ok,0
marriages,prov-50,province,2016-05,288,marriages,ine,2016-05-31,,2026-07-26,ok,0
marriages,prov-50,province,2016-06,449,marriages,ine,2016-06-30,,2026-07-26,ok,0
marriages,prov-50,province,2016-07,498,marriages,ine,2016-07-31,,2026-07-26,ok,0
marriages,prov-50,province,2016-08,271,marriages,ine,2016-08-31,,2026-07-26,ok,0
marriages,prov-50,province,2016-09,563,marriages,ine,2016-09-30,,2026-07-26,ok,0
marriages,prov-50,province,2016-10,345,marriages,ine,2016-10-31,,2026-07-26,ok,0
marriages,prov-50,province,2016-11,175,marriages,ine,2016-11-30,,2026-07-26,ok,0
marriages,prov-50,province,2016-12,132,marriages,ine,2016-12-31,,2026-07-26,ok,0
marriages,prov-50,province,2017-01,74,marriages,ine,2017-01-31,,2026-07-26,ok,0
marriages,prov-50,province,2017-02,106,marriages,ine,2017-02-28,,2026-07-26,ok,0
marriages,prov-50,province,2017-03,139,marriages,ine,2017-03-31,,2026-07-26,ok,0
marriages,prov-50,province,2017-04,209,marriages,ine,2017-04-30,,2026-07-26,ok,0
marriages,prov-50,province,2017-05,254,marriages,ine,2017-05-31,,2026-07-26,ok,0
marriages,prov-50,province,2017-06,509,marriages,ine,2017-06-30,,2026-07-26,ok,0
marriages,prov-50,province,2017-07,505,marriages,ine,2017-07-31,,2026-07-26,ok,0
marriages,prov-50,province,2017-08,260,marriages,ine,2017-08-31,,2026-07-26,ok,0
marriages,prov-50,province,2017-09,628,marriages,ine,2017-09-30,,2026-07-26,ok,0
marriages,prov-50,province,2017-10,227,marriages,ine,2017-10-31,,2026-07-26,ok,0
marriages,prov-50,province,2017-11,184,marriages,ine,2017-11-30,,2026-07-26,ok,0
marriages,prov-50,province,2017-12,119,marriages,ine,2017-12-31,,2026-07-26,ok,0
marriages,prov-50,province,2018-01,83,marriages,ine,2018-01-31,,2026-07-26,ok,0
marriages,prov-50,province,2018-02,94,marriages,ine,2018-02-28,,2026-07-26,ok,0
marriages,prov-50,province,2018-03,142,marriages,ine,2018-03-31,,2026-07-26,ok,0
marriages,prov-50,province,2018-04,236,marriages,ine,2018-04-30,,2026-07-26,ok,0
marriages,prov-50,province,2018-05,285,marriages,ine,2018-05-31,,2026-07-26,ok,0
marriages,prov-50,province,2018-06,522,marriages,ine,2018-06-30,,2026-07-26,ok,0
marriages,prov-50,province,2018-07,374,marriages,ine,2018-07-31,,2026-07-26,ok,0
marriages,prov-50,province,2018-08,280,marriages,ine,2018-08-31,,2026-07-26,ok,0
marriages,prov-50,province,2018-09,525,marriages,ine,2018-09-30,,2026-07-26,ok,0
marriages,prov-50,province,2018-10,254,marriages,ine,2018-10-31,,2026-07-26,ok,0
marriages,prov-50,province,2018-11,162,marriages,ine,2018-11-30,,2026-07-26,ok,0
marriages,prov-50,province,2018-12,132,marriages,ine,2018-12-31,,2026-07-26,ok,0
marriages,prov-50,province,2019-01,87,marriages,ine,2019-01-31,,2026-07-26,ok,0
marriages,prov-50,province,2019-02,97,marriages,ine,2019-02-28,,2026-07-26,ok,0
marriages,prov-50,province,2019-03,164,marriages,ine,2019-03-31,,2026-07-26,ok,0
marriages,prov-50,province,2019-04,173,marriages,ine,2019-04-30,,2026-07-26,ok,0
marriages,prov-50,province,2019-05,302,marriages,ine,2019-05-31,,2026-07-26,ok,0
marriages,prov-50,province,2019-06,390,marriages,ine,2019-06-30,,2026-07-26,ok,0
marriages,prov-50,province,2019-07,340,marriages,ine,2019-07-31,,2026-07-26,ok,0
marriages,prov-50,province,2019-08,233,marriages,ine,2019-08-31,,2026-07-26,ok,0
marriages,prov-50,province,2019-09,490,marriages,ine,2019-09-30,,2026-07-26,ok,0
marriages,prov-50,province,2019-10,254,marriages,ine,2019-10-31,,2026-07-26,ok,0
marriages,prov-50,province,2019-11,171,marriages,ine,2019-11-30,,2026-07-26,ok,0
marriages,prov-50,province,2019-12,131,marriages,ine,2019-12-31,,2026-07-26,ok,0
marriages,prov-50,province,2020-01,89,marriages,ine,2020-01-31,,2026-07-26,ok,0
marriages,prov-50,province,2020-02,123,marriages,ine,2020-02-29,,2026-07-26,ok,0
marriages,prov-50,province,2020-03,66,marriages,ine,2020-03-31,,2026-07-26,ok,0
marriages,prov-50,province,2020-04,4,marriages,ine,2020-04-30,,2026-07-26,ok,0
marriages,prov-50,province,2020-05,45,marriages,ine,2020-05-31,,2026-07-26,ok,0
marriages,prov-50,province,2020-06,135,marriages,ine,2020-06-30,,2026-07-26,ok,0
marriages,prov-50,province,2020-07,193,marriages,ine,2020-07-31,,2026-07-26,ok,0
marriages,prov-50,province,2020-08,160,marriages,ine,2020-08-31,,2026-07-26,ok,0
marriages,prov-50,province,2020-09,292,marriages,ine,2020-09-30,,2026-07-26,ok,0
marriages,prov-50,province,2020-10,224,marriages,ine,2020-10-31,,2026-07-26,ok,0
marriages,prov-50,province,2020-11,146,marriages,ine,2020-11-30,,2026-07-26,ok,0
marriages,prov-50,province,2020-12,148,marriages,ine,2020-12-31,,2026-07-26,ok,0
marriages,prov-50,province,2021-01,103,marriages,ine,2021-01-31,,2026-07-26,ok,0
marriages,prov-50,province,2021-02,101,marriages,ine,2021-02-28,,2026-07-26,ok,0
marriages,prov-50,province,2021-03,157,marriages,ine,2021-03-31,,2026-07-26,ok,0
marriages,prov-50,province,2021-04,184,marriages,ine,2021-04-30,,2026-07-26,ok,0
marriages,prov-50,province,2021-05,271,marriages,ine,2021-05-31,,2026-07-26,ok,0
marriages,prov-50,province,2021-06,403,marriages,ine,2021-06-30,,2026-07-26,ok,0
marriages,prov-50,province,2021-07,422,marriages,ine,2021-07-31,,2026-07-26,ok,0
marriages,prov-50,province,2021-08,225,marriages,ine,2021-08-31,,2026-07-26,ok,0
marriages,prov-50,province,2021-09,474,marriages,ine,2021-09-30,,2026-07-26,ok,0
marriages,prov-50,province,2021-10,326,marriages,ine,2021-10-31,,2026-07-26,ok,0
marriages,prov-50,province,2021-11,188,marriages,ine,2021-11-30,,2026-07-26,ok,0
marriages,prov-50,province,2021-12,155,marriages,ine,2021-12-31,,2026-07-26,ok,0
marriages,prov-50,province,2022-01,113,marriages,ine,2022-01-31,,2026-07-26,ok,0
marriages,prov-50,province,2022-02,136,marriages,ine,2022-02-28,,2026-07-26,ok,0
marriages,prov-50,province,2022-03,178,marriages,ine,2022-03-31,,2026-07-26,ok,0
marriages,prov-50,province,2022-04,219,marriages,ine,2022-04-30,,2026-07-26,ok,0
marriages,prov-50,province,2022-05,362,marriages,ine,2022-05-31,,2026-07-26,ok,0
marriages,prov-50,province,2022-06,426,marriages,ine,2022-06-30,,2026-07-26,ok,0
marriages,prov-50,province,2022-07,478,marriages,ine,2022-07-31,,2026-07-26,ok,0
marriages,prov-50,province,2022-08,237,marriages,ine,2022-08-31,,2026-07-26,ok,0
marriages,prov-50,province,2022-09,560,marriages,ine,2022-09-30,,2026-07-26,ok,0
marriages,prov-50,province,2022-10,297,marriages,ine,2022-10-31,,2026-07-26,ok,0
marriages,prov-50,province,2022-11,227,marriages,ine,2022-11-30,,2026-07-26,ok,0
marriages,prov-50,province,2022-12,174,marriages,ine,2022-12-31,,2026-07-26,ok,0
marriages,prov-50,province,2023-01,113,marriages,ine,2023-01-31,,2026-07-26,ok,0
marriages,prov-50,province,2023-02,137,marriages,ine,2023-02-28,,2026-07-26,ok,0
marriages,prov-50,province,2023-03,221,marriages,ine,2023-03-31,,2026-07-26,ok,0
marriages,prov-50,province,2023-04,275,marriages,ine,2023-04-30,,2026-07-26,ok,0
marriages,prov-50,province,2023-05,330,marriages,ine,2023-05-31,,2026-07-26,ok,0
marriages,prov-50,province,2023-06,461,marriages,ine,2023-06-30,,2026-07-26,ok,0
marriages,prov-50,province,2023-07,383,marriages,ine,2023-07-31,,2026-07-26,ok,0
marriages,prov-50,province,2023-08,165,marriages,ine,2023-08-31,,2026-07-26,ok,0
marriages,prov-50,province,2023-09,563,marriages,ine,2023-09-30,,2026-07-26,ok,0
marriages,prov-50,province,2023-10,307,marriages,ine,2023-10-31,,2026-07-26,ok,0
marriages,prov-50,province,2023-11,213,marriages,ine,2023-11-30,,2026-07-26,ok,0
marriages,prov-50,province,2023-12,137,marriages,ine,2023-12-31,,2026-07-26,ok,0
marriages,prov-50,province,2024-01,103,marriages,ine,2024-01-31,,2026-07-26,ok,0
marriages,prov-50,province,2024-02,132,marriages,ine,2024-02-29,,2026-07-26,ok,0
marriages,prov-50,province,2024-03,154,marriages,ine,2024-03-31,,2026-07-26,ok,0
marriages,prov-50,province,2024-04,278,marriages,ine,2024-04-30,,2026-07-26,ok,0
marriages,prov-50,province,2024-05,354,marriages,ine,2024-05-31,,2026-07-26,ok,0
marriages,prov-50,province,2024-06,441,marriages,ine,2024-06-30,,2026-07-26,ok,0
marriages,prov-50,province,2024-07,310,marriages,ine,2024-07-31,,2026-07-26,ok,0
marriages,prov-50,province,2024-08,207,marriages,ine,2024-08-31,,2026-07-26,ok,0
marriages,prov-50,province,2024-09,475,marriages,ine,2024-09-30,,2026-07-26,ok,0
marriages,prov-50,province,2024-10,318,marriages,ine,2024-10-31,,2026-07-26,ok,0
marriages,prov-50,province,2024-11,249,marriages,ine,2024-11-30,,2026-07-26,ok,0
marriages,prov-50,province,2024-12,155,marriages,ine,2024-12-31,,2026-07-26,ok,0
