metric_id,geo_id,geo_level,period,value,unit,source_id,observation_end,published_at,fetched_at,quality_flag,revision
mortgages_count,prov-07,province,2006-06,3378,mortgages,ine,2006-06-30,,2026-07-26,ok,0
mortgages_count,prov-07,province,2006-07,3162,mortgages,ine,2006-07-31,,2026-07-26,ok,0
mortgages_count,prov-07,province,2006-08,3123,mortgages,ine,2006-08-31,,2026-07-26,ok,0
mortgages_count,prov-07,province,2006-09,3134,mortgages,ine,2006-09-30,,2026-07-26,ok,0
mortgages_count,prov-07,province,2006-10,3061,mortgages,ine,2006-10-31,,2026-07-26,ok,0
mortgages_count,prov-07,province,2006-11,2924,mortgages,ine,2006-11-30,,2026-07-26,ok,0
mortgages_count,prov-07,province,2006-12,2407,mortgages,ine,2006-12-31,,2026-07-26,ok,0
mortgages_count,prov-07,province,2007-01,3432,mortgages,ine,2007-01-31,,2026-07-26,ok,0
mortgages_count,prov-07,province,2007-02,3205,mortgages,ine,2007-02-28,,2026-07-26,ok,0
mortgages_count,prov-07,province,2007-03,3351,mortgages,ine,2007-03-31,,2026-07-26,ok,0
mortgages_count,prov-07,province,2007-04,2657,mortgages,ine,2007-04-30,,2026-07-26,ok,0
mortgages_count,prov-07,province,2007-05,3662,mortgages,ine,2007-05-31,,2026-07-26,ok,0
mortgages_count,prov-07,province,2007-06,3288,mortgages,ine,2007-06-30,,2026-07-26,ok,0
mortgages_count,prov-07,province,2007-07,3001,mortgages,ine,2007-07-31,,2026-07-26,ok,0
mortgages_count,prov-07,province,2007-08,2505,mortgages,ine,2007-08-31,,2026-07-26,ok,0
mortgages_count,prov-07,province,2007-09,2647,mortgages,ine,2007-09-30,,2026-07-26,ok,0
mortgages_count,prov-07,province,2007-10,2785,mortgages,ine,2007-10-31,,2026-07-26,ok,0
mortgages_count,prov-07,province,2007-11,2396,mortgages,ine,2007-11-30,,2026-07-26,ok,0
mortgages_count,prov-07,province,2007-12,2096,mortgages,ine,2007-12-31,,2026-07-26,ok,0
mortgages_count,prov-07,province,2008-01,2155,mortgages,ine,2008-01-31,,2026-07-26,ok,0
mortgages_count,prov-07,province,2008-02,2447,mortgages,ine,2008-02-29,,2026-07-26,ok,0
mortgages_count,prov-07,province,2008-03,1656,mortgages,ine,2008-03-31,,2026-07-26,ok,0
mortgages_count,prov-07,province,2008-04,2270,mortgages,ine,2008-04-30,,2026-07-26,ok,0
mortgages_count,prov-07,province,2008-05,2003,mortgages,ine,2008-05-31,,2026-07-26,ok,0
mortgages_count,prov-07,province,2008-06,1714,mortgages,ine,2008-06-30,,2026-07-26,ok,0
mortgages_count,prov-07,province,2008-07,1738,mortgages,ine,2008-07-31,,2026-07-26,ok,0
mortgages_count,prov-07,province,2008-08,1384,mortgages,ine,2008-08-31,,2026-07-26,ok,0
mortgages_count,prov-07,province,2008-09,1789,mortgages,ine,2008-09-30,,2026-07-26,ok,0
mortgages_count,prov-07,province,2008-10,1380,mortgages,ine,2008-10-31,,2026-07-26,ok,0
mortgages_count,prov-07,province,2008-11,1100,mortgages,ine,2008-11-30,,2026-07-26,ok,0
mortgages_count,prov-07,province,2008-12,1333,mortgages,ine,2008-12-31,,2026-07-26,ok,0
mortgages_count,prov-07,province,2009-01,1442,mortgages,ine,2009-01-31,,2026-07-26,ok,0
mortgages_count,prov-07,province,2009-02,1235,mortgages,ine,2009-02-28,,2026-07-26,ok,0
mortgages_count,prov-07,province,2009-03,1505,mortgages,ine,2009-03-31,,2026-07-26,ok,0
mortgages_count,prov-07,province,2009-04,1743,mortgages,ine,2009-04-30,,2026-07-26,ok,0
mortgages_count,prov-07,province,2009-05,1585,mortgages,ine,2009-05-31,,2026-07-26,ok,0
mortgages_count,prov-07,province,2009-06,1731,mortgages,ine,2009-06-30,,2026-07-26,ok,0
mortgages_count,prov-07,province,2009-07,1854,mortgages,ine,2009-07-31,,2026-07-26,ok,0
mortgages_count,prov-07,province,2009-08,1463,mortgages,ine,2009-08-31,,2026-07-26,ok,0
mortgages_count,prov-07,province,2009-09,1429,mortgages,ine,2009-09-30,,2026-07-26,ok,0
mortgages_count,prov-07,province,2009-10,1304,mortgages,ine,2009-10-31,,2026-07-26,ok,0
mortgages_count,prov-07,province,2009-11,1460,mortgages,ine,2009-11-30,,2026-07-26,ok,0
mortgages_count,prov-07,province,2009-12,1498,mortgages,ine,2009-12-31,,2026-07-26,ok,0
mortgages_count,prov-07,province,2010-01,1438,mortgages,ine,2010-01-31,,2026-07-26,ok,0
mortgages_count,prov-07,province,2010-02,1578,mortgages,ine,2010-02-28,,2026-07-26,ok,0
mortgages_count,prov-07,province,2010-03,1406,mortgages,ine,2010-03-31,,2026-07-26,ok,0
mortgages_count,prov-07,province,2010-04,1842,mortgages,ine,2010-04-30,,2026-07-26,ok,0
mortgages_count,prov-07,province,2010-05,1528,mortgages,ine,2010-05-31,,2026-07-26,ok,0
mortgages_count,prov-07,province,2010-06,1500,mortgages,ine,2010-06-30,,2026-07-26,ok,0
mortgages_count,prov-07,province,2010-07,1918,mortgages,ine,2010-07-31,,2026-07-26,ok,0
mortgages_count,prov-07,province,2010-08,1681,mortgages,ine,2010-08-31,,2026-07-26,ok,0
mortgages_count,prov-07,province,2010-09,1434,mortgages,ine,2010-09-30,,2026-07-26,ok,0
mortgages_count,prov-07,province,2010-10,902,mortgages,ine,2010-10-31,,2026-07-26,ok,0
mortgages_count,prov-07,province,2010-11,1128,mortgages,ine,2010-11-30,,2026-07-26,ok,0
mortgages_count,prov-07,province,2010-12,963,mortgages,ine,2010-12-31,,2026-07-26,ok,0
mortgages_count,prov-07,province,2011-01,1617,mortgages,ine,2011-01-31,,2026-07-26,ok,0
mortgages_count,prov-07,province,2011-02,1193,mortgages,ine,2011-02-28,,2026-07-26,ok,0
mortgages_count,prov-07,province,2011-03,1047,mortgages,ine,2011-03-31,,2026-07-26,ok,0
mortgages_count,prov-07,province,2011-04,912,mortgages,ine,2011-04-30,,2026-07-26,ok,0
mortgages_count,prov-07,province,2011-05,1189,mortgages,ine,2011-05-31,,2026-07-26,ok,0
mortgages_count,prov-07,province,2011-06,1010,mortgages,ine,2011-06-30,,2026-07-26,ok,0
mortgages_count,prov-07,province,2011-07,880,mortgages,ine,2011-07-31,,2026-07-26,ok,0
mortgages_count,prov-07,province,2011-08,1068,mortgages,ine,2011-08-31,,2026-07-26,ok,0
mortgages_count,prov-07,province,2011-09,1359,mortgages,ine,2011-09-30,,2026-07-26,ok,0
mortgages_count,prov-07,province,2011-10,884,mortgages,ine,2011-10-31,,2026-07-26,ok,0
mortgages_count,prov-07,province,2011-11,708,mortgages,ine,2011-11-30,,2026-07-26,ok,0
mortgages_count,prov-07,province,2011-12,687,mortgages,ine,2011-12-31,,2026-07-26,ok,0
mortgages_count,prov-07,province,2012-01,912,mortgages,ine,2012-01-31,,2026-07-26,ok,0
mortgages_count,prov-07,province,2012-02,882,mortgages,ine,2012-02-29,,2026-07-26,ok,0
mortgages_count,prov-07,province,2012-03,643,mortgages,ine,2012-03-31,,2026-07-26,ok,0
mortgages_count,prov-07,province,2012-04,835,mortgages,ine,2012-04-30,,2026-07-26,ok,0
mortgages_count,prov-07,province,2012-05,851,mortgages,ine,2012-05-31,,2026-07-26,ok,0
mortgages_count,prov-07,province,2012-06,835,mortgages,ine,2012-06-30,,2026-07-26,ok,0
mortgages_count,prov-07,province,2012-07,861,mortgages,ine,2012-07-31,,2026-07-26,ok,0
mortgages_count,prov-07,province,2012-08,653,mortgages,ine,2012-08-31,,2026-07-26,ok,0
mortgages_count,prov-07,province,2012-09,774,mortgages,ine,2012-09-30,,2026-07-26,ok,0
mortgages_count,prov-07,province,2012-10,576,mortgages,ine,2012-10-31,,2026-07-26,ok,0
mortgages_count,prov-07,province,2012-11,576,mortgages,ine,2012-11-30,,2026-07-26,ok,0
mortgages_count,prov-07,province,2012-12,639,mortgages,ine,2012-12-31,,2026-07-26,ok,0
mortgages_count,prov-07,province,2013-01,695,mortgages,ine,2013-01-31,,2026-07-26,ok,0
mortgages_count,prov-07,province,2013-02,587,mortgages,ine,2013-02-28,,2026-07-26,ok,0
mortgages_count,prov-07,province,2013-03,445,mortgages,ine,2013-03-31,,2026-07-26,ok,0
mortgages_count,prov-07,province,2013-04,565,mortgages,ine,2013-04-30,,2026-07-26,ok,0
mortgages_count,prov-07,province,2013-05,583,mortgages,ine,2013-05-31,,2026-07-26,ok,0
mortgages_count,prov-07,province,2013-06,414,mortgages,ine,2013-06-30,,2026-07-26,ok,0
mortgages_count,prov-07,province,2013-07,481,mortgages,ine,2013-07-31,,2026-07-26,ok,0
mortgages_count,prov-07,province,2013-08,343,mortgages,ine,2013-08-31,,2026-07-26,ok,0
mortgages_count,prov-07,province,2013-09,403,mortgages,ine,2013-09-30,,2026-07-26,ok,0
mortgages_count,prov-07,province,2013-10,521,mortgages,ine,2013-10-31,,2026-07-26,ok,0
mortgages_count,prov-07,province,2013-11,480,mortgages,ine,2013-11-30,,2026-07-26,ok,0
mortgages_count,prov-07,province,2013-12,422,mortgages,ine,2013-12-31,,2026-07-26,ok,0
mortgages_count,prov-07,province,2014-01,497,mortgages,ine,2014-01-31,,2026-07-26,ok,0
mortgages_count,prov-07,province,2014-02,461,mortgages,ine,2014-02-28,,2026-07-26,ok,0
mortgages_count,prov-07,province,2014-03,451,mortgages,ine,2014-03-31,,2026-07-26,ok,0
mortgages_count,prov-07,province,2014-04,502,mortgages,ine,2014-04-30,,2026-07-26,ok,0
mortgages_count,prov-07,province,2014-05,549,mortgages,ine,2014-05-31,,2026-07-26,ok,0
mortgages_count,prov-07,province,2014-06,486,mortgages,ine,2014-06-30,,2026-07-26,ok,0
mortgages_count,prov-07,province,2014-07,496,mortgages,ine,2014-07-31,,2026-07-26,ok,0
mortgages_count,prov-07,province,2014-08,629,mortgages,ine,2014-08-31,,2026-07-26,ok,0
mortgages_count,prov-07,province,2014-09,454,mortgages,ine,2014-09-30,,2026-07-26,ok,0
mortgages_count,prov-07,province,2014-10,479,mortgages,ine,2014-10-31,,2026-07-26,ok,0
mortgages_count,prov-07,province,2014-11,408,mortgages,ine,2014-11-30,,2026-07-26,ok,0
mortgages_count,prov-07,province,2014-12,459,mortgages,ine,2014-12-31,,2026-07-26,ok,0
mortgages_count,prov-07,province,2015-01,611,mortgages,ine,2015-01-31,,2026-07-26,ok,0
mortgages_count,prov-07,province,2015-02,628,mortgages,ine,2015-02-28,,2026-07-26,ok,0
mortgages_count,prov-07,province,2015-03,610,mortgages,ine,2015-03-31,,2026-07-26,ok,0
mortgages_count,prov-07,province,2015-04,618,mortgages,ine,2015-04-30,,2026-07-26,ok,0
mortgages_count,prov-07,province,2015-05,556,mortgages,ine,2015-05-31,,2026-07-26,ok,0
mortgages_count,prov-07,province,2015-06,714,mortgages,ine,2015-06-30,,2026-07-26,ok,0
mortgages_count,prov-07,province,2015-07,1241,mortgages,ine,2015-07-31,,2026-07-26,ok,0
mortgages_count,prov-07,province,2015-08,616,mortgages,ine,2015-08-31,,2026-07-26,ok,0
mortgages_count,prov-07,province,2015-09,790,mortgages,ine,2015-09-30,,2026-07-26,ok,0
mortgages_count,prov-07,province,2015-10,775,mortgages,ine,2015-10-31,,2026-07-26,ok,0
mortgages_count,prov-07,province,2015-11,558,mortgages,ine,2015-11-30,,2026-07-26,ok,0
mortgages_count,prov-07,province,2015-12,617,mortgages,ine,2015-12-31,,2026-07-26,ok,0
mortgages_count,prov-07,province,2016-01,641,mortgages,ine,2016-01-31,,2026-07-26,ok,0
mortgages_count,prov-07,province,2016-02,678,mortgages,ine,2016-02-29,,2026-07-26,ok,0
mortgages_count,prov-07,province,2016-03,595,mortgages,ine,2016-03-31,,2026-07-26,ok,0
mortgages_count,prov-07,province,2016-04,776,mortgages,ine,2016-04-30,,2026-07-26,ok,0
mortgages_count,prov-07,province,2016-05,928,mortgages,ine,2016-05-31,,2026-07-26,ok,0
mortgages_count,prov-07,province,2016-06,1061,mortgages,ine,2016-06-30,,2026-07-26,ok,0
mortgages_count,prov-07,province,2016-07,734,mortgages,ine,2016-07-31,,2026-07-26,ok,0
mortgages_count,prov-07,province,2016-08,851,mortgages,ine,2016-08-31,,2026-07-26,ok,0
mortgages_count,prov-07,province,2016-09,937,mortgages,ine,2016-09-30,,2026-07-26,ok,0
mortgages_count,prov-07,province,2016-10,692,mortgages,ine,2016-10-31,,2026-07-26,ok,0
mortgages_count,prov-07,province,2016-11,853,mortgages,ine,2016-11-30,,2026-07-26,ok,0
mortgages_count,prov-07,province,2016-12,672,mortgages,ine,2016-12-31,,2026-07-26,ok,0
mortgages_count,prov-07,province,2017-01,847,mortgages,ine,2017-01-31,,2026-07-26,ok,0
mortgages_count,prov-07,province,2017-02,771,mortgages,ine,2017-02-28,,2026-07-26,ok,0
mortgages_count,prov-07,province,2017-03,1040,mortgages,ine,2017-03-31,,2026-07-26,ok,0
mortgages_count,prov-07,province,2017-04,654,mortgages,ine,2017-04-30,,2026-07-26,ok,0
mortgages_count,prov-07,province,2017-05,898,mortgages,ine,2017-05-31,,2026-07-26,ok,0
mortgages_count,prov-07,province,2017-06,967,mortgages,ine,2017-06-30,,2026-07-26,ok,0
mortgages_count,prov-07,province,2017-07,1026,mortgages,ine,2017-07-31,,2026-07-26,ok,0
mortgages_count,prov-07,province,2017-08,889,mortgages,ine,2017-08-31,,2026-07-26,ok,0
mortgages_count,prov-07,province,2017-09,857,mortgages,ine,2017-09-30,,2026-07-26,ok,0
mortgages_count,prov-07,province,2017-10,802,mortgages,ine,2017-10-31,,2026-07-26,ok,0
mortgages_count,prov-07,province,2017-11,749,mortgages,ine,2017-11-30,,2026-07-26,ok,0
mortgages_count,prov-07,province,2017-12,628,mortgages,ine,2017-12-31,,2026-07-26,ok,0
mortgages_count,prov-07,province,2018-01,1009,mortgages,ine,2018-01-31,,2026-07-26,ok,0
mortgages_count,prov-07,province,2018-02,980,mortgages,ine,2018-02-28,,2026-07-26,ok,0
mortgages_count,prov-07,province,2018-03,778,mortgages,ine,2018-03-31,,2026-07-26,ok,0
mortgages_count,prov-07,province,2018-04,1105,mortgages,ine,2018-04-30,,2026-07-26,ok,0
mortgages_count,prov-07,province,2018-05,964,mortgages,ine,2018-05-31,,2026-07-26,ok,0
mortgages_count,prov-07,province,2018-06,834,mortgages,ine,2018-06-30,,2026-07-26,ok,0
mortgages_count,prov-07,province,2018-07,883,mortgages,ine,2018-07-31,,2026-07-26,ok,0
mortgages_count,prov-07,province,2018-08,916,mortgages,ine,2018-08-31,,2026-07-26,ok,0
mortgages_count,prov-07,province,2018-09,801,mortgages,ine,2018-09-30,,2026-07-26,ok,0
mortgages_count,prov-07,province,2018-10,758,mortgages,ine,2018-10-31,,2026-07-26,ok,0
mortgages_count,prov-07,province,2018-11,884,mortgages,ine,2018-11-30,,2026-07-26,ok,0
mortgages_count,prov-07,province,2018-12,522,mortgages,ine,2018-12-31,,2026-07-26,ok,0
mortgages_count,prov-07,province,2019-01,874,mortgages,ine,2019-01-31,,2026-07-26,ok,0
mortgages_count,prov-07,province,2019-02,794,mortgages,ine,2019-02-28,,2026-07-26,ok,0
mortgages_count,prov-07,province,2019-03,1167,mortgages,ine,2019-03-31,,2026-07-26,ok,0
mortgages_count,prov-07,province,2019-04,860,mortgages,ine,2019-04-30,,2026-07-26,ok,0
mortgages_count,prov-07,province,2019-05,1252,mortgages,ine,2019-05-31,,2026-07-26,ok,0
mortgages_count,prov-07,province,2019-06,854,mortgages,ine,2019-06-30,,2026-07-26,ok,0
mortgages_count,prov-07,province,2019-07,943,mortgages,ine,2019-07-31,,2026-07-26,ok,0
mortgages_count,prov-07,province,2019-08,533,mortgages,ine,2019-08-31,,2026-07-26,ok,0
mortgages_count,prov-07,province,2019-09,619,mortgages,ine,2019-09-30,,2026-07-26,ok,0
mortgages_count,prov-07,province,2019-10,800,mortgages,ine,2019-10-31,,2026-07-26,ok,0
mortgages_count,prov-07,province,2019-11,724,mortgages,ine,2019-11-30,,2026-07-26,ok,0
mortgages_count,prov-07,province,2019-12,612,mortgages,ine,2019-12-31,,2026-07-26,ok,0
mortgages_count,prov-07,province,2020-01,1496,mortgages,ine,2020-01-31,,2026-07-26,ok,0
mortgages_count,prov-07,province,2020-02,1022,mortgages,ine,2020-02-29,,2026-07-26,ok,0
mortgages_count,prov-07,province,2020-03,648,mortgages,ine,2020-03-31,,2026-07-26,ok,0
mortgages_count,prov-07,province,2020-04,628,mortgages,ine,2020-04-30,,2026-07-26,ok,0
mortgages_count,prov-07,province,2020-05,758,mortgages,ine,2020-05-31,,2026-07-26,ok,0
mortgages_count,prov-07,province,2020-06,728,mortgages,ine,2020-06-30,,2026-07-26,ok,0
mortgages_count,prov-07,province,2020-07,754,mortgages,ine,2020-07-31,,2026-07-26,ok,0
mortgages_count,prov-07,province,2020-08,505,mortgages,ine,2020-08-31,,2026-07-26,ok,0
mortgages_count,prov-07,province,2020-09,823,mortgages,ine,2020-09-30,,2026-07-26,ok,0
mortgages_count,prov-07,province,2020-10,942,mortgages,ine,2020-10-31,,2026-07-26,ok,0
mortgages_count,prov-07,province,2020-11,652,mortgages,ine,2020-11-30,,2026-07-26,ok,0
mortgages_count,prov-07,province,2020-12,507,mortgages,ine,2020-12-31,,2026-07-26,ok,0
mortgages_count,prov-07,province,2021-01,661,mortgages,ine,2021-01-31,,2026-07-26,ok,0
mortgages_count,prov-07,province,2021-02,738,mortgages,ine,2021-02-28,,2026-07-26,ok,0
mortgages_count,prov-07,province,2021-03,782,mortgages,ine,2021-03-31,,2026-07-26,ok,0
mortgages_count,prov-07,province,2021-04,696,mortgages,ine,2021-04-30,,2026-07-26,ok,0
mortgages_count,prov-07,province,2021-05,762,mortgages,ine,2021-05-31,,2026-07-26,ok,0
mortgages_count,prov-07,province,2021-06,837,mortgages,ine,2021-06-30,,2026-07-26,ok,0
mortgages_count,prov-07,province,2021-07,678,mortgages,ine,2021-07-31,,2026-07-26,ok,0
mortgages_count,prov-07,province,2021-08,742,mortgages,ine,2021-08-31,,2026-07-26,ok,0
mortgages_count,prov-07,province,2021-09,809,mortgages,ine,2021-09-30,,2026-07-26,ok,0
mortgages_count,prov-07,province,2021-10,804,mortgages,ine,2021-10-31,,2026-07-26,ok,0
mortgages_count,prov-07,province,2021-11,870,mortgages,ine,2021-11-30,,2026-07-26,ok,0
mortgages_count,prov-07,province,2021-12,843,mortgages,ine,2021-12-31,,2026-07-26,ok,0
mortgages_count,prov-07,province,2022-01,752,mortgages,ine,2022-01-31,,2026-07-26,ok,0
mortgages_count,prov-07,province,2022-02,916,mortgages,ine,2022-02-28,,2026-07-26,ok,0
mortgages_count,prov-07,province,2022-03,1079,mortgages,ine,2022-03-31,,2026-07-26,ok,0
mortgages_count,prov-07,province,2022-04,890,mortgages,ine,2022-04-30,,2026-07-26,ok,0
mortgages_count,prov-07,province,2022-05,1215,mortgages,ine,2022-05-31,,2026-07-26,ok,0
mortgages_count,prov-07,province,2022-06,929,mortgages,ine,2022-06-30,,2026-07-25,ok,0
mortgages_count,prov-07,province,2022-07,820,mortgages,ine,2022-07-31,,2026-07-25,ok,0
mortgages_count,prov-07,province,2022-08,1019,mortgages,ine,2022-08-31,,2026-07-25,ok,0
mortgages_count,prov-07,province,2022-09,930,mortgages,ine,2022-09-30,,2026-07-25,ok,0
mortgages_count,prov-07,province,2022-10,1052,mortgages,ine,2022-10-31,,2026-07-25,ok,0
mortgages_count,prov-07,province,2022-11,1047,mortgages,ine,2022-11-30,,2026-07-25,ok,0
mortgages_count,prov-07,province,2022-12,798,mortgages,ine,2022-12-31,,2026-07-25,ok,0
mortgages_count,prov-07,province,2023-01,870,mortgages,ine,2023-01-31,,2026-07-25,ok,0
mortgages_count,prov-07,province,2023-02,840,mortgages,ine,2023-02-28,,2026-07-25,ok,0
mortgages_count,prov-07,province,2023-03,745,mortgages,ine,2023-03-31,,2026-07-25,ok,0
mortgages_count,prov-07,province,2023-04,637,mortgages,ine,2023-04-30,,2026-07-25,ok,0
mortgages_count,prov-07,province,2023-05,798,mortgages,ine,2023-05-31,,2026-07-25,ok,0
mortgages_count,prov-07,province,2023-06,880,mortgages,ine,2023-06-30,,2026-07-25,ok,0
mortgages_count,prov-07,province,2023-07,848,mortgages,ine,2023-07-31,,2026-07-25,ok,0
mortgages_count,prov-07,province,2023-08,728,mortgages,ine,2023-08-31,,2026-07-25,ok,0
mortgages_count,prov-07,province,2023-09,755,mortgages,ine,2023-09-30,,2026-07-25,ok,0
mortgages_count,prov-07,province,2023-10,631,mortgages,ine,2023-10-31,,2026-07-25,ok,0
mortgages_count,prov-07,province,2023-11,635,mortgages,ine,2023-11-30,,2026-07-25,ok,0
mortgages_count,prov-07,province,2023-12,591,mortgages,ine,2023-12-31,,2026-07-25,ok,0
mortgages_count,prov-07,province,2024-01,757,mortgages,ine,2024-01-31,,2026-07-25,ok,0
mortgages_count,prov-07,province,2024-02,1189,mortgages,ine,2024-02-29,,2026-07-25,ok,0
mortgages_count,prov-07,province,2024-03,671,mortgages,ine,2024-03-31,,2026-07-25,ok,0
mortgages_count,prov-07,province,2024-04,775,mortgages,ine,2024-04-30,,2026-07-25,ok,0
mortgages_count,prov-07,province,2024-05,764,mortgages,ine,2024-05-31,,2026-07-25,ok,0
mortgages_count,prov-07,province,2024-06,726,mortgages,ine,2024-06-30,,2026-07-25,ok,0
mortgages_count,prov-07,province,2024-07,855,mortgages,ine,2024-07-31,,2026-07-25,ok,0
mortgages_count,prov-07,province,2024-08,685,mortgages,ine,2024-08-31,,2026-07-25,ok,0
mortgages_count,prov-07,province,2024-09,977,mortgages,ine,2024-09-30,,2026-07-25,ok,0
mortgages_count,prov-07,province,2024-10,1100,mortgages,ine,2024-10-31,,2026-07-25,ok,0
mortgages_count,prov-07,province,2024-11,823,mortgages,ine,2024-11-30,,2026-07-25,ok,0
mortgages_count,prov-07,province,2024-12,723,mortgages,ine,2024-12-31,,2026-07-25,ok,0
mortgages_count,prov-07,province,2025-01,927,mortgages,ine,2025-01-31,,2026-07-25,ok,0
mortgages_count,prov-07,province,2025-02,951,mortgages,ine,2025-02-28,,2026-07-25,ok,0
mortgages_count,prov-07,province,2025-03,891,mortgages,ine,2025-03-31,,2026-07-25,ok,0
mortgages_count,prov-07,province,2025-04,1012,mortgages,ine,2025-04-30,,2026-07-25,ok,0
mortgages_count,prov-07,province,2025-05,1028,mortgages,ine,2025-05-31,,2026-07-25,ok,0
mortgages_count,prov-07,province,2025-06,817,mortgages,ine,2025-06-30,,2026-07-25,ok,0
mortgages_count,prov-07,province,2025-06,874,mortgages,ine,2025-06-30,,2026-09-01,revised,1
mortgages_count,prov-07,province,2025-07,943,mortgages,ine,2025-07-31,,2026-07-25,ok,0
mortgages_count,prov-07,province,2025-08,971,mortgages,ine,2025-08-31,,2026-07-25,ok,0
mortgages_count,prov-07,province,2025-09,1149,mortgages,ine,2025-09-30,,2026-07-25,ok,0
mortgages_count,prov-07,province,2025-10,1044,mortgages,ine,2025-10-31,,2026-07-25,ok,0
mortgages_count,prov-07,province,2025-11,747,mortgages,ine,2025-11-30,,2026-07-25,ok,0
mortgages_count,prov-07,province,2025-12,862,mortgages,ine,2025-12-31,,2026-07-25,ok,0
mortgages_count,prov-07,province,2026-01,931,mortgages,ine,2026-01-31,,2026-07-25,ok,0
mortgages_count,prov-07,province,2026-02,953,mortgages,ine,2026-02-28,,2026-07-25,ok,0
mortgages_count,prov-07,province,2026-03,845,mortgages,ine,2026-03-31,,2026-07-25,ok,0
mortgages_count,prov-07,province,2026-04,770,mortgages,ine,2026-04-30,,2026-07-25,ok,0
mortgages_count,prov-07,province,2026-05,827,mortgages,ine,2026-05-31,,2026-07-25,ok,0
mortgages_count,prov-07,province,2026-06,783,mortgages,ine,2026-06-30,,2026-09-01,ok,0
mortgages_count,prov-08,province,2006-06,15018,mortgages,ine,2006-06-30,,2026-07-26,ok,0
mortgages_count,prov-08,province,2006-07,13947,mortgages,ine,2006-07-31,,2026-07-26,ok,0
mortgages_count,prov-08,province,2006-08,12241,mortgages,ine,2006-08-31,,2026-07-26,ok,0
mortgages_count,prov-08,province,2006-09,14296,mortgages,ine,2006-09-30,,2026-07-26,ok,0
mortgages_count,prov-08,province,2006-10,12657,mortgages,ine,2006-10-31,,2026-07-26,ok,0
mortgages_count,prov-08,province,2006-11,12137,mortgages,ine,2006-11-30,,2026-07-26,ok,0
mortgages_count,prov-08,province,2006-12,9350,mortgages,ine,2006-12-31,,2026-07-26,ok,0
mortgages_count,prov-08,province,2007-01,13900,mortgages,ine,2007-01-31,,2026-07-26,ok,0
mortgages_count,prov-08,province,2007-02,12410,mortgages,ine,2007-02-28,,2026-07-26,ok,0
mortgages_count,prov-08,province,2007-03,12509,mortgages,ine,2007-03-31,,2026-07-26,ok,0
mortgages_count,prov-08,province,2007-04,9939,mortgages,ine,2007-04-30,,2026-07-26,ok,0
mortgages_count,prov-08,province,2007-05,12428,mortgages,ine,2007-05-31,,2026-07-26,ok,0
mortgages_count,prov-08,province,2007-06,11202,mortgages,ine,2007-06-30,,2026-07-26,ok,0
mortgages_count,prov-08,province,2007-07,10869,mortgages,ine,2007-07-31,,2026-07-26,ok,0
mortgages_count,prov-08,province,2007-08,9114,mortgages,ine,2007-08-31,,2026-07-26,ok,0
mortgages_count,prov-08,province,2007-09,9710,mortgages,ine,2007-09-30,,2026-07-26,ok,0
mortgages_count,prov-08,province,2007-10,8968,mortgages,ine,2007-10-31,,2026-07-26,ok,0
mortgages_count,prov-08,province,2007-11,8577,mortgages,ine,2007-11-30,,2026-07-26,ok,0
mortgages_count,prov-08,province,2007-12,6662,mortgages,ine,2007-12-31,,2026-07-26,ok,0
mortgages_count,prov-08,province,2008-01,9007,mortgages,ine,2008-01-31,,2026-07-26,ok,0
mortgages_count,prov-08,province,2008-02,8244,mortgages,ine,2008-02-29,,2026-07-26,ok,0
mortgages_count,prov-08,province,2008-03,7064,mortgages,ine,2008-03-31,,2026-07-26,ok,0
mortgages_count,prov-08,province,2008-04,8127,mortgages,ine,2008-04-30,,2026-07-26,ok,0
mortgages_count,prov-08,province,2008-05,10363,mortgages,ine,2008-05-31,,2026-07-26,ok,0
mortgages_count,prov-08,province,2008-06,6183,mortgages,ine,2008-06-30,,2026-07-26,ok,0
mortgages_count,prov-08,province,2008-07,7159,mortgages,ine,2008-07-31,,2026-07-26,ok,0
mortgages_count,prov-08,province,2008-08,5106,mortgages,ine,2008-08-31,,2026-07-26,ok,0
mortgages_count,prov-08,province,2008-09,6028,mortgages,ine,2008-09-30,,2026-07-26,ok,0
mortgages_count,prov-08,province,2008-10,5301,mortgages,ine,2008-10-31,,2026-07-26,ok,0
mortgages_count,prov-08,province,2008-11,4975,mortgages,ine,2008-11-30,,2026-07-26,ok,0
mortgages_count,prov-08,province,2008-12,4226,mortgages,ine,2008-12-31,,2026-07-26,ok,0
mortgages_count,prov-08,province,2009-01,4628,mortgages,ine,2009-01-31,,2026-07-26,ok,0
mortgages_count,prov-08,province,2009-02,4435,mortgages,ine,2009-02-28,,2026-07-26,ok,0
mortgages_count,prov-08,province,2009-03,5021,mortgages,ine,2009-03-31,,2026-07-26,ok,0
mortgages_count,prov-08,province,2009-04,4439,mortgages,ine,2009-04-30,,2026-07-26,ok,0
mortgages_count,prov-08,province,2009-05,5736,mortgages,ine,2009-05-31,,2026-07-26,ok,0
mortgages_count,prov-08,province,2009-06,5984,mortgages,ine,2009-06-30,,2026-07-26,ok,0
mortgages_count,prov-08,province,2009-07,6210,mortgages,ine,2009-07-31,,2026-07-26,ok,0
mortgages_count,prov-08,province,2009-08,4417,mortgages,ine,2009-08-31,,2026-07-26,ok,0
mortgages_count,prov-08,province,2009-09,6773,mortgages,ine,2009-09-30,,2026-07-26,ok,0
mortgages_count,prov-08,province,2009-10,5398,mortgages,ine,2009-10-31,,2026-07-26,ok,0
mortgages_count,prov-08,province,2009-11,4400,mortgages,ine,2009-11-30,,2026-07-26,ok,0
mortgages_count,prov-08,province,2009-12,4748,mortgages,ine,2009-12-31,,2026-07-26,ok,0
mortgages_count,prov-08,province,2010-01,5486,mortgages,ine,2010-01-31,,2026-07-26,ok,0
mortgages_count,prov-08,province,2010-02,5976,mortgages,ine,2010-02-28,,2026-07-26,ok,0
mortgages_count,prov-08,province,2010-03,6200,mortgages,ine,2010-03-31,,2026-07-26,ok,0
mortgages_count,prov-08,province,2010-04,5527,mortgages,ine,2010-04-30,,2026-07-26,ok,0
mortgages_count,prov-08,province,2010-05,6097,mortgages,ine,2010-05-31,,2026-07-26,ok,0
mortgages_count,prov-08,province,2010-06,5725,mortgages,ine,2010-06-30,,2026-07-26,ok,0
mortgages_count,prov-08,province,2010-07,6465,mortgages,ine,2010-07-31,,2026-07-26,ok,0
mortgages_count,prov-08,province,2010-08,5466,mortgages,ine,2010-08-31,,2026-07-26,ok,0
mortgages_count,prov-08,province,2010-09,5679,mortgages,ine,2010-09-30,,2026-07-26,ok,0
mortgages_count,prov-08,province,2010-10,3776,mortgages,ine,2010-10-31,,2026-07-26,ok,0
mortgages_count,prov-08,province,2010-11,4483,mortgages,ine,2010-11-30,,2026-07-26,ok,0
mortgages_count,prov-08,province,2010-12,4191,mortgages,ine,2010-12-31,,2026-07-26,ok,0
mortgages_count,prov-08,province,2011-01,5250,mortgages,ine,2011-01-31,,2026-07-26,ok,0
mortgages_count,prov-08,province,2011-02,5847,mortgages,ine,2011-02-28,,2026-07-26,ok,0
mortgages_count,prov-08,province,2011-03,4601,mortgages,ine,2011-03-31,,2026-07-26,ok,0
mortgages_count,prov-08,province,2011-04,3635,mortgages,ine,2011-04-30,,2026-07-26,ok,0
mortgages_count,prov-08,province,2011-05,4541,mortgages,ine,2011-05-31,,2026-07-26,ok,0
mortgages_count,prov-08,province,2011-06,3412,mortgages,ine,2011-06-30,,2026-07-26,ok,0
mortgages_count,prov-08,province,2011-07,3199,mortgages,ine,2011-07-31,,2026-07-26,ok,0
mortgages_count,prov-08,province,2011-08,3040,mortgages,ine,2011-08-31,,2026-07-26,ok,0
mortgages_count,prov-08,province,2011-09,3210,mortgages,ine,2011-09-30,,2026-07-26,ok,0
mortgages_count,prov-08,province,2011-10,2190,mortgages,ine,2011-10-31,,2026-07-26,ok,0
mortgages_count,prov-08,province,2011-11,2855,mortgages,ine,2011-11-30,,2026-07-26,ok,0
mortgages_count,prov-08,province,2011-12,2069,mortgages,ine,2011-12-31,,2026-07-26,ok,0
mortgages_count,prov-08,province,2012-01,3079,mortgages,ine,2012-01-31,,2026-07-26,ok,0
mortgages_count,prov-08,province,2012-02,2858,mortgages,ine,2012-02-29,,2026-07-26,ok,0
mortgages_count,prov-08,province,2012-03,2616,mortgages,ine,2012-03-31,,2026-07-26,ok,0
mortgages_count,prov-08,province,2012-04,2467,mortgages,ine,2012-04-30,,2026-07-26,ok,0
mortgages_count,prov-08,province,2012-05,2854,mortgages,ine,2012-05-31,,2026-07-26,ok,0
mortgages_count,prov-08,province,2012-06,2680,mortgages,ine,2012-06-30,,2026-07-26,ok,0
mortgages_count,prov-08,province,2012-07,2543,mortgages,ine,2012-07-31,,2026-07-26,ok,0
mortgages_count,prov-08,province,2012-08,2106,mortgages,ine,2012-08-31,,2026-07-26,ok,0
mortgages_count,prov-08,province,2012-09,2398,mortgages,ine,2012-09-30,,2026-07-26,ok,0
mortgages_count,prov-08,province,2012-10,1737,mortgages,ine,2012-10-31,,2026-07-26,ok,0
mortgages_count,prov-08,province,2012-11,1722,mortgages,ine,2012-11-30,,2026-07-26,ok,0
mortgages_count,prov-08,province,2012-12,1808,mortgages,ine,2012-12-31,,2026-07-26,ok,0
mortgages_count,prov-08,province,2013-01,2632,mortgages,ine,2013-01-31,,2026-07-26,ok,0
mortgages_count,prov-08,province,2013-02,2384,mortgages,ine,2013-02-28,,2026-07-26,ok,0
mortgages_count,prov-08,province,2013-03,1838,mortgages,ine,2013-03-31,,2026-07-26,ok,0
mortgages_count,prov-08,province,2013-04,1906,mortgages,ine,2013-04-30,,2026-07-26,ok,0
mortgages_count,prov-08,province,2013-05,1895,mortgages,ine,2013-05-31,,2026-07-26,ok,0
mortgages_count,prov-08,province,2013-06,1524,mortgages,ine,2013-06-30,,2026-07-26,ok,0
mortgages_count,prov-08,province,2013-07,1670,mortgages,ine,2013-07-31,,2026-07-26,ok,0
mortgages_count,prov-08,province,2013-08,1000,mortgages,ine,2013-08-31,,2026-07-26,ok,0
mortgages_count,prov-08,province,2013-09,1665,mortgages,ine,2013-09-30,,2026-07-26,ok,0
mortgages_count,prov-08,province,2013-10,1649,mortgages,ine,2013-10-31,,2026-07-26,ok,0
mortgages_count,prov-08,province,2013-11,1200,mortgages,ine,2013-11-30,,2026-07-26,ok,0
mortgages_count,prov-08,province,2013-12,1005,mortgages,ine,2013-12-31,,2026-07-26,ok,0
mortgages_count,prov-08,province,2014-01,1759,mortgages,ine,2014-01-31,,2026-07-26,ok,0
mortgages_count,prov-08,province,2014-02,1738,mortgages,ine,2014-02-28,,2026-07-26,ok,0
mortgages_count,prov-08,province,2014-03,1709,mortgages,ine,2014-03-31,,2026-07-26,ok,0
mortgages_count,prov-08,province,2014-04,1841,mortgages,ine,2014-04-30,,2026-07-26,ok,0
mortgages_count,prov-08,province,2014-05,2111,mortgages,ine,2014-05-31,,2026-07-26,ok,0
mortgages_count,prov-08,province,2014-06,1777,mortgages,ine,2014-06-30,,2026-07-26,ok,0
mortgages_count,prov-08,province,2014-07,2117,mortgages,ine,2014-07-31,,2026-07-26,ok,0
mortgages_count,prov-08,province,2014-08,1435,mortgages,ine,2014-08-31,,2026-07-26,ok,0
mortgages_count,prov-08,province,2014-09,2110,mortgages,ine,2014-09-30,,2026-07-26,ok,0
mortgages_count,prov-08,province,2014-10,2008,mortgages,ine,2014-10-31,,2026-07-26,ok,0
mortgages_count,prov-08,province,2014-11,1672,mortgages,ine,2014-11-30,,2026-07-26,ok,0
mortgages_count,prov-08,province,2014-12,1679,mortgages,ine,2014-12-31,,2026-07-26,ok,0
mortgages_count,prov-08,province,2015-01,2604,mortgages,ine,2015-01-31,,2026-07-26,ok,0
mortgages_count,prov-08,province,2015-02,2419,mortgages,ine,2015-02-28,,2026-07-26,ok,0
mortgages_count,prov-08,province,2015-03,2338,mortgages,ine,2015-03-31,,2026-07-26,ok,0
mortgages_count,prov-08,province,2015-04,2384,mortgages,ine,2015-04-30,,2026-07-26,ok,0
mortgages_count,prov-08,province,2015-05,2207,mortgages,ine,2015-05-31,,2026-07-26,ok,0
mortgages_count,prov-08,province,2015-06,2012,mortgages,ine,2015-06-30,,2026-07-26,ok,0
mortgages_count,prov-08,province,2015-07,2452,mortgages,ine,2015-07-31,,2026-07-26,ok,0
mortgages_count,prov-08,province,2015-08,1900,mortgages,ine,2015-08-31,,2026-07-26,ok,0
mortgages_count,prov-08,province,2015-09,2634,mortgages,ine,2015-09-30,,2026-07-26,ok,0
mortgages_count,prov-08,province,2015-10,2278,mortgages,ine,2015-10-31,,2026-07-26,ok,0
mortgages_count,prov-08,province,2015-11,2420,mortgages,ine,2015-11-30,,2026-07-26,ok,0
mortgages_count,prov-08,province,2015-12,2392,mortgages,ine,2015-12-31,,2026-07-26,ok,0
mortgages_count,prov-08,province,2016-01,2675,mortgages,ine,2016-01-31,,2026-07-26,ok,0
mortgages_count,prov-08,province,2016-02,2776,mortgages,ine,2016-02-29,,2026-07-26,ok,0
mortgages_count,prov-08,province,2016-03,2674,mortgages,ine,2016-03-31,,2026-07-26,ok,0
mortgages_count,prov-08,province,2016-04,2938,mortgages,ine,2016-04-30,,2026-07-26,ok,0
mortgages_count,prov-08,province,2016-05,3062,mortgages,ine,2016-05-31,,2026-07-26,ok,0
mortgages_count,prov-08,province,2016-06,2942,mortgages,ine,2016-06-30,,2026-07-26,ok,0
mortgages_count,prov-08,province,2016-07,2566,mortgages,ine,2016-07-31,,2026-07-26,ok,0
mortgages_count,prov-08,province,2016-08,2464,mortgages,ine,2016-08-31,,2026-07-26,ok,0
mortgages_count,prov-08,province,2016-09,3492,mortgages,ine,2016-09-30,,2026-07-26,ok,0
mortgages_count,prov-08,province,2016-10,2618,mortgages,ine,2016-10-31,,2026-07-26,ok,0
mortgages_count,prov-08,province,2016-11,2708,mortgages,ine,2016-11-30,,2026-07-26,ok,0
mortgages_count,prov-08,province,2016-12,2255,mortgages,ine,2016-12-31,,2026-07-26,ok,0
mortgages_count,prov-08,province,2017-01,3183,mortgages,ine,2017-01-31,,2026-07-26,ok,0
mortgages_count,prov-08,province,2017-02,2919,mortgages,ine,2017-02-28,,2026-07-26,ok,0
mortgages_count,prov-08,province,2017-03,3474,mortgages,ine,2017-03-31,,2026-07-26,ok,0
mortgages_count,prov-08,province,2017-04,2542,mortgages,ine,2017-04-30,,2026-07-26,ok,0
mortgages_count,prov-08,province,2017-05,3769,mortgages,ine,2017-05-31,,2026-07-26,ok,0
mortgages_count,prov-08,province,2017-06,3371,mortgages,ine,2017-06-30,,2026-07-26,ok,0
mortgages_count,prov-08,province,2017-07,3448,mortgages,ine,2017-07-31,,2026-07-26,ok,0
mortgages_count,prov-08,province,2017-08,3099,mortgages,ine,2017-08-31,,2026-07-26,ok,0
mortgages_count,prov-08,province,2017-09,3965,mortgages,ine,2017-09-30,,2026-07-26,ok,0
mortgages_count,prov-08,province,2017-10,3129,mortgages,ine,2017-10-31,,2026-07-26,ok,0
mortgages_count,prov-08,province,2017-11,3288,mortgages,ine,2017-11-30,,2026-07-26,ok,0
mortgages_count,prov-08,province,2017-12,2124,mortgages,ine,2017-12-31,,2026-07-26,ok,0
mortgages_count,prov-08,province,2018-01,3756,mortgages,ine,2018-01-31,,2026-07-26,ok,0
mortgages_count,prov-08,province,2018-02,3426,mortgages,ine,2018-02-28,,2026-07-26,ok,0
mortgages_count,prov-08,province,2018-03,3435,mortgages,ine,2018-03-31,,2026-07-26,ok,0
mortgages_count,prov-08,province,2018-04,3685,mortgages,ine,2018-04-30,,2026-07-26,ok,0
mortgages_count,prov-08,province,2018-05,3784,mortgages,ine,2018-05-31,,2026-07-26,ok,0
mortgages_count,prov-08,province,2018-06,3737,mortgages,ine,2018-06-30,,2026-07-26,ok,0
mortgages_count,prov-08,province,2018-07,3983,mortgages,ine,2018-07-31,,2026-07-26,ok,0
mortgages_count,prov-08,province,2018-08,3295,mortgages,ine,2018-08-31,,2026-07-26,ok,0
mortgages_count,prov-08,province,2018-09,4016,mortgages,ine,2018-09-30,,2026-07-26,ok,0
mortgages_count,prov-08,province,2018-10,4481,mortgages,ine,2018-10-31,,2026-07-26,ok,0
mortgages_count,prov-08,province,2018-11,4227,mortgages,ine,2018-11-30,,2026-07-26,ok,0
mortgages_count,prov-08,province,2018-12,2566,mortgages,ine,2018-12-31,,2026-07-26,ok,0
mortgages_count,prov-08,province,2019-01,3848,mortgages,ine,2019-01-31,,2026-07-26,ok,0
mortgages_count,prov-08,province,2019-02,4209,mortgages,ine,2019-02-28,,2026-07-26,ok,0
mortgages_count,prov-08,province,2019-03,3959,mortgages,ine,2019-03-31,,2026-07-26,ok,0
mortgages_count,prov-08,province,2019-04,3572,mortgages,ine,2019-04-30,,2026-07-26,ok,0
mortgages_count,prov-08,province,2019-05,4581,mortgages,ine,2019-05-31,,2026-07-26,ok,0
mortgages_count,prov-08,province,2019-06,3685,mortgages,ine,2019-06-30,,2026-07-26,ok,0
mortgages_count,prov-08,province,2019-07,4252,mortgages,ine,2019-07-31,,2026-07-26,ok,0
mortgages_count,prov-08,province,2019-08,2481,mortgages,ine,2019-08-31,,2026-07-26,ok,0
mortgages_count,prov-08,province,2019-09,2866,mortgages,ine,2019-09-30,,2026-07-26,ok,0
mortgages_count,prov-08,province,2019-10,3913,mortgages,ine,2019-10-31,,2026-07-26,ok,0
mortgages_count,prov-08,province,2019-11,3512,mortgages,ine,2019-11-30,,2026-07-26,ok,0
mortgages_count,prov-08,province,2019-12,3151,mortgages,ine,2019-12-31,,2026-07-26,ok,0
mortgages_count,prov-08,province,2020-01,4147,mortgages,ine,2020-01-31,,2026-07-26,ok,0
mortgages_count,prov-08,province,2020-02,5092,mortgages,ine,2020-02-29,,2026-07-26,ok,0
mortgages_count,prov-08,province,2020-03,3743,mortgages,ine,2020-03-31,,2026-07-26,ok,0
mortgages_count,prov-08,province,2020-04,3340,mortgages,ine,2020-04-30,,2026-07-26,ok,0
mortgages_count,prov-08,province,2020-05,3172,mortgages,ine,2020-05-31,,2026-07-26,ok,0
mortgages_count,prov-08,province,2020-06,3299,mortgages,ine,2020-06-30,,2026-07-26,ok,0
mortgages_count,prov-08,province,2020-07,3522,mortgages,ine,2020-07-31,,2026-07-26,ok,0
mortgages_count,prov-08,province,2020-08,2102,mortgages,ine,2020-08-31,,2026-07-26,ok,0
mortgages_count,prov-08,province,2020-09,3059,mortgages,ine,2020-09-30,,2026-07-26,ok,0
mortgages_count,prov-08,province,2020-10,2955,mortgages,ine,2020-10-31,,2026-07-26,ok,0
mortgages_count,prov-08,province,2020-11,3538,mortgages,ine,2020-11-30,,2026-07-26,ok,0
mortgages_count,prov-08,province,2020-12,3252,mortgages,ine,2020-12-31,,2026-07-26,ok,0
mortgages_count,prov-08,province,2021-01,3524,mortgages,ine,2021-01-31,,2026-07-26,ok,0
mortgages_count,prov-08,province,2021-02,3644,mortgages,ine,2021-02-28,,2026-07-26,ok,0
mortgages_count,prov-08,province,2021-03,4930,mortgages,ine,2021-03-31,,2026-07-26,ok,0
mortgages_count,prov-08,province,2021-04,4025,mortgages,ine,2021-04-30,,2026-07-26,ok,0
mortgages_count,prov-08,province,2021-05,4711,mortgages,ine,2021-05-31,,2026-07-26,ok,0
mortgages_count,prov-08,province,2021-06,4556,mortgages,ine,2021-06-30,,2026-07-26,ok,0
mortgages_count,prov-08,province,2021-07,4483,mortgages,ine,2021-07-31,,2026-07-26,ok,0
mortgages_count,prov-08,province,2021-08,3836,mortgages,ine,2021-08-31,,2026-07-26,ok,0
mortgages_count,prov-08,province,2021-09,5302,mortgages,ine,2021-09-30,,2026-07-26,ok,0
mortgages_count,prov-08,province,2021-10,4322,mortgages,ine,2021-10-31,,2026-07-26,ok,0
mortgages_count,prov-08,province,2021-11,4535,mortgages,ine,2021-11-30,,2026-07-26,ok,0
mortgages_count,prov-08,province,2021-12,3987,mortgages,ine,2021-12-31,,2026-07-26,ok,0
mortgages_count,prov-08,province,2022-01,4315,mortgages,ine,2022-01-31,,2026-07-26,ok,0
mortgages_count,prov-08,province,2022-02,4366,mortgages,ine,2022-02-28,,2026-07-26,ok,0
mortgages_count,prov-08,province,2022-03,5588,mortgages,ine,2022-03-31,,2026-07-26,ok,0
mortgages_count,prov-08,province,2022-04,4582,mortgages,ine,2022-04-30,,2026-07-26,ok,0
mortgages_count,prov-08,province,2022-05,6220,mortgages,ine,2022-05-31,,2026-07-26,ok,0
mortgages_count,prov-08,province,2022-06,5173,mortgages,ine,2022-06-30,,2026-07-25,ok,0
mortgages_count,prov-08,province,2022-07,5033,mortgages,ine,2022-07-31,,2026-07-25,ok,0
mortgages_count,prov-08,province,2022-08,4472,mortgages,ine,2022-08-31,,2026-07-25,ok,0
mortgages_count,prov-08,province,2022-09,5719,mortgages,ine,2022-09-30,,2026-07-25,ok,0
mortgages_count,prov-08,province,2022-10,4969,mortgages,ine,2022-10-31,,2026-07-25,ok,0
mortgages_count,prov-08,province,2022-11,4849,mortgages,ine,2022-11-30,,2026-07-25,ok,0
mortgages_count,prov-08,province,2022-12,3758,mortgages,ine,2022-12-31,,2026-07-25,ok,0
mortgages_count,prov-08,province,2023-01,4755,mortgages,ine,2023-01-31,,2026-07-25,ok,0
mortgages_count,prov-08,province,2023-02,4817,mortgages,ine,2023-02-28,,2026-07-25,ok,0
mortgages_count,prov-08,province,2023-03,4740,mortgages,ine,2023-03-31,,2026-07-25,ok,0
mortgages_count,prov-08,province,2023-04,3330,mortgages,ine,2023-04-30,,2026-07-25,ok,0
mortgages_count,prov-08,province,2023-05,4293,mortgages,ine,2023-05-31,,2026-07-25,ok,0
mortgages_count,prov-08,province,2023-06,3976,mortgages,ine,2023-06-30,,2026-07-25,ok,0
mortgages_count,prov-08,province,2023-07,3875,mortgages,ine,2023-07-31,,2026-07-25,ok,0
mortgages_count,prov-08,province,2023-08,3088,mortgages,ine,2023-08-31,,2026-07-25,ok,0
mortgages_count,prov-08,province,2023-09,3952,mortgages,ine,2023-09-30,,2026-07-25,ok,0
mortgages_count,prov-08,province,2023-10,4288,mortgages,ine,2023-10-31,,2026-07-25,ok,0
mortgages_count,prov-08,province,2023-11,3590,mortgages,ine,2023-11-30,,2026-07-25,ok,0
mortgages_count,prov-08,province,2023-12,2988,mortgages,ine,2023-12-31,,2026-07-25,ok,0
mortgages_count,prov-08,province,2024-01,4578,mortgages,ine,2024-01-31,,2026-07-25,ok,0
mortgages_count,prov-08,province,2024-02,4748,mortgages,ine,2024-02-29,,2026-07-25,ok,0
mortgages_count,prov-08,province,2024-03,3745,mortgages,ine,2024-03-31,,2026-07-25,ok,0
mortgages_count,prov-08,province,2024-04,4284,mortgages,ine,2024-04-30,,2026-07-25,ok,0
mortgages_count,prov-08,province,2024-05,3820,mortgages,ine,2024-05-31,,2026-07-25,ok,0
mortgages_count,prov-08,province,2024-06,4095,mortgages,ine,2024-06-30,,2026-07-25,ok,0
mortgages_count,prov-08,province,2024-07,5021,mortgages,ine,2024-07-31,,2026-07-25,ok,0
mortgages_count,prov-08,province,2024-08,3580,mortgages,ine,2024-08-31,,2026-07-25,ok,0
mortgages_count,prov-08,province,2024-09,4960,mortgages,ine,2024-09-30,,2026-07-25,ok,0
mortgages_count,prov-08,province,2024-10,6477,mortgages,ine,2024-10-31,,2026-07-25,ok,0
mortgages_count,prov-08,province,2024-11,4974,mortgages,ine,2024-11-30,,2026-07-25,ok,0
mortgages_count,prov-08,province,2024-12,3827,mortgages,ine,2024-12-31,,2026-07-25,ok,0
mortgages_count,prov-08,province,2025-01,5166,mortgages,ine,2025-01-31,,2026-07-25,ok,0
mortgages_count,prov-08,province,2025-02,5403,mortgages,ine,2025-02-28,,2026-07-25,ok,0
mortgages_count,prov-08,province,2025-03,5580,mortgages,ine,2025-03-31,,2026-07-25,ok,0
mortgages_count,prov-08,province,2025-04,4746,mortgages,ine,2025-04-30,,2026-07-25,ok,0
mortgages_count,prov-08,province,2025-05,5050,mortgages,ine,2025-05-31,,2026-07-25,ok,0
mortgages_count,prov-08,province,2025-06,5144,mortgages,ine,2025-06-30,,2026-07-25,ok,0
mortgages_count,prov-08,province,2025-06,5145,mortgages,ine,2025-06-30,,2026-09-01,revised,1
mortgages_count,prov-08,province,2025-07,6178,mortgages,ine,2025-07-31,,2026-07-25,ok,0
mortgages_count,prov-08,province,2025-08,4105,mortgages,ine,2025-08-31,,2026-07-25,ok,0
mortgages_count,prov-08,province,2025-09,5856,mortgages,ine,2025-09-30,,2026-07-25,ok,0
mortgages_count,prov-08,province,2025-10,6659,mortgages,ine,2025-10-31,,2026-07-25,ok,0
mortgages_count,prov-08,province,2025-11,5368,mortgages,ine,2025-11-30,,2026-07-25,ok,0
mortgages_count,prov-08,province,2025-12,4544,mortgages,ine,2025-12-31,,2026-07-25,ok,0
mortgages_count,prov-08,province,2026-01,5334,mortgages,ine,2026-01-31,,2026-07-25,ok,0
mortgages_count,prov-08,province,2026-02,6140,mortgages,ine,2026-02-28,,2026-07-25,ok,0
mortgages_count,prov-08,province,2026-03,6128,mortgages,ine,2026-03-31,,2026-07-25,ok,0
mortgages_count,prov-08,province,2026-04,5562,mortgages,ine,2026-04-30,,2026-07-25,ok,0
mortgages_count,prov-08,province,2026-05,5521,mortgages,ine,2026-05-31,,2026-07-25,ok,0
mortgages_count,prov-08,province,2026-06,5969,mortgages,ine,2026-06-30,,2026-09-01,ok,0
mortgages_count,prov-28,province,2006-06,15422,mortgages,ine,2006-06-30,,2026-07-26,ok,0
mortgages_count,prov-28,province,2006-07,12297,mortgages,ine,2006-07-31,,2026-07-26,ok,0
mortgages_count,prov-28,province,2006-08,11018,mortgages,ine,2006-08-31,,2026-07-26,ok,0
mortgages_count,prov-28,province,2006-09,13714,mortgages,ine,2006-09-30,,2026-07-26,ok,0
mortgages_count,prov-28,province,2006-10,13459,mortgages,ine,2006-10-31,,2026-07-26,ok,0
mortgages_count,prov-28,province,2006-11,11367,mortgages,ine,2006-11-30,,2026-07-26,ok,0
mortgages_count,prov-28,province,2006-12,9763,mortgages,ine,2006-12-31,,2026-07-26,ok,0
mortgages_count,prov-28,province,2007-01,13809,mortgages,ine,2007-01-31,,2026-07-26,ok,0
mortgages_count,prov-28,province,2007-02,12398,mortgages,ine,2007-02-28,,2026-07-26,ok,0
mortgages_count,prov-28,province,2007-03,13575,mortgages,ine,2007-03-31,,2026-07-26,ok,0
mortgages_count,prov-28,province,2007-04,10843,mortgages,ine,2007-04-30,,2026-07-26,ok,0
mortgages_count,prov-28,province,2007-05,12833,mortgages,ine,2007-05-31,,2026-07-26,ok,0
mortgages_count,prov-28,province,2007-06,12089,mortgages,ine,2007-06-30,,2026-07-26,ok,0
mortgages_count,prov-28,province,2007-07,12091,mortgages,ine,2007-07-31,,2026-07-26,ok,0
mortgages_count,prov-28,province,2007-08,10110,mortgages,ine,2007-08-31,,2026-07-26,ok,0
mortgages_count,prov-28,province,2007-09,13230,mortgages,ine,2007-09-30,,2026-07-26,ok,0
mortgages_count,prov-28,province,2007-10,9750,mortgages,ine,2007-10-31,,2026-07-26,ok,0
mortgages_count,prov-28,province,2007-11,9699,mortgages,ine,2007-11-30,,2026-07-26,ok,0
mortgages_count,prov-28,province,2007-12,6917,mortgages,ine,2007-12-31,,2026-07-26,ok,0
mortgages_count,prov-28,province,2008-01,9241,mortgages,ine,2008-01-31,,2026-07-26,ok,0
mortgages_count,prov-28,province,2008-02,9269,mortgages,ine,2008-02-29,,2026-07-26,ok,0
mortgages_count,prov-28,province,2008-03,8954,mortgages,ine,2008-03-31,,2026-07-26,ok,0
mortgages_count,prov-28,province,2008-04,10532,mortgages,ine,2008-04-30,,2026-07-26,ok,0
mortgages_count,prov-28,province,2008-05,9167,mortgages,ine,2008-05-31,,2026-07-26,ok,0
mortgages_count,prov-28,province,2008-06,8258,mortgages,ine,2008-06-30,,2026-07-26,ok,0
mortgages_count,prov-28,province,2008-07,10606,mortgages,ine,2008-07-31,,2026-07-26,ok,0
mortgages_count,prov-28,province,2008-08,7803,mortgages,ine,2008-08-31,,2026-07-26,ok,0
mortgages_count,prov-28,province,2008-09,8911,mortgages,ine,2008-09-30,,2026-07-26,ok,0
mortgages_count,prov-28,province,2008-10,7755,mortgages,ine,2008-10-31,,2026-07-26,ok,0
mortgages_count,prov-28,province,2008-11,5241,mortgages,ine,2008-11-30,,2026-07-26,ok,0
mortgages_count,prov-28,province,2008-12,6021,mortgages,ine,2008-12-31,,2026-07-26,ok,0
mortgages_count,prov-28,province,2009-01,6031,mortgages,ine,2009-01-31,,2026-07-26,ok,0
mortgages_count,prov-28,province,2009-02,6085,mortgages,ine,2009-02-28,,2026-07-26,ok,0
mortgages_count,prov-28,province,2009-03,5764,mortgages,ine,2009-03-31,,2026-07-26,ok,0
mortgages_count,prov-28,province,2009-04,6642,mortgages,ine,2009-04-30,,2026-07-26,ok,0
mortgages_count,prov-28,province,2009-05,7542,mortgages,ine,2009-05-31,,2026-07-26,ok,0
mortgages_count,prov-28,province,2009-06,7493,mortgages,ine,2009-06-30,,2026-07-26,ok,0
mortgages_count,prov-28,province,2009-07,6994,mortgages,ine,2009-07-31,,2026-07-26,ok,0
mortgages_count,prov-28,province,2009-08,6075,mortgages,ine,2009-08-31,,2026-07-26,ok,0
mortgages_count,prov-28,province,2009-09,8586,mortgages,ine,2009-09-30,,2026-07-26,ok,0
mortgages_count,prov-28,province,2009-10,6848,mortgages,ine,2009-10-31,,2026-07-26,ok,0
mortgages_count,prov-28,province,2009-11,7071,mortgages,ine,2009-11-30,,2026-07-26,ok,0
mortgages_count,prov-28,province,2009-12,6378,mortgages,ine,2009-12-31,,2026-07-26,ok,0
mortgages_count,prov-28,province,2010-01,7077,mortgages,ine,2010-01-31,,2026-07-26,ok,0
mortgages_count,prov-28,province,2010-02,7927,mortgages,ine,2010-02-28,,2026-07-26,ok,0
mortgages_count,prov-28,province,2010-03,7399,mortgages,ine,2010-03-31,,2026-07-26,ok,0
mortgages_count,prov-28,province,2010-04,7299,mortgages,ine,2010-04-30,,2026-07-26,ok,0
mortgages_count,prov-28,province,2010-05,8613,mortgages,ine,2010-05-31,,2026-07-26,ok,0
mortgages_count,prov-28,province,2010-06,8286,mortgages,ine,2010-06-30,,2026-07-26,ok,0
mortgages_count,prov-28,province,2010-07,7074,mortgages,ine,2010-07-31,,2026-07-26,ok,0
mortgages_count,prov-28,province,2010-08,6946,mortgages,ine,2010-08-31,,2026-07-26,ok,0
mortgages_count,prov-28,province,2010-09,8128,mortgages,ine,2010-09-30,,2026-07-26,ok,0
mortgages_count,prov-28,province,2010-10,5763,mortgages,ine,2010-10-31,,2026-07-26,ok,0
mortgages_count,prov-28,province,2010-11,5263,mortgages,ine,2010-11-30,,2026-07-26,ok,0
mortgages_count,prov-28,province,2010-12,5313,mortgages,ine,2010-12-31,,2026-07-26,ok,0
mortgages_count,prov-28,province,2011-01,6137,mortgages,ine,2011-01-31,,2026-07-26,ok,0
mortgages_count,prov-28,province,2011-02,7666,mortgages,ine,2011-02-28,,2026-07-26,ok,0
mortgages_count,prov-28,province,2011-03,5927,mortgages,ine,2011-03-31,,2026-07-26,ok,0
mortgages_count,prov-28,province,2011-04,3584,mortgages,ine,2011-04-30,,2026-07-26,ok,0
mortgages_count,prov-28,province,2011-05,5238,mortgages,ine,2011-05-31,,2026-07-26,ok,0
mortgages_count,prov-28,province,2011-06,4324,mortgages,ine,2011-06-30,,2026-07-26,ok,0
mortgages_count,prov-28,province,2011-07,4457,mortgages,ine,2011-07-31,,2026-07-26,ok,0
mortgages_count,prov-28,province,2011-08,3483,mortgages,ine,2011-08-31,,2026-07-26,ok,0
mortgages_count,prov-28,province,2011-09,5149,mortgages,ine,2011-09-30,,2026-07-26,ok,0
mortgages_count,prov-28,province,2011-10,2742,mortgages,ine,2011-10-31,,2026-07-26,ok,0
mortgages_count,prov-28,province,2011-11,4170,mortgages,ine,2011-11-30,,2026-07-26,ok,0
mortgages_count,prov-28,province,2011-12,3878,mortgages,ine,2011-12-31,,2026-07-26,ok,0
mortgages_count,prov-28,province,2012-01,3724,mortgages,ine,2012-01-31,,2026-07-26,ok,0
mortgages_count,prov-28,province,2012-02,3776,mortgages,ine,2012-02-29,,2026-07-26,ok,0
mortgages_count,prov-28,province,2012-03,3293,mortgages,ine,2012-03-31,,2026-07-26,ok,0
mortgages_count,prov-28,province,2012-04,3134,mortgages,ine,2012-04-30,,2026-07-26,ok,0
mortgages_count,prov-28,province,2012-05,3351,mortgages,ine,2012-05-31,,2026-07-26,ok,0
mortgages_count,prov-28,province,2012-06,3725,mortgages,ine,2012-06-30,,2026-07-26,ok,0
mortgages_count,prov-28,province,2012-07,3029,mortgages,ine,2012-07-31,,2026-07-26,ok,0
mortgages_count,prov-28,province,2012-08,2946,mortgages,ine,2012-08-31,,2026-07-26,ok,0
mortgages_count,prov-28,province,2012-09,3472,mortgages,ine,2012-09-30,,2026-07-26,ok,0
mortgages_count,prov-28,province,2012-10,2545,mortgages,ine,2012-10-31,,2026-07-26,ok,0
mortgages_count,prov-28,province,2012-11,3278,mortgages,ine,2012-11-30,,2026-07-26,ok,0
mortgages_count,prov-28,province,2012-12,2729,mortgages,ine,2012-12-31,,2026-07-26,ok,0
mortgages_count,prov-28,province,2013-01,3783,mortgages,ine,2013-01-31,,2026-07-26,ok,0
mortgages_count,prov-28,province,2013-02,3962,mortgages,ine,2013-02-28,,2026-07-26,ok,0
mortgages_count,prov-28,province,2013-03,2296,mortgages,ine,2013-03-31,,2026-07-26,ok,0
mortgages_count,prov-28,province,2013-04,2692,mortgages,ine,2013-04-30,,2026-07-26,ok,0
mortgages_count,prov-28,province,2013-05,2980,mortgages,ine,2013-05-31,,2026-07-26,ok,0
mortgages_count,prov-28,province,2013-06,2499,mortgages,ine,2013-06-30,,2026-07-26,ok,0
mortgages_count,prov-28,province,2013-07,2182,mortgages,ine,2013-07-31,,2026-07-26,ok,0
mortgages_count,prov-28,province,2013-08,2090,mortgages,ine,2013-08-31,,2026-07-26,ok,0
mortgages_count,prov-28,province,2013-09,2491,mortgages,ine,2013-09-30,,2026-07-26,ok,0
mortgages_count,prov-28,province,2013-10,2573,mortgages,ine,2013-10-31,,2026-07-26,ok,0
mortgages_count,prov-28,province,2013-11,2383,mortgages,ine,2013-11-30,,2026-07-26,ok,0
mortgages_count,prov-28,province,2013-12,1912,mortgages,ine,2013-12-31,,2026-07-26,ok,0
mortgages_count,prov-28,province,2014-01,2586,mortgages,ine,2014-01-31,,2026-07-26,ok,0
mortgages_count,prov-28,province,2014-02,3378,mortgages,ine,2014-02-28,,2026-07-26,ok,0
mortgages_count,prov-28,province,2014-03,2738,mortgages,ine,2014-03-31,,2026-07-26,ok,0
mortgages_count,prov-28,province,2014-04,2323,mortgages,ine,2014-04-30,,2026-07-26,ok,0
mortgages_count,prov-28,province,2014-05,2689,mortgages,ine,2014-05-31,,2026-07-26,ok,0
mortgages_count,prov-28,province,2014-06,3280,mortgages,ine,2014-06-30,,2026-07-26,ok,0
mortgages_count,prov-28,province,2014-07,3155,mortgages,ine,2014-07-31,,2026-07-26,ok,0
mortgages_count,prov-28,province,2014-08,2534,mortgages,ine,2014-08-31,,2026-07-26,ok,0
mortgages_count,prov-28,province,2014-09,4051,mortgages,ine,2014-09-30,,2026-07-26,ok,0
mortgages_count,prov-28,province,2014-10,3137,mortgages,ine,2014-10-31,,2026-07-26,ok,0
mortgages_count,prov-28,province,2014-11,2690,mortgages,ine,2014-11-30,,2026-07-26,ok,0
mortgages_count,prov-28,province,2014-12,2883,mortgages,ine,2014-12-31,,2026-07-26,ok,0
mortgages_count,prov-28,province,2015-01,3236,mortgages,ine,2015-01-31,,2026-07-26,ok,0
mortgages_count,prov-28,province,2015-02,4226,mortgages,ine,2015-02-28,,2026-07-26,ok,0
mortgages_count,prov-28,province,2015-03,4038,mortgages,ine,2015-03-31,,2026-07-26,ok,0
mortgages_count,prov-28,province,2015-04,3292,mortgages,ine,2015-04-30,,2026-07-26,ok,0
mortgages_count,prov-28,province,2015-05,3470,mortgages,ine,2015-05-31,,2026-07-26,ok,0
mortgages_count,prov-28,province,2015-06,4426,mortgages,ine,2015-06-30,,2026-07-26,ok,0
mortgages_count,prov-28,province,2015-07,3522,mortgages,ine,2015-07-31,,2026-07-26,ok,0
mortgages_count,prov-28,province,2015-08,3372,mortgages,ine,2015-08-31,,2026-07-26,ok,0
mortgages_count,prov-28,province,2015-09,4924,mortgages,ine,2015-09-30,,2026-07-26,ok,0
mortgages_count,prov-28,province,2015-10,3039,mortgages,ine,2015-10-31,,2026-07-26,ok,0
mortgages_count,prov-28,province,2015-11,2845,mortgages,ine,2015-11-30,,2026-07-26,ok,0
mortgages_count,prov-28,province,2015-12,3004,mortgages,ine,2015-12-31,,2026-07-26,ok,0
mortgages_count,prov-28,province,2016-01,4102,mortgages,ine,2016-01-31,,2026-07-26,ok,0
mortgages_count,prov-28,province,2016-02,4641,mortgages,ine,2016-02-29,,2026-07-26,ok,0
mortgages_count,prov-28,province,2016-03,4065,mortgages,ine,2016-03-31,,2026-07-26,ok,0
mortgages_count,prov-28,province,2016-04,3705,mortgages,ine,2016-04-30,,2026-07-26,ok,0
mortgages_count,prov-28,province,2016-05,4401,mortgages,ine,2016-05-31,,2026-07-26,ok,0
mortgages_count,prov-28,province,2016-06,4110,mortgages,ine,2016-06-30,,2026-07-26,ok,0
mortgages_count,prov-28,province,2016-07,2926,mortgages,ine,2016-07-31,,2026-07-26,ok,0
mortgages_count,prov-28,province,2016-08,3128,mortgages,ine,2016-08-31,,2026-07-26,ok,0
mortgages_count,prov-28,province,2016-09,5288,mortgages,ine,2016-09-30,,2026-07-26,ok,0
mortgages_count,prov-28,province,2016-10,3938,mortgages,ine,2016-10-31,,2026-07-26,ok,0
mortgages_count,prov-28,province,2016-11,4657,mortgages,ine,2016-11-30,,2026-07-26,ok,0
mortgages_count,prov-28,province,2016-12,3610,mortgages,ine,2016-12-31,,2026-07-26,ok,0
mortgages_count,prov-28,province,2017-01,5099,mortgages,ine,2017-01-31,,2026-07-26,ok,0
mortgages_count,prov-28,province,2017-02,4585,mortgages,ine,2017-02-28,,2026-07-26,ok,0
mortgages_count,prov-28,province,2017-03,4784,mortgages,ine,2017-03-31,,2026-07-26,ok,0
mortgages_count,prov-28,province,2017-04,3706,mortgages,ine,2017-04-30,,2026-07-26,ok,0
mortgages_count,prov-28,province,2017-05,5016,mortgages,ine,2017-05-31,,2026-07-26,ok,0
mortgages_count,prov-28,province,2017-06,5699,mortgages,ine,2017-06-30,,2026-07-26,ok,0
mortgages_count,prov-28,province,2017-07,4481,mortgages,ine,2017-07-31,,2026-07-26,ok,0
mortgages_count,prov-28,province,2017-08,4391,mortgages,ine,2017-08-31,,2026-07-26,ok,0
mortgages_count,prov-28,province,2017-09,5698,mortgages,ine,2017-09-30,,2026-07-26,ok,0
mortgages_count,prov-28,province,2017-10,5136,mortgages,ine,2017-10-31,,2026-07-26,ok,0
mortgages_count,prov-28,province,2017-11,4668,mortgages,ine,2017-11-30,,2026-07-26,ok,0
mortgages_count,prov-28,province,2017-12,3726,mortgages,ine,2017-12-31,,2026-07-26,ok,0
mortgages_count,prov-28,province,2018-01,5116,mortgages,ine,2018-01-31,,2026-07-26,ok,0
mortgages_count,prov-28,province,2018-02,5657,mortgages,ine,2018-02-28,,2026-07-26,ok,0
mortgages_count,prov-28,province,2018-03,4808,mortgages,ine,2018-03-31,,2026-07-26,ok,0
mortgages_count,prov-28,province,2018-04,5996,mortgages,ine,2018-04-30,,2026-07-26,ok,0
mortgages_count,prov-28,province,2018-05,5281,mortgages,ine,2018-05-31,,2026-07-26,ok,0
mortgages_count,prov-28,province,2018-06,6226,mortgages,ine,2018-06-30,,2026-07-26,ok,0
mortgages_count,prov-28,province,2018-07,5526,mortgages,ine,2018-07-31,,2026-07-26,ok,0
mortgages_count,prov-28,province,2018-08,5140,mortgages,ine,2018-08-31,,2026-07-26,ok,0
mortgages_count,prov-28,province,2018-09,6798,mortgages,ine,2018-09-30,,2026-07-26,ok,0
mortgages_count,prov-28,province,2018-10,5884,mortgages,ine,2018-10-31,,2026-07-26,ok,0
mortgages_count,prov-28,province,2018-11,5705,mortgages,ine,2018-11-30,,2026-07-26,ok,0
mortgages_count,prov-28,province,2018-12,3969,mortgages,ine,2018-12-31,,2026-07-26,ok,0
mortgages_count,prov-28,province,2019-01,10552,mortgages,ine,2019-01-31,,2026-07-26,ok,0
mortgages_count,prov-28,province,2019-02,6270,mortgages,ine,2019-02-28,,2026-07-26,ok,0
mortgages_count,prov-28,province,2019-03,6260,mortgages,ine,2019-03-31,,2026-07-26,ok,0
mortgages_count,prov-28,province,2019-04,5514,mortgages,ine,2019-04-30,,2026-07-26,ok,0
mortgages_count,prov-28,province,2019-05,5806,mortgages,ine,2019-05-31,,2026-07-26,ok,0
mortgages_count,prov-28,province,2019-06,4941,mortgages,ine,2019-06-30,,2026-07-26,ok,0
mortgages_count,prov-28,province,2019-07,5313,mortgages,ine,2019-07-31,,2026-07-26,ok,0
mortgages_count,prov-28,province,2019-08,3256,mortgages,ine,2019-08-31,,2026-07-26,ok,0
mortgages_count,prov-28,province,2019-09,4730,mortgages,ine,2019-09-30,,2026-07-26,ok,0
mortgages_count,prov-28,province,2019-10,5110,mortgages,ine,2019-10-31,,2026-07-26,ok,0
mortgages_count,prov-28,province,2019-11,5766,mortgages,ine,2019-11-30,,2026-07-26,ok,0
mortgages_count,prov-28,province,2019-12,7063,mortgages,ine,2019-12-31,,2026-07-26,ok,0
mortgages_count,prov-28,province,2020-01,8660,mortgages,ine,2020-01-31,,2026-07-26,ok,0
mortgages_count,prov-28,province,2020-02,6820,mortgages,ine,2020-02-29,,2026-07-26,ok,0
mortgages_count,prov-28,province,2020-03,4749,mortgages,ine,2020-03-31,,2026-07-26,ok,0
mortgages_count,prov-28,province,2020-04,3974,mortgages,ine,2020-04-30,,2026-07-26,ok,0
mortgages_count,prov-28,province,2020-05,4918,mortgages,ine,2020-05-31,,2026-07-26,ok,0
mortgages_count,prov-28,province,2020-06,5045,mortgages,ine,2020-06-30,,2026-07-26,ok,0
mortgages_count,prov-28,province,2020-07,3720,mortgages,ine,2020-07-31,,2026-07-26,ok,0
mortgages_count,prov-28,province,2020-08,3048,mortgages,ine,2020-08-31,,2026-07-26,ok,0
mortgages_count,prov-28,province,2020-09,5108,mortgages,ine,2020-09-30,,2026-07-26,ok,0
mortgages_count,prov-28,province,2020-10,5357,mortgages,ine,2020-10-31,,2026-07-26,ok,0
mortgages_count,prov-28,province,2020-11,5142,mortgages,ine,2020-11-30,,2026-07-26,ok,0
mortgages_count,prov-28,province,2020-12,4904,mortgages,ine,2020-12-31,,2026-07-26,ok,0
mortgages_count,prov-28,province,2021-01,4552,mortgages,ine,2021-01-31,,2026-07-26,ok,0
mortgages_count,prov-28,province,2021-02,5475,mortgages,ine,2021-02-28,,2026-07-26,ok,0
mortgages_count,prov-28,province,2021-03,6782,mortgages,ine,2021-03-31,,2026-07-26,ok,0
mortgages_count,prov-28,province,2021-04,6189,mortgages,ine,2021-04-30,,2026-07-26,ok,0
mortgages_count,prov-28,province,2021-05,5533,mortgages,ine,2021-05-31,,2026-07-26,ok,0
mortgages_count,prov-28,province,2021-06,7293,mortgages,ine,2021-06-30,,2026-07-26,ok,0
mortgages_count,prov-28,province,2021-07,6633,mortgages,ine,2021-07-31,,2026-07-26,ok,0
mortgages_count,prov-28,province,2021-08,5867,mortgages,ine,2021-08-31,,2026-07-26,ok,0
mortgages_count,prov-28,province,2021-09,7928,mortgages,ine,2021-09-30,,2026-07-26,ok,0
mortgages_count,prov-28,province,2021-10,6035,mortgages,ine,2021-10-31,,2026-07-26,ok,0
mortgages_count,prov-28,province,2021-11,5712,mortgages,ine,2021-11-30,,2026-07-26,ok,0
mortgages_count,prov-28,province,2021-12,5390,mortgages,ine,2021-12-31,,2026-07-26,ok,0
mortgages_count,prov-28,province,2022-01,6295,mortgages,ine,2022-01-31,,2026-07-26,ok,0
mortgages_count,prov-28,province,2022-02,6526,mortgages,ine,2022-02-28,,2026-07-26,ok,0
mortgages_count,prov-28,province,2022-03,7225,mortgages,ine,2022-03-31,,2026-07-26,ok,0
mortgages_count,prov-28,province,2022-04,5536,mortgages,ine,2022-04-30,,2026-07-26,ok,0
mortgages_count,prov-28,province,2022-05,7372,mortgages,ine,2022-05-31,,2026-07-26,ok,0
mortgages_count,prov-28,province,2022-06,7722,mortgages,ine,2022-06-30,,2026-07-25,ok,0
mortgages_count,prov-28,province,2022-07,5640,mortgages,ine,2022-07-31,,2026-07-25,ok,0
mortgages_count,prov-28,province,2022-08,6033,mortgages,ine,2022-08-31,,2026-07-25,ok,0
mortgages_count,prov-28,province,2022-09,8712,mortgages,ine,2022-09-30,,2026-07-25,ok,0
mortgages_count,prov-28,province,2022-10,7848,mortgages,ine,2022-10-31,,2026-07-25,ok,0
mortgages_count,prov-28,province,2022-11,6598,mortgages,ine,2022-11-30,,2026-07-25,ok,0
mortgages_count,prov-28,province,2022-12,4387,mortgages,ine,2022-12-31,,2026-07-25,ok,0
mortgages_count,prov-28,province,2023-01,5446,mortgages,ine,2023-01-31,,2026-07-25,ok,0
mortgages_count,prov-28,province,2023-02,6222,mortgages,ine,2023-02-28,,2026-07-25,ok,0
mortgages_count,prov-28,province,2023-03,5632,mortgages,ine,2023-03-31,,2026-07-25,ok,0
mortgages_count,prov-28,province,2023-04,4361,mortgages,ine,2023-04-30,,2026-07-25,ok,0
mortgages_count,prov-28,province,2023-05,5046,mortgages,ine,2023-05-31,,2026-07-25,ok,0
mortgages_count,prov-28,province,2023-06,5500,mortgages,ine,2023-06-30,,2026-07-25,ok,0
mortgages_count,prov-28,province,2023-07,4621,mortgages,ine,2023-07-31,,2026-07-25,ok,0
mortgages_count,prov-28,province,2023-08,4183,mortgages,ine,2023-08-31,,2026-07-25,ok,0
mortgages_count,prov-28,province,2023-09,5780,mortgages,ine,2023-09-30,,2026-07-25,ok,0
mortgages_count,prov-28,province,2023-10,5178,mortgages,ine,2023-10-31,,2026-07-25,ok,0
mortgages_count,prov-28,province,2023-11,6603,mortgages,ine,2023-11-30,,2026-07-25,ok,0
mortgages_count,prov-28,province,2023-12,5127,mortgages,ine,2023-12-31,,2026-07-25,ok,0
mortgages_count,prov-28,province,2024-01,7100,mortgages,ine,2024-01-31,,2026-07-25,ok,0
mortgages_count,prov-28,province,2024-02,6692,mortgages,ine,2024-02-29,,2026-07-25,ok,0
mortgages_count,prov-28,province,2024-03,5656,mortgages,ine,2024-03-31,,2026-07-25,ok,0
mortgages_count,prov-28,province,2024-04,5553,mortgages,ine,2024-04-30,,2026-07-25,ok,0
mortgages_count,prov-28,province,2024-05,3626,mortgages,ine,2024-05-31,,2026-07-25,ok,0
mortgages_count,prov-28,province,2024-06,5501,mortgages,ine,2024-06-30,,2026-07-25,ok,0
mortgages_count,prov-28,province,2024-07,5630,mortgages,ine,2024-07-31,,2026-07-25,ok,0
mortgages_count,prov-28,province,2024-08,4905,mortgages,ine,2024-08-31,,2026-07-25,ok,0
mortgages_count,prov-28,province,2024-09,6851,mortgages,ine,2024-09-30,,2026-07-25,ok,0
mortgages_count,prov-28,province,2024-10,8762,mortgages,ine,2024-10-31,,2026-07-25,ok,0
mortgages_count,prov-28,province,2024-11,6393,mortgages,ine,2024-11-30,,2026-07-25,ok,0
mortgages_count,prov-28,province,2024-12,4951,mortgages,ine,2024-12-31,,2026-07-25,ok,0
mortgages_count,prov-28,province,2025-01,4951,mortgages,ine,2025-01-31,,2026-07-25,ok,0
mortgages_count,prov-28,province,2025-02,5341,mortgages,ine,2025-02-28,,2026-07-25,ok,0
mortgages_count,prov-28,province,2025-03,6486,mortgages,ine,2025-03-31,,2026-07-25,ok,0
mortgages_count,prov-28,province,2025-04,6351,mortgages,ine,2025-04-30,,2026-07-25,ok,0
mortgages_count,prov-28,province,2025-05,6213,mortgages,ine,2025-05-31,,2026-07-25,ok,0
mortgages_count,prov-28,province,2025-06,6632,mortgages,ine,2025-06-30,,2026-07-25,ok,0
mortgages_count,prov-28,province,2025-06,6575,mortgages,ine,2025-06-30,,2026-09-01,revised,1
mortgages_count,prov-28,province,2025-07,5867,mortgages,ine,2025-07-31,,2026-07-25,ok,0
mortgages_count,prov-28,province,2025-08,4482,mortgages,ine,2025-08-31,,2026-07-25,ok,0
mortgages_count,prov-28,province,2025-09,7527,mortgages,ine,2025-09-30,,2026-07-25,ok,0
mortgages_count,prov-28,province,2025-10,8243,mortgages,ine,2025-10-31,,2026-07-25,ok,0
mortgages_count,prov-28,province,2025-11,6183,mortgages,ine,2025-11-30,,2026-07-25,ok,0
mortgages_count,prov-28,province,2025-12,5212,mortgages,ine,2025-12-31,,2026-07-25,ok,0
mortgages_count,prov-28,province,2026-01,5247,mortgages,ine,2026-01-31,,2026-07-25,ok,0
mortgages_count,prov-28,province,2026-02,7310,mortgages,ine,2026-02-28,,2026-07-25,ok,0
mortgages_count,prov-28,province,2026-03,7727,mortgages,ine,2026-03-31,,2026-07-25,ok,0
mortgages_count,prov-28,province,2026-04,6305,mortgages,ine,2026-04-30,,2026-07-25,ok,0
mortgages_count,prov-28,province,2026-05,6497,mortgages,ine,2026-05-31,,2026-07-25,ok,0
mortgages_count,prov-28,province,2026-06,6976,mortgages,ine,2026-06-30,,2026-09-01,ok,0
mortgages_count,prov-29,province,2006-06,6589,mortgages,ine,2006-06-30,,2026-07-26,ok,0
mortgages_count,prov-29,province,2006-07,4696,mortgages,ine,2006-07-31,,2026-07-26,ok,0
mortgages_count,prov-29,province,2006-08,4838,mortgages,ine,2006-08-31,,2026-07-26,ok,0
mortgages_count,prov-29,province,2006-09,4396,mortgages,ine,2006-09-30,,2026-07-26,ok,0
mortgages_count,prov-29,province,2006-10,4540,mortgages,ine,2006-10-31,,2026-07-26,ok,0
mortgages_count,prov-29,province,2006-11,5293,mortgages,ine,2006-11-30,,2026-07-26,ok,0
mortgages_count,prov-29,province,2006-12,3758,mortgages,ine,2006-12-31,,2026-07-26,ok,0
mortgages_count,prov-29,province,2007-01,5965,mortgages,ine,2007-01-31,,2026-07-26,ok,0
mortgages_count,prov-29,province,2007-02,4336,mortgages,ine,2007-02-28,,2026-07-26,ok,0
mortgages_count,prov-29,province,2007-03,5357,mortgages,ine,2007-03-31,,2026-07-26,ok,0
mortgages_count,prov-29,province,2007-04,4411,mortgages,ine,2007-04-30,,2026-07-26,ok,0
mortgages_count,prov-29,province,2007-05,5405,mortgages,ine,2007-05-31,,2026-07-26,ok,0
mortgages_count,prov-29,province,2007-06,4585,mortgages,ine,2007-06-30,,2026-07-26,ok,0
mortgages_count,prov-29,province,2007-07,4230,mortgages,ine,2007-07-31,,2026-07-26,ok,0
mortgages_count,prov-29,province,2007-08,4124,mortgages,ine,2007-08-31,,2026-07-26,ok,0
mortgages_count,prov-29,province,2007-09,4630,mortgages,ine,2007-09-30,,2026-07-26,ok,0
mortgages_count,prov-29,province,2007-10,4325,mortgages,ine,2007-10-31,,2026-07-26,ok,0
mortgages_count,prov-29,province,2007-11,4135,mortgages,ine,2007-11-30,,2026-07-26,ok,0
mortgages_count,prov-29,province,2007-12,3078,mortgages,ine,2007-12-31,,2026-07-26,ok,0
mortgages_count,prov-29,province,2008-01,4057,mortgages,ine,2008-01-31,,2026-07-26,ok,0
mortgages_count,prov-29,province,2008-02,3234,mortgages,ine,2008-02-29,,2026-07-26,ok,0
mortgages_count,prov-29,province,2008-03,2820,mortgages,ine,2008-03-31,,2026-07-26,ok,0
mortgages_count,prov-29,province,2008-04,3370,mortgages,ine,2008-04-30,,2026-07-26,ok,0
mortgages_count,prov-29,province,2008-05,2984,mortgages,ine,2008-05-31,,2026-07-26,ok,0
mortgages_count,prov-29,province,2008-06,2589,mortgages,ine,2008-06-30,,2026-07-26,ok,0
mortgages_count,prov-29,province,2008-07,3332,mortgages,ine,2008-07-31,,2026-07-26,ok,0
mortgages_count,prov-29,province,2008-08,2068,mortgages,ine,2008-08-31,,2026-07-26,ok,0
mortgages_count,prov-29,province,2008-09,2771,mortgages,ine,2008-09-30,,2026-07-26,ok,0
mortgages_count,prov-29,province,2008-10,2741,mortgages,ine,2008-10-31,,2026-07-26,ok,0
mortgages_count,prov-29,province,2008-11,2411,mortgages,ine,2008-11-30,,2026-07-26,ok,0
mortgages_count,prov-29,province,2008-12,1904,mortgages,ine,2008-12-31,,2026-07-26,ok,0
mortgages_count,prov-29,province,2009-01,1804,mortgages,ine,2009-01-31,,2026-07-26,ok,0
mortgages_count,prov-29,province,2009-02,1990,mortgages,ine,2009-02-28,,2026-07-26,ok,0
mortgages_count,prov-29,province,2009-03,1624,mortgages,ine,2009-03-31,,2026-07-26,ok,0
mortgages_count,prov-29,province,2009-04,1777,mortgages,ine,2009-04-30,,2026-07-26,ok,0
mortgages_count,prov-29,province,2009-05,2218,mortgages,ine,2009-05-31,,2026-07-26,ok,0
mortgages_count,prov-29,province,2009-06,2611,mortgages,ine,2009-06-30,,2026-07-26,ok,0
mortgages_count,prov-29,province,2009-07,2209,mortgages,ine,2009-07-31,,2026-07-26,ok,0
mortgages_count,prov-29,province,2009-08,2575,mortgages,ine,2009-08-31,,2026-07-26,ok,0
mortgages_count,prov-29,province,2009-09,2441,mortgages,ine,2009-09-30,,2026-07-26,ok,0
mortgages_count,prov-29,province,2009-10,1780,mortgages,ine,2009-10-31,,2026-07-26,ok,0
mortgages_count,prov-29,province,2009-11,2310,mortgages,ine,2009-11-30,,2026-07-26,ok,0
mortgages_count,prov-29,province,2009-12,1810,mortgages,ine,2009-12-31,,2026-07-26,ok,0
mortgages_count,prov-29,province,2010-01,1937,mortgages,ine,2010-01-31,,2026-07-26,ok,0
mortgages_count,prov-29,province,2010-02,2358,mortgages,ine,2010-02-28,,2026-07-26,ok,0
mortgages_count,prov-29,province,2010-03,2419,mortgages,ine,2010-03-31,,2026-07-26,ok,0
mortgages_count,prov-29,province,2010-04,1807,mortgages,ine,2010-04-30,,2026-07-26,ok,0
mortgages_count,prov-29,province,2010-05,1932,mortgages,ine,2010-05-31,,2026-07-26,ok,0
mortgages_count,prov-29,province,2010-06,2448,mortgages,ine,2010-06-30,,2026-07-26,ok,0
mortgages_count,prov-29,province,2010-07,2398,mortgages,ine,2010-07-31,,2026-07-26,ok,0
mortgages_count,prov-29,province,2010-08,2177,mortgages,ine,2010-08-31,,2026-07-26,ok,0
mortgages_count,prov-29,province,2010-09,2071,mortgages,ine,2010-09-30,,2026-07-26,ok,0
mortgages_count,prov-29,province,2010-10,1432,mortgages,ine,2010-10-31,,2026-07-26,ok,0
mortgages_count,prov-29,province,2010-11,1458,mortgages,ine,2010-11-30,,2026-07-26,ok,0
mortgages_count,prov-29,province,2010-12,1444,mortgages,ine,2010-12-31,,2026-07-26,ok,0
mortgages_count,prov-29,province,2011-01,2100,mortgages,ine,2011-01-31,,2026-07-26,ok,0
mortgages_count,prov-29,province,2011-02,1714,mortgages,ine,2011-02-28,,2026-07-26,ok,0
mortgages_count,prov-29,province,2011-03,1682,mortgages,ine,2011-03-31,,2026-07-26,ok,0
mortgages_count,prov-29,province,2011-04,1040,mortgages,ine,2011-04-30,,2026-07-26,ok,0
mortgages_count,prov-29,province,2011-05,1419,mortgages,ine,2011-05-31,,2026-07-26,ok,0
mortgages_count,prov-29,province,2011-06,1381,mortgages,ine,2011-06-30,,2026-07-26,ok,0
mortgages_count,prov-29,province,2011-07,967,mortgages,ine,2011-07-31,,2026-07-26,ok,0
mortgages_count,prov-29,province,2011-08,1255,mortgages,ine,2011-08-31,,2026-07-26,ok,0
mortgages_count,prov-29,province,2011-09,1069,mortgages,ine,2011-09-30,,2026-07-26,ok,0
mortgages_count,prov-29,province,2011-10,839,mortgages,ine,2011-10-31,,2026-07-26,ok,0
mortgages_count,prov-29,province,2011-11,1170,mortgages,ine,2011-11-30,,2026-07-26,ok,0
mortgages_count,prov-29,province,2011-12,970,mortgages,ine,2011-12-31,,2026-07-26,ok,0
mortgages_count,prov-29,province,2012-01,1153,mortgages,ine,2012-01-31,,2026-07-26,ok,0
mortgages_count,prov-29,province,2012-02,883,mortgages,ine,2012-02-29,,2026-07-26,ok,0
mortgages_count,prov-29,province,2012-03,896,mortgages,ine,2012-03-31,,2026-07-26,ok,0
mortgages_count,prov-29,province,2012-04,944,mortgages,ine,2012-04-30,,2026-07-26,ok,0
mortgages_count,prov-29,province,2012-05,1194,mortgages,ine,2012-05-31,,2026-07-26,ok,0
mortgages_count,prov-29,province,2012-06,1077,mortgages,ine,2012-06-30,,2026-07-26,ok,0
mortgages_count,prov-29,province,2012-07,1042,mortgages,ine,2012-07-31,,2026-07-26,ok,0
mortgages_count,prov-29,province,2012-08,1073,mortgages,ine,2012-08-31,,2026-07-26,ok,0
mortgages_count,prov-29,province,2012-09,1217,mortgages,ine,2012-09-30,,2026-07-26,ok,0
mortgages_count,prov-29,province,2012-10,939,mortgages,ine,2012-10-31,,2026-07-26,ok,0
mortgages_count,prov-29,province,2012-11,749,mortgages,ine,2012-11-30,,2026-07-26,ok,0
mortgages_count,prov-29,province,2012-12,611,mortgages,ine,2012-12-31,,2026-07-26,ok,0
mortgages_count,prov-29,province,2013-01,979,mortgages,ine,2013-01-31,,2026-07-26,ok,0
mortgages_count,prov-29,province,2013-02,1018,mortgages,ine,2013-02-28,,2026-07-26,ok,0
mortgages_count,prov-29,province,2013-03,563,mortgages,ine,2013-03-31,,2026-07-26,ok,0
mortgages_count,prov-29,province,2013-04,732,mortgages,ine,2013-04-30,,2026-07-26,ok,0
mortgages_count,prov-29,province,2013-05,967,mortgages,ine,2013-05-31,,2026-07-26,ok,0
mortgages_count,prov-29,province,2013-06,587,mortgages,ine,2013-06-30,,2026-07-26,ok,0
mortgages_count,prov-29,province,2013-07,580,mortgages,ine,2013-07-31,,2026-07-26,ok,0
mortgages_count,prov-29,province,2013-08,461,mortgages,ine,2013-08-31,,2026-07-26,ok,0
mortgages_count,prov-29,province,2013-09,684,mortgages,ine,2013-09-30,,2026-07-26,ok,0
mortgages_count,prov-29,province,2013-10,708,mortgages,ine,2013-10-31,,2026-07-26,ok,0
mortgages_count,prov-29,province,2013-11,580,mortgages,ine,2013-11-30,,2026-07-26,ok,0
mortgages_count,prov-29,province,2013-12,534,mortgages,ine,2013-12-31,,2026-07-26,ok,0
mortgages_count,prov-29,province,2014-01,855,mortgages,ine,2014-01-31,,2026-07-26,ok,0
mortgages_count,prov-29,province,2014-02,634,mortgages,ine,2014-02-28,,2026-07-26,ok,0
mortgages_count,prov-29,province,2014-03,739,mortgages,ine,2014-03-31,,2026-07-26,ok,0
mortgages_count,prov-29,province,2014-04,655,mortgages,ine,2014-04-30,,2026-07-26,ok,0
mortgages_count,prov-29,province,2014-05,760,mortgages,ine,2014-05-31,,2026-07-26,ok,0
mortgages_count,prov-29,province,2014-06,832,mortgages,ine,2014-06-30,,2026-07-26,ok,0
mortgages_count,prov-29,province,2014-07,781,mortgages,ine,2014-07-31,,2026-07-26,ok,0
mortgages_count,prov-29,province,2014-08,698,mortgages,ine,2014-08-31,,2026-07-26,ok,0
mortgages_count,prov-29,province,2014-09,1119,mortgages,ine,2014-09-30,,2026-07-26,ok,0
mortgages_count,prov-29,province,2014-10,773,mortgages,ine,2014-10-31,,2026-07-26,ok,0
mortgages_count,prov-29,province,2014-11,1219,mortgages,ine,2014-11-30,,2026-07-26,ok,0
mortgages_count,prov-29,province,2014-12,828,mortgages,ine,2014-12-31,,2026-07-26,ok,0
mortgages_count,prov-29,province,2015-01,1110,mortgages,ine,2015-01-31,,2026-07-26,ok,0
mortgages_count,prov-29,province,2015-02,1141,mortgages,ine,2015-02-28,,2026-07-26,ok,0
mortgages_count,prov-29,province,2015-03,868,mortgages,ine,2015-03-31,,2026-07-26,ok,0
mortgages_count,prov-29,province,2015-04,812,mortgages,ine,2015-04-30,,2026-07-26,ok,0
mortgages_count,prov-29,province,2015-05,878,mortgages,ine,2015-05-31,,2026-07-26,ok,0
mortgages_count,prov-29,province,2015-06,1105,mortgages,ine,2015-06-30,,2026-07-26,ok,0
mortgages_count,prov-29,province,2015-07,958,mortgages,ine,2015-07-31,,2026-07-26,ok,0
mortgages_count,prov-29,province,2015-08,990,mortgages,ine,2015-08-31,,2026-07-26,ok,0
mortgages_count,prov-29,province,2015-09,1199,mortgages,ine,2015-09-30,,2026-07-26,ok,0
mortgages_count,prov-29,province,2015-10,969,mortgages,ine,2015-10-31,,2026-07-26,ok,0
mortgages_count,prov-29,province,2015-11,881,mortgages,ine,2015-11-30,,2026-07-26,ok,0
mortgages_count,prov-29,province,2015-12,1292,mortgages,ine,2015-12-31,,2026-07-26,ok,0
mortgages_count,prov-29,province,2016-01,1187,mortgages,ine,2016-01-31,,2026-07-26,ok,0
mortgages_count,prov-29,province,2016-02,1227,mortgages,ine,2016-02-29,,2026-07-26,ok,0
mortgages_count,prov-29,province,2016-03,1255,mortgages,ine,2016-03-31,,2026-07-26,ok,0
mortgages_count,prov-29,province,2016-04,1165,mortgages,ine,2016-04-30,,2026-07-26,ok,0
mortgages_count,prov-29,province,2016-05,1252,mortgages,ine,2016-05-31,,2026-07-26,ok,0
mortgages_count,prov-29,province,2016-06,1444,mortgages,ine,2016-06-30,,2026-07-26,ok,0
mortgages_count,prov-29,province,2016-07,874,mortgages,ine,2016-07-31,,2026-07-26,ok,0
mortgages_count,prov-29,province,2016-08,919,mortgages,ine,2016-08-31,,2026-07-26,ok,0
mortgages_count,prov-29,province,2016-09,1228,mortgages,ine,2016-09-30,,2026-07-26,ok,0
mortgages_count,prov-29,province,2016-10,1161,mortgages,ine,2016-10-31,,2026-07-26,ok,0
mortgages_count,prov-29,province,2016-11,1266,mortgages,ine,2016-11-30,,2026-07-26,ok,0
mortgages_count,prov-29,province,2016-12,1112,mortgages,ine,2016-12-31,,2026-07-26,ok,0
mortgages_count,prov-29,province,2017-01,1227,mortgages,ine,2017-01-31,,2026-07-26,ok,0
mortgages_count,prov-29,province,2017-02,1247,mortgages,ine,2017-02-28,,2026-07-26,ok,0
mortgages_count,prov-29,province,2017-03,1259,mortgages,ine,2017-03-31,,2026-07-26,ok,0
mortgages_count,prov-29,province,2017-04,1231,mortgages,ine,2017-04-30,,2026-07-26,ok,0
mortgages_count,prov-29,province,2017-05,1391,mortgages,ine,2017-05-31,,2026-07-26,ok,0
mortgages_count,prov-29,province,2017-06,1501,mortgages,ine,2017-06-30,,2026-07-26,ok,0
mortgages_count,prov-29,province,2017-07,1416,mortgages,ine,2017-07-31,,2026-07-26,ok,0
mortgages_count,prov-29,province,2017-08,2124,mortgages,ine,2017-08-31,,2026-07-26,ok,0
mortgages_count,prov-29,province,2017-09,1487,mortgages,ine,2017-09-30,,2026-07-26,ok,0
mortgages_count,prov-29,province,2017-10,1420,mortgages,ine,2017-10-31,,2026-07-26,ok,0
mortgages_count,prov-29,province,2017-11,1386,mortgages,ine,2017-11-30,,2026-07-26,ok,0
mortgages_count,prov-29,province,2017-12,1098,mortgages,ine,2017-12-31,,2026-07-26,ok,0
mortgages_count,prov-29,province,2018-01,1599,mortgages,ine,2018-01-31,,2026-07-26,ok,0
mortgages_count,prov-29,province,2018-02,1591,mortgages,ine,2018-02-28,,2026-07-26,ok,0
mortgages_count,prov-29,province,2018-03,1288,mortgages,ine,2018-03-31,,2026-07-26,ok,0
mortgages_count,prov-29,province,2018-04,1572,mortgages,ine,2018-04-30,,2026-07-26,ok,0
mortgages_count,prov-29,province,2018-05,1588,mortgages,ine,2018-05-31,,2026-07-26,ok,0
mortgages_count,prov-29,province,2018-06,1605,mortgages,ine,2018-06-30,,2026-07-26,ok,0
mortgages_count,prov-29,province,2018-07,1428,mortgages,ine,2018-07-31,,2026-07-26,ok,0
mortgages_count,prov-29,province,2018-08,1742,mortgages,ine,2018-08-31,,2026-07-26,ok,0
mortgages_count,prov-29,province,2018-09,2073,mortgages,ine,2018-09-30,,2026-07-26,ok,0
mortgages_count,prov-29,province,2018-10,1513,mortgages,ine,2018-10-31,,2026-07-26,ok,0
mortgages_count,prov-29,province,2018-11,1577,mortgages,ine,2018-11-30,,2026-07-26,ok,0
mortgages_count,prov-29,province,2018-12,1092,mortgages,ine,2018-12-31,,2026-07-26,ok,0
mortgages_count,prov-29,province,2019-01,1731,mortgages,ine,2019-01-31,,2026-07-26,ok,0
mortgages_count,prov-29,province,2019-02,1305,mortgages,ine,2019-02-28,,2026-07-26,ok,0
mortgages_count,prov-29,province,2019-03,1529,mortgages,ine,2019-03-31,,2026-07-26,ok,0
mortgages_count,prov-29,province,2019-04,1778,mortgages,ine,2019-04-30,,2026-07-26,ok,0
mortgages_count,prov-29,province,2019-05,1671,mortgages,ine,2019-05-31,,2026-07-26,ok,0
mortgages_count,prov-29,province,2019-06,1587,mortgages,ine,2019-06-30,,2026-07-26,ok,0
mortgages_count,prov-29,province,2019-07,1718,mortgages,ine,2019-07-31,,2026-07-26,ok,0
mortgages_count,prov-29,province,2019-08,701,mortgages,ine,2019-08-31,,2026-07-26,ok,0
mortgages_count,prov-29,province,2019-09,1166,mortgages,ine,2019-09-30,,2026-07-26,ok,0
mortgages_count,prov-29,province,2019-10,2190,mortgages,ine,2019-10-31,,2026-07-26,ok,0
mortgages_count,prov-29,province,2019-11,1480,mortgages,ine,2019-11-30,,2026-07-26,ok,0
mortgages_count,prov-29,province,2019-12,1325,mortgages,ine,2019-12-31,,2026-07-26,ok,0
mortgages_count,prov-29,province,2020-01,1976,mortgages,ine,2020-01-31,,2026-07-26,ok,0
mortgages_count,prov-29,province,2020-02,1633,mortgages,ine,2020-02-29,,2026-07-26,ok,0
mortgages_count,prov-29,province,2020-03,1334,mortgages,ine,2020-03-31,,2026-07-26,ok,0
mortgages_count,prov-29,province,2020-04,1393,mortgages,ine,2020-04-30,,2026-07-26,ok,0
mortgages_count,prov-29,province,2020-05,1100,mortgages,ine,2020-05-31,,2026-07-26,ok,0
mortgages_count,prov-29,province,2020-06,1177,mortgages,ine,2020-06-30,,2026-07-26,ok,0
mortgages_count,prov-29,province,2020-07,1610,mortgages,ine,2020-07-31,,2026-07-26,ok,0
mortgages_count,prov-29,province,2020-08,975,mortgages,ine,2020-08-31,,2026-07-26,ok,0
mortgages_count,prov-29,province,2020-09,1126,mortgages,ine,2020-09-30,,2026-07-26,ok,0
mortgages_count,prov-29,province,2020-10,1610,mortgages,ine,2020-10-31,,2026-07-26,ok,0
mortgages_count,prov-29,province,2020-11,1364,mortgages,ine,2020-11-30,,2026-07-26,ok,0
mortgages_count,prov-29,province,2020-12,1253,mortgages,ine,2020-12-31,,2026-07-26,ok,0
mortgages_count,prov-29,province,2021-01,1252,mortgages,ine,2021-01-31,,2026-07-26,ok,0
mortgages_count,prov-29,province,2021-02,1464,mortgages,ine,2021-02-28,,2026-07-26,ok,0
mortgages_count,prov-29,province,2021-03,1820,mortgages,ine,2021-03-31,,2026-07-26,ok,0
mortgages_count,prov-29,province,2021-04,1413,mortgages,ine,2021-04-30,,2026-07-26,ok,0
mortgages_count,prov-29,province,2021-05,1543,mortgages,ine,2021-05-31,,2026-07-26,ok,0
mortgages_count,prov-29,province,2021-06,2194,mortgages,ine,2021-06-30,,2026-07-26,ok,0
mortgages_count,prov-29,province,2021-07,1449,mortgages,ine,2021-07-31,,2026-07-26,ok,0
mortgages_count,prov-29,province,2021-08,1870,mortgages,ine,2021-08-31,,2026-07-26,ok,0
mortgages_count,prov-29,province,2021-09,2191,mortgages,ine,2021-09-30,,2026-07-26,ok,0
mortgages_count,prov-29,province,2021-10,1953,mortgages,ine,2021-10-31,,2026-07-26,ok,0
mortgages_count,prov-29,province,2021-11,1716,mortgages,ine,2021-11-30,,2026-07-26,ok,0
mortgages_count,prov-29,province,2021-12,1862,mortgages,ine,2021-12-31,,2026-07-26,ok,0
mortgages_count,prov-29,province,2022-01,2112,mortgages,ine,2022-01-31,,2026-07-26,ok,0
mortgages_count,prov-29,province,2022-02,1720,mortgages,ine,2022-02-28,,2026-07-26,ok,0
mortgages_count,prov-29,province,2022-03,2231,mortgages,ine,2022-03-31,,2026-07-26,ok,0
mortgages_count,prov-29,province,2022-04,1694,mortgages,ine,2022-04-30,,2026-07-26,ok,0
mortgages_count,prov-29,province,2022-05,1887,mortgages,ine,2022-05-31,,2026-07-26,ok,0
mortgages_count,prov-29,province,2022-06,2029,mortgages,ine,2022-06-30,,2026-07-25,ok,0
mortgages_count,prov-29,province,2022-07,1728,mortgages,ine,2022-07-31,,2026-07-25,ok,0
mortgages_count,prov-29,province,2022-08,2054,mortgages,ine,2022-08-31,,2026-07-25,ok,0
mortgages_count,prov-29,province,2022-09,2034,mortgages,ine,2022-09-30,,2026-07-25,ok,0
mortgages_count,prov-29,province,2022-10,1855,mortgages,ine,2022-10-31,,2026-07-25,ok,0
mortgages_count,prov-29,province,2022-11,2136,mortgages,ine,2022-11-30,,2026-07-25,ok,0
mortgages_count,prov-29,province,2022-12,1451,mortgages,ine,2022-12-31,,2026-07-25,ok,0
mortgages_count,prov-29,province,2023-01,1862,mortgages,ine,2023-01-31,,2026-07-25,ok,0
mortgages_count,prov-29,province,2023-02,1602,mortgages,ine,2023-02-28,,2026-07-25,ok,0
mortgages_count,prov-29,province,2023-03,1832,mortgages,ine,2023-03-31,,2026-07-25,ok,0
mortgages_count,prov-29,province,2023-04,1257,mortgages,ine,2023-04-30,,2026-07-25,ok,0
mortgages_count,prov-29,province,2023-05,1686,mortgages,ine,2023-05-31,,2026-07-25,ok,0
mortgages_count,prov-29,province,2023-06,1929,mortgages,ine,2023-06-30,,2026-07-25,ok,0
mortgages_count,prov-29,province,2023-07,1434,mortgages,ine,2023-07-31,,2026-07-25,ok,0
mortgages_count,prov-29,province,2023-08,1422,mortgages,ine,2023-08-31,,2026-07-25,ok,0
mortgages_count,prov-29,province,2023-09,1407,mortgages,ine,2023-09-30,,2026-07-25,ok,0
mortgages_count,prov-29,province,2023-10,2205,mortgages,ine,2023-10-31,,2026-07-25,ok,0
mortgages_count,prov-29,province,2023-11,1797,mortgages,ine,2023-11-30,,2026-07-25,ok,0
mortgages_count,prov-29,province,2023-12,1205,mortgages,ine,2023-12-31,,2026-07-25,ok,0
mortgages_count,prov-29,province,2024-01,1575,mortgages,ine,2024-01-31,,2026-07-25,ok,0
mortgages_count,prov-29,province,2024-02,1228,mortgages,ine,2024-02-29,,2026-07-25,ok,0
mortgages_count,prov-29,province,2024-03,1382,mortgages,ine,2024-03-31,,2026-07-25,ok,0
mortgages_count,prov-29,province,2024-04,1777,mortgages,ine,2024-04-30,,2026-07-25,ok,0
mortgages_count,prov-29,province,2024-05,1259,mortgages,ine,2024-05-31,,2026-07-25,ok,0
mortgages_count,prov-29,province,2024-06,1858,mortgages,ine,2024-06-30,,2026-07-25,ok,0
mortgages_count,prov-29,province,2024-07,1569,mortgages,ine,2024-07-31,,2026-07-25,ok,0
mortgages_count,prov-29,province,2024-08,1764,mortgages,ine,2024-08-31,,2026-07-25,ok,0
mortgages_count,prov-29,province,2024-09,1683,mortgages,ine,2024-09-30,,2026-07-25,ok,0
mortgages_count,prov-29,province,2024-10,2322,mortgages,ine,2024-10-31,,2026-07-25,ok,0
mortgages_count,prov-29,province,2024-11,1841,mortgages,ine,2024-11-30,,2026-07-25,ok,0
mortgages_count,prov-29,province,2024-12,1930,mortgages,ine,2024-12-31,,2026-07-25,ok,0
mortgages_count,prov-29,province,2025-01,1591,mortgages,ine,2025-01-31,,2026-07-25,ok,0
mortgages_count,prov-29,province,2025-02,1617,mortgages,ine,2025-02-28,,2026-07-25,ok,0
mortgages_count,prov-29,province,2025-03,2022,mortgages,ine,2025-03-31,,2026-07-25,ok,0
mortgages_count,prov-29,province,2025-04,1723,mortgages,ine,2025-04-30,,2026-07-25,ok,0
mortgages_count,prov-29,province,2025-05,1931,mortgages,ine,2025-05-31,,2026-07-25,ok,0
mortgages_count,prov-29,province,2025-06,1879,mortgages,ine,2025-06-30,,2026-07-25,ok,0
mortgages_count,prov-29,province,2025-06,1909,mortgages,ine,2025-06-30,,2026-09-01,revised,1
mortgages_count,prov-29,province,2025-07,2014,mortgages,ine,2025-07-31,,2026-07-25,ok,0
mortgages_count,prov-29,province,2025-08,1560,mortgages,ine,2025-08-31,,2026-07-25,ok,0
mortgages_count,prov-29,province,2025-09,2083,mortgages,ine,2025-09-30,,2026-07-25,ok,0
mortgages_count,prov-29,province,2025-10,2188,mortgages,ine,2025-10-31,,2026-07-25,ok,0
mortgages_count,prov-29,province,2025-11,2376,mortgages,ine,2025-11-30,,2026-07-25,ok,0
mortgages_count,prov-29,province,2025-12,1790,mortgages,ine,2025-12-31,,2026-07-25,ok,0
mortgages_count,prov-29,province,2026-01,2088,mortgages,ine,2026-01-31,,2026-07-25,ok,0
mortgages_count,prov-29,province,2026-02,2197,mortgages,ine,2026-02-28,,2026-07-25,ok,0
mortgages_count,prov-29,province,2026-03,1903,mortgages,ine,2026-03-31,,2026-07-25,ok,0
mortgages_count,prov-29,province,2026-04,1995,mortgages,ine,2026-04-30,,2026-07-25,ok,0
mortgages_count,prov-29,province,2026-05,2035,mortgages,ine,2026-05-31,,2026-07-25,ok,0
mortgages_count,prov-29,province,2026-06,2646,mortgages,ine,2026-06-30,,2026-09-01,ok,0
mortgages_count,prov-41,province,2006-06,5086,mortgages,ine,2006-06-30,,2026-07-26,ok,0
mortgages_count,prov-41,province,2006-07,4061,mortgages,ine,2006-07-31,,2026-07-26,ok,0
mortgages_count,prov-41,province,2006-08,4640,mortgages,ine,2006-08-31,,2026-07-26,ok,0
mortgages_count,prov-41,province,2006-09,5266,mortgages,ine,2006-09-30,,2026-07-26,ok,0
mortgages_count,prov-41,province,2006-10,5756,mortgages,ine,2006-10-31,,2026-07-26,ok,0
mortgages_count,prov-41,province,2006-11,4810,mortgages,ine,2006-11-30,,2026-07-26,ok,0
mortgages_count,prov-41,province,2006-12,4425,mortgages,ine,2006-12-31,,2026-07-26,ok,0
mortgages_count,prov-41,province,2007-01,5790,mortgages,ine,2007-01-31,,2026-07-26,ok,0
mortgages_count,prov-41,province,2007-02,4494,mortgages,ine,2007-02-28,,2026-07-26,ok,0
mortgages_count,prov-41,province,2007-03,5042,mortgages,ine,2007-03-31,,2026-07-26,ok,0
mortgages_count,prov-41,province,2007-04,3351,mortgages,ine,2007-04-30,,2026-07-26,ok,0
mortgages_count,prov-41,province,2007-05,4109,mortgages,ine,2007-05-31,,2026-07-26,ok,0
mortgages_count,prov-41,province,2007-06,4093,mortgages,ine,2007-06-30,,2026-07-26,ok,0
mortgages_count,prov-41,province,2007-07,6157,mortgages,ine,2007-07-31,,2026-07-26,ok,0
mortgages_count,prov-41,province,2007-08,4083,mortgages,ine,2007-08-31,,2026-07-26,ok,0
mortgages_count,prov-41,province,2007-09,4219,mortgages,ine,2007-09-30,,2026-07-26,ok,0
mortgages_count,prov-41,province,2007-10,4512,mortgages,ine,2007-10-31,,2026-07-26,ok,0
mortgages_count,prov-41,province,2007-11,3993,mortgages,ine,2007-11-30,,2026-07-26,ok,0
mortgages_count,prov-41,province,2007-12,3354,mortgages,ine,2007-12-31,,2026-07-26,ok,0
mortgages_count,prov-41,province,2008-01,3839,mortgages,ine,2008-01-31,,2026-07-26,ok,0
mortgages_count,prov-41,province,2008-02,3731,mortgages,ine,2008-02-29,,2026-07-26,ok,0
mortgages_count,prov-41,province,2008-03,4089,mortgages,ine,2008-03-31,,2026-07-26,ok,0
mortgages_count,prov-41,province,2008-04,3534,mortgages,ine,2008-04-30,,2026-07-26,ok,0
mortgages_count,prov-41,province,2008-05,2816,mortgages,ine,2008-05-31,,2026-07-26,ok,0
mortgages_count,prov-41,province,2008-06,2945,mortgages,ine,2008-06-30,,2026-07-26,ok,0
mortgages_count,prov-41,province,2008-07,3014,mortgages,ine,2008-07-31,,2026-07-26,ok,0
mortgages_count,prov-41,province,2008-08,1989,mortgages,ine,2008-08-31,,2026-07-26,ok,0
mortgages_count,prov-41,province,2008-09,3074,mortgages,ine,2008-09-30,,2026-07-26,ok,0
mortgages_count,prov-41,province,2008-10,2702,mortgages,ine,2008-10-31,,2026-07-26,ok,0
mortgages_count,prov-41,province,2008-11,2969,mortgages,ine,2008-11-30,,2026-07-26,ok,0
mortgages_count,prov-41,province,2008-12,1947,mortgages,ine,2008-12-31,,2026-07-26,ok,0
mortgages_count,prov-41,province,2009-01,2023,mortgages,ine,2009-01-31,,2026-07-26,ok,0
mortgages_count,prov-41,province,2009-02,1833,mortgages,ine,2009-02-28,,2026-07-26,ok,0
mortgages_count,prov-41,province,2009-03,2033,mortgages,ine,2009-03-31,,2026-07-26,ok,0
mortgages_count,prov-41,province,2009-04,1889,mortgages,ine,2009-04-30,,2026-07-26,ok,0
mortgages_count,prov-41,province,2009-05,2089,mortgages,ine,2009-05-31,,2026-07-26,ok,0
mortgages_count,prov-41,province,2009-06,2195,mortgages,ine,2009-06-30,,2026-07-26,ok,0
mortgages_count,prov-41,province,2009-07,2115,mortgages,ine,2009-07-31,,2026-07-26,ok,0
mortgages_count,prov-41,province,2009-08,2089,mortgages,ine,2009-08-31,,2026-07-26,ok,0
mortgages_count,prov-41,province,2009-09,2755,mortgages,ine,2009-09-30,,2026-07-26,ok,0
mortgages_count,prov-41,province,2009-10,1886,mortgages,ine,2009-10-31,,2026-07-26,ok,0
mortgages_count,prov-41,province,2009-11,2157,mortgages,ine,2009-11-30,,2026-07-26,ok,0
mortgages_count,prov-41,province,2009-12,1751,mortgages,ine,2009-12-31,,2026-07-26,ok,0
mortgages_count,prov-41,province,2010-01,2098,mortgages,ine,2010-01-31,,2026-07-26,ok,0
mortgages_count,prov-41,province,2010-02,2241,mortgages,ine,2010-02-28,,2026-07-26,ok,0
mortgages_count,prov-41,province,2010-03,1998,mortgages,ine,2010-03-31,,2026-07-26,ok,0
mortgages_count,prov-41,province,2010-04,1907,mortgages,ine,2010-04-30,,2026-07-26,ok,0
mortgages_count,prov-41,province,2010-05,1907,mortgages,ine,2010-05-31,,2026-07-26,ok,0
mortgages_count,prov-41,province,2010-06,1995,mortgages,ine,2010-06-30,,2026-07-26,ok,0
mortgages_count,prov-41,province,2010-07,1668,mortgages,ine,2010-07-31,,2026-07-26,ok,0
mortgages_count,prov-41,province,2010-08,1904,mortgages,ine,2010-08-31,,2026-07-26,ok,0
mortgages_count,prov-41,province,2010-09,2348,mortgages,ine,2010-09-30,,2026-07-26,ok,0
mortgages_count,prov-41,province,2010-10,1382,mortgages,ine,2010-10-31,,2026-07-26,ok,0
mortgages_count,prov-41,province,2010-11,1950,mortgages,ine,2010-11-30,,2026-07-26,ok,0
mortgages_count,prov-41,province,2010-12,1132,mortgages,ine,2010-12-31,,2026-07-26,ok,0
mortgages_count,prov-41,province,2011-01,2053,mortgages,ine,2011-01-31,,2026-07-26,ok,0
mortgages_count,prov-41,province,2011-02,1811,mortgages,ine,2011-02-28,,2026-07-26,ok,0
mortgages_count,prov-41,province,2011-03,2191,mortgages,ine,2011-03-31,,2026-07-26,ok,0
mortgages_count,prov-41,province,2011-04,2148,mortgages,ine,2011-04-30,,2026-07-26,ok,0
mortgages_count,prov-41,province,2011-05,1228,mortgages,ine,2011-05-31,,2026-07-26,ok,0
mortgages_count,prov-41,province,2011-06,1603,mortgages,ine,2011-06-30,,2026-07-26,ok,0
mortgages_count,prov-41,province,2011-07,1381,mortgages,ine,2011-07-31,,2026-07-26,ok,0
mortgages_count,prov-41,province,2011-08,1826,mortgages,ine,2011-08-31,,2026-07-26,ok,0
mortgages_count,prov-41,province,2011-09,1472,mortgages,ine,2011-09-30,,2026-07-26,ok,0
mortgages_count,prov-41,province,2011-10,748,mortgages,ine,2011-10-31,,2026-07-26,ok,0
mortgages_count,prov-41,province,2011-11,973,mortgages,ine,2011-11-30,,2026-07-26,ok,0
mortgages_count,prov-41,province,2011-12,1121,mortgages,ine,2011-12-31,,2026-07-26,ok,0
mortgages_count,prov-41,province,2012-01,1211,mortgages,ine,2012-01-31,,2026-07-26,ok,0
mortgages_count,prov-41,province,2012-02,945,mortgages,ine,2012-02-29,,2026-07-26,ok,0
mortgages_count,prov-41,province,2012-03,1084,mortgages,ine,2012-03-31,,2026-07-26,ok,0
mortgages_count,prov-41,province,2012-04,766,mortgages,ine,2012-04-30,,2026-07-26,ok,0
mortgages_count,prov-41,province,2012-05,944,mortgages,ine,2012-05-31,,2026-07-26,ok,0
mortgages_count,prov-41,province,2012-06,959,mortgages,ine,2012-06-30,,2026-07-26,ok,0
mortgages_count,prov-41,province,2012-07,1229,mortgages,ine,2012-07-31,,2026-07-26,ok,0
mortgages_count,prov-41,province,2012-08,821,mortgages,ine,2012-08-31,,2026-07-26,ok,0
mortgages_count,prov-41,province,2012-09,814,mortgages,ine,2012-09-30,,2026-07-26,ok,0
mortgages_count,prov-41,province,2012-10,692,mortgages,ine,2012-10-31,,2026-07-26,ok,0
mortgages_count,prov-41,province,2012-11,700,mortgages,ine,2012-11-30,,2026-07-26,ok,0
mortgages_count,prov-41,province,2012-12,613,mortgages,ine,2012-12-31,,2026-07-26,ok,0
mortgages_count,prov-41,province,2013-01,954,mortgages,ine,2013-01-31,,2026-07-26,ok,0
mortgages_count,prov-41,province,2013-02,985,mortgages,ine,2013-02-28,,2026-07-26,ok,0
mortgages_count,prov-41,province,2013-03,711,mortgages,ine,2013-03-31,,2026-07-26,ok,0
mortgages_count,prov-41,province,2013-04,845,mortgages,ine,2013-04-30,,2026-07-26,ok,0
mortgages_count,prov-41,province,2013-05,831,mortgages,ine,2013-05-31,,2026-07-26,ok,0
mortgages_count,prov-41,province,2013-06,590,mortgages,ine,2013-06-30,,2026-07-26,ok,0
mortgages_count,prov-41,province,2013-07,474,mortgages,ine,2013-07-31,,2026-07-26,ok,0
mortgages_count,prov-41,province,2013-08,451,mortgages,ine,2013-08-31,,2026-07-26,ok,0
mortgages_count,prov-41,province,2013-09,579,mortgages,ine,2013-09-30,,2026-07-26,ok,0
mortgages_count,prov-41,province,2013-10,598,mortgages,ine,2013-10-31,,2026-07-26,ok,0
mortgages_count,prov-41,province,2013-11,488,mortgages,ine,2013-11-30,,2026-07-26,ok,0
mortgages_count,prov-41,province,2013-12,483,mortgages,ine,2013-12-31,,2026-07-26,ok,0
mortgages_count,prov-41,province,2014-01,721,mortgages,ine,2014-01-31,,2026-07-26,ok,0
mortgages_count,prov-41,province,2014-02,590,mortgages,ine,2014-02-28,,2026-07-26,ok,0
mortgages_count,prov-41,province,2014-03,613,mortgages,ine,2014-03-31,,2026-07-26,ok,0
mortgages_count,prov-41,province,2014-04,602,mortgages,ine,2014-04-30,,2026-07-26,ok,0
mortgages_count,prov-41,province,2014-05,752,mortgages,ine,2014-05-31,,2026-07-26,ok,0
mortgages_count,prov-41,province,2014-06,616,mortgages,ine,2014-06-30,,2026-07-26,ok,0
mortgages_count,prov-41,province,2014-07,762,mortgages,ine,2014-07-31,,2026-07-26,ok,0
mortgages_count,prov-41,province,2014-08,555,mortgages,ine,2014-08-31,,2026-07-26,ok,0
mortgages_count,prov-41,province,2014-09,848,mortgages,ine,2014-09-30,,2026-07-26,ok,0
mortgages_count,prov-41,province,2014-10,846,mortgages,ine,2014-10-31,,2026-07-26,ok,0
mortgages_count,prov-41,province,2014-11,750,mortgages,ine,2014-11-30,,2026-07-26,ok,0
mortgages_count,prov-41,province,2014-12,672,mortgages,ine,2014-12-31,,2026-07-26,ok,0
mortgages_count,prov-41,province,2015-01,806,mortgages,ine,2015-01-31,,2026-07-26,ok,0
mortgages_count,prov-41,province,2015-02,877,mortgages,ine,2015-02-28,,2026-07-26,ok,0
mortgages_count,prov-41,province,2015-03,760,mortgages,ine,2015-03-31,,2026-07-26,ok,0
mortgages_count,prov-41,province,2015-04,699,mortgages,ine,2015-04-30,,2026-07-26,ok,0
mortgages_count,prov-41,province,2015-05,888,mortgages,ine,2015-05-31,,2026-07-26,ok,0
mortgages_count,prov-41,province,2015-06,918,mortgages,ine,2015-06-30,,2026-07-26,ok,0
mortgages_count,prov-41,province,2015-07,748,mortgages,ine,2015-07-31,,2026-07-26,ok,0
mortgages_count,prov-41,province,2015-08,734,mortgages,ine,2015-08-31,,2026-07-26,ok,0
mortgages_count,prov-41,province,2015-09,983,mortgages,ine,2015-09-30,,2026-07-26,ok,0
mortgages_count,prov-41,province,2015-10,690,mortgages,ine,2015-10-31,,2026-07-26,ok,0
mortgages_count,prov-41,province,2015-11,819,mortgages,ine,2015-11-30,,2026-07-26,ok,0
mortgages_count,prov-41,province,2015-12,777,mortgages,ine,2015-12-31,,2026-07-26,ok,0
mortgages_count,prov-41,province,2016-01,932,mortgages,ine,2016-01-31,,2026-07-26,ok,0
mortgages_count,prov-41,province,2016-02,993,mortgages,ine,2016-02-29,,2026-07-26,ok,0
mortgages_count,prov-41,province,2016-03,843,mortgages,ine,2016-03-31,,2026-07-26,ok,0
mortgages_count,prov-41,province,2016-04,842,mortgages,ine,2016-04-30,,2026-07-26,ok,0
mortgages_count,prov-41,province,2016-05,975,mortgages,ine,2016-05-31,,2026-07-26,ok,0
mortgages_count,prov-41,province,2016-06,964,mortgages,ine,2016-06-30,,2026-07-26,ok,0
mortgages_count,prov-41,province,2016-07,454,mortgages,ine,2016-07-31,,2026-07-26,ok,0
mortgages_count,prov-41,province,2016-08,814,mortgages,ine,2016-08-31,,2026-07-26,ok,0
mortgages_count,prov-41,province,2016-09,999,mortgages,ine,2016-09-30,,2026-07-26,ok,0
mortgages_count,prov-41,province,2016-10,1167,mortgages,ine,2016-10-31,,2026-07-26,ok,0
mortgages_count,prov-41,province,2016-11,1180,mortgages,ine,2016-11-30,,2026-07-26,ok,0
mortgages_count,prov-41,province,2016-12,874,mortgages,ine,2016-12-31,,2026-07-26,ok,0
mortgages_count,prov-41,province,2017-01,1080,mortgages,ine,2017-01-31,,2026-07-26,ok,0
mortgages_count,prov-41,province,2017-02,863,mortgages,ine,2017-02-28,,2026-07-26,ok,0
mortgages_count,prov-41,province,2017-03,1102,mortgages,ine,2017-03-31,,2026-07-26,ok,0
mortgages_count,prov-41,province,2017-04,873,mortgages,ine,2017-04-30,,2026-07-26,ok,0
mortgages_count,prov-41,province,2017-05,1066,mortgages,ine,2017-05-31,,2026-07-26,ok,0
mortgages_count,prov-41,province,2017-06,1086,mortgages,ine,2017-06-30,,2026-07-26,ok,0
mortgages_count,prov-41,province,2017-07,977,mortgages,ine,2017-07-31,,2026-07-26,ok,0
mortgages_count,prov-41,province,2017-08,940,mortgages,ine,2017-08-31,,2026-07-26,ok,0
mortgages_count,prov-41,province,2017-09,1349,mortgages,ine,2017-09-30,,2026-07-26,ok,0
mortgages_count,prov-41,province,2017-10,839,mortgages,ine,2017-10-31,,2026-07-26,ok,0
mortgages_count,prov-41,province,2017-11,1022,mortgages,ine,2017-11-30,,2026-07-26,ok,0
mortgages_count,prov-41,province,2017-12,702,mortgages,ine,2017-12-31,,2026-07-26,ok,0
mortgages_count,prov-41,province,2018-01,1224,mortgages,ine,2018-01-31,,2026-07-26,ok,0
mortgages_count,prov-41,province,2018-02,1169,mortgages,ine,2018-02-28,,2026-07-26,ok,0
mortgages_count,prov-41,province,2018-03,1074,mortgages,ine,2018-03-31,,2026-07-26,ok,0
mortgages_count,prov-41,province,2018-04,1026,mortgages,ine,2018-04-30,,2026-07-26,ok,0
mortgages_count,prov-41,province,2018-05,1278,mortgages,ine,2018-05-31,,2026-07-26,ok,0
mortgages_count,prov-41,province,2018-06,1073,mortgages,ine,2018-06-30,,2026-07-26,ok,0
mortgages_count,prov-41,province,2018-07,1152,mortgages,ine,2018-07-31,,2026-07-26,ok,0
mortgages_count,prov-41,province,2018-08,1105,mortgages,ine,2018-08-31,,2026-07-26,ok,0
mortgages_count,prov-41,province,2018-09,1239,mortgages,ine,2018-09-30,,2026-07-26,ok,0
mortgages_count,prov-41,province,2018-10,1239,mortgages,ine,2018-10-31,,2026-07-26,ok,0
mortgages_count,prov-41,province,2018-11,1240,mortgages,ine,2018-11-30,,2026-07-26,ok,0
mortgages_count,prov-41,province,2018-12,865,mortgages,ine,2018-12-31,,2026-07-26,ok,0
mortgages_count,prov-41,province,2019-01,1213,mortgages,ine,2019-01-31,,2026-07-26,ok,0
mortgages_count,prov-41,province,2019-02,1084,mortgages,ine,2019-02-28,,2026-07-26,ok,0
mortgages_count,prov-41,province,2019-03,1259,mortgages,ine,2019-03-31,,2026-07-26,ok,0
mortgages_count,prov-41,province,2019-04,1277,mortgages,ine,2019-04-30,,2026-07-26,ok,0
mortgages_count,prov-41,province,2019-05,1415,mortgages,ine,2019-05-31,,2026-07-26,ok,0
mortgages_count,prov-41,province,2019-06,1324,mortgages,ine,2019-06-30,,2026-07-26,ok,0
mortgages_count,prov-41,province,2019-07,1474,mortgages,ine,2019-07-31,,2026-07-26,ok,0
mortgages_count,prov-41,province,2019-08,917,mortgages,ine,2019-08-31,,2026-07-26,ok,0
mortgages_count,prov-41,province,2019-09,962,mortgages,ine,2019-09-30,,2026-07-26,ok,0
mortgages_count,prov-41,province,2019-10,1100,mortgages,ine,2019-10-31,,2026-07-26,ok,0
mortgages_count,prov-41,province,2019-11,1172,mortgages,ine,2019-11-30,,2026-07-26,ok,0
mortgages_count,prov-41,province,2019-12,1052,mortgages,ine,2019-12-31,,2026-07-26,ok,0
mortgages_count,prov-41,province,2020-01,1446,mortgages,ine,2020-01-31,,2026-07-26,ok,0
mortgages_count,prov-41,province,2020-02,1507,mortgages,ine,2020-02-29,,2026-07-26,ok,0
mortgages_count,prov-41,province,2020-03,1124,mortgages,ine,2020-03-31,,2026-07-26,ok,0
mortgages_count,prov-41,province,2020-04,1493,mortgages,ine,2020-04-30,,2026-07-26,ok,0
mortgages_count,prov-41,province,2020-05,1187,mortgages,ine,2020-05-31,,2026-07-26,ok,0
mortgages_count,prov-41,province,2020-06,941,mortgages,ine,2020-06-30,,2026-07-26,ok,0
mortgages_count,prov-41,province,2020-07,853,mortgages,ine,2020-07-31,,2026-07-26,ok,0
mortgages_count,prov-41,province,2020-08,777,mortgages,ine,2020-08-31,,2026-07-26,ok,0
mortgages_count,prov-41,province,2020-09,1195,mortgages,ine,2020-09-30,,2026-07-26,ok,0
mortgages_count,prov-41,province,2020-10,1209,mortgages,ine,2020-10-31,,2026-07-26,ok,0
mortgages_count,prov-41,province,2020-11,1234,mortgages,ine,2020-11-30,,2026-07-26,ok,0
mortgages_count,prov-41,province,2020-12,1243,mortgages,ine,2020-12-31,,2026-07-26,ok,0
mortgages_count,prov-41,province,2021-01,1149,mortgages,ine,2021-01-31,,2026-07-26,ok,0
mortgages_count,prov-41,province,2021-02,1184,mortgages,ine,2021-02-28,,2026-07-26,ok,0
mortgages_count,prov-41,province,2021-03,1351,mortgages,ine,2021-03-31,,2026-07-26,ok,0
mortgages_count,prov-41,province,2021-04,1463,mortgages,ine,2021-04-30,,2026-07-26,ok,0
mortgages_count,prov-41,province,2021-05,1566,mortgages,ine,2021-05-31,,2026-07-26,ok,0
mortgages_count,prov-41,province,2021-06,1504,mortgages,ine,2021-06-30,,2026-07-26,ok,0
mortgages_count,prov-41,province,2021-07,1412,mortgages,ine,2021-07-31,,2026-07-26,ok,0
mortgages_count,prov-41,province,2021-08,1419,mortgages,ine,2021-08-31,,2026-07-26,ok,0
mortgages_count,prov-41,province,2021-09,1715,mortgages,ine,2021-09-30,,2026-07-26,ok,0
mortgages_count,prov-41,province,2021-10,1514,mortgages,ine,2021-10-31,,2026-07-26,ok,0
mortgages_count,prov-41,province,2021-11,1590,mortgages,ine,2021-11-30,,2026-07-26,ok,0
mortgages_count,prov-41,province,2021-12,1715,mortgages,ine,2021-12-31,,2026-07-26,ok,0
mortgages_count,prov-41,province,2022-01,1789,mortgages,ine,2022-01-31,,2026-07-26,ok,0
mortgages_count,prov-41,province,2022-02,1574,mortgages,ine,2022-02-28,,2026-07-26,ok,0
mortgages_count,prov-41,province,2022-03,2137,mortgages,ine,2022-03-31,,2026-07-26,ok,0
mortgages_count,prov-41,province,2022-04,1582,mortgages,ine,2022-04-30,,2026-07-26,ok,0
mortgages_count,prov-41,province,2022-05,1666,mortgages,ine,2022-05-31,,2026-07-26,ok,0
mortgages_count,prov-41,province,2022-06,1988,mortgages,ine,2022-06-30,,2026-07-25,ok,0
mortgages_count,prov-41,province,2022-07,1366,mortgages,ine,2022-07-31,,2026-07-25,ok,0
mortgages_count,prov-41,province,2022-08,1581,mortgages,ine,2022-08-31,,2026-07-25,ok,0
mortgages_count,prov-41,province,2022-09,1640,mortgages,ine,2022-09-30,,2026-07-25,ok,0
mortgages_count,prov-41,province,2022-10,1863,mortgages,ine,2022-10-31,,2026-07-25,ok,0
mortgages_count,prov-41,province,2022-11,2083,mortgages,ine,2022-11-30,,2026-07-25,ok,0
mortgages_count,prov-41,province,2022-12,1583,mortgages,ine,2022-12-31,,2026-07-25,ok,0
mortgages_count,prov-41,province,2023-01,1820,mortgages,ine,2023-01-31,,2026-07-25,ok,0
mortgages_count,prov-41,province,2023-02,1623,mortgages,ine,2023-02-28,,2026-07-25,ok,0
mortgages_count,prov-41,province,2023-03,1680,mortgages,ine,2023-03-31,,2026-07-25,ok,0
mortgages_count,prov-41,province,2023-04,1211,mortgages,ine,2023-04-30,,2026-07-25,ok,0
mortgages_count,prov-41,province,2023-05,1731,mortgages,ine,2023-05-31,,2026-07-25,ok,0
mortgages_count,prov-41,province,2023-06,1431,mortgages,ine,2023-06-30,,2026-07-25,ok,0
mortgages_count,prov-41,province,2023-07,1338,mortgages,ine,2023-07-31,,2026-07-25,ok,0
mortgages_count,prov-41,province,2023-08,1396,mortgages,ine,2023-08-31,,2026-07-25,ok,0
mortgages_count,prov-41,province,2023-09,1337,mortgages,ine,2023-09-30,,2026-07-25,ok,0
mortgages_count,prov-41,province,2023-10,1585,mortgages,ine,2023-10-31,,2026-07-25,ok,0
mortgages_count,prov-41,province,2023-11,1264,mortgages,ine,2023-11-30,,2026-07-25,ok,0
mortgages_count,prov-41,province,2023-12,1095,mortgages,ine,2023-12-31,,2026-07-25,ok,0
mortgages_count,prov-41,province,2024-01,1438,mortgages,ine,2024-01-31,,2026-07-25,ok,0
mortgages_count,prov-41,province,2024-02,1434,mortgages,ine,2024-02-29,,2026-07-25,ok,0
mortgages_count,prov-41,province,2024-03,1393,mortgages,ine,2024-03-31,,2026-07-25,ok,0
mortgages_count,prov-41,province,2024-04,1389,mortgages,ine,2024-04-30,,2026-07-25,ok,0
mortgages_count,prov-41,province,2024-05,1209,mortgages,ine,2024-05-31,,2026-07-25,ok,0
mortgages_count,prov-41,province,2024-06,1414,mortgages,ine,2024-06-30,,2026-07-25,ok,0
mortgages_count,prov-41,province,2024-07,1416,mortgages,ine,2024-07-31,,2026-07-25,ok,0
mortgages_count,prov-41,province,2024-08,1779,mortgages,ine,2024-08-31,,2026-07-25,ok,0
mortgages_count,prov-41,province,2024-09,1949,mortgages,ine,2024-09-30,,2026-07-25,ok,0
mortgages_count,prov-41,province,2024-10,2555,mortgages,ine,2024-10-31,,2026-07-25,ok,0
mortgages_count,prov-41,province,2024-11,1604,mortgages,ine,2024-11-30,,2026-07-25,ok,0
mortgages_count,prov-41,province,2024-12,1294,mortgages,ine,2024-12-31,,2026-07-25,ok,0
mortgages_count,prov-41,province,2025-01,1779,mortgages,ine,2025-01-31,,2026-07-25,ok,0
mortgages_count,prov-41,province,2025-02,1854,mortgages,ine,2025-02-28,,2026-07-25,ok,0
mortgages_count,prov-41,province,2025-03,1881,mortgages,ine,2025-03-31,,2026-07-25,ok,0
mortgages_count,prov-41,province,2025-04,1946,mortgages,ine,2025-04-30,,2026-07-25,ok,0
mortgages_count,prov-41,province,2025-05,1663,mortgages,ine,2025-05-31,,2026-07-25,ok,0
mortgages_count,prov-41,province,2025-06,2046,mortgages,ine,2025-06-30,,2026-07-25,ok,0
mortgages_count,prov-41,province,2025-06,1936,mortgages,ine,2025-06-30,,2026-09-01,revised,1
mortgages_count,prov-41,province,2025-07,2337,mortgages,ine,2025-07-31,,2026-07-25,ok,0
mortgages_count,prov-41,province,2025-08,1883,mortgages,ine,2025-08-31,,2026-07-25,ok,0
mortgages_count,prov-41,province,2025-09,2080,mortgages,ine,2025-09-30,,2026-07-25,ok,0
mortgages_count,prov-41,province,2025-10,2805,mortgages,ine,2025-10-31,,2026-07-25,ok,0
mortgages_count,prov-41,province,2025-11,1947,mortgages,ine,2025-11-30,,2026-07-25,ok,0
mortgages_count,prov-41,province,2025-12,1818,mortgages,ine,2025-12-31,,2026-07-25,ok,0
mortgages_count,prov-41,province,2026-01,1672,mortgages,ine,2026-01-31,,2026-07-25,ok,0
mortgages_count,prov-41,province,2026-02,1876,mortgages,ine,2026-02-28,,2026-07-25,ok,0
mortgages_count,prov-41,province,2026-03,1832,mortgages,ine,2026-03-31,,2026-07-25,ok,0
mortgages_count,prov-41,province,2026-04,1759,mortgages,ine,2026-04-30,,2026-07-25,ok,0
mortgages_count,prov-41,province,2026-05,2104,mortgages,ine,2026-05-31,,2026-07-25,ok,0
mortgages_count,prov-41,province,2026-06,1916,mortgages,ine,2026-06-30,,2026-09-01,ok,0
mortgages_count,prov-46,province,2006-06,8924,mortgages,ine,2006-06-30,,2026-07-26,ok,0
mortgages_count,prov-46,province,2006-07,7207,mortgages,ine,2006-07-31,,2026-07-26,ok,0
mortgages_count,prov-46,province,2006-08,5391,mortgages,ine,2006-08-31,,2026-07-26,ok,0
mortgages_count,prov-46,province,2006-09,7704,mortgages,ine,2006-09-30,,2026-07-26,ok,0
mortgages_count,prov-46,province,2006-10,7644,mortgages,ine,2006-10-31,,2026-07-26,ok,0
mortgages_count,prov-46,province,2006-11,7071,mortgages,ine,2006-11-30,,2026-07-26,ok,0
mortgages_count,prov-46,province,2006-12,5179,mortgages,ine,2006-12-31,,2026-07-26,ok,0
mortgages_count,prov-46,province,2007-01,7720,mortgages,ine,2007-01-31,,2026-07-26,ok,0
mortgages_count,prov-46,province,2007-02,7304,mortgages,ine,2007-02-28,,2026-07-26,ok,0
mortgages_count,prov-46,province,2007-03,7699,mortgages,ine,2007-03-31,,2026-07-26,ok,0
mortgages_count,prov-46,province,2007-04,6164,mortgages,ine,2007-04-30,,2026-07-26,ok,0
mortgages_count,prov-46,province,2007-05,8807,mortgages,ine,2007-05-31,,2026-07-26,ok,0
mortgages_count,prov-46,province,2007-06,7852,mortgages,ine,2007-06-30,,2026-07-26,ok,0
mortgages_count,prov-46,province,2007-07,6942,mortgages,ine,2007-07-31,,2026-07-26,ok,0
mortgages_count,prov-46,province,2007-08,5331,mortgages,ine,2007-08-31,,2026-07-26,ok,0
mortgages_count,prov-46,province,2007-09,6416,mortgages,ine,2007-09-30,,2026-07-26,ok,0
mortgages_count,prov-46,province,2007-10,6529,mortgages,ine,2007-10-31,,2026-07-26,ok,0
mortgages_count,prov-46,province,2007-11,6361,mortgages,ine,2007-11-30,,2026-07-26,ok,0
mortgages_count,prov-46,province,2007-12,4437,mortgages,ine,2007-12-31,,2026-07-26,ok,0
mortgages_count,prov-46,province,2008-01,5916,mortgages,ine,2008-01-31,,2026-07-26,ok,0
mortgages_count,prov-46,province,2008-02,5122,mortgages,ine,2008-02-29,,2026-07-26,ok,0
mortgages_count,prov-46,province,2008-03,3543,mortgages,ine,2008-03-31,,2026-07-26,ok,0
mortgages_count,prov-46,province,2008-04,5064,mortgages,ine,2008-04-30,,2026-07-26,ok,0
mortgages_count,prov-46,province,2008-05,4801,mortgages,ine,2008-05-31,,2026-07-26,ok,0
mortgages_count,prov-46,province,2008-06,4629,mortgages,ine,2008-06-30,,2026-07-26,ok,0
mortgages_count,prov-46,province,2008-07,3474,mortgages,ine,2008-07-31,,2026-07-26,ok,0
mortgages_count,prov-46,province,2008-08,2743,mortgages,ine,2008-08-31,,2026-07-26,ok,0
mortgages_count,prov-46,province,2008-09,4182,mortgages,ine,2008-09-30,,2026-07-26,ok,0
mortgages_count,prov-46,province,2008-10,3579,mortgages,ine,2008-10-31,,2026-07-26,ok,0
mortgages_count,prov-46,province,2008-11,2882,mortgages,ine,2008-11-30,,2026-07-26,ok,0
mortgages_count,prov-46,province,2008-12,2804,mortgages,ine,2008-12-31,,2026-07-26,ok,0
mortgages_count,prov-46,province,2009-01,2956,mortgages,ine,2009-01-31,,2026-07-26,ok,0
mortgages_count,prov-46,province,2009-02,2847,mortgages,ine,2009-02-28,,2026-07-26,ok,0
mortgages_count,prov-46,province,2009-03,2813,mortgages,ine,2009-03-31,,2026-07-26,ok,0
mortgages_count,prov-46,province,2009-04,2518,mortgages,ine,2009-04-30,,2026-07-26,ok,0
mortgages_count,prov-46,province,2009-05,3003,mortgages,ine,2009-05-31,,2026-07-26,ok,0
mortgages_count,prov-46,province,2009-06,3602,mortgages,ine,2009-06-30,,2026-07-26,ok,0
mortgages_count,prov-46,province,2009-07,3537,mortgages,ine,2009-07-31,,2026-07-26,ok,0
mortgages_count,prov-46,province,2009-08,3090,mortgages,ine,2009-08-31,,2026-07-26,ok,0
mortgages_count,prov-46,province,2009-09,4378,mortgages,ine,2009-09-30,,2026-07-26,ok,0
mortgages_count,prov-46,province,2009-10,3615,mortgages,ine,2009-10-31,,2026-07-26,ok,0
mortgages_count,prov-46,province,2009-11,3268,mortgages,ine,2009-11-30,,2026-07-26,ok,0
mortgages_count,prov-46,province,2009-12,2697,mortgages,ine,2009-12-31,,2026-07-26,ok,0
mortgages_count,prov-46,province,2010-01,2682,mortgages,ine,2010-01-31,,2026-07-26,ok,0
mortgages_count,prov-46,province,2010-02,3391,mortgages,ine,2010-02-28,,2026-07-26,ok,0
mortgages_count,prov-46,province,2010-03,3188,mortgages,ine,2010-03-31,,2026-07-26,ok,0
mortgages_count,prov-46,province,2010-04,2550,mortgages,ine,2010-04-30,,2026-07-26,ok,0
mortgages_count,prov-46,province,2010-05,3160,mortgages,ine,2010-05-31,,2026-07-26,ok,0
mortgages_count,prov-46,province,2010-06,3590,mortgages,ine,2010-06-30,,2026-07-26,ok,0
mortgages_count,prov-46,province,2010-07,3844,mortgages,ine,2010-07-31,,2026-07-26,ok,0
mortgages_count,prov-46,province,2010-08,2491,mortgages,ine,2010-08-31,,2026-07-26,ok,0
mortgages_count,prov-46,province,2010-09,3221,mortgages,ine,2010-09-30,,2026-07-26,ok,0
mortgages_count,prov-46,province,2010-10,2257,mortgages,ine,2010-10-31,,2026-07-26,ok,0
mortgages_count,prov-46,province,2010-11,2466,mortgages,ine,2010-11-30,,2026-07-26,ok,0
mortgages_count,prov-46,province,2010-12,2206,mortgages,ine,2010-12-31,,2026-07-26,ok,0
mortgages_count,prov-46,province,2011-01,2516,mortgages,ine,2011-01-31,,2026-07-26,ok,0
mortgages_count,prov-46,province,2011-02,3009,mortgages,ine,2011-02-28,,2026-07-26,ok,0
mortgages_count,prov-46,province,2011-03,2366,mortgages,ine,2011-03-31,,2026-07-26,ok,0
mortgages_count,prov-46,province,2011-04,1770,mortgages,ine,2011-04-30,,2026-07-26,ok,0
mortgages_count,prov-46,province,2011-05,2035,mortgages,ine,2011-05-31,,2026-07-26,ok,0
mortgages_count,prov-46,province,2011-06,1845,mortgages,ine,2011-06-30,,2026-07-26,ok,0
mortgages_count,prov-46,province,2011-07,1527,mortgages,ine,2011-07-31,,2026-07-26,ok,0
mortgages_count,prov-46,province,2011-08,1437,mortgages,ine,2011-08-31,,2026-07-26,ok,0
mortgages_count,prov-46,province,2011-09,1580,mortgages,ine,2011-09-30,,2026-07-26,ok,0
mortgages_count,prov-46,province,2011-10,1033,mortgages,ine,2011-10-31,,2026-07-26,ok,0
mortgages_count,prov-46,province,2011-11,1200,mortgages,ine,2011-11-30,,2026-07-26,ok,0
mortgages_count,prov-46,province,2011-12,982,mortgages,ine,2011-12-31,,2026-07-26,ok,0
mortgages_count,prov-46,province,2012-01,1424,mortgages,ine,2012-01-31,,2026-07-26,ok,0
mortgages_count,prov-46,province,2012-02,1159,mortgages,ine,2012-02-29,,2026-07-26,ok,0
mortgages_count,prov-46,province,2012-03,926,mortgages,ine,2012-03-31,,2026-07-26,ok,0
mortgages_count,prov-46,province,2012-04,910,mortgages,ine,2012-04-30,,2026-07-26,ok,0
mortgages_count,prov-46,province,2012-05,1213,mortgages,ine,2012-05-31,,2026-07-26,ok,0
mortgages_count,prov-46,province,2012-06,1079,mortgages,ine,2012-06-30,,2026-07-26,ok,0
mortgages_count,prov-46,province,2012-07,1168,mortgages,ine,2012-07-31,,2026-07-26,ok,0
mortgages_count,prov-46,province,2012-08,1031,mortgages,ine,2012-08-31,,2026-07-26,ok,0
mortgages_count,prov-46,province,2012-09,1237,mortgages,ine,2012-09-30,,2026-07-26,ok,0
mortgages_count,prov-46,province,2012-10,1140,mortgages,ine,2012-10-31,,2026-07-26,ok,0
mortgages_count,prov-46,province,2012-11,887,mortgages,ine,2012-11-30,,2026-07-26,ok,0
mortgages_count,prov-46,province,2012-12,809,mortgages,ine,2012-12-31,,2026-07-26,ok,0
mortgages_count,prov-46,province,2013-01,1103,mortgages,ine,2013-01-31,,2026-07-26,ok,0
mortgages_count,prov-46,province,2013-02,1116,mortgages,ine,2013-02-28,,2026-07-26,ok,0
mortgages_count,prov-46,province,2013-03,699,mortgages,ine,2013-03-31,,2026-07-26,ok,0
mortgages_count,prov-46,province,2013-04,849,mortgages,ine,2013-04-30,,2026-07-26,ok,0
mortgages_count,prov-46,province,2013-05,783,mortgages,ine,2013-05-31,,2026-07-26,ok,0
mortgages_count,prov-46,province,2013-06,687,mortgages,ine,2013-06-30,,2026-07-26,ok,0
mortgages_count,prov-46,province,2013-07,612,mortgages,ine,2013-07-31,,2026-07-26,ok,0
mortgages_count,prov-46,province,2013-08,536,mortgages,ine,2013-08-31,,2026-07-26,ok,0
mortgages_count,prov-46,province,2013-09,732,mortgages,ine,2013-09-30,,2026-07-26,ok,0
mortgages_count,prov-46,province,2013-10,676,mortgages,ine,2013-10-31,,2026-07-26,ok,0
mortgages_count,prov-46,province,2013-11,677,mortgages,ine,2013-11-30,,2026-07-26,ok,0
mortgages_count,prov-46,province,2013-12,591,mortgages,ine,2013-12-31,,2026-07-26,ok,0
mortgages_count,prov-46,province,2014-01,874,mortgages,ine,2014-01-31,,2026-07-26,ok,0
mortgages_count,prov-46,province,2014-02,849,mortgages,ine,2014-02-28,,2026-07-26,ok,0
mortgages_count,prov-46,province,2014-03,773,mortgages,ine,2014-03-31,,2026-07-26,ok,0
mortgages_count,prov-46,province,2014-04,749,mortgages,ine,2014-04-30,,2026-07-26,ok,0
mortgages_count,prov-46,province,2014-05,1021,mortgages,ine,2014-05-31,,2026-07-26,ok,0
mortgages_count,prov-46,province,2014-06,874,mortgages,ine,2014-06-30,,2026-07-26,ok,0
mortgages_count,prov-46,province,2014-07,874,mortgages,ine,2014-07-31,,2026-07-26,ok,0
mortgages_count,prov-46,province,2014-08,609,mortgages,ine,2014-08-31,,2026-07-26,ok,0
mortgages_count,prov-46,province,2014-09,1062,mortgages,ine,2014-09-30,,2026-07-26,ok,0
mortgages_count,prov-46,province,2014-10,928,mortgages,ine,2014-10-31,,2026-07-26,ok,0
mortgages_count,prov-46,province,2014-11,880,mortgages,ine,2014-11-30,,2026-07-26,ok,0
mortgages_count,prov-46,province,2014-12,702,mortgages,ine,2014-12-31,,2026-07-26,ok,0
mortgages_count,prov-46,province,2015-01,1025,mortgages,ine,2015-01-31,,2026-07-26,ok,0
mortgages_count,prov-46,province,2015-02,1118,mortgages,ine,2015-02-28,,2026-07-26,ok,0
mortgages_count,prov-46,province,2015-03,917,mortgages,ine,2015-03-31,,2026-07-26,ok,0
mortgages_count,prov-46,province,2015-04,845,mortgages,ine,2015-04-30,,2026-07-26,ok,0
mortgages_count,prov-46,province,2015-05,1001,mortgages,ine,2015-05-31,,2026-07-26,ok,0
mortgages_count,prov-46,province,2015-06,1030,mortgages,ine,2015-06-30,,2026-07-26,ok,0
mortgages_count,prov-46,province,2015-07,1149,mortgages,ine,2015-07-31,,2026-07-26,ok,0
mortgages_count,prov-46,province,2015-08,843,mortgages,ine,2015-08-31,,2026-07-26,ok,0
mortgages_count,prov-46,province,2015-09,1279,mortgages,ine,2015-09-30,,2026-07-26,ok,0
mortgages_count,prov-46,province,2015-10,965,mortgages,ine,2015-10-31,,2026-07-26,ok,0
mortgages_count,prov-46,province,2015-11,931,mortgages,ine,2015-11-30,,2026-07-26,ok,0
mortgages_count,prov-46,province,2015-12,864,mortgages,ine,2015-12-31,,2026-07-26,ok,0
mortgages_count,prov-46,province,2016-01,1084,mortgages,ine,2016-01-31,,2026-07-26,ok,0
mortgages_count,prov-46,province,2016-02,1304,mortgages,ine,2016-02-29,,2026-07-26,ok,0
mortgages_count,prov-46,province,2016-03,986,mortgages,ine,2016-03-31,,2026-07-26,ok,0
mortgages_count,prov-46,province,2016-04,1211,mortgages,ine,2016-04-30,,2026-07-26,ok,0
mortgages_count,prov-46,province,2016-05,1326,mortgages,ine,2016-05-31,,2026-07-26,ok,0
mortgages_count,prov-46,province,2016-06,1216,mortgages,ine,2016-06-30,,2026-07-26,ok,0
mortgages_count,prov-46,province,2016-07,1082,mortgages,ine,2016-07-31,,2026-07-26,ok,0
mortgages_count,prov-46,province,2016-08,940,mortgages,ine,2016-08-31,,2026-07-26,ok,0
mortgages_count,prov-46,province,2016-09,1408,mortgages,ine,2016-09-30,,2026-07-26,ok,0
mortgages_count,prov-46,province,2016-10,1095,mortgages,ine,2016-10-31,,2026-07-26,ok,0
mortgages_count,prov-46,province,2016-11,1454,mortgages,ine,2016-11-30,,2026-07-26,ok,0
mortgages_count,prov-46,province,2016-12,986,mortgages,ine,2016-12-31,,2026-07-26,ok,0
mortgages_count,prov-46,province,2017-01,1436,mortgages,ine,2017-01-31,,2026-07-26,ok,0
mortgages_count,prov-46,province,2017-02,1257,mortgages,ine,2017-02-28,,2026-07-26,ok,0
mortgages_count,prov-46,province,2017-03,1504,mortgages,ine,2017-03-31,,2026-07-26,ok,0
mortgages_count,prov-46,province,2017-04,1122,mortgages,ine,2017-04-30,,2026-07-26,ok,0
mortgages_count,prov-46,province,2017-05,1580,mortgages,ine,2017-05-31,,2026-07-26,ok,0
mortgages_count,prov-46,province,2017-06,1507,mortgages,ine,2017-06-30,,2026-07-26,ok,0
mortgages_count,prov-46,province,2017-07,1215,mortgages,ine,2017-07-31,,2026-07-26,ok,0
mortgages_count,prov-46,province,2017-08,1335,mortgages,ine,2017-08-31,,2026-07-26,ok,0
mortgages_count,prov-46,province,2017-09,1717,mortgages,ine,2017-09-30,,2026-07-26,ok,0
mortgages_count,prov-46,province,2017-10,1185,mortgages,ine,2017-10-31,,2026-07-26,ok,0
mortgages_count,prov-46,province,2017-11,1215,mortgages,ine,2017-11-30,,2026-07-26,ok,0
mortgages_count,prov-46,province,2017-12,1072,mortgages,ine,2017-12-31,,2026-07-26,ok,0
mortgages_count,prov-46,province,2018-01,1578,mortgages,ine,2018-01-31,,2026-07-26,ok,0
mortgages_count,prov-46,province,2018-02,1547,mortgages,ine,2018-02-28,,2026-07-26,ok,0
mortgages_count,prov-46,province,2018-03,1448,mortgages,ine,2018-03-31,,2026-07-26,ok,0
mortgages_count,prov-46,province,2018-04,1556,mortgages,ine,2018-04-30,,2026-07-26,ok,0
mortgages_count,prov-46,province,2018-05,1776,mortgages,ine,2018-05-31,,2026-07-26,ok,0
mortgages_count,prov-46,province,2018-06,1599,mortgages,ine,2018-06-30,,2026-07-26,ok,0
mortgages_count,prov-46,province,2018-07,1679,mortgages,ine,2018-07-31,,2026-07-26,ok,0
mortgages_count,prov-46,province,2018-08,1391,mortgages,ine,2018-08-31,,2026-07-26,ok,0
mortgages_count,prov-46,province,2018-09,1991,mortgages,ine,2018-09-30,,2026-07-26,ok,0
mortgages_count,prov-46,province,2018-10,1499,mortgages,ine,2018-10-31,,2026-07-26,ok,0
mortgages_count,prov-46,province,2018-11,1568,mortgages,ine,2018-11-30,,2026-07-26,ok,0
mortgages_count,prov-46,province,2018-12,1227,mortgages,ine,2018-12-31,,2026-07-26,ok,0
mortgages_count,prov-46,province,2019-01,1716,mortgages,ine,2019-01-31,,2026-07-26,ok,0
mortgages_count,prov-46,province,2019-02,1683,mortgages,ine,2019-02-28,,2026-07-26,ok,0
mortgages_count,prov-46,province,2019-03,1498,mortgages,ine,2019-03-31,,2026-07-26,ok,0
mortgages_count,prov-46,province,2019-04,1504,mortgages,ine,2019-04-30,,2026-07-26,ok,0
mortgages_count,prov-46,province,2019-05,2022,mortgages,ine,2019-05-31,,2026-07-26,ok,0
mortgages_count,prov-46,province,2019-06,1750,mortgages,ine,2019-06-30,,2026-07-26,ok,0
mortgages_count,prov-46,province,2019-07,2024,mortgages,ine,2019-07-31,,2026-07-26,ok,0
mortgages_count,prov-46,province,2019-08,1344,mortgages,ine,2019-08-31,,2026-07-26,ok,0
mortgages_count,prov-46,province,2019-09,1475,mortgages,ine,2019-09-30,,2026-07-26,ok,0
mortgages_count,prov-46,province,2019-10,1611,mortgages,ine,2019-10-31,,2026-07-26,ok,0
mortgages_count,prov-46,province,2019-11,1752,mortgages,ine,2019-11-30,,2026-07-26,ok,0
mortgages_count,prov-46,province,2019-12,1618,mortgages,ine,2019-12-31,,2026-07-26,ok,0
mortgages_count,prov-46,province,2020-01,2290,mortgages,ine,2020-01-31,,2026-07-26,ok,0
mortgages_count,prov-46,province,2020-02,2265,mortgages,ine,2020-02-29,,2026-07-26,ok,0
mortgages_count,prov-46,province,2020-03,1521,mortgages,ine,2020-03-31,,2026-07-26,ok,0
mortgages_count,prov-46,province,2020-04,1532,mortgages,ine,2020-04-30,,2026-07-26,ok,0
mortgages_count,prov-46,province,2020-05,1540,mortgages,ine,2020-05-31,,2026-07-26,ok,0
mortgages_count,prov-46,province,2020-06,1081,mortgages,ine,2020-06-30,,2026-07-26,ok,0
mortgages_count,prov-46,province,2020-07,1215,mortgages,ine,2020-07-31,,2026-07-26,ok,0
mortgages_count,prov-46,province,2020-08,870,mortgages,ine,2020-08-31,,2026-07-26,ok,0
mortgages_count,prov-46,province,2020-09,1515,mortgages,ine,2020-09-30,,2026-07-26,ok,0
mortgages_count,prov-46,province,2020-10,1660,mortgages,ine,2020-10-31,,2026-07-26,ok,0
mortgages_count,prov-46,province,2020-11,1548,mortgages,ine,2020-11-30,,2026-07-26,ok,0
mortgages_count,prov-46,province,2020-12,1413,mortgages,ine,2020-12-31,,2026-07-26,ok,0
mortgages_count,prov-46,province,2021-01,1287,mortgages,ine,2021-01-31,,2026-07-26,ok,0
mortgages_count,prov-46,province,2021-02,1745,mortgages,ine,2021-02-28,,2026-07-26,ok,0
mortgages_count,prov-46,province,2021-03,2276,mortgages,ine,2021-03-31,,2026-07-26,ok,0
mortgages_count,prov-46,province,2021-04,1938,mortgages,ine,2021-04-30,,2026-07-26,ok,0
mortgages_count,prov-46,province,2021-05,2141,mortgages,ine,2021-05-31,,2026-07-26,ok,0
mortgages_count,prov-46,province,2021-06,2196,mortgages,ine,2021-06-30,,2026-07-26,ok,0
mortgages_count,prov-46,province,2021-07,2100,mortgages,ine,2021-07-31,,2026-07-26,ok,0
mortgages_count,prov-46,province,2021-08,1905,mortgages,ine,2021-08-31,,2026-07-26,ok,0
mortgages_count,prov-46,province,2021-09,2604,mortgages,ine,2021-09-30,,2026-07-26,ok,0
mortgages_count,prov-46,province,2021-10,2374,mortgages,ine,2021-10-31,,2026-07-26,ok,0
mortgages_count,prov-46,province,2021-11,2143,mortgages,ine,2021-11-30,,2026-07-26,ok,0
mortgages_count,prov-46,province,2021-12,1778,mortgages,ine,2021-12-31,,2026-07-26,ok,0
mortgages_count,prov-46,province,2022-01,2000,mortgages,ine,2022-01-31,,2026-07-26,ok,0
mortgages_count,prov-46,province,2022-02,2338,mortgages,ine,2022-02-28,,2026-07-26,ok,0
mortgages_count,prov-46,province,2022-03,2264,mortgages,ine,2022-03-31,,2026-07-26,ok,0
mortgages_count,prov-46,province,2022-04,1747,mortgages,ine,2022-04-30,,2026-07-26,ok,0
mortgages_count,prov-46,province,2022-05,2846,mortgages,ine,2022-05-31,,2026-07-26,ok,0
mortgages_count,prov-46,province,2022-06,2687,mortgages,ine,2022-06-30,,2026-07-25,ok,0
mortgages_count,prov-46,province,2022-07,2065,mortgages,ine,2022-07-31,,2026-07-25,ok,0
mortgages_count,prov-46,province,2022-08,1909,mortgages,ine,2022-08-31,,2026-07-25,ok,0
mortgages_count,prov-46,province,2022-09,3001,mortgages,ine,2022-09-30,,2026-07-25,ok,0
mortgages_count,prov-46,province,2022-10,2530,mortgages,ine,2022-10-31,,2026-07-25,ok,0
mortgages_count,prov-46,province,2022-11,2614,mortgages,ine,2022-11-30,,2026-07-25,ok,0
mortgages_count,prov-46,province,2022-12,1897,mortgages,ine,2022-12-31,,2026-07-25,ok,0
mortgages_count,prov-46,province,2023-01,2192,mortgages,ine,2023-01-31,,2026-07-25,ok,0
mortgages_count,prov-46,province,2023-02,1983,mortgages,ine,2023-02-28,,2026-07-25,ok,0
mortgages_count,prov-46,province,2023-03,2133,mortgages,ine,2023-03-31,,2026-07-25,ok,0
mortgages_count,prov-46,province,2023-04,1666,mortgages,ine,2023-04-30,,2026-07-25,ok,0
mortgages_count,prov-46,province,2023-05,2203,mortgages,ine,2023-05-31,,2026-07-25,ok,0
mortgages_count,prov-46,province,2023-06,1958,mortgages,ine,2023-06-30,,2026-07-25,ok,0
mortgages_count,prov-46,province,2023-07,1529,mortgages,ine,2023-07-31,,2026-07-25,ok,0
mortgages_count,prov-46,province,2023-08,1346,mortgages,ine,2023-08-31,,2026-07-25,ok,0
mortgages_count,prov-46,province,2023-09,1782,mortgages,ine,2023-09-30,,2026-07-25,ok,0
mortgages_count,prov-46,province,2023-10,1513,mortgages,ine,2023-10-31,,2026-07-25,ok,0
mortgages_count,prov-46,province,2023-11,1760,mortgages,ine,2023-11-30,,2026-07-25,ok,0
mortgages_count,prov-46,province,2023-12,1404,mortgages,ine,2023-12-31,,2026-07-25,ok,0
mortgages_count,prov-46,province,2024-01,1828,mortgages,ine,2024-01-31,,2026-07-25,ok,0
mortgages_count,prov-46,province,2024-02,2134,mortgages,ine,2024-02-29,,2026-07-25,ok,0
mortgages_count,prov-46,province,2024-03,1655,mortgages,ine,2024-03-31,,2026-07-25,ok,0
mortgages_count,prov-46,province,2024-04,2480,mortgages,ine,2024-04-30,,2026-07-25,ok,0
mortgages_count,prov-46,province,2024-05,1605,mortgages,ine,2024-05-31,,2026-07-25,ok,0
mortgages_count,prov-46,province,2024-06,1628,mortgages,ine,2024-06-30,,2026-07-25,ok,0
mortgages_count,prov-46,province,2024-07,2149,mortgages,ine,2024-07-31,,2026-07-25,ok,0
mortgages_count,prov-46,province,2024-08,1507,mortgages,ine,2024-08-31,,2026-07-25,ok,0
mortgages_count,prov-46,province,2024-09,2380,mortgages,ine,2024-09-30,,2026-07-25,ok,0
mortgages_count,prov-46,province,2024-10,2996,mortgages,ine,2024-10-31,,2026-07-25,ok,0
mortgages_count,prov-46,province,2024-11,1976,mortgages,ine,2024-11-30,,2026-07-25,ok,0
mortgages_count,prov-46,province,2024-12,2035,mortgages,ine,2024-12-31,,2026-07-25,ok,0
mortgages_count,prov-46,province,2025-01,2197,mortgages,ine,2025-01-31,,2026-07-25,ok,0
mortgages_count,prov-46,province,2025-02,2348,mortgages,ine,2025-02-28,,2026-07-25,ok,0
mortgages_count,prov-46,province,2025-03,2115,mortgages,ine,2025-03-31,,2026-07-25,ok,0
mortgages_count,prov-46,province,2025-04,2143,mortgages,ine,2025-04-30,,2026-07-25,ok,0
mortgages_count,prov-46,province,2025-05,2748,mortgages,ine,2025-05-31,,2026-07-25,ok,0
mortgages_count,prov-46,province,2025-06,2454,mortgages,ine,2025-06-30,,2026-07-25,ok,0
mortgages_count,prov-46,province,2025-06,2423,mortgages,ine,2025-06-30,,2026-09-01,revised,1
mortgages_count,prov-46,province,2025-07,2595,mortgages,ine,2025-07-31,,2026-07-25,ok,0
mortgages_count,prov-46,province,2025-08,1811,mortgages,ine,2025-08-31,,2026-07-25,ok,0
mortgages_count,prov-46,province,2025-09,2675,mortgages,ine,2025-09-30,,2026-07-25,ok,0
mortgages_count,prov-46,province,2025-10,3438,mortgages,ine,2025-10-31,,2026-07-25,ok,0
mortgages_count,prov-46,province,2025-11,2508,mortgages,ine,2025-11-30,,2026-07-25,ok,0
mortgages_count,prov-46,province,2025-12,2324,mortgages,ine,2025-12-31,,2026-07-25,ok,0
mortgages_count,prov-46,province,2026-01,2369,mortgages,ine,2026-01-31,,2026-07-25,ok,0
mortgages_count,prov-46,province,2026-02,2523,mortgages,ine,2026-02-28,,2026-07-25,ok,0
mortgages_count,prov-46,province,2026-03,2875,mortgages,ine,2026-03-31,,2026-07-25,ok,0
mortgages_count,prov-46,province,2026-04,2249,mortgages,ine,2026-04-30,,2026-07-25,ok,0
mortgages_count,prov-46,province,2026-05,2304,mortgages,ine,2026-05-31,,2026-07-25,ok,0
mortgages_count,prov-46,province,2026-06,2810,mortgages,ine,2026-06-30,,2026-09-01,ok,0
mortgages_count,prov-48,province,2006-06,1986,mortgages,ine,2006-06-30,,2026-07-26,ok,0
mortgages_count,prov-48,province,2006-07,1703,mortgages,ine,2006-07-31,,2026-07-26,ok,0
mortgages_count,prov-48,province,2006-08,2045,mortgages,ine,2006-08-31,,2026-07-26,ok,0
mortgages_count,prov-48,province,2006-09,2072,mortgages,ine,2006-09-30,,2026-07-26,ok,0
mortgages_count,prov-48,province,2006-10,1898,mortgages,ine,2006-10-31,,2026-07-26,ok,0
mortgages_count,prov-48,province,2006-11,1787,mortgages,ine,2006-11-30,,2026-07-26,ok,0
mortgages_count,prov-48,province,2006-12,1530,mortgages,ine,2006-12-31,,2026-07-26,ok,0
mortgages_count,prov-48,province,2007-01,2086,mortgages,ine,2007-01-31,,2026-07-26,ok,0
mortgages_count,prov-48,province,2007-02,1848,mortgages,ine,2007-02-28,,2026-07-26,ok,0
mortgages_count,prov-48,province,2007-03,1737,mortgages,ine,2007-03-31,,2026-07-26,ok,0
mortgages_count,prov-48,province,2007-04,1388,mortgages,ine,2007-04-30,,2026-07-26,ok,0
mortgages_count,prov-48,province,2007-05,1900,mortgages,ine,2007-05-31,,2026-07-26,ok,0
mortgages_count,prov-48,province,2007-06,1569,mortgages,ine,2007-06-30,,2026-07-26,ok,0
mortgages_count,prov-48,province,2007-07,1444,mortgages,ine,2007-07-31,,2026-07-26,ok,0
mortgages_count,prov-48,province,2007-08,1788,mortgages,ine,2007-08-31,,2026-07-26,ok,0
mortgages_count,prov-48,province,2007-09,1514,mortgages,ine,2007-09-30,,2026-07-26,ok,0
mortgages_count,prov-48,province,2007-10,1500,mortgages,ine,2007-10-31,,2026-07-26,ok,0
mortgages_count,prov-48,province,2007-11,1320,mortgages,ine,2007-11-30,,2026-07-26,ok,0
mortgages_count,prov-48,province,2007-12,1132,mortgages,ine,2007-12-31,,2026-07-26,ok,0
mortgages_count,prov-48,province,2008-01,1735,mortgages,ine,2008-01-31,,2026-07-26,ok,0
mortgages_count,prov-48,province,2008-02,1337,mortgages,ine,2008-02-29,,2026-07-26,ok,0
mortgages_count,prov-48,province,2008-03,1060,mortgages,ine,2008-03-31,,2026-07-26,ok,0
mortgages_count,prov-48,province,2008-04,1499,mortgages,ine,2008-04-30,,2026-07-26,ok,0
mortgages_count,prov-48,province,2008-05,1739,mortgages,ine,2008-05-31,,2026-07-26,ok,0
mortgages_count,prov-48,province,2008-06,1491,mortgages,ine,2008-06-30,,2026-07-26,ok,0
mortgages_count,prov-48,province,2008-07,1408,mortgages,ine,2008-07-31,,2026-07-26,ok,0
mortgages_count,prov-48,province,2008-08,1144,mortgages,ine,2008-08-31,,2026-07-26,ok,0
mortgages_count,prov-48,province,2008-09,1375,mortgages,ine,2008-09-30,,2026-07-26,ok,0
mortgages_count,prov-48,province,2008-10,1127,mortgages,ine,2008-10-31,,2026-07-26,ok,0
mortgages_count,prov-48,province,2008-11,1174,mortgages,ine,2008-11-30,,2026-07-26,ok,0
mortgages_count,prov-48,province,2008-12,1240,mortgages,ine,2008-12-31,,2026-07-26,ok,0
mortgages_count,prov-48,province,2009-01,1113,mortgages,ine,2009-01-31,,2026-07-26,ok,0
mortgages_count,prov-48,province,2009-02,950,mortgages,ine,2009-02-28,,2026-07-26,ok,0
mortgages_count,prov-48,province,2009-03,923,mortgages,ine,2009-03-31,,2026-07-26,ok,0
mortgages_count,prov-48,province,2009-04,1161,mortgages,ine,2009-04-30,,2026-07-26,ok,0
mortgages_count,prov-48,province,2009-05,1099,mortgages,ine,2009-05-31,,2026-07-26,ok,0
mortgages_count,prov-48,province,2009-06,1488,mortgages,ine,2009-06-30,,2026-07-26,ok,0
mortgages_count,prov-48,province,2009-07,1172,mortgages,ine,2009-07-31,,2026-07-26,ok,0
mortgages_count,prov-48,province,2009-08,1188,mortgages,ine,2009-08-31,,2026-07-26,ok,0
mortgages_count,prov-48,province,2009-09,1184,mortgages,ine,2009-09-30,,2026-07-26,ok,0
mortgages_count,prov-48,province,2009-10,951,mortgages,ine,2009-10-31,,2026-07-26,ok,0
mortgages_count,prov-48,province,2009-11,938,mortgages,ine,2009-11-30,,2026-07-26,ok,0
mortgages_count,prov-48,province,2009-12,985,mortgages,ine,2009-12-31,,2026-07-26,ok,0
mortgages_count,prov-48,province,2010-01,1089,mortgages,ine,2010-01-31,,2026-07-26,ok,0
mortgages_count,prov-48,province,2010-02,1419,mortgages,ine,2010-02-28,,2026-07-26,ok,0
mortgages_count,prov-48,province,2010-03,1319,mortgages,ine,2010-03-31,,2026-07-26,ok,0
mortgages_count,prov-48,province,2010-04,1014,mortgages,ine,2010-04-30,,2026-07-26,ok,0
mortgages_count,prov-48,province,2010-05,1338,mortgages,ine,2010-05-31,,2026-07-26,ok,0
mortgages_count,prov-48,province,2010-06,1327,mortgages,ine,2010-06-30,,2026-07-26,ok,0
mortgages_count,prov-48,province,2010-07,1282,mortgages,ine,2010-07-31,,2026-07-26,ok,0
mortgages_count,prov-48,province,2010-08,1353,mortgages,ine,2010-08-31,,2026-07-26,ok,0
mortgages_count,prov-48,province,2010-09,1042,mortgages,ine,2010-09-30,,2026-07-26,ok,0
mortgages_count,prov-48,province,2010-10,746,mortgages,ine,2010-10-31,,2026-07-26,ok,0
mortgages_count,prov-48,province,2010-11,971,mortgages,ine,2010-11-30,,2026-07-26,ok,0
mortgages_count,prov-48,province,2010-12,1131,mortgages,ine,2010-12-31,,2026-07-26,ok,0
mortgages_count,prov-48,province,2011-01,1098,mortgages,ine,2011-01-31,,2026-07-26,ok,0
mortgages_count,prov-48,province,2011-02,1088,mortgages,ine,2011-02-28,,2026-07-26,ok,0
mortgages_count,prov-48,province,2011-03,1124,mortgages,ine,2011-03-31,,2026-07-26,ok,0
mortgages_count,prov-48,province,2011-04,982,mortgages,ine,2011-04-30,,2026-07-26,ok,0
mortgages_count,prov-48,province,2011-05,1337,mortgages,ine,2011-05-31,,2026-07-26,ok,0
mortgages_count,prov-48,province,2011-06,888,mortgages,ine,2011-06-30,,2026-07-26,ok,0
mortgages_count,prov-48,province,2011-07,675,mortgages,ine,2011-07-31,,2026-07-26,ok,0
mortgages_count,prov-48,province,2011-08,715,mortgages,ine,2011-08-31,,2026-07-26,ok,0
mortgages_count,prov-48,province,2011-09,629,mortgages,ine,2011-09-30,,2026-07-26,ok,0
mortgages_count,prov-48,province,2011-10,499,mortgages,ine,2011-10-31,,2026-07-26,ok,0
mortgages_count,prov-48,province,2011-11,708,mortgages,ine,2011-11-30,,2026-07-26,ok,0
mortgages_count,prov-48,province,2011-12,788,mortgages,ine,2011-12-31,,2026-07-26,ok,0
mortgages_count,prov-48,province,2012-01,792,mortgages,ine,2012-01-31,,2026-07-26,ok,0
mortgages_count,prov-48,province,2012-02,588,mortgages,ine,2012-02-29,,2026-07-26,ok,0
mortgages_count,prov-48,province,2012-03,455,mortgages,ine,2012-03-31,,2026-07-26,ok,0
mortgages_count,prov-48,province,2012-04,431,mortgages,ine,2012-04-30,,2026-07-26,ok,0
mortgages_count,prov-48,province,2012-05,582,mortgages,ine,2012-05-31,,2026-07-26,ok,0
mortgages_count,prov-48,province,2012-06,525,mortgages,ine,2012-06-30,,2026-07-26,ok,0
mortgages_count,prov-48,province,2012-07,531,mortgages,ine,2012-07-31,,2026-07-26,ok,0
mortgages_count,prov-48,province,2012-08,483,mortgages,ine,2012-08-31,,2026-07-26,ok,0
mortgages_count,prov-48,province,2012-09,582,mortgages,ine,2012-09-30,,2026-07-26,ok,0
mortgages_count,prov-48,province,2012-10,399,mortgages,ine,2012-10-31,,2026-07-26,ok,0
mortgages_count,prov-48,province,2012-11,594,mortgages,ine,2012-11-30,,2026-07-26,ok,0
mortgages_count,prov-48,province,2012-12,467,mortgages,ine,2012-12-31,,2026-07-26,ok,0
mortgages_count,prov-48,province,2013-01,782,mortgages,ine,2013-01-31,,2026-07-26,ok,0
mortgages_count,prov-48,province,2013-02,538,mortgages,ine,2013-02-28,,2026-07-26,ok,0
mortgages_count,prov-48,province,2013-03,334,mortgages,ine,2013-03-31,,2026-07-26,ok,0
mortgages_count,prov-48,province,2013-04,417,mortgages,ine,2013-04-30,,2026-07-26,ok,0
mortgages_count,prov-48,province,2013-05,418,mortgages,ine,2013-05-31,,2026-07-26,ok,0
mortgages_count,prov-48,province,2013-06,247,mortgages,ine,2013-06-30,,2026-07-26,ok,0
mortgages_count,prov-48,province,2013-07,493,mortgages,ine,2013-07-31,,2026-07-26,ok,0
mortgages_count,prov-48,province,2013-08,311,mortgages,ine,2013-08-31,,2026-07-26,ok,0
mortgages_count,prov-48,province,2013-09,400,mortgages,ine,2013-09-30,,2026-07-26,ok,0
mortgages_count,prov-48,province,2013-10,370,mortgages,ine,2013-10-31,,2026-07-26,ok,0
mortgages_count,prov-48,province,2013-11,360,mortgages,ine,2013-11-30,,2026-07-26,ok,0
mortgages_count,prov-48,province,2013-12,320,mortgages,ine,2013-12-31,,2026-07-26,ok,0
mortgages_count,prov-48,province,2014-01,520,mortgages,ine,2014-01-31,,2026-07-26,ok,0
mortgages_count,prov-48,province,2014-02,543,mortgages,ine,2014-02-28,,2026-07-26,ok,0
mortgages_count,prov-48,province,2014-03,472,mortgages,ine,2014-03-31,,2026-07-26,ok,0
mortgages_count,prov-48,province,2014-04,492,mortgages,ine,2014-04-30,,2026-07-26,ok,0
mortgages_count,prov-48,province,2014-05,485,mortgages,ine,2014-05-31,,2026-07-26,ok,0
mortgages_count,prov-48,province,2014-06,450,mortgages,ine,2014-06-30,,2026-07-26,ok,0
mortgages_count,prov-48,province,2014-07,618,mortgages,ine,2014-07-31,,2026-07-26,ok,0
mortgages_count,prov-48,province,2014-08,424,mortgages,ine,2014-08-31,,2026-07-26,ok,0
mortgages_count,prov-48,province,2014-09,553,mortgages,ine,2014-09-30,,2026-07-26,ok,0
mortgages_count,prov-48,province,2014-10,444,mortgages,ine,2014-10-31,,2026-07-26,ok,0
mortgages_count,prov-48,province,2014-11,434,mortgages,ine,2014-11-30,,2026-07-26,ok,0
mortgages_count,prov-48,province,2014-12,402,mortgages,ine,2014-12-31,,2026-07-26,ok,0
mortgages_count,prov-48,province,2015-01,571,mortgages,ine,2015-01-31,,2026-07-26,ok,0
mortgages_count,prov-48,province,2015-02,552,mortgages,ine,2015-02-28,,2026-07-26,ok,0
mortgages_count,prov-48,province,2015-03,486,mortgages,ine,2015-03-31,,2026-07-26,ok,0
mortgages_count,prov-48,province,2015-04,563,mortgages,ine,2015-04-30,,2026-07-26,ok,0
mortgages_count,prov-48,province,2015-05,466,mortgages,ine,2015-05-31,,2026-07-26,ok,0
mortgages_count,prov-48,province,2015-06,805,mortgages,ine,2015-06-30,,2026-07-26,ok,0
mortgages_count,prov-48,province,2015-07,625,mortgages,ine,2015-07-31,,2026-07-26,ok,0
mortgages_count,prov-48,province,2015-08,598,mortgages,ine,2015-08-31,,2026-07-26,ok,0
mortgages_count,prov-48,province,2015-09,744,mortgages,ine,2015-09-30,,2026-07-26,ok,0
mortgages_count,prov-48,province,2015-10,822,mortgages,ine,2015-10-31,,2026-07-26,ok,0
mortgages_count,prov-48,province,2015-11,626,mortgages,ine,2015-11-30,,2026-07-26,ok,0
mortgages_count,prov-48,province,2015-12,501,mortgages,ine,2015-12-31,,2026-07-26,ok,0
mortgages_count,prov-48,province,2016-01,639,mortgages,ine,2016-01-31,,2026-07-26,ok,0
mortgages_count,prov-48,province,2016-02,816,mortgages,ine,2016-02-29,,2026-07-26,ok,0
mortgages_count,prov-48,province,2016-03,828,mortgages,ine,2016-03-31,,2026-07-26,ok,0
mortgages_count,prov-48,province,2016-04,730,mortgages,ine,2016-04-30,,2026-07-26,ok,0
mortgages_count,prov-48,province,2016-05,757,mortgages,ine,2016-05-31,,2026-07-26,ok,0
mortgages_count,prov-48,province,2016-06,889,mortgages,ine,2016-06-30,,2026-07-26,ok,0
mortgages_count,prov-48,province,2016-07,414,mortgages,ine,2016-07-31,,2026-07-26,ok,0
mortgages_count,prov-48,province,2016-08,651,mortgages,ine,2016-08-31,,2026-07-26,ok,0
mortgages_count,prov-48,province,2016-09,888,mortgages,ine,2016-09-30,,2026-07-26,ok,0
mortgages_count,prov-48,province,2016-10,544,mortgages,ine,2016-10-31,,2026-07-26,ok,0
mortgages_count,prov-48,province,2016-11,762,mortgages,ine,2016-11-30,,2026-07-26,ok,0
mortgages_count,prov-48,province,2016-12,678,mortgages,ine,2016-12-31,,2026-07-26,ok,0
mortgages_count,prov-48,province,2017-01,764,mortgages,ine,2017-01-31,,2026-07-26,ok,0
mortgages_count,prov-48,province,2017-02,732,mortgages,ine,2017-02-28,,2026-07-26,ok,0
mortgages_count,prov-48,province,2017-03,887,mortgages,ine,2017-03-31,,2026-07-26,ok,0
mortgages_count,prov-48,province,2017-04,538,mortgages,ine,2017-04-30,,2026-07-26,ok,0
mortgages_count,prov-48,province,2017-05,772,mortgages,ine,2017-05-31,,2026-07-26,ok,0
mortgages_count,prov-48,province,2017-06,865,mortgages,ine,2017-06-30,,2026-07-26,ok,0
mortgages_count,prov-48,province,2017-07,598,mortgages,ine,2017-07-31,,2026-07-26,ok,0
mortgages_count,prov-48,province,2017-08,778,mortgages,ine,2017-08-31,,2026-07-26,ok,0
mortgages_count,prov-48,province,2017-09,893,mortgages,ine,2017-09-30,,2026-07-26,ok,0
mortgages_count,prov-48,province,2017-10,632,mortgages,ine,2017-10-31,,2026-07-26,ok,0
mortgages_count,prov-48,province,2017-11,687,mortgages,ine,2017-11-30,,2026-07-26,ok,0
mortgages_count,prov-48,province,2017-12,477,mortgages,ine,2017-12-31,,2026-07-26,ok,0
mortgages_count,prov-48,province,2018-01,760,mortgages,ine,2018-01-31,,2026-07-26,ok,0
mortgages_count,prov-48,province,2018-02,856,mortgages,ine,2018-02-28,,2026-07-26,ok,0
mortgages_count,prov-48,province,2018-03,716,mortgages,ine,2018-03-31,,2026-07-26,ok,0
mortgages_count,prov-48,province,2018-04,781,mortgages,ine,2018-04-30,,2026-07-26,ok,0
mortgages_count,prov-48,province,2018-05,894,mortgages,ine,2018-05-31,,2026-07-26,ok,0
mortgages_count,prov-48,province,2018-06,844,mortgages,ine,2018-06-30,,2026-07-26,ok,0
mortgages_count,prov-48,province,2018-07,690,mortgages,ine,2018-07-31,,2026-07-26,ok,0
mortgages_count,prov-48,province,2018-08,918,mortgages,ine,2018-08-31,,2026-07-26,ok,0
mortgages_count,prov-48,province,2018-09,1017,mortgages,ine,2018-09-30,,2026-07-26,ok,0
mortgages_count,prov-48,province,2018-10,782,mortgages,ine,2018-10-31,,2026-07-26,ok,0
mortgages_count,prov-48,province,2018-11,743,mortgages,ine,2018-11-30,,2026-07-26,ok,0
mortgages_count,prov-48,province,2018-12,569,mortgages,ine,2018-12-31,,2026-07-26,ok,0
mortgages_count,prov-48,province,2019-01,987,mortgages,ine,2019-01-31,,2026-07-26,ok,0
mortgages_count,prov-48,province,2019-02,870,mortgages,ine,2019-02-28,,2026-07-26,ok,0
mortgages_count,prov-48,province,2019-03,713,mortgages,ine,2019-03-31,,2026-07-26,ok,0
mortgages_count,prov-48,province,2019-04,695,mortgages,ine,2019-04-30,,2026-07-26,ok,0
mortgages_count,prov-48,province,2019-05,989,mortgages,ine,2019-05-31,,2026-07-26,ok,0
mortgages_count,prov-48,province,2019-06,749,mortgages,ine,2019-06-30,,2026-07-26,ok,0
mortgages_count,prov-48,province,2019-07,809,mortgages,ine,2019-07-31,,2026-07-26,ok,0
mortgages_count,prov-48,province,2019-08,693,mortgages,ine,2019-08-31,,2026-07-26,ok,0
mortgages_count,prov-48,province,2019-09,808,mortgages,ine,2019-09-30,,2026-07-26,ok,0
mortgages_count,prov-48,province,2019-10,745,mortgages,ine,2019-10-31,,2026-07-26,ok,0
mortgages_count,prov-48,province,2019-11,813,mortgages,ine,2019-11-30,,2026-07-26,ok,0
mortgages_count,prov-48,province,2019-12,638,mortgages,ine,2019-12-31,,2026-07-26,ok,0
mortgages_count,prov-48,province,2020-01,875,mortgages,ine,2020-01-31,,2026-07-26,ok,0
mortgages_count,prov-48,province,2020-02,1025,mortgages,ine,2020-02-29,,2026-07-26,ok,0
mortgages_count,prov-48,province,2020-03,682,mortgages,ine,2020-03-31,,2026-07-26,ok,0
mortgages_count,prov-48,province,2020-04,630,mortgages,ine,2020-04-30,,2026-07-26,ok,0
mortgages_count,prov-48,province,2020-05,759,mortgages,ine,2020-05-31,,2026-07-26,ok,0
mortgages_count,prov-48,province,2020-06,885,mortgages,ine,2020-06-30,,2026-07-26,ok,0
mortgages_count,prov-48,province,2020-07,825,mortgages,ine,2020-07-31,,2026-07-26,ok,0
mortgages_count,prov-48,province,2020-08,611,mortgages,ine,2020-08-31,,2026-07-26,ok,0
mortgages_count,prov-48,province,2020-09,851,mortgages,ine,2020-09-30,,2026-07-26,ok,0
mortgages_count,prov-48,province,2020-10,715,mortgages,ine,2020-10-31,,2026-07-26,ok,0
mortgages_count,prov-48,province,2020-11,834,mortgages,ine,2020-11-30,,2026-07-26,ok,0
mortgages_count,prov-48,province,2020-12,807,mortgages,ine,2020-12-31,,2026-07-26,ok,0
mortgages_count,prov-48,province,2021-01,799,mortgages,ine,2021-01-31,,2026-07-26,ok,0
mortgages_count,prov-48,province,2021-02,819,mortgages,ine,2021-02-28,,2026-07-26,ok,0
mortgages_count,prov-48,province,2021-03,833,mortgages,ine,2021-03-31,,2026-07-26,ok,0
mortgages_count,prov-48,province,2021-04,889,mortgages,ine,2021-04-30,,2026-07-26,ok,0
mortgages_count,prov-48,province,2021-05,1152,mortgages,ine,2021-05-31,,2026-07-26,ok,0
mortgages_count,prov-48,province,2021-06,1024,mortgages,ine,2021-06-30,,2026-07-26,ok,0
mortgages_count,prov-48,province,2021-07,943,mortgages,ine,2021-07-31,,2026-07-26,ok,0
mortgages_count,prov-48,province,2021-08,856,mortgages,ine,2021-08-31,,2026-07-26,ok,0
mortgages_count,prov-48,province,2021-09,987,mortgages,ine,2021-09-30,,2026-07-26,ok,0
mortgages_count,prov-48,province,2021-10,725,mortgages,ine,2021-10-31,,2026-07-26,ok,0
mortgages_count,prov-48,province,2021-11,1181,mortgages,ine,2021-11-30,,2026-07-26,ok,0
mortgages_count,prov-48,province,2021-12,984,mortgages,ine,2021-12-31,,2026-07-26,ok,0
mortgages_count,prov-48,province,2022-01,845,mortgages,ine,2022-01-31,,2026-07-26,ok,0
mortgages_count,prov-48,province,2022-02,1132,mortgages,ine,2022-02-28,,2026-07-26,ok,0
mortgages_count,prov-48,province,2022-03,1126,mortgages,ine,2022-03-31,,2026-07-26,ok,0
mortgages_count,prov-48,province,2022-04,838,mortgages,ine,2022-04-30,,2026-07-26,ok,0
mortgages_count,prov-48,province,2022-05,1233,mortgages,ine,2022-05-31,,2026-07-26,ok,0
mortgages_count,prov-48,province,2022-06,1298,mortgages,ine,2022-06-30,,2026-07-25,ok,0
mortgages_count,prov-48,province,2022-07,781,mortgages,ine,2022-07-31,,2026-07-25,ok,0
mortgages_count,prov-48,province,2022-08,879,mortgages,ine,2022-08-31,,2026-07-25,ok,0
mortgages_count,prov-48,province,2022-09,1147,mortgages,ine,2022-09-30,,2026-07-25,ok,0
mortgages_count,prov-48,province,2022-10,995,mortgages,ine,2022-10-31,,2026-07-25,ok,0
mortgages_count,prov-48,province,2022-11,1032,mortgages,ine,2022-11-30,,2026-07-25,ok,0
mortgages_count,prov-48,province,2022-12,653,mortgages,ine,2022-12-31,,2026-07-25,ok,0
mortgages_count,prov-48,province,2023-01,909,mortgages,ine,2023-01-31,,2026-07-25,ok,0
mortgages_count,prov-48,province,2023-02,881,mortgages,ine,2023-02-28,,2026-07-25,ok,0
mortgages_count,prov-48,province,2023-03,939,mortgages,ine,2023-03-31,,2026-07-25,ok,0
mortgages_count,prov-48,province,2023-04,647,mortgages,ine,2023-04-30,,2026-07-25,ok,0
mortgages_count,prov-48,province,2023-05,884,mortgages,ine,2023-05-31,,2026-07-25,ok,0
mortgages_count,prov-48,province,2023-06,926,mortgages,ine,2023-06-30,,2026-07-25,ok,0
mortgages_count,prov-48,province,2023-07,795,mortgages,ine,2023-07-31,,2026-07-25,ok,0
mortgages_count,prov-48,province,2023-08,776,mortgages,ine,2023-08-31,,2026-07-25,ok,0
mortgages_count,prov-48,province,2023-09,860,mortgages,ine,2023-09-30,,2026-07-25,ok,0
mortgages_count,prov-48,province,2023-10,732,mortgages,ine,2023-10-31,,2026-07-25,ok,0
mortgages_count,prov-48,province,2023-11,852,mortgages,ine,2023-11-30,,2026-07-25,ok,0
mortgages_count,prov-48,province,2023-12,636,mortgages,ine,2023-12-31,,2026-07-25,ok,0
mortgages_count,prov-48,province,2024-01,785,mortgages,ine,2024-01-31,,2026-07-25,ok,0
mortgages_count,prov-48,province,2024-02,919,mortgages,ine,2024-02-29,,2026-07-25,ok,0
mortgages_count,prov-48,province,2024-03,731,mortgages,ine,2024-03-31,,2026-07-25,ok,0
mortgages_count,prov-48,province,2024-04,831,mortgages,ine,2024-04-30,,2026-07-25,ok,0
mortgages_count,prov-48,province,2024-05,766,mortgages,ine,2024-05-31,,2026-07-25,ok,0
mortgages_count,prov-48,province,2024-06,841,mortgages,ine,2024-06-30,,2026-07-25,ok,0
mortgages_count,prov-48,province,2024-07,932,mortgages,ine,2024-07-31,,2026-07-25,ok,0
mortgages_count,prov-48,province,2024-08,870,mortgages,ine,2024-08-31,,2026-07-25,ok,0
mortgages_count,prov-48,province,2024-09,1160,mortgages,ine,2024-09-30,,2026-07-25,ok,0
mortgages_count,prov-48,province,2024-10,1116,mortgages,ine,2024-10-31,,2026-07-25,ok,0
mortgages_count,prov-48,province,2024-11,1055,mortgages,ine,2024-11-30,,2026-07-25,ok,0
mortgages_count,prov-48,province,2024-12,703,mortgages,ine,2024-12-31,,2026-07-25,ok,0
mortgages_count,prov-48,province,2025-01,923,mortgages,ine,2025-01-31,,2026-07-25,ok,0
mortgages_count,prov-48,province,2025-02,1108,mortgages,ine,2025-02-28,,2026-07-25,ok,0
mortgages_count,prov-48,province,2025-03,1174,mortgages,ine,2025-03-31,,2026-07-25,ok,0
mortgages_count,prov-48,province,2025-04,980,mortgages,ine,2025-04-30,,2026-07-25,ok,0
mortgages_count,prov-48,province,2025-05,1175,mortgages,ine,2025-05-31,,2026-07-25,ok,0
mortgages_count,prov-48,province,2025-06,985,mortgages,ine,2025-06-30,,2026-07-25,ok,0
mortgages_count,prov-48,province,2025-06,1101,mortgages,ine,2025-06-30,,2026-09-01,revised,1
mortgages_count,prov-48,province,2025-07,1202,mortgages,ine,2025-07-31,,2026-07-25,ok,0
mortgages_count,prov-48,province,2025-08,1088,mortgages,ine,2025-08-31,,2026-07-25,ok,0
mortgages_count,prov-48,province,2025-09,1380,mortgages,ine,2025-09-30,,2026-07-25,ok,0
mortgages_count,prov-48,province,2025-10,1223,mortgages,ine,2025-10-31,,2026-07-25,ok,0
mortgages_count,prov-48,province,2025-11,1174,mortgages,ine,2025-11-30,,2026-07-25,ok,0
mortgages_count,prov-48,province,2025-12,805,mortgages,ine,2025-12-31,,2026-07-25,ok,0
mortgages_count,prov-48,province,2026-01,934,mortgages,ine,2026-01-31,,2026-07-25,ok,0
mortgages_count,prov-48,province,2026-02,1014,mortgages,ine,2026-02-28,,2026-07-25,ok,0
mortgages_count,prov-48,province,2026-03,908,mortgages,ine,2026-03-31,,2026-07-25,ok,0
mortgages_count,prov-48,province,2026-04,892,mortgages,ine,2026-04-30,,2026-07-25,ok,0
mortgages_count,prov-48,province,2026-05,927,mortgages,ine,2026-05-31,,2026-07-25,ok,0
mortgages_count,prov-48,province,2026-06,1154,mortgages,ine,2026-06-30,,2026-09-01,ok,0
mortgages_count,prov-50,province,2006-06,2427,mortgages,ine,2006-06-30,,2026-07-26,ok,0
mortgages_count,prov-50,province,2006-07,2382,mortgages,ine,2006-07-31,,2026-07-26,ok,0
mortgages_count,prov-50,province,2006-08,2422,mortgages,ine,2006-08-31,,2026-07-26,ok,0
mortgages_count,prov-50,province,2006-09,1912,mortgages,ine,2006-09-30,,2026-07-26,ok,0
mortgages_count,prov-50,province,2006-10,1869,mortgages,ine,2006-10-31,,2026-07-26,ok,0
mortgages_count,prov-50,province,2006-11,1927,mortgages,ine,2006-11-30,,2026-07-26,ok,0
mortgages_count,prov-50,province,2006-12,1555,mortgages,ine,2006-12-31,,2026-07-26,ok,0
mortgages_count,prov-50,province,2007-01,2392,mortgages,ine,2007-01-31,,2026-07-26,ok,0
mortgages_count,prov-50,province,2007-02,2165,mortgages,ine,2007-02-28,,2026-07-26,ok,0
mortgages_count,prov-50,province,2007-03,2354,mortgages,ine,2007-03-31,,2026-07-26,ok,0
mortgages_count,prov-50,province,2007-04,1627,mortgages,ine,2007-04-30,,2026-07-26,ok,0
mortgages_count,prov-50,province,2007-05,2651,mortgages,ine,2007-05-31,,2026-07-26,ok,0
mortgages_count,prov-50,province,2007-06,2057,mortgages,ine,2007-06-30,,2026-07-26,ok,0
mortgages_count,prov-50,province,2007-07,1982,mortgages,ine,2007-07-31,,2026-07-26,ok,0
mortgages_count,prov-50,province,2007-08,2110,mortgages,ine,2007-08-31,,2026-07-26,ok,0
mortgages_count,prov-50,province,2007-09,1598,mortgages,ine,2007-09-30,,2026-07-26,ok,0
mortgages_count,prov-50,province,2007-10,1744,mortgages,ine,2007-10-31,,2026-07-26,ok,0
mortgages_count,prov-50,province,2007-11,1984,mortgages,ine,2007-11-30,,2026-07-26,ok,0
mortgages_count,prov-50,province,2007-12,1682,mortgages,ine,2007-12-31,,2026-07-26,ok,0
mortgages_count,prov-50,province,2008-01,1531,mortgages,ine,2008-01-31,,2026-07-26,ok,0
mortgages_count,prov-50,province,2008-02,1296,mortgages,ine,2008-02-29,,2026-07-26,ok,0
mortgages_count,prov-50,province,2008-03,1436,mortgages,ine,2008-03-31,,2026-07-26,ok,0
mortgages_count,prov-50,province,2008-04,1888,mortgages,ine,2008-04-30,,2026-07-26,ok,0
mortgages_count,prov-50,province,2008-05,1487,mortgages,ine,2008-05-31,,2026-07-26,ok,0
mortgages_count,prov-50,province,2008-06,1663,mortgages,ine,2008-06-30,,2026-07-26,ok,0
mortgages_count,prov-50,province,2008-07,1561,mortgages,ine,2008-07-31,,2026-07-26,ok,0
mortgages_count,prov-50,province,2008-08,1402,mortgages,ine,2008-08-31,,2026-07-26,ok,0
mortgages_count,prov-50,province,2008-09,1496,mortgages,ine,2008-09-30,,2026-07-26,ok,0
mortgages_count,prov-50,province,2008-10,1008,mortgages,ine,2008-10-31,,2026-07-26,ok,0
mortgages_count,prov-50,province,2008-11,1037,mortgages,ine,2008-11-30,,2026-07-26,ok,0
mortgages_count,prov-50,province,2008-12,1624,mortgages,ine,2008-12-31,,2026-07-26,ok,0
mortgages_count,prov-50,province,2009-01,929,mortgages,ine,2009-01-31,,2026-07-26,ok,0
mortgages_count,prov-50,province,2009-02,1351,mortgages,ine,2009-02-28,,2026-07-26,ok,0
mortgages_count,prov-50,province,2009-03,1765,mortgages,ine,2009-03-31,,2026-07-26,ok,0
mortgages_count,prov-50,province,2009-04,1287,mortgages,ine,2009-04-30,,2026-07-26,ok,0
mortgages_count,prov-50,province,2009-05,1672,mortgages,ine,2009-05-31,,2026-07-26,ok,0
mortgages_count,prov-50,province,2009-06,1720,mortgages,ine,2009-06-30,,2026-07-26,ok,0
mortgages_count,prov-50,province,2009-07,1457,mortgages,ine,2009-07-31,,2026-07-26,ok,0
mortgages_count,prov-50,province,2009-08,1140,mortgages,ine,2009-08-31,,2026-07-26,ok,0
mortgages_count,prov-50,province,2009-09,1250,mortgages,ine,2009-09-30,,2026-07-26,ok,0
mortgages_count,prov-50,province,2009-10,1059,mortgages,ine,2009-10-31,,2026-07-26,ok,0
mortgages_count,prov-50,province,2009-11,1233,mortgages,ine,2009-11-30,,2026-07-26,ok,0
mortgages_count,prov-50,province,2009-12,1077,mortgages,ine,2009-12-31,,2026-07-26,ok,0
mortgages_count,prov-50,province,2010-01,1177,mortgages,ine,2010-01-31,,2026-07-26,ok,0
mortgages_count,prov-50,province,2010-02,1027,mortgages,ine,2010-02-28,,2026-07-26,ok,0
mortgages_count,prov-50,province,2010-03,1163,mortgages,ine,2010-03-31,,2026-07-26,ok,0
mortgages_count,prov-50,province,2010-04,1495,mortgages,ine,2010-04-30,,2026-07-26,ok,0
mortgages_count,prov-50,province,2010-05,1226,mortgages,ine,2010-05-31,,2026-07-26,ok,0
mortgages_count,prov-50,province,2010-06,1006,mortgages,ine,2010-06-30,,2026-07-26,ok,0
mortgages_count,prov-50,province,2010-07,985,mortgages,ine,2010-07-31,,2026-07-26,ok,0
mortgages_count,prov-50,province,2010-08,1045,mortgages,ine,2010-08-31,,2026-07-26,ok,0
mortgages_count,prov-50,province,2010-09,1574,mortgages,ine,2010-09-30,,2026-07-26,ok,0
mortgages_count,prov-50,province,2010-10,944,mortgages,ine,2010-10-31,,2026-07-26,ok,0
mortgages_count,prov-50,province,2010-11,767,mortgages,ine,2010-11-30,,2026-07-26,ok,0
mortgages_count,prov-50,province,2010-12,624,mortgages,ine,2010-12-31,,2026-07-26,ok,0
mortgages_count,prov-50,province,2011-01,1469,mortgages,ine,2011-01-31,,2026-07-26,ok,0
mortgages_count,prov-50,province,2011-02,922,mortgages,ine,2011-02-28,,2026-07-26,ok,0
mortgages_count,prov-50,province,2011-03,781,mortgages,ine,2011-03-31,,2026-07-26,ok,0
mortgages_count,prov-50,province,2011-04,570,mortgages,ine,2011-04-30,,2026-07-26,ok,0
mortgages_count,prov-50,province,2011-05,911,mortgages,ine,2011-05-31,,2026-07-26,ok,0
mortgages_count,prov-50,province,2011-06,546,mortgages,ine,2011-06-30,,2026-07-26,ok,0
mortgages_count,prov-50,province,2011-07,555,mortgages,ine,2011-07-31,,2026-07-26,ok,0
mortgages_count,prov-50,province,2011-08,803,mortgages,ine,2011-08-31,,2026-07-26,ok,0
mortgages_count,prov-50,province,2011-09,476,mortgages,ine,2011-09-30,,2026-07-26,ok,0
mortgages_count,prov-50,province,2011-10,363,mortgages,ine,2011-10-31,,2026-07-26,ok,0
mortgages_count,prov-50,province,2011-11,842,mortgages,ine,2011-11-30,,2026-07-26,ok,0
mortgages_count,prov-50,province,2011-12,505,mortgages,ine,2011-12-31,,2026-07-26,ok,0
mortgages_count,prov-50,province,2012-01,573,mortgages,ine,2012-01-31,,2026-07-26,ok,0
mortgages_count,prov-50,province,2012-02,508,mortgages,ine,2012-02-29,,2026-07-26,ok,0
mortgages_count,prov-50,province,2012-03,483,mortgages,ine,2012-03-31,,2026-07-26,ok,0
mortgages_count,prov-50,province,2012-04,453,mortgages,ine,2012-04-30,,2026-07-26,ok,0
mortgages_count,prov-50,province,2012-05,457,mortgages,ine,2012-05-31,,2026-07-26,ok,0
mortgages_count,prov-50,province,2012-06,636,mortgages,ine,2012-06-30,,2026-07-26,ok,0
mortgages_count,prov-50,province,2012-07,636,mortgages,ine,2012-07-31,,2026-07-26,ok,0
mortgages_count,prov-50,province,2012-08,402,mortgages,ine,2012-08-31,,2026-07-26,ok,0
mortgages_count,prov-50,province,2012-09,451,mortgages,ine,2012-09-30,,2026-07-26,ok,0
mortgages_count,prov-50,province,2012-10,397,mortgages,ine,2012-10-31,,2026-07-26,ok,0
mortgages_count,prov-50,province,2012-11,658,mortgages,ine,2012-11-30,,2026-07-26,ok,0
mortgages_count,prov-50,province,2012-12,616,mortgages,ine,2012-12-31,,2026-07-26,ok,0
mortgages_count,prov-50,province,2013-01,784,mortgages,ine,2013-01-31,,2026-07-26,ok,0
mortgages_count,prov-50,province,2013-02,567,mortgages,ine,2013-02-28,,2026-07-26,ok,0
mortgages_count,prov-50,province,2013-03,566,mortgages,ine,2013-03-31,,2026-07-26,ok,0
mortgages_count,prov-50,province,2013-04,416,mortgages,ine,2013-04-30,,2026-07-26,ok,0
mortgages_count,prov-50,province,2013-05,496,mortgages,ine,2013-05-31,,2026-07-26,ok,0
mortgages_count,prov-50,province,2013-06,444,mortgages,ine,2013-06-30,,2026-07-26,ok,0
mortgages_count,prov-50,province,2013-07,276,mortgages,ine,2013-07-31,,2026-07-26,ok,0
mortgages_count,prov-50,province,2013-08,293,mortgages,ine,2013-08-31,,2026-07-26,ok,0
mortgages_count,prov-50,province,2013-09,445,mortgages,ine,2013-09-30,,2026-07-26,ok,0
mortgages_count,prov-50,province,2013-10,292,mortgages,ine,2013-10-31,,2026-07-26,ok,0
mortgages_count,prov-50,province,2013-11,247,mortgages,ine,2013-11-30,,2026-07-26,ok,0
mortgages_count,prov-50,province,2013-12,344,mortgages,ine,2013-12-31,,2026-07-26,ok,0
mortgages_count,prov-50,province,2014-01,385,mortgages,ine,2014-01-31,,2026-07-26,ok,0
mortgages_count,prov-50,province,2014-02,286,mortgages,ine,2014-02-28,,2026-07-26,ok,0
mortgages_count,prov-50,province,2014-03,352,mortgages,ine,2014-03-31,,2026-07-26,ok,0
mortgages_count,prov-50,province,2014-04,358,mortgages,ine,2014-04-30,,2026-07-26,ok,0
mortgages_count,prov-50,province,2014-05,495,mortgages,ine,2014-05-31,,2026-07-26,ok,0
mortgages_count,prov-50,province,2014-06,328,mortgages,ine,2014-06-30,,2026-07-26,ok,0
mortgages_count,prov-50,province,2014-07,401,mortgages,ine,2014-07-31,,2026-07-26,ok,0
mortgages_count,prov-50,province,2014-08,503,mortgages,ine,2014-08-31,,2026-07-26,ok,0
mortgages_count,prov-50,province,2014-09,509,mortgages,ine,2014-09-30,,2026-07-26,ok,0
mortgages_count,prov-50,province,2014-10,374,mortgages,ine,2014-10-31,,2026-07-26,ok,0
mortgages_count,prov-50,province,2014-11,315,mortgages,ine,2014-11-30,,2026-07-26,ok,0
mortgages_count,prov-50,province,2014-12,334,mortgages,ine,2014-12-31,,2026-07-26,ok,0
mortgages_count,prov-50,province,2015-01,491,mortgages,ine,2015-01-31,,2026-07-26,ok,0
mortgages_count,prov-50,province,2015-02,457,mortgages,ine,2015-02-28,,2026-07-26,ok,0
mortgages_count,prov-50,province,2015-03,480,mortgages,ine,2015-03-31,,2026-07-26,ok,0
mortgages_count,prov-50,province,2015-04,411,mortgages,ine,2015-04-30,,2026-07-26,ok,0
mortgages_count,prov-50,province,2015-05,527,mortgages,ine,2015-05-31,,2026-07-26,ok,0
mortgages_count,prov-50,province,2015-06,518,mortgages,ine,2015-06-30,,2026-07-26,ok,0
mortgages_count,prov-50,province,2015-07,456,mortgages,ine,2015-07-31,,2026-07-26,ok,0
mortgages_count,prov-50,province,2015-08,423,mortgages,ine,2015-08-31,,2026-07-26,ok,0
mortgages_count,prov-50,province,2015-09,434,mortgages,ine,2015-09-30,,2026-07-26,ok,0
mortgages_count,prov-50,province,2015-10,310,mortgages,ine,2015-10-31,,2026-07-26,ok,0
mortgages_count,prov-50,province,2015-11,320,mortgages,ine,2015-11-30,,2026-07-26,ok,0
mortgages_count,prov-50,province,2015-12,429,mortgages,ine,2015-12-31,,2026-07-26,ok,0
mortgages_count,prov-50,province,2016-01,463,mortgages,ine,2016-01-31,,2026-07-26,ok,0
mortgages_count,prov-50,province,2016-02,545,mortgages,ine,2016-02-29,,2026-07-26,ok,0
mortgages_count,prov-50,province,2016-03,433,mortgages,ine,2016-03-31,,2026-07-26,ok,0
mortgages_count,prov-50,province,2016-04,508,mortgages,ine,2016-04-30,,2026-07-26,ok,0
mortgages_count,prov-50,province,2016-05,593,mortgages,ine,2016-05-31,,2026-07-26,ok,0
mortgages_count,prov-50,province,2016-06,539,mortgages,ine,2016-06-30,,2026-07-26,ok,0
mortgages_count,prov-50,province,2016-07,439,mortgages,ine,2016-07-31,,2026-07-26,ok,0
mortgages_count,prov-50,province,2016-08,708,mortgages,ine,2016-08-31,,2026-07-26,ok,0
mortgages_count,prov-50,province,2016-09,529,mortgages,ine,2016-09-30,,2026-07-26,ok,0
mortgages_count,prov-50,province,2016-10,623,mortgages,ine,2016-10-31,,2026-07-26,ok,0
mortgages_count,prov-50,province,2016-11,555,mortgages,ine,2016-11-30,,2026-07-26,ok,0
mortgages_count,prov-50,province,2016-12,391,mortgages,ine,2016-12-31,,2026-07-26,ok,0
mortgages_count,prov-50,province,2017-01,584,mortgages,ine,2017-01-31,,2026-07-26,ok,0
mortgages_count,prov-50,province,2017-02,504,mortgages,ine,2017-02-28,,2026-07-26,ok,0
mortgages_count,prov-50,province,2017-03,507,mortgages,ine,2017-03-31,,2026-07-26,ok,0
mortgages_count,prov-50,province,2017-04,370,mortgages,ine,2017-04-30,,2026-07-26,ok,0
mortgages_count,prov-50,province,2017-05,759,mortgages,ine,2017-05-31,,2026-07-26,ok,0
mortgages_count,prov-50,province,2017-06,478,mortgages,ine,2017-06-30,,2026-07-26,ok,0
mortgages_count,prov-50,province,2017-07,822,mortgages,ine,2017-07-31,,2026-07-26,ok,0
mortgages_count,prov-50,province,2017-08,496,mortgages,ine,2017-08-31,,2026-07-26,ok,0
mortgages_count,prov-50,province,2017-09,630,mortgages,ine,2017-09-30,,2026-07-26,ok,0
mortgages_count,prov-50,province,2017-10,418,mortgages,ine,2017-10-31,,2026-07-26,ok,0
mortgages_count,prov-50,province,2017-11,499,mortgages,ine,2017-11-30,,2026-07-26,ok,0
mortgages_count,prov-50,province,2017-12,425,mortgages,ine,2017-12-31,,2026-07-26,ok,0
mortgages_count,prov-50,province,2018-01,581,mortgages,ine,2018-01-31,,2026-07-26,ok,0
mortgages_count,prov-50,province,2018-02,515,mortgages,ine,2018-02-28,,2026-07-26,ok,0
mortgages_count,prov-50,province,2018-03,660,mortgages,ine,2018-03-31,,2026-07-26,ok,0
mortgages_count,prov-50,province,2018-04,591,mortgages,ine,2018-04-30,,2026-07-26,ok,0
mortgages_count,prov-50,province,2018-05,636,mortgages,ine,2018-05-31,,2026-07-26,ok,0
mortgages_count,prov-50,province,2018-06,790,mortgages,ine,2018-06-30,,2026-07-26,ok,0
mortgages_count,prov-50,province,2018-07,555,mortgages,ine,2018-07-31,,2026-07-26,ok,0
mortgages_count,prov-50,province,2018-08,533,mortgages,ine,2018-08-31,,2026-07-26,ok,0
mortgages_count,prov-50,province,2018-09,586,mortgages,ine,2018-09-30,,2026-07-26,ok,0
mortgages_count,prov-50,province,2018-10,573,mortgages,ine,2018-10-31,,2026-07-26,ok,0
mortgages_count,prov-50,province,2018-11,530,mortgages,ine,2018-11-30,,2026-07-26,ok,0
mortgages_count,prov-50,province,2018-12,410,mortgages,ine,2018-12-31,,2026-07-26,ok,0
mortgages_count,prov-50,province,2019-01,696,mortgages,ine,2019-01-31,,2026-07-26,ok,0
mortgages_count,prov-50,province,2019-02,565,mortgages,ine,2019-02-28,,2026-07-26,ok,0
mortgages_count,prov-50,province,2019-03,524,mortgages,ine,2019-03-31,,2026-07-26,ok,0
mortgages_count,prov-50,province,2019-04,597,mortgages,ine,2019-04-30,,2026-07-26,ok,0
mortgages_count,prov-50,province,2019-05,697,mortgages,ine,2019-05-31,,2026-07-26,ok,0
mortgages_count,prov-50,province,2019-06,703,mortgages,ine,2019-06-30,,2026-07-26,ok,0
mortgages_count,prov-50,province,2019-07,724,mortgages,ine,2019-07-31,,2026-07-26,ok,0
mortgages_count,prov-50,province,2019-08,361,mortgages,ine,2019-08-31,,2026-07-26,ok,0
mortgages_count,prov-50,province,2019-09,333,mortgages,ine,2019-09-30,,2026-07-26,ok,0
mortgages_count,prov-50,province,2019-10,533,mortgages,ine,2019-10-31,,2026-07-26,ok,0
mortgages_count,prov-50,province,2019-11,555,mortgages,ine,2019-11-30,,2026-07-26,ok,0
mortgages_count,prov-50,province,2019-12,520,mortgages,ine,2019-12-31,,2026-07-26,ok,0
mortgages_count,prov-50,province,2020-01,731,mortgages,ine,2020-01-31,,2026-07-26,ok,0
mortgages_count,prov-50,province,2020-02,1108,mortgages,ine,2020-02-29,,2026-07-26,ok,0
mortgages_count,prov-50,province,2020-03,657,mortgages,ine,2020-03-31,,2026-07-26,ok,0
mortgages_count,prov-50,province,2020-04,381,mortgages,ine,2020-04-30,,2026-07-26,ok,0
mortgages_count,prov-50,province,2020-05,575,mortgages,ine,2020-05-31,,2026-07-26,ok,0
mortgages_count,prov-50,province,2020-06,510,mortgages,ine,2020-06-30,,2026-07-26,ok,0
mortgages_count,prov-50,province,2020-07,551,mortgages,ine,2020-07-31,,2026-07-26,ok,0
mortgages_count,prov-50,province,2020-08,458,mortgages,ine,2020-08-31,,2026-07-26,ok,0
mortgages_count,prov-50,province,2020-09,603,mortgages,ine,2020-09-30,,2026-07-26,ok,0
mortgages_count,prov-50,province,2020-10,597,mortgages,ine,2020-10-31,,2026-07-26,ok,0
mortgages_count,prov-50,province,2020-11,588,mortgages,ine,2020-11-30,,2026-07-26,ok,0
mortgages_count,prov-50,province,2020-12,666,mortgages,ine,2020-12-31,,2026-07-26,ok,0
mortgages_count,prov-50,province,2021-01,614,mortgages,ine,2021-01-31,,2026-07-26,ok,0
mortgages_count,prov-50,province,2021-02,749,mortgages,ine,2021-02-28,,2026-07-26,ok,0
mortgages_count,prov-50,province,2021-03,581,mortgages,ine,2021-03-31,,2026-07-26,ok,0
mortgages_count,prov-50,province,2021-04,573,mortgages,ine,2021-04-30,,2026-07-26,ok,0
mortgages_count,prov-50,province,2021-05,732,mortgages,ine,2021-05-31,,2026-07-26,ok,0
mortgages_count,prov-50,province,2021-06,973,mortgages,ine,2021-06-30,,2026-07-26,ok,0
mortgages_count,prov-50,province,2021-07,674,mortgages,ine,2021-07-31,,2026-07-26,ok,0
mortgages_count,prov-50,province,2021-08,623,mortgages,ine,2021-08-31,,2026-07-26,ok,0
mortgages_count,prov-50,province,2021-09,822,mortgages,ine,2021-09-30,,2026-07-26,ok,0
mortgages_count,prov-50,province,2021-10,588,mortgages,ine,2021-10-31,,2026-07-26,ok,0
mortgages_count,prov-50,province,2021-11,598,mortgages,ine,2021-11-30,,2026-07-26,ok,0
mortgages_count,prov-50,province,2021-12,957,mortgages,ine,2021-12-31,,2026-07-26,ok,0
mortgages_count,prov-50,province,2022-01,750,mortgages,ine,2022-01-31,,2026-07-26,ok,0
mortgages_count,prov-50,province,2022-02,690,mortgages,ine,2022-02-28,,2026-07-26,ok,0
mortgages_count,prov-50,province,2022-03,857,mortgages,ine,2022-03-31,,2026-07-26,ok,0
mortgages_count,prov-50,province,2022-04,654,mortgages,ine,2022-04-30,,2026-07-26,ok,0
mortgages_count,prov-50,province,2022-05,898,mortgages,ine,2022-05-31,,2026-07-26,ok,0
mortgages_count,prov-50,province,2022-06,984,mortgages,ine,2022-06-30,,2026-07-25,ok,0
mortgages_count,prov-50,province,2022-07,684,mortgages,ine,2022-07-31,,2026-07-25,ok,0
mortgages_count,prov-50,province,2022-08,736,mortgages,ine,2022-08-31,,2026-07-25,ok,0
mortgages_count,prov-50,province,2022-09,878,mortgages,ine,2022-09-30,,2026-07-25,ok,0
mortgages_count,prov-50,province,2022-10,886,mortgages,ine,2022-10-31,,2026-07-25,ok,0
mortgages_count,prov-50,province,2022-11,655,mortgages,ine,2022-11-30,,2026-07-25,ok,0
mortgages_count,prov-50,province,2022-12,654,mortgages,ine,2022-12-31,,2026-07-25,ok,0
mortgages_count,prov-50,province,2023-01,507,mortgages,ine,2023-01-31,,2026-07-25,ok,0
mortgages_count,prov-50,province,2023-02,743,mortgages,ine,2023-02-28,,2026-07-25,ok,0
mortgages_count,prov-50,province,2023-03,707,mortgages,ine,2023-03-31,,2026-07-25,ok,0
mortgages_count,prov-50,province,2023-04,932,mortgages,ine,2023-04-30,,2026-07-25,ok,0
mortgages_count,prov-50,province,2023-05,655,mortgages,ine,2023-05-31,,2026-07-25,ok,0
mortgages_count,prov-50,province,2023-06,635,mortgages,ine,2023-06-30,,2026-07-25,ok,0
mortgages_count,prov-50,province,2023-07,744,mortgages,ine,2023-07-31,,2026-07-25,ok,0
mortgages_count,prov-50,province,2023-08,517,mortgages,ine,2023-08-31,,2026-07-25,ok,0
mortgages_count,prov-50,province,2023-09,564,mortgages,ine,2023-09-30,,2026-07-25,ok,0
mortgages_count,prov-50,province,2023-10,478,mortgages,ine,2023-10-31,,2026-07-25,ok,0
mortgages_count,prov-50,province,2023-11,519,mortgages,ine,2023-11-30,,2026-07-25,ok,0
mortgages_count,prov-50,province,2023-12,418,mortgages,ine,2023-12-31,,2026-07-25,ok,0
mortgages_count,prov-50,province,2024-01,533,mortgages,ine,2024-01-31,,2026-07-25,ok,0
mortgages_count,prov-50,province,2024-02,789,mortgages,ine,2024-02-29,,2026-07-25,ok,0
mortgages_count,prov-50,province,2024-03,638,mortgages,ine,2024-03-31,,2026-07-25,ok,0
mortgages_count,prov-50,province,2024-04,683,mortgages,ine,2024-04-30,,2026-07-25,ok,0
mortgages_count,prov-50,province,2024-05,630,mortgages,ine,2024-05-31,,2026-07-25,ok,0
mortgages_count,prov-50,province,2024-06,513,mortgages,ine,2024-06-30,,2026-07-25,ok,0
mortgages_count,prov-50,province,2024-07,568,mortgages,ine,2024-07-31,,2026-07-25,ok,0
mortgages_count,prov-50,province,2024-08,487,mortgages,ine,2024-08-31,,2026-07-25,ok,0
mortgages_count,prov-50,province,2024-09,775,mortgages,ine,2024-09-30,,2026-07-25,ok,0
mortgages_count,prov-50,province,2024-10,1101,mortgages,ine,2024-10-31,,2026-07-25,ok,0
mortgages_count,prov-50,province,2024-11,897,mortgages,ine,2024-11-30,,2026-07-25,ok,0
mortgages_count,prov-50,province,2024-12,706,mortgages,ine,2024-12-31,,2026-07-25,ok,0
mortgages_count,prov-50,province,2025-01,778,mortgages,ine,2025-01-31,,2026-07-25,ok,0
mortgages_count,prov-50,province,2025-02,799,mortgages,ine,2025-02-28,,2026-07-25,ok,0
mortgages_count,prov-50,province,2025-03,821,mortgages,ine,2025-03-31,,2026-07-25,ok,0
mortgages_count,prov-50,province,2025-04,686,mortgages,ine,2025-04-30,,2026-07-25,ok,0
mortgages_count,prov-50,province,2025-05,805,mortgages,ine,2025-05-31,,2026-07-25,ok,0
mortgages_count,prov-50,province,2025-06,1019,mortgages,ine,2025-06-30,,2026-07-25,ok,0
mortgages_count,prov-50,province,2025-06,1014,mortgages,ine,2025-06-30,,2026-09-01,revised,1
mortgages_count,prov-50,province,2025-07,1102,mortgages,ine,2025-07-31,,2026-07-25,ok,0
mortgages_count,prov-50,province,2025-08,781,mortgages,ine,2025-08-31,,2026-07-25,ok,0
mortgages_count,prov-50,province,2025-09,999,mortgages,ine,2025-09-30,,2026-07-25,ok,0
mortgages_count,prov-50,province,2025-10,906,mortgages,ine,2025-10-31,,2026-07-25,ok,0
mortgages_count,prov-50,province,2025-11,761,mortgages,ine,2025-11-30,,2026-07-25,ok,0
mortgages_count,prov-50,province,2025-12,733,mortgages,ine,2025-12-31,,2026-07-25,ok,0
mortgages_count,prov-50,province,2026-01,592,mortgages,ine,2026-01-31,,2026-07-25,ok,0
mortgages_count,prov-50,province,2026-02,875,mortgages,ine,2026-02-28,,2026-07-25,ok,0
mortgages_count,prov-50,province,2026-03,1256,mortgages,ine,2026-03-31,,2026-07-25,ok,0
mortgages_count,prov-50,province,2026-04,735,mortgages,ine,2026-04-30,,2026-07-25,ok,0
mortgages_count,prov-50,province,2026-05,716,mortgages,ine,2026-05-31,,2026-07-25,ok,0
mortgages_count,prov-50,province,2026-06,1034,mortgages,ine,2026-06-30,,2026-09-01,ok,0
