metric_id,geo_id,geo_level,period,value,unit,source_id,observation_end,published_at,fetched_at,quality_flag,revision
osm_cafe_bar_ratio,dist-28079-01,district,2019-01,38.061,index,ohsome,2019-01-31,,2026-07-29,ok,0
osm_cafe_bar_ratio,dist-28079-01,district,2019-02,38.261,index,ohsome,2019-02-28,,2026-07-29,ok,0
osm_cafe_bar_ratio,dist-28079-01,district,2019-03,38.462,index,ohsome,2019-03-31,,2026-07-29,ok,0
osm_cafe_bar_ratio,dist-28079-01,district,2019-04,38.817,index,ohsome,2019-04-30,,2026-07-29,ok,0
osm_cafe_bar_ratio,dist-28079-01,district,2019-05,38.881,index,ohsome,2019-05-31,,2026-07-29,ok,0
osm_cafe_bar_ratio,dist-28079-01,district,2019-06,38.802,index,ohsome,2019-06-30,,2026-07-29,ok,0
osm_cafe_bar_ratio,dist-28079-01,district,2019-07,38.802,index,ohsome,2019-07-31,,2026-07-29,ok,0
osm_cafe_bar_ratio,dist-28079-01,district,2019-08,39.168,index,ohsome,2019-08-31,,2026-07-29,ok,0
osm_cafe_bar_ratio,dist-28079-01,district,2019-09,39.031,index,ohsome,2019-09-30,,2026-07-29,ok,0
osm_cafe_bar_ratio,dist-28079-01,district,2019-10,39.007,index,ohsome,2019-10-31,,2026-07-29,ok,0
osm_cafe_bar_ratio,dist-28079-01,district,2019-11,38.897,index,ohsome,2019-11-30,,2026-07-29,ok,0
osm_cafe_bar_ratio,dist-28079-01,district,2019-12,38.928,index,ohsome,2019-12-31,,2026-07-29,ok,0
osm_cafe_bar_ratio,dist-28079-01,district,2020-01,39.18,index,ohsome,2020-01-31,,2026-07-29,ok,0
osm_cafe_bar_ratio,dist-28079-01,district,2020-02,38.983,index,ohsome,2020-02-29,,2026-07-29,ok,0
osm_cafe_bar_ratio,dist-28079-01,district,2020-03,39.124,index,ohsome,2020-03-31,,2026-07-29,ok,0
osm_cafe_bar_ratio,dist-28079-01,district,2020-04,39.155,index,ohsome,2020-04-30,,2026-07-29,ok,0
osm_cafe_bar_ratio,dist-28079-01,district,2020-05,39.069,index,ohsome,2020-05-31,,2026-07-29,ok,0
osm_cafe_bar_ratio,dist-28079-01,district,2020-06,39.069,index,ohsome,2020-06-30,,2026-07-29,ok,0
osm_cafe_bar_ratio,dist-28079-01,district,2020-07,39.069,index,ohsome,2020-07-31,,2026-07-29,ok,0
osm_cafe_bar_ratio,dist-28079-01,district,2020-08,39.069,index,ohsome,2020-08-31,,2026-07-29,ok,0
osm_cafe_bar_ratio,dist-28079-01,district,2020-09,39.069,index,ohsome,2020-09-30,,2026-07-29,ok,0
osm_cafe_bar_ratio,dist-28079-01,district,2020-10,39.069,index,ohsome,2020-10-31,,2026-07-29,ok,0
osm_cafe_bar_ratio,dist-28079-01,district,2020-11,38.787,index,ohsome,2020-11-30,,2026-07-29,ok,0
osm_cafe_bar_ratio,dist-28079-01,district,2020-12,38.897,index,ohsome,2020-12-31,,2026-07-29,ok,0
osm_cafe_bar_ratio,dist-28079-01,district,2021-01,38.983,index,ohsome,2021-01-31,,2026-07-29,ok,0
osm_cafe_bar_ratio,dist-28079-01,district,2021-02,38.732,index,ohsome,2021-02-28,,2026-07-29,ok,0
osm_cafe_bar_ratio,dist-28079-01,district,2021-03,38.678,index,ohsome,2021-03-31,,2026-07-29,ok,0
osm_cafe_bar_ratio,dist-28079-01,district,2021-04,38.71,index,ohsome,2021-04-30,,2026-07-29,ok,0
osm_cafe_bar_ratio,dist-28079-01,district,2021-05,38.71,index,ohsome,2021-05-31,,2026-07-29,ok,0
osm_cafe_bar_ratio,dist-28079-01,district,2021-06,38.881,index,ohsome,2021-06-30,,2026-07-29,ok,0
osm_cafe_bar_ratio,dist-28079-01,district,2021-07,38.912,index,ohsome,2021-07-31,,2026-07-29,ok,0
osm_cafe_bar_ratio,dist-28079-01,district,2021-08,39.167,index,ohsome,2021-08-31,,2026-07-29,ok,0
osm_cafe_bar_ratio,dist-28079-01,district,2021-09,39.197,index,ohsome,2021-09-30,,2026-07-29,ok,0
osm_cafe_bar_ratio,dist-28079-01,district,2021-10,39.034,index,ohsome,2021-10-31,,2026-07-29,ok,0
osm_cafe_bar_ratio,dist-28079-01,district,2021-11,40.138,index,ohsome,2021-11-30,,2026-07-29,ok,0
osm_cafe_bar_ratio,dist-28079-01,district,2021-12,40.138,index,ohsome,2021-12-31,,2026-07-29,ok,0
osm_cafe_bar_ratio,dist-28079-01,district,2022-01,40.387,index,ohsome,2022-01-31,,2026-07-29,ok,0
osm_cafe_bar_ratio,dist-28079-01,district,2022-02,40.111,index,ohsome,2022-02-28,,2026-07-29,ok,0
osm_cafe_bar_ratio,dist-28079-01,district,2022-03,40.249,index,ohsome,2022-03-31,,2026-07-29,ok,0
osm_cafe_bar_ratio,dist-28079-01,district,2022-04,40.608,index,ohsome,2022-04-30,,2026-07-29,ok,0
osm_cafe_bar_ratio,dist-28079-01,district,2022-05,40.608,index,ohsome,2022-05-31,,2026-07-29,ok,0
osm_cafe_bar_ratio,dist-28079-01,district,2022-06,40.578,index,ohsome,2022-06-30,,2026-07-29,ok,0
osm_cafe_bar_ratio,dist-28079-01,district,2022-07,41.233,index,ohsome,2022-07-31,,2026-07-29,ok,0
osm_cafe_bar_ratio,dist-28079-01,district,2022-08,41.689,index,ohsome,2022-08-31,,2026-07-29,ok,0
osm_cafe_bar_ratio,dist-28079-01,district,2022-09,41.803,index,ohsome,2022-09-30,,2026-07-29,ok,0
osm_cafe_bar_ratio,dist-28079-01,district,2022-10,41.667,index,ohsome,2022-10-31,,2026-07-29,ok,0
osm_cafe_bar_ratio,dist-28079-01,district,2022-11,41.746,index,ohsome,2022-11-30,,2026-07-29,ok,0
osm_cafe_bar_ratio,dist-28079-01,district,2022-12,41.746,index,ohsome,2022-12-31,,2026-07-29,ok,0
osm_cafe_bar_ratio,dist-28079-01,district,2023-01,41.633,index,ohsome,2023-01-31,,2026-07-29,ok,0
osm_cafe_bar_ratio,dist-28079-01,district,2023-02,41.05,index,ohsome,2023-02-28,,2026-07-29,ok,0
osm_cafe_bar_ratio,dist-28079-01,district,2023-03,41.263,index,ohsome,2023-03-31,,2026-07-29,ok,0
osm_cafe_bar_ratio,dist-28079-01,district,2023-04,41.153,index,ohsome,2023-04-30,,2026-07-29,ok,0
osm_cafe_bar_ratio,dist-28079-01,district,2023-05,41.477,index,ohsome,2023-05-31,,2026-07-29,ok,0
osm_cafe_bar_ratio,dist-28079-01,district,2023-06,41.801,index,ohsome,2023-06-30,,2026-07-29,ok,0
osm_cafe_bar_ratio,dist-28079-01,district,2023-07,41.857,index,ohsome,2023-07-31,,2026-07-29,ok,0
osm_cafe_bar_ratio,dist-28079-01,district,2023-08,42.07,index,ohsome,2023-08-31,,2026-07-29,ok,0
osm_cafe_bar_ratio,dist-28079-01,district,2023-09,42.303,index,ohsome,2023-09-30,,2026-07-29,ok,0
osm_cafe_bar_ratio,dist-28079-01,district,2023-10,43.758,index,ohsome,2023-10-31,,2026-07-29,ok,0
osm_cafe_bar_ratio,dist-28079-01,district,2023-11,43.7,index,ohsome,2023-11-30,,2026-07-29,ok,0
osm_cafe_bar_ratio,dist-28079-01,district,2023-12,43.542,index,ohsome,2023-12-31,,2026-07-29,ok,0
osm_cafe_bar_ratio,dist-28079-01,district,2024-01,43.542,index,ohsome,2024-01-31,,2026-07-29,ok,0
osm_cafe_bar_ratio,dist-28079-01,district,2024-02,43.958,index,ohsome,2024-02-29,,2026-07-29,ok,0
osm_cafe_bar_ratio,dist-28079-01,district,2024-03,43.634,index,ohsome,2024-03-31,,2026-07-29,ok,0
osm_cafe_bar_ratio,dist-28079-01,district,2024-04,43.989,index,ohsome,2024-04-30,,2026-07-29,ok,0
osm_cafe_bar_ratio,dist-28079-01,district,2024-05,43.947,index,ohsome,2024-05-31,,2026-07-29,ok,0
osm_cafe_bar_ratio,dist-28079-01,district,2024-06,44.079,index,ohsome,2024-06-30,,2026-07-29,ok,0
osm_cafe_bar_ratio,dist-28079-01,district,2024-07,44.269,index,ohsome,2024-07-31,,2026-07-29,ok,0
osm_cafe_bar_ratio,dist-28079-01,district,2024-08,45.263,index,ohsome,2024-08-31,,2026-07-29,ok,0
osm_cafe_bar_ratio,dist-28079-01,district,2024-09,44.967,index,ohsome,2024-09-30,,2026-07-29,ok,0
osm_cafe_bar_ratio,dist-28079-01,district,2024-10,45.3,index,ohsome,2024-10-31,,2026-07-29,ok,0
osm_cafe_bar_ratio,dist-28079-01,district,2024-11,45.55,index,ohsome,2024-11-30,,2026-07-29,ok,0
osm_cafe_bar_ratio,dist-28079-01,district,2024-12,45.216,index,ohsome,2024-12-31,,2026-07-29,ok,0
osm_cafe_bar_ratio,dist-28079-01,district,2025-01,45.419,index,ohsome,2025-01-31,,2026-07-29,ok,0
osm_cafe_bar_ratio,dist-28079-01,district,2025-02,45.55,index,ohsome,2025-02-28,,2026-07-29,ok,0
osm_cafe_bar_ratio,dist-28079-01,district,2025-03,45.74,index,ohsome,2025-03-31,,2026-07-29,ok,0
osm_cafe_bar_ratio,dist-28079-01,district,2025-04,46.094,index,ohsome,2025-04-30,,2026-07-29,ok,0
osm_cafe_bar_ratio,dist-28079-01,district,2025-05,46.615,index,ohsome,2025-05-31,,2026-07-29,ok,0
osm_cafe_bar_ratio,dist-28079-01,district,2025-06,46.944,index,ohsome,2025-06-30,,2026-07-29,ok,0
osm_cafe_bar_ratio,dist-28079-01,district,2025-07,47.334,index,ohsome,2025-07-31,,2026-07-29,ok,0
osm_cafe_bar_ratio,dist-28079-01,district,2025-08,47.013,index,ohsome,2025-08-31,,2026-07-29,ok,0
osm_cafe_bar_ratio,dist-28079-01,district,2025-09,47.348,index,ohsome,2025-09-30,,2026-07-29,ok,0
osm_cafe_bar_ratio,dist-28079-01,district,2025-10,48.191,index,ohsome,2025-10-31,,2026-07-29,ok,0
osm_cafe_bar_ratio,dist-28079-01,district,2025-11,47.821,index,ohsome,2025-11-30,,2026-07-29,ok,0
osm_cafe_bar_ratio,dist-28079-01,district,2025-12,48.124,index,ohsome,2025-12-31,,2026-07-29,ok,0
osm_cafe_bar_ratio,dist-28079-01,district,2026-01,48.32,index,ohsome,2026-01-31,,2026-07-29,ok,0
osm_cafe_bar_ratio,dist-28079-01,district,2026-02,48.512,index,ohsome,2026-02-28,,2026-07-29,ok,0
osm_cafe_bar_ratio,dist-28079-01,district,2026-03,48.642,index,ohsome,2026-03-31,,2026-07-29,ok,0
osm_cafe_bar_ratio,dist-28079-01,district,2026-04,48.705,index,ohsome,2026-04-30,,2026-07-29,ok,0
osm_cafe_bar_ratio,dist-28079-01,district,2026-05,48.903,index,ohsome,2026-05-31,,2026-07-29,ok,0
osm_cafe_bar_ratio,dist-28079-01,district,2026-06,49.419,index,ohsome,2026-06-30,,2026-07-29,ok,0
osm_cafe_bar_ratio,dist-28079-02,district,2019-01,35.831,index,ohsome,2019-01-31,,2026-07-29,ok,0
osm_cafe_bar_ratio,dist-28079-02,district,2019-02,36.039,index,ohsome,2019-02-28,,2026-07-29,ok,0
osm_cafe_bar_ratio,dist-28079-02,district,2019-03,36.57,index,ohsome,2019-03-31,,2026-07-29,ok,0
osm_cafe_bar_ratio,dist-28079-02,district,2019-04,37.419,index,ohsome,2019-04-30,,2026-07-29,ok,0
osm_cafe_bar_ratio,dist-28079-02,district,2019-05,37.778,index,ohsome,2019-05-31,,2026-07-29,ok,0
osm_cafe_bar_ratio,dist-28079-02,district,2019-06,37.931,index,ohsome,2019-06-30,,2026-07-29,ok,0
osm_cafe_bar_ratio,dist-28079-02,district,2019-07,37.931,index,ohsome,2019-07-31,,2026-07-29,ok,0
osm_cafe_bar_ratio,dist-28079-02,district,2019-08,37.931,index,ohsome,2019-08-31,,2026-07-29,ok,0
osm_cafe_bar_ratio,dist-28079-02,district,2019-09,37.771,index,ohsome,2019-09-30,,2026-07-29,ok,0
osm_cafe_bar_ratio,dist-28079-02,district,2019-10,37.846,index,ohsome,2019-10-31,,2026-07-29,ok,0
osm_cafe_bar_ratio,dist-28079-02,district,2019-11,37.73,index,ohsome,2019-11-30,,2026-07-29,ok,0
osm_cafe_bar_ratio,dist-28079-02,district,2019-12,38.72,index,ohsome,2019-12-31,,2026-07-29,ok,0
osm_cafe_bar_ratio,dist-28079-02,district,2020-01,38.65,index,ohsome,2020-01-31,,2026-07-29,ok,0
osm_cafe_bar_ratio,dist-28079-02,district,2020-02,38.226,index,ohsome,2020-02-29,,2026-07-29,ok,0
osm_cafe_bar_ratio,dist-28079-02,district,2020-03,38.226,index,ohsome,2020-03-31,,2026-07-29,ok,0
osm_cafe_bar_ratio,dist-28079-02,district,2020-04,38.226,index,ohsome,2020-04-30,,2026-07-29,ok,0
osm_cafe_bar_ratio,dist-28079-02,district,2020-05,38.462,index,ohsome,2020-05-31,,2026-07-29,ok,0
osm_cafe_bar_ratio,dist-28079-02,district,2020-06,38.769,index,ohsome,2020-06-30,,2026-07-29,ok,0
osm_cafe_bar_ratio,dist-28079-02,district,2020-07,38.769,index,ohsome,2020-07-31,,2026-07-29,ok,0
osm_cafe_bar_ratio,dist-28079-02,district,2020-08,38.769,index,ohsome,2020-08-31,,2026-07-29,ok,0
osm_cafe_bar_ratio,dist-28079-02,district,2020-09,38.462,index,ohsome,2020-09-30,,2026-07-29,ok,0
osm_cafe_bar_ratio,dist-28079-02,district,2020-10,38.226,index,ohsome,2020-10-31,,2026-07-29,ok,0
osm_cafe_bar_ratio,dist-28079-02,district,2020-11,38.344,index,ohsome,2020-11-30,,2026-07-29,ok,0
osm_cafe_bar_ratio,dist-28079-02,district,2020-12,38.11,index,ohsome,2020-12-31,,2026-07-29,ok,0
osm_cafe_bar_ratio,dist-28079-02,district,2021-01,38.532,index,ohsome,2021-01-31,,2026-07-29,ok,0
osm_cafe_bar_ratio,dist-28079-02,district,2021-02,38.182,index,ohsome,2021-02-28,,2026-07-29,ok,0
osm_cafe_bar_ratio,dist-28079-02,district,2021-03,38.066,index,ohsome,2021-03-31,,2026-07-29,ok,0
osm_cafe_bar_ratio,dist-28079-02,district,2021-04,37.612,index,ohsome,2021-04-30,,2026-07-29,ok,0
osm_cafe_bar_ratio,dist-28079-02,district,2021-05,37.725,index,ohsome,2021-05-31,,2026-07-29,ok,0
osm_cafe_bar_ratio,dist-28079-02,district,2021-06,37.798,index,ohsome,2021-06-30,,2026-07-29,ok,0
osm_cafe_bar_ratio,dist-28079-02,district,2021-07,37.941,index,ohsome,2021-07-31,,2026-07-29,ok,0
osm_cafe_bar_ratio,dist-28079-02,district,2021-08,38.192,index,ohsome,2021-08-31,,2026-07-29,ok,0
osm_cafe_bar_ratio,dist-28079-02,district,2021-09,38.081,index,ohsome,2021-09-30,,2026-07-29,ok,0
osm_cafe_bar_ratio,dist-28079-02,district,2021-10,37.861,index,ohsome,2021-10-31,,2026-07-29,ok,0
osm_cafe_bar_ratio,dist-28079-02,district,2021-11,38.439,index,ohsome,2021-11-30,,2026-07-29,ok,0
osm_cafe_bar_ratio,dist-28079-02,district,2021-12,38.439,index,ohsome,2021-12-31,,2026-07-29,ok,0
osm_cafe_bar_ratio,dist-28079-02,district,2022-01,38.953,index,ohsome,2022-01-31,,2026-07-29,ok,0
osm_cafe_bar_ratio,dist-28079-02,district,2022-02,38.841,index,ohsome,2022-02-28,,2026-07-29,ok,0
osm_cafe_bar_ratio,dist-28079-02,district,2022-03,39.143,index,ohsome,2022-03-31,,2026-07-29,ok,0
osm_cafe_bar_ratio,dist-28079-02,district,2022-04,38.746,index,ohsome,2022-04-30,,2026-07-29,ok,0
osm_cafe_bar_ratio,dist-28079-02,district,2022-05,38.746,index,ohsome,2022-05-31,,2026-07-29,ok,0
osm_cafe_bar_ratio,dist-28079-02,district,2022-06,39.496,index,ohsome,2022-06-30,,2026-07-29,ok,0
osm_cafe_bar_ratio,dist-28079-02,district,2022-07,40,index,ohsome,2022-07-31,,2026-07-29,ok,0
osm_cafe_bar_ratio,dist-28079-02,district,2022-08,40.548,index,ohsome,2022-08-31,,2026-07-29,ok,0
osm_cafe_bar_ratio,dist-28079-02,district,2022-09,41.484,index,ohsome,2022-09-30,,2026-07-29,ok,0
osm_cafe_bar_ratio,dist-28079-02,district,2022-10,41.484,index,ohsome,2022-10-31,,2026-07-29,ok,0
osm_cafe_bar_ratio,dist-28079-02,district,2022-11,41.484,index,ohsome,2022-11-30,,2026-07-29,ok,0
osm_cafe_bar_ratio,dist-28079-02,district,2022-12,41.644,index,ohsome,2022-12-31,,2026-07-29,ok,0
osm_cafe_bar_ratio,dist-28079-02,district,2023-01,41.53,index,ohsome,2023-01-31,,2026-07-29,ok,0
osm_cafe_bar_ratio,dist-28079-02,district,2023-02,41.192,index,ohsome,2023-02-28,,2026-07-29,ok,0
osm_cafe_bar_ratio,dist-28079-02,district,2023-03,41.24,index,ohsome,2023-03-31,,2026-07-29,ok,0
osm_cafe_bar_ratio,dist-28079-02,district,2023-04,40.751,index,ohsome,2023-04-30,,2026-07-29,ok,0
osm_cafe_bar_ratio,dist-28079-02,district,2023-05,41.067,index,ohsome,2023-05-31,,2026-07-29,ok,0
osm_cafe_bar_ratio,dist-28079-02,district,2023-06,41.799,index,ohsome,2023-06-30,,2026-07-29,ok,0
osm_cafe_bar_ratio,dist-28079-02,district,2023-07,41.799,index,ohsome,2023-07-31,,2026-07-29,ok,0
osm_cafe_bar_ratio,dist-28079-02,district,2023-08,42.216,index,ohsome,2023-08-31,,2026-07-29,ok,0
osm_cafe_bar_ratio,dist-28079-02,district,2023-09,42.257,index,ohsome,2023-09-30,,2026-07-29,ok,0
osm_cafe_bar_ratio,dist-28079-02,district,2023-10,41.582,index,ohsome,2023-10-31,,2026-07-29,ok,0
osm_cafe_bar_ratio,dist-28079-02,district,2023-11,41.147,index,ohsome,2023-11-30,,2026-07-29,ok,0
osm_cafe_bar_ratio,dist-28079-02,district,2023-12,40.587,index,ohsome,2023-12-31,,2026-07-29,ok,0
osm_cafe_bar_ratio,dist-28079-02,district,2024-01,40.587,index,ohsome,2024-01-31,,2026-07-29,ok,0
osm_cafe_bar_ratio,dist-28079-02,district,2024-02,41.32,index,ohsome,2024-02-29,,2026-07-29,ok,0
osm_cafe_bar_ratio,dist-28079-02,district,2024-03,41.523,index,ohsome,2024-03-31,,2026-07-29,ok,0
osm_cafe_bar_ratio,dist-28079-02,district,2024-04,41.748,index,ohsome,2024-04-30,,2026-07-29,ok,0
osm_cafe_bar_ratio,dist-28079-02,district,2024-05,41.587,index,ohsome,2024-05-31,,2026-07-29,ok,0
osm_cafe_bar_ratio,dist-28079-02,district,2024-06,42.067,index,ohsome,2024-06-30,,2026-07-29,ok,0
osm_cafe_bar_ratio,dist-28079-02,district,2024-07,42.344,index,ohsome,2024-07-31,,2026-07-29,ok,0
osm_cafe_bar_ratio,dist-28079-02,district,2024-08,43.571,index,ohsome,2024-08-31,,2026-07-29,ok,0
osm_cafe_bar_ratio,dist-28079-02,district,2024-09,43.396,index,ohsome,2024-09-30,,2026-07-29,ok,0
osm_cafe_bar_ratio,dist-28079-02,district,2024-10,44.104,index,ohsome,2024-10-31,,2026-07-29,ok,0
osm_cafe_bar_ratio,dist-28079-02,district,2024-11,44.313,index,ohsome,2024-11-30,,2026-07-29,ok,0
osm_cafe_bar_ratio,dist-28079-02,district,2024-12,44.656,index,ohsome,2024-12-31,,2026-07-29,ok,0
osm_cafe_bar_ratio,dist-28079-02,district,2025-01,45.176,index,ohsome,2025-01-31,,2026-07-29,ok,0
osm_cafe_bar_ratio,dist-28079-02,district,2025-02,45.755,index,ohsome,2025-02-28,,2026-07-29,ok,0
osm_cafe_bar_ratio,dist-28079-02,district,2025-03,45.863,index,ohsome,2025-03-31,,2026-07-29,ok,0
osm_cafe_bar_ratio,dist-28079-02,district,2025-04,47.332,index,ohsome,2025-04-30,,2026-07-29,ok,0
osm_cafe_bar_ratio,dist-28079-02,district,2025-05,48.837,index,ohsome,2025-05-31,,2026-07-29,ok,0
osm_cafe_bar_ratio,dist-28079-02,district,2025-06,49.184,index,ohsome,2025-06-30,,2026-07-29,ok,0
osm_cafe_bar_ratio,dist-28079-02,district,2025-07,49.657,index,ohsome,2025-07-31,,2026-07-29,ok,0
osm_cafe_bar_ratio,dist-28079-02,district,2025-08,49.095,index,ohsome,2025-08-31,,2026-07-29,ok,0
osm_cafe_bar_ratio,dist-28079-02,district,2025-09,49.438,index,ohsome,2025-09-30,,2026-07-29,ok,0
osm_cafe_bar_ratio,dist-28079-02,district,2025-10,49.446,index,ohsome,2025-10-31,,2026-07-29,ok,0
osm_cafe_bar_ratio,dist-28079-02,district,2025-11,49.011,index,ohsome,2025-11-30,,2026-07-29,ok,0
osm_cafe_bar_ratio,dist-28079-02,district,2025-12,49.011,index,ohsome,2025-12-31,,2026-07-29,ok,0
osm_cafe_bar_ratio,dist-28079-02,district,2026-01,49.451,index,ohsome,2026-01-31,,2026-07-29,ok,0
osm_cafe_bar_ratio,dist-28079-02,district,2026-02,49.345,index,ohsome,2026-02-28,,2026-07-29,ok,0
osm_cafe_bar_ratio,dist-28079-02,district,2026-03,49.237,index,ohsome,2026-03-31,,2026-07-29,ok,0
osm_cafe_bar_ratio,dist-28079-02,district,2026-04,49.675,index,ohsome,2026-04-30,,2026-07-29,ok,0
osm_cafe_bar_ratio,dist-28079-02,district,2026-05,50,index,ohsome,2026-05-31,,2026-07-29,ok,0
osm_cafe_bar_ratio,dist-28079-02,district,2026-06,50.216,index,ohsome,2026-06-30,,2026-07-29,ok,0
osm_cafe_bar_ratio,dist-28079-03,district,2019-01,112,index,ohsome,2019-01-31,,2026-07-29,ok,0
osm_cafe_bar_ratio,dist-28079-03,district,2019-02,109.804,index,ohsome,2019-02-28,,2026-07-29,ok,0
osm_cafe_bar_ratio,dist-28079-03,district,2019-03,111.765,index,ohsome,2019-03-31,,2026-07-29,ok,0
osm_cafe_bar_ratio,dist-28079-03,district,2019-04,109.615,index,ohsome,2019-04-30,,2026-07-29,ok,0
osm_cafe_bar_ratio,dist-28079-03,district,2019-05,123.529,index,ohsome,2019-05-31,,2026-07-29,ok,0
osm_cafe_bar_ratio,dist-28079-03,district,2019-06,120.755,index,ohsome,2019-06-30,,2026-07-29,ok,0
osm_cafe_bar_ratio,dist-28079-03,district,2019-07,118.519,index,ohsome,2019-07-31,,2026-07-29,ok,0
osm_cafe_bar_ratio,dist-28079-03,district,2019-08,116.071,index,ohsome,2019-08-31,,2026-07-29,ok,0
osm_cafe_bar_ratio,dist-28079-03,district,2019-09,113.793,index,ohsome,2019-09-30,,2026-07-29,ok,0
osm_cafe_bar_ratio,dist-28079-03,district,2019-10,113.793,index,ohsome,2019-10-31,,2026-07-29,ok,0
osm_cafe_bar_ratio,dist-28079-03,district,2019-11,113.793,index,ohsome,2019-11-30,,2026-07-29,ok,0
osm_cafe_bar_ratio,dist-28079-03,district,2019-12,118.644,index,ohsome,2019-12-31,,2026-07-29,ok,0
osm_cafe_bar_ratio,dist-28079-03,district,2020-01,118.644,index,ohsome,2020-01-31,,2026-07-29,ok,0
osm_cafe_bar_ratio,dist-28079-03,district,2020-02,116.667,index,ohsome,2020-02-29,,2026-07-29,ok,0
osm_cafe_bar_ratio,dist-28079-03,district,2020-03,116.667,index,ohsome,2020-03-31,,2026-07-29,ok,0
osm_cafe_bar_ratio,dist-28079-03,district,2020-04,116.393,index,ohsome,2020-04-30,,2026-07-29,ok,0
osm_cafe_bar_ratio,dist-28079-03,district,2020-05,116.393,index,ohsome,2020-05-31,,2026-07-29,ok,0
osm_cafe_bar_ratio,dist-28079-03,district,2020-06,116.393,index,ohsome,2020-06-30,,2026-07-29,ok,0
osm_cafe_bar_ratio,dist-28079-03,district,2020-07,118.033,index,ohsome,2020-07-31,,2026-07-29,ok,0
osm_cafe_bar_ratio,dist-28079-03,district,2020-08,118.033,index,ohsome,2020-08-31,,2026-07-29,ok,0
osm_cafe_bar_ratio,dist-28079-03,district,2020-09,118.033,index,ohsome,2020-09-30,,2026-07-29,ok,0
osm_cafe_bar_ratio,dist-28079-03,district,2020-10,118.033,index,ohsome,2020-10-31,,2026-07-29,ok,0
osm_cafe_bar_ratio,dist-28079-03,district,2020-11,114.754,index,ohsome,2020-11-30,,2026-07-29,ok,0
osm_cafe_bar_ratio,dist-28079-03,district,2020-12,116.393,index,ohsome,2020-12-31,,2026-07-29,ok,0
osm_cafe_bar_ratio,dist-28079-03,district,2021-01,118.333,index,ohsome,2021-01-31,,2026-07-29,ok,0
osm_cafe_bar_ratio,dist-28079-03,district,2021-02,118.333,index,ohsome,2021-02-28,,2026-07-29,ok,0
osm_cafe_bar_ratio,dist-28079-03,district,2021-03,120,index,ohsome,2021-03-31,,2026-07-29,ok,0
osm_cafe_bar_ratio,dist-28079-03,district,2021-04,118.033,index,ohsome,2021-04-30,,2026-07-29,ok,0
osm_cafe_bar_ratio,dist-28079-03,district,2021-05,118.033,index,ohsome,2021-05-31,,2026-07-29,ok,0
osm_cafe_bar_ratio,dist-28079-03,district,2021-06,118.033,index,ohsome,2021-06-30,,2026-07-29,ok,0
osm_cafe_bar_ratio,dist-28079-03,district,2021-07,116.129,index,ohsome,2021-07-31,,2026-07-29,ok,0
osm_cafe_bar_ratio,dist-28079-03,district,2021-08,116.129,index,ohsome,2021-08-31,,2026-07-29,ok,0
osm_cafe_bar_ratio,dist-28079-03,district,2021-09,116.129,index,ohsome,2021-09-30,,2026-07-29,ok,0
osm_cafe_bar_ratio,dist-28079-03,district,2021-10,116.129,index,ohsome,2021-10-31,,2026-07-29,ok,0
osm_cafe_bar_ratio,dist-28079-03,district,2021-11,117.742,index,ohsome,2021-11-30,,2026-07-29,ok,0
osm_cafe_bar_ratio,dist-28079-03,district,2021-12,117.742,index,ohsome,2021-12-31,,2026-07-29,ok,0
osm_cafe_bar_ratio,dist-28079-03,district,2022-01,116.129,index,ohsome,2022-01-31,,2026-07-29,ok,0
osm_cafe_bar_ratio,dist-28079-03,district,2022-02,114.286,index,ohsome,2022-02-28,,2026-07-29,ok,0
osm_cafe_bar_ratio,dist-28079-03,district,2022-03,112.308,index,ohsome,2022-03-31,,2026-07-29,ok,0
osm_cafe_bar_ratio,dist-28079-03,district,2022-04,109.231,index,ohsome,2022-04-30,,2026-07-29,ok,0
osm_cafe_bar_ratio,dist-28079-03,district,2022-05,107.353,index,ohsome,2022-05-31,,2026-07-29,ok,0
osm_cafe_bar_ratio,dist-28079-03,district,2022-06,104.286,index,ohsome,2022-06-30,,2026-07-29,ok,0
osm_cafe_bar_ratio,dist-28079-03,district,2022-07,100,index,ohsome,2022-07-31,,2026-07-29,ok,0
osm_cafe_bar_ratio,dist-28079-03,district,2022-08,105.634,index,ohsome,2022-08-31,,2026-07-29,ok,0
osm_cafe_bar_ratio,dist-28079-03,district,2022-09,105.634,index,ohsome,2022-09-30,,2026-07-29,ok,0
osm_cafe_bar_ratio,dist-28079-03,district,2022-10,105.634,index,ohsome,2022-10-31,,2026-07-29,ok,0
osm_cafe_bar_ratio,dist-28079-03,district,2022-11,105.634,index,ohsome,2022-11-30,,2026-07-29,ok,0
osm_cafe_bar_ratio,dist-28079-03,district,2022-12,105.556,index,ohsome,2022-12-31,,2026-07-29,ok,0
osm_cafe_bar_ratio,dist-28079-03,district,2023-01,104.11,index,ohsome,2023-01-31,,2026-07-29,ok,0
osm_cafe_bar_ratio,dist-28079-03,district,2023-02,101.351,index,ohsome,2023-02-28,,2026-07-29,ok,0
osm_cafe_bar_ratio,dist-28079-03,district,2023-03,101.351,index,ohsome,2023-03-31,,2026-07-29,ok,0
osm_cafe_bar_ratio,dist-28079-03,district,2023-04,98.667,index,ohsome,2023-04-30,,2026-07-29,ok,0
osm_cafe_bar_ratio,dist-28079-03,district,2023-05,98.667,index,ohsome,2023-05-31,,2026-07-29,ok,0
osm_cafe_bar_ratio,dist-28079-03,district,2023-06,96.154,index,ohsome,2023-06-30,,2026-07-29,ok,0
osm_cafe_bar_ratio,dist-28079-03,district,2023-07,97.436,index,ohsome,2023-07-31,,2026-07-29,ok,0
osm_cafe_bar_ratio,dist-28079-03,district,2023-08,98.718,index,ohsome,2023-08-31,,2026-07-29,ok,0
osm_cafe_bar_ratio,dist-28079-03,district,2023-09,96.25,index,ohsome,2023-09-30,,2026-07-29,ok,0
osm_cafe_bar_ratio,dist-28079-03,district,2023-10,100,index,ohsome,2023-10-31,,2026-07-29,ok,0
osm_cafe_bar_ratio,dist-28079-03,district,2023-11,101.266,index,ohsome,2023-11-30,,2026-07-29,ok,0
osm_cafe_bar_ratio,dist-28079-03,district,2023-12,102.532,index,ohsome,2023-12-31,,2026-07-29,ok,0
osm_cafe_bar_ratio,dist-28079-03,district,2024-01,101.25,index,ohsome,2024-01-31,,2026-07-29,ok,0
osm_cafe_bar_ratio,dist-28079-03,district,2024-02,105.063,index,ohsome,2024-02-29,,2026-07-29,ok,0
osm_cafe_bar_ratio,dist-28079-03,district,2024-03,106.329,index,ohsome,2024-03-31,,2026-07-29,ok,0
osm_cafe_bar_ratio,dist-28079-03,district,2024-04,103.659,index,ohsome,2024-04-30,,2026-07-29,ok,0
osm_cafe_bar_ratio,dist-28079-03,district,2024-05,103.614,index,ohsome,2024-05-31,,2026-07-29,ok,0
osm_cafe_bar_ratio,dist-28079-03,district,2024-06,104.819,index,ohsome,2024-06-30,,2026-07-29,ok,0
osm_cafe_bar_ratio,dist-28079-03,district,2024-07,102.353,index,ohsome,2024-07-31,,2026-07-29,ok,0
osm_cafe_bar_ratio,dist-28079-03,district,2024-08,107.059,index,ohsome,2024-08-31,,2026-07-29,ok,0
osm_cafe_bar_ratio,dist-28079-03,district,2024-09,108.235,index,ohsome,2024-09-30,,2026-07-29,ok,0
osm_cafe_bar_ratio,dist-28079-03,district,2024-10,109.524,index,ohsome,2024-10-31,,2026-07-29,ok,0
osm_cafe_bar_ratio,dist-28079-03,district,2024-11,112.048,index,ohsome,2024-11-30,,2026-07-29,ok,0
osm_cafe_bar_ratio,dist-28079-03,district,2024-12,110.843,index,ohsome,2024-12-31,,2026-07-29,ok,0
osm_cafe_bar_ratio,dist-28079-03,district,2025-01,115.663,index,ohsome,2025-01-31,,2026-07-29,ok,0
osm_cafe_bar_ratio,dist-28079-03,district,2025-02,115.476,index,ohsome,2025-02-28,,2026-07-29,ok,0
osm_cafe_bar_ratio,dist-28079-03,district,2025-03,114.118,index,ohsome,2025-03-31,,2026-07-29,ok,0
osm_cafe_bar_ratio,dist-28079-03,district,2025-04,111.364,index,ohsome,2025-04-30,,2026-07-29,ok,0
osm_cafe_bar_ratio,dist-28079-03,district,2025-05,112.5,index,ohsome,2025-05-31,,2026-07-29,ok,0
osm_cafe_bar_ratio,dist-28079-03,district,2025-06,113.636,index,ohsome,2025-06-30,,2026-07-29,ok,0
osm_cafe_bar_ratio,dist-28079-03,district,2025-07,113.187,index,ohsome,2025-07-31,,2026-07-29,ok,0
osm_cafe_bar_ratio,dist-28079-03,district,2025-08,111.828,index,ohsome,2025-08-31,,2026-07-29,ok,0
osm_cafe_bar_ratio,dist-28079-03,district,2025-09,111.458,index,ohsome,2025-09-30,,2026-07-29,ok,0
osm_cafe_bar_ratio,dist-28079-03,district,2025-10,112.5,index,ohsome,2025-10-31,,2026-07-29,ok,0
osm_cafe_bar_ratio,dist-28079-03,district,2025-11,112.5,index,ohsome,2025-11-30,,2026-07-29,ok,0
osm_cafe_bar_ratio,dist-28079-03,district,2025-12,111.34,index,ohsome,2025-12-31,,2026-07-29,ok,0
osm_cafe_bar_ratio,dist-28079-03,district,2026-01,111.34,index,ohsome,2026-01-31,,2026-07-29,ok,0
osm_cafe_bar_ratio,dist-28079-03,district,2026-02,111.224,index,ohsome,2026-02-28,,2026-07-29,ok,0
osm_cafe_bar_ratio,dist-28079-03,district,2026-03,110.101,index,ohsome,2026-03-31,,2026-07-29,ok,0
osm_cafe_bar_ratio,dist-28079-03,district,2026-04,112,index,ohsome,2026-04-30,,2026-07-29,ok,0
osm_cafe_bar_ratio,dist-28079-03,district,2026-05,111.65,index,ohsome,2026-05-31,,2026-07-29,ok,0
osm_cafe_bar_ratio,dist-28079-03,district,2026-06,110.68,index,ohsome,2026-06-30,,2026-07-29,ok,0
osm_cafe_bar_ratio,dist-28079-04,district,2019-01,54.032,index,ohsome,2019-01-31,,2026-07-29,ok,0
osm_cafe_bar_ratio,dist-28079-04,district,2019-02,56.911,index,ohsome,2019-02-28,,2026-07-29,ok,0
osm_cafe_bar_ratio,dist-28079-04,district,2019-03,56.911,index,ohsome,2019-03-31,,2026-07-29,ok,0
osm_cafe_bar_ratio,dist-28079-04,district,2019-04,57.724,index,ohsome,2019-04-30,,2026-07-29,ok,0
osm_cafe_bar_ratio,dist-28079-04,district,2019-05,58.537,index,ohsome,2019-05-31,,2026-07-29,ok,0
osm_cafe_bar_ratio,dist-28079-04,district,2019-06,60.163,index,ohsome,2019-06-30,,2026-07-29,ok,0
osm_cafe_bar_ratio,dist-28079-04,district,2019-07,61.29,index,ohsome,2019-07-31,,2026-07-29,ok,0
osm_cafe_bar_ratio,dist-28079-04,district,2019-08,60.8,index,ohsome,2019-08-31,,2026-07-29,ok,0
osm_cafe_bar_ratio,dist-28079-04,district,2019-09,60.8,index,ohsome,2019-09-30,,2026-07-29,ok,0
osm_cafe_bar_ratio,dist-28079-04,district,2019-10,60.8,index,ohsome,2019-10-31,,2026-07-29,ok,0
osm_cafe_bar_ratio,dist-28079-04,district,2019-11,60.317,index,ohsome,2019-11-30,,2026-07-29,ok,0
osm_cafe_bar_ratio,dist-28079-04,district,2019-12,60.317,index,ohsome,2019-12-31,,2026-07-29,ok,0
osm_cafe_bar_ratio,dist-28079-04,district,2020-01,60.317,index,ohsome,2020-01-31,,2026-07-29,ok,0
osm_cafe_bar_ratio,dist-28079-04,district,2020-02,59.231,index,ohsome,2020-02-29,,2026-07-29,ok,0
osm_cafe_bar_ratio,dist-28079-04,district,2020-03,59.231,index,ohsome,2020-03-31,,2026-07-29,ok,0
osm_cafe_bar_ratio,dist-28079-04,district,2020-04,60.305,index,ohsome,2020-04-30,,2026-07-29,ok,0
osm_cafe_bar_ratio,dist-28079-04,district,2020-05,59.542,index,ohsome,2020-05-31,,2026-07-29,ok,0
osm_cafe_bar_ratio,dist-28079-04,district,2020-06,59.542,index,ohsome,2020-06-30,,2026-07-29,ok,0
osm_cafe_bar_ratio,dist-28079-04,district,2020-07,59.091,index,ohsome,2020-07-31,,2026-07-29,ok,0
osm_cafe_bar_ratio,dist-28079-04,district,2020-08,58.333,index,ohsome,2020-08-31,,2026-07-29,ok,0
osm_cafe_bar_ratio,dist-28079-04,district,2020-09,58.333,index,ohsome,2020-09-30,,2026-07-29,ok,0
osm_cafe_bar_ratio,dist-28079-04,district,2020-10,58.779,index,ohsome,2020-10-31,,2026-07-29,ok,0
osm_cafe_bar_ratio,dist-28079-04,district,2020-11,58.779,index,ohsome,2020-11-30,,2026-07-29,ok,0
osm_cafe_bar_ratio,dist-28079-04,district,2020-12,58.333,index,ohsome,2020-12-31,,2026-07-29,ok,0
osm_cafe_bar_ratio,dist-28079-04,district,2021-01,58.333,index,ohsome,2021-01-31,,2026-07-29,ok,0
osm_cafe_bar_ratio,dist-28079-04,district,2021-02,57.576,index,ohsome,2021-02-28,,2026-07-29,ok,0
osm_cafe_bar_ratio,dist-28079-04,district,2021-03,57.576,index,ohsome,2021-03-31,,2026-07-29,ok,0
osm_cafe_bar_ratio,dist-28079-04,district,2021-04,57.143,index,ohsome,2021-04-30,,2026-07-29,ok,0
osm_cafe_bar_ratio,dist-28079-04,district,2021-05,56.618,index,ohsome,2021-05-31,,2026-07-29,ok,0
osm_cafe_bar_ratio,dist-28079-04,district,2021-06,56.934,index,ohsome,2021-06-30,,2026-07-29,ok,0
osm_cafe_bar_ratio,dist-28079-04,district,2021-07,57.353,index,ohsome,2021-07-31,,2026-07-29,ok,0
osm_cafe_bar_ratio,dist-28079-04,district,2021-08,56.391,index,ohsome,2021-08-31,,2026-07-29,ok,0
osm_cafe_bar_ratio,dist-28079-04,district,2021-09,56.391,index,ohsome,2021-09-30,,2026-07-29,ok,0
osm_cafe_bar_ratio,dist-28079-04,district,2021-10,56.391,index,ohsome,2021-10-31,,2026-07-29,ok,0
osm_cafe_bar_ratio,dist-28079-04,district,2021-11,58.647,index,ohsome,2021-11-30,,2026-07-29,ok,0
osm_cafe_bar_ratio,dist-28079-04,district,2021-12,58.647,index,ohsome,2021-12-31,,2026-07-29,ok,0
osm_cafe_bar_ratio,dist-28079-04,district,2022-01,59.398,index,ohsome,2022-01-31,,2026-07-29,ok,0
osm_cafe_bar_ratio,dist-28079-04,district,2022-02,60.15,index,ohsome,2022-02-28,,2026-07-29,ok,0
osm_cafe_bar_ratio,dist-28079-04,district,2022-03,60.15,index,ohsome,2022-03-31,,2026-07-29,ok,0
osm_cafe_bar_ratio,dist-28079-04,district,2022-04,60.606,index,ohsome,2022-04-30,,2026-07-29,ok,0
osm_cafe_bar_ratio,dist-28079-04,district,2022-05,62.121,index,ohsome,2022-05-31,,2026-07-29,ok,0
osm_cafe_bar_ratio,dist-28079-04,district,2022-06,61.654,index,ohsome,2022-06-30,,2026-07-29,ok,0
osm_cafe_bar_ratio,dist-28079-04,district,2022-07,60.902,index,ohsome,2022-07-31,,2026-07-29,ok,0
osm_cafe_bar_ratio,dist-28079-04,district,2022-08,61.194,index,ohsome,2022-08-31,,2026-07-29,ok,0
osm_cafe_bar_ratio,dist-28079-04,district,2022-09,61.94,index,ohsome,2022-09-30,,2026-07-29,ok,0
osm_cafe_bar_ratio,dist-28079-04,district,2022-10,61.94,index,ohsome,2022-10-31,,2026-07-29,ok,0
osm_cafe_bar_ratio,dist-28079-04,district,2022-11,61.94,index,ohsome,2022-11-30,,2026-07-29,ok,0
osm_cafe_bar_ratio,dist-28079-04,district,2022-12,61.194,index,ohsome,2022-12-31,,2026-07-29,ok,0
osm_cafe_bar_ratio,dist-28079-04,district,2023-01,61.481,index,ohsome,2023-01-31,,2026-07-29,ok,0
osm_cafe_bar_ratio,dist-28079-04,district,2023-02,62.687,index,ohsome,2023-02-28,,2026-07-29,ok,0
osm_cafe_bar_ratio,dist-28079-04,district,2023-03,62.687,index,ohsome,2023-03-31,,2026-07-29,ok,0
osm_cafe_bar_ratio,dist-28079-04,district,2023-04,63.158,index,ohsome,2023-04-30,,2026-07-29,ok,0
osm_cafe_bar_ratio,dist-28079-04,district,2023-05,63.91,index,ohsome,2023-05-31,,2026-07-29,ok,0
osm_cafe_bar_ratio,dist-28079-04,district,2023-06,64.179,index,ohsome,2023-06-30,,2026-07-29,ok,0
osm_cafe_bar_ratio,dist-28079-04,district,2023-07,64.444,index,ohsome,2023-07-31,,2026-07-29,ok,0
osm_cafe_bar_ratio,dist-28079-04,district,2023-08,64.444,index,ohsome,2023-08-31,,2026-07-29,ok,0
osm_cafe_bar_ratio,dist-28079-04,district,2023-09,64.444,index,ohsome,2023-09-30,,2026-07-29,ok,0
osm_cafe_bar_ratio,dist-28079-04,district,2023-10,65.926,index,ohsome,2023-10-31,,2026-07-29,ok,0
osm_cafe_bar_ratio,dist-28079-04,district,2023-11,66.667,index,ohsome,2023-11-30,,2026-07-29,ok,0
osm_cafe_bar_ratio,dist-28079-04,district,2023-12,66.667,index,ohsome,2023-12-31,,2026-07-29,ok,0
osm_cafe_bar_ratio,dist-28079-04,district,2024-01,67.407,index,ohsome,2024-01-31,,2026-07-29,ok,0
osm_cafe_bar_ratio,dist-28079-04,district,2024-02,67.407,index,ohsome,2024-02-29,,2026-07-29,ok,0
osm_cafe_bar_ratio,dist-28079-04,district,2024-03,67.407,index,ohsome,2024-03-31,,2026-07-29,ok,0
osm_cafe_bar_ratio,dist-28079-04,district,2024-04,67.407,index,ohsome,2024-04-30,,2026-07-29,ok,0
osm_cafe_bar_ratio,dist-28079-04,district,2024-05,67.647,index,ohsome,2024-05-31,,2026-07-29,ok,0
osm_cafe_bar_ratio,dist-28079-04,district,2024-06,64.384,index,ohsome,2024-06-30,,2026-07-29,ok,0
osm_cafe_bar_ratio,dist-28079-04,district,2024-07,63.087,index,ohsome,2024-07-31,,2026-07-29,ok,0
osm_cafe_bar_ratio,dist-28079-04,district,2024-08,62.667,index,ohsome,2024-08-31,,2026-07-29,ok,0
osm_cafe_bar_ratio,dist-28079-04,district,2024-09,64.667,index,ohsome,2024-09-30,,2026-07-29,ok,0
osm_cafe_bar_ratio,dist-28079-04,district,2024-10,66,index,ohsome,2024-10-31,,2026-07-29,ok,0
osm_cafe_bar_ratio,dist-28079-04,district,2024-11,67.333,index,ohsome,2024-11-30,,2026-07-29,ok,0
osm_cafe_bar_ratio,dist-28079-04,district,2024-12,67.333,index,ohsome,2024-12-31,,2026-07-29,ok,0
osm_cafe_bar_ratio,dist-28079-04,district,2025-01,67.55,index,ohsome,2025-01-31,,2026-07-29,ok,0
osm_cafe_bar_ratio,dist-28079-04,district,2025-02,67.763,index,ohsome,2025-02-28,,2026-07-29,ok,0
osm_cafe_bar_ratio,dist-28079-04,district,2025-03,66.447,index,ohsome,2025-03-31,,2026-07-29,ok,0
osm_cafe_bar_ratio,dist-28079-04,district,2025-04,68.421,index,ohsome,2025-04-30,,2026-07-29,ok,0
osm_cafe_bar_ratio,dist-28079-04,district,2025-05,68.212,index,ohsome,2025-05-31,,2026-07-29,ok,0
osm_cafe_bar_ratio,dist-28079-04,district,2025-06,68.874,index,ohsome,2025-06-30,,2026-07-29,ok,0
osm_cafe_bar_ratio,dist-28079-04,district,2025-07,69.536,index,ohsome,2025-07-31,,2026-07-29,ok,0
osm_cafe_bar_ratio,dist-28079-04,district,2025-08,70.861,index,ohsome,2025-08-31,,2026-07-29,ok,0
osm_cafe_bar_ratio,dist-28079-04,district,2025-09,73.333,index,ohsome,2025-09-30,,2026-07-29,ok,0
osm_cafe_bar_ratio,dist-28079-04,district,2025-10,74.667,index,ohsome,2025-10-31,,2026-07-29,ok,0
osm_cafe_bar_ratio,dist-28079-04,district,2025-11,75.333,index,ohsome,2025-11-30,,2026-07-29,ok,0
osm_cafe_bar_ratio,dist-28079-04,district,2025-12,75.497,index,ohsome,2025-12-31,,2026-07-29,ok,0
osm_cafe_bar_ratio,dist-28079-04,district,2026-01,78.146,index,ohsome,2026-01-31,,2026-07-29,ok,0
osm_cafe_bar_ratio,dist-28079-04,district,2026-02,80.132,index,ohsome,2026-02-28,,2026-07-29,ok,0
osm_cafe_bar_ratio,dist-28079-04,district,2026-03,81.457,index,ohsome,2026-03-31,,2026-07-29,ok,0
osm_cafe_bar_ratio,dist-28079-04,district,2026-04,81.457,index,ohsome,2026-04-30,,2026-07-29,ok,0
osm_cafe_bar_ratio,dist-28079-04,district,2026-05,82.237,index,ohsome,2026-05-31,,2026-07-29,ok,0
osm_cafe_bar_ratio,dist-28079-04,district,2026-06,83.553,index,ohsome,2026-06-30,,2026-07-29,ok,0
osm_cafe_bar_ratio,dist-28079-05,district,2019-01,70,index,ohsome,2019-01-31,,2026-07-29,ok,0
osm_cafe_bar_ratio,dist-28079-05,district,2019-02,68.056,index,ohsome,2019-02-28,,2026-07-29,ok,0
osm_cafe_bar_ratio,dist-28079-05,district,2019-03,67.123,index,ohsome,2019-03-31,,2026-07-29,ok,0
osm_cafe_bar_ratio,dist-28079-05,district,2019-04,68.493,index,ohsome,2019-04-30,,2026-07-29,ok,0
osm_cafe_bar_ratio,dist-28079-05,district,2019-05,68.493,index,ohsome,2019-05-31,,2026-07-29,ok,0
osm_cafe_bar_ratio,dist-28079-05,district,2019-06,71.233,index,ohsome,2019-06-30,,2026-07-29,ok,0
osm_cafe_bar_ratio,dist-28079-05,district,2019-07,71.233,index,ohsome,2019-07-31,,2026-07-29,ok,0
osm_cafe_bar_ratio,dist-28079-05,district,2019-08,72.603,index,ohsome,2019-08-31,,2026-07-29,ok,0
osm_cafe_bar_ratio,dist-28079-05,district,2019-09,70.13,index,ohsome,2019-09-30,,2026-07-29,ok,0
osm_cafe_bar_ratio,dist-28079-05,district,2019-10,69.231,index,ohsome,2019-10-31,,2026-07-29,ok,0
osm_cafe_bar_ratio,dist-28079-05,district,2019-11,68.75,index,ohsome,2019-11-30,,2026-07-29,ok,0
osm_cafe_bar_ratio,dist-28079-05,district,2019-12,70,index,ohsome,2019-12-31,,2026-07-29,ok,0
osm_cafe_bar_ratio,dist-28079-05,district,2020-01,65.854,index,ohsome,2020-01-31,,2026-07-29,ok,0
osm_cafe_bar_ratio,dist-28079-05,district,2020-02,65.476,index,ohsome,2020-02-29,,2026-07-29,ok,0
osm_cafe_bar_ratio,dist-28079-05,district,2020-03,65.476,index,ohsome,2020-03-31,,2026-07-29,ok,0
osm_cafe_bar_ratio,dist-28079-05,district,2020-04,65.882,index,ohsome,2020-04-30,,2026-07-29,ok,0
osm_cafe_bar_ratio,dist-28079-05,district,2020-05,65.882,index,ohsome,2020-05-31,,2026-07-29,ok,0
osm_cafe_bar_ratio,dist-28079-05,district,2020-06,64.368,index,ohsome,2020-06-30,,2026-07-29,ok,0
osm_cafe_bar_ratio,dist-28079-05,district,2020-07,64.368,index,ohsome,2020-07-31,,2026-07-29,ok,0
osm_cafe_bar_ratio,dist-28079-05,district,2020-08,64.368,index,ohsome,2020-08-31,,2026-07-29,ok,0
osm_cafe_bar_ratio,dist-28079-05,district,2020-09,63.218,index,ohsome,2020-09-30,,2026-07-29,ok,0
osm_cafe_bar_ratio,dist-28079-05,district,2020-10,62.069,index,ohsome,2020-10-31,,2026-07-29,ok,0
osm_cafe_bar_ratio,dist-28079-05,district,2020-11,66.667,index,ohsome,2020-11-30,,2026-07-29,ok,0
osm_cafe_bar_ratio,dist-28079-05,district,2020-12,66.667,index,ohsome,2020-12-31,,2026-07-29,ok,0
osm_cafe_bar_ratio,dist-28079-05,district,2021-01,66.667,index,ohsome,2021-01-31,,2026-07-29,ok,0
osm_cafe_bar_ratio,dist-28079-05,district,2021-02,66.667,index,ohsome,2021-02-28,,2026-07-29,ok,0
osm_cafe_bar_ratio,dist-28079-05,district,2021-03,66.667,index,ohsome,2021-03-31,,2026-07-29,ok,0
osm_cafe_bar_ratio,dist-28079-05,district,2021-04,64.045,index,ohsome,2021-04-30,,2026-07-29,ok,0
osm_cafe_bar_ratio,dist-28079-05,district,2021-05,62.366,index,ohsome,2021-05-31,,2026-07-29,ok,0
osm_cafe_bar_ratio,dist-28079-05,district,2021-06,59.184,index,ohsome,2021-06-30,,2026-07-29,ok,0
osm_cafe_bar_ratio,dist-28079-05,district,2021-07,59.184,index,ohsome,2021-07-31,,2026-07-29,ok,0
osm_cafe_bar_ratio,dist-28079-05,district,2021-08,58.763,index,ohsome,2021-08-31,,2026-07-29,ok,0
osm_cafe_bar_ratio,dist-28079-05,district,2021-09,58.763,index,ohsome,2021-09-30,,2026-07-29,ok,0
osm_cafe_bar_ratio,dist-28079-05,district,2021-10,58.763,index,ohsome,2021-10-31,,2026-07-29,ok,0
osm_cafe_bar_ratio,dist-28079-05,district,2021-11,57.576,index,ohsome,2021-11-30,,2026-07-29,ok,0
osm_cafe_bar_ratio,dist-28079-05,district,2021-12,54.455,index,ohsome,2021-12-31,,2026-07-29,ok,0
osm_cafe_bar_ratio,dist-28079-05,district,2022-01,54.455,index,ohsome,2022-01-31,,2026-07-29,ok,0
osm_cafe_bar_ratio,dist-28079-05,district,2022-02,54.455,index,ohsome,2022-02-28,,2026-07-29,ok,0
osm_cafe_bar_ratio,dist-28079-05,district,2022-03,54.455,index,ohsome,2022-03-31,,2026-07-29,ok,0
osm_cafe_bar_ratio,dist-28079-05,district,2022-04,54.455,index,ohsome,2022-04-30,,2026-07-29,ok,0
osm_cafe_bar_ratio,dist-28079-05,district,2022-05,56.436,index,ohsome,2022-05-31,,2026-07-29,ok,0
osm_cafe_bar_ratio,dist-28079-05,district,2022-06,55.34,index,ohsome,2022-06-30,,2026-07-29,ok,0
osm_cafe_bar_ratio,dist-28079-05,district,2022-07,55.882,index,ohsome,2022-07-31,,2026-07-29,ok,0
osm_cafe_bar_ratio,dist-28079-05,district,2022-08,57.843,index,ohsome,2022-08-31,,2026-07-29,ok,0
osm_cafe_bar_ratio,dist-28079-05,district,2022-09,57.843,index,ohsome,2022-09-30,,2026-07-29,ok,0
osm_cafe_bar_ratio,dist-28079-05,district,2022-10,56.731,index,ohsome,2022-10-31,,2026-07-29,ok,0
osm_cafe_bar_ratio,dist-28079-05,district,2022-11,56.731,index,ohsome,2022-11-30,,2026-07-29,ok,0
osm_cafe_bar_ratio,dist-28079-05,district,2022-12,56.731,index,ohsome,2022-12-31,,2026-07-29,ok,0
osm_cafe_bar_ratio,dist-28079-05,district,2023-01,57.692,index,ohsome,2023-01-31,,2026-07-29,ok,0
osm_cafe_bar_ratio,dist-28079-05,district,2023-02,57.143,index,ohsome,2023-02-28,,2026-07-29,ok,0
osm_cafe_bar_ratio,dist-28079-05,district,2023-03,57.143,index,ohsome,2023-03-31,,2026-07-29,ok,0
osm_cafe_bar_ratio,dist-28079-05,district,2023-04,57.692,index,ohsome,2023-04-30,,2026-07-29,ok,0
osm_cafe_bar_ratio,dist-28079-05,district,2023-05,62.857,index,ohsome,2023-05-31,,2026-07-29,ok,0
osm_cafe_bar_ratio,dist-28079-05,district,2023-06,62.857,index,ohsome,2023-06-30,,2026-07-29,ok,0
osm_cafe_bar_ratio,dist-28079-05,district,2023-07,62.857,index,ohsome,2023-07-31,,2026-07-29,ok,0
osm_cafe_bar_ratio,dist-28079-05,district,2023-08,63.81,index,ohsome,2023-08-31,,2026-07-29,ok,0
osm_cafe_bar_ratio,dist-28079-05,district,2023-09,62.264,index,ohsome,2023-09-30,,2026-07-29,ok,0
osm_cafe_bar_ratio,dist-28079-05,district,2023-10,63.551,index,ohsome,2023-10-31,,2026-07-29,ok,0
osm_cafe_bar_ratio,dist-28079-05,district,2023-11,64.151,index,ohsome,2023-11-30,,2026-07-29,ok,0
osm_cafe_bar_ratio,dist-28079-05,district,2023-12,64.151,index,ohsome,2023-12-31,,2026-07-29,ok,0
osm_cafe_bar_ratio,dist-28079-05,district,2024-01,64.151,index,ohsome,2024-01-31,,2026-07-29,ok,0
osm_cafe_bar_ratio,dist-28079-05,district,2024-02,64.151,index,ohsome,2024-02-29,,2026-07-29,ok,0
osm_cafe_bar_ratio,dist-28079-05,district,2024-03,62.963,index,ohsome,2024-03-31,,2026-07-29,ok,0
osm_cafe_bar_ratio,dist-28079-05,district,2024-04,62.963,index,ohsome,2024-04-30,,2026-07-29,ok,0
osm_cafe_bar_ratio,dist-28079-05,district,2024-05,62.963,index,ohsome,2024-05-31,,2026-07-29,ok,0
osm_cafe_bar_ratio,dist-28079-05,district,2024-06,63.889,index,ohsome,2024-06-30,,2026-07-29,ok,0
osm_cafe_bar_ratio,dist-28079-05,district,2024-07,63.303,index,ohsome,2024-07-31,,2026-07-29,ok,0
osm_cafe_bar_ratio,dist-28079-05,district,2024-08,62.727,index,ohsome,2024-08-31,,2026-07-29,ok,0
osm_cafe_bar_ratio,dist-28079-05,district,2024-09,61.607,index,ohsome,2024-09-30,,2026-07-29,ok,0
osm_cafe_bar_ratio,dist-28079-05,district,2024-10,64.286,index,ohsome,2024-10-31,,2026-07-29,ok,0
osm_cafe_bar_ratio,dist-28079-05,district,2024-11,65.179,index,ohsome,2024-11-30,,2026-07-29,ok,0
osm_cafe_bar_ratio,dist-28079-05,district,2024-12,66.667,index,ohsome,2024-12-31,,2026-07-29,ok,0
osm_cafe_bar_ratio,dist-28079-05,district,2025-01,66.957,index,ohsome,2025-01-31,,2026-07-29,ok,0
osm_cafe_bar_ratio,dist-28079-05,district,2025-02,66.379,index,ohsome,2025-02-28,,2026-07-29,ok,0
osm_cafe_bar_ratio,dist-28079-05,district,2025-03,65.517,index,ohsome,2025-03-31,,2026-07-29,ok,0
osm_cafe_bar_ratio,dist-28079-05,district,2025-04,64.957,index,ohsome,2025-04-30,,2026-07-29,ok,0
osm_cafe_bar_ratio,dist-28079-05,district,2025-05,65.517,index,ohsome,2025-05-31,,2026-07-29,ok,0
osm_cafe_bar_ratio,dist-28079-05,district,2025-06,65.517,index,ohsome,2025-06-30,,2026-07-29,ok,0
osm_cafe_bar_ratio,dist-28079-05,district,2025-07,65.812,index,ohsome,2025-07-31,,2026-07-29,ok,0
osm_cafe_bar_ratio,dist-28079-05,district,2025-08,65.812,index,ohsome,2025-08-31,,2026-07-29,ok,0
osm_cafe_bar_ratio,dist-28079-05,district,2025-09,66.667,index,ohsome,2025-09-30,,2026-07-29,ok,0
osm_cafe_bar_ratio,dist-28079-05,district,2025-10,66.102,index,ohsome,2025-10-31,,2026-07-29,ok,0
osm_cafe_bar_ratio,dist-28079-05,district,2025-11,66.387,index,ohsome,2025-11-30,,2026-07-29,ok,0
osm_cafe_bar_ratio,dist-28079-05,district,2025-12,65.254,index,ohsome,2025-12-31,,2026-07-29,ok,0
osm_cafe_bar_ratio,dist-28079-05,district,2026-01,63.866,index,ohsome,2026-01-31,,2026-07-29,ok,0
osm_cafe_bar_ratio,dist-28079-05,district,2026-02,64.167,index,ohsome,2026-02-28,,2026-07-29,ok,0
osm_cafe_bar_ratio,dist-28079-05,district,2026-03,62.5,index,ohsome,2026-03-31,,2026-07-29,ok,0
osm_cafe_bar_ratio,dist-28079-05,district,2026-04,63.333,index,ohsome,2026-04-30,,2026-07-29,ok,0
osm_cafe_bar_ratio,dist-28079-05,district,2026-05,62.295,index,ohsome,2026-05-31,,2026-07-29,ok,0
osm_cafe_bar_ratio,dist-28079-05,district,2026-06,65.041,index,ohsome,2026-06-30,,2026-07-29,ok,0
osm_cafe_bar_ratio,dist-28079-06,district,2019-01,69.355,index,ohsome,2019-01-31,,2026-07-29,ok,0
osm_cafe_bar_ratio,dist-28079-06,district,2019-02,67.717,index,ohsome,2019-02-28,,2026-07-29,ok,0
osm_cafe_bar_ratio,dist-28079-06,district,2019-03,65.909,index,ohsome,2019-03-31,,2026-07-29,ok,0
osm_cafe_bar_ratio,dist-28079-06,district,2019-04,67.939,index,ohsome,2019-04-30,,2026-07-29,ok,0
osm_cafe_bar_ratio,dist-28079-06,district,2019-05,67.939,index,ohsome,2019-05-31,,2026-07-29,ok,0
osm_cafe_bar_ratio,dist-28079-06,district,2019-06,67.939,index,ohsome,2019-06-30,,2026-07-29,ok,0
osm_cafe_bar_ratio,dist-28079-06,district,2019-07,68.702,index,ohsome,2019-07-31,,2026-07-29,ok,0
osm_cafe_bar_ratio,dist-28079-06,district,2019-08,68.702,index,ohsome,2019-08-31,,2026-07-29,ok,0
osm_cafe_bar_ratio,dist-28079-06,district,2019-09,69.466,index,ohsome,2019-09-30,,2026-07-29,ok,0
osm_cafe_bar_ratio,dist-28079-06,district,2019-10,68.939,index,ohsome,2019-10-31,,2026-07-29,ok,0
osm_cafe_bar_ratio,dist-28079-06,district,2019-11,69.173,index,ohsome,2019-11-30,,2026-07-29,ok,0
osm_cafe_bar_ratio,dist-28079-06,district,2019-12,69.173,index,ohsome,2019-12-31,,2026-07-29,ok,0
osm_cafe_bar_ratio,dist-28079-06,district,2020-01,68.889,index,ohsome,2020-01-31,,2026-07-29,ok,0
osm_cafe_bar_ratio,dist-28079-06,district,2020-02,68.889,index,ohsome,2020-02-29,,2026-07-29,ok,0
osm_cafe_bar_ratio,dist-28079-06,district,2020-03,68.613,index,ohsome,2020-03-31,,2026-07-29,ok,0
osm_cafe_bar_ratio,dist-28079-06,district,2020-04,68.613,index,ohsome,2020-04-30,,2026-07-29,ok,0
osm_cafe_bar_ratio,dist-28079-06,district,2020-05,68.613,index,ohsome,2020-05-31,,2026-07-29,ok,0
osm_cafe_bar_ratio,dist-28079-06,district,2020-06,68.613,index,ohsome,2020-06-30,,2026-07-29,ok,0
osm_cafe_bar_ratio,dist-28079-06,district,2020-07,68.613,index,ohsome,2020-07-31,,2026-07-29,ok,0
osm_cafe_bar_ratio,dist-28079-06,district,2020-08,68.613,index,ohsome,2020-08-31,,2026-07-29,ok,0
osm_cafe_bar_ratio,dist-28079-06,district,2020-09,68.116,index,ohsome,2020-09-30,,2026-07-29,ok,0
osm_cafe_bar_ratio,dist-28079-06,district,2020-10,67.391,index,ohsome,2020-10-31,,2026-07-29,ok,0
osm_cafe_bar_ratio,dist-28079-06,district,2020-11,69.853,index,ohsome,2020-11-30,,2026-07-29,ok,0
osm_cafe_bar_ratio,dist-28079-06,district,2020-12,69.118,index,ohsome,2020-12-31,,2026-07-29,ok,0
osm_cafe_bar_ratio,dist-28079-06,district,2021-01,69.63,index,ohsome,2021-01-31,,2026-07-29,ok,0
osm_cafe_bar_ratio,dist-28079-06,district,2021-02,69.63,index,ohsome,2021-02-28,,2026-07-29,ok,0
osm_cafe_bar_ratio,dist-28079-06,district,2021-03,69.853,index,ohsome,2021-03-31,,2026-07-29,ok,0
osm_cafe_bar_ratio,dist-28079-06,district,2021-04,68.613,index,ohsome,2021-04-30,,2026-07-29,ok,0
osm_cafe_bar_ratio,dist-28079-06,district,2021-05,67.883,index,ohsome,2021-05-31,,2026-07-29,ok,0
osm_cafe_bar_ratio,dist-28079-06,district,2021-06,67.391,index,ohsome,2021-06-30,,2026-07-29,ok,0
osm_cafe_bar_ratio,dist-28079-06,district,2021-07,66.906,index,ohsome,2021-07-31,,2026-07-29,ok,0
osm_cafe_bar_ratio,dist-28079-06,district,2021-08,68.794,index,ohsome,2021-08-31,,2026-07-29,ok,0
osm_cafe_bar_ratio,dist-28079-06,district,2021-09,68.31,index,ohsome,2021-09-30,,2026-07-29,ok,0
osm_cafe_bar_ratio,dist-28079-06,district,2021-10,69.504,index,ohsome,2021-10-31,,2026-07-29,ok,0
osm_cafe_bar_ratio,dist-28079-06,district,2021-11,66.901,index,ohsome,2021-11-30,,2026-07-29,ok,0
osm_cafe_bar_ratio,dist-28079-06,district,2021-12,65.972,index,ohsome,2021-12-31,,2026-07-29,ok,0
osm_cafe_bar_ratio,dist-28079-06,district,2022-01,65.972,index,ohsome,2022-01-31,,2026-07-29,ok,0
osm_cafe_bar_ratio,dist-28079-06,district,2022-02,66.207,index,ohsome,2022-02-28,,2026-07-29,ok,0
osm_cafe_bar_ratio,dist-28079-06,district,2022-03,67.586,index,ohsome,2022-03-31,,2026-07-29,ok,0
osm_cafe_bar_ratio,dist-28079-06,district,2022-04,68.276,index,ohsome,2022-04-30,,2026-07-29,ok,0
osm_cafe_bar_ratio,dist-28079-06,district,2022-05,68.276,index,ohsome,2022-05-31,,2026-07-29,ok,0
osm_cafe_bar_ratio,dist-28079-06,district,2022-06,68.027,index,ohsome,2022-06-30,,2026-07-29,ok,0
osm_cafe_bar_ratio,dist-28079-06,district,2022-07,67.568,index,ohsome,2022-07-31,,2026-07-29,ok,0
osm_cafe_bar_ratio,dist-28079-06,district,2022-08,67.568,index,ohsome,2022-08-31,,2026-07-29,ok,0
osm_cafe_bar_ratio,dist-28079-06,district,2022-09,67.114,index,ohsome,2022-09-30,,2026-07-29,ok,0
osm_cafe_bar_ratio,dist-28079-06,district,2022-10,67.114,index,ohsome,2022-10-31,,2026-07-29,ok,0
osm_cafe_bar_ratio,dist-28079-06,district,2022-11,69.799,index,ohsome,2022-11-30,,2026-07-29,ok,0
osm_cafe_bar_ratio,dist-28079-06,district,2022-12,69.799,index,ohsome,2022-12-31,,2026-07-29,ok,0
osm_cafe_bar_ratio,dist-28079-06,district,2023-01,69.799,index,ohsome,2023-01-31,,2026-07-29,ok,0
osm_cafe_bar_ratio,dist-28079-06,district,2023-02,70.946,index,ohsome,2023-02-28,,2026-07-29,ok,0
osm_cafe_bar_ratio,dist-28079-06,district,2023-03,70.47,index,ohsome,2023-03-31,,2026-07-29,ok,0
osm_cafe_bar_ratio,dist-28079-06,district,2023-04,71.622,index,ohsome,2023-04-30,,2026-07-29,ok,0
osm_cafe_bar_ratio,dist-28079-06,district,2023-05,73.469,index,ohsome,2023-05-31,,2026-07-29,ok,0
osm_cafe_bar_ratio,dist-28079-06,district,2023-06,73.469,index,ohsome,2023-06-30,,2026-07-29,ok,0
osm_cafe_bar_ratio,dist-28079-06,district,2023-07,73.469,index,ohsome,2023-07-31,,2026-07-29,ok,0
osm_cafe_bar_ratio,dist-28079-06,district,2023-08,73.973,index,ohsome,2023-08-31,,2026-07-29,ok,0
osm_cafe_bar_ratio,dist-28079-06,district,2023-09,73.973,index,ohsome,2023-09-30,,2026-07-29,ok,0
osm_cafe_bar_ratio,dist-28079-06,district,2023-10,75.342,index,ohsome,2023-10-31,,2026-07-29,ok,0
osm_cafe_bar_ratio,dist-28079-06,district,2023-11,73.973,index,ohsome,2023-11-30,,2026-07-29,ok,0
osm_cafe_bar_ratio,dist-28079-06,district,2023-12,73.973,index,ohsome,2023-12-31,,2026-07-29,ok,0
osm_cafe_bar_ratio,dist-28079-06,district,2024-01,73.973,index,ohsome,2024-01-31,,2026-07-29,ok,0
osm_cafe_bar_ratio,dist-28079-06,district,2024-02,73.469,index,ohsome,2024-02-29,,2026-07-29,ok,0
osm_cafe_bar_ratio,dist-28079-06,district,2024-03,72.483,index,ohsome,2024-03-31,,2026-07-29,ok,0
osm_cafe_bar_ratio,dist-28079-06,district,2024-04,72.483,index,ohsome,2024-04-30,,2026-07-29,ok,0
osm_cafe_bar_ratio,dist-28079-06,district,2024-05,71.053,index,ohsome,2024-05-31,,2026-07-29,ok,0
osm_cafe_bar_ratio,dist-28079-06,district,2024-06,72.368,index,ohsome,2024-06-30,,2026-07-29,ok,0
osm_cafe_bar_ratio,dist-28079-06,district,2024-07,69.62,index,ohsome,2024-07-31,,2026-07-29,ok,0
osm_cafe_bar_ratio,dist-28079-06,district,2024-08,69.62,index,ohsome,2024-08-31,,2026-07-29,ok,0
osm_cafe_bar_ratio,dist-28079-06,district,2024-09,67.081,index,ohsome,2024-09-30,,2026-07-29,ok,0
osm_cafe_bar_ratio,dist-28079-06,district,2024-10,68.323,index,ohsome,2024-10-31,,2026-07-29,ok,0
osm_cafe_bar_ratio,dist-28079-06,district,2024-11,67.702,index,ohsome,2024-11-30,,2026-07-29,ok,0
osm_cafe_bar_ratio,dist-28079-06,district,2024-12,67.702,index,ohsome,2024-12-31,,2026-07-29,ok,0
osm_cafe_bar_ratio,dist-28079-06,district,2025-01,66.667,index,ohsome,2025-01-31,,2026-07-29,ok,0
osm_cafe_bar_ratio,dist-28079-06,district,2025-02,66.467,index,ohsome,2025-02-28,,2026-07-29,ok,0
osm_cafe_bar_ratio,dist-28079-06,district,2025-03,66.467,index,ohsome,2025-03-31,,2026-07-29,ok,0
osm_cafe_bar_ratio,dist-28079-06,district,2025-04,64.535,index,ohsome,2025-04-30,,2026-07-29,ok,0
osm_cafe_bar_ratio,dist-28079-06,district,2025-05,64.535,index,ohsome,2025-05-31,,2026-07-29,ok,0
osm_cafe_bar_ratio,dist-28079-06,district,2025-06,65.116,index,ohsome,2025-06-30,,2026-07-29,ok,0
osm_cafe_bar_ratio,dist-28079-06,district,2025-07,64.912,index,ohsome,2025-07-31,,2026-07-29,ok,0
osm_cafe_bar_ratio,dist-28079-06,district,2025-08,64.535,index,ohsome,2025-08-31,,2026-07-29,ok,0
osm_cafe_bar_ratio,dist-28079-06,district,2025-09,65.116,index,ohsome,2025-09-30,,2026-07-29,ok,0
osm_cafe_bar_ratio,dist-28079-06,district,2025-10,64.368,index,ohsome,2025-10-31,,2026-07-29,ok,0
osm_cafe_bar_ratio,dist-28079-06,district,2025-11,64.368,index,ohsome,2025-11-30,,2026-07-29,ok,0
osm_cafe_bar_ratio,dist-28079-06,district,2025-12,64.368,index,ohsome,2025-12-31,,2026-07-29,ok,0
osm_cafe_bar_ratio,dist-28079-06,district,2026-01,62.712,index,ohsome,2026-01-31,,2026-07-29,ok,0
osm_cafe_bar_ratio,dist-28079-06,district,2026-02,62.011,index,ohsome,2026-02-28,,2026-07-29,ok,0
osm_cafe_bar_ratio,dist-28079-06,district,2026-03,61.326,index,ohsome,2026-03-31,,2026-07-29,ok,0
osm_cafe_bar_ratio,dist-28079-06,district,2026-04,62.431,index,ohsome,2026-04-30,,2026-07-29,ok,0
osm_cafe_bar_ratio,dist-28079-06,district,2026-05,62.295,index,ohsome,2026-05-31,,2026-07-29,ok,0
osm_cafe_bar_ratio,dist-28079-06,district,2026-06,62.5,index,ohsome,2026-06-30,,2026-07-29,ok,0
osm_cafe_bar_ratio,dist-28079-07,district,2019-01,38.199,index,ohsome,2019-01-31,,2026-07-29,ok,0
osm_cafe_bar_ratio,dist-28079-07,district,2019-02,38.08,index,ohsome,2019-02-28,,2026-07-29,ok,0
osm_cafe_bar_ratio,dist-28079-07,district,2019-03,38.199,index,ohsome,2019-03-31,,2026-07-29,ok,0
osm_cafe_bar_ratio,dist-28079-07,district,2019-04,39.024,index,ohsome,2019-04-30,,2026-07-29,ok,0
osm_cafe_bar_ratio,dist-28079-07,district,2019-05,38.788,index,ohsome,2019-05-31,,2026-07-29,ok,0
osm_cafe_bar_ratio,dist-28079-07,district,2019-06,39.024,index,ohsome,2019-06-30,,2026-07-29,ok,0
osm_cafe_bar_ratio,dist-28079-07,district,2019-07,39.024,index,ohsome,2019-07-31,,2026-07-29,ok,0
osm_cafe_bar_ratio,dist-28079-07,district,2019-08,39.144,index,ohsome,2019-08-31,,2026-07-29,ok,0
osm_cafe_bar_ratio,dist-28079-07,district,2019-09,39.024,index,ohsome,2019-09-30,,2026-07-29,ok,0
osm_cafe_bar_ratio,dist-28079-07,district,2019-10,38.906,index,ohsome,2019-10-31,,2026-07-29,ok,0
osm_cafe_bar_ratio,dist-28079-07,district,2019-11,38.323,index,ohsome,2019-11-30,,2026-07-29,ok,0
osm_cafe_bar_ratio,dist-28079-07,district,2019-12,38.024,index,ohsome,2019-12-31,,2026-07-29,ok,0
osm_cafe_bar_ratio,dist-28079-07,district,2020-01,37.91,index,ohsome,2020-01-31,,2026-07-29,ok,0
osm_cafe_bar_ratio,dist-28079-07,district,2020-02,37.91,index,ohsome,2020-02-29,,2026-07-29,ok,0
osm_cafe_bar_ratio,dist-28079-07,district,2020-03,37.798,index,ohsome,2020-03-31,,2026-07-29,ok,0
osm_cafe_bar_ratio,dist-28079-07,district,2020-04,38.209,index,ohsome,2020-04-30,,2026-07-29,ok,0
osm_cafe_bar_ratio,dist-28079-07,district,2020-05,37.982,index,ohsome,2020-05-31,,2026-07-29,ok,0
osm_cafe_bar_ratio,dist-28079-07,district,2020-06,37.982,index,ohsome,2020-06-30,,2026-07-29,ok,0
osm_cafe_bar_ratio,dist-28079-07,district,2020-07,37.982,index,ohsome,2020-07-31,,2026-07-29,ok,0
osm_cafe_bar_ratio,dist-28079-07,district,2020-08,37.982,index,ohsome,2020-08-31,,2026-07-29,ok,0
osm_cafe_bar_ratio,dist-28079-07,district,2020-09,37.982,index,ohsome,2020-09-30,,2026-07-29,ok,0
osm_cafe_bar_ratio,dist-28079-07,district,2020-10,37.982,index,ohsome,2020-10-31,,2026-07-29,ok,0
osm_cafe_bar_ratio,dist-28079-07,district,2020-11,37.798,index,ohsome,2020-11-30,,2026-07-29,ok,0
osm_cafe_bar_ratio,dist-28079-07,district,2020-12,38.788,index,ohsome,2020-12-31,,2026-07-29,ok,0
osm_cafe_bar_ratio,dist-28079-07,district,2021-01,38.788,index,ohsome,2021-01-31,,2026-07-29,ok,0
osm_cafe_bar_ratio,dist-28079-07,district,2021-02,38.906,index,ohsome,2021-02-28,,2026-07-29,ok,0
osm_cafe_bar_ratio,dist-28079-07,district,2021-03,38.906,index,ohsome,2021-03-31,,2026-07-29,ok,0
osm_cafe_bar_ratio,dist-28079-07,district,2021-04,38.788,index,ohsome,2021-04-30,,2026-07-29,ok,0
osm_cafe_bar_ratio,dist-28079-07,district,2021-05,38.671,index,ohsome,2021-05-31,,2026-07-29,ok,0
osm_cafe_bar_ratio,dist-28079-07,district,2021-06,38.671,index,ohsome,2021-06-30,,2026-07-29,ok,0
osm_cafe_bar_ratio,dist-28079-07,district,2021-07,38.323,index,ohsome,2021-07-31,,2026-07-29,ok,0
osm_cafe_bar_ratio,dist-28079-07,district,2021-08,38.739,index,ohsome,2021-08-31,,2026-07-29,ok,0
osm_cafe_bar_ratio,dist-28079-07,district,2021-09,39.339,index,ohsome,2021-09-30,,2026-07-29,ok,0
osm_cafe_bar_ratio,dist-28079-07,district,2021-10,39.339,index,ohsome,2021-10-31,,2026-07-29,ok,0
osm_cafe_bar_ratio,dist-28079-07,district,2021-11,40.24,index,ohsome,2021-11-30,,2026-07-29,ok,0
osm_cafe_bar_ratio,dist-28079-07,district,2021-12,40.299,index,ohsome,2021-12-31,,2026-07-29,ok,0
osm_cafe_bar_ratio,dist-28079-07,district,2022-01,40,index,ohsome,2022-01-31,,2026-07-29,ok,0
osm_cafe_bar_ratio,dist-28079-07,district,2022-02,39.881,index,ohsome,2022-02-28,,2026-07-29,ok,0
osm_cafe_bar_ratio,dist-28079-07,district,2022-03,40.179,index,ohsome,2022-03-31,,2026-07-29,ok,0
osm_cafe_bar_ratio,dist-28079-07,district,2022-04,40.597,index,ohsome,2022-04-30,,2026-07-29,ok,0
osm_cafe_bar_ratio,dist-28079-07,district,2022-05,40.476,index,ohsome,2022-05-31,,2026-07-29,ok,0
osm_cafe_bar_ratio,dist-28079-07,district,2022-06,40.118,index,ohsome,2022-06-30,,2026-07-29,ok,0
osm_cafe_bar_ratio,dist-28079-07,district,2022-07,41.298,index,ohsome,2022-07-31,,2026-07-29,ok,0
osm_cafe_bar_ratio,dist-28079-07,district,2022-08,41.298,index,ohsome,2022-08-31,,2026-07-29,ok,0
osm_cafe_bar_ratio,dist-28079-07,district,2022-09,41.42,index,ohsome,2022-09-30,,2026-07-29,ok,0
osm_cafe_bar_ratio,dist-28079-07,district,2022-10,40.698,index,ohsome,2022-10-31,,2026-07-29,ok,0
osm_cafe_bar_ratio,dist-28079-07,district,2022-11,40.698,index,ohsome,2022-11-30,,2026-07-29,ok,0
osm_cafe_bar_ratio,dist-28079-07,district,2022-12,40.698,index,ohsome,2022-12-31,,2026-07-29,ok,0
osm_cafe_bar_ratio,dist-28079-07,district,2023-01,40.698,index,ohsome,2023-01-31,,2026-07-29,ok,0
osm_cafe_bar_ratio,dist-28079-07,district,2023-02,41.108,index,ohsome,2023-02-28,,2026-07-29,ok,0
osm_cafe_bar_ratio,dist-28079-07,district,2023-03,40.741,index,ohsome,2023-03-31,,2026-07-29,ok,0
osm_cafe_bar_ratio,dist-28079-07,district,2023-04,41.193,index,ohsome,2023-04-30,,2026-07-29,ok,0
osm_cafe_bar_ratio,dist-28079-07,district,2023-05,41.311,index,ohsome,2023-05-31,,2026-07-29,ok,0
osm_cafe_bar_ratio,dist-28079-07,district,2023-06,41.595,index,ohsome,2023-06-30,,2026-07-29,ok,0
osm_cafe_bar_ratio,dist-28079-07,district,2023-07,41.429,index,ohsome,2023-07-31,,2026-07-29,ok,0
osm_cafe_bar_ratio,dist-28079-07,district,2023-08,41.076,index,ohsome,2023-08-31,,2026-07-29,ok,0
osm_cafe_bar_ratio,dist-28079-07,district,2023-09,41.926,index,ohsome,2023-09-30,,2026-07-29,ok,0
osm_cafe_bar_ratio,dist-28079-07,district,2023-10,43.343,index,ohsome,2023-10-31,,2026-07-29,ok,0
osm_cafe_bar_ratio,dist-28079-07,district,2023-11,42.618,index,ohsome,2023-11-30,,2026-07-29,ok,0
osm_cafe_bar_ratio,dist-28079-07,district,2023-12,41.918,index,ohsome,2023-12-31,,2026-07-29,ok,0
osm_cafe_bar_ratio,dist-28079-07,district,2024-01,41.918,index,ohsome,2024-01-31,,2026-07-29,ok,0
osm_cafe_bar_ratio,dist-28079-07,district,2024-02,42.192,index,ohsome,2024-02-29,,2026-07-29,ok,0
osm_cafe_bar_ratio,dist-28079-07,district,2024-03,41.689,index,ohsome,2024-03-31,,2026-07-29,ok,0
osm_cafe_bar_ratio,dist-28079-07,district,2024-04,42.234,index,ohsome,2024-04-30,,2026-07-29,ok,0
osm_cafe_bar_ratio,dist-28079-07,district,2024-05,41.734,index,ohsome,2024-05-31,,2026-07-29,ok,0
osm_cafe_bar_ratio,dist-28079-07,district,2024-06,42.391,index,ohsome,2024-06-30,,2026-07-29,ok,0
osm_cafe_bar_ratio,dist-28079-07,district,2024-07,43.207,index,ohsome,2024-07-31,,2026-07-29,ok,0
osm_cafe_bar_ratio,dist-28079-07,district,2024-08,43.514,index,ohsome,2024-08-31,,2026-07-29,ok,0
osm_cafe_bar_ratio,dist-28079-07,district,2024-09,43.28,index,ohsome,2024-09-30,,2026-07-29,ok,0
osm_cafe_bar_ratio,dist-28079-07,district,2024-10,44.865,index,ohsome,2024-10-31,,2026-07-29,ok,0
osm_cafe_bar_ratio,dist-28079-07,district,2024-11,45.405,index,ohsome,2024-11-30,,2026-07-29,ok,0
osm_cafe_bar_ratio,dist-28079-07,district,2024-12,45.013,index,ohsome,2024-12-31,,2026-07-29,ok,0
osm_cafe_bar_ratio,dist-28079-07,district,2025-01,44.624,index,ohsome,2025-01-31,,2026-07-29,ok,0
osm_cafe_bar_ratio,dist-28079-07,district,2025-02,44.415,index,ohsome,2025-02-28,,2026-07-29,ok,0
osm_cafe_bar_ratio,dist-28079-07,district,2025-03,44.032,index,ohsome,2025-03-31,,2026-07-29,ok,0
osm_cafe_bar_ratio,dist-28079-07,district,2025-04,44.357,index,ohsome,2025-04-30,,2026-07-29,ok,0
osm_cafe_bar_ratio,dist-28079-07,district,2025-05,44.531,index,ohsome,2025-05-31,,2026-07-29,ok,0
osm_cafe_bar_ratio,dist-28079-07,district,2025-06,45.103,index,ohsome,2025-06-30,,2026-07-29,ok,0
osm_cafe_bar_ratio,dist-28079-07,district,2025-07,45.641,index,ohsome,2025-07-31,,2026-07-29,ok,0
osm_cafe_bar_ratio,dist-28079-07,district,2025-08,45.897,index,ohsome,2025-08-31,,2026-07-29,ok,0
osm_cafe_bar_ratio,dist-28079-07,district,2025-09,45.897,index,ohsome,2025-09-30,,2026-07-29,ok,0
osm_cafe_bar_ratio,dist-28079-07,district,2025-10,46.803,index,ohsome,2025-10-31,,2026-07-29,ok,0
osm_cafe_bar_ratio,dist-28079-07,district,2025-11,46.292,index,ohsome,2025-11-30,,2026-07-29,ok,0
osm_cafe_bar_ratio,dist-28079-07,district,2025-12,46.77,index,ohsome,2025-12-31,,2026-07-29,ok,0
osm_cafe_bar_ratio,dist-28079-07,district,2026-01,46.77,index,ohsome,2026-01-31,,2026-07-29,ok,0
osm_cafe_bar_ratio,dist-28079-07,district,2026-02,47.423,index,ohsome,2026-02-28,,2026-07-29,ok,0
osm_cafe_bar_ratio,dist-28079-07,district,2026-03,47.423,index,ohsome,2026-03-31,,2026-07-29,ok,0
osm_cafe_bar_ratio,dist-28079-07,district,2026-04,47.68,index,ohsome,2026-04-30,,2026-07-29,ok,0
osm_cafe_bar_ratio,dist-28079-07,district,2026-05,48.454,index,ohsome,2026-05-31,,2026-07-29,ok,0
osm_cafe_bar_ratio,dist-28079-07,district,2026-06,48.586,index,ohsome,2026-06-30,,2026-07-29,ok,0
osm_cafe_bar_ratio,dist-28079-08,district,2019-01,45.5,index,ohsome,2019-01-31,,2026-07-29,ok,0
osm_cafe_bar_ratio,dist-28079-08,district,2019-02,45.024,index,ohsome,2019-02-28,,2026-07-29,ok,0
osm_cafe_bar_ratio,dist-28079-08,district,2019-03,45.972,index,ohsome,2019-03-31,,2026-07-29,ok,0
osm_cafe_bar_ratio,dist-28079-08,district,2019-04,46.544,index,ohsome,2019-04-30,,2026-07-29,ok,0
osm_cafe_bar_ratio,dist-28079-08,district,2019-05,46.789,index,ohsome,2019-05-31,,2026-07-29,ok,0
osm_cafe_bar_ratio,dist-28079-08,district,2019-06,47.248,index,ohsome,2019-06-30,,2026-07-29,ok,0
osm_cafe_bar_ratio,dist-28079-08,district,2019-07,47.248,index,ohsome,2019-07-31,,2026-07-29,ok,0
osm_cafe_bar_ratio,dist-28079-08,district,2019-08,47.534,index,ohsome,2019-08-31,,2026-07-29,ok,0
osm_cafe_bar_ratio,dist-28079-08,district,2019-09,47.807,index,ohsome,2019-09-30,,2026-07-29,ok,0
osm_cafe_bar_ratio,dist-28079-08,district,2019-10,47.368,index,ohsome,2019-10-31,,2026-07-29,ok,0
osm_cafe_bar_ratio,dist-28079-08,district,2019-11,47.845,index,ohsome,2019-11-30,,2026-07-29,ok,0
osm_cafe_bar_ratio,dist-28079-08,district,2019-12,47.845,index,ohsome,2019-12-31,,2026-07-29,ok,0
osm_cafe_bar_ratio,dist-28079-08,district,2020-01,48.276,index,ohsome,2020-01-31,,2026-07-29,ok,0
osm_cafe_bar_ratio,dist-28079-08,district,2020-02,48.485,index,ohsome,2020-02-29,,2026-07-29,ok,0
osm_cafe_bar_ratio,dist-28079-08,district,2020-03,49.569,index,ohsome,2020-03-31,,2026-07-29,ok,0
osm_cafe_bar_ratio,dist-28079-08,district,2020-04,49.569,index,ohsome,2020-04-30,,2026-07-29,ok,0
osm_cafe_bar_ratio,dist-28079-08,district,2020-05,49.569,index,ohsome,2020-05-31,,2026-07-29,ok,0
osm_cafe_bar_ratio,dist-28079-08,district,2020-06,49.569,index,ohsome,2020-06-30,,2026-07-29,ok,0
osm_cafe_bar_ratio,dist-28079-08,district,2020-07,49.569,index,ohsome,2020-07-31,,2026-07-29,ok,0
osm_cafe_bar_ratio,dist-28079-08,district,2020-08,49.569,index,ohsome,2020-08-31,,2026-07-29,ok,0
osm_cafe_bar_ratio,dist-28079-08,district,2020-09,49.356,index,ohsome,2020-09-30,,2026-07-29,ok,0
osm_cafe_bar_ratio,dist-28079-08,district,2020-10,49.362,index,ohsome,2020-10-31,,2026-07-29,ok,0
osm_cafe_bar_ratio,dist-28079-08,district,2020-11,51.282,index,ohsome,2020-11-30,,2026-07-29,ok,0
osm_cafe_bar_ratio,dist-28079-08,district,2020-12,50.211,index,ohsome,2020-12-31,,2026-07-29,ok,0
osm_cafe_bar_ratio,dist-28079-08,district,2021-01,50.424,index,ohsome,2021-01-31,,2026-07-29,ok,0
osm_cafe_bar_ratio,dist-28079-08,district,2021-02,50,index,ohsome,2021-02-28,,2026-07-29,ok,0
osm_cafe_bar_ratio,dist-28079-08,district,2021-03,50.424,index,ohsome,2021-03-31,,2026-07-29,ok,0
osm_cafe_bar_ratio,dist-28079-08,district,2021-04,50.847,index,ohsome,2021-04-30,,2026-07-29,ok,0
osm_cafe_bar_ratio,dist-28079-08,district,2021-05,50.847,index,ohsome,2021-05-31,,2026-07-29,ok,0
osm_cafe_bar_ratio,dist-28079-08,district,2021-06,50.847,index,ohsome,2021-06-30,,2026-07-29,ok,0
osm_cafe_bar_ratio,dist-28079-08,district,2021-07,51.055,index,ohsome,2021-07-31,,2026-07-29,ok,0
osm_cafe_bar_ratio,dist-28079-08,district,2021-08,50.42,index,ohsome,2021-08-31,,2026-07-29,ok,0
osm_cafe_bar_ratio,dist-28079-08,district,2021-09,50.633,index,ohsome,2021-09-30,,2026-07-29,ok,0
osm_cafe_bar_ratio,dist-28079-08,district,2021-10,50.633,index,ohsome,2021-10-31,,2026-07-29,ok,0
osm_cafe_bar_ratio,dist-28079-08,district,2021-11,51.261,index,ohsome,2021-11-30,,2026-07-29,ok,0
osm_cafe_bar_ratio,dist-28079-08,district,2021-12,50.417,index,ohsome,2021-12-31,,2026-07-29,ok,0
osm_cafe_bar_ratio,dist-28079-08,district,2022-01,50.209,index,ohsome,2022-01-31,,2026-07-29,ok,0
osm_cafe_bar_ratio,dist-28079-08,district,2022-02,50.84,index,ohsome,2022-02-28,,2026-07-29,ok,0
osm_cafe_bar_ratio,dist-28079-08,district,2022-03,51.681,index,ohsome,2022-03-31,,2026-07-29,ok,0
osm_cafe_bar_ratio,dist-28079-08,district,2022-04,52.101,index,ohsome,2022-04-30,,2026-07-29,ok,0
osm_cafe_bar_ratio,dist-28079-08,district,2022-05,51.25,index,ohsome,2022-05-31,,2026-07-29,ok,0
osm_cafe_bar_ratio,dist-28079-08,district,2022-06,49.18,index,ohsome,2022-06-30,,2026-07-29,ok,0
osm_cafe_bar_ratio,dist-28079-08,district,2022-07,48.178,index,ohsome,2022-07-31,,2026-07-29,ok,0
osm_cafe_bar_ratio,dist-28079-08,district,2022-08,48.78,index,ohsome,2022-08-31,,2026-07-29,ok,0
osm_cafe_bar_ratio,dist-28079-08,district,2022-09,48.78,index,ohsome,2022-09-30,,2026-07-29,ok,0
osm_cafe_bar_ratio,dist-28079-08,district,2022-10,48.193,index,ohsome,2022-10-31,,2026-07-29,ok,0
osm_cafe_bar_ratio,dist-28079-08,district,2022-11,48,index,ohsome,2022-11-30,,2026-07-29,ok,0
osm_cafe_bar_ratio,dist-28079-08,district,2022-12,47.809,index,ohsome,2022-12-31,,2026-07-29,ok,0
osm_cafe_bar_ratio,dist-28079-08,district,2023-01,47.809,index,ohsome,2023-01-31,,2026-07-29,ok,0
osm_cafe_bar_ratio,dist-28079-08,district,2023-02,48.016,index,ohsome,2023-02-28,,2026-07-29,ok,0
osm_cafe_bar_ratio,dist-28079-08,district,2023-03,49.6,index,ohsome,2023-03-31,,2026-07-29,ok,0
osm_cafe_bar_ratio,dist-28079-08,district,2023-04,49.398,index,ohsome,2023-04-30,,2026-07-29,ok,0
osm_cafe_bar_ratio,dist-28079-08,district,2023-05,50.598,index,ohsome,2023-05-31,,2026-07-29,ok,0
osm_cafe_bar_ratio,dist-28079-08,district,2023-06,50.397,index,ohsome,2023-06-30,,2026-07-29,ok,0
osm_cafe_bar_ratio,dist-28079-08,district,2023-07,50.397,index,ohsome,2023-07-31,,2026-07-29,ok,0
osm_cafe_bar_ratio,dist-28079-08,district,2023-08,50.794,index,ohsome,2023-08-31,,2026-07-29,ok,0
osm_cafe_bar_ratio,dist-28079-08,district,2023-09,50.794,index,ohsome,2023-09-30,,2026-07-29,ok,0
osm_cafe_bar_ratio,dist-28079-08,district,2023-10,51.19,index,ohsome,2023-10-31,,2026-07-29,ok,0
osm_cafe_bar_ratio,dist-28079-08,district,2023-11,50.988,index,ohsome,2023-11-30,,2026-07-29,ok,0
osm_cafe_bar_ratio,dist-28079-08,district,2023-12,51.172,index,ohsome,2023-12-31,,2026-07-29,ok,0
osm_cafe_bar_ratio,dist-28079-08,district,2024-01,51.373,index,ohsome,2024-01-31,,2026-07-29,ok,0
osm_cafe_bar_ratio,dist-28079-08,district,2024-02,51.765,index,ohsome,2024-02-29,,2026-07-29,ok,0
osm_cafe_bar_ratio,dist-28079-08,district,2024-03,51.751,index,ohsome,2024-03-31,,2026-07-29,ok,0
osm_cafe_bar_ratio,dist-28079-08,district,2024-04,52.734,index,ohsome,2024-04-30,,2026-07-29,ok,0
osm_cafe_bar_ratio,dist-28079-08,district,2024-05,53.15,index,ohsome,2024-05-31,,2026-07-29,ok,0
osm_cafe_bar_ratio,dist-28079-08,district,2024-06,53.15,index,ohsome,2024-06-30,,2026-07-29,ok,0
osm_cafe_bar_ratio,dist-28079-08,district,2024-07,52.529,index,ohsome,2024-07-31,,2026-07-29,ok,0
osm_cafe_bar_ratio,dist-28079-08,district,2024-08,52.529,index,ohsome,2024-08-31,,2026-07-29,ok,0
osm_cafe_bar_ratio,dist-28079-08,district,2024-09,52.734,index,ohsome,2024-09-30,,2026-07-29,ok,0
osm_cafe_bar_ratio,dist-28079-08,district,2024-10,53.101,index,ohsome,2024-10-31,,2026-07-29,ok,0
osm_cafe_bar_ratio,dist-28079-08,district,2024-11,53.488,index,ohsome,2024-11-30,,2026-07-29,ok,0
osm_cafe_bar_ratio,dist-28079-08,district,2024-12,55.426,index,ohsome,2024-12-31,,2026-07-29,ok,0
osm_cafe_bar_ratio,dist-28079-08,district,2025-01,55.598,index,ohsome,2025-01-31,,2026-07-29,ok,0
osm_cafe_bar_ratio,dist-28079-08,district,2025-02,56.757,index,ohsome,2025-02-28,,2026-07-29,ok,0
osm_cafe_bar_ratio,dist-28079-08,district,2025-03,56.757,index,ohsome,2025-03-31,,2026-07-29,ok,0
osm_cafe_bar_ratio,dist-28079-08,district,2025-04,57.143,index,ohsome,2025-04-30,,2026-07-29,ok,0
osm_cafe_bar_ratio,dist-28079-08,district,2025-05,57.364,index,ohsome,2025-05-31,,2026-07-29,ok,0
osm_cafe_bar_ratio,dist-28079-08,district,2025-06,58.14,index,ohsome,2025-06-30,,2026-07-29,ok,0
osm_cafe_bar_ratio,dist-28079-08,district,2025-07,58.527,index,ohsome,2025-07-31,,2026-07-29,ok,0
osm_cafe_bar_ratio,dist-28079-08,district,2025-08,57.915,index,ohsome,2025-08-31,,2026-07-29,ok,0
osm_cafe_bar_ratio,dist-28079-08,district,2025-09,58.301,index,ohsome,2025-09-30,,2026-07-29,ok,0
osm_cafe_bar_ratio,dist-28079-08,district,2025-10,58.077,index,ohsome,2025-10-31,,2026-07-29,ok,0
osm_cafe_bar_ratio,dist-28079-08,district,2025-11,58.238,index,ohsome,2025-11-30,,2026-07-29,ok,0
osm_cafe_bar_ratio,dist-28079-08,district,2025-12,58.462,index,ohsome,2025-12-31,,2026-07-29,ok,0
osm_cafe_bar_ratio,dist-28079-08,district,2026-01,56.506,index,ohsome,2026-01-31,,2026-07-29,ok,0
osm_cafe_bar_ratio,dist-28079-08,district,2026-02,57.407,index,ohsome,2026-02-28,,2026-07-29,ok,0
osm_cafe_bar_ratio,dist-28079-08,district,2026-03,55.72,index,ohsome,2026-03-31,,2026-07-29,ok,0
osm_cafe_bar_ratio,dist-28079-08,district,2026-04,55.678,index,ohsome,2026-04-30,,2026-07-29,ok,0
osm_cafe_bar_ratio,dist-28079-08,district,2026-05,54.909,index,ohsome,2026-05-31,,2026-07-29,ok,0
osm_cafe_bar_ratio,dist-28079-08,district,2026-06,53.405,index,ohsome,2026-06-30,,2026-07-29,ok,0
osm_cafe_bar_ratio,dist-28079-09,district,2019-01,42.601,index,ohsome,2019-01-31,,2026-07-29,ok,0
osm_cafe_bar_ratio,dist-28079-09,district,2019-02,41.794,index,ohsome,2019-02-28,,2026-07-29,ok,0
osm_cafe_bar_ratio,dist-28079-09,district,2019-03,41.522,index,ohsome,2019-03-31,,2026-07-29,ok,0
osm_cafe_bar_ratio,dist-28079-09,district,2019-04,41.505,index,ohsome,2019-04-30,,2026-07-29,ok,0
osm_cafe_bar_ratio,dist-28079-09,district,2019-05,41.416,index,ohsome,2019-05-31,,2026-07-29,ok,0
osm_cafe_bar_ratio,dist-28079-09,district,2019-06,41.667,index,ohsome,2019-06-30,,2026-07-29,ok,0
osm_cafe_bar_ratio,dist-28079-09,district,2019-07,41.453,index,ohsome,2019-07-31,,2026-07-29,ok,0
osm_cafe_bar_ratio,dist-28079-09,district,2019-08,41.845,index,ohsome,2019-08-31,,2026-07-29,ok,0
osm_cafe_bar_ratio,dist-28079-09,district,2019-09,41.88,index,ohsome,2019-09-30,,2026-07-29,ok,0
osm_cafe_bar_ratio,dist-28079-09,district,2019-10,41.791,index,ohsome,2019-10-31,,2026-07-29,ok,0
osm_cafe_bar_ratio,dist-28079-09,district,2019-11,41.949,index,ohsome,2019-11-30,,2026-07-29,ok,0
osm_cafe_bar_ratio,dist-28079-09,district,2019-12,41.826,index,ohsome,2019-12-31,,2026-07-29,ok,0
osm_cafe_bar_ratio,dist-28079-09,district,2020-01,42.405,index,ohsome,2020-01-31,,2026-07-29,ok,0
osm_cafe_bar_ratio,dist-28079-09,district,2020-02,42.227,index,ohsome,2020-02-29,,2026-07-29,ok,0
osm_cafe_bar_ratio,dist-28079-09,district,2020-03,42.437,index,ohsome,2020-03-31,,2026-07-29,ok,0
osm_cafe_bar_ratio,dist-28079-09,district,2020-04,42.437,index,ohsome,2020-04-30,,2026-07-29,ok,0
osm_cafe_bar_ratio,dist-28079-09,district,2020-05,42.348,index,ohsome,2020-05-31,,2026-07-29,ok,0
osm_cafe_bar_ratio,dist-28079-09,district,2020-06,42.348,index,ohsome,2020-06-30,,2026-07-29,ok,0
osm_cafe_bar_ratio,dist-28079-09,district,2020-07,42.437,index,ohsome,2020-07-31,,2026-07-29,ok,0
osm_cafe_bar_ratio,dist-28079-09,district,2020-08,42.437,index,ohsome,2020-08-31,,2026-07-29,ok,0
osm_cafe_bar_ratio,dist-28079-09,district,2020-09,42.348,index,ohsome,2020-09-30,,2026-07-29,ok,0
osm_cafe_bar_ratio,dist-28079-09,district,2020-10,42.204,index,ohsome,2020-10-31,,2026-07-29,ok,0
osm_cafe_bar_ratio,dist-28079-09,district,2020-11,41.701,index,ohsome,2020-11-30,,2026-07-29,ok,0
osm_cafe_bar_ratio,dist-28079-09,district,2020-12,41.909,index,ohsome,2020-12-31,,2026-07-29,ok,0
osm_cafe_bar_ratio,dist-28079-09,district,2021-01,42.116,index,ohsome,2021-01-31,,2026-07-29,ok,0
osm_cafe_bar_ratio,dist-28079-09,district,2021-02,42.029,index,ohsome,2021-02-28,,2026-07-29,ok,0
osm_cafe_bar_ratio,dist-28079-09,district,2021-03,42.149,index,ohsome,2021-03-31,,2026-07-29,ok,0
osm_cafe_bar_ratio,dist-28079-09,district,2021-04,41.975,index,ohsome,2021-04-30,,2026-07-29,ok,0
osm_cafe_bar_ratio,dist-28079-09,district,2021-05,41.684,index,ohsome,2021-05-31,,2026-07-29,ok,0
osm_cafe_bar_ratio,dist-28079-09,district,2021-06,41.889,index,ohsome,2021-06-30,,2026-07-29,ok,0
osm_cafe_bar_ratio,dist-28079-09,district,2021-07,41.889,index,ohsome,2021-07-31,,2026-07-29,ok,0
osm_cafe_bar_ratio,dist-28079-09,district,2021-08,42.127,index,ohsome,2021-08-31,,2026-07-29,ok,0
osm_cafe_bar_ratio,dist-28079-09,district,2021-09,42.127,index,ohsome,2021-09-30,,2026-07-29,ok,0
osm_cafe_bar_ratio,dist-28079-09,district,2021-10,42.331,index,ohsome,2021-10-31,,2026-07-29,ok,0
osm_cafe_bar_ratio,dist-28079-09,district,2021-11,42.857,index,ohsome,2021-11-30,,2026-07-29,ok,0
osm_cafe_bar_ratio,dist-28079-09,district,2021-12,42.596,index,ohsome,2021-12-31,,2026-07-29,ok,0
osm_cafe_bar_ratio,dist-28079-09,district,2022-01,42.596,index,ohsome,2022-01-31,,2026-07-29,ok,0
osm_cafe_bar_ratio,dist-28079-09,district,2022-02,42.424,index,ohsome,2022-02-28,,2026-07-29,ok,0
osm_cafe_bar_ratio,dist-28079-09,district,2022-03,43.002,index,ohsome,2022-03-31,,2026-07-29,ok,0
osm_cafe_bar_ratio,dist-28079-09,district,2022-04,43.03,index,ohsome,2022-04-30,,2026-07-29,ok,0
osm_cafe_bar_ratio,dist-28079-09,district,2022-05,43.03,index,ohsome,2022-05-31,,2026-07-29,ok,0
osm_cafe_bar_ratio,dist-28079-09,district,2022-06,42.857,index,ohsome,2022-06-30,,2026-07-29,ok,0
osm_cafe_bar_ratio,dist-28079-09,district,2022-07,43.058,index,ohsome,2022-07-31,,2026-07-29,ok,0
osm_cafe_bar_ratio,dist-28079-09,district,2022-08,43.373,index,ohsome,2022-08-31,,2026-07-29,ok,0
osm_cafe_bar_ratio,dist-28079-09,district,2022-09,43.838,index,ohsome,2022-09-30,,2026-07-29,ok,0
osm_cafe_bar_ratio,dist-28079-09,district,2022-10,43.75,index,ohsome,2022-10-31,,2026-07-29,ok,0
osm_cafe_bar_ratio,dist-28079-09,district,2022-11,44.064,index,ohsome,2022-11-30,,2026-07-29,ok,0
osm_cafe_bar_ratio,dist-28079-09,district,2022-12,44.064,index,ohsome,2022-12-31,,2026-07-29,ok,0
osm_cafe_bar_ratio,dist-28079-09,district,2023-01,44.064,index,ohsome,2023-01-31,,2026-07-29,ok,0
osm_cafe_bar_ratio,dist-28079-09,district,2023-02,43.513,index,ohsome,2023-02-28,,2026-07-29,ok,0
osm_cafe_bar_ratio,dist-28079-09,district,2023-03,43.026,index,ohsome,2023-03-31,,2026-07-29,ok,0
osm_cafe_bar_ratio,dist-28079-09,district,2023-04,43.053,index,ohsome,2023-04-30,,2026-07-29,ok,0
osm_cafe_bar_ratio,dist-28079-09,district,2023-05,42.661,index,ohsome,2023-05-31,,2026-07-29,ok,0
osm_cafe_bar_ratio,dist-28079-09,district,2023-06,42.578,index,ohsome,2023-06-30,,2026-07-29,ok,0
osm_cafe_bar_ratio,dist-28079-09,district,2023-07,42.412,index,ohsome,2023-07-31,,2026-07-29,ok,0
osm_cafe_bar_ratio,dist-28079-09,district,2023-08,42.636,index,ohsome,2023-08-31,,2026-07-29,ok,0
osm_cafe_bar_ratio,dist-28079-09,district,2023-09,42.885,index,ohsome,2023-09-30,,2026-07-29,ok,0
osm_cafe_bar_ratio,dist-28079-09,district,2023-10,43.191,index,ohsome,2023-10-31,,2026-07-29,ok,0
osm_cafe_bar_ratio,dist-28079-09,district,2023-11,42.885,index,ohsome,2023-11-30,,2026-07-29,ok,0
osm_cafe_bar_ratio,dist-28079-09,district,2023-12,42.913,index,ohsome,2023-12-31,,2026-07-29,ok,0
osm_cafe_bar_ratio,dist-28079-09,district,2024-01,42.913,index,ohsome,2024-01-31,,2026-07-29,ok,0
osm_cafe_bar_ratio,dist-28079-09,district,2024-02,42.829,index,ohsome,2024-02-29,,2026-07-29,ok,0
osm_cafe_bar_ratio,dist-28079-09,district,2024-03,42.36,index,ohsome,2024-03-31,,2026-07-29,ok,0
osm_cafe_bar_ratio,dist-28079-09,district,2024-04,42.994,index,ohsome,2024-04-30,,2026-07-29,ok,0
osm_cafe_bar_ratio,dist-28079-09,district,2024-05,42.529,index,ohsome,2024-05-31,,2026-07-29,ok,0
osm_cafe_bar_ratio,dist-28079-09,district,2024-06,42.83,index,ohsome,2024-06-30,,2026-07-29,ok,0
osm_cafe_bar_ratio,dist-28079-09,district,2024-07,42.939,index,ohsome,2024-07-31,,2026-07-29,ok,0
osm_cafe_bar_ratio,dist-28079-09,district,2024-08,43.371,index,ohsome,2024-08-31,,2026-07-29,ok,0
osm_cafe_bar_ratio,dist-28079-09,district,2024-09,43.126,index,ohsome,2024-09-30,,2026-07-29,ok,0
osm_cafe_bar_ratio,dist-28079-09,district,2024-10,43.985,index,ohsome,2024-10-31,,2026-07-29,ok,0
osm_cafe_bar_ratio,dist-28079-09,district,2024-11,44.068,index,ohsome,2024-11-30,,2026-07-29,ok,0
osm_cafe_bar_ratio,dist-28079-09,district,2024-12,44.423,index,ohsome,2024-12-31,,2026-07-29,ok,0
osm_cafe_bar_ratio,dist-28079-09,district,2025-01,44.318,index,ohsome,2025-01-31,,2026-07-29,ok,0
osm_cafe_bar_ratio,dist-28079-09,district,2025-02,44.361,index,ohsome,2025-02-28,,2026-07-29,ok,0
osm_cafe_bar_ratio,dist-28079-09,district,2025-03,44.173,index,ohsome,2025-03-31,,2026-07-29,ok,0
osm_cafe_bar_ratio,dist-28079-09,district,2025-04,45.094,index,ohsome,2025-04-30,,2026-07-29,ok,0
osm_cafe_bar_ratio,dist-28079-09,district,2025-05,45.283,index,ohsome,2025-05-31,,2026-07-29,ok,0
osm_cafe_bar_ratio,dist-28079-09,district,2025-06,45.386,index,ohsome,2025-06-30,,2026-07-29,ok,0
osm_cafe_bar_ratio,dist-28079-09,district,2025-07,46.038,index,ohsome,2025-07-31,,2026-07-29,ok,0
osm_cafe_bar_ratio,dist-28079-09,district,2025-08,45.421,index,ohsome,2025-08-31,,2026-07-29,ok,0
osm_cafe_bar_ratio,dist-28079-09,district,2025-09,45.709,index,ohsome,2025-09-30,,2026-07-29,ok,0
osm_cafe_bar_ratio,dist-28079-09,district,2025-10,45.81,index,ohsome,2025-10-31,,2026-07-29,ok,0
osm_cafe_bar_ratio,dist-28079-09,district,2025-11,45.624,index,ohsome,2025-11-30,,2026-07-29,ok,0
osm_cafe_bar_ratio,dist-28079-09,district,2025-12,45.624,index,ohsome,2025-12-31,,2026-07-29,ok,0
osm_cafe_bar_ratio,dist-28079-09,district,2026-01,45.911,index,ohsome,2026-01-31,,2026-07-29,ok,0
osm_cafe_bar_ratio,dist-28079-09,district,2026-02,46.211,index,ohsome,2026-02-28,,2026-07-29,ok,0
osm_cafe_bar_ratio,dist-28079-09,district,2026-03,46.211,index,ohsome,2026-03-31,,2026-07-29,ok,0
osm_cafe_bar_ratio,dist-28079-09,district,2026-04,46.225,index,ohsome,2026-04-30,,2026-07-29,ok,0
osm_cafe_bar_ratio,dist-28079-09,district,2026-05,46.409,index,ohsome,2026-05-31,,2026-07-29,ok,0
osm_cafe_bar_ratio,dist-28079-09,district,2026-06,46.409,index,ohsome,2026-06-30,,2026-07-29,ok,0
osm_cafe_bar_ratio,dist-28079-10,district,2019-01,47.552,index,ohsome,2019-01-31,,2026-07-29,ok,0
osm_cafe_bar_ratio,dist-28079-10,district,2019-02,47.552,index,ohsome,2019-02-28,,2026-07-29,ok,0
osm_cafe_bar_ratio,dist-28079-10,district,2019-03,48.227,index,ohsome,2019-03-31,,2026-07-29,ok,0
osm_cafe_bar_ratio,dist-28079-10,district,2019-04,48.227,index,ohsome,2019-04-30,,2026-07-29,ok,0
osm_cafe_bar_ratio,dist-28079-10,district,2019-05,48.227,index,ohsome,2019-05-31,,2026-07-29,ok,0
osm_cafe_bar_ratio,dist-28079-10,district,2019-06,51.064,index,ohsome,2019-06-30,,2026-07-29,ok,0
osm_cafe_bar_ratio,dist-28079-10,district,2019-07,51.773,index,ohsome,2019-07-31,,2026-07-29,ok,0
osm_cafe_bar_ratio,dist-28079-10,district,2019-08,51.773,index,ohsome,2019-08-31,,2026-07-29,ok,0
osm_cafe_bar_ratio,dist-28079-10,district,2019-09,53.191,index,ohsome,2019-09-30,,2026-07-29,ok,0
osm_cafe_bar_ratio,dist-28079-10,district,2019-10,52.448,index,ohsome,2019-10-31,,2026-07-29,ok,0
osm_cafe_bar_ratio,dist-28079-10,district,2019-11,51.724,index,ohsome,2019-11-30,,2026-07-29,ok,0
osm_cafe_bar_ratio,dist-28079-10,district,2019-12,51.724,index,ohsome,2019-12-31,,2026-07-29,ok,0
osm_cafe_bar_ratio,dist-28079-10,district,2020-01,50.676,index,ohsome,2020-01-31,,2026-07-29,ok,0
osm_cafe_bar_ratio,dist-28079-10,district,2020-02,51.351,index,ohsome,2020-02-29,,2026-07-29,ok,0
osm_cafe_bar_ratio,dist-28079-10,district,2020-03,51.351,index,ohsome,2020-03-31,,2026-07-29,ok,0
osm_cafe_bar_ratio,dist-28079-10,district,2020-04,51.351,index,ohsome,2020-04-30,,2026-07-29,ok,0
osm_cafe_bar_ratio,dist-28079-10,district,2020-05,51.351,index,ohsome,2020-05-31,,2026-07-29,ok,0
osm_cafe_bar_ratio,dist-28079-10,district,2020-06,51.351,index,ohsome,2020-06-30,,2026-07-29,ok,0
osm_cafe_bar_ratio,dist-28079-10,district,2020-07,51.351,index,ohsome,2020-07-31,,2026-07-29,ok,0
osm_cafe_bar_ratio,dist-28079-10,district,2020-08,51.351,index,ohsome,2020-08-31,,2026-07-29,ok,0
osm_cafe_bar_ratio,dist-28079-10,district,2020-09,51.351,index,ohsome,2020-09-30,,2026-07-29,ok,0
osm_cafe_bar_ratio,dist-28079-10,district,2020-10,51.351,index,ohsome,2020-10-31,,2026-07-29,ok,0
osm_cafe_bar_ratio,dist-28079-10,district,2020-11,51.007,index,ohsome,2020-11-30,,2026-07-29,ok,0
osm_cafe_bar_ratio,dist-28079-10,district,2020-12,51.007,index,ohsome,2020-12-31,,2026-07-29,ok,0
osm_cafe_bar_ratio,dist-28079-10,district,2021-01,51.007,index,ohsome,2021-01-31,,2026-07-29,ok,0
osm_cafe_bar_ratio,dist-28079-10,district,2021-02,51.351,index,ohsome,2021-02-28,,2026-07-29,ok,0
osm_cafe_bar_ratio,dist-28079-10,district,2021-03,51.351,index,ohsome,2021-03-31,,2026-07-29,ok,0
osm_cafe_bar_ratio,dist-28079-10,district,2021-04,51.351,index,ohsome,2021-04-30,,2026-07-29,ok,0
osm_cafe_bar_ratio,dist-28079-10,district,2021-05,51.351,index,ohsome,2021-05-31,,2026-07-29,ok,0
osm_cafe_bar_ratio,dist-28079-10,district,2021-06,51.701,index,ohsome,2021-06-30,,2026-07-29,ok,0
osm_cafe_bar_ratio,dist-28079-10,district,2021-07,51.701,index,ohsome,2021-07-31,,2026-07-29,ok,0
osm_cafe_bar_ratio,dist-28079-10,district,2021-08,51.007,index,ohsome,2021-08-31,,2026-07-29,ok,0
osm_cafe_bar_ratio,dist-28079-10,district,2021-09,51.007,index,ohsome,2021-09-30,,2026-07-29,ok,0
osm_cafe_bar_ratio,dist-28079-10,district,2021-10,50.658,index,ohsome,2021-10-31,,2026-07-29,ok,0
osm_cafe_bar_ratio,dist-28079-10,district,2021-11,50.658,index,ohsome,2021-11-30,,2026-07-29,ok,0
osm_cafe_bar_ratio,dist-28079-10,district,2021-12,50.641,index,ohsome,2021-12-31,,2026-07-29,ok,0
osm_cafe_bar_ratio,dist-28079-10,district,2022-01,50.641,index,ohsome,2022-01-31,,2026-07-29,ok,0
osm_cafe_bar_ratio,dist-28079-10,district,2022-02,49.701,index,ohsome,2022-02-28,,2026-07-29,ok,0
osm_cafe_bar_ratio,dist-28079-10,district,2022-03,56.818,index,ohsome,2022-03-31,,2026-07-29,ok,0
osm_cafe_bar_ratio,dist-28079-10,district,2022-04,56.522,index,ohsome,2022-04-30,,2026-07-29,ok,0
osm_cafe_bar_ratio,dist-28079-10,district,2022-05,57.672,index,ohsome,2022-05-31,,2026-07-29,ok,0
osm_cafe_bar_ratio,dist-28079-10,district,2022-06,55.276,index,ohsome,2022-06-30,,2026-07-29,ok,0
osm_cafe_bar_ratio,dist-28079-10,district,2022-07,52.113,index,ohsome,2022-07-31,,2026-07-29,ok,0
osm_cafe_bar_ratio,dist-28079-10,district,2022-08,52.113,index,ohsome,2022-08-31,,2026-07-29,ok,0
osm_cafe_bar_ratio,dist-28079-10,district,2022-09,50.685,index,ohsome,2022-09-30,,2026-07-29,ok,0
osm_cafe_bar_ratio,dist-28079-10,district,2022-10,50.222,index,ohsome,2022-10-31,,2026-07-29,ok,0
osm_cafe_bar_ratio,dist-28079-10,district,2022-11,49.782,index,ohsome,2022-11-30,,2026-07-29,ok,0
osm_cafe_bar_ratio,dist-28079-10,district,2022-12,49.782,index,ohsome,2022-12-31,,2026-07-29,ok,0
osm_cafe_bar_ratio,dist-28079-10,district,2023-01,49.782,index,ohsome,2023-01-31,,2026-07-29,ok,0
osm_cafe_bar_ratio,dist-28079-10,district,2023-02,50,index,ohsome,2023-02-28,,2026-07-29,ok,0
osm_cafe_bar_ratio,dist-28079-10,district,2023-03,49.362,index,ohsome,2023-03-31,,2026-07-29,ok,0
osm_cafe_bar_ratio,dist-28079-10,district,2023-04,49.793,index,ohsome,2023-04-30,,2026-07-29,ok,0
osm_cafe_bar_ratio,dist-28079-10,district,2023-05,49.793,index,ohsome,2023-05-31,,2026-07-29,ok,0
osm_cafe_bar_ratio,dist-28079-10,district,2023-06,49.587,index,ohsome,2023-06-30,,2026-07-29,ok,0
osm_cafe_bar_ratio,dist-28079-10,district,2023-07,50,index,ohsome,2023-07-31,,2026-07-29,ok,0
osm_cafe_bar_ratio,dist-28079-10,district,2023-08,50.413,index,ohsome,2023-08-31,,2026-07-29,ok,0
osm_cafe_bar_ratio,dist-28079-10,district,2023-09,51.261,index,ohsome,2023-09-30,,2026-07-29,ok,0
osm_cafe_bar_ratio,dist-28079-10,district,2023-10,50.622,index,ohsome,2023-10-31,,2026-07-29,ok,0
osm_cafe_bar_ratio,dist-28079-10,district,2023-11,49.393,index,ohsome,2023-11-30,,2026-07-29,ok,0
osm_cafe_bar_ratio,dist-28079-10,district,2023-12,49.004,index,ohsome,2023-12-31,,2026-07-29,ok,0
osm_cafe_bar_ratio,dist-28079-10,district,2024-01,49.004,index,ohsome,2024-01-31,,2026-07-29,ok,0
osm_cafe_bar_ratio,dist-28079-10,district,2024-02,49.004,index,ohsome,2024-02-29,,2026-07-29,ok,0
osm_cafe_bar_ratio,dist-28079-10,district,2024-03,49.004,index,ohsome,2024-03-31,,2026-07-29,ok,0
osm_cafe_bar_ratio,dist-28079-10,district,2024-04,48.819,index,ohsome,2024-04-30,,2026-07-29,ok,0
osm_cafe_bar_ratio,dist-28079-10,district,2024-05,48.425,index,ohsome,2024-05-31,,2026-07-29,ok,0
osm_cafe_bar_ratio,dist-28079-10,district,2024-06,48.819,index,ohsome,2024-06-30,,2026-07-29,ok,0
osm_cafe_bar_ratio,dist-28079-10,district,2024-07,48.819,index,ohsome,2024-07-31,,2026-07-29,ok,0
osm_cafe_bar_ratio,dist-28079-10,district,2024-08,47.126,index,ohsome,2024-08-31,,2026-07-29,ok,0
osm_cafe_bar_ratio,dist-28079-10,district,2024-09,46.947,index,ohsome,2024-09-30,,2026-07-29,ok,0
osm_cafe_bar_ratio,dist-28079-10,district,2024-10,46.947,index,ohsome,2024-10-31,,2026-07-29,ok,0
osm_cafe_bar_ratio,dist-28079-10,district,2024-11,46.388,index,ohsome,2024-11-30,,2026-07-29,ok,0
osm_cafe_bar_ratio,dist-28079-10,district,2024-12,46.008,index,ohsome,2024-12-31,,2026-07-29,ok,0
osm_cafe_bar_ratio,dist-28079-10,district,2025-01,45.594,index,ohsome,2025-01-31,,2026-07-29,ok,0
osm_cafe_bar_ratio,dist-28079-10,district,2025-02,45.247,index,ohsome,2025-02-28,,2026-07-29,ok,0
osm_cafe_bar_ratio,dist-28079-10,district,2025-03,45.42,index,ohsome,2025-03-31,,2026-07-29,ok,0
osm_cafe_bar_ratio,dist-28079-10,district,2025-04,45.946,index,ohsome,2025-04-30,,2026-07-29,ok,0
osm_cafe_bar_ratio,dist-28079-10,district,2025-05,46.183,index,ohsome,2025-05-31,,2026-07-29,ok,0
osm_cafe_bar_ratio,dist-28079-10,district,2025-06,47.49,index,ohsome,2025-06-30,,2026-07-29,ok,0
osm_cafe_bar_ratio,dist-28079-10,district,2025-07,48.837,index,ohsome,2025-07-31,,2026-07-29,ok,0
osm_cafe_bar_ratio,dist-28079-10,district,2025-08,47.529,index,ohsome,2025-08-31,,2026-07-29,ok,0
osm_cafe_bar_ratio,dist-28079-10,district,2025-09,48.289,index,ohsome,2025-09-30,,2026-07-29,ok,0
osm_cafe_bar_ratio,dist-28079-10,district,2025-10,47.925,index,ohsome,2025-10-31,,2026-07-29,ok,0
osm_cafe_bar_ratio,dist-28079-10,district,2025-11,47.566,index,ohsome,2025-11-30,,2026-07-29,ok,0
osm_cafe_bar_ratio,dist-28079-10,district,2025-12,47.94,index,ohsome,2025-12-31,,2026-07-29,ok,0
osm_cafe_bar_ratio,dist-28079-10,district,2026-01,47.761,index,ohsome,2026-01-31,,2026-07-29,ok,0
osm_cafe_bar_ratio,dist-28079-10,district,2026-02,45.652,index,ohsome,2026-02-28,,2026-07-29,ok,0
osm_cafe_bar_ratio,dist-28079-10,district,2026-03,45.161,index,ohsome,2026-03-31,,2026-07-29,ok,0
osm_cafe_bar_ratio,dist-28079-10,district,2026-04,45,index,ohsome,2026-04-30,,2026-07-29,ok,0
osm_cafe_bar_ratio,dist-28079-10,district,2026-05,44.84,index,ohsome,2026-05-31,,2026-07-29,ok,0
osm_cafe_bar_ratio,dist-28079-10,district,2026-06,45.196,index,ohsome,2026-06-30,,2026-07-29,ok,0
osm_cafe_bar_ratio,dist-28079-11,district,2019-01,38.889,index,ohsome,2019-01-31,,2026-07-29,ok,0
osm_cafe_bar_ratio,dist-28079-11,district,2019-02,38.889,index,ohsome,2019-02-28,,2026-07-29,ok,0
osm_cafe_bar_ratio,dist-28079-11,district,2019-03,39.86,index,ohsome,2019-03-31,,2026-07-29,ok,0
osm_cafe_bar_ratio,dist-28079-11,district,2019-04,40.559,index,ohsome,2019-04-30,,2026-07-29,ok,0
osm_cafe_bar_ratio,dist-28079-11,district,2019-05,40.559,index,ohsome,2019-05-31,,2026-07-29,ok,0
osm_cafe_bar_ratio,dist-28079-11,district,2019-06,40.559,index,ohsome,2019-06-30,,2026-07-29,ok,0
osm_cafe_bar_ratio,dist-28079-11,district,2019-07,40.559,index,ohsome,2019-07-31,,2026-07-29,ok,0
osm_cafe_bar_ratio,dist-28079-11,district,2019-08,40.559,index,ohsome,2019-08-31,,2026-07-29,ok,0
osm_cafe_bar_ratio,dist-28079-11,district,2019-09,40.845,index,ohsome,2019-09-30,,2026-07-29,ok,0
osm_cafe_bar_ratio,dist-28079-11,district,2019-10,40.278,index,ohsome,2019-10-31,,2026-07-29,ok,0
osm_cafe_bar_ratio,dist-28079-11,district,2019-11,40,index,ohsome,2019-11-30,,2026-07-29,ok,0
osm_cafe_bar_ratio,dist-28079-11,district,2019-12,40,index,ohsome,2019-12-31,,2026-07-29,ok,0
osm_cafe_bar_ratio,dist-28079-11,district,2020-01,39.189,index,ohsome,2020-01-31,,2026-07-29,ok,0
osm_cafe_bar_ratio,dist-28079-11,district,2020-02,39.189,index,ohsome,2020-02-29,,2026-07-29,ok,0
osm_cafe_bar_ratio,dist-28079-11,district,2020-03,39.189,index,ohsome,2020-03-31,,2026-07-29,ok,0
osm_cafe_bar_ratio,dist-28079-11,district,2020-04,39.189,index,ohsome,2020-04-30,,2026-07-29,ok,0
osm_cafe_bar_ratio,dist-28079-11,district,2020-05,39.189,index,ohsome,2020-05-31,,2026-07-29,ok,0
osm_cafe_bar_ratio,dist-28079-11,district,2020-06,39.189,index,ohsome,2020-06-30,,2026-07-29,ok,0
osm_cafe_bar_ratio,dist-28079-11,district,2020-07,39.189,index,ohsome,2020-07-31,,2026-07-29,ok,0
osm_cafe_bar_ratio,dist-28079-11,district,2020-08,39.189,index,ohsome,2020-08-31,,2026-07-29,ok,0
osm_cafe_bar_ratio,dist-28079-11,district,2020-09,38.514,index,ohsome,2020-09-30,,2026-07-29,ok,0
osm_cafe_bar_ratio,dist-28079-11,district,2020-10,38.514,index,ohsome,2020-10-31,,2026-07-29,ok,0
osm_cafe_bar_ratio,dist-28079-11,district,2020-11,38.255,index,ohsome,2020-11-30,,2026-07-29,ok,0
osm_cafe_bar_ratio,dist-28079-11,district,2020-12,38.255,index,ohsome,2020-12-31,,2026-07-29,ok,0
osm_cafe_bar_ratio,dist-28079-11,district,2021-01,38.926,index,ohsome,2021-01-31,,2026-07-29,ok,0
osm_cafe_bar_ratio,dist-28079-11,district,2021-02,39.189,index,ohsome,2021-02-28,,2026-07-29,ok,0
osm_cafe_bar_ratio,dist-28079-11,district,2021-03,39.189,index,ohsome,2021-03-31,,2026-07-29,ok,0
osm_cafe_bar_ratio,dist-28079-11,district,2021-04,39.189,index,ohsome,2021-04-30,,2026-07-29,ok,0
osm_cafe_bar_ratio,dist-28079-11,district,2021-05,39.189,index,ohsome,2021-05-31,,2026-07-29,ok,0
osm_cafe_bar_ratio,dist-28079-11,district,2021-06,39.189,index,ohsome,2021-06-30,,2026-07-29,ok,0
osm_cafe_bar_ratio,dist-28079-11,district,2021-07,39.189,index,ohsome,2021-07-31,,2026-07-29,ok,0
osm_cafe_bar_ratio,dist-28079-11,district,2021-08,39.189,index,ohsome,2021-08-31,,2026-07-29,ok,0
osm_cafe_bar_ratio,dist-28079-11,district,2021-09,38.514,index,ohsome,2021-09-30,,2026-07-29,ok,0
osm_cafe_bar_ratio,dist-28079-11,district,2021-10,38.411,index,ohsome,2021-10-31,,2026-07-29,ok,0
osm_cafe_bar_ratio,dist-28079-11,district,2021-11,38.411,index,ohsome,2021-11-30,,2026-07-29,ok,0
osm_cafe_bar_ratio,dist-28079-11,district,2021-12,38.71,index,ohsome,2021-12-31,,2026-07-29,ok,0
osm_cafe_bar_ratio,dist-28079-11,district,2022-01,38.71,index,ohsome,2022-01-31,,2026-07-29,ok,0
osm_cafe_bar_ratio,dist-28079-11,district,2022-02,39.157,index,ohsome,2022-02-28,,2026-07-29,ok,0
osm_cafe_bar_ratio,dist-28079-11,district,2022-03,46.893,index,ohsome,2022-03-31,,2026-07-29,ok,0
osm_cafe_bar_ratio,dist-28079-11,district,2022-04,46.774,index,ohsome,2022-04-30,,2026-07-29,ok,0
osm_cafe_bar_ratio,dist-28079-11,district,2022-05,48.168,index,ohsome,2022-05-31,,2026-07-29,ok,0
osm_cafe_bar_ratio,dist-28079-11,district,2022-06,47.291,index,ohsome,2022-06-30,,2026-07-29,ok,0
osm_cafe_bar_ratio,dist-28079-11,district,2022-07,46.667,index,ohsome,2022-07-31,,2026-07-29,ok,0
osm_cafe_bar_ratio,dist-28079-11,district,2022-08,46.226,index,ohsome,2022-08-31,,2026-07-29,ok,0
osm_cafe_bar_ratio,dist-28079-11,district,2022-09,46.698,index,ohsome,2022-09-30,,2026-07-29,ok,0
osm_cafe_bar_ratio,dist-28079-11,district,2022-10,47.642,index,ohsome,2022-10-31,,2026-07-29,ok,0
osm_cafe_bar_ratio,dist-28079-11,district,2022-11,47.222,index,ohsome,2022-11-30,,2026-07-29,ok,0
osm_cafe_bar_ratio,dist-28079-11,district,2022-12,47.222,index,ohsome,2022-12-31,,2026-07-29,ok,0
osm_cafe_bar_ratio,dist-28079-11,district,2023-01,47.222,index,ohsome,2023-01-31,,2026-07-29,ok,0
osm_cafe_bar_ratio,dist-28079-11,district,2023-02,47.273,index,ohsome,2023-02-28,,2026-07-29,ok,0
osm_cafe_bar_ratio,dist-28079-11,district,2023-03,46.637,index,ohsome,2023-03-31,,2026-07-29,ok,0
osm_cafe_bar_ratio,dist-28079-11,district,2023-04,47.162,index,ohsome,2023-04-30,,2026-07-29,ok,0
osm_cafe_bar_ratio,dist-28079-11,district,2023-05,46.522,index,ohsome,2023-05-31,,2026-07-29,ok,0
osm_cafe_bar_ratio,dist-28079-11,district,2023-06,46.32,index,ohsome,2023-06-30,,2026-07-29,ok,0
osm_cafe_bar_ratio,dist-28079-11,district,2023-07,46.753,index,ohsome,2023-07-31,,2026-07-29,ok,0
osm_cafe_bar_ratio,dist-28079-11,district,2023-08,46.753,index,ohsome,2023-08-31,,2026-07-29,ok,0
osm_cafe_bar_ratio,dist-28079-11,district,2023-09,47.162,index,ohsome,2023-09-30,,2026-07-29,ok,0
osm_cafe_bar_ratio,dist-28079-11,district,2023-10,44.215,index,ohsome,2023-10-31,,2026-07-29,ok,0
osm_cafe_bar_ratio,dist-28079-11,district,2023-11,41.923,index,ohsome,2023-11-30,,2026-07-29,ok,0
osm_cafe_bar_ratio,dist-28079-11,district,2023-12,40.741,index,ohsome,2023-12-31,,2026-07-29,ok,0
osm_cafe_bar_ratio,dist-28079-11,district,2024-01,40.741,index,ohsome,2024-01-31,,2026-07-29,ok,0
osm_cafe_bar_ratio,dist-28079-11,district,2024-02,40.59,index,ohsome,2024-02-29,,2026-07-29,ok,0
osm_cafe_bar_ratio,dist-28079-11,district,2024-03,40.59,index,ohsome,2024-03-31,,2026-07-29,ok,0
osm_cafe_bar_ratio,dist-28079-11,district,2024-04,40.59,index,ohsome,2024-04-30,,2026-07-29,ok,0
osm_cafe_bar_ratio,dist-28079-11,district,2024-05,40.59,index,ohsome,2024-05-31,,2026-07-29,ok,0
osm_cafe_bar_ratio,dist-28079-11,district,2024-06,40.959,index,ohsome,2024-06-30,,2026-07-29,ok,0
osm_cafe_bar_ratio,dist-28079-11,district,2024-07,40.809,index,ohsome,2024-07-31,,2026-07-29,ok,0
osm_cafe_bar_ratio,dist-28079-11,district,2024-08,39.427,index,ohsome,2024-08-31,,2026-07-29,ok,0
osm_cafe_bar_ratio,dist-28079-11,district,2024-09,39.427,index,ohsome,2024-09-30,,2026-07-29,ok,0
osm_cafe_bar_ratio,dist-28079-11,district,2024-10,39.427,index,ohsome,2024-10-31,,2026-07-29,ok,0
osm_cafe_bar_ratio,dist-28079-11,district,2024-11,38.929,index,ohsome,2024-11-30,,2026-07-29,ok,0
osm_cafe_bar_ratio,dist-28079-11,district,2024-12,38.571,index,ohsome,2024-12-31,,2026-07-29,ok,0
osm_cafe_bar_ratio,dist-28079-11,district,2025-01,38.489,index,ohsome,2025-01-31,,2026-07-29,ok,0
osm_cafe_bar_ratio,dist-28079-11,district,2025-02,38.214,index,ohsome,2025-02-28,,2026-07-29,ok,0
osm_cafe_bar_ratio,dist-28079-11,district,2025-03,38.351,index,ohsome,2025-03-31,,2026-07-29,ok,0
osm_cafe_bar_ratio,dist-28079-11,district,2025-04,40.502,index,ohsome,2025-04-30,,2026-07-29,ok,0
osm_cafe_bar_ratio,dist-28079-11,district,2025-05,41.343,index,ohsome,2025-05-31,,2026-07-29,ok,0
osm_cafe_bar_ratio,dist-28079-11,district,2025-06,42.5,index,ohsome,2025-06-30,,2026-07-29,ok,0
osm_cafe_bar_ratio,dist-28079-11,district,2025-07,44.803,index,ohsome,2025-07-31,,2026-07-29,ok,0
osm_cafe_bar_ratio,dist-28079-11,district,2025-08,43.554,index,ohsome,2025-08-31,,2026-07-29,ok,0
osm_cafe_bar_ratio,dist-28079-11,district,2025-09,43.902,index,ohsome,2025-09-30,,2026-07-29,ok,0
osm_cafe_bar_ratio,dist-28079-11,district,2025-10,43.75,index,ohsome,2025-10-31,,2026-07-29,ok,0
osm_cafe_bar_ratio,dist-28079-11,district,2025-11,43.448,index,ohsome,2025-11-30,,2026-07-29,ok,0
osm_cafe_bar_ratio,dist-28079-11,district,2025-12,43.599,index,ohsome,2025-12-31,,2026-07-29,ok,0
osm_cafe_bar_ratio,dist-28079-11,district,2026-01,43.599,index,ohsome,2026-01-31,,2026-07-29,ok,0
osm_cafe_bar_ratio,dist-28079-11,district,2026-02,41.751,index,ohsome,2026-02-28,,2026-07-29,ok,0
osm_cafe_bar_ratio,dist-28079-11,district,2026-03,41.333,index,ohsome,2026-03-31,,2026-07-29,ok,0
osm_cafe_bar_ratio,dist-28079-11,district,2026-04,41.254,index,ohsome,2026-04-30,,2026-07-29,ok,0
osm_cafe_bar_ratio,dist-28079-11,district,2026-05,41.447,index,ohsome,2026-05-31,,2026-07-29,ok,0
osm_cafe_bar_ratio,dist-28079-11,district,2026-06,41.776,index,ohsome,2026-06-30,,2026-07-29,ok,0
osm_cafe_bar_ratio,dist-28079-12,district,2019-01,41.667,index,ohsome,2019-01-31,,2026-07-29,ok,0
osm_cafe_bar_ratio,dist-28079-12,district,2019-02,41.667,index,ohsome,2019-02-28,,2026-07-29,ok,0
osm_cafe_bar_ratio,dist-28079-12,district,2019-03,41.667,index,ohsome,2019-03-31,,2026-07-29,ok,0
osm_cafe_bar_ratio,dist-28079-12,district,2019-04,45.833,index,ohsome,2019-04-30,,2026-07-29,ok,0
osm_cafe_bar_ratio,dist-28079-12,district,2019-05,44,index,ohsome,2019-05-31,,2026-07-29,ok,0
osm_cafe_bar_ratio,dist-28079-12,district,2019-06,44,index,ohsome,2019-06-30,,2026-07-29,ok,0
osm_cafe_bar_ratio,dist-28079-12,district,2019-07,44,index,ohsome,2019-07-31,,2026-07-29,ok,0
osm_cafe_bar_ratio,dist-28079-12,district,2019-08,44,index,ohsome,2019-08-31,,2026-07-29,ok,0
osm_cafe_bar_ratio,dist-28079-12,district,2019-09,44,index,ohsome,2019-09-30,,2026-07-29,ok,0
osm_cafe_bar_ratio,dist-28079-12,district,2019-10,44,index,ohsome,2019-10-31,,2026-07-29,ok,0
osm_cafe_bar_ratio,dist-28079-12,district,2019-11,44,index,ohsome,2019-11-30,,2026-07-29,ok,0
osm_cafe_bar_ratio,dist-28079-12,district,2019-12,44,index,ohsome,2019-12-31,,2026-07-29,ok,0
osm_cafe_bar_ratio,dist-28079-12,district,2020-01,44,index,ohsome,2020-01-31,,2026-07-29,ok,0
osm_cafe_bar_ratio,dist-28079-12,district,2020-02,44,index,ohsome,2020-02-29,,2026-07-29,ok,0
osm_cafe_bar_ratio,dist-28079-12,district,2020-03,44,index,ohsome,2020-03-31,,2026-07-29,ok,0
osm_cafe_bar_ratio,dist-28079-12,district,2020-04,44,index,ohsome,2020-04-30,,2026-07-29,ok,0
osm_cafe_bar_ratio,dist-28079-12,district,2020-05,44,index,ohsome,2020-05-31,,2026-07-29,ok,0
osm_cafe_bar_ratio,dist-28079-12,district,2020-06,48,index,ohsome,2020-06-30,,2026-07-29,ok,0
osm_cafe_bar_ratio,dist-28079-12,district,2020-07,48,index,ohsome,2020-07-31,,2026-07-29,ok,0
osm_cafe_bar_ratio,dist-28079-12,district,2020-08,48,index,ohsome,2020-08-31,,2026-07-29,ok,0
osm_cafe_bar_ratio,dist-28079-12,district,2020-09,48,index,ohsome,2020-09-30,,2026-07-29,ok,0
osm_cafe_bar_ratio,dist-28079-12,district,2020-10,42.857,index,ohsome,2020-10-31,,2026-07-29,ok,0
osm_cafe_bar_ratio,dist-28079-12,district,2020-11,42.857,index,ohsome,2020-11-30,,2026-07-29,ok,0
osm_cafe_bar_ratio,dist-28079-12,district,2020-12,42.857,index,ohsome,2020-12-31,,2026-07-29,ok,0
osm_cafe_bar_ratio,dist-28079-12,district,2021-01,42.857,index,ohsome,2021-01-31,,2026-07-29,ok,0
osm_cafe_bar_ratio,dist-28079-12,district,2021-02,42.857,index,ohsome,2021-02-28,,2026-07-29,ok,0
osm_cafe_bar_ratio,dist-28079-12,district,2021-03,42.857,index,ohsome,2021-03-31,,2026-07-29,ok,0
osm_cafe_bar_ratio,dist-28079-12,district,2021-04,41.379,index,ohsome,2021-04-30,,2026-07-29,ok,0
osm_cafe_bar_ratio,dist-28079-12,district,2021-05,41.379,index,ohsome,2021-05-31,,2026-07-29,ok,0
osm_cafe_bar_ratio,dist-28079-12,district,2021-06,41.379,index,ohsome,2021-06-30,,2026-07-29,ok,0
osm_cafe_bar_ratio,dist-28079-12,district,2021-07,41.379,index,ohsome,2021-07-31,,2026-07-29,ok,0
osm_cafe_bar_ratio,dist-28079-12,district,2021-08,41.379,index,ohsome,2021-08-31,,2026-07-29,ok,0
osm_cafe_bar_ratio,dist-28079-12,district,2021-09,44.828,index,ohsome,2021-09-30,,2026-07-29,ok,0
osm_cafe_bar_ratio,dist-28079-12,district,2021-10,44.828,index,ohsome,2021-10-31,,2026-07-29,ok,0
osm_cafe_bar_ratio,dist-28079-12,district,2021-11,44.828,index,ohsome,2021-11-30,,2026-07-29,ok,0
osm_cafe_bar_ratio,dist-28079-12,district,2021-12,44.828,index,ohsome,2021-12-31,,2026-07-29,ok,0
osm_cafe_bar_ratio,dist-28079-12,district,2022-01,44.828,index,ohsome,2022-01-31,,2026-07-29,ok,0
osm_cafe_bar_ratio,dist-28079-12,district,2022-02,48.276,index,ohsome,2022-02-28,,2026-07-29,ok,0
osm_cafe_bar_ratio,dist-28079-12,district,2022-03,51.724,index,ohsome,2022-03-31,,2026-07-29,ok,0
osm_cafe_bar_ratio,dist-28079-12,district,2022-04,51.724,index,ohsome,2022-04-30,,2026-07-29,ok,0
osm_cafe_bar_ratio,dist-28079-12,district,2022-05,51.724,index,ohsome,2022-05-31,,2026-07-29,ok,0
osm_cafe_bar_ratio,dist-28079-12,district,2022-06,60,index,ohsome,2022-06-30,,2026-07-29,ok,0
osm_cafe_bar_ratio,dist-28079-12,district,2022-07,65.625,index,ohsome,2022-07-31,,2026-07-29,ok,0
osm_cafe_bar_ratio,dist-28079-12,district,2022-08,61.765,index,ohsome,2022-08-31,,2026-07-29,ok,0
osm_cafe_bar_ratio,dist-28079-12,district,2022-09,61.765,index,ohsome,2022-09-30,,2026-07-29,ok,0
osm_cafe_bar_ratio,dist-28079-12,district,2022-10,61.765,index,ohsome,2022-10-31,,2026-07-29,ok,0
osm_cafe_bar_ratio,dist-28079-12,district,2022-11,61.765,index,ohsome,2022-11-30,,2026-07-29,ok,0
osm_cafe_bar_ratio,dist-28079-12,district,2022-12,61.765,index,ohsome,2022-12-31,,2026-07-29,ok,0
osm_cafe_bar_ratio,dist-28079-12,district,2023-01,61.765,index,ohsome,2023-01-31,,2026-07-29,ok,0
osm_cafe_bar_ratio,dist-28079-12,district,2023-02,60,index,ohsome,2023-02-28,,2026-07-29,ok,0
osm_cafe_bar_ratio,dist-28079-12,district,2023-03,60,index,ohsome,2023-03-31,,2026-07-29,ok,0
osm_cafe_bar_ratio,dist-28079-12,district,2023-04,60,index,ohsome,2023-04-30,,2026-07-29,ok,0
osm_cafe_bar_ratio,dist-28079-12,district,2023-05,60,index,ohsome,2023-05-31,,2026-07-29,ok,0
osm_cafe_bar_ratio,dist-28079-12,district,2023-06,62.857,index,ohsome,2023-06-30,,2026-07-29,ok,0
osm_cafe_bar_ratio,dist-28079-12,district,2023-07,62.857,index,ohsome,2023-07-31,,2026-07-29,ok,0
osm_cafe_bar_ratio,dist-28079-12,district,2023-08,62.857,index,ohsome,2023-08-31,,2026-07-29,ok,0
osm_cafe_bar_ratio,dist-28079-12,district,2023-09,62.857,index,ohsome,2023-09-30,,2026-07-29,ok,0
osm_cafe_bar_ratio,dist-28079-12,district,2023-10,62.162,index,ohsome,2023-10-31,,2026-07-29,ok,0
osm_cafe_bar_ratio,dist-28079-12,district,2023-11,52.174,index,ohsome,2023-11-30,,2026-07-29,ok,0
osm_cafe_bar_ratio,dist-28079-12,district,2023-12,48.077,index,ohsome,2023-12-31,,2026-07-29,ok,0
osm_cafe_bar_ratio,dist-28079-12,district,2024-01,48.077,index,ohsome,2024-01-31,,2026-07-29,ok,0
osm_cafe_bar_ratio,dist-28079-12,district,2024-02,50.98,index,ohsome,2024-02-29,,2026-07-29,ok,0
osm_cafe_bar_ratio,dist-28079-12,district,2024-03,50.98,index,ohsome,2024-03-31,,2026-07-29,ok,0
osm_cafe_bar_ratio,dist-28079-12,district,2024-04,50.98,index,ohsome,2024-04-30,,2026-07-29,ok,0
osm_cafe_bar_ratio,dist-28079-12,district,2024-05,50.98,index,ohsome,2024-05-31,,2026-07-29,ok,0
osm_cafe_bar_ratio,dist-28079-12,district,2024-06,50.98,index,ohsome,2024-06-30,,2026-07-29,ok,0
osm_cafe_bar_ratio,dist-28079-12,district,2024-07,50,index,ohsome,2024-07-31,,2026-07-29,ok,0
osm_cafe_bar_ratio,dist-28079-12,district,2024-08,50,index,ohsome,2024-08-31,,2026-07-29,ok,0
osm_cafe_bar_ratio,dist-28079-12,district,2024-09,50.98,index,ohsome,2024-09-30,,2026-07-29,ok,0
osm_cafe_bar_ratio,dist-28079-12,district,2024-10,52,index,ohsome,2024-10-31,,2026-07-29,ok,0
osm_cafe_bar_ratio,dist-28079-12,district,2024-11,50,index,ohsome,2024-11-30,,2026-07-29,ok,0
osm_cafe_bar_ratio,dist-28079-12,district,2024-12,52,index,ohsome,2024-12-31,,2026-07-29,ok,0
osm_cafe_bar_ratio,dist-28079-12,district,2025-01,50.943,index,ohsome,2025-01-31,,2026-07-29,ok,0
osm_cafe_bar_ratio,dist-28079-12,district,2025-02,50.943,index,ohsome,2025-02-28,,2026-07-29,ok,0
osm_cafe_bar_ratio,dist-28079-12,district,2025-03,50.943,index,ohsome,2025-03-31,,2026-07-29,ok,0
osm_cafe_bar_ratio,dist-28079-12,district,2025-04,64.286,index,ohsome,2025-04-30,,2026-07-29,ok,0
osm_cafe_bar_ratio,dist-28079-12,district,2025-05,66.667,index,ohsome,2025-05-31,,2026-07-29,ok,0
osm_cafe_bar_ratio,dist-28079-12,district,2025-06,66.667,index,ohsome,2025-06-30,,2026-07-29,ok,0
osm_cafe_bar_ratio,dist-28079-12,district,2025-07,68.421,index,ohsome,2025-07-31,,2026-07-29,ok,0
osm_cafe_bar_ratio,dist-28079-12,district,2025-08,68.421,index,ohsome,2025-08-31,,2026-07-29,ok,0
osm_cafe_bar_ratio,dist-28079-12,district,2025-09,68.421,index,ohsome,2025-09-30,,2026-07-29,ok,0
osm_cafe_bar_ratio,dist-28079-12,district,2025-10,67.241,index,ohsome,2025-10-31,,2026-07-29,ok,0
osm_cafe_bar_ratio,dist-28079-12,district,2025-11,67.241,index,ohsome,2025-11-30,,2026-07-29,ok,0
osm_cafe_bar_ratio,dist-28079-12,district,2025-12,71.93,index,ohsome,2025-12-31,,2026-07-29,ok,0
osm_cafe_bar_ratio,dist-28079-12,district,2026-01,71.93,index,ohsome,2026-01-31,,2026-07-29,ok,0
osm_cafe_bar_ratio,dist-28079-12,district,2026-02,71.93,index,ohsome,2026-02-28,,2026-07-29,ok,0
osm_cafe_bar_ratio,dist-28079-12,district,2026-03,66.129,index,ohsome,2026-03-31,,2026-07-29,ok,0
osm_cafe_bar_ratio,dist-28079-12,district,2026-04,65.079,index,ohsome,2026-04-30,,2026-07-29,ok,0
osm_cafe_bar_ratio,dist-28079-12,district,2026-05,64.062,index,ohsome,2026-05-31,,2026-07-29,ok,0
osm_cafe_bar_ratio,dist-28079-12,district,2026-06,64.062,index,ohsome,2026-06-30,,2026-07-29,ok,0
osm_cafe_bar_ratio,dist-28079-13,district,2019-01,36.364,index,ohsome,2019-01-31,,2026-07-29,ok,0
osm_cafe_bar_ratio,dist-28079-13,district,2019-02,35.088,index,ohsome,2019-02-28,,2026-07-29,ok,0
osm_cafe_bar_ratio,dist-28079-13,district,2019-03,35.088,index,ohsome,2019-03-31,,2026-07-29,ok,0
osm_cafe_bar_ratio,dist-28079-13,district,2019-04,34.483,index,ohsome,2019-04-30,,2026-07-29,ok,0
osm_cafe_bar_ratio,dist-28079-13,district,2019-05,36.207,index,ohsome,2019-05-31,,2026-07-29,ok,0
osm_cafe_bar_ratio,dist-28079-13,district,2019-06,36.207,index,ohsome,2019-06-30,,2026-07-29,ok,0
osm_cafe_bar_ratio,dist-28079-13,district,2019-07,36.207,index,ohsome,2019-07-31,,2026-07-29,ok,0
osm_cafe_bar_ratio,dist-28079-13,district,2019-08,35.593,index,ohsome,2019-08-31,,2026-07-29,ok,0
osm_cafe_bar_ratio,dist-28079-13,district,2019-09,36.066,index,ohsome,2019-09-30,,2026-07-29,ok,0
osm_cafe_bar_ratio,dist-28079-13,district,2019-10,35.484,index,ohsome,2019-10-31,,2026-07-29,ok,0
osm_cafe_bar_ratio,dist-28079-13,district,2019-11,37.097,index,ohsome,2019-11-30,,2026-07-29,ok,0
osm_cafe_bar_ratio,dist-28079-13,district,2019-12,42.188,index,ohsome,2019-12-31,,2026-07-29,ok,0
osm_cafe_bar_ratio,dist-28079-13,district,2020-01,43.75,index,ohsome,2020-01-31,,2026-07-29,ok,0
osm_cafe_bar_ratio,dist-28079-13,district,2020-02,43.077,index,ohsome,2020-02-29,,2026-07-29,ok,0
osm_cafe_bar_ratio,dist-28079-13,district,2020-03,47.692,index,ohsome,2020-03-31,,2026-07-29,ok,0
osm_cafe_bar_ratio,dist-28079-13,district,2020-04,47.692,index,ohsome,2020-04-30,,2026-07-29,ok,0
osm_cafe_bar_ratio,dist-28079-13,district,2020-05,47.692,index,ohsome,2020-05-31,,2026-07-29,ok,0
osm_cafe_bar_ratio,dist-28079-13,district,2020-06,46.269,index,ohsome,2020-06-30,,2026-07-29,ok,0
osm_cafe_bar_ratio,dist-28079-13,district,2020-07,46.269,index,ohsome,2020-07-31,,2026-07-29,ok,0
osm_cafe_bar_ratio,dist-28079-13,district,2020-08,45.588,index,ohsome,2020-08-31,,2026-07-29,ok,0
osm_cafe_bar_ratio,dist-28079-13,district,2020-09,45.588,index,ohsome,2020-09-30,,2026-07-29,ok,0
osm_cafe_bar_ratio,dist-28079-13,district,2020-10,44.286,index,ohsome,2020-10-31,,2026-07-29,ok,0
osm_cafe_bar_ratio,dist-28079-13,district,2020-11,44.286,index,ohsome,2020-11-30,,2026-07-29,ok,0
osm_cafe_bar_ratio,dist-28079-13,district,2020-12,44.286,index,ohsome,2020-12-31,,2026-07-29,ok,0
osm_cafe_bar_ratio,dist-28079-13,district,2021-01,44.928,index,ohsome,2021-01-31,,2026-07-29,ok,0
osm_cafe_bar_ratio,dist-28079-13,district,2021-02,44.928,index,ohsome,2021-02-28,,2026-07-29,ok,0
osm_cafe_bar_ratio,dist-28079-13,district,2021-03,44.286,index,ohsome,2021-03-31,,2026-07-29,ok,0
osm_cafe_bar_ratio,dist-28079-13,district,2021-04,43.662,index,ohsome,2021-04-30,,2026-07-29,ok,0
osm_cafe_bar_ratio,dist-28079-13,district,2021-05,43.662,index,ohsome,2021-05-31,,2026-07-29,ok,0
osm_cafe_bar_ratio,dist-28079-13,district,2021-06,43.662,index,ohsome,2021-06-30,,2026-07-29,ok,0
osm_cafe_bar_ratio,dist-28079-13,district,2021-07,43.056,index,ohsome,2021-07-31,,2026-07-29,ok,0
osm_cafe_bar_ratio,dist-28079-13,district,2021-08,43.056,index,ohsome,2021-08-31,,2026-07-29,ok,0
osm_cafe_bar_ratio,dist-28079-13,district,2021-09,42.466,index,ohsome,2021-09-30,,2026-07-29,ok,0
osm_cafe_bar_ratio,dist-28079-13,district,2021-10,42.466,index,ohsome,2021-10-31,,2026-07-29,ok,0
osm_cafe_bar_ratio,dist-28079-13,district,2021-11,42.466,index,ohsome,2021-11-30,,2026-07-29,ok,0
osm_cafe_bar_ratio,dist-28079-13,district,2021-12,42.466,index,ohsome,2021-12-31,,2026-07-29,ok,0
osm_cafe_bar_ratio,dist-28079-13,district,2022-01,41.667,index,ohsome,2022-01-31,,2026-07-29,ok,0
osm_cafe_bar_ratio,dist-28079-13,district,2022-02,43.243,index,ohsome,2022-02-28,,2026-07-29,ok,0
osm_cafe_bar_ratio,dist-28079-13,district,2022-03,43.836,index,ohsome,2022-03-31,,2026-07-29,ok,0
osm_cafe_bar_ratio,dist-28079-13,district,2022-04,40,index,ohsome,2022-04-30,,2026-07-29,ok,0
osm_cafe_bar_ratio,dist-28079-13,district,2022-05,41.026,index,ohsome,2022-05-31,,2026-07-29,ok,0
osm_cafe_bar_ratio,dist-28079-13,district,2022-06,40.506,index,ohsome,2022-06-30,,2026-07-29,ok,0
osm_cafe_bar_ratio,dist-28079-13,district,2022-07,40,index,ohsome,2022-07-31,,2026-07-29,ok,0
osm_cafe_bar_ratio,dist-28079-13,district,2022-08,39.506,index,ohsome,2022-08-31,,2026-07-29,ok,0
osm_cafe_bar_ratio,dist-28079-13,district,2022-09,39.506,index,ohsome,2022-09-30,,2026-07-29,ok,0
osm_cafe_bar_ratio,dist-28079-13,district,2022-10,41.463,index,ohsome,2022-10-31,,2026-07-29,ok,0
osm_cafe_bar_ratio,dist-28079-13,district,2022-11,41.463,index,ohsome,2022-11-30,,2026-07-29,ok,0
osm_cafe_bar_ratio,dist-28079-13,district,2022-12,41.463,index,ohsome,2022-12-31,,2026-07-29,ok,0
osm_cafe_bar_ratio,dist-28079-13,district,2023-01,42.169,index,ohsome,2023-01-31,,2026-07-29,ok,0
osm_cafe_bar_ratio,dist-28079-13,district,2023-02,41.667,index,ohsome,2023-02-28,,2026-07-29,ok,0
osm_cafe_bar_ratio,dist-28079-13,district,2023-03,41.667,index,ohsome,2023-03-31,,2026-07-29,ok,0
osm_cafe_bar_ratio,dist-28079-13,district,2023-04,42.353,index,ohsome,2023-04-30,,2026-07-29,ok,0
osm_cafe_bar_ratio,dist-28079-13,district,2023-05,43.023,index,ohsome,2023-05-31,,2026-07-29,ok,0
osm_cafe_bar_ratio,dist-28079-13,district,2023-06,44.944,index,ohsome,2023-06-30,,2026-07-29,ok,0
osm_cafe_bar_ratio,dist-28079-13,district,2023-07,46.067,index,ohsome,2023-07-31,,2026-07-29,ok,0
osm_cafe_bar_ratio,dist-28079-13,district,2023-08,45.556,index,ohsome,2023-08-31,,2026-07-29,ok,0
osm_cafe_bar_ratio,dist-28079-13,district,2023-09,45.055,index,ohsome,2023-09-30,,2026-07-29,ok,0
osm_cafe_bar_ratio,dist-28079-13,district,2023-10,45.055,index,ohsome,2023-10-31,,2026-07-29,ok,0
osm_cafe_bar_ratio,dist-28079-13,district,2023-11,45.556,index,ohsome,2023-11-30,,2026-07-29,ok,0
osm_cafe_bar_ratio,dist-28079-13,district,2023-12,48.352,index,ohsome,2023-12-31,,2026-07-29,ok,0
osm_cafe_bar_ratio,dist-28079-13,district,2024-01,48.352,index,ohsome,2024-01-31,,2026-07-29,ok,0
osm_cafe_bar_ratio,dist-28079-13,district,2024-02,47.826,index,ohsome,2024-02-29,,2026-07-29,ok,0
osm_cafe_bar_ratio,dist-28079-13,district,2024-03,47.826,index,ohsome,2024-03-31,,2026-07-29,ok,0
osm_cafe_bar_ratio,dist-28079-13,district,2024-04,49.451,index,ohsome,2024-04-30,,2026-07-29,ok,0
osm_cafe_bar_ratio,dist-28079-13,district,2024-05,49.451,index,ohsome,2024-05-31,,2026-07-29,ok,0
osm_cafe_bar_ratio,dist-28079-13,district,2024-06,50,index,ohsome,2024-06-30,,2026-07-29,ok,0
osm_cafe_bar_ratio,dist-28079-13,district,2024-07,48.936,index,ohsome,2024-07-31,,2026-07-29,ok,0
osm_cafe_bar_ratio,dist-28079-13,district,2024-08,49.474,index,ohsome,2024-08-31,,2026-07-29,ok,0
osm_cafe_bar_ratio,dist-28079-13,district,2024-09,47.573,index,ohsome,2024-09-30,,2026-07-29,ok,0
osm_cafe_bar_ratio,dist-28079-13,district,2024-10,48.544,index,ohsome,2024-10-31,,2026-07-29,ok,0
osm_cafe_bar_ratio,dist-28079-13,district,2024-11,48.544,index,ohsome,2024-11-30,,2026-07-29,ok,0
osm_cafe_bar_ratio,dist-28079-13,district,2024-12,48.077,index,ohsome,2024-12-31,,2026-07-29,ok,0
osm_cafe_bar_ratio,dist-28079-13,district,2025-01,49.524,index,ohsome,2025-01-31,,2026-07-29,ok,0
osm_cafe_bar_ratio,dist-28079-13,district,2025-02,50,index,ohsome,2025-02-28,,2026-07-29,ok,0
osm_cafe_bar_ratio,dist-28079-13,district,2025-03,50.943,index,ohsome,2025-03-31,,2026-07-29,ok,0
osm_cafe_bar_ratio,dist-28079-13,district,2025-04,49.091,index,ohsome,2025-04-30,,2026-07-29,ok,0
osm_cafe_bar_ratio,dist-28079-13,district,2025-05,48.649,index,ohsome,2025-05-31,,2026-07-29,ok,0
osm_cafe_bar_ratio,dist-28079-13,district,2025-06,48.649,index,ohsome,2025-06-30,,2026-07-29,ok,0
osm_cafe_bar_ratio,dist-28079-13,district,2025-07,49.107,index,ohsome,2025-07-31,,2026-07-29,ok,0
osm_cafe_bar_ratio,dist-28079-13,district,2025-08,49.558,index,ohsome,2025-08-31,,2026-07-29,ok,0
osm_cafe_bar_ratio,dist-28079-13,district,2025-09,47.541,index,ohsome,2025-09-30,,2026-07-29,ok,0
osm_cafe_bar_ratio,dist-28079-13,district,2025-10,47.541,index,ohsome,2025-10-31,,2026-07-29,ok,0
osm_cafe_bar_ratio,dist-28079-13,district,2025-11,47.541,index,ohsome,2025-11-30,,2026-07-29,ok,0
osm_cafe_bar_ratio,dist-28079-13,district,2025-12,47.541,index,ohsome,2025-12-31,,2026-07-29,ok,0
osm_cafe_bar_ratio,dist-28079-13,district,2026-01,50,index,ohsome,2026-01-31,,2026-07-29,ok,0
osm_cafe_bar_ratio,dist-28079-13,district,2026-02,50,index,ohsome,2026-02-28,,2026-07-29,ok,0
osm_cafe_bar_ratio,dist-28079-13,district,2026-03,51.969,index,ohsome,2026-03-31,,2026-07-29,ok,0
osm_cafe_bar_ratio,dist-28079-13,district,2026-04,53.125,index,ohsome,2026-04-30,,2026-07-29,ok,0
osm_cafe_bar_ratio,dist-28079-13,district,2026-05,53.846,index,ohsome,2026-05-31,,2026-07-29,ok,0
osm_cafe_bar_ratio,dist-28079-13,district,2026-06,53.846,index,ohsome,2026-06-30,,2026-07-29,ok,0
osm_cafe_bar_ratio,dist-28079-14,district,2019-01,13.725,index,ohsome,2019-01-31,,2026-07-29,ok,0
osm_cafe_bar_ratio,dist-28079-14,district,2019-02,13.725,index,ohsome,2019-02-28,,2026-07-29,ok,0
osm_cafe_bar_ratio,dist-28079-14,district,2019-03,13.725,index,ohsome,2019-03-31,,2026-07-29,ok,0
osm_cafe_bar_ratio,dist-28079-14,district,2019-04,13.725,index,ohsome,2019-04-30,,2026-07-29,ok,0
osm_cafe_bar_ratio,dist-28079-14,district,2019-05,14.545,index,ohsome,2019-05-31,,2026-07-29,ok,0
osm_cafe_bar_ratio,dist-28079-14,district,2019-06,14.545,index,ohsome,2019-06-30,,2026-07-29,ok,0
osm_cafe_bar_ratio,dist-28079-14,district,2019-07,14.545,index,ohsome,2019-07-31,,2026-07-29,ok,0
osm_cafe_bar_ratio,dist-28079-14,district,2019-08,13.793,index,ohsome,2019-08-31,,2026-07-29,ok,0
osm_cafe_bar_ratio,dist-28079-14,district,2019-09,13.793,index,ohsome,2019-09-30,,2026-07-29,ok,0
osm_cafe_bar_ratio,dist-28079-14,district,2019-10,13.793,index,ohsome,2019-10-31,,2026-07-29,ok,0
osm_cafe_bar_ratio,dist-28079-14,district,2019-11,13.793,index,ohsome,2019-11-30,,2026-07-29,ok,0
osm_cafe_bar_ratio,dist-28079-14,district,2019-12,13.793,index,ohsome,2019-12-31,,2026-07-29,ok,0
osm_cafe_bar_ratio,dist-28079-14,district,2020-01,13.793,index,ohsome,2020-01-31,,2026-07-29,ok,0
osm_cafe_bar_ratio,dist-28079-14,district,2020-02,13.559,index,ohsome,2020-02-29,,2026-07-29,ok,0
osm_cafe_bar_ratio,dist-28079-14,district,2020-03,16.949,index,ohsome,2020-03-31,,2026-07-29,ok,0
osm_cafe_bar_ratio,dist-28079-14,district,2020-04,18.644,index,ohsome,2020-04-30,,2026-07-29,ok,0
osm_cafe_bar_ratio,dist-28079-14,district,2020-05,18.644,index,ohsome,2020-05-31,,2026-07-29,ok,0
osm_cafe_bar_ratio,dist-28079-14,district,2020-06,18.644,index,ohsome,2020-06-30,,2026-07-29,ok,0
osm_cafe_bar_ratio,dist-28079-14,district,2020-07,20.339,index,ohsome,2020-07-31,,2026-07-29,ok,0
osm_cafe_bar_ratio,dist-28079-14,district,2020-08,20.339,index,ohsome,2020-08-31,,2026-07-29,ok,0
osm_cafe_bar_ratio,dist-28079-14,district,2020-09,25.806,index,ohsome,2020-09-30,,2026-07-29,ok,0
osm_cafe_bar_ratio,dist-28079-14,district,2020-10,25.806,index,ohsome,2020-10-31,,2026-07-29,ok,0
osm_cafe_bar_ratio,dist-28079-14,district,2020-11,25.806,index,ohsome,2020-11-30,,2026-07-29,ok,0
osm_cafe_bar_ratio,dist-28079-14,district,2020-12,25.806,index,ohsome,2020-12-31,,2026-07-29,ok,0
osm_cafe_bar_ratio,dist-28079-14,district,2021-01,25.806,index,ohsome,2021-01-31,,2026-07-29,ok,0
osm_cafe_bar_ratio,dist-28079-14,district,2021-02,25.806,index,ohsome,2021-02-28,,2026-07-29,ok,0
osm_cafe_bar_ratio,dist-28079-14,district,2021-03,25.806,index,ohsome,2021-03-31,,2026-07-29,ok,0
osm_cafe_bar_ratio,dist-28079-14,district,2021-04,25.806,index,ohsome,2021-04-30,,2026-07-29,ok,0
osm_cafe_bar_ratio,dist-28079-14,district,2021-05,27.419,index,ohsome,2021-05-31,,2026-07-29,ok,0
osm_cafe_bar_ratio,dist-28079-14,district,2021-06,27.419,index,ohsome,2021-06-30,,2026-07-29,ok,0
osm_cafe_bar_ratio,dist-28079-14,district,2021-07,27.419,index,ohsome,2021-07-31,,2026-07-29,ok,0
osm_cafe_bar_ratio,dist-28079-14,district,2021-08,27.419,index,ohsome,2021-08-31,,2026-07-29,ok,0
osm_cafe_bar_ratio,dist-28079-14,district,2021-09,27.419,index,ohsome,2021-09-30,,2026-07-29,ok,0
osm_cafe_bar_ratio,dist-28079-14,district,2021-10,27.419,index,ohsome,2021-10-31,,2026-07-29,ok,0
osm_cafe_bar_ratio,dist-28079-14,district,2021-11,27.419,index,ohsome,2021-11-30,,2026-07-29,ok,0
osm_cafe_bar_ratio,dist-28079-14,district,2021-12,27.419,index,ohsome,2021-12-31,,2026-07-29,ok,0
osm_cafe_bar_ratio,dist-28079-14,district,2022-01,27.419,index,ohsome,2022-01-31,,2026-07-29,ok,0
osm_cafe_bar_ratio,dist-28079-14,district,2022-02,29.032,index,ohsome,2022-02-28,,2026-07-29,ok,0
osm_cafe_bar_ratio,dist-28079-14,district,2022-03,29.508,index,ohsome,2022-03-31,,2026-07-29,ok,0
osm_cafe_bar_ratio,dist-28079-14,district,2022-04,29.032,index,ohsome,2022-04-30,,2026-07-29,ok,0
osm_cafe_bar_ratio,dist-28079-14,district,2022-05,29.231,index,ohsome,2022-05-31,,2026-07-29,ok,0
osm_cafe_bar_ratio,dist-28079-14,district,2022-06,28.788,index,ohsome,2022-06-30,,2026-07-29,ok,0
osm_cafe_bar_ratio,dist-28079-14,district,2022-07,28.358,index,ohsome,2022-07-31,,2026-07-29,ok,0
osm_cafe_bar_ratio,dist-28079-14,district,2022-08,28.358,index,ohsome,2022-08-31,,2026-07-29,ok,0
osm_cafe_bar_ratio,dist-28079-14,district,2022-09,28.358,index,ohsome,2022-09-30,,2026-07-29,ok,0
osm_cafe_bar_ratio,dist-28079-14,district,2022-10,28.358,index,ohsome,2022-10-31,,2026-07-29,ok,0
osm_cafe_bar_ratio,dist-28079-14,district,2022-11,28.358,index,ohsome,2022-11-30,,2026-07-29,ok,0
osm_cafe_bar_ratio,dist-28079-14,district,2022-12,28.358,index,ohsome,2022-12-31,,2026-07-29,ok,0
osm_cafe_bar_ratio,dist-28079-14,district,2023-01,29.851,index,ohsome,2023-01-31,,2026-07-29,ok,0
osm_cafe_bar_ratio,dist-28079-14,district,2023-02,29.412,index,ohsome,2023-02-28,,2026-07-29,ok,0
osm_cafe_bar_ratio,dist-28079-14,district,2023-03,29.412,index,ohsome,2023-03-31,,2026-07-29,ok,0
osm_cafe_bar_ratio,dist-28079-14,district,2023-04,28.986,index,ohsome,2023-04-30,,2026-07-29,ok,0
osm_cafe_bar_ratio,dist-28079-14,district,2023-05,28.986,index,ohsome,2023-05-31,,2026-07-29,ok,0
osm_cafe_bar_ratio,dist-28079-14,district,2023-06,28.986,index,ohsome,2023-06-30,,2026-07-29,ok,0
osm_cafe_bar_ratio,dist-28079-14,district,2023-07,30.435,index,ohsome,2023-07-31,,2026-07-29,ok,0
osm_cafe_bar_ratio,dist-28079-14,district,2023-08,30.435,index,ohsome,2023-08-31,,2026-07-29,ok,0
osm_cafe_bar_ratio,dist-28079-14,district,2023-09,29.577,index,ohsome,2023-09-30,,2026-07-29,ok,0
osm_cafe_bar_ratio,dist-28079-14,district,2023-10,29.577,index,ohsome,2023-10-31,,2026-07-29,ok,0
osm_cafe_bar_ratio,dist-28079-14,district,2023-11,29.577,index,ohsome,2023-11-30,,2026-07-29,ok,0
osm_cafe_bar_ratio,dist-28079-14,district,2023-12,29.167,index,ohsome,2023-12-31,,2026-07-29,ok,0
osm_cafe_bar_ratio,dist-28079-14,district,2024-01,29.167,index,ohsome,2024-01-31,,2026-07-29,ok,0
osm_cafe_bar_ratio,dist-28079-14,district,2024-02,29.167,index,ohsome,2024-02-29,,2026-07-29,ok,0
osm_cafe_bar_ratio,dist-28079-14,district,2024-03,29.167,index,ohsome,2024-03-31,,2026-07-29,ok,0
osm_cafe_bar_ratio,dist-28079-14,district,2024-04,30.556,index,ohsome,2024-04-30,,2026-07-29,ok,0
osm_cafe_bar_ratio,dist-28079-14,district,2024-05,30.556,index,ohsome,2024-05-31,,2026-07-29,ok,0
osm_cafe_bar_ratio,dist-28079-14,district,2024-06,30.556,index,ohsome,2024-06-30,,2026-07-29,ok,0
osm_cafe_bar_ratio,dist-28079-14,district,2024-07,30.556,index,ohsome,2024-07-31,,2026-07-29,ok,0
osm_cafe_bar_ratio,dist-28079-14,district,2024-08,30.556,index,ohsome,2024-08-31,,2026-07-29,ok,0
osm_cafe_bar_ratio,dist-28079-14,district,2024-09,30.556,index,ohsome,2024-09-30,,2026-07-29,ok,0
osm_cafe_bar_ratio,dist-28079-14,district,2024-10,30.556,index,ohsome,2024-10-31,,2026-07-29,ok,0
osm_cafe_bar_ratio,dist-28079-14,district,2024-11,31.944,index,ohsome,2024-11-30,,2026-07-29,ok,0
osm_cafe_bar_ratio,dist-28079-14,district,2024-12,31.944,index,ohsome,2024-12-31,,2026-07-29,ok,0
osm_cafe_bar_ratio,dist-28079-14,district,2025-01,31.507,index,ohsome,2025-01-31,,2026-07-29,ok,0
osm_cafe_bar_ratio,dist-28079-14,district,2025-02,32.432,index,ohsome,2025-02-28,,2026-07-29,ok,0
osm_cafe_bar_ratio,dist-28079-14,district,2025-03,32,index,ohsome,2025-03-31,,2026-07-29,ok,0
osm_cafe_bar_ratio,dist-28079-14,district,2025-04,32.432,index,ohsome,2025-04-30,,2026-07-29,ok,0
osm_cafe_bar_ratio,dist-28079-14,district,2025-05,32.432,index,ohsome,2025-05-31,,2026-07-29,ok,0
osm_cafe_bar_ratio,dist-28079-14,district,2025-06,32.432,index,ohsome,2025-06-30,,2026-07-29,ok,0
osm_cafe_bar_ratio,dist-28079-14,district,2025-07,32.895,index,ohsome,2025-07-31,,2026-07-29,ok,0
osm_cafe_bar_ratio,dist-28079-14,district,2025-08,32.911,index,ohsome,2025-08-31,,2026-07-29,ok,0
osm_cafe_bar_ratio,dist-28079-14,district,2025-09,33.333,index,ohsome,2025-09-30,,2026-07-29,ok,0
osm_cafe_bar_ratio,dist-28079-14,district,2025-10,32.941,index,ohsome,2025-10-31,,2026-07-29,ok,0
osm_cafe_bar_ratio,dist-28079-14,district,2025-11,32.941,index,ohsome,2025-11-30,,2026-07-29,ok,0
osm_cafe_bar_ratio,dist-28079-14,district,2025-12,34.118,index,ohsome,2025-12-31,,2026-07-29,ok,0
osm_cafe_bar_ratio,dist-28079-14,district,2026-01,35.294,index,ohsome,2026-01-31,,2026-07-29,ok,0
osm_cafe_bar_ratio,dist-28079-14,district,2026-02,35.294,index,ohsome,2026-02-28,,2026-07-29,ok,0
osm_cafe_bar_ratio,dist-28079-14,district,2026-03,34.884,index,ohsome,2026-03-31,,2026-07-29,ok,0
osm_cafe_bar_ratio,dist-28079-14,district,2026-04,34.118,index,ohsome,2026-04-30,,2026-07-29,ok,0
osm_cafe_bar_ratio,dist-28079-14,district,2026-05,33.721,index,ohsome,2026-05-31,,2026-07-29,ok,0
osm_cafe_bar_ratio,dist-28079-14,district,2026-06,34.884,index,ohsome,2026-06-30,,2026-07-29,ok,0
osm_cafe_bar_ratio,dist-28079-15,district,2019-01,30.144,index,ohsome,2019-01-31,,2026-07-29,ok,0
osm_cafe_bar_ratio,dist-28079-15,district,2019-02,30.288,index,ohsome,2019-02-28,,2026-07-29,ok,0
osm_cafe_bar_ratio,dist-28079-15,district,2019-03,30.144,index,ohsome,2019-03-31,,2026-07-29,ok,0
osm_cafe_bar_ratio,dist-28079-15,district,2019-04,30.806,index,ohsome,2019-04-30,,2026-07-29,ok,0
osm_cafe_bar_ratio,dist-28079-15,district,2019-05,30.806,index,ohsome,2019-05-31,,2026-07-29,ok,0
osm_cafe_bar_ratio,dist-28079-15,district,2019-06,31.754,index,ohsome,2019-06-30,,2026-07-29,ok,0
osm_cafe_bar_ratio,dist-28079-15,district,2019-07,32.227,index,ohsome,2019-07-31,,2026-07-29,ok,0
osm_cafe_bar_ratio,dist-28079-15,district,2019-08,32.227,index,ohsome,2019-08-31,,2026-07-29,ok,0
osm_cafe_bar_ratio,dist-28079-15,district,2019-09,32.227,index,ohsome,2019-09-30,,2026-07-29,ok,0
osm_cafe_bar_ratio,dist-28079-15,district,2019-10,32.227,index,ohsome,2019-10-31,,2026-07-29,ok,0
osm_cafe_bar_ratio,dist-28079-15,district,2019-11,32.075,index,ohsome,2019-11-30,,2026-07-29,ok,0
osm_cafe_bar_ratio,dist-28079-15,district,2019-12,32.075,index,ohsome,2019-12-31,,2026-07-29,ok,0
osm_cafe_bar_ratio,dist-28079-15,district,2020-01,31.925,index,ohsome,2020-01-31,,2026-07-29,ok,0
osm_cafe_bar_ratio,dist-28079-15,district,2020-02,31.651,index,ohsome,2020-02-29,,2026-07-29,ok,0
osm_cafe_bar_ratio,dist-28079-15,district,2020-03,31.651,index,ohsome,2020-03-31,,2026-07-29,ok,0
osm_cafe_bar_ratio,dist-28079-15,district,2020-04,32.11,index,ohsome,2020-04-30,,2026-07-29,ok,0
osm_cafe_bar_ratio,dist-28079-15,district,2020-05,32.11,index,ohsome,2020-05-31,,2026-07-29,ok,0
osm_cafe_bar_ratio,dist-28079-15,district,2020-06,32.11,index,ohsome,2020-06-30,,2026-07-29,ok,0
osm_cafe_bar_ratio,dist-28079-15,district,2020-07,32.569,index,ohsome,2020-07-31,,2026-07-29,ok,0
osm_cafe_bar_ratio,dist-28079-15,district,2020-08,32.569,index,ohsome,2020-08-31,,2026-07-29,ok,0
osm_cafe_bar_ratio,dist-28079-15,district,2020-09,32.569,index,ohsome,2020-09-30,,2026-07-29,ok,0
osm_cafe_bar_ratio,dist-28079-15,district,2020-10,32.719,index,ohsome,2020-10-31,,2026-07-29,ok,0
osm_cafe_bar_ratio,dist-28079-15,district,2020-11,32.719,index,ohsome,2020-11-30,,2026-07-29,ok,0
osm_cafe_bar_ratio,dist-28079-15,district,2020-12,32.727,index,ohsome,2020-12-31,,2026-07-29,ok,0
osm_cafe_bar_ratio,dist-28079-15,district,2021-01,32.727,index,ohsome,2021-01-31,,2026-07-29,ok,0
osm_cafe_bar_ratio,dist-28079-15,district,2021-02,33.182,index,ohsome,2021-02-28,,2026-07-29,ok,0
osm_cafe_bar_ratio,dist-28079-15,district,2021-03,33.636,index,ohsome,2021-03-31,,2026-07-29,ok,0
osm_cafe_bar_ratio,dist-28079-15,district,2021-04,33.636,index,ohsome,2021-04-30,,2026-07-29,ok,0
osm_cafe_bar_ratio,dist-28079-15,district,2021-05,33.784,index,ohsome,2021-05-31,,2026-07-29,ok,0
osm_cafe_bar_ratio,dist-28079-15,district,2021-06,34.081,index,ohsome,2021-06-30,,2026-07-29,ok,0
osm_cafe_bar_ratio,dist-28079-15,district,2021-07,34.081,index,ohsome,2021-07-31,,2026-07-29,ok,0
osm_cafe_bar_ratio,dist-28079-15,district,2021-08,34.389,index,ohsome,2021-08-31,,2026-07-29,ok,0
osm_cafe_bar_ratio,dist-28079-15,district,2021-09,34.842,index,ohsome,2021-09-30,,2026-07-29,ok,0
osm_cafe_bar_ratio,dist-28079-15,district,2021-10,34.842,index,ohsome,2021-10-31,,2026-07-29,ok,0
osm_cafe_bar_ratio,dist-28079-15,district,2021-11,34.685,index,ohsome,2021-11-30,,2026-07-29,ok,0
osm_cafe_bar_ratio,dist-28079-15,district,2021-12,34.685,index,ohsome,2021-12-31,,2026-07-29,ok,0
osm_cafe_bar_ratio,dist-28079-15,district,2022-01,35.586,index,ohsome,2022-01-31,,2026-07-29,ok,0
osm_cafe_bar_ratio,dist-28079-15,district,2022-02,36.036,index,ohsome,2022-02-28,,2026-07-29,ok,0
osm_cafe_bar_ratio,dist-28079-15,district,2022-03,35.874,index,ohsome,2022-03-31,,2026-07-29,ok,0
osm_cafe_bar_ratio,dist-28079-15,district,2022-04,35.874,index,ohsome,2022-04-30,,2026-07-29,ok,0
osm_cafe_bar_ratio,dist-28079-15,district,2022-05,35.874,index,ohsome,2022-05-31,,2026-07-29,ok,0
osm_cafe_bar_ratio,dist-28079-15,district,2022-06,35.398,index,ohsome,2022-06-30,,2026-07-29,ok,0
osm_cafe_bar_ratio,dist-28079-15,district,2022-07,35.242,index,ohsome,2022-07-31,,2026-07-29,ok,0
osm_cafe_bar_ratio,dist-28079-15,district,2022-08,35.242,index,ohsome,2022-08-31,,2026-07-29,ok,0
osm_cafe_bar_ratio,dist-28079-15,district,2022-09,35.242,index,ohsome,2022-09-30,,2026-07-29,ok,0
osm_cafe_bar_ratio,dist-28079-15,district,2022-10,34.802,index,ohsome,2022-10-31,,2026-07-29,ok,0
osm_cafe_bar_ratio,dist-28079-15,district,2022-11,35.088,index,ohsome,2022-11-30,,2026-07-29,ok,0
osm_cafe_bar_ratio,dist-28079-15,district,2022-12,35.088,index,ohsome,2022-12-31,,2026-07-29,ok,0
osm_cafe_bar_ratio,dist-28079-15,district,2023-01,35.526,index,ohsome,2023-01-31,,2026-07-29,ok,0
osm_cafe_bar_ratio,dist-28079-15,district,2023-02,35.371,index,ohsome,2023-02-28,,2026-07-29,ok,0
osm_cafe_bar_ratio,dist-28079-15,district,2023-03,36.404,index,ohsome,2023-03-31,,2026-07-29,ok,0
osm_cafe_bar_ratio,dist-28079-15,district,2023-04,36.564,index,ohsome,2023-04-30,,2026-07-29,ok,0
osm_cafe_bar_ratio,dist-28079-15,district,2023-05,36.564,index,ohsome,2023-05-31,,2026-07-29,ok,0
osm_cafe_bar_ratio,dist-28079-15,district,2023-06,36.726,index,ohsome,2023-06-30,,2026-07-29,ok,0
osm_cafe_bar_ratio,dist-28079-15,district,2023-07,36.726,index,ohsome,2023-07-31,,2026-07-29,ok,0
osm_cafe_bar_ratio,dist-28079-15,district,2023-08,37.054,index,ohsome,2023-08-31,,2026-07-29,ok,0
osm_cafe_bar_ratio,dist-28079-15,district,2023-09,37.054,index,ohsome,2023-09-30,,2026-07-29,ok,0
osm_cafe_bar_ratio,dist-28079-15,district,2023-10,37.946,index,ohsome,2023-10-31,,2026-07-29,ok,0
osm_cafe_bar_ratio,dist-28079-15,district,2023-11,38.393,index,ohsome,2023-11-30,,2026-07-29,ok,0
osm_cafe_bar_ratio,dist-28079-15,district,2023-12,37.885,index,ohsome,2023-12-31,,2026-07-29,ok,0
osm_cafe_bar_ratio,dist-28079-15,district,2024-01,37.885,index,ohsome,2024-01-31,,2026-07-29,ok,0
osm_cafe_bar_ratio,dist-28079-15,district,2024-02,37.168,index,ohsome,2024-02-29,,2026-07-29,ok,0
osm_cafe_bar_ratio,dist-28079-15,district,2024-03,37.168,index,ohsome,2024-03-31,,2026-07-29,ok,0
osm_cafe_bar_ratio,dist-28079-15,district,2024-04,37.445,index,ohsome,2024-04-30,,2026-07-29,ok,0
osm_cafe_bar_ratio,dist-28079-15,district,2024-05,37.885,index,ohsome,2024-05-31,,2026-07-29,ok,0
osm_cafe_bar_ratio,dist-28079-15,district,2024-06,38.298,index,ohsome,2024-06-30,,2026-07-29,ok,0
osm_cafe_bar_ratio,dist-28079-15,district,2024-07,38.235,index,ohsome,2024-07-31,,2026-07-29,ok,0
osm_cafe_bar_ratio,dist-28079-15,district,2024-08,38.174,index,ohsome,2024-08-31,,2026-07-29,ok,0
osm_cafe_bar_ratio,dist-28079-15,district,2024-09,38.589,index,ohsome,2024-09-30,,2026-07-29,ok,0
osm_cafe_bar_ratio,dist-28079-15,district,2024-10,38.618,index,ohsome,2024-10-31,,2026-07-29,ok,0
osm_cafe_bar_ratio,dist-28079-15,district,2024-11,37.945,index,ohsome,2024-11-30,,2026-07-29,ok,0
osm_cafe_bar_ratio,dist-28079-15,district,2024-12,38.189,index,ohsome,2024-12-31,,2026-07-29,ok,0
osm_cafe_bar_ratio,dist-28079-15,district,2025-01,38.76,index,ohsome,2025-01-31,,2026-07-29,ok,0
osm_cafe_bar_ratio,dist-28079-15,district,2025-02,39.695,index,ohsome,2025-02-28,,2026-07-29,ok,0
osm_cafe_bar_ratio,dist-28079-15,district,2025-03,39.695,index,ohsome,2025-03-31,,2026-07-29,ok,0
osm_cafe_bar_ratio,dist-28079-15,district,2025-04,41.154,index,ohsome,2025-04-30,,2026-07-29,ok,0
osm_cafe_bar_ratio,dist-28079-15,district,2025-05,41.538,index,ohsome,2025-05-31,,2026-07-29,ok,0
osm_cafe_bar_ratio,dist-28079-15,district,2025-06,41.923,index,ohsome,2025-06-30,,2026-07-29,ok,0
osm_cafe_bar_ratio,dist-28079-15,district,2025-07,42.692,index,ohsome,2025-07-31,,2026-07-29,ok,0
osm_cafe_bar_ratio,dist-28079-15,district,2025-08,42.692,index,ohsome,2025-08-31,,2026-07-29,ok,0
osm_cafe_bar_ratio,dist-28079-15,district,2025-09,43.629,index,ohsome,2025-09-30,,2026-07-29,ok,0
osm_cafe_bar_ratio,dist-28079-15,district,2025-10,43.411,index,ohsome,2025-10-31,,2026-07-29,ok,0
osm_cafe_bar_ratio,dist-28079-15,district,2025-11,42.857,index,ohsome,2025-11-30,,2026-07-29,ok,0
osm_cafe_bar_ratio,dist-28079-15,district,2025-12,43.243,index,ohsome,2025-12-31,,2026-07-29,ok,0
osm_cafe_bar_ratio,dist-28079-15,district,2026-01,42.751,index,ohsome,2026-01-31,,2026-07-29,ok,0
osm_cafe_bar_ratio,dist-28079-15,district,2026-02,41.818,index,ohsome,2026-02-28,,2026-07-29,ok,0
osm_cafe_bar_ratio,dist-28079-15,district,2026-03,42.336,index,ohsome,2026-03-31,,2026-07-29,ok,0
osm_cafe_bar_ratio,dist-28079-15,district,2026-04,42.701,index,ohsome,2026-04-30,,2026-07-29,ok,0
osm_cafe_bar_ratio,dist-28079-15,district,2026-05,42.909,index,ohsome,2026-05-31,,2026-07-29,ok,0
osm_cafe_bar_ratio,dist-28079-15,district,2026-06,42.754,index,ohsome,2026-06-30,,2026-07-29,ok,0
osm_cafe_bar_ratio,dist-28079-16,district,2019-01,47.727,index,ohsome,2019-01-31,,2026-07-29,ok,0
osm_cafe_bar_ratio,dist-28079-16,district,2019-02,47.727,index,ohsome,2019-02-28,,2026-07-29,ok,0
osm_cafe_bar_ratio,dist-28079-16,district,2019-03,47.727,index,ohsome,2019-03-31,,2026-07-29,ok,0
osm_cafe_bar_ratio,dist-28079-16,district,2019-04,47.727,index,ohsome,2019-04-30,,2026-07-29,ok,0
osm_cafe_bar_ratio,dist-28079-16,district,2019-05,47.727,index,ohsome,2019-05-31,,2026-07-29,ok,0
osm_cafe_bar_ratio,dist-28079-16,district,2019-06,47.727,index,ohsome,2019-06-30,,2026-07-29,ok,0
osm_cafe_bar_ratio,dist-28079-16,district,2019-07,47.727,index,ohsome,2019-07-31,,2026-07-29,ok,0
osm_cafe_bar_ratio,dist-28079-16,district,2019-08,47.727,index,ohsome,2019-08-31,,2026-07-29,ok,0
osm_cafe_bar_ratio,dist-28079-16,district,2019-09,47.727,index,ohsome,2019-09-30,,2026-07-29,ok,0
osm_cafe_bar_ratio,dist-28079-16,district,2019-10,47.727,index,ohsome,2019-10-31,,2026-07-29,ok,0
osm_cafe_bar_ratio,dist-28079-16,district,2019-11,46.667,index,ohsome,2019-11-30,,2026-07-29,ok,0
osm_cafe_bar_ratio,dist-28079-16,district,2019-12,46.667,index,ohsome,2019-12-31,,2026-07-29,ok,0
osm_cafe_bar_ratio,dist-28079-16,district,2020-01,45.652,index,ohsome,2020-01-31,,2026-07-29,ok,0
osm_cafe_bar_ratio,dist-28079-16,district,2020-02,46.809,index,ohsome,2020-02-29,,2026-07-29,ok,0
osm_cafe_bar_ratio,dist-28079-16,district,2020-03,48.936,index,ohsome,2020-03-31,,2026-07-29,ok,0
osm_cafe_bar_ratio,dist-28079-16,district,2020-04,48.936,index,ohsome,2020-04-30,,2026-07-29,ok,0
osm_cafe_bar_ratio,dist-28079-16,district,2020-05,48.936,index,ohsome,2020-05-31,,2026-07-29,ok,0
osm_cafe_bar_ratio,dist-28079-16,district,2020-06,48.936,index,ohsome,2020-06-30,,2026-07-29,ok,0
osm_cafe_bar_ratio,dist-28079-16,district,2020-07,48.936,index,ohsome,2020-07-31,,2026-07-29,ok,0
osm_cafe_bar_ratio,dist-28079-16,district,2020-08,48.936,index,ohsome,2020-08-31,,2026-07-29,ok,0
osm_cafe_bar_ratio,dist-28079-16,district,2020-09,50,index,ohsome,2020-09-30,,2026-07-29,ok,0
osm_cafe_bar_ratio,dist-28079-16,district,2020-10,50,index,ohsome,2020-10-31,,2026-07-29,ok,0
osm_cafe_bar_ratio,dist-28079-16,district,2020-11,50,index,ohsome,2020-11-30,,2026-07-29,ok,0
osm_cafe_bar_ratio,dist-28079-16,district,2020-12,50,index,ohsome,2020-12-31,,2026-07-29,ok,0
osm_cafe_bar_ratio,dist-28079-16,district,2021-01,51.064,index,ohsome,2021-01-31,,2026-07-29,ok,0
osm_cafe_bar_ratio,dist-28079-16,district,2021-02,51.064,index,ohsome,2021-02-28,,2026-07-29,ok,0
osm_cafe_bar_ratio,dist-28079-16,district,2021-03,51.064,index,ohsome,2021-03-31,,2026-07-29,ok,0
osm_cafe_bar_ratio,dist-28079-16,district,2021-04,53.333,index,ohsome,2021-04-30,,2026-07-29,ok,0
osm_cafe_bar_ratio,dist-28079-16,district,2021-05,52.174,index,ohsome,2021-05-31,,2026-07-29,ok,0
osm_cafe_bar_ratio,dist-28079-16,district,2021-06,52.174,index,ohsome,2021-06-30,,2026-07-29,ok,0
osm_cafe_bar_ratio,dist-28079-16,district,2021-07,52.174,index,ohsome,2021-07-31,,2026-07-29,ok,0
osm_cafe_bar_ratio,dist-28079-16,district,2021-08,52.174,index,ohsome,2021-08-31,,2026-07-29,ok,0
osm_cafe_bar_ratio,dist-28079-16,district,2021-09,55.556,index,ohsome,2021-09-30,,2026-07-29,ok,0
osm_cafe_bar_ratio,dist-28079-16,district,2021-10,55.556,index,ohsome,2021-10-31,,2026-07-29,ok,0
osm_cafe_bar_ratio,dist-28079-16,district,2021-11,57.778,index,ohsome,2021-11-30,,2026-07-29,ok,0
osm_cafe_bar_ratio,dist-28079-16,district,2021-12,57.778,index,ohsome,2021-12-31,,2026-07-29,ok,0
osm_cafe_bar_ratio,dist-28079-16,district,2022-01,57.778,index,ohsome,2022-01-31,,2026-07-29,ok,0
osm_cafe_bar_ratio,dist-28079-16,district,2022-02,57.778,index,ohsome,2022-02-28,,2026-07-29,ok,0
osm_cafe_bar_ratio,dist-28079-16,district,2022-03,57.778,index,ohsome,2022-03-31,,2026-07-29,ok,0
osm_cafe_bar_ratio,dist-28079-16,district,2022-04,60,index,ohsome,2022-04-30,,2026-07-29,ok,0
osm_cafe_bar_ratio,dist-28079-16,district,2022-05,60,index,ohsome,2022-05-31,,2026-07-29,ok,0
osm_cafe_bar_ratio,dist-28079-16,district,2022-06,60,index,ohsome,2022-06-30,,2026-07-29,ok,0
osm_cafe_bar_ratio,dist-28079-16,district,2022-07,60,index,ohsome,2022-07-31,,2026-07-29,ok,0
osm_cafe_bar_ratio,dist-28079-16,district,2022-08,63.636,index,ohsome,2022-08-31,,2026-07-29,ok,0
osm_cafe_bar_ratio,dist-28079-16,district,2022-09,63.636,index,ohsome,2022-09-30,,2026-07-29,ok,0
osm_cafe_bar_ratio,dist-28079-16,district,2022-10,62.222,index,ohsome,2022-10-31,,2026-07-29,ok,0
osm_cafe_bar_ratio,dist-28079-16,district,2022-11,64.444,index,ohsome,2022-11-30,,2026-07-29,ok,0
osm_cafe_bar_ratio,dist-28079-16,district,2022-12,64.444,index,ohsome,2022-12-31,,2026-07-29,ok,0
osm_cafe_bar_ratio,dist-28079-16,district,2023-01,64.444,index,ohsome,2023-01-31,,2026-07-29,ok,0
osm_cafe_bar_ratio,dist-28079-16,district,2023-02,64.444,index,ohsome,2023-02-28,,2026-07-29,ok,0
osm_cafe_bar_ratio,dist-28079-16,district,2023-03,70.455,index,ohsome,2023-03-31,,2026-07-29,ok,0
osm_cafe_bar_ratio,dist-28079-16,district,2023-04,70.455,index,ohsome,2023-04-30,,2026-07-29,ok,0
osm_cafe_bar_ratio,dist-28079-16,district,2023-05,70.455,index,ohsome,2023-05-31,,2026-07-29,ok,0
osm_cafe_bar_ratio,dist-28079-16,district,2023-06,70.455,index,ohsome,2023-06-30,,2026-07-29,ok,0
osm_cafe_bar_ratio,dist-28079-16,district,2023-07,70.455,index,ohsome,2023-07-31,,2026-07-29,ok,0
osm_cafe_bar_ratio,dist-28079-16,district,2023-08,70.455,index,ohsome,2023-08-31,,2026-07-29,ok,0
osm_cafe_bar_ratio,dist-28079-16,district,2023-09,70.455,index,ohsome,2023-09-30,,2026-07-29,ok,0
osm_cafe_bar_ratio,dist-28079-16,district,2023-10,70.455,index,ohsome,2023-10-31,,2026-07-29,ok,0
osm_cafe_bar_ratio,dist-28079-16,district,2023-11,70.455,index,ohsome,2023-11-30,,2026-07-29,ok,0
osm_cafe_bar_ratio,dist-28079-16,district,2023-12,70.455,index,ohsome,2023-12-31,,2026-07-29,ok,0
osm_cafe_bar_ratio,dist-28079-16,district,2024-01,70.455,index,ohsome,2024-01-31,,2026-07-29,ok,0
osm_cafe_bar_ratio,dist-28079-16,district,2024-02,70.455,index,ohsome,2024-02-29,,2026-07-29,ok,0
osm_cafe_bar_ratio,dist-28079-16,district,2024-03,70.455,index,ohsome,2024-03-31,,2026-07-29,ok,0
osm_cafe_bar_ratio,dist-28079-16,district,2024-04,68.889,index,ohsome,2024-04-30,,2026-07-29,ok,0
osm_cafe_bar_ratio,dist-28079-16,district,2024-05,68.889,index,ohsome,2024-05-31,,2026-07-29,ok,0
osm_cafe_bar_ratio,dist-28079-16,district,2024-06,68.889,index,ohsome,2024-06-30,,2026-07-29,ok,0
osm_cafe_bar_ratio,dist-28079-16,district,2024-07,71.111,index,ohsome,2024-07-31,,2026-07-29,ok,0
osm_cafe_bar_ratio,dist-28079-16,district,2024-08,71.111,index,ohsome,2024-08-31,,2026-07-29,ok,0
osm_cafe_bar_ratio,dist-28079-16,district,2024-09,72.727,index,ohsome,2024-09-30,,2026-07-29,ok,0
osm_cafe_bar_ratio,dist-28079-16,district,2024-10,76.596,index,ohsome,2024-10-31,,2026-07-29,ok,0
osm_cafe_bar_ratio,dist-28079-16,district,2024-11,75,index,ohsome,2024-11-30,,2026-07-29,ok,0
osm_cafe_bar_ratio,dist-28079-16,district,2024-12,75.51,index,ohsome,2024-12-31,,2026-07-29,ok,0
osm_cafe_bar_ratio,dist-28079-16,district,2025-01,78,index,ohsome,2025-01-31,,2026-07-29,ok,0
osm_cafe_bar_ratio,dist-28079-16,district,2025-02,84,index,ohsome,2025-02-28,,2026-07-29,ok,0
osm_cafe_bar_ratio,dist-28079-16,district,2025-03,84,index,ohsome,2025-03-31,,2026-07-29,ok,0
osm_cafe_bar_ratio,dist-28079-16,district,2025-04,84,index,ohsome,2025-04-30,,2026-07-29,ok,0
osm_cafe_bar_ratio,dist-28079-16,district,2025-05,84,index,ohsome,2025-05-31,,2026-07-29,ok,0
osm_cafe_bar_ratio,dist-28079-16,district,2025-06,84,index,ohsome,2025-06-30,,2026-07-29,ok,0
osm_cafe_bar_ratio,dist-28079-16,district,2025-07,84,index,ohsome,2025-07-31,,2026-07-29,ok,0
osm_cafe_bar_ratio,dist-28079-16,district,2025-08,84,index,ohsome,2025-08-31,,2026-07-29,ok,0
osm_cafe_bar_ratio,dist-28079-16,district,2025-09,84,index,ohsome,2025-09-30,,2026-07-29,ok,0
osm_cafe_bar_ratio,dist-28079-16,district,2025-10,84,index,ohsome,2025-10-31,,2026-07-29,ok,0
osm_cafe_bar_ratio,dist-28079-16,district,2025-11,82.353,index,ohsome,2025-11-30,,2026-07-29,ok,0
osm_cafe_bar_ratio,dist-28079-16,district,2025-12,80.769,index,ohsome,2025-12-31,,2026-07-29,ok,0
osm_cafe_bar_ratio,dist-28079-16,district,2026-01,72.131,index,ohsome,2026-01-31,,2026-07-29,ok,0
osm_cafe_bar_ratio,dist-28079-16,district,2026-02,66.667,index,ohsome,2026-02-28,,2026-07-29,ok,0
osm_cafe_bar_ratio,dist-28079-16,district,2026-03,66.667,index,ohsome,2026-03-31,,2026-07-29,ok,0
osm_cafe_bar_ratio,dist-28079-16,district,2026-04,66.667,index,ohsome,2026-04-30,,2026-07-29,ok,0
osm_cafe_bar_ratio,dist-28079-16,district,2026-05,66.667,index,ohsome,2026-05-31,,2026-07-29,ok,0
osm_cafe_bar_ratio,dist-28079-16,district,2026-06,65.672,index,ohsome,2026-06-30,,2026-07-29,ok,0
osm_cafe_bar_ratio,dist-28079-17,district,2019-01,83.784,index,ohsome,2019-01-31,,2026-07-29,ok,0
osm_cafe_bar_ratio,dist-28079-17,district,2019-02,83.784,index,ohsome,2019-02-28,,2026-07-29,ok,0
osm_cafe_bar_ratio,dist-28079-17,district,2019-03,83.784,index,ohsome,2019-03-31,,2026-07-29,ok,0
osm_cafe_bar_ratio,dist-28079-17,district,2019-04,83.784,index,ohsome,2019-04-30,,2026-07-29,ok,0
osm_cafe_bar_ratio,dist-28079-17,district,2019-05,83.784,index,ohsome,2019-05-31,,2026-07-29,ok,0
osm_cafe_bar_ratio,dist-28079-17,district,2019-06,83.784,index,ohsome,2019-06-30,,2026-07-29,ok,0
osm_cafe_bar_ratio,dist-28079-17,district,2019-07,83.784,index,ohsome,2019-07-31,,2026-07-29,ok,0
osm_cafe_bar_ratio,dist-28079-17,district,2019-08,83.784,index,ohsome,2019-08-31,,2026-07-29,ok,0
osm_cafe_bar_ratio,dist-28079-17,district,2019-09,83.784,index,ohsome,2019-09-30,,2026-07-29,ok,0
osm_cafe_bar_ratio,dist-28079-17,district,2019-10,83.784,index,ohsome,2019-10-31,,2026-07-29,ok,0
osm_cafe_bar_ratio,dist-28079-17,district,2019-11,83.784,index,ohsome,2019-11-30,,2026-07-29,ok,0
osm_cafe_bar_ratio,dist-28079-17,district,2019-12,83.784,index,ohsome,2019-12-31,,2026-07-29,ok,0
osm_cafe_bar_ratio,dist-28079-17,district,2020-01,83.784,index,ohsome,2020-01-31,,2026-07-29,ok,0
osm_cafe_bar_ratio,dist-28079-17,district,2020-02,89.189,index,ohsome,2020-02-29,,2026-07-29,ok,0
osm_cafe_bar_ratio,dist-28079-17,district,2020-03,91.667,index,ohsome,2020-03-31,,2026-07-29,ok,0
osm_cafe_bar_ratio,dist-28079-17,district,2020-04,91.667,index,ohsome,2020-04-30,,2026-07-29,ok,0
osm_cafe_bar_ratio,dist-28079-17,district,2020-05,91.667,index,ohsome,2020-05-31,,2026-07-29,ok,0
osm_cafe_bar_ratio,dist-28079-17,district,2020-06,91.667,index,ohsome,2020-06-30,,2026-07-29,ok,0
osm_cafe_bar_ratio,dist-28079-17,district,2020-07,91.667,index,ohsome,2020-07-31,,2026-07-29,ok,0
osm_cafe_bar_ratio,dist-28079-17,district,2020-08,91.667,index,ohsome,2020-08-31,,2026-07-29,ok,0
osm_cafe_bar_ratio,dist-28079-17,district,2020-09,91.667,index,ohsome,2020-09-30,,2026-07-29,ok,0
osm_cafe_bar_ratio,dist-28079-17,district,2020-10,91.667,index,ohsome,2020-10-31,,2026-07-29,ok,0
osm_cafe_bar_ratio,dist-28079-17,district,2020-11,91.667,index,ohsome,2020-11-30,,2026-07-29,ok,0
osm_cafe_bar_ratio,dist-28079-17,district,2020-12,91.667,index,ohsome,2020-12-31,,2026-07-29,ok,0
osm_cafe_bar_ratio,dist-28079-17,district,2021-01,91.667,index,ohsome,2021-01-31,,2026-07-29,ok,0
osm_cafe_bar_ratio,dist-28079-17,district,2021-02,91.667,index,ohsome,2021-02-28,,2026-07-29,ok,0
osm_cafe_bar_ratio,dist-28079-17,district,2021-03,91.667,index,ohsome,2021-03-31,,2026-07-29,ok,0
osm_cafe_bar_ratio,dist-28079-17,district,2021-04,89.189,index,ohsome,2021-04-30,,2026-07-29,ok,0
osm_cafe_bar_ratio,dist-28079-17,district,2021-05,89.189,index,ohsome,2021-05-31,,2026-07-29,ok,0
osm_cafe_bar_ratio,dist-28079-17,district,2021-06,89.189,index,ohsome,2021-06-30,,2026-07-29,ok,0
osm_cafe_bar_ratio,dist-28079-17,district,2021-07,89.189,index,ohsome,2021-07-31,,2026-07-29,ok,0
osm_cafe_bar_ratio,dist-28079-17,district,2021-08,89.189,index,ohsome,2021-08-31,,2026-07-29,ok,0
osm_cafe_bar_ratio,dist-28079-17,district,2021-09,89.189,index,ohsome,2021-09-30,,2026-07-29,ok,0
osm_cafe_bar_ratio,dist-28079-17,district,2021-10,89.189,index,ohsome,2021-10-31,,2026-07-29,ok,0
osm_cafe_bar_ratio,dist-28079-17,district,2021-11,89.189,index,ohsome,2021-11-30,,2026-07-29,ok,0
osm_cafe_bar_ratio,dist-28079-17,district,2021-12,89.189,index,ohsome,2021-12-31,,2026-07-29,ok,0
osm_cafe_bar_ratio,dist-28079-17,district,2022-01,94.595,index,ohsome,2022-01-31,,2026-07-29,ok,0
osm_cafe_bar_ratio,dist-28079-17,district,2022-02,94.595,index,ohsome,2022-02-28,,2026-07-29,ok,0
osm_cafe_bar_ratio,dist-28079-17,district,2022-03,94.595,index,ohsome,2022-03-31,,2026-07-29,ok,0
osm_cafe_bar_ratio,dist-28079-17,district,2022-04,94.595,index,ohsome,2022-04-30,,2026-07-29,ok,0
osm_cafe_bar_ratio,dist-28079-17,district,2022-05,94.595,index,ohsome,2022-05-31,,2026-07-29,ok,0
osm_cafe_bar_ratio,dist-28079-17,district,2022-06,94.595,index,ohsome,2022-06-30,,2026-07-29,ok,0
osm_cafe_bar_ratio,dist-28079-17,district,2022-07,94.595,index,ohsome,2022-07-31,,2026-07-29,ok,0
osm_cafe_bar_ratio,dist-28079-17,district,2022-08,92.105,index,ohsome,2022-08-31,,2026-07-29,ok,0
osm_cafe_bar_ratio,dist-28079-17,district,2022-09,92.105,index,ohsome,2022-09-30,,2026-07-29,ok,0
osm_cafe_bar_ratio,dist-28079-17,district,2022-10,92.105,index,ohsome,2022-10-31,,2026-07-29,ok,0
osm_cafe_bar_ratio,dist-28079-17,district,2022-11,92.105,index,ohsome,2022-11-30,,2026-07-29,ok,0
osm_cafe_bar_ratio,dist-28079-17,district,2022-12,92.105,index,ohsome,2022-12-31,,2026-07-29,ok,0
osm_cafe_bar_ratio,dist-28079-17,district,2023-01,92.105,index,ohsome,2023-01-31,,2026-07-29,ok,0
osm_cafe_bar_ratio,dist-28079-17,district,2023-02,92.105,index,ohsome,2023-02-28,,2026-07-29,ok,0
osm_cafe_bar_ratio,dist-28079-17,district,2023-03,92.105,index,ohsome,2023-03-31,,2026-07-29,ok,0
osm_cafe_bar_ratio,dist-28079-17,district,2023-04,92.105,index,ohsome,2023-04-30,,2026-07-29,ok,0
osm_cafe_bar_ratio,dist-28079-17,district,2023-05,92.105,index,ohsome,2023-05-31,,2026-07-29,ok,0
osm_cafe_bar_ratio,dist-28079-17,district,2023-06,92.105,index,ohsome,2023-06-30,,2026-07-29,ok,0
osm_cafe_bar_ratio,dist-28079-17,district,2023-07,92.105,index,ohsome,2023-07-31,,2026-07-29,ok,0
osm_cafe_bar_ratio,dist-28079-17,district,2023-08,92.105,index,ohsome,2023-08-31,,2026-07-29,ok,0
osm_cafe_bar_ratio,dist-28079-17,district,2023-09,92.105,index,ohsome,2023-09-30,,2026-07-29,ok,0
osm_cafe_bar_ratio,dist-28079-17,district,2023-10,92.105,index,ohsome,2023-10-31,,2026-07-29,ok,0
osm_cafe_bar_ratio,dist-28079-17,district,2023-11,92.105,index,ohsome,2023-11-30,,2026-07-29,ok,0
osm_cafe_bar_ratio,dist-28079-17,district,2023-12,92.105,index,ohsome,2023-12-31,,2026-07-29,ok,0
osm_cafe_bar_ratio,dist-28079-17,district,2024-01,92.105,index,ohsome,2024-01-31,,2026-07-29,ok,0
osm_cafe_bar_ratio,dist-28079-17,district,2024-02,92.105,index,ohsome,2024-02-29,,2026-07-29,ok,0
osm_cafe_bar_ratio,dist-28079-17,district,2024-03,92.105,index,ohsome,2024-03-31,,2026-07-29,ok,0
osm_cafe_bar_ratio,dist-28079-17,district,2024-04,94.737,index,ohsome,2024-04-30,,2026-07-29,ok,0
osm_cafe_bar_ratio,dist-28079-17,district,2024-05,80.952,index,ohsome,2024-05-31,,2026-07-29,ok,0
osm_cafe_bar_ratio,dist-28079-17,district,2024-06,73.81,index,ohsome,2024-06-30,,2026-07-29,ok,0
osm_cafe_bar_ratio,dist-28079-17,district,2024-07,73.81,index,ohsome,2024-07-31,,2026-07-29,ok,0
osm_cafe_bar_ratio,dist-28079-17,district,2024-08,73.81,index,ohsome,2024-08-31,,2026-07-29,ok,0
osm_cafe_bar_ratio,dist-28079-17,district,2024-09,73.81,index,ohsome,2024-09-30,,2026-07-29,ok,0
osm_cafe_bar_ratio,dist-28079-17,district,2024-10,75.61,index,ohsome,2024-10-31,,2026-07-29,ok,0
osm_cafe_bar_ratio,dist-28079-17,district,2024-11,75.61,index,ohsome,2024-11-30,,2026-07-29,ok,0
osm_cafe_bar_ratio,dist-28079-17,district,2024-12,75.61,index,ohsome,2024-12-31,,2026-07-29,ok,0
osm_cafe_bar_ratio,dist-28079-17,district,2025-01,75.61,index,ohsome,2025-01-31,,2026-07-29,ok,0
osm_cafe_bar_ratio,dist-28079-17,district,2025-02,73.171,index,ohsome,2025-02-28,,2026-07-29,ok,0
osm_cafe_bar_ratio,dist-28079-17,district,2025-03,69.767,index,ohsome,2025-03-31,,2026-07-29,ok,0
osm_cafe_bar_ratio,dist-28079-17,district,2025-04,64.583,index,ohsome,2025-04-30,,2026-07-29,ok,0
osm_cafe_bar_ratio,dist-28079-17,district,2025-05,64.583,index,ohsome,2025-05-31,,2026-07-29,ok,0
osm_cafe_bar_ratio,dist-28079-17,district,2025-06,64.583,index,ohsome,2025-06-30,,2026-07-29,ok,0
osm_cafe_bar_ratio,dist-28079-17,district,2025-07,64.583,index,ohsome,2025-07-31,,2026-07-29,ok,0
osm_cafe_bar_ratio,dist-28079-17,district,2025-08,64.583,index,ohsome,2025-08-31,,2026-07-29,ok,0
osm_cafe_bar_ratio,dist-28079-17,district,2025-09,62.5,index,ohsome,2025-09-30,,2026-07-29,ok,0
osm_cafe_bar_ratio,dist-28079-17,district,2025-10,60.417,index,ohsome,2025-10-31,,2026-07-29,ok,0
osm_cafe_bar_ratio,dist-28079-17,district,2025-11,60.417,index,ohsome,2025-11-30,,2026-07-29,ok,0
osm_cafe_bar_ratio,dist-28079-17,district,2025-12,60.417,index,ohsome,2025-12-31,,2026-07-29,ok,0
osm_cafe_bar_ratio,dist-28079-17,district,2026-01,60.417,index,ohsome,2026-01-31,,2026-07-29,ok,0
osm_cafe_bar_ratio,dist-28079-17,district,2026-02,62.5,index,ohsome,2026-02-28,,2026-07-29,ok,0
osm_cafe_bar_ratio,dist-28079-17,district,2026-03,60.417,index,ohsome,2026-03-31,,2026-07-29,ok,0
osm_cafe_bar_ratio,dist-28079-17,district,2026-04,60.417,index,ohsome,2026-04-30,,2026-07-29,ok,0
osm_cafe_bar_ratio,dist-28079-17,district,2026-05,60.417,index,ohsome,2026-05-31,,2026-07-29,ok,0
osm_cafe_bar_ratio,dist-28079-17,district,2026-06,60.417,index,ohsome,2026-06-30,,2026-07-29,ok,0
osm_cafe_bar_ratio,dist-28079-18,district,2019-01,58.333,index,ohsome,2019-01-31,,2026-07-29,ok,0
osm_cafe_bar_ratio,dist-28079-18,district,2019-02,53.846,index,ohsome,2019-02-28,,2026-07-29,ok,0
osm_cafe_bar_ratio,dist-28079-18,district,2019-03,53.846,index,ohsome,2019-03-31,,2026-07-29,ok,0
osm_cafe_bar_ratio,dist-28079-18,district,2019-04,53.846,index,ohsome,2019-04-30,,2026-07-29,ok,0
osm_cafe_bar_ratio,dist-28079-18,district,2019-05,53.846,index,ohsome,2019-05-31,,2026-07-29,ok,0
osm_cafe_bar_ratio,dist-28079-18,district,2019-06,53.846,index,ohsome,2019-06-30,,2026-07-29,ok,0
osm_cafe_bar_ratio,dist-28079-18,district,2019-07,53.846,index,ohsome,2019-07-31,,2026-07-29,ok,0
osm_cafe_bar_ratio,dist-28079-18,district,2019-08,53.846,index,ohsome,2019-08-31,,2026-07-29,ok,0
osm_cafe_bar_ratio,dist-28079-18,district,2019-09,53.846,index,ohsome,2019-09-30,,2026-07-29,ok,0
osm_cafe_bar_ratio,dist-28079-18,district,2019-10,53.846,index,ohsome,2019-10-31,,2026-07-29,ok,0
osm_cafe_bar_ratio,dist-28079-18,district,2019-11,53.846,index,ohsome,2019-11-30,,2026-07-29,ok,0
osm_cafe_bar_ratio,dist-28079-18,district,2019-12,51.852,index,ohsome,2019-12-31,,2026-07-29,ok,0
osm_cafe_bar_ratio,dist-28079-18,district,2020-01,55.556,index,ohsome,2020-01-31,,2026-07-29,ok,0
osm_cafe_bar_ratio,dist-28079-18,district,2020-02,55.556,index,ohsome,2020-02-29,,2026-07-29,ok,0
osm_cafe_bar_ratio,dist-28079-18,district,2020-03,55.556,index,ohsome,2020-03-31,,2026-07-29,ok,0
osm_cafe_bar_ratio,dist-28079-18,district,2020-04,55.556,index,ohsome,2020-04-30,,2026-07-29,ok,0
osm_cafe_bar_ratio,dist-28079-18,district,2020-05,51.852,index,ohsome,2020-05-31,,2026-07-29,ok,0
osm_cafe_bar_ratio,dist-28079-18,district,2020-06,50,index,ohsome,2020-06-30,,2026-07-29,ok,0
osm_cafe_bar_ratio,dist-28079-18,district,2020-07,50,index,ohsome,2020-07-31,,2026-07-29,ok,0
osm_cafe_bar_ratio,dist-28079-18,district,2020-08,48.276,index,ohsome,2020-08-31,,2026-07-29,ok,0
osm_cafe_bar_ratio,dist-28079-18,district,2020-09,48.276,index,ohsome,2020-09-30,,2026-07-29,ok,0
osm_cafe_bar_ratio,dist-28079-18,district,2020-10,50,index,ohsome,2020-10-31,,2026-07-29,ok,0
osm_cafe_bar_ratio,dist-28079-18,district,2020-11,50,index,ohsome,2020-11-30,,2026-07-29,ok,0
osm_cafe_bar_ratio,dist-28079-18,district,2020-12,50,index,ohsome,2020-12-31,,2026-07-29,ok,0
osm_cafe_bar_ratio,dist-28079-18,district,2021-01,50,index,ohsome,2021-01-31,,2026-07-29,ok,0
osm_cafe_bar_ratio,dist-28079-18,district,2021-02,50,index,ohsome,2021-02-28,,2026-07-29,ok,0
osm_cafe_bar_ratio,dist-28079-18,district,2021-03,50,index,ohsome,2021-03-31,,2026-07-29,ok,0
osm_cafe_bar_ratio,dist-28079-18,district,2021-04,50,index,ohsome,2021-04-30,,2026-07-29,ok,0
osm_cafe_bar_ratio,dist-28079-18,district,2021-05,50,index,ohsome,2021-05-31,,2026-07-29,ok,0
osm_cafe_bar_ratio,dist-28079-18,district,2021-06,50,index,ohsome,2021-06-30,,2026-07-29,ok,0
osm_cafe_bar_ratio,dist-28079-18,district,2021-07,50,index,ohsome,2021-07-31,,2026-07-29,ok,0
osm_cafe_bar_ratio,dist-28079-18,district,2021-08,50,index,ohsome,2021-08-31,,2026-07-29,ok,0
osm_cafe_bar_ratio,dist-28079-18,district,2021-09,53.333,index,ohsome,2021-09-30,,2026-07-29,ok,0
osm_cafe_bar_ratio,dist-28079-18,district,2021-10,53.333,index,ohsome,2021-10-31,,2026-07-29,ok,0
osm_cafe_bar_ratio,dist-28079-18,district,2021-11,53.333,index,ohsome,2021-11-30,,2026-07-29,ok,0
osm_cafe_bar_ratio,dist-28079-18,district,2021-12,56.667,index,ohsome,2021-12-31,,2026-07-29,ok,0
osm_cafe_bar_ratio,dist-28079-18,district,2022-01,58.621,index,ohsome,2022-01-31,,2026-07-29,ok,0
osm_cafe_bar_ratio,dist-28079-18,district,2022-02,54.839,index,ohsome,2022-02-28,,2026-07-29,ok,0
osm_cafe_bar_ratio,dist-28079-18,district,2022-03,56.667,index,ohsome,2022-03-31,,2026-07-29,ok,0
osm_cafe_bar_ratio,dist-28079-18,district,2022-04,54.839,index,ohsome,2022-04-30,,2026-07-29,ok,0
osm_cafe_bar_ratio,dist-28079-18,district,2022-05,54.839,index,ohsome,2022-05-31,,2026-07-29,ok,0
osm_cafe_bar_ratio,dist-28079-18,district,2022-06,53.125,index,ohsome,2022-06-30,,2026-07-29,ok,0
osm_cafe_bar_ratio,dist-28079-18,district,2022-07,53.125,index,ohsome,2022-07-31,,2026-07-29,ok,0
osm_cafe_bar_ratio,dist-28079-18,district,2022-08,51.515,index,ohsome,2022-08-31,,2026-07-29,ok,0
osm_cafe_bar_ratio,dist-28079-18,district,2022-09,51.515,index,ohsome,2022-09-30,,2026-07-29,ok,0
osm_cafe_bar_ratio,dist-28079-18,district,2022-10,55.882,index,ohsome,2022-10-31,,2026-07-29,ok,0
osm_cafe_bar_ratio,dist-28079-18,district,2022-11,55.882,index,ohsome,2022-11-30,,2026-07-29,ok,0
osm_cafe_bar_ratio,dist-28079-18,district,2022-12,55.882,index,ohsome,2022-12-31,,2026-07-29,ok,0
osm_cafe_bar_ratio,dist-28079-18,district,2023-01,57.143,index,ohsome,2023-01-31,,2026-07-29,ok,0
osm_cafe_bar_ratio,dist-28079-18,district,2023-02,58.824,index,ohsome,2023-02-28,,2026-07-29,ok,0
osm_cafe_bar_ratio,dist-28079-18,district,2023-03,58.824,index,ohsome,2023-03-31,,2026-07-29,ok,0
osm_cafe_bar_ratio,dist-28079-18,district,2023-04,66.667,index,ohsome,2023-04-30,,2026-07-29,ok,0
osm_cafe_bar_ratio,dist-28079-18,district,2023-05,70.27,index,ohsome,2023-05-31,,2026-07-29,ok,0
osm_cafe_bar_ratio,dist-28079-18,district,2023-06,70.27,index,ohsome,2023-06-30,,2026-07-29,ok,0
osm_cafe_bar_ratio,dist-28079-18,district,2023-07,70.27,index,ohsome,2023-07-31,,2026-07-29,ok,0
osm_cafe_bar_ratio,dist-28079-18,district,2023-08,68.421,index,ohsome,2023-08-31,,2026-07-29,ok,0
osm_cafe_bar_ratio,dist-28079-18,district,2023-09,70.27,index,ohsome,2023-09-30,,2026-07-29,ok,0
osm_cafe_bar_ratio,dist-28079-18,district,2023-10,70.27,index,ohsome,2023-10-31,,2026-07-29,ok,0
osm_cafe_bar_ratio,dist-28079-18,district,2023-11,70.27,index,ohsome,2023-11-30,,2026-07-29,ok,0
osm_cafe_bar_ratio,dist-28079-18,district,2023-12,71.053,index,ohsome,2023-12-31,,2026-07-29,ok,0
osm_cafe_bar_ratio,dist-28079-18,district,2024-01,71.053,index,ohsome,2024-01-31,,2026-07-29,ok,0
osm_cafe_bar_ratio,dist-28079-18,district,2024-02,72.973,index,ohsome,2024-02-29,,2026-07-29,ok,0
osm_cafe_bar_ratio,dist-28079-18,district,2024-03,72.973,index,ohsome,2024-03-31,,2026-07-29,ok,0
osm_cafe_bar_ratio,dist-28079-18,district,2024-04,75.676,index,ohsome,2024-04-30,,2026-07-29,ok,0
osm_cafe_bar_ratio,dist-28079-18,district,2024-05,75.676,index,ohsome,2024-05-31,,2026-07-29,ok,0
osm_cafe_bar_ratio,dist-28079-18,district,2024-06,73.684,index,ohsome,2024-06-30,,2026-07-29,ok,0
osm_cafe_bar_ratio,dist-28079-18,district,2024-07,70,index,ohsome,2024-07-31,,2026-07-29,ok,0
osm_cafe_bar_ratio,dist-28079-18,district,2024-08,68.293,index,ohsome,2024-08-31,,2026-07-29,ok,0
osm_cafe_bar_ratio,dist-28079-18,district,2024-09,67.347,index,ohsome,2024-09-30,,2026-07-29,ok,0
osm_cafe_bar_ratio,dist-28079-18,district,2024-10,67.347,index,ohsome,2024-10-31,,2026-07-29,ok,0
osm_cafe_bar_ratio,dist-28079-18,district,2024-11,67.347,index,ohsome,2024-11-30,,2026-07-29,ok,0
osm_cafe_bar_ratio,dist-28079-18,district,2024-12,70.833,index,ohsome,2024-12-31,,2026-07-29,ok,0
osm_cafe_bar_ratio,dist-28079-18,district,2025-01,68.75,index,ohsome,2025-01-31,,2026-07-29,ok,0
osm_cafe_bar_ratio,dist-28079-18,district,2025-02,68.75,index,ohsome,2025-02-28,,2026-07-29,ok,0
osm_cafe_bar_ratio,dist-28079-18,district,2025-03,71.429,index,ohsome,2025-03-31,,2026-07-29,ok,0
osm_cafe_bar_ratio,dist-28079-18,district,2025-04,68.627,index,ohsome,2025-04-30,,2026-07-29,ok,0
osm_cafe_bar_ratio,dist-28079-18,district,2025-05,67.308,index,ohsome,2025-05-31,,2026-07-29,ok,0
osm_cafe_bar_ratio,dist-28079-18,district,2025-06,67.308,index,ohsome,2025-06-30,,2026-07-29,ok,0
osm_cafe_bar_ratio,dist-28079-18,district,2025-07,67.308,index,ohsome,2025-07-31,,2026-07-29,ok,0
osm_cafe_bar_ratio,dist-28079-18,district,2025-08,67.308,index,ohsome,2025-08-31,,2026-07-29,ok,0
osm_cafe_bar_ratio,dist-28079-18,district,2025-09,67.308,index,ohsome,2025-09-30,,2026-07-29,ok,0
osm_cafe_bar_ratio,dist-28079-18,district,2025-10,68.627,index,ohsome,2025-10-31,,2026-07-29,ok,0
osm_cafe_bar_ratio,dist-28079-18,district,2025-11,68.627,index,ohsome,2025-11-30,,2026-07-29,ok,0
osm_cafe_bar_ratio,dist-28079-18,district,2025-12,68.627,index,ohsome,2025-12-31,,2026-07-29,ok,0
osm_cafe_bar_ratio,dist-28079-18,district,2026-01,72.549,index,ohsome,2026-01-31,,2026-07-29,ok,0
osm_cafe_bar_ratio,dist-28079-18,district,2026-02,72.549,index,ohsome,2026-02-28,,2026-07-29,ok,0
osm_cafe_bar_ratio,dist-28079-18,district,2026-03,84,index,ohsome,2026-03-31,,2026-07-29,ok,0
osm_cafe_bar_ratio,dist-28079-18,district,2026-04,84,index,ohsome,2026-04-30,,2026-07-29,ok,0
osm_cafe_bar_ratio,dist-28079-18,district,2026-05,84,index,ohsome,2026-05-31,,2026-07-29,ok,0
osm_cafe_bar_ratio,dist-28079-18,district,2026-06,84,index,ohsome,2026-06-30,,2026-07-29,ok,0
osm_cafe_bar_ratio,dist-28079-19,district,2019-01,27.434,index,ohsome,2019-01-31,,2026-07-29,ok,0
osm_cafe_bar_ratio,dist-28079-19,district,2019-02,26.957,index,ohsome,2019-02-28,,2026-07-29,ok,0
osm_cafe_bar_ratio,dist-28079-19,district,2019-03,27.826,index,ohsome,2019-03-31,,2026-07-29,ok,0
osm_cafe_bar_ratio,dist-28079-19,district,2019-04,27.826,index,ohsome,2019-04-30,,2026-07-29,ok,0
osm_cafe_bar_ratio,dist-28079-19,district,2019-05,28.696,index,ohsome,2019-05-31,,2026-07-29,ok,0
osm_cafe_bar_ratio,dist-28079-19,district,2019-06,28.448,index,ohsome,2019-06-30,,2026-07-29,ok,0
osm_cafe_bar_ratio,dist-28079-19,district,2019-07,29.31,index,ohsome,2019-07-31,,2026-07-29,ok,0
osm_cafe_bar_ratio,dist-28079-19,district,2019-08,29.06,index,ohsome,2019-08-31,,2026-07-29,ok,0
osm_cafe_bar_ratio,dist-28079-19,district,2019-09,29.06,index,ohsome,2019-09-30,,2026-07-29,ok,0
osm_cafe_bar_ratio,dist-28079-19,district,2019-10,29.06,index,ohsome,2019-10-31,,2026-07-29,ok,0
osm_cafe_bar_ratio,dist-28079-19,district,2019-11,29.06,index,ohsome,2019-11-30,,2026-07-29,ok,0
osm_cafe_bar_ratio,dist-28079-19,district,2019-12,29.06,index,ohsome,2019-12-31,,2026-07-29,ok,0
osm_cafe_bar_ratio,dist-28079-19,district,2020-01,29.06,index,ohsome,2020-01-31,,2026-07-29,ok,0
osm_cafe_bar_ratio,dist-28079-19,district,2020-02,29.06,index,ohsome,2020-02-29,,2026-07-29,ok,0
osm_cafe_bar_ratio,dist-28079-19,district,2020-03,29.06,index,ohsome,2020-03-31,,2026-07-29,ok,0
osm_cafe_bar_ratio,dist-28079-19,district,2020-04,29.06,index,ohsome,2020-04-30,,2026-07-29,ok,0
osm_cafe_bar_ratio,dist-28079-19,district,2020-05,28.205,index,ohsome,2020-05-31,,2026-07-29,ok,0
osm_cafe_bar_ratio,dist-28079-19,district,2020-06,28.205,index,ohsome,2020-06-30,,2026-07-29,ok,0
osm_cafe_bar_ratio,dist-28079-19,district,2020-07,27.966,index,ohsome,2020-07-31,,2026-07-29,ok,0
osm_cafe_bar_ratio,dist-28079-19,district,2020-08,27.119,index,ohsome,2020-08-31,,2026-07-29,ok,0
osm_cafe_bar_ratio,dist-28079-19,district,2020-09,27.119,index,ohsome,2020-09-30,,2026-07-29,ok,0
osm_cafe_bar_ratio,dist-28079-19,district,2020-10,27.35,index,ohsome,2020-10-31,,2026-07-29,ok,0
osm_cafe_bar_ratio,dist-28079-19,district,2020-11,27.35,index,ohsome,2020-11-30,,2026-07-29,ok,0
osm_cafe_bar_ratio,dist-28079-19,district,2020-12,27.35,index,ohsome,2020-12-31,,2026-07-29,ok,0
osm_cafe_bar_ratio,dist-28079-19,district,2021-01,27.35,index,ohsome,2021-01-31,,2026-07-29,ok,0
osm_cafe_bar_ratio,dist-28079-19,district,2021-02,27.35,index,ohsome,2021-02-28,,2026-07-29,ok,0
osm_cafe_bar_ratio,dist-28079-19,district,2021-03,27.35,index,ohsome,2021-03-31,,2026-07-29,ok,0
osm_cafe_bar_ratio,dist-28079-19,district,2021-04,27.35,index,ohsome,2021-04-30,,2026-07-29,ok,0
osm_cafe_bar_ratio,dist-28079-19,district,2021-05,27.35,index,ohsome,2021-05-31,,2026-07-29,ok,0
osm_cafe_bar_ratio,dist-28079-19,district,2021-06,27.35,index,ohsome,2021-06-30,,2026-07-29,ok,0
osm_cafe_bar_ratio,dist-28079-19,district,2021-07,27.35,index,ohsome,2021-07-31,,2026-07-29,ok,0
osm_cafe_bar_ratio,dist-28079-19,district,2021-08,27.35,index,ohsome,2021-08-31,,2026-07-29,ok,0
osm_cafe_bar_ratio,dist-28079-19,district,2021-09,28.571,index,ohsome,2021-09-30,,2026-07-29,ok,0
osm_cafe_bar_ratio,dist-28079-19,district,2021-10,28.571,index,ohsome,2021-10-31,,2026-07-29,ok,0
osm_cafe_bar_ratio,dist-28079-19,district,2021-11,28.571,index,ohsome,2021-11-30,,2026-07-29,ok,0
osm_cafe_bar_ratio,dist-28079-19,district,2021-12,29.412,index,ohsome,2021-12-31,,2026-07-29,ok,0
osm_cafe_bar_ratio,dist-28079-19,district,2022-01,29.412,index,ohsome,2022-01-31,,2026-07-29,ok,0
osm_cafe_bar_ratio,dist-28079-19,district,2022-02,29.412,index,ohsome,2022-02-28,,2026-07-29,ok,0
osm_cafe_bar_ratio,dist-28079-19,district,2022-03,29.661,index,ohsome,2022-03-31,,2026-07-29,ok,0
osm_cafe_bar_ratio,dist-28079-19,district,2022-04,29.661,index,ohsome,2022-04-30,,2026-07-29,ok,0
osm_cafe_bar_ratio,dist-28079-19,district,2022-05,29.661,index,ohsome,2022-05-31,,2026-07-29,ok,0
osm_cafe_bar_ratio,dist-28079-19,district,2022-06,29.412,index,ohsome,2022-06-30,,2026-07-29,ok,0
osm_cafe_bar_ratio,dist-28079-19,district,2022-07,29.412,index,ohsome,2022-07-31,,2026-07-29,ok,0
osm_cafe_bar_ratio,dist-28079-19,district,2022-08,29.412,index,ohsome,2022-08-31,,2026-07-29,ok,0
osm_cafe_bar_ratio,dist-28079-19,district,2022-09,29.412,index,ohsome,2022-09-30,,2026-07-29,ok,0
osm_cafe_bar_ratio,dist-28079-19,district,2022-10,29.412,index,ohsome,2022-10-31,,2026-07-29,ok,0
osm_cafe_bar_ratio,dist-28079-19,district,2022-11,29.661,index,ohsome,2022-11-30,,2026-07-29,ok,0
osm_cafe_bar_ratio,dist-28079-19,district,2022-12,30.508,index,ohsome,2022-12-31,,2026-07-29,ok,0
osm_cafe_bar_ratio,dist-28079-19,district,2023-01,30.508,index,ohsome,2023-01-31,,2026-07-29,ok,0
osm_cafe_bar_ratio,dist-28079-19,district,2023-02,30.769,index,ohsome,2023-02-28,,2026-07-29,ok,0
osm_cafe_bar_ratio,dist-28079-19,district,2023-03,30.508,index,ohsome,2023-03-31,,2026-07-29,ok,0
osm_cafe_bar_ratio,dist-28079-19,district,2023-04,32.5,index,ohsome,2023-04-30,,2026-07-29,ok,0
osm_cafe_bar_ratio,dist-28079-19,district,2023-05,33.884,index,ohsome,2023-05-31,,2026-07-29,ok,0
osm_cafe_bar_ratio,dist-28079-19,district,2023-06,33.607,index,ohsome,2023-06-30,,2026-07-29,ok,0
osm_cafe_bar_ratio,dist-28079-19,district,2023-07,34.426,index,ohsome,2023-07-31,,2026-07-29,ok,0
osm_cafe_bar_ratio,dist-28079-19,district,2023-08,34.426,index,ohsome,2023-08-31,,2026-07-29,ok,0
osm_cafe_bar_ratio,dist-28079-19,district,2023-09,33.871,index,ohsome,2023-09-30,,2026-07-29,ok,0
osm_cafe_bar_ratio,dist-28079-19,district,2023-10,34.959,index,ohsome,2023-10-31,,2026-07-29,ok,0
osm_cafe_bar_ratio,dist-28079-19,district,2023-11,37.398,index,ohsome,2023-11-30,,2026-07-29,ok,0
osm_cafe_bar_ratio,dist-28079-19,district,2023-12,38.211,index,ohsome,2023-12-31,,2026-07-29,ok,0
osm_cafe_bar_ratio,dist-28079-19,district,2024-01,37.302,index,ohsome,2024-01-31,,2026-07-29,ok,0
osm_cafe_bar_ratio,dist-28079-19,district,2024-02,37.6,index,ohsome,2024-02-29,,2026-07-29,ok,0
osm_cafe_bar_ratio,dist-28079-19,district,2024-03,37.6,index,ohsome,2024-03-31,,2026-07-29,ok,0
osm_cafe_bar_ratio,dist-28079-19,district,2024-04,39.516,index,ohsome,2024-04-30,,2026-07-29,ok,0
osm_cafe_bar_ratio,dist-28079-19,district,2024-05,39.516,index,ohsome,2024-05-31,,2026-07-29,ok,0
osm_cafe_bar_ratio,dist-28079-19,district,2024-06,39.516,index,ohsome,2024-06-30,,2026-07-29,ok,0
osm_cafe_bar_ratio,dist-28079-19,district,2024-07,39.516,index,ohsome,2024-07-31,,2026-07-29,ok,0
osm_cafe_bar_ratio,dist-28079-19,district,2024-08,40.164,index,ohsome,2024-08-31,,2026-07-29,ok,0
osm_cafe_bar_ratio,dist-28079-19,district,2024-09,41.6,index,ohsome,2024-09-30,,2026-07-29,ok,0
osm_cafe_bar_ratio,dist-28079-19,district,2024-10,41.935,index,ohsome,2024-10-31,,2026-07-29,ok,0
osm_cafe_bar_ratio,dist-28079-19,district,2024-11,41.6,index,ohsome,2024-11-30,,2026-07-29,ok,0
osm_cafe_bar_ratio,dist-28079-19,district,2024-12,42.742,index,ohsome,2024-12-31,,2026-07-29,ok,0
osm_cafe_bar_ratio,dist-28079-19,district,2025-01,42.742,index,ohsome,2025-01-31,,2026-07-29,ok,0
osm_cafe_bar_ratio,dist-28079-19,district,2025-02,44.355,index,ohsome,2025-02-28,,2026-07-29,ok,0
osm_cafe_bar_ratio,dist-28079-19,district,2025-03,44.355,index,ohsome,2025-03-31,,2026-07-29,ok,0
osm_cafe_bar_ratio,dist-28079-19,district,2025-04,44.355,index,ohsome,2025-04-30,,2026-07-29,ok,0
osm_cafe_bar_ratio,dist-28079-19,district,2025-05,45.161,index,ohsome,2025-05-31,,2026-07-29,ok,0
osm_cafe_bar_ratio,dist-28079-19,district,2025-06,45.968,index,ohsome,2025-06-30,,2026-07-29,ok,0
osm_cafe_bar_ratio,dist-28079-19,district,2025-07,45.968,index,ohsome,2025-07-31,,2026-07-29,ok,0
osm_cafe_bar_ratio,dist-28079-19,district,2025-08,45.968,index,ohsome,2025-08-31,,2026-07-29,ok,0
osm_cafe_bar_ratio,dist-28079-19,district,2025-09,47.541,index,ohsome,2025-09-30,,2026-07-29,ok,0
osm_cafe_bar_ratio,dist-28079-19,district,2025-10,48.361,index,ohsome,2025-10-31,,2026-07-29,ok,0
osm_cafe_bar_ratio,dist-28079-19,district,2025-11,51.2,index,ohsome,2025-11-30,,2026-07-29,ok,0
osm_cafe_bar_ratio,dist-28079-19,district,2025-12,50.781,index,ohsome,2025-12-31,,2026-07-29,ok,0
osm_cafe_bar_ratio,dist-28079-19,district,2026-01,51.562,index,ohsome,2026-01-31,,2026-07-29,ok,0
osm_cafe_bar_ratio,dist-28079-19,district,2026-02,51.163,index,ohsome,2026-02-28,,2026-07-29,ok,0
osm_cafe_bar_ratio,dist-28079-19,district,2026-03,50.769,index,ohsome,2026-03-31,,2026-07-29,ok,0
osm_cafe_bar_ratio,dist-28079-19,district,2026-04,51.938,index,ohsome,2026-04-30,,2026-07-29,ok,0
osm_cafe_bar_ratio,dist-28079-19,district,2026-05,51.938,index,ohsome,2026-05-31,,2026-07-29,ok,0
osm_cafe_bar_ratio,dist-28079-19,district,2026-06,53.125,index,ohsome,2026-06-30,,2026-07-29,ok,0
osm_cafe_bar_ratio,dist-28079-20,district,2019-01,25.676,index,ohsome,2019-01-31,,2026-07-29,ok,0
osm_cafe_bar_ratio,dist-28079-20,district,2019-02,25.676,index,ohsome,2019-02-28,,2026-07-29,ok,0
osm_cafe_bar_ratio,dist-28079-20,district,2019-03,25.676,index,ohsome,2019-03-31,,2026-07-29,ok,0
osm_cafe_bar_ratio,dist-28079-20,district,2019-04,25.333,index,ohsome,2019-04-30,,2026-07-29,ok,0
osm_cafe_bar_ratio,dist-28079-20,district,2019-05,25.333,index,ohsome,2019-05-31,,2026-07-29,ok,0
osm_cafe_bar_ratio,dist-28079-20,district,2019-06,25,index,ohsome,2019-06-30,,2026-07-29,ok,0
osm_cafe_bar_ratio,dist-28079-20,district,2019-07,25,index,ohsome,2019-07-31,,2026-07-29,ok,0
osm_cafe_bar_ratio,dist-28079-20,district,2019-08,24.516,index,ohsome,2019-08-31,,2026-07-29,ok,0
osm_cafe_bar_ratio,dist-28079-20,district,2019-09,24.516,index,ohsome,2019-09-30,,2026-07-29,ok,0
osm_cafe_bar_ratio,dist-28079-20,district,2019-10,24.516,index,ohsome,2019-10-31,,2026-07-29,ok,0
osm_cafe_bar_ratio,dist-28079-20,district,2019-11,25.325,index,ohsome,2019-11-30,,2026-07-29,ok,0
osm_cafe_bar_ratio,dist-28079-20,district,2019-12,25.325,index,ohsome,2019-12-31,,2026-07-29,ok,0
osm_cafe_bar_ratio,dist-28079-20,district,2020-01,25.325,index,ohsome,2020-01-31,,2026-07-29,ok,0
osm_cafe_bar_ratio,dist-28079-20,district,2020-02,25.325,index,ohsome,2020-02-29,,2026-07-29,ok,0
osm_cafe_bar_ratio,dist-28079-20,district,2020-03,25.325,index,ohsome,2020-03-31,,2026-07-29,ok,0
osm_cafe_bar_ratio,dist-28079-20,district,2020-04,25.325,index,ohsome,2020-04-30,,2026-07-29,ok,0
osm_cafe_bar_ratio,dist-28079-20,district,2020-05,25.974,index,ohsome,2020-05-31,,2026-07-29,ok,0
osm_cafe_bar_ratio,dist-28079-20,district,2020-06,25.974,index,ohsome,2020-06-30,,2026-07-29,ok,0
osm_cafe_bar_ratio,dist-28079-20,district,2020-07,25.974,index,ohsome,2020-07-31,,2026-07-29,ok,0
osm_cafe_bar_ratio,dist-28079-20,district,2020-08,26.144,index,ohsome,2020-08-31,,2026-07-29,ok,0
osm_cafe_bar_ratio,dist-28079-20,district,2020-09,27.564,index,ohsome,2020-09-30,,2026-07-29,ok,0
osm_cafe_bar_ratio,dist-28079-20,district,2020-10,27.564,index,ohsome,2020-10-31,,2026-07-29,ok,0
osm_cafe_bar_ratio,dist-28079-20,district,2020-11,27.389,index,ohsome,2020-11-30,,2026-07-29,ok,0
osm_cafe_bar_ratio,dist-28079-20,district,2020-12,27.044,index,ohsome,2020-12-31,,2026-07-29,ok,0
osm_cafe_bar_ratio,dist-28079-20,district,2021-01,27.044,index,ohsome,2021-01-31,,2026-07-29,ok,0
osm_cafe_bar_ratio,dist-28079-20,district,2021-02,27.673,index,ohsome,2021-02-28,,2026-07-29,ok,0
osm_cafe_bar_ratio,dist-28079-20,district,2021-03,27.673,index,ohsome,2021-03-31,,2026-07-29,ok,0
osm_cafe_bar_ratio,dist-28079-20,district,2021-04,27.673,index,ohsome,2021-04-30,,2026-07-29,ok,0
osm_cafe_bar_ratio,dist-28079-20,district,2021-05,27.673,index,ohsome,2021-05-31,,2026-07-29,ok,0
osm_cafe_bar_ratio,dist-28079-20,district,2021-06,28.481,index,ohsome,2021-06-30,,2026-07-29,ok,0
osm_cafe_bar_ratio,dist-28079-20,district,2021-07,28.302,index,ohsome,2021-07-31,,2026-07-29,ok,0
osm_cafe_bar_ratio,dist-28079-20,district,2021-08,28.302,index,ohsome,2021-08-31,,2026-07-29,ok,0
osm_cafe_bar_ratio,dist-28079-20,district,2021-09,28.125,index,ohsome,2021-09-30,,2026-07-29,ok,0
osm_cafe_bar_ratio,dist-28079-20,district,2021-10,28.125,index,ohsome,2021-10-31,,2026-07-29,ok,0
osm_cafe_bar_ratio,dist-28079-20,district,2021-11,27.95,index,ohsome,2021-11-30,,2026-07-29,ok,0
osm_cafe_bar_ratio,dist-28079-20,district,2021-12,28.571,index,ohsome,2021-12-31,,2026-07-29,ok,0
osm_cafe_bar_ratio,dist-28079-20,district,2022-01,29.448,index,ohsome,2022-01-31,,2026-07-29,ok,0
osm_cafe_bar_ratio,dist-28079-20,district,2022-02,30.061,index,ohsome,2022-02-28,,2026-07-29,ok,0
osm_cafe_bar_ratio,dist-28079-20,district,2022-03,30.061,index,ohsome,2022-03-31,,2026-07-29,ok,0
osm_cafe_bar_ratio,dist-28079-20,district,2022-04,30.061,index,ohsome,2022-04-30,,2026-07-29,ok,0
osm_cafe_bar_ratio,dist-28079-20,district,2022-05,30.061,index,ohsome,2022-05-31,,2026-07-29,ok,0
osm_cafe_bar_ratio,dist-28079-20,district,2022-06,29.878,index,ohsome,2022-06-30,,2026-07-29,ok,0
osm_cafe_bar_ratio,dist-28079-20,district,2022-07,29.878,index,ohsome,2022-07-31,,2026-07-29,ok,0
osm_cafe_bar_ratio,dist-28079-20,district,2022-08,30.061,index,ohsome,2022-08-31,,2026-07-29,ok,0
osm_cafe_bar_ratio,dist-28079-20,district,2022-09,29.878,index,ohsome,2022-09-30,,2026-07-29,ok,0
osm_cafe_bar_ratio,dist-28079-20,district,2022-10,29.268,index,ohsome,2022-10-31,,2026-07-29,ok,0
osm_cafe_bar_ratio,dist-28079-20,district,2022-11,29.268,index,ohsome,2022-11-30,,2026-07-29,ok,0
osm_cafe_bar_ratio,dist-28079-20,district,2022-12,29.878,index,ohsome,2022-12-31,,2026-07-29,ok,0
osm_cafe_bar_ratio,dist-28079-20,district,2023-01,30.488,index,ohsome,2023-01-31,,2026-07-29,ok,0
osm_cafe_bar_ratio,dist-28079-20,district,2023-02,31.098,index,ohsome,2023-02-28,,2026-07-29,ok,0
osm_cafe_bar_ratio,dist-28079-20,district,2023-03,30.723,index,ohsome,2023-03-31,,2026-07-29,ok,0
osm_cafe_bar_ratio,dist-28079-20,district,2023-04,30.723,index,ohsome,2023-04-30,,2026-07-29,ok,0
osm_cafe_bar_ratio,dist-28079-20,district,2023-05,30.539,index,ohsome,2023-05-31,,2026-07-29,ok,0
osm_cafe_bar_ratio,dist-28079-20,district,2023-06,30.723,index,ohsome,2023-06-30,,2026-07-29,ok,0
osm_cafe_bar_ratio,dist-28079-20,district,2023-07,31.707,index,ohsome,2023-07-31,,2026-07-29,ok,0
osm_cafe_bar_ratio,dist-28079-20,district,2023-08,31.707,index,ohsome,2023-08-31,,2026-07-29,ok,0
osm_cafe_bar_ratio,dist-28079-20,district,2023-09,31.548,index,ohsome,2023-09-30,,2026-07-29,ok,0
osm_cafe_bar_ratio,dist-28079-20,district,2023-10,32.335,index,ohsome,2023-10-31,,2026-07-29,ok,0
osm_cafe_bar_ratio,dist-28079-20,district,2023-11,32.335,index,ohsome,2023-11-30,,2026-07-29,ok,0
osm_cafe_bar_ratio,dist-28079-20,district,2023-12,31.953,index,ohsome,2023-12-31,,2026-07-29,ok,0
osm_cafe_bar_ratio,dist-28079-20,district,2024-01,31.953,index,ohsome,2024-01-31,,2026-07-29,ok,0
osm_cafe_bar_ratio,dist-28079-20,district,2024-02,30.769,index,ohsome,2024-02-29,,2026-07-29,ok,0
osm_cafe_bar_ratio,dist-28079-20,district,2024-03,31.548,index,ohsome,2024-03-31,,2026-07-29,ok,0
osm_cafe_bar_ratio,dist-28079-20,district,2024-04,31.737,index,ohsome,2024-04-30,,2026-07-29,ok,0
osm_cafe_bar_ratio,dist-28079-20,district,2024-05,32.335,index,ohsome,2024-05-31,,2026-07-29,ok,0
osm_cafe_bar_ratio,dist-28079-20,district,2024-06,32.335,index,ohsome,2024-06-30,,2026-07-29,ok,0
osm_cafe_bar_ratio,dist-28079-20,district,2024-07,32.335,index,ohsome,2024-07-31,,2026-07-29,ok,0
osm_cafe_bar_ratio,dist-28079-20,district,2024-08,33.333,index,ohsome,2024-08-31,,2026-07-29,ok,0
osm_cafe_bar_ratio,dist-28079-20,district,2024-09,32.727,index,ohsome,2024-09-30,,2026-07-29,ok,0
osm_cafe_bar_ratio,dist-28079-20,district,2024-10,32.335,index,ohsome,2024-10-31,,2026-07-29,ok,0
osm_cafe_bar_ratio,dist-28079-20,district,2024-11,31.792,index,ohsome,2024-11-30,,2026-07-29,ok,0
osm_cafe_bar_ratio,dist-28079-20,district,2024-12,31.792,index,ohsome,2024-12-31,,2026-07-29,ok,0
osm_cafe_bar_ratio,dist-28079-20,district,2025-01,31.818,index,ohsome,2025-01-31,,2026-07-29,ok,0
osm_cafe_bar_ratio,dist-28079-20,district,2025-02,33.52,index,ohsome,2025-02-28,,2026-07-29,ok,0
osm_cafe_bar_ratio,dist-28079-20,district,2025-03,33.52,index,ohsome,2025-03-31,,2026-07-29,ok,0
osm_cafe_bar_ratio,dist-28079-20,district,2025-04,34.27,index,ohsome,2025-04-30,,2026-07-29,ok,0
osm_cafe_bar_ratio,dist-28079-20,district,2025-05,34.27,index,ohsome,2025-05-31,,2026-07-29,ok,0
osm_cafe_bar_ratio,dist-28079-20,district,2025-06,34.27,index,ohsome,2025-06-30,,2026-07-29,ok,0
osm_cafe_bar_ratio,dist-28079-20,district,2025-07,34.637,index,ohsome,2025-07-31,,2026-07-29,ok,0
osm_cafe_bar_ratio,dist-28079-20,district,2025-08,34.444,index,ohsome,2025-08-31,,2026-07-29,ok,0
osm_cafe_bar_ratio,dist-28079-20,district,2025-09,34.637,index,ohsome,2025-09-30,,2026-07-29,ok,0
osm_cafe_bar_ratio,dist-28079-20,district,2025-10,35.393,index,ohsome,2025-10-31,,2026-07-29,ok,0
osm_cafe_bar_ratio,dist-28079-20,district,2025-11,38.122,index,ohsome,2025-11-30,,2026-07-29,ok,0
osm_cafe_bar_ratio,dist-28079-20,district,2025-12,38.043,index,ohsome,2025-12-31,,2026-07-29,ok,0
osm_cafe_bar_ratio,dist-28079-20,district,2026-01,38.587,index,ohsome,2026-01-31,,2026-07-29,ok,0
osm_cafe_bar_ratio,dist-28079-20,district,2026-02,38.798,index,ohsome,2026-02-28,,2026-07-29,ok,0
osm_cafe_bar_ratio,dist-28079-20,district,2026-03,38.587,index,ohsome,2026-03-31,,2026-07-29,ok,0
osm_cafe_bar_ratio,dist-28079-20,district,2026-04,40.217,index,ohsome,2026-04-30,,2026-07-29,ok,0
osm_cafe_bar_ratio,dist-28079-20,district,2026-05,40.761,index,ohsome,2026-05-31,,2026-07-29,ok,0
osm_cafe_bar_ratio,dist-28079-20,district,2026-06,41.848,index,ohsome,2026-06-30,,2026-07-29,ok,0
osm_cafe_bar_ratio,dist-28079-21,district,2019-01,35.135,index,ohsome,2019-01-31,,2026-07-29,ok,0
osm_cafe_bar_ratio,dist-28079-21,district,2019-02,35.135,index,ohsome,2019-02-28,,2026-07-29,ok,0
osm_cafe_bar_ratio,dist-28079-21,district,2019-03,35.135,index,ohsome,2019-03-31,,2026-07-29,ok,0
osm_cafe_bar_ratio,dist-28079-21,district,2019-04,35.135,index,ohsome,2019-04-30,,2026-07-29,ok,0
osm_cafe_bar_ratio,dist-28079-21,district,2019-05,35.135,index,ohsome,2019-05-31,,2026-07-29,ok,0
osm_cafe_bar_ratio,dist-28079-21,district,2019-06,35.135,index,ohsome,2019-06-30,,2026-07-29,ok,0
osm_cafe_bar_ratio,dist-28079-21,district,2019-07,35.135,index,ohsome,2019-07-31,,2026-07-29,ok,0
osm_cafe_bar_ratio,dist-28079-21,district,2019-08,35.135,index,ohsome,2019-08-31,,2026-07-29,ok,0
osm_cafe_bar_ratio,dist-28079-21,district,2019-09,38.889,index,ohsome,2019-09-30,,2026-07-29,ok,0
osm_cafe_bar_ratio,dist-28079-21,district,2019-10,38.889,index,ohsome,2019-10-31,,2026-07-29,ok,0
osm_cafe_bar_ratio,dist-28079-21,district,2019-11,38.889,index,ohsome,2019-11-30,,2026-07-29,ok,0
osm_cafe_bar_ratio,dist-28079-21,district,2019-12,38.889,index,ohsome,2019-12-31,,2026-07-29,ok,0
osm_cafe_bar_ratio,dist-28079-21,district,2020-01,38.889,index,ohsome,2020-01-31,,2026-07-29,ok,0
osm_cafe_bar_ratio,dist-28079-21,district,2020-02,38.889,index,ohsome,2020-02-29,,2026-07-29,ok,0
osm_cafe_bar_ratio,dist-28079-21,district,2020-03,38.889,index,ohsome,2020-03-31,,2026-07-29,ok,0
osm_cafe_bar_ratio,dist-28079-21,district,2020-04,38.889,index,ohsome,2020-04-30,,2026-07-29,ok,0
osm_cafe_bar_ratio,dist-28079-21,district,2020-05,38.889,index,ohsome,2020-05-31,,2026-07-29,ok,0
osm_cafe_bar_ratio,dist-28079-21,district,2020-06,38.889,index,ohsome,2020-06-30,,2026-07-29,ok,0
osm_cafe_bar_ratio,dist-28079-21,district,2020-07,38.889,index,ohsome,2020-07-31,,2026-07-29,ok,0
osm_cafe_bar_ratio,dist-28079-21,district,2020-08,38.889,index,ohsome,2020-08-31,,2026-07-29,ok,0
osm_cafe_bar_ratio,dist-28079-21,district,2020-09,40.541,index,ohsome,2020-09-30,,2026-07-29,ok,0
osm_cafe_bar_ratio,dist-28079-21,district,2020-10,40.541,index,ohsome,2020-10-31,,2026-07-29,ok,0
osm_cafe_bar_ratio,dist-28079-21,district,2020-11,40.541,index,ohsome,2020-11-30,,2026-07-29,ok,0
osm_cafe_bar_ratio,dist-28079-21,district,2020-12,40.541,index,ohsome,2020-12-31,,2026-07-29,ok,0
osm_cafe_bar_ratio,dist-28079-21,district,2021-01,40.541,index,ohsome,2021-01-31,,2026-07-29,ok,0
osm_cafe_bar_ratio,dist-28079-21,district,2021-02,40.541,index,ohsome,2021-02-28,,2026-07-29,ok,0
osm_cafe_bar_ratio,dist-28079-21,district,2021-03,40.541,index,ohsome,2021-03-31,,2026-07-29,ok,0
osm_cafe_bar_ratio,dist-28079-21,district,2021-04,45.714,index,ohsome,2021-04-30,,2026-07-29,ok,0
osm_cafe_bar_ratio,dist-28079-21,district,2021-05,45.714,index,ohsome,2021-05-31,,2026-07-29,ok,0
osm_cafe_bar_ratio,dist-28079-21,district,2021-06,45.714,index,ohsome,2021-06-30,,2026-07-29,ok,0
osm_cafe_bar_ratio,dist-28079-21,district,2021-07,45.714,index,ohsome,2021-07-31,,2026-07-29,ok,0
osm_cafe_bar_ratio,dist-28079-21,district,2021-08,45.714,index,ohsome,2021-08-31,,2026-07-29,ok,0
osm_cafe_bar_ratio,dist-28079-21,district,2021-09,45.714,index,ohsome,2021-09-30,,2026-07-29,ok,0
osm_cafe_bar_ratio,dist-28079-21,district,2021-10,45.714,index,ohsome,2021-10-31,,2026-07-29,ok,0
osm_cafe_bar_ratio,dist-28079-21,district,2021-11,51.351,index,ohsome,2021-11-30,,2026-07-29,ok,0
osm_cafe_bar_ratio,dist-28079-21,district,2021-12,54.054,index,ohsome,2021-12-31,,2026-07-29,ok,0
osm_cafe_bar_ratio,dist-28079-21,district,2022-01,54.054,index,ohsome,2022-01-31,,2026-07-29,ok,0
osm_cafe_bar_ratio,dist-28079-21,district,2022-02,52.632,index,ohsome,2022-02-28,,2026-07-29,ok,0
osm_cafe_bar_ratio,dist-28079-21,district,2022-03,52.632,index,ohsome,2022-03-31,,2026-07-29,ok,0
osm_cafe_bar_ratio,dist-28079-21,district,2022-04,54.054,index,ohsome,2022-04-30,,2026-07-29,ok,0
osm_cafe_bar_ratio,dist-28079-21,district,2022-05,54.054,index,ohsome,2022-05-31,,2026-07-29,ok,0
osm_cafe_bar_ratio,dist-28079-21,district,2022-06,54.054,index,ohsome,2022-06-30,,2026-07-29,ok,0
osm_cafe_bar_ratio,dist-28079-21,district,2022-07,54.054,index,ohsome,2022-07-31,,2026-07-29,ok,0
osm_cafe_bar_ratio,dist-28079-21,district,2022-08,54.054,index,ohsome,2022-08-31,,2026-07-29,ok,0
osm_cafe_bar_ratio,dist-28079-21,district,2022-09,56.757,index,ohsome,2022-09-30,,2026-07-29,ok,0
osm_cafe_bar_ratio,dist-28079-21,district,2022-10,56.757,index,ohsome,2022-10-31,,2026-07-29,ok,0
osm_cafe_bar_ratio,dist-28079-21,district,2022-11,56.757,index,ohsome,2022-11-30,,2026-07-29,ok,0
osm_cafe_bar_ratio,dist-28079-21,district,2022-12,56.757,index,ohsome,2022-12-31,,2026-07-29,ok,0
osm_cafe_bar_ratio,dist-28079-21,district,2023-01,56.757,index,ohsome,2023-01-31,,2026-07-29,ok,0
osm_cafe_bar_ratio,dist-28079-21,district,2023-02,56.757,index,ohsome,2023-02-28,,2026-07-29,ok,0
osm_cafe_bar_ratio,dist-28079-21,district,2023-03,56.757,index,ohsome,2023-03-31,,2026-07-29,ok,0
osm_cafe_bar_ratio,dist-28079-21,district,2023-04,56.757,index,ohsome,2023-04-30,,2026-07-29,ok,0
osm_cafe_bar_ratio,dist-28079-21,district,2023-05,62.162,index,ohsome,2023-05-31,,2026-07-29,ok,0
osm_cafe_bar_ratio,dist-28079-21,district,2023-06,62.162,index,ohsome,2023-06-30,,2026-07-29,ok,0
osm_cafe_bar_ratio,dist-28079-21,district,2023-07,62.162,index,ohsome,2023-07-31,,2026-07-29,ok,0
osm_cafe_bar_ratio,dist-28079-21,district,2023-08,60.526,index,ohsome,2023-08-31,,2026-07-29,ok,0
osm_cafe_bar_ratio,dist-28079-21,district,2023-09,57.5,index,ohsome,2023-09-30,,2026-07-29,ok,0
osm_cafe_bar_ratio,dist-28079-21,district,2023-10,57.5,index,ohsome,2023-10-31,,2026-07-29,ok,0
osm_cafe_bar_ratio,dist-28079-21,district,2023-11,57.5,index,ohsome,2023-11-30,,2026-07-29,ok,0
osm_cafe_bar_ratio,dist-28079-21,district,2023-12,57.5,index,ohsome,2023-12-31,,2026-07-29,ok,0
osm_cafe_bar_ratio,dist-28079-21,district,2024-01,57.5,index,ohsome,2024-01-31,,2026-07-29,ok,0
osm_cafe_bar_ratio,dist-28079-21,district,2024-02,57.5,index,ohsome,2024-02-29,,2026-07-29,ok,0
osm_cafe_bar_ratio,dist-28079-21,district,2024-03,57.5,index,ohsome,2024-03-31,,2026-07-29,ok,0
osm_cafe_bar_ratio,dist-28079-21,district,2024-04,57.5,index,ohsome,2024-04-30,,2026-07-29,ok,0
osm_cafe_bar_ratio,dist-28079-21,district,2024-05,57.5,index,ohsome,2024-05-31,,2026-07-29,ok,0
osm_cafe_bar_ratio,dist-28079-21,district,2024-06,57.5,index,ohsome,2024-06-30,,2026-07-29,ok,0
osm_cafe_bar_ratio,dist-28079-21,district,2024-07,60,index,ohsome,2024-07-31,,2026-07-29,ok,0
osm_cafe_bar_ratio,dist-28079-21,district,2024-08,62.5,index,ohsome,2024-08-31,,2026-07-29,ok,0
osm_cafe_bar_ratio,dist-28079-21,district,2024-09,69.231,index,ohsome,2024-09-30,,2026-07-29,ok,0
osm_cafe_bar_ratio,dist-28079-21,district,2024-10,69.231,index,ohsome,2024-10-31,,2026-07-29,ok,0
osm_cafe_bar_ratio,dist-28079-21,district,2024-11,69.231,index,ohsome,2024-11-30,,2026-07-29,ok,0
osm_cafe_bar_ratio,dist-28079-21,district,2024-12,69.231,index,ohsome,2024-12-31,,2026-07-29,ok,0
osm_cafe_bar_ratio,dist-28079-21,district,2025-01,69.231,index,ohsome,2025-01-31,,2026-07-29,ok,0
osm_cafe_bar_ratio,dist-28079-21,district,2025-02,79.487,index,ohsome,2025-02-28,,2026-07-29,ok,0
osm_cafe_bar_ratio,dist-28079-21,district,2025-03,94.872,index,ohsome,2025-03-31,,2026-07-29,ok,0
osm_cafe_bar_ratio,dist-28079-21,district,2025-04,94.872,index,ohsome,2025-04-30,,2026-07-29,ok,0
osm_cafe_bar_ratio,dist-28079-21,district,2025-05,94.872,index,ohsome,2025-05-31,,2026-07-29,ok,0
osm_cafe_bar_ratio,dist-28079-21,district,2025-06,94.872,index,ohsome,2025-06-30,,2026-07-29,ok,0
osm_cafe_bar_ratio,dist-28079-21,district,2025-07,94.872,index,ohsome,2025-07-31,,2026-07-29,ok,0
osm_cafe_bar_ratio,dist-28079-21,district,2025-08,97.5,index,ohsome,2025-08-31,,2026-07-29,ok,0
osm_cafe_bar_ratio,dist-28079-21,district,2025-09,97.5,index,ohsome,2025-09-30,,2026-07-29,ok,0
osm_cafe_bar_ratio,dist-28079-21,district,2025-10,97.5,index,ohsome,2025-10-31,,2026-07-29,ok,0
osm_cafe_bar_ratio,dist-28079-21,district,2025-11,100,index,ohsome,2025-11-30,,2026-07-29,ok,0
osm_cafe_bar_ratio,dist-28079-21,district,2025-12,97.5,index,ohsome,2025-12-31,,2026-07-29,ok,0
osm_cafe_bar_ratio,dist-28079-21,district,2026-01,100,index,ohsome,2026-01-31,,2026-07-29,ok,0
osm_cafe_bar_ratio,dist-28079-21,district,2026-02,100,index,ohsome,2026-02-28,,2026-07-29,ok,0
osm_cafe_bar_ratio,dist-28079-21,district,2026-03,100,index,ohsome,2026-03-31,,2026-07-29,ok,0
osm_cafe_bar_ratio,dist-28079-21,district,2026-04,100,index,ohsome,2026-04-30,,2026-07-29,ok,0
osm_cafe_bar_ratio,dist-28079-21,district,2026-05,100,index,ohsome,2026-05-31,,2026-07-29,ok,0
osm_cafe_bar_ratio,dist-28079-21,district,2026-06,97.5,index,ohsome,2026-06-30,,2026-07-29,ok,0
