metric_id,geo_id,geo_level,period,value,unit,source_id,observation_end,published_at,fetched_at,quality_flag,revision
osm_tourist_retail,dist-28079-01,district,2019-01,34.161,index,ohsome,2019-01-31,,2026-07-29,ok,0
osm_tourist_retail,dist-28079-01,district,2019-02,39.264,index,ohsome,2019-02-28,,2026-07-29,ok,0
osm_tourist_retail,dist-28079-01,district,2019-03,39.264,index,ohsome,2019-03-31,,2026-07-29,ok,0
osm_tourist_retail,dist-28079-01,district,2019-04,40.491,index,ohsome,2019-04-30,,2026-07-29,ok,0
osm_tourist_retail,dist-28079-01,district,2019-05,42.945,index,ohsome,2019-05-31,,2026-07-29,ok,0
osm_tourist_retail,dist-28079-01,district,2019-06,44.785,index,ohsome,2019-06-30,,2026-07-29,ok,0
osm_tourist_retail,dist-28079-01,district,2019-07,44.785,index,ohsome,2019-07-31,,2026-07-29,ok,0
osm_tourist_retail,dist-28079-01,district,2019-08,44.785,index,ohsome,2019-08-31,,2026-07-29,ok,0
osm_tourist_retail,dist-28079-01,district,2019-09,50.307,index,ohsome,2019-09-30,,2026-07-29,ok,0
osm_tourist_retail,dist-28079-01,district,2019-10,50.307,index,ohsome,2019-10-31,,2026-07-29,ok,0
osm_tourist_retail,dist-28079-01,district,2019-11,50.307,index,ohsome,2019-11-30,,2026-07-29,ok,0
osm_tourist_retail,dist-28079-01,district,2019-12,50.307,index,ohsome,2019-12-31,,2026-07-29,ok,0
osm_tourist_retail,dist-28079-01,district,2020-01,50.307,index,ohsome,2020-01-31,,2026-07-29,ok,0
osm_tourist_retail,dist-28079-01,district,2020-02,50.307,index,ohsome,2020-02-29,,2026-07-29,ok,0
osm_tourist_retail,dist-28079-01,district,2020-03,50.617,index,ohsome,2020-03-31,,2026-07-29,ok,0
osm_tourist_retail,dist-28079-01,district,2020-04,50.617,index,ohsome,2020-04-30,,2026-07-29,ok,0
osm_tourist_retail,dist-28079-01,district,2020-05,50.617,index,ohsome,2020-05-31,,2026-07-29,ok,0
osm_tourist_retail,dist-28079-01,district,2020-06,50.617,index,ohsome,2020-06-30,,2026-07-29,ok,0
osm_tourist_retail,dist-28079-01,district,2020-07,50.617,index,ohsome,2020-07-31,,2026-07-29,ok,0
osm_tourist_retail,dist-28079-01,district,2020-08,50.617,index,ohsome,2020-08-31,,2026-07-29,ok,0
osm_tourist_retail,dist-28079-01,district,2020-09,50.617,index,ohsome,2020-09-30,,2026-07-29,ok,0
osm_tourist_retail,dist-28079-01,district,2020-10,50.617,index,ohsome,2020-10-31,,2026-07-29,ok,0
osm_tourist_retail,dist-28079-01,district,2020-11,50.307,index,ohsome,2020-11-30,,2026-07-29,ok,0
osm_tourist_retail,dist-28079-01,district,2020-12,49.08,index,ohsome,2020-12-31,,2026-07-29,ok,0
osm_tourist_retail,dist-28079-01,district,2021-01,49.08,index,ohsome,2021-01-31,,2026-07-29,ok,0
osm_tourist_retail,dist-28079-01,district,2021-02,49.08,index,ohsome,2021-02-28,,2026-07-29,ok,0
osm_tourist_retail,dist-28079-01,district,2021-03,49.08,index,ohsome,2021-03-31,,2026-07-29,ok,0
osm_tourist_retail,dist-28079-01,district,2021-04,49.08,index,ohsome,2021-04-30,,2026-07-29,ok,0
osm_tourist_retail,dist-28079-01,district,2021-05,47.853,index,ohsome,2021-05-31,,2026-07-29,ok,0
osm_tourist_retail,dist-28079-01,district,2021-06,47.853,index,ohsome,2021-06-30,,2026-07-29,ok,0
osm_tourist_retail,dist-28079-01,district,2021-07,47.853,index,ohsome,2021-07-31,,2026-07-29,ok,0
osm_tourist_retail,dist-28079-01,district,2021-08,47.239,index,ohsome,2021-08-31,,2026-07-29,ok,0
osm_tourist_retail,dist-28079-01,district,2021-09,47.239,index,ohsome,2021-09-30,,2026-07-29,ok,0
osm_tourist_retail,dist-28079-01,district,2021-10,47.239,index,ohsome,2021-10-31,,2026-07-29,ok,0
osm_tourist_retail,dist-28079-01,district,2021-11,47.239,index,ohsome,2021-11-30,,2026-07-29,ok,0
osm_tourist_retail,dist-28079-01,district,2021-12,47.239,index,ohsome,2021-12-31,,2026-07-29,ok,0
osm_tourist_retail,dist-28079-01,district,2022-01,47.239,index,ohsome,2022-01-31,,2026-07-29,ok,0
osm_tourist_retail,dist-28079-01,district,2022-02,47.239,index,ohsome,2022-02-28,,2026-07-29,ok,0
osm_tourist_retail,dist-28079-01,district,2022-03,47.239,index,ohsome,2022-03-31,,2026-07-29,ok,0
osm_tourist_retail,dist-28079-01,district,2022-04,46.626,index,ohsome,2022-04-30,,2026-07-29,ok,0
osm_tourist_retail,dist-28079-01,district,2022-05,46.626,index,ohsome,2022-05-31,,2026-07-29,ok,0
osm_tourist_retail,dist-28079-01,district,2022-06,46.626,index,ohsome,2022-06-30,,2026-07-29,ok,0
osm_tourist_retail,dist-28079-01,district,2022-07,45.732,index,ohsome,2022-07-31,,2026-07-29,ok,0
osm_tourist_retail,dist-28079-01,district,2022-08,46.988,index,ohsome,2022-08-31,,2026-07-29,ok,0
osm_tourist_retail,dist-28079-01,district,2022-09,46.988,index,ohsome,2022-09-30,,2026-07-29,ok,0
osm_tourist_retail,dist-28079-01,district,2022-10,46.988,index,ohsome,2022-10-31,,2026-07-29,ok,0
osm_tourist_retail,dist-28079-01,district,2022-11,46.988,index,ohsome,2022-11-30,,2026-07-29,ok,0
osm_tourist_retail,dist-28079-01,district,2022-12,46.988,index,ohsome,2022-12-31,,2026-07-29,ok,0
osm_tourist_retail,dist-28079-01,district,2023-01,46.988,index,ohsome,2023-01-31,,2026-07-29,ok,0
osm_tourist_retail,dist-28079-01,district,2023-02,46.988,index,ohsome,2023-02-28,,2026-07-29,ok,0
osm_tourist_retail,dist-28079-01,district,2023-03,46.988,index,ohsome,2023-03-31,,2026-07-29,ok,0
osm_tourist_retail,dist-28079-01,district,2023-04,46.108,index,ohsome,2023-04-30,,2026-07-29,ok,0
osm_tourist_retail,dist-28079-01,district,2023-05,44.91,index,ohsome,2023-05-31,,2026-07-29,ok,0
osm_tourist_retail,dist-28079-01,district,2023-06,44.91,index,ohsome,2023-06-30,,2026-07-29,ok,0
osm_tourist_retail,dist-28079-01,district,2023-07,46.707,index,ohsome,2023-07-31,,2026-07-29,ok,0
osm_tourist_retail,dist-28079-01,district,2023-08,47.305,index,ohsome,2023-08-31,,2026-07-29,ok,0
osm_tourist_retail,dist-28079-01,district,2023-09,47.305,index,ohsome,2023-09-30,,2026-07-29,ok,0
osm_tourist_retail,dist-28079-01,district,2023-10,46.429,index,ohsome,2023-10-31,,2026-07-29,ok,0
osm_tourist_retail,dist-28079-01,district,2023-11,46.429,index,ohsome,2023-11-30,,2026-07-29,ok,0
osm_tourist_retail,dist-28079-01,district,2023-12,46.154,index,ohsome,2023-12-31,,2026-07-29,ok,0
osm_tourist_retail,dist-28079-01,district,2024-01,46.154,index,ohsome,2024-01-31,,2026-07-29,ok,0
osm_tourist_retail,dist-28079-01,district,2024-02,45.833,index,ohsome,2024-02-29,,2026-07-29,ok,0
osm_tourist_retail,dist-28079-01,district,2024-03,45.833,index,ohsome,2024-03-31,,2026-07-29,ok,0
osm_tourist_retail,dist-28079-01,district,2024-04,45.833,index,ohsome,2024-04-30,,2026-07-29,ok,0
osm_tourist_retail,dist-28079-01,district,2024-05,46.154,index,ohsome,2024-05-31,,2026-07-29,ok,0
osm_tourist_retail,dist-28079-01,district,2024-06,46.154,index,ohsome,2024-06-30,,2026-07-29,ok,0
osm_tourist_retail,dist-28079-01,district,2024-07,46.154,index,ohsome,2024-07-31,,2026-07-29,ok,0
osm_tourist_retail,dist-28079-01,district,2024-08,48.214,index,ohsome,2024-08-31,,2026-07-29,ok,0
osm_tourist_retail,dist-28079-01,district,2024-09,50,index,ohsome,2024-09-30,,2026-07-29,ok,0
osm_tourist_retail,dist-28079-01,district,2024-10,50,index,ohsome,2024-10-31,,2026-07-29,ok,0
osm_tourist_retail,dist-28079-01,district,2024-11,50.888,index,ohsome,2024-11-30,,2026-07-29,ok,0
osm_tourist_retail,dist-28079-01,district,2024-12,52.381,index,ohsome,2024-12-31,,2026-07-29,ok,0
osm_tourist_retail,dist-28079-01,district,2025-01,53.614,index,ohsome,2025-01-31,,2026-07-29,ok,0
osm_tourist_retail,dist-28079-01,district,2025-02,53.614,index,ohsome,2025-02-28,,2026-07-29,ok,0
osm_tourist_retail,dist-28079-01,district,2025-03,53.614,index,ohsome,2025-03-31,,2026-07-29,ok,0
osm_tourist_retail,dist-28079-01,district,2025-04,54.545,index,ohsome,2025-04-30,,2026-07-29,ok,0
osm_tourist_retail,dist-28079-01,district,2025-05,55.152,index,ohsome,2025-05-31,,2026-07-29,ok,0
osm_tourist_retail,dist-28079-01,district,2025-06,53.333,index,ohsome,2025-06-30,,2026-07-29,ok,0
osm_tourist_retail,dist-28079-01,district,2025-07,53.333,index,ohsome,2025-07-31,,2026-07-29,ok,0
osm_tourist_retail,dist-28079-01,district,2025-08,53.659,index,ohsome,2025-08-31,,2026-07-29,ok,0
osm_tourist_retail,dist-28079-01,district,2025-09,56.098,index,ohsome,2025-09-30,,2026-07-29,ok,0
osm_tourist_retail,dist-28079-01,district,2025-10,57.317,index,ohsome,2025-10-31,,2026-07-29,ok,0
osm_tourist_retail,dist-28079-01,district,2025-11,57.317,index,ohsome,2025-11-30,,2026-07-29,ok,0
osm_tourist_retail,dist-28079-01,district,2025-12,57.927,index,ohsome,2025-12-31,,2026-07-29,ok,0
osm_tourist_retail,dist-28079-01,district,2026-01,57.927,index,ohsome,2026-01-31,,2026-07-29,ok,0
osm_tourist_retail,dist-28079-01,district,2026-02,57.927,index,ohsome,2026-02-28,,2026-07-29,ok,0
osm_tourist_retail,dist-28079-01,district,2026-03,57.927,index,ohsome,2026-03-31,,2026-07-29,ok,0
osm_tourist_retail,dist-28079-01,district,2026-04,57.927,index,ohsome,2026-04-30,,2026-07-29,ok,0
osm_tourist_retail,dist-28079-01,district,2026-05,59.146,index,ohsome,2026-05-31,,2026-07-29,ok,0
osm_tourist_retail,dist-28079-01,district,2026-06,59.146,index,ohsome,2026-06-30,,2026-07-29,ok,0
osm_tourist_retail,dist-28079-02,district,2019-01,2.03,index,ohsome,2019-01-31,,2026-07-29,ok,0
osm_tourist_retail,dist-28079-02,district,2019-02,2.02,index,ohsome,2019-02-28,,2026-07-29,ok,0
osm_tourist_retail,dist-28079-02,district,2019-03,2.02,index,ohsome,2019-03-31,,2026-07-29,ok,0
osm_tourist_retail,dist-28079-02,district,2019-04,2.02,index,ohsome,2019-04-30,,2026-07-29,ok,0
osm_tourist_retail,dist-28079-02,district,2019-05,3.03,index,ohsome,2019-05-31,,2026-07-29,ok,0
osm_tourist_retail,dist-28079-02,district,2019-06,3.03,index,ohsome,2019-06-30,,2026-07-29,ok,0
osm_tourist_retail,dist-28079-02,district,2019-07,3.03,index,ohsome,2019-07-31,,2026-07-29,ok,0
osm_tourist_retail,dist-28079-02,district,2019-08,3.03,index,ohsome,2019-08-31,,2026-07-29,ok,0
osm_tourist_retail,dist-28079-02,district,2019-09,3.03,index,ohsome,2019-09-30,,2026-07-29,ok,0
osm_tourist_retail,dist-28079-02,district,2019-10,3.03,index,ohsome,2019-10-31,,2026-07-29,ok,0
osm_tourist_retail,dist-28079-02,district,2019-11,3.03,index,ohsome,2019-11-30,,2026-07-29,ok,0
osm_tourist_retail,dist-28079-02,district,2019-12,3.03,index,ohsome,2019-12-31,,2026-07-29,ok,0
osm_tourist_retail,dist-28079-02,district,2020-01,3.03,index,ohsome,2020-01-31,,2026-07-29,ok,0
osm_tourist_retail,dist-28079-02,district,2020-02,3.03,index,ohsome,2020-02-29,,2026-07-29,ok,0
osm_tourist_retail,dist-28079-02,district,2020-03,3.03,index,ohsome,2020-03-31,,2026-07-29,ok,0
osm_tourist_retail,dist-28079-02,district,2020-04,3.03,index,ohsome,2020-04-30,,2026-07-29,ok,0
osm_tourist_retail,dist-28079-02,district,2020-05,3.03,index,ohsome,2020-05-31,,2026-07-29,ok,0
osm_tourist_retail,dist-28079-02,district,2020-06,3.03,index,ohsome,2020-06-30,,2026-07-29,ok,0
osm_tourist_retail,dist-28079-02,district,2020-07,3.03,index,ohsome,2020-07-31,,2026-07-29,ok,0
osm_tourist_retail,dist-28079-02,district,2020-08,3.03,index,ohsome,2020-08-31,,2026-07-29,ok,0
osm_tourist_retail,dist-28079-02,district,2020-09,3.046,index,ohsome,2020-09-30,,2026-07-29,ok,0
osm_tourist_retail,dist-28079-02,district,2020-10,3.046,index,ohsome,2020-10-31,,2026-07-29,ok,0
osm_tourist_retail,dist-28079-02,district,2020-11,3.03,index,ohsome,2020-11-30,,2026-07-29,ok,0
osm_tourist_retail,dist-28079-02,district,2020-12,3.046,index,ohsome,2020-12-31,,2026-07-29,ok,0
osm_tourist_retail,dist-28079-02,district,2021-01,3.046,index,ohsome,2021-01-31,,2026-07-29,ok,0
osm_tourist_retail,dist-28079-02,district,2021-02,3.046,index,ohsome,2021-02-28,,2026-07-29,ok,0
osm_tourist_retail,dist-28079-02,district,2021-03,3.046,index,ohsome,2021-03-31,,2026-07-29,ok,0
osm_tourist_retail,dist-28079-02,district,2021-04,3.03,index,ohsome,2021-04-30,,2026-07-29,ok,0
osm_tourist_retail,dist-28079-02,district,2021-05,3.03,index,ohsome,2021-05-31,,2026-07-29,ok,0
osm_tourist_retail,dist-28079-02,district,2021-06,3.03,index,ohsome,2021-06-30,,2026-07-29,ok,0
osm_tourist_retail,dist-28079-02,district,2021-07,3.03,index,ohsome,2021-07-31,,2026-07-29,ok,0
osm_tourist_retail,dist-28079-02,district,2021-08,3.03,index,ohsome,2021-08-31,,2026-07-29,ok,0
osm_tourist_retail,dist-28079-02,district,2021-09,3.03,index,ohsome,2021-09-30,,2026-07-29,ok,0
osm_tourist_retail,dist-28079-02,district,2021-10,3.03,index,ohsome,2021-10-31,,2026-07-29,ok,0
osm_tourist_retail,dist-28079-02,district,2021-11,3.03,index,ohsome,2021-11-30,,2026-07-29,ok,0
osm_tourist_retail,dist-28079-02,district,2021-12,3.03,index,ohsome,2021-12-31,,2026-07-29,ok,0
osm_tourist_retail,dist-28079-02,district,2022-01,3.03,index,ohsome,2022-01-31,,2026-07-29,ok,0
osm_tourist_retail,dist-28079-02,district,2022-02,3.03,index,ohsome,2022-02-28,,2026-07-29,ok,0
osm_tourist_retail,dist-28079-02,district,2022-03,3.046,index,ohsome,2022-03-31,,2026-07-29,ok,0
osm_tourist_retail,dist-28079-02,district,2022-04,3.061,index,ohsome,2022-04-30,,2026-07-29,ok,0
osm_tourist_retail,dist-28079-02,district,2022-05,3.077,index,ohsome,2022-05-31,,2026-07-29,ok,0
osm_tourist_retail,dist-28079-02,district,2022-06,3.077,index,ohsome,2022-06-30,,2026-07-29,ok,0
osm_tourist_retail,dist-28079-02,district,2022-07,3.061,index,ohsome,2022-07-31,,2026-07-29,ok,0
osm_tourist_retail,dist-28079-02,district,2022-08,4.082,index,ohsome,2022-08-31,,2026-07-29,ok,0
osm_tourist_retail,dist-28079-02,district,2022-09,4.082,index,ohsome,2022-09-30,,2026-07-29,ok,0
osm_tourist_retail,dist-28079-02,district,2022-10,4.082,index,ohsome,2022-10-31,,2026-07-29,ok,0
osm_tourist_retail,dist-28079-02,district,2022-11,4.082,index,ohsome,2022-11-30,,2026-07-29,ok,0
osm_tourist_retail,dist-28079-02,district,2022-12,4.082,index,ohsome,2022-12-31,,2026-07-29,ok,0
osm_tourist_retail,dist-28079-02,district,2023-01,4.061,index,ohsome,2023-01-31,,2026-07-29,ok,0
osm_tourist_retail,dist-28079-02,district,2023-02,4.061,index,ohsome,2023-02-28,,2026-07-29,ok,0
osm_tourist_retail,dist-28079-02,district,2023-03,4.061,index,ohsome,2023-03-31,,2026-07-29,ok,0
osm_tourist_retail,dist-28079-02,district,2023-04,4.061,index,ohsome,2023-04-30,,2026-07-29,ok,0
osm_tourist_retail,dist-28079-02,district,2023-05,4.061,index,ohsome,2023-05-31,,2026-07-29,ok,0
osm_tourist_retail,dist-28079-02,district,2023-06,4.02,index,ohsome,2023-06-30,,2026-07-29,ok,0
osm_tourist_retail,dist-28079-02,district,2023-07,4.523,index,ohsome,2023-07-31,,2026-07-29,ok,0
osm_tourist_retail,dist-28079-02,district,2023-08,5.528,index,ohsome,2023-08-31,,2026-07-29,ok,0
osm_tourist_retail,dist-28079-02,district,2023-09,5.528,index,ohsome,2023-09-30,,2026-07-29,ok,0
osm_tourist_retail,dist-28079-02,district,2023-10,5.5,index,ohsome,2023-10-31,,2026-07-29,ok,0
osm_tourist_retail,dist-28079-02,district,2023-11,5.5,index,ohsome,2023-11-30,,2026-07-29,ok,0
osm_tourist_retail,dist-28079-02,district,2023-12,5.5,index,ohsome,2023-12-31,,2026-07-29,ok,0
osm_tourist_retail,dist-28079-02,district,2024-01,5.5,index,ohsome,2024-01-31,,2026-07-29,ok,0
osm_tourist_retail,dist-28079-02,district,2024-02,5.528,index,ohsome,2024-02-29,,2026-07-29,ok,0
osm_tourist_retail,dist-28079-02,district,2024-03,5.528,index,ohsome,2024-03-31,,2026-07-29,ok,0
osm_tourist_retail,dist-28079-02,district,2024-04,5.528,index,ohsome,2024-04-30,,2026-07-29,ok,0
osm_tourist_retail,dist-28079-02,district,2024-05,5.528,index,ohsome,2024-05-31,,2026-07-29,ok,0
osm_tourist_retail,dist-28079-02,district,2024-06,5.528,index,ohsome,2024-06-30,,2026-07-29,ok,0
osm_tourist_retail,dist-28079-02,district,2024-07,5.5,index,ohsome,2024-07-31,,2026-07-29,ok,0
osm_tourist_retail,dist-28079-02,district,2024-08,6,index,ohsome,2024-08-31,,2026-07-29,ok,0
osm_tourist_retail,dist-28079-02,district,2024-09,6.5,index,ohsome,2024-09-30,,2026-07-29,ok,0
osm_tourist_retail,dist-28079-02,district,2024-10,7,index,ohsome,2024-10-31,,2026-07-29,ok,0
osm_tourist_retail,dist-28079-02,district,2024-11,6.965,index,ohsome,2024-11-30,,2026-07-29,ok,0
osm_tourist_retail,dist-28079-02,district,2024-12,7.463,index,ohsome,2024-12-31,,2026-07-29,ok,0
osm_tourist_retail,dist-28079-02,district,2025-01,8.374,index,ohsome,2025-01-31,,2026-07-29,ok,0
osm_tourist_retail,dist-28079-02,district,2025-02,8.374,index,ohsome,2025-02-28,,2026-07-29,ok,0
osm_tourist_retail,dist-28079-02,district,2025-03,8.374,index,ohsome,2025-03-31,,2026-07-29,ok,0
osm_tourist_retail,dist-28079-02,district,2025-04,9.268,index,ohsome,2025-04-30,,2026-07-29,ok,0
osm_tourist_retail,dist-28079-02,district,2025-05,9.709,index,ohsome,2025-05-31,,2026-07-29,ok,0
osm_tourist_retail,dist-28079-02,district,2025-06,9.709,index,ohsome,2025-06-30,,2026-07-29,ok,0
osm_tourist_retail,dist-28079-02,district,2025-07,9.709,index,ohsome,2025-07-31,,2026-07-29,ok,0
osm_tourist_retail,dist-28079-02,district,2025-08,9.709,index,ohsome,2025-08-31,,2026-07-29,ok,0
osm_tourist_retail,dist-28079-02,district,2025-09,10.194,index,ohsome,2025-09-30,,2026-07-29,ok,0
osm_tourist_retail,dist-28079-02,district,2025-10,10.096,index,ohsome,2025-10-31,,2026-07-29,ok,0
osm_tourist_retail,dist-28079-02,district,2025-11,10.096,index,ohsome,2025-11-30,,2026-07-29,ok,0
osm_tourist_retail,dist-28079-02,district,2025-12,10.096,index,ohsome,2025-12-31,,2026-07-29,ok,0
osm_tourist_retail,dist-28079-02,district,2026-01,10.145,index,ohsome,2026-01-31,,2026-07-29,ok,0
osm_tourist_retail,dist-28079-02,district,2026-02,10.145,index,ohsome,2026-02-28,,2026-07-29,ok,0
osm_tourist_retail,dist-28079-02,district,2026-03,10.145,index,ohsome,2026-03-31,,2026-07-29,ok,0
osm_tourist_retail,dist-28079-02,district,2026-04,10.145,index,ohsome,2026-04-30,,2026-07-29,ok,0
osm_tourist_retail,dist-28079-02,district,2026-05,10.145,index,ohsome,2026-05-31,,2026-07-29,ok,0
osm_tourist_retail,dist-28079-02,district,2026-06,10.145,index,ohsome,2026-06-30,,2026-07-29,ok,0
osm_tourist_retail,dist-28079-03,district,2019-01,0.885,index,ohsome,2019-01-31,,2026-07-29,ok,0
osm_tourist_retail,dist-28079-03,district,2019-02,0.87,index,ohsome,2019-02-28,,2026-07-29,ok,0
osm_tourist_retail,dist-28079-03,district,2019-03,0.87,index,ohsome,2019-03-31,,2026-07-29,ok,0
osm_tourist_retail,dist-28079-03,district,2019-04,0.87,index,ohsome,2019-04-30,,2026-07-29,ok,0
osm_tourist_retail,dist-28079-03,district,2019-05,0.87,index,ohsome,2019-05-31,,2026-07-29,ok,0
osm_tourist_retail,dist-28079-03,district,2019-06,0.877,index,ohsome,2019-06-30,,2026-07-29,ok,0
osm_tourist_retail,dist-28079-03,district,2019-07,0.877,index,ohsome,2019-07-31,,2026-07-29,ok,0
osm_tourist_retail,dist-28079-03,district,2019-08,0.877,index,ohsome,2019-08-31,,2026-07-29,ok,0
osm_tourist_retail,dist-28079-03,district,2019-09,0.877,index,ohsome,2019-09-30,,2026-07-29,ok,0
osm_tourist_retail,dist-28079-03,district,2019-10,0.877,index,ohsome,2019-10-31,,2026-07-29,ok,0
osm_tourist_retail,dist-28079-03,district,2019-11,0.877,index,ohsome,2019-11-30,,2026-07-29,ok,0
osm_tourist_retail,dist-28079-03,district,2019-12,0.877,index,ohsome,2019-12-31,,2026-07-29,ok,0
osm_tourist_retail,dist-28079-03,district,2020-01,0.877,index,ohsome,2020-01-31,,2026-07-29,ok,0
osm_tourist_retail,dist-28079-03,district,2020-02,0.877,index,ohsome,2020-02-29,,2026-07-29,ok,0
osm_tourist_retail,dist-28079-03,district,2020-03,0.877,index,ohsome,2020-03-31,,2026-07-29,ok,0
osm_tourist_retail,dist-28079-03,district,2020-04,0.877,index,ohsome,2020-04-30,,2026-07-29,ok,0
osm_tourist_retail,dist-28079-03,district,2020-05,0.877,index,ohsome,2020-05-31,,2026-07-29,ok,0
osm_tourist_retail,dist-28079-03,district,2020-06,0.877,index,ohsome,2020-06-30,,2026-07-29,ok,0
osm_tourist_retail,dist-28079-03,district,2020-07,0.877,index,ohsome,2020-07-31,,2026-07-29,ok,0
osm_tourist_retail,dist-28079-03,district,2020-08,0.877,index,ohsome,2020-08-31,,2026-07-29,ok,0
osm_tourist_retail,dist-28079-03,district,2020-09,0.877,index,ohsome,2020-09-30,,2026-07-29,ok,0
osm_tourist_retail,dist-28079-03,district,2020-10,0.877,index,ohsome,2020-10-31,,2026-07-29,ok,0
osm_tourist_retail,dist-28079-03,district,2020-11,0.87,index,ohsome,2020-11-30,,2026-07-29,ok,0
osm_tourist_retail,dist-28079-03,district,2020-12,0.87,index,ohsome,2020-12-31,,2026-07-29,ok,0
osm_tourist_retail,dist-28079-03,district,2021-01,0.87,index,ohsome,2021-01-31,,2026-07-29,ok,0
osm_tourist_retail,dist-28079-03,district,2021-02,0.87,index,ohsome,2021-02-28,,2026-07-29,ok,0
osm_tourist_retail,dist-28079-03,district,2021-03,0.87,index,ohsome,2021-03-31,,2026-07-29,ok,0
osm_tourist_retail,dist-28079-03,district,2021-04,0.862,index,ohsome,2021-04-30,,2026-07-29,ok,0
osm_tourist_retail,dist-28079-03,district,2021-05,0.862,index,ohsome,2021-05-31,,2026-07-29,ok,0
osm_tourist_retail,dist-28079-03,district,2021-06,0.862,index,ohsome,2021-06-30,,2026-07-29,ok,0
osm_tourist_retail,dist-28079-03,district,2021-07,0.862,index,ohsome,2021-07-31,,2026-07-29,ok,0
osm_tourist_retail,dist-28079-03,district,2021-08,0.862,index,ohsome,2021-08-31,,2026-07-29,ok,0
osm_tourist_retail,dist-28079-03,district,2021-09,0.862,index,ohsome,2021-09-30,,2026-07-29,ok,0
osm_tourist_retail,dist-28079-03,district,2021-10,0.87,index,ohsome,2021-10-31,,2026-07-29,ok,0
osm_tourist_retail,dist-28079-03,district,2021-11,0.87,index,ohsome,2021-11-30,,2026-07-29,ok,0
osm_tourist_retail,dist-28079-03,district,2021-12,0.87,index,ohsome,2021-12-31,,2026-07-29,ok,0
osm_tourist_retail,dist-28079-03,district,2022-01,0.87,index,ohsome,2022-01-31,,2026-07-29,ok,0
osm_tourist_retail,dist-28079-03,district,2022-02,0.87,index,ohsome,2022-02-28,,2026-07-29,ok,0
osm_tourist_retail,dist-28079-03,district,2022-03,0.87,index,ohsome,2022-03-31,,2026-07-29,ok,0
osm_tourist_retail,dist-28079-03,district,2022-04,0.87,index,ohsome,2022-04-30,,2026-07-29,ok,0
osm_tourist_retail,dist-28079-03,district,2022-05,0.87,index,ohsome,2022-05-31,,2026-07-29,ok,0
osm_tourist_retail,dist-28079-03,district,2022-06,0.87,index,ohsome,2022-06-30,,2026-07-29,ok,0
osm_tourist_retail,dist-28079-03,district,2022-07,0.87,index,ohsome,2022-07-31,,2026-07-29,ok,0
osm_tourist_retail,dist-28079-03,district,2022-08,1.739,index,ohsome,2022-08-31,,2026-07-29,ok,0
osm_tourist_retail,dist-28079-03,district,2022-09,1.739,index,ohsome,2022-09-30,,2026-07-29,ok,0
osm_tourist_retail,dist-28079-03,district,2022-10,1.739,index,ohsome,2022-10-31,,2026-07-29,ok,0
osm_tourist_retail,dist-28079-03,district,2022-11,1.739,index,ohsome,2022-11-30,,2026-07-29,ok,0
osm_tourist_retail,dist-28079-03,district,2022-12,1.739,index,ohsome,2022-12-31,,2026-07-29,ok,0
osm_tourist_retail,dist-28079-03,district,2023-01,1.739,index,ohsome,2023-01-31,,2026-07-29,ok,0
osm_tourist_retail,dist-28079-03,district,2023-02,1.739,index,ohsome,2023-02-28,,2026-07-29,ok,0
osm_tourist_retail,dist-28079-03,district,2023-03,1.739,index,ohsome,2023-03-31,,2026-07-29,ok,0
osm_tourist_retail,dist-28079-03,district,2023-04,1.739,index,ohsome,2023-04-30,,2026-07-29,ok,0
osm_tourist_retail,dist-28079-03,district,2023-05,1.739,index,ohsome,2023-05-31,,2026-07-29,ok,0
osm_tourist_retail,dist-28079-03,district,2023-06,1.739,index,ohsome,2023-06-30,,2026-07-29,ok,0
osm_tourist_retail,dist-28079-03,district,2023-07,2.609,index,ohsome,2023-07-31,,2026-07-29,ok,0
osm_tourist_retail,dist-28079-03,district,2023-08,4.348,index,ohsome,2023-08-31,,2026-07-29,ok,0
osm_tourist_retail,dist-28079-03,district,2023-09,4.348,index,ohsome,2023-09-30,,2026-07-29,ok,0
osm_tourist_retail,dist-28079-03,district,2023-10,4.348,index,ohsome,2023-10-31,,2026-07-29,ok,0
osm_tourist_retail,dist-28079-03,district,2023-11,4.348,index,ohsome,2023-11-30,,2026-07-29,ok,0
osm_tourist_retail,dist-28079-03,district,2023-12,4.348,index,ohsome,2023-12-31,,2026-07-29,ok,0
osm_tourist_retail,dist-28079-03,district,2024-01,4.348,index,ohsome,2024-01-31,,2026-07-29,ok,0
osm_tourist_retail,dist-28079-03,district,2024-02,4.348,index,ohsome,2024-02-29,,2026-07-29,ok,0
osm_tourist_retail,dist-28079-03,district,2024-03,4.348,index,ohsome,2024-03-31,,2026-07-29,ok,0
osm_tourist_retail,dist-28079-03,district,2024-04,4.348,index,ohsome,2024-04-30,,2026-07-29,ok,0
osm_tourist_retail,dist-28079-03,district,2024-05,4.348,index,ohsome,2024-05-31,,2026-07-29,ok,0
osm_tourist_retail,dist-28079-03,district,2024-06,4.348,index,ohsome,2024-06-30,,2026-07-29,ok,0
osm_tourist_retail,dist-28079-03,district,2024-07,4.348,index,ohsome,2024-07-31,,2026-07-29,ok,0
osm_tourist_retail,dist-28079-03,district,2024-08,4.348,index,ohsome,2024-08-31,,2026-07-29,ok,0
osm_tourist_retail,dist-28079-03,district,2024-09,4.348,index,ohsome,2024-09-30,,2026-07-29,ok,0
osm_tourist_retail,dist-28079-03,district,2024-10,4.348,index,ohsome,2024-10-31,,2026-07-29,ok,0
osm_tourist_retail,dist-28079-03,district,2024-11,4.348,index,ohsome,2024-11-30,,2026-07-29,ok,0
osm_tourist_retail,dist-28079-03,district,2024-12,5.217,index,ohsome,2024-12-31,,2026-07-29,ok,0
osm_tourist_retail,dist-28079-03,district,2025-01,5.217,index,ohsome,2025-01-31,,2026-07-29,ok,0
osm_tourist_retail,dist-28079-03,district,2025-02,5.217,index,ohsome,2025-02-28,,2026-07-29,ok,0
osm_tourist_retail,dist-28079-03,district,2025-03,5.31,index,ohsome,2025-03-31,,2026-07-29,ok,0
osm_tourist_retail,dist-28079-03,district,2025-04,6.195,index,ohsome,2025-04-30,,2026-07-29,ok,0
osm_tourist_retail,dist-28079-03,district,2025-05,7.08,index,ohsome,2025-05-31,,2026-07-29,ok,0
osm_tourist_retail,dist-28079-03,district,2025-06,7.08,index,ohsome,2025-06-30,,2026-07-29,ok,0
osm_tourist_retail,dist-28079-03,district,2025-07,7.08,index,ohsome,2025-07-31,,2026-07-29,ok,0
osm_tourist_retail,dist-28079-03,district,2025-08,7.08,index,ohsome,2025-08-31,,2026-07-29,ok,0
osm_tourist_retail,dist-28079-03,district,2025-09,7.965,index,ohsome,2025-09-30,,2026-07-29,ok,0
osm_tourist_retail,dist-28079-03,district,2025-10,7.895,index,ohsome,2025-10-31,,2026-07-29,ok,0
osm_tourist_retail,dist-28079-03,district,2025-11,7.895,index,ohsome,2025-11-30,,2026-07-29,ok,0
osm_tourist_retail,dist-28079-03,district,2025-12,7.895,index,ohsome,2025-12-31,,2026-07-29,ok,0
osm_tourist_retail,dist-28079-03,district,2026-01,7.895,index,ohsome,2026-01-31,,2026-07-29,ok,0
osm_tourist_retail,dist-28079-03,district,2026-02,7.965,index,ohsome,2026-02-28,,2026-07-29,ok,0
osm_tourist_retail,dist-28079-03,district,2026-03,7.965,index,ohsome,2026-03-31,,2026-07-29,ok,0
osm_tourist_retail,dist-28079-03,district,2026-04,7.965,index,ohsome,2026-04-30,,2026-07-29,ok,0
osm_tourist_retail,dist-28079-03,district,2026-05,7.965,index,ohsome,2026-05-31,,2026-07-29,ok,0
osm_tourist_retail,dist-28079-03,district,2026-06,7.965,index,ohsome,2026-06-30,,2026-07-29,ok,0
osm_tourist_retail,dist-28079-04,district,2019-01,2.532,index,ohsome,2019-01-31,,2026-07-29,ok,0
osm_tourist_retail,dist-28079-04,district,2019-02,3.797,index,ohsome,2019-02-28,,2026-07-29,ok,0
osm_tourist_retail,dist-28079-04,district,2019-03,3.797,index,ohsome,2019-03-31,,2026-07-29,ok,0
osm_tourist_retail,dist-28079-04,district,2019-04,3.797,index,ohsome,2019-04-30,,2026-07-29,ok,0
osm_tourist_retail,dist-28079-04,district,2019-05,3.797,index,ohsome,2019-05-31,,2026-07-29,ok,0
osm_tourist_retail,dist-28079-04,district,2019-06,3.797,index,ohsome,2019-06-30,,2026-07-29,ok,0
osm_tourist_retail,dist-28079-04,district,2019-07,3.797,index,ohsome,2019-07-31,,2026-07-29,ok,0
osm_tourist_retail,dist-28079-04,district,2019-08,3.797,index,ohsome,2019-08-31,,2026-07-29,ok,0
osm_tourist_retail,dist-28079-04,district,2019-09,3.797,index,ohsome,2019-09-30,,2026-07-29,ok,0
osm_tourist_retail,dist-28079-04,district,2019-10,3.797,index,ohsome,2019-10-31,,2026-07-29,ok,0
osm_tourist_retail,dist-28079-04,district,2019-11,3.797,index,ohsome,2019-11-30,,2026-07-29,ok,0
osm_tourist_retail,dist-28079-04,district,2019-12,3.797,index,ohsome,2019-12-31,,2026-07-29,ok,0
osm_tourist_retail,dist-28079-04,district,2020-01,3.797,index,ohsome,2020-01-31,,2026-07-29,ok,0
osm_tourist_retail,dist-28079-04,district,2020-02,3.797,index,ohsome,2020-02-29,,2026-07-29,ok,0
osm_tourist_retail,dist-28079-04,district,2020-03,3.797,index,ohsome,2020-03-31,,2026-07-29,ok,0
osm_tourist_retail,dist-28079-04,district,2020-04,3.774,index,ohsome,2020-04-30,,2026-07-29,ok,0
osm_tourist_retail,dist-28079-04,district,2020-05,3.774,index,ohsome,2020-05-31,,2026-07-29,ok,0
osm_tourist_retail,dist-28079-04,district,2020-06,3.774,index,ohsome,2020-06-30,,2026-07-29,ok,0
osm_tourist_retail,dist-28079-04,district,2020-07,3.774,index,ohsome,2020-07-31,,2026-07-29,ok,0
osm_tourist_retail,dist-28079-04,district,2020-08,3.774,index,ohsome,2020-08-31,,2026-07-29,ok,0
osm_tourist_retail,dist-28079-04,district,2020-09,3.797,index,ohsome,2020-09-30,,2026-07-29,ok,0
osm_tourist_retail,dist-28079-04,district,2020-10,3.797,index,ohsome,2020-10-31,,2026-07-29,ok,0
osm_tourist_retail,dist-28079-04,district,2020-11,4.43,index,ohsome,2020-11-30,,2026-07-29,ok,0
osm_tourist_retail,dist-28079-04,district,2020-12,4.43,index,ohsome,2020-12-31,,2026-07-29,ok,0
osm_tourist_retail,dist-28079-04,district,2021-01,4.43,index,ohsome,2021-01-31,,2026-07-29,ok,0
osm_tourist_retail,dist-28079-04,district,2021-02,4.43,index,ohsome,2021-02-28,,2026-07-29,ok,0
osm_tourist_retail,dist-28079-04,district,2021-03,4.43,index,ohsome,2021-03-31,,2026-07-29,ok,0
osm_tourist_retail,dist-28079-04,district,2021-04,3.797,index,ohsome,2021-04-30,,2026-07-29,ok,0
osm_tourist_retail,dist-28079-04,district,2021-05,3.797,index,ohsome,2021-05-31,,2026-07-29,ok,0
osm_tourist_retail,dist-28079-04,district,2021-06,3.797,index,ohsome,2021-06-30,,2026-07-29,ok,0
osm_tourist_retail,dist-28079-04,district,2021-07,3.797,index,ohsome,2021-07-31,,2026-07-29,ok,0
osm_tourist_retail,dist-28079-04,district,2021-08,3.797,index,ohsome,2021-08-31,,2026-07-29,ok,0
osm_tourist_retail,dist-28079-04,district,2021-09,3.797,index,ohsome,2021-09-30,,2026-07-29,ok,0
osm_tourist_retail,dist-28079-04,district,2021-10,3.797,index,ohsome,2021-10-31,,2026-07-29,ok,0
osm_tourist_retail,dist-28079-04,district,2021-11,3.797,index,ohsome,2021-11-30,,2026-07-29,ok,0
osm_tourist_retail,dist-28079-04,district,2021-12,3.797,index,ohsome,2021-12-31,,2026-07-29,ok,0
osm_tourist_retail,dist-28079-04,district,2022-01,3.797,index,ohsome,2022-01-31,,2026-07-29,ok,0
osm_tourist_retail,dist-28079-04,district,2022-02,3.797,index,ohsome,2022-02-28,,2026-07-29,ok,0
osm_tourist_retail,dist-28079-04,district,2022-03,3.797,index,ohsome,2022-03-31,,2026-07-29,ok,0
osm_tourist_retail,dist-28079-04,district,2022-04,3.797,index,ohsome,2022-04-30,,2026-07-29,ok,0
osm_tourist_retail,dist-28079-04,district,2022-05,3.797,index,ohsome,2022-05-31,,2026-07-29,ok,0
osm_tourist_retail,dist-28079-04,district,2022-06,3.797,index,ohsome,2022-06-30,,2026-07-29,ok,0
osm_tourist_retail,dist-28079-04,district,2022-07,3.797,index,ohsome,2022-07-31,,2026-07-29,ok,0
osm_tourist_retail,dist-28079-04,district,2022-08,3.797,index,ohsome,2022-08-31,,2026-07-29,ok,0
osm_tourist_retail,dist-28079-04,district,2022-09,3.797,index,ohsome,2022-09-30,,2026-07-29,ok,0
osm_tourist_retail,dist-28079-04,district,2022-10,3.797,index,ohsome,2022-10-31,,2026-07-29,ok,0
osm_tourist_retail,dist-28079-04,district,2022-11,3.797,index,ohsome,2022-11-30,,2026-07-29,ok,0
osm_tourist_retail,dist-28079-04,district,2022-12,3.797,index,ohsome,2022-12-31,,2026-07-29,ok,0
osm_tourist_retail,dist-28079-04,district,2023-01,3.822,index,ohsome,2023-01-31,,2026-07-29,ok,0
osm_tourist_retail,dist-28079-04,district,2023-02,3.822,index,ohsome,2023-02-28,,2026-07-29,ok,0
osm_tourist_retail,dist-28079-04,district,2023-03,3.822,index,ohsome,2023-03-31,,2026-07-29,ok,0
osm_tourist_retail,dist-28079-04,district,2023-04,3.822,index,ohsome,2023-04-30,,2026-07-29,ok,0
osm_tourist_retail,dist-28079-04,district,2023-05,3.822,index,ohsome,2023-05-31,,2026-07-29,ok,0
osm_tourist_retail,dist-28079-04,district,2023-06,3.822,index,ohsome,2023-06-30,,2026-07-29,ok,0
osm_tourist_retail,dist-28079-04,district,2023-07,3.822,index,ohsome,2023-07-31,,2026-07-29,ok,0
osm_tourist_retail,dist-28079-04,district,2023-08,3.822,index,ohsome,2023-08-31,,2026-07-29,ok,0
osm_tourist_retail,dist-28079-04,district,2023-09,3.822,index,ohsome,2023-09-30,,2026-07-29,ok,0
osm_tourist_retail,dist-28079-04,district,2023-10,3.822,index,ohsome,2023-10-31,,2026-07-29,ok,0
osm_tourist_retail,dist-28079-04,district,2023-11,3.822,index,ohsome,2023-11-30,,2026-07-29,ok,0
osm_tourist_retail,dist-28079-04,district,2023-12,3.797,index,ohsome,2023-12-31,,2026-07-29,ok,0
osm_tourist_retail,dist-28079-04,district,2024-01,3.797,index,ohsome,2024-01-31,,2026-07-29,ok,0
osm_tourist_retail,dist-28079-04,district,2024-02,3.797,index,ohsome,2024-02-29,,2026-07-29,ok,0
osm_tourist_retail,dist-28079-04,district,2024-03,3.797,index,ohsome,2024-03-31,,2026-07-29,ok,0
osm_tourist_retail,dist-28079-04,district,2024-04,3.797,index,ohsome,2024-04-30,,2026-07-29,ok,0
osm_tourist_retail,dist-28079-04,district,2024-05,3.797,index,ohsome,2024-05-31,,2026-07-29,ok,0
osm_tourist_retail,dist-28079-04,district,2024-06,3.797,index,ohsome,2024-06-30,,2026-07-29,ok,0
osm_tourist_retail,dist-28079-04,district,2024-07,3.797,index,ohsome,2024-07-31,,2026-07-29,ok,0
osm_tourist_retail,dist-28079-04,district,2024-08,3.797,index,ohsome,2024-08-31,,2026-07-29,ok,0
osm_tourist_retail,dist-28079-04,district,2024-09,3.797,index,ohsome,2024-09-30,,2026-07-29,ok,0
osm_tourist_retail,dist-28079-04,district,2024-10,3.165,index,ohsome,2024-10-31,,2026-07-29,ok,0
osm_tourist_retail,dist-28079-04,district,2024-11,3.165,index,ohsome,2024-11-30,,2026-07-29,ok,0
osm_tourist_retail,dist-28079-04,district,2024-12,3.165,index,ohsome,2024-12-31,,2026-07-29,ok,0
osm_tourist_retail,dist-28079-04,district,2025-01,3.165,index,ohsome,2025-01-31,,2026-07-29,ok,0
osm_tourist_retail,dist-28079-04,district,2025-02,3.165,index,ohsome,2025-02-28,,2026-07-29,ok,0
osm_tourist_retail,dist-28079-04,district,2025-03,3.185,index,ohsome,2025-03-31,,2026-07-29,ok,0
osm_tourist_retail,dist-28079-04,district,2025-04,3.205,index,ohsome,2025-04-30,,2026-07-29,ok,0
osm_tourist_retail,dist-28079-04,district,2025-05,3.205,index,ohsome,2025-05-31,,2026-07-29,ok,0
osm_tourist_retail,dist-28079-04,district,2025-06,3.205,index,ohsome,2025-06-30,,2026-07-29,ok,0
osm_tourist_retail,dist-28079-04,district,2025-07,3.205,index,ohsome,2025-07-31,,2026-07-29,ok,0
osm_tourist_retail,dist-28079-04,district,2025-08,3.205,index,ohsome,2025-08-31,,2026-07-29,ok,0
osm_tourist_retail,dist-28079-04,district,2025-09,3.205,index,ohsome,2025-09-30,,2026-07-29,ok,0
osm_tourist_retail,dist-28079-04,district,2025-10,3.205,index,ohsome,2025-10-31,,2026-07-29,ok,0
osm_tourist_retail,dist-28079-04,district,2025-11,3.205,index,ohsome,2025-11-30,,2026-07-29,ok,0
osm_tourist_retail,dist-28079-04,district,2025-12,3.205,index,ohsome,2025-12-31,,2026-07-29,ok,0
osm_tourist_retail,dist-28079-04,district,2026-01,3.205,index,ohsome,2026-01-31,,2026-07-29,ok,0
osm_tourist_retail,dist-28079-04,district,2026-02,3.205,index,ohsome,2026-02-28,,2026-07-29,ok,0
osm_tourist_retail,dist-28079-04,district,2026-03,3.205,index,ohsome,2026-03-31,,2026-07-29,ok,0
osm_tourist_retail,dist-28079-04,district,2026-04,3.205,index,ohsome,2026-04-30,,2026-07-29,ok,0
osm_tourist_retail,dist-28079-04,district,2026-05,3.205,index,ohsome,2026-05-31,,2026-07-29,ok,0
osm_tourist_retail,dist-28079-04,district,2026-06,3.205,index,ohsome,2026-06-30,,2026-07-29,ok,0
osm_tourist_retail,dist-28079-05,district,2019-01,0,index,ohsome,2019-01-31,,2026-07-29,ok,0
osm_tourist_retail,dist-28079-05,district,2019-02,0,index,ohsome,2019-02-28,,2026-07-29,ok,0
osm_tourist_retail,dist-28079-05,district,2019-03,0,index,ohsome,2019-03-31,,2026-07-29,ok,0
osm_tourist_retail,dist-28079-05,district,2019-04,0,index,ohsome,2019-04-30,,2026-07-29,ok,0
osm_tourist_retail,dist-28079-05,district,2019-05,0,index,ohsome,2019-05-31,,2026-07-29,ok,0
osm_tourist_retail,dist-28079-05,district,2019-06,0,index,ohsome,2019-06-30,,2026-07-29,ok,0
osm_tourist_retail,dist-28079-05,district,2019-07,0,index,ohsome,2019-07-31,,2026-07-29,ok,0
osm_tourist_retail,dist-28079-05,district,2019-08,0,index,ohsome,2019-08-31,,2026-07-29,ok,0
osm_tourist_retail,dist-28079-05,district,2019-09,0,index,ohsome,2019-09-30,,2026-07-29,ok,0
osm_tourist_retail,dist-28079-05,district,2019-10,0,index,ohsome,2019-10-31,,2026-07-29,ok,0
osm_tourist_retail,dist-28079-05,district,2019-11,0,index,ohsome,2019-11-30,,2026-07-29,ok,0
osm_tourist_retail,dist-28079-05,district,2019-12,0.645,index,ohsome,2019-12-31,,2026-07-29,ok,0
osm_tourist_retail,dist-28079-05,district,2020-01,0.641,index,ohsome,2020-01-31,,2026-07-29,ok,0
osm_tourist_retail,dist-28079-05,district,2020-02,0.641,index,ohsome,2020-02-29,,2026-07-29,ok,0
osm_tourist_retail,dist-28079-05,district,2020-03,0.641,index,ohsome,2020-03-31,,2026-07-29,ok,0
osm_tourist_retail,dist-28079-05,district,2020-04,0.641,index,ohsome,2020-04-30,,2026-07-29,ok,0
osm_tourist_retail,dist-28079-05,district,2020-05,0.641,index,ohsome,2020-05-31,,2026-07-29,ok,0
osm_tourist_retail,dist-28079-05,district,2020-06,0.641,index,ohsome,2020-06-30,,2026-07-29,ok,0
osm_tourist_retail,dist-28079-05,district,2020-07,0.641,index,ohsome,2020-07-31,,2026-07-29,ok,0
osm_tourist_retail,dist-28079-05,district,2020-08,0.641,index,ohsome,2020-08-31,,2026-07-29,ok,0
osm_tourist_retail,dist-28079-05,district,2020-09,0.641,index,ohsome,2020-09-30,,2026-07-29,ok,0
osm_tourist_retail,dist-28079-05,district,2020-10,0.641,index,ohsome,2020-10-31,,2026-07-29,ok,0
osm_tourist_retail,dist-28079-05,district,2020-11,0,index,ohsome,2020-11-30,,2026-07-29,ok,0
osm_tourist_retail,dist-28079-05,district,2020-12,0,index,ohsome,2020-12-31,,2026-07-29,ok,0
osm_tourist_retail,dist-28079-05,district,2021-01,0,index,ohsome,2021-01-31,,2026-07-29,ok,0
osm_tourist_retail,dist-28079-05,district,2021-02,0,index,ohsome,2021-02-28,,2026-07-29,ok,0
osm_tourist_retail,dist-28079-05,district,2021-03,0,index,ohsome,2021-03-31,,2026-07-29,ok,0
osm_tourist_retail,dist-28079-05,district,2021-04,0,index,ohsome,2021-04-30,,2026-07-29,ok,0
osm_tourist_retail,dist-28079-05,district,2021-05,0,index,ohsome,2021-05-31,,2026-07-29,ok,0
osm_tourist_retail,dist-28079-05,district,2021-06,0,index,ohsome,2021-06-30,,2026-07-29,ok,0
osm_tourist_retail,dist-28079-05,district,2021-07,0,index,ohsome,2021-07-31,,2026-07-29,ok,0
osm_tourist_retail,dist-28079-05,district,2021-08,0,index,ohsome,2021-08-31,,2026-07-29,ok,0
osm_tourist_retail,dist-28079-05,district,2021-09,0,index,ohsome,2021-09-30,,2026-07-29,ok,0
osm_tourist_retail,dist-28079-05,district,2021-10,0,index,ohsome,2021-10-31,,2026-07-29,ok,0
osm_tourist_retail,dist-28079-05,district,2021-11,0,index,ohsome,2021-11-30,,2026-07-29,ok,0
osm_tourist_retail,dist-28079-05,district,2021-12,0,index,ohsome,2021-12-31,,2026-07-29,ok,0
osm_tourist_retail,dist-28079-05,district,2022-01,0,index,ohsome,2022-01-31,,2026-07-29,ok,0
osm_tourist_retail,dist-28079-05,district,2022-02,0,index,ohsome,2022-02-28,,2026-07-29,ok,0
osm_tourist_retail,dist-28079-05,district,2022-03,0,index,ohsome,2022-03-31,,2026-07-29,ok,0
osm_tourist_retail,dist-28079-05,district,2022-04,0,index,ohsome,2022-04-30,,2026-07-29,ok,0
osm_tourist_retail,dist-28079-05,district,2022-05,0,index,ohsome,2022-05-31,,2026-07-29,ok,0
osm_tourist_retail,dist-28079-05,district,2022-06,0,index,ohsome,2022-06-30,,2026-07-29,ok,0
osm_tourist_retail,dist-28079-05,district,2022-07,0,index,ohsome,2022-07-31,,2026-07-29,ok,0
osm_tourist_retail,dist-28079-05,district,2022-08,0,index,ohsome,2022-08-31,,2026-07-29,ok,0
osm_tourist_retail,dist-28079-05,district,2022-09,0,index,ohsome,2022-09-30,,2026-07-29,ok,0
osm_tourist_retail,dist-28079-05,district,2022-10,0,index,ohsome,2022-10-31,,2026-07-29,ok,0
osm_tourist_retail,dist-28079-05,district,2022-11,0,index,ohsome,2022-11-30,,2026-07-29,ok,0
osm_tourist_retail,dist-28079-05,district,2022-12,0.649,index,ohsome,2022-12-31,,2026-07-29,ok,0
osm_tourist_retail,dist-28079-05,district,2023-01,0.649,index,ohsome,2023-01-31,,2026-07-29,ok,0
osm_tourist_retail,dist-28079-05,district,2023-02,0.649,index,ohsome,2023-02-28,,2026-07-29,ok,0
osm_tourist_retail,dist-28079-05,district,2023-03,0.649,index,ohsome,2023-03-31,,2026-07-29,ok,0
osm_tourist_retail,dist-28079-05,district,2023-04,0.649,index,ohsome,2023-04-30,,2026-07-29,ok,0
osm_tourist_retail,dist-28079-05,district,2023-05,0.649,index,ohsome,2023-05-31,,2026-07-29,ok,0
osm_tourist_retail,dist-28079-05,district,2023-06,0.649,index,ohsome,2023-06-30,,2026-07-29,ok,0
osm_tourist_retail,dist-28079-05,district,2023-07,0.645,index,ohsome,2023-07-31,,2026-07-29,ok,0
osm_tourist_retail,dist-28079-05,district,2023-08,0.645,index,ohsome,2023-08-31,,2026-07-29,ok,0
osm_tourist_retail,dist-28079-05,district,2023-09,0.645,index,ohsome,2023-09-30,,2026-07-29,ok,0
osm_tourist_retail,dist-28079-05,district,2023-10,0.641,index,ohsome,2023-10-31,,2026-07-29,ok,0
osm_tourist_retail,dist-28079-05,district,2023-11,0.645,index,ohsome,2023-11-30,,2026-07-29,ok,0
osm_tourist_retail,dist-28079-05,district,2023-12,0.649,index,ohsome,2023-12-31,,2026-07-29,ok,0
osm_tourist_retail,dist-28079-05,district,2024-01,0.649,index,ohsome,2024-01-31,,2026-07-29,ok,0
osm_tourist_retail,dist-28079-05,district,2024-02,0.649,index,ohsome,2024-02-29,,2026-07-29,ok,0
osm_tourist_retail,dist-28079-05,district,2024-03,0.649,index,ohsome,2024-03-31,,2026-07-29,ok,0
osm_tourist_retail,dist-28079-05,district,2024-04,0.649,index,ohsome,2024-04-30,,2026-07-29,ok,0
osm_tourist_retail,dist-28079-05,district,2024-05,0.649,index,ohsome,2024-05-31,,2026-07-29,ok,0
osm_tourist_retail,dist-28079-05,district,2024-06,0.649,index,ohsome,2024-06-30,,2026-07-29,ok,0
osm_tourist_retail,dist-28079-05,district,2024-07,0.649,index,ohsome,2024-07-31,,2026-07-29,ok,0
osm_tourist_retail,dist-28079-05,district,2024-08,0.649,index,ohsome,2024-08-31,,2026-07-29,ok,0
osm_tourist_retail,dist-28079-05,district,2024-09,0.649,index,ohsome,2024-09-30,,2026-07-29,ok,0
osm_tourist_retail,dist-28079-05,district,2024-10,0.645,index,ohsome,2024-10-31,,2026-07-29,ok,0
osm_tourist_retail,dist-28079-05,district,2024-11,0.645,index,ohsome,2024-11-30,,2026-07-29,ok,0
osm_tourist_retail,dist-28079-05,district,2024-12,0.645,index,ohsome,2024-12-31,,2026-07-29,ok,0
osm_tourist_retail,dist-28079-05,district,2025-01,0.645,index,ohsome,2025-01-31,,2026-07-29,ok,0
osm_tourist_retail,dist-28079-05,district,2025-02,0.645,index,ohsome,2025-02-28,,2026-07-29,ok,0
osm_tourist_retail,dist-28079-05,district,2025-03,0.645,index,ohsome,2025-03-31,,2026-07-29,ok,0
osm_tourist_retail,dist-28079-05,district,2025-04,0.645,index,ohsome,2025-04-30,,2026-07-29,ok,0
osm_tourist_retail,dist-28079-05,district,2025-05,0.645,index,ohsome,2025-05-31,,2026-07-29,ok,0
osm_tourist_retail,dist-28079-05,district,2025-06,0.645,index,ohsome,2025-06-30,,2026-07-29,ok,0
osm_tourist_retail,dist-28079-05,district,2025-07,0.645,index,ohsome,2025-07-31,,2026-07-29,ok,0
osm_tourist_retail,dist-28079-05,district,2025-08,0.645,index,ohsome,2025-08-31,,2026-07-29,ok,0
osm_tourist_retail,dist-28079-05,district,2025-09,0.645,index,ohsome,2025-09-30,,2026-07-29,ok,0
osm_tourist_retail,dist-28079-05,district,2025-10,0.645,index,ohsome,2025-10-31,,2026-07-29,ok,0
osm_tourist_retail,dist-28079-05,district,2025-11,0.645,index,ohsome,2025-11-30,,2026-07-29,ok,0
osm_tourist_retail,dist-28079-05,district,2025-12,0.645,index,ohsome,2025-12-31,,2026-07-29,ok,0
osm_tourist_retail,dist-28079-05,district,2026-01,0.645,index,ohsome,2026-01-31,,2026-07-29,ok,0
osm_tourist_retail,dist-28079-05,district,2026-02,0.645,index,ohsome,2026-02-28,,2026-07-29,ok,0
osm_tourist_retail,dist-28079-05,district,2026-03,0.641,index,ohsome,2026-03-31,,2026-07-29,ok,0
osm_tourist_retail,dist-28079-05,district,2026-04,0.641,index,ohsome,2026-04-30,,2026-07-29,ok,0
osm_tourist_retail,dist-28079-05,district,2026-05,0.641,index,ohsome,2026-05-31,,2026-07-29,ok,0
osm_tourist_retail,dist-28079-05,district,2026-06,0.641,index,ohsome,2026-06-30,,2026-07-29,ok,0
osm_tourist_retail,dist-28079-06,district,2019-01,5.344,index,ohsome,2019-01-31,,2026-07-29,ok,0
osm_tourist_retail,dist-28079-06,district,2019-02,5.344,index,ohsome,2019-02-28,,2026-07-29,ok,0
osm_tourist_retail,dist-28079-06,district,2019-03,5.344,index,ohsome,2019-03-31,,2026-07-29,ok,0
osm_tourist_retail,dist-28079-06,district,2019-04,5.344,index,ohsome,2019-04-30,,2026-07-29,ok,0
osm_tourist_retail,dist-28079-06,district,2019-05,4.58,index,ohsome,2019-05-31,,2026-07-29,ok,0
osm_tourist_retail,dist-28079-06,district,2019-06,4.58,index,ohsome,2019-06-30,,2026-07-29,ok,0
osm_tourist_retail,dist-28079-06,district,2019-07,4.58,index,ohsome,2019-07-31,,2026-07-29,ok,0
osm_tourist_retail,dist-28079-06,district,2019-08,4.58,index,ohsome,2019-08-31,,2026-07-29,ok,0
osm_tourist_retail,dist-28079-06,district,2019-09,4.58,index,ohsome,2019-09-30,,2026-07-29,ok,0
osm_tourist_retail,dist-28079-06,district,2019-10,4.615,index,ohsome,2019-10-31,,2026-07-29,ok,0
osm_tourist_retail,dist-28079-06,district,2019-11,4.615,index,ohsome,2019-11-30,,2026-07-29,ok,0
osm_tourist_retail,dist-28079-06,district,2019-12,3.817,index,ohsome,2019-12-31,,2026-07-29,ok,0
osm_tourist_retail,dist-28079-06,district,2020-01,3.846,index,ohsome,2020-01-31,,2026-07-29,ok,0
osm_tourist_retail,dist-28079-06,district,2020-02,3.846,index,ohsome,2020-02-29,,2026-07-29,ok,0
osm_tourist_retail,dist-28079-06,district,2020-03,3.846,index,ohsome,2020-03-31,,2026-07-29,ok,0
osm_tourist_retail,dist-28079-06,district,2020-04,3.846,index,ohsome,2020-04-30,,2026-07-29,ok,0
osm_tourist_retail,dist-28079-06,district,2020-05,3.846,index,ohsome,2020-05-31,,2026-07-29,ok,0
osm_tourist_retail,dist-28079-06,district,2020-06,3.846,index,ohsome,2020-06-30,,2026-07-29,ok,0
osm_tourist_retail,dist-28079-06,district,2020-07,3.846,index,ohsome,2020-07-31,,2026-07-29,ok,0
osm_tourist_retail,dist-28079-06,district,2020-08,3.846,index,ohsome,2020-08-31,,2026-07-29,ok,0
osm_tourist_retail,dist-28079-06,district,2020-09,3.846,index,ohsome,2020-09-30,,2026-07-29,ok,0
osm_tourist_retail,dist-28079-06,district,2020-10,3.846,index,ohsome,2020-10-31,,2026-07-29,ok,0
osm_tourist_retail,dist-28079-06,district,2020-11,3.077,index,ohsome,2020-11-30,,2026-07-29,ok,0
osm_tourist_retail,dist-28079-06,district,2020-12,3.077,index,ohsome,2020-12-31,,2026-07-29,ok,0
osm_tourist_retail,dist-28079-06,district,2021-01,3.077,index,ohsome,2021-01-31,,2026-07-29,ok,0
osm_tourist_retail,dist-28079-06,district,2021-02,3.077,index,ohsome,2021-02-28,,2026-07-29,ok,0
osm_tourist_retail,dist-28079-06,district,2021-03,3.101,index,ohsome,2021-03-31,,2026-07-29,ok,0
osm_tourist_retail,dist-28079-06,district,2021-04,3.101,index,ohsome,2021-04-30,,2026-07-29,ok,0
osm_tourist_retail,dist-28079-06,district,2021-05,3.101,index,ohsome,2021-05-31,,2026-07-29,ok,0
osm_tourist_retail,dist-28079-06,district,2021-06,3.101,index,ohsome,2021-06-30,,2026-07-29,ok,0
osm_tourist_retail,dist-28079-06,district,2021-07,3.101,index,ohsome,2021-07-31,,2026-07-29,ok,0
osm_tourist_retail,dist-28079-06,district,2021-08,3.101,index,ohsome,2021-08-31,,2026-07-29,ok,0
osm_tourist_retail,dist-28079-06,district,2021-09,3.101,index,ohsome,2021-09-30,,2026-07-29,ok,0
osm_tourist_retail,dist-28079-06,district,2021-10,3.101,index,ohsome,2021-10-31,,2026-07-29,ok,0
osm_tourist_retail,dist-28079-06,district,2021-11,3.125,index,ohsome,2021-11-30,,2026-07-29,ok,0
osm_tourist_retail,dist-28079-06,district,2021-12,3.125,index,ohsome,2021-12-31,,2026-07-29,ok,0
osm_tourist_retail,dist-28079-06,district,2022-01,3.125,index,ohsome,2022-01-31,,2026-07-29,ok,0
osm_tourist_retail,dist-28079-06,district,2022-02,3.125,index,ohsome,2022-02-28,,2026-07-29,ok,0
osm_tourist_retail,dist-28079-06,district,2022-03,3.175,index,ohsome,2022-03-31,,2026-07-29,ok,0
osm_tourist_retail,dist-28079-06,district,2022-04,3.175,index,ohsome,2022-04-30,,2026-07-29,ok,0
osm_tourist_retail,dist-28079-06,district,2022-05,3.175,index,ohsome,2022-05-31,,2026-07-29,ok,0
osm_tourist_retail,dist-28079-06,district,2022-06,3.2,index,ohsome,2022-06-30,,2026-07-29,ok,0
osm_tourist_retail,dist-28079-06,district,2022-07,3.2,index,ohsome,2022-07-31,,2026-07-29,ok,0
osm_tourist_retail,dist-28079-06,district,2022-08,3.2,index,ohsome,2022-08-31,,2026-07-29,ok,0
osm_tourist_retail,dist-28079-06,district,2022-09,3.2,index,ohsome,2022-09-30,,2026-07-29,ok,0
osm_tourist_retail,dist-28079-06,district,2022-10,3.2,index,ohsome,2022-10-31,,2026-07-29,ok,0
osm_tourist_retail,dist-28079-06,district,2022-11,4,index,ohsome,2022-11-30,,2026-07-29,ok,0
osm_tourist_retail,dist-28079-06,district,2022-12,4.8,index,ohsome,2022-12-31,,2026-07-29,ok,0
osm_tourist_retail,dist-28079-06,district,2023-01,4.8,index,ohsome,2023-01-31,,2026-07-29,ok,0
osm_tourist_retail,dist-28079-06,district,2023-02,4.8,index,ohsome,2023-02-28,,2026-07-29,ok,0
osm_tourist_retail,dist-28079-06,district,2023-03,4.8,index,ohsome,2023-03-31,,2026-07-29,ok,0
osm_tourist_retail,dist-28079-06,district,2023-04,4.8,index,ohsome,2023-04-30,,2026-07-29,ok,0
osm_tourist_retail,dist-28079-06,district,2023-05,4.8,index,ohsome,2023-05-31,,2026-07-29,ok,0
osm_tourist_retail,dist-28079-06,district,2023-06,4.8,index,ohsome,2023-06-30,,2026-07-29,ok,0
osm_tourist_retail,dist-28079-06,district,2023-07,4.8,index,ohsome,2023-07-31,,2026-07-29,ok,0
osm_tourist_retail,dist-28079-06,district,2023-08,4.8,index,ohsome,2023-08-31,,2026-07-29,ok,0
osm_tourist_retail,dist-28079-06,district,2023-09,4.8,index,ohsome,2023-09-30,,2026-07-29,ok,0
osm_tourist_retail,dist-28079-06,district,2023-10,5.6,index,ohsome,2023-10-31,,2026-07-29,ok,0
osm_tourist_retail,dist-28079-06,district,2023-11,5.6,index,ohsome,2023-11-30,,2026-07-29,ok,0
osm_tourist_retail,dist-28079-06,district,2023-12,5.691,index,ohsome,2023-12-31,,2026-07-29,ok,0
osm_tourist_retail,dist-28079-06,district,2024-01,5.691,index,ohsome,2024-01-31,,2026-07-29,ok,0
osm_tourist_retail,dist-28079-06,district,2024-02,5.691,index,ohsome,2024-02-29,,2026-07-29,ok,0
osm_tourist_retail,dist-28079-06,district,2024-03,5.691,index,ohsome,2024-03-31,,2026-07-29,ok,0
osm_tourist_retail,dist-28079-06,district,2024-04,5.691,index,ohsome,2024-04-30,,2026-07-29,ok,0
osm_tourist_retail,dist-28079-06,district,2024-05,5.691,index,ohsome,2024-05-31,,2026-07-29,ok,0
osm_tourist_retail,dist-28079-06,district,2024-06,6.504,index,ohsome,2024-06-30,,2026-07-29,ok,0
osm_tourist_retail,dist-28079-06,district,2024-07,6.504,index,ohsome,2024-07-31,,2026-07-29,ok,0
osm_tourist_retail,dist-28079-06,district,2024-08,6.504,index,ohsome,2024-08-31,,2026-07-29,ok,0
osm_tourist_retail,dist-28079-06,district,2024-09,6.504,index,ohsome,2024-09-30,,2026-07-29,ok,0
osm_tourist_retail,dist-28079-06,district,2024-10,6.504,index,ohsome,2024-10-31,,2026-07-29,ok,0
osm_tourist_retail,dist-28079-06,district,2024-11,6.504,index,ohsome,2024-11-30,,2026-07-29,ok,0
osm_tourist_retail,dist-28079-06,district,2024-12,6.504,index,ohsome,2024-12-31,,2026-07-29,ok,0
osm_tourist_retail,dist-28079-06,district,2025-01,6.504,index,ohsome,2025-01-31,,2026-07-29,ok,0
osm_tourist_retail,dist-28079-06,district,2025-02,6.504,index,ohsome,2025-02-28,,2026-07-29,ok,0
osm_tourist_retail,dist-28079-06,district,2025-03,6.504,index,ohsome,2025-03-31,,2026-07-29,ok,0
osm_tourist_retail,dist-28079-06,district,2025-04,6.504,index,ohsome,2025-04-30,,2026-07-29,ok,0
osm_tourist_retail,dist-28079-06,district,2025-05,6.504,index,ohsome,2025-05-31,,2026-07-29,ok,0
osm_tourist_retail,dist-28079-06,district,2025-06,6.504,index,ohsome,2025-06-30,,2026-07-29,ok,0
osm_tourist_retail,dist-28079-06,district,2025-07,6.504,index,ohsome,2025-07-31,,2026-07-29,ok,0
osm_tourist_retail,dist-28079-06,district,2025-08,6.504,index,ohsome,2025-08-31,,2026-07-29,ok,0
osm_tourist_retail,dist-28079-06,district,2025-09,6.504,index,ohsome,2025-09-30,,2026-07-29,ok,0
osm_tourist_retail,dist-28079-06,district,2025-10,6.504,index,ohsome,2025-10-31,,2026-07-29,ok,0
osm_tourist_retail,dist-28079-06,district,2025-11,6.504,index,ohsome,2025-11-30,,2026-07-29,ok,0
osm_tourist_retail,dist-28079-06,district,2025-12,6.504,index,ohsome,2025-12-31,,2026-07-29,ok,0
osm_tourist_retail,dist-28079-06,district,2026-01,6.452,index,ohsome,2026-01-31,,2026-07-29,ok,0
osm_tourist_retail,dist-28079-06,district,2026-02,6.452,index,ohsome,2026-02-28,,2026-07-29,ok,0
osm_tourist_retail,dist-28079-06,district,2026-03,6.452,index,ohsome,2026-03-31,,2026-07-29,ok,0
osm_tourist_retail,dist-28079-06,district,2026-04,6.452,index,ohsome,2026-04-30,,2026-07-29,ok,0
osm_tourist_retail,dist-28079-06,district,2026-05,6.452,index,ohsome,2026-05-31,,2026-07-29,ok,0
osm_tourist_retail,dist-28079-06,district,2026-06,6.452,index,ohsome,2026-06-30,,2026-07-29,ok,0
osm_tourist_retail,dist-28079-07,district,2019-01,9.615,index,ohsome,2019-01-31,,2026-07-29,ok,0
osm_tourist_retail,dist-28079-07,district,2019-02,9.615,index,ohsome,2019-02-28,,2026-07-29,ok,0
osm_tourist_retail,dist-28079-07,district,2019-03,9.615,index,ohsome,2019-03-31,,2026-07-29,ok,0
osm_tourist_retail,dist-28079-07,district,2019-04,10.256,index,ohsome,2019-04-30,,2026-07-29,ok,0
osm_tourist_retail,dist-28079-07,district,2019-05,10.256,index,ohsome,2019-05-31,,2026-07-29,ok,0
osm_tourist_retail,dist-28079-07,district,2019-06,10.256,index,ohsome,2019-06-30,,2026-07-29,ok,0
osm_tourist_retail,dist-28079-07,district,2019-07,10.256,index,ohsome,2019-07-31,,2026-07-29,ok,0
osm_tourist_retail,dist-28079-07,district,2019-08,10.256,index,ohsome,2019-08-31,,2026-07-29,ok,0
osm_tourist_retail,dist-28079-07,district,2019-09,10.256,index,ohsome,2019-09-30,,2026-07-29,ok,0
osm_tourist_retail,dist-28079-07,district,2019-10,10.256,index,ohsome,2019-10-31,,2026-07-29,ok,0
osm_tourist_retail,dist-28079-07,district,2019-11,10.256,index,ohsome,2019-11-30,,2026-07-29,ok,0
osm_tourist_retail,dist-28079-07,district,2019-12,10.256,index,ohsome,2019-12-31,,2026-07-29,ok,0
osm_tourist_retail,dist-28079-07,district,2020-01,10.256,index,ohsome,2020-01-31,,2026-07-29,ok,0
osm_tourist_retail,dist-28079-07,district,2020-02,10.256,index,ohsome,2020-02-29,,2026-07-29,ok,0
osm_tourist_retail,dist-28079-07,district,2020-03,10.256,index,ohsome,2020-03-31,,2026-07-29,ok,0
osm_tourist_retail,dist-28079-07,district,2020-04,10.127,index,ohsome,2020-04-30,,2026-07-29,ok,0
osm_tourist_retail,dist-28079-07,district,2020-05,10.127,index,ohsome,2020-05-31,,2026-07-29,ok,0
osm_tourist_retail,dist-28079-07,district,2020-06,10.127,index,ohsome,2020-06-30,,2026-07-29,ok,0
osm_tourist_retail,dist-28079-07,district,2020-07,10.127,index,ohsome,2020-07-31,,2026-07-29,ok,0
osm_tourist_retail,dist-28079-07,district,2020-08,10.127,index,ohsome,2020-08-31,,2026-07-29,ok,0
osm_tourist_retail,dist-28079-07,district,2020-09,10.191,index,ohsome,2020-09-30,,2026-07-29,ok,0
osm_tourist_retail,dist-28079-07,district,2020-10,10.191,index,ohsome,2020-10-31,,2026-07-29,ok,0
osm_tourist_retail,dist-28079-07,district,2020-11,10.191,index,ohsome,2020-11-30,,2026-07-29,ok,0
osm_tourist_retail,dist-28079-07,district,2020-12,10.191,index,ohsome,2020-12-31,,2026-07-29,ok,0
osm_tourist_retail,dist-28079-07,district,2021-01,10.191,index,ohsome,2021-01-31,,2026-07-29,ok,0
osm_tourist_retail,dist-28079-07,district,2021-02,10.191,index,ohsome,2021-02-28,,2026-07-29,ok,0
osm_tourist_retail,dist-28079-07,district,2021-03,10.191,index,ohsome,2021-03-31,,2026-07-29,ok,0
osm_tourist_retail,dist-28079-07,district,2021-04,10.191,index,ohsome,2021-04-30,,2026-07-29,ok,0
osm_tourist_retail,dist-28079-07,district,2021-05,9.554,index,ohsome,2021-05-31,,2026-07-29,ok,0
osm_tourist_retail,dist-28079-07,district,2021-06,9.554,index,ohsome,2021-06-30,,2026-07-29,ok,0
osm_tourist_retail,dist-28079-07,district,2021-07,9.554,index,ohsome,2021-07-31,,2026-07-29,ok,0
osm_tourist_retail,dist-28079-07,district,2021-08,8.917,index,ohsome,2021-08-31,,2026-07-29,ok,0
osm_tourist_retail,dist-28079-07,district,2021-09,8.917,index,ohsome,2021-09-30,,2026-07-29,ok,0
osm_tourist_retail,dist-28079-07,district,2021-10,8.917,index,ohsome,2021-10-31,,2026-07-29,ok,0
osm_tourist_retail,dist-28079-07,district,2021-11,8.28,index,ohsome,2021-11-30,,2026-07-29,ok,0
osm_tourist_retail,dist-28079-07,district,2021-12,8.28,index,ohsome,2021-12-31,,2026-07-29,ok,0
osm_tourist_retail,dist-28079-07,district,2022-01,8.28,index,ohsome,2022-01-31,,2026-07-29,ok,0
osm_tourist_retail,dist-28079-07,district,2022-02,8.917,index,ohsome,2022-02-28,,2026-07-29,ok,0
osm_tourist_retail,dist-28079-07,district,2022-03,8.917,index,ohsome,2022-03-31,,2026-07-29,ok,0
osm_tourist_retail,dist-28079-07,district,2022-04,8.917,index,ohsome,2022-04-30,,2026-07-29,ok,0
osm_tourist_retail,dist-28079-07,district,2022-05,8.917,index,ohsome,2022-05-31,,2026-07-29,ok,0
osm_tourist_retail,dist-28079-07,district,2022-06,8.917,index,ohsome,2022-06-30,,2026-07-29,ok,0
osm_tourist_retail,dist-28079-07,district,2022-07,8.917,index,ohsome,2022-07-31,,2026-07-29,ok,0
osm_tourist_retail,dist-28079-07,district,2022-08,8.917,index,ohsome,2022-08-31,,2026-07-29,ok,0
osm_tourist_retail,dist-28079-07,district,2022-09,8.974,index,ohsome,2022-09-30,,2026-07-29,ok,0
osm_tourist_retail,dist-28079-07,district,2022-10,8.974,index,ohsome,2022-10-31,,2026-07-29,ok,0
osm_tourist_retail,dist-28079-07,district,2022-11,8.974,index,ohsome,2022-11-30,,2026-07-29,ok,0
osm_tourist_retail,dist-28079-07,district,2022-12,8.974,index,ohsome,2022-12-31,,2026-07-29,ok,0
osm_tourist_retail,dist-28079-07,district,2023-01,8.974,index,ohsome,2023-01-31,,2026-07-29,ok,0
osm_tourist_retail,dist-28079-07,district,2023-02,8.974,index,ohsome,2023-02-28,,2026-07-29,ok,0
osm_tourist_retail,dist-28079-07,district,2023-03,8.974,index,ohsome,2023-03-31,,2026-07-29,ok,0
osm_tourist_retail,dist-28079-07,district,2023-04,8.974,index,ohsome,2023-04-30,,2026-07-29,ok,0
osm_tourist_retail,dist-28079-07,district,2023-05,8.974,index,ohsome,2023-05-31,,2026-07-29,ok,0
osm_tourist_retail,dist-28079-07,district,2023-06,8.974,index,ohsome,2023-06-30,,2026-07-29,ok,0
osm_tourist_retail,dist-28079-07,district,2023-07,8.974,index,ohsome,2023-07-31,,2026-07-29,ok,0
osm_tourist_retail,dist-28079-07,district,2023-08,8.974,index,ohsome,2023-08-31,,2026-07-29,ok,0
osm_tourist_retail,dist-28079-07,district,2023-09,8.974,index,ohsome,2023-09-30,,2026-07-29,ok,0
osm_tourist_retail,dist-28079-07,district,2023-10,8.333,index,ohsome,2023-10-31,,2026-07-29,ok,0
osm_tourist_retail,dist-28079-07,district,2023-11,7.692,index,ohsome,2023-11-30,,2026-07-29,ok,0
osm_tourist_retail,dist-28079-07,district,2023-12,7.643,index,ohsome,2023-12-31,,2026-07-29,ok,0
osm_tourist_retail,dist-28079-07,district,2024-01,7.643,index,ohsome,2024-01-31,,2026-07-29,ok,0
osm_tourist_retail,dist-28079-07,district,2024-02,7.643,index,ohsome,2024-02-29,,2026-07-29,ok,0
osm_tourist_retail,dist-28079-07,district,2024-03,7.643,index,ohsome,2024-03-31,,2026-07-29,ok,0
osm_tourist_retail,dist-28079-07,district,2024-04,7.643,index,ohsome,2024-04-30,,2026-07-29,ok,0
osm_tourist_retail,dist-28079-07,district,2024-05,7.643,index,ohsome,2024-05-31,,2026-07-29,ok,0
osm_tourist_retail,dist-28079-07,district,2024-06,7.643,index,ohsome,2024-06-30,,2026-07-29,ok,0
osm_tourist_retail,dist-28079-07,district,2024-07,7.643,index,ohsome,2024-07-31,,2026-07-29,ok,0
osm_tourist_retail,dist-28079-07,district,2024-08,7.643,index,ohsome,2024-08-31,,2026-07-29,ok,0
osm_tourist_retail,dist-28079-07,district,2024-09,8.917,index,ohsome,2024-09-30,,2026-07-29,ok,0
osm_tourist_retail,dist-28079-07,district,2024-10,9.554,index,ohsome,2024-10-31,,2026-07-29,ok,0
osm_tourist_retail,dist-28079-07,district,2024-11,9.554,index,ohsome,2024-11-30,,2026-07-29,ok,0
osm_tourist_retail,dist-28079-07,district,2024-12,9.554,index,ohsome,2024-12-31,,2026-07-29,ok,0
osm_tourist_retail,dist-28079-07,district,2025-01,9.554,index,ohsome,2025-01-31,,2026-07-29,ok,0
osm_tourist_retail,dist-28079-07,district,2025-02,9.494,index,ohsome,2025-02-28,,2026-07-29,ok,0
osm_tourist_retail,dist-28079-07,district,2025-03,8.861,index,ohsome,2025-03-31,,2026-07-29,ok,0
osm_tourist_retail,dist-28079-07,district,2025-04,8.917,index,ohsome,2025-04-30,,2026-07-29,ok,0
osm_tourist_retail,dist-28079-07,district,2025-05,8.917,index,ohsome,2025-05-31,,2026-07-29,ok,0
osm_tourist_retail,dist-28079-07,district,2025-06,8.917,index,ohsome,2025-06-30,,2026-07-29,ok,0
osm_tourist_retail,dist-28079-07,district,2025-07,9.554,index,ohsome,2025-07-31,,2026-07-29,ok,0
osm_tourist_retail,dist-28079-07,district,2025-08,9.554,index,ohsome,2025-08-31,,2026-07-29,ok,0
osm_tourist_retail,dist-28079-07,district,2025-09,9.554,index,ohsome,2025-09-30,,2026-07-29,ok,0
osm_tourist_retail,dist-28079-07,district,2025-10,9.554,index,ohsome,2025-10-31,,2026-07-29,ok,0
osm_tourist_retail,dist-28079-07,district,2025-11,9.554,index,ohsome,2025-11-30,,2026-07-29,ok,0
osm_tourist_retail,dist-28079-07,district,2025-12,9.554,index,ohsome,2025-12-31,,2026-07-29,ok,0
osm_tourist_retail,dist-28079-07,district,2026-01,9.554,index,ohsome,2026-01-31,,2026-07-29,ok,0
osm_tourist_retail,dist-28079-07,district,2026-02,10.191,index,ohsome,2026-02-28,,2026-07-29,ok,0
osm_tourist_retail,dist-28079-07,district,2026-03,10.191,index,ohsome,2026-03-31,,2026-07-29,ok,0
osm_tourist_retail,dist-28079-07,district,2026-04,10.191,index,ohsome,2026-04-30,,2026-07-29,ok,0
osm_tourist_retail,dist-28079-07,district,2026-05,10.191,index,ohsome,2026-05-31,,2026-07-29,ok,0
osm_tourist_retail,dist-28079-07,district,2026-06,10.191,index,ohsome,2026-06-30,,2026-07-29,ok,0
osm_tourist_retail,dist-28079-08,district,2019-01,0.87,index,ohsome,2019-01-31,,2026-07-29,ok,0
osm_tourist_retail,dist-28079-08,district,2019-02,0.866,index,ohsome,2019-02-28,,2026-07-29,ok,0
osm_tourist_retail,dist-28079-08,district,2019-03,0.87,index,ohsome,2019-03-31,,2026-07-29,ok,0
osm_tourist_retail,dist-28079-08,district,2019-04,1.299,index,ohsome,2019-04-30,,2026-07-29,ok,0
osm_tourist_retail,dist-28079-08,district,2019-05,1.282,index,ohsome,2019-05-31,,2026-07-29,ok,0
osm_tourist_retail,dist-28079-08,district,2019-06,1.277,index,ohsome,2019-06-30,,2026-07-29,ok,0
osm_tourist_retail,dist-28079-08,district,2019-07,1.277,index,ohsome,2019-07-31,,2026-07-29,ok,0
osm_tourist_retail,dist-28079-08,district,2019-08,1.277,index,ohsome,2019-08-31,,2026-07-29,ok,0
osm_tourist_retail,dist-28079-08,district,2019-09,1.277,index,ohsome,2019-09-30,,2026-07-29,ok,0
osm_tourist_retail,dist-28079-08,district,2019-10,1.277,index,ohsome,2019-10-31,,2026-07-29,ok,0
osm_tourist_retail,dist-28079-08,district,2019-11,1.271,index,ohsome,2019-11-30,,2026-07-29,ok,0
osm_tourist_retail,dist-28079-08,district,2019-12,1.271,index,ohsome,2019-12-31,,2026-07-29,ok,0
osm_tourist_retail,dist-28079-08,district,2020-01,1.271,index,ohsome,2020-01-31,,2026-07-29,ok,0
osm_tourist_retail,dist-28079-08,district,2020-02,1.271,index,ohsome,2020-02-29,,2026-07-29,ok,0
osm_tourist_retail,dist-28079-08,district,2020-03,1.271,index,ohsome,2020-03-31,,2026-07-29,ok,0
osm_tourist_retail,dist-28079-08,district,2020-04,1.271,index,ohsome,2020-04-30,,2026-07-29,ok,0
osm_tourist_retail,dist-28079-08,district,2020-05,1.271,index,ohsome,2020-05-31,,2026-07-29,ok,0
osm_tourist_retail,dist-28079-08,district,2020-06,1.271,index,ohsome,2020-06-30,,2026-07-29,ok,0
osm_tourist_retail,dist-28079-08,district,2020-07,1.271,index,ohsome,2020-07-31,,2026-07-29,ok,0
osm_tourist_retail,dist-28079-08,district,2020-08,1.271,index,ohsome,2020-08-31,,2026-07-29,ok,0
osm_tourist_retail,dist-28079-08,district,2020-09,1.255,index,ohsome,2020-09-30,,2026-07-29,ok,0
osm_tourist_retail,dist-28079-08,district,2020-10,1.255,index,ohsome,2020-10-31,,2026-07-29,ok,0
osm_tourist_retail,dist-28079-08,district,2020-11,1.255,index,ohsome,2020-11-30,,2026-07-29,ok,0
osm_tourist_retail,dist-28079-08,district,2020-12,1.245,index,ohsome,2020-12-31,,2026-07-29,ok,0
osm_tourist_retail,dist-28079-08,district,2021-01,1.235,index,ohsome,2021-01-31,,2026-07-29,ok,0
osm_tourist_retail,dist-28079-08,district,2021-02,1.235,index,ohsome,2021-02-28,,2026-07-29,ok,0
osm_tourist_retail,dist-28079-08,district,2021-03,1.23,index,ohsome,2021-03-31,,2026-07-29,ok,0
osm_tourist_retail,dist-28079-08,district,2021-04,1.23,index,ohsome,2021-04-30,,2026-07-29,ok,0
osm_tourist_retail,dist-28079-08,district,2021-05,1.224,index,ohsome,2021-05-31,,2026-07-29,ok,0
osm_tourist_retail,dist-28079-08,district,2021-06,1.22,index,ohsome,2021-06-30,,2026-07-29,ok,0
osm_tourist_retail,dist-28079-08,district,2021-07,1.22,index,ohsome,2021-07-31,,2026-07-29,ok,0
osm_tourist_retail,dist-28079-08,district,2021-08,1.215,index,ohsome,2021-08-31,,2026-07-29,ok,0
osm_tourist_retail,dist-28079-08,district,2021-09,1.215,index,ohsome,2021-09-30,,2026-07-29,ok,0
osm_tourist_retail,dist-28079-08,district,2021-10,1.215,index,ohsome,2021-10-31,,2026-07-29,ok,0
osm_tourist_retail,dist-28079-08,district,2021-11,1.215,index,ohsome,2021-11-30,,2026-07-29,ok,0
osm_tourist_retail,dist-28079-08,district,2021-12,1.215,index,ohsome,2021-12-31,,2026-07-29,ok,0
osm_tourist_retail,dist-28079-08,district,2022-01,1.215,index,ohsome,2022-01-31,,2026-07-29,ok,0
osm_tourist_retail,dist-28079-08,district,2022-02,1.215,index,ohsome,2022-02-28,,2026-07-29,ok,0
osm_tourist_retail,dist-28079-08,district,2022-03,1.215,index,ohsome,2022-03-31,,2026-07-29,ok,0
osm_tourist_retail,dist-28079-08,district,2022-04,1.215,index,ohsome,2022-04-30,,2026-07-29,ok,0
osm_tourist_retail,dist-28079-08,district,2022-05,1.613,index,ohsome,2022-05-31,,2026-07-29,ok,0
osm_tourist_retail,dist-28079-08,district,2022-06,1.613,index,ohsome,2022-06-30,,2026-07-29,ok,0
osm_tourist_retail,dist-28079-08,district,2022-07,1.613,index,ohsome,2022-07-31,,2026-07-29,ok,0
osm_tourist_retail,dist-28079-08,district,2022-08,1.619,index,ohsome,2022-08-31,,2026-07-29,ok,0
osm_tourist_retail,dist-28079-08,district,2022-09,1.619,index,ohsome,2022-09-30,,2026-07-29,ok,0
osm_tourist_retail,dist-28079-08,district,2022-10,1.626,index,ohsome,2022-10-31,,2026-07-29,ok,0
osm_tourist_retail,dist-28079-08,district,2022-11,1.626,index,ohsome,2022-11-30,,2026-07-29,ok,0
osm_tourist_retail,dist-28079-08,district,2022-12,1.626,index,ohsome,2022-12-31,,2026-07-29,ok,0
osm_tourist_retail,dist-28079-08,district,2023-01,1.626,index,ohsome,2023-01-31,,2026-07-29,ok,0
osm_tourist_retail,dist-28079-08,district,2023-02,1.626,index,ohsome,2023-02-28,,2026-07-29,ok,0
osm_tourist_retail,dist-28079-08,district,2023-03,1.619,index,ohsome,2023-03-31,,2026-07-29,ok,0
osm_tourist_retail,dist-28079-08,district,2023-04,1.619,index,ohsome,2023-04-30,,2026-07-29,ok,0
osm_tourist_retail,dist-28079-08,district,2023-05,1.619,index,ohsome,2023-05-31,,2026-07-29,ok,0
osm_tourist_retail,dist-28079-08,district,2023-06,1.619,index,ohsome,2023-06-30,,2026-07-29,ok,0
osm_tourist_retail,dist-28079-08,district,2023-07,1.613,index,ohsome,2023-07-31,,2026-07-29,ok,0
osm_tourist_retail,dist-28079-08,district,2023-08,1.613,index,ohsome,2023-08-31,,2026-07-29,ok,0
osm_tourist_retail,dist-28079-08,district,2023-09,1.613,index,ohsome,2023-09-30,,2026-07-29,ok,0
osm_tourist_retail,dist-28079-08,district,2023-10,1.613,index,ohsome,2023-10-31,,2026-07-29,ok,0
osm_tourist_retail,dist-28079-08,district,2023-11,1.619,index,ohsome,2023-11-30,,2026-07-29,ok,0
osm_tourist_retail,dist-28079-08,district,2023-12,1.626,index,ohsome,2023-12-31,,2026-07-29,ok,0
osm_tourist_retail,dist-28079-08,district,2024-01,2.033,index,ohsome,2024-01-31,,2026-07-29,ok,0
osm_tourist_retail,dist-28079-08,district,2024-02,2.033,index,ohsome,2024-02-29,,2026-07-29,ok,0
osm_tourist_retail,dist-28079-08,district,2024-03,2.033,index,ohsome,2024-03-31,,2026-07-29,ok,0
osm_tourist_retail,dist-28079-08,district,2024-04,2.033,index,ohsome,2024-04-30,,2026-07-29,ok,0
osm_tourist_retail,dist-28079-08,district,2024-05,2.033,index,ohsome,2024-05-31,,2026-07-29,ok,0
osm_tourist_retail,dist-28079-08,district,2024-06,2.033,index,ohsome,2024-06-30,,2026-07-29,ok,0
osm_tourist_retail,dist-28079-08,district,2024-07,2.033,index,ohsome,2024-07-31,,2026-07-29,ok,0
osm_tourist_retail,dist-28079-08,district,2024-08,2.033,index,ohsome,2024-08-31,,2026-07-29,ok,0
osm_tourist_retail,dist-28079-08,district,2024-09,2.024,index,ohsome,2024-09-30,,2026-07-29,ok,0
osm_tourist_retail,dist-28079-08,district,2024-10,2.016,index,ohsome,2024-10-31,,2026-07-29,ok,0
osm_tourist_retail,dist-28079-08,district,2024-11,2.016,index,ohsome,2024-11-30,,2026-07-29,ok,0
osm_tourist_retail,dist-28079-08,district,2024-12,2.016,index,ohsome,2024-12-31,,2026-07-29,ok,0
osm_tourist_retail,dist-28079-08,district,2025-01,1.992,index,ohsome,2025-01-31,,2026-07-29,ok,0
osm_tourist_retail,dist-28079-08,district,2025-02,2,index,ohsome,2025-02-28,,2026-07-29,ok,0
osm_tourist_retail,dist-28079-08,district,2025-03,2,index,ohsome,2025-03-31,,2026-07-29,ok,0
osm_tourist_retail,dist-28079-08,district,2025-04,2,index,ohsome,2025-04-30,,2026-07-29,ok,0
osm_tourist_retail,dist-28079-08,district,2025-05,2.008,index,ohsome,2025-05-31,,2026-07-29,ok,0
osm_tourist_retail,dist-28079-08,district,2025-06,2.008,index,ohsome,2025-06-30,,2026-07-29,ok,0
osm_tourist_retail,dist-28079-08,district,2025-07,1.992,index,ohsome,2025-07-31,,2026-07-29,ok,0
osm_tourist_retail,dist-28079-08,district,2025-08,1.976,index,ohsome,2025-08-31,,2026-07-29,ok,0
osm_tourist_retail,dist-28079-08,district,2025-09,1.976,index,ohsome,2025-09-30,,2026-07-29,ok,0
osm_tourist_retail,dist-28079-08,district,2025-10,1.976,index,ohsome,2025-10-31,,2026-07-29,ok,0
osm_tourist_retail,dist-28079-08,district,2025-11,1.984,index,ohsome,2025-11-30,,2026-07-29,ok,0
osm_tourist_retail,dist-28079-08,district,2025-12,1.984,index,ohsome,2025-12-31,,2026-07-29,ok,0
osm_tourist_retail,dist-28079-08,district,2026-01,1.969,index,ohsome,2026-01-31,,2026-07-29,ok,0
osm_tourist_retail,dist-28079-08,district,2026-02,1.961,index,ohsome,2026-02-28,,2026-07-29,ok,0
osm_tourist_retail,dist-28079-08,district,2026-03,1.976,index,ohsome,2026-03-31,,2026-07-29,ok,0
osm_tourist_retail,dist-28079-08,district,2026-04,1.969,index,ohsome,2026-04-30,,2026-07-29,ok,0
osm_tourist_retail,dist-28079-08,district,2026-05,1.575,index,ohsome,2026-05-31,,2026-07-29,ok,0
osm_tourist_retail,dist-28079-08,district,2026-06,1.569,index,ohsome,2026-06-30,,2026-07-29,ok,0
osm_tourist_retail,dist-28079-09,district,2019-01,7.38,index,ohsome,2019-01-31,,2026-07-29,ok,0
osm_tourist_retail,dist-28079-09,district,2019-02,8.118,index,ohsome,2019-02-28,,2026-07-29,ok,0
osm_tourist_retail,dist-28079-09,district,2019-03,8.148,index,ohsome,2019-03-31,,2026-07-29,ok,0
osm_tourist_retail,dist-28079-09,district,2019-04,8.118,index,ohsome,2019-04-30,,2026-07-29,ok,0
osm_tourist_retail,dist-28079-09,district,2019-05,8.118,index,ohsome,2019-05-31,,2026-07-29,ok,0
osm_tourist_retail,dist-28079-09,district,2019-06,8.824,index,ohsome,2019-06-30,,2026-07-29,ok,0
osm_tourist_retail,dist-28079-09,district,2019-07,8.824,index,ohsome,2019-07-31,,2026-07-29,ok,0
osm_tourist_retail,dist-28079-09,district,2019-08,8.824,index,ohsome,2019-08-31,,2026-07-29,ok,0
osm_tourist_retail,dist-28079-09,district,2019-09,11.397,index,ohsome,2019-09-30,,2026-07-29,ok,0
osm_tourist_retail,dist-28079-09,district,2019-10,11.355,index,ohsome,2019-10-31,,2026-07-29,ok,0
osm_tourist_retail,dist-28079-09,district,2019-11,11.397,index,ohsome,2019-11-30,,2026-07-29,ok,0
osm_tourist_retail,dist-28079-09,district,2019-12,11.397,index,ohsome,2019-12-31,,2026-07-29,ok,0
osm_tourist_retail,dist-28079-09,district,2020-01,11.397,index,ohsome,2020-01-31,,2026-07-29,ok,0
osm_tourist_retail,dist-28079-09,district,2020-02,11.397,index,ohsome,2020-02-29,,2026-07-29,ok,0
osm_tourist_retail,dist-28079-09,district,2020-03,11.439,index,ohsome,2020-03-31,,2026-07-29,ok,0
osm_tourist_retail,dist-28079-09,district,2020-04,11.439,index,ohsome,2020-04-30,,2026-07-29,ok,0
osm_tourist_retail,dist-28079-09,district,2020-05,11.439,index,ohsome,2020-05-31,,2026-07-29,ok,0
osm_tourist_retail,dist-28079-09,district,2020-06,11.439,index,ohsome,2020-06-30,,2026-07-29,ok,0
osm_tourist_retail,dist-28079-09,district,2020-07,11.439,index,ohsome,2020-07-31,,2026-07-29,ok,0
osm_tourist_retail,dist-28079-09,district,2020-08,11.439,index,ohsome,2020-08-31,,2026-07-29,ok,0
osm_tourist_retail,dist-28079-09,district,2020-09,11.439,index,ohsome,2020-09-30,,2026-07-29,ok,0
osm_tourist_retail,dist-28079-09,district,2020-10,11.481,index,ohsome,2020-10-31,,2026-07-29,ok,0
osm_tourist_retail,dist-28079-09,district,2020-11,11.481,index,ohsome,2020-11-30,,2026-07-29,ok,0
osm_tourist_retail,dist-28079-09,district,2020-12,11.481,index,ohsome,2020-12-31,,2026-07-29,ok,0
osm_tourist_retail,dist-28079-09,district,2021-01,11.481,index,ohsome,2021-01-31,,2026-07-29,ok,0
osm_tourist_retail,dist-28079-09,district,2021-02,11.481,index,ohsome,2021-02-28,,2026-07-29,ok,0
osm_tourist_retail,dist-28079-09,district,2021-03,11.524,index,ohsome,2021-03-31,,2026-07-29,ok,0
osm_tourist_retail,dist-28079-09,district,2021-04,11.524,index,ohsome,2021-04-30,,2026-07-29,ok,0
osm_tourist_retail,dist-28079-09,district,2021-05,11.152,index,ohsome,2021-05-31,,2026-07-29,ok,0
osm_tourist_retail,dist-28079-09,district,2021-06,11.152,index,ohsome,2021-06-30,,2026-07-29,ok,0
osm_tourist_retail,dist-28079-09,district,2021-07,11.152,index,ohsome,2021-07-31,,2026-07-29,ok,0
osm_tourist_retail,dist-28079-09,district,2021-08,11.152,index,ohsome,2021-08-31,,2026-07-29,ok,0
osm_tourist_retail,dist-28079-09,district,2021-09,11.152,index,ohsome,2021-09-30,,2026-07-29,ok,0
osm_tourist_retail,dist-28079-09,district,2021-10,11.152,index,ohsome,2021-10-31,,2026-07-29,ok,0
osm_tourist_retail,dist-28079-09,district,2021-11,11.194,index,ohsome,2021-11-30,,2026-07-29,ok,0
osm_tourist_retail,dist-28079-09,district,2021-12,11.194,index,ohsome,2021-12-31,,2026-07-29,ok,0
osm_tourist_retail,dist-28079-09,district,2022-01,11.194,index,ohsome,2022-01-31,,2026-07-29,ok,0
osm_tourist_retail,dist-28079-09,district,2022-02,11.194,index,ohsome,2022-02-28,,2026-07-29,ok,0
osm_tourist_retail,dist-28079-09,district,2022-03,11.236,index,ohsome,2022-03-31,,2026-07-29,ok,0
osm_tourist_retail,dist-28079-09,district,2022-04,11.236,index,ohsome,2022-04-30,,2026-07-29,ok,0
osm_tourist_retail,dist-28079-09,district,2022-05,11.236,index,ohsome,2022-05-31,,2026-07-29,ok,0
osm_tourist_retail,dist-28079-09,district,2022-06,11.236,index,ohsome,2022-06-30,,2026-07-29,ok,0
osm_tourist_retail,dist-28079-09,district,2022-07,11.194,index,ohsome,2022-07-31,,2026-07-29,ok,0
osm_tourist_retail,dist-28079-09,district,2022-08,10.781,index,ohsome,2022-08-31,,2026-07-29,ok,0
osm_tourist_retail,dist-28079-09,district,2022-09,10.821,index,ohsome,2022-09-30,,2026-07-29,ok,0
osm_tourist_retail,dist-28079-09,district,2022-10,10.821,index,ohsome,2022-10-31,,2026-07-29,ok,0
osm_tourist_retail,dist-28079-09,district,2022-11,11.152,index,ohsome,2022-11-30,,2026-07-29,ok,0
osm_tourist_retail,dist-28079-09,district,2022-12,11.152,index,ohsome,2022-12-31,,2026-07-29,ok,0
osm_tourist_retail,dist-28079-09,district,2023-01,11.111,index,ohsome,2023-01-31,,2026-07-29,ok,0
osm_tourist_retail,dist-28079-09,district,2023-02,11.07,index,ohsome,2023-02-28,,2026-07-29,ok,0
osm_tourist_retail,dist-28079-09,district,2023-03,11.07,index,ohsome,2023-03-31,,2026-07-29,ok,0
osm_tourist_retail,dist-28079-09,district,2023-04,11.029,index,ohsome,2023-04-30,,2026-07-29,ok,0
osm_tourist_retail,dist-28079-09,district,2023-05,10.294,index,ohsome,2023-05-31,,2026-07-29,ok,0
osm_tourist_retail,dist-28079-09,district,2023-06,10.294,index,ohsome,2023-06-30,,2026-07-29,ok,0
osm_tourist_retail,dist-28079-09,district,2023-07,10.294,index,ohsome,2023-07-31,,2026-07-29,ok,0
osm_tourist_retail,dist-28079-09,district,2023-08,10.294,index,ohsome,2023-08-31,,2026-07-29,ok,0
osm_tourist_retail,dist-28079-09,district,2023-09,10.294,index,ohsome,2023-09-30,,2026-07-29,ok,0
osm_tourist_retail,dist-28079-09,district,2023-10,10.256,index,ohsome,2023-10-31,,2026-07-29,ok,0
osm_tourist_retail,dist-28079-09,district,2023-11,10.623,index,ohsome,2023-11-30,,2026-07-29,ok,0
osm_tourist_retail,dist-28079-09,district,2023-12,10.701,index,ohsome,2023-12-31,,2026-07-29,ok,0
osm_tourist_retail,dist-28079-09,district,2024-01,10.701,index,ohsome,2024-01-31,,2026-07-29,ok,0
osm_tourist_retail,dist-28079-09,district,2024-02,10.701,index,ohsome,2024-02-29,,2026-07-29,ok,0
osm_tourist_retail,dist-28079-09,district,2024-03,10.701,index,ohsome,2024-03-31,,2026-07-29,ok,0
osm_tourist_retail,dist-28079-09,district,2024-04,10.701,index,ohsome,2024-04-30,,2026-07-29,ok,0
osm_tourist_retail,dist-28079-09,district,2024-05,10.701,index,ohsome,2024-05-31,,2026-07-29,ok,0
osm_tourist_retail,dist-28079-09,district,2024-06,10.701,index,ohsome,2024-06-30,,2026-07-29,ok,0
osm_tourist_retail,dist-28079-09,district,2024-07,10.662,index,ohsome,2024-07-31,,2026-07-29,ok,0
osm_tourist_retail,dist-28079-09,district,2024-08,10.662,index,ohsome,2024-08-31,,2026-07-29,ok,0
osm_tourist_retail,dist-28079-09,district,2024-09,11.029,index,ohsome,2024-09-30,,2026-07-29,ok,0
osm_tourist_retail,dist-28079-09,district,2024-10,11.397,index,ohsome,2024-10-31,,2026-07-29,ok,0
osm_tourist_retail,dist-28079-09,district,2024-11,11.397,index,ohsome,2024-11-30,,2026-07-29,ok,0
osm_tourist_retail,dist-28079-09,district,2024-12,11.397,index,ohsome,2024-12-31,,2026-07-29,ok,0
osm_tourist_retail,dist-28079-09,district,2025-01,11.439,index,ohsome,2025-01-31,,2026-07-29,ok,0
osm_tourist_retail,dist-28079-09,district,2025-02,11.397,index,ohsome,2025-02-28,,2026-07-29,ok,0
osm_tourist_retail,dist-28079-09,district,2025-03,11.397,index,ohsome,2025-03-31,,2026-07-29,ok,0
osm_tourist_retail,dist-28079-09,district,2025-04,11.397,index,ohsome,2025-04-30,,2026-07-29,ok,0
osm_tourist_retail,dist-28079-09,district,2025-05,11.397,index,ohsome,2025-05-31,,2026-07-29,ok,0
osm_tourist_retail,dist-28079-09,district,2025-06,11.397,index,ohsome,2025-06-30,,2026-07-29,ok,0
osm_tourist_retail,dist-28079-09,district,2025-07,11.397,index,ohsome,2025-07-31,,2026-07-29,ok,0
osm_tourist_retail,dist-28079-09,district,2025-08,11.765,index,ohsome,2025-08-31,,2026-07-29,ok,0
osm_tourist_retail,dist-28079-09,district,2025-09,12.132,index,ohsome,2025-09-30,,2026-07-29,ok,0
osm_tourist_retail,dist-28079-09,district,2025-10,12.546,index,ohsome,2025-10-31,,2026-07-29,ok,0
osm_tourist_retail,dist-28079-09,district,2025-11,12.546,index,ohsome,2025-11-30,,2026-07-29,ok,0
osm_tourist_retail,dist-28079-09,district,2025-12,12.915,index,ohsome,2025-12-31,,2026-07-29,ok,0
osm_tourist_retail,dist-28079-09,district,2026-01,12.868,index,ohsome,2026-01-31,,2026-07-29,ok,0
osm_tourist_retail,dist-28079-09,district,2026-02,13.235,index,ohsome,2026-02-28,,2026-07-29,ok,0
osm_tourist_retail,dist-28079-09,district,2026-03,13.235,index,ohsome,2026-03-31,,2026-07-29,ok,0
osm_tourist_retail,dist-28079-09,district,2026-04,13.235,index,ohsome,2026-04-30,,2026-07-29,ok,0
osm_tourist_retail,dist-28079-09,district,2026-05,13.235,index,ohsome,2026-05-31,,2026-07-29,ok,0
osm_tourist_retail,dist-28079-09,district,2026-06,13.235,index,ohsome,2026-06-30,,2026-07-29,ok,0
osm_tourist_retail,dist-28079-10,district,2019-01,0,index,ohsome,2019-01-31,,2026-07-29,ok,0
osm_tourist_retail,dist-28079-10,district,2019-02,0,index,ohsome,2019-02-28,,2026-07-29,ok,0
osm_tourist_retail,dist-28079-10,district,2019-03,0,index,ohsome,2019-03-31,,2026-07-29,ok,0
osm_tourist_retail,dist-28079-10,district,2019-04,0,index,ohsome,2019-04-30,,2026-07-29,ok,0
osm_tourist_retail,dist-28079-10,district,2019-05,0,index,ohsome,2019-05-31,,2026-07-29,ok,0
osm_tourist_retail,dist-28079-10,district,2019-06,0,index,ohsome,2019-06-30,,2026-07-29,ok,0
osm_tourist_retail,dist-28079-10,district,2019-07,0,index,ohsome,2019-07-31,,2026-07-29,ok,0
osm_tourist_retail,dist-28079-10,district,2019-08,0,index,ohsome,2019-08-31,,2026-07-29,ok,0
osm_tourist_retail,dist-28079-10,district,2019-09,0.405,index,ohsome,2019-09-30,,2026-07-29,ok,0
osm_tourist_retail,dist-28079-10,district,2019-10,0.403,index,ohsome,2019-10-31,,2026-07-29,ok,0
osm_tourist_retail,dist-28079-10,district,2019-11,0.403,index,ohsome,2019-11-30,,2026-07-29,ok,0
osm_tourist_retail,dist-28079-10,district,2019-12,0.403,index,ohsome,2019-12-31,,2026-07-29,ok,0
osm_tourist_retail,dist-28079-10,district,2020-01,0.403,index,ohsome,2020-01-31,,2026-07-29,ok,0
osm_tourist_retail,dist-28079-10,district,2020-02,0.403,index,ohsome,2020-02-29,,2026-07-29,ok,0
osm_tourist_retail,dist-28079-10,district,2020-03,0.403,index,ohsome,2020-03-31,,2026-07-29,ok,0
osm_tourist_retail,dist-28079-10,district,2020-04,0.403,index,ohsome,2020-04-30,,2026-07-29,ok,0
osm_tourist_retail,dist-28079-10,district,2020-05,0.403,index,ohsome,2020-05-31,,2026-07-29,ok,0
osm_tourist_retail,dist-28079-10,district,2020-06,0.403,index,ohsome,2020-06-30,,2026-07-29,ok,0
osm_tourist_retail,dist-28079-10,district,2020-07,0.403,index,ohsome,2020-07-31,,2026-07-29,ok,0
osm_tourist_retail,dist-28079-10,district,2020-08,0.403,index,ohsome,2020-08-31,,2026-07-29,ok,0
osm_tourist_retail,dist-28079-10,district,2020-09,0.403,index,ohsome,2020-09-30,,2026-07-29,ok,0
osm_tourist_retail,dist-28079-10,district,2020-10,0.403,index,ohsome,2020-10-31,,2026-07-29,ok,0
osm_tourist_retail,dist-28079-10,district,2020-11,0.403,index,ohsome,2020-11-30,,2026-07-29,ok,0
osm_tourist_retail,dist-28079-10,district,2020-12,0.403,index,ohsome,2020-12-31,,2026-07-29,ok,0
osm_tourist_retail,dist-28079-10,district,2021-01,0.405,index,ohsome,2021-01-31,,2026-07-29,ok,0
osm_tourist_retail,dist-28079-10,district,2021-02,0.405,index,ohsome,2021-02-28,,2026-07-29,ok,0
osm_tourist_retail,dist-28079-10,district,2021-03,0.405,index,ohsome,2021-03-31,,2026-07-29,ok,0
osm_tourist_retail,dist-28079-10,district,2021-04,0.405,index,ohsome,2021-04-30,,2026-07-29,ok,0
osm_tourist_retail,dist-28079-10,district,2021-05,0.405,index,ohsome,2021-05-31,,2026-07-29,ok,0
osm_tourist_retail,dist-28079-10,district,2021-06,0.405,index,ohsome,2021-06-30,,2026-07-29,ok,0
osm_tourist_retail,dist-28079-10,district,2021-07,0.405,index,ohsome,2021-07-31,,2026-07-29,ok,0
osm_tourist_retail,dist-28079-10,district,2021-08,0.405,index,ohsome,2021-08-31,,2026-07-29,ok,0
osm_tourist_retail,dist-28079-10,district,2021-09,0.405,index,ohsome,2021-09-30,,2026-07-29,ok,0
osm_tourist_retail,dist-28079-10,district,2021-10,0.806,index,ohsome,2021-10-31,,2026-07-29,ok,0
osm_tourist_retail,dist-28079-10,district,2021-11,0.806,index,ohsome,2021-11-30,,2026-07-29,ok,0
osm_tourist_retail,dist-28079-10,district,2021-12,0.806,index,ohsome,2021-12-31,,2026-07-29,ok,0
osm_tourist_retail,dist-28079-10,district,2022-01,0.806,index,ohsome,2022-01-31,,2026-07-29,ok,0
osm_tourist_retail,dist-28079-10,district,2022-02,0.8,index,ohsome,2022-02-28,,2026-07-29,ok,0
osm_tourist_retail,dist-28079-10,district,2022-03,0.8,index,ohsome,2022-03-31,,2026-07-29,ok,0
osm_tourist_retail,dist-28079-10,district,2022-04,0.797,index,ohsome,2022-04-30,,2026-07-29,ok,0
osm_tourist_retail,dist-28079-10,district,2022-05,0.797,index,ohsome,2022-05-31,,2026-07-29,ok,0
osm_tourist_retail,dist-28079-10,district,2022-06,0.797,index,ohsome,2022-06-30,,2026-07-29,ok,0
osm_tourist_retail,dist-28079-10,district,2022-07,0.797,index,ohsome,2022-07-31,,2026-07-29,ok,0
osm_tourist_retail,dist-28079-10,district,2022-08,0.797,index,ohsome,2022-08-31,,2026-07-29,ok,0
osm_tourist_retail,dist-28079-10,district,2022-09,0.797,index,ohsome,2022-09-30,,2026-07-29,ok,0
osm_tourist_retail,dist-28079-10,district,2022-10,0.794,index,ohsome,2022-10-31,,2026-07-29,ok,0
osm_tourist_retail,dist-28079-10,district,2022-11,0.794,index,ohsome,2022-11-30,,2026-07-29,ok,0
osm_tourist_retail,dist-28079-10,district,2022-12,0.794,index,ohsome,2022-12-31,,2026-07-29,ok,0
osm_tourist_retail,dist-28079-10,district,2023-01,0.794,index,ohsome,2023-01-31,,2026-07-29,ok,0
osm_tourist_retail,dist-28079-10,district,2023-02,0.794,index,ohsome,2023-02-28,,2026-07-29,ok,0
osm_tourist_retail,dist-28079-10,district,2023-03,0.794,index,ohsome,2023-03-31,,2026-07-29,ok,0
osm_tourist_retail,dist-28079-10,district,2023-04,0.794,index,ohsome,2023-04-30,,2026-07-29,ok,0
osm_tourist_retail,dist-28079-10,district,2023-05,0.794,index,ohsome,2023-05-31,,2026-07-29,ok,0
osm_tourist_retail,dist-28079-10,district,2023-06,0.794,index,ohsome,2023-06-30,,2026-07-29,ok,0
osm_tourist_retail,dist-28079-10,district,2023-07,0.794,index,ohsome,2023-07-31,,2026-07-29,ok,0
osm_tourist_retail,dist-28079-10,district,2023-08,0.794,index,ohsome,2023-08-31,,2026-07-29,ok,0
osm_tourist_retail,dist-28079-10,district,2023-09,0.797,index,ohsome,2023-09-30,,2026-07-29,ok,0
osm_tourist_retail,dist-28079-10,district,2023-10,0.794,index,ohsome,2023-10-31,,2026-07-29,ok,0
osm_tourist_retail,dist-28079-10,district,2023-11,0.794,index,ohsome,2023-11-30,,2026-07-29,ok,0
osm_tourist_retail,dist-28079-10,district,2023-12,0.794,index,ohsome,2023-12-31,,2026-07-29,ok,0
osm_tourist_retail,dist-28079-10,district,2024-01,0.794,index,ohsome,2024-01-31,,2026-07-29,ok,0
osm_tourist_retail,dist-28079-10,district,2024-02,0.794,index,ohsome,2024-02-29,,2026-07-29,ok,0
osm_tourist_retail,dist-28079-10,district,2024-03,0.794,index,ohsome,2024-03-31,,2026-07-29,ok,0
osm_tourist_retail,dist-28079-10,district,2024-04,0.791,index,ohsome,2024-04-30,,2026-07-29,ok,0
osm_tourist_retail,dist-28079-10,district,2024-05,0.791,index,ohsome,2024-05-31,,2026-07-29,ok,0
osm_tourist_retail,dist-28079-10,district,2024-06,0.794,index,ohsome,2024-06-30,,2026-07-29,ok,0
osm_tourist_retail,dist-28079-10,district,2024-07,0.794,index,ohsome,2024-07-31,,2026-07-29,ok,0
osm_tourist_retail,dist-28079-10,district,2024-08,0.794,index,ohsome,2024-08-31,,2026-07-29,ok,0
osm_tourist_retail,dist-28079-10,district,2024-09,0.787,index,ohsome,2024-09-30,,2026-07-29,ok,0
osm_tourist_retail,dist-28079-10,district,2024-10,0.787,index,ohsome,2024-10-31,,2026-07-29,ok,0
osm_tourist_retail,dist-28079-10,district,2024-11,0.787,index,ohsome,2024-11-30,,2026-07-29,ok,0
osm_tourist_retail,dist-28079-10,district,2024-12,0.787,index,ohsome,2024-12-31,,2026-07-29,ok,0
osm_tourist_retail,dist-28079-10,district,2025-01,0.787,index,ohsome,2025-01-31,,2026-07-29,ok,0
osm_tourist_retail,dist-28079-10,district,2025-02,0.787,index,ohsome,2025-02-28,,2026-07-29,ok,0
osm_tourist_retail,dist-28079-10,district,2025-03,0.787,index,ohsome,2025-03-31,,2026-07-29,ok,0
osm_tourist_retail,dist-28079-10,district,2025-04,0.781,index,ohsome,2025-04-30,,2026-07-29,ok,0
osm_tourist_retail,dist-28079-10,district,2025-05,0.784,index,ohsome,2025-05-31,,2026-07-29,ok,0
osm_tourist_retail,dist-28079-10,district,2025-06,0.784,index,ohsome,2025-06-30,,2026-07-29,ok,0
osm_tourist_retail,dist-28079-10,district,2025-07,0.784,index,ohsome,2025-07-31,,2026-07-29,ok,0
osm_tourist_retail,dist-28079-10,district,2025-08,1.569,index,ohsome,2025-08-31,,2026-07-29,ok,0
osm_tourist_retail,dist-28079-10,district,2025-09,1.569,index,ohsome,2025-09-30,,2026-07-29,ok,0
osm_tourist_retail,dist-28079-10,district,2025-10,1.562,index,ohsome,2025-10-31,,2026-07-29,ok,0
osm_tourist_retail,dist-28079-10,district,2025-11,1.562,index,ohsome,2025-11-30,,2026-07-29,ok,0
osm_tourist_retail,dist-28079-10,district,2025-12,1.562,index,ohsome,2025-12-31,,2026-07-29,ok,0
osm_tourist_retail,dist-28079-10,district,2026-01,1.562,index,ohsome,2026-01-31,,2026-07-29,ok,0
osm_tourist_retail,dist-28079-10,district,2026-02,1.55,index,ohsome,2026-02-28,,2026-07-29,ok,0
osm_tourist_retail,dist-28079-10,district,2026-03,1.55,index,ohsome,2026-03-31,,2026-07-29,ok,0
osm_tourist_retail,dist-28079-10,district,2026-04,1.55,index,ohsome,2026-04-30,,2026-07-29,ok,0
osm_tourist_retail,dist-28079-10,district,2026-05,1.55,index,ohsome,2026-05-31,,2026-07-29,ok,0
osm_tourist_retail,dist-28079-10,district,2026-06,1.55,index,ohsome,2026-06-30,,2026-07-29,ok,0
osm_tourist_retail,dist-28079-11,district,2019-01,0,index,ohsome,2019-01-31,,2026-07-29,ok,0
osm_tourist_retail,dist-28079-11,district,2019-02,0,index,ohsome,2019-02-28,,2026-07-29,ok,0
osm_tourist_retail,dist-28079-11,district,2019-03,0,index,ohsome,2019-03-31,,2026-07-29,ok,0
osm_tourist_retail,dist-28079-11,district,2019-04,0,index,ohsome,2019-04-30,,2026-07-29,ok,0
osm_tourist_retail,dist-28079-11,district,2019-05,0,index,ohsome,2019-05-31,,2026-07-29,ok,0
osm_tourist_retail,dist-28079-11,district,2019-06,0,index,ohsome,2019-06-30,,2026-07-29,ok,0
osm_tourist_retail,dist-28079-11,district,2019-07,0,index,ohsome,2019-07-31,,2026-07-29,ok,0
osm_tourist_retail,dist-28079-11,district,2019-08,0,index,ohsome,2019-08-31,,2026-07-29,ok,0
osm_tourist_retail,dist-28079-11,district,2019-09,0,index,ohsome,2019-09-30,,2026-07-29,ok,0
osm_tourist_retail,dist-28079-11,district,2019-10,0,index,ohsome,2019-10-31,,2026-07-29,ok,0
osm_tourist_retail,dist-28079-11,district,2019-11,0,index,ohsome,2019-11-30,,2026-07-29,ok,0
osm_tourist_retail,dist-28079-11,district,2019-12,0,index,ohsome,2019-12-31,,2026-07-29,ok,0
osm_tourist_retail,dist-28079-11,district,2020-01,0,index,ohsome,2020-01-31,,2026-07-29,ok,0
osm_tourist_retail,dist-28079-11,district,2020-02,0,index,ohsome,2020-02-29,,2026-07-29,ok,0
osm_tourist_retail,dist-28079-11,district,2020-03,0,index,ohsome,2020-03-31,,2026-07-29,ok,0
osm_tourist_retail,dist-28079-11,district,2020-04,0,index,ohsome,2020-04-30,,2026-07-29,ok,0
osm_tourist_retail,dist-28079-11,district,2020-05,0,index,ohsome,2020-05-31,,2026-07-29,ok,0
osm_tourist_retail,dist-28079-11,district,2020-06,0,index,ohsome,2020-06-30,,2026-07-29,ok,0
osm_tourist_retail,dist-28079-11,district,2020-07,0,index,ohsome,2020-07-31,,2026-07-29,ok,0
osm_tourist_retail,dist-28079-11,district,2020-08,0,index,ohsome,2020-08-31,,2026-07-29,ok,0
osm_tourist_retail,dist-28079-11,district,2020-09,0,index,ohsome,2020-09-30,,2026-07-29,ok,0
osm_tourist_retail,dist-28079-11,district,2020-10,0,index,ohsome,2020-10-31,,2026-07-29,ok,0
osm_tourist_retail,dist-28079-11,district,2020-11,0,index,ohsome,2020-11-30,,2026-07-29,ok,0
osm_tourist_retail,dist-28079-11,district,2020-12,0,index,ohsome,2020-12-31,,2026-07-29,ok,0
osm_tourist_retail,dist-28079-11,district,2021-01,0,index,ohsome,2021-01-31,,2026-07-29,ok,0
osm_tourist_retail,dist-28079-11,district,2021-02,0,index,ohsome,2021-02-28,,2026-07-29,ok,0
osm_tourist_retail,dist-28079-11,district,2021-03,0,index,ohsome,2021-03-31,,2026-07-29,ok,0
osm_tourist_retail,dist-28079-11,district,2021-04,0,index,ohsome,2021-04-30,,2026-07-29,ok,0
osm_tourist_retail,dist-28079-11,district,2021-05,0,index,ohsome,2021-05-31,,2026-07-29,ok,0
osm_tourist_retail,dist-28079-11,district,2021-06,0,index,ohsome,2021-06-30,,2026-07-29,ok,0
osm_tourist_retail,dist-28079-11,district,2021-07,0,index,ohsome,2021-07-31,,2026-07-29,ok,0
osm_tourist_retail,dist-28079-11,district,2021-08,0,index,ohsome,2021-08-31,,2026-07-29,ok,0
osm_tourist_retail,dist-28079-11,district,2021-09,0,index,ohsome,2021-09-30,,2026-07-29,ok,0
osm_tourist_retail,dist-28079-11,district,2021-10,0.377,index,ohsome,2021-10-31,,2026-07-29,ok,0
osm_tourist_retail,dist-28079-11,district,2021-11,0.377,index,ohsome,2021-11-30,,2026-07-29,ok,0
osm_tourist_retail,dist-28079-11,district,2021-12,0.377,index,ohsome,2021-12-31,,2026-07-29,ok,0
osm_tourist_retail,dist-28079-11,district,2022-01,0.377,index,ohsome,2022-01-31,,2026-07-29,ok,0
osm_tourist_retail,dist-28079-11,district,2022-02,0.373,index,ohsome,2022-02-28,,2026-07-29,ok,0
osm_tourist_retail,dist-28079-11,district,2022-03,0.375,index,ohsome,2022-03-31,,2026-07-29,ok,0
osm_tourist_retail,dist-28079-11,district,2022-04,0.373,index,ohsome,2022-04-30,,2026-07-29,ok,0
osm_tourist_retail,dist-28079-11,district,2022-05,0.375,index,ohsome,2022-05-31,,2026-07-29,ok,0
osm_tourist_retail,dist-28079-11,district,2022-06,0.375,index,ohsome,2022-06-30,,2026-07-29,ok,0
osm_tourist_retail,dist-28079-11,district,2022-07,0.375,index,ohsome,2022-07-31,,2026-07-29,ok,0
osm_tourist_retail,dist-28079-11,district,2022-08,0.375,index,ohsome,2022-08-31,,2026-07-29,ok,0
osm_tourist_retail,dist-28079-11,district,2022-09,0.375,index,ohsome,2022-09-30,,2026-07-29,ok,0
osm_tourist_retail,dist-28079-11,district,2022-10,0.373,index,ohsome,2022-10-31,,2026-07-29,ok,0
osm_tourist_retail,dist-28079-11,district,2022-11,0.373,index,ohsome,2022-11-30,,2026-07-29,ok,0
osm_tourist_retail,dist-28079-11,district,2022-12,0.373,index,ohsome,2022-12-31,,2026-07-29,ok,0
osm_tourist_retail,dist-28079-11,district,2023-01,0.372,index,ohsome,2023-01-31,,2026-07-29,ok,0
osm_tourist_retail,dist-28079-11,district,2023-02,0.372,index,ohsome,2023-02-28,,2026-07-29,ok,0
osm_tourist_retail,dist-28079-11,district,2023-03,0.372,index,ohsome,2023-03-31,,2026-07-29,ok,0
osm_tourist_retail,dist-28079-11,district,2023-04,0.372,index,ohsome,2023-04-30,,2026-07-29,ok,0
osm_tourist_retail,dist-28079-11,district,2023-05,0.372,index,ohsome,2023-05-31,,2026-07-29,ok,0
osm_tourist_retail,dist-28079-11,district,2023-06,0.372,index,ohsome,2023-06-30,,2026-07-29,ok,0
osm_tourist_retail,dist-28079-11,district,2023-07,0.372,index,ohsome,2023-07-31,,2026-07-29,ok,0
osm_tourist_retail,dist-28079-11,district,2023-08,0.372,index,ohsome,2023-08-31,,2026-07-29,ok,0
osm_tourist_retail,dist-28079-11,district,2023-09,0.373,index,ohsome,2023-09-30,,2026-07-29,ok,0
osm_tourist_retail,dist-28079-11,district,2023-10,0.372,index,ohsome,2023-10-31,,2026-07-29,ok,0
osm_tourist_retail,dist-28079-11,district,2023-11,0.372,index,ohsome,2023-11-30,,2026-07-29,ok,0
osm_tourist_retail,dist-28079-11,district,2023-12,0.372,index,ohsome,2023-12-31,,2026-07-29,ok,0
osm_tourist_retail,dist-28079-11,district,2024-01,0.372,index,ohsome,2024-01-31,,2026-07-29,ok,0
osm_tourist_retail,dist-28079-11,district,2024-02,0.372,index,ohsome,2024-02-29,,2026-07-29,ok,0
osm_tourist_retail,dist-28079-11,district,2024-03,0.372,index,ohsome,2024-03-31,,2026-07-29,ok,0
osm_tourist_retail,dist-28079-11,district,2024-04,0.37,index,ohsome,2024-04-30,,2026-07-29,ok,0
osm_tourist_retail,dist-28079-11,district,2024-05,0.37,index,ohsome,2024-05-31,,2026-07-29,ok,0
osm_tourist_retail,dist-28079-11,district,2024-06,0.372,index,ohsome,2024-06-30,,2026-07-29,ok,0
osm_tourist_retail,dist-28079-11,district,2024-07,0.37,index,ohsome,2024-07-31,,2026-07-29,ok,0
osm_tourist_retail,dist-28079-11,district,2024-08,0.37,index,ohsome,2024-08-31,,2026-07-29,ok,0
osm_tourist_retail,dist-28079-11,district,2024-09,0.368,index,ohsome,2024-09-30,,2026-07-29,ok,0
osm_tourist_retail,dist-28079-11,district,2024-10,0.368,index,ohsome,2024-10-31,,2026-07-29,ok,0
osm_tourist_retail,dist-28079-11,district,2024-11,0.368,index,ohsome,2024-11-30,,2026-07-29,ok,0
osm_tourist_retail,dist-28079-11,district,2024-12,0.368,index,ohsome,2024-12-31,,2026-07-29,ok,0
osm_tourist_retail,dist-28079-11,district,2025-01,0.368,index,ohsome,2025-01-31,,2026-07-29,ok,0
osm_tourist_retail,dist-28079-11,district,2025-02,0.368,index,ohsome,2025-02-28,,2026-07-29,ok,0
osm_tourist_retail,dist-28079-11,district,2025-03,0.368,index,ohsome,2025-03-31,,2026-07-29,ok,0
osm_tourist_retail,dist-28079-11,district,2025-04,0.722,index,ohsome,2025-04-30,,2026-07-29,ok,0
osm_tourist_retail,dist-28079-11,district,2025-05,0.722,index,ohsome,2025-05-31,,2026-07-29,ok,0
osm_tourist_retail,dist-28079-11,district,2025-06,0.722,index,ohsome,2025-06-30,,2026-07-29,ok,0
osm_tourist_retail,dist-28079-11,district,2025-07,0.722,index,ohsome,2025-07-31,,2026-07-29,ok,0
osm_tourist_retail,dist-28079-11,district,2025-08,1.083,index,ohsome,2025-08-31,,2026-07-29,ok,0
osm_tourist_retail,dist-28079-11,district,2025-09,1.083,index,ohsome,2025-09-30,,2026-07-29,ok,0
osm_tourist_retail,dist-28079-11,district,2025-10,1.079,index,ohsome,2025-10-31,,2026-07-29,ok,0
osm_tourist_retail,dist-28079-11,district,2025-11,1.079,index,ohsome,2025-11-30,,2026-07-29,ok,0
osm_tourist_retail,dist-28079-11,district,2025-12,1.079,index,ohsome,2025-12-31,,2026-07-29,ok,0
osm_tourist_retail,dist-28079-11,district,2026-01,1.079,index,ohsome,2026-01-31,,2026-07-29,ok,0
osm_tourist_retail,dist-28079-11,district,2026-02,1.075,index,ohsome,2026-02-28,,2026-07-29,ok,0
osm_tourist_retail,dist-28079-11,district,2026-03,1.075,index,ohsome,2026-03-31,,2026-07-29,ok,0
osm_tourist_retail,dist-28079-11,district,2026-04,1.075,index,ohsome,2026-04-30,,2026-07-29,ok,0
osm_tourist_retail,dist-28079-11,district,2026-05,1.079,index,ohsome,2026-05-31,,2026-07-29,ok,0
osm_tourist_retail,dist-28079-11,district,2026-06,1.079,index,ohsome,2026-06-30,,2026-07-29,ok,0
osm_tourist_retail,dist-28079-12,district,2019-01,0,index,ohsome,2019-01-31,,2026-07-29,ok,0
osm_tourist_retail,dist-28079-12,district,2019-02,0,index,ohsome,2019-02-28,,2026-07-29,ok,0
osm_tourist_retail,dist-28079-12,district,2019-03,0,index,ohsome,2019-03-31,,2026-07-29,ok,0
osm_tourist_retail,dist-28079-12,district,2019-04,0,index,ohsome,2019-04-30,,2026-07-29,ok,0
osm_tourist_retail,dist-28079-12,district,2019-05,0,index,ohsome,2019-05-31,,2026-07-29,ok,0
osm_tourist_retail,dist-28079-12,district,2019-06,0,index,ohsome,2019-06-30,,2026-07-29,ok,0
osm_tourist_retail,dist-28079-12,district,2019-07,0,index,ohsome,2019-07-31,,2026-07-29,ok,0
osm_tourist_retail,dist-28079-12,district,2019-08,0,index,ohsome,2019-08-31,,2026-07-29,ok,0
osm_tourist_retail,dist-28079-12,district,2019-09,0,index,ohsome,2019-09-30,,2026-07-29,ok,0
osm_tourist_retail,dist-28079-12,district,2019-10,0,index,ohsome,2019-10-31,,2026-07-29,ok,0
osm_tourist_retail,dist-28079-12,district,2019-11,0,index,ohsome,2019-11-30,,2026-07-29,ok,0
osm_tourist_retail,dist-28079-12,district,2019-12,0,index,ohsome,2019-12-31,,2026-07-29,ok,0
osm_tourist_retail,dist-28079-12,district,2020-01,0,index,ohsome,2020-01-31,,2026-07-29,ok,0
osm_tourist_retail,dist-28079-12,district,2020-02,0,index,ohsome,2020-02-29,,2026-07-29,ok,0
osm_tourist_retail,dist-28079-12,district,2020-03,0,index,ohsome,2020-03-31,,2026-07-29,ok,0
osm_tourist_retail,dist-28079-12,district,2020-04,0,index,ohsome,2020-04-30,,2026-07-29,ok,0
osm_tourist_retail,dist-28079-12,district,2020-05,0,index,ohsome,2020-05-31,,2026-07-29,ok,0
osm_tourist_retail,dist-28079-12,district,2020-06,0,index,ohsome,2020-06-30,,2026-07-29,ok,0
osm_tourist_retail,dist-28079-12,district,2020-07,0,index,ohsome,2020-07-31,,2026-07-29,ok,0
osm_tourist_retail,dist-28079-12,district,2020-08,0,index,ohsome,2020-08-31,,2026-07-29,ok,0
osm_tourist_retail,dist-28079-12,district,2020-09,0,index,ohsome,2020-09-30,,2026-07-29,ok,0
osm_tourist_retail,dist-28079-12,district,2020-10,0,index,ohsome,2020-10-31,,2026-07-29,ok,0
osm_tourist_retail,dist-28079-12,district,2020-11,0,index,ohsome,2020-11-30,,2026-07-29,ok,0
osm_tourist_retail,dist-28079-12,district,2020-12,0,index,ohsome,2020-12-31,,2026-07-29,ok,0
osm_tourist_retail,dist-28079-12,district,2021-01,0,index,ohsome,2021-01-31,,2026-07-29,ok,0
osm_tourist_retail,dist-28079-12,district,2021-02,0,index,ohsome,2021-02-28,,2026-07-29,ok,0
osm_tourist_retail,dist-28079-12,district,2021-03,0,index,ohsome,2021-03-31,,2026-07-29,ok,0
osm_tourist_retail,dist-28079-12,district,2021-04,0,index,ohsome,2021-04-30,,2026-07-29,ok,0
osm_tourist_retail,dist-28079-12,district,2021-05,0,index,ohsome,2021-05-31,,2026-07-29,ok,0
osm_tourist_retail,dist-28079-12,district,2021-06,0,index,ohsome,2021-06-30,,2026-07-29,ok,0
osm_tourist_retail,dist-28079-12,district,2021-07,0,index,ohsome,2021-07-31,,2026-07-29,ok,0
osm_tourist_retail,dist-28079-12,district,2021-08,0,index,ohsome,2021-08-31,,2026-07-29,ok,0
osm_tourist_retail,dist-28079-12,district,2021-09,0,index,ohsome,2021-09-30,,2026-07-29,ok,0
osm_tourist_retail,dist-28079-12,district,2021-10,0,index,ohsome,2021-10-31,,2026-07-29,ok,0
osm_tourist_retail,dist-28079-12,district,2021-11,0,index,ohsome,2021-11-30,,2026-07-29,ok,0
osm_tourist_retail,dist-28079-12,district,2021-12,0,index,ohsome,2021-12-31,,2026-07-29,ok,0
osm_tourist_retail,dist-28079-12,district,2022-01,0,index,ohsome,2022-01-31,,2026-07-29,ok,0
osm_tourist_retail,dist-28079-12,district,2022-02,0,index,ohsome,2022-02-28,,2026-07-29,ok,0
osm_tourist_retail,dist-28079-12,district,2022-03,0,index,ohsome,2022-03-31,,2026-07-29,ok,0
osm_tourist_retail,dist-28079-12,district,2022-04,0,index,ohsome,2022-04-30,,2026-07-29,ok,0
osm_tourist_retail,dist-28079-12,district,2022-05,0,index,ohsome,2022-05-31,,2026-07-29,ok,0
osm_tourist_retail,dist-28079-12,district,2022-06,0,index,ohsome,2022-06-30,,2026-07-29,ok,0
osm_tourist_retail,dist-28079-12,district,2022-07,0,index,ohsome,2022-07-31,,2026-07-29,ok,0
osm_tourist_retail,dist-28079-12,district,2022-08,0,index,ohsome,2022-08-31,,2026-07-29,ok,0
osm_tourist_retail,dist-28079-12,district,2022-09,0,index,ohsome,2022-09-30,,2026-07-29,ok,0
osm_tourist_retail,dist-28079-12,district,2022-10,0,index,ohsome,2022-10-31,,2026-07-29,ok,0
osm_tourist_retail,dist-28079-12,district,2022-11,0,index,ohsome,2022-11-30,,2026-07-29,ok,0
osm_tourist_retail,dist-28079-12,district,2022-12,0,index,ohsome,2022-12-31,,2026-07-29,ok,0
osm_tourist_retail,dist-28079-12,district,2023-01,0,index,ohsome,2023-01-31,,2026-07-29,ok,0
osm_tourist_retail,dist-28079-12,district,2023-02,0,index,ohsome,2023-02-28,,2026-07-29,ok,0
osm_tourist_retail,dist-28079-12,district,2023-03,0,index,ohsome,2023-03-31,,2026-07-29,ok,0
osm_tourist_retail,dist-28079-12,district,2023-04,0,index,ohsome,2023-04-30,,2026-07-29,ok,0
osm_tourist_retail,dist-28079-12,district,2023-05,0,index,ohsome,2023-05-31,,2026-07-29,ok,0
osm_tourist_retail,dist-28079-12,district,2023-06,0,index,ohsome,2023-06-30,,2026-07-29,ok,0
osm_tourist_retail,dist-28079-12,district,2023-07,0,index,ohsome,2023-07-31,,2026-07-29,ok,0
osm_tourist_retail,dist-28079-12,district,2023-08,0,index,ohsome,2023-08-31,,2026-07-29,ok,0
osm_tourist_retail,dist-28079-12,district,2023-09,0,index,ohsome,2023-09-30,,2026-07-29,ok,0
osm_tourist_retail,dist-28079-12,district,2023-10,0,index,ohsome,2023-10-31,,2026-07-29,ok,0
osm_tourist_retail,dist-28079-12,district,2023-11,0,index,ohsome,2023-11-30,,2026-07-29,ok,0
osm_tourist_retail,dist-28079-12,district,2023-12,0,index,ohsome,2023-12-31,,2026-07-29,ok,0
osm_tourist_retail,dist-28079-12,district,2024-01,0,index,ohsome,2024-01-31,,2026-07-29,ok,0
osm_tourist_retail,dist-28079-12,district,2024-02,0,index,ohsome,2024-02-29,,2026-07-29,ok,0
osm_tourist_retail,dist-28079-12,district,2024-03,0,index,ohsome,2024-03-31,,2026-07-29,ok,0
osm_tourist_retail,dist-28079-12,district,2024-04,0,index,ohsome,2024-04-30,,2026-07-29,ok,0
osm_tourist_retail,dist-28079-12,district,2024-05,0,index,ohsome,2024-05-31,,2026-07-29,ok,0
osm_tourist_retail,dist-28079-12,district,2024-06,0,index,ohsome,2024-06-30,,2026-07-29,ok,0
osm_tourist_retail,dist-28079-12,district,2024-07,0,index,ohsome,2024-07-31,,2026-07-29,ok,0
osm_tourist_retail,dist-28079-12,district,2024-08,0,index,ohsome,2024-08-31,,2026-07-29,ok,0
osm_tourist_retail,dist-28079-12,district,2024-09,0,index,ohsome,2024-09-30,,2026-07-29,ok,0
osm_tourist_retail,dist-28079-12,district,2024-10,0,index,ohsome,2024-10-31,,2026-07-29,ok,0
osm_tourist_retail,dist-28079-12,district,2024-11,0,index,ohsome,2024-11-30,,2026-07-29,ok,0
osm_tourist_retail,dist-28079-12,district,2024-12,0,index,ohsome,2024-12-31,,2026-07-29,ok,0
osm_tourist_retail,dist-28079-12,district,2025-01,0,index,ohsome,2025-01-31,,2026-07-29,ok,0
osm_tourist_retail,dist-28079-12,district,2025-02,0,index,ohsome,2025-02-28,,2026-07-29,ok,0
osm_tourist_retail,dist-28079-12,district,2025-03,0,index,ohsome,2025-03-31,,2026-07-29,ok,0
osm_tourist_retail,dist-28079-12,district,2025-04,1.064,index,ohsome,2025-04-30,,2026-07-29,ok,0
osm_tourist_retail,dist-28079-12,district,2025-05,1.053,index,ohsome,2025-05-31,,2026-07-29,ok,0
osm_tourist_retail,dist-28079-12,district,2025-06,1.053,index,ohsome,2025-06-30,,2026-07-29,ok,0
osm_tourist_retail,dist-28079-12,district,2025-07,1.053,index,ohsome,2025-07-31,,2026-07-29,ok,0
osm_tourist_retail,dist-28079-12,district,2025-08,1.053,index,ohsome,2025-08-31,,2026-07-29,ok,0
osm_tourist_retail,dist-28079-12,district,2025-09,1.053,index,ohsome,2025-09-30,,2026-07-29,ok,0
osm_tourist_retail,dist-28079-12,district,2025-10,1.053,index,ohsome,2025-10-31,,2026-07-29,ok,0
osm_tourist_retail,dist-28079-12,district,2025-11,1.053,index,ohsome,2025-11-30,,2026-07-29,ok,0
osm_tourist_retail,dist-28079-12,district,2025-12,1.053,index,ohsome,2025-12-31,,2026-07-29,ok,0
osm_tourist_retail,dist-28079-12,district,2026-01,1.053,index,ohsome,2026-01-31,,2026-07-29,ok,0
osm_tourist_retail,dist-28079-12,district,2026-02,1.042,index,ohsome,2026-02-28,,2026-07-29,ok,0
osm_tourist_retail,dist-28079-12,district,2026-03,1.042,index,ohsome,2026-03-31,,2026-07-29,ok,0
osm_tourist_retail,dist-28079-12,district,2026-04,1.042,index,ohsome,2026-04-30,,2026-07-29,ok,0
osm_tourist_retail,dist-28079-12,district,2026-05,1.053,index,ohsome,2026-05-31,,2026-07-29,ok,0
osm_tourist_retail,dist-28079-12,district,2026-06,1.053,index,ohsome,2026-06-30,,2026-07-29,ok,0
osm_tourist_retail,dist-28079-13,district,2019-01,0,index,ohsome,2019-01-31,,2026-07-29,ok,0
osm_tourist_retail,dist-28079-13,district,2019-02,0,index,ohsome,2019-02-28,,2026-07-29,ok,0
osm_tourist_retail,dist-28079-13,district,2019-03,0,index,ohsome,2019-03-31,,2026-07-29,ok,0
osm_tourist_retail,dist-28079-13,district,2019-04,0,index,ohsome,2019-04-30,,2026-07-29,ok,0
osm_tourist_retail,dist-28079-13,district,2019-05,0,index,ohsome,2019-05-31,,2026-07-29,ok,0
osm_tourist_retail,dist-28079-13,district,2019-06,0,index,ohsome,2019-06-30,,2026-07-29,ok,0
osm_tourist_retail,dist-28079-13,district,2019-07,0,index,ohsome,2019-07-31,,2026-07-29,ok,0
osm_tourist_retail,dist-28079-13,district,2019-08,0,index,ohsome,2019-08-31,,2026-07-29,ok,0
osm_tourist_retail,dist-28079-13,district,2019-09,0,index,ohsome,2019-09-30,,2026-07-29,ok,0
osm_tourist_retail,dist-28079-13,district,2019-10,0,index,ohsome,2019-10-31,,2026-07-29,ok,0
osm_tourist_retail,dist-28079-13,district,2019-11,0,index,ohsome,2019-11-30,,2026-07-29,ok,0
osm_tourist_retail,dist-28079-13,district,2019-12,0,index,ohsome,2019-12-31,,2026-07-29,ok,0
osm_tourist_retail,dist-28079-13,district,2020-01,0,index,ohsome,2020-01-31,,2026-07-29,ok,0
osm_tourist_retail,dist-28079-13,district,2020-02,0,index,ohsome,2020-02-29,,2026-07-29,ok,0
osm_tourist_retail,dist-28079-13,district,2020-03,0,index,ohsome,2020-03-31,,2026-07-29,ok,0
osm_tourist_retail,dist-28079-13,district,2020-04,0,index,ohsome,2020-04-30,,2026-07-29,ok,0
osm_tourist_retail,dist-28079-13,district,2020-05,0,index,ohsome,2020-05-31,,2026-07-29,ok,0
osm_tourist_retail,dist-28079-13,district,2020-06,0,index,ohsome,2020-06-30,,2026-07-29,ok,0
osm_tourist_retail,dist-28079-13,district,2020-07,0,index,ohsome,2020-07-31,,2026-07-29,ok,0
osm_tourist_retail,dist-28079-13,district,2020-08,0,index,ohsome,2020-08-31,,2026-07-29,ok,0
osm_tourist_retail,dist-28079-13,district,2020-09,0,index,ohsome,2020-09-30,,2026-07-29,ok,0
osm_tourist_retail,dist-28079-13,district,2020-10,0,index,ohsome,2020-10-31,,2026-07-29,ok,0
osm_tourist_retail,dist-28079-13,district,2020-11,0,index,ohsome,2020-11-30,,2026-07-29,ok,0
osm_tourist_retail,dist-28079-13,district,2020-12,0,index,ohsome,2020-12-31,,2026-07-29,ok,0
osm_tourist_retail,dist-28079-13,district,2021-01,0,index,ohsome,2021-01-31,,2026-07-29,ok,0
osm_tourist_retail,dist-28079-13,district,2021-02,0,index,ohsome,2021-02-28,,2026-07-29,ok,0
osm_tourist_retail,dist-28079-13,district,2021-03,0,index,ohsome,2021-03-31,,2026-07-29,ok,0
osm_tourist_retail,dist-28079-13,district,2021-04,0,index,ohsome,2021-04-30,,2026-07-29,ok,0
osm_tourist_retail,dist-28079-13,district,2021-05,0,index,ohsome,2021-05-31,,2026-07-29,ok,0
osm_tourist_retail,dist-28079-13,district,2021-06,0,index,ohsome,2021-06-30,,2026-07-29,ok,0
osm_tourist_retail,dist-28079-13,district,2021-07,0,index,ohsome,2021-07-31,,2026-07-29,ok,0
osm_tourist_retail,dist-28079-13,district,2021-08,0,index,ohsome,2021-08-31,,2026-07-29,ok,0
osm_tourist_retail,dist-28079-13,district,2021-09,0,index,ohsome,2021-09-30,,2026-07-29,ok,0
osm_tourist_retail,dist-28079-13,district,2021-10,0,index,ohsome,2021-10-31,,2026-07-29,ok,0
osm_tourist_retail,dist-28079-13,district,2021-11,0,index,ohsome,2021-11-30,,2026-07-29,ok,0
osm_tourist_retail,dist-28079-13,district,2021-12,0,index,ohsome,2021-12-31,,2026-07-29,ok,0
osm_tourist_retail,dist-28079-13,district,2022-01,0,index,ohsome,2022-01-31,,2026-07-29,ok,0
osm_tourist_retail,dist-28079-13,district,2022-02,0,index,ohsome,2022-02-28,,2026-07-29,ok,0
osm_tourist_retail,dist-28079-13,district,2022-03,0,index,ohsome,2022-03-31,,2026-07-29,ok,0
osm_tourist_retail,dist-28079-13,district,2022-04,0,index,ohsome,2022-04-30,,2026-07-29,ok,0
osm_tourist_retail,dist-28079-13,district,2022-05,0,index,ohsome,2022-05-31,,2026-07-29,ok,0
osm_tourist_retail,dist-28079-13,district,2022-06,0,index,ohsome,2022-06-30,,2026-07-29,ok,0
osm_tourist_retail,dist-28079-13,district,2022-07,0,index,ohsome,2022-07-31,,2026-07-29,ok,0
osm_tourist_retail,dist-28079-13,district,2022-08,0,index,ohsome,2022-08-31,,2026-07-29,ok,0
osm_tourist_retail,dist-28079-13,district,2022-09,0,index,ohsome,2022-09-30,,2026-07-29,ok,0
osm_tourist_retail,dist-28079-13,district,2022-10,0,index,ohsome,2022-10-31,,2026-07-29,ok,0
osm_tourist_retail,dist-28079-13,district,2022-11,0,index,ohsome,2022-11-30,,2026-07-29,ok,0
osm_tourist_retail,dist-28079-13,district,2022-12,0,index,ohsome,2022-12-31,,2026-07-29,ok,0
osm_tourist_retail,dist-28079-13,district,2023-01,0,index,ohsome,2023-01-31,,2026-07-29,ok,0
osm_tourist_retail,dist-28079-13,district,2023-02,0,index,ohsome,2023-02-28,,2026-07-29,ok,0
osm_tourist_retail,dist-28079-13,district,2023-03,0,index,ohsome,2023-03-31,,2026-07-29,ok,0
osm_tourist_retail,dist-28079-13,district,2023-04,0,index,ohsome,2023-04-30,,2026-07-29,ok,0
osm_tourist_retail,dist-28079-13,district,2023-05,0,index,ohsome,2023-05-31,,2026-07-29,ok,0
osm_tourist_retail,dist-28079-13,district,2023-06,0,index,ohsome,2023-06-30,,2026-07-29,ok,0
osm_tourist_retail,dist-28079-13,district,2023-07,0,index,ohsome,2023-07-31,,2026-07-29,ok,0
osm_tourist_retail,dist-28079-13,district,2023-08,0,index,ohsome,2023-08-31,,2026-07-29,ok,0
osm_tourist_retail,dist-28079-13,district,2023-09,0,index,ohsome,2023-09-30,,2026-07-29,ok,0
osm_tourist_retail,dist-28079-13,district,2023-10,0,index,ohsome,2023-10-31,,2026-07-29,ok,0
osm_tourist_retail,dist-28079-13,district,2023-11,0,index,ohsome,2023-11-30,,2026-07-29,ok,0
osm_tourist_retail,dist-28079-13,district,2023-12,0,index,ohsome,2023-12-31,,2026-07-29,ok,0
osm_tourist_retail,dist-28079-13,district,2024-01,0,index,ohsome,2024-01-31,,2026-07-29,ok,0
osm_tourist_retail,dist-28079-13,district,2024-02,0,index,ohsome,2024-02-29,,2026-07-29,ok,0
osm_tourist_retail,dist-28079-13,district,2024-03,0,index,ohsome,2024-03-31,,2026-07-29,ok,0
osm_tourist_retail,dist-28079-13,district,2024-04,0,index,ohsome,2024-04-30,,2026-07-29,ok,0
osm_tourist_retail,dist-28079-13,district,2024-05,0,index,ohsome,2024-05-31,,2026-07-29,ok,0
osm_tourist_retail,dist-28079-13,district,2024-06,0,index,ohsome,2024-06-30,,2026-07-29,ok,0
osm_tourist_retail,dist-28079-13,district,2024-07,0,index,ohsome,2024-07-31,,2026-07-29,ok,0
osm_tourist_retail,dist-28079-13,district,2024-08,0,index,ohsome,2024-08-31,,2026-07-29,ok,0
osm_tourist_retail,dist-28079-13,district,2024-09,0,index,ohsome,2024-09-30,,2026-07-29,ok,0
osm_tourist_retail,dist-28079-13,district,2024-10,0,index,ohsome,2024-10-31,,2026-07-29,ok,0
osm_tourist_retail,dist-28079-13,district,2024-11,0,index,ohsome,2024-11-30,,2026-07-29,ok,0
osm_tourist_retail,dist-28079-13,district,2024-12,0,index,ohsome,2024-12-31,,2026-07-29,ok,0
osm_tourist_retail,dist-28079-13,district,2025-01,0,index,ohsome,2025-01-31,,2026-07-29,ok,0
osm_tourist_retail,dist-28079-13,district,2025-02,0,index,ohsome,2025-02-28,,2026-07-29,ok,0
osm_tourist_retail,dist-28079-13,district,2025-03,0,index,ohsome,2025-03-31,,2026-07-29,ok,0
osm_tourist_retail,dist-28079-13,district,2025-04,0,index,ohsome,2025-04-30,,2026-07-29,ok,0
osm_tourist_retail,dist-28079-13,district,2025-05,0,index,ohsome,2025-05-31,,2026-07-29,ok,0
osm_tourist_retail,dist-28079-13,district,2025-06,0,index,ohsome,2025-06-30,,2026-07-29,ok,0
osm_tourist_retail,dist-28079-13,district,2025-07,0,index,ohsome,2025-07-31,,2026-07-29,ok,0
osm_tourist_retail,dist-28079-13,district,2025-08,0,index,ohsome,2025-08-31,,2026-07-29,ok,0
osm_tourist_retail,dist-28079-13,district,2025-09,0,index,ohsome,2025-09-30,,2026-07-29,ok,0
osm_tourist_retail,dist-28079-13,district,2025-10,0,index,ohsome,2025-10-31,,2026-07-29,ok,0
osm_tourist_retail,dist-28079-13,district,2025-11,0,index,ohsome,2025-11-30,,2026-07-29,ok,0
osm_tourist_retail,dist-28079-13,district,2025-12,0,index,ohsome,2025-12-31,,2026-07-29,ok,0
osm_tourist_retail,dist-28079-13,district,2026-01,0,index,ohsome,2026-01-31,,2026-07-29,ok,0
osm_tourist_retail,dist-28079-13,district,2026-02,0,index,ohsome,2026-02-28,,2026-07-29,ok,0
osm_tourist_retail,dist-28079-13,district,2026-03,0,index,ohsome,2026-03-31,,2026-07-29,ok,0
osm_tourist_retail,dist-28079-13,district,2026-04,0,index,ohsome,2026-04-30,,2026-07-29,ok,0
osm_tourist_retail,dist-28079-13,district,2026-05,0,index,ohsome,2026-05-31,,2026-07-29,ok,0
osm_tourist_retail,dist-28079-13,district,2026-06,0,index,ohsome,2026-06-30,,2026-07-29,ok,0
osm_tourist_retail,dist-28079-14,district,2019-01,0,index,ohsome,2019-01-31,,2026-07-29,ok,0
osm_tourist_retail,dist-28079-14,district,2019-02,0,index,ohsome,2019-02-28,,2026-07-29,ok,0
osm_tourist_retail,dist-28079-14,district,2019-03,0,index,ohsome,2019-03-31,,2026-07-29,ok,0
osm_tourist_retail,dist-28079-14,district,2019-04,0,index,ohsome,2019-04-30,,2026-07-29,ok,0
osm_tourist_retail,dist-28079-14,district,2019-05,0,index,ohsome,2019-05-31,,2026-07-29,ok,0
osm_tourist_retail,dist-28079-14,district,2019-06,0,index,ohsome,2019-06-30,,2026-07-29,ok,0
osm_tourist_retail,dist-28079-14,district,2019-07,0,index,ohsome,2019-07-31,,2026-07-29,ok,0
osm_tourist_retail,dist-28079-14,district,2019-08,0,index,ohsome,2019-08-31,,2026-07-29,ok,0
osm_tourist_retail,dist-28079-14,district,2019-09,0,index,ohsome,2019-09-30,,2026-07-29,ok,0
osm_tourist_retail,dist-28079-14,district,2019-10,0,index,ohsome,2019-10-31,,2026-07-29,ok,0
osm_tourist_retail,dist-28079-14,district,2019-11,0,index,ohsome,2019-11-30,,2026-07-29,ok,0
osm_tourist_retail,dist-28079-14,district,2019-12,0,index,ohsome,2019-12-31,,2026-07-29,ok,0
osm_tourist_retail,dist-28079-14,district,2020-01,0,index,ohsome,2020-01-31,,2026-07-29,ok,0
osm_tourist_retail,dist-28079-14,district,2020-02,0,index,ohsome,2020-02-29,,2026-07-29,ok,0
osm_tourist_retail,dist-28079-14,district,2020-03,0,index,ohsome,2020-03-31,,2026-07-29,ok,0
osm_tourist_retail,dist-28079-14,district,2020-04,0,index,ohsome,2020-04-30,,2026-07-29,ok,0
osm_tourist_retail,dist-28079-14,district,2020-05,0,index,ohsome,2020-05-31,,2026-07-29,ok,0
osm_tourist_retail,dist-28079-14,district,2020-06,0,index,ohsome,2020-06-30,,2026-07-29,ok,0
osm_tourist_retail,dist-28079-14,district,2020-07,0,index,ohsome,2020-07-31,,2026-07-29,ok,0
osm_tourist_retail,dist-28079-14,district,2020-08,0,index,ohsome,2020-08-31,,2026-07-29,ok,0
osm_tourist_retail,dist-28079-14,district,2020-09,0,index,ohsome,2020-09-30,,2026-07-29,ok,0
osm_tourist_retail,dist-28079-14,district,2020-10,0,index,ohsome,2020-10-31,,2026-07-29,ok,0
osm_tourist_retail,dist-28079-14,district,2020-11,0,index,ohsome,2020-11-30,,2026-07-29,ok,0
osm_tourist_retail,dist-28079-14,district,2020-12,0,index,ohsome,2020-12-31,,2026-07-29,ok,0
osm_tourist_retail,dist-28079-14,district,2021-01,0,index,ohsome,2021-01-31,,2026-07-29,ok,0
osm_tourist_retail,dist-28079-14,district,2021-02,0,index,ohsome,2021-02-28,,2026-07-29,ok,0
osm_tourist_retail,dist-28079-14,district,2021-03,0,index,ohsome,2021-03-31,,2026-07-29,ok,0
osm_tourist_retail,dist-28079-14,district,2021-04,0,index,ohsome,2021-04-30,,2026-07-29,ok,0
osm_tourist_retail,dist-28079-14,district,2021-05,0,index,ohsome,2021-05-31,,2026-07-29,ok,0
osm_tourist_retail,dist-28079-14,district,2021-06,0,index,ohsome,2021-06-30,,2026-07-29,ok,0
osm_tourist_retail,dist-28079-14,district,2021-07,0,index,ohsome,2021-07-31,,2026-07-29,ok,0
osm_tourist_retail,dist-28079-14,district,2021-08,0,index,ohsome,2021-08-31,,2026-07-29,ok,0
osm_tourist_retail,dist-28079-14,district,2021-09,0,index,ohsome,2021-09-30,,2026-07-29,ok,0
osm_tourist_retail,dist-28079-14,district,2021-10,0,index,ohsome,2021-10-31,,2026-07-29,ok,0
osm_tourist_retail,dist-28079-14,district,2021-11,0,index,ohsome,2021-11-30,,2026-07-29,ok,0
osm_tourist_retail,dist-28079-14,district,2021-12,0,index,ohsome,2021-12-31,,2026-07-29,ok,0
osm_tourist_retail,dist-28079-14,district,2022-01,0,index,ohsome,2022-01-31,,2026-07-29,ok,0
osm_tourist_retail,dist-28079-14,district,2022-02,0,index,ohsome,2022-02-28,,2026-07-29,ok,0
osm_tourist_retail,dist-28079-14,district,2022-03,0,index,ohsome,2022-03-31,,2026-07-29,ok,0
osm_tourist_retail,dist-28079-14,district,2022-04,0,index,ohsome,2022-04-30,,2026-07-29,ok,0
osm_tourist_retail,dist-28079-14,district,2022-05,0,index,ohsome,2022-05-31,,2026-07-29,ok,0
osm_tourist_retail,dist-28079-14,district,2022-06,0,index,ohsome,2022-06-30,,2026-07-29,ok,0
osm_tourist_retail,dist-28079-14,district,2022-07,0,index,ohsome,2022-07-31,,2026-07-29,ok,0
osm_tourist_retail,dist-28079-14,district,2022-08,0,index,ohsome,2022-08-31,,2026-07-29,ok,0
osm_tourist_retail,dist-28079-14,district,2022-09,0,index,ohsome,2022-09-30,,2026-07-29,ok,0
osm_tourist_retail,dist-28079-14,district,2022-10,0,index,ohsome,2022-10-31,,2026-07-29,ok,0
osm_tourist_retail,dist-28079-14,district,2022-11,0,index,ohsome,2022-11-30,,2026-07-29,ok,0
osm_tourist_retail,dist-28079-14,district,2022-12,0,index,ohsome,2022-12-31,,2026-07-29,ok,0
osm_tourist_retail,dist-28079-14,district,2023-01,0,index,ohsome,2023-01-31,,2026-07-29,ok,0
osm_tourist_retail,dist-28079-14,district,2023-02,0,index,ohsome,2023-02-28,,2026-07-29,ok,0
osm_tourist_retail,dist-28079-14,district,2023-03,0,index,ohsome,2023-03-31,,2026-07-29,ok,0
osm_tourist_retail,dist-28079-14,district,2023-04,0,index,ohsome,2023-04-30,,2026-07-29,ok,0
osm_tourist_retail,dist-28079-14,district,2023-05,0,index,ohsome,2023-05-31,,2026-07-29,ok,0
osm_tourist_retail,dist-28079-14,district,2023-06,0,index,ohsome,2023-06-30,,2026-07-29,ok,0
osm_tourist_retail,dist-28079-14,district,2023-07,0,index,ohsome,2023-07-31,,2026-07-29,ok,0
osm_tourist_retail,dist-28079-14,district,2023-08,0,index,ohsome,2023-08-31,,2026-07-29,ok,0
osm_tourist_retail,dist-28079-14,district,2023-09,0,index,ohsome,2023-09-30,,2026-07-29,ok,0
osm_tourist_retail,dist-28079-14,district,2023-10,0,index,ohsome,2023-10-31,,2026-07-29,ok,0
osm_tourist_retail,dist-28079-14,district,2023-11,0,index,ohsome,2023-11-30,,2026-07-29,ok,0
osm_tourist_retail,dist-28079-14,district,2023-12,0,index,ohsome,2023-12-31,,2026-07-29,ok,0
osm_tourist_retail,dist-28079-14,district,2024-01,0,index,ohsome,2024-01-31,,2026-07-29,ok,0
osm_tourist_retail,dist-28079-14,district,2024-02,0,index,ohsome,2024-02-29,,2026-07-29,ok,0
osm_tourist_retail,dist-28079-14,district,2024-03,0,index,ohsome,2024-03-31,,2026-07-29,ok,0
osm_tourist_retail,dist-28079-14,district,2024-04,0,index,ohsome,2024-04-30,,2026-07-29,ok,0
osm_tourist_retail,dist-28079-14,district,2024-05,0,index,ohsome,2024-05-31,,2026-07-29,ok,0
osm_tourist_retail,dist-28079-14,district,2024-06,0,index,ohsome,2024-06-30,,2026-07-29,ok,0
osm_tourist_retail,dist-28079-14,district,2024-07,0,index,ohsome,2024-07-31,,2026-07-29,ok,0
osm_tourist_retail,dist-28079-14,district,2024-08,0,index,ohsome,2024-08-31,,2026-07-29,ok,0
osm_tourist_retail,dist-28079-14,district,2024-09,0,index,ohsome,2024-09-30,,2026-07-29,ok,0
osm_tourist_retail,dist-28079-14,district,2024-10,0,index,ohsome,2024-10-31,,2026-07-29,ok,0
osm_tourist_retail,dist-28079-14,district,2024-11,0,index,ohsome,2024-11-30,,2026-07-29,ok,0
osm_tourist_retail,dist-28079-14,district,2024-12,0,index,ohsome,2024-12-31,,2026-07-29,ok,0
osm_tourist_retail,dist-28079-14,district,2025-01,0,index,ohsome,2025-01-31,,2026-07-29,ok,0
osm_tourist_retail,dist-28079-14,district,2025-02,0,index,ohsome,2025-02-28,,2026-07-29,ok,0
osm_tourist_retail,dist-28079-14,district,2025-03,0,index,ohsome,2025-03-31,,2026-07-29,ok,0
osm_tourist_retail,dist-28079-14,district,2025-04,0,index,ohsome,2025-04-30,,2026-07-29,ok,0
osm_tourist_retail,dist-28079-14,district,2025-05,0,index,ohsome,2025-05-31,,2026-07-29,ok,0
osm_tourist_retail,dist-28079-14,district,2025-06,0,index,ohsome,2025-06-30,,2026-07-29,ok,0
osm_tourist_retail,dist-28079-14,district,2025-07,0,index,ohsome,2025-07-31,,2026-07-29,ok,0
osm_tourist_retail,dist-28079-14,district,2025-08,0,index,ohsome,2025-08-31,,2026-07-29,ok,0
osm_tourist_retail,dist-28079-14,district,2025-09,0,index,ohsome,2025-09-30,,2026-07-29,ok,0
osm_tourist_retail,dist-28079-14,district,2025-10,0,index,ohsome,2025-10-31,,2026-07-29,ok,0
osm_tourist_retail,dist-28079-14,district,2025-11,0,index,ohsome,2025-11-30,,2026-07-29,ok,0
osm_tourist_retail,dist-28079-14,district,2025-12,0,index,ohsome,2025-12-31,,2026-07-29,ok,0
osm_tourist_retail,dist-28079-14,district,2026-01,0,index,ohsome,2026-01-31,,2026-07-29,ok,0
osm_tourist_retail,dist-28079-14,district,2026-02,0,index,ohsome,2026-02-28,,2026-07-29,ok,0
osm_tourist_retail,dist-28079-14,district,2026-03,0,index,ohsome,2026-03-31,,2026-07-29,ok,0
osm_tourist_retail,dist-28079-14,district,2026-04,0,index,ohsome,2026-04-30,,2026-07-29,ok,0
osm_tourist_retail,dist-28079-14,district,2026-05,0,index,ohsome,2026-05-31,,2026-07-29,ok,0
osm_tourist_retail,dist-28079-14,district,2026-06,0,index,ohsome,2026-06-30,,2026-07-29,ok,0
osm_tourist_retail,dist-28079-15,district,2019-01,1.935,index,ohsome,2019-01-31,,2026-07-29,ok,0
osm_tourist_retail,dist-28079-15,district,2019-02,1.935,index,ohsome,2019-02-28,,2026-07-29,ok,0
osm_tourist_retail,dist-28079-15,district,2019-03,1.935,index,ohsome,2019-03-31,,2026-07-29,ok,0
osm_tourist_retail,dist-28079-15,district,2019-04,1.935,index,ohsome,2019-04-30,,2026-07-29,ok,0
osm_tourist_retail,dist-28079-15,district,2019-05,1.935,index,ohsome,2019-05-31,,2026-07-29,ok,0
osm_tourist_retail,dist-28079-15,district,2019-06,1.942,index,ohsome,2019-06-30,,2026-07-29,ok,0
osm_tourist_retail,dist-28079-15,district,2019-07,1.942,index,ohsome,2019-07-31,,2026-07-29,ok,0
osm_tourist_retail,dist-28079-15,district,2019-08,1.942,index,ohsome,2019-08-31,,2026-07-29,ok,0
osm_tourist_retail,dist-28079-15,district,2019-09,1.942,index,ohsome,2019-09-30,,2026-07-29,ok,0
osm_tourist_retail,dist-28079-15,district,2019-10,1.942,index,ohsome,2019-10-31,,2026-07-29,ok,0
osm_tourist_retail,dist-28079-15,district,2019-11,1.942,index,ohsome,2019-11-30,,2026-07-29,ok,0
osm_tourist_retail,dist-28079-15,district,2019-12,1.942,index,ohsome,2019-12-31,,2026-07-29,ok,0
osm_tourist_retail,dist-28079-15,district,2020-01,1.942,index,ohsome,2020-01-31,,2026-07-29,ok,0
osm_tourist_retail,dist-28079-15,district,2020-02,1.942,index,ohsome,2020-02-29,,2026-07-29,ok,0
osm_tourist_retail,dist-28079-15,district,2020-03,1.942,index,ohsome,2020-03-31,,2026-07-29,ok,0
osm_tourist_retail,dist-28079-15,district,2020-04,1.942,index,ohsome,2020-04-30,,2026-07-29,ok,0
osm_tourist_retail,dist-28079-15,district,2020-05,1.942,index,ohsome,2020-05-31,,2026-07-29,ok,0
osm_tourist_retail,dist-28079-15,district,2020-06,1.942,index,ohsome,2020-06-30,,2026-07-29,ok,0
osm_tourist_retail,dist-28079-15,district,2020-07,1.942,index,ohsome,2020-07-31,,2026-07-29,ok,0
osm_tourist_retail,dist-28079-15,district,2020-08,1.942,index,ohsome,2020-08-31,,2026-07-29,ok,0
osm_tourist_retail,dist-28079-15,district,2020-09,1.942,index,ohsome,2020-09-30,,2026-07-29,ok,0
osm_tourist_retail,dist-28079-15,district,2020-10,1.942,index,ohsome,2020-10-31,,2026-07-29,ok,0
osm_tourist_retail,dist-28079-15,district,2020-11,1.948,index,ohsome,2020-11-30,,2026-07-29,ok,0
osm_tourist_retail,dist-28079-15,district,2020-12,1.948,index,ohsome,2020-12-31,,2026-07-29,ok,0
osm_tourist_retail,dist-28079-15,district,2021-01,1.948,index,ohsome,2021-01-31,,2026-07-29,ok,0
osm_tourist_retail,dist-28079-15,district,2021-02,1.948,index,ohsome,2021-02-28,,2026-07-29,ok,0
osm_tourist_retail,dist-28079-15,district,2021-03,1.948,index,ohsome,2021-03-31,,2026-07-29,ok,0
osm_tourist_retail,dist-28079-15,district,2021-04,1.948,index,ohsome,2021-04-30,,2026-07-29,ok,0
osm_tourist_retail,dist-28079-15,district,2021-05,1.948,index,ohsome,2021-05-31,,2026-07-29,ok,0
osm_tourist_retail,dist-28079-15,district,2021-06,1.948,index,ohsome,2021-06-30,,2026-07-29,ok,0
osm_tourist_retail,dist-28079-15,district,2021-07,1.948,index,ohsome,2021-07-31,,2026-07-29,ok,0
osm_tourist_retail,dist-28079-15,district,2021-08,1.948,index,ohsome,2021-08-31,,2026-07-29,ok,0
osm_tourist_retail,dist-28079-15,district,2021-09,1.948,index,ohsome,2021-09-30,,2026-07-29,ok,0
osm_tourist_retail,dist-28079-15,district,2021-10,1.942,index,ohsome,2021-10-31,,2026-07-29,ok,0
osm_tourist_retail,dist-28079-15,district,2021-11,1.942,index,ohsome,2021-11-30,,2026-07-29,ok,0
osm_tourist_retail,dist-28079-15,district,2021-12,1.942,index,ohsome,2021-12-31,,2026-07-29,ok,0
osm_tourist_retail,dist-28079-15,district,2022-01,1.935,index,ohsome,2022-01-31,,2026-07-29,ok,0
osm_tourist_retail,dist-28079-15,district,2022-02,1.935,index,ohsome,2022-02-28,,2026-07-29,ok,0
osm_tourist_retail,dist-28079-15,district,2022-03,1.935,index,ohsome,2022-03-31,,2026-07-29,ok,0
osm_tourist_retail,dist-28079-15,district,2022-04,1.935,index,ohsome,2022-04-30,,2026-07-29,ok,0
osm_tourist_retail,dist-28079-15,district,2022-05,1.935,index,ohsome,2022-05-31,,2026-07-29,ok,0
osm_tourist_retail,dist-28079-15,district,2022-06,1.948,index,ohsome,2022-06-30,,2026-07-29,ok,0
osm_tourist_retail,dist-28079-15,district,2022-07,1.948,index,ohsome,2022-07-31,,2026-07-29,ok,0
osm_tourist_retail,dist-28079-15,district,2022-08,1.948,index,ohsome,2022-08-31,,2026-07-29,ok,0
osm_tourist_retail,dist-28079-15,district,2022-09,1.948,index,ohsome,2022-09-30,,2026-07-29,ok,0
osm_tourist_retail,dist-28079-15,district,2022-10,1.948,index,ohsome,2022-10-31,,2026-07-29,ok,0
osm_tourist_retail,dist-28079-15,district,2022-11,1.948,index,ohsome,2022-11-30,,2026-07-29,ok,0
osm_tourist_retail,dist-28079-15,district,2022-12,1.948,index,ohsome,2022-12-31,,2026-07-29,ok,0
osm_tourist_retail,dist-28079-15,district,2023-01,1.948,index,ohsome,2023-01-31,,2026-07-29,ok,0
osm_tourist_retail,dist-28079-15,district,2023-02,1.948,index,ohsome,2023-02-28,,2026-07-29,ok,0
osm_tourist_retail,dist-28079-15,district,2023-03,1.942,index,ohsome,2023-03-31,,2026-07-29,ok,0
osm_tourist_retail,dist-28079-15,district,2023-04,1.942,index,ohsome,2023-04-30,,2026-07-29,ok,0
osm_tourist_retail,dist-28079-15,district,2023-05,1.942,index,ohsome,2023-05-31,,2026-07-29,ok,0
osm_tourist_retail,dist-28079-15,district,2023-06,1.942,index,ohsome,2023-06-30,,2026-07-29,ok,0
osm_tourist_retail,dist-28079-15,district,2023-07,1.942,index,ohsome,2023-07-31,,2026-07-29,ok,0
osm_tourist_retail,dist-28079-15,district,2023-08,1.942,index,ohsome,2023-08-31,,2026-07-29,ok,0
osm_tourist_retail,dist-28079-15,district,2023-09,1.942,index,ohsome,2023-09-30,,2026-07-29,ok,0
osm_tourist_retail,dist-28079-15,district,2023-10,1.942,index,ohsome,2023-10-31,,2026-07-29,ok,0
osm_tourist_retail,dist-28079-15,district,2023-11,1.942,index,ohsome,2023-11-30,,2026-07-29,ok,0
osm_tourist_retail,dist-28079-15,district,2023-12,1.942,index,ohsome,2023-12-31,,2026-07-29,ok,0
osm_tourist_retail,dist-28079-15,district,2024-01,1.942,index,ohsome,2024-01-31,,2026-07-29,ok,0
osm_tourist_retail,dist-28079-15,district,2024-02,1.942,index,ohsome,2024-02-29,,2026-07-29,ok,0
osm_tourist_retail,dist-28079-15,district,2024-03,1.942,index,ohsome,2024-03-31,,2026-07-29,ok,0
osm_tourist_retail,dist-28079-15,district,2024-04,1.942,index,ohsome,2024-04-30,,2026-07-29,ok,0
osm_tourist_retail,dist-28079-15,district,2024-05,1.942,index,ohsome,2024-05-31,,2026-07-29,ok,0
osm_tourist_retail,dist-28079-15,district,2024-06,1.942,index,ohsome,2024-06-30,,2026-07-29,ok,0
osm_tourist_retail,dist-28079-15,district,2024-07,1.942,index,ohsome,2024-07-31,,2026-07-29,ok,0
osm_tourist_retail,dist-28079-15,district,2024-08,1.942,index,ohsome,2024-08-31,,2026-07-29,ok,0
osm_tourist_retail,dist-28079-15,district,2024-09,1.948,index,ohsome,2024-09-30,,2026-07-29,ok,0
osm_tourist_retail,dist-28079-15,district,2024-10,1.942,index,ohsome,2024-10-31,,2026-07-29,ok,0
osm_tourist_retail,dist-28079-15,district,2024-11,1.942,index,ohsome,2024-11-30,,2026-07-29,ok,0
osm_tourist_retail,dist-28079-15,district,2024-12,1.942,index,ohsome,2024-12-31,,2026-07-29,ok,0
osm_tourist_retail,dist-28079-15,district,2025-01,1.942,index,ohsome,2025-01-31,,2026-07-29,ok,0
osm_tourist_retail,dist-28079-15,district,2025-02,1.942,index,ohsome,2025-02-28,,2026-07-29,ok,0
osm_tourist_retail,dist-28079-15,district,2025-03,1.948,index,ohsome,2025-03-31,,2026-07-29,ok,0
osm_tourist_retail,dist-28079-15,district,2025-04,1.948,index,ohsome,2025-04-30,,2026-07-29,ok,0
osm_tourist_retail,dist-28079-15,district,2025-05,1.948,index,ohsome,2025-05-31,,2026-07-29,ok,0
osm_tourist_retail,dist-28079-15,district,2025-06,1.948,index,ohsome,2025-06-30,,2026-07-29,ok,0
osm_tourist_retail,dist-28079-15,district,2025-07,1.948,index,ohsome,2025-07-31,,2026-07-29,ok,0
osm_tourist_retail,dist-28079-15,district,2025-08,1.948,index,ohsome,2025-08-31,,2026-07-29,ok,0
osm_tourist_retail,dist-28079-15,district,2025-09,1.948,index,ohsome,2025-09-30,,2026-07-29,ok,0
osm_tourist_retail,dist-28079-15,district,2025-10,1.948,index,ohsome,2025-10-31,,2026-07-29,ok,0
osm_tourist_retail,dist-28079-15,district,2025-11,1.948,index,ohsome,2025-11-30,,2026-07-29,ok,0
osm_tourist_retail,dist-28079-15,district,2025-12,1.948,index,ohsome,2025-12-31,,2026-07-29,ok,0
osm_tourist_retail,dist-28079-15,district,2026-01,1.935,index,ohsome,2026-01-31,,2026-07-29,ok,0
osm_tourist_retail,dist-28079-15,district,2026-02,1.929,index,ohsome,2026-02-28,,2026-07-29,ok,0
osm_tourist_retail,dist-28079-15,district,2026-03,1.929,index,ohsome,2026-03-31,,2026-07-29,ok,0
osm_tourist_retail,dist-28079-15,district,2026-04,1.929,index,ohsome,2026-04-30,,2026-07-29,ok,0
osm_tourist_retail,dist-28079-15,district,2026-05,1.929,index,ohsome,2026-05-31,,2026-07-29,ok,0
osm_tourist_retail,dist-28079-15,district,2026-06,1.929,index,ohsome,2026-06-30,,2026-07-29,ok,0
osm_tourist_retail,dist-28079-16,district,2019-01,0.855,index,ohsome,2019-01-31,,2026-07-29,ok,0
osm_tourist_retail,dist-28079-16,district,2019-02,0.855,index,ohsome,2019-02-28,,2026-07-29,ok,0
osm_tourist_retail,dist-28079-16,district,2019-03,0.855,index,ohsome,2019-03-31,,2026-07-29,ok,0
osm_tourist_retail,dist-28079-16,district,2019-04,0.862,index,ohsome,2019-04-30,,2026-07-29,ok,0
osm_tourist_retail,dist-28079-16,district,2019-05,0.862,index,ohsome,2019-05-31,,2026-07-29,ok,0
osm_tourist_retail,dist-28079-16,district,2019-06,0.855,index,ohsome,2019-06-30,,2026-07-29,ok,0
osm_tourist_retail,dist-28079-16,district,2019-07,0.855,index,ohsome,2019-07-31,,2026-07-29,ok,0
osm_tourist_retail,dist-28079-16,district,2019-08,0.855,index,ohsome,2019-08-31,,2026-07-29,ok,0
osm_tourist_retail,dist-28079-16,district,2019-09,0.855,index,ohsome,2019-09-30,,2026-07-29,ok,0
osm_tourist_retail,dist-28079-16,district,2019-10,0.855,index,ohsome,2019-10-31,,2026-07-29,ok,0
osm_tourist_retail,dist-28079-16,district,2019-11,0.855,index,ohsome,2019-11-30,,2026-07-29,ok,0
osm_tourist_retail,dist-28079-16,district,2019-12,0.855,index,ohsome,2019-12-31,,2026-07-29,ok,0
osm_tourist_retail,dist-28079-16,district,2020-01,0.855,index,ohsome,2020-01-31,,2026-07-29,ok,0
osm_tourist_retail,dist-28079-16,district,2020-02,0.855,index,ohsome,2020-02-29,,2026-07-29,ok,0
osm_tourist_retail,dist-28079-16,district,2020-03,0.855,index,ohsome,2020-03-31,,2026-07-29,ok,0
osm_tourist_retail,dist-28079-16,district,2020-04,0.855,index,ohsome,2020-04-30,,2026-07-29,ok,0
osm_tourist_retail,dist-28079-16,district,2020-05,0.855,index,ohsome,2020-05-31,,2026-07-29,ok,0
osm_tourist_retail,dist-28079-16,district,2020-06,0.855,index,ohsome,2020-06-30,,2026-07-29,ok,0
osm_tourist_retail,dist-28079-16,district,2020-07,0.855,index,ohsome,2020-07-31,,2026-07-29,ok,0
osm_tourist_retail,dist-28079-16,district,2020-08,0.855,index,ohsome,2020-08-31,,2026-07-29,ok,0
osm_tourist_retail,dist-28079-16,district,2020-09,0.833,index,ohsome,2020-09-30,,2026-07-29,ok,0
osm_tourist_retail,dist-28079-16,district,2020-10,0.833,index,ohsome,2020-10-31,,2026-07-29,ok,0
osm_tourist_retail,dist-28079-16,district,2020-11,0.84,index,ohsome,2020-11-30,,2026-07-29,ok,0
osm_tourist_retail,dist-28079-16,district,2020-12,0.84,index,ohsome,2020-12-31,,2026-07-29,ok,0
osm_tourist_retail,dist-28079-16,district,2021-01,0.826,index,ohsome,2021-01-31,,2026-07-29,ok,0
osm_tourist_retail,dist-28079-16,district,2021-02,0.826,index,ohsome,2021-02-28,,2026-07-29,ok,0
osm_tourist_retail,dist-28079-16,district,2021-03,0.826,index,ohsome,2021-03-31,,2026-07-29,ok,0
osm_tourist_retail,dist-28079-16,district,2021-04,0.826,index,ohsome,2021-04-30,,2026-07-29,ok,0
osm_tourist_retail,dist-28079-16,district,2021-05,0.826,index,ohsome,2021-05-31,,2026-07-29,ok,0
osm_tourist_retail,dist-28079-16,district,2021-06,0.826,index,ohsome,2021-06-30,,2026-07-29,ok,0
osm_tourist_retail,dist-28079-16,district,2021-07,0.826,index,ohsome,2021-07-31,,2026-07-29,ok,0
osm_tourist_retail,dist-28079-16,district,2021-08,0.82,index,ohsome,2021-08-31,,2026-07-29,ok,0
osm_tourist_retail,dist-28079-16,district,2021-09,0.82,index,ohsome,2021-09-30,,2026-07-29,ok,0
osm_tourist_retail,dist-28079-16,district,2021-10,0.82,index,ohsome,2021-10-31,,2026-07-29,ok,0
osm_tourist_retail,dist-28079-16,district,2021-11,0.82,index,ohsome,2021-11-30,,2026-07-29,ok,0
osm_tourist_retail,dist-28079-16,district,2021-12,0.82,index,ohsome,2021-12-31,,2026-07-29,ok,0
osm_tourist_retail,dist-28079-16,district,2022-01,0.82,index,ohsome,2022-01-31,,2026-07-29,ok,0
osm_tourist_retail,dist-28079-16,district,2022-02,0.82,index,ohsome,2022-02-28,,2026-07-29,ok,0
osm_tourist_retail,dist-28079-16,district,2022-03,0.82,index,ohsome,2022-03-31,,2026-07-29,ok,0
osm_tourist_retail,dist-28079-16,district,2022-04,0.82,index,ohsome,2022-04-30,,2026-07-29,ok,0
osm_tourist_retail,dist-28079-16,district,2022-05,0.813,index,ohsome,2022-05-31,,2026-07-29,ok,0
osm_tourist_retail,dist-28079-16,district,2022-06,0.82,index,ohsome,2022-06-30,,2026-07-29,ok,0
osm_tourist_retail,dist-28079-16,district,2022-07,0.82,index,ohsome,2022-07-31,,2026-07-29,ok,0
osm_tourist_retail,dist-28079-16,district,2022-08,0.826,index,ohsome,2022-08-31,,2026-07-29,ok,0
osm_tourist_retail,dist-28079-16,district,2022-09,0.826,index,ohsome,2022-09-30,,2026-07-29,ok,0
osm_tourist_retail,dist-28079-16,district,2022-10,0.826,index,ohsome,2022-10-31,,2026-07-29,ok,0
osm_tourist_retail,dist-28079-16,district,2022-11,0.826,index,ohsome,2022-11-30,,2026-07-29,ok,0
osm_tourist_retail,dist-28079-16,district,2022-12,0.826,index,ohsome,2022-12-31,,2026-07-29,ok,0
osm_tourist_retail,dist-28079-16,district,2023-01,0.826,index,ohsome,2023-01-31,,2026-07-29,ok,0
osm_tourist_retail,dist-28079-16,district,2023-02,0.826,index,ohsome,2023-02-28,,2026-07-29,ok,0
osm_tourist_retail,dist-28079-16,district,2023-03,0.82,index,ohsome,2023-03-31,,2026-07-29,ok,0
osm_tourist_retail,dist-28079-16,district,2023-04,0.82,index,ohsome,2023-04-30,,2026-07-29,ok,0
osm_tourist_retail,dist-28079-16,district,2023-05,0.826,index,ohsome,2023-05-31,,2026-07-29,ok,0
osm_tourist_retail,dist-28079-16,district,2023-06,0.826,index,ohsome,2023-06-30,,2026-07-29,ok,0
osm_tourist_retail,dist-28079-16,district,2023-07,0.826,index,ohsome,2023-07-31,,2026-07-29,ok,0
osm_tourist_retail,dist-28079-16,district,2023-08,0.826,index,ohsome,2023-08-31,,2026-07-29,ok,0
osm_tourist_retail,dist-28079-16,district,2023-09,0.826,index,ohsome,2023-09-30,,2026-07-29,ok,0
osm_tourist_retail,dist-28079-16,district,2023-10,0.826,index,ohsome,2023-10-31,,2026-07-29,ok,0
osm_tourist_retail,dist-28079-16,district,2023-11,0.826,index,ohsome,2023-11-30,,2026-07-29,ok,0
osm_tourist_retail,dist-28079-16,district,2023-12,0.826,index,ohsome,2023-12-31,,2026-07-29,ok,0
osm_tourist_retail,dist-28079-16,district,2024-01,0.826,index,ohsome,2024-01-31,,2026-07-29,ok,0
osm_tourist_retail,dist-28079-16,district,2024-02,0.826,index,ohsome,2024-02-29,,2026-07-29,ok,0
osm_tourist_retail,dist-28079-16,district,2024-03,0.826,index,ohsome,2024-03-31,,2026-07-29,ok,0
osm_tourist_retail,dist-28079-16,district,2024-04,0.826,index,ohsome,2024-04-30,,2026-07-29,ok,0
osm_tourist_retail,dist-28079-16,district,2024-05,0.826,index,ohsome,2024-05-31,,2026-07-29,ok,0
osm_tourist_retail,dist-28079-16,district,2024-06,0.826,index,ohsome,2024-06-30,,2026-07-29,ok,0
osm_tourist_retail,dist-28079-16,district,2024-07,0.826,index,ohsome,2024-07-31,,2026-07-29,ok,0
osm_tourist_retail,dist-28079-16,district,2024-08,0.826,index,ohsome,2024-08-31,,2026-07-29,ok,0
osm_tourist_retail,dist-28079-16,district,2024-09,0.826,index,ohsome,2024-09-30,,2026-07-29,ok,0
osm_tourist_retail,dist-28079-16,district,2024-10,0.82,index,ohsome,2024-10-31,,2026-07-29,ok,0
osm_tourist_retail,dist-28079-16,district,2024-11,0.82,index,ohsome,2024-11-30,,2026-07-29,ok,0
osm_tourist_retail,dist-28079-16,district,2024-12,0.82,index,ohsome,2024-12-31,,2026-07-29,ok,0
osm_tourist_retail,dist-28079-16,district,2025-01,0.8,index,ohsome,2025-01-31,,2026-07-29,ok,0
osm_tourist_retail,dist-28079-16,district,2025-02,0.806,index,ohsome,2025-02-28,,2026-07-29,ok,0
osm_tourist_retail,dist-28079-16,district,2025-03,0.806,index,ohsome,2025-03-31,,2026-07-29,ok,0
osm_tourist_retail,dist-28079-16,district,2025-04,0.806,index,ohsome,2025-04-30,,2026-07-29,ok,0
osm_tourist_retail,dist-28079-16,district,2025-05,0.806,index,ohsome,2025-05-31,,2026-07-29,ok,0
osm_tourist_retail,dist-28079-16,district,2025-06,0.806,index,ohsome,2025-06-30,,2026-07-29,ok,0
osm_tourist_retail,dist-28079-16,district,2025-07,0.8,index,ohsome,2025-07-31,,2026-07-29,ok,0
osm_tourist_retail,dist-28079-16,district,2025-08,0.8,index,ohsome,2025-08-31,,2026-07-29,ok,0
osm_tourist_retail,dist-28079-16,district,2025-09,0.8,index,ohsome,2025-09-30,,2026-07-29,ok,0
osm_tourist_retail,dist-28079-16,district,2025-10,0.8,index,ohsome,2025-10-31,,2026-07-29,ok,0
osm_tourist_retail,dist-28079-16,district,2025-11,0.8,index,ohsome,2025-11-30,,2026-07-29,ok,0
osm_tourist_retail,dist-28079-16,district,2025-12,0.8,index,ohsome,2025-12-31,,2026-07-29,ok,0
osm_tourist_retail,dist-28079-16,district,2026-01,0.787,index,ohsome,2026-01-31,,2026-07-29,ok,0
osm_tourist_retail,dist-28079-16,district,2026-02,0.781,index,ohsome,2026-02-28,,2026-07-29,ok,0
osm_tourist_retail,dist-28079-16,district,2026-03,0.781,index,ohsome,2026-03-31,,2026-07-29,ok,0
osm_tourist_retail,dist-28079-16,district,2026-04,0.781,index,ohsome,2026-04-30,,2026-07-29,ok,0
osm_tourist_retail,dist-28079-16,district,2026-05,0.781,index,ohsome,2026-05-31,,2026-07-29,ok,0
osm_tourist_retail,dist-28079-16,district,2026-06,0.775,index,ohsome,2026-06-30,,2026-07-29,ok,0
osm_tourist_retail,dist-28079-17,district,2019-01,1.786,index,ohsome,2019-01-31,,2026-07-29,ok,0
osm_tourist_retail,dist-28079-17,district,2019-02,1.786,index,ohsome,2019-02-28,,2026-07-29,ok,0
osm_tourist_retail,dist-28079-17,district,2019-03,1.786,index,ohsome,2019-03-31,,2026-07-29,ok,0
osm_tourist_retail,dist-28079-17,district,2019-04,1.786,index,ohsome,2019-04-30,,2026-07-29,ok,0
osm_tourist_retail,dist-28079-17,district,2019-05,1.786,index,ohsome,2019-05-31,,2026-07-29,ok,0
osm_tourist_retail,dist-28079-17,district,2019-06,1.786,index,ohsome,2019-06-30,,2026-07-29,ok,0
osm_tourist_retail,dist-28079-17,district,2019-07,1.786,index,ohsome,2019-07-31,,2026-07-29,ok,0
osm_tourist_retail,dist-28079-17,district,2019-08,1.786,index,ohsome,2019-08-31,,2026-07-29,ok,0
osm_tourist_retail,dist-28079-17,district,2019-09,1.786,index,ohsome,2019-09-30,,2026-07-29,ok,0
osm_tourist_retail,dist-28079-17,district,2019-10,1.786,index,ohsome,2019-10-31,,2026-07-29,ok,0
osm_tourist_retail,dist-28079-17,district,2019-11,1.786,index,ohsome,2019-11-30,,2026-07-29,ok,0
osm_tourist_retail,dist-28079-17,district,2019-12,1.786,index,ohsome,2019-12-31,,2026-07-29,ok,0
osm_tourist_retail,dist-28079-17,district,2020-01,1.786,index,ohsome,2020-01-31,,2026-07-29,ok,0
osm_tourist_retail,dist-28079-17,district,2020-02,1.786,index,ohsome,2020-02-29,,2026-07-29,ok,0
osm_tourist_retail,dist-28079-17,district,2020-03,0,index,ohsome,2020-03-31,,2026-07-29,ok,0
osm_tourist_retail,dist-28079-17,district,2020-04,0,index,ohsome,2020-04-30,,2026-07-29,ok,0
osm_tourist_retail,dist-28079-17,district,2020-05,0,index,ohsome,2020-05-31,,2026-07-29,ok,0
osm_tourist_retail,dist-28079-17,district,2020-06,0,index,ohsome,2020-06-30,,2026-07-29,ok,0
osm_tourist_retail,dist-28079-17,district,2020-07,0,index,ohsome,2020-07-31,,2026-07-29,ok,0
osm_tourist_retail,dist-28079-17,district,2020-08,0,index,ohsome,2020-08-31,,2026-07-29,ok,0
osm_tourist_retail,dist-28079-17,district,2020-09,0,index,ohsome,2020-09-30,,2026-07-29,ok,0
osm_tourist_retail,dist-28079-17,district,2020-10,0,index,ohsome,2020-10-31,,2026-07-29,ok,0
osm_tourist_retail,dist-28079-17,district,2020-11,0,index,ohsome,2020-11-30,,2026-07-29,ok,0
osm_tourist_retail,dist-28079-17,district,2020-12,0,index,ohsome,2020-12-31,,2026-07-29,ok,0
osm_tourist_retail,dist-28079-17,district,2021-01,0,index,ohsome,2021-01-31,,2026-07-29,ok,0
osm_tourist_retail,dist-28079-17,district,2021-02,0,index,ohsome,2021-02-28,,2026-07-29,ok,0
osm_tourist_retail,dist-28079-17,district,2021-03,0,index,ohsome,2021-03-31,,2026-07-29,ok,0
osm_tourist_retail,dist-28079-17,district,2021-04,0,index,ohsome,2021-04-30,,2026-07-29,ok,0
osm_tourist_retail,dist-28079-17,district,2021-05,0,index,ohsome,2021-05-31,,2026-07-29,ok,0
osm_tourist_retail,dist-28079-17,district,2021-06,0,index,ohsome,2021-06-30,,2026-07-29,ok,0
osm_tourist_retail,dist-28079-17,district,2021-07,0,index,ohsome,2021-07-31,,2026-07-29,ok,0
osm_tourist_retail,dist-28079-17,district,2021-08,0,index,ohsome,2021-08-31,,2026-07-29,ok,0
osm_tourist_retail,dist-28079-17,district,2021-09,0,index,ohsome,2021-09-30,,2026-07-29,ok,0
osm_tourist_retail,dist-28079-17,district,2021-10,0,index,ohsome,2021-10-31,,2026-07-29,ok,0
osm_tourist_retail,dist-28079-17,district,2021-11,0,index,ohsome,2021-11-30,,2026-07-29,ok,0
osm_tourist_retail,dist-28079-17,district,2021-12,0,index,ohsome,2021-12-31,,2026-07-29,ok,0
osm_tourist_retail,dist-28079-17,district,2022-01,0,index,ohsome,2022-01-31,,2026-07-29,ok,0
osm_tourist_retail,dist-28079-17,district,2022-02,0,index,ohsome,2022-02-28,,2026-07-29,ok,0
osm_tourist_retail,dist-28079-17,district,2022-03,0,index,ohsome,2022-03-31,,2026-07-29,ok,0
osm_tourist_retail,dist-28079-17,district,2022-04,0,index,ohsome,2022-04-30,,2026-07-29,ok,0
osm_tourist_retail,dist-28079-17,district,2022-05,0,index,ohsome,2022-05-31,,2026-07-29,ok,0
osm_tourist_retail,dist-28079-17,district,2022-06,0,index,ohsome,2022-06-30,,2026-07-29,ok,0
osm_tourist_retail,dist-28079-17,district,2022-07,0,index,ohsome,2022-07-31,,2026-07-29,ok,0
osm_tourist_retail,dist-28079-17,district,2022-08,0,index,ohsome,2022-08-31,,2026-07-29,ok,0
osm_tourist_retail,dist-28079-17,district,2022-09,0,index,ohsome,2022-09-30,,2026-07-29,ok,0
osm_tourist_retail,dist-28079-17,district,2022-10,0,index,ohsome,2022-10-31,,2026-07-29,ok,0
osm_tourist_retail,dist-28079-17,district,2022-11,0,index,ohsome,2022-11-30,,2026-07-29,ok,0
osm_tourist_retail,dist-28079-17,district,2022-12,0,index,ohsome,2022-12-31,,2026-07-29,ok,0
osm_tourist_retail,dist-28079-17,district,2023-01,0,index,ohsome,2023-01-31,,2026-07-29,ok,0
osm_tourist_retail,dist-28079-17,district,2023-02,0,index,ohsome,2023-02-28,,2026-07-29,ok,0
osm_tourist_retail,dist-28079-17,district,2023-03,0,index,ohsome,2023-03-31,,2026-07-29,ok,0
osm_tourist_retail,dist-28079-17,district,2023-04,0,index,ohsome,2023-04-30,,2026-07-29,ok,0
osm_tourist_retail,dist-28079-17,district,2023-05,0,index,ohsome,2023-05-31,,2026-07-29,ok,0
osm_tourist_retail,dist-28079-17,district,2023-06,0,index,ohsome,2023-06-30,,2026-07-29,ok,0
osm_tourist_retail,dist-28079-17,district,2023-07,0,index,ohsome,2023-07-31,,2026-07-29,ok,0
osm_tourist_retail,dist-28079-17,district,2023-08,0,index,ohsome,2023-08-31,,2026-07-29,ok,0
osm_tourist_retail,dist-28079-17,district,2023-09,0,index,ohsome,2023-09-30,,2026-07-29,ok,0
osm_tourist_retail,dist-28079-17,district,2023-10,0,index,ohsome,2023-10-31,,2026-07-29,ok,0
osm_tourist_retail,dist-28079-17,district,2023-11,0,index,ohsome,2023-11-30,,2026-07-29,ok,0
osm_tourist_retail,dist-28079-17,district,2023-12,0,index,ohsome,2023-12-31,,2026-07-29,ok,0
osm_tourist_retail,dist-28079-17,district,2024-01,0,index,ohsome,2024-01-31,,2026-07-29,ok,0
osm_tourist_retail,dist-28079-17,district,2024-02,0,index,ohsome,2024-02-29,,2026-07-29,ok,0
osm_tourist_retail,dist-28079-17,district,2024-03,0,index,ohsome,2024-03-31,,2026-07-29,ok,0
osm_tourist_retail,dist-28079-17,district,2024-04,0,index,ohsome,2024-04-30,,2026-07-29,ok,0
osm_tourist_retail,dist-28079-17,district,2024-05,0,index,ohsome,2024-05-31,,2026-07-29,ok,0
osm_tourist_retail,dist-28079-17,district,2024-06,0,index,ohsome,2024-06-30,,2026-07-29,ok,0
osm_tourist_retail,dist-28079-17,district,2024-07,0,index,ohsome,2024-07-31,,2026-07-29,ok,0
osm_tourist_retail,dist-28079-17,district,2024-08,0,index,ohsome,2024-08-31,,2026-07-29,ok,0
osm_tourist_retail,dist-28079-17,district,2024-09,0,index,ohsome,2024-09-30,,2026-07-29,ok,0
osm_tourist_retail,dist-28079-17,district,2024-10,0,index,ohsome,2024-10-31,,2026-07-29,ok,0
osm_tourist_retail,dist-28079-17,district,2024-11,0,index,ohsome,2024-11-30,,2026-07-29,ok,0
osm_tourist_retail,dist-28079-17,district,2024-12,0,index,ohsome,2024-12-31,,2026-07-29,ok,0
osm_tourist_retail,dist-28079-17,district,2025-01,0,index,ohsome,2025-01-31,,2026-07-29,ok,0
osm_tourist_retail,dist-28079-17,district,2025-02,0,index,ohsome,2025-02-28,,2026-07-29,ok,0
osm_tourist_retail,dist-28079-17,district,2025-03,0,index,ohsome,2025-03-31,,2026-07-29,ok,0
osm_tourist_retail,dist-28079-17,district,2025-04,0,index,ohsome,2025-04-30,,2026-07-29,ok,0
osm_tourist_retail,dist-28079-17,district,2025-05,0,index,ohsome,2025-05-31,,2026-07-29,ok,0
osm_tourist_retail,dist-28079-17,district,2025-06,0,index,ohsome,2025-06-30,,2026-07-29,ok,0
osm_tourist_retail,dist-28079-17,district,2025-07,0,index,ohsome,2025-07-31,,2026-07-29,ok,0
osm_tourist_retail,dist-28079-17,district,2025-08,0,index,ohsome,2025-08-31,,2026-07-29,ok,0
osm_tourist_retail,dist-28079-17,district,2025-09,0,index,ohsome,2025-09-30,,2026-07-29,ok,0
osm_tourist_retail,dist-28079-17,district,2025-10,0,index,ohsome,2025-10-31,,2026-07-29,ok,0
osm_tourist_retail,dist-28079-17,district,2025-11,0,index,ohsome,2025-11-30,,2026-07-29,ok,0
osm_tourist_retail,dist-28079-17,district,2025-12,0,index,ohsome,2025-12-31,,2026-07-29,ok,0
osm_tourist_retail,dist-28079-17,district,2026-01,0,index,ohsome,2026-01-31,,2026-07-29,ok,0
osm_tourist_retail,dist-28079-17,district,2026-02,0,index,ohsome,2026-02-28,,2026-07-29,ok,0
osm_tourist_retail,dist-28079-17,district,2026-03,0,index,ohsome,2026-03-31,,2026-07-29,ok,0
osm_tourist_retail,dist-28079-17,district,2026-04,0,index,ohsome,2026-04-30,,2026-07-29,ok,0
osm_tourist_retail,dist-28079-17,district,2026-05,0,index,ohsome,2026-05-31,,2026-07-29,ok,0
osm_tourist_retail,dist-28079-17,district,2026-06,0,index,ohsome,2026-06-30,,2026-07-29,ok,0
osm_tourist_retail,dist-28079-18,district,2019-01,0,index,ohsome,2019-01-31,,2026-07-29,ok,0
osm_tourist_retail,dist-28079-18,district,2019-02,0,index,ohsome,2019-02-28,,2026-07-29,ok,0
osm_tourist_retail,dist-28079-18,district,2019-03,0,index,ohsome,2019-03-31,,2026-07-29,ok,0
osm_tourist_retail,dist-28079-18,district,2019-04,0,index,ohsome,2019-04-30,,2026-07-29,ok,0
osm_tourist_retail,dist-28079-18,district,2019-05,0,index,ohsome,2019-05-31,,2026-07-29,ok,0
osm_tourist_retail,dist-28079-18,district,2019-06,0,index,ohsome,2019-06-30,,2026-07-29,ok,0
osm_tourist_retail,dist-28079-18,district,2019-07,0,index,ohsome,2019-07-31,,2026-07-29,ok,0
osm_tourist_retail,dist-28079-18,district,2019-08,0,index,ohsome,2019-08-31,,2026-07-29,ok,0
osm_tourist_retail,dist-28079-18,district,2019-09,0,index,ohsome,2019-09-30,,2026-07-29,ok,0
osm_tourist_retail,dist-28079-18,district,2019-10,0,index,ohsome,2019-10-31,,2026-07-29,ok,0
osm_tourist_retail,dist-28079-18,district,2019-11,0,index,ohsome,2019-11-30,,2026-07-29,ok,0
osm_tourist_retail,dist-28079-18,district,2019-12,0,index,ohsome,2019-12-31,,2026-07-29,ok,0
osm_tourist_retail,dist-28079-18,district,2020-01,0,index,ohsome,2020-01-31,,2026-07-29,ok,0
osm_tourist_retail,dist-28079-18,district,2020-02,0,index,ohsome,2020-02-29,,2026-07-29,ok,0
osm_tourist_retail,dist-28079-18,district,2020-03,0,index,ohsome,2020-03-31,,2026-07-29,ok,0
osm_tourist_retail,dist-28079-18,district,2020-04,0,index,ohsome,2020-04-30,,2026-07-29,ok,0
osm_tourist_retail,dist-28079-18,district,2020-05,0,index,ohsome,2020-05-31,,2026-07-29,ok,0
osm_tourist_retail,dist-28079-18,district,2020-06,0,index,ohsome,2020-06-30,,2026-07-29,ok,0
osm_tourist_retail,dist-28079-18,district,2020-07,0,index,ohsome,2020-07-31,,2026-07-29,ok,0
osm_tourist_retail,dist-28079-18,district,2020-08,0,index,ohsome,2020-08-31,,2026-07-29,ok,0
osm_tourist_retail,dist-28079-18,district,2020-09,0,index,ohsome,2020-09-30,,2026-07-29,ok,0
osm_tourist_retail,dist-28079-18,district,2020-10,0,index,ohsome,2020-10-31,,2026-07-29,ok,0
osm_tourist_retail,dist-28079-18,district,2020-11,0,index,ohsome,2020-11-30,,2026-07-29,ok,0
osm_tourist_retail,dist-28079-18,district,2020-12,0,index,ohsome,2020-12-31,,2026-07-29,ok,0
osm_tourist_retail,dist-28079-18,district,2021-01,0,index,ohsome,2021-01-31,,2026-07-29,ok,0
osm_tourist_retail,dist-28079-18,district,2021-02,0,index,ohsome,2021-02-28,,2026-07-29,ok,0
osm_tourist_retail,dist-28079-18,district,2021-03,0,index,ohsome,2021-03-31,,2026-07-29,ok,0
osm_tourist_retail,dist-28079-18,district,2021-04,0,index,ohsome,2021-04-30,,2026-07-29,ok,0
osm_tourist_retail,dist-28079-18,district,2021-05,0,index,ohsome,2021-05-31,,2026-07-29,ok,0
osm_tourist_retail,dist-28079-18,district,2021-06,0,index,ohsome,2021-06-30,,2026-07-29,ok,0
osm_tourist_retail,dist-28079-18,district,2021-07,0,index,ohsome,2021-07-31,,2026-07-29,ok,0
osm_tourist_retail,dist-28079-18,district,2021-08,0,index,ohsome,2021-08-31,,2026-07-29,ok,0
osm_tourist_retail,dist-28079-18,district,2021-09,0,index,ohsome,2021-09-30,,2026-07-29,ok,0
osm_tourist_retail,dist-28079-18,district,2021-10,0,index,ohsome,2021-10-31,,2026-07-29,ok,0
osm_tourist_retail,dist-28079-18,district,2021-11,0,index,ohsome,2021-11-30,,2026-07-29,ok,0
osm_tourist_retail,dist-28079-18,district,2021-12,0,index,ohsome,2021-12-31,,2026-07-29,ok,0
osm_tourist_retail,dist-28079-18,district,2022-01,0,index,ohsome,2022-01-31,,2026-07-29,ok,0
osm_tourist_retail,dist-28079-18,district,2022-02,0,index,ohsome,2022-02-28,,2026-07-29,ok,0
osm_tourist_retail,dist-28079-18,district,2022-03,0,index,ohsome,2022-03-31,,2026-07-29,ok,0
osm_tourist_retail,dist-28079-18,district,2022-04,0,index,ohsome,2022-04-30,,2026-07-29,ok,0
osm_tourist_retail,dist-28079-18,district,2022-05,0,index,ohsome,2022-05-31,,2026-07-29,ok,0
osm_tourist_retail,dist-28079-18,district,2022-06,0,index,ohsome,2022-06-30,,2026-07-29,ok,0
osm_tourist_retail,dist-28079-18,district,2022-07,0,index,ohsome,2022-07-31,,2026-07-29,ok,0
osm_tourist_retail,dist-28079-18,district,2022-08,0,index,ohsome,2022-08-31,,2026-07-29,ok,0
osm_tourist_retail,dist-28079-18,district,2022-09,0,index,ohsome,2022-09-30,,2026-07-29,ok,0
osm_tourist_retail,dist-28079-18,district,2022-10,0,index,ohsome,2022-10-31,,2026-07-29,ok,0
osm_tourist_retail,dist-28079-18,district,2022-11,0,index,ohsome,2022-11-30,,2026-07-29,ok,0
osm_tourist_retail,dist-28079-18,district,2022-12,0,index,ohsome,2022-12-31,,2026-07-29,ok,0
osm_tourist_retail,dist-28079-18,district,2023-01,0,index,ohsome,2023-01-31,,2026-07-29,ok,0
osm_tourist_retail,dist-28079-18,district,2023-02,0,index,ohsome,2023-02-28,,2026-07-29,ok,0
osm_tourist_retail,dist-28079-18,district,2023-03,0,index,ohsome,2023-03-31,,2026-07-29,ok,0
osm_tourist_retail,dist-28079-18,district,2023-04,0,index,ohsome,2023-04-30,,2026-07-29,ok,0
osm_tourist_retail,dist-28079-18,district,2023-05,0,index,ohsome,2023-05-31,,2026-07-29,ok,0
osm_tourist_retail,dist-28079-18,district,2023-06,0,index,ohsome,2023-06-30,,2026-07-29,ok,0
osm_tourist_retail,dist-28079-18,district,2023-07,0,index,ohsome,2023-07-31,,2026-07-29,ok,0
osm_tourist_retail,dist-28079-18,district,2023-08,0,index,ohsome,2023-08-31,,2026-07-29,ok,0
osm_tourist_retail,dist-28079-18,district,2023-09,0,index,ohsome,2023-09-30,,2026-07-29,ok,0
osm_tourist_retail,dist-28079-18,district,2023-10,0,index,ohsome,2023-10-31,,2026-07-29,ok,0
osm_tourist_retail,dist-28079-18,district,2023-11,0,index,ohsome,2023-11-30,,2026-07-29,ok,0
osm_tourist_retail,dist-28079-18,district,2023-12,0,index,ohsome,2023-12-31,,2026-07-29,ok,0
osm_tourist_retail,dist-28079-18,district,2024-01,0,index,ohsome,2024-01-31,,2026-07-29,ok,0
osm_tourist_retail,dist-28079-18,district,2024-02,0,index,ohsome,2024-02-29,,2026-07-29,ok,0
osm_tourist_retail,dist-28079-18,district,2024-03,0,index,ohsome,2024-03-31,,2026-07-29,ok,0
osm_tourist_retail,dist-28079-18,district,2024-04,0,index,ohsome,2024-04-30,,2026-07-29,ok,0
osm_tourist_retail,dist-28079-18,district,2024-05,0,index,ohsome,2024-05-31,,2026-07-29,ok,0
osm_tourist_retail,dist-28079-18,district,2024-06,0,index,ohsome,2024-06-30,,2026-07-29,ok,0
osm_tourist_retail,dist-28079-18,district,2024-07,0,index,ohsome,2024-07-31,,2026-07-29,ok,0
osm_tourist_retail,dist-28079-18,district,2024-08,0,index,ohsome,2024-08-31,,2026-07-29,ok,0
osm_tourist_retail,dist-28079-18,district,2024-09,0,index,ohsome,2024-09-30,,2026-07-29,ok,0
osm_tourist_retail,dist-28079-18,district,2024-10,0,index,ohsome,2024-10-31,,2026-07-29,ok,0
osm_tourist_retail,dist-28079-18,district,2024-11,0,index,ohsome,2024-11-30,,2026-07-29,ok,0
osm_tourist_retail,dist-28079-18,district,2024-12,0,index,ohsome,2024-12-31,,2026-07-29,ok,0
osm_tourist_retail,dist-28079-18,district,2025-01,0,index,ohsome,2025-01-31,,2026-07-29,ok,0
osm_tourist_retail,dist-28079-18,district,2025-02,0,index,ohsome,2025-02-28,,2026-07-29,ok,0
osm_tourist_retail,dist-28079-18,district,2025-03,0,index,ohsome,2025-03-31,,2026-07-29,ok,0
osm_tourist_retail,dist-28079-18,district,2025-04,0,index,ohsome,2025-04-30,,2026-07-29,ok,0
osm_tourist_retail,dist-28079-18,district,2025-05,0,index,ohsome,2025-05-31,,2026-07-29,ok,0
osm_tourist_retail,dist-28079-18,district,2025-06,0,index,ohsome,2025-06-30,,2026-07-29,ok,0
osm_tourist_retail,dist-28079-18,district,2025-07,0,index,ohsome,2025-07-31,,2026-07-29,ok,0
osm_tourist_retail,dist-28079-18,district,2025-08,0,index,ohsome,2025-08-31,,2026-07-29,ok,0
osm_tourist_retail,dist-28079-18,district,2025-09,0,index,ohsome,2025-09-30,,2026-07-29,ok,0
osm_tourist_retail,dist-28079-18,district,2025-10,0,index,ohsome,2025-10-31,,2026-07-29,ok,0
osm_tourist_retail,dist-28079-18,district,2025-11,0,index,ohsome,2025-11-30,,2026-07-29,ok,0
osm_tourist_retail,dist-28079-18,district,2025-12,0,index,ohsome,2025-12-31,,2026-07-29,ok,0
osm_tourist_retail,dist-28079-18,district,2026-01,0,index,ohsome,2026-01-31,,2026-07-29,ok,0
osm_tourist_retail,dist-28079-18,district,2026-02,0,index,ohsome,2026-02-28,,2026-07-29,ok,0
osm_tourist_retail,dist-28079-18,district,2026-03,0,index,ohsome,2026-03-31,,2026-07-29,ok,0
osm_tourist_retail,dist-28079-18,district,2026-04,0,index,ohsome,2026-04-30,,2026-07-29,ok,0
osm_tourist_retail,dist-28079-18,district,2026-05,0,index,ohsome,2026-05-31,,2026-07-29,ok,0
osm_tourist_retail,dist-28079-18,district,2026-06,0,index,ohsome,2026-06-30,,2026-07-29,ok,0
osm_tourist_retail,dist-28079-19,district,2019-01,1.887,index,ohsome,2019-01-31,,2026-07-29,ok,0
osm_tourist_retail,dist-28079-19,district,2019-02,1.835,index,ohsome,2019-02-28,,2026-07-29,ok,0
osm_tourist_retail,dist-28079-19,district,2019-03,1.802,index,ohsome,2019-03-31,,2026-07-29,ok,0
osm_tourist_retail,dist-28079-19,district,2019-04,1.802,index,ohsome,2019-04-30,,2026-07-29,ok,0
osm_tourist_retail,dist-28079-19,district,2019-05,1.802,index,ohsome,2019-05-31,,2026-07-29,ok,0
osm_tourist_retail,dist-28079-19,district,2019-06,1.802,index,ohsome,2019-06-30,,2026-07-29,ok,0
osm_tourist_retail,dist-28079-19,district,2019-07,1.802,index,ohsome,2019-07-31,,2026-07-29,ok,0
osm_tourist_retail,dist-28079-19,district,2019-08,2.679,index,ohsome,2019-08-31,,2026-07-29,ok,0
osm_tourist_retail,dist-28079-19,district,2019-09,2.679,index,ohsome,2019-09-30,,2026-07-29,ok,0
osm_tourist_retail,dist-28079-19,district,2019-10,2.679,index,ohsome,2019-10-31,,2026-07-29,ok,0
osm_tourist_retail,dist-28079-19,district,2019-11,2.679,index,ohsome,2019-11-30,,2026-07-29,ok,0
osm_tourist_retail,dist-28079-19,district,2019-12,2.679,index,ohsome,2019-12-31,,2026-07-29,ok,0
osm_tourist_retail,dist-28079-19,district,2020-01,2.679,index,ohsome,2020-01-31,,2026-07-29,ok,0
osm_tourist_retail,dist-28079-19,district,2020-02,2.679,index,ohsome,2020-02-29,,2026-07-29,ok,0
osm_tourist_retail,dist-28079-19,district,2020-03,2.679,index,ohsome,2020-03-31,,2026-07-29,ok,0
osm_tourist_retail,dist-28079-19,district,2020-04,2.679,index,ohsome,2020-04-30,,2026-07-29,ok,0
osm_tourist_retail,dist-28079-19,district,2020-05,2.679,index,ohsome,2020-05-31,,2026-07-29,ok,0
osm_tourist_retail,dist-28079-19,district,2020-06,2.679,index,ohsome,2020-06-30,,2026-07-29,ok,0
osm_tourist_retail,dist-28079-19,district,2020-07,2.679,index,ohsome,2020-07-31,,2026-07-29,ok,0
osm_tourist_retail,dist-28079-19,district,2020-08,2.655,index,ohsome,2020-08-31,,2026-07-29,ok,0
osm_tourist_retail,dist-28079-19,district,2020-09,2.655,index,ohsome,2020-09-30,,2026-07-29,ok,0
osm_tourist_retail,dist-28079-19,district,2020-10,2.655,index,ohsome,2020-10-31,,2026-07-29,ok,0
osm_tourist_retail,dist-28079-19,district,2020-11,2.655,index,ohsome,2020-11-30,,2026-07-29,ok,0
osm_tourist_retail,dist-28079-19,district,2020-12,2.655,index,ohsome,2020-12-31,,2026-07-29,ok,0
osm_tourist_retail,dist-28079-19,district,2021-01,2.655,index,ohsome,2021-01-31,,2026-07-29,ok,0
osm_tourist_retail,dist-28079-19,district,2021-02,2.655,index,ohsome,2021-02-28,,2026-07-29,ok,0
osm_tourist_retail,dist-28079-19,district,2021-03,2.655,index,ohsome,2021-03-31,,2026-07-29,ok,0
osm_tourist_retail,dist-28079-19,district,2021-04,2.609,index,ohsome,2021-04-30,,2026-07-29,ok,0
osm_tourist_retail,dist-28079-19,district,2021-05,2.609,index,ohsome,2021-05-31,,2026-07-29,ok,0
osm_tourist_retail,dist-28079-19,district,2021-06,2.609,index,ohsome,2021-06-30,,2026-07-29,ok,0
osm_tourist_retail,dist-28079-19,district,2021-07,2.609,index,ohsome,2021-07-31,,2026-07-29,ok,0
osm_tourist_retail,dist-28079-19,district,2021-08,2.609,index,ohsome,2021-08-31,,2026-07-29,ok,0
osm_tourist_retail,dist-28079-19,district,2021-09,2.586,index,ohsome,2021-09-30,,2026-07-29,ok,0
osm_tourist_retail,dist-28079-19,district,2021-10,2.564,index,ohsome,2021-10-31,,2026-07-29,ok,0
osm_tourist_retail,dist-28079-19,district,2021-11,2.564,index,ohsome,2021-11-30,,2026-07-29,ok,0
osm_tourist_retail,dist-28079-19,district,2021-12,2.564,index,ohsome,2021-12-31,,2026-07-29,ok,0
osm_tourist_retail,dist-28079-19,district,2022-01,2.564,index,ohsome,2022-01-31,,2026-07-29,ok,0
osm_tourist_retail,dist-28079-19,district,2022-02,2.542,index,ohsome,2022-02-28,,2026-07-29,ok,0
osm_tourist_retail,dist-28079-19,district,2022-03,2.542,index,ohsome,2022-03-31,,2026-07-29,ok,0
osm_tourist_retail,dist-28079-19,district,2022-04,2.521,index,ohsome,2022-04-30,,2026-07-29,ok,0
osm_tourist_retail,dist-28079-19,district,2022-05,2.521,index,ohsome,2022-05-31,,2026-07-29,ok,0
osm_tourist_retail,dist-28079-19,district,2022-06,2.5,index,ohsome,2022-06-30,,2026-07-29,ok,0
osm_tourist_retail,dist-28079-19,district,2022-07,2.5,index,ohsome,2022-07-31,,2026-07-29,ok,0
osm_tourist_retail,dist-28079-19,district,2022-08,2.5,index,ohsome,2022-08-31,,2026-07-29,ok,0
osm_tourist_retail,dist-28079-19,district,2022-09,2.5,index,ohsome,2022-09-30,,2026-07-29,ok,0
osm_tourist_retail,dist-28079-19,district,2022-10,2.479,index,ohsome,2022-10-31,,2026-07-29,ok,0
osm_tourist_retail,dist-28079-19,district,2022-11,2.479,index,ohsome,2022-11-30,,2026-07-29,ok,0
osm_tourist_retail,dist-28079-19,district,2022-12,2.479,index,ohsome,2022-12-31,,2026-07-29,ok,0
osm_tourist_retail,dist-28079-19,district,2023-01,2.479,index,ohsome,2023-01-31,,2026-07-29,ok,0
osm_tourist_retail,dist-28079-19,district,2023-02,2.459,index,ohsome,2023-02-28,,2026-07-29,ok,0
osm_tourist_retail,dist-28079-19,district,2023-03,2.419,index,ohsome,2023-03-31,,2026-07-29,ok,0
osm_tourist_retail,dist-28079-19,district,2023-04,2.419,index,ohsome,2023-04-30,,2026-07-29,ok,0
osm_tourist_retail,dist-28079-19,district,2023-05,2.4,index,ohsome,2023-05-31,,2026-07-29,ok,0
osm_tourist_retail,dist-28079-19,district,2023-06,2.4,index,ohsome,2023-06-30,,2026-07-29,ok,0
osm_tourist_retail,dist-28079-19,district,2023-07,2.419,index,ohsome,2023-07-31,,2026-07-29,ok,0
osm_tourist_retail,dist-28079-19,district,2023-08,2.419,index,ohsome,2023-08-31,,2026-07-29,ok,0
osm_tourist_retail,dist-28079-19,district,2023-09,2.4,index,ohsome,2023-09-30,,2026-07-29,ok,0
osm_tourist_retail,dist-28079-19,district,2023-10,2.4,index,ohsome,2023-10-31,,2026-07-29,ok,0
osm_tourist_retail,dist-28079-19,district,2023-11,2.4,index,ohsome,2023-11-30,,2026-07-29,ok,0
osm_tourist_retail,dist-28079-19,district,2023-12,2.362,index,ohsome,2023-12-31,,2026-07-29,ok,0
osm_tourist_retail,dist-28079-19,district,2024-01,2.308,index,ohsome,2024-01-31,,2026-07-29,ok,0
osm_tourist_retail,dist-28079-19,district,2024-02,2.308,index,ohsome,2024-02-29,,2026-07-29,ok,0
osm_tourist_retail,dist-28079-19,district,2024-03,2.308,index,ohsome,2024-03-31,,2026-07-29,ok,0
osm_tourist_retail,dist-28079-19,district,2024-04,2.308,index,ohsome,2024-04-30,,2026-07-29,ok,0
osm_tourist_retail,dist-28079-19,district,2024-05,2.29,index,ohsome,2024-05-31,,2026-07-29,ok,0
osm_tourist_retail,dist-28079-19,district,2024-06,2.29,index,ohsome,2024-06-30,,2026-07-29,ok,0
osm_tourist_retail,dist-28079-19,district,2024-07,2.29,index,ohsome,2024-07-31,,2026-07-29,ok,0
osm_tourist_retail,dist-28079-19,district,2024-08,2.29,index,ohsome,2024-08-31,,2026-07-29,ok,0
osm_tourist_retail,dist-28079-19,district,2024-09,2.29,index,ohsome,2024-09-30,,2026-07-29,ok,0
osm_tourist_retail,dist-28079-19,district,2024-10,2.29,index,ohsome,2024-10-31,,2026-07-29,ok,0
osm_tourist_retail,dist-28079-19,district,2024-11,2.29,index,ohsome,2024-11-30,,2026-07-29,ok,0
osm_tourist_retail,dist-28079-19,district,2024-12,2.326,index,ohsome,2024-12-31,,2026-07-29,ok,0
osm_tourist_retail,dist-28079-19,district,2025-01,2.326,index,ohsome,2025-01-31,,2026-07-29,ok,0
osm_tourist_retail,dist-28079-19,district,2025-02,2.308,index,ohsome,2025-02-28,,2026-07-29,ok,0
osm_tourist_retail,dist-28079-19,district,2025-03,2.308,index,ohsome,2025-03-31,,2026-07-29,ok,0
osm_tourist_retail,dist-28079-19,district,2025-04,2.308,index,ohsome,2025-04-30,,2026-07-29,ok,0
osm_tourist_retail,dist-28079-19,district,2025-05,2.308,index,ohsome,2025-05-31,,2026-07-29,ok,0
osm_tourist_retail,dist-28079-19,district,2025-06,2.308,index,ohsome,2025-06-30,,2026-07-29,ok,0
osm_tourist_retail,dist-28079-19,district,2025-07,2.308,index,ohsome,2025-07-31,,2026-07-29,ok,0
osm_tourist_retail,dist-28079-19,district,2025-08,2.308,index,ohsome,2025-08-31,,2026-07-29,ok,0
osm_tourist_retail,dist-28079-19,district,2025-09,2.308,index,ohsome,2025-09-30,,2026-07-29,ok,0
osm_tourist_retail,dist-28079-19,district,2025-10,2.29,index,ohsome,2025-10-31,,2026-07-29,ok,0
osm_tourist_retail,dist-28079-19,district,2025-11,2.222,index,ohsome,2025-11-30,,2026-07-29,ok,0
osm_tourist_retail,dist-28079-19,district,2025-12,2.206,index,ohsome,2025-12-31,,2026-07-29,ok,0
osm_tourist_retail,dist-28079-19,district,2026-01,2.206,index,ohsome,2026-01-31,,2026-07-29,ok,0
osm_tourist_retail,dist-28079-19,district,2026-02,2.206,index,ohsome,2026-02-28,,2026-07-29,ok,0
osm_tourist_retail,dist-28079-19,district,2026-03,2.222,index,ohsome,2026-03-31,,2026-07-29,ok,0
osm_tourist_retail,dist-28079-19,district,2026-04,2.222,index,ohsome,2026-04-30,,2026-07-29,ok,0
osm_tourist_retail,dist-28079-19,district,2026-05,2.206,index,ohsome,2026-05-31,,2026-07-29,ok,0
osm_tourist_retail,dist-28079-19,district,2026-06,2.206,index,ohsome,2026-06-30,,2026-07-29,ok,0
osm_tourist_retail,dist-28079-20,district,2019-01,3.226,index,ohsome,2019-01-31,,2026-07-29,ok,0
osm_tourist_retail,dist-28079-20,district,2019-02,3.226,index,ohsome,2019-02-28,,2026-07-29,ok,0
osm_tourist_retail,dist-28079-20,district,2019-03,3.226,index,ohsome,2019-03-31,,2026-07-29,ok,0
osm_tourist_retail,dist-28079-20,district,2019-04,3.226,index,ohsome,2019-04-30,,2026-07-29,ok,0
osm_tourist_retail,dist-28079-20,district,2019-05,3.871,index,ohsome,2019-05-31,,2026-07-29,ok,0
osm_tourist_retail,dist-28079-20,district,2019-06,3.226,index,ohsome,2019-06-30,,2026-07-29,ok,0
osm_tourist_retail,dist-28079-20,district,2019-07,3.226,index,ohsome,2019-07-31,,2026-07-29,ok,0
osm_tourist_retail,dist-28079-20,district,2019-08,3.846,index,ohsome,2019-08-31,,2026-07-29,ok,0
osm_tourist_retail,dist-28079-20,district,2019-09,3.846,index,ohsome,2019-09-30,,2026-07-29,ok,0
osm_tourist_retail,dist-28079-20,district,2019-10,3.846,index,ohsome,2019-10-31,,2026-07-29,ok,0
osm_tourist_retail,dist-28079-20,district,2019-11,3.846,index,ohsome,2019-11-30,,2026-07-29,ok,0
osm_tourist_retail,dist-28079-20,district,2019-12,3.846,index,ohsome,2019-12-31,,2026-07-29,ok,0
osm_tourist_retail,dist-28079-20,district,2020-01,3.846,index,ohsome,2020-01-31,,2026-07-29,ok,0
osm_tourist_retail,dist-28079-20,district,2020-02,3.846,index,ohsome,2020-02-29,,2026-07-29,ok,0
osm_tourist_retail,dist-28079-20,district,2020-03,3.846,index,ohsome,2020-03-31,,2026-07-29,ok,0
osm_tourist_retail,dist-28079-20,district,2020-04,3.846,index,ohsome,2020-04-30,,2026-07-29,ok,0
osm_tourist_retail,dist-28079-20,district,2020-05,3.846,index,ohsome,2020-05-31,,2026-07-29,ok,0
osm_tourist_retail,dist-28079-20,district,2020-06,3.846,index,ohsome,2020-06-30,,2026-07-29,ok,0
osm_tourist_retail,dist-28079-20,district,2020-07,3.846,index,ohsome,2020-07-31,,2026-07-29,ok,0
osm_tourist_retail,dist-28079-20,district,2020-08,3.846,index,ohsome,2020-08-31,,2026-07-29,ok,0
osm_tourist_retail,dist-28079-20,district,2020-09,3.846,index,ohsome,2020-09-30,,2026-07-29,ok,0
osm_tourist_retail,dist-28079-20,district,2020-10,3.846,index,ohsome,2020-10-31,,2026-07-29,ok,0
osm_tourist_retail,dist-28079-20,district,2020-11,3.846,index,ohsome,2020-11-30,,2026-07-29,ok,0
osm_tourist_retail,dist-28079-20,district,2020-12,3.846,index,ohsome,2020-12-31,,2026-07-29,ok,0
osm_tourist_retail,dist-28079-20,district,2021-01,3.846,index,ohsome,2021-01-31,,2026-07-29,ok,0
osm_tourist_retail,dist-28079-20,district,2021-02,3.846,index,ohsome,2021-02-28,,2026-07-29,ok,0
osm_tourist_retail,dist-28079-20,district,2021-03,3.846,index,ohsome,2021-03-31,,2026-07-29,ok,0
osm_tourist_retail,dist-28079-20,district,2021-04,3.822,index,ohsome,2021-04-30,,2026-07-29,ok,0
osm_tourist_retail,dist-28079-20,district,2021-05,3.822,index,ohsome,2021-05-31,,2026-07-29,ok,0
osm_tourist_retail,dist-28079-20,district,2021-06,3.822,index,ohsome,2021-06-30,,2026-07-29,ok,0
osm_tourist_retail,dist-28079-20,district,2021-07,3.822,index,ohsome,2021-07-31,,2026-07-29,ok,0
osm_tourist_retail,dist-28079-20,district,2021-08,3.822,index,ohsome,2021-08-31,,2026-07-29,ok,0
osm_tourist_retail,dist-28079-20,district,2021-09,3.846,index,ohsome,2021-09-30,,2026-07-29,ok,0
osm_tourist_retail,dist-28079-20,district,2021-10,3.822,index,ohsome,2021-10-31,,2026-07-29,ok,0
osm_tourist_retail,dist-28079-20,district,2021-11,3.822,index,ohsome,2021-11-30,,2026-07-29,ok,0
osm_tourist_retail,dist-28079-20,district,2021-12,3.797,index,ohsome,2021-12-31,,2026-07-29,ok,0
osm_tourist_retail,dist-28079-20,district,2022-01,3.75,index,ohsome,2022-01-31,,2026-07-29,ok,0
osm_tourist_retail,dist-28079-20,district,2022-02,3.75,index,ohsome,2022-02-28,,2026-07-29,ok,0
osm_tourist_retail,dist-28079-20,district,2022-03,3.75,index,ohsome,2022-03-31,,2026-07-29,ok,0
osm_tourist_retail,dist-28079-20,district,2022-04,3.75,index,ohsome,2022-04-30,,2026-07-29,ok,0
osm_tourist_retail,dist-28079-20,district,2022-05,3.75,index,ohsome,2022-05-31,,2026-07-29,ok,0
osm_tourist_retail,dist-28079-20,district,2022-06,3.75,index,ohsome,2022-06-30,,2026-07-29,ok,0
osm_tourist_retail,dist-28079-20,district,2022-07,3.75,index,ohsome,2022-07-31,,2026-07-29,ok,0
osm_tourist_retail,dist-28079-20,district,2022-08,3.75,index,ohsome,2022-08-31,,2026-07-29,ok,0
osm_tourist_retail,dist-28079-20,district,2022-09,3.75,index,ohsome,2022-09-30,,2026-07-29,ok,0
osm_tourist_retail,dist-28079-20,district,2022-10,3.75,index,ohsome,2022-10-31,,2026-07-29,ok,0
osm_tourist_retail,dist-28079-20,district,2022-11,3.75,index,ohsome,2022-11-30,,2026-07-29,ok,0
osm_tourist_retail,dist-28079-20,district,2022-12,3.727,index,ohsome,2022-12-31,,2026-07-29,ok,0
osm_tourist_retail,dist-28079-20,district,2023-01,3.727,index,ohsome,2023-01-31,,2026-07-29,ok,0
osm_tourist_retail,dist-28079-20,district,2023-02,3.727,index,ohsome,2023-02-28,,2026-07-29,ok,0
osm_tourist_retail,dist-28079-20,district,2023-03,3.704,index,ohsome,2023-03-31,,2026-07-29,ok,0
osm_tourist_retail,dist-28079-20,district,2023-04,3.704,index,ohsome,2023-04-30,,2026-07-29,ok,0
osm_tourist_retail,dist-28079-20,district,2023-05,3.681,index,ohsome,2023-05-31,,2026-07-29,ok,0
osm_tourist_retail,dist-28079-20,district,2023-06,3.681,index,ohsome,2023-06-30,,2026-07-29,ok,0
osm_tourist_retail,dist-28079-20,district,2023-07,3.681,index,ohsome,2023-07-31,,2026-07-29,ok,0
osm_tourist_retail,dist-28079-20,district,2023-08,3.681,index,ohsome,2023-08-31,,2026-07-29,ok,0
osm_tourist_retail,dist-28079-20,district,2023-09,3.681,index,ohsome,2023-09-30,,2026-07-29,ok,0
osm_tourist_retail,dist-28079-20,district,2023-10,3.681,index,ohsome,2023-10-31,,2026-07-29,ok,0
osm_tourist_retail,dist-28079-20,district,2023-11,3.704,index,ohsome,2023-11-30,,2026-07-29,ok,0
osm_tourist_retail,dist-28079-20,district,2023-12,3.704,index,ohsome,2023-12-31,,2026-07-29,ok,0
osm_tourist_retail,dist-28079-20,district,2024-01,3.704,index,ohsome,2024-01-31,,2026-07-29,ok,0
osm_tourist_retail,dist-28079-20,district,2024-02,3.704,index,ohsome,2024-02-29,,2026-07-29,ok,0
osm_tourist_retail,dist-28079-20,district,2024-03,3.704,index,ohsome,2024-03-31,,2026-07-29,ok,0
osm_tourist_retail,dist-28079-20,district,2024-04,3.704,index,ohsome,2024-04-30,,2026-07-29,ok,0
osm_tourist_retail,dist-28079-20,district,2024-05,3.704,index,ohsome,2024-05-31,,2026-07-29,ok,0
osm_tourist_retail,dist-28079-20,district,2024-06,3.704,index,ohsome,2024-06-30,,2026-07-29,ok,0
osm_tourist_retail,dist-28079-20,district,2024-07,3.704,index,ohsome,2024-07-31,,2026-07-29,ok,0
osm_tourist_retail,dist-28079-20,district,2024-08,3.704,index,ohsome,2024-08-31,,2026-07-29,ok,0
osm_tourist_retail,dist-28079-20,district,2024-09,3.727,index,ohsome,2024-09-30,,2026-07-29,ok,0
osm_tourist_retail,dist-28079-20,district,2024-10,3.727,index,ohsome,2024-10-31,,2026-07-29,ok,0
osm_tourist_retail,dist-28079-20,district,2024-11,3.727,index,ohsome,2024-11-30,,2026-07-29,ok,0
osm_tourist_retail,dist-28079-20,district,2024-12,3.774,index,ohsome,2024-12-31,,2026-07-29,ok,0
osm_tourist_retail,dist-28079-20,district,2025-01,3.774,index,ohsome,2025-01-31,,2026-07-29,ok,0
osm_tourist_retail,dist-28079-20,district,2025-02,3.774,index,ohsome,2025-02-28,,2026-07-29,ok,0
osm_tourist_retail,dist-28079-20,district,2025-03,3.75,index,ohsome,2025-03-31,,2026-07-29,ok,0
osm_tourist_retail,dist-28079-20,district,2025-04,3.75,index,ohsome,2025-04-30,,2026-07-29,ok,0
osm_tourist_retail,dist-28079-20,district,2025-05,3.75,index,ohsome,2025-05-31,,2026-07-29,ok,0
osm_tourist_retail,dist-28079-20,district,2025-06,3.75,index,ohsome,2025-06-30,,2026-07-29,ok,0
osm_tourist_retail,dist-28079-20,district,2025-07,3.75,index,ohsome,2025-07-31,,2026-07-29,ok,0
osm_tourist_retail,dist-28079-20,district,2025-08,3.75,index,ohsome,2025-08-31,,2026-07-29,ok,0
osm_tourist_retail,dist-28079-20,district,2025-09,3.75,index,ohsome,2025-09-30,,2026-07-29,ok,0
osm_tourist_retail,dist-28079-20,district,2025-10,3.727,index,ohsome,2025-10-31,,2026-07-29,ok,0
osm_tourist_retail,dist-28079-20,district,2025-11,3.659,index,ohsome,2025-11-30,,2026-07-29,ok,0
osm_tourist_retail,dist-28079-20,district,2025-12,3.614,index,ohsome,2025-12-31,,2026-07-29,ok,0
osm_tourist_retail,dist-28079-20,district,2026-01,3.614,index,ohsome,2026-01-31,,2026-07-29,ok,0
osm_tourist_retail,dist-28079-20,district,2026-02,3.614,index,ohsome,2026-02-28,,2026-07-29,ok,0
osm_tourist_retail,dist-28079-20,district,2026-03,3.614,index,ohsome,2026-03-31,,2026-07-29,ok,0
osm_tourist_retail,dist-28079-20,district,2026-04,3.614,index,ohsome,2026-04-30,,2026-07-29,ok,0
osm_tourist_retail,dist-28079-20,district,2026-05,3.593,index,ohsome,2026-05-31,,2026-07-29,ok,0
osm_tourist_retail,dist-28079-20,district,2026-06,3.593,index,ohsome,2026-06-30,,2026-07-29,ok,0
osm_tourist_retail,dist-28079-21,district,2019-01,33.333,index,ohsome,2019-01-31,,2026-07-29,ok,0
osm_tourist_retail,dist-28079-21,district,2019-02,33.333,index,ohsome,2019-02-28,,2026-07-29,ok,0
osm_tourist_retail,dist-28079-21,district,2019-03,33.333,index,ohsome,2019-03-31,,2026-07-29,ok,0
osm_tourist_retail,dist-28079-21,district,2019-04,33.333,index,ohsome,2019-04-30,,2026-07-29,ok,0
osm_tourist_retail,dist-28079-21,district,2019-05,33.333,index,ohsome,2019-05-31,,2026-07-29,ok,0
osm_tourist_retail,dist-28079-21,district,2019-06,31.25,index,ohsome,2019-06-30,,2026-07-29,ok,0
osm_tourist_retail,dist-28079-21,district,2019-07,31.25,index,ohsome,2019-07-31,,2026-07-29,ok,0
osm_tourist_retail,dist-28079-21,district,2019-08,31.25,index,ohsome,2019-08-31,,2026-07-29,ok,0
osm_tourist_retail,dist-28079-21,district,2019-09,21.875,index,ohsome,2019-09-30,,2026-07-29,ok,0
osm_tourist_retail,dist-28079-21,district,2019-10,21.875,index,ohsome,2019-10-31,,2026-07-29,ok,0
osm_tourist_retail,dist-28079-21,district,2019-11,21.875,index,ohsome,2019-11-30,,2026-07-29,ok,0
osm_tourist_retail,dist-28079-21,district,2019-12,21.875,index,ohsome,2019-12-31,,2026-07-29,ok,0
osm_tourist_retail,dist-28079-21,district,2020-01,21.875,index,ohsome,2020-01-31,,2026-07-29,ok,0
osm_tourist_retail,dist-28079-21,district,2020-02,21.875,index,ohsome,2020-02-29,,2026-07-29,ok,0
osm_tourist_retail,dist-28079-21,district,2020-03,21.875,index,ohsome,2020-03-31,,2026-07-29,ok,0
osm_tourist_retail,dist-28079-21,district,2020-04,21.875,index,ohsome,2020-04-30,,2026-07-29,ok,0
osm_tourist_retail,dist-28079-21,district,2020-05,21.875,index,ohsome,2020-05-31,,2026-07-29,ok,0
osm_tourist_retail,dist-28079-21,district,2020-06,21.875,index,ohsome,2020-06-30,,2026-07-29,ok,0
osm_tourist_retail,dist-28079-21,district,2020-07,21.875,index,ohsome,2020-07-31,,2026-07-29,ok,0
osm_tourist_retail,dist-28079-21,district,2020-08,21.875,index,ohsome,2020-08-31,,2026-07-29,ok,0
osm_tourist_retail,dist-28079-21,district,2020-09,20,index,ohsome,2020-09-30,,2026-07-29,ok,0
osm_tourist_retail,dist-28079-21,district,2020-10,19.444,index,ohsome,2020-10-31,,2026-07-29,ok,0
osm_tourist_retail,dist-28079-21,district,2020-11,16.667,index,ohsome,2020-11-30,,2026-07-29,ok,0
osm_tourist_retail,dist-28079-21,district,2020-12,16.667,index,ohsome,2020-12-31,,2026-07-29,ok,0
osm_tourist_retail,dist-28079-21,district,2021-01,16.216,index,ohsome,2021-01-31,,2026-07-29,ok,0
osm_tourist_retail,dist-28079-21,district,2021-02,16.216,index,ohsome,2021-02-28,,2026-07-29,ok,0
osm_tourist_retail,dist-28079-21,district,2021-03,16.216,index,ohsome,2021-03-31,,2026-07-29,ok,0
osm_tourist_retail,dist-28079-21,district,2021-04,16.216,index,ohsome,2021-04-30,,2026-07-29,ok,0
osm_tourist_retail,dist-28079-21,district,2021-05,16.216,index,ohsome,2021-05-31,,2026-07-29,ok,0
osm_tourist_retail,dist-28079-21,district,2021-06,16.216,index,ohsome,2021-06-30,,2026-07-29,ok,0
osm_tourist_retail,dist-28079-21,district,2021-07,16.216,index,ohsome,2021-07-31,,2026-07-29,ok,0
osm_tourist_retail,dist-28079-21,district,2021-08,15.385,index,ohsome,2021-08-31,,2026-07-29,ok,0
osm_tourist_retail,dist-28079-21,district,2021-09,15.385,index,ohsome,2021-09-30,,2026-07-29,ok,0
osm_tourist_retail,dist-28079-21,district,2021-10,15,index,ohsome,2021-10-31,,2026-07-29,ok,0
osm_tourist_retail,dist-28079-21,district,2021-11,17.5,index,ohsome,2021-11-30,,2026-07-29,ok,0
osm_tourist_retail,dist-28079-21,district,2021-12,17.5,index,ohsome,2021-12-31,,2026-07-29,ok,0
osm_tourist_retail,dist-28079-21,district,2022-01,17.5,index,ohsome,2022-01-31,,2026-07-29,ok,0
osm_tourist_retail,dist-28079-21,district,2022-02,17.073,index,ohsome,2022-02-28,,2026-07-29,ok,0
osm_tourist_retail,dist-28079-21,district,2022-03,17.073,index,ohsome,2022-03-31,,2026-07-29,ok,0
osm_tourist_retail,dist-28079-21,district,2022-04,17.073,index,ohsome,2022-04-30,,2026-07-29,ok,0
osm_tourist_retail,dist-28079-21,district,2022-05,16.667,index,ohsome,2022-05-31,,2026-07-29,ok,0
osm_tourist_retail,dist-28079-21,district,2022-06,16.667,index,ohsome,2022-06-30,,2026-07-29,ok,0
osm_tourist_retail,dist-28079-21,district,2022-07,16.667,index,ohsome,2022-07-31,,2026-07-29,ok,0
osm_tourist_retail,dist-28079-21,district,2022-08,16.667,index,ohsome,2022-08-31,,2026-07-29,ok,0
osm_tourist_retail,dist-28079-21,district,2022-09,16.667,index,ohsome,2022-09-30,,2026-07-29,ok,0
osm_tourist_retail,dist-28079-21,district,2022-10,16.667,index,ohsome,2022-10-31,,2026-07-29,ok,0
osm_tourist_retail,dist-28079-21,district,2022-11,16.667,index,ohsome,2022-11-30,,2026-07-29,ok,0
osm_tourist_retail,dist-28079-21,district,2022-12,16.667,index,ohsome,2022-12-31,,2026-07-29,ok,0
osm_tourist_retail,dist-28079-21,district,2023-01,16.667,index,ohsome,2023-01-31,,2026-07-29,ok,0
osm_tourist_retail,dist-28079-21,district,2023-02,16.667,index,ohsome,2023-02-28,,2026-07-29,ok,0
osm_tourist_retail,dist-28079-21,district,2023-03,16.667,index,ohsome,2023-03-31,,2026-07-29,ok,0
osm_tourist_retail,dist-28079-21,district,2023-04,16.667,index,ohsome,2023-04-30,,2026-07-29,ok,0
osm_tourist_retail,dist-28079-21,district,2023-05,19.512,index,ohsome,2023-05-31,,2026-07-29,ok,0
osm_tourist_retail,dist-28079-21,district,2023-06,19.512,index,ohsome,2023-06-30,,2026-07-29,ok,0
osm_tourist_retail,dist-28079-21,district,2023-07,19.512,index,ohsome,2023-07-31,,2026-07-29,ok,0
osm_tourist_retail,dist-28079-21,district,2023-08,19.512,index,ohsome,2023-08-31,,2026-07-29,ok,0
osm_tourist_retail,dist-28079-21,district,2023-09,19.048,index,ohsome,2023-09-30,,2026-07-29,ok,0
osm_tourist_retail,dist-28079-21,district,2023-10,19.048,index,ohsome,2023-10-31,,2026-07-29,ok,0
osm_tourist_retail,dist-28079-21,district,2023-11,19.048,index,ohsome,2023-11-30,,2026-07-29,ok,0
osm_tourist_retail,dist-28079-21,district,2023-12,19.048,index,ohsome,2023-12-31,,2026-07-29,ok,0
osm_tourist_retail,dist-28079-21,district,2024-01,19.048,index,ohsome,2024-01-31,,2026-07-29,ok,0
osm_tourist_retail,dist-28079-21,district,2024-02,19.048,index,ohsome,2024-02-29,,2026-07-29,ok,0
osm_tourist_retail,dist-28079-21,district,2024-03,19.048,index,ohsome,2024-03-31,,2026-07-29,ok,0
osm_tourist_retail,dist-28079-21,district,2024-04,19.048,index,ohsome,2024-04-30,,2026-07-29,ok,0
osm_tourist_retail,dist-28079-21,district,2024-05,19.048,index,ohsome,2024-05-31,,2026-07-29,ok,0
osm_tourist_retail,dist-28079-21,district,2024-06,19.048,index,ohsome,2024-06-30,,2026-07-29,ok,0
osm_tourist_retail,dist-28079-21,district,2024-07,19.048,index,ohsome,2024-07-31,,2026-07-29,ok,0
osm_tourist_retail,dist-28079-21,district,2024-08,19.048,index,ohsome,2024-08-31,,2026-07-29,ok,0
osm_tourist_retail,dist-28079-21,district,2024-09,19.048,index,ohsome,2024-09-30,,2026-07-29,ok,0
osm_tourist_retail,dist-28079-21,district,2024-10,19.048,index,ohsome,2024-10-31,,2026-07-29,ok,0
osm_tourist_retail,dist-28079-21,district,2024-11,19.048,index,ohsome,2024-11-30,,2026-07-29,ok,0
osm_tourist_retail,dist-28079-21,district,2024-12,19.048,index,ohsome,2024-12-31,,2026-07-29,ok,0
osm_tourist_retail,dist-28079-21,district,2025-01,17.778,index,ohsome,2025-01-31,,2026-07-29,ok,0
osm_tourist_retail,dist-28079-21,district,2025-02,18.182,index,ohsome,2025-02-28,,2026-07-29,ok,0
osm_tourist_retail,dist-28079-21,district,2025-03,26.667,index,ohsome,2025-03-31,,2026-07-29,ok,0
osm_tourist_retail,dist-28079-21,district,2025-04,26.667,index,ohsome,2025-04-30,,2026-07-29,ok,0
osm_tourist_retail,dist-28079-21,district,2025-05,26.667,index,ohsome,2025-05-31,,2026-07-29,ok,0
osm_tourist_retail,dist-28079-21,district,2025-06,26.667,index,ohsome,2025-06-30,,2026-07-29,ok,0
osm_tourist_retail,dist-28079-21,district,2025-07,26.667,index,ohsome,2025-07-31,,2026-07-29,ok,0
osm_tourist_retail,dist-28079-21,district,2025-08,26.667,index,ohsome,2025-08-31,,2026-07-29,ok,0
osm_tourist_retail,dist-28079-21,district,2025-09,26.667,index,ohsome,2025-09-30,,2026-07-29,ok,0
osm_tourist_retail,dist-28079-21,district,2025-10,26.087,index,ohsome,2025-10-31,,2026-07-29,ok,0
osm_tourist_retail,dist-28079-21,district,2025-11,26.087,index,ohsome,2025-11-30,,2026-07-29,ok,0
osm_tourist_retail,dist-28079-21,district,2025-12,26.087,index,ohsome,2025-12-31,,2026-07-29,ok,0
osm_tourist_retail,dist-28079-21,district,2026-01,26.087,index,ohsome,2026-01-31,,2026-07-29,ok,0
osm_tourist_retail,dist-28079-21,district,2026-02,26.087,index,ohsome,2026-02-28,,2026-07-29,ok,0
osm_tourist_retail,dist-28079-21,district,2026-03,26.087,index,ohsome,2026-03-31,,2026-07-29,ok,0
osm_tourist_retail,dist-28079-21,district,2026-04,26.087,index,ohsome,2026-04-30,,2026-07-29,ok,0
osm_tourist_retail,dist-28079-21,district,2026-05,26.087,index,ohsome,2026-05-31,,2026-07-29,ok,0
osm_tourist_retail,dist-28079-21,district,2026-06,26.087,index,ohsome,2026-06-30,,2026-07-29,ok,0
